Hash;Title;Link;Description;Category;KeyWords;Published;LastUpdated;Author;Source;Paywall
0d311802009c1d0d4678858ae154145b386eab2ae98a1c275d04bc9edd0bebd2;Nach Stationsschließungen: Kliniken sehen neue Belastungen;https://www.zeit.de/news/2026-07/31/nach-stationsschliessungen-kliniken-sehen-neue-belastungen;Hier finden Sie Informationen zu dem Thema „Lage der Krankenhäuser“. Lesen Sie jetzt „Nach Stationsschließungen: Kliniken sehen neue Belastungen“.;Lage der Krankenhäuser;News, Lage der Krankenhäuser, Ernst von Bergmann, Alexander Mommert, St. Josef, Potsdam, Stationsschließung, Klinik, Belastung, Krankenhausreform;2026-07-31T13:18:50+02:00;2026-07-31T13:18:50+02:00;;dpa Berlin/Brandenburg;false
f6490bb0c93b329a243a004ecdb5a4d6372bc4ef2d6bb17fdee98e5cddcd3e06;Frankreich und Italien verstärken ihre Grenzkontrollen;https://www.zeit.de/politik/ausland/2026-07/ceuta-migranten-spanien-frankreich-grenzkontrollen-laurent-nunez;Weil zehntausende Menschen nach Ceuta gelangt sind, sichern europäische Länder ihre Grenzen. Finnland fordert die EU auf, Italiens Beispiel zu folgen. ;Spanische Exklave Ceuta;Politik, Spanische Exklave Ceuta, Laurent Nuñez, Frankreich, Spanien, Ceuta, Italien, Exklave, Grenzkontrolle, Grenze;2026-07-31T13:16:51+02:00;2026-07-31T13:16:51+02:00;hell;DIE ZEIT,        AFP,        							hell;false
87a17c1752f0cee0d6c825cca0dffc67e3f5743ada590209f5183a8679f61527;Mähdrescher und Feld in Flammen - Hoher Schaden;https://www.zeit.de/news/2026-07/31/maehdrescher-und-feld-in-flammen-hoher-schaden;Hier finden Sie Informationen zu dem Thema „Brände“. Lesen Sie jetzt „Mähdrescher und Feld in Flammen - Hoher Schaden“.;Brände;News, Brände, Hoher Schaden, Polizei, Wartburgkreis, Brand;2026-07-31T13:14:46+02:00;2026-07-31T13:14:46+02:00;;dpa Thüringen;false
549faf23a5919856b87451b390e05006b8ff91afca1db1efa1b6bb1c6abc1b6c;37-Jähriger entkommt Erpresser mit Zettel-Trick;https://www.zeit.de/news/2026-07/31/37-jaehriger-entkommt-erpresser-mit-zettel-trick;Hier finden Sie Informationen zu dem Thema „Kriminalität im Allgäu“. Lesen Sie jetzt „37-Jähriger entkommt Erpresser mit Zettel-Trick“.;Kriminalität im Allgäu;News, Kriminalität im Allgäu, Allgäu, Kempten, Polizei, Hilferuf, Erpresser, Geld;2026-07-31T13:12:53+02:00;2026-07-31T13:12:53+02:00;;dpa Bayern;false
8685bb58e422de7e1e63f41a0b386944bb4e1f73e31a972cb7c2548d3b4258dc;Innenminister Jost: Elf Gefährder im Saarland;https://www.zeit.de/news/2026-07/31/innenminister-jost-elf-gefaehrder-im-saarland;Hier finden Sie Informationen zu dem Thema „Innenminister“. Lesen Sie jetzt „Innenminister Jost: Elf Gefährder im Saarland“.;Innenminister;News, Innenminister, Reinhold Jost, Saarland, Saarbrücken, Berlin, SPD, Christopher Street Day;2026-07-31T13:12:43+02:00;2026-07-31T13:12:43+02:00;;dpa Rheinland-Pfalz/Saarland;false
3551633504ae4651f1ba98df7f7a7a0062adee6b3dcc66589ec026f56382d2db;Wolfsburgs Fußballerinnen holen schwedisches Talent;https://www.zeit.de/news/2026-07/31/wolfsburgs-fussballerinnen-holen-schwedisches-talent;Hier finden Sie Informationen zu dem Thema „Frauen-Fußball“. Lesen Sie jetzt „Wolfsburgs Fußballerinnen holen schwedisches Talent“.;Frauen-Fußball;News, Frauen-Fußball, Wolfsburg, VfL Wolfsburg, FC Carl Zeiss Jena;2026-07-31T13:11:40+02:00;2026-07-31T13:11:40+02:00;;dpa Niedersachsen;false
04711f6c3c6905299fac53f5cc90f5fa33157ddc0352e62e863894512ae8d924;Hochrangiger Infantino-Berater tritt aus Protest zurück;https://www.zeit.de/sport/2026-07/fifa-forward-enterprise-afc-uefa-concacaf-private-investoren-gxe;Nach der Uefa und den Fußballverbänden Nord- und Mittelamerikas wendet sich auch Asien gegen die Fifa-Investorenpläne. Ein Berater des Fifa-Präsidenten tritt zurück.;Fifa Forward Enterprise;Sport, Fifa Forward Enterprise, Gianni Infantino, Mittelamerika, Fifa, Uefa, Fußball;2026-07-31T13:07:27+02:00;2026-07-31T13:07:27+02:00;bdajsp;DIE ZEIT,        SID,        							bda					,        							jsp;false
e0e69b8014c804666be39326c7773b25d6068680b094e7cb54f81aadf90810a3;Wieder über drei Millionen Arbeitslose in Deutschland;https://www.zeit.de/news/2026-07/31/zahl-der-arbeitslosen-steigt-im-juli-ueber-drei-millionen;Hier finden Sie Informationen zu dem Thema „Arbeitsmarkt“. Lesen Sie jetzt „Wieder über drei Millionen Arbeitslose in Deutschland“.;Arbeitsmarkt;News, Arbeitsmarkt, Vormonat;2026-07-31T13:06:33+02:00;2026-07-31T13:06:33+02:00;;dpa;false
c4102528bf7d74dcebe268619ec0fbfeec7d48763f7d1055c542282aa0564bc6;Neuzugang für Ludwigsburg: US-Basketballer Joplin kommt;https://www.zeit.de/news/2026-07/31/neuzugang-fuer-ludwigsburg-us-basketballer-joplin-kommt;Hier finden Sie Informationen zu dem Thema „Basketball-Bundesliga“. Lesen Sie jetzt „Neuzugang für Ludwigsburg: US-Basketballer Joplin kommt“.;Basketball-Bundesliga;News, Basketball-Bundesliga, David Joplin, Ludwigsburg, BB, MHP Riesen Ludwigsburg, Neuzugang;2026-07-31T13:03:51+02:00;2026-07-31T13:03:51+02:00;;dpa Baden-Württemberg;false
83012e7e7bdb91714305be6e810ab05d3adebc7a394fccc6813616392b2a0dc6;Seit 2024: Über 3.000 Menschen ändern Geschlechtseintrag;https://www.zeit.de/news/2026-07/31/seit-2024-ueber-3-000-menschen-aendern-geschlechtseintrag;Hier finden Sie Informationen zu dem Thema „Sexuelle Selbstbestimmung“. Lesen Sie jetzt „Seit 2024: Über 3.000 Menschen ändern Geschlechtseintrag“.;Sexuelle Selbstbestimmung;News, Sexuelle Selbstbestimmung, Berlin, Geschlechtseintrag, Selbstbestimmungsgesetz, Selbstbestimmung, Inkrafttreten;2026-07-31T13:03:34+02:00;2026-07-31T13:03:34+02:00;;dpa Berlin/Brandenburg;false
37cd3f74a9c1f33ade955ddbe1ae0cf07ed2193f499f9cad9941db7754be02cc;Münchner Gericht schützt Musiker gegen KI-Nutzung;https://www.zeit.de/news/2026-07/31/gericht-staerkt-urheberrechte-gegen-ki-musikfirma-suno;Hier finden Sie Informationen zu dem Thema „KI und Urheberrechte“. Lesen Sie jetzt „Münchner Gericht schützt Musiker gegen KI-Nutzung“.;KI und Urheberrechte;News, KI und Urheberrechte, Japan, Suno, Landgericht München, Musikverwertungsgesellschaft;2026-07-31T12:59:10+02:00;2026-07-31T12:59:10+02:00;;dpa;false
a989babda6643bce866e34b4cac1f79bbbb95a59d0b1cd255a5aa51ef364ba2f;Polizei durchsucht neun Objekte bei Glücksspiel-Razzia;https://www.zeit.de/news/2026-07/31/polizei-durchsucht-neun-objekte-bei-gluecksspiel-razzia;Hier finden Sie Informationen zu dem Thema „Raum Ludwigsburg“. Lesen Sie jetzt „Polizei durchsucht neun Objekte bei Glücksspiel-Razzia“.;Raum Ludwigsburg;News, Raum Ludwigsburg, Ludwigsburg, Polizei, Glücksspiel, Objekt, Razzia;2026-07-31T12:59:08+02:00;2026-07-31T12:59:08+02:00;;dpa Baden-Württemberg;false
001c8a15525e898d01d6952a1438bc5d7edf95b68c23cd2230c95ff86a14ba85;Ziegenbock verschwunden - Wo ist Fiete?;https://www.zeit.de/news/2026-07/31/ziegenbock-verschwunden-wo-ist-fiete;Hier finden Sie Informationen zu dem Thema „Diebstahl von Weide“. Lesen Sie jetzt „Ziegenbock verschwunden - Wo ist Fiete?“.;Diebstahl von Weide;News, Diebstahl von Weide, Melle, Landkreis Osnabrück, Polizei, Diebstahl;2026-07-31T12:57:33+02:00;2026-07-31T12:57:33+02:00;;dpa Niedersachsen;false
3ef10a417eeb03c89537f1bf82c0a1849d3c0a281a0a01b8a8f4fd936f4cb7c9;Auto überschlägt sich – Polizei setzt Gutachter ein;https://www.zeit.de/news/2026-07/31/auto-mit-zwei-insassen-ueberschlaegt-sich-vieles-noch-unklar;Hier finden Sie Informationen zu dem Thema „Kreis Rendsburg-Eckernförde“. Lesen Sie jetzt „Auto überschlägt sich – Polizei setzt Gutachter ein“.;Kreis Rendsburg-Eckernförde;News, Kreis Rendsburg-Eckernförde, Kreis Rendsburg-Eckernförde, Auto;2026-07-31T12:54:50+02:00;2026-07-31T12:54:50+02:00;;dpa Hamburg/Schleswig-Holstein;false
1ac6e06dfb583081d70ffac362c262bb68e139166083e7e7e7307f57f2bb5087;So schadet der Börsenboom der Demokratie;https://www.zeit.de/wirtschaft/2026-07/ungleichheit-boersenboom-aktienmaerkte-global-wealth-report;Von hohen Aktienkursen profitieren Reiche besonders stark. Ärmere hingegen werden durch steigende Preise und Mieten zunehmend abgehängt. Das ist politisch gefährlich.;Wachsende Ungleichheit;Wirtschaft, Wachsende Ungleichheit, Statistisches Bundesamt, Ungleichheit, Aktienkurs, Aktien, Dax, Elon Musk, SpaceX;2026-07-31T12:53:27+02:00;2026-07-31T12:53:27+02:00;Marcel Fratzscher;;false
cd17fcd8f7d121ad5d092ba647801b77efccd82cdc0ac129439c07a98b93e02a;Eine Brücke fährt durch Hamburg - Echte Zentimeterarbeit;https://www.zeit.de/news/2026-07/31/geschafft-hamburgs-bruecken-koloss-ist-am-ziel-angekommen;Hier finden Sie Informationen zu dem Thema „Neue Sternbrücke“. Lesen Sie jetzt „Eine Brücke fährt durch Hamburg - Echte Zentimeterarbeit“.;Neue Sternbrücke;News, Neue Sternbrücke, Anjes Tjarks, Hamburg, Max-Brauer-Allee, Sternbrücke, Einhub;2026-07-31T12:52:48+02:00;2026-07-31T12:52:48+02:00;;dpa Hamburg/Schleswig-Holstein;false
fcb9e57d12e57d576f1e90d1662494b77be6e69927023fe2e8c0f8859c2fb49f;Vater raucht und Zug fährt mit einjähriger Tochter davon;https://www.zeit.de/news/2026-07/31/vater-raucht-und-zug-faehrt-mit-einjaehriger-tochter-davon;Hier finden Sie Informationen zu dem Thema „Beim Halt in Bamberg“. Lesen Sie jetzt „Vater raucht und Zug fährt mit einjähriger Tochter davon“.;Beim Halt in Bamberg;News, Beim Halt in Bamberg, Bamberg, Erfurt;2026-07-31T12:51:03+02:00;2026-07-31T12:51:03+02:00;;dpa Thüringen;false
e306f4c11d841f761ae2c15b9ce3ace22537aa921cf0b9f0d0394d35966d151b;Erstes Gebot: Du sollst nicht hetzen;https://www.zeit.de/wirtschaft/2026-07/wedium-app-tiktok-alternative-europa-social-media;Berliner Eltern haben ein europäisches TikTok gebaut. Es soll nicht süchtig machen oder polarisieren. Bloß: Wo zieht man die Grenze? Und kann das funktionieren?;"Z+ (abopflichtiger Inhalt);
        
    Wedium";Wirtschaft, Wedium , Europäische Union, TikTok, Instagram, Social-Media-Verbot, Deepfakes, X, Facebook;2026-07-31T12:49:37+02:00;2026-07-31T12:49:37+02:00;Johanna Jürgens;;false
e38242c2d0cc3b3c4e27b7306df05fee2af95f1ff779d6caf180c090ec62baa8;Mehrere Feste sagen Feuerwerke wegen Waldbrandgefahr ab;https://www.zeit.de/news/2026-07/31/mehrere-feste-sagen-feuerwerke-wegen-waldbrandgefahr-ab;Hier finden Sie Informationen zu dem Thema „Risiko zu hoch“. Lesen Sie jetzt „Mehrere Feste sagen Feuerwerke wegen Waldbrandgefahr ab“.;Risiko zu hoch;News, Risiko zu hoch, Schluchsee, Hochschwarzwald, Murrhardt, Breisgau, Waldbrandgefahr, Feuerwerk, Südwesten, Seenachtsfest, Waldbrand;2026-07-31T12:48:17+02:00;2026-07-31T12:48:17+02:00;;dpa Baden-Württemberg;false
c54b47be04101e05730bb9de1146ad12e002a643334732452e411b8a00c33ef5;Nach Spekulationen: Madonna kommt zur World Pride;https://www.zeit.de/news/2026-07/31/nach-spekulationen-madonna-kommt-zur-world-pride;Hier finden Sie Informationen zu dem Thema „Amsterdam“. Lesen Sie jetzt „Nach Spekulationen: Madonna kommt zur World Pride“.;Amsterdam;News, Amsterdam, Stuart Price, Madonna, Queen, Amsterdam, Dijon, Spekulation, Veranstaltungsposter, Queerness;2026-07-31T12:45:15+02:00;2026-07-31T12:45:15+02:00;;dpa;false
af4e78eead8702ae1a58d6a8d1c69be00dd9d91f3577f347d9ee815409493bb1;Pure Euphorie: 1860 München «extrem motiviert» vor Ligastart;https://www.zeit.de/news/2026-07/31/pure-euphorie-1860-muenchen-extrem-motiviert-vor-ligastart;Hier finden Sie Informationen zu dem Thema „Fußball-Regionalliga“. Lesen Sie jetzt „Pure Euphorie: 1860 München «extrem motiviert» vor Ligastart“.;Fußball-Regionalliga;News, Fußball-Regionalliga, Alper Kayabunar, Gernot Mang, Hasan Ismaik, Giesing, Grünwalder Straße, München, TSV 1860 München, Fußball-Regionalliga, Ligastart, Euphorie;2026-07-31T12:45:09+02:00;2026-07-31T12:45:09+02:00;;dpa Bayern;false
701c1c9ab5fb6049d8e5c6416a16ee670cce3237f14c54583fdf72b40b8a374d;Maffay: «KI kann nicht schwitzen, kann nicht weinen»;https://www.zeit.de/news/2026-07/31/maffay-ki-kann-nicht-schwitzen-kann-nicht-weinen;Hier finden Sie Informationen zu dem Thema „KI-Musikgenerator“. Lesen Sie jetzt „Maffay: «KI kann nicht schwitzen, kann nicht weinen»“.;KI-Musikgenerator;News, KI-Musikgenerator, Peter Maffay, München;2026-07-31T12:43:31+02:00;2026-07-31T12:43:31+02:00;;dpa Bayern;false
76fe88b14cbc2585b338ce9dd36d9506058b5f6dda61d636d4ba40a6d0d0c274;Seniorin verliert mittleren fünfstelligen Betrag an Betrüger;https://www.zeit.de/news/2026-07/31/seniorin-verliert-mittleren-fuenfstelligen-betrag-an-betrueger;Hier finden Sie Informationen zu dem Thema „Mehr als 60.000 Euro“. Lesen Sie jetzt „Seniorin verliert mittleren fünfstelligen Betrag an Betrüger“.;Mehr als 60.000 Euro;News, Mehr als 60.000 Euro, Kaiserslautern, Polizei, Betrag;2026-07-31T12:43:04+02:00;2026-07-31T12:43:04+02:00;;dpa Rheinland-Pfalz/Saarland;false
8868cd7f293c3812a81c58daf8e8fe54f1d867fceb6948cedfdd7196fd0a8327;Einsatzkräfte im Katastrophengebiet vorsichtig optimistisch;https://www.zeit.de/news/2026-07/31/waldbrand-in-chiemgauer-alpen-vorsichtig-optimistisch;Hier finden Sie Informationen zu dem Thema „Waldbrand in den Alpen“. Lesen Sie jetzt „Einsatzkräfte im Katastrophengebiet vorsichtig optimistisch“.;Waldbrand in den Alpen;News, Waldbrand in den Alpen, Hubert Hobmaier, Alpen, Feuerwehr, Waldbrand;2026-07-31T12:42:03+02:00;2026-07-31T12:42:03+02:00;;dpa;false
604474d91b0f6e648ab7e4a8b260abf74b54034278f3b521d4af4b9fc43a8dfe;Polen: Abgestürztes Geschoss war russische Rakete;https://www.zeit.de/news/2026-07/31/polen-abgestuerztes-geschoss-war-russische-rakete;Hier finden Sie Informationen zu dem Thema „Krieg in der Ukraine“. Lesen Sie jetzt „Polen: Abgestürztes Geschoss war russische Rakete“.;Krieg in der Ukraine;News, Krieg in der Ukraine, Warschau, Geschoss, Marschflugkörper, Krieg in der Ukraine;2026-07-31T12:40:27+02:00;2026-07-31T12:40:27+02:00;;dpa;false
772f6d4df86fc44c90db99e7ecf281ef1372262f10e35dfa9582bdea45fdfeec;Moldau warnt vor Verzögerungen bei EU-Beitritt;https://www.zeit.de/news/2026-07/31/moldau-warnt-vor-verzoegerungen-bei-eu-beitritt;Hier finden Sie Informationen zu dem Thema „Ministerpräsident auf Reisen“. Lesen Sie jetzt „Moldau warnt vor Verzögerungen bei EU-Beitritt“.;Ministerpräsident auf Reisen;News, Ministerpräsident auf Reisen, Maia Sandu, Markus Söder, Moldau, Bayern, Chisinau, Europäische Union, CSU, Reisen, Treffen, Verzögerung;2026-07-31T12:39:49+02:00;2026-07-31T12:39:49+02:00;;dpa Bayern;false
6977dad6258a09ede094fcde3c370c3e22c653663f8a54965f85db39357bd039;DDR-Oldtimer: Eisenach feiert 60 Jahre Wartburg 353;https://www.zeit.de/news/2026-07/31/ddr-oldtimer-eisenach-feiert-60-jahre-wartburg-353;Hier finden Sie Informationen zu dem Thema „DDR-Autos“. Lesen Sie jetzt „DDR-Oldtimer: Eisenach feiert 60 Jahre Wartburg 353“.;DDR-Autos;News, DDR-Autos, Enrico Martin, Eisenach, Norwegen, Ungarn, Niederlande, DDR, Treffen, Auto;2026-07-31T12:38:23+02:00;2026-07-31T12:38:23+02:00;;dpa Berlin/Brandenburg;false
acc7ce254997694e2df4eaec49160a0de1d0f286c7cb1877e3fcbef45997f1df;Nato arbeitet an Plänen für Ausbau der atomaren Abschreckung;https://www.zeit.de/news/2026-07/31/nato-arbeitet-an-plaenen-fuer-ausbau-der-atomaren-abschreckung;Hier finden Sie Informationen zu dem Thema „Verteidigung“. Lesen Sie jetzt „Nato arbeitet an Plänen für Ausbau der atomaren Abschreckung“.;Verteidigung;News, Verteidigung, Mark Rutte, Robert Peters, Donald Trump, Jim Stokes, Wladimir Putin, Russland, Europa, USA, Großbritannien, Finnland;2026-07-31T12:35:42+02:00;2026-07-31T12:35:42+02:00;;dpa;false
65dc45c7cb458961bbf8a9a2e26eaf0adb3064859568ff2988c7bbf01a721a13;Kunst und Yoga – Eine Führung zu mehr Achtsamkeit;https://www.zeit.de/news/2026-07/31/kunst-und-yoga-eine-fuehrung-zu-mehr-achtsamkeit;Hier finden Sie Informationen zu dem Thema „Visual Arts Yoga“. Lesen Sie jetzt „Kunst und Yoga – Eine Führung zu mehr Achtsamkeit“.;Visual Arts Yoga;News, Visual Arts Yoga, Simone Hoffmann, Mann, Düsseldorf, Instagram, Kunstpalast, Yogakurs, Achtsamkeit, Erfolg, Psychotherapie;2026-07-31T12:35:35+02:00;2026-07-31T12:35:35+02:00;;dpa Nordrhein-Westfalen;false
db2fa560b082dbbd8c9497ad4a383de55eee42465d28fbe721d4ae3de48cf3b6;Elbe in Magdeburg könnte neuen Tiefstand erreichen;https://www.zeit.de/news/2026-07/31/elbe-in-magdeburg-koennte-neuen-tiefstand-erreichen;Hier finden Sie Informationen zu dem Thema „Wetter“. Lesen Sie jetzt „Elbe in Magdeburg könnte neuen Tiefstand erreichen“.;Wetter;News, Wetter, Elbe, Magdeburg, Tiefstand, Schifffahrtsverwaltung, Wetter;2026-07-31T12:34:53+02:00;2026-07-31T12:34:53+02:00;;dpa Sachsen;false
e2cfee126a1a5029271b33a88af6b3ab8de380f3054e021d773c62b8971c75d2;AfD-Jugendorganisation demonstriert in Schwerin - Gegendemos;https://www.zeit.de/news/2026-07/31/afd-jugendorganisation-demonstriert-in-schwerin-gegendemos;Hier finden Sie Informationen zu dem Thema „Demonstrationen in Schwerin“. Lesen Sie jetzt „AfD-Jugendorganisation demonstriert in Schwerin - Gegendemos“.;Demonstrationen in Schwerin;News, Demonstrationen in Schwerin, Schwerin, Alternative für Deutschland, Polizei, Generation Deutschland, Gegendemo, Demonstration, Einsatzkraft, Großeinsatz;2026-07-31T12:31:27+02:00;2026-07-31T12:31:27+02:00;;dpa Mecklenburg-Vorpommern;false
8211e5de139181b1d51e4f4990ef444ee20d704861288115312bc55a2cd0d6bd;Nach Brand bei Reichenbach – Aufräumarbeiten geplant;https://www.zeit.de/news/2026-07/31/nach-brand-bei-reichenbach-aufraeumarbeiten-geplant;Hier finden Sie Informationen zu dem Thema „Brände“. Lesen Sie jetzt „Nach Brand bei Reichenbach – Aufräumarbeiten geplant“.;Brände;News, Brände, Reichenbach, Landkreis Birkenfeld, Feuerwehr, Aufräumarbeit, Glutnest, Einsatzkraft, Brand, Wald;2026-07-31T12:30:48+02:00;2026-07-31T12:30:48+02:00;;dpa Rheinland-Pfalz/Saarland;false
eec90af14bbe6a87e989d00e1c146fa08fa88a8da3465660067cda8a2c197a94;Berlins Straßenbäumen geht es etwas besser;https://www.zeit.de/news/2026-07/31/berlins-strassenbaeumen-geht-es-etwas-besser;Hier finden Sie Informationen zu dem Thema „Umwelt“. Lesen Sie jetzt „Berlins Straßenbäumen geht es etwas besser“.;Umwelt;News, Umwelt, Berlin, Straßenbaum;2026-07-31T12:30:08+02:00;2026-07-31T12:30:08+02:00;;dpa Berlin/Brandenburg;false
3706d0a357f6254541f65704f5b6cbf03b970060392164425dc118ee956731f6;Marillen-Maxxing;https://www.zeit.de/zeit-magazin/wochenmarkt/2026-07/aprikosensorbet-eis-sommer-rezept;Von der Königin des Steinobstes können wir nicht genug bekommen. Leider landet die Aprikose selten wirklich reif im Regal. So kitzelt man trotzdem ihre Stärken heraus.;"Z+ (abopflichtiger Inhalt);
        
    Aprikosensorbet";vegane Rezepte, Desserts, Sommer, Dessert für Kinder, Eis;2026-07-31T12:29:19+02:00;2026-07-31T12:29:19+02:00;Gabriele Hussenether;;false
3e1d6be4a23a5e118eb339f2a5bf8a3f150d594d2e4c85c9607c9d8e62d92c91;Ruht euch nicht auf eurem Wissen aus!;https://www.zeit.de/2026/33/lernfaehigkeit-arbeitswelt-weiterbildung-kompetenzen;Die wichtigste Qualifikation ist kein Abschluss – sondern die Fähigkeit, immer wieder neu zu lernen. Das lässt sich im normalen Arbeitsalltag trainieren.;"Z+ (abopflichtiger Inhalt);
        
    Lernfähigkeit";Bildung, Lernfähigkeit, Weiterbildung, Arbeitsmarkt, Bildung, Schule, Studiengang;2026-07-31T12:28:41+02:00;2026-07-31T12:28:41+02:00;Thomy Roecklin;Aus der        ZEIT Nr. 33/2026;false
15ee204bcbc01cf2dcb5989febd5a7480e046c062551495484769655a600f664;Wasser in der Elbe wieder knapp - Schifffahrt eingeschränkt;https://www.zeit.de/news/2026-07/31/wasser-in-der-elbe-wieder-knapp-schifffahrt-eingeschraenkt;Hier finden Sie Informationen zu dem Thema „Schifffahrt auf der Elbe“. Lesen Sie jetzt „Wasser in der Elbe wieder knapp - Schifffahrt eingeschränkt“.;Schifffahrt auf der Elbe;News, Schifffahrt auf der Elbe, Elbe, Dresden, Schifffahrt;2026-07-31T12:25:06+02:00;2026-07-31T12:25:06+02:00;;dpa Sachsen;false
949ddfcd737eed2929bda46520efa9681d28d28cef2ab6b2e46f59324d1d7ee7;Anklage: Frau immer wieder in Haus in Soest misshandelt;https://www.zeit.de/news/2026-07/31/anklage-frau-immer-wieder-in-haus-in-soest-misshandelt;Hier finden Sie Informationen zu dem Thema „Grausamer Fall“. Lesen Sie jetzt „Anklage: Frau immer wieder in Haus in Soest misshandelt“.;Grausamer Fall;News, Grausamer Fall, Soest, Westfalen, Arnsberg, Staatsanwaltschaft, Deutsche Presse-Agentur, Anklage;2026-07-31T12:24:21+02:00;2026-07-31T12:24:21+02:00;;dpa;false
f1dfa8909b108e2eccfc19ea04f9fd77e55f557ce0fde9b8c7b831f344092516;Weitere Festnahmen nach Sexualdelikten an Mädchen;https://www.zeit.de/news/2026-07/31/weitere-festnahmen-nach-sexualdelikten-an-maedchen;Hier finden Sie Informationen zu dem Thema „Nürnberg“. Lesen Sie jetzt „Weitere Festnahmen nach Sexualdelikten an Mädchen“.;Nürnberg;News, Nürnberg, Mann, Polizei, Sexualdelikt, Hauptbahnhof, Drogendelikt, Drogen;2026-07-31T12:24:06+02:00;2026-07-31T12:24:06+02:00;;dpa Bayern;false
ce70e7ff7a7c1366c089e5546d727108513f9d1b3e3e7fa0cb12417bed80c55a;Untersuchung behindert? Brüssel macht Temu Vorwurf;https://www.zeit.de/news/2026-07/31/untersuchung-behindert-bruessel-macht-temu-vorwurf;Hier finden Sie Informationen zu dem Thema „Online-Shopping“. Lesen Sie jetzt „Untersuchung behindert? Brüssel macht Temu Vorwurf“.;Online-Shopping;News, Online-Shopping, Brüssel, Dublin, Temu, Europäische Union, Untersuchung;2026-07-31T12:23:49+02:00;2026-07-31T12:23:49+02:00;;dpa;false
e4e3f2a8310e936a83e344852dec59b51c3a99e0213abc3238f1d2f59e499519;Medien: Fast 50.000 Migranten nach Ceuta gelangt;https://www.zeit.de/news/2026-07/31/hunderte-migranten-gelangen-auch-in-zweite-spanische-exklave;Hier finden Sie Informationen zu dem Thema „Spanische Nordafrika-Exklave“. Lesen Sie jetzt „Medien: Fast 50.000 Migranten nach Ceuta gelangt“.;Spanische Nordafrika-Exklave;News, Spanische Nordafrika-Exklave, Juan José Imbroda, Melilla, Marokko, Ceuta, Nordafrika, Exklave, Migration, Grenze;2026-07-31T12:21:21+02:00;2026-07-31T12:21:21+02:00;;dpa;false
42d0a6c4dd6a61c8a3daa5a2df17504a63fff3ffc25ae037b39cecafc6204238;Tote bei Suche nach vermissten Bergsteigern in Pakistan entdeckt;https://www.zeit.de/gesellschaft/2026-07/lawinenunglueck-karakorum-nirmal-purja-broad-peak-pakistan-gxe;Das Team um den Extrembergsteiger Nirmal Purja wird nach einem Lawinenabgang am Broad Peak in Pakistan vermisst. Rettungskräfte fanden nun zwei tote Alpinisten.;Lawinenunglück im Karakorum;Gesellschaft, Lawinenunglück im Karakorum, Lawine, Wandern, Bergsteigen, Pakistan, China;2026-07-31T12:21:00+02:00;2026-07-31T12:21:00+02:00;yil;DIE ZEIT,        dpa,        AP,        Reuters,        							yil;false
8de4e37c6afeda2145d760b094cd729c40b94d9c8234fb1483df99bd098e3c51;Mehr Arbeitslose in Sachsen - Chemnitz wieder zweistellig;https://www.zeit.de/news/2026-07/31/erneut-mehr-arbeitslose-in-sachsen;Hier finden Sie Informationen zu dem Thema „Arbeitslosigkeit“. Lesen Sie jetzt „Mehr Arbeitslose in Sachsen - Chemnitz wieder zweistellig“.;Arbeitslosigkeit;News, Arbeitslosigkeit, Klaus-Peter Hansen, Sachsen, Bundesagentur für Arbeit, Regionaldirektion;2026-07-31T12:18:34+02:00;2026-07-31T12:18:34+02:00;;dpa Sachsen;false
9e3cc20d82291c96b5f736c6a17a10d831db1547204f4e1e999f1815fec6f000;Lebenslange Haft nach Mord an Ehefrau;https://www.zeit.de/news/2026-07/31/lebenslange-haft-nach-mord-an-ehefrau;Hier finden Sie Informationen zu dem Thema „Landgericht Frankfurt“. Lesen Sie jetzt „Lebenslange Haft nach Mord an Ehefrau“.;Landgericht Frankfurt;News, Landgericht Frankfurt, Frankfurt, Mord, Landgericht;2026-07-31T12:18:12+02:00;2026-07-31T12:18:12+02:00;;dpa Hessen;false
0ba952a094f4921408da1cc76aa0ccac3f51562b34f195190127983f9eea7486;Bahn: Hamburgs neue Sternbrücke ist eingebaut;https://www.zeit.de/news/2026-07/31/bahn-hamburgs-neue-sternbruecke-ist-eingebaut;Hier finden Sie Informationen zu dem Thema „Brücke schwebt durch die Stadt“. Lesen Sie jetzt „Bahn: Hamburgs neue Sternbrücke ist eingebaut“.;Brücke schwebt durch die Stadt;News, Brücke schwebt durch die Stadt, Hamburg, Hamburg-Altona, Sternbrücke, Meilenstein;2026-07-31T12:17:34+02:00;2026-07-31T12:17:34+02:00;;dpa Hamburg/Schleswig-Holstein;false
18cd2ec06035e3d5a684ae60892b690c0a417955889c17f2c6e9b6a8ae579a82;FIFA-Krise: Hochrangiger Infantino-Berater tritt zurück;https://www.zeit.de/news/2026-07/31/fifa-krise-hochrangiger-infantino-berater-tritt-zurueck;Hier finden Sie Informationen zu dem Thema „Fußball“. Lesen Sie jetzt „FIFA-Krise: Hochrangiger Infantino-Berater tritt zurück“.;Fußball;News, Fußball, Fifa, Investorenplan, Fußball, Krise;2026-07-31T12:16:59+02:00;2026-07-31T12:16:59+02:00;;dpa Sport;false
32f22b40d3a1c99b4e142f37b0e0a804c2d9eded06241232c0ca6a16371ed608;Infanteriemunition im Rhein gefunden;https://www.zeit.de/news/2026-07/31/infanteriemunition-im-rhein-gefunden;Hier finden Sie Informationen zu dem Thema „Kampfmittel“. Lesen Sie jetzt „Infanteriemunition im Rhein gefunden“.;Kampfmittel;News, Kampfmittel, Lampertheim, Rhein, Polizei, Infanteriemunition, Kampfmittel, Landkreis;2026-07-31T12:14:32+02:00;2026-07-31T12:14:32+02:00;;dpa Hessen;false
4289433389bbaf1bba891ebd41951c386545f4570f3299e293227677a372c34c;Blitzeinschlag stoppt Flug nach Wien - Flieger in Stuttgart;https://www.zeit.de/news/2026-07/31/blitzeinschlag-stoppt-flug-nach-wien-flieger-in-stuttgart;Hier finden Sie Informationen zu dem Thema „106 Reisende an Bord“. Lesen Sie jetzt „Blitzeinschlag stoppt Flug nach Wien - Flieger in Stuttgart“.;106 Reisende an Bord;News, 106 Reisende an Bord, Wien, Stuttgart, Blitzeinschlag;2026-07-31T12:14:01+02:00;2026-07-31T12:14:01+02:00;;dpa Baden-Württemberg;false
e1a425170899ce9c368a2f60c915f52cc474959bd5da3e8ea4b01e0c9dfcbf30;Faktencheck: Falsche Verdächtigung nach CSD-Anschlag;https://www.zeit.de/news/2026-07/31/faktencheck-falsche-verdaechtigung-nach-csd-anschlag;Hier finden Sie Informationen zu dem Thema „Videos zeigen andere Person“. Lesen Sie jetzt „Faktencheck: Falsche Verdächtigung nach CSD-Anschlag“.;Videos zeigen andere Person;News, Videos zeigen andere Person, Abdul B., Berlin, Türkei, Polizei, TikTok, Christopher Street Day, Faktencheck, Verdächtigung, Fahndungsfoto, Terroranschlag;2026-07-31T12:13:58+02:00;2026-07-31T12:13:58+02:00;;dpa Berlin/Brandenburg;false
f22bd7b725ff307a51a61916478a5bdea46ce40a5b3d3b831089e93f34e49bbb;Lübecker Bahnhof im August ein Wochenende ohne Zugverkehr;https://www.zeit.de/news/2026-07/31/luebecker-bahnhof-im-august-ein-wochenende-ohne-zugverkehr;Hier finden Sie Informationen zu dem Thema „Bahnverkehr im Norden“. Lesen Sie jetzt „Lübecker Bahnhof im August ein Wochenende ohne Zugverkehr“.;Bahnverkehr im Norden;News, Bahnverkehr im Norden, Holstein, Lübeck, Deutsche Bahn, Zugverkehr, Hauptbahnhof, Stellwerk, Bahnhof;2026-07-31T12:09:19+02:00;2026-07-31T12:09:19+02:00;;dpa Hamburg/Schleswig-Holstein;false
017119b2408b5697bd73978d018c9577e1b59b578beb968246634c2a2caf6ce7;Alkoholfreies Bier allein kann Brauereien nicht retten;https://www.zeit.de/news/2026-07/31/alkoholfreies-bier-immer-haeufiger-gefragt;Hier finden Sie Informationen zu dem Thema „Veränderte Konsumgewohnheiten“. Lesen Sie jetzt „Alkoholfreies Bier allein kann Brauereien nicht retten“.;Veränderte Konsumgewohnheiten;News, Veränderte Konsumgewohnheiten, Konsumgewohnheit, Biersorte;2026-07-31T12:07:16+02:00;2026-07-31T12:07:16+02:00;;dpa;false
2282338719f08c3c0ccee19a3b5bbe4cb3653315362a60e6fd3df55eee6248e4;Vermeintliche Geldanlage: Mann verliert fünfstelligen Betrag;https://www.zeit.de/news/2026-07/31/vermeintliche-geldanlage-mann-verliert-fuenfstelligen-betrag;Hier finden Sie Informationen zu dem Thema „Kriminalität“. Lesen Sie jetzt „Vermeintliche Geldanlage: Mann verliert fünfstelligen Betrag“.;Kriminalität;News, Kriminalität, Wittenberge, Landkreis Prignitz, Polizei, Geldanlage, Betrag, Geld;2026-07-31T12:05:38+02:00;2026-07-31T12:05:38+02:00;;dpa Berlin/Brandenburg;false
89857ce2029bbfd7aa017d6ee3aaab2b6f07e7b4f80982189a16c60fe8d124dd;Nach Explosion von Kugelbombe 2025 - Anklage erhoben;https://www.zeit.de/news/2026-07/31/nach-explosion-von-kugelbombe-2025-anklage-erhoben;Hier finden Sie Informationen zu dem Thema „Silvesternacht 2024/25“. Lesen Sie jetzt „Nach Explosion von Kugelbombe 2025 - Anklage erhoben“.;Silvesternacht 2024/25;News, Silvesternacht 2024/25, Berlin, Staatsanwaltschaft, Neujahr, Kugelbombe, Explosion, Anklage, Silvesternacht, Körperverletzung;2026-07-31T12:03:55+02:00;2026-07-31T12:03:55+02:00;;dpa;false
5b5e8772e2b6a33d757322e8554da98884e89809f9c411a95fdf08fe101b754f;Krankenkasse: Mehr Kreislaufprobleme bei Hitzewelle im Juni;https://www.zeit.de/news/2026-07/31/krankenkasse-mehr-kreislaufprobleme-bei-hitzewelle-im-juni;Hier finden Sie Informationen zu dem Thema „Wetterfolgen“. Lesen Sie jetzt „Krankenkasse: Mehr Kreislaufprobleme bei Hitzewelle im Juni“.;Wetterfolgen;News, Wetterfolgen, Niedersachsen, Barmer, Kreislaufproblem, Wetterfolge, Rekordtemperatur, Krankenstand, Hitzewelle;2026-07-31T12:02:22+02:00;2026-07-31T12:02:22+02:00;;dpa Niedersachsen;false
bd8188ef58a9fb31badaa8803e3dfc22034b18e5f1a5b553fee7a4910d36e167;Verborgene Welten – Unbekannte Inseln in Norddeutschland;https://www.zeit.de/news/2026-07/31/verborgene-welten-unbekannte-inseln-in-norddeutschland;Hier finden Sie Informationen zu dem Thema „Ausflugstipps“. Lesen Sie jetzt „Verborgene Welten – Unbekannte Inseln in Norddeutschland“.;Ausflugstipps;News, Ausflugstipps, Watt Neuwerk, Norddeutschland, Sylt, Ostsee, Hamburger Hallig, Scharhörn, Hamburg, Cuxhaven, Mellum, Greifswalder Bodden;2026-07-31T12:01:50+02:00;2026-07-31T12:01:50+02:00;;dpa Hamburg/Schleswig-Holstein;false
9d95cfa8152ba4b411c8920be2a7327348ebcd9b83602344c0c039c4e0d28303;Kind mit Fahrrad gestürzt und von Auto mitgeschleift;https://www.zeit.de/news/2026-07/31/kind-mit-fahrrad-gestuerzt-und-von-auto-mitgeschleift;Hier finden Sie Informationen zu dem Thema „Unfälle“. Lesen Sie jetzt „Kind mit Fahrrad gestürzt und von Auto mitgeschleift“.;Unfälle;News, Unfälle, Uckerland, Landkreis Uckermark, Unfall, Fahrrad, Auto;2026-07-31T12:01:14+02:00;2026-07-31T12:01:14+02:00;;dpa Berlin/Brandenburg;false
f0e77e15bfe62ca824a044bda15a5d3c2025c6d0c68178e6dcbde02a8f2ac4e7;Polen bestätigt russische Herkunft von abgestürztem Marschflugkörper;https://www.zeit.de/politik/ausland/2026-07/russische-rakete-polen-marschflugkoerper-ch-101-nato-luftraum-gxe;Das über Polen abgestürzte Flugobjekt ist nach polnischen Angaben ein russischer Marschflugkörper gewesen. Er soll beim Aufprall explodiert sein.;Russische Rakete in Polen;Politik, Russische Rakete in Polen, Polen, Marschflugkörper, Krieg in der Ukraine, Militär, Russland, Nato;2026-07-31T11:59:06+02:00;2026-07-31T11:59:06+02:00;jaca;DIE ZEIT,        dpa,        							jaca;false
fd91e6c680032ef3a83c5d137fc1299d48a5e39fb47b595b583804317ea8d81d;Ein Frankfurter bei den All Blacks: Segner lebt seinen Traum;https://www.zeit.de/news/2026-07/31/ein-frankfurter-bei-den-all-blacks-segner-lebt-seinen-traum;Hier finden Sie Informationen zu dem Thema „Rugby in Neuseeland“. Lesen Sie jetzt „Ein Frankfurter bei den All Blacks: Segner lebt seinen Traum“.;Rugby in Neuseeland;News, Rugby in Neuseeland, Anton Segner, Dave Rennie, Neuseeland, Frankfurt;2026-07-31T11:58:07+02:00;2026-07-31T11:58:07+02:00;;dpa Hessen;false
4b77b6bd5c2565978d18f1d61b79e844084447468ee4b1c96dc4948c859562c9;Bilder des Tages;https://www.zeit.de/news/2026-07/31/bilder-des-tages;Hier finden Sie Informationen zu dem Thema „Fotografie“. Lesen Sie jetzt „Bilder des Tages“.;Fotografie;News, Fotografie, News;2026-07-31T11:57:41+02:00;2026-07-31T11:57:41+02:00;;dpa;false
272dbf718315f632e63b611cd9e016fc4d685a8ff4f6b969ec134d66698c83f1;Mann vor Gericht: Wollte er seine Ehefrau anzünden?;https://www.zeit.de/news/2026-07/31/mann-vor-gericht-wollte-er-seine-ehefrau-anzuenden;Hier finden Sie Informationen zu dem Thema „Prozess“. Lesen Sie jetzt „Mann vor Gericht: Wollte er seine Ehefrau anzünden?“.;Prozess;News, Prozess, Erfurt, Gotha, Staatsanwaltschaft, Grillanzünder, Prozessauftakt;2026-07-31T11:55:32+02:00;2026-07-31T11:55:32+02:00;;dpa Thüringen;false
aef3cd7003df2173e7f81ba18958127e8c7b8c5b9143986aba5c7e1e004251d3;Mit Hund ohne Maulkorb im ICE – Polizei nimmt Gesuchten fest;https://www.zeit.de/news/2026-07/31/mit-hund-ohne-maulkorb-im-ice-polizei-nimmt-gesuchten-fest;Hier finden Sie Informationen zu dem Thema „Mehrere offene Haftbefehle“. Lesen Sie jetzt „Mit Hund ohne Maulkorb im ICE – Polizei nimmt Gesuchten fest“.;Mehrere offene Haftbefehle;News, Mehrere offene Haftbefehle, Berlin, Hildesheim, Polizei, Bundespolizei, Maulkorb, Haftbefehl, ICE;2026-07-31T11:52:52+02:00;2026-07-31T11:52:52+02:00;;dpa Berlin/Brandenburg;false
4e9193411bece12891d5661e77631bea8fdd2fb69b7f6d36118bdbe7e5995b64;Wie Sie sich vor KI-Angriffen schützen können;https://www.zeit.de/2026/33/ki-sicherheit-angriffe-passwoerter-vibecoding-internet;Durch KI sind die Sicherheitsrisiken im Netz deutlich größer geworden. Als Nutzer sollte man sich darauf einstellen – und ein paar einfache Dinge beachten.;"Z+ (abopflichtiger Inhalt);
        
    KI-Sicherheit";Wissenschaft, KI-Sicherheit, künstliche Intelligenz, Hackerangriff, Smartphone, Internet;2026-07-31T11:52:49+02:00;2026-07-31T11:52:49+02:00;Eva Wolfangel;Aus der        ZEIT Nr. 33/2026;false
37da6a0b5825faf1d3d5991781a191c2caf594b36d001ee2232da281c0703d3a;Kinderpornografische Dateien bei Richter entdeckt - Anklage;https://www.zeit.de/news/2026-07/31/kinderpornografische-dateien-bei-richter-entdeckt-anklage;Hier finden Sie Informationen zu dem Thema „Kriminalität“. Lesen Sie jetzt „Kinderpornografische Dateien bei Richter entdeckt - Anklage“.;Kriminalität;News, Kriminalität, Niedersachsen, Landgericht Hannover, Anklage, Sexueller Missbrauch;2026-07-31T11:50:06+02:00;2026-07-31T11:50:06+02:00;;dpa Niedersachsen;false
bd312df5a5eb3a446e8d3ca664d88def0f2a497b580890320804a2c25c90b8de;Jugendlicher besucht Geschäft mit Nazi-Symbolik auf T-Shirt;https://www.zeit.de/news/2026-07/31/jugendlicher-besucht-geschaeft-mit-nazi-symbolik-auf-t-shirt;Hier finden Sie Informationen zu dem Thema „Staatsschutz ermittelt“. Lesen Sie jetzt „Jugendlicher besucht Geschäft mit Nazi-Symbolik auf T-Shirt“.;Staatsschutz ermittelt;News, Staatsschutz ermittelt, Prenzlau, Waffen-SS, Schutzstaffel (SS), Staatsschutz, Blitzsymbol;2026-07-31T11:44:55+02:00;2026-07-31T11:44:55+02:00;;dpa Berlin/Brandenburg;false
2aa4ba5638aa6da7889d682c7af20893f7b4b9bff541451287db19d2c300d07d;Ermittlungen gegen Fahrlehrer wegen Betrugs;https://www.zeit.de/news/2026-07/31/ermittlungen-gegen-fahrlehrer-wegen-betrugs;Hier finden Sie Informationen zu dem Thema „Fahrschul-Chef“. Lesen Sie jetzt „Ermittlungen gegen Fahrlehrer wegen Betrugs“.;Fahrschul-Chef;News, Fahrschul-Chef, Emsland, Polizei, Betrug;2026-07-31T11:43:17+02:00;2026-07-31T11:43:17+02:00;;dpa Niedersachsen;false
dbd1a8ec7fd7b00384458ab444bc40335ef9a07a31fa4824c4089c88f53dcd37;So soll die Wiesn sicherer werden;https://www.zeit.de/news/2026-07/31/so-soll-die-wiesn-sicherer-werden;Hier finden Sie Informationen zu dem Thema „Oktoberfest 2026“. Lesen Sie jetzt „So soll die Wiesn sicherer werden“.;Oktoberfest 2026;News, Oktoberfest 2026, Christian Scharpf, SPD, Oktoberfest, Schockmoment, Sicherheit;2026-07-31T11:42:53+02:00;2026-07-31T11:42:53+02:00;;dpa Bayern;false
41f3dfaec7b386e404e55b1aeb44abc1e999650d5f8b45744b77d8263724e93a;Einsatz wegen Betrunkenem: Polizei stößt auf gesuchten Mann;https://www.zeit.de/news/2026-07/31/einsatz-wegen-betrunkenem-polizei-stoesst-auf-gesuchten-mann;Hier finden Sie Informationen zu dem Thema „Kriminalität“. Lesen Sie jetzt „Einsatz wegen Betrunkenem: Polizei stößt auf gesuchten Mann“.;Kriminalität;News, Kriminalität, Polizei, Festnahme;2026-07-31T11:39:27+02:00;2026-07-31T11:39:27+02:00;;dpa Berlin/Brandenburg;false
e77baa85659e01f88abb096f95edea941927bde70575f5a59d6975ee94d026bc;Wieder Blitz und Donner - danach vorerst kühler;https://www.zeit.de/news/2026-07/31/wieder-blitz-und-donner-danach-vorerst-kuehler;Hier finden Sie Informationen zu dem Thema „Wetter-Vorhersage“. Lesen Sie jetzt „Wieder Blitz und Donner - danach vorerst kühler“.;Wetter-Vorhersage;News, Wetter-Vorhersage, Marcus Beyer, DWD, Unwetterpotenzial, Gewitter, Vorhersage, Wetter;2026-07-31T11:36:30+02:00;2026-07-31T11:36:30+02:00;;dpa;false
3b250e062e811454fb0d8e62d175c7b8fa5a43b727da5bc8365fa0ed8d214d89;Dreijährige fällt in Pool und stirbt;https://www.zeit.de/news/2026-07/31/dreijaehrige-faellt-in-pool-und-stirbt;Hier finden Sie Informationen zu dem Thema „Unglück in Oberbayern“. Lesen Sie jetzt „Dreijährige fällt in Pool und stirbt“.;Unglück in Oberbayern;News, Unglück in Oberbayern, Oberbayern, Berchtesgadener Land, Unglück, Laufen;2026-07-31T11:35:55+02:00;2026-07-31T11:35:55+02:00;;dpa Bayern;false
ee76b90e3b6ac765a1bee6fcc3fd2d5956ded44c6a5563b22f625db1727b6851;A5 Richtung Süden nach Unfall gesperrt – langer Stau;https://www.zeit.de/news/2026-07/31/a5-richtung-sueden-nach-unfall-gesperrt-langer-stau;Hier finden Sie Informationen zu dem Thema „Reiseverkehr“. Lesen Sie jetzt „A5 Richtung Süden nach Unfall gesperrt – langer Stau“.;Reiseverkehr;News, Reiseverkehr, Rastatt, Unfall, Vollsperrung, Reiseverkehr, Stau, Auto;2026-07-31T11:34:58+02:00;2026-07-31T11:34:58+02:00;;dpa Baden-Württemberg;false
728c92e9b48f05a0480924627c157e847f04f1d25c8355c23ed525bfe42e30eb;Schrotthändler Scholz Gruppe nun in französischer Hand;https://www.zeit.de/news/2026-07/31/schrotthaendler-scholz-gruppe-nun-in-franzoesischer-hand;Hier finden Sie Informationen zu dem Thema „Eigentümerwechsel“. Lesen Sie jetzt „Schrotthändler Scholz Gruppe nun in französischer Hand“.;Eigentümerwechsel;News, Eigentümerwechsel, Essingen, Ostalbkreis, Derichebourg Environnement SAS, Eigentümerwechsel, Entsorgungsunternehmen;2026-07-31T11:34:20+02:00;2026-07-31T11:34:20+02:00;;dpa Baden-Württemberg;false
b04133a4553f3651b63a474bbf388995c5a1bba7c49662282b23b3221b7be70d;Häftling soll Autos im Netz verkauft haben, die er nicht hat;https://www.zeit.de/news/2026-07/31/haeftling-soll-autos-im-netz-verkauft-haben-die-er-nicht-hat;Hier finden Sie Informationen zu dem Thema „Betrugsverdacht“. Lesen Sie jetzt „Häftling soll Autos im Netz verkauft haben, die er nicht hat“.;Betrugsverdacht;News, Betrugsverdacht, Polizei, Betrugsverdacht, Auto, Fahrzeug;2026-07-31T11:32:52+02:00;2026-07-31T11:32:52+02:00;;dpa Mecklenburg-Vorpommern;false
d3e34ce25b47bde6df22f796b95c42d7f205a62efa270d2299e20713d8fc0232;Red Bull holt Roger Schmidt als Nachfolger von Klopp;https://www.zeit.de/news/2026-07/31/red-bull-holt-roger-schmidt-als-nachfolger-von-klopp;Hier finden Sie Informationen zu dem Thema „Neuer Fußball-Boss“. Lesen Sie jetzt „Red Bull holt Roger Schmidt als Nachfolger von Klopp“.;Neuer Fußball-Boss;News, Neuer Fußball-Boss, Roger Schmidt, Jürgen Klopp, Florian Scholz, Oliver Mintzlaff, Red Bull;2026-07-31T11:32:40+02:00;2026-07-31T11:32:40+02:00;;dpa Sachsen;false
3f4f6e5af48f1cadbe69871af2fc35dd12cad136c3f604c6186a02d46f62cca8;Hamas fordert israelische Zustimmung zu von Trump verkündeter Einigung;https://www.zeit.de/politik/ausland/2026-07/hamas-abkommen-israel-entwaffnung-gazastreifen-friedensrat-gxe;Israel müsse seine Truppen aus Gaza abziehen, im Gegenzug werde man sich entwaffnen, teilt die Hamas mit. Der Palästinensische Dschihad lehnt den Deal bisher ab.;Krieg in Gaza;Politik, Krieg in Gaza, Gazastreifen, Israel, Donald Trump, Johann Wadephul, Hamas;2026-07-31T11:31:20+02:00;2026-07-31T11:31:20+02:00;jsp;DIE ZEIT,        dpa,        Reuters,        							jsp;false
9139d489d83730c1505cd422339b057286a7a4c2a40e70eda2d513fd01841277;Tagelanger Einsatz – Feuer in Lauterbach gelöscht;https://www.zeit.de/news/2026-07/31/tagelanger-einsatz-feuer-in-lauterbach-geloescht;Hier finden Sie Informationen zu dem Thema „Brände“. Lesen Sie jetzt „Tagelanger Einsatz – Feuer in Lauterbach gelöscht“.;Brände;News, Brände, Lauterbach, Feuerwehr, Fachwerkhaus, Glutnest, Brand;2026-07-31T11:29:41+02:00;2026-07-31T11:29:41+02:00;;dpa Hessen;false
a7efc0a5e27aa82eecc69e07c45b9e1784e7600129d514458873659316010c84;Werder-Boss Filbry ins Präsidium der FBL gewählt;https://www.zeit.de/news/2026-07/31/werder-boss-filbry-ins-praesidium-der-fbl-gewaehlt;Hier finden Sie Informationen zu dem Thema „Bundesliga der Fußballerinnen“. Lesen Sie jetzt „Werder-Boss Filbry ins Präsidium der FBL gewählt“.;Bundesliga der Fußballerinnen;News, Bundesliga der Fußballerinnen, Klaus Filbry, Bundesliga, Fußball-Bundesliga, Präsidium;2026-07-31T11:27:49+02:00;2026-07-31T11:27:49+02:00;;dpa Niedersachsen;false
a84755e4a331b1fcd2e98f21dbbee1f10c15489e71af93f5179b8cb881f73561;Innensenatorin: Berlin bleibt Stadt großer Veranstaltungen;https://www.zeit.de/news/2026-07/31/innensenatorin-berlin-bleibt-stadt-grosser-veranstaltungen;Hier finden Sie Informationen zu dem Thema „Nach Terroranschlag“. Lesen Sie jetzt „Innensenatorin: Berlin bleibt Stadt großer Veranstaltungen“.;Nach Terroranschlag;News, Nach Terroranschlag, Iris Spranger, Berlin, SPD, Deutsche Presse-Agentur, Christopher Street Day, Terroranschlag, Sicherheit;2026-07-31T11:25:30+02:00;2026-07-31T11:25:30+02:00;;dpa Berlin/Brandenburg;false
f26bc9e2ddbcdc6a194b29e9ec695b8bb9ecf85cee2460cf6095bdc3d3d7b0d5;Solidarität in Not: Koch schenkt Feuerwehr warme Mahlzeit;https://www.zeit.de/news/2026-07/31/wuehlt-einen-auf-wenn-die-flammen-am-urlaubsort-lodern;Hier finden Sie Informationen zu dem Thema „Waldbrände in Frankreich“. Lesen Sie jetzt „Solidarität in Not: Koch schenkt Feuerwehr warme Mahlzeit“.;Waldbrände in Frankreich;News, Waldbrände in Frankreich, Hartmut Borowski, Patrick Behrens, Westfrankreich, Lacanau, Hourtin, Ratingen, Urlaubsort, Stammcampingplatz, Familie, Brand;2026-07-31T11:18:31+02:00;2026-07-31T11:18:31+02:00;;dpa;false
d383a6fb64fe4edd27ace5b6d9c3ac1b055ed3741d9bb123195ed755e69efdf5;«Alex» fährt bis 2031 weiter auf der Strecke München-Prag;https://www.zeit.de/news/2026-07/31/alex-faehrt-bis-2031-weiter-auf-der-strecke-muenchen-prag;Hier finden Sie Informationen zu dem Thema „Bahnverkehr“. Lesen Sie jetzt „«Alex» fährt bis 2031 weiter auf der Strecke München-Prag“.;Bahnverkehr;News, Bahnverkehr, München-Prag, München, Prag, Regensburg, BEG, Verkehrsministerium, Länderbahn, Bahnverkehr, Eisenbahnunternehmen, Bahnlinie;2026-07-31T11:16:59+02:00;2026-07-31T11:16:59+02:00;;dpa Bayern;false
0a9634a4bbbd8a002401161a777724d68f83436bc8f1541c9747d1bea1b4a8d1;Zwei Tote - Bekannter Extremsportler am Broad Peak vermisst;https://www.zeit.de/news/2026-07/31/zehn-bergsteiger-am-broad-peak-nach-lawinenabgang-vermisst;Hier finden Sie Informationen zu dem Thema „Pakistan“. Lesen Sie jetzt „Zwei Tote - Bekannter Extremsportler am Broad Peak vermisst“.;Pakistan;News, Pakistan, Pakistan, Karakorum-Gebirge, Deutsche Presse-Agentur, Netflix, Lawinenabgang;2026-07-31T11:14:54+02:00;2026-07-31T11:14:54+02:00;;dpa;false
3bd805d5e73b17c2e713fbeeea473cd8b527ebbc1553d1a165befd622b7584de;Arbeitslosigkeit im Juli in Thüringen gestiegen;https://www.zeit.de/news/2026-07/31/mehr-arbeitslose-in-thueringen-im-juli;Hier finden Sie Informationen zu dem Thema „Arbeitsmarkt“. Lesen Sie jetzt „Arbeitslosigkeit im Juli in Thüringen gestiegen“.;Arbeitsmarkt;News, Arbeitsmarkt, Mann, Thüringen, Regionaldirektion;2026-07-31T11:14:43+02:00;2026-07-31T11:14:43+02:00;;dpa Thüringen;false
71de525bee2e63b3adb0326406892f6203e4870ea057879b97c9daac3cb25a1b;Wann und wo es in Baden-Württemberg kräftig Gewittern könnte;https://www.zeit.de/news/2026-07/31/wann-und-wo-es-in-baden-wuerttemberg-kraeftig-gewittern-koennte;Hier finden Sie Informationen zu dem Thema „DWD-Vorhersage für Freitag“. Lesen Sie jetzt „Wann und wo es in Baden-Württemberg kräftig Gewittern könnte“.;DWD-Vorhersage für Freitag;News, DWD-Vorhersage für Freitag, Bergland, Baden-Württemberg, Gewitter, Gewitterrisiko;2026-07-31T11:14:36+02:00;2026-07-31T11:14:36+02:00;;dpa Baden-Württemberg;false
fbbe8e632c8b6b89eefd80cde43708bd81064103f29a4d47caa7746c41a95eaf;Schwesig bei Rente einig mit Ost-Regierungschefs von der CDU;https://www.zeit.de/news/2026-07/31/schwesig-bei-rente-einig-mit-ost-regierungschefs-von-der-cdu;Hier finden Sie Informationen zu dem Thema „Kritik an Rentenreform“. Lesen Sie jetzt „Schwesig bei Rente einig mit Ost-Regierungschefs von der CDU“.;Kritik an Rentenreform;News, Kritik an Rentenreform, Manuela Schwesig, Schwerin, Ostdeutschland, Mecklenburg-Vorpommern, CDU, SPD, Rentenreform, Rente, Kritik;2026-07-31T11:13:59+02:00;2026-07-31T11:13:59+02:00;;dpa Mecklenburg-Vorpommern;false
9f02def4a682e322bd57d5ec5addaa764662a65b47f6ce5f1baf8ddc09fd5639;Commerzbank-Chefin: Weitere Gespräche mit Unicredit;https://www.zeit.de/news/2026-07/31/commerzbank-chefin-weitere-gespraeche-mit-unicredit;Hier finden Sie Informationen zu dem Thema „Übernahmekampf“. Lesen Sie jetzt „Commerzbank-Chefin: Weitere Gespräche mit Unicredit“.;Übernahmekampf;News, Übernahmekampf, Bettina Orlopp, Commerzbank, Handelsblatt, Unicredit, Bundesregierung, Hauptversammlung, Übernahmekampf, Großbank, Aktien;2026-07-31T11:12:37+02:00;2026-07-31T11:12:37+02:00;;dpa;false
96bd21f767569f668b2256e8a423bed2f86596ea97214d365d7daf42ecfbd34b;Ariana Grande und die Schattenseiten des Ruhms;https://www.zeit.de/news/2026-07/31/ariana-grande-und-die-schattenseiten-des-ruhms;Hier finden Sie Informationen zu dem Thema „Popstar mit neuem Album“. Lesen Sie jetzt „Ariana Grande und die Schattenseiten des Ruhms“.;Popstar mit neuem Album;News, Popstar mit neuem Album, Ariana Grande, Sängerin, New York Times, Schattenseite, Ruhm;2026-07-31T11:08:20+02:00;2026-07-31T11:08:20+02:00;;dpa;false
d16040ac9b4e4b14b167938130511f71731f667a026d7815a7d4da33464f3f28;Evakuierung in Königshain - Bombe erfolgreich entschärft;https://www.zeit.de/news/2026-07/31/bombenfund-evakuierung-in-koenigshain;Hier finden Sie Informationen zu dem Thema „80 Personen betroffen“. Lesen Sie jetzt „Evakuierung in Königshain - Bombe erfolgreich entschärft“.;80 Personen betroffen;News, 80 Personen betroffen, Königshain, Landkreis Görlitz, Polizei, Bombenfund, Weltkriegsbombe, Evakuierungsmaßnahme, Evakuierung;2026-07-31T11:04:03+02:00;2026-07-31T11:04:03+02:00;;dpa Sachsen;false
fca83bb599e782d1e5835264d0f4d60bb43f73f6806a5d87b4bfa4178d3353ca;«Weniger ist mehr» - Kaufen Verbraucher bewusster Fleisch?;https://www.zeit.de/news/2026-07/31/weniger-ist-mehr-kaufen-verbraucher-bewusster-fleisch;Hier finden Sie Informationen zu dem Thema „Landwirtschaft und Ernährung“. Lesen Sie jetzt „«Weniger ist mehr» - Kaufen Verbraucher bewusster Fleisch?“.;Landwirtschaft und Ernährung;News, Landwirtschaft und Ernährung, Alois Rainer, Henrik Wendorff, Olaf Mahr, Cem Özdemir, Wildau, Brandenburg, CSU, Rumpsteak, Schweinebauch;2026-07-31T11:03:38+02:00;2026-07-31T11:03:38+02:00;;dpa Berlin/Brandenburg;false
785b9006087babe86f685a40759fa35cab80fd06808b4430d641b6b9de3f5eaa;Mann soll Kinder in Schwimmbad missbraucht haben;https://www.zeit.de/news/2026-07/31/mann-soll-kinder-in-schwimmbad-missbraucht-haben;Hier finden Sie Informationen zu dem Thema „Oberkochen (Ostalbkreis)“. Lesen Sie jetzt „Mann soll Kinder in Schwimmbad missbraucht haben“.;Oberkochen (Ostalbkreis);News, Oberkochen (Ostalbkreis), Ostalbkreis, Schwimmbad, Kocherbad;2026-07-31T11:01:33+02:00;2026-07-31T11:01:33+02:00;;dpa Baden-Württemberg;false
e43fb6cfa1a41773f534c170b648e65c96046d4b42993a003005a99f32d28577;Kretschmer droht mit Nein bei Rente im Bundesrat;https://www.zeit.de/news/2026-07/31/kretschmer-droht-mit-nein-bei-rente-im-bundesrat;Hier finden Sie Informationen zu dem Thema „Rentenreform“. Lesen Sie jetzt „Kretschmer droht mit Nein bei Rente im Bundesrat“.;Rentenreform;News, Rentenreform, Michael Kretschmer, Sven Schulze, Sachsen, Thüringen, Sachsen-Anhalt, Bundesrat, CDU, RedaktionsNetzwerk Deutschland, SPD, Reformplan;2026-07-31T11:01:29+02:00;2026-07-31T11:01:29+02:00;;dpa;false
54b739d69e2db2386ebb438cc36a6bafea2f4a8ed2d85101ca754fe3e510b9e5;Spanien schätzt Zahl der nach Ceuta gelangten Menschen auf fast 50.000;https://www.zeit.de/gesellschaft/zeitgeschehen/2026-07/melilla-migranten-marokko-grenze-spanien-gxe;Innerhalb kurzer Zeit haben Zehntausende die Grenze nach Ceuta überwunden. Einige Menschen starben. Auch in die zweite spanische Exklave Melilla gelangten Migranten.;Spanische Exklave;Gesellschaft, Spanische Exklave, Migration, Ceuta, Melilla, Marokko, Europa, Polizei, Exklave;2026-07-31T10:53:47+02:00;2026-07-31T10:53:47+02:00;kzi;DIE ZEIT,        dpa,        Reuters,        AFP,        AP,        							kzi;false
456a41758e79e6432455db02ed6ecb4867e8a57a650aacfe8538a1c085c28105;Rheinenergie übernimmt EnBW-Energiedienstleistungsgeschäft;https://www.zeit.de/news/2026-07/31/rheinenergie-uebernimmt-enbw-energiedienstleistungsgeschaeft;Hier finden Sie Informationen zu dem Thema „Energieversorger“. Lesen Sie jetzt „Rheinenergie übernimmt EnBW-Energiedienstleistungsgeschäft“.;Energieversorger;News, Energieversorger, Köln, Handelsblatt, EnBW Energie Baden-Württemberg, Rheinenergie, Energieversorgungsunternehmen, Energiedienstleistung;2026-07-31T10:51:08+02:00;2026-07-31T10:51:08+02:00;;dpa Baden-Württemberg;false
3989d75576127b9413a4fb6479a9f338ded0219b91e617694e23d92512adb462;Zahl der Arbeitslosen steigt im Juli wieder auf über drei Millionen;https://www.zeit.de/arbeit/2026-07/arbeitslosenzahlen-deutschland-arbeitslosigkeit-bundesagentur-fuer-arbeit-gxe;Im Juli waren mehr als drei Millionen Menschen in Deutschland arbeitslos. Nach Angaben der Bundesagentur für Arbeit stieg die Zahl der Betroffenen um rund 71.000.;Arbeitslosenzahlen;Arbeit, Arbeitslosenzahlen, Arbeitslosenzahl, Bundesagentur für Arbeit, Arbeitsplatz, Arbeitsmarkt, Arbeitslosenquote;2026-07-31T10:47:51+02:00;2026-07-31T10:47:51+02:00;yil;DIE ZEIT,        Reuters,        dpa,        							yil;false
ccab71ef29c06de5fdb6454493dc777e2e2bb8559a89c69b5ca28917f9abfac0;Kinder sollen gezündelt und Brand ausgelöst haben;https://www.zeit.de/news/2026-07/31/kinder-sollen-gezuendelt-und-brand-ausgeloest-haben;Hier finden Sie Informationen zu dem Thema „Polizei ermittelt“. Lesen Sie jetzt „Kinder sollen gezündelt und Brand ausgelöst haben“.;Polizei ermittelt;News, Polizei ermittelt, Herbertingen, Sigmaringen, Polizei, Feuerwehr;2026-07-31T10:47:41+02:00;2026-07-31T10:47:41+02:00;;dpa Baden-Württemberg;false
7c0cf66a1299a7d2f7f1e54c280470b53b17a68dcd5f35a13f166e665e8d6ee1;Pegel Kaub im Rhein erreicht bisherigen Tiefstwert;https://www.zeit.de/news/2026-07/31/pegel-kaub-im-rhein-erreicht-bisherigen-tiefstwert;Hier finden Sie Informationen zu dem Thema „Wasserstände“. Lesen Sie jetzt „Pegel Kaub im Rhein erreicht bisherigen Tiefstwert“.;Wasserstände;News, Wasserstände, Kaub, Koblenz, Rhein, Lahn, Tiefstwert, Wasserstand, Niedrigwasser, Pegelstand, Schifffahrtsamt;2026-07-31T10:46:57+02:00;2026-07-31T10:46:57+02:00;;dpa Hessen;false
f36e0c43cf5036054ec82082c464563bf9537d4056cd6e99f3ca7bade56c198f;Neuer Prozess um Verfolgungsjagd mit fast tödlichem Ausgang;https://www.zeit.de/news/2026-07/31/neuer-prozess-um-verfolgungsjagd-mit-fast-toedlichem-ausgang;Hier finden Sie Informationen zu dem Thema „Landgericht Münster“. Lesen Sie jetzt „Neuer Prozess um Verfolgungsjagd mit fast tödlichem Ausgang“.;Landgericht Münster;News, Landgericht Münster, Münster, Staatsanwaltschaft, Verfolgungsjagd, Landgericht, Tatwerkzeug, Ausgang, Auto, Fahrzeug;2026-07-31T10:46:10+02:00;2026-07-31T10:46:10+02:00;;dpa Nordrhein-Westfalen;false
24d4274169fecb11ea2e810a408021ef2d57bb1ad9c8101a103d996f81c21439;Kretschmer: keine Kooperation mit der AfD - Kritik am Bund;https://www.zeit.de/news/2026-07/31/kretschmer-keine-kooperation-mit-der-afd-kritik-am-bund;Hier finden Sie Informationen zu dem Thema „Brandmauer-Debatte“. Lesen Sie jetzt „Kretschmer: keine Kooperation mit der AfD - Kritik am Bund“.;Brandmauer-Debatte;News, Brandmauer-Debatte, Michael Kretschmer, Sachsen, Handelsblatt, Alternative für Deutschland, CDU, Bundesregierung, Brandmauer, Kritik, Koalition;2026-07-31T10:45:46+02:00;2026-07-31T10:45:46+02:00;;dpa Sachsen;false
38bec761b8dd963b3efe2e1611604d15185c7733ca258a114f9ad0e4d0788372;Nach Schlossbrand: Drohnenbilder für Denkmalschutz;https://www.zeit.de/news/2026-07/31/nach-schlossbrand-drohnenbilder-fuer-denkmalschutz;Hier finden Sie Informationen zu dem Thema „Großeinsatz der Feuerwehr“. Lesen Sie jetzt „Nach Schlossbrand: Drohnenbilder für Denkmalschutz“.;Großeinsatz der Feuerwehr;News, Großeinsatz der Feuerwehr, Wallhausen, Feuerwehr, Drohnenbild, Schlossbrand, Denkmalschutz, Drohnenaufnahme, Großbrand, Großeinsatz;2026-07-31T10:45:05+02:00;2026-07-31T10:45:05+02:00;;dpa Sachsen;false
5f7b05bfbb4b9ae76dc230f69944af0328208d8a8d787e86ec4432014b2c0351;Deutliche Mehrheit erwartet keine Verbesserungen durch Kabinettsumbau;https://www.zeit.de/politik/deutschland/2026-07/zdf-politbarometer-kabinettumbau-friedrich-merz-regierung-gxe;Neue Minister, aber wenig neue Hoffnung: Die Unzufriedenheit mit der Bundesregierung bleibt laut »Politbarometer« hoch. Unterstützung kommt vor allem von Unionsanhängern.;ZDF-»Politbarometer«;Politik, ZDF-»Politbarometer«, Politbarometer, ZDF, Friedrich Merz, Bundesregierung, CDU, Alternative für Deutschland;2026-07-31T10:43:36+02:00;2026-07-31T10:43:36+02:00;jsp;DIE ZEIT,        AFP,        							jsp;false
160acce38f525ad0f0d624cbc449e09323e68011d6055be6294aa26c7ab63094;Quad fängt Feuer – Flammen greifen auf Hausfassade über;https://www.zeit.de/news/2026-07/31/quad-faengt-feuer-flammen-greifen-auf-hausfassade-ueber;Hier finden Sie Informationen zu dem Thema „Unteren fünfstelligen Betrag“. Lesen Sie jetzt „Quad fängt Feuer – Flammen greifen auf Hausfassade über“.;Unteren fünfstelligen Betrag;News, Unteren fünfstelligen Betrag, Frielendorf, Polizei, Hausfassade, Betrag;2026-07-31T10:43:22+02:00;2026-07-31T10:43:22+02:00;;dpa Hessen;false
2fb8d8e2727f6bf5af449441c32faf565d470d793d841da525ae105acd46b987;Mehr Optimismus in ostdeutscher Wirtschaft;https://www.zeit.de/news/2026-07/31/mehr-optimismus-in-ostdeutscher-wirtschaft;Hier finden Sie Informationen zu dem Thema „Geschäftsklima“. Lesen Sie jetzt „Mehr Optimismus in ostdeutscher Wirtschaft“.;Geschäftsklima;News, Geschäftsklima, Ostdeutschland, Dresden, Geschäftsklima, Geschäftsklimaindex;2026-07-31T10:38:30+02:00;2026-07-31T10:38:30+02:00;;dpa Berlin/Brandenburg;false
e0fb1f79ca90203468bb7f25af6dd12b06604f993cb70dedf2cde7dbe5521d77;Metalfans in Wacken müssen mit Gewitter rechnen;https://www.zeit.de/news/2026-07/31/metalfans-in-wacken-muessen-mit-gewitter-rechnen;Hier finden Sie Informationen zu dem Thema „Heavy-Metal-Festival“. Lesen Sie jetzt „Metalfans in Wacken müssen mit Gewitter rechnen“.;Heavy-Metal-Festival;News, Heavy-Metal-Festival, Gewitter, Hitzetag;2026-07-31T10:38:26+02:00;2026-07-31T10:38:26+02:00;;dpa Hamburg/Schleswig-Holstein;false
43d39838a935d50308fb1b4fdb820f91d871e15b2e907a9c5693a50058f15472;Italienische Fußballlegende Franco Baresi gestorben;https://www.zeit.de/sport/2026-07/franco-baresi-ac-mailand-tod-krankheit-falschmeldungen-gxe;Der Abwehrspieler, Weltmeister und mehrmalige Europacupsieger Franco Baresi ist tot. Er starb an den Folgen einer schweren Lungenerkrankung. Baresi wurde 66 Jahre alt.;Franco Baresi;Sport, Franco Baresi, AC Mailand, Mailand, Fußball, Italien, Profisport;2026-07-31T10:37:12+02:00;2026-07-31T10:37:12+02:00;jaca;DIE ZEIT,        dpa,        							jaca;false
c84190722fc422a828820f8c68b9a771fda8247a6aa3a373c5adc1b07bd987c2;Harzer Schmalspurbahnen schränken Zugverkehr zeitweise ein;https://www.zeit.de/news/2026-07/31/harzer-schmalspurbahnen-schraenken-zugverkehr-zeitweise-ein;Hier finden Sie Informationen zu dem Thema „Verkehr“. Lesen Sie jetzt „Harzer Schmalspurbahnen schränken Zugverkehr zeitweise ein“.;Verkehr;News, Verkehr, Nordhausen, Ilfeld, Harzer Schmalspurbahnen, Zugverkehr, Harzquerbahn, Verkehr;2026-07-31T10:35:10+02:00;2026-07-31T10:35:10+02:00;;dpa Sachsen;false
0eaede1477bda02386aecace2beb386e677df5708d00dee393894e4fb021631f;Gewitter und Sturmböen sorgten in MV für zahlreiche Einsätze;https://www.zeit.de/news/2026-07/31/gewitter-und-sturmboeen-sorgten-in-mv-fuer-zahlreiche-einsaetze;Hier finden Sie Informationen zu dem Thema „Unwetter“. Lesen Sie jetzt „Gewitter und Sturmböen sorgten in MV für zahlreiche Einsätze“.;Unwetter;News, Unwetter, Rostock, Mecklenburg-Vorpommern, Landkreis Ludwigslust-Parchim, Polizei, Feuerwehr, Gewitter, Sturmböe, Böe, Unwetter, Wetter;2026-07-31T10:34:25+02:00;2026-07-31T10:34:25+02:00;;dpa Mecklenburg-Vorpommern;false
ddd8dc0fe04b14fbdce82c142ebd6ff621fbcea17a214be277fe85f990c321e0;Juli-Arbeitslosigkeit so hoch wie seit fast 20 Jahren nicht;https://www.zeit.de/news/2026-07/31/juli-arbeitslosigkeit-so-hoch-wie-seit-fast-20-jahren-nicht;Hier finden Sie Informationen zu dem Thema „Arbeitsmarkt“. Lesen Sie jetzt „Juli-Arbeitslosigkeit so hoch wie seit fast 20 Jahren nicht“.;Arbeitsmarkt;News, Arbeitsmarkt, Markus Schmitz, Bayern, Nürnberg, Bundesagentur für Arbeit, Regionaldirektion, Arbeitslosenquote;2026-07-31T10:33:20+02:00;2026-07-31T10:33:20+02:00;;dpa Bayern;false
afe8ac11a633376fcaebd4baf1e64fdc3f00827261a06eafcf9ccbadebf97707;Sommerloch am Arbeitsmarkt - Mehr Arbeitslose;https://www.zeit.de/news/2026-07/31/sommerloch-am-arbeitsmarkt-mehr-arbeitslose;Hier finden Sie Informationen zu dem Thema „Regionaldirektion“. Lesen Sie jetzt „Sommerloch am Arbeitsmarkt - Mehr Arbeitslose“.;Regionaldirektion;News, Regionaldirektion, Hessen, Bundesagentur für Arbeit, Sommerloch, Regionaldirektion;2026-07-31T10:22:27+02:00;2026-07-31T10:22:27+02:00;;dpa Hessen;false
e7752b99bcb04bedff62f95526fd2780c93c9a23b1e0d20222b8d5a18f66c69e;Oberleitungen gestört - Wo brauchen Bahnreisende Geduld?;https://www.zeit.de/news/2026-07/31/oberleitungen-gestoert-wo-brauchen-bahnreisende-geduld;Hier finden Sie Informationen zu dem Thema „Bahnverkehr“. Lesen Sie jetzt „Oberleitungen gestört - Wo brauchen Bahnreisende Geduld?“.;Bahnverkehr;News, Bahnverkehr, Hamburg, Hannover, Berlin, Niedersachsen, Bremen, Uelzen, Oberleitung, Beeinträchtigung, Bahnverkehr, Zugstrecke;2026-07-31T10:21:55+02:00;2026-07-31T10:21:55+02:00;;dpa Hamburg/Schleswig-Holstein;false
99244820ac42752eb1f9e5c3059bff03478a93098469c4c661e515b42088e095;Mehr junge Menschen suchen Ausbildungsplatz;https://www.zeit.de/news/2026-07/31/mehr-junge-menschen-suchen-ausbildungsplatz;Hier finden Sie Informationen zu dem Thema „Bundesagentur für Arbeit“. Lesen Sie jetzt „Mehr junge Menschen suchen Ausbildungsplatz“.;Bundesagentur für Arbeit;News, Bundesagentur für Arbeit, Berlin, Bundesagentur für Arbeit, Ausbildungsplatz, Regionaldirektion;2026-07-31T10:20:19+02:00;2026-07-31T10:20:19+02:00;;dpa Berlin/Brandenburg;false
646a10a4f8445c157a4b97acf8639087c5234109b8d8214c803ad973590c9a0d;Auto erfasst Fußgänger – 44-Jähriger stirbt;https://www.zeit.de/news/2026-07/31/auto-erfasst-fussgaenger-44-jaehriger-stirbt;Hier finden Sie Informationen zu dem Thema „Unfall in der Oberpfalz“. Lesen Sie jetzt „Auto erfasst Fußgänger – 44-Jähriger stirbt“.;Unfall in der Oberpfalz;News, Unfall in der Oberpfalz, Oberpfalz, Waldershof, Staatsstraße, Landkreis Tirschenreuth, Polizei, Unfall, Auto;2026-07-31T10:11:13+02:00;2026-07-31T10:11:13+02:00;;dpa Bayern;false
dafe82f45d91333b329321918a33cb4fca9838ab2a62ccb05ef75c7212fb6a1f;Bahn: Sanierung der Strecke Nürnberg-Regensburg günstiger;https://www.zeit.de/news/2026-07/31/bahn-sanierung-der-strecke-nuernberg-regensburg-guenstiger;Hier finden Sie Informationen zu dem Thema „Bilanz zum Abschluss“. Lesen Sie jetzt „Bahn: Sanierung der Strecke Nürnberg-Regensburg günstiger“.;Bilanz zum Abschluss;News, Bilanz zum Abschluss, Nürnberg-Regensburg, Nürnberg, Regensburg, Sanierung, Infrago, Kostenprognose;2026-07-31T10:10:51+02:00;2026-07-31T10:10:51+02:00;;dpa Bayern;false
fbb9ad21fad6a3ad92fee208b76d1f777b5b76bd6cec7e3373541a4b91b3cd4f;230.000 Euro Beute nach Bankeinbruch: Verdächtige gefasst;https://www.zeit.de/news/2026-07/31/230-000-euro-beute-nach-bankeinbruch-verdaechtige-gefasst;Hier finden Sie Informationen zu dem Thema „Wilhelmshaven“. Lesen Sie jetzt „230.000 Euro Beute nach Bankeinbruch: Verdächtige gefasst“.;Wilhelmshaven;News, Wilhelmshaven, Wilhelmshaven, Polizei, Staatsanwaltschaft, Bankeinbruch, Geldinstitut;2026-07-31T10:05:18+02:00;2026-07-31T10:05:18+02:00;;dpa Niedersachsen;false
d3adf511eb8fe920be8e62b2a114bc87a63428694db90a0b6cfd2a234d8d28a8;Noch kein Ausbildungsplatz? Hier sind Plätze frei;https://www.zeit.de/news/2026-07/31/noch-kein-ausbildungsplatz-hier-sind-plaetze-frei;Hier finden Sie Informationen zu dem Thema „Berufsausbildung“. Lesen Sie jetzt „Noch kein Ausbildungsplatz? Hier sind Plätze frei“.;Berufsausbildung;News, Berufsausbildung, Markus Biercher, Mecklenburg-Vorpommern, Ausbildungsplatz, Berufsausbildung, Ausbildungsjahr, Regionaldirektion;2026-07-31T10:05:06+02:00;2026-07-31T10:05:06+02:00;;dpa Mecklenburg-Vorpommern;false
ff8ae1b48d8bf0f42ebd9a008bced065decddc37aebe3d66a6c42000ed05a791;Gericht untersagt Suno Nutzung urherberrechtlich geschützter Songs;https://www.zeit.de/feuilleton/musik/2026-07/gema-suno-ki-musik-urheberrecht-landgericht-muenchen-gxe;Der KI-Musikgenerator Suno soll Lieder wie »Atemlos« und »Daddy Cool« beinahe identisch wiedergegeben haben. Das Landgericht München hält das für unzulässig.;Gema gegen Suno;Feuilleton, Gema gegen Suno, künstliche Intelligenz, Musik, München, Landgericht;2026-07-31T10:02:55+02:00;2026-07-31T10:02:55+02:00;jsp;DIE ZEIT,        dpa,        							jsp;false
38c77bf80aa03fd11de1dbcecd7e1cfd066fbf4b4efd46d21effb76ceb3f8fc8;Kaisermania: Roland Kaiser singt für Zehntausende in Dresden;https://www.zeit.de/news/2026-07/31/kaisermania-roland-kaiser-singt-fuer-zehntausende-in-dresden;Hier finden Sie Informationen zu dem Thema „Musikevent“. Lesen Sie jetzt „Kaisermania: Roland Kaiser singt für Zehntausende in Dresden“.;Musikevent;News, Musikevent, Roland Kaiser, Hilton Dresden, Dresden, Westberlin, Filmnächte am Elbufer, Musikevent, Königsufer, Gastronomie;2026-07-31T10:02:25+02:00;2026-07-31T10:02:25+02:00;;dpa Sachsen;false
5735d14d176b49f9917d2b246e5cff8bb903a4942c130d2892d3df7b3a9a65fd;Reparieren statt wegwerfen – was sich für Kunden ändert;https://www.zeit.de/wirtschaft/2026-07/recht-auf-reparatur-eu-elektrogeraete-hersteller-gewaehrleistung-gxe;Neues Smartphone oder Reparatur? Oft ist Reparieren teuer oder nicht möglich – etwa weil Ersatzteile nicht zu bekommen sind. Das ändert sich jetzt. Die wichtigsten Fragen;Recht auf Reparatur;Wirtschaft, Recht auf Reparatur, Europäische Union, Smartphone, Software, Technologie;2026-07-31T10:01:04+02:00;2026-07-31T10:01:04+02:00;bda;DIE ZEIT,        KNA,        							bda;false
58894647590be86aa971c847776bc66195e3045e07f31e0856f55f4704bcd387;Mehr Arbeitslose in Rheinland-Pfalz - vor allem Junge;https://www.zeit.de/news/2026-07/31/mehr-arbeitslose-in-rheinland-pfalz-vor-allem-junge;Hier finden Sie Informationen zu dem Thema „Arbeitsmarkt“. Lesen Sie jetzt „Mehr Arbeitslose in Rheinland-Pfalz - vor allem Junge“.;Arbeitsmarkt;News, Arbeitsmarkt, Ulrike Mohr, Saarbrücken, Rheinland-Pfalz, Bundesagentur für Arbeit, Regionaldirektion;2026-07-31T10:00:10+02:00;2026-07-31T10:00:10+02:00;;dpa Rheinland-Pfalz/Saarland;false
2ffecca45f32ca27627707ec495185eaddf28b3bc0db2a483d4dcd7d4985e573;Sommerloch und Eintrübung - mehr Arbeitslose im Saarland;https://www.zeit.de/news/2026-07/31/sommerloch-und-eintruebung-mehr-arbeitslose-im-saarland;Hier finden Sie Informationen zu dem Thema „Arbeitsmarkt“. Lesen Sie jetzt „Sommerloch und Eintrübung - mehr Arbeitslose im Saarland“.;Arbeitsmarkt;News, Arbeitsmarkt, Saarland, Saarbrücken, Bundesagentur für Arbeit, Eintrübung, Sommerloch;2026-07-31T10:00:09+02:00;2026-07-31T10:00:09+02:00;;dpa Rheinland-Pfalz/Saarland;false
8f106998d9d75e335628f8c6be713b2fec1733c9847d970e2e7a0ab4444c068c;Arbeitslosenzahl im Juli in Hamburg deutlich gestiegen;https://www.zeit.de/news/2026-07/31/arbeitslosenzahl-im-juli-in-hamburg-deutlich-gestiegen;Hier finden Sie Informationen zu dem Thema „Arbeitsmarkt“. Lesen Sie jetzt „Arbeitslosenzahl im Juli in Hamburg deutlich gestiegen“.;Arbeitsmarkt;News, Arbeitsmarkt, Hamburg, Arbeitslosenzahl;2026-07-31T10:00:07+02:00;2026-07-31T10:00:07+02:00;;dpa Hamburg/Schleswig-Holstein;false
d897629f5206e5092fd191fc3cffbee4b8a4c28b603b7467e045d45a8060e8f7;Keine Rettungsgasse gebildet: Verfahren gegen Lkw-Fahrer;https://www.zeit.de/news/2026-07/31/keine-rettungsgasse-gebildet-verfahren-gegen-lkw-fahrer;Hier finden Sie Informationen zu dem Thema „Verkehr“. Lesen Sie jetzt „Keine Rettungsgasse gebildet: Verfahren gegen Lkw-Fahrer“.;Verkehr;News, Verkehr, Landau, Polizei, Rettungsgasse, Blaulicht, Verkehr, Einsatzkraft;2026-07-31T09:59:06+02:00;2026-07-31T09:59:06+02:00;;dpa Rheinland-Pfalz/Saarland;false
5fcb0b3c53c65a9b2e025dc57a21e0a0c5b95be888d0e287dc467be053d00a42;Mehr Arbeitslose in Sachsen-Anhalt im Juli;https://www.zeit.de/news/2026-07/31/mehr-arbeitslose-in-sachsen-anhalt-im-juli;Hier finden Sie Informationen zu dem Thema „Arbeitsmarkt“. Lesen Sie jetzt „Mehr Arbeitslose in Sachsen-Anhalt im Juli“.;Arbeitsmarkt;News, Arbeitsmarkt, Sachsen-Anhalt, Bundesagentur für Arbeit, Regionaldirektion, Arbeitslosenquote;2026-07-31T09:55:11+02:00;2026-07-31T09:55:11+02:00;;dpa Sachsen;false
0ac93a704763d1d6f6c8c9ad2898006f4ae8e7c96beeb181c5a33a6d375d6e7a;Mehr Arbeitslose in Berlin im Juli;https://www.zeit.de/news/2026-07/31/mehr-arbeitslose-in-berlin-im-juli;Hier finden Sie Informationen zu dem Thema „Arbeitsmarkt“. Lesen Sie jetzt „Mehr Arbeitslose in Berlin im Juli“.;Arbeitsmarkt;News, Arbeitsmarkt, Berlin, Regionaldirektion;2026-07-31T09:55:11+02:00;2026-07-31T09:55:11+02:00;;dpa Berlin/Brandenburg;false
148d9dda2339b032d00ebf135fb36e86e2bd2aaade500f33b04a22420bd4f036;Sommerflaute lässt Arbeitslosigkeit in Niedersachsen steigen;https://www.zeit.de/news/2026-07/31/sommerflaute-laesst-arbeitslosigkeit-in-niedersachsen-steigen;Hier finden Sie Informationen zu dem Thema „Arbeitsmarkt“. Lesen Sie jetzt „Sommerflaute lässt Arbeitslosigkeit in Niedersachsen steigen“.;Arbeitsmarkt;News, Arbeitsmarkt, Niedersachsen, Sommerflaute, Regionaldirektion, Arbeitslosigkeit, Sommer;2026-07-31T09:55:10+02:00;2026-07-31T09:55:10+02:00;;dpa Niedersachsen;false
cb9c2450147eeab2a53f721cd35bd9425d17fe5de1645b7f041f096392e5a889;Sommerflaute lässt Arbeitslosigkeit in Bremen steigen;https://www.zeit.de/news/2026-07/31/sommerflaute-laesst-arbeitslosigkeit-in-bremen-steigen;Hier finden Sie Informationen zu dem Thema „Arbeitsmarkt“. Lesen Sie jetzt „Sommerflaute lässt Arbeitslosigkeit in Bremen steigen“.;Arbeitsmarkt;News, Arbeitsmarkt, Bremen, Sommerflaute, Regionaldirektion, Arbeitslosigkeit, Sommer;2026-07-31T09:55:10+02:00;2026-07-31T09:55:10+02:00;;dpa Niedersachsen;false
57e019f7eae4a38561b9b6b596aedda1a8bc618d4bf2568d6a7f0ed613e46b9f;Arbeitslosigkeit im Juli in Baden-Württemberg gestiegen;https://www.zeit.de/news/2026-07/31/arbeitslosigkeit-im-juli-in-baden-wuerttemberg-gestiegen;Hier finden Sie Informationen zu dem Thema „Arbeitsmarkt“. Lesen Sie jetzt „Arbeitslosigkeit im Juli in Baden-Württemberg gestiegen“.;Arbeitsmarkt;News, Arbeitsmarkt, Baden-Württemberg, Vormonat, Arbeitslosigkeit;2026-07-31T09:55:09+02:00;2026-07-31T09:55:09+02:00;;dpa Baden-Württemberg;false
40730f5f069f3ae3653912616b71ed1d9880429402067162e3b2a6baa5661002;Arbeitslosigkeit in Brandenburg ist im Juli gestiegen;https://www.zeit.de/news/2026-07/31/arbeitslosigkeit-in-brandenburg-ist-im-juli-gestiegen;Hier finden Sie Informationen zu dem Thema „Arbeitsmarkt“. Lesen Sie jetzt „Arbeitslosigkeit in Brandenburg ist im Juli gestiegen“.;Arbeitsmarkt;News, Arbeitsmarkt, Brandenburg, Arbeitslosigkeit;2026-07-31T09:55:09+02:00;2026-07-31T09:55:09+02:00;;dpa Berlin/Brandenburg;false
37b183f83c380f2f17bbab83cc7c7b26c8ff18d6f2df795b13bd37e81eb25162;Zahl der Arbeitslosen in NRW nimmt zu;https://www.zeit.de/news/2026-07/31/zahl-der-arbeitslosen-in-nrw-nimmt-zu;Hier finden Sie Informationen zu dem Thema „Arbeitsmarkt“. Lesen Sie jetzt „Zahl der Arbeitslosen in NRW nimmt zu“.;Arbeitsmarkt;News, Arbeitsmarkt, Roland Schüßler, NRW, Nordrhein-Westfalen, Düsseldorf, Bundesagentur für Arbeit, Regionaldirektion, Arbeitslosenquote;2026-07-31T09:55:08+02:00;2026-07-31T09:55:08+02:00;;dpa Nordrhein-Westfalen;false
40a52f0e7586019d75bebf8904c72eb0f7a03c0b25b5198b9fc3cd9863811fcb;Arbeitsmarkt in Bayern bleibt angespannt;https://www.zeit.de/news/2026-07/31/arbeitsmarkt-in-bayern-bleibt-angespannt;Hier finden Sie Informationen zu dem Thema „Arbeitsmarkt“. Lesen Sie jetzt „Arbeitsmarkt in Bayern bleibt angespannt“.;Arbeitsmarkt;News, Arbeitsmarkt, Bayern;2026-07-31T09:55:07+02:00;2026-07-31T09:55:07+02:00;;dpa Bayern;false
3110a105c8ef191ded3bbc830cfc01c8b80513d552054de734b3f8152e4ba19b;Mehr Arbeitslose im Juli in Schleswig-Holstein;https://www.zeit.de/news/2026-07/31/mehr-arbeitslose-im-juli-in-schleswig-holstein;Hier finden Sie Informationen zu dem Thema „Arbeitsmarkt“. Lesen Sie jetzt „Mehr Arbeitslose im Juli in Schleswig-Holstein“.;Arbeitsmarkt;News, Arbeitsmarkt, Schleswig-Holstein, Regionaldirektion, Arbeitslosenquote;2026-07-31T09:55:06+02:00;2026-07-31T09:55:06+02:00;;dpa Hamburg/Schleswig-Holstein;false
e56c40d7335a59b43be0bb7c67f76aab6194bb5ab8a2364740fe60815bde53b7;Mehr Arbeitslose im Juli in Mecklenburg-Vorpommern;https://www.zeit.de/news/2026-07/31/mehr-arbeitslose-im-juli-in-mecklenburg-vorpommern;Hier finden Sie Informationen zu dem Thema „Arbeitsmarkt“. Lesen Sie jetzt „Mehr Arbeitslose im Juli in Mecklenburg-Vorpommern“.;Arbeitsmarkt;News, Arbeitsmarkt, Mecklenburg-Vorpommern, Regionaldirektion, Arbeitslosenquote;2026-07-31T09:55:05+02:00;2026-07-31T09:55:05+02:00;;dpa Mecklenburg-Vorpommern;false
5a1f875166eb8972f447faf2cd66417abc9d148b2433bd2d9d4f926f356696de;1860-Coach vor Ligastart: «Als Favoriten sehe ich uns nicht»;https://www.zeit.de/news/2026-07/31/1860-coach-vor-ligastart-als-favoriten-sehe-ich-uns-nicht;Hier finden Sie Informationen zu dem Thema „Fußball-Regionalliga“. Lesen Sie jetzt „1860-Coach vor Ligastart: «Als Favoriten sehe ich uns nicht»“.;Fußball-Regionalliga;News, Fußball-Regionalliga, Schweinfurt, München, BR, 1. FC Schweinfurt, TSV 1860, Fußball-Regionalliga, TSV 1860 München, Bayerischer Fußballverband, Ligastart, Regionalliga;2026-07-31T09:49:33+02:00;2026-07-31T09:49:33+02:00;;dpa Bayern;false
57870f442ed858e8d00d6d6cac950982b92acc99074f41d43ebad34a067787b7;Starker Wind erschwert Löscharbeiten in der Türkei und Griechenland;https://www.zeit.de/gesellschaft/zeitgeschehen/2026-07/waldbraende-griechenland-tuerkei-frankreich-spanien-feuerwehr-gxe;Orkanartige Winde fachen auf Kreta die Feuer an, viele Einsatzkräfte sind völlig erschöpft. In der Türkei sind derzeit noch sechs Waldbrände aktiv. Ein Überblick;Waldbrände in Südeuropa;Gesellschaft, Waldbrände in Südeuropa, Türkei, Griechenland, Feuerwehr, Waldbrand, Hitze, Brand;2026-07-31T09:47:43+02:00;2026-07-31T09:47:43+02:00;jsp;DIE ZEIT,        dpa,        							jsp;false
dda37258b517505cea63ee4fec0d73bc909b354ab9090b8ba3ff8418757b05d8;Motorradfahrer ohne Führerschein in Arnstadt verletzt;https://www.zeit.de/news/2026-07/31/motorradfahrer-ohne-fuehrerschein-in-arnstadt-verletzt;Hier finden Sie Informationen zu dem Thema „Schwerer Unfall“. Lesen Sie jetzt „Motorradfahrer ohne Führerschein in Arnstadt verletzt“.;Schwerer Unfall;News, Schwerer Unfall, Arnstadt, Führerschein, Unfall;2026-07-31T09:29:04+02:00;2026-07-31T09:29:04+02:00;;dpa Thüringen;false
c544792ce6c52221b14f8dc18749ee27caa449f8a7686296f004fe5fd5a6cebe;Nach Hitze und Gewittern – Wie geht es weiter?;https://www.zeit.de/news/2026-07/31/nach-hitze-und-gewittern-wie-geht-es-weiter;Hier finden Sie Informationen zu dem Thema „Wetter“. Lesen Sie jetzt „Nach Hitze und Gewittern – Wie geht es weiter?“.;Wetter;News, Wetter, Hannover, Faßberg, Niedersachsen, Bremen, Landkreis Celle, Gewitter, Hitze, Wetter, Unwetter;2026-07-31T09:24:28+02:00;2026-07-31T09:24:28+02:00;;dpa Niedersachsen;false
c7960c0c9c50f6a00e832bfdc3df9c02eeea1a44a06c2558eded39f972f8b7da;182,50 Euro: Anwohnerparken kostet in Rostock am meisten;https://www.zeit.de/news/2026-07/30/182-50-euro-anwohnerparken-kostet-in-rostock-am-meisten;Hier finden Sie Informationen zu dem Thema „Wohnen und Auto“. Lesen Sie jetzt „182,50 Euro: Anwohnerparken kostet in Rostock am meisten“.;Wohnen und Auto;News, Wohnen und Auto, Rostock, Greifswald, Mecklenburg-Vorpommern, Anwohnerparken, Anwohnerparkzone, Parkausweis, Auto;2026-07-31T09:21:24+02:00;2026-07-31T09:21:24+02:00;;dpa Mecklenburg-Vorpommern;false
b33de907bf50d551e07a77d8bb2e88ae9da7915260e4e03aeb4c564d308a9943;Reul mahnt Maß bei Merz-Kritik an: Liefern, nicht streiten;https://www.zeit.de/news/2026-07/31/reul-mahnt-mass-bei-merz-kritik-an-liefern-nicht-streiten;Hier finden Sie Informationen zu dem Thema „Altersweisheit“. Lesen Sie jetzt „Reul mahnt Maß bei Merz-Kritik an: Liefern, nicht streiten“.;Altersweisheit;News, Altersweisheit, Herbert Reul, Friedrich Merz, Nordrhein-Westfalen, Deutschlandfunk, CDU, Alternative für Deutschland, Altersweisheit, Führungsdebatte, Kritik;2026-07-31T09:19:52+02:00;2026-07-31T09:19:52+02:00;;dpa Nordrhein-Westfalen;false
86352348dd31c4c1cea6a735781aa2aa05bfcddef458269a14e6153e9f6a4769;Jugendliche in Mühlhausen aus dem Fenster gestürzt;https://www.zeit.de/news/2026-07/31/maedchen-in-muehlhausen-aus-dem-fenster-gestuerzt;Hier finden Sie Informationen zu dem Thema „Schwerste Verletzungen“. Lesen Sie jetzt „Jugendliche in Mühlhausen aus dem Fenster gestürzt“.;Schwerste Verletzungen;News, Schwerste Verletzungen, Mühlhausen, Verletzung;2026-07-31T09:18:35+02:00;2026-07-31T09:18:35+02:00;;dpa Thüringen;false
419f13f17663f85ebca9f400c3db75874c9ad63f9e9d0bd55b961752516372f7;Nach Zusammenstoß mit Auto - Motorradfahrer stirbt in Klinik;https://www.zeit.de/news/2026-07/31/nach-zusammenstoss-mit-auto-motorradfahrer-stirbt-in-klinik;Hier finden Sie Informationen zu dem Thema „Verkehr“. Lesen Sie jetzt „Nach Zusammenstoß mit Auto - Motorradfahrer stirbt in Klinik“.;Verkehr;News, Verkehr, Zusammenstoß, Verkehr, Auto;2026-07-31T09:16:25+02:00;2026-07-31T09:16:25+02:00;;dpa Bayern;false
f67a634b79413be1c70471de30be97695f5128f67e3c0aeedef70f07d8928136;Zufällige Festnahme am Bahnhof: Mann muss vier Jahre in Haft;https://www.zeit.de/news/2026-07/31/zufaellige-festnahme-am-bahnhof-mann-muss-vier-jahre-in-haft;Hier finden Sie Informationen zu dem Thema „Per Haftbefehl gesucht“. Lesen Sie jetzt „Zufällige Festnahme am Bahnhof: Mann muss vier Jahre in Haft“.;Per Haftbefehl gesucht;News, Per Haftbefehl gesucht, Hauptbahnhof, Bahnhof, Festnahme;2026-07-31T09:15:26+02:00;2026-07-31T09:15:26+02:00;;dpa Niedersachsen;false
c1caabf6cd3230c66bfbd696bedc4aee858a24a725241f9f35ce325fcdfa7196;Betrunkener Fahrradfahrer bei Unfall schwer verletzt;https://www.zeit.de/news/2026-07/31/betrunkener-fahrradfahrer-bei-unfall-schwer-verletzt;Hier finden Sie Informationen zu dem Thema „Unfall“. Lesen Sie jetzt „Betrunkener Fahrradfahrer bei Unfall schwer verletzt“.;Unfall;News, Unfall, Hohen Neuendorf, Oberhavel, Unfall, Verkehrsunfall;2026-07-31T09:13:07+02:00;2026-07-31T09:13:07+02:00;;dpa Berlin/Brandenburg;false
4ee2c763e2a573b76771f9ae5ee8db2cc431576db6fbfdbbfc819ed1c9188502;Reul: Freilassung von Gefährder kann man sich nicht erlauben;https://www.zeit.de/news/2026-07/31/reul-freilassung-von-gefaehrder-kann-man-sich-nicht-erlauben;Hier finden Sie Informationen zu dem Thema „Repression und Rechtsstaat“. Lesen Sie jetzt „Reul: Freilassung von Gefährder kann man sich nicht erlauben“.;Repression und Rechtsstaat;News, Repression und Rechtsstaat, Herbert Reul, Abdul B., Berlin, NRW, Nordrhein-Westfalen, Deutschlandfunk, CDU, Christopher Street Day, Freilassung, Rechtsstaat;2026-07-31T09:05:31+02:00;2026-07-31T09:05:31+02:00;;dpa Nordrhein-Westfalen;false
f980db7b51d6736eec061a1bbe4af56cd3950623308e9f07f99a5f681ce880f9;VfL Wolfsburg kämpft um den Aufstieg - und ein anderes Image;https://www.zeit.de/news/2026-07/31/vfl-wolfsburg-kaempft-um-den-aufstieg-und-ein-anderes-image;Hier finden Sie Informationen zu dem Thema „2. Fußball-Bundesliga“. Lesen Sie jetzt „VfL Wolfsburg kämpft um den Aufstieg - und ein anderes Image“.;2. Fußball-Bundesliga;News, 2. Fußball-Bundesliga, Oliver Blume, Tobias Strobl, Felix Kroos, Dieter Hecking, Wolfsburg, Niedersachsen, VW, Volkswagen, VfL Wolfsburg, RTL;2026-07-31T09:00:06+02:00;2026-07-31T09:00:06+02:00;;dpa Niedersachsen;false
8681003460351e80c079edd1c2f0aa288ae6ffca5b2b4593913407bf34bb70c9;Feuer auf altem Militärgelände in Jüterbog eingedämmt;https://www.zeit.de/news/2026-07/31/feuer-auf-altem-militaergelaende-in-jueterbog-brennt-weiter;Hier finden Sie Informationen zu dem Thema „250 Hektar in Flammen“. Lesen Sie jetzt „Feuer auf altem Militärgelände in Jüterbog eingedämmt“.;250 Hektar in Flammen;News, 250 Hektar in Flammen, Jüterbog, Feuerwehr, Militärgelände, Regionalleitstelle;2026-07-31T08:59:37+02:00;2026-07-31T08:59:37+02:00;;dpa Berlin/Brandenburg;false
fea94f7095f124caf073a7bec38b0bca9214635618ca5a4299bf784895245a15;Vorläufige Daten: Neuer Juli-Hitzerekord in Thüringen;https://www.zeit.de/news/2026-07/31/vorlaeufige-daten-neuer-juli-hitzerekord-in-thueringen;Hier finden Sie Informationen zu dem Thema „Hitzewelle“. Lesen Sie jetzt „Vorläufige Daten: Neuer Juli-Hitzerekord in Thüringen“.;Hitzewelle;News, Hitzewelle, Thüringen, DWD, Temperaturrekord, Kyffhäuserkreis, Hitzewelle;2026-07-31T08:53:55+02:00;2026-07-31T08:53:55+02:00;;dpa Thüringen;false
922c034ec3e3dec91e2a4a54be97cc1bfb2c22446d27cb9efbaf595cf0ed1182;Ermittlungen nach Feuer: Bauarbeiten im Fokus;https://www.zeit.de/news/2026-07/31/ermittlungen-nach-feuer-bauarbeiten-im-fokus;Hier finden Sie Informationen zu dem Thema „Brände“. Lesen Sie jetzt „Ermittlungen nach Feuer: Bauarbeiten im Fokus“.;Brände;News, Brände, Main-Kinzig, Flächenbrand, Brand;2026-07-31T08:51:37+02:00;2026-07-31T08:51:37+02:00;;dpa Hessen;false
fc66182a3ba221f8f4cb511f4010ea2cb7615ac560d08b6a8c79158a0c4c4589;FIFA nach UEFA-Drohung: «Niemand verkauft den Fußball»;https://www.zeit.de/news/2026-07/31/fifa-nach-uefa-drohung-niemand-verkauft-den-fussball;Hier finden Sie Informationen zu dem Thema „Reaktion auf scharfe Kritik“. Lesen Sie jetzt „FIFA nach UEFA-Drohung: «Niemand verkauft den Fußball»“.;Reaktion auf scharfe Kritik;News, Reaktion auf scharfe Kritik, Fifa, Uefa, Fußball, Kritik;2026-07-31T08:41:24+02:00;2026-07-31T08:41:24+02:00;;dpa;false
e2c41a7054bccb6a159d5659ab45b48906d360aad3e0e3d7914b82a753faaea4;Vorläufige Daten: Neuer Juli-Hitzerekord in Sachsen;https://www.zeit.de/news/2026-07/31/vorlaeufige-daten-neuer-juli-hitzerekord-in-sachsen;Hier finden Sie Informationen zu dem Thema „Hitzewelle“. Lesen Sie jetzt „Vorläufige Daten: Neuer Juli-Hitzerekord in Sachsen“.;Hitzewelle;News, Hitzewelle, Sachsen, Klitzschen, DWD, Temperaturrekord, Hitzewelle;2026-07-31T08:38:43+02:00;2026-07-31T08:38:43+02:00;;dpa Sachsen;false
4fb2721124883fab70fe9e74c229702d0f0c5e8293475de5683c7732f21bbf0c;Griechenland und Türkei kämpfen weiter gegen schwere Brände;https://www.zeit.de/news/2026-07/31/griechenland-und-tuerkei-kaempfen-weiter-gegen-schwere-braende;Hier finden Sie Informationen zu dem Thema „Waldbrände in Südeuropa“. Lesen Sie jetzt „Griechenland und Türkei kämpfen weiter gegen schwere Brände“.;Waldbrände in Südeuropa;News, Waldbrände in Südeuropa, Laurent Nuñez, Griechenland, Türkei, Südeuropa, Frankreich, Spanien, Atlantikküste, Lacanau, Südfrankreich, Feuerwehr;2026-07-31T08:35:50+02:00;2026-07-31T08:35:50+02:00;;dpa;false
9f34e9596be3cc3bc4ad7cc1bb3868514653ce4fd611f22cfce4268092457d89;Motorrad überschlägt sich – Fahrer schwer verletzt;https://www.zeit.de/news/2026-07/31/motorrad-ueberschlaegt-sich-fahrer-schwer-verletzt;Hier finden Sie Informationen zu dem Thema „In einer Rechtskurve“. Lesen Sie jetzt „Motorrad überschlägt sich – Fahrer schwer verletzt“.;In einer Rechtskurve;News, In einer Rechtskurve, Polizei, Rechtskurve, Motorrad;2026-07-31T08:30:38+02:00;2026-07-31T08:30:38+02:00;;dpa Hessen;false
26dbcf292b807e2a8c165c815b99515dbd244b96ee3aee0449a4adbce5dd75e2;Landeswahlleiter: Berlin ist gut auf Wahl vorbereitet;https://www.zeit.de/news/2026-07/31/landeswahlleiter-berlin-ist-gut-auf-wahl-vorbereitet;Hier finden Sie Informationen zu dem Thema „Abgeordnetenhauswahl“. Lesen Sie jetzt „Landeswahlleiter: Berlin ist gut auf Wahl vorbereitet“.;Abgeordnetenhauswahl;News, Abgeordnetenhauswahl, Stephan Bröchler, Berlin, Abgeordnetenhauswahl, Abgeordnetenhaus, Desinformation;2026-07-31T08:24:23+02:00;2026-07-31T08:24:23+02:00;;dpa Berlin/Brandenburg;false
359accfe6cea61ecbb303c86b27376d37cdd9ce33fdd38ac336d35cde7cd1088;Jetzt mal was anderes;https://www.zeit.de/2026/33/jugendwort-des-jahres-abstimmung-six-seven-crashout-ragebait;Der Langenscheidt-Verlag sucht das Jugendwort des Jahres. Wir denken in diesem Zusammenhang auch an den Bundeskanzler.;"Z+ (abopflichtiger Inhalt);
        
    Jugendwort des Jahres";Politik, Jugendwort des Jahres, Sprache, Jugendliche, Alter, Generation;2026-07-31T08:23:46+02:00;2026-07-31T08:23:46+02:00;Peter Dausend;Aus der        ZEIT Nr. 33/2026;false
256b381a7771beea0d47170669228bfff3b96b239b68f223e2f3226afe32b66c;Gewitter und Starkregen auch am Freitag im Norden möglich;https://www.zeit.de/news/2026-07/31/gewitter-und-starkregen-auch-am-freitag-im-norden-moeglich;Hier finden Sie Informationen zu dem Thema „Wetter“. Lesen Sie jetzt „Gewitter und Starkregen auch am Freitag im Norden möglich“.;Wetter;News, Wetter, Schleswig-Holstein, Hamburg, DWD, Gewitter, Unwetterpotenzial, Starkregen, Wetter;2026-07-31T08:16:37+02:00;2026-07-31T08:16:37+02:00;;dpa Hamburg/Schleswig-Holstein;false
ca8349af25c57bbdbad7123f1a87883ac0fc6396e3a019bddfd04c5a3d5b0a20;16-Jährige täuscht Vergewaltigung in Stuttgart vor;https://www.zeit.de/news/2026-07/31/16-jaehrige-taeuscht-vergewaltigung-in-stuttgart-vor;Hier finden Sie Informationen zu dem Thema „Polizei ermittelt“. Lesen Sie jetzt „16-Jährige täuscht Vergewaltigung in Stuttgart vor“.;Polizei ermittelt;News, Polizei ermittelt, Stuttgart, Polizei, Vergewaltigung;2026-07-31T08:15:04+02:00;2026-07-31T08:15:04+02:00;;dpa Baden-Württemberg;false
93dce9f21a298d4a07bba1710704ca6bd084b8d1394973bf67d7fdadf009a63f;Verband stellt sich hinter Forderung der Grünen nach Hitzegipfel;https://www.zeit.de/politik/deutschland/2026-07/klima-allianz-deutschland-hitzeschutz-klimaanpassung-bundesregierung-gemeinschaftsaufgabe-gxe;Die Klima-Allianz fordert angesichts der Hitze schnelles Handeln von der Bundesregierung. Zudem schließt sie sich einer Grünen-Forderung nach einem Hitzegipfel an.;Hitze in Deutschland;Politik, Hitze in Deutschland, Bundesregierung, Hitze, Klimawandel, Klimaschutz, Hitzewelle;2026-07-31T08:11:46+02:00;2026-07-31T08:11:46+02:00;kzi;DIE ZEIT,        epd,        							kzi;false
2cdf967f26aecc221949f4edc6ac3f77962dedb1da1ad96a4f61db76e6afaf92;Fifa wirft Medien »fehlerhafte Berichterstattung« vor;https://www.zeit.de/sport/2026-07/fifa-investoren-plaene-fussball-wm-tochtergesellschaft-gxe;»Niemand verkauft den Fußball«: Die Fifa verteidigt Infantinos Investorenpläne. Zuvor hatten die Uefa und die Fußballverbände Nord- und Mittelamerikas diese abgelehnt.;Absage der Concacaf und Uefa;Sport, Absage der Concacaf und Uefa, Gianni Infantino, Mittelamerika, Fifa, Uefa, Fußball-WM, Berichterstattung, Fußball;2026-07-31T08:11:07+02:00;2026-07-31T08:11:07+02:00;kzi;DIE ZEIT,        SID,        dpa,        							kzi;false
a4bbc47dffad3e8b8a19713826933bd32fe60523abc46e53a3d4111e287c13ab;Auto fährt auf Sattelzug auf: Fahrer stirbt auf A14;https://www.zeit.de/news/2026-07/31/auto-faehrt-auf-sattelzug-auf-fahrer-stirbt-auf-a14;Hier finden Sie Informationen zu dem Thema „Tödlicher Unfall bei Schwerin“. Lesen Sie jetzt „Auto fährt auf Sattelzug auf: Fahrer stirbt auf A14“.;Tödlicher Unfall bei Schwerin;News, Tödlicher Unfall bei Schwerin, Schwerin, Schwerin-Nord, Landkreis Nordwestmecklenburg, Polizei, Sattelzug, Unfall, Anschlussstelle, Auto;2026-07-31T08:05:34+02:00;2026-07-31T08:05:34+02:00;;dpa Mecklenburg-Vorpommern;false
bbac62087ec57f735e5294866f87a4c7b2fc35e58cb6f243d638fa481866cbcd;»Trage, wenn möglich, die Kleidung deiner Eltern und Großeltern«;https://www.zeit.de/zeit-magazin/2026/33/christine-webb-ratschlaege-leben;Die Primatologin Christine Webb verrät, was sie gerne früher im Leben gewusst hätte. Zum Beispiel, was sie durch die Arbeit mit Schimpansen gelernt hat.;"Z+ (abopflichtiger Inhalt);
        
    Christine Webb";Alltag, Schimpanse;2026-07-31T08:02:03+02:00;2026-07-31T08:02:03+02:00;Carlo Mariani;Aus dem        ZEITmagazin Nr. 33/2026;false
29ce44a61f46d95317729ca6a2114733c5aefb14026c64f9b1693607857d0cb0;Haben Ihre Eltern viel gearbeitet?;https://www.zeit.de/arbeit/2026-07/berufstaetige-eltern-vollzeit-arbeit-aufwachsen-aufruf;Wenn Eltern zu viel arbeiten, bekommen das auch die Kinder mit. Manche erinnern sich an das Alleinsein, andere an Streit zu Hause. Kennen Sie das? Erzählen Sie uns davon.;Berufstätige Eltern;Arbeit, Berufstätige Eltern, Mütter, Väter, Arbeitsmarkt, Familie, Kinder;2026-07-31T08:01:12+02:00;2026-07-31T08:01:12+02:00;Victor Meuche;;false
f9cc24cdec7465090a106dd20aac9af557fb9559dc31f41b52e4e209ff159e04;A14 wird wegen Brückenabriss bei Grimma voll gesperrt;https://www.zeit.de/news/2026-07/31/a14-wird-wegen-brueckenabriss-bei-grimma-voll-gesperrt;Hier finden Sie Informationen zu dem Thema „Brückenschäden“. Lesen Sie jetzt „A14 wird wegen Brückenabriss bei Grimma voll gesperrt“.;Brückenschäden;News, Brückenschäden, Grimma, Mutzschen, Leipzig, Landkreis Leipzig, die Autobahn GmbH des Bundes, Brückenabriss, Brückenschaden;2026-07-31T08:00:42+02:00;2026-07-31T08:00:42+02:00;;dpa Sachsen;false
09fabf701b8096019d540dc64a8369a9a68419b4bd7a101eb11995f7f6692285;Austausch bei Trumpisten;https://www.zeit.de/bildung/2026-07/austauschschueler-usa-einreise-meinung-bildung-erfahrungen;In diesen Tagen reisen wieder Tausende Austauschschüler in die USA. Aber macht das noch Spaß bei dieser Politik? Drei Rückkehrerinnen erzählen.;"Z+ (abopflichtiger Inhalt);
        
    Austauschschüler";Bildung, Austauschschüler, Schüleraustausch, USA, Schule, Jugendliche, Republikaner (USA), Bildung;2026-07-31T07:57:43+02:00;2026-07-31T07:57:43+02:00;Dr. Astrid Herbold;;false
ff5d64c00d82ce2c9d47cf773d5b8a4e6333fab2cc243eaf0763afa968849563;Gestohlenes Auto kracht in Motorrad – Zwei Verletzte;https://www.zeit.de/news/2026-07/31/gestohlenes-auto-kracht-in-motorrad-zwei-verletzte;Hier finden Sie Informationen zu dem Thema „Ins Krankenhaus gebracht“. Lesen Sie jetzt „Gestohlenes Auto kracht in Motorrad – Zwei Verletzte“.;Ins Krankenhaus gebracht;News, Ins Krankenhaus gebracht, Leipzig, Polizei, Motorrad, Auto;2026-07-31T07:55:48+02:00;2026-07-31T07:55:48+02:00;;dpa Sachsen;false
906c8e765fae4a62e9e05158da09a4c57ee04e96c258dfdd72757048de3ece2f;Jetzt bloß nicht spalten lassen?;https://www.zeit.de/politik/2026-07/anschlag-csd-berlin-islamismus-muslime-5vor8;Das klingt gut. Aber nach dem Terroranschlag auf den CSD in Berlin braucht es eine neue Brandmauer – gegenüber dem reaktionären Islam.;"Z+ (abopflichtiger Inhalt);
        
    Anschlag auf den CSD";Politik, Anschlag auf den CSD, Berlin, Bundesrepublik Deutschland, ZDF, Christopher Street Day, Homosexualität, Islam;2026-07-31T07:54:58+02:00;2026-07-31T07:54:58+02:00;Jochen Bittner;;false
2b4eddad94700c670f716c2bbc403a0238932a94d3c36d7ec668a4c4a7b3a1de;Seit 50 Jahren kostenlos - wie das dem Bardentreffen gelingt;https://www.zeit.de/news/2026-07/31/seit-50-jahren-kostenlos-wie-das-dem-bardentreffen-gelingt;Hier finden Sie Informationen zu dem Thema „Umsonst & Draußen“. Lesen Sie jetzt „Seit 50 Jahren kostenlos - wie das dem Bardentreffen gelingt“.;Umsonst & Draußen;News, Umsonst & Draußen, Nürnberg, Umsonst & Draußen;2026-07-31T07:54:47+02:00;2026-07-31T07:54:47+02:00;;dpa Bayern;false
8fa231d3adf8454d78eb3221b9c0ab934ec1b8c847814663bcdb6bda2a557323;Gartenheim in Kleingartenanlage brennt bei Zwickau ab;https://www.zeit.de/news/2026-07/31/gartenheim-in-kleingartenanlage-brennt-bei-zwickau-ab;Hier finden Sie Informationen zu dem Thema „Brand in der Nacht“. Lesen Sie jetzt „Gartenheim in Kleingartenanlage brennt bei Zwickau ab“.;Brand in der Nacht;News, Brand in der Nacht, Zwickau, Gartenheim, Kleingartenanlage;2026-07-31T07:30:41+02:00;2026-07-31T07:30:41+02:00;;dpa Sachsen;false
e3458b1a2980c0fe08607bed8c310510893f8576d6be0e41fe9b887b417809bc;Blaualgen an zwei Berliner Badestellen;https://www.zeit.de/news/2026-07/31/blaualgen-an-zwei-berliner-badestellen;Hier finden Sie Informationen zu dem Thema „Wasserqualität“. Lesen Sie jetzt „Blaualgen an zwei Berliner Badestellen“.;Wasserqualität;News, Wasserqualität, Havel, LaGeSo, Badestelle, Blaualge, Wasserqualität, Breitehorn, Radfahrerwiese;2026-07-31T07:29:42+02:00;2026-07-31T07:29:42+02:00;;dpa Berlin/Brandenburg;false
c2c63befc7aa22adbc9f546088da2f685d33736f2ae8a4b1bc75110f380a97a4;Tropfen auf die heiße Stadt;https://www.zeit.de/2026/33/wassermangel-muenchen-dominik-krause-wassersparen-mangfalltal;Münchens Wasserquellen seien »unerschöpflich«, hieß es. Jetzt sollen die Bürger Wasser sparen. Warum ist nicht genug da?;"Z+ (abopflichtiger Inhalt);
        
    Wassermangel in München";Politik, Wassermangel in München, Dieter Reiter, Hermann Löhner, Dominik Krause, München, Giesing, Thalham, Europa, Isar, SPD, Allgemeinverfügung;2026-07-31T07:28:53+02:00;2026-07-31T07:28:53+02:00;Merlind Theile;Aus der        ZEIT Nr. 33/2026;false
f578d16b1a196f11e44f6fe99b2b443472e53ce7da83825bc135e00367acf07c;Hitze und Sonne in NRW – Unwetter nicht ausgeschlossen;https://www.zeit.de/news/2026-07/31/hitze-und-sonne-in-nrw-unwetter-nicht-ausgeschlossen;Hier finden Sie Informationen zu dem Thema „Wetter-Mix“. Lesen Sie jetzt „Hitze und Sonne in NRW – Unwetter nicht ausgeschlossen“.;Wetter-Mix;News, Wetter-Mix, NRW, Nordrhein-Westfalen, DWD, Hitze, Unwetter, Wetter;2026-07-31T07:24:15+02:00;2026-07-31T07:24:15+02:00;;dpa Nordrhein-Westfalen;false
15d52354a47a5734a6ea0dfe5b1ea2b0e95892b06940755142f14af446330039;Freitag warm, Samstag wechselhaft, Sonntag freundlich;https://www.zeit.de/news/2026-07/31/freitag-warm-samstag-wechselhaft-sonntag-freundlich;Hier finden Sie Informationen zu dem Thema „Launischer Südwesten“. Lesen Sie jetzt „Freitag warm, Samstag wechselhaft, Sonntag freundlich“.;Launischer Südwesten;News, Launischer Südwesten, Saarland, Rheinland-Pfalz, DWD, Südwesten, Wochenausklang, Gewitter, Hitze;2026-07-31T07:22:53+02:00;2026-07-31T07:22:53+02:00;;dpa Rheinland-Pfalz/Saarland;false
799cd46aa19cf49bed09fc70a1d3db4c9c770b3978014d2d57fb95d460f7b385;Wie ein slowenischer Anwalt den WM-Milliardenplan torpediert;https://www.zeit.de/news/2026-07/31/wie-ein-slowenischer-anwalt-den-wm-milliardenplan-torpediert;Hier finden Sie Informationen zu dem Thema „Fußball-Streit um Investoren“. Lesen Sie jetzt „Wie ein slowenischer Anwalt den WM-Milliardenplan torpediert“.;Fußball-Streit um Investoren;News, Fußball-Streit um Investoren, Aleksander Ceferin, Gianni Infantino, Europa, Uefa, Fifa, Deutscher Fußball-Bund, Fußball-Welt, Grenze;2026-07-31T07:22:51+02:00;2026-07-31T07:22:51+02:00;;dpa Sport;false
e7f54183524c2bc0108d054246121b44ddef5b624b9b9ebd6ab6fc57a304f1ae;Ralph Siegel konnte Intensivstation verlassen;https://www.zeit.de/news/2026-07/31/ralph-siegel-konnte-intensivstation-verlassen;Hier finden Sie Informationen zu dem Thema „Leute“. Lesen Sie jetzt „Ralph Siegel konnte Intensivstation verlassen“.;Leute;News, Leute, Ralph Siegel, Spanien, Intensivstation;2026-07-31T07:22:09+02:00;2026-07-31T07:22:09+02:00;;dpa;false
5448fd82b8426e8850c11b06551170dbe16b124dc263c0580fcde4cfa1d2a3c5;Abkühlung erwartet – Schauer und Gewitter möglich;https://www.zeit.de/news/2026-07/31/abkuehlung-erwartet-schauer-und-gewitter-moeglich;Hier finden Sie Informationen zu dem Thema „Sommerwetter“. Lesen Sie jetzt „Abkühlung erwartet – Schauer und Gewitter möglich“.;Sommerwetter;News, Sommerwetter, Berlin, Brandenburg, Prignitz, Niederlausitz, DWD, Abkühlung, Gewitter, Starkregen;2026-07-31T07:20:31+02:00;2026-07-31T07:20:31+02:00;;dpa Berlin/Brandenburg;false
34660c403625e2c1ac0786f70ea2fa25e4cd45eff4a86d6d12886929010dadd3;WM-Gastgeberländer stellen sich gegen Fifa-Investorenpläne;https://www.zeit.de/sport/2026-07/fifa-investorenplaene-gianni-infantino-concacaf-wm-boykott-gxe;Nach der Uefa lehnen auch die Fußballverbände Nord- und Mittelamerikas den Verkauf von WM-Anteilen an Privatinvestoren ab. Der Rückhalt für Fifa-Chef Infantino schwindet.;Concacaf;Sport, Concacaf, Gianni Infantino, Fifa, Mittelamerika, Karibik, Uefa, Fußball-WM;2026-07-31T07:18:20+02:00;2026-07-31T07:18:20+02:00;thorvspkzi;DIE ZEIT,        dpa,        SID,        							thor					,        							vsp					,        							kzi;false
5c52b9e6f260b4b906830a9ae7fe4a84dcaddc0bc6837390ec13cec7a84c0906;Wasser wird knapp: Koh Samui rationiert Versorgung;https://www.zeit.de/news/2026-07/31/wasser-wird-knapp-koh-samui-rationiert-versorgung;Hier finden Sie Informationen zu dem Thema „Dürre im Urlaubsparadies“. Lesen Sie jetzt „Wasser wird knapp: Koh Samui rationiert Versorgung“.;Dürre im Urlaubsparadies;News, Dürre im Urlaubsparadies, Samui, Bangkok, El Niño, Dürre, Urlaubsparadies, Traumstrand, Versorgung, Wetter;2026-07-31T07:13:18+02:00;2026-07-31T07:13:18+02:00;;dpa;false
8257698d5154f811d55d73bade13be8f5b4d2cf32c5238ae38d351295ec95d40;Musk bestreitet Pläne zu Trennung von Teslas China-Geschäft;https://www.zeit.de/news/2026-07/31/musk-bestreitet-plaene-zu-trennung-von-teslas-china-geschaeft;Hier finden Sie Informationen zu dem Thema „Fusion mit SpaceX?“. Lesen Sie jetzt „Musk bestreitet Pläne zu Trennung von Teslas China-Geschäft“.;Fusion mit SpaceX?;News, Fusion mit SpaceX?, Elon Musk, Shanghai, USA, Grünheide, Berlin, SpaceX, X, Wall Street Journal, Trennung, Fusion;2026-07-31T07:00:44+02:00;2026-07-31T07:00:44+02:00;;dpa;false
6e2e3305532ee88159bc4082b14fb549ef6a8848064a84fee8746821053b2594;Sommer zeigt zwei Gesichter – Wärme und Gewitter in Hessen;https://www.zeit.de/news/2026-07/31/sommer-zeigt-zwei-gesichter-waerme-und-gewitter-in-hessen;Hier finden Sie Informationen zu dem Thema „Durchwachsenes Wochenende“. Lesen Sie jetzt „Sommer zeigt zwei Gesichter – Wärme und Gewitter in Hessen“.;Durchwachsenes Wochenende;News, Durchwachsenes Wochenende, Offenbach, Hessen, DWD, Gewitter, Wärme, Unwetterpotenzial, Sommer;2026-07-31T06:54:53+02:00;2026-07-31T06:54:53+02:00;;dpa Hessen;false
294934f7629fa19fb044bae2f3923165edcc799ff3b6b0041b5c074b5b79163f;Nach Auto-Sturz in die Saar: Fahrer weiter flüchtig;https://www.zeit.de/news/2026-07/31/nach-auto-sturz-in-die-saar-fahrer-weiter-fluechtig;Hier finden Sie Informationen zu dem Thema „Ermittlungen dauern an“. Lesen Sie jetzt „Nach Auto-Sturz in die Saar: Fahrer weiter flüchtig“.;Ermittlungen dauern an;News, Ermittlungen dauern an, Saarlouis, Polizei, Auto;2026-07-31T06:53:50+02:00;2026-07-31T06:53:50+02:00;;dpa Rheinland-Pfalz/Saarland;false
2d3d78f6042edb0e85212d868c3e5a92241ce63873e31e7e406c2684208e2465;Dürre legt Mammutknochen im Flussbett der Donau frei;https://www.zeit.de/wissenschaft/umwelt/2026-07/mammut-knochen-donau-bulgarien-ruse-eiszeit-gxe;Die Hitze hat in Bulgarien ein Relikt zutage gebracht, das wohl aus der Eiszeit stammt. Ein Anwohner fand bei niedrigem Donaupegel gut erhaltene Knochen eines Mammuts.;Bulgarien;Wissenschaft, Bulgarien, Donau, Bulgarien, Dürre, Eiszeit, Hitze;2026-07-31T06:27:03+02:00;2026-07-31T06:27:03+02:00;peng;DIE ZEIT,        AFP,        							peng;false
303b05910152177be78ebeb63c5cff98171b52bbdbb593a2178a899fc558241b;Zahl der Abschiebungen aus Deutschland sinkt;https://www.zeit.de/politik/deutschland/2026-07/abschiebungen-deutschland-bundesinnenministerium-dobrindt-holm-gxe;Im ersten Halbjahr 2026 ist die Zahl der Abschiebungen im Jahresvergleich zurückgegangen. Insgesamt wurden mehr als 9.600 Menschen aus dem Land gebracht.;Migration;Politik, Migration, Abschiebung, Afghanistan, Alexander Dobrindt, Bundesregierung, Bundesinnenministerium;2026-07-31T06:12:07+02:00;2026-07-31T06:12:07+02:00;jtr;DIE ZEIT,        dpa,        							jtr;false
588d9451ba125084226cade2ef5a4c1c12a1150cb3aa295094342cca10261862;Paris Hilton: «Bin eigentlich ein schüchterner Mensch»;https://www.zeit.de/news/2026-07/31/paris-hilton-bin-eigentlich-ein-schuechterner-mensch;Hier finden Sie Informationen zu dem Thema „US-Prominenz“. Lesen Sie jetzt „Paris Hilton: «Bin eigentlich ein schüchterner Mensch»“.;US-Prominenz;News, US-Prominenz, Paris Hilton, Sängerin, BigFM, Bühnenauftritt;2026-07-31T06:00:17+02:00;2026-07-31T06:00:17+02:00;;dpa Rheinland-Pfalz/Saarland;false
9498c66ba84c4891ad8ff45f5a567f151f8de6e42e886bae05d639406802aa16;Tesla stellt erste 1.000 Mitarbeiter in Grünheide neu ein;https://www.zeit.de/news/2026-07/31/tesla-stellt-erste-1-000-mitarbeiter-in-gruenheide-neu-ein;Hier finden Sie Informationen zu dem Thema „Elektroautos“. Lesen Sie jetzt „Tesla stellt erste 1.000 Mitarbeiter in Grünheide neu ein“.;Elektroautos;News, Elektroautos, Grünheide, Tesla, Deutsche Presse-Agentur, Elektroauto, Hochlauf, Mitarbeiterzahl, Fahrzeug;2026-07-31T06:00:16+02:00;2026-07-31T06:00:16+02:00;;dpa Berlin/Brandenburg;false
27ea341f970bf0bb936b91f70de07850ecd1ed68d0054e38ad83e7773995ffea;Intendantensuche am Theater in Brandenburg verzögert sich;https://www.zeit.de/news/2026-07/31/intendantensuche-am-theater-in-brandenburg-verzoegert-sich;Hier finden Sie Informationen zu dem Thema „Stadttheater“. Lesen Sie jetzt „Intendantensuche am Theater in Brandenburg verzögert sich“.;Stadttheater;News, Stadttheater, Daniel Keip, Anna Loos, Brandenburg, Brandenburg an der Havel, SPD, Intendantensuche, Stadttheater, Intendanz;2026-07-31T06:00:08+02:00;2026-07-31T06:00:08+02:00;;dpa Berlin/Brandenburg;false
11a4e1e907d1541061b510b47f8142950c298771a3d8dca02da2765952912495;Stimmung in Chinas Wirtschaft trübt sich ein;https://www.zeit.de/news/2026-07/31/stimmung-in-chinas-wirtschaft-truebt-sich-ein;Hier finden Sie Informationen zu dem Thema „Konjunktur“. Lesen Sie jetzt „Stimmung in Chinas Wirtschaft trübt sich ein“.;Konjunktur;News, Konjunktur, China, Peking, Einkaufsmanagerindex, Jahreshälfte;2026-07-31T05:59:05+02:00;2026-07-31T05:59:05+02:00;;dpa;false
b5febaac2f7578673a4e58c2e8d7d137eb25d34d1e1491bda063aef5fa0ac1d9;Gewitter im Anmarsch – bis zu 38 Grad in Bayern;https://www.zeit.de/news/2026-07/31/gewitter-im-anmarsch-bis-zu-38-grad-in-bayern;Hier finden Sie Informationen zu dem Thema „Hitze ebbt ab“. Lesen Sie jetzt „Gewitter im Anmarsch – bis zu 38 Grad in Bayern“.;Hitze ebbt ab;News, Hitze ebbt ab, Bayern, Kitzingen, DWD, Anmarsch, Gewitter, Hitze, Wetter, Unwetter;2026-07-31T05:57:09+02:00;2026-07-31T05:57:09+02:00;;dpa Bayern;false
604c463b9298dd27b153a645712aee0bf5787ebf306a046305c21254625a18aa;Hohe Speicherkosten machen Amazons KI-Ausbau noch teurer;https://www.zeit.de/news/2026-07/31/hohe-speicherkosten-machen-amazons-ki-ausbau-noch-teurer;Hier finden Sie Informationen zu dem Thema „Handel und KI“. Lesen Sie jetzt „Hohe Speicherkosten machen Amazons KI-Ausbau noch teurer“.;Handel und KI;News, Handel und KI, Andy Jassy, Amazon, Speicherkosten, Kapitalausgabe;2026-07-31T05:56:15+02:00;2026-07-31T05:56:15+02:00;;dpa;false
7421c01d2c1a46e5fea4bc27c5629ea221abf8aa5ab9b527604bec7a8f74ebd2;Hoeneß nach Gerüchten: Da könnte der Kaiser von China kommen;https://www.zeit.de/news/2026-07/31/hoeness-nach-geruechten-da-koennte-der-kaiser-von-china-kommen;Hier finden Sie Informationen zu dem Thema „Fußball-Bundesliga“. Lesen Sie jetzt „Hoeneß nach Gerüchten: Da könnte der Kaiser von China kommen“.;Fußball-Bundesliga;News, Fußball-Bundesliga, Uli Hoeneß, Michael Olise, Luis Díaz, Harry Kane, China, Bayern, Rottach-Egern, München, FC Bayern München, Fußball-Bundesliga;2026-07-31T05:55:05+02:00;2026-07-31T05:55:05+02:00;;dpa Bayern;false
6acd9cd02bc1a0ec8adb27935aa0c46b96420af443e039e7c00353e3a2fc7e84;Trump verkündet Einigung zur Entwaffnung der Hamas;https://www.zeit.de/news/2026-07/31/trump-vereinbarung-zur-entwaffnung-der-hamas-erzielt;Hier finden Sie Informationen zu dem Thema „Konflikt im Nahen Osten“. Lesen Sie jetzt „Trump verkündet Einigung zur Entwaffnung der Hamas“.;Konflikt im Nahen Osten;News, Konflikt im Nahen Osten, Donald Trump, Hamas, Entwaffnung;2026-07-31T05:42:33+02:00;2026-07-31T05:42:33+02:00;;dpa;false
fdf9da11d30adb7109b2b978d261d46f97bc33e92b2da4d9c941062b5764098b;Kretschmer droht mit Stopp von Renten- und Pflegereform im Bundesrat;https://www.zeit.de/politik/deutschland/2026-07/renten-pflegereform-michael-kretschmer-cdu-bundesrat-ostdeutschland-gxe;Sachsens Ministerpräsident Michael Kretschmer hat seinen Unmut über Reformpläne der Bundesregierung geäußert. Der CDU-Politiker vermisst »Verständnis für den Osten«.;Renten- und Pflegereform;Politik, Renten- und Pflegereform, Michael Kretschmer, Pflegereform, Sachsen, Bundesrat, Bundesregierung, CDU, Rente;2026-07-31T05:33:14+02:00;2026-07-31T05:33:14+02:00;peng;DIE ZEIT,        AFP,        							peng;false
b321097643894cf4f25e0c1a1ef8dd56864f3a42d0ba0b335e1b197c4ae9b14f;China äußert «ernste Besorgnis» über US-Handelshürden;https://www.zeit.de/news/2026-07/31/china-aeussert-ernste-besorgnis-ueber-us-handelshuerden;Hier finden Sie Informationen zu dem Thema „Handelskonflikt“. Lesen Sie jetzt „China äußert «ernste Besorgnis» über US-Handelshürden“.;Handelskonflikt;News, Handelskonflikt, Scott Bessent, China, USA, Peking, Treffen, Handelskonflikt;2026-07-31T05:30:51+02:00;2026-07-31T05:30:51+02:00;;dpa;false
a3e588ca002b516a6b05d186443b45bc75d94f4137cd61f94c37da11d06be8ea;Schwarzer Hautkrebs: Schleswig-Holstein mit hoher Rate;https://www.zeit.de/news/2026-07/31/schwarzer-hautkrebs-schleswig-holstein-mit-hoher-rate;Hier finden Sie Informationen zu dem Thema „Sommermonate“. Lesen Sie jetzt „Schwarzer Hautkrebs: Schleswig-Holstein mit hoher Rate“.;Sommermonate;News, Sommermonate, Schleswig-Holstein, Hessen, Barmer, Hautkrebs, Rate, Sommermonat, Diagnosedaten;2026-07-31T05:30:06+02:00;2026-07-31T05:30:06+02:00;;dpa Hamburg/Schleswig-Holstein;false
5be9ffc862ec2ab47ea00dd0134c2d51585bf8be24bb98b094d2ba8e52cf4d53;«Gutsherrenart»: DFB-Funktionär will Infantino loswerden;https://www.zeit.de/news/2026-07/31/gutsherrenart-dfb-funktionaer-will-infantino-loswerden;Hier finden Sie Informationen zu dem Thema „Nach Investorenidee der FIFA“. Lesen Sie jetzt „«Gutsherrenart»: DFB-Funktionär will Infantino loswerden“.;Nach Investorenidee der FIFA;News, Nach Investorenidee der FIFA, Alexander Wehrle, Gianni Infantino, Deutscher Fußball-Bund, Fifa, RTL, Gutsherrenart, Investorenidee, Kontinentalverband;2026-07-31T05:30:05+02:00;2026-07-31T05:30:05+02:00;;dpa Baden-Württemberg;false
97d21c9c9b4c16a6d89aefd08eedb98f62bd5f972c77edf07779b911d926a85d;«Ammo Elias»: Ein Friseur bewegt den Libanon;https://www.zeit.de/news/2026-07/31/ammo-elias-ein-friseur-bewegt-den-libanon;Hier finden Sie Informationen zu dem Thema „Leben im Libanon“. Lesen Sie jetzt „«Ammo Elias»: Ein Friseur bewegt den Libanon“.;Leben im Libanon;News, Leben im Libanon, Ammo Elia, Ammo Elias, Elias Abboud, Libanon, Beirut, Instagram, Lederstuhl, Hitze;2026-07-31T05:30:05+02:00;2026-07-31T05:30:05+02:00;;dpa;false
7481548e6dea36640df1c4257477d26aa825d00c6f0b382627321fcebad86260;Eine Kindheit ohne Liebe;https://www.zeit.de/2026/32/lukas-baerfuss-koenigin-der-nacht-buch-mutter-kindheit-schweiz;Der Schweizer Autor Lukas Bärfuss schreibt über seine Mutter: »Königin der Nacht« ist vielleicht sein bestes Buch.;"Z+ (abopflichtiger Inhalt);
        
    Lukas Bärfuss";Feuilleton, Lukas Bärfuss, Liebe, Autor, Büchnerpreis, Mütter, Kinder, Basel;2026-07-31T05:22:59+02:00;2026-07-31T05:22:59+02:00;Timo Posselt;Aus der        ZEIT Nr. 32/2026;false
f3d0e4230a4dd1610f141edf811bb780f5f5cace52057ecbbf4655c08f7fd156;Nicht arbeiten ist toll. Wenn man weiß, wie;https://www.zeit.de/arbeit/2026-07/freie-tage-beruf-arbeitsalltag-erholung-faq;"Freie Tage sind wichtig – aber sie werden falsch genutzt. Hier erklären Experten, wie man wirklich abschaltet und sich nachhaltig in der Freizeit erholt.
";"Z+ (abopflichtiger Inhalt);
        
    Freie Tage";Arbeit, Freie Tage, Stress, Urlaub, Freizeit, Arbeitszeit, Studie;2026-07-31T05:21:55+02:00;2026-07-31T05:21:55+02:00;Alina HenningSimon PohlerDario Weber;;false
7b4899cb5e588d68f825da1605ce13d4febdfe72a225d58192dbea0ba401102a;Wo Polen Deutschland längst überholt hat;https://www.zeit.de/wirtschaft/2026-07/deutschland-polen-wirtschaft-vergleich-bip-export-strassenbau;Die polnische Wirtschaft wächst seit Jahren stark. Polen ist eine der 20 größten Exportnationen der Welt. Unsere Daten aus 97 Branchen zeigen, was dahintersteckt.;"Z+ (abopflichtiger Inhalt);
        
    Deutschland und Polen";Wirtschaft, Deutschland und Polen, Polen, Europa, UN, Europäische Union;2026-07-31T05:20:51+02:00;2026-07-31T05:20:51+02:00;Dana HajekAnne-Sophie Lang;;false
f645aeffd925c35861e97489c6293d658fc4951b48fa1049eb7ab7488ddd157f;Tödlicher Zusammenstoß zwischen Auto und Motorrad;https://www.zeit.de/news/2026-07/31/toedlicher-zusammenstoss-zwischen-auto-und-motorrad;Hier finden Sie Informationen zu dem Thema „Verkehrsunfall“. Lesen Sie jetzt „Tödlicher Zusammenstoß zwischen Auto und Motorrad“.;Verkehrsunfall;News, Verkehrsunfall, Lindenberg, Zusammenstoß, Motorrad, Verkehrsunfall, Auto;2026-07-31T05:18:18+02:00;2026-07-31T05:18:18+02:00;;dpa Bayern;false
18a0c890d66afbecaee993dbe04c346239e637613c0df69e143ec13bbfd2d9a8;Katherina Reiche fordert flexiblere CO2-Grenzwerte für Autobauer;https://www.zeit.de/politik/deutschland/2026-07/co2-flottengrenzwerte-eu-kommission-katherina-reiche-autobauer-strafzahlungen;Deutsche Automobilhersteller kämpfen mit Gewinneinbrüchen. Die Bundeswirtschaftsministerin fordert die EU-Kommission zum Handeln auf.;Autoindustrie;Politik, Autoindustrie, Katherina Reiche, Autoindustrie, Brüssel, Europäische Union, CDU;2026-07-31T05:17:54+02:00;2026-07-31T05:17:54+02:00;jtr;DIE ZEIT,        dpa,        							jtr;false
9e8ed8cce244a83d7e4f602c0ee0edabb1f6a8c893d2ea18de2e84843793b124;Apple kämpft vor neuer iPhone-Saison mit Bauteil-Engpässen;https://www.zeit.de/news/2026-07/30/apples-iphone-umsatz-waechst-um-mehr-als-ein-fuenftel;Hier finden Sie Informationen zu dem Thema „US-Techkonzern“. Lesen Sie jetzt „Apple kämpft vor neuer iPhone-Saison mit Bauteil-Engpässen“.;US-Techkonzern;News, US-Techkonzern, Apple, iPhone, Umsatz, Jahresvergleich;2026-07-31T05:11:11+02:00;2026-07-31T05:11:11+02:00;;dpa;false
ca2546216d4992cfddeec1555e505cd9e136618ae460a9c21b8b653c404429ba;Keine Waffen, kein Militär: Der Plan für den Gazastreifen;https://www.zeit.de/news/2026-07/31/keine-waffen-kein-militaer-der-plan-fuer-den-gazastreifen;Hier finden Sie Informationen zu dem Thema „Nahost“. Lesen Sie jetzt „Keine Waffen, kein Militär: Der Plan für den Gazastreifen“.;Nahost;News, Nahost, Donald Trump, Nahost, USA, Israel, Gazastreifen, Hamas, Entwaffnung, Militär;2026-07-31T05:09:55+02:00;2026-07-31T05:09:55+02:00;;dpa;false
174427b8a2e2a4eadf0f9ab5ea9be9d338c71eb9f230c373639f4f68f5cb5c31;Rockstar Inga Rumpf hadert mit dem Musikgeschäft;https://www.zeit.de/news/2026-07/31/rockstar-inga-rumpf-hadert-mit-dem-musikgeschaeft;Hier finden Sie Informationen zu dem Thema „Downloads statt Plattenverkauf“. Lesen Sie jetzt „Rockstar Inga Rumpf hadert mit dem Musikgeschäft“.;Downloads statt Plattenverkauf;News, Downloads statt Plattenverkauf, Inga Rumpf, Hamburg, Deutsche Presse-Agentur, Spotify, Musikgeschäft, Plattenverkauf, Download, Musikmarkt;2026-07-31T05:01:04+02:00;2026-07-31T05:01:04+02:00;;dpa Hamburg/Schleswig-Holstein;false
1fed6659736a2cd180bfb556b0731790c276ee6f298c234b553b75b98e4b310e;Drei Tage feiern am Wattenmeer: «Watt en Schlick» beginnt;https://www.zeit.de/news/2026-07/31/drei-tage-feiern-am-wattenmeer-watt-en-schlick-beginnt;Hier finden Sie Informationen zu dem Thema „Festival am Nordseestrand“. Lesen Sie jetzt „Drei Tage feiern am Wattenmeer: «Watt en Schlick» beginnt“.;Festival am Nordseestrand;News, Festival am Nordseestrand, Dangast, Wattenmeer, Nordseestrand, Musikhören;2026-07-31T05:00:35+02:00;2026-07-31T05:00:35+02:00;;dpa Niedersachsen;false
294ee0a236bfe12385c8e3b82aa4593ce917ac1bff79cd1c35147f3e47741fcd;GPS-Störungen: Die unsichtbare Front im Iran-Krieg;https://www.zeit.de/news/2026-07/31/gps-stoerungen-die-unsichtbare-front-im-iran-krieg;Hier finden Sie Informationen zu dem Thema „Iran-Krieg“. Lesen Sie jetzt „GPS-Störungen: Die unsichtbare Front im Iran-Krieg“.;Iran-Krieg;News, Iran-Krieg, Jamming, Iran, USA, Russland, Straße von Hormus, IATA, Europäische Union, Öltanker, Frachter, Schiff;2026-07-31T05:00:21+02:00;2026-07-31T05:00:21+02:00;;dpa;false
eec02f509e927c3afe9c4893e0f6c76f8f5423ec7b875ffc5132836ba94c5e37;Starker Reiseverkehr Richtung Nord- und Ostsee erwartet;https://www.zeit.de/news/2026-07/31/starker-reiseverkehr-richtung-nord-und-ostsee-erwartet;Hier finden Sie Informationen zu dem Thema „Reiseverkehr“. Lesen Sie jetzt „Starker Reiseverkehr Richtung Nord- und Ostsee erwartet“.;Reiseverkehr;News, Reiseverkehr, Ostsee, Bayern, Hannover-Hamburg-Flensburg, Hamburg-Schwerin-Berlin, Bargteheide, Hamburg, Baden-Württemberg, Bremen, Heide, Rader Hochbrücke;2026-07-31T05:00:16+02:00;2026-07-31T05:00:16+02:00;;dpa Hamburg/Schleswig-Holstein;false
71a947c537a915bc5fcd52bbb1e23ba2914d9f0e2b5cba014d487d5d53f1a172;Gefahren beim Online-Spiel - Wie sich Jugendliche schützen;https://www.zeit.de/news/2026-07/31/gefahren-beim-online-spiel-wie-sich-jugendliche-schuetzen;Hier finden Sie Informationen zu dem Thema „Cybercrime“. Lesen Sie jetzt „Gefahren beim Online-Spiel - Wie sich Jugendliche schützen“.;Cybercrime;News, Cybercrime, Niedersachsen, LKA, Cybercrime, Betrugsmasche;2026-07-31T05:00:15+02:00;2026-07-31T05:00:15+02:00;;dpa Niedersachsen;false
39f1436285105e27c8e8d24fe818406316a5dd395a18033bbf6c0127992839ec;Linke fordert mehr Transparenz bei Landesmedienanstalt;https://www.zeit.de/news/2026-07/31/linke-fordert-mehr-transparenz-bei-landesmedienanstalt;Hier finden Sie Informationen zu dem Thema „Landesmedienanstalt“. Lesen Sie jetzt „Linke fordert mehr Transparenz bei Landesmedienanstalt“.;Landesmedienanstalt;News, Landesmedienanstalt, SLM, Landesmedienanstalt, Transparenz, Linksfraktion, Geldverschwendung, Landtag, Gehalt;2026-07-31T05:00:07+02:00;2026-07-31T05:00:07+02:00;;dpa Sachsen;false
ae93434e5b26181cd2c69df3a66e5c545ff9c14c0af5c1724875fc852cccd815;CSD in Hamburg – mehr Polizeipräsenz nach Angriff in Berlin;https://www.zeit.de/news/2026-07/31/csd-in-hamburg-mehr-polizeipraesenz-nach-angriff-in-berlin;Hier finden Sie Informationen zu dem Thema „Demonstration“. Lesen Sie jetzt „CSD in Hamburg – mehr Polizeipräsenz nach Angriff in Berlin“.;Demonstration;News, Demonstration, Manuel Opitz, Hamburg, Berlin, Deutsche Presse-Agentur, Polizei, Christopher Street Day, Polizeipräsenz, Angriff, Demonstration, Trauer;2026-07-31T05:00:07+02:00;2026-07-31T05:00:07+02:00;;dpa Hamburg/Schleswig-Holstein;false
725001286e8f36a49ca666b37c3db09d86d4c5479d063180e8f97f1d92d7ffd3;Teichfahren in Bischdorf – Spektakuläre Stürze garantiert;https://www.zeit.de/news/2026-07/31/teichfahren-in-bischdorf-spektakulaere-stuerze-garantiert;Hier finden Sie Informationen zu dem Thema „Freizeit“. Lesen Sie jetzt „Teichfahren in Bischdorf – Spektakuläre Stürze garantiert“.;Freizeit;News, Freizeit, Fritz Heinze, Bischdorf, Teichfahren, Augustwochenende, Fahrrad;2026-07-31T05:00:04+02:00;2026-07-31T05:00:04+02:00;;dpa Berlin/Brandenburg;false
65c7694f7a99016ea53b0891d68fa5af6ea1b943ea413cd4fa05fa3485c5367b;Fielmann sieht Potenzial für bis zu 100 weitere Filialen;https://www.zeit.de/news/2026-07/31/fielmann-sieht-potenzial-fuer-bis-zu-100-weitere-filialen;Hier finden Sie Informationen zu dem Thema „Handel“. Lesen Sie jetzt „Fielmann sieht Potenzial für bis zu 100 weitere Filialen“.;Handel;News, Handel, Marc Fielmann, Österreich, Schweiz, Fielmann, Deutsche Presse-Agentur;2026-07-31T04:45:04+02:00;2026-07-31T04:45:04+02:00;;dpa Hamburg/Schleswig-Holstein;false
b86443f8e8831adc1e9bfbab3109c63fb8b148e5d13ce574423753586817684b;Riesige Rauchwolke: Feuerwehr löscht Brand in Wohngebiet;https://www.zeit.de/news/2026-07/31/riesige-rauchwolke-feuerwehr-loescht-brand-in-wohngebiet;Hier finden Sie Informationen zu dem Thema „Großeinsatz in Weinheim“. Lesen Sie jetzt „Riesige Rauchwolke: Feuerwehr löscht Brand in Wohngebiet“.;Großeinsatz in Weinheim;News, Großeinsatz in Weinheim, Weinheim, Feuerwehr, Rauchwolke, Wohngebiet, Großeinsatz;2026-07-31T04:38:21+02:00;2026-07-31T04:38:21+02:00;;dpa Baden-Württemberg;false
91403e596703e582d18d7335b662160c6b9ab6025be9044914660bf426f19180;Bistum Augsburg sieht Tauf-Prämie mit gemischten Gefühlen;https://www.zeit.de/news/2026-07/31/bistum-augsburg-sieht-tauf-praemie-mit-gemischten-gefuehlen;Hier finden Sie Informationen zu dem Thema „Katholische Kirche“. Lesen Sie jetzt „Bistum Augsburg sieht Tauf-Prämie mit gemischten Gefühlen“.;Katholische Kirche;News, Katholische Kirche, Peter Löw, Augsburg, Starnberger See, Starnberg, Katholische Kirche, Bistum;2026-07-31T04:30:09+02:00;2026-07-31T04:30:09+02:00;;dpa Bayern;false
890045142bc41375412ea660251cd8c6994c62bedcea34ae660cdddb51d5b8e7;Modell Mamdani: Kann New York Blaupause für Berlin sein?;https://www.zeit.de/news/2026-07/31/modell-mamdani-kann-new-york-blaupause-fuer-berlin-sein;Hier finden Sie Informationen zu dem Thema „Linke Spitzenkandidatin“. Lesen Sie jetzt „Modell Mamdani: Kann New York Blaupause für Berlin sein?“.;Linke Spitzenkandidatin;News, Linke Spitzenkandidatin, Elif Eralp, Annika Hinze, Zohran Mamdani, New York, Berlin, Broadway, Türkei, New York City, SPD, Blaupause;2026-07-31T04:30:09+02:00;2026-07-31T04:30:09+02:00;;dpa Berlin/Brandenburg;false
035f87f5b6147d6dd737bb65a028218d7d7ecba9f4b5d3e20e9c72c764812b51;Wacken-Chef: «Termin-Findung Hauptproblem bei Metallica»;https://www.zeit.de/news/2026-07/31/wacken-chef-termin-findung-hauptproblem-bei-metallica;Hier finden Sie Informationen zu dem Thema „Wacken Open Air (W:O:A)“. Lesen Sie jetzt „Wacken-Chef: «Termin-Findung Hauptproblem bei Metallica»“.;Wacken Open Air (W:O:A);News, Wacken Open Air (W:O:A), Alice Cooper, Ozzy Osbourne, Thomas Jensen, Holger Hübner, Metallica, Iron Maiden, Judas Priest, Böhse Onkelz, Motörhead, AC/DC;2026-07-31T04:30:07+02:00;2026-07-31T04:30:07+02:00;;dpa Hamburg/Schleswig-Holstein;false
c65fcf5b743d89047a728d82f0a99b7008d1be4d669b1c2d08138a6706040749;Ticketpreise im Nahverkehr steigen zum 1. August;https://www.zeit.de/news/2026-07/31/ticketpreise-im-nahverkehr-steigen-zum-1-august;Hier finden Sie Informationen zu dem Thema „ÖPNV“. Lesen Sie jetzt „Ticketpreise im Nahverkehr steigen zum 1. August“.;ÖPNV;News, ÖPNV, Sachsen, Ostsachsen, Dresden, Leipzig, Vogtland, Ticketpreis, Nahverkehr, Verkehrsverbund, Deutschlandticket;2026-07-31T04:30:06+02:00;2026-07-31T04:30:06+02:00;;dpa Sachsen;false
641284e3a18d852ccf570b8a54a32310f45913e8be78563ab22852a77358ea20;Hechelnd oder mit Kot beschmiert: So trotzen Tiere der Hitze;https://www.zeit.de/news/2026-07/31/hechelnd-oder-mit-kot-beschmiert-so-trotzen-tiere-der-hitze;Hier finden Sie Informationen zu dem Thema „Extreme Hitze“. Lesen Sie jetzt „Hechelnd oder mit Kot beschmiert: So trotzen Tiere der Hitze“.;Extreme Hitze;News, Extreme Hitze, Dagmar Haase, Tanja Straka, Berlin, Olfen, Humboldt-Universität, Wildtierstiftung, Tiere, Hitze;2026-07-31T04:30:05+02:00;2026-07-31T04:30:05+02:00;;dpa;false
fdfae2569997eea15a49587dc33779ea28ce7ec03953e10d9c15a32176016634;Anthropic gesteht ebenfalls Hackerangriff von KI-Modell Claude;https://www.zeit.de/digital/internet/2026-07/anthropic-ki-claude-hackerangriff-cybersicherheit;Ein weiterer KI-Agent ist bei Sicherheitstests entkommen und hat sich in drei Unternehmen gehackt. Das teilte US-Konzern Anthropic mit. Grund sei ein Programmierfehler.;Künstliche Intelligenz;Digital, Künstliche Intelligenz, Anthropic, OpenAI, Hackerangriff, ChatGPT, Software;2026-07-31T04:13:16+02:00;2026-07-31T04:13:16+02:00;vsp;DIE ZEIT,        AFP,        Reuters,        							vsp;false
eeafc92ebd4fe423fbd35026bf2e2824e9c8bfa27eab7e30ca4e7cc69c3425fd;Trump verkündet Abkommen zur Entwaffnung der Hamas im Gazastreifen;https://www.zeit.de/politik/ausland/2026-07/friedensrat-gazastreifen-usa-hamas-entwaffnung-donald-trump;Der vom US-Präsidenten initiierte »Friedensrat« hat laut Trump eine zentrale Forderung für einen Frieden in Gaza vermittelt. Die Hamas will demnach ihre Waffen abgeben.;Krieg in Gaza;Politik, Krieg in Gaza, Donald Trump, USA, Israel, Gazastreifen, Hamas, Polizei;2026-07-31T04:08:52+02:00;2026-07-31T04:08:52+02:00;vsppeng;DIE ZEIT,        dpa,        Reuters,        AFP,        							vsp					,        							peng;false
0ec892ef00dbff7a3f10f1c2a5d4508208d67cb34ec408d17379dd4f6a9cdce6;Hunderte Geschlechtseinträge in Brandenburg geändert;https://www.zeit.de/news/2026-07/31/hunderte-geschlechtseintraege-in-brandenburg-geaendert;Hier finden Sie Informationen zu dem Thema „Zwei Jahre SBGG“. Lesen Sie jetzt „Hunderte Geschlechtseinträge in Brandenburg geändert“.;Zwei Jahre SBGG;News, Zwei Jahre SBGG, Brandenburg, Potsdam, Geschlechtseintrag;2026-07-31T04:01:04+02:00;2026-07-31T04:01:04+02:00;;dpa Berlin/Brandenburg;false
795c0b0c672f093526fd6cb6de1d72b4b6f389c85e505bdcd8ae135032f265b4;Meist Hygieneprobleme - Kontrolleure schließen weniger Läden;https://www.zeit.de/news/2026-07/31/meist-hygieneprobleme-kontrolleure-schliessen-weniger-laeden;Hier finden Sie Informationen zu dem Thema „Lebensmittelüberwachung“. Lesen Sie jetzt „Meist Hygieneprobleme - Kontrolleure schließen weniger Läden“.;Lebensmittelüberwachung;News, Lebensmittelüberwachung, Marion Gentges, Fellbach, Stuttgart, Baden-Württemberg, CDU, Hygieneproblem, Lebensmittelüberwachung, Betriebsschließung;2026-07-31T04:00:30+02:00;2026-07-31T04:00:30+02:00;;dpa Baden-Württemberg;false
212a848cf5c3b783cc8b3e17288e2cb7c53543d78bb3d7a694252dc82413af67;Rheintalbahn im August teilweise gesperrt;https://www.zeit.de/news/2026-07/31/rheintalbahn-im-august-teilweise-gesperrt;Hier finden Sie Informationen zu dem Thema „An zwei Wochenenden“. Lesen Sie jetzt „Rheintalbahn im August teilweise gesperrt“.;An zwei Wochenenden;News, An zwei Wochenenden, Offenburg, Herbolzheim, Freiburg, Karlsruhe, Friesenheim, Lahr, Orschweier, Deutsche Bahn, Rheintalbahn, Rheintalstrecke;2026-07-31T04:00:30+02:00;2026-07-31T04:00:30+02:00;;dpa Baden-Württemberg;false
25bc92f5d398d32ef2c852ac1254927bf22dd1865da6a9cd8f3635730b1bf8ee;Was Autofahrer zur Speedweek im Südwesten wissen müssen;https://www.zeit.de/news/2026-07/31/was-autofahrer-zur-speedweek-im-suedwesten-wissen-muessen;Hier finden Sie Informationen zu dem Thema „Runter vom Gas“. Lesen Sie jetzt „Was Autofahrer zur Speedweek im Südwesten wissen müssen“.;Runter vom Gas;News, Runter vom Gas, Baden-Württemberg, Polizei, Innenministerium, Südwesten, Auto;2026-07-31T04:00:29+02:00;2026-07-31T04:00:29+02:00;;dpa Baden-Württemberg;false
edbc9f8f5c6d107d06f688f72947be8e0defc0d8b91eb65ac1e1cb218fbde525;Wer denkt jetzt schon an Weihnachten?;https://www.zeit.de/news/2026-07/31/wer-denkt-jetzt-schon-an-weihnachten;Hier finden Sie Informationen zu dem Thema „Der Sommer trägt Lametta“. Lesen Sie jetzt „Wer denkt jetzt schon an Weihnachten?“.;Der Sommer trägt Lametta;News, Der Sommer trägt Lametta, Sonja Persch-Jost, Guildo Horn, Käthe Wohlfahrt, Niederhausen, Rüdesheim am Rhein, Trier, Rheinland-Pfalz, Rhein, Weihnachten, Freibadtemperatur;2026-07-31T04:00:21+02:00;2026-07-31T04:00:21+02:00;;dpa Rheinland-Pfalz/Saarland;false
a1744d6e8ec10699453a3588adfc23d107b4fd71084439292e6b7bc91da85991;Ganz Deutschland hat nun Sommerferien;https://www.zeit.de/news/2026-07/31/ganz-deutschland-hat-nun-sommerferien;Hier finden Sie Informationen zu dem Thema „Neun Tage überall keine Schule“. Lesen Sie jetzt „Ganz Deutschland hat nun Sommerferien“.;Neun Tage überall keine Schule;News, Neun Tage überall keine Schule, Bayern, Sommerferien, Sommer;2026-07-31T04:00:18+02:00;2026-07-31T04:00:18+02:00;;dpa;false
1a7e474ef3b3898238bcb05024d86584ee638660436b4b3d1dc8a547b5c45dee;Justizminister Martin: «Es braucht Grundwerte»;https://www.zeit.de/news/2026-07/31/justizminister-martin-es-braucht-grundwerte;Hier finden Sie Informationen zu dem Thema „Recht“. Lesen Sie jetzt „Justizminister Martin: «Es braucht Grundwerte»“.;Recht;News, Recht, Helmut Martin, Justizminister, Mainz, CDU, Deutsche Presse-Agentur, Grundwert, Rechtspolitik, Stützkorsett, Leitplanke;2026-07-31T04:00:18+02:00;2026-07-31T04:00:18+02:00;;dpa Rheinland-Pfalz/Saarland;false
c50b23ce899b7c9144790b17385dd9c6196970fa4e26ffcc80ae3674842c7aa0;Theatersommer in Netzeband startet in die neue Saison;https://www.zeit.de/news/2026-07/31/theatersommer-in-netzeband-startet-in-die-neue-saison;Hier finden Sie Informationen zu dem Thema „Brandenburg“. Lesen Sie jetzt „Theatersommer in Netzeband startet in die neue Saison“.;Brandenburg;News, Brandenburg, Netzeband, Brandenburg, Theatersommer, Gutspark;2026-07-31T04:00:17+02:00;2026-07-31T04:00:17+02:00;;dpa Berlin/Brandenburg;false
d3e8b254a53ac36d63239e405740ecaf1dda1a44ae2e6b4f750ee808fa267f3c;Luftbeobachter sollen weitere Waldbrände verhindern;https://www.zeit.de/news/2026-07/31/luftbeobachter-sollen-weitere-waldbraende-verhindern;Hier finden Sie Informationen zu dem Thema „Waldbrand in den Alpen“. Lesen Sie jetzt „Luftbeobachter sollen weitere Waldbrände verhindern“.;Waldbrand in den Alpen;News, Waldbrand in den Alpen, Alpen, Bayern, Unterwössen, Niederbayern, Landkreis Traunstein, Mittelfranken, Waldbrand, Waldbrandgefahr, Einsatzkraft;2026-07-31T04:00:15+02:00;2026-07-31T04:00:15+02:00;;dpa Bayern;false
93956ace228c7c2b46568b2905d7b72faa58fca82543b3195ed76ed49e11a1cb;Juckende Bisse? Was es mit den Herbstgrasmilben auf sich hat;https://www.zeit.de/news/2026-07/31/juckende-bisse-was-es-mit-den-herbstgrasmilben-auf-sich-hat;Hier finden Sie Informationen zu dem Thema „Natur“. Lesen Sie jetzt „Juckende Bisse? Was es mit den Herbstgrasmilben auf sich hat“.;Natur;News, Natur, Thüringen, Herbstgrasmilbe, Biss, Sommermonat;2026-07-31T04:00:14+02:00;2026-07-31T04:00:14+02:00;;dpa Thüringen;false
5d99779b39114eafac0440285a8bbefd90bb84d188dc92eed84e18792e430aaa;Weniger Abschiebungen im ersten Halbjahr aus MV;https://www.zeit.de/news/2026-07/31/weniger-abschiebungen-im-ersten-halbjahr-aus-mv;Hier finden Sie Informationen zu dem Thema „Migration“. Lesen Sie jetzt „Weniger Abschiebungen im ersten Halbjahr aus MV“.;Migration;News, Migration, Leif-Erik Holm, Mecklenburg-Vorpommern, Bundesinnenministerium, Alternative für Deutschland, Deutsche Presse-Agentur, BMI, Innenministerium, Abschiebung, Migration;2026-07-31T04:00:13+02:00;2026-07-31T04:00:13+02:00;;dpa Mecklenburg-Vorpommern;false
88c797cc9c76f83dd66cb7f4155ac41b22025a2f030b520d2f1aeeeb44934f24;Volle Autobahnen erwartet: Wo Staus drohen;https://www.zeit.de/news/2026-07/31/volle-autobahnen-erwartet-wo-staus-drohen;Hier finden Sie Informationen zu dem Thema „Ganz Deutschland hat Ferien“. Lesen Sie jetzt „Volle Autobahnen erwartet: Wo Staus drohen“.;Ganz Deutschland hat Ferien;News, Ganz Deutschland hat Ferien, Alpen, Österreich, Baden-Württemberg, ADAC, Autobahn, Automobilclub, Geduldsprobe;2026-07-31T04:00:10+02:00;2026-07-31T04:00:10+02:00;;dpa;false
6fac87a02184e73d9be77c581133277f21aa1a0304a5928b50705ab7ac4742d4;CSD-Veranstalter fordern angepasstes Sicherheitskonzept;https://www.zeit.de/news/2026-07/31/csd-veranstalter-fordern-angepasstes-sicherheitskonzept;Hier finden Sie Informationen zu dem Thema „Nach Anschlag in Berlin“. Lesen Sie jetzt „CSD-Veranstalter fordern angepasstes Sicherheitskonzept“.;Nach Anschlag in Berlin;News, Nach Anschlag in Berlin, Falko Jentsch, Berlin, Magdeburg, Sachsen-Anhalt, Deutsche Presse-Agentur, Christopher Street Day, Sicherheitskonzept, Sicherheit;2026-07-31T04:00:09+02:00;2026-07-31T04:00:09+02:00;;dpa Sachsen;false
1df564e9a4dbf650a858cf9a0b2c8d46cf159c4ebda33aabb4f34f536163c36a;Mehr Polizeikontrollen in Rheinland-Pfalz kommende Woche;https://www.zeit.de/news/2026-07/31/mehr-polizeikontrollen-in-rheinland-pfalz-kommende-woche;Hier finden Sie Informationen zu dem Thema „Aktion «Speed»“. Lesen Sie jetzt „Mehr Polizeikontrollen in Rheinland-Pfalz kommende Woche“.;Aktion «Speed»;News, Aktion «Speed», Rheinland-Pfalz, Innenministerium, Polizeikontrolle;2026-07-31T04:00:08+02:00;2026-07-31T04:00:08+02:00;;dpa Rheinland-Pfalz/Saarland;false
cce55de2a387d90d5e312c51a0a9d15b59f3b89489d92cf60ebd374436e180a5;Vorläufiger Varta-Insolvenzverwalter: Viele Interessenten;https://www.zeit.de/news/2026-07/31/vorlaeufiger-varta-insolvenzverwalter-viele-interessenten;Hier finden Sie Informationen zu dem Thema „Verkauf an Investor?“. Lesen Sie jetzt „Vorläufiger Varta-Insolvenzverwalter: Viele Interessenten“.;Verkauf an Investor?;News, Verkauf an Investor?, Tobias Wahl, VARTA, Deutsche Presse-Agentur, Investorenlösung, Insolvenz;2026-07-31T04:00:07+02:00;2026-07-31T04:00:07+02:00;;dpa Baden-Württemberg;false
e55b13b788445ede8b35ba87eeb758bcd75afc89ff5fc433d72f88e82984be63;Verkäufe mobiler Klimaanlagen mehr als verdoppelt;https://www.zeit.de/news/2026-07/31/verkaeufe-mobiler-klimaanlagen-mehr-als-verdoppelt;Hier finden Sie Informationen zu dem Thema „Wetter“. Lesen Sie jetzt „Verkäufe mobiler Klimaanlagen mehr als verdoppelt“.;Wetter;News, Wetter, Klimaanlage, Klimagerät, Wetter, Hitzewelle;2026-07-31T04:00:06+02:00;2026-07-31T04:00:06+02:00;;dpa;false
ecc726d1d82545e5d96b5558d7b650f7618c62cc1fa25505335e8c39732f802e;Was Reisende zum Ferienbeginn in Bayern wissen müssen;https://www.zeit.de/news/2026-07/31/was-reisende-zum-ferienbeginn-in-bayern-wissen-muessen;Hier finden Sie Informationen zu dem Thema „Staus, volle Züge und Flieger“. Lesen Sie jetzt „Was Reisende zum Ferienbeginn in Bayern wissen müssen“.;Staus, volle Züge und Flieger;News, Staus, volle Züge und Flieger, Alexander Kreipl, Bayern, Tirol, Regensburg, Passau, Ulm, Reutte, München, Salzburg, Rosenheim;2026-07-31T04:00:05+02:00;2026-07-31T04:00:05+02:00;;dpa Bayern;false
2b4da388a1fb2071fb8ff91d10a86a842a4ac713621f5bcfaa32944ae97d8207;Wegen Sturm: Baum fällt auf Lkw;https://www.zeit.de/news/2026-07/31/wegen-sturm-baum-faellt-auf-lkw;Hier finden Sie Informationen zu dem Thema „Unwetter“. Lesen Sie jetzt „Wegen Sturm: Baum fällt auf Lkw“.;Unwetter;News, Unwetter, Polizei, Unwetter;2026-07-31T03:55:23+02:00;2026-07-31T03:55:23+02:00;;dpa Mecklenburg-Vorpommern;false
b550e348330fb5b0acdd4ddc1c517f8cd3389791fc521a366bd993ee46838a6f;Auch KI des OpenAI-Rivalen Anthropic griff echte Firmen an;https://www.zeit.de/news/2026-07/31/auch-ki-des-openai-rivalen-anthropic-griff-echte-firmen-an;Hier finden Sie Informationen zu dem Thema „Künstliche Intelligenz“. Lesen Sie jetzt „Auch KI des OpenAI-Rivalen Anthropic griff echte Firmen an“.;Künstliche Intelligenz;News, Künstliche Intelligenz, OpenAI, Testlauf, künstliche Intelligenz, ChatGPT, Computer, Software;2026-07-31T03:53:03+02:00;2026-07-31T03:53:03+02:00;;dpa;false
bfdee58c1fe9609ae05d6bf84614b59284de824dd8d4ec2d17ba4c11604ff296;KI-Songs Originalen zu ähnlich? Gericht entscheidet;https://www.zeit.de/news/2026-07/31/ki-songs-originalen-zu-aehnlich-gericht-entscheidet;Hier finden Sie Informationen zu dem Thema „Künstliche Intelligenz“. Lesen Sie jetzt „KI-Songs Originalen zu ähnlich? Gericht entscheidet“.;Künstliche Intelligenz;News, Künstliche Intelligenz, Japan, Landgericht München, Musikverwertungsgesellschaft, künstliche Intelligenz;2026-07-31T03:30:07+02:00;2026-07-31T03:30:07+02:00;;dpa Bayern;false
78b859a60284d76160734485e4ec16f19a05ee667fe97754862258464d8b4779;Söder wirbt in Chisinau für EU-Beitritt der Republik Moldau;https://www.zeit.de/news/2026-07/31/soeder-wirbt-in-chisinau-fuer-eu-beitritt-der-republik-moldau;Hier finden Sie Informationen zu dem Thema „Ministerpräsident auf Reisen“. Lesen Sie jetzt „Söder wirbt in Chisinau für EU-Beitritt der Republik Moldau“.;Ministerpräsident auf Reisen;News, Ministerpräsident auf Reisen, Markus Söder, Maia Sandu, Chisinau, Moldau, Rumänien, Europäische Union, CSU, Reisen, Krieg in der Ukraine;2026-07-31T03:30:07+02:00;2026-07-31T03:30:07+02:00;;dpa Bayern;false
bebf41f2f0c77f5b011fd2369c1b52afe9ef129898506566025ec7e4a65423ef;Mehr Verkehrskontrollen in Hessen in der kommenden Woche;https://www.zeit.de/news/2026-07/31/mehr-verkehrskontrollen-in-hessen-in-der-kommenden-woche;Hier finden Sie Informationen zu dem Thema „Europaweite Aktion“. Lesen Sie jetzt „Mehr Verkehrskontrollen in Hessen in der kommenden Woche“.;Europaweite Aktion;News, Europaweite Aktion, Hessen, Polizei, Innenministerium, Verkehrskontrolle;2026-07-31T03:30:06+02:00;2026-07-31T03:30:06+02:00;;dpa Hessen;false
ef4d5c7b1ed0653c4ad9239459e0330088cf152401d6bc2a596a7be20cdd4bcd;Frau aus 22. Stock gestoßen? Urteil gegen Ehemann erwartet;https://www.zeit.de/news/2026-07/31/frau-aus-22-stock-gestossen-urteil-gegen-ehemann-erwartet;Hier finden Sie Informationen zu dem Thema „Landgericht Frankfurt“. Lesen Sie jetzt „Frau aus 22. Stock gestoßen? Urteil gegen Ehemann erwartet“.;Landgericht Frankfurt;News, Landgericht Frankfurt, Frankfurt, Landgericht;2026-07-31T03:30:04+02:00;2026-07-31T03:30:04+02:00;;dpa Hessen;false
84a97aebf6bcde8cb6e9d848f68ca49955d6a2d113db5711f3c77f4a0d72a75a;In Spanien drohen laut Forschern alle sechs Jahre schwere Waldbrände;https://www.zeit.de/wissenschaft/umwelt/2026-07/waldbraende-frankreich-spanien-klimawandel-wetter-analyse;Eine Schnellanalyse zeigt, wie stark die Erderwärmung zu den Waldbränden in Frankreich und Spanien beigetragen hat. Die Ergebnisse sind ernüchternd.;Klimawandel;Wissenschaft, Klimawandel, Spanien, Frankreich, Waldbrand, Klimawandel, Erderwärmung, Klimakrise, Brand, Hitze;2026-07-31T03:21:45+02:00;2026-07-31T03:21:45+02:00;jtr;DIE ZEIT,        dpa,        							jtr;false
e8b66f6e2eb25d73371fa1d270b7a2a811e0fb5255cdecbdaa515a86213173c0;Lkw-Brand greift auf Lagerhalle über;https://www.zeit.de/news/2026-07/31/lkw-brand-greift-auf-lagerhalle-ueber;Hier finden Sie Informationen zu dem Thema „Feuerwehreinsatz“. Lesen Sie jetzt „Lkw-Brand greift auf Lagerhalle über“.;Feuerwehreinsatz;News, Feuerwehreinsatz, Landkreis Oldenburg, Feuerwehr, Lagerhalle, Feuerwehreinsatz, Explosion;2026-07-31T03:17:37+02:00;2026-07-31T03:17:37+02:00;;dpa Niedersachsen;false
9c9698500653cba09409ddea5be135d73f5acfb5c356358834ad6ffb0811b608;Kuba-Ara und Kunst - Museen und ihre verborgenen Schätze;https://www.zeit.de/news/2026-07/31/kuba-ara-und-kunst-museen-und-ihre-verborgenen-schaetze;Hier finden Sie Informationen zu dem Thema „Was im Depot lagert“. Lesen Sie jetzt „Kuba-Ara und Kunst - Museen und ihre verborgenen Schätze“.;Was im Depot lagert;News, Was im Depot lagert, Justus Lange, Frankfurt, Kassel, Depot, Schimpansenfamilie, Sammlung, Bilderrahmen, Ordnung;2026-07-31T02:24:05+02:00;2026-07-31T02:24:05+02:00;;dpa Hessen;false
bd58c6be88a4180a4413876926a6dbb48a4ce3073f2d908340971e3763cddcec;Elfenbeinküste ohne Küste: USA zeigen falsche Afrika-Karte;https://www.zeit.de/news/2026-07/31/elfenbeinkueste-ohne-kueste-usa-zeigen-falsche-afrika-karte;Hier finden Sie Informationen zu dem Thema „Panne bei Konferenz“. Lesen Sie jetzt „Elfenbeinküste ohne Küste: USA zeigen falsche Afrika-Karte“.;Panne bei Konferenz;News, Panne bei Konferenz, Elfenbeinküste, USA, Nigeria, Uganda, Mosambik, Rio de Janeiro, Außenministerium der Vereinigten Staaten, AIDS;2026-07-31T02:20:20+02:00;2026-07-31T02:20:20+02:00;;dpa;false
20728934dcd5eb883f1503fcd45467deaea2bdaced2e09628f70ffdb1eeffb08;Unwetter mit Folgen: Herabgestürzte Äste demolieren Autos;https://www.zeit.de/news/2026-07/31/unwetter-mit-folgen-herabgestuerzte-aeste-demolieren-autos;Hier finden Sie Informationen zu dem Thema „Unwetter“. Lesen Sie jetzt „Unwetter mit Folgen: Herabgestürzte Äste demolieren Autos“.;Unwetter;News, Unwetter, Mecklenburg-Vorpommern, Polizei, Gewitter, Nordosten, Unwetter, Auto;2026-07-31T01:55:15+02:00;2026-07-31T01:55:15+02:00;;dpa Mecklenburg-Vorpommern;false
1d5da91300b8ca841fe39405555ce63ca19076968e565b4034eb4c96454e18a7;Spanien mobilisiert Militär nach Andrang von Migranten in Ceuta;https://www.zeit.de/politik/ausland/2026-07/ceuta-spanien-migranten-andrang-militaer-soldaten-grenze-afrika-eu;Rund 60 Soldaten, eine Tauchereinheit und ein Militärschiff sollen die Lage in der spanischen Exklave in Marokko befrieden. Auch die EU bietet Hilfe an.;Zuwanderung;Politik, Zuwanderung, Migration, Spanien, Ceuta, Marokko, Europäische Union, Exklave, Militär;2026-07-31T01:35:51+02:00;2026-07-31T01:35:51+02:00;vsp;DIE ZEIT,        AFP,        AP,        dpa,        Reuters,        							vsp;false
cd99117c471086cdf0189895fedee4e8bf544d4620da1ba7d5ed1b60fd769843;Amazon übertrifft Erwartungen dank Cloud-Geschäft;https://www.zeit.de/wirtschaft/unternehmen/2026-07/amazon-quartalszahlen-aktie-aws-ki-anthropic;Die Internetdienste des US-Konzerns Amazon haben im vergangenen Quartal vom Trend zur künstlichen Intelligenz profitiert. Anleger reagierten erleichtert.;Online-Versandhändler;Wirtschaft, Online-Versandhändler, Amazon, Anthropic, künstliche Intelligenz, Aktien, Microsoft;2026-07-31T01:25:58+02:00;2026-07-31T01:25:58+02:00;jtr;DIE ZEIT,        dpa,        Reuters,        							jtr;false
421a693561fd0a50979aa0b861743185b753fb82671cd2244342370774476946;Seltenes Exemplar: Wie ein ausgestorbener Vogel bewahrt wird;https://www.zeit.de/news/2026-07/31/seltenes-exemplar-wie-ein-ausgestorbener-vogel-bewahrt-wird;Hier finden Sie Informationen zu dem Thema „Millionen Objekte in Sammlung“. Lesen Sie jetzt „Seltenes Exemplar: Wie ein ausgestorbener Vogel bewahrt wird“.;Millionen Objekte in Sammlung;News, Millionen Objekte in Sammlung, Gerald Mayr, Mottenpulver, Sammlung, Exemplar, Holzschrank, Tiere;2026-07-31T01:20:05+02:00;2026-07-31T01:20:05+02:00;;dpa Hessen;false
89baa5e58a44d98d769a6337994ea06bea525edb875725b7b0b0e7faefc8104d;Trump verkündet Vereinbarung zur Entwaffnung der Hamas;https://www.zeit.de/politik/ausland/2025-10/krieg-gaza-israel-hamas-liveblog;Der US-Präsident hat ein Abkommen des »Friedensrats« für den Gazastreifen bekannt gegeben. Die UN sieht mögliche Kriegsverbrechen Israels im Libanon. Das Liveblog;Liveblog:                     Gaza;Politik, Gaza, Israel, Gazastreifen, Nahost, Hamas, Benjamin Netanjahu, Militär;2026-07-31T01:15:36+02:00;2026-07-31T01:15:36+02:00;Petrina EngelkeMathis GannAnnika Benzing;;false
98c3721e9e09758247a7c60d2759875ec97ee178057a2ad83102cc3a832ebf25;Bands für das Wacken Open Air 2027 veröffentlicht;https://www.zeit.de/news/2026-07/31/bands-fuer-das-wacken-open-air-2027-veroeffentlicht;Hier finden Sie Informationen zu dem Thema „Wacken Open Air (W:O:A)“. Lesen Sie jetzt „Bands für das Wacken Open Air 2027 veröffentlicht“.;Wacken Open Air (W:O:A);News, Wacken Open Air (W:O:A), Def Leppard, Wacken Open Air;2026-07-31T00:50:35+02:00;2026-07-31T00:50:35+02:00;;dpa Hamburg/Schleswig-Holstein;false
8e9a44b42c25b1ab811405e4e09509e22b21c47d635c7a325515488974a2d082;Autofahrer stirbt bei Zusammenstoß mit Lkw;https://www.zeit.de/news/2026-07/31/autofahrer-stirbt-bei-zusammenstoss-mit-lkw;Hier finden Sie Informationen zu dem Thema „Kollision mit Lkw“. Lesen Sie jetzt „Autofahrer stirbt bei Zusammenstoß mit Lkw“.;Kollision mit Lkw;News, Kollision mit Lkw, Zusammenstoß, Auto;2026-07-31T00:46:59+02:00;2026-07-31T00:46:59+02:00;;dpa Baden-Württemberg;false
689a916b48abfd395099c86b479de1745611541688f728e7ad165a5dd1b593bc;US-Regierung schaltet erstmals Sondergericht in Abschiebefall ein;https://www.zeit.de/politik/ausland/2026-07/alien-terrorist-removal-court-donald-trump-abschiebung-usa;In Washington soll das »Gericht für die Abschiebung ausländischer Terroristen« zum ersten Mal tagen. Betroffen ist eine Afghanin mit dauerhafter Aufenthaltserlaubnis.;Abschiebungen in den USA;Politik, Abschiebungen in den USA, Abschiebung, USA, Washington, Justizministerium der Vereinigten Staaten, Aufenthaltserlaubnis;2026-07-31T00:33:59+02:00;2026-07-31T00:33:59+02:00;jtr;DIE ZEIT,        dpa,        							jtr;false
465f1887031b4a974e56437b73b4e09f74ed081ab0a6b8ca256569da9e96e0d2;«Clueless»-Hit mit Alicia Silverstone geht als Serie weiter;https://www.zeit.de/news/2026-07/31/clueless-hit-mit-alicia-silverstone-geht-als-serie-weiter;Hier finden Sie Informationen zu dem Thema „Teenie-Komödie“. Lesen Sie jetzt „«Clueless»-Hit mit Alicia Silverstone geht als Serie weiter“.;Teenie-Komödie;News, Teenie-Komödie, Alicia Silverstone, Josh Schwartz, Los Angeles, Beverly Hills, Filmkomödie, Kassenknüller, Teenager, Streaming;2026-07-31T00:20:04+02:00;2026-07-31T00:20:04+02:00;;dpa;false
df34748d4468c86e9486f173112da71ae5a4114fbf8adc9bd24646b524bd2012;Wegen Festival: Polizei überprüft zwei Verdächtige in Wacken;https://www.zeit.de/news/2026-07/30/wacken-polizeieinsatz-wegen-verdaechtiger-personen;Hier finden Sie Informationen zu dem Thema „Heavy-Metal-Festival“. Lesen Sie jetzt „Wegen Festival: Polizei überprüft zwei Verdächtige in Wacken“.;Heavy-Metal-Festival;News, Heavy-Metal-Festival, Polizei, Polizeieinsatz, Festivalgelände, Ermittlung;2026-07-31T00:06:32+02:00;2026-07-31T00:06:32+02:00;;dpa;false
8b7fc370609f11e1b683aef5edda62811fefed07de8ee07cf58ec94e77bb4866;Kretschmer bekräftigt: keine Zusammenarbeit mit der AfD;https://www.zeit.de/news/2026-07/31/kretschmer-bekraeftigt-keine-zusammenarbeit-mit-der-afd;Hier finden Sie Informationen zu dem Thema „Brandmauer-Debatte“. Lesen Sie jetzt „Kretschmer bekräftigt: keine Zusammenarbeit mit der AfD“.;Brandmauer-Debatte;News, Brandmauer-Debatte, Michael Kretschmer, Alternative für Deutschland, CDU, RedaktionsNetzwerk Deutschland, Zusammenarbeit, Brandmauer, Kritik, Koalition;2026-07-31T00:06:04+02:00;2026-07-31T00:06:04+02:00;;dpa Sachsen;false
676b405d12cb81c393365a6039060213eb03218a9bcc1d0c65a0e2e28fe28e16;Brände in Spanien durch Klimakrise 20-mal wahrscheinlicher;https://www.zeit.de/news/2026-07/31/braende-in-spanien-durch-klimakrise-20-mal-wahrscheinlicher;Hier finden Sie Informationen zu dem Thema „Klimafolgen“. Lesen Sie jetzt „Brände in Spanien durch Klimakrise 20-mal wahrscheinlicher“.;Klimafolgen;News, Klimafolgen, Spanien, Frankreich, Klimakrise, Klimafolge, Klimawandel, Schnellanalyse, Waldbrand, Wetterbedingung, Brand, Hitze;2026-07-31T00:01:10+02:00;2026-07-31T00:01:10+02:00;;dpa;false
7c84b90578ef5471f4085f7097211aea9cc69b997ce1c6520ef923783c3b8d86;CDA-Vorsitzender stellt sich hinter Ost-Ministerpräsidenten;https://www.zeit.de/news/2026-07/31/cda-vorsitzender-stellt-sich-hinter-ost-ministerpraesidenten;Hier finden Sie Informationen zu dem Thema „Kritik an Rentenreform“. Lesen Sie jetzt „CDA-Vorsitzender stellt sich hinter Ost-Ministerpräsidenten“.;Kritik an Rentenreform;News, Kritik an Rentenreform, Dennis Radtke, CDU, RedaktionsNetzwerk Deutschland, SPD, Rentenreform, Kritik, Rente;2026-07-31T00:01:06+02:00;2026-07-31T00:01:06+02:00;;dpa Berlin/Brandenburg;false
3a5bc834ce3d85cd5de0d2a8ae92dda01de8a54de4a76150b7fd2efcf0db3de4;Mehrere Wassersportler in Gewitter in Not;https://www.zeit.de/news/2026-07/30/mehrere-wassersportler-in-gewitter-in-not;Hier finden Sie Informationen zu dem Thema „Rostock“. Lesen Sie jetzt „Mehrere Wassersportler in Gewitter in Not“.;Rostock;News, Rostock, Rostock, Schweriner See, Mecklenburg-Vorpommern, Polizei, Feuerwehr, Gewitter;2026-07-30T23:55:33+02:00;2026-07-30T23:55:33+02:00;;dpa Mecklenburg-Vorpommern;false
2ca1d164bfaae848c3f276fe4bdeb827370a8b8de48c84e0c70bc4e2f9a606d4;Was geschah am 31. Juli?;https://www.zeit.de/news/2026-07/30/was-geschah-am-31-juli;Hier finden Sie Informationen zu dem Thema „Kalenderblatt“. Lesen Sie jetzt „Was geschah am 31. Juli?“.;Kalenderblatt;News, Kalenderblatt, Kyjiw, Kalenderblatt, Namenstag;2026-07-30T23:55:04+02:00;2026-07-30T23:55:04+02:00;;dpa;false
f633f0b5a9997cd82ddd47bbde65db78e1dae76c8357014d44e1c478d2987723;Nach Probeabstimmung über Guterres-Nachfolge liegt eine Frau vorn;https://www.zeit.de/politik/ausland/2026-07/uno-generalsekretaer-nachfolge-rebeca-grynspan-antonio-guterres;Bei einem Probevotum zur neuen Spitze der UN hat die Costa-Ricanerin Rebeca Grynspan die meisten Stimmen erzielt. Sie leitet derzeit die Handelsorganisation UNCTAD.;UN-Generalsekretär;Politik, UN-Generalsekretär, Genf, Guyana, Lateinamerika, UN, IAEO;2026-07-30T23:40:55+02:00;2026-07-30T23:40:55+02:00;lk;DIE ZEIT,        AFP,        							lk;false
4132f538e2511f2c2c1f34fb23ef0c12a23430b678aaf3b0b0f27681b3415571;Unwetter in Celle: Ziegel locker, Äste abgebrochen;https://www.zeit.de/news/2026-07/30/unwetter-in-celle-ziegel-locker-aeste-abgebrochen;Hier finden Sie Informationen zu dem Thema „Sturm“. Lesen Sie jetzt „Unwetter in Celle: Ziegel locker, Äste abgebrochen“.;Sturm;News, Sturm, Celle, Unwetter;2026-07-30T23:20:51+02:00;2026-07-30T23:20:51+02:00;;dpa Niedersachsen;false
e217d6dccb3be2be898f896e313d2efdd295a5999a2121749ee2fc9450f91947;Andrang von Migranten: Spaniens Afrika-Exklave schlägt Alarm;https://www.zeit.de/news/2026-07/30/migranten-spanien-exklave-ceuta-ruft-nach-militaer-einsatz;Hier finden Sie Informationen zu dem Thema „Ceuta“. Lesen Sie jetzt „Andrang von Migranten: Spaniens Afrika-Exklave schlägt Alarm“.;Ceuta;News, Ceuta, Ceuta, VIVA Media, Militär;2026-07-30T23:19:30+02:00;2026-07-30T23:19:30+02:00;;dpa;false
11de009d525b6e1b6da3dc3faad04c9c0165adc6607d104c1f1ee7e0973b4aeb;Ukraine: Zehn Tote bei Angriffswelle - Brände in Russland;https://www.zeit.de/news/2026-07/30/ukraine-mindestens-acht-tote-bei-russischer-angriffswelle;Hier finden Sie Informationen zu dem Thema „Ukraine-Krieg“. Lesen Sie jetzt „Ukraine: Zehn Tote bei Angriffswelle - Brände in Russland“.;Ukraine-Krieg;News, Ukraine-Krieg, Wolodymyr Selenskyj, Kyjiw, Lwiw, Angriffswelle, Krieg in der Ukraine, Militär, Grenze, Drohne;2026-07-30T22:53:45+02:00;2026-07-30T22:53:45+02:00;;dpa;false
060af5b5b57f6ff6a4c9d5a6877dc2ab6352e2746521d27e9a350e1d11bb9166;Zwei Radfahrer bei Zusammenstoß schwer verletzt;https://www.zeit.de/news/2026-07/30/zwei-radfahrer-bei-zusammenstoss-schwer-verletzt;Hier finden Sie Informationen zu dem Thema „Fahrradunfall“. Lesen Sie jetzt „Zwei Radfahrer bei Zusammenstoß schwer verletzt“.;Fahrradunfall;News, Fahrradunfall, Polizei, Zusammenstoß, Fahrradunfall;2026-07-30T22:37:43+02:00;2026-07-30T22:37:43+02:00;;dpa Mecklenburg-Vorpommern;false
65827a531d7a326d053ab6b4f306f32420f45147c07802bc415a34f4d8f290cc;Amazon übertrifft Erwartungen;https://www.zeit.de/news/2026-07/30/amazon-uebertrifft-erwartungen;Hier finden Sie Informationen zu dem Thema „Handel und KI“. Lesen Sie jetzt „Amazon übertrifft Erwartungen“.;Handel und KI;News, Handel und KI, Wall Street, Amazon, Erwartung;2026-07-30T22:33:42+02:00;2026-07-30T22:33:42+02:00;;dpa;false
ad30724efaec52b48c9d48cf0e94bafb234460fccca232bee79e3222771c232a;Erneut Feuer auf ehemaligem Militärgelände in Jüterbog;https://www.zeit.de/news/2026-07/30/erneut-feuer-auf-ehemaligem-militaergelaende-in-jueterbog;Hier finden Sie Informationen zu dem Thema „Sieben Hektar“. Lesen Sie jetzt „Erneut Feuer auf ehemaligem Militärgelände in Jüterbog“.;Sieben Hektar;News, Sieben Hektar, Jüterbog, Militärgelände, Regionalleitstelle;2026-07-30T22:32:46+02:00;2026-07-30T22:32:46+02:00;;dpa Berlin/Brandenburg;false
42c60a7855be75bf8d56b7fef9ae1f79afae6ac603fe5504088a6e21abd641d7;Wohnhaus in Flammen - mehrere Menschen verletzt;https://www.zeit.de/news/2026-07/30/wohnhaus-in-flammen-mehrere-menschen-verletzt;Hier finden Sie Informationen zu dem Thema „Brände“. Lesen Sie jetzt „Wohnhaus in Flammen - mehrere Menschen verletzt“.;Brände;News, Brände, Kastl, Landkreis Altötting, Polizei, Brand;2026-07-30T22:32:32+02:00;2026-07-30T22:32:32+02:00;;dpa Bayern;false
c313a36fcf8f94e1e90ff5556f9d56b376ea03812fc61db05b36c1e6e54ccf21;Feldbrand in Neuruppin: 20 Meter vor Wohngebiet gestoppt;https://www.zeit.de/news/2026-07/30/feldbrand-in-neuruppin-20-meter-vor-wohngebiet-gestoppt;Hier finden Sie Informationen zu dem Thema „Ostprignitz-Ruppin“. Lesen Sie jetzt „Feldbrand in Neuruppin: 20 Meter vor Wohngebiet gestoppt“.;Ostprignitz-Ruppin;News, Ostprignitz-Ruppin, Neuruppin, Ostprignitz-Ruppin, Feuerwehr, Feldbrand, Wohngebiet;2026-07-30T22:00:10+02:00;2026-07-30T22:00:10+02:00;;dpa Berlin/Brandenburg;false
8c87bd6a45fb946dd6d6ce51c6f26c186061f56fc4af2fc877e93e8a1bc27b2b;Waldbrand von Auto ausgelöst? Panzer im Einsatz;https://www.zeit.de/news/2026-07/30/hat-ein-rallye-auto-den-grossen-waldbrand-ausgeloest;Hier finden Sie Informationen zu dem Thema „Feuerwehr im Einsatz“. Lesen Sie jetzt „Waldbrand von Auto ausgelöst? Panzer im Einsatz“.;Feuerwehr im Einsatz;News, Feuerwehr im Einsatz, Reichenbach, Trier, Kronweiler, Landkreis Birkenfeld, Feuerwehr, Wiesenbrand, Auto, Waldbrand, Wald;2026-07-30T21:58:16+02:00;2026-07-30T21:58:16+02:00;;dpa Rheinland-Pfalz/Saarland;false
16d693a54103e7f278ed05756bbcb7c5e3fd515a6cc182d7c33650df004ec71d;US-Außenministerium bedauert Darstellung fehlerhafter Afrika-Karte;https://www.zeit.de/politik/ausland/2026-07/afrika-karte-usa-aussenministerium-marco-rubio-aids-konferenz;Nigeria in der Mitte, die Elfenbeinküste im Süden: Bei einer Konferenz in Brasilien zeigte die US-Regierung eine falsche Afrika-Karte. Erstellt wurde diese wohl mit KI.;Marco Rubio;Politik, Marco Rubio, Außenministerium der Vereinigten Staaten, Afrika, Marco Rubio, Nigeria, Elfenbeinküste, Mosambik;2026-07-30T21:34:41+02:00;2026-07-30T21:34:41+02:00;lk;DIE ZEIT,        AFP,        Reuters,        							lk;false
66854696a6a202aed13faafbf2cd564a6ec0f57d123e5bf3d57b9d316f873b1c;Brand in Neuruppin unter Kontrolle - Evakuierung ausgesetzt;https://www.zeit.de/news/2026-07/30/brand-in-neuruppin-evakuierung;Hier finden Sie Informationen zu dem Thema „Ostprignitz-Ruppin“. Lesen Sie jetzt „Brand in Neuruppin unter Kontrolle - Evakuierung ausgesetzt“.;Ostprignitz-Ruppin;News, Ostprignitz-Ruppin, Neuruppin, Ostprignitz-Ruppin, Feuerwehr, Evakuierung;2026-07-30T21:31:58+02:00;2026-07-30T21:31:58+02:00;;dpa Berlin/Brandenburg;false
d86f708d72cd5bb1447a2d636f60e5eeb48a2d6f64932f238cca4cf17260911d;Milei will Ausweisung von Ausländern wegen «Hassbotschaften»;https://www.zeit.de/news/2026-07/30/milei-will-ausweisung-von-auslaendern-wegen-hassbotschaften;Hier finden Sie Informationen zu dem Thema „Argentinien“. Lesen Sie jetzt „Milei will Ausweisung von Ausländern wegen «Hassbotschaften»“.;Argentinien;News, Argentinien, Javier Milei, Argentinien, X, Hassbotschaft, Ausweisung;2026-07-30T21:31:07+02:00;2026-07-30T21:31:07+02:00;;dpa;false
226b2ebff2c3524ab3cdff0f1128f3fe92b457655750b162ec5224c469b8e14c;Trump will Widerstand bei Justizminister-Wahl umgehen;https://www.zeit.de/news/2026-07/30/trump-will-widerstand-bei-justizminister-wahl-umgehen;Hier finden Sie Informationen zu dem Thema „Trumps Kabinett“. Lesen Sie jetzt „Trump will Widerstand bei Justizminister-Wahl umgehen“.;Trumps Kabinett;News, Trumps Kabinett, Donald Trump, Todd Blanche, John Cornyn, Thom Tillis, Justizminister, Gegenwind, Umbildung, Kritik;2026-07-30T21:28:33+02:00;2026-07-30T21:28:33+02:00;;dpa;false
140997b787efce8c8d4852d63ee91fb710f5ac72873ec6566b35aacc549a20b8;Heißer als 40 Grad;https://www.zeit.de/politik/ausland/2026-07/hitzerekord-40-grad-deutschland-bernburg-dwd;An mehreren Orten in Deutschland ist die 40-Grad-Marke überschritten worden. In drei Bundesländern wurde damit ein neuer Höchstwert für den Juli aufgestellt.;Neue Höchsttemperaturen in drei Bundesländern;Politik, Neue Höchsttemperaturen in drei Bundesländern, Wetter, DWD, Hitzerekord, Hitzewelle, Hitze;2026-07-30T21:27:06+02:00;2026-07-30T21:27:06+02:00;thor;DIE ZEIT,        dpa,        							thor;false
a2ef939db0be641bc1dddfcbccbd4271c726a31a9d1b506ae92d38285c1094ed;Zweitligist Bochum gibt Bamba nach Portugal ab;https://www.zeit.de/news/2026-07/30/zweitligist-bochum-gibt-bamba-nach-portugal-ab;Hier finden Sie Informationen zu dem Thema „Fußball-Transfers“. Lesen Sie jetzt „Zweitligist Bochum gibt Bamba nach Portugal ab“.;Fußball-Transfers;News, Fußball-Transfers, Samuel Bamba, Portugal, Bochum, VfL Bochum, Revierclub;2026-07-30T21:26:58+02:00;2026-07-30T21:26:58+02:00;;dpa Nordrhein-Westfalen;false
77ec2edf481a8e67dc00616454db11edb8b9080a98b55587de5a0334b9db215a;Gloria-Sophie hat «Angst und Respekt» vor Vater Söder;https://www.zeit.de/news/2026-07/30/gloria-sophie-hat-angst-und-respekt-vor-vater-soeder;Hier finden Sie Informationen zu dem Thema „Medien“. Lesen Sie jetzt „Gloria-Sophie hat «Angst und Respekt» vor Vater Söder“.;Medien;News, Medien, Gloria-Sophie Burkandt, ProSieben;2026-07-30T21:19:53+02:00;2026-07-30T21:19:53+02:00;;dpa Bayern;false
af60ab31bd6dec8ff880f99b458876c62aabc597be4114e818587e9fa9f1cbe0;Hoeneß zur Eberl-Zukunft: Im Moment 100 Prozent;https://www.zeit.de/news/2026-07/30/hoeness-zur-eberl-zukunft-im-moment-100-prozent;Hier finden Sie Informationen zu dem Thema „Fußball-Bundesliga“. Lesen Sie jetzt „Hoeneß zur Eberl-Zukunft: Im Moment 100 Prozent“.;Fußball-Bundesliga;News, Fußball-Bundesliga, Uli Hoeneß, Max Eberl, Rottach-Egern, FC Bayern München, Fußball-Bundesliga, Pokalfinale;2026-07-30T20:51:22+02:00;2026-07-30T20:51:22+02:00;;dpa Bayern;false
cd35d20687bc6498ecd6a04efe48d3e559d6bd9babb73b5a5adbfcc6f07e9b08;Was hier gleich passieren wird? »Liebe«;https://www.zeit.de/arbeit/2026-07/sex-partys-inszenierung-sexualitaet-frei-liebe;Weit über Berlin hinaus entwickelt sich eine neue Form von Sexpartys. Was früher Subkultur war, wird heute zum kommerziellen Angebot für den Mainstream.;"Z+ (abopflichtiger Inhalt);
        
    Sexpartys";Arbeit, Sexpartys, Sexualität, Liebe, Beziehung, Offenheit, Berlin, Nachtleben;2026-07-30T20:36:21+02:00;2026-07-30T20:36:21+02:00;Caroline Rosales;;false
7e2d8d1da21b675dab452d2cd74a07fc1a16599a1a4de6e39a432a7034e013f6;Starker Wind weht Badeinsel auf - ein Verletzter;https://www.zeit.de/news/2026-07/30/starker-wind-weht-badeinsel-auf-ein-verletzter;Hier finden Sie Informationen zu dem Thema „Wetter“. Lesen Sie jetzt „Starker Wind weht Badeinsel auf - ein Verletzter“.;Wetter;News, Wetter, Saarland, Badeinsel;2026-07-30T20:35:23+02:00;2026-07-30T20:35:23+02:00;;dpa Rheinland-Pfalz/Saarland;false
d94a8d5444a4028115e53e446a43e89e6fdffd0f094913629c4489c84fb55e01;Höchste Zeit;https://www.zeit.de/2026/33/ki-regulierung-sicherheit-openai-entwickler-europa;Eine KI hackt selbständig Unternehmen. Es könnte noch viel schlimmer kommen – aber zwangsläufig ist das nicht. Die Menschheit muss jetzt handeln, Europa kann vorangehen.;"Z+ (abopflichtiger Inhalt);
        
    KI-Regulierung";Digital, KI-Regulierung, künstliche Intelligenz, OpenAI, Europa, Hackerangriff, Technologie;2026-07-30T20:32:39+02:00;2026-07-30T20:32:39+02:00;Eva Wolfangel;Aus der        ZEIT Nr. 33/2026;false
80539c957ec8f5a62e06e54220b205ba6de7f7a9e1c30158defcda421ba6e9e0;Unter Kontrolle?;https://www.zeit.de/2026/33/ki-vorfall-openai-agenten-kontrolle-sicherheit;Ein KI-Agent begeht ein Verbrechen. Ohne dass seine Schöpfer davon wussten. Der Fall könnte der Vorbote eines neuen Zeitalters sein.;"Z+ (abopflichtiger Inhalt);
        
    KI-Vorfall bei OpenAI";Wissenschaft, KI-Vorfall bei OpenAI, OpenAI, künstliche Intelligenz, ChatGPT, Internet;2026-07-30T20:32:27+02:00;2026-07-30T20:32:27+02:00;Dr. Sibylle AnderlRudi Novotny;Aus der        ZEIT Nr. 33/2026;false
1af0946a357d92d59d880c1d71d9c2a0ef58f935f0312be91723a49ce61f0aa5;»Maximale Eskalationsstufe« und »totale Krise«;https://www.zeit.de/politik/ausland/2026-07/uefa-fifa-boykott-gianni-infantino-investoren;Der angedrohte WM-Boykott der Uefa stellt für Teile der europäischen Medien das »Ende der Welt« dar. Andere sprechen von einer »beispiellosen Eskalation«. Die Presseschau;Gianni Infantino;Politik, Gianni Infantino, Gianni Infantino, Großbritannien, England, Uefa, Fifa;2026-07-30T20:32:08+02:00;2026-07-30T20:32:08+02:00;thor;DIE ZEIT,        SID,        							thor;false
302a4784a45a9a0b2778c9a1264255b84ad09ca1db81169e68fae9573242c7a9;Hamburgs Brücken-Koloss ist wieder auf dem Weg;https://www.zeit.de/news/2026-07/30/hamburgs-brueckenkoloss-auf-der-finalen-etappe;Hier finden Sie Informationen zu dem Thema „Neue Sternbrücke“. Lesen Sie jetzt „Hamburgs Brücken-Koloss ist wieder auf dem Weg“.;Neue Sternbrücke;News, Neue Sternbrücke, Anjes Tjarks, Hamburg, Altona, Max-Brauer-Allee, Sternbrücke, Etappe;2026-07-30T20:31:40+02:00;2026-07-30T20:31:40+02:00;;dpa Hamburg/Schleswig-Holstein;false
b7fa599ae28ed3ecefcd273dabf69b5f36fd345fe73981751082aac0828017e5;Neue Hitzerekorde: 40-Grad-Marke an mehreren Orten geknackt;https://www.zeit.de/news/2026-07/30/neue-hitzerekorde-40-grad-marke-an-mehreren-orten-geknackt;Hier finden Sie Informationen zu dem Thema „Hitze in Deutschland“. Lesen Sie jetzt „Neue Hitzerekorde: 40-Grad-Marke an mehreren Orten geknackt“.;Hitze in Deutschland;News, Hitze in Deutschland, Bernburg, Bayern, Kitzingen, Ohlsbach, Frankfurt am Main, Bad Nauheim, Rheinfelden, Möckern-Drewitz, Sachsen-Anhalt, Baden-Württemberg;2026-07-30T20:28:58+02:00;2026-07-30T20:28:58+02:00;;dpa;false
20f83d6248f3521dbdc6c83f160bef73b084ce517a499d3f82e9dc5d52617bf6;40,4 Grad: Bayerns Juli-Hitzerekord geknackt - vorläufig;https://www.zeit.de/news/2026-07/30/40-4-grad-bayerns-juli-hitzerekord-geknackt-vorlaeufig;Hier finden Sie Informationen zu dem Thema „Hitzewelle“. Lesen Sie jetzt „40,4 Grad: Bayerns Juli-Hitzerekord geknackt - vorläufig“.;Hitzewelle;News, Hitzewelle, Bayern, Kitzingen, DWD, Hitzewelle, Hitze;2026-07-30T20:25:34+02:00;2026-07-30T20:25:34+02:00;;dpa Bayern;false
63f11a0790ab3db4cc3ef6bcaa226e897f3e0f0c759162f1e881c11f6b557cd9;Fett in Fritteuse gerät in Brand - Schaden in Restaurant;https://www.zeit.de/news/2026-07/30/fett-in-fritteuse-geraet-in-brand-schaden-in-restaurant;Hier finden Sie Informationen zu dem Thema „Brände“. Lesen Sie jetzt „Fett in Fritteuse gerät in Brand - Schaden in Restaurant“.;Brände;News, Brände, St. Peter-Ording, Kreis Nordfriesland, Fritteuse, Restaurant, Brand;2026-07-30T20:23:48+02:00;2026-07-30T20:23:48+02:00;;dpa Hamburg/Schleswig-Holstein;false
f8ad1560efaa447da85c936f54d3cc0e3d957f7481c0660825d40894de9b10b5;Umgestürzte Bäume durch Unwetter in der Prignitz;https://www.zeit.de/news/2026-07/30/umgestuerzte-baeume-durch-unwetter-in-der-prignitz;Hier finden Sie Informationen zu dem Thema „Wetter“. Lesen Sie jetzt „Umgestürzte Bäume durch Unwetter in der Prignitz“.;Wetter;News, Wetter, Prignitz, Brandenburg, Feuerwehr, Sturmböe, Regionalleitstelle, Unwetter;2026-07-30T20:21:35+02:00;2026-07-30T20:21:35+02:00;;dpa Berlin/Brandenburg;false
7d56dbf01b7aaae6a2bd2245f182fb357a7a1ef1cd0e65f3e5d7c6938e500517;Saudi-Arabien kündigt Bündnis zum Schutz der Schifffahrt an;https://www.zeit.de/news/2026-07/30/saudi-arabien-kuendigt-buendnis-zum-schutz-der-schifffahrt-an;Hier finden Sie Informationen zu dem Thema „Angriffe im Roten Meer“. Lesen Sie jetzt „Saudi-Arabien kündigt Bündnis zum Schutz der Schifffahrt an“.;Angriffe im Roten Meer;News, Angriffe im Roten Meer, Saudi-Arabien, Kuwait, Katar, Bahrain, Pakistan, Türkei, Ägypten, Jordanien, Riad, Rote Meer;2026-07-30T20:20:29+02:00;2026-07-30T20:20:29+02:00;;dpa;false
25449c52b419a7e7874137e7b310e20daecf732e1579ce435432cd5881c85da9;Feuerwehr-Spezialkräfte helfen bei Waldbränden in Spanien;https://www.zeit.de/news/2026-07/30/feuerwehr-spezialkraefte-helfen-bei-waldbraenden-in-spanien;Hier finden Sie Informationen zu dem Thema „Hilfeersuchen“. Lesen Sie jetzt „Feuerwehr-Spezialkräfte helfen bei Waldbränden in Spanien“.;Hilfeersuchen;News, Hilfeersuchen, Spanien, Südeuropa, Hannover, NRW, Niedersachsen, Feuerwehr, Europäische Union, Innenministerium, Waldbrand, Hilfeersuchen;2026-07-30T20:17:54+02:00;2026-07-30T20:17:54+02:00;;dpa Niedersachsen;false
9f6225f7ceb7881f00208fda23ecdeeb3f4fd99d652bb1a009c4720e76274783;Verdi klagt in Karlsruhe gegen Ladenschlussgesetz;https://www.zeit.de/news/2026-07/30/verdi-klagt-in-karlsruhe-gegen-ladenschlussgesetz;Hier finden Sie Informationen zu dem Thema „Bundesverfassungsgericht“. Lesen Sie jetzt „Verdi klagt in Karlsruhe gegen Ladenschlussgesetz“.;Bundesverfassungsgericht;News, Bundesverfassungsgericht, Luise Klemens, Karlsruhe, Bayern, Bundesverfassungsgericht, Ver.di, CSU, Freie Wähler, Bayerischer Verfassungsgerichtshof, Ladenschlussgesetz, Ladenschluss;2026-07-30T20:15:40+02:00;2026-07-30T20:15:40+02:00;;dpa Bayern;false
61d55b7af9e120b7240894937a273807db8a83a153d727885ad4c796f281c33c;Vorläufige Daten: Neuer Juli-Hitzerekord in Sachsen-Anhalt;https://www.zeit.de/news/2026-07/30/vorlaeufige-daten-neuer-juli-hitzerekord-in-sachsen-anhalt;Hier finden Sie Informationen zu dem Thema „Hitzewelle“. Lesen Sie jetzt „Vorläufige Daten: Neuer Juli-Hitzerekord in Sachsen-Anhalt“.;Hitzewelle;News, Hitzewelle, Sachsen-Anhalt, Hitzerekord, Abpfiff, Salzlandkreis, Hitzewelle;2026-07-30T20:12:10+02:00;2026-07-30T20:12:10+02:00;;dpa Sachsen;false
38edb23711e296adf2493e1ee2c90341d5560566d8bcb1062694ddbf878a7748;DWD: Juli-Hitzerekord vorläufig eingestellt: 40,2 Grad;https://www.zeit.de/news/2026-07/30/wackelt-der-juli-hitzerekord-im-suedwesten;Hier finden Sie Informationen zu dem Thema „Wetterbericht“. Lesen Sie jetzt „DWD: Juli-Hitzerekord vorläufig eingestellt: 40,2 Grad“.;Wetterbericht;News, Wetterbericht, Waghäusel-Kirrlach, Bergland, Neckar, Baden-Württemberg, Rhein, Landkreis Karlsruhe, DWD, Südwesten, Temperaturrekord, Wetterbericht;2026-07-30T20:11:37+02:00;2026-07-30T20:11:37+02:00;;dpa Baden-Württemberg;false
c6241b51674f708dcbaa50c2a0e79025b5257ad6e0682343e66f3d0231d94721;Hoeneß: WM ohne Europäer kann man «in die Tonne treten»;https://www.zeit.de/news/2026-07/30/hoeness-wm-ohne-europaeer-kann-man-in-die-tonne-treten;Hier finden Sie Informationen zu dem Thema „Fußball-Zwist“. Lesen Sie jetzt „Hoeneß: WM ohne Europäer kann man «in die Tonne treten»“.;Fußball-Zwist;News, Fußball-Zwist, Uli Hoeneß, Gianni Infantino, Rottach-Egern, FC Bayern München, Fifa, Boykott;2026-07-30T20:06:26+02:00;2026-07-30T20:06:26+02:00;;dpa Bayern;false
a4706ead150b5d2b4121bda44d07d801c81c5af3e389d858c4d7de115b723c33;Hoeneß darf sich über viele Tore freuen - Bayern siegt 15:0;https://www.zeit.de/news/2026-07/30/hoeness-darf-sich-ueber-viele-tore-freuen-bayern-siegt-15-0;Hier finden Sie Informationen zu dem Thema „Fußball-Bundesliga“. Lesen Sie jetzt „Hoeneß darf sich über viele Tore freuen - Bayern siegt 15:0“.;Fußball-Bundesliga;News, Fußball-Bundesliga, Nathaniel Brown, Uli Hoeneß, Vincent Kompany, Aleksandar Pavlovic, Joshua Kimmich, Tegernsee, Bayern, Rottach-Egern, FC Bayern München, Fußball-Bundesliga;2026-07-30T19:59:26+02:00;2026-07-30T19:59:26+02:00;;dpa Bayern;false
71930ea11a4d50d37b05d525c0cd1791810c2314f838dfb2434113914314f92d;»Hast du gehört? Sie holen uns hier raus!«;https://www.zeit.de/zeit-verbrechen/2026/39/hoteleinsturz-kroev-mosel-unglueck-feuerwehr-ermittlungen;Ein frisch verliebtes Paar ist im Urlaub an der Mosel, als ihr Hotel einstürzt. Stundenlang harren Menschen unter Trümmern aus. Wer trägt die Schuld am Unglück von Kröv?;"Z+ (abopflichtiger Inhalt);
        
    Hoteleinsturz in Kröv";Gesellschaft, Hoteleinsturz in Kröv, Hotel, Trier, Mosel, Polizei, Evakuierung;2026-07-30T19:59:17+02:00;2026-07-30T19:59:17+02:00;Agnes Polewka;Aus        ZEIT Verbrechen Nr. 39/2026;false
54075c277bfb14c3d8a1f6c73a4354dda91e05e36ed194a5190fe9ba26ffbb63;Mansoori zu Edeka und Tegut: Bund muss sich positionieren;https://www.zeit.de/news/2026-07/30/mansoori-zu-edeka-und-tegut-bund-muss-sich-positionieren;Hier finden Sie Informationen zu dem Thema „Lebensmittel“. Lesen Sie jetzt „Mansoori zu Edeka und Tegut: Bund muss sich positionieren“.;Lebensmittel;News, Lebensmittel, EDEKA, Bundeskartellamt, SPD, Deutsche Presse-Agentur, Lebensmittel;2026-07-30T19:58:40+02:00;2026-07-30T19:58:40+02:00;;dpa Hessen;false
25feaea944acc3aaca2aafb43b381e3d47b391a5099cc7270a1b177312386e02;Kehrmaschine fährt Mann in Baustelle an - schwer verletzt;https://www.zeit.de/news/2026-07/30/kehrmaschine-faehrt-mann-in-baustelle-an-schwer-verletzt;Hier finden Sie Informationen zu dem Thema „Unfall“. Lesen Sie jetzt „Kehrmaschine fährt Mann in Baustelle an - schwer verletzt“.;Unfall;News, Unfall, Polizei, Kehrmaschine, Baustelle, Unfall;2026-07-30T19:56:11+02:00;2026-07-30T19:56:11+02:00;;dpa Hessen;false
481f0764e74ae7838b7253c22098f4a56fd2d9226e865256cca9b744935360e9;Unwetter in NRW: Zwei junge Männer von Ast verletzt;https://www.zeit.de/news/2026-07/30/unwetter-in-nrw-zwei-junge-maenner-von-ast-verletzt;Hier finden Sie Informationen zu dem Thema „Unglück“. Lesen Sie jetzt „Unwetter in NRW: Zwei junge Männer von Ast verletzt“.;Unglück;News, Unglück, Mann, NRW, Möhnesee, Unglück, Unwetter;2026-07-30T19:42:56+02:00;2026-07-30T19:42:56+02:00;;dpa Nordrhein-Westfalen;false
5dfd47713e7d4bfd589ab9aec68989cf822a011954458b5413389d8bdff6243e;Bootsunfall: Jugendlicher mit Schnittverletzungen;https://www.zeit.de/news/2026-07/30/bootsunfall-jugendlicher-mit-schnittverletzungen;Hier finden Sie Informationen zu dem Thema „Kontakt mit Schiffsschraube“. Lesen Sie jetzt „Bootsunfall: Jugendlicher mit Schnittverletzungen“.;Kontakt mit Schiffsschraube;News, Kontakt mit Schiffsschraube, Polizei, Bootsunfall, Schnittverletzung, Rheinstrandbad, Unfall;2026-07-30T19:33:14+02:00;2026-07-30T19:33:14+02:00;;dpa Baden-Württemberg;false
873f78d9aa415bbc966b87eac7f26babaa772bdcc5ce3efab020c6f629c9d0b5;Globaler Staubdeckel führte laut Studie zum Massensterben auf der Erde;https://www.zeit.de/wissenschaft/2026-07/chicxulub-einschlag-asteroid-dinosaurier-massensterben;Der Einschlag eines Asteroiden vor 66 Millionen Jahren verwandelte die Erde in eine Höllenlandschaft. Laut Forschern führte ein heißer Staubdeckel zum Massensterben.;Dinosaurier;Wissenschaft, Dinosaurier, Mount Everest, Mexiko, Dinosaurier, Asteroid, Hitze, Tiere;2026-07-30T19:29:50+02:00;2026-07-30T19:29:50+02:00;Hella Kemper;;false
ebd8643c33ddbecb94380f31b6c12b19a5b345abee3b83e9fce201d45e198169;Kohlenmonoxid ausgetreten - Wohnhaus evakuiert;https://www.zeit.de/news/2026-07/30/kohlenmonoxid-ausgetreten-wohnhaus-evakuiert;Hier finden Sie Informationen zu dem Thema „Gefahr“. Lesen Sie jetzt „Kohlenmonoxid ausgetreten - Wohnhaus evakuiert“.;Gefahr;News, Gefahr, Alzey, Kohlenmonoxid;2026-07-30T19:26:48+02:00;2026-07-30T19:26:48+02:00;;dpa Rheinland-Pfalz/Saarland;false
97bf9f0fff0e5555bede3f186906150a1c72871a55b42a62bf16520b90e78959;EU erschwert wehrfähigen Ukrainern die Flucht;https://www.zeit.de/politik/ausland/2026-07/ukraine-krieg-flucht-eu-maenner-aufnahmeregeln;Wehrfähige ukrainische Männer profitieren künftig nicht mehr von vereinfachten Aufnahmeregeln in die EU. Deutschland und andere Länder hatten sich dafür ausgesprochen.;Krieg gegen die Ukraine;Politik, Krieg gegen die Ukraine, Wolodymyr Selenskyj, Europäische Union, Krieg in der Ukraine, Europa, Auswanderung;2026-07-30T19:19:08+02:00;2026-07-30T19:19:08+02:00;lk;DIE ZEIT,        dpa,        							lk;false
842109696415f4d26d4702b66a62580587bddb77bbdc4ad28262ef10b611cbc2;Tarifstreit beendet – Mehr Lohn in der Süßwarenindustrie;https://www.zeit.de/news/2026-07/30/tarifstreit-beendet-mehr-lohn-in-der-suesswarenindustrie;Hier finden Sie Informationen zu dem Thema „Nach Warnstreiks“. Lesen Sie jetzt „Tarifstreit beendet – Mehr Lohn in der Süßwarenindustrie“.;Nach Warnstreiks;News, Nach Warnstreiks, Niedersachsen, Bremen, NGG, Tarifstreit, Süßwarenindustrie, Warnstreik;2026-07-30T19:17:32+02:00;2026-07-30T19:17:32+02:00;;dpa Niedersachsen;false
bc8808582dbc22370925e26c2899e82018c9da248f9d8fb6f708266f4db0ad75;Atomstromproduktion in Europa wegen niedriger Pegel eingeschränkt;https://www.zeit.de/politik/ausland/2026-07/atomstrom-europa-fluesse-duerre-kernkraftwerk-cernavoda-paks;In europäischen Ländern fehlt wegen niedriger Wasserstände ausreichend Kühlung für die Atomstromproduktion. Ungarn bittet Konzerne, ihren Energieverbrauch zu reduzieren.;Energieversorgung;Politik, Energieversorgung, Atomkraft, Energieversorgung, Reaktor, Europa, Ungarn, Rumänien, Frankreich;2026-07-30T19:09:29+02:00;2026-07-30T19:09:29+02:00;thor;DIE ZEIT,        AFP,        Reuters,        							thor;false
51a9cfc9154093f2d5b1ea980cae2e593827476837e09962197f8218a97a6aa6;Schleifähre «Missunde III» wieder außer Betrieb;https://www.zeit.de/news/2026-07/30/schleifaehre-missunde-iii-wieder-ausser-betrieb;Hier finden Sie Informationen zu dem Thema „Problemschiff“. Lesen Sie jetzt „Schleifähre «Missunde III» wieder außer Betrieb“.;Problemschiff;News, Problemschiff, Schleswig-Holstein, Kosel, Missunde, Brodersby, Schleifähre, Problemschiff, Küstenschutz;2026-07-30T19:08:18+02:00;2026-07-30T19:08:18+02:00;;dpa Hamburg/Schleswig-Holstein;false
d0dcf68ead4a754be8f48cfc29a23ec7a9cf0d858ec1ae57275eacc912093c6f;Unwetter mit Sturmböen: Bäume kippen um, Konzert abgesagt;https://www.zeit.de/news/2026-07/30/dwd-groesstes-sturmrisiko-im-raum-hannover;Hier finden Sie Informationen zu dem Thema „Gewitter, Regen, Hagel“. Lesen Sie jetzt „Unwetter mit Sturmböen: Bäume kippen um, Konzert abgesagt“.;Gewitter, Regen, Hagel;News, Gewitter, Regen, Hagel, Hannover, Südniedersachsen, DWD, Sturmrisiko, Kaltfront, Sturmfront, Wetter, Hitzewelle;2026-07-30T19:02:33+02:00;2026-07-30T19:02:33+02:00;;dpa Niedersachsen;false
8cfefc8451bdcd4bcadd6f58d2eb000203a2bfa30f33b568546560c1751fedeb;Roses Bournemouth schlägt FC Augsburg 5:2;https://www.zeit.de/news/2026-07/30/roses-bournemouth-schlaegt-fc-augsburg-5-2;Hier finden Sie Informationen zu dem Thema „Fußball-Testspiele“. Lesen Sie jetzt „Roses Bournemouth schlägt FC Augsburg 5:2“.;Fußball-Testspiele;News, Fußball-Testspiele, Marco Rose, Manuel Baum, Bournemouth, Österreich, Saalfelden, AFC Bournemouth, FC Augsburg, Sommervorbereitung, Trainingslager, Zwischenstopp;2026-07-30T19:01:17+02:00;2026-07-30T19:01:17+02:00;;dpa Bayern;false
ab09c9c32b9acf455fd4aec802d96fa05332ebff442c6351ee7fe587e0cba84b;Feuerwehr löscht großen Flächenbrand bei Rheinsberg;https://www.zeit.de/news/2026-07/30/feuerwehr-loescht-grossen-flaechenbrand-bei-rheinsberg;Hier finden Sie Informationen zu dem Thema „Brände“. Lesen Sie jetzt „Feuerwehr löscht großen Flächenbrand bei Rheinsberg“.;Brände;News, Brände, Rheinsberg, Brandenburg, Feuerwehr, Flächenbrand, Regionalleitstelle, Brand;2026-07-30T18:57:26+02:00;2026-07-30T18:57:26+02:00;;dpa Berlin/Brandenburg;false
214c37226f4466f99159d4b223316bcf95f2cfa44a895fc7b90a0e349f165dcd;Stuttgarter Influencerin meldet Insolvenz an;https://www.zeit.de/news/2026-07/30/stuttgarter-influencerin-meldet-insolvenz-an;Hier finden Sie Informationen zu dem Thema „36.000 Euro Bußgeld“. Lesen Sie jetzt „Stuttgarter Influencerin meldet Insolvenz an“.;36.000 Euro Bußgeld;News, 36.000 Euro Bußgeld, Stuttgart, Baden-Württemberg, Amtsgericht, Stuttgarter Zeitung, Stuttgarter Nachrichten, Deutsche Presse-Agentur, Instagram, TikTok, Bußgeld, Regelinsolvenzverfahren;2026-07-30T18:54:58+02:00;2026-07-30T18:54:58+02:00;;dpa Baden-Württemberg;false
b4684f835319dc838e328d0504ea5538263d3e6adac8c52a69b75f6205ec4bf2;Zwei Patienten bei Klinikbrand in Kiel schwer verletzt;https://www.zeit.de/news/2026-07/30/zwei-patienten-bei-klinikbrand-in-kiel-schwer-verletzt;Hier finden Sie Informationen zu dem Thema „Brände“. Lesen Sie jetzt „Zwei Patienten bei Klinikbrand in Kiel schwer verletzt“.;Brände;News, Brände, Kiel, Städtisches Krankenhaus Kiel, Feuerwehr, Klinikbrand, Rauchgasvergiftung, Brand;2026-07-30T18:49:02+02:00;2026-07-30T18:49:02+02:00;;dpa Hamburg/Schleswig-Holstein;false
e3dc25078572a60cb940a7a413491146da0ab4ef7cd3cf9c6faae629d91132c3;So was schreibt man doch nur einmal;https://www.zeit.de/2026/32/ruth-maria-thomas-roman-die-zweitgroesste-liebe-second-novel-syndrom;Ist der zweite Roman wirklich immer der schwerste? Mit dieser Frage hat unsere Autorin die Schriftstellerin Ruth-Maria Thomas ein Jahr lang begleitet.;"Z+ (abopflichtiger Inhalt);
        
    Ruth-Maria Thomas";Feuilleton, Ruth-Maria Thomas, Schriftstellerin, Deutscher Buchpreis, Belletristik, Liebe, Autor, Berlin;2026-07-30T18:47:50+02:00;2026-07-30T18:47:50+02:00;Jolinde Hüchtker;Aus der        ZEIT Nr. 32/2026;false
914b86ff5a2552d60c914dca2c1f24e6f306d8d1fffeb830a5482e35d98825b0;So frei und so gefährdet;https://www.zeit.de/2026/33/queeres-leben-deutschland-homophobie-gewalt-rechtsextremismus-islamismus;Nie war Homosexualität in Deutschland so selbstverständlich. Doch Attacken auf queere Menschen nehmen zu. Einen erheblichen Anteil daran haben muslimische Täter.;"Z+ (abopflichtiger Inhalt);
        
    Queeres Leben in Deutschland";Politik, Queeres Leben in Deutschland, Homosexualität, Queerness, Christopher Street Day, Homophobie, Alternative für Deutschland, Neukölln;2026-07-30T18:45:37+02:00;2026-07-30T18:45:37+02:00;Andrea BöhmAnne HähnigChristoph HeinemannAlisa SchellenbergAnastasia Tikhomirova;Aus der        ZEIT Nr. 33/2026;false
0119d14551e41434c0c970c604a000058932aaa68f77b351ba61cd0092d93c72;Constantin Schreiber verlässt Axel Springer zum Jahresende;https://www.zeit.de/feuilleton/2026-07/constantin-schreiber-axel-springer-journalist-tagesschau;Der ehemalige »Tagesschau«-Sprecher Constantin Schreiber hört bei Axel Springer auf. Über seine Tätigkeit ab kommendem Jahr hält er sich bedeckt. ;Früherer »Tagesschau«-Sprecher;Feuilleton, Früherer »Tagesschau«-Sprecher, Axel Springer, Journalismus, Instagram, YouTube, Tagesschau;2026-07-30T18:38:13+02:00;2026-07-30T18:38:13+02:00;kzi;DIE ZEIT,        dpa,        epd,        							kzi;false
9c103c1b8747feee4b95bb909e7d1d108dbefa43261d312cb100d98bf7d9eefa;Starker Wind erschwert Löscharbeiten bei Feldbrand;https://www.zeit.de/news/2026-07/30/starker-wind-erschwert-loescharbeiten-bei-feldbrand;Hier finden Sie Informationen zu dem Thema „Feuer“. Lesen Sie jetzt „Starker Wind erschwert Löscharbeiten bei Feldbrand“.;Feuer;News, Feuer, Bornich, Reichenberg, Rhein, Lahn, Feldbrand, Löscharbeit;2026-07-30T18:27:40+02:00;2026-07-30T18:27:40+02:00;;dpa Rheinland-Pfalz/Saarland;false
b70693764ed4eaaab307c73de03529c65443991bd2a3b39b846803d960c0ae83;Katastrophenfall wegen Brands in Chiemgauer Alpen ausgerufen;https://www.zeit.de/news/2026-07/30/bergwald-in-den-chiemgauer-alpen-brennt-im-gipfelbereich;Hier finden Sie Informationen zu dem Thema „Unwegsames Gipfelgelände“. Lesen Sie jetzt „Katastrophenfall wegen Brands in Chiemgauer Alpen ausgerufen“.;Unwegsames Gipfelgelände;News, Unwegsames Gipfelgelände, Alpen, Unterwössen, Traunstein, Gipfelbereich, Lackenbergwand, Kreisfeuerwehrverband, Großeinsatz;2026-07-30T18:25:41+02:00;2026-07-30T18:25:41+02:00;;dpa Bayern;false
0917c6dfdcc329da818a4d9c22e6a105372e5ab7a6d410acdbb8a1b60df4dcbe;Polizei ermittelt Verdächtigen nach brutalem Angriff;https://www.zeit.de/news/2026-07/30/polizei-ermittelt-verdaechtigen-nach-brutalem-angriff;Hier finden Sie Informationen zu dem Thema „Kriminalität“. Lesen Sie jetzt „Polizei ermittelt Verdächtigen nach brutalem Angriff“.;Kriminalität;News, Kriminalität, Alexanderplatz, Polizei, Öffentlichkeitsfahndung, Angriff, Überwachungskamera;2026-07-30T18:07:40+02:00;2026-07-30T18:07:40+02:00;;dpa Berlin/Brandenburg;false
b328c2f610de225939dde357de0fd05ca7e022bd43b9b375a9d9a5cfcb2161f8;UEFA droht Infantino: WM-Boykott bei FIFA-Investorendeal;https://www.zeit.de/news/2026-07/30/medien-uefa-beruft-dringlichkeitstreffen-zu-fifa-plaenen-ein;Hier finden Sie Informationen zu dem Thema „Fußball-Verbände im Clinch“. Lesen Sie jetzt „UEFA droht Infantino: WM-Boykott bei FIFA-Investorendeal“.;Fußball-Verbände im Clinch;News, Fußball-Verbände im Clinch, Bernd Neuendorf, DFB-Präsident, Uefa, Fifa, UEFA, SZ, BBC, Dringlichkeitstreffen, Mitgliedsverband, Fußball;2026-07-30T18:03:04+02:00;2026-07-30T18:03:04+02:00;;dpa;false
3fa3ee6707fddad5f687911c2dd181f181b2f8805c106b54b3691df1cc7714b6;Berichte: Fortschritte bei Gesprächen über Hamas-Entwaffnung;https://www.zeit.de/news/2026-07/30/berichte-fortschritte-bei-gespraechen-ueber-hamas-entwaffnung;Hier finden Sie Informationen zu dem Thema „Nahost“. Lesen Sie jetzt „Berichte: Fortschritte bei Gesprächen über Hamas-Entwaffnung“.;Nahost;News, Nahost, Donald Trump, Nahost, Kairo, Gazastreifen, Hamas, Fortschritt, Entwaffnung, Terrororganisation;2026-07-30T18:00:14+02:00;2026-07-30T18:00:14+02:00;;dpa;false
2b20365bbfcd69f3fd7be769f0c6dfb046d6d929578cb0cf203cd2f92aa62dda;Fußgänger von Auto angefahren und verletzt;https://www.zeit.de/news/2026-07/30/fussgaenger-von-auto-angefahren-und-verletzt;Hier finden Sie Informationen zu dem Thema „Unfälle“. Lesen Sie jetzt „Fußgänger von Auto angefahren und verletzt“.;Unfälle;News, Unfälle, Unfall, Auto;2026-07-30T17:59:17+02:00;2026-07-30T17:59:17+02:00;;dpa Hamburg/Schleswig-Holstein;false
c5e2b3c84bddf5b71f556b9ff4a4442bf9560bb3b4e96499c8adf6d998b0fbfe;Sichtungen von Gottesanbeterinnen sprunghaft gestiegen;https://www.zeit.de/news/2026-07/30/sichtungen-von-gottesanbeterinnen-sprunghaft-gestiegen;Hier finden Sie Informationen zu dem Thema „Für Menschen ungefährlich“. Lesen Sie jetzt „Sichtungen von Gottesanbeterinnen sprunghaft gestiegen“.;Für Menschen ungefährlich;News, Für Menschen ungefährlich, Sachsen-Anhalt, Gottesanbeterin, Sichtung, Umweltschutz, Tiere;2026-07-30T17:56:23+02:00;2026-07-30T17:56:23+02:00;;dpa Sachsen;false
7428976e2538b46d4203510e7be3c7a83bc743e6e20e510bad6066057971dea6;Jude in Berlin auf offener Straße antisemitisch beleidigt;https://www.zeit.de/news/2026-07/30/jude-in-berlin-auf-offener-strasse-antisemitisch-beleidigt;Hier finden Sie Informationen zu dem Thema „Antisemitismus“. Lesen Sie jetzt „Jude in Berlin auf offener Straße antisemitisch beleidigt“.;Antisemitismus;News, Antisemitismus, Shlomo Afanasev, Berlin, Berlin-Mitte, Polizei, X, Staatsschutz;2026-07-30T17:52:47+02:00;2026-07-30T17:52:47+02:00;;dpa Berlin/Brandenburg;false
6516846b2b49252e4ae10cfa83a3ce1e2eb175a06fb4145479ef8f36f981b642;Motorradfahrer scheitern mit Klage gegen Streckensperrung;https://www.zeit.de/news/2026-07/30/motorradfahrer-scheitern-mit-klage-gegen-streckensperrung;Hier finden Sie Informationen zu dem Thema „Unfallschwerpunkt“. Lesen Sie jetzt „Motorradfahrer scheitern mit Klage gegen Streckensperrung“.;Unfallschwerpunkt;News, Unfallschwerpunkt, Oberbayern, Verwaltungsgericht München, Streckensperrung, Unfallschwerpunkt, Sudelfeldstrecke, Sperrung, Verkehrsversuch;2026-07-30T17:39:23+02:00;2026-07-30T17:39:23+02:00;;dpa Bayern;false
01118e11fafb6c385cf7db41e90569fabad76eadccdc8202065833e3caac2308;UEFA droht FIFA wegen Investorenplan mit WM-Boykott;https://www.zeit.de/news/2026-07/30/uefa-droht-fifa-wegen-investorenplan-mit-wm-boykott;Hier finden Sie Informationen zu dem Thema „Fußball“. Lesen Sie jetzt „UEFA droht FIFA wegen Investorenplan mit WM-Boykott“.;Fußball;News, Fußball, Uefa, Fifa, UEFA, Investorenplan, Investorendeal, Weltverband, Fußball, Boykott;2026-07-30T17:37:36+02:00;2026-07-30T17:37:36+02:00;;dpa;false
556eacc29eaded78406c254e44a7a1b64878a72381bfd933354a0456e2aeb1d4;Oberleitungsschaden sorgt für Verspätungen im Bahnverkehr;https://www.zeit.de/news/2026-07/30/oberleitungsschaden-sorgt-fuer-verspaetungen-im-bahnverkehr;Hier finden Sie Informationen zu dem Thema „Verkehr“. Lesen Sie jetzt „Oberleitungsschaden sorgt für Verspätungen im Bahnverkehr“.;Verkehr;News, Verkehr, Hamburg, Hannover, Oberleitungsschaden, Bahnverkehr, Verspätung, Verkehr;2026-07-30T17:32:43+02:00;2026-07-30T17:32:43+02:00;;dpa Hamburg/Schleswig-Holstein;false
d8674a3916a88d02ae85ab8fb5df4fe8cef6c640c4894a20f76269793f8428fc;Feuer durch Mäharbeiten - Tausende Quadratmeter betroffen;https://www.zeit.de/news/2026-07/30/feuer-durch-maeharbeiten-tausende-quadratmeter-betroffen;Hier finden Sie Informationen zu dem Thema „Feuer im Kreis Osnabrück“. Lesen Sie jetzt „Feuer durch Mäharbeiten - Tausende Quadratmeter betroffen“.;Feuer im Kreis Osnabrück;News, Feuer im Kreis Osnabrück, Osnabrück, Bohmte, Landkreis Osnabrück, Mäharbeit, Ackerbrand;2026-07-30T17:26:15+02:00;2026-07-30T17:26:15+02:00;;dpa Niedersachsen;false
f08c88bf10f091761518245de30eac25a90e13b9875895af1ffd3182a6a95821;Tonnenweise Eis für Eisbären im Prager Zoo;https://www.zeit.de/news/2026-07/30/tonnenweise-eis-fuer-eisbaeren-im-prager-zoo;Hier finden Sie Informationen zu dem Thema „Tiere“. Lesen Sie jetzt „Tonnenweise Eis für Eisbären im Prager Zoo“.;Tiere;News, Tiere, Nürnberg, Prag, Tschechien, Eisbär, Gehege, Erfrischung, Eis, Tiere;2026-07-30T17:24:24+02:00;2026-07-30T17:24:24+02:00;;dpa Bayern;false
b065ca31b38fba457e32f624e26cc7c5a663bf8cf5861b2477a9f6247e70fab5;Nicht nur Eichen: Auch Kiefernprozessionsspinner nimmt zu;https://www.zeit.de/news/2026-07/30/nicht-nur-eichen-auch-kiefernprozessionsspinner-nimmt-zu;Hier finden Sie Informationen zu dem Thema „Giftige Raupen-Haare“. Lesen Sie jetzt „Nicht nur Eichen: Auch Kiefernprozessionsspinner nimmt zu“.;Giftige Raupen-Haare;News, Giftige Raupen-Haare, Brandenburg, Landkreis Ostprignitz-Ruppin, BMU, Eichenprozessionsspinner, Wetter, Tiere;2026-07-30T17:20:37+02:00;2026-07-30T17:20:37+02:00;;dpa Berlin/Brandenburg;false
17a44d7dce70ae124113e145f8bc879a5e8c6493f46c7fdd297bacb37a570ce1;Zahl der Toten durch Erdbeben in Japan auf 34 gestiegen;https://www.zeit.de/gesellschaft/2026-07/erdbeben-japan-kyushu-tsunami-nachbeben-kaempfe;"Durch das Erdbeben in Japan stürzten Häuser, Brücken und zum Teil ein Einkaufzentrum ein. Mittlerweile melden die Behörden 34 Tote, fünf Menschen seien in Lebensgefahr.
";Erdbeben in Japan;Gesellschaft, Erdbeben in Japan, Naturkatastrophe, Japan, Erdbeben, Hitze;2026-07-30T17:18:36+02:00;2026-07-30T17:18:36+02:00;jaca;DIE ZEIT,        AFP,        							jaca;false
8b308646e8469bf10f7e90190e7d6ab9612e0270a1cb42b4670741917866d887;Wie wird man ein besserer Mensch, Peter Singer?;https://www.zeit.de/2026/32/peter-singer-philosophie-altruismus-tierrechte-elon-musk;Der Philosoph Peter Singer hat sein Leben lang mit radikalen Aussagen über gute Taten provoziert. Nun suchen ausgerechnet Milliardäre aus dem Silicon Valley seinen Rat.;"Z+ (abopflichtiger Inhalt);
        
    Peter Singer";Wissenschaft, Peter Singer, Peter Singer, Altruismus, Ethik, Philosophie, Tierrecht, Elon Musk;2026-07-30T17:16:26+02:00;2026-07-30T17:16:26+02:00;Johannes BöhmeMiguel Helm;Aus der        ZEIT Nr. 32/2026;false
ec6ad013d8794b94d8dc552671efaee132f246e89c2e3ebf74a4ed21cc4451d9;Wieder Hitze: Bus- und Bahnverkehr vorsorglich eingeschränkt;https://www.zeit.de/news/2026-07/30/wieder-hitze-bus-und-bahnverkehr-vorsorglich-eingeschraenkt;Hier finden Sie Informationen zu dem Thema „Leipzig“. Lesen Sie jetzt „Wieder Hitze: Bus- und Bahnverkehr vorsorglich eingeschränkt“.;Leipzig;News, Leipzig, Marc Backhaus, Leipzig, Sachsen, Leipziger Verkehrsbetriebe, Bahnverkehr, Hitzeschaden, Straßenbahnverkehr, Bahnbetrieb, Hitze;2026-07-30T17:14:55+02:00;2026-07-30T17:14:55+02:00;;dpa Sachsen;false
ca54eb54401aa7095a962429f857e9e01ad8a432c35d85a1088f0c0f69597a97;Pool und Eisbeutel: Metalfans trotzen bei Wacken der Hitze;https://www.zeit.de/news/2026-07/30/pool-und-eisbeutel-metalfans-trotzen-bei-wacken-der-hitze;Hier finden Sie Informationen zu dem Thema „Heavy-Metal-Festival“. Lesen Sie jetzt „Pool und Eisbeutel: Metalfans trotzen bei Wacken der Hitze“.;Heavy-Metal-Festival;News, Heavy-Metal-Festival, Nordrhein-Westfalen, Deutsche Presse-Agentur, Eisbeutel, Festivalgelände, Schattenplatz, Swimmingpool, Hitze, Wetter;2026-07-30T17:14:40+02:00;2026-07-30T17:14:40+02:00;;dpa Hamburg/Schleswig-Holstein;false
7cbba92625e8c22d737581e6c91000cda8f8469281ae0125bb382961701376a6;Bunt ist die Rettung;https://www.zeit.de/2026/33/bitteres-fest-pedro-almodovar-regisseur-barbara-lennie-kinofilm;Pedro Almodóvar kreist in »Bitteres Fest« um das Filmemachen selbst. Hat der Künstler der Farben es diesmal zu weit getrieben? ;"Z+ (abopflichtiger Inhalt);
        
    »Bitteres Fest« von Pedro Almodóvar";Feuilleton, »Bitteres Fest« von Pedro Almodóvar, Filmrezension, Kino, Regisseur, Schauspieler, Kunst;2026-07-30T17:14:37+02:00;2026-07-30T17:14:37+02:00;Leon Lindenberger;Aus der        ZEIT Nr. 33/2026;false
565cec1386b7a4fe1e73027d574ae8326164ed9cd7c48505b9ca3109bfaf9d7f;Staatsanwaltschaft ermittelt gegen Polizisten und Notärztin;https://www.zeit.de/news/2026-07/30/staatsanwaltschaft-ermittelt-gegen-polizisten-und-notaerztin;Hier finden Sie Informationen zu dem Thema „Körperverletzung im Amt?“. Lesen Sie jetzt „Staatsanwaltschaft ermittelt gegen Polizisten und Notärztin“.;Körperverletzung im Amt?;News, Körperverletzung im Amt?, Köln, Staatsanwaltschaft, Kölner Stadt-Anzeiger, Polizeieinsatz, Polizeikraft, Anfangsverdacht, Körperverletzung;2026-07-30T17:12:23+02:00;2026-07-30T17:12:23+02:00;;dpa Nordrhein-Westfalen;false
4493e2031c25c9779187858b0e4ec6a7faa5ed36125ebf94ee74f2a3c9cacdf4;»Echte Liberalkonservative sind immun gegen rechte Ideologie«;https://www.zeit.de/feuilleton/2026-07/jens-hacke-rechtsruck-vergangenheit-historiker-politikwissenschaft;In den 1970er-Jahren wurde schon mal über einen rechten Vibe-Shift debattiert. Was man aus den Parallelen zur Gegenwart lernen kann, erklärt der Historiker Jens Hacke.;"Z+ (abopflichtiger Inhalt);
        
    Jens Hacke";Feuilleton, Jens Hacke, Liberalismus, Rechtspopulismus, Politikwissenschaft, Geschichte, Sozialdemokratie;2026-07-30T17:11:12+02:00;2026-07-30T17:11:12+02:00;Nils Markwardt;;false
c9f30d30f3282dd39f51596167e2bfa4ca5d9602ed1b077e53b0dbb946cda829;Frau vergewaltigt und Stiefkind missbraucht - Haftstrafe;https://www.zeit.de/news/2026-07/30/frau-vergewaltigt-und-stiefkind-missbraucht-haftstrafe;Hier finden Sie Informationen zu dem Thema „Landgericht Nürnberg“. Lesen Sie jetzt „Frau vergewaltigt und Stiefkind missbraucht - Haftstrafe“.;Landgericht Nürnberg;News, Landgericht Nürnberg, Mann, Nürnberg, Haftstrafe, Landgericht;2026-07-30T17:10:51+02:00;2026-07-30T17:10:51+02:00;;dpa Bayern;false
0bedac07f7334eb4290c092a2aa93c8f16d25dfbdd7966edf7ae05ccea7edca8;Betreiber der Grube Teutschenthal beantragt Insolvenz;https://www.zeit.de/news/2026-07/30/betreiber-der-grube-teutschenthal-beantragt-insolvenz;Hier finden Sie Informationen zu dem Thema „Unternehmen“. Lesen Sie jetzt „Betreiber der Grube Teutschenthal beantragt Insolvenz“.;Unternehmen;News, Unternehmen, Teutschenthal, Saale, Saalekreis, Löhne, Amtsgericht, Insolvenzverfahren, Insolvenz;2026-07-30T17:07:12+02:00;2026-07-30T17:07:12+02:00;;dpa Sachsen;false
d26451ab04d2c67351bde238dc6e6afed41f21dd591ad8091573f4b9ed433612;Russland setzt Telegram-Gründer Pawel Durow auf Terrorliste;https://www.zeit.de/politik/ausland/2026-07/pawel-durow-telegram-russland-rosfinmonitoring-fsb;Russland schreibt Telegram-Gründer Pawel Durow zur Fahndung aus. Auch die Finanzaufsichtsbehörde geht gegen ihn vor und setzt den Techmilliardär mit Terroristen gleich.;Pawel Durow;Politik, Pawel Durow, Pawel Durow, Russland, FSB, Telegram;2026-07-30T17:06:07+02:00;2026-07-30T17:06:07+02:00;pip;DIE ZEIT,        dpa,        AFP,        							pip;false
343a7cf7f2b294fc4cc0fb29a6b66d7f2c184e0c373fb54de93c02c1ebcf624d;«Lobbyist» Söder zu Gast bei Bayerns Freunden;https://www.zeit.de/news/2026-07/30/auf-gen-osten-wohin-soeder-es-nach-den-turbulenzen-zieht;Hier finden Sie Informationen zu dem Thema „Ministerpräsident auf Reisen“. Lesen Sie jetzt „«Lobbyist» Söder zu Gast bei Bayerns Freunden“.;Ministerpräsident auf Reisen;News, Ministerpräsident auf Reisen, Markus Söder, Jens Spahn, Petr Magyar, Viktor Orban, Angela Merkel, Kyriakos Mitsotakis, Bayern, Starnberger See, Ungarn, Griechenland;2026-07-30T17:04:09+02:00;2026-07-30T17:04:09+02:00;;dpa Bayern;false
339894505507eee110b12d2bbd207638f82f3789a55c7f624a8e8fb248829f7e;Studie: Waldbrand-Risiko in Südeuropa ist stark gestiegen;https://www.zeit.de/news/2026-07/30/studie-waldbrand-risiko-in-suedeuropa-ist-stark-gestiegen;Hier finden Sie Informationen zu dem Thema „Heiß, trocken und windig“. Lesen Sie jetzt „Studie: Waldbrand-Risiko in Südeuropa ist stark gestiegen“.;Heiß, trocken und windig;News, Heiß, trocken und windig, Raúl Cordero, Südeuropa, Frankreich, Spanien, Italien, Griechenland, Iberische Halbinsel, University of Groningen, Scientific Reports, Waldbrand;2026-07-30T17:00:04+02:00;2026-07-30T17:00:04+02:00;;dpa;false
f0064bb251455fca9c74467f33c7daecbba036159532f83082c40df47b35d728;Brennendes Weizenfeld – A4 kurzzeitig gesperrt;https://www.zeit.de/news/2026-07/30/brennendes-weizenfeld-a4-kurzzeitig-gesperrt;Hier finden Sie Informationen zu dem Thema „Feldbrand“. Lesen Sie jetzt „Brennendes Weizenfeld – A4 kurzzeitig gesperrt“.;Feldbrand;News, Feldbrand, Hötzelsroda, Eisenach, Weizenfeld, Feldbrand;2026-07-30T16:59:27+02:00;2026-07-30T16:59:27+02:00;;dpa Thüringen;false
986ebcd955a6c06a756471c66cda5859fd26514151e5a8b720078b112b0f056f;Gegen Lkw-Überladung: Neue Hightech-Kontrollstelle auf A4;https://www.zeit.de/news/2026-07/30/gegen-lkw-ueberladung-neue-hightech-kontrollstelle-auf-a4;Hier finden Sie Informationen zu dem Thema „Messstellen“. Lesen Sie jetzt „Gegen Lkw-Überladung: Neue Hightech-Kontrollstelle auf A4“.;Messstellen;News, Messstellen, Aachen, Köln, Düren, die Autobahn GmbH des Bundes, Messstelle, Pilotcharakter, Kontrollstelle;2026-07-30T16:53:38+02:00;2026-07-30T16:53:38+02:00;;dpa Nordrhein-Westfalen;false
6e30168682fa4def66268dd076aeb260f25bebfe1038016a04868d95ccbed9c7;Falsche Polizisten erbeuten Bargeld aus Kochtöpfen;https://www.zeit.de/news/2026-07/30/falsche-polizisten-erbeuten-bargeld-aus-kochtoepfen;Hier finden Sie Informationen zu dem Thema „Telefonbetrug“. Lesen Sie jetzt „Falsche Polizisten erbeuten Bargeld aus Kochtöpfen“.;Telefonbetrug;News, Telefonbetrug, Oberbayern, Polizei, Kochtopf, Telefonbetrug, Bargeld, Geld;2026-07-30T16:53:16+02:00;2026-07-30T16:53:16+02:00;;dpa Bayern;false
a98978855b3dd5b7ca72006d7d0c28a8da7604a928603b272ccf05b2b8eb1fce;Nach Durchsuchung: Mutmaßlicher Drogenhändler in U-Haft;https://www.zeit.de/news/2026-07/30/nach-durchsuchung-mutmasslicher-drogenhaendler-in-u-haft;Hier finden Sie Informationen zu dem Thema „Drogen und Waffen“. Lesen Sie jetzt „Nach Durchsuchung: Mutmaßlicher Drogenhändler in U-Haft“.;Drogen und Waffen;News, Drogen und Waffen, Durchsuchung, Drogen;2026-07-30T16:49:42+02:00;2026-07-30T16:49:42+02:00;;dpa Bayern;false
fcce2c58752b3fe85e52877a0514a00bb6c2dd392108c2a653bc86f9170f1fbb;Edeka darf wohl weniger Tegut-Märkte übernehmen als geplant;https://www.zeit.de/news/2026-07/30/edeka-darf-wohl-weniger-tegut-maerkte-uebernehmen-als-geplant;Hier finden Sie Informationen zu dem Thema „Lebensmittelhandel“. Lesen Sie jetzt „Edeka darf wohl weniger Tegut-Märkte übernehmen als geplant“.;Lebensmittelhandel;News, Lebensmittelhandel, EDEKA, Migros, Bundeskartellamt, Lebensmittelhandel, Supermarktkette, Lebensmittel;2026-07-30T16:46:14+02:00;2026-07-30T16:46:14+02:00;;dpa Hamburg/Schleswig-Holstein;false
b97c4eeb9a58b3337000c30f61aae7bd866b2bf1582f9c84a285398a93eb6f4c;Auto fährt auf Wohnmobil - Vier Verletzte auf A23;https://www.zeit.de/news/2026-07/30/auto-faehrt-auf-wohnmobil-vier-verletzte-auf-a23;Hier finden Sie Informationen zu dem Thema „Unfälle“. Lesen Sie jetzt „Auto fährt auf Wohnmobil - Vier Verletzte auf A23“.;Unfälle;News, Unfälle, Schenefeld, Hamburg, Heide, Unfall, Wohnmobil, Auffahrunfall, Anschlussstelle, Auto;2026-07-30T16:43:21+02:00;2026-07-30T16:43:21+02:00;;dpa Hamburg/Schleswig-Holstein;false
3c51a6292588df68e1ccd9e3f2027e232723b1218538d0807c474f6774501da3;Elf Millionen Euro für neuen Forschungsstandort in Leuna;https://www.zeit.de/news/2026-07/30/elf-millionen-euro-fuer-neuen-forschungsstandort-in-leuna;Hier finden Sie Informationen zu dem Thema „Strukturwandel“. Lesen Sie jetzt „Elf Millionen Euro für neuen Forschungsstandort in Leuna“.;Strukturwandel;News, Strukturwandel, Sven Schulze, Leuna, CDU, Forschungsstandort, Chemiepark, Entwicklungsstandort, Strukturwandel;2026-07-30T16:42:49+02:00;2026-07-30T16:42:49+02:00;;dpa Sachsen;false
59c3cccc35c492cc86514ffc6ee3fa7ac1b44250ddf5f4464ea8a83a66420b55;Hunderte Migranten klettern über Grenzzaun in spanische Exklave Ceuta;https://www.zeit.de/politik/ausland/2026-07/ceuta-migranten-marokko-spanien-migration-eu-grenze;Tausende Menschen sollen von Marokko ins spanische Ceuta geschwommen sein, viele weitere haben den Grenzzaun überwunden. Der Gebietspräsident ruft nach dem Militär. ;Spanische Exklave Ceuta;Politik, Spanische Exklave Ceuta, Migration, Ceuta, Marokko, Nordafrika, Polizei, Exklave, Spanien, Europa;2026-07-30T16:42:44+02:00;2026-07-30T16:42:44+02:00;bda;DIE ZEIT,        Reuters,        AFP,        AP,        							bda;false
7a2c19b1d0c6ee4ffad568a6a12f7370fb071e292d8600a730cb24040b51ce69;Knallgeräusche rufen SEK in Cottbus auf den Plan;https://www.zeit.de/news/2026-07/30/knallgeraeusche-rufen-sek-in-cottbus-auf-den-plan;Hier finden Sie Informationen zu dem Thema „Schüsse?“. Lesen Sie jetzt „Knallgeräusche rufen SEK in Cottbus auf den Plan“.;Schüsse?;News, Schüsse?, Cottbus, Polizei, Knallgeräusch, Spezialeinsatzkommando, Polizeihubschrauber;2026-07-30T16:41:56+02:00;2026-07-30T16:41:56+02:00;;dpa Berlin/Brandenburg;false
88bc3e2581cabea1bb3ef31dd82f8020f3a22eca1d72c179407f14a4139234e7;Unmut gegen Merz in Brandenburg: JU-Chefin tritt zurück;https://www.zeit.de/news/2026-07/30/kritik-am-cdu-kurs-brandenburgs-ju-chefin-tritt-zurueck;Hier finden Sie Informationen zu dem Thema „Lage der Union“. Lesen Sie jetzt „Unmut gegen Merz in Brandenburg: JU-Chefin tritt zurück“.;Lage der Union;News, Lage der Union, Brandenburg, CDU, Kritik;2026-07-30T16:36:21+02:00;2026-07-30T16:36:21+02:00;;dpa Berlin/Brandenburg;false
f3912d007fef1ddb36f3655240d314f5c92d854c57bcb3101350ab52b313ebc3;Olymp und Landungsstrände in der Normandie sind Welterbe der Unesco;https://www.zeit.de/feuilleton/2026-07/olymp-unesco-welterbe-griechenland-goetter;Der Olymp in Griechenland und die Landungsstrände der Allierten zählen nun zum Welterbe. Das Unesco-Welterbekomitee nahm insgesamt 25 neue Stätten in die Liste auf.;Unesco-Welterbe;Feuilleton, Unesco-Welterbe, Unesco, Unesco-Weltkulturerbe, Normandie, Griechenland, Busan;2026-07-30T16:35:07+02:00;2026-07-30T16:35:07+02:00;hell;DIE ZEIT,        KNA,        							hell;false
7eb22a27ee6b48cf2e1c25fbc988fe509acae48a59095f3f749cd54258ec6747;Seltene Agavenblüte auf Schloss Wackerbarth;https://www.zeit.de/news/2026-07/30/seltene-agavenbluete-auf-schloss-wackerbarth;Hier finden Sie Informationen zu dem Thema „Naturschauspiel“. Lesen Sie jetzt „Seltene Agavenblüte auf Schloss Wackerbarth“.;Naturschauspiel;News, Naturschauspiel, Radebeul, Naturschauspiel, Agave;2026-07-30T16:34:59+02:00;2026-07-30T16:34:59+02:00;;dpa Sachsen;false
23411fcbe8c0951f08892a2f9663fb8b987ce3c2bb8649c5257b4d81d9a78b4c;Betrug mit gefälschten Autoinseraten - Verdächtige in U-Haft;https://www.zeit.de/news/2026-07/30/betrug-mit-gefaelschten-autoinseraten-verdaechtige-in-u-haft;Hier finden Sie Informationen zu dem Thema „Kriminalität“. Lesen Sie jetzt „Betrug mit gefälschten Autoinseraten - Verdächtige in U-Haft“.;Kriminalität;News, Kriminalität, Autoinserat, Betrug, Fahrzeuginserat, Cybercrime, Kriminalinspektion;2026-07-30T16:34:39+02:00;2026-07-30T16:34:39+02:00;;dpa Bayern;false
d333ed8a6d8dbf87207dbb421a64ba624311053b6bd83c75c3b76dd90967a4f8;Neuer Ärger für Merz: Teil der Rentenreform infrage gestellt;https://www.zeit.de/news/2026-07/30/neuer-aerger-fuer-merz-teil-der-rentenreform-infrage-gestellt;Hier finden Sie Informationen zu dem Thema „Keine Sommerruhe für Merz“. Lesen Sie jetzt „Neuer Ärger für Merz: Teil der Rentenreform infrage gestellt“.;Keine Sommerruhe für Merz;News, Keine Sommerruhe für Merz, Friedrich Merz, Mario Voigt, Sven Schulze, Michael Kretschmer, Manuela Schwesig, Thorsten Frei, Patrick Schnieder, Sachsen, Thüringen, Braunsbedra;2026-07-30T16:34:17+02:00;2026-07-30T16:34:17+02:00;;dpa;false
cce991ed211ff9e39838a50f921887036d3cb4aca81852e0f2f87d615e0d6df0;Heckler & Koch mit starkem Halbjahr – Prognose erhöht;https://www.zeit.de/news/2026-07/30/heckler-koch-mit-starkem-halbjahr-prognose-erhoeht;Hier finden Sie Informationen zu dem Thema „Gewehre und Pistolen“. Lesen Sie jetzt „Heckler & Koch mit starkem Halbjahr – Prognose erhöht“.;Gewehre und Pistolen;News, Gewehre und Pistolen, Oberndorf am Neckar, Heckler & Koch, Umsatz, Handfeuerwaffe, Prognose, Geschäftszahl;2026-07-30T16:33:55+02:00;2026-07-30T16:33:55+02:00;;dpa Baden-Württemberg;false
c9c7de1bcd190e8e2d481d6621189a96ce6c19a4873ce742578f284e89bd48ed;Arbeiter erleiden Kohlenmonoxidvergiftung in Tiefgarage;https://www.zeit.de/news/2026-07/30/arbeiter-erleiden-kohlenmonoxidvergiftung-in-tiefgarage;Hier finden Sie Informationen zu dem Thema „Ins Krankenhaus“. Lesen Sie jetzt „Arbeiter erleiden Kohlenmonoxidvergiftung in Tiefgarage“.;Ins Krankenhaus;News, Ins Krankenhaus, Kohlenmonoxidvergiftung, Tiefgarage, Reinigungsarbeit;2026-07-30T16:31:47+02:00;2026-07-30T16:31:47+02:00;;dpa Bayern;false
ce3380db590b54abfd211421953dbfa7e95bdf76065216cef4b3b843012a070e;Kandidatenlisten von 19 Parteien zur Landtagswahl zugelassen;https://www.zeit.de/news/2026-07/30/kandidatenlisten-von-19-parteien-zur-landtagswahl-zugelassen;Hier finden Sie Informationen zu dem Thema „Landtagswahl MV 2026“. Lesen Sie jetzt „Kandidatenlisten von 19 Parteien zur Landtagswahl zugelassen“.;Landtagswahl MV 2026;News, Landtagswahl MV 2026, Christian Boden, Landtagswahl, Kandidatenliste, Landeswahlausschuss, Wahlzettel;2026-07-30T16:30:58+02:00;2026-07-30T16:30:58+02:00;;dpa Mecklenburg-Vorpommern;false
a89954487fdd808202ecd587a9c259a006187c31cca002e8033e37f89e61be28;Neues Landesamt soll Bayern besser bei Katastrophen schützen;https://www.zeit.de/news/2026-07/30/neues-landesamt-soll-bayern-besser-bei-katastrophen-schuetzen;Hier finden Sie Informationen zu dem Thema „Kommandozentrale für Ernstfall“. Lesen Sie jetzt „Neues Landesamt soll Bayern besser bei Katastrophen schützen“.;Kommandozentrale für Ernstfall;News, Kommandozentrale für Ernstfall, Joachim Herrmann, Bayern, München, CSU, Innenministerium, Landesamt, Katastrophe, Kommandozentrale, Ernstfall, Bevölkerungsschutz;2026-07-30T16:28:39+02:00;2026-07-30T16:28:39+02:00;;dpa Bayern;false
66647c36ed15e34d15f375762d4bebd980c410e5cc549e4004aca6d419db69c7;Juli war außergewöhnlich warm und trocken;https://www.zeit.de/wissenschaft/umwelt/2026-07/wetter-juli-2026-deutschland-dwd-trockenheit-hitze;2,8 Grad über dem Vergleichszeitraum und nur rund die Hälfte des Niederschlags: Der Juli war zu heiß und zu trocken. Zum Monatsende gibt es Schauer und Gewitter.;Deutscher Wetterdienst;Wissenschaft, Deutscher Wetterdienst, Hitze, DWD, Wetter, Hitzewelle;2026-07-30T16:26:58+02:00;2026-07-30T16:26:58+02:00;mga;DIE ZEIT,        AFP,        dpa,        							mga;false
696024b652241b5d77a2d6ce6d83355a76e393fa8b1a1935c31c6670c2b8d1b5;Keine Hinweise auf geplante Meuterei in JVA auf Handys;https://www.zeit.de/news/2026-07/30/keine-hinweise-auf-geplante-meuterei-in-jva-auf-handys;Hier finden Sie Informationen zu dem Thema „JVA Siegburg“. Lesen Sie jetzt „Keine Hinweise auf geplante Meuterei in JVA auf Handys“.;JVA Siegburg;News, JVA Siegburg, Siegburg, Justizvollzugsanstalt Siegburg, Polizei, Justizministerium, WhatsApp, Meuterei, Justizvollzuganstalt;2026-07-30T16:26:32+02:00;2026-07-30T16:26:32+02:00;;dpa Nordrhein-Westfalen;false
c5b9754d8fcf955d150eda09e260397ba46f4299cd980386c1518d05cb6c0970;Brand in Altstadt: Riskanter Balanceakt für die Feuerwehr;https://www.zeit.de/news/2026-07/30/brand-in-altstadt-riskanter-balanceakt-fuer-die-feuerwehr;Hier finden Sie Informationen zu dem Thema „Feuer in der Stadt“. Lesen Sie jetzt „Brand in Altstadt: Riskanter Balanceakt für die Feuerwehr“.;Feuer in der Stadt;News, Feuer in der Stadt, Marc-Philip Preis, Brand, Lauterbach, Marburg, Feuerwehr, Balanceakt, Fachwerkhaus;2026-07-30T16:26:30+02:00;2026-07-30T16:26:30+02:00;;dpa Hessen;false
7abeda2bded5e63ff866d035e52394fd4531bfdad59675be3e020de006d0c36d;Wo Verbraucher mehr ins Geld gehen müssen;https://www.zeit.de/news/2026-07/30/wo-verbraucher-mehr-ins-geld-gehen-muessen;Hier finden Sie Informationen zu dem Thema „Preise“. Lesen Sie jetzt „Wo Verbraucher mehr ins Geld gehen müssen“.;Preise;News, Preise, Bad Ems, Rheinland-Pfalz, Ems, Tankrabatt, Vorjahresmonat, Geld;2026-07-30T16:25:22+02:00;2026-07-30T16:25:22+02:00;;dpa Rheinland-Pfalz/Saarland;false
4d0dbbfcaa6441b5c96deeddda41f44564117e11d4743239ee0d8eb53ab3dedc;«heute-show»-Comedian Fabian Köster ist jetzt Quizmaster;https://www.zeit.de/news/2026-07/30/heute-show-comedian-fabian-koester-ist-jetzt-quizmaster;Hier finden Sie Informationen zu dem Thema „Show nach BBC-Vorbild“. Lesen Sie jetzt „«heute-show»-Comedian Fabian Köster ist jetzt Quizmaster“.;Show nach BBC-Vorbild;News, Show nach BBC-Vorbild, Fabian Köster, Kai Pflaume, Esther Sedlaczek, Oliver Welke, Michael Thürnau, Germany, NDR, BBC, ARD, heute-show;2026-07-30T16:24:41+02:00;2026-07-30T16:24:41+02:00;;dpa Hamburg/Schleswig-Holstein;false
3f4db2d5222c9127b4e3349f6159f922728e1119c756305015fca778f03fcd36;Polizei ermittelt wegen falscher Sprachzertifikate im Allgäu;https://www.zeit.de/news/2026-07/30/polizei-ermittelt-wegen-falscher-sprachzertifikate-im-allgaeu;Hier finden Sie Informationen zu dem Thema „Mutmaßliche Urkundenfälschung“. Lesen Sie jetzt „Polizei ermittelt wegen falscher Sprachzertifikate im Allgäu“.;Mutmaßliche Urkundenfälschung;News, Mutmaßliche Urkundenfälschung, Allgäu, Polizei, Sprachzertifikat, Durchsuchung, Urkundenfälschung;2026-07-30T16:21:30+02:00;2026-07-30T16:21:30+02:00;;dpa Bayern;false
c8eef89da130561a3909a9510a4dfe0bbf54ec0352ba61718559eb56f4b591e0;Felix Kroos: Magdeburg kann im Aufstiegskampf überraschen;https://www.zeit.de/news/2026-07/30/felix-kroos-magdeburg-kann-im-aufstiegskampf-ueberraschen;Hier finden Sie Informationen zu dem Thema „2. Fußball-Bundesliga“. Lesen Sie jetzt „Felix Kroos: Magdeburg kann im Aufstiegskampf überraschen“.;2. Fußball-Bundesliga;News, 2. Fußball-Bundesliga, Felix Kroos, Magdeburg, 1. FC Magdeburg, RTL, Fußball-Bundesliga, Aufstiegskampf, Außenseiterrolle;2026-07-30T16:21:16+02:00;2026-07-30T16:21:16+02:00;;dpa Sachsen;false
e30b1654aca014d8d13194c739aaa6acf73d20af6fec017262629c827f0c0d47;Wozu ausgerechnet Wagner?;https://www.zeit.de/2026/33/bayreuther-festspiele-150-jahre-richard-wagner-wolfram-weimer-michel-friedman;Bayreuth ist, wenn sich Leute stundenlang anjodeln und der Kulturstaatsminister auf einem Flügel liegt. Zur Frage, warum uns die Festspiele noch immer verrückt machen;"Z+ (abopflichtiger Inhalt);
        
    Bayreuther Festspiele";Feuilleton, Bayreuther Festspiele, Bayreuther Festspiele, Richard Wagner, Michel Friedman, Bayreuth, Wolfram Weimer;2026-07-30T16:19:02+02:00;2026-07-30T16:19:02+02:00;Christine Lemke-Matwey;Aus der        ZEIT Nr. 33/2026;false
249941b23b74ba1c8369615f1d1f1f130cacc6222ba772ea332aef362db87bf8;Clooneys fliehen vor Waldbränden aus Haus in Südfrankreich;https://www.zeit.de/news/2026-07/30/clooneys-fliehen-vor-waldbraenden-aus-haus-in-suedfrankreich;Hier finden Sie Informationen zu dem Thema „Brände in Frankreich“. Lesen Sie jetzt „Clooneys fliehen vor Waldbränden aus Haus in Südfrankreich“.;Brände in Frankreich;News, Brände in Frankreich, George Clooney, Südfrankreich, Brignoles, Waldbrand, Brand, Hollywood, Evakuierung;2026-07-30T16:16:45+02:00;2026-07-30T16:16:45+02:00;;dpa;false
a251bdad8f9b395fdcd49f0e6a20f709e02f5ee3d5b36be93e97082b2004b001;Polizei kontrolliert verstärkt die Geschwindigkeit;https://www.zeit.de/news/2026-07/30/polizei-kontrolliert-verstaerkt-die-geschwindigkeit;Hier finden Sie Informationen zu dem Thema „Aktionswoche“. Lesen Sie jetzt „Polizei kontrolliert verstärkt die Geschwindigkeit“.;Aktionswoche;News, Aktionswoche, Sachsen-Anhalt, Polizei, Aktionswoche, Kontrollwoche, Tempolimit;2026-07-30T16:15:40+02:00;2026-07-30T16:15:40+02:00;;dpa Sachsen;false
3b8948bb98c8ddfa5b9248b185bdb6b2a256768f6c526466e63d8a5278ccbae5;Woidke gegen Abschaffung der Rente nach 45 Beitragsjahren;https://www.zeit.de/news/2026-07/30/woidke-gegen-abschaffung-der-rente-nach-45-beitragsjahren;Hier finden Sie Informationen zu dem Thema „Rentenreform“. Lesen Sie jetzt „Woidke gegen Abschaffung der Rente nach 45 Beitragsjahren“.;Rentenreform;News, Rentenreform, Dietmar Woidke, Brandenburg, SPD, CDU, Rentenkommission, Rente;2026-07-30T16:15:15+02:00;2026-07-30T16:15:15+02:00;;dpa Berlin/Brandenburg;false
f9378d670e9aa6127f9b2244f0643c3f869c4601725e740bddf30d689d1c48be;Schleswig-Holstein bleibt im Juli am kühlsten;https://www.zeit.de/news/2026-07/30/schleswig-holstein-bleibt-im-juli-am-kuehlsten;Hier finden Sie Informationen zu dem Thema „Sommer im Norden“. Lesen Sie jetzt „Schleswig-Holstein bleibt im Juli am kühlsten“.;Sommer im Norden;News, Sommer im Norden, Schleswig-Holstein, Sommer;2026-07-30T16:14:00+02:00;2026-07-30T16:14:00+02:00;;dpa Hamburg/Schleswig-Holstein;false
1aeea94ceafc4ea187f6f525a24836ac225b7caa2d5766e69b777b4d10c1520b;Weißer Ring hilft Opfern des Terroranschlags;https://www.zeit.de/news/2026-07/30/weisser-ring-hilft-opfern-des-terroranschlags;Hier finden Sie Informationen zu dem Thema „Terror in Berlin“. Lesen Sie jetzt „Weißer Ring hilft Opfern des Terroranschlags“.;Terror in Berlin;News, Terror in Berlin, Rolf Schmachtenberg, Berlin, Hilfsorganisation, Terroranschlag;2026-07-30T16:13:34+02:00;2026-07-30T16:13:34+02:00;;dpa Berlin/Brandenburg;false
3c557ce1585314090664a8fa65a028bdc52e86e284a94afdba2e35d0bc5d3bb2;Reiche auf dem «Kalimandscharo»;https://www.zeit.de/news/2026-07/30/reiche-auf-dem-kalimandscharo;Hier finden Sie Informationen zu dem Thema „Kaliwerk“. Lesen Sie jetzt „Reiche auf dem «Kalimandscharo»“.;Kaliwerk;News, Kaliwerk, Katherina Reiche, Christian Meyer, Zielitz, Kanada, Sachsen-Anhalt, K+S, CDU, Europäische Union, Kaliwerk, Energiekosten;2026-07-30T16:12:50+02:00;2026-07-30T16:12:50+02:00;;dpa Sachsen;false
d1727c6e1e6f5a8bf6c85dca810472171ede50a304c15ca7e4234a20ab6e65c9;Gericht: Vater von Amy Winehouse muss Millionensumme zahlen;https://www.zeit.de/news/2026-07/30/gericht-vater-von-amy-winehouse-muss-millionensumme-zahlen;Hier finden Sie Informationen zu dem Thema „Erinnerungsstücke der Ikone“. Lesen Sie jetzt „Gericht: Vater von Amy Winehouse muss Millionensumme zahlen“.;Erinnerungsstücke der Ikone;News, Erinnerungsstücke der Ikone, Amy Winehouse, Mitch Winehouse, Sarah Clarke, Millionensumme, Ikone, Rechtsstreit;2026-07-30T16:10:19+02:00;2026-07-30T16:10:19+02:00;;dpa;false
afed7e0e0c08a0cb35eba392af4fb8604c94b5b88e8daf6f5f57d85744fae681;Die Kunst des Abkühlens;https://www.zeit.de/news/2026-07/30/die-kunst-des-abkuehlens;Hier finden Sie Informationen zu dem Thema „Miró statt Mittagshitze“. Lesen Sie jetzt „Die Kunst des Abkühlens“.;Miró statt Mittagshitze;News, Miró statt Mittagshitze, Ludwigshafen, Mittagshitze, Abkühlen;2026-07-30T16:09:45+02:00;2026-07-30T16:09:45+02:00;;dpa Rheinland-Pfalz/Saarland;false
3b80f7dfe2a6d1a702e5197dc3e6d9bc0d22e06142d2690f8d15333ef08653df;Mord und Raubüberfall: Hinweise nach «Aktenzeichen XY...»;https://www.zeit.de/news/2026-07/30/mord-und-raubueberfall-hinweise-nach-aktenzeichen-xy;Hier finden Sie Informationen zu dem Thema „Ermittlungen laufen“. Lesen Sie jetzt „Mord und Raubüberfall: Hinweise nach «Aktenzeichen XY...»“.;Ermittlungen laufen;News, Ermittlungen laufen, Mann, Bayern, Oberfranken, Allgäu, Polizei, Aktenzeichen XY, Mord, Raubüberfall;2026-07-30T16:09:16+02:00;2026-07-30T16:09:16+02:00;;dpa Bayern;false
b959fb373a34a913742646d92e2a7d5dd4054930d96bdb2937c3d9cd14a4a541;Nach Messerattacke: 54-Jähriger dauerhaft in Psychiatrie;https://www.zeit.de/news/2026-07/30/nach-messerattacke-54-jaehriger-dauerhaft-in-psychiatrie;Hier finden Sie Informationen zu dem Thema „Angriff in Ostfriesland“. Lesen Sie jetzt „Nach Messerattacke: 54-Jähriger dauerhaft in Psychiatrie“.;Angriff in Ostfriesland;News, Angriff in Ostfriesland, Ostfriesland, Emden, Aurich, Messerattacke, Psychiatrie, Messerangriff, Angriff, psychische Erkrankung;2026-07-30T16:08:06+02:00;2026-07-30T16:08:06+02:00;;dpa Niedersachsen;false
f935ada49b40069946b8b6b8828c907817beb25e815216a42cb50253f35bde75;Reiche verteidigt Rentenpläne gegen Ost-Länderchefs;https://www.zeit.de/news/2026-07/30/reiche-verteidigt-rentenplaene-gegen-ost-laenderchefs;Hier finden Sie Informationen zu dem Thema „Rentenreform“. Lesen Sie jetzt „Reiche verteidigt Rentenpläne gegen Ost-Länderchefs“.;Rentenreform;News, Rentenreform, Katherina Reiche, Zielitz, Sachsen, Thüringen, Sachsen-Anhalt, CDU, Rentenplan, Frühverrentungsprogramm, Rente;2026-07-30T16:06:04+02:00;2026-07-30T16:06:04+02:00;;dpa Sachsen;false
1ecec449cb3df8c1c3ec643556633f8e9c28b2048b129cb0b22711e955b4ea17;Mehr als 500 Kilo Kokain im Container - Urteil rechtskräftig;https://www.zeit.de/news/2026-07/30/mehr-als-500-kilo-kokain-im-container-urteil-rechtskraeftig;Hier finden Sie Informationen zu dem Thema „Entscheidung des BGH“. Lesen Sie jetzt „Mehr als 500 Kilo Kokain im Container - Urteil rechtskräftig“.;Entscheidung des BGH;News, Entscheidung des BGH, Mann, Bremerhaven, Bremen, Bundesgerichtshof, Kokain, Container;2026-07-30T16:03:08+02:00;2026-07-30T16:03:08+02:00;;dpa Niedersachsen;false
4fe7265eba37bd7ed7c3da490b2fdaba976140fb8bad6049b0617b366f39b87f;Wo ist Hörbi? Polizei sucht Esel nach mutmaßlichem Diebstahl;https://www.zeit.de/news/2026-07/30/wo-ist-hoerbi-polizei-sucht-esel-nach-mutmasslichem-diebstahl;Hier finden Sie Informationen zu dem Thema „Esel verschwunden“. Lesen Sie jetzt „Wo ist Hörbi? Polizei sucht Esel nach mutmaßlichem Diebstahl“.;Esel verschwunden;News, Esel verschwunden, Gutow, Landkreis Nordwestmecklenburg, Polizei, Diebstahl, Tierschutzhof, Tiere;2026-07-30T16:01:20+02:00;2026-07-30T16:01:20+02:00;;dpa Mecklenburg-Vorpommern;false
e8ba7b26eb229f58daa271066b75124966369fc70b8872b0ac022718e9f24850;Referendare protestieren gegen Ferien-Arbeitslosigkeit;https://www.zeit.de/news/2026-07/30/referendare-protestieren-gegen-ferien-arbeitslosigkeit;Hier finden Sie Informationen zu dem Thema „Bildung“. Lesen Sie jetzt „Referendare protestieren gegen Ferien-Arbeitslosigkeit“.;Bildung;News, Bildung, Monika Stein, GEW, Bildungsgewerkschaft, Sommerferien, Sommerferienarbeitslosigkeit, Landesregierung;2026-07-30T15:59:49+02:00;2026-07-30T15:59:49+02:00;;dpa Baden-Württemberg;false
272383c01a4b8b330e52bad07537c4441bbaad34da0a41b55dc3afd9762e67e2;Wie radikal die AfD Sachsen-Anhalt umbauen will;https://www.zeit.de/politik/deutschland/2026-06/afd-sachsen-anhalt-wahlprogramm-migration-gxe;Hinter dem kürzlich vorgestellten 100-Tage-Programm der AfD Sachsen-Anhalt steht das weit umfassendere Wahlprogramm. Es zeigt, wohin die AfD im Land will. Ein Überblick;"Z+ (abopflichtiger Inhalt);
        
    Landtagswahl Sachsen-Anhalt";Politik, Landtagswahl Sachsen-Anhalt, Sachsen-Anhalt, Alternative für Deutschland, Bundesrat, Landtagswahl, Asyl, Martin Sellner;2026-07-30T15:59:37+02:00;2026-07-30T15:59:37+02:00;Konstantin Zimmermann;;false
a7adf12ce1075e16f72af71c29bde0d93e95310f75b1b9aaa4e8fdff2ba37e20;Juli in Hamburg wärmer als gewöhnlich;https://www.zeit.de/news/2026-07/30/juli-in-hamburg-waermer-als-gewoehnlich;Hier finden Sie Informationen zu dem Thema „Sommer im Norden“. Lesen Sie jetzt „Juli in Hamburg wärmer als gewöhnlich“.;Sommer im Norden;News, Sommer im Norden, Hamburg, DWD, Sommer, Wetter;2026-07-30T15:59:15+02:00;2026-07-30T15:59:15+02:00;;dpa Hamburg/Schleswig-Holstein;false
7ac0279830e051778e1060a727efc450aeaf9da5296a2311e9388e3ac496d375;Gladbach leiht japanischen Verteidiger Hashioka aus;https://www.zeit.de/news/2026-07/30/gladbach-leiht-japanischen-verteidiger-hashioka-aus;Hier finden Sie Informationen zu dem Thema „Fußball-Bundesliga“. Lesen Sie jetzt „Gladbach leiht japanischen Verteidiger Hashioka aus“.;Fußball-Bundesliga;News, Fußball-Bundesliga, Daiki Hashioka, Gladbach, Mönchengladbach, Borussia Mönchengladbach, Slavia Prag, Fußball-Bundesliga, Bundesliga, Kaufoption, Sommer;2026-07-30T15:57:28+02:00;2026-07-30T15:57:28+02:00;;dpa Nordrhein-Westfalen;false
92d5dec1584cdc73909b381e55f5468924bfdae4376e217c280dc16af7731e35;Feuer zerstört Dachstuhl von Schloss Wallhausen;https://www.zeit.de/news/2026-07/30/schloss-wallhausen-in-sachsen-anhalt-in-brand;Hier finden Sie Informationen zu dem Thema „Großeinsatz der Feuerwehr“. Lesen Sie jetzt „Feuer zerstört Dachstuhl von Schloss Wallhausen“.;Großeinsatz der Feuerwehr;News, Großeinsatz der Feuerwehr, Brand Im, Wallhausen, Sangerhausen, Sachsen-Anhalt, Feuerwehr, Feuerwehreinsatz, Vollbrand, Rettungsleitstelle;2026-07-30T15:56:00+02:00;2026-07-30T15:56:00+02:00;;dpa;false
e8055c78e354c033afd01dd1113c136efa0dac5ecb956329d3bf7cde6faa0fd5;ZF schreibt wieder Gewinne – Schulden bleiben hoch;https://www.zeit.de/news/2026-07/30/autozulieferer-zf-verdient-wieder-geld;Hier finden Sie Informationen zu dem Thema „Nach zwei Verlustjahren“. Lesen Sie jetzt „ZF schreibt wieder Gewinne – Schulden bleiben hoch“.;Nach zwei Verlustjahren;News, Nach zwei Verlustjahren, Michael Frick, Bodensee, Verlustjahr, Milliardenhöhe, Gewinnzone, Geld;2026-07-30T15:55:47+02:00;2026-07-30T15:55:47+02:00;;dpa;false
1af75ba9b33fac28a398776f3c5fdb24b7c816f801b3eb91c1aaf825a0d00a0c;RKI: Mehr als 1.300 Hitzetote dieses Jahr in Hessen;https://www.zeit.de/news/2026-07/30/rki-mehr-als-1-300-hitzetote-dieses-jahr-in-hessen;Hier finden Sie Informationen zu dem Thema „Gesundheit“. Lesen Sie jetzt „RKI: Mehr als 1.300 Hitzetote dieses Jahr in Hessen“.;Gesundheit;News, Gesundheit, Hessen, RKI, Sterbefall, Hitze;2026-07-30T15:55:05+02:00;2026-07-30T15:55:05+02:00;;dpa Hessen;false
d6ad40a5c8d3131706ace5d18b8c0993191f35d1bde9161809001f08aa2b83b1;«Nervös, aber friedlich» - Wasserbüffel in Berlin ausgebüxt;https://www.zeit.de/news/2026-07/30/nervoes-aber-friedlich-wasserbueffel-in-berlin-ausgebuext;Hier finden Sie Informationen zu dem Thema „Polizei ermittelt“. Lesen Sie jetzt „«Nervös, aber friedlich» - Wasserbüffel in Berlin ausgebüxt“.;Polizei ermittelt;News, Polizei ermittelt, Berlin, Polizei, Tiere;2026-07-30T15:55:00+02:00;2026-07-30T15:55:00+02:00;;dpa Berlin/Brandenburg;false
f4b59f63ad6e4e80b3d9f188bcd1a3f2ebf362863ad275f16f794ccbc3b67c72;Russland setzt Telegram-Gründer Durow auf Terrorliste;https://www.zeit.de/news/2026-07/30/russland-setzt-telegram-gruender-durow-auf-terrorliste;Hier finden Sie Informationen zu dem Thema „Messengerdienst“. Lesen Sie jetzt „Russland setzt Telegram-Gründer Durow auf Terrorliste“.;Messengerdienst;News, Messengerdienst, Pawel Durow, Russland, Leningrad, St. Petersburg, FSB, Terrorliste, Telegram, Rosfinmonitoring, Finanzaufsichtsbehörde, Kritik;2026-07-30T15:54:33+02:00;2026-07-30T15:54:33+02:00;;dpa;false
8c82f8f739b5110d8eebc3a0375dee1240260f100b5a8dce7037887f67d88a93;Ungewöhnlich warmer Juli auch in Berlin und Brandenburg;https://www.zeit.de/news/2026-07/30/ungewoehnlich-warmer-juli-auch-in-berlin-und-brandenburg;Hier finden Sie Informationen zu dem Thema „Deutscher Wetterdienst“. Lesen Sie jetzt „Ungewöhnlich warmer Juli auch in Berlin und Brandenburg“.;Deutscher Wetterdienst;News, Deutscher Wetterdienst, Berlin, Brandenburg, DWD, Mitteltemperatur;2026-07-30T15:54:15+02:00;2026-07-30T15:54:15+02:00;;dpa Berlin/Brandenburg;false
c4f45f606cd01097da070ea7ad97bccf91def31de64facf026efa35c2141fc1f;18-Jährige sticht im Eichsfeld auf Familienangehörigen ein;https://www.zeit.de/news/2026-07/30/18-jaehrige-sticht-im-eichsfeld-auf-familienangehoerigen-ein;Hier finden Sie Informationen zu dem Thema „Ermittlungen“. Lesen Sie jetzt „18-Jährige sticht im Eichsfeld auf Familienangehörigen ein“.;Ermittlungen;News, Ermittlungen, Eichsfeld, Berlingerode, Landkreis Eichsfeld, Staatsanwaltschaft;2026-07-30T15:54:07+02:00;2026-07-30T15:54:07+02:00;;dpa Thüringen;false
3784ff50803b1191dc6fac54c213bb167f59c8ce384c380ec564f0ebfd611b8d;Kleinkind stürzt aus Fenster – Lebensgefahr;https://www.zeit.de/news/2026-07/30/kleinkind-stuerzt-aus-fenster-lebensgefahr;Hier finden Sie Informationen zu dem Thema „Per Hubschrauber in Klinik“. Lesen Sie jetzt „Kleinkind stürzt aus Fenster – Lebensgefahr“.;Per Hubschrauber in Klinik;News, Per Hubschrauber in Klinik, Polizei, Lebensgefahr, Hubschrauber;2026-07-30T15:53:24+02:00;2026-07-30T15:53:24+02:00;;dpa Baden-Württemberg;false
3f5117eaf1a69ccb519929f72aad6f0f8e512288ac9d25c07673978cb1a30231;Energie-Profis als Spider-Man im Kino: Was dahintersteckt;https://www.zeit.de/news/2026-07/30/energie-profis-als-spider-man-im-kino-was-dahintersteckt;Hier finden Sie Informationen zu dem Thema „Besonderer Teamabend“. Lesen Sie jetzt „Energie-Profis als Spider-Man im Kino: Was dahintersteckt“.;Besonderer Teamabend;News, Besonderer Teamabend, Lausitz, FC Energie Cottbus, Teamabend, Superheld, Mannschaftsstärke;2026-07-30T15:53:14+02:00;2026-07-30T15:53:14+02:00;;dpa Berlin/Brandenburg;false
072bf97af9800e53593ba57513200e3b3fd75980af625819a3f95e897f3de5eb;69-Jährige bei Unfall mit Lkw lebensgefährlich verletzt;https://www.zeit.de/news/2026-07/30/69-jaehrige-bei-unfall-mit-lkw-lebensgefaehrlich-verletzt;Hier finden Sie Informationen zu dem Thema „Neumünster“. Lesen Sie jetzt „69-Jährige bei Unfall mit Lkw lebensgefährlich verletzt“.;Neumünster;News, Neumünster, Neumünster, Unfall, Verkehrsunfall;2026-07-30T15:52:25+02:00;2026-07-30T15:52:25+02:00;;dpa Hamburg/Schleswig-Holstein;false
17e40fae3591f81e82facbfc26134b59a2aee9d549bfe175f42ae0a5114c6d4d;EU erschwert Ukrainern Flucht vor Krieg - Was ändert sich?;https://www.zeit.de/news/2026-07/30/eu-erschwert-ukrainern-flucht-vor-krieg-was-aendert-sich;Hier finden Sie Informationen zu dem Thema „Zu wenige Soldaten“. Lesen Sie jetzt „EU erschwert Ukrainern Flucht vor Krieg - Was ändert sich?“.;Zu wenige Soldaten;News, Zu wenige Soldaten, Mychajlo Fedorow, Magnus Brunner, Friedrich Merz, Mann, Wolodymyr Selenskyj, Russland, Europäische Union, EU, Aufnahmeregel, Krieg in der Ukraine;2026-07-30T15:50:54+02:00;2026-07-30T15:50:54+02:00;;dpa;false
1b63d1e6c823bca6bbd947bef2e98ef5155927c40d267fc349b8500f590ca48c;Mann mit Zweirad im Watt unterwegs;https://www.zeit.de/news/2026-07/30/mann-will-mit-fahrrad-durchs-watt-zur-insel-juist-fahren;Hier finden Sie Informationen zu dem Thema „Einsatz in Ostfriesland“. Lesen Sie jetzt „Mann mit Zweirad im Watt unterwegs“.;Einsatz in Ostfriesland;News, Einsatz in Ostfriesland, Juist, Ostfriesland, Norddeich, Landkreis Aurich, Freiwillige Feuerwehr, Feuerwehr, Fahrrad;2026-07-30T15:50:25+02:00;2026-07-30T15:50:25+02:00;;dpa Niedersachsen;false
edace9ba80b41ecd9d848cb1f70fac0ac95b45d39fdeb6afecbabd68a9ae9216;Getötete Studentin: Polizei nimmt zwei Tatverdächtige fest;https://www.zeit.de/news/2026-07/30/getoetete-studentin-polizei-nimmt-zwei-tatverdaechtige-fest;Hier finden Sie Informationen zu dem Thema „Ermittlungen laufen“. Lesen Sie jetzt „Getötete Studentin: Polizei nimmt zwei Tatverdächtige fest“.;Ermittlungen laufen;News, Ermittlungen laufen, Trier, Polizei;2026-07-30T15:47:55+02:00;2026-07-30T15:47:55+02:00;;dpa;false
c41afe7a86c7af6fa1f3097b257fa2ccff0c3bebc2a15263c726881f7a1a2cbc;RTL/Sky-Experten: Wolfsburg klarer Aufstiegsfavorit;https://www.zeit.de/news/2026-07/30/rtl-sky-experten-wolfsburg-klarer-aufstiegsfavorit;Hier finden Sie Informationen zu dem Thema „2. Fußball-Bundesliga“. Lesen Sie jetzt „RTL/Sky-Experten: Wolfsburg klarer Aufstiegsfavorit“.;2. Fußball-Bundesliga;News, 2. Fußball-Bundesliga, Simon Terodde, Felix Kroos, Wolfsburg, St. Pauli, British Sky Broadcasting Group, RTL, VfL Wolfsburg, 1. FC Heidenheim, FC St. Pauli, Fußball-Bundesliga;2026-07-30T15:45:49+02:00;2026-07-30T15:45:49+02:00;;dpa Niedersachsen;false
218a76eec223fec873e9e6dba84717e382bc3e039390035cb5ada3ad9c102227;Anwältin beleidigt Einsatzkräfte - Geldstrafe;https://www.zeit.de/news/2026-07/30/anwaeltin-beleidigt-einsatzkraefte-geldstrafe;Hier finden Sie Informationen zu dem Thema „Prozesse“. Lesen Sie jetzt „Anwältin beleidigt Einsatzkräfte - Geldstrafe“.;Prozesse;News, Prozesse, Düsseldorf, Rheinbahn, Amtsgericht, Einsatzkraft, Geldstrafe, Rettungskraft, Tagessatz, Beleidigung;2026-07-30T15:45:33+02:00;2026-07-30T15:45:33+02:00;;dpa Nordrhein-Westfalen;false
ec3d2675c1487e292be183ff2f19e6304a8f5b4043871df14b187ecbf698c737;Werder Bremen: Bis Oktober soll Block 53 wieder stehen;https://www.zeit.de/news/2026-07/30/werder-bremen-bis-oktober-soll-block-53-wieder-stehen;Hier finden Sie Informationen zu dem Thema „Nach Einsturz im Weserstadion“. Lesen Sie jetzt „Werder Bremen: Bis Oktober soll Block 53 wieder stehen“.;Nach Einsturz im Weserstadion;News, Nach Einsturz im Weserstadion, Hans-Jörg Otto, Bremen, Weserstadion, Weser, SV Werder Bremen, Teileinsturz, Einsturz, Heimstätte;2026-07-30T15:42:34+02:00;2026-07-30T15:42:34+02:00;;dpa Niedersachsen;false
b70693764ed4eaaab307c73de03529c65443991bd2a3b39b846803d960c0ae83;Katastrophenfall wegen Brands in Chiemgauer Alpen ausgerufen;https://www.zeit.de/news/2026-07/30/brand-im-bergwald-in-den-chiemgauer-alpen;Hier finden Sie Informationen zu dem Thema „Unwegsames Gipfelgelände“. Lesen Sie jetzt „Katastrophenfall wegen Brands in Chiemgauer Alpen ausgerufen“.;Unwegsames Gipfelgelände;News, Unwegsames Gipfelgelände, Alpen, Traunstein, Unterwössen, Feuerwehr, Gipfelbereich, Lackenbergwand, Kreisfeuerwehrverband, Großeinsatz;2026-07-30T15:41:35+02:00;2026-07-30T15:41:35+02:00;;dpa;false
4016dd41bad09bd62d628f44e21b415f81e093f3fd4ac6c03e824cbab6692961;Antreiber oder Bremse? Grünen-Pläne zu Wind- und Solarkraft;https://www.zeit.de/news/2026-07/30/gruene-fuer-pflicht-teilhabe-an-wind-und-solarparks;Hier finden Sie Informationen zu dem Thema „Windkraft- und Solaranlagen“. Lesen Sie jetzt „Antreiber oder Bremse? Grünen-Pläne zu Wind- und Solarkraft“.;Windkraft- und Solaranlagen;News, Windkraft- und Solaranlagen, Fabian Ehmann, Mainz, Eder, Solarpark, Landesbürgerenergiengesetz, Windpark, Kommune, Erneuerbare Energien;2026-07-30T15:41:02+02:00;2026-07-30T15:41:02+02:00;;dpa Rheinland-Pfalz/Saarland;false
0a85a29876ae0ea0e3068ea02c5c82bca0f1cc93f634aab58fc28230ea2453cb;CDU-Politiker schildert Unfallfolgen: Nächte ohne Schlaf;https://www.zeit.de/news/2026-07/30/cdu-politiker-schildert-unfallfolgen-naechte-ohne-schlaf;Hier finden Sie Informationen zu dem Thema „Thomas Bareiß“. Lesen Sie jetzt „CDU-Politiker schildert Unfallfolgen: Nächte ohne Schlaf“.;Thomas Bareiß;News, Thomas Bareiß, Thomas Bareiß, CDU, Schwäbische Zeitung, Deutscher Bundestag, Polizei, Unfallfolge, Rippenbruch, Unfall, Verkehrsunfall, Auto;2026-07-30T15:37:12+02:00;2026-07-30T15:37:12+02:00;;dpa Baden-Württemberg;false
45f38042272fe5787fcd0420592303e3e766de06d53a1dad8bb08f0ee10e0432;Schweinezuchtbetrieb am Ende - Warnsignal für die Branche?;https://www.zeit.de/news/2026-07/30/schweinezuchtbetrieb-am-ende-warnsignal-fuer-die-branche;Hier finden Sie Informationen zu dem Thema „Insolvenz“. Lesen Sie jetzt „Schweinezuchtbetrieb am Ende - Warnsignal für die Branche?“.;Insolvenz;News, Insolvenz, Jörn Ahlers, Wildeshausen, Landkreis Oldenburg, Schweinezuchtbetrieb, Warnsignal, Schweinezuchtunternehmen, Insolvenz;2026-07-30T15:35:46+02:00;2026-07-30T15:35:46+02:00;;dpa Berlin/Brandenburg;false
d9a43b2d197994a85417cb91cf17b8ecd15771a05d6ed3c05266e6e71f12297b;Mann zielt mit Waffenattrappe auf Frau und Kinder;https://www.zeit.de/news/2026-07/30/mann-zielt-mit-waffenattrappe-auf-frau-und-kinder;Hier finden Sie Informationen zu dem Thema „Nachbarschaftsstreit“. Lesen Sie jetzt „Mann zielt mit Waffenattrappe auf Frau und Kinder“.;Nachbarschaftsstreit;News, Nachbarschaftsstreit, Waffenattrappe, Nachbarschaftsstreit, Gewehrattrappe;2026-07-30T15:34:00+02:00;2026-07-30T15:34:00+02:00;;dpa Baden-Württemberg;false
10ac43c2fdd1a51a7a8e6e14eea697a7bde0858c693baaebc27cd4cf58862f68;Leuchtendes Lila: BVB-Ausweichtrikot löst Fan-Diskussion aus;https://www.zeit.de/news/2026-07/30/leuchtendes-lila-bvb-ausweichtrikot-loest-fan-diskussion-aus;Hier finden Sie Informationen zu dem Thema „Fußball-Bundesliga“. Lesen Sie jetzt „Leuchtendes Lila: BVB-Ausweichtrikot löst Fan-Diskussion aus“.;Fußball-Bundesliga;News, Fußball-Bundesliga, Tokio, Japan, Borussia Dortmund, Fußball-Bundesliga, Ausweichtrikot, Auto;2026-07-30T15:32:59+02:00;2026-07-30T15:32:59+02:00;;dpa Nordrhein-Westfalen;false
50855f574e385d60aa590e81d18e4b334fad1d5ac541712c5a41dd31a679af9c;Erst bis zu 38 Grad, dann schwere Gewitter;https://www.zeit.de/news/2026-07/30/erst-bis-zu-38-grad-dann-schwere-gewitter;Hier finden Sie Informationen zu dem Thema „Wettervorhersage“. Lesen Sie jetzt „Erst bis zu 38 Grad, dann schwere Gewitter“.;Wettervorhersage;News, Wettervorhersage, Hessen, Gewitter, Wettervorhersage, Hitze, Wetter, Starkregen, Unwetter;2026-07-30T15:31:49+02:00;2026-07-30T15:31:49+02:00;;dpa Hessen;false
2e7e07da205a8f6c51b9f0c1ce3e4860ee916fe16fb0dfb568b1a3568da0947d;Juli in MV: Mehr Sonne und weniger Regen als im Schnitt;https://www.zeit.de/news/2026-07/30/juli-in-mv-mehr-sonne-und-weniger-regen-als-im-schnitt;Hier finden Sie Informationen zu dem Thema „Sommer im Nordosten“. Lesen Sie jetzt „Juli in MV: Mehr Sonne und weniger Regen als im Schnitt“.;Sommer im Nordosten;News, Sommer im Nordosten, Mecklenburg-Vorpommern, Nordosten, Sommer;2026-07-30T15:30:20+02:00;2026-07-30T15:30:20+02:00;;dpa Mecklenburg-Vorpommern;false
dbc59b18727782916e33eee74bf4d490232b539dd9fa3a8682476accfa8bb992;Früherer Fürther Zorniger muss in Dänemark gehen;https://www.zeit.de/news/2026-07/30/frueherer-fuerther-zorniger-muss-in-daenemark-gehen;Hier finden Sie Informationen zu dem Thema „Nach dem ersten Spieltag“. Lesen Sie jetzt „Früherer Fürther Zorniger muss in Dänemark gehen“.;Nach dem ersten Spieltag;News, Nach dem ersten Spieltag, Alexander Zorniger, Dänemark;2026-07-30T15:29:46+02:00;2026-07-30T15:29:46+02:00;;dpa Bayern;false
425cd2c541359ceaf71930b984c4829b2e988a998666d8da3b7e9aae6c733de2;Trinkflasche einmal nachfüllen, bitte!;https://www.zeit.de/news/2026-07/30/trinkflasche-einmal-nachfuellen-bitte;Hier finden Sie Informationen zu dem Thema „Kostenloses Trinkwasser“. Lesen Sie jetzt „Trinkflasche einmal nachfüllen, bitte!“.;Kostenloses Trinkwasser;News, Kostenloses Trinkwasser, Bad Nauheim, Refill-Deutschland, Trinkwasser;2026-07-30T15:28:41+02:00;2026-07-30T15:28:41+02:00;;dpa Hessen;false
060c5971da1c4f950b65fc57cbb88107320d3b41716b9073fec81a4f7f3e6c61;Polizei veröffentlicht Fotos nach Schließfach-Aufbruch;https://www.zeit.de/news/2026-07/30/polizei-veroeffentlicht-fotos-nach-schliessfach-aufbruch;Hier finden Sie Informationen zu dem Thema „Kriminalität“. Lesen Sie jetzt „Polizei veröffentlicht Fotos nach Schließfach-Aufbruch“.;Kriminalität;News, Kriminalität, Mönchengladbach, Polizei, Schließfach;2026-07-30T15:28:20+02:00;2026-07-30T15:28:20+02:00;;dpa Nordrhein-Westfalen;false
92f891378ea40e77dfbcd4735927e5137d8bbb1784aa140042609086904252a1;Kind vergiftet: Haft und Bewährung nach Amphetamin-Fund;https://www.zeit.de/news/2026-07/30/kind-vergiftet-haft-und-bewaehrung-nach-amphetamin-fund;Hier finden Sie Informationen zu dem Thema „Prozess“. Lesen Sie jetzt „Kind vergiftet: Haft und Bewährung nach Amphetamin-Fund“.;Prozess;News, Prozess, Paderborn, Beverungen, Höxter, Bewährung;2026-07-30T15:28:02+02:00;2026-07-30T15:28:02+02:00;;dpa Nordrhein-Westfalen;false
f8bf41001728589a6ee3f8ceb214bf8615e2c4b0c427616881ef0e24947d99e7;Deshalb dauert der Rechtsstreit von Moses Pelham und Kraftwerk so lang;https://www.zeit.de/feuilleton/2026-04/rechtsstreit-sampling-moses-pelham-kraftwerk-faq-gxe;Der Streit um Moses Pelhams Kraftwerk-Sample geht seit 27 Jahren durch die Instanzen. Zwei Urteile stehen noch aus, am Donnerstag geht der Prozess am BGH weiter. ;"Z+ (abopflichtiger Inhalt);
        
    Rechtsstreit ums Sampling";Feuilleton, Rechtsstreit ums Sampling, Moses Pelham, Sabrina Setlur, Kraftwerk, Bundesverfassungsgericht, EuGH, Musik;2026-07-30T15:27:15+02:00;2026-07-30T15:27:15+02:00;Sophia Reddig;;false
fb2df46a86b36896dbfa35afb440ed6daa8b0effc7efdacc9572a75f0328206a;Sind Sie auch verfassungstreu?;https://www.zeit.de/2026/28/regelanfrage-verfassungsschutz-hamburg-lehrer-richter-berufsverbote;Ab dem 1. August werden in Hamburg Bewerberinnen und Bewerber für den Staatsdienst beim Verfassungsschutz überprüft. Kritiker sagen: Das schwächt die Zivilgesellschaft.;Regelanfrage beim Verfassungsschutz;Hamburg, Regelanfrage beim Verfassungsschutz, Verfassungsschutz, Regelanfrage, Rechtsextremisten, Islamisten, Extremismus, Lehrer, Justiz;2026-07-30T15:26:02+02:00;2026-07-30T15:26:02+02:00;Oskar Piegsa;Aus der        ZEIT Nr. 28/2026;false
7a8f08f21a055314f59342742f21b4e0c2880fa5dc9c81bc52e7a375f6292208;Muttersöhnchen oder Tyrannenmörder?;https://www.zeit.de/2026/32/freiwuerfe-diktator-tom-kummer-kim-jong-un-bern-roman;Im neuen Roman von Tom Kummer denkt ein Lehrer an den Tyrannenmord. Das Buch beweist: Nordkorea ist der Weltmarktführer für irre Geschichten.;"Z+ (abopflichtiger Inhalt);
        
    »Freiwürfe mit einem Diktator«";Feuilleton, »Freiwürfe mit einem Diktator«, Tom Kummer, Belletristik, Nordkorea, Kim Jong Un, Pjöngjang;2026-07-30T15:23:10+02:00;2026-07-30T15:23:10+02:00;Benedikt Herber;Aus der        ZEIT Nr. 32/2026;false
52a7990b0e21e9af3879a5f14b5fad9a00cefbc05fa568c19d906c9a75f328aa;Motorradunfall bei Büdingen – 18-Jähriger stirbt;https://www.zeit.de/news/2026-07/30/motorradunfall-bei-buedingen-18-jaehriger-stirbt;Hier finden Sie Informationen zu dem Thema „Tödlicher Motorradunfall“. Lesen Sie jetzt „Motorradunfall bei Büdingen – 18-Jähriger stirbt“.;Tödlicher Motorradunfall;News, Tödlicher Motorradunfall, Büdingen, Motorradunfall, Überholmanöver;2026-07-30T15:22:46+02:00;2026-07-30T15:22:46+02:00;;dpa Hessen;false
e649cd796cc8e21a4768aec8a6ac6c099ee995f23b5fa6818d1460ea4b118cc9;Ausschuss weist Beschwerden zurück: AfD darf antreten;https://www.zeit.de/news/2026-07/30/ausschuss-weist-beschwerden-zurueck-afd-darf-antreten;Hier finden Sie Informationen zu dem Thema „Wahlen im September“. Lesen Sie jetzt „Ausschuss weist Beschwerden zurück: AfD darf antreten“.;Wahlen im September;News, Wahlen im September, Stephan Bröchler, Spandau, Alternative für Deutschland, Beschwerde, Landeswahlausschuss, Bezirksverordnetenversammlung, Ausschuss;2026-07-30T15:20:49+02:00;2026-07-30T15:20:49+02:00;;dpa Berlin/Brandenburg;false
1b32d68606e2a5ebab9df1d2daffda737ddf8bd3d0dc57a6bfb1a3652e790e0c;Rund fünf Prozent mehr für WDR-Beschäftigte;https://www.zeit.de/news/2026-07/30/rund-fuenf-prozent-mehr-fuer-wdr-beschaeftigte;Hier finden Sie Informationen zu dem Thema „Tarifeinigung“. Lesen Sie jetzt „Rund fünf Prozent mehr für WDR-Beschäftigte“.;Tarifeinigung;News, Tarifeinigung, WDR, Westdeutsche Rundfunk, Ver.di, Tarifeinigung, Verhandlungsrunde, Tarifabschluss, Geld;2026-07-30T15:20:33+02:00;2026-07-30T15:20:33+02:00;;dpa Nordrhein-Westfalen;false
ce5b036dac5e7bddc9b081b6868b03384e2357680d3a9124dc85442b123b700f;Woher kommt der Abfall? - Mülldetektive suchen nach Spuren;https://www.zeit.de/news/2026-07/30/abfallermittler-sollen-in-bonn-muellsuender-finden;Hier finden Sie Informationen zu dem Thema „Illegale Abfallentsorgung“. Lesen Sie jetzt „Woher kommt der Abfall? - Mülldetektive suchen nach Spuren“.;Illegale Abfallentsorgung;News, Illegale Abfallentsorgung, Bonn, Ordnungsamt, Müll;2026-07-30T15:20:13+02:00;2026-07-30T15:20:13+02:00;;dpa Nordrhein-Westfalen;false
01563f61032c5864d15554e0676e6dff03d019eec3f921b7dbd0aafa94d116f0;Krankenkasse: Erreichbarkeit von Apotheken in MV gesichert;https://www.zeit.de/news/2026-07/30/krankenkasse-erreichbarkeit-von-apotheken-in-mv-gesichert;Hier finden Sie Informationen zu dem Thema „Apotheken“. Lesen Sie jetzt „Krankenkasse: Erreichbarkeit von Apotheken in MV gesichert“.;Apotheken;News, Apotheken, Schwerin, Mecklenburg-Vorpommern, Barmer, Erreichbarkeit, Krankenkasse, Apotheke;2026-07-30T15:19:02+02:00;2026-07-30T15:19:02+02:00;;dpa Mecklenburg-Vorpommern;false
fc5112dc9f9f2742360c28b92f2f5d1836290ddd89bd01e299837aaef82db0a4;RKI: Mehr als 1.200 Hitzetote dieses Jahr in Rheinland-Pfalz;https://www.zeit.de/news/2026-07/30/rki-mehr-als-1-200-hitzetote-dieses-jahr-in-rheinland-pfalz;Hier finden Sie Informationen zu dem Thema „Gesundheit“. Lesen Sie jetzt „RKI: Mehr als 1.200 Hitzetote dieses Jahr in Rheinland-Pfalz“.;Gesundheit;News, Gesundheit, Rheinland-Pfalz, RKI, Sterbefall, Hitze;2026-07-30T15:18:37+02:00;2026-07-30T15:18:37+02:00;;dpa Rheinland-Pfalz/Saarland;false
0dee4e859ecaf7bb1c196ace8bd2159250f92dc5f1ceb8020d714b20dc2fc417;Juli in Thüringen: Sonne satt, kaum Regen und Hitze;https://www.zeit.de/news/2026-07/30/juli-in-thueringen-sonne-satt-kaum-regen-und-hitze;Hier finden Sie Informationen zu dem Thema „Wetter“. Lesen Sie jetzt „Juli in Thüringen: Sonne satt, kaum Regen und Hitze“.;Wetter;News, Wetter, Thüringen, DWD, Sonnenstunde, Sonnenseite, Hitze, Wetter;2026-07-30T15:18:06+02:00;2026-07-30T15:18:06+02:00;;dpa Thüringen;false
bbd4cc4410c93492ee9de61c2cc2f655ba9dfc43171d9aeaf22695e84e0da6a2;Vielfalts-Shirts nach Attacke: Hertha will an CSD spenden;https://www.zeit.de/news/2026-07/30/vielfalts-shirts-nach-attacke-hertha-will-an-csd-spenden;Hier finden Sie Informationen zu dem Thema „Anschlag in Berlin“. Lesen Sie jetzt „Vielfalts-Shirts nach Attacke: Hertha will an CSD spenden“.;Anschlag in Berlin;News, Anschlag in Berlin, Berlin, Hertha BSC, Hertha BSC Berlin, Christopher Street Day, Attacke, Terroranschlag;2026-07-30T15:17:07+02:00;2026-07-30T15:17:07+02:00;;dpa Berlin/Brandenburg;false
62ff091955985024b66a599deddc6e265e13c257047d6ef1926d592115709e32;Was trennt Sie von der AfD, Thilo Sarrazin?;https://www.zeit.de/zeit-magazin/2026/33/thilo-sarrazin-migration-bildung-afd-ethnische-veraenderung;2010 war sein Buch »Deutschland schafft sich ab« ein Riesenskandal. Heute ist der Mainstream in Thilo Sarrazins Richtung gerückt. Zeit für eine neue Konfrontation;"Z+ (abopflichtiger Inhalt);
        
    Thilo Sarrazin";Thilo Sarrazin, Alternative für Deutschland, Literatur, Migration;2026-07-30T15:12:44+02:00;2026-07-30T15:12:44+02:00;Anna Mayr;Aus dem        ZEITmagazin Nr. 33/2026;false
fa55a66da47ddcc6e3e69648f0c7afa8ac257bd7fb0feb2374f8e371fc1efa94;Was sagt man, wenn die Schüler »Remigration« fordern?;https://www.zeit.de/gesellschaft/zeitgeschehen/2026-07/afd-sachsen-anhalt-schule-lehrkraefte-verbote;Die AfD versucht, Lehrkräfte mit Meldeportalen und persönlichen Angriffen zu verunsichern. In Sachsen-Anhalt halten ein Sozialkundeprofessor und ein Lehrer dagegen.;"Z+ (abopflichtiger Inhalt);
        
    AfD in Sachsen-Anhalt";Gesellschaft, AfD in Sachsen-Anhalt, Alternative für Deutschland, Sachsen-Anhalt, Schule, Lehrer, Demokratie, Bildung;2026-07-30T15:11:21+02:00;2026-07-30T15:11:21+02:00;Sebastian Höhn;;false
ee0c4de242b2d265abb1f12d3ac4e3a566eeef0101651e967e5acb21129ea726;»Zug der Liebe« in Berlin nach Anschlag auf den CSD abgesagt;https://www.zeit.de/gesellschaft/zeitgeschehen/2026-07/technoparade-zug-der-liebe-berlin-absage-csd-anschlag-sicherheit-gxe;Die Veranstalter haben die Parade »Zug der Liebe« durch Berlin abgesagt. Als Grund nennen sie eine spürbare Veränderung des gesellschaftlichen Klimas.;Technoparade »Zug der Liebe«;Gesellschaft, Technoparade »Zug der Liebe«, Berlin, Christopher Street Day, Liebe, Queerness, Terrorismus;2026-07-30T15:10:55+02:00;2026-07-30T15:10:55+02:00;pip;DIE ZEIT,        dpa,        							pip;false
d22bfbdf993146ab6b47fd6dd0b64bc6c8214460f00bc125ae32908984c631a6;Wasserprobleme in der Lausitz - Länder arbeiten zusammen;https://www.zeit.de/news/2026-07/30/wasserprobleme-in-der-lausitz-laender-arbeiten-zusammen;Hier finden Sie Informationen zu dem Thema „Braunkohlefolgen“. Lesen Sie jetzt „Wasserprobleme in der Lausitz - Länder arbeiten zusammen“.;Braunkohlefolgen;News, Braunkohlefolgen, Georg-Ludwig von Breitenbuch, Hanka Mittelstädt, Lausitz, Brandenburg, CDU, SPD, Wasserproblem, Braunkohlefolge, Wasserhaushalt;2026-07-30T15:09:56+02:00;2026-07-30T15:09:56+02:00;;dpa Berlin/Brandenburg;false
6d90c24bf381db8e412fabad6066e0d601615cb4e60631394fc8745e34c5b16f;Wetterbilanz: Juli mit vielen Sonnenstunden, aber auch Regen;https://www.zeit.de/news/2026-07/30/wetterbilanz-juli-mit-vielen-sonnenstunden-aber-auch-regen;Hier finden Sie Informationen zu dem Thema „Wetter“. Lesen Sie jetzt „Wetterbilanz: Juli mit vielen Sonnenstunden, aber auch Regen“.;Wetter;News, Wetter, DWD, Wetterbilanz, Sonnenstunde, Wetter;2026-07-30T15:06:02+02:00;2026-07-30T15:06:02+02:00;;dpa Sachsen;false
46b5afcda505259d6d0fa27f212004136c24da55fcab793a97c1b8b01546507b;Juli fällt ungewöhnlich warm aus;https://www.zeit.de/news/2026-07/30/dwd-juli-trockener-sonniger-und-waermer-als-im-mittel;Hier finden Sie Informationen zu dem Thema „Wetter“. Lesen Sie jetzt „Juli fällt ungewöhnlich warm aus“.;Wetter;News, Wetter, Christian Schuchardt, Offenbach, DWD, Wetter, Hitzewelle, Hitze;2026-07-30T15:04:37+02:00;2026-07-30T15:04:37+02:00;;dpa;false
231f69e745076e7dac868f160ea4446ecfd82eea63feea94ac22d68f6183f6d5;Mehr als 40 Prozent weniger Schleuserkriminalität;https://www.zeit.de/news/2026-07/24/mehr-als-40-prozent-weniger-schleuserkriminalitaet;Hier finden Sie Informationen zu dem Thema „Migration“. Lesen Sie jetzt „Mehr als 40 Prozent weniger Schleuserkriminalität“.;Migration;News, Migration, Europa, Bundespolizei, Schleuserkriminalität, Migration, Lagebild, Schleusung;2026-07-30T15:04:14+02:00;2026-07-30T15:04:14+02:00;;dpa;false
9f976413b590348346622dc76dbe1a6bb7736faec4f2d0fe514950e043bcecab;«Ich könnte nur weinen» - Entsetzen nach Brand in Altstadt;https://www.zeit.de/news/2026-07/30/ich-koennte-nur-weinen-entsetzen-nach-brand-in-altstadt;Hier finden Sie Informationen zu dem Thema „Mehrere Häuser beschädigt“. Lesen Sie jetzt „«Ich könnte nur weinen» - Entsetzen nach Brand in Altstadt“.;Mehrere Häuser beschädigt;News, Mehrere Häuser beschädigt, Jens Mischak, Lauterbach, Vogelsberg, Polizei;2026-07-30T15:02:44+02:00;2026-07-30T15:02:44+02:00;;dpa Hessen;false
942ff6da23af2466b1c8fdf6df08fad9dbe2d831451d6feaec0c8921b5908284;EU erschwert ukrainischen Männern Flucht vor Krieg;https://www.zeit.de/politik/ausland/ukraine-krieg-news-liveblog;Die EU will vereinfachte Aufnahmeregeln für wehrfähige Ukrainer einschränken. In Polen ist ein mutmaßlich russischer Marschflugkörper abgestürzt. Das Liveblog;Liveblog:                     Krieg gegen die Ukraine;Politik, Krieg gegen die Ukraine, Krieg in der Ukraine, Wolodymyr Selenskyj, Russland, Militär, Drohne, Kyjiw;2026-07-31T09:16:10+00:00;2026-07-31T09:16:10+00:00;Konstantin ZimmermannAlexander EydlinCaspar Leder;;false
37126fe5320f43191c4f882b5ecd9805a8d26d348d2ddf652fd7871a27b1dc7c;Deutsche Wirtschaft schafft Mini-Wachstum trotz Iran-Krieg;https://www.zeit.de/news/2026-07/30/deutsche-wirtschaft-schafft-mini-wachstum-trotz-iran-krieg;Hier finden Sie Informationen zu dem Thema „Konjunktur“. Lesen Sie jetzt „Deutsche Wirtschaft schafft Mini-Wachstum trotz Iran-Krieg“.;Konjunktur;News, Konjunktur, Iran, Persischer Golf, Statistisches Bundesamt;2026-07-30T15:02:33+02:00;2026-07-30T15:02:33+02:00;;dpa;false
fece39a0d6e48833d66bab44123edfe0e6b754dfc060bc3512e7b3721fd79b63;So sieht die Wetterbilanz für den Juli im Südwesten aus;https://www.zeit.de/news/2026-07/30/so-sieht-die-wetterbilanz-fuer-den-juli-im-suedwesten-aus;Hier finden Sie Informationen zu dem Thema „Wetter“. Lesen Sie jetzt „So sieht die Wetterbilanz für den Juli im Südwesten aus“.;Wetter;News, Wetter, Baden-Württemberg, DWD, Wetterbilanz, Südwesten, Wetter;2026-07-30T15:01:45+02:00;2026-07-30T15:01:45+02:00;;dpa Baden-Württemberg;false
0e3ba47ca91674f315a7bcf4827b06e7444b2297fa26180b3294ca568ecd80c9;Wetterdienst: NRW erlebt trockensten Juli seit 1881;https://www.zeit.de/news/2026-07/30/wetterdienst-nrw-erlebt-trockensten-juli-seit-1881;Hier finden Sie Informationen zu dem Thema „Vorläufige Zahlen“. Lesen Sie jetzt „Wetterdienst: NRW erlebt trockensten Juli seit 1881“.;Vorläufige Zahlen;News, Vorläufige Zahlen, NRW, Messgeschichte, Wetter;2026-07-30T15:00:49+02:00;2026-07-30T15:00:49+02:00;;dpa Nordrhein-Westfalen;false
a9e12346ef8e333ebaf683514f5eb8225af4f964e2521ceae03c27703d176bb9;Waldbrand bei Hainburg: 2,5 Hektar Fläche zerstört;https://www.zeit.de/news/2026-07/30/waldbrand-bei-hainburg-2-5-hektar-flaeche-zerstoert;Hier finden Sie Informationen zu dem Thema „Brände“. Lesen Sie jetzt „Waldbrand bei Hainburg: 2,5 Hektar Fläche zerstört“.;Brände;News, Brände, Hainburg, Polizei, Waldbrand, Brand, Wald;2026-07-30T14:59:24+02:00;2026-07-30T14:59:24+02:00;;dpa Hessen;false
a7e9202cf406777afed835cad8f78cdb1b6406fe023e2069272b1c79a9ef3627;«Jetzt erst recht»: Berliner CSD will in Hamburg mitfahren;https://www.zeit.de/news/2026-07/30/jetzt-erst-recht-berliner-csd-will-in-hamburg-mitfahren;Hier finden Sie Informationen zu dem Thema „Gesellschaft“. Lesen Sie jetzt „«Jetzt erst recht»: Berliner CSD will in Hamburg mitfahren“.;Gesellschaft;News, Gesellschaft, Hamburg, Berlin, Christopher Street Day, Terroranschlag;2026-07-30T14:59:04+02:00;2026-07-30T14:59:04+02:00;;dpa Berlin/Brandenburg;false
f06d6ecbaabd55bb2c26b7e9bedbc3c8879954918a1c7d8c2f319421afdc62aa;24-Stunden-Protest gegen unangekündigte Exen;https://www.zeit.de/news/2026-07/30/24-stunden-protest-gegen-unangekuendigte-exen;Hier finden Sie Informationen zu dem Thema „Schulen“. Lesen Sie jetzt „24-Stunden-Protest gegen unangekündigte Exen“.;Schulen;News, Schulen, Schuljahresende;2026-07-30T14:55:17+02:00;2026-07-30T14:55:17+02:00;;dpa Bayern;false
c77ae1367f2c58eb6dcc21f48789dc6d8184d8286079d02dcfc943d24a1da5d6;Mann wird von Zug erfasst und schwer verletzt;https://www.zeit.de/news/2026-07/30/mann-wird-von-zug-erfasst-und-schwer-verletzt;Hier finden Sie Informationen zu dem Thema „Unfall auf Betriebsgelände“. Lesen Sie jetzt „Mann wird von Zug erfasst und schwer verletzt“.;Unfall auf Betriebsgelände;News, Unfall auf Betriebsgelände, Unfall, Betriebsgelände, Betriebslok;2026-07-30T14:54:47+02:00;2026-07-30T14:54:47+02:00;;dpa Niedersachsen;false
4487d26985c5a276ca592700b27677e04805fa8d5f9ddeae11fce8e8c053dfa6;Niedrigwasser im Rhein legt Handgranate frei – Sprengung;https://www.zeit.de/news/2026-07/30/niedrigwasser-im-rhein-legt-handgranate-frei-sprengung;Hier finden Sie Informationen zu dem Thema „Von Spaziergängerin entdeckt“. Lesen Sie jetzt „Niedrigwasser im Rhein legt Handgranate frei – Sprengung“.;Von Spaziergängerin entdeckt;News, Von Spaziergängerin entdeckt, Altlußheim, Rhein, Rhein-Neckar-Kreis, Niedrigwasser, Sprengung, Gassirunde, Wasserstand;2026-07-30T14:54:10+02:00;2026-07-30T14:54:10+02:00;;dpa Baden-Württemberg;false
4b77b6bd5c2565978d18f1d61b79e844084447468ee4b1c96dc4948c859562c9;Bilder des Tages;https://www.zeit.de/news/2026-07/30/bilder-des-tages;Hier finden Sie Informationen zu dem Thema „Fotografie“. Lesen Sie jetzt „Bilder des Tages“.;Fotografie;News, Fotografie, News;2026-07-30T14:54:09+02:00;2026-07-30T14:54:09+02:00;;dpa;false
8486c5d4ef0f161405b94e3f9119b5f08232e852261da58aafc199c17dd6f682;Zehnjähriger in Stuttgart von Auto erfasst;https://www.zeit.de/news/2026-07/30/zehnjaehriger-in-stuttgart-von-auto-erfasst;Hier finden Sie Informationen zu dem Thema „Zeugenaufruf“. Lesen Sie jetzt „Zehnjähriger in Stuttgart von Auto erfasst“.;Zeugenaufruf;News, Zeugenaufruf, Stuttgart, Polizei, Zeugenaufruf, Auto;2026-07-30T14:50:58+02:00;2026-07-30T14:50:58+02:00;;dpa Baden-Württemberg;false
1e6267a0b5ef52aa094b9fe59f2ee1ca76eea2c3e33ab1f8308356846e942daf;Juli in Sachsen-Anhalt mit besonders viel Sonne;https://www.zeit.de/news/2026-07/30/juli-in-sachsen-anhalt-mit-besonders-viel-sonne;Hier finden Sie Informationen zu dem Thema „Wetter-Bilanz“. Lesen Sie jetzt „Juli in Sachsen-Anhalt mit besonders viel Sonne“.;Wetter-Bilanz;News, Wetter-Bilanz, Sachsen-Anhalt, DWD, Monatsende, Monatsbilanz, Sonnenstunde, Wetter;2026-07-30T14:49:22+02:00;2026-07-30T14:49:22+02:00;;dpa Sachsen;false
6db39ee3cc9fa73005d0c73b57329cd2b0a1372b1f5f95b0faf6306310e70a58;Gespräche laufen: Kehrt Jack Kayil zu Alba zurück?;https://www.zeit.de/news/2026-07/30/gespraeche-laufen-kehrt-jack-kayil-zu-alba-zurueck;Hier finden Sie Informationen zu dem Thema „Basketball“. Lesen Sie jetzt „Gespräche laufen: Kehrt Jack Kayil zu Alba zurück?“.;Basketball;News, Basketball, Himar Ojeda, Alba Berlin, Basketball;2026-07-30T14:48:20+02:00;2026-07-30T14:48:20+02:00;;dpa Berlin/Brandenburg;false
cc5dc6b5511be89b5045eb3bca99dfd7b855b024611cf4930252d0e2ea86f1f8;Die Akteure im Iran-Krieg und ihre Fronten;https://www.zeit.de/news/2026-07/30/die-akteure-im-iran-krieg-und-ihre-fronten;Hier finden Sie Informationen zu dem Thema „Ein Krieg, viele Fronten“. Lesen Sie jetzt „Die Akteure im Iran-Krieg und ihre Fronten“.;Ein Krieg, viele Fronten;News, Ein Krieg, viele Fronten, Donald Trump, USA, Iran, Irak, Teheran, Israel, Saudi-Arabien, Jemen, Straße von Hormus, Rote Meer;2026-07-30T14:47:02+02:00;2026-07-30T14:47:02+02:00;;dpa;false
d2f1457b1b654a1d08833bca384ae8b549009c3611be02a2ecce503075d88341;Kühe bei Hitze ohne Wasser - Polizei hilft;https://www.zeit.de/news/2026-07/30/kuehe-bei-hitze-ohne-wasser-polizei-hilft;Hier finden Sie Informationen zu dem Thema „Tiere“. Lesen Sie jetzt „Kühe bei Hitze ohne Wasser - Polizei hilft“.;Tiere;News, Tiere, Polizei, Hitze, Tiere;2026-07-30T14:46:28+02:00;2026-07-30T14:46:28+02:00;;dpa Bayern;false
b532ac7f1dca14f7e2c903d9efcdc3a867b75741bcf39239a0b913133b2744b1;Brandbrief: Basis attackiert SPD-Spitze wegen Doppelrollen;https://www.zeit.de/news/2026-07/30/brandbrief-basis-attackiert-spd-spitze-wegen-doppelrollen;Hier finden Sie Informationen zu dem Thema „Breitseite aus Bielefeld“. Lesen Sie jetzt „Brandbrief: Basis attackiert SPD-Spitze wegen Doppelrollen“.;Breitseite aus Bielefeld;News, Breitseite aus Bielefeld, Bärbel Bas, Lars Klingbeil, Bielefeld, SPD, Bundesregierung, Brandbrief, Doppelrolle, Bundesparteispitze, Bundesvorsitzende;2026-07-30T14:45:06+02:00;2026-07-30T14:45:06+02:00;;dpa Nordrhein-Westfalen;false
93a170bc06f707c871c2f216aeb498e362cc8c8498781db83d19e629e6b8d979;EU erschwert ukrainischen Männern die Flucht vor dem Krieg;https://www.zeit.de/news/2026-07/30/eu-erschwert-ukrainischen-maennern-die-flucht-vor-dem-krieg;Hier finden Sie Informationen zu dem Thema „Migration“. Lesen Sie jetzt „EU erschwert ukrainischen Männern die Flucht vor dem Krieg“.;Migration;News, Migration, Mann, Europäische Union, Migration;2026-07-30T14:39:56+02:00;2026-07-30T14:39:56+02:00;;dpa;false
28a1edad83afb3d9a18914dc67fee9125290d77ecc528a594986cc6ec13ca5c1;Inflation springt nach Ende des Tankrabatts auf 2,8 Prozent;https://www.zeit.de/news/2026-07/30/inflation-springt-nach-ende-des-tankrabatts-auf-2-8-prozent;Hier finden Sie Informationen zu dem Thema „Verbraucherpreise“. Lesen Sie jetzt „Inflation springt nach Ende des Tankrabatts auf 2,8 Prozent“.;Verbraucherpreise;News, Verbraucherpreise, Statistisches Bundesamt, Tankrabatt, Verbraucherpreis, Vorjahresmonat, Inflation, Ölpreis, Lebensmittel;2026-07-30T14:39:43+02:00;2026-07-30T14:39:43+02:00;;dpa;false
74f4dc16875ebeb41f4759aa3cfa56d647a57a7a58e8b3a1970ab4f0f1cf6469;Kroos: Dresden zählt zu den stärksten Teams der 2. Liga;https://www.zeit.de/news/2026-07/30/kroos-dresden-zaehlt-zu-den-staerksten-teams-der-2-liga;Hier finden Sie Informationen zu dem Thema „Fußball“. Lesen Sie jetzt „Kroos: Dresden zählt zu den stärksten Teams der 2. Liga“.;Fußball;News, Fußball, Felix Kroos, Simon Terodde, Dresden, Dynamo Dresden, RTL, 1. FC Union Berlin, Fußball-Bundesliga, Fußball;2026-07-30T14:38:44+02:00;2026-07-30T14:38:44+02:00;;dpa Sachsen;false
6ca0bcbe9c7e0ff7de152ce3a2ffbc48051e9d0f772df5a97df74dde6495bec1;RKI: Bereits jetzt mehr Hitzetote als in den Jahren zuvor;https://www.zeit.de/news/2026-07/30/erneute-hitzewarnung-wie-sich-menschen-schuetzen-koennen;Hier finden Sie Informationen zu dem Thema „Warnung ernst nehmen“. Lesen Sie jetzt „RKI: Bereits jetzt mehr Hitzetote als in den Jahren zuvor“.;Warnung ernst nehmen;News, Warnung ernst nehmen, Karl-Josef Laumann, NRW, Nordrhein, Nordrhein-Westfalen, DWD, CDU, RKI, Hitzewarnung, Wärmebelastung, Abkühlung;2026-07-30T14:36:35+02:00;2026-07-30T14:36:35+02:00;;dpa Nordrhein-Westfalen;false
e5dbdd7e01f5ae5c5ad6e57bd1e3d46a3ba1e3c330ff65941d9029825f10e86f;Wetterdienst: Trockenster Juli in Hessen;https://www.zeit.de/news/2026-07/30/wetterdienst-trockenster-juli-in-hessen;Hier finden Sie Informationen zu dem Thema „Bilanz“. Lesen Sie jetzt „Wetterdienst: Trockenster Juli in Hessen“.;Bilanz;News, Bilanz, Hessen, DWD, Messhistorie, Landesmitte;2026-07-30T14:31:47+02:00;2026-07-30T14:31:47+02:00;;dpa Hessen;false
195f8f023029b0662d5aa06d458efd6fa4e71e581e21890818c3155ac43c44cc;SPD-Offensive für Benzinpreis-Kontrolle und Limbach-Ablösung;https://www.zeit.de/news/2026-07/30/spd-fordert-schaerferes-vorgehen-gegen-benzinpreis-verstoesse;Hier finden Sie Informationen zu dem Thema „Regierungsdefizite im Visier“. Lesen Sie jetzt „SPD-Offensive für Benzinpreis-Kontrolle und Limbach-Ablösung“.;Regierungsdefizite im Visier;News, Regierungsdefizite im Visier, Jochen Ott, NRW, Düsseldorf, SPD, Bundeskartellamt, Landtagswahl, Abzocke, Zapfsäule, Landesregierung, Spritpreis;2026-07-30T14:31:24+02:00;2026-07-30T14:31:24+02:00;;dpa Nordrhein-Westfalen;false
a06eb88d01b07843c7d9e0338032f5481c7c55275c5d5c2e730d4d4484444c87;Bauzug-Unfall: Strecke Aachen–Köln bis 10. August gesperrt;https://www.zeit.de/news/2026-07/30/bauzug-unfall-strecke-aachen-koeln-bis-10-august-gesperrt;Hier finden Sie Informationen zu dem Thema „Bahnverkehr“. Lesen Sie jetzt „Bauzug-Unfall: Strecke Aachen–Köln bis 10. August gesperrt“.;Bahnverkehr;News, Bahnverkehr, Aachen, Köln, Deutsche Bahn, Bauzug, Bahnverkehr, Unfall, Bahnverbindung;2026-07-30T14:26:34+02:00;2026-07-30T14:26:34+02:00;;dpa Nordrhein-Westfalen;false
04ad6eccb5c8e3dbc63cf231745eae823ad19c291c68f9c8f6589ac22a966d67;Absenderin der verschollenen Flaschenpost: «kaum zu glauben»;https://www.zeit.de/news/2026-07/30/absenderin-der-verschollenen-flaschenpost-kaum-zu-glauben;Hier finden Sie Informationen zu dem Thema „Brief von 1958“. Lesen Sie jetzt „Absenderin der verschollenen Flaschenpost: «kaum zu glauben»“.;Brief von 1958;News, Brief von 1958, Jan Zimmer, Oberwesel, Rhein, Eifel, CDU, Treffen, Flaschenpost;2026-07-30T14:25:09+02:00;2026-07-30T14:25:09+02:00;;dpa Rheinland-Pfalz/Saarland;false
0774f3d5b2a96ce4872bb4142b1ee216fb20e354be98ada3fac2ad8c500e4426;17 Jahre alter E-Scooter-Fahrer schwer verletzt;https://www.zeit.de/news/2026-07/30/17-jahre-alter-e-scooter-fahrer-schwer-verletzt;Hier finden Sie Informationen zu dem Thema „Unfälle“. Lesen Sie jetzt „17 Jahre alter E-Scooter-Fahrer schwer verletzt“.;Unfälle;News, Unfälle, Unfall, Ausweichmanöver, E-Scooter;2026-07-30T14:19:57+02:00;2026-07-30T14:19:57+02:00;;dpa Hessen;false
2188d8262d83ffefdfd3cb8dc78c4137ffcbdfc8126c457b24dc61be8b6558fa;Seehunde ausgewildert - Tilda und Benno zurück in Freiheit;https://www.zeit.de/news/2026-07/30/seehunde-ausgewildert-tilda-und-benno-zurueck-in-freiheit;Hier finden Sie Informationen zu dem Thema „Wildtiere“. Lesen Sie jetzt „Seehunde ausgewildert - Tilda und Benno zurück in Freiheit“.;Wildtiere;News, Wildtiere, Tanja Rosenberger, Seehundstation Friedrichskoog, Seehund, Freiheit;2026-07-30T14:19:20+02:00;2026-07-30T14:19:20+02:00;;dpa Hamburg/Schleswig-Holstein;false
0d325a729fe3dc1ea19bf06b50f032c5932b92f502b3a80ff153ac232f5e9799;Erneut Warnstreiks im Einzel- und Großhandel angekündigt;https://www.zeit.de/news/2026-07/30/erneut-warnstreiks-im-einzel-und-grosshandel-angekuendigt;Hier finden Sie Informationen zu dem Thema „Arbeitskämpfe“. Lesen Sie jetzt „Erneut Warnstreiks im Einzel- und Großhandel angekündigt“.;Arbeitskämpfe;News, Arbeitskämpfe, Gregor Gysi, Berlin, Brandenburg, Wittenbergplatz, Ver.di, Großhandel, Arbeitskampf, Warnstreik;2026-07-30T14:12:31+02:00;2026-07-30T14:12:31+02:00;;dpa Berlin/Brandenburg;false
9b0a7b6c577e6b91a7b0b52979da120723672fb09dbe408a823ce46298d9a85d;Lkw erfasst Senior in Tessin – Lebensgefahr nach Unfall;https://www.zeit.de/news/2026-07/30/lkw-erfasst-senior-in-tessin-lebensgefahr-nach-unfall;Hier finden Sie Informationen zu dem Thema „Kreis Rostock“. Lesen Sie jetzt „Lkw erfasst Senior in Tessin – Lebensgefahr nach Unfall“.;Kreis Rostock;News, Kreis Rostock, Rostock, Tessin, Polizei, Unfall, Lebensgefahr;2026-07-30T14:08:34+02:00;2026-07-30T14:08:34+02:00;;dpa Mecklenburg-Vorpommern;false
012929636f7efdd9f1f9017d042f25ddd96184ef9adb9ad5a2be1abd07f3a2e8;Wassermangel an der Donau bedroht Stromproduktion in Mitteleuropa;https://www.zeit.de/wirtschaft/2026-07/donau-wasserstand-niedrig-wassermangel-kraftwerke-oesterreich-ungarn-rumaenien;In Rumänien, Ungarn und Österreich müssen Kraftwerke ihre Produktion drosseln oder einstellen. Der Wasserstand hat mancherorts historische Tiefstwerte unterschritten.;Trockenheit;Wirtschaft, Trockenheit, Donau, Mitteleuropa, Rumänien, Ungarn, Österreich, Rhein;2026-07-30T14:06:01+02:00;2026-07-30T14:06:01+02:00;ale;DIE ZEIT,        dpa,        Reuters,        							ale;false
24026a69f3080eb1416d81674703dfd88f239a0aa497ff1ddcbb6e6128c7312b;Erneute Debatte zu Ursprung des Coronavirus und Rolle Faucis;https://www.zeit.de/news/2026-07/29/erneute-debatte-zu-ursprung-des-coronavirus-und-rolle-faucis;Hier finden Sie Informationen zu dem Thema „Corona-Pandemie“. Lesen Sie jetzt „Erneute Debatte zu Ursprung des Coronavirus und Rolle Faucis“.;Corona-Pandemie;News, Corona-Pandemie, Anthony Fauci, Joe Biden, Rand Paul, USA, Republikaner (USA), Tagebucheintrag, Regierungsangelegenheit, Coronavirus, Virus, Sicherheit;2026-07-30T14:05:18+02:00;2026-07-30T14:05:18+02:00;;dpa;false
01f60fb65490ae2839e6d349136b91518fc77d3f3a06ea63895ed6e9a7c11e59;Inflation zieht sprunghaft an: 2,8 Prozent im Juli;https://www.zeit.de/news/2026-07/30/inflation-zieht-sprunghaft-an-2-8-prozent-im-juli;Hier finden Sie Informationen zu dem Thema „Preise“. Lesen Sie jetzt „Inflation zieht sprunghaft an: 2,8 Prozent im Juli“.;Preise;News, Preise, News;2026-07-30T14:05:06+02:00;2026-07-30T14:05:06+02:00;;dpa;false
a156767d36f13b4e93471a8c68679f9c8f847d40f79f1cf6b609afce79dcde16;Wie Schulze Wahlkampf-Hilfe aus Sachsen und Thüringen erhält;https://www.zeit.de/news/2026-07/30/wie-schulze-wahlkampf-hilfe-aus-sachsen-und-thueringen-erhaelt;Hier finden Sie Informationen zu dem Thema „Landtagswahl“. Lesen Sie jetzt „Wie Schulze Wahlkampf-Hilfe aus Sachsen und Thüringen erhält“.;Landtagswahl;News, Landtagswahl, Michael Kretschmer, Mario Voigt, Sven Schulze, Ulrich Siegmund, Sachsen, Thüringen, Braunsbedra, Berlin, Sachsen-Anhalt, MDR;2026-07-30T14:04:01+02:00;2026-07-30T14:04:01+02:00;;dpa Sachsen;false
9b1cec79f9dc8c0164e1258a5b2c309d859ae33f952a09f3e62c11dda7820352;BVG will U6-Sanierung bis August 2027 abschließen;https://www.zeit.de/news/2026-07/30/bvg-will-u6-sanierung-bis-august-2027-abschliessen;Hier finden Sie Informationen zu dem Thema „U-Bahn“. Lesen Sie jetzt „BVG will U6-Sanierung bis August 2027 abschließen“.;U-Bahn;News, U-Bahn, BVG;2026-07-30T13:59:29+02:00;2026-07-30T13:59:29+02:00;;dpa Berlin/Brandenburg;false
96623483c48f4ec23000ce3708a654fba22bb5ac210e74fbb2c99ffd4aaa6993;Sonntag keine Kundgebungen um Sinti-und-Roma-Denkmal erlaubt;https://www.zeit.de/news/2026-07/30/sonntag-keine-kundgebungen-um-sinti-und-roma-denkmal-erlaubt;Hier finden Sie Informationen zu dem Thema „Internationaler Gedenktag“. Lesen Sie jetzt „Sonntag keine Kundgebungen um Sinti-und-Roma-Denkmal erlaubt“.;Internationaler Gedenktag;News, Internationaler Gedenktag, Berlin-Mitte, Polizei, Kundgebung, Gedenktag, Allgemeinverfügung, Versammlungsfreiheit, Nationalsozialismus;2026-07-30T13:59:01+02:00;2026-07-30T13:59:01+02:00;;dpa Berlin/Brandenburg;false
176f7144a3dcf021345eb51305a95c7b8c2eec6ac0ae2d8371cbd028a11113c5;Benjamin Netanjahu trifft Vertreter evangelikaler Gruppen in den USA;https://www.zeit.de/politik/ausland/2026-07/benjamin-netanjahu-evangelikale-usa-christlicher-zionismus-israel;Viele konservativ-evangelikale Christen in den USA unterstützen Israel. Diese Allianz stärkt auch der israelische Premier bei seinem Besuch in Washington.;US-Besuch Netanjahus;Politik, US-Besuch Netanjahus, Benjamin Netanjahu, USA, Israel, Washington, Christentum;2026-07-30T13:58:49+02:00;2026-07-30T13:58:49+02:00;mga;DIE ZEIT,        KNA,        dpa,        							mga;false
cefcf929f3795a3114b074ac46e0b5c92bafd906783e6bbe21821bea0e360786;TV-Experte Kroos: Hertha hat es schwer – Cottbus bleibt drin;https://www.zeit.de/news/2026-07/30/tv-experte-kroos-hertha-hat-es-schwer-cottbus-bleibt-drin;Hier finden Sie Informationen zu dem Thema „2. Fußball-Bundesliga“. Lesen Sie jetzt „TV-Experte Kroos: Hertha hat es schwer – Cottbus bleibt drin“.;2. Fußball-Bundesliga;News, 2. Fußball-Bundesliga, Felix Kroos, Fabian Reese, Tjark Ernst, Cottbus, Berlin, Hertha BSC, Hertha BSC Berlin, RTL, Energie Cottbus, 1. FC Union Berlin;2026-07-30T13:58:26+02:00;2026-07-30T13:58:26+02:00;;dpa Berlin/Brandenburg;false
5e2f1d872deb44b78061d03e9cb796b56749493f9798139d6ef0b1976310dfd1;Umfrage: AfD in Sachsen-Anhalt weiter vorn – Kleine legen zu;https://www.zeit.de/news/2026-07/30/umfrage-afd-in-sachsen-anhalt-weiter-vorn-kleine-legen-zu;Hier finden Sie Informationen zu dem Thema „Landtagswahl“. Lesen Sie jetzt „Umfrage: AfD in Sachsen-Anhalt weiter vorn – Kleine legen zu“.;Landtagswahl;News, Landtagswahl, Sven Schulze, Sachsen-Anhalt, MDR, FDP, Alternative für Deutschland, Infratest dimap, WDR, CDU, SPD, Die Partei;2026-07-30T13:57:47+02:00;2026-07-30T13:57:47+02:00;;dpa;false
5c3005f69f85b08081f6a4c125f985e4c410814e06eb250f5a2a442a82905dda;Zahl der Toten durch Ebola-Ausbruch im Kongo steigt auf mehr als 1.500;https://www.zeit.de/gesundheit/2026-07/ebola-ausbruch-kongo-bundibugyo-virus-todesopfer;Innerhalb einer Woche ist die Zahl der an Ebola gestorbenen Menschen im Kongo um mehr als die Hälfte gestiegen. Es ist der am schnellsten wachsende Ausbruch jemals.;Ebola;Gesundheit, Ebola, Kongo, Ebola, Virus, Epidemie, Afrika;2026-07-30T13:52:35+02:00;2026-07-30T13:52:35+02:00;kzi;DIE ZEIT,        AP,        dpa,        							kzi;false
e1fe673d345f6056d87080b434dbfc9ffec8c7832491a7c54eca2880d546fc0a;Enormer Schaden nach Brand am Marktplatz von Lauterbach;https://www.zeit.de/news/2026-07/30/enormer-schaden-nach-brand-am-marktplatz-von-lauterbach;Hier finden Sie Informationen zu dem Thema „Fünf Häuser beschädigt“. Lesen Sie jetzt „Enormer Schaden nach Brand am Marktplatz von Lauterbach“.;Fünf Häuser beschädigt;News, Fünf Häuser beschädigt, Lauterbach, Hessen, Feuerwehr, Polizei, Marktplatz, Fachwerkhaus, Restaurant, Hitze;2026-07-30T13:46:50+02:00;2026-07-30T13:46:50+02:00;;dpa Hessen;false
33b731ae1b2de4c68da30612be78cc03ba00cc6302c44d70ebf1fffe3b393536;Private Chat-Nachrichten weiterleiten: Wann ist das erlaubt?;https://www.zeit.de/news/2026-07/30/private-chat-nachrichten-weiterleiten-wann-ist-das-erlaubt;Hier finden Sie Informationen zu dem Thema „Bundesgerichtshof“. Lesen Sie jetzt „Private Chat-Nachrichten weiterleiten: Wann ist das erlaubt?“.;Bundesgerichtshof;News, Bundesgerichtshof, Karlsruhe, Frankfurt, Bundesgerichtshof, WhatsApp, Haushaltsausnahme, Schadenersatz, DSGVO;2026-07-30T13:45:38+02:00;2026-07-30T13:45:38+02:00;;dpa;false
af334323b36be634b3228061a7124a738c86ed85311759497bc446d462dca1e6;Nach Autounfall: 20-Jähriger tot, Fahrer in Lebensgefahr;https://www.zeit.de/news/2026-07/30/unfall-bei-frankfurt-ein-toter-und-mehrere-verletzte;Hier finden Sie Informationen zu dem Thema „Tödlicher Verkehrsunfall“. Lesen Sie jetzt „Nach Autounfall: 20-Jähriger tot, Fahrer in Lebensgefahr“.;Tödlicher Verkehrsunfall;News, Tödlicher Verkehrsunfall, Frankfurt, Unfall, Verkehr;2026-07-30T13:44:37+02:00;2026-07-30T13:44:37+02:00;;dpa Hessen;false
4b77b6bd5c2565978d18f1d61b79e844084447468ee4b1c96dc4948c859562c9;Bilder des Tages;https://www.zeit.de/news/2026-07/13/bilder-des-tages;Hier finden Sie Informationen zu dem Thema „Fotografie“. Lesen Sie jetzt „Bilder des Tages“.;Fotografie;News, Fotografie, News;2026-07-30T13:42:27+02:00;2026-07-30T13:42:27+02:00;;dpa;false
31d993087de7d2dbb4f62d5ef4998dad083e923ef64406b6539852011ef699f5;Hakenkreuz-Tattoo: Therme will in Zukunft Anzeige erstatten;https://www.zeit.de/news/2026-07/30/hakenkreuz-tattoo-therme-will-in-zukunft-anzeige-erstatten;Hier finden Sie Informationen zu dem Thema „NS-Symbolik“. Lesen Sie jetzt „Hakenkreuz-Tattoo: Therme will in Zukunft Anzeige erstatten“.;NS-Symbolik;News, NS-Symbolik, Therme, Anzeige, Naturtherme;2026-07-30T13:41:45+02:00;2026-07-30T13:41:45+02:00;;dpa Berlin/Brandenburg;false
52bdf37bc21b0a0dd70f45537f427fb9b8c4ae03cbe157a094f6d65f890c02f9;Mehrere AfD-Bewerber von Kommunalwahl ausgeschlossen;https://www.zeit.de/news/2026-07/29/afd-landesvize-bothe-nicht-zur-landratswahl-zugelassen;Hier finden Sie Informationen zu dem Thema „Niedersachsen“. Lesen Sie jetzt „Mehrere AfD-Bewerber von Kommunalwahl ausgeschlossen“.;Niedersachsen;News, Niedersachsen, Stephan Bothe, Lüneburg, Niedersachsen, Alternative für Deutschland, Verfassungsschutz, Landratswahl, Wahlausschuss, Prüfverfahren, Landkreis;2026-07-30T13:41:17+02:00;2026-07-30T13:41:17+02:00;;dpa Niedersachsen;false
4323a5f0d13965f9ec133488e9ff3b3bafe312898b26136793ec834db0be05b9;Geflügelpest-Fall in Friesland – 6.600 Puten betroffen;https://www.zeit.de/news/2026-07/30/gefluegelpest-fall-in-friesland-6-600-puten-betroffen;Hier finden Sie Informationen zu dem Thema „Tierseuche“. Lesen Sie jetzt „Geflügelpest-Fall in Friesland – 6.600 Puten betroffen“.;Tierseuche;News, Tierseuche, Friesland, Weser, Wangerland, Pute, Tierseuche, Geflügelpest, Geflügelhaltung, Tiere;2026-07-30T13:40:44+02:00;2026-07-30T13:40:44+02:00;;dpa Niedersachsen;false
848fe46bce1303c22ec6f676d8c5863848a18b687fa445a504fafbafde0d2901;EU startet Milliardenprojekt für sieben KI-Gigafactories;https://www.zeit.de/wirtschaft/2026-07/ki-gigafactory-eu-kommission-infrastruktur-rechenzentren;Fördermittel in Milliardenhöhe stehen für den Ausbau der europäischen KI-Infrastruktur bereit. Deutsche Akteure ringen um den Zuschlag für die neuen Gigafactories.;KI-Gigafactory;Wirtschaft, KI-Gigafactory, künstliche Intelligenz, USA, China, Europäische Union, Deutsche Telekom, EU-Kommission;2026-07-30T13:40:39+02:00;2026-07-30T13:40:39+02:00;bda;DIE ZEIT,        dpa,        AFP,        							bda;false
53b01df200cc1e757d2f3a9ecf2ba9934dd05941ea2708e51226b245fc155d0e;Tausende müssen vor Bränden in Südeuropa in Sicherheit gebracht werden;https://www.zeit.de/wissenschaft/umwelt/2026-07/waldbraende-frankreich-var-brignoles-bordeaux-fontainebleau-gxe;In Frankreich, Spanien, Griechenland und der Türkei sind weitere Feuer ausgebrochen, darunter in einem Nationalpark vor Portugal. Teilweise entspannt sich aber die Lage.;Südeuropa;Wissenschaft, Südeuropa, Waldbrand, Frankreich, Feuerwehr, Hitzewelle, Brand, Spanien;2026-07-30T13:37:06+02:00;2026-07-30T13:37:06+02:00;jtriyf;DIE ZEIT,        dpa,        							jtr					,        							iyf;false
feb489083f2ca6fd9d3db424b5fc15df8daea15a5d9fd125188edc1408aff381;Alte Muldebrücke vor Abriss - Verkehr über Ersatzbau;https://www.zeit.de/news/2026-07/30/alte-muldebruecke-vor-abriss-verkehr-ueber-ersatzbau;Hier finden Sie Informationen zu dem Thema „Autobahn 14“. Lesen Sie jetzt „Alte Muldebrücke vor Abriss - Verkehr über Ersatzbau“.;Autobahn 14;News, Autobahn 14, Grimma, Muldebrücke, Ersatzbau, Abriss, Verkehr, Autobahnverkehr, Autobahn;2026-07-30T13:35:14+02:00;2026-07-30T13:35:14+02:00;;dpa Sachsen;false
7c076872df281c42ebf24393ff1d93d5412f5356d8078c5039e81ef5972d18e9;Gute Geschäfte beim Triebwerkshersteller MTU;https://www.zeit.de/news/2026-07/30/gute-geschaefte-beim-triebwerkshersteller-mtu;Hier finden Sie Informationen zu dem Thema „Hohe Schubkraft“. Lesen Sie jetzt „Gute Geschäfte beim Triebwerkshersteller MTU“.;Hohe Schubkraft;News, Hohe Schubkraft, Johannes Bussmann, Katja Garcia, MTU, Airbus S. A. S., Boeing, Schubkraft, Jahreszielen, Rüstungsindustrie, Dax, Rüstung;2026-07-30T13:30:38+02:00;2026-07-30T13:30:38+02:00;;dpa;false
fe23dd15c946c54b64d45175f199a7e9a215ef7f58fb3574f6856b6cfa2242dd;Waldbrände in Südeuropa: Entspannung und neue Einsätze;https://www.zeit.de/news/2026-07/30/neue-waldbraende-brechen-in-mehreren-regionen-frankreichs-aus;Hier finden Sie Informationen zu dem Thema „Wetter im Süden“. Lesen Sie jetzt „Waldbrände in Südeuropa: Entspannung und neue Einsätze“.;Wetter im Süden;News, Wetter im Süden, Frankreich, Var, Brignoles, Feuerwehr, Waldbrand, Departement, Hitzewelle, Brand, Wald;2026-07-30T13:30:23+02:00;2026-07-30T13:30:23+02:00;;dpa;false
6656ed421cc8832b96d3104548690c35a0acd6a30183220e525afad44981474d;Polizei beschlagnahmt neun Schusswaffen bei Durchsuchungen;https://www.zeit.de/news/2026-07/30/polizei-beschlagnahmt-neun-schusswaffen-bei-durchsuchungen;Hier finden Sie Informationen zu dem Thema „Sechs Männer im Verdacht“. Lesen Sie jetzt „Polizei beschlagnahmt neun Schusswaffen bei Durchsuchungen“.;Sechs Männer im Verdacht;News, Sechs Männer im Verdacht, Mann, Berlin, Hamburg, Polizei, Staatsanwaltschaft, Durchsuchung, Schusswaffe, Waffenhandel, Bargeld;2026-07-30T13:29:18+02:00;2026-07-30T13:29:18+02:00;;dpa Berlin/Brandenburg;false
5ef27c54b4e89ed0b9999bdac7a5fdc828efcf837ae095d846e0f5b635af21a8;Früherer Landesbischof Jochen Bohl mit 76 Jahren gestorben;https://www.zeit.de/news/2026-07/30/frueherer-landesbischof-jochen-bohl-mit-76-jahren-gestorben;Hier finden Sie Informationen zu dem Thema „Kirchen“. Lesen Sie jetzt „Früherer Landesbischof Jochen Bohl mit 76 Jahren gestorben“.;Kirchen;News, Kirchen, Jochen Bohl;2026-07-30T13:27:17+02:00;2026-07-30T13:27:17+02:00;;dpa Sachsen;false
c8de7d0b9f8c472d9ebec7488be8c0e87fe638e222196393363d111be982485a;Adidas: Umsätze sprudeln, Aktie bricht ein;https://www.zeit.de/news/2026-07/30/adidas-erhoeht-auch-wegen-fussball-wm-umsatzprognose;Hier finden Sie Informationen zu dem Thema „Sportartikelbranche“. Lesen Sie jetzt „Adidas: Umsätze sprudeln, Aktie bricht ein“.;Sportartikelbranche;News, Sportartikelbranche, Adidas, Fußball-WM, Umsatzprognose, Sportartikelbranche;2026-07-30T13:26:47+02:00;2026-07-30T13:26:47+02:00;;dpa Bayern;false
87f24cce3107487578367d8d4abaae3025df4ab718d80737b9793fa62e79b08a;Medien: Bayer-Talent Alajbegovic für 30 Millionen zu Juve;https://www.zeit.de/news/2026-07/30/medien-bayer-talent-alajbegovic-fuer-30-millionen-zu-juve;Hier finden Sie Informationen zu dem Thema „Fußball-Bundesliga“. Lesen Sie jetzt „Medien: Bayer-Talent Alajbegovic für 30 Millionen zu Juve“.;Fußball-Bundesliga;News, Fußball-Bundesliga, Kerim Alajbegovic, Leverkusen, Juventus Turin, Bayer 04 Leverkusen, Kölner Stadt-Anzeiger, Fußball-Bundesliga;2026-07-30T13:24:17+02:00;2026-07-30T13:24:17+02:00;;dpa Nordrhein-Westfalen;false
78e2cd9f252a5fd22d08b8365a8199083b2e51b91f6e64a8802f2cf6a67af1c0;Gericht bestätigt Abschiebung nach bandenmäßigem Betrug;https://www.zeit.de/news/2026-07/29/gericht-bestaetigt-abschiebung-nach-bandenmaessigem-betrug;Hier finden Sie Informationen zu dem Thema „Schockanrufe“. Lesen Sie jetzt „Gericht bestätigt Abschiebung nach bandenmäßigem Betrug“.;Schockanrufe;News, Schockanrufe, Augsburg, Mazedonien, Verwaltungsgericht, Schockanruf, Betrug, Betrugsstraftat, Abschiebung, Senioren;2026-07-30T13:20:46+02:00;2026-07-30T13:20:46+02:00;;dpa Bayern;false
778894b8039393e7085ac8503e9bdb2a73918b9200c97258f665c6fdc895318a;Polizei: Mögliche Sichtungen der vermissten Inga gemeldet;https://www.zeit.de/news/2026-07/30/polizei-moegliche-sichtungen-der-vermissten-inga-gemeldet;Hier finden Sie Informationen zu dem Thema „«Cold Case Wald»“. Lesen Sie jetzt „Polizei: Mögliche Sichtungen der vermissten Inga gemeldet“.;«Cold Case Wald»;News, «Cold Case Wald», Inga Gehricke, Schönebeck, Polizei, Deutsche Presse-Agentur, Sichtung, Ermittlungsansatz, Wald, Familie;2026-07-30T13:19:34+02:00;2026-07-30T13:19:34+02:00;;dpa Sachsen;false
62af7ee035874d57e718865f8635deb01ec0e962dfae1b8487cbcc219ff93be5;Schluss mit Gästehaus: Schloss Meseberg vor unklarer Zukunft;https://www.zeit.de/news/2026-07/30/schluss-mit-gaestehaus-schloss-meseberg-vor-unklarer-zukunft;Hier finden Sie Informationen zu dem Thema „Unterhalt zu teuer“. Lesen Sie jetzt „Schluss mit Gästehaus: Schloss Meseberg vor unklarer Zukunft“.;Unterhalt zu teuer;News, Unterhalt zu teuer, Friedrich II., Theodor Fontane, Mark Brandenburg, Carl Robert Lessing, Gotthold Ephraim Lessing, Fritz Lang, Angela Merkel, Wladimir Putin, Olaf Scholz, Emmanuel Macron;2026-07-30T13:18:34+02:00;2026-07-30T13:18:34+02:00;;dpa Berlin/Brandenburg;false
fa00d5a0662dd055d6907193e91d7ab8798fdb67dfa768bea281afce964e7445;Wie das größte unterirdische Tanklager weltweit saniert wird;https://www.zeit.de/news/2026-07/30/wie-das-groesste-unterirdische-tanklager-weltweit-saniert-wird;Hier finden Sie Informationen zu dem Thema „Umweltverschmutzung“. Lesen Sie jetzt „Wie das größte unterirdische Tanklager weltweit saniert wird“.;Umweltverschmutzung;News, Umweltverschmutzung, Bremen, Bundesanstalt für Immobilienaufgaben, Tanklager, Umweltverschmutzung;2026-07-30T13:18:22+02:00;2026-07-30T13:18:22+02:00;;dpa Niedersachsen;false
848fe46bce1303c22ec6f676d8c5863848a18b687fa445a504fafbafde0d2901;EU startet Milliardenprojekt für sieben KI-Gigafactories;https://www.zeit.de/news/2026-07/30/eu-startet-milliardenprojekt-fuer-sieben-ki-gigafactories;Hier finden Sie Informationen zu dem Thema „Digitale Souveränität“. Lesen Sie jetzt „EU startet Milliardenprojekt für sieben KI-Gigafactories“.;Digitale Souveränität;News, Digitale Souveränität, Microsoft, Europäische Union, EU-Kommission, Google Inc., Bietverfahren, Souveränität, Milliardenprojekt, künstliche Intelligenz;2026-07-30T13:11:27+02:00;2026-07-30T13:11:27+02:00;;dpa;false
cfcc4d645c82eea38c51c4d775e2e6f68be519fff9b8f4417c4a5eeedd68a5c9;Kurze Hitzewelle - bis zu 39 Grad und Unwetter;https://www.zeit.de/news/2026-07/30/bis-zu-38-grad-in-berlin-und-brandenburg-abends-gewitter;Hier finden Sie Informationen zu dem Thema „Wetter“. Lesen Sie jetzt „Kurze Hitzewelle - bis zu 39 Grad und Unwetter“.;Wetter;News, Wetter, Berlin, Brandenburg, DWD, Gewitter, Böe, Wetter, Unwetter, Starkregen;2026-07-30T13:05:55+02:00;2026-07-30T13:05:55+02:00;;dpa Berlin/Brandenburg;false
1020ebc973a86e6291e3a457ab3261701957c62ce702b0f050748eeea9f3e921;Mann findet beim Baden Granate in der Saale;https://www.zeit.de/news/2026-07/30/mann-findet-beim-baden-granate-in-der-saale;Hier finden Sie Informationen zu dem Thema „Sprengstoff“. Lesen Sie jetzt „Mann findet beim Baden Granate in der Saale“.;Sprengstoff;News, Sprengstoff, Sprengstoff;2026-07-30T13:00:09+02:00;2026-07-30T13:00:09+02:00;;dpa Bayern;false
bee65b78ed7968bde707dc3a25eea1dc09672eec18e2e9ab42bf2ffc2bffedae;Stiftung stellt Lösung für Schloss Meseberg in Aussicht;https://www.zeit.de/news/2026-07/30/stiftung-stellt-loesung-fuer-schloss-meseberg-in-aussicht;Hier finden Sie Informationen zu dem Thema „Gästehaus der Regierung“. Lesen Sie jetzt „Stiftung stellt Lösung für Schloss Meseberg in Aussicht“.;Gästehaus der Regierung;News, Gästehaus der Regierung, Heinrich von Srbik, Brandenburg, Bundesregierung, Gästehaus, Stiftung;2026-07-30T12:58:25+02:00;2026-07-30T12:58:25+02:00;;dpa Berlin/Brandenburg;false
93a94f6b552289a9aa5ce56fac4f00b433f1ddbff7684a84ba9f56ae5b61cca5;Musiker wollen längstes Posaunenkonzert der Welt spielen;https://www.zeit.de/news/2026-07/30/musiker-wollen-laengstes-posaunenkonzert-der-welt-spielen;Hier finden Sie Informationen zu dem Thema „Weltrekord mit Mega-Konzert“. Lesen Sie jetzt „Musiker wollen längstes Posaunenkonzert der Welt spielen“.;Weltrekord mit Mega-Konzert;News, Weltrekord mit Mega-Konzert, Thomas Engelbrecht, Nürnberg, Bayern, Posaunenkonzert, Weltrekord;2026-07-30T12:58:19+02:00;2026-07-30T12:58:19+02:00;;dpa Bayern;false
6d86f89f85c857743b1cefa9a03886910219c0eedc1c04431913fd24d49dd55f;Tunnel Frankenhain früher frei – letzte Sperrung entfällt;https://www.zeit.de/news/2026-07/30/tunnel-frankenhain-frueher-frei-letzte-sperrung-entfaellt;Hier finden Sie Informationen zu dem Thema „Verkehrsbehinderung“. Lesen Sie jetzt „Tunnel Frankenhain früher frei – letzte Sperrung entfällt“.;Verkehrsbehinderung;News, Verkehrsbehinderung, Frankenhain, Tunnel, Sperrung, Verkehrsbehinderung, Wartungsarbeit;2026-07-30T12:56:49+02:00;2026-07-30T12:56:49+02:00;;dpa Hessen;false
e887de005e5ffb62fc4a24758a1a4b0edda197dd0791e7cd7423258880751455;Reh in Lastwagen geschleudert - Fahrer schwer verletzt;https://www.zeit.de/news/2026-07/30/reh-in-lastwagen-geschleudert-fahrer-schwer-verletzt;Hier finden Sie Informationen zu dem Thema „Wildunfall“. Lesen Sie jetzt „Reh in Lastwagen geschleudert - Fahrer schwer verletzt“.;Wildunfall;News, Wildunfall, Unterfranken, Wildunfall, Unfall;2026-07-30T12:50:50+02:00;2026-07-30T12:50:50+02:00;;dpa Bayern;false
028b318441a32cbc995db4dc6eb1f91033950ec5a522bf30f90f117c1a0d1510;Zwei Kirchen in Sachsen-Anhalt stehen zur Versteigerung;https://www.zeit.de/news/2026-07/30/zwei-kirchen-in-sachsen-anhalt-stehen-zur-versteigerung;Hier finden Sie Informationen zu dem Thema „Auch eine Mühle im Angebot“. Lesen Sie jetzt „Zwei Kirchen in Sachsen-Anhalt stehen zur Versteigerung“.;Auch eine Mühle im Angebot;News, Auch eine Mühle im Angebot, Leipzig, Sachsen-Anhalt, Versteigerung;2026-07-30T12:49:36+02:00;2026-07-30T12:49:36+02:00;;dpa Sachsen;false
356cb5b41eca991916321a8b7bde7d159c66836f8b906a10750f6aba77c712dc;RKI meldet Höchststand an Hitzetoten in Baden-Württemberg;https://www.zeit.de/news/2026-07/30/rki-meldet-hoechststand-an-hitzetoten-in-baden-wuerttemberg;Hier finden Sie Informationen zu dem Thema „Dramatische Wetterfolgen“. Lesen Sie jetzt „RKI meldet Höchststand an Hitzetoten in Baden-Württemberg“.;Dramatische Wetterfolgen;News, Dramatische Wetterfolgen, Baden-Württemberg, Nordrhein-Westfalen, RKI, Höchststand, Wetterfolge, Südwesten, Sommer, Hitze;2026-07-30T12:49:12+02:00;2026-07-30T12:49:12+02:00;;dpa Baden-Württemberg;false
96d7e00ce732d0b5af2034ad6c066f1eccbff43e5f6e8188afe7d437a35ec21c;München verlängert Bewässerungsverbot nicht;https://www.zeit.de/news/2026-07/30/muenchen-verlaengert-bewaesserungsverbot-nicht;Hier finden Sie Informationen zu dem Thema „Trockenheit“. Lesen Sie jetzt „München verlängert Bewässerungsverbot nicht“.;Trockenheit;News, Trockenheit, Dominik Krause, München, Bewässerungsverbot, Trockenheit, Allgemeinverfügung, Wassernutzung, Wasserverbrauch, Stadtwerke, Verbrauchsspitze, Hitzewelle;2026-07-30T12:49:11+02:00;2026-07-30T12:49:11+02:00;;dpa Bayern;false
cd448b6b2bd0def684a01a102104c1532b27d68be33755cb43722d401129261c;Wirtschaftsleistung im Euroraum wächst um 0,4 Prozent;https://www.zeit.de/wirtschaft/2026-07/bip-eurozone-wirtschaftswachstum-deutschland-frankreich-ezb;Trotz der Auswirkungen des Irankriegs auf globale Handelsketten wuchs die Wirtschaft im Euroraum im zweiten Quartal. Den größten Zuwachs verzeichnete Irland.;BIP der Eurozone;Wirtschaft, BIP der Eurozone, Bruttoinlandsprodukt, Frankreich, Energiekosten, Irland, Iran;2026-07-30T12:47:47+02:00;2026-07-30T12:47:47+02:00;pip;DIE ZEIT,        Reuters,        							pip;false
9d570e55b19bfcc615221a6f549a49a6efcaa107425923224302d0b9afa1928b;Blaualgen im Edersee: Landkreis warnt vor Baden in Rehbach;https://www.zeit.de/news/2026-07/30/blaualgen-im-edersee-landkreis-warnt-vor-baden-in-rehbach;Hier finden Sie Informationen zu dem Thema „Warnung vor Bakterien“. Lesen Sie jetzt „Blaualgen im Edersee: Landkreis warnt vor Baden in Rehbach“.;Warnung vor Bakterien;News, Warnung vor Bakterien, Edersee, Waldeck, Waldeck-Frankenberg, Blaualge, Badestelle, Bakterie, Cyanobakterie, Wetter;2026-07-30T12:46:47+02:00;2026-07-30T12:46:47+02:00;;dpa Hessen;false
3179f8936ab138cc10a5778aff531ed51c3ea5a1b5c86fbc925c213fa530fbbf;Mutmaßlicher russischer Marschflugkörper stürzt in Polen ab;https://www.zeit.de/politik/ausland/2026-07/polen-flugobjekt-absturz-marschflugkoerper-russland-ukraine;Bei Luftangriffen auf die Ukraine ist im Osten Polens mutmaßlich ein russischer Marschflugkörper abgestürzt. Von einem gezielten Angriff geht das Land nicht aus.;Krieg gegen die Ukraine;Politik, Krieg gegen die Ukraine, Krieg in der Ukraine, Marschflugkörper, Donald Tusk, Polen, Russland, Militär, Kyjiw, Drohne;2026-07-30T12:46:02+02:00;2026-07-30T12:46:02+02:00;Alexander Eydlin;;false
6dc737eb76040dbba0e8c295e67b519f0e5332b28e6a2769242ad21f47435829;Freude über zwei Rote Pandas in Kleve;https://www.zeit.de/news/2026-07/30/freude-ueber-zwei-rote-pandas-in-kleve;Hier finden Sie Informationen zu dem Thema „Babys geboren“. Lesen Sie jetzt „Freude über zwei Rote Pandas in Kleve“.;Babys geboren;News, Babys geboren, Kleve, Tiergarten Kleve, Panda, Pandaglück;2026-07-30T12:43:20+02:00;2026-07-30T12:43:20+02:00;;dpa;false
744734e03dba3f41e25ed356715957690aa17cc722d22498a3212f9db62ccbe4;Autos in Flammen - War es Brandstiftung?;https://www.zeit.de/news/2026-07/30/autos-in-flammen-war-es-brandstiftung;Hier finden Sie Informationen zu dem Thema „Brand“. Lesen Sie jetzt „Autos in Flammen - War es Brandstiftung?“.;Brand;News, Brand, Brandstiftung, Auto;2026-07-30T12:41:22+02:00;2026-07-30T12:41:22+02:00;;dpa Bayern;false
e0a66457be43c86f7a303dfeeaa67ea69bdaee5ac6804526472da03ddb556e7c;Feuer in ehemaligem Schwimmbad – mögliche Brandstiftung;https://www.zeit.de/news/2026-07/30/feuer-in-ehemaligem-schwimmbad-moegliche-brandstiftung;Hier finden Sie Informationen zu dem Thema „Anfangsverdacht“. Lesen Sie jetzt „Feuer in ehemaligem Schwimmbad – mögliche Brandstiftung“.;Anfangsverdacht;News, Anfangsverdacht, Pforzheim, Polizei, Brandstiftung, Anfangsverdacht, Schwimmbad;2026-07-30T12:40:12+02:00;2026-07-30T12:40:12+02:00;;dpa Baden-Württemberg;false
829d31d05c7dc508e27c3f8791adb67a2b7adbf20ba15719f69847c25de7141c;So viel könnte Ihr Kind im Alter von der Frühstartrente haben;https://www.zeit.de/wirtschaft/2026-07/fruehstartrente-kinder-eltern-depot-geldanlage-faq;Der Staat will für Kinder Geld am Aktienmarkt anlegen. Unser Rechner zeigt, was am Ende fürs Kind rauskommt – und den großen Effekt, wenn Eltern monatlich mitsparen.;"Z+ (abopflichtiger Inhalt);
        
    Frühstartrente";Wirtschaft, Frühstartrente, Rente, Altersvorsorge, Eltern, Kinder, Bundesregierung, Deutsche Bundesbank;2026-07-30T12:39:17+02:00;2026-07-30T12:39:17+02:00;David SchachBéla CurtiusMarilena PieskerChristian Endt;;false
cf8e90beb0eb9329379e26a711666a3f22eb0db7039eb1d3e021ab0818ddc18d;«Gefahr für Demokratie»: Vertrauen in Staat auf Tiefststand;https://www.zeit.de/news/2026-07/30/vertrauen-in-den-staat-auf-tiefststand-gesunken;Hier finden Sie Informationen zu dem Thema „Bürgerbefragung“. Lesen Sie jetzt „«Gefahr für Demokratie»: Vertrauen in Staat auf Tiefststand“.;Bürgerbefragung;News, Bürgerbefragung, Beamtenbund, Tiefststand, Bürgerbefragung;2026-07-30T12:34:43+02:00;2026-07-30T12:34:43+02:00;;dpa;false
34b2141be10ddf8b145a0b1a7ee9fb167c81ffdbfdd5de83fc75a593d2a3ec5e;Gute Karten für Pelham im Sampling-Streit um Kraftwerk-Beat;https://www.zeit.de/news/2026-07/30/gute-karten-fuer-pelham-im-sampling-streit-um-kraftwerk-beat;Hier finden Sie Informationen zu dem Thema „Bundesgerichtshof“. Lesen Sie jetzt „Gute Karten für Pelham im Sampling-Streit um Kraftwerk-Beat“.;Bundesgerichtshof;News, Bundesgerichtshof, Moses Pelham, Karlsruhe, Kraftwerk, Bundesgerichtshof, Europäische Union, EuGH, Rechtsstreit, Tonfolge, Gesetzesänderung, Herbst;2026-07-30T12:29:55+02:00;2026-07-30T12:29:55+02:00;;dpa Hamburg/Schleswig-Holstein;false
f6a6ac105bf83fbc4841ae8fbe2414fb3db72cb3050fd2bf8c9cb868f85eb1c1;Studie zu Internet-Überkonsum: Versuchung steht im Zentrum;https://www.zeit.de/news/2026-07/30/studie-zu-internet-ueberkonsum-versuchung-steht-im-zentrum;Hier finden Sie Informationen zu dem Thema „Untersuchung“. Lesen Sie jetzt „Studie zu Internet-Überkonsum: Versuchung steht im Zentrum“.;Untersuchung;News, Untersuchung, Duisburg, Versuchung, Nutzungsverhalten, Computerspiel;2026-07-30T12:24:23+02:00;2026-07-30T12:24:23+02:00;;dpa;false
ad137acf370ce2a004dc310c4a13b21141c93877b4e94d3570b187e9da4507ae;Auto stürzt in Saarlouis von Brücke - Fahrer schwimmt davon;https://www.zeit.de/news/2026-07/30/auto-stuerzt-in-saarlouis-von-bruecke-fahrer-schwimmt-davon;Hier finden Sie Informationen zu dem Thema „Nach Unfall“. Lesen Sie jetzt „Auto stürzt in Saarlouis von Brücke - Fahrer schwimmt davon“.;Nach Unfall;News, Nach Unfall, Saarlouis, Polizei, Unfall, Saaraltarm, Zusammenstoß, Auto, Fahrzeug;2026-07-30T12:24:16+02:00;2026-07-30T12:24:16+02:00;;dpa Rheinland-Pfalz/Saarland;false
a28b9a3d1bc43e9f5eaf642393bcdaa86ad6aca17b1ec3469a4d060e82454bb3;Söder und Magyar fordern Lockerung beim Verbrennerverbot;https://www.zeit.de/news/2026-07/30/soeder-und-magyar-fordern-lockerung-beim-verbrennerverbot;Hier finden Sie Informationen zu dem Thema „Bayerisch-ungarischer Gipfel“. Lesen Sie jetzt „Söder und Magyar fordern Lockerung beim Verbrennerverbot“.;Bayerisch-ungarischer Gipfel;News, Bayerisch-ungarischer Gipfel, Petr Magyar, Markus Söder, Ungarn, Bayern, Budapest, Europäische Union, CSU, Treffen, Verbrennerverbot, Verbrennermotor;2026-07-30T12:20:29+02:00;2026-07-30T12:20:29+02:00;;dpa Bayern;false
61899afd8229608c8d397c5b43c1e4c070997408683fc7b2fa220d5ea749ecba;Mann nach Angriff auf Bundespolizisten in Haft;https://www.zeit.de/news/2026-07/30/mann-nach-angriff-auf-bundespolizisten-in-haft;Hier finden Sie Informationen zu dem Thema „Gewaltkriminalität“. Lesen Sie jetzt „Mann nach Angriff auf Bundespolizisten in Haft“.;Gewaltkriminalität;News, Gewaltkriminalität, Neumünster, Bundespolizei, Gewaltkriminalität, Angriff;2026-07-30T12:19:34+02:00;2026-07-30T12:19:34+02:00;;dpa Hamburg/Schleswig-Holstein;false
122c8511436f76e550e0b225ca2320678fc573aa3662980b3823bdb8dc5a1585;RKI: Fast 10.000 hitzebedingte Tote in diesem Jahr;https://www.zeit.de/news/2026-07/30/rki-fast-10-000-hitzebedingte-tote-in-diesem-jahr;Hier finden Sie Informationen zu dem Thema „Hitzetote“. Lesen Sie jetzt „RKI: Fast 10.000 hitzebedingte Tote in diesem Jahr“.;Hitzetote;News, Hitzetote, RKI;2026-07-30T12:19:19+02:00;2026-07-30T12:19:19+02:00;;dpa;false
a853b78714a6b498724d1504c0ce2c8690bb84acd06a36e12efa7f09837ab75d;So schneiden die Parteien in den Bundesländern derzeit ab;https://www.zeit.de/politik/deutschland/wahlumfragen-landtagswahlen-2026-wahltrends;In Sachsen-Anhalt und Mecklenburg-Vorpommern ist die AfD stärkste Kraft, in Berlin legt die Linke zu. Unsere Übersicht aller Umfragen für die Landtagswahlen 2026;"Z+ (abopflichtiger Inhalt);
        
    Wahlumfragen zu Landtagswahlen 2026";Politik, Wahlumfragen zu Landtagswahlen 2026, Landtagswahl, Alternative für Deutschland, SPD, CDU, Sachsen-Anhalt, Rheinland-Pfalz;2026-07-30T12:17:57+02:00;2026-07-30T12:17:57+02:00;Gregor AischChristian EndtSelina RudolphTilman Steffen;;false
929811dd4893f14c22166ff7c43113949191ef09d9aec2f64d87bc778a2bb16c;Vertrauen in den Staat sinkt laut Umfrage auf Tiefstwert;https://www.zeit.de/politik/deutschland/2026-07/vertrauen-staat-forsta-umfrage-deutscher-beamtenbund;Die Menschen in Deutschland vertrauen einer Umfrage zufolge so wenig in die Handlungsfähigkeit des Staates wie noch nie. Größter Schmerzpunkt ist das Thema Rente.;Forsa-Umfrage;Politik, Forsa-Umfrage, Forsa, Rente, Infrastruktur, Arbeitsmarkt, Gesetzliche Krankenversicherung, Asylpolitik;2026-07-30T12:13:49+02:00;2026-07-30T12:13:49+02:00;kzi;DIE ZEIT,        epd,        							kzi;false
285230a8e495de9b0016ed9423b95296e1e7b656bcb4ccdc416b36bc795e97d7;»Focus«-Ärztesiegel müssen nach BGH-Entscheidung erneut geprüft werden;https://www.zeit.de/gesundheit/2026-07/bundesgerichtshof-aerzte-siegel-focus-patientenrechte-werbung-gxe;Der Verein Wettbewerbszentrale hält die »Focus«-Ärztesiegel für irreführend und hat geklagt. Nach einer BGH-Entscheidung müssen die Vergabekriterien neu geprüft werden.;BGH-Urteil;Gesundheit, BGH-Urteil, Bundesgerichtshof, Arzt, Focus, Gesundheitswesen, Werbung;2026-07-30T12:11:14+02:00;2026-07-30T12:11:14+02:00;jaca;DIE ZEIT,        KNA,        AFP,        							jaca;false
abdf265d20e9bdd08137f085f4bbea526874e169caf55b1c57f697d607d4bf0e;Bezirkstag: AfD-Mann gibt Medaille nach Kontroverse zurück;https://www.zeit.de/news/2026-07/30/bezirkstag-afd-mann-gibt-medaille-nach-kontroverse-zurueck;Hier finden Sie Informationen zu dem Thema „Oberfranken“. Lesen Sie jetzt „Bezirkstag: AfD-Mann gibt Medaille nach Kontroverse zurück“.;Oberfranken;News, Oberfranken, Michael Gennige, Henry Schramm, Nürnberg, Alternative für Deutschland, Bezirkstag, Genniges, Kontroverse, Ehrenmedaille, Medaille, Kritik;2026-07-30T12:08:24+02:00;2026-07-30T12:08:24+02:00;;dpa Bayern;false
79f6bb2a90c2acc0ef4c3dc0dd7b84bb6ae7b9f31ce55e1a39f12050fb994339;Brandenburgs CDU bedauert Rückzug der JU-Chefin;https://www.zeit.de/news/2026-07/30/brandenburgs-cdu-bedauert-rueckzug-der-ju-chefin;Hier finden Sie Informationen zu dem Thema „Lage der Union“. Lesen Sie jetzt „Brandenburgs CDU bedauert Rückzug der JU-Chefin“.;Lage der Union;News, Lage der Union, Laura Strohschneider, Julian Brüning, Friederich Merz, Brandenburg, CDU, Junge Union, Bundesregierung;2026-07-30T12:06:46+02:00;2026-07-30T12:06:46+02:00;;dpa Berlin/Brandenburg;false
34e4d4de7eb77a627c8172cfe842132b7902a40d75ab41fe57875acd64e47a70;Haftbefehl gegen 19-Jährigen wegen Verdacht des Mordversuchs;https://www.zeit.de/news/2026-07/30/haftbefehl-gegen-19-jaehrigen-wegen-verdacht-des-mordversuchs;Hier finden Sie Informationen zu dem Thema „Kriminalität“. Lesen Sie jetzt „Haftbefehl gegen 19-Jährigen wegen Verdacht des Mordversuchs“.;Kriminalität;News, Kriminalität, Rostock, Rostock-Lichtenhagen, Staatsanwaltschaft, Haftbefehl, Mordversuch, Mord;2026-07-30T12:05:49+02:00;2026-07-30T12:05:49+02:00;;dpa Mecklenburg-Vorpommern;false
47096ca569003cea20dd28e7d033b8afcbec914e8b7d9064226ff7fd93e5fd19;Verbraucherpreise in Sachsen-Anhalt ziehen wieder an;https://www.zeit.de/news/2026-07/30/verbraucherpreise-in-sachsen-anhalt-ziehen-wieder-an;Hier finden Sie Informationen zu dem Thema „Inflation“. Lesen Sie jetzt „Verbraucherpreise in Sachsen-Anhalt ziehen wieder an“.;Inflation;News, Inflation, Sachsen-Anhalt, Verbraucherpreis, Inflation;2026-07-30T12:03:38+02:00;2026-07-30T12:03:38+02:00;;dpa Sachsen;false
f96d18bf969d672f367ed3f6a0f3c841ea3ff39e87a6799878488fb3c2edce5a;Mann kippt Brandbeschleuniger in Feuerschale: Zwei Verletzte;https://www.zeit.de/news/2026-07/30/mann-kippt-brandbeschleuniger-in-feuerschale-zwei-verletzte;Hier finden Sie Informationen zu dem Thema „Gelsenkirchen“. Lesen Sie jetzt „Mann kippt Brandbeschleuniger in Feuerschale: Zwei Verletzte“.;Gelsenkirchen;News, Gelsenkirchen, Gelsenkirchen, Gladbeck, Polizei, Feuerschale, Brandbeschleuniger;2026-07-30T12:01:33+02:00;2026-07-30T12:01:33+02:00;;dpa Nordrhein-Westfalen;false
2bc91e7e43b223616be3c065f362dc4d83aa96cb91dadfa8a19fa313b9286300;Gemüseanbau in MV ausgeweitet;https://www.zeit.de/news/2026-07/30/gemueseanbau-in-mv-ausgeweitet;Hier finden Sie Informationen zu dem Thema „Landwirtschaft“. Lesen Sie jetzt „Gemüseanbau in MV ausgeweitet“.;Landwirtschaft;News, Landwirtschaft, Mecklenburg-Vorpommern, Gemüseanbau, Anbaufläche;2026-07-30T12:00:28+02:00;2026-07-30T12:00:28+02:00;;dpa Mecklenburg-Vorpommern;false
c4be5b7d4115bbb4441c3bffc900afc0f6fc70fb9ba2f6d195856a2c86400824;Unwetter richten Schäden von mehr als 37 Millionen an;https://www.zeit.de/news/2026-07/30/unwetter-richten-schaeden-von-mehr-als-37-millionen-an;Hier finden Sie Informationen zu dem Thema „Sturm in Niedersachsen“. Lesen Sie jetzt „Unwetter richten Schäden von mehr als 37 Millionen an“.;Sturm in Niedersachsen;News, Sturm in Niedersachsen, Niedersachsen, VGH Versicherungen, Unwetter;2026-07-30T11:58:15+02:00;2026-07-30T11:58:15+02:00;;dpa Niedersachsen;false
f24ed326eafc7e6854b5890198ae07fc0ffeeee720ec2bc7c61cb317ed1f5f16;Energiepreise treiben Teuerung im Saarland an;https://www.zeit.de/news/2026-07/30/energiepreise-treiben-teuerung-im-saarland-an;Hier finden Sie Informationen zu dem Thema „Statistisches Landesamt“. Lesen Sie jetzt „Energiepreise treiben Teuerung im Saarland an“.;Statistisches Landesamt;News, Statistisches Landesamt, Saarland, Saarbrücken, Teuerung, Landesamt, Energiekosten;2026-07-30T11:57:33+02:00;2026-07-30T11:57:33+02:00;;dpa Rheinland-Pfalz/Saarland;false
5c1802ae2d6d03e3f7e5f4031e8ab0ae6a11b06adee60f7ebf2c952bbaeee98d;Polizei: Überwiegend ruhiges Einsatzgeschehen in Wacken;https://www.zeit.de/news/2026-07/30/polizei-ueberwiegend-ruhiges-einsatzgeschehen-in-wacken;Hier finden Sie Informationen zu dem Thema „Wacken Open Air (W:O:A)“. Lesen Sie jetzt „Polizei: Überwiegend ruhiges Einsatzgeschehen in Wacken“.;Wacken Open Air (W:O:A);News, Wacken Open Air (W:O:A), Polizei, Wacken Open Air, Einsatzgeschehen, Auto, Bargeld;2026-07-30T11:56:11+02:00;2026-07-30T11:56:11+02:00;;dpa Hamburg/Schleswig-Holstein;false
ab9c7f9317706e7734d91da66f6eae5884461a504feda8a2b08f0cb1f5448eff;Große Tournee - So will die SPD bei der Oper sparen;https://www.zeit.de/news/2026-07/30/grosse-tournee-so-will-die-spd-bei-der-oper-sparen;Hier finden Sie Informationen zu dem Thema „Sanierung der Stuttgarter Oper“. Lesen Sie jetzt „Große Tournee - So will die SPD bei der Oper sparen“.;Sanierung der Stuttgarter Oper;News, Sanierung der Stuttgarter Oper, Sascha Binder, Stuttgart, Baden-Württemberg, SPD, Deutsche Presse-Agentur, Ausweichgebäude, Sanierung, Sanierungszeit, Tournee, Oper;2026-07-30T11:51:30+02:00;2026-07-30T11:51:30+02:00;;dpa Baden-Württemberg;false
29d760bc6ed34d7db3070b984f492da77e607a0e096e681badff6f86d2ddb80f;Ost-Ministerpräsidenten rebellieren gegen Teile der Reformen;https://www.zeit.de/news/2026-07/30/personalumbau-fast-erledigt-neuer-aerger-fuer-merz;Hier finden Sie Informationen zu dem Thema „Rente nach 45 Beitragsjahren“. Lesen Sie jetzt „Ost-Ministerpräsidenten rebellieren gegen Teile der Reformen“.;Rente nach 45 Beitragsjahren;News, Rente nach 45 Beitragsjahren, Friedrich Merz, Sven Schulze, Mario Voigt, Michael Kretschmer, Thorsten Frei, Jens Spahn, Berlin, Sachsen-Anhalt, Mecklenburg-Vorpommern, CDU;2026-07-30T11:49:27+02:00;2026-07-30T11:49:27+02:00;;dpa;false
a84744ad9f8aaab12fe35c05e58f5d09f9866904bd731884f36ec13b687dc47a;Verbraucher müssen für Energie deutlich mehr zahlen;https://www.zeit.de/news/2026-07/30/verbraucher-muessen-fuer-energie-deutlich-mehr-zahlen;Hier finden Sie Informationen zu dem Thema „Inflationsrate“. Lesen Sie jetzt „Verbraucher müssen für Energie deutlich mehr zahlen“.;Inflationsrate;News, Inflationsrate, Wiesbaden, Hessen, Landesamt, Inflation, Steuerpolitik;2026-07-30T11:47:38+02:00;2026-07-30T11:47:38+02:00;;dpa Hessen;false
cfb70936b8632ee696cae5f473c33257888c4a3d3b2341d44ab24753739761cc;Etwas geringere Getreideernte im Norden erwartet;https://www.zeit.de/news/2026-07/30/etwas-geringere-getreideernte-im-norden-erwartet;Hier finden Sie Informationen zu dem Thema „Schätzung zur Ernte im Norden“. Lesen Sie jetzt „Etwas geringere Getreideernte im Norden erwartet“.;Schätzung zur Ernte im Norden;News, Schätzung zur Ernte im Norden, Schleswig-Holstein, Statistisches Amt für Hamburg und Schleswig-Holstein, Getreideernte, Ernte, Bodennutzungshaupterhebung;2026-07-30T11:46:17+02:00;2026-07-30T11:46:17+02:00;;dpa Hamburg/Schleswig-Holstein;false
08b822566d9034689d4024719dbcb6b4a34000d486bf8bb3a951699b6e61af5e;Warum der Ebola-Ausbruch zu eskalieren droht;https://www.zeit.de/news/2026-07/30/warum-der-ebola-ausbruch-zu-eskalieren-droht;Hier finden Sie Informationen zu dem Thema „Lebensbedrohliche Krankheit“. Lesen Sie jetzt „Warum der Ebola-Ausbruch zu eskalieren droht“.;Lebensbedrohliche Krankheit;News, Lebensbedrohliche Krankheit, Maximilian Gertler, Westafrika, Ostkongo, Ituri, Kongo, Weltgesundheitsorganisation, Ärzte ohne Grenzen, Deutsche Presse-Agentur, WHO, Nachverfolgung;2026-07-30T11:42:38+02:00;2026-07-30T11:42:38+02:00;;dpa;false
33a6d96fbc26fa564224906e64e3fe6eded2421d158d3a999096d1da6a07d482;Kokain-Schmuggel mit Katamaran? Mann in Berlin angeklagt;https://www.zeit.de/news/2026-07/30/kokain-schmuggel-mit-katamaran-mann-in-berlin-angeklagt;Hier finden Sie Informationen zu dem Thema „Angeschuldigter ist 70“. Lesen Sie jetzt „Kokain-Schmuggel mit Katamaran? Mann in Berlin angeklagt“.;Angeschuldigter ist 70;News, Angeschuldigter ist 70, Berlin, Atlantik, Europa, Brasilien, Staatsanwaltschaft, Kokain, Katamaran, Drogen;2026-07-30T11:39:33+02:00;2026-07-30T11:39:33+02:00;;dpa Berlin/Brandenburg;false
20f74849c55bcf235c7b1c297c98ba333099373c7af0cec4475c2c4eddf2f398;Sturm und Gewitter vertreiben Hitze im Norden;https://www.zeit.de/news/2026-07/30/wetter-heute-bis-zu-39-grad-und-schwere-gewitter;Hier finden Sie Informationen zu dem Thema „Wetter-Vorhersage“. Lesen Sie jetzt „Sturm und Gewitter vertreiben Hitze im Norden“.;Wetter-Vorhersage;News, Wetter-Vorhersage, Gewitter, Wetter, Sommer, Hitze, Hitzewelle;2026-07-30T11:39:00+02:00;2026-07-30T11:39:00+02:00;;dpa;false
6895b6555bdcde36067eb8707f1adfffa9d10402c8243d3e76e5002d8680c274;Nach Schreckschüssen in Altstadt – Verdächtiger festgenommen;https://www.zeit.de/news/2026-07/30/nach-schreckschuessen-in-altstadt-verdaechtiger-festgenommen;Hier finden Sie Informationen zu dem Thema „Auch Waffe gefunden“. Lesen Sie jetzt „Nach Schreckschüssen in Altstadt – Verdächtiger festgenommen“.;Auch Waffe gefunden;News, Auch Waffe gefunden, Überlingen, Bodenseekreis, Polizei, Schreckschuss, Schreckschusswaffe;2026-07-30T11:38:42+02:00;2026-07-30T11:38:42+02:00;;dpa Baden-Württemberg;false
a7802b35d5c87008ab4c92e9c63a7e141033b356137ad1223f7074009712ad3f;RKI: Schon mehr als 1.000 Hitzetote in Bayern;https://www.zeit.de/news/2026-07/30/rki-schon-mehr-als-1-000-hitzetote-in-bayern;Hier finden Sie Informationen zu dem Thema „Wetter“. Lesen Sie jetzt „RKI: Schon mehr als 1.000 Hitzetote in Bayern“.;Wetter;News, Wetter, Bayern, RKI, Hitze;2026-07-30T11:37:35+02:00;2026-07-30T11:37:35+02:00;;dpa Bayern;false
f8a496af3b293eb57c1408fa7764f480771d2a9bc59bf1939619ac3f76f9621e;Sie hoffen, dass er das Sterben beenden kann;https://www.zeit.de/2026/33/mychajlo-drapatyj-oberbefehlshaber-ukrainische-armee-militaer;Die Ukraine hat einen neuen Armeechef: Mychajlo Drapatyj, 43. Seine Soldaten schätzen ihn als verantwortungsvoll und ehrlich. Kann er die Erwartungen erfüllen? ;"Z+ (abopflichtiger Inhalt);
        
    Mychajlo Drapatyj";Politik, Mychajlo Drapatyj, Krieg in der Ukraine, Militär, Russland, Wolodymyr Selenskyj;2026-07-30T11:36:57+02:00;2026-07-30T11:36:57+02:00;Olivia Kortas;Aus der        ZEIT Nr. 33/2026;false
cd301eecce0b853a45da2ddb94b34f88982f1994b07adcb9a4f135a4baa62053;Mehr als 1.500 Tote bei Ebola-Ausbruch im Kongo;https://www.zeit.de/news/2026-07/30/mehr-als-1-500-tote-bei-ebola-ausbruch-im-kongo;Hier finden Sie Informationen zu dem Thema „Gefährliche Epidemie“. Lesen Sie jetzt „Mehr als 1.500 Tote bei Ebola-Ausbruch im Kongo“.;Gefährliche Epidemie;News, Gefährliche Epidemie, Kongo, Epidemie, Ebola, Ebola-Epidemie, Virus;2026-07-30T11:36:34+02:00;2026-07-30T11:36:34+02:00;;dpa;false
c6c01c1d4347159649d23070f30de052502eaeace29bb04d02b4033bf3f66d26;Zwei Hunde bei Hitze aus Auto befreit;https://www.zeit.de/news/2026-07/30/zwei-hunde-bei-hitze-aus-auto-befreit;Hier finden Sie Informationen zu dem Thema „Tierschutz“. Lesen Sie jetzt „Zwei Hunde bei Hitze aus Auto befreit“.;Tierschutz;News, Tierschutz, Niederbayern, Passau, Polizei, Tierschutz, Rastanlage, Hitze, Auto;2026-07-30T11:32:12+02:00;2026-07-30T11:32:12+02:00;;dpa Bayern;false
fe2c5f8f29e9be04e2f220235a6fee89048bef383c427bc00ea8e61d5a1a9de6;Mann verunglückt nach Sprung in Rummelsburger Bucht;https://www.zeit.de/news/2026-07/30/mann-verunglueckt-nach-sprung-in-rummelsburger-bucht;Hier finden Sie Informationen zu dem Thema „Polizei ermittelt“. Lesen Sie jetzt „Mann verunglückt nach Sprung in Rummelsburger Bucht“.;Polizei ermittelt;News, Polizei ermittelt, Polizei, Rummelsburger;2026-07-30T11:31:23+02:00;2026-07-30T11:31:23+02:00;;dpa Berlin/Brandenburg;false
3c0f8490f30957364834e55a278100791d49728e5744b3192b3a43528dcb6f01;Störungen an Signal: Regionalverkehr in Essen fährt wieder;https://www.zeit.de/news/2026-07/30/stoerungen-an-signal-regionalverkehr-in-essen-eingeschraenkt;Hier finden Sie Informationen zu dem Thema „Schienenersatzverkehr“. Lesen Sie jetzt „Störungen an Signal: Regionalverkehr in Essen fährt wieder“.;Schienenersatzverkehr;News, Schienenersatzverkehr, DB, Regionalverkehr, Störung, Schienenersatzverkehr, Pendler;2026-07-30T11:29:42+02:00;2026-07-30T11:29:42+02:00;;dpa Nordrhein-Westfalen;false
c98095cf3bf61617cb69a5c926d1ebe4e6261af1e9a7649bcfb39f9a553edf0f;Freie Waldorfschule Dachsberg muss schließen;https://www.zeit.de/news/2026-07/30/freie-waldorfschule-dachsberg-muss-schliessen;Hier finden Sie Informationen zu dem Thema „Keine Einigung“. Lesen Sie jetzt „Freie Waldorfschule Dachsberg muss schließen“.;Keine Einigung;News, Keine Einigung, Waldshut, Freiburg, Dachsberg, Verwaltungsgericht, Waldorfschule, Regierungspräsidium, Trägerverein, Eis;2026-07-30T11:28:29+02:00;2026-07-30T11:28:29+02:00;;dpa Baden-Württemberg;false
6653f1dcf0d8fad75cf44d158c5b599c8c8c61cf7a020aa4e7142957bae455b7;Warum Kiew Russlands Online-Händler Wildberries attackiert;https://www.zeit.de/news/2026-07/30/warum-kiew-russlands-online-haendler-wildberries-attackiert;Hier finden Sie Informationen zu dem Thema „Ukraine-Krieg“. Lesen Sie jetzt „Warum Kiew Russlands Online-Händler Wildberries attackiert“.;Ukraine-Krieg;News, Ukraine-Krieg, Wladislaw Gorin, Russland, Wildberrie, Rjasan, Moskau, Kyjiw, Amazon, Rauchwolke, Häuserschlucht, Krieg in der Ukraine;2026-07-30T11:27:36+02:00;2026-07-30T11:27:36+02:00;;dpa;false
1842093815abc41b747ab3496db99cd99bc8988868969fbe1ba8c704bd7d17a5;Deutsche Bahn macht im ersten Halbjahr 147 Millionen Euro Gewinn;https://www.zeit.de/wirtschaft/unternehmen/2026-07/deutsche-bahn-gewinn-halbjahresbilanz-evelyn-palla-gxe;Erstmals seit sieben Jahren kann die Bahn wieder einen Gewinn vermelden. Grund für Zufriedenheit sieht Bahn-Chefin Evelyn Palla jedoch noch nicht.;Deutsche Bahn;Wirtschaft, Deutsche Bahn, Deutsche Bahn, Umsatz, Fernverkehr, Verkehr, Evelyn Palla;2026-07-30T11:26:36+02:00;2026-07-30T11:26:36+02:00;mga;DIE ZEIT,        AFP,        dpa,        							mga;false
18cc0d3f06e175d1fc88da776b62f6a2ef40d1c042db3eaa9e5c17c57c9dc758;Schon mehr als 400 Hitzetote in Niedersachsen;https://www.zeit.de/news/2026-07/30/schon-mehr-als-400-hitzetote-in-niedersachsen;Hier finden Sie Informationen zu dem Thema „Die Hitze und ihre Folgen“. Lesen Sie jetzt „Schon mehr als 400 Hitzetote in Niedersachsen“.;Die Hitze und ihre Folgen;News, Die Hitze und ihre Folgen, Niedersachsen, Bremen, RKI, Hitze;2026-07-30T11:25:36+02:00;2026-07-30T11:25:36+02:00;;dpa Niedersachsen;false
b74f53d7a0fe009070db6a7a254d691e318a537a8471454d7f8a629b5e3e1d5d;Ausländische Fachkräfte unerlässlich für Pflegebranche;https://www.zeit.de/news/2026-07/30/auslaendische-fachkraefte-unerlaesslich-fuer-pflegebranche;Hier finden Sie Informationen zu dem Thema „Pflegekräfte aus dem Ausland“. Lesen Sie jetzt „Ausländische Fachkräfte unerlässlich für Pflegebranche“.;Pflegekräfte aus dem Ausland;News, Pflegekräfte aus dem Ausland, Markus Behrens, Thüringen, Vietnam, Philippinen, Indien, EU, Bundesagentur für Arbeit, Europäische Union, Pflegebranche, Fachkraft;2026-07-30T11:21:13+02:00;2026-07-30T11:21:13+02:00;;dpa Thüringen;false
f8fa2c0b20a485323a400d8cff4fc3a3078c9cece32f227edffef59b9067d4a8;RKI: Bereits fast 2.300 Hitzetote in NRW;https://www.zeit.de/news/2026-07/30/rki-bereits-fast-2-300-hitzetote-in-nrw;Hier finden Sie Informationen zu dem Thema „Hitzetote“. Lesen Sie jetzt „RKI: Bereits fast 2.300 Hitzetote in NRW“.;Hitzetote;News, Hitzetote, NRW, Nordrhein-Westfalen, RKI, Hitze;2026-07-30T11:20:51+02:00;2026-07-30T11:20:51+02:00;;dpa Nordrhein-Westfalen;false
cd2813b70d1a3577e2f79091fff7acef11a6c7a89eb3b37631024be4d795d6c9;Inflationsrate in Sachsen deutlich gestiegen;https://www.zeit.de/news/2026-07/30/inflationsrate-in-sachsen-deutlich-gestiegen;Hier finden Sie Informationen zu dem Thema „Verbraucherpreise“. Lesen Sie jetzt „Inflationsrate in Sachsen deutlich gestiegen“.;Verbraucherpreise;News, Verbraucherpreise, Sachsen, Kamenz, Verbraucherpreis, Inflation;2026-07-30T11:20:07+02:00;2026-07-30T11:20:07+02:00;;dpa Sachsen;false
4ccc3cad8f496ea190208d2f75fec48bf4855cf7892030d9d6a895244d2760a6;Rheinmetall erhält Zuschlag für Fregatten-Modernisierung;https://www.zeit.de/news/2026-07/30/rheinmetall-erhaelt-zuschlag-fuer-fregatten-modernisierung;Hier finden Sie Informationen zu dem Thema „Neue Jadewerft Wilhelmshaven“. Lesen Sie jetzt „Rheinmetall erhält Zuschlag für Fregatten-Modernisierung“.;Neue Jadewerft Wilhelmshaven;News, Neue Jadewerft Wilhelmshaven, Wilhelmshaven, Rheinmetall, Jadewerft, Zuschlag, Projektende, Rüstungskonzern, Modernisierung, Werft;2026-07-30T11:18:42+02:00;2026-07-30T11:18:42+02:00;;dpa Hamburg/Schleswig-Holstein;false
87a3b85fc568e4a4e6228213b82707a1a6c64c59828b33bb6e0645cdc9aef26e;Hohe Nachfrage und Gewinn: Bahnchefin Palla sieht Erfolge;https://www.zeit.de/news/2026-07/30/berichte-bahn-schreibt-erstmals-seit-jahren-schwarze-zahlen;Hier finden Sie Informationen zu dem Thema „Unternehmensbilanz“. Lesen Sie jetzt „Hohe Nachfrage und Gewinn: Bahnchefin Palla sieht Erfolge“.;Unternehmensbilanz;News, Unternehmensbilanz, Deutsche Bahn;2026-07-30T11:18:08+02:00;2026-07-30T11:18:08+02:00;;dpa;false
5902bdba32932b7f4a4f6673ebc6446afc16e650dac33b6b5eac5845a8e63276;Mehr als 1,5 Millionen Euro im Lotto gewonnen;https://www.zeit.de/news/2026-07/30/mehr-als-1-5-millionen-euro-im-lotto-gewonnen;Hier finden Sie Informationen zu dem Thema „Glücksspiel“. Lesen Sie jetzt „Mehr als 1,5 Millionen Euro im Lotto gewonnen“.;Glücksspiel;News, Glücksspiel, Bremen, Glücksspiel;2026-07-30T11:14:12+02:00;2026-07-30T11:14:12+02:00;;dpa Niedersachsen;false
37136caf3db906aa96e751acbc5f71cef3b15da215da319e4d617d3e17ad6939;China stellt weitere Konjunkturhilfen in Aussicht;https://www.zeit.de/news/2026-07/30/china-stellt-weitere-konjunkturhilfen-in-aussicht;Hier finden Sie Informationen zu dem Thema „Wirtschaftspolitik“. Lesen Sie jetzt „China stellt weitere Konjunkturhilfen in Aussicht“.;Wirtschaftspolitik;News, Wirtschaftspolitik, Xi Jinping, China, Kommunistische Partei, Wirtschaftspolitik;2026-07-30T11:13:44+02:00;2026-07-30T11:13:44+02:00;;dpa;false
485ec97c34d52b0209c46d14a84749d1ac855f44b8b79b475e788f74d351557e;Scheunenbrand mit großem Schaden und längerem Löscheinsatz;https://www.zeit.de/news/2026-07/30/scheunenbrand-mit-grossem-schaden-und-laengerem-loescheinsatz;Hier finden Sie Informationen zu dem Thema „Brände“. Lesen Sie jetzt „Scheunenbrand mit großem Schaden und längerem Löscheinsatz“.;Brände;News, Brände, Wattmannshagen, Lalendorf, Landkreis Rostock, Scheunenbrand, Löscheinsatz, Feuerwehreinsatz, Brand;2026-07-30T11:09:54+02:00;2026-07-30T11:09:54+02:00;;dpa Mecklenburg-Vorpommern;false
721ddc01d07937aa699b428258475ae3954dcd0df132c799ee934a9cd49b0925;Erst Hitze - später Gewitter und Sturmböen erwartet;https://www.zeit.de/news/2026-07/30/erst-hitze-spaeter-gewitter-und-sturmboeen-erwartet;Hier finden Sie Informationen zu dem Thema „DWD-Vorhersage“. Lesen Sie jetzt „Erst Hitze - später Gewitter und Sturmböen erwartet“.;DWD-Vorhersage;News, DWD-Vorhersage, Sachsen, Thüringen, Sachsen-Anhalt, DWD, Sturmböe, Gewitter, Hitze;2026-07-30T11:08:23+02:00;2026-07-30T11:08:23+02:00;;dpa Sachsen;false
2e032e82db9b406a6f62d799c95e34ab95b66cc6a6ae017878a7e29e50658861;Erst bis zu 39 Grad - dann Gewitter und abrupte Abkühlung;https://www.zeit.de/news/2026-07/30/erst-bis-zu-39-grad-dann-gewitter-und-abrupte-abkuehlung;Hier finden Sie Informationen zu dem Thema „Wettervorhersage“. Lesen Sie jetzt „Erst bis zu 39 Grad - dann Gewitter und abrupte Abkühlung“.;Wettervorhersage;News, Wettervorhersage, Rheinland-Pfalz, DWD, Gewitter, Abkühlung, Wettervorhersage, Temperatursturz;2026-07-30T11:06:52+02:00;2026-07-30T11:06:52+02:00;;dpa Rheinland-Pfalz/Saarland;false
aae5fe7bfb5a7d21b6d791f2844a02eae01dfd1ba842f7edd0ac7dcea1cf1cbe;Zehn Millionen Euro Schaden nach Lagerhallenbrand;https://www.zeit.de/news/2026-07/30/lagerhallenbrand-am-kaiserstuhl;Hier finden Sie Informationen zu dem Thema „Feuerwehr weiterhin im Einsatz“. Lesen Sie jetzt „Zehn Millionen Euro Schaden nach Lagerhallenbrand“.;Feuerwehr weiterhin im Einsatz;News, Feuerwehr weiterhin im Einsatz, Kaiserstuhl, Lagerhallenbrand, Großeinsatz;2026-07-30T11:06:38+02:00;2026-07-30T11:06:38+02:00;;dpa Baden-Württemberg;false
34bef79b09918b69146093202b94d96165047892c001007240bba284d92a0bde;Deutsche Wirtschaft wächst im zweiten Quartal minimal um 0,2 Prozent;https://www.zeit.de/wirtschaft/2026-07/deutsche-wirtschaft-wachstum-bip-exports-statistisches-bundesamt-gxe;Die deutsche Wirtschaft trotzt dem Irankrieg und wächst im zweiten Quartal leicht. Der erhoffte kräftige Aufschwung lässt aber weiterhin auf sich warten.;Deutsche Wirtschaft;Wirtschaft, Deutsche Wirtschaft, Statistisches Bundesamt, Bruttoinlandsprodukt, Wirtschaftspolitik, Iran, Ölpreis;2026-07-30T10:59:01+02:00;2026-07-30T10:59:01+02:00;bda;DIE ZEIT,        AFP,        dpa,        Reuters,        							bda;false
d02d0bdbfa4eebfc7696b7c05b7fcf76c40fc5d17ece81b7ae7e4f8df114fcbd;Bis zu 34 Grad für Metalfans in Wacken;https://www.zeit.de/news/2026-07/30/bis-zu-34-grad-fuer-metalfans-in-wacken;Hier finden Sie Informationen zu dem Thema „Wacken Open Air (W:O:A)“. Lesen Sie jetzt „Bis zu 34 Grad für Metalfans in Wacken“.;Wacken Open Air (W:O:A);News, Wacken Open Air (W:O:A), DWD, Wacken Open Air, Festivaltag;2026-07-30T10:57:42+02:00;2026-07-30T10:57:42+02:00;;dpa Hamburg/Schleswig-Holstein;false
144694e766c487fb1d6eebb3623b884577a44e1c96ab8b45b8ea0a0cb92eb21e;Weniger Habilitationen an Thüringer Hochschulen;https://www.zeit.de/news/2026-07/30/weniger-habilitationen-an-thueringer-hochschulen;Hier finden Sie Informationen zu dem Thema „Wissenschaft“. Lesen Sie jetzt „Weniger Habilitationen an Thüringer Hochschulen“.;Wissenschaft;News, Wissenschaft, Erfurt, Habilitation, Lehrbefähigung;2026-07-30T10:57:14+02:00;2026-07-30T10:57:14+02:00;;dpa Thüringen;false
a2070b384f0655a31b381c33b9275fe58f79597da16ce1fcbb6583fecd53d4f7;Sicherungsverwahrung nach Missbrauch von Stieftöchtern?;https://www.zeit.de/news/2026-07/30/sicherungsverwahrung-nach-missbrauch-von-stieftoechtern;Hier finden Sie Informationen zu dem Thema „Prozesse“. Lesen Sie jetzt „Sicherungsverwahrung nach Missbrauch von Stieftöchtern?“.;Prozesse;News, Prozesse, Görlitz, Bundesgerichtshof, Staatsanwaltschaft, Sicherungsverwahrung, Missbrauch;2026-07-30T10:56:58+02:00;2026-07-30T10:56:58+02:00;;dpa Sachsen;false
c05e4d74c01c45b7a078c8814b3344d44c9155ef7a23c7031f27f9eda1c70a2b;Bayern-Basketballer holen Flügelspieler vom FC Barcelona;https://www.zeit.de/news/2026-07/30/bayern-basketballer-holen-fluegelspieler-vom-fc-barcelona;Hier finden Sie Informationen zu dem Thema „Früher bei Boston Celtics“. Lesen Sie jetzt „Bayern-Basketballer holen Flügelspieler vom FC Barcelona“.;Früher bei Boston Celtics;News, Früher bei Boston Celtics, Miles Norris, FC Barcelona, Boston Celtics, NBA;2026-07-30T10:56:23+02:00;2026-07-30T10:56:23+02:00;;dpa Bayern;false
41aa1fbc2f0bd1ee83e727c9d7631ade49c06c8b5279be6e6500125a79b91b98;Mann erkundet sich nach eigener Fahndung: Festnahme;https://www.zeit.de/news/2026-07/30/mann-erkundet-sich-nach-eigener-fahndung-festnahme;Hier finden Sie Informationen zu dem Thema „Offene Haftbefehle“. Lesen Sie jetzt „Mann erkundet sich nach eigener Fahndung: Festnahme“.;Offene Haftbefehle;News, Offene Haftbefehle, München, Bundespolizei, Haftbefehl, Fahndung, Festnahme;2026-07-30T10:53:42+02:00;2026-07-30T10:53:42+02:00;;dpa Bayern;false
526c43f16714b9f3f456de295b59a14864279ad3532688b7d886e3e0c79d528c;Kalte Nudeln für heiße Tage;https://www.zeit.de/zeit-magazin/wochenmarkt/2026-07/makguksu-nudeln-rezept-wochenmarkt;In Korea werden kalte Nudeln auch im Winter gegessen, dieses Makguksu passt aber auch bestens in den Sommer. Wem sie nicht kalt genug sind, garniert sie mit Eiswürfeln.;"Z+ (abopflichtiger Inhalt);
        
    Makguksu";Koreanische Küche;2026-07-30T10:50:26+02:00;2026-07-30T10:50:26+02:00;Angelika Schwaff;;false
3e5caafe95f4636392ab94f6f965a1dc581c118be1598e917fa218035d79c17b;Inflationsrate in NRW steigt auf 2,7 Prozent;https://www.zeit.de/news/2026-07/30/inflationsrate-in-nrw-steigt-auf-2-7-prozent;Hier finden Sie Informationen zu dem Thema „Verbraucherpreise“. Lesen Sie jetzt „Inflationsrate in NRW steigt auf 2,7 Prozent“.;Verbraucherpreise;News, Verbraucherpreise, NRW, Nordrhein-Westfalen, Verbraucherpreis, Landesstatistikamt, Inflation;2026-07-30T10:49:17+02:00;2026-07-30T10:49:17+02:00;;dpa Nordrhein-Westfalen;false
125778044e347f4695642c8130eaa9f50168a23f77efc42e492dfd9412a8b7c8;Wer sagt was zu Infantinos FIFA-Plänen - und warum?;https://www.zeit.de/news/2026-07/30/wer-sagt-was-zu-infantinos-fifa-plaenen-und-warum;Hier finden Sie Informationen zu dem Thema „Funktionäre beim WM-Deal“. Lesen Sie jetzt „Wer sagt was zu Infantinos FIFA-Plänen - und warum?“.;Funktionäre beim WM-Deal;News, Funktionäre beim WM-Deal, Gianni Infantino, Hans-Joachim Watzke, Bernd Neuendorf, Max Eberl, Aleksander Ceferin, Europa, Borussia Dortmund, Fifa, Deutscher Fußball-Bund, Uefa;2026-07-30T10:47:18+02:00;2026-07-30T10:47:18+02:00;;dpa Sport;false
c101a9749998760c6f8b1a0c84eae8f0f6813759d533b6b07e98a61876c9e1a7;ADAC: Hitze sorgt für mehr Autopannen in Rheinland-Pfalz;https://www.zeit.de/news/2026-07/30/adac-hitze-sorgt-fuer-mehr-autopannen-in-rheinland-pfalz;Hier finden Sie Informationen zu dem Thema „Hohe Temperaturen“. Lesen Sie jetzt „ADAC: Hitze sorgt für mehr Autopannen in Rheinland-Pfalz“.;Hohe Temperaturen;News, Hohe Temperaturen, Rheinland-Pfalz, ADAC, Autopanne, Temperatur, Straßenwacht, Hitze, Auto, Sommer;2026-07-30T10:45:49+02:00;2026-07-30T10:45:49+02:00;;dpa Rheinland-Pfalz/Saarland;false
8fbec39c4894ac9a01ab19115b35a6adbfa125253a9b87b7b8e5f645f3799ad5;Kampf gegen Cybercrime: Land setzt auf weitere Spezialisten;https://www.zeit.de/news/2026-07/30/kampf-gegen-cybercrime-land-setzt-auf-weitere-spezialisten;Hier finden Sie Informationen zu dem Thema „Kriminalität im Netz“. Lesen Sie jetzt „Kampf gegen Cybercrime: Land setzt auf weitere Spezialisten“.;Kriminalität im Netz;News, Kriminalität im Netz, Daniela Behrens, Niedersachsen, SPD, Cybercrime, Cyberkriminalität;2026-07-30T10:40:49+02:00;2026-07-30T10:40:49+02:00;;dpa Niedersachsen;false
7b012dd2193f329a1f305ef5cff168c8ea39bf7beee62cbaf427325eb8c88cd6;Brandenburgs Wirtschaftsministerin braucht kein Chefbüro;https://www.zeit.de/news/2026-07/30/brandenburgs-wirtschaftsministerin-braucht-kein-chefbuero;Hier finden Sie Informationen zu dem Thema „Landesregierung“. Lesen Sie jetzt „Brandenburgs Wirtschaftsministerin braucht kein Chefbüro“.;Landesregierung;News, Landesregierung, Martina Klement, Brandenburg, Berlin, CSU, MOZ, Chefbüro, Arbeitsstil, Landesregierung, Ministerbüro;2026-07-30T10:39:54+02:00;2026-07-30T10:39:54+02:00;;dpa Berlin/Brandenburg;false
16235f2c4a1e2b182fa0e1ec5f6e273a440e80152fea9ccd0f4484da55aa9c3f;Grüne mahnen mehr staatlichen Klimaschutz an;https://www.zeit.de/politik/deutschland/2026-07/hitzetote-deutschland-robert-koch-institut-gruene-krisengipfel-gxe;»Nehmt die Klimakrise endlich ernst und handelt!«: Die Grünen fordern mehr Einsatz für Klimaschutz von der Regierung. Die Folgen des Klimawandels seien bereits sichtbar.;Erdüberlastungstag;Politik, Erdüberlastungstag, Hitze, RKI, Bündnis 90/Die Grünen, Friedrich Merz, Bundesregierung, Europäische Union, Hitzewelle;2026-07-30T10:36:22+02:00;2026-07-30T10:36:22+02:00;jaca;DIE ZEIT,        dpa,        AFP,        							jaca;false
5a99ef059aabc5c3f62f62ce2cedcbb21acee2594d2a2edcb889b88b0e57128e;Heizöl und Benzinpreise treiben Inflation;https://www.zeit.de/news/2026-07/30/heizoel-und-benzinpreise-treiben-inflation;Hier finden Sie Informationen zu dem Thema „Preisentwicklung“. Lesen Sie jetzt „Heizöl und Benzinpreise treiben Inflation“.;Preisentwicklung;News, Preisentwicklung, Bayern, Iran, Heizöl, Tankrabatt, Preisentwicklung, Spritpreis, Inflation;2026-07-30T10:35:04+02:00;2026-07-30T10:35:04+02:00;;dpa Bayern;false
e7d36543626ae0b9080aa25975fbbe8ef55a3652b94a6220186abccb4ed39199;Waldbrandgefahr auch im Norden kurzfristig erhöht;https://www.zeit.de/news/2026-07/30/waldbrandgefahr-auch-im-norden-kurzfristig-erhoeht;Hier finden Sie Informationen zu dem Thema „Folgen von Trockenheit“. Lesen Sie jetzt „Waldbrandgefahr auch im Norden kurzfristig erhöht“.;Folgen von Trockenheit;News, Folgen von Trockenheit, Südeuropa, DWD, WWF, Waldbrandgefahr, Trockenheit, Waldbrand;2026-07-30T10:33:46+02:00;2026-07-30T10:33:46+02:00;;dpa Hamburg/Schleswig-Holstein;false
d611bc68c2aead432d1c522b141262e4b2d308e56030ccf8bc9c4b86ee3badb9;Naturbad Ennigerloh wieder geöffnet: Keine Noroviren;https://www.zeit.de/news/2026-07/30/naturbad-ennigerloh-wieder-geoeffnet-keine-noroviren;Hier finden Sie Informationen zu dem Thema „Infektionen“. Lesen Sie jetzt „Naturbad Ennigerloh wieder geöffnet: Keine Noroviren“.;Infektionen;News, Infektionen, Ennigerloh, Münsterland, Naturbad, Infektion;2026-07-30T10:31:57+02:00;2026-07-30T10:31:57+02:00;;dpa Nordrhein-Westfalen;false
14bf0e318644b5d267cc4bb258a1f782e25381a7d0ca736a9093f48b0fa1398b;BMW-Gewinn bricht um mehr als ein Drittel ein;https://www.zeit.de/news/2026-07/30/bmw-gewinn-bricht-um-mehr-als-ein-drittel-ein;Hier finden Sie Informationen zu dem Thema „Krise der Autoindustrie“. Lesen Sie jetzt „BMW-Gewinn bricht um mehr als ein Drittel ein“.;Krise der Autoindustrie;News, Krise der Autoindustrie, BMW, Auto;2026-07-30T10:30:41+02:00;2026-07-30T10:30:41+02:00;;dpa;false
80deeefcf108c61dc2bb538498b217391a4916ebcfbacd5c707282313c96ea97;Mann fährt Kontrahent über Fuß und beißt nach Polizist;https://www.zeit.de/news/2026-07/30/mann-faehrt-kontrahent-ueber-fuss-und-beisst-nach-polizist;Hier finden Sie Informationen zu dem Thema „Betrunken und aggressiv“. Lesen Sie jetzt „Mann fährt Kontrahent über Fuß und beißt nach Polizist“.;Betrunken und aggressiv;News, Betrunken und aggressiv, Polizei, Enzkreis, Kelter, Auto;2026-07-30T10:29:03+02:00;2026-07-30T10:29:03+02:00;;dpa Baden-Württemberg;false
62fdcdfc093e3eb2a6998bc0cf0d7bb8fddb9780e1067327e303cfc97c3c4550;Kita-Beiträge sinken im Saarland weiter;https://www.zeit.de/news/2026-07/30/kita-beitraege-sinken-im-saarland-weiter;Hier finden Sie Informationen zu dem Thema „Ab 2027 Beiträge auf null“. Lesen Sie jetzt „Kita-Beiträge sinken im Saarland weiter“.;Ab 2027 Beiträge auf null;News, Ab 2027 Beiträge auf null, Saarland, Bildungsministerium, SPD, Elternanteil, Familie;2026-07-30T10:28:23+02:00;2026-07-30T10:28:23+02:00;;dpa Rheinland-Pfalz/Saarland;false
2e8c7ca7170efec86bf300863345b864615ceaddecf077176b38948e739efd96;Türkische Polizei nimmt erneut Bezirksbürgermeister fest;https://www.zeit.de/politik/ausland/2026-07/tuerkei-korruption-chp-erdal-besikcioglu-etimesgut-festnahmen-gxe;In Ankara ist ein Bürgermeister der oppositionellen CHP festgenommen worden – und mit ihm 50 weitere Personen. Bekannt ist Erdal Beşikçioğlu aus einer Kult-Fernsehserie.;Türkische Opposition;Politik, Türkische Opposition, Ankara, Türkei, Cumhuriyet Halk Partisi, Polizei, Razzia;2026-07-30T10:27:29+02:00;2026-07-30T10:27:29+02:00;mga;DIE ZEIT,        dpa,        							mga;false
9a1b43cb1fc858ce8ad540d93f39bde6847b8a81f23f1cf54f2dbea6ebb3cd51;Warum wir Sonnencreme zu sehr vertrauen;https://www.zeit.de/2026/33/sonnencreme-hautkrebs-schutz-studien-leitlinie-lichtschutzfaktor;Schutz vor Hautkrebs? Da widersprechen sich die Studien. Forscher warnen: Sonnencreme wird oft falsch benutzt ;"Z+ (abopflichtiger Inhalt);
        
    Sonnencreme und Hautkrebs";Gesundheit, Sonnencreme und Hautkrebs, Sonnenschutz, Hautkrebs, Tumor, Forschung, Studie;2026-07-30T10:17:55+02:00;2026-07-30T10:17:55+02:00;Jan Schweitzer;Aus der        ZEIT Nr. 33/2026;false
29a2f47a8c0723c4f69b380e2666864779eb77d822c693bc59ab722311e8f007;Mann fährt auf A9 an Stau vorbei und gefährdet Polizisten;https://www.zeit.de/news/2026-07/30/mann-faehrt-auf-a9-an-stau-vorbei-und-gefaehrdet-polizisten;Hier finden Sie Informationen zu dem Thema „Anzeige“. Lesen Sie jetzt „Mann fährt auf A9 an Stau vorbei und gefährdet Polizisten“.;Anzeige;News, Anzeige, Mittelfranken, Polizei, Stau, Standstreifen;2026-07-30T10:17:26+02:00;2026-07-30T10:17:26+02:00;;dpa Bayern;false
27e22b27e67610f3f789dd1c42c9bbf31a0a4cc322f22a8f5bbeca54aa2d5446;RKI meldet fast 10.000 Hitzetote seit Jahresbeginn;https://www.zeit.de/gesellschaft/zeitgeschehen/2026-07/hitzetote-deutschland-robert-koch-institut-hitze-gxe;Bundesweit sind in diesem Jahr 9.800 Menschen wegen hoher Temperaturen gestorben. Das übersteigt die Zahl jedes Gesamtjahrs seit 2016.;Robert Koch-Institut;Gesellschaft, Robert Koch-Institut, RKI, Hitze, Hitzewelle, Opfer, Wetter;2026-07-30T10:14:20+02:00;2026-07-30T10:14:20+02:00;ale;DIE ZEIT,        dpa,        AFP,        KNA,        							ale;false
3db46efe8fbb42eb3e24dca734ffbb343c3023c77e8ce601aa9b0c8dbc99d656;Zwei Menschen verletzen sich bei Motorradunfall schwer;https://www.zeit.de/news/2026-07/30/zwei-menschen-verletzen-sich-bei-motorradunfall-schwer;Hier finden Sie Informationen zu dem Thema „Zusammenstoß mit Auto“. Lesen Sie jetzt „Zwei Menschen verletzen sich bei Motorradunfall schwer“.;Zusammenstoß mit Auto;News, Zusammenstoß mit Auto, Altmannstein, Landkreis Eichstätt, Polizei, Motorradunfall, Zusammenstoß, Auto;2026-07-30T10:13:17+02:00;2026-07-30T10:13:17+02:00;;dpa Bayern;false
ef0f4199b22df282a48fc0a3173c36817b9c4538ec6ebb43edc85d204e3234bc;Ukraine meldet Tote und viele Verletzte nach russischen Angriffen;https://www.zeit.de/politik/ausland/2026-07/russland-angriffe-ukraine-dnipropetrowsk-lwiw-kiew-raketen-gxe;Bei russischen Angriffen in der Ukraine sind mehrere Menschen getötet worden, darunter Kinder. In der Großstadt Lwiw wurden eine Schule und zwei Kindergärten getroffen.;Ukrainekrieg;Politik, Ukrainekrieg, Krieg in der Ukraine, Lwiw, Russland, Rakete, Opfer;2026-07-30T10:12:41+02:00;2026-07-30T10:12:41+02:00;iyf;DIE ZEIT,        dpa,        							iyf;false
d15b44e10b061621b2b81226c900d53137cad21d7b4308fbc6f00e9dde947794;AfD in Umfrage weiter deutlich vor CDU in Sachsen-Anhalt;https://www.zeit.de/politik/deutschland/2026-07/umfrage-landtagswahl-sachsen-anhalt-afd-cdu-infratest-dimap-gxe;In wenigen Wochen wird in Sachsen-Anhalt ein neuer Landtag gewählt. Eine neue Umfrage sieht die AfD weiter deutlich vorn. Die CDU verschlechtert sich um zwei Punkte.;Landtagswahl in Sachsen-Anhalt;Politik, Landtagswahl in Sachsen-Anhalt, Landtagswahl in Sachsen, Sachsen-Anhalt, Alternative für Deutschland, CDU, SPD, Landtag;2026-07-30T10:10:06+02:00;2026-07-30T10:10:06+02:00;bda;DIE ZEIT,        dpa,        AFP,        							bda;false
0429cc447e61ad4bb179dccda45824ba41fa16ae56416a3a7eac39e51ac0598e;Deutsche Wirtschaft mit Mini-Wachstum im zweiten Quartal;https://www.zeit.de/news/2026-07/30/deutsche-wirtschaft-mit-mini-wachstum-im-zweiten-quartal;Hier finden Sie Informationen zu dem Thema „Konjunktur“. Lesen Sie jetzt „Deutsche Wirtschaft mit Mini-Wachstum im zweiten Quartal“.;Konjunktur;News, Konjunktur, News;2026-07-30T10:02:46+02:00;2026-07-30T10:02:46+02:00;;dpa;false
5e8c6491202b87284e69d8b4ec7384cd10fbbb0814260031459ede2c7cb7b49f;Feuerwehren aus NRW unterstützen bei Waldbränden in Spanien;https://www.zeit.de/news/2026-07/30/feuerwehren-aus-nrw-unterstuetzen-bei-waldbraenden-in-spanien;Hier finden Sie Informationen zu dem Thema „Hilfsersuchen“. Lesen Sie jetzt „Feuerwehren aus NRW unterstützen bei Waldbränden in Spanien“.;Hilfsersuchen;News, Hilfsersuchen, NRW, Spanien, Nordrhein-Westfalen, Bonn, Düsseldorf, Feuerwehr, Europäische Union, Waldbrand, Hilfsersuchen, Waldbrandeinheit;2026-07-30T10:01:16+02:00;2026-07-30T10:01:16+02:00;;dpa Nordrhein-Westfalen;false
e745f96bd9cd99192510b0f497e4d327632f590e0e5860ebbf5b5aedf5fbb664;Brandenburg: Zweithöchste Waldbrandstufe in drei Landkreisen;https://www.zeit.de/news/2026-07/30/brandenburg-zweithoechste-waldbrandstufe-in-drei-landkreisen;Hier finden Sie Informationen zu dem Thema „Trockenheit und Hitze“. Lesen Sie jetzt „Brandenburg: Zweithöchste Waldbrandstufe in drei Landkreisen“.;Trockenheit und Hitze;News, Trockenheit und Hitze, Brandenburg, Prignitz, Ostprignitz-Ruppin, Potsdam, Oberhavel, Waldbrandstufe, Landkreis, Trockenheit, Waldbrandgefahr, Hitze;2026-07-30T10:00:05+02:00;2026-07-30T10:00:05+02:00;;dpa Berlin/Brandenburg;false
ab50511776b72de5f3aac5b4fc0b694d000a3685ab3ccc040bfc3a2230e3f10b;Nagelstudio und Co. - Zolldurchsuchung wegen Schwarzarbeit;https://www.zeit.de/news/2026-07/30/nagelstudio-und-co-zolldurchsuchung-wegen-schwarzarbeit;Hier finden Sie Informationen zu dem Thema „Illegale Beschäftigung“. Lesen Sie jetzt „Nagelstudio und Co. - Zolldurchsuchung wegen Schwarzarbeit“.;Illegale Beschäftigung;News, Illegale Beschäftigung, Nagelstudio, Zolldurchsuchung, Schwarzarbeit;2026-07-30T09:59:11+02:00;2026-07-30T09:59:11+02:00;;dpa Bayern;false
c48d9d93e34b78964bed448a0574a146a0454b40fee291516a6192095274c790;Wacker Chemie erhöht Prognose - schwarze Zahlen realistisch;https://www.zeit.de/news/2026-07/30/wacker-chemie-erhoeht-prognose-schwarze-zahlen-realistisch;Hier finden Sie Informationen zu dem Thema „Rückkehr in die Gewinnzone“. Lesen Sie jetzt „Wacker Chemie erhöht Prognose - schwarze Zahlen realistisch“.;Rückkehr in die Gewinnzone;News, Rückkehr in die Gewinnzone, Wacker Chemie, Gewinnzone, Prognose, Pensionslast, Nettogewinn, Aktienverkauf, Chemiekonzern, Krise;2026-07-30T09:55:01+02:00;2026-07-30T09:55:01+02:00;;dpa Bayern;false
87271bd68600527fb1ec989f878d7c01e184c5bd7a79725c46d8bf2abbc0eab1;Frei warnt CDU davor, ihre derzeitige Situation zu unterschätzen;https://www.zeit.de/politik/deutschland/2026-07/thorsten-frei-unionsfraktionschef-jens-spahn-cdu;Der neue Unionsfraktionsvorsitzende Thorsten Frei appelliert an seine Partei, die eigene Lage ernstzunehmen. Zugleich dürfe man sich nicht zu sehr um sich selbst drehen.;Umbau der Bundesregierung;Politik, Umbau der Bundesregierung, Thorsten Frei, CDU, Unionsfraktion, Friedrich Merz, Deutscher Bundestag, Jens Spahn;2026-07-30T09:45:50+02:00;2026-07-30T09:45:50+02:00;mga;DIE ZEIT,        dpa,        							mga;false
dee6d6155eeb7bcaebfbf482757a1ae635d471b7f05fb489e7a3f96416c59299;Laster verliert Zuckermelasse - kilometerlange klebrige Spur;https://www.zeit.de/news/2026-07/30/laster-verliert-zuckermelasse-kilometerlange-klebrige-spur;Hier finden Sie Informationen zu dem Thema „Klebrige Straße“. Lesen Sie jetzt „Laster verliert Zuckermelasse - kilometerlange klebrige Spur“.;Klebrige Straße;News, Klebrige Straße, Dinkelsbühl, Landkreis Ansbach, Zuckermelasse, Straßenverschmutzung, Behälter, Transport, Reinigung;2026-07-30T09:44:53+02:00;2026-07-30T09:44:53+02:00;;dpa Bayern;false
8aca31722ebcce9e3ed6fd0ce2864cb417d70afb93a567f6ded20e07a0e5f9ff;Verbände wollen Öl- und Gasförderverbot in Ostsee erreichen;https://www.zeit.de/news/2026-07/30/verbaende-wollen-oel-und-gasfoerderverbot-in-ostsee-erreichen;Hier finden Sie Informationen zu dem Thema „Sorge um Umwelt“. Lesen Sie jetzt „Verbände wollen Öl- und Gasförderverbot in Ostsee erreichen“.;Sorge um Umwelt;News, Sorge um Umwelt, Ostsee, Polen, Usedom, Europa, Brüssel, Swinemünde, Bund für Umwelt und Naturschutz, BUND, Europäische Union, Gasförderverbot;2026-07-30T09:44:50+02:00;2026-07-30T09:44:50+02:00;;dpa Hamburg/Schleswig-Holstein;false
41b3bfc27223b04f6edb09a59df10e970cf67222166e08590c7585a0518fe2ab;Mit 3,88 Promille am Steuer - Autofahrer gestoppt;https://www.zeit.de/news/2026-07/30/mit-3-88-promille-am-steuer-autofahrer-gestoppt;Hier finden Sie Informationen zu dem Thema „Verkehr“. Lesen Sie jetzt „Mit 3,88 Promille am Steuer - Autofahrer gestoppt“.;Verkehr;News, Verkehr, Polizei, Atemalkoholwert;2026-07-30T09:36:48+02:00;2026-07-30T09:36:48+02:00;;dpa Niedersachsen;false
64f8a2facecb09546479c87516c7381b6010f7fc534c364b2a6408ecefd7f499;Russland und Ukraine kämpfen weiter um Kostjantyniwka;https://www.zeit.de/politik/ausland/ukraine-russland-frontverlauf-krieg-karte-aktuell;Entgegen russischen Behauptungen ist die Stadt Kostjantyniwka laut Experten weiterhin schwer umkämpft. Russland rückte bei Welykyj Burluk in der Region Charkiw vor.;Ukrainekarte aktuell;Politik, Ukrainekarte aktuell, Krieg in der Ukraine, Donezk, Charkiw, Streitkräfte, Russland, Militär;2026-07-30T09:35:43+02:00;2026-07-30T09:35:43+02:00;Maline HofmannElizabeth RushtonChristina FelschenJustus WilkeJulius TrögerBenja Zehr;;false
a44aae8e2309cba77967f2ce35c59996a89840a2bd1cc624ee9a04beb0d5276c;China droht USA im Streit um humanoide Roboter;https://www.zeit.de/news/2026-07/30/china-droht-usa-im-streit-um-humanoide-roboter;Hier finden Sie Informationen zu dem Thema „Technologiestreit“. Lesen Sie jetzt „China droht USA im Streit um humanoide Roboter“.;Technologiestreit;News, Technologiestreit, China, USA, Washington, FCC, Technologiestreit, Gegenmaßnahme;2026-07-30T09:26:48+02:00;2026-07-30T09:26:48+02:00;;dpa;false
5c70dd832c591cc43498ffff3fdd1812cb2aa620039ef9f0c8f7f94b117892fc;Flucht vor den Flammen: Stress auch für Hündin Simba;https://www.zeit.de/news/2026-07/30/flucht-vor-den-flammen-stress-auch-fuer-huendin-simba;Hier finden Sie Informationen zu dem Thema „Waldbrände bei Bordeaux“. Lesen Sie jetzt „Flucht vor den Flammen: Stress auch für Hündin Simba“.;Waldbrände bei Bordeaux;News, Waldbrände bei Bordeaux, Collie Simba, Karine Soulard, Hündin, Stress, Waldbrand, Messehalle, Feldbett, Megabrand, Evakuierung, Tiere;2026-07-30T09:23:59+02:00;2026-07-30T09:23:59+02:00;;dpa;false
24aac040c322647f90b1f662329db43584d113d38a4d9d457e4f29a532838031;Hunderte Waffen bei Kontrollen an Bahnhöfen entdeckt;https://www.zeit.de/news/2026-07/30/hunderte-waffen-bei-kontrollen-an-bahnhoefen-entdeckt;Hier finden Sie Informationen zu dem Thema „Bilanz der Bundespolizei“. Lesen Sie jetzt „Hunderte Waffen bei Kontrollen an Bahnhöfen entdeckt“.;Bilanz der Bundespolizei;News, Bilanz der Bundespolizei, Berlin, Bundespolizei, Mitführverbot, Bahnhof, Allgemeinverfügung;2026-07-30T09:21:38+02:00;2026-07-30T09:21:38+02:00;;dpa Berlin/Brandenburg;false
71267dfedfe121024505408706085a033fceb9dd5e519a9f5e70afad6e67888a;Kräftige Gewitter und Sturmböen nach Hitze erwartet;https://www.zeit.de/news/2026-07/30/kraeftige-gewitter-und-sturmboeen-nach-hitze-erwartet;Hier finden Sie Informationen zu dem Thema „Wetter“. Lesen Sie jetzt „Kräftige Gewitter und Sturmböen nach Hitze erwartet“.;Wetter;News, Wetter, Niedersachsen, Bremen, DWD, Sturmböe, Gewitter, Hitze, Wetter;2026-07-30T09:14:24+02:00;2026-07-30T09:14:24+02:00;;dpa Niedersachsen;false
4e070cdd22a38d086c7fed332fc036d7ff6a54c9b96fa3f27b56d790b1a63d51;Anklage gegen 24-Jährigen wegen Drogenhandels erhoben;https://www.zeit.de/news/2026-07/30/anklage-gegen-24-jaehrigen-wegen-drogenhandels-erhoben;Hier finden Sie Informationen zu dem Thema „Kriminalität“. Lesen Sie jetzt „Anklage gegen 24-Jährigen wegen Drogenhandels erhoben“.;Kriminalität;News, Kriminalität, Freital, Dresden, Staatsanwaltschaft Dresden, Drogenhandel, Anklage, Rauschgiftdepot;2026-07-30T09:13:33+02:00;2026-07-30T09:13:33+02:00;;dpa Sachsen;false
a0cebae9e1a30fa30e2e7eba20b8c042e73dd7d623aa3c0ad2cd89cb03e61017;Schulze: Osten braucht starke Stimme in Berlin;https://www.zeit.de/news/2026-07/30/schulze-osten-braucht-starke-stimme-in-berlin;Hier finden Sie Informationen zu dem Thema „Sozialreformen“. Lesen Sie jetzt „Schulze: Osten braucht starke Stimme in Berlin“.;Sozialreformen;News, Sozialreformen, Sven Schulze, Mario Voigt, Michael Kretschmer, Berlin, Ostdeutschland, Sachsen, Thüringen, Sachsen-Anhalt, CDU, Deutsche Presse-Agentur;2026-07-30T09:13:26+02:00;2026-07-30T09:13:26+02:00;;dpa Sachsen;false
7439f94d70f0f7084a5bf7d913ae1e5a1e8c74dc22e9293417c8e0d7f93619b6;Auto brennt auf A96 – Mindestens zehn Kilometer Stau;https://www.zeit.de/news/2026-07/30/auto-brennt-auf-a96-mindestens-zehn-kilometer-stau;Hier finden Sie Informationen zu dem Thema „Massive Verkehrsbehinderungen“. Lesen Sie jetzt „Auto brennt auf A96 – Mindestens zehn Kilometer Stau“.;Massive Verkehrsbehinderungen;News, Massive Verkehrsbehinderungen, Gräfelfing, München, Landkreis München, Polizei, Verkehrsbehinderung, Stau, Vollsperrung, Auto;2026-07-30T09:10:28+02:00;2026-07-30T09:10:28+02:00;;dpa Bayern;false
274ee518bcfa666701066049fffa4a7ef6499b06ffa2ec96b171e5db81ec6d04;79-Jähriger mit Hund von Unbekannten attackiert;https://www.zeit.de/news/2026-07/30/79-jaehriger-mit-hund-von-unbekannten-attackiert;Hier finden Sie Informationen zu dem Thema „Kreis Schwäbisch Hall“. Lesen Sie jetzt „79-Jähriger mit Hund von Unbekannten attackiert“.;Kreis Schwäbisch Hall;News, Kreis Schwäbisch Hall, Schwäbisch Hall, Polizei;2026-07-30T09:08:03+02:00;2026-07-30T09:08:03+02:00;;dpa Baden-Württemberg;false
49b6ade919610c4f91482b2ae6defa167aec84c347fdf50f07b68ff4bd4ff359;Mehr Anträge auf Anerkennung ausländischer Berufsabschlüsse;https://www.zeit.de/news/2026-07/30/mehr-antraege-auf-anerkennung-auslaendischer-berufsabschluesse;Hier finden Sie Informationen zu dem Thema „Migration und Arbeitsmarkt“. Lesen Sie jetzt „Mehr Anträge auf Anerkennung ausländischer Berufsabschlüsse“.;Migration und Arbeitsmarkt;News, Migration und Arbeitsmarkt, Sachsen, Berufsabschluss, Anerkennung, Migration;2026-07-30T08:57:16+02:00;2026-07-30T08:57:16+02:00;;dpa Sachsen;false
44124cda3aab2e2db427637d30db0eedd130210f3ba404a48aa5f134d3249fb1;Amazon investiert mehr als 300 Millionen Euro in Pforzheim;https://www.zeit.de/news/2026-07/30/amazon-investiert-mehr-als-300-millionen-euro-in-pforzheim;Hier finden Sie Informationen zu dem Thema „Onlinehandel“. Lesen Sie jetzt „Amazon investiert mehr als 300 Millionen Euro in Pforzheim“.;Onlinehandel;News, Onlinehandel, Pforzheim, Amazon, Onlinehandel, Südwesten;2026-07-30T08:53:21+02:00;2026-07-30T08:53:21+02:00;;dpa Baden-Württemberg;false
352ed6470e6692fc9203d73d21432285532f65eb8a4207cb3719623e2b97ea4e;Akku explodiert: Mann in Grabfeld schwer verletzt;https://www.zeit.de/news/2026-07/30/akku-explodiert-mann-in-grabfeld-schwer-verletzt;Hier finden Sie Informationen zu dem Thema „Rettungshubschrauber“. Lesen Sie jetzt „Akku explodiert: Mann in Grabfeld schwer verletzt“.;Rettungshubschrauber;News, Rettungshubschrauber, Polizei, Grabfeld, Rettungshubschrauber;2026-07-30T08:50:37+02:00;2026-07-30T08:50:37+02:00;;dpa Thüringen;false
bb0641d50da89cba1b8fa9561fc9d9cccff1e774f67788e0636996cb56cd25a2;Shell verdient dank hoher Öl- und Gaspreise weiter kräftig;https://www.zeit.de/news/2026-07/30/shell-verdient-dank-hoher-oel-und-gaspreise-weiter-kraeftig;Hier finden Sie Informationen zu dem Thema „Hohe Energiepreise“. Lesen Sie jetzt „Shell verdient dank hoher Öl- und Gaspreise weiter kräftig“.;Hohe Energiepreise;News, Hohe Energiepreise, Shell, Gaspreis, Energiekosten;2026-07-30T08:50:27+02:00;2026-07-30T08:50:27+02:00;;dpa;false
d547cb219504b2f45fe649b40a31d9daf66034f87b651daaef169d03af985fc3;Feuer zerstört Ballenpresse und Feldhäcksler – hoher Schaden;https://www.zeit.de/news/2026-07/30/feuer-zerstoert-ballenpresse-und-feldhaecksler-hoher-schaden;Hier finden Sie Informationen zu dem Thema „Brand“. Lesen Sie jetzt „Feuer zerstört Ballenpresse und Feldhäcksler – hoher Schaden“.;Brand;News, Brand, Landkreis Osnabrück, Ballenpresse, Feldhäcksler;2026-07-30T08:45:17+02:00;2026-07-30T08:45:17+02:00;;dpa Niedersachsen;false
df64384b69538893468d06e722e2e77a29384e3d078e22a9b8589913e89c90c9;Ein Verletzter nach Unfall nahe B68;https://www.zeit.de/news/2026-07/30/ein-verletzter-nach-unfall-nahe-b68;Hier finden Sie Informationen zu dem Thema „Unfälle“. Lesen Sie jetzt „Ein Verletzter nach Unfall nahe B68“.;Unfälle;News, Unfälle, Lechterke, Landkreis Osnabrück, Unfall, Auto;2026-07-30T08:45:05+02:00;2026-07-30T08:45:05+02:00;;dpa Niedersachsen;false
bf3acba2f92f9cb191dd4b7f4aa42e0d9d06cb9face767ec95502202656e49a4;Integrationsbeauftragte: Queerfeindlichkeit weit verbreitet;https://www.zeit.de/news/2026-07/30/integrationsbeauftragte-queerfeindlichkeit-weit-verbreitet;Hier finden Sie Informationen zu dem Thema „Nach Anschlag am Rande des CSD“. Lesen Sie jetzt „Integrationsbeauftragte: Queerfeindlichkeit weit verbreitet“.;Nach Anschlag am Rande des CSD;News, Nach Anschlag am Rande des CSD, Güner Balcı, Berlin, Neukölln, Queerfeindlichkeit, Familie, Homosexualität;2026-07-30T08:42:10+02:00;2026-07-30T08:42:10+02:00;;dpa Berlin/Brandenburg;false
5ebae0a2cc00301571dbf36bb080cde9f964a0bd35775b03ef105e46d10597b7;Elton ist von Musical-Auftritt «angefixt» und gibt Zugaben;https://www.zeit.de/news/2026-07/30/elton-ist-von-musical-auftritt-angefixt-und-gibt-zugaben;Hier finden Sie Informationen zu dem Thema „Moderator auf der Bühne“. Lesen Sie jetzt „Elton ist von Musical-Auftritt «angefixt» und gibt Zugaben“.;Moderator auf der Bühne;News, Moderator auf der Bühne, Elton, Zugabe;2026-07-30T08:36:05+02:00;2026-07-30T08:36:05+02:00;;dpa Hamburg/Schleswig-Holstein;false
190f83b42ec7b6f4f403fb68d8e8309df0d435d1d046b1726f78b46c2a5b2f6a;Reisig und Anhänger brennen – A6 stundenlang gesperrt;https://www.zeit.de/news/2026-07/30/reisig-und-anhaenger-brennen-a6-stundenlang-gesperrt;Hier finden Sie Informationen zu dem Thema „Feuer nahe Autobahn“. Lesen Sie jetzt „Reisig und Anhänger brennen – A6 stundenlang gesperrt“.;Feuer nahe Autobahn;News, Feuer nahe Autobahn, Heilbronn, Erlenbach, Polizei, Feuerwehr, Flächenbrand, Autobahn;2026-07-30T08:35:58+02:00;2026-07-30T08:35:58+02:00;;dpa Baden-Württemberg;false
29f34901feab641d713be6d2ddc616e5cc8e299f70a85764d2095e38d448cd24;Union lehnt Absenkung der Fünf-Prozent-Hürde ab;https://www.zeit.de/politik/deutschland/2026-07/fuenf-prozent-huerde-wahlen-deutschland-streit;Die Union im Bundestag weist den Vorschlag, die Sperrklausel für Bundes- und Landtagswahlen abzusenken, zurück. Unterstützung für die Idee kommt hingegen von der Linken.;Wahlrecht;Politik, Wahlrecht, Deutscher Bundestag, CSU, CDU, Die Linke, Hans-Jürgen Papier, SPD;2026-07-30T08:32:52+02:00;2026-07-30T08:32:52+02:00;vspmga;DIE ZEIT,        dpa,        							vsp					,        							mga;false
b92d8140dd53b81910f1e0fe1051f70e084e92ddcb4907061ff33bbb6d434097;Krischer: Bauprojekte in NRW müssen Priorität bekommen;https://www.zeit.de/news/2026-07/30/krischer-bauprojekte-in-nrw-muessen-prioritaet-bekommen;Hier finden Sie Informationen zu dem Thema „Forderung an Bundesregierung“. Lesen Sie jetzt „Krischer: Bauprojekte in NRW müssen Priorität bekommen“.;Forderung an Bundesregierung;News, Forderung an Bundesregierung, Oliver Krischer, Steffen Bilger, Patrick Schnieder, Volker Wissing, NRW, Nordrhein-Westfalen, Bundesregierung, CDU, Bauprojekt, Priorität;2026-07-30T08:28:07+02:00;2026-07-30T08:28:07+02:00;;dpa Nordrhein-Westfalen;false
ab2009ae885575b17586fa4dba9f3f754695521776eae17ea0d8b72a79b17530;BMW meldet Gewinn-Einbruch um mehr als ein Drittel;https://www.zeit.de/wirtschaft/unternehmen/2026-07/bmw-meldet-gewinn-einbruch-um-mehr-als-ein-drittel-gxe;Bei BMW ist der Gewinn drastisch zurückgegangen. Im vergangenen Quartal verdiente der Autohersteller sogar mehr mit seinen Finanzdienstleistungen als mit Autos.;Autohersteller;Wirtschaft, Autohersteller, BMW, Umsatz, Autoindustrie, Stellenabbau, Autohersteller;2026-07-30T08:19:33+02:00;2026-07-30T08:19:33+02:00;iyf;DIE ZEIT,        dpa,        							iyf;false
634b35e555701a90bb0fe14ae39e39396e32ddc20b2d6c151dd288cc65839f9c;39 kühle Tipps für 39 Grad mit Kindern;https://www.zeit.de/familie/2026-07/hitze-kinder-tipps-abkuehlung-wetter;Was tun mit der Familie, wenn es heiß wird – außer zu schwitzen und in den Baggersee zu springen? Wir haben einige Ideen gesammelt. Die meisten kosten fast nichts.;"Z+ (abopflichtiger Inhalt);
        
    Hitzewelle";Familie, Hitzewelle , Hitzewelle, Kinder, Hitzerekord, Hitze, Familie, Lebensmittel;2026-07-30T08:18:03+02:00;2026-07-30T08:18:03+02:00;;;false
9b6064df5c6d040d69f8175cef024e7a1efda8291e5fb429e7dbb1eb1bd0232e;VW-Rivale Stellantis auf Weg der Besserung;https://www.zeit.de/news/2026-07/30/vw-rivale-stellantis-auf-weg-der-besserung;Hier finden Sie Informationen zu dem Thema „Auto-Industrie“. Lesen Sie jetzt „VW-Rivale Stellantis auf Weg der Besserung“.;Auto-Industrie;News, Auto-Industrie, Amsterdam, VW, Stellanti, Opel, Besserung, Umsatz, Autokonzern, Auto, Krise;2026-07-30T08:14:25+02:00;2026-07-30T08:14:25+02:00;;dpa;false
a78280169877f648379eb9adbb01015dcfa3780d7797033a18ccc2a6df69742b;Die Rückkehr der Techno-Parade nach Berlin;https://www.zeit.de/news/2026-07/30/die-rueckkehr-der-techno-parade-nach-berlin;Hier finden Sie Informationen zu dem Thema „Dokumentation“. Lesen Sie jetzt „Die Rückkehr der Techno-Parade nach Berlin“.;Dokumentation;News, Dokumentation, Ellen Dosch-Roeingh, Britta Mischer, Matthias Roeingh, Dr. Motte, Berlin, Duisburg, BER, ARD, Loveparade, Technoparade;2026-07-30T08:03:08+02:00;2026-07-30T08:03:08+02:00;;dpa Berlin/Brandenburg;false
9f921ada824884fde1e2459772b6ac04f1505c1917288df9b7361a9926ed1237;Die Menschheit hat die Ressourcen für dieses Jahr aufgebraucht;https://www.zeit.de/gesellschaft/zeitgeschehen/2026-07/erdueberlastungstag-global-footprint-network-wwf-rohstoffe-gxe;Der heutige Donnerstag ist der sogenannte Erdüberlastungstag. Bis Jahresende verbraucht die Menschheit Ressourcen, die nicht ausreichend schnell erneuert werden können.;Erdüberlastungstag;Gesellschaft, Erdüberlastungstag, Rohstoff, Umweltschutz, Klimawandel, CO2;2026-07-30T08:01:29+02:00;2026-07-30T08:01:29+02:00;ale;DIE ZEIT,        dpa,        KNA,        							ale;false
4c2f37f3a1d2b515477274e534751c1d3d5d0f391917db831740733f88566f95;Großbrand in Recyclingbetrieb gelöscht – Ursache noch unklar;https://www.zeit.de/news/2026-07/30/grossbrand-in-recyclingbetrieb-geloescht-ursache-noch-unklar;Hier finden Sie Informationen zu dem Thema „Brände“. Lesen Sie jetzt „Großbrand in Recyclingbetrieb gelöscht – Ursache noch unklar“.;Brände;News, Brände, Neunkirchen, Feuerwehr, Recyclingbetrieb, Großbrand, Druckbehälter, Industriehalle, Spraydose, Brand;2026-07-30T08:00:52+02:00;2026-07-30T08:00:52+02:00;;dpa Rheinland-Pfalz/Saarland;false
a50e82fd2259e31ad4f8a56951307e81dbfb79b246e5c99c06a8d80226a271e8;Geringe Schäden durch Naturkatastrophen im ersten Halbjahr;https://www.zeit.de/news/2026-07/30/geringe-schaeden-durch-naturkatastrophen-im-ersten-halbjahr;Hier finden Sie Informationen zu dem Thema „Stürme, Erdbeben, Fluten“. Lesen Sie jetzt „Geringe Schäden durch Naturkatastrophen im ersten Halbjahr“.;Stürme, Erdbeben, Fluten;News, Stürme, Erdbeben, Fluten, Tobias Grimm, Ostasien, Europa, USA, Munich Re, Taifun, Naturkatastrophe, Erdbeben, Überschwemmung, Dax;2026-07-30T08:00:05+02:00;2026-07-30T08:00:05+02:00;;dpa;false
1821bd86af11ba98b318a79391bff6095f05151163007e030db99666aa675b5a;Feuer auf Bauernhof – 15 tote Rinder und Millionenschaden;https://www.zeit.de/news/2026-07/30/feuer-auf-bauernhof-15-tote-rinder-und-millionenschaden;Hier finden Sie Informationen zu dem Thema „Sechs Feuerwehrleute verletzt“. Lesen Sie jetzt „Feuer auf Bauernhof – 15 tote Rinder und Millionenschaden“.;Sechs Feuerwehrleute verletzt;News, Sechs Feuerwehrleute verletzt, Oberpfalz, Polizei, Feuerwehr, Millionenschaden, Bauernhof, Großbrand;2026-07-30T07:59:39+02:00;2026-07-30T07:59:39+02:00;;dpa Bayern;false
61caec4b717416172d6911bec0ca0920fb281450ff5d1ffa158929bd5ef43a03;Brände, Hitze und vor allem unsere Ignoranz machen mich fassungslos;https://www.zeit.de/politik/deutschland/2026-07/hitzewelle-europa-waldbraende-praevention-untergang;Immer schneller folgt eine Umweltkatastrophe der nächsten. Warum verlangen wir nicht lauter, dass Regierung und Parteien den Schutz der Natur zur Chefsache machen?;"Z+ (abopflichtiger Inhalt);
        
    Hitzewelle in Europa";Politik, Hitzewelle in Europa, Waldbrand, Hitzewelle, Brand, Hitze, Europa, Spanien, Afrika;2026-07-30T07:55:17+02:00;2026-07-30T07:55:17+02:00;Petra Pinzler;;false
a292332b03811e88cc7c3c0b654a024567a9731399910577112636eb4cef9951;Auf Hitze folgt Gewitter und Temperatursturz;https://www.zeit.de/news/2026-07/30/auf-hitze-folgt-gewitter-und-temperatursturz;Hier finden Sie Informationen zu dem Thema „Wettervorhersage“. Lesen Sie jetzt „Auf Hitze folgt Gewitter und Temperatursturz“.;Wettervorhersage;News, Wettervorhersage, Nordrhein-Westfalen, DWD, Temperatursturz, Gewitter, Wettervorhersage, Hitze;2026-07-30T07:53:45+02:00;2026-07-30T07:53:45+02:00;;dpa Nordrhein-Westfalen;false
049eb6af95b8fc608847e5620df5f2b79a3f9e5fa906426d79322b6834104cb8;Voigt: Lebensumstände im Osten bei Reformen berücksichtigen;https://www.zeit.de/news/2026-07/30/voigt-lebensumstaende-im-osten-bei-reformen-beruecksichtigen;Hier finden Sie Informationen zu dem Thema „Sozialreformen“. Lesen Sie jetzt „Voigt: Lebensumstände im Osten bei Reformen berücksichtigen“.;Sozialreformen;News, Sozialreformen, Mario Voigt, Ostdeutschland, Sachsen-Anhalt, MDR, Bundesregierung, CDU, Lebensumstand, Sozialreform, Rente;2026-07-30T07:47:11+02:00;2026-07-30T07:47:11+02:00;;dpa Sachsen;false
da3c61ec97c96d71b50d7921c0c13cf4a2144e79620cebe45255df5372076498;Gewitter und Sturmböen begleiten sommerliche Hitze;https://www.zeit.de/news/2026-07/30/gewitter-und-sturmboeen-begleiten-sommerliche-hitze;Hier finden Sie Informationen zu dem Thema „Wetter“. Lesen Sie jetzt „Gewitter und Sturmböen begleiten sommerliche Hitze“.;Wetter;News, Wetter, Hamburg, Schleswig-Holstein, Mecklenburg-Vorpommern, DWD, Sturmböe, Gewitter, Hitze, Wetter, Unwetter;2026-07-30T07:36:32+02:00;2026-07-30T07:36:32+02:00;;dpa Hamburg/Schleswig-Holstein;false
d47ffe5216ca637f0dab1d3762f61c98f4eec682bad847bd23395e27d632ffad;Amazon baut Standort Pforzheim aus und verdoppelt die Stellen;https://www.zeit.de/wirtschaft/2026-07/amazon-pforzheim-ausbau-investition-arbeitsplaetze-gxe;In Pforzheim soll der Standort von Amazon deutlich vergrößert werden. Künftig sollen dort mehr als 2.000 Menschen arbeiten. ;Onlinehandel;Wirtschaft, Onlinehandel, Amazon, Pforzheim, Arbeitsplatz, Baden-Württemberg, Arbeitsmarkt;2026-07-30T07:28:35+02:00;2026-07-30T07:28:35+02:00;iyf;DIE ZEIT,        dpa,        							iyf;false
23cff2fd5453fa6dd08999a7dbd4a26e711a6134eb83932a160155f83b4315b9;Technoparade «Zug der Liebe» abgesagt;https://www.zeit.de/news/2026-07/30/technoparade-zug-der-liebe-abgesagt;Hier finden Sie Informationen zu dem Thema „Nach Anschlag am Rande des CSD“. Lesen Sie jetzt „Technoparade «Zug der Liebe» abgesagt“.;Nach Anschlag am Rande des CSD;News, Nach Anschlag am Rande des CSD, Berlin, RBB, Technoparade, Christopher Street Day, Anschlag, Liebe;2026-07-30T07:16:25+02:00;2026-07-30T07:16:25+02:00;;dpa Berlin/Brandenburg;false
017a3733ff040f17b3e5786c7c739658ce016ed85afac302903fe0a4cbcc1ec5;Motorradfahrer stirbt nach Unfall bei Neubrandenburg;https://www.zeit.de/news/2026-07/30/motorradfahrer-stirbt-nach-unfall-bei-neubrandenburg;Hier finden Sie Informationen zu dem Thema „Unfälle“. Lesen Sie jetzt „Motorradfahrer stirbt nach Unfall bei Neubrandenburg“.;Unfälle;News, Unfälle, Neubrandenburg, Unfall, Überholmanöver;2026-07-30T07:00:20+02:00;2026-07-30T07:00:20+02:00;;dpa Mecklenburg-Vorpommern;false
68697daf1c18fc5e11fb033983398e24d440e4ae1940942157c87e03edbc6aa7;Suppe, Mafia und bemalte Beine: Acht Fakten zu Paul Anka;https://www.zeit.de/news/2026-07/30/suppe-mafia-und-bemalte-beine-acht-fakten-zu-paul-anka;Hier finden Sie Informationen zu dem Thema „Weltstar Anka wird 85“. Lesen Sie jetzt „Suppe, Mafia und bemalte Beine: Acht Fakten zu Paul Anka“.;Weltstar Anka wird 85;News, Weltstar Anka wird 85, Paul Anka, Frank Sinatra, Tom Jones, Ottawa, New York, Mafia, Teenager;2026-07-30T07:00:08+02:00;2026-07-30T07:00:08+02:00;;dpa;false
501ddec39966d32b2d78f33abb705d6620406d66d9dbad5420ecf4a69dbf1021;Was wir über Gianni Infantinos WM-Plan wissen;https://www.zeit.de/sport/2026-07/fussball-fifa-gianni-infantino-ffe-tochter-was-bedeutet-der-plan-gxe;Fifa-Chef Gianni Infantino will eine Tochtergesellschaft gründen und Investoren an der Fußball-WM beteiligen. Was bedeutet das und wie reagieren die Mitgliedsverbände?;Fußball;Sport, Fußball, Gianni Infantino, Fifa, Fußball-WM, Fußball, Uefa, Deutscher Fußball-Bund;2026-07-30T06:58:07+02:00;2026-07-30T06:58:07+02:00;Julica Jungehülsing;;false
bdee01d2eab85a9dc3ba7f7f8226b570f041f6b6b540a3ece09add8334fec50d;Japans Regierung meldet 28 Tote nach Erdbeben;https://www.zeit.de/news/2026-07/30/japans-regierung-meldet-28-tote-nach-erdbeben;Hier finden Sie Informationen zu dem Thema „Kumamoto-Erdbeben“. Lesen Sie jetzt „Japans Regierung meldet 28 Tote nach Erdbeben“.;Kumamoto-Erdbeben;News, Kumamoto-Erdbeben, Japan, Kumamoto, Polizei, Südwesten, Erdbeben;2026-07-30T06:54:55+02:00;2026-07-30T06:54:55+02:00;;dpa;false
9a17892576b419157a5f9c261bb61eddd36b4a2e547a8e8f63d1fec8a6b5793b;Städtetag fordert vor Hitzetagen Mittel für Klimaanpassung;https://www.zeit.de/gesellschaft/zeitgeschehen/2026-07/deutscher-staedtetag-klimaanpassung-hitze-finanzierung-kommunen-gxe;Ganz Deutschland drohen heute erneut Temperaturen bis zu 39 Grad. Die Kommunen verlangen »existenzielle« Milliardeninvestitionen, um sich gegen die Dauerhitze zu wappnen.;Deutscher Städtetag;Gesellschaft, Deutscher Städtetag, Hitzewelle, Hitze, Finanzen, DWD, Klimawandel, Wetter;2026-07-30T06:54:28+02:00;2026-07-30T06:54:28+02:00;ale;DIE ZEIT,        AFP,        KNA,        dpa,        							ale;false
0b7c64a3a2cf578a85b996e86d83b404f08dc2d2ca4ed05e029ad03c81d1713d;Digitalisierung in Krankenhäusern macht Fortschritte;https://www.zeit.de/news/2026-07/30/digitalisierung-in-krankenhaeusern-macht-fortschritte;Hier finden Sie Informationen zu dem Thema „Krankenhäuser“. Lesen Sie jetzt „Digitalisierung in Krankenhäusern macht Fortschritte“.;Krankenhäuser;News, Krankenhäuser, Sachsen, Berlin, Bundesgesundheitsministerium, TKK, Fortschritt, Krankenhauslandschaft, Digitalradar, Ranking, Digitalisierung;2026-07-30T06:52:59+02:00;2026-07-30T06:52:59+02:00;;dpa Sachsen;false
431478a5ca2cbf45dfc27d67fb495842c38bb15105bde9c0344d61ef53ef9e1b;USA geben Mittel für internationale Impfallianz frei;https://www.zeit.de/politik/ausland/2026-07/gavi-impfallianz-usa-robert-f-kennedy-jr-thiomersal-gxe;Die US-Regierung hat 600 Millionen US-Dollar für die Unterstützung ärmerer Länder bei Impfungen freigegeben. Das Geld macht sie von einer Bedingung abhängig.;Impfallianz Gavi;Politik, Impfallianz Gavi, Impfung, Donald Trump, Masern, Außenpolitik, USA;2026-07-30T06:49:20+02:00;2026-07-30T06:49:20+02:00;iyf;DIE ZEIT,        Reuters,        							iyf;false
e52aa7e000e627a32ba46bbb1cf26098e2cf00df2243d15565da782e9e0296ae;Fußgänger läuft über A60 und wird von Lkw erfasst;https://www.zeit.de/news/2026-07/30/fussgaenger-laeuft-ueber-a60-und-wird-von-lkw-erfasst;Hier finden Sie Informationen zu dem Thema „Lebensgefährlich verletzt“. Lesen Sie jetzt „Fußgänger läuft über A60 und wird von Lkw erfasst“.;Lebensgefährlich verletzt;News, Lebensgefährlich verletzt, Rüsselsheim, Polizei;2026-07-30T06:47:10+02:00;2026-07-30T06:47:10+02:00;;dpa Hessen;false
c3a65be03053ebb0b9957f60953e327fefc86ab54c5e2ef563d147dd97df5046;USA beenden erste Angriffsserie auf den Iran seit knapp einer Woche;https://www.zeit.de/politik/ausland/2026-05/iran-krieg-donald-trump-hormus-live;Die Angriffe seien eine Vergeltung für versuchte Attacken des Iran auf einen US-Stützpunkt in Jordanien. Auf der Insel Keschm waren Explosionen zu hören. Das Liveblog;Liveblog:                     Irankrieg;Politik, Irankrieg, USA, Donald Trump, Iran, Israel, Atomabkommen, Nahost, Militär;2026-07-31T11:28:31+00:00;2026-07-31T11:28:31+00:00;Jana TrietschAnnika BenzingIven Yorick Fenker;;false
bc28c8a1324b61fff13344931c3385719c4645d042cba45650ee60829c1273e3;Gericht verurteilt Attentäter von Salman Rushdie wegen Terrorismus;https://www.zeit.de/gesellschaft/zeitgeschehen/2026-07/hadi-matar-salman-rushdie-attentat-terrorismus-hisbollah-usa-gxe;Der Messerangreifer verbüßt bereits eine 25-jährige Haftstrafe. Nun sprach ihn ein US-Bundesgericht auch wegen Terrorismus schuldig. Das dürfte die Strafe weiter erhöhen.;USA;Gesellschaft, USA, Salman Rushdie, Justizministerium der Vereinigten Staaten, Terrorismus, Autor, Iran, USA;2026-07-30T06:39:37+02:00;2026-07-30T06:39:37+02:00;jtr;DIE ZEIT,        dpa,        AFP,        							jtr;false
79e079667c824ba7f315bb779434bf9753202d1bda5e68ea3ad3e76c69410a07;Radfahrer bei Unfall schwer verletzt – Autofahrer flüchtet;https://www.zeit.de/news/2026-07/30/radfahrer-bei-unfall-schwer-verletzt-autofahrer-fluechtet;Hier finden Sie Informationen zu dem Thema „Unfälle“. Lesen Sie jetzt „Radfahrer bei Unfall schwer verletzt – Autofahrer flüchtet“.;Unfälle;News, Unfälle, Unfall, Auto;2026-07-30T06:31:50+02:00;2026-07-30T06:31:50+02:00;;dpa Niedersachsen;false
56ea4390a37fff7005d8402514728bf70f3812e5ed34567f95c333ccec850aa5;Umfrage: AfD weiter deutlich vor CDU in Sachsen-Anhalt;https://www.zeit.de/news/2026-07/30/umfrage-afd-weiter-deutlich-vor-cdu-in-sachsen-anhalt;Hier finden Sie Informationen zu dem Thema „Landtagswahl“. Lesen Sie jetzt „Umfrage: AfD weiter deutlich vor CDU in Sachsen-Anhalt“.;Landtagswahl;News, Landtagswahl, Sven Schulze, Sachsen-Anhalt, MDR, FDP, Alternative für Deutschland, CDU, Infratest dimap, WDR, Mitteldeutsche Zeitung, SPD;2026-07-30T06:15:57+02:00;2026-07-30T06:15:57+02:00;;dpa Sachsen;false
edf3006c15aac442854a6e53538be1bc03f2c2a65479ae944e6ba53270c310d8;3.700-Tonnen-Brücke rollt durchs Herz von Hamburg;https://www.zeit.de/news/2026-07/30/3-700-tonnen-bruecke-rollt-durchs-herz-von-hamburg;Hier finden Sie Informationen zu dem Thema „Neue Sternbrücke“. Lesen Sie jetzt „3.700-Tonnen-Brücke rollt durchs Herz von Hamburg“.;Neue Sternbrücke;News, Neue Sternbrücke, Janna Widmaier, Hamburg, Max-Brauer-Allee, Deutsche Bahn, Sternbrücke, Einbauort, Transport;2026-07-30T06:15:04+02:00;2026-07-30T06:15:04+02:00;;dpa Hamburg/Schleswig-Holstein;false
59c413b185efab088095e2805d339808d62cc2025c1251597302a525a02ff895;US-Vergeltung nach Irans Angriff - Wie macht Trump weiter?;https://www.zeit.de/news/2026-07/30/us-militaer-meldet-neue-angriffe-gegen-iran;Hier finden Sie Informationen zu dem Thema „Lage im Überblick“. Lesen Sie jetzt „US-Vergeltung nach Irans Angriff - Wie macht Trump weiter?“.;Lage im Überblick;News, Lage im Überblick, Donald Trump, Iran, Nahost, Jordanien, US-Militär, United States Central Command, X, Angriff, Attacke;2026-07-30T06:14:32+02:00;2026-07-30T06:14:32+02:00;;dpa;false
f7dd14e49510b30fbed17f8ff6b748b5c380d6698936bc9769d43b3eb14e4aec;Höhepunkt der Hitzewelle erwartet;https://www.zeit.de/news/2026-07/30/hoehepunkt-der-hitzewelle-erwartet;Hier finden Sie Informationen zu dem Thema „Wettervorschau“. Lesen Sie jetzt „Höhepunkt der Hitzewelle erwartet“.;Wettervorschau;News, Wettervorschau, Donau, Alpen, DWD, Wettervorschau, Freistaat, Hitzewelle, Hitze;2026-07-30T06:10:07+02:00;2026-07-30T06:10:07+02:00;;dpa Bayern;false
e5a146178373ae50c742a3d71bca43deffcf17070b161a7af4db267419a563e3;Bitte etwas kühler!;https://www.zeit.de/wissenschaft/2026-07/klimaanlage-technologie-waermepumpe-privathaushalt-bueros;An der Notwendigkeit von Klimaanlagen dürfte auch hierzulande mittlerweile niemand mehr zweifeln. Das Gute: Insbesondere für öffentliche Gebäude gibt es neue Lösungen.;"Z+ (abopflichtiger Inhalt);
        
    Klimaanlage";Wissenschaft, Klimaanlage, Wärmepumpe, Wetter, Hitze, Hitzewelle;2026-07-30T06:06:03+02:00;2026-07-30T06:06:03+02:00;Dr. Dirk Asendorpf;;false
3044e050dadd32f86c479c61014120560aedf726c09e05d86df7d3d0cd8b5350;Auto erfasst Elfjährigen auf E-Scooter - Fahrer flüchtet;https://www.zeit.de/news/2026-07/30/auto-erfasst-elfjaehrigen-auf-e-scooter-fahrer-fluechtet;Hier finden Sie Informationen zu dem Thema „Fahrerflucht“. Lesen Sie jetzt „Auto erfasst Elfjährigen auf E-Scooter - Fahrer flüchtet“.;Fahrerflucht;News, Fahrerflucht, Worms, Polizei, Fahrerflucht, Auto, E-Scooter;2026-07-30T06:05:04+02:00;2026-07-30T06:05:04+02:00;;dpa Rheinland-Pfalz/Saarland;false
ee3c073b45733c25f25fbe28ad0fea656d61972b4c8620aeb2c0c7a2b171923b;AfD-Bewerber ausgeschlossen – Streit um Verfassungstreue;https://www.zeit.de/news/2026-07/30/afd-bewerber-ausgeschlossen-streit-um-verfassungstreue;Hier finden Sie Informationen zu dem Thema „Kommunalwahl in Niedersachsen“. Lesen Sie jetzt „AfD-Bewerber ausgeschlossen – Streit um Verfassungstreue“.;Kommunalwahl in Niedersachsen;News, Kommunalwahl in Niedersachsen, Stephan Bothe, Justin Vogel, Eugen Nazarenus, Hans Michael Heinig, Volker Boehme-Neßler, Niedersachsen, Alternative für Deutschland, Innenministerium, Verfassungsschutz, Kommunalwahl;2026-07-30T06:00:08+02:00;2026-07-30T06:00:08+02:00;;dpa Niedersachsen;false
9d7447ecbdc9f20b21d6ac8170d4a279649e928b2029aa8d1f398efa693bd9bf;Ah, jetzt, ja! Eine Insel(-ausgabe)!;https://www.zeit.de/hamburg/2026-07/elbvertiefung-30-07-2026;Die Elbvertiefung am Donnerstag – Mit verstärkten Sicherheitsmaßnahmen für CSD-Demo, manipulierbaren Brillen, Blitzer-Verschwörungen und neuem Ärger für Christina Block;Elbvertiefung: Der tägliche Newsletter aus Hamburg;Hamburg, Elbvertiefung: Der tägliche Newsletter aus Hamburg, Christina Block, Ner Menge, Annika Lasarzik, Oskar Piegsa, Söhnke Callsen, Stephan Hensel, Ingo Bott, Frauke Brosius-Gersdorf, Manuel Opitz, Viola Diem;2026-07-30T06:00:07+02:00;2026-07-30T06:00:07+02:00;Viola Diem;;false
ee7a624b75fce5438e51f07e527bade0ba438a5587dbd5ed89047fa5358dd08a;Hoher Schaden nach Brand am Marktplatz von Lauterbach;https://www.zeit.de/news/2026-07/30/hoher-schaden-nach-brand-am-marktplatz-von-lauterbach;Hier finden Sie Informationen zu dem Thema „Fünf Häuser beschädigt“. Lesen Sie jetzt „Hoher Schaden nach Brand am Marktplatz von Lauterbach“.;Fünf Häuser beschädigt;News, Fünf Häuser beschädigt, Lauterbach, Hoher Schaden, Hessen, Feuerwehr, Marktplatz, Fachwerkhaus;2026-07-30T05:44:37+02:00;2026-07-30T05:44:37+02:00;;dpa;false
ae65b2b826f81a52b69a154856893b066de53c03e2baa16f97a2c6f91af44a9c;Zwei Menschen aus brennendem Haus gerettet;https://www.zeit.de/news/2026-07/30/zwei-menschen-aus-brennendem-haus-gerettet;Hier finden Sie Informationen zu dem Thema „Dachgeschossbrand“. Lesen Sie jetzt „Zwei Menschen aus brennendem Haus gerettet“.;Dachgeschossbrand;News, Dachgeschossbrand, Hannover, Lehrte, Feuerwehr, Dachgeschossbrand, Einsatzkraft;2026-07-30T05:32:36+02:00;2026-07-30T05:32:36+02:00;;dpa Niedersachsen;false
c72a656612abc58d8f211dd681ecb9b227fcdd0bd53c7fe703678ea312a5bc71;Alle wollen es grün - trotzdem hat der Gartenbau Probleme;https://www.zeit.de/news/2026-07/30/alle-wollen-es-gruen-trotzdem-hat-der-gartenbau-probleme;Hier finden Sie Informationen zu dem Thema „Gärtnern“. Lesen Sie jetzt „Alle wollen es grün - trotzdem hat der Gartenbau Probleme“.;Gärtnern;News, Gärtnern, Joachim Lissner, Peter Ritschel, Pößneck, Ostthüringen, Andisleben, Erfurt, Thüringen, YouTube, Staudenbeet, Steppensalbei;2026-07-30T05:30:06+02:00;2026-07-30T05:30:06+02:00;;dpa Thüringen;false
b605faf1d599cef5fb5d88569d1bbb538a5de35ee358442a57e0639d1237f4be;Sperrungen am Kreuz Duisburg für Neubau der Berliner Brücke;https://www.zeit.de/news/2026-07/30/sperrungen-am-kreuz-duisburg-fuer-neubau-der-berliner-bruecke;Hier finden Sie Informationen zu dem Thema „Verkehr“. Lesen Sie jetzt „Sperrungen am Kreuz Duisburg für Neubau der Berliner Brücke“.;Verkehr;News, Verkehr, Berliner Brücke, Duisburg, Sperrung, Neubau, Autobahnkreuz, Verkehrsbehinderung, Verkehr;2026-07-30T05:30:04+02:00;2026-07-30T05:30:04+02:00;;dpa Nordrhein-Westfalen;false
0d6489cd52d3369a4509c269de6e4a2b260f784dcf4c0b3859e246e9f621f63d;Bricht in Europa ein Feuerzeitalter an?;https://www.zeit.de/wissenschaft/umwelt/2026-07/hitzewelle-europa-waldbrand-feuer-spanien-frankreich;Ein Feuersturm in Bordeaux, Großbrände in Spanien: In einigen Weltregionen drohen mehr Megafeuer als früher. Womit Europa und Deutschland künftig rechnen müssen. ;"Z+ (abopflichtiger Inhalt);
        
    Hitzewelle";Wissenschaft, Hitzewelle, Waldbrand, Frankreich, Spanien, Klimawandel, Hitzewelle, Europa;2026-07-30T05:26:05+02:00;2026-07-30T05:26:05+02:00;Elena ErdmannBenja Zehr;;false
8190fd1365e3bef5575b18d602390b732c0522e577bdc720027c5689c1d8a65b;Singapur: Franzose wegen Trinkhalm-Streichs verurteilt;https://www.zeit.de/news/2026-07/30/singapur-franzose-wegen-trinkhalm-streichs-verurteilt;Hier finden Sie Informationen zu dem Thema „Internetaktion mit Folgen“. Lesen Sie jetzt „Singapur: Franzose wegen Trinkhalm-Streichs verurteilt“.;Internetaktion mit Folgen;News, Internetaktion mit Folgen, Singapur, Straits Times, Internetaktion, Internetstreich, Trinkhalm, Ordnung, Automat;2026-07-30T05:13:56+02:00;2026-07-30T05:13:56+02:00;;dpa;false
28cac359273144ce8b79484f1ae1af0bd1d1a21284bc3f0431fccfd0c95d131b;Seehund in Sicht - Was sollte man dann tun und was nicht?;https://www.zeit.de/news/2026-07/30/seehund-in-sicht-was-sollte-man-dann-tun-und-was-nicht;Hier finden Sie Informationen zu dem Thema „Robben im Wattenmeer“. Lesen Sie jetzt „Seehund in Sicht - Was sollte man dann tun und was nicht?“.;Robben im Wattenmeer;News, Robben im Wattenmeer, Nordsee, Friedrichskoog, Schleswig-Holstein, Norddeich, Hamburg, Wattenmeer, Niedersachsen, Polizei, Seehundstation Friedrichskoog, Deutsche Presse-Agentur;2026-07-30T05:13:05+02:00;2026-07-30T05:13:05+02:00;;dpa Hamburg/Schleswig-Holstein;false
d0f5b796e6209f804953837fb05e10f0410017522c642017538dc9643e936737;Senatorin fordert von Merz Einsatz gegen Queerfeindlichkeit;https://www.zeit.de/news/2026-07/30/senatorin-fordert-von-merz-einsatz-gegen-queerfeindlichkeit;Hier finden Sie Informationen zu dem Thema „Diskussion nach dem Anschlag“. Lesen Sie jetzt „Senatorin fordert von Merz Einsatz gegen Queerfeindlichkeit“.;Diskussion nach dem Anschlag;News, Diskussion nach dem Anschlag, Cansel Kiziltepe, Friedrich Merz, Berlin, CDU, SPD, Christopher Street Day, Antidiskriminierung, Queerfeindlichkeit, Sondersitzung;2026-07-30T05:05:04+02:00;2026-07-30T05:05:04+02:00;;dpa Berlin/Brandenburg;false
196f579542b5c46f177c414ca359b978d44ad5bbe1a484b14c1f2102d389cd30;Bahn macht erstmals seit sieben Jahren Gewinn;https://www.zeit.de/wirtschaft/unternehmen/2026-07/deutsche-bahn-gewinn-halbjahreszahlen-evelyn-palla-passagierrekord-gxe;Die Deutsche Bahn hat in den ersten sechs Monaten einen Überschuss im dreistelligen Millionenbereich erzielt. Die Halbjahresbilanz nennt außerdem einen Passagierrekord.;Deutsche Bahn;Wirtschaft, Deutsche Bahn, Deutsche Bahn, Umsatz, Evelyn Palla, Fernverkehr, Verkehr;2026-07-30T05:04:17+02:00;2026-07-30T05:04:17+02:00;jtr;DIE ZEIT,        dpa,        AFP,        							jtr;false
00350fcfcfa857bd310dbc35bf3637bd80d85bd84e919d8c285b76fb2c3a3f0b;Wie NRW illegalen Handel mit Nikotinbeuteln eindämmen will;https://www.zeit.de/news/2026-07/30/wie-nrw-illegalen-handel-mit-nikotinbeuteln-eindaemmen-will;Hier finden Sie Informationen zu dem Thema „Scheinbar harmlose Versuchung“. Lesen Sie jetzt „Wie NRW illegalen Handel mit Nikotinbeuteln eindämmen will“.;Scheinbar harmlose Versuchung;News, Scheinbar harmlose Versuchung, NRW, Nordrhein-Westfalen, Düsseldorf, Europäische Union, Nikotinbeutel, Verbraucherschutzschutzministerium, Kontrollmöglichkeit, Versuchung, Nikotin, Tabak;2026-07-30T05:00:27+02:00;2026-07-30T05:00:27+02:00;;dpa Nordrhein-Westfalen;false
b004557bf72cf1425aa1d0b188ddbe13934fecc367717519d84f052494636e71;Wacken: Metalchor bringt Festivalstimmung in die Kirche;https://www.zeit.de/news/2026-07/30/wacken-metalchor-bringt-festivalstimmung-in-die-kirche;Hier finden Sie Informationen zu dem Thema „Wacken“. Lesen Sie jetzt „Wacken: Metalchor bringt Festivalstimmung in die Kirche“.;Wacken;News, Wacken, Wacken Open Air, Festivalstimmung, Festivalgelände;2026-07-30T05:00:22+02:00;2026-07-30T05:00:22+02:00;;dpa Hamburg/Schleswig-Holstein;false
56805f3ee228a74eee8125308139d742effcc65823a9b4feb1788b112b39a5c0;Krabbenfischer Claußen will an die Zukunft in Büsum glauben;https://www.zeit.de/news/2026-07/30/krabbenfischer-claussen-will-an-die-zukunft-in-buesum-glauben;Hier finden Sie Informationen zu dem Thema „Häfen in Schleswig-Holstein“. Lesen Sie jetzt „Krabbenfischer Claußen will an die Zukunft in Büsum glauben“.;Häfen in Schleswig-Holstein;News, Häfen in Schleswig-Holstein, André Claußen, Büsum, Schleswig-Holstein, Vormittagssonne, Krabbenkutter, Krabbe, Tier, Herbst;2026-07-30T05:00:22+02:00;2026-07-30T05:00:22+02:00;;dpa Hamburg/Schleswig-Holstein;false
1402bbb6fba3fa883e677fded297ba96b3cc6cc7963b20b2cf26f3543bf02921;Wasserversorger im Norden bleiben gelassen;https://www.zeit.de/news/2026-07/30/wasserversorger-im-norden-bleiben-gelassen;Hier finden Sie Informationen zu dem Thema „Wasserversorgung“. Lesen Sie jetzt „Wasserversorger im Norden bleiben gelassen“.;Wasserversorgung;News, Wasserversorgung, Schleswig-Holstein, Wasserversorgung, Trockenheit, Hitze, Grenze, Belletristik;2026-07-30T05:00:17+02:00;2026-07-30T05:00:17+02:00;;dpa Hamburg/Schleswig-Holstein;false
dfb033b20e5fe0e275e10830f7493f523cfa602ab94ce3c97d81c5f16e91031c;Sechs-Euro-Taxifahrten werden nicht voll ausgeschöpft;https://www.zeit.de/news/2026-07/30/sechs-euro-taxifahrten-werden-nicht-voll-ausgeschoepft;Hier finden Sie Informationen zu dem Thema „Verkehr“. Lesen Sie jetzt „Sechs-Euro-Taxifahrten werden nicht voll ausgeschöpft“.;Verkehr;News, Verkehr, Lyft, Verkehrsversuch, Verkehr, Verkehrsbehörde, Taxifahrt, Taxi, Herbst, Winter;2026-07-30T05:00:07+02:00;2026-07-30T05:00:07+02:00;;dpa Hamburg/Schleswig-Holstein;false
bee6ce7c868a6936631f777b6b2da15b1bce9526d3b721ee3c9222820d8599aa;Marode Spannstahl-Brücken - Abriss bei Grimma beginnt;https://www.zeit.de/news/2026-07/30/marode-spannstahl-bruecken-abriss-bei-grimma-beginnt;Hier finden Sie Informationen zu dem Thema „Dringender Handlungsbedarf“. Lesen Sie jetzt „Marode Spannstahl-Brücken - Abriss bei Grimma beginnt“.;Dringender Handlungsbedarf;News, Dringender Handlungsbedarf, Grimma, Dresden, Sachsen, Großenhain, Leipzig, Bad Schandau, die Autobahn GmbH des Bundes, Abriss, Teileinsturz, Spannstahl;2026-07-30T05:00:06+02:00;2026-07-30T05:00:06+02:00;;dpa Sachsen;false
da7d6ea73590b6a7a79e53d811796182d13f7296a9df3dfb5761ea795f3c74c5;Erika Schirmer wird 100 – Ihre Friedenstaube fliegt weiter;https://www.zeit.de/news/2026-07/30/erika-schirmer-wird-100-ihre-friedenstaube-fliegt-weiter;Hier finden Sie Informationen zu dem Thema „100. Geburtstag“. Lesen Sie jetzt „Erika Schirmer wird 100 – Ihre Friedenstaube fliegt weiter“.;100. Geburtstag;News, 100. Geburtstag, Friedenstaub, Pioniernachmittag, Tauben;2026-07-30T05:00:05+02:00;2026-07-30T05:00:05+02:00;;dpa Berlin/Brandenburg;false
ba3441e14b0a04cc8942bdb645ca788e3a97c78a61251e8d80656745c836ba0d;Blitze richteten vergangenes Jahr weniger Schäden an;https://www.zeit.de/news/2026-07/30/blitze-richteten-vergangenes-jahr-weniger-schaeden-an;Hier finden Sie Informationen zu dem Thema „Gewitter“. Lesen Sie jetzt „Blitze richteten vergangenes Jahr weniger Schäden an“.;Gewitter;News, Gewitter, Jörg Asmussen, Aldi Nord, Gesamtverband der Deutschen Versicherungswirtschaft, Blitz, Gewitter;2026-07-30T04:40:04+02:00;2026-07-30T04:40:04+02:00;;dpa;false
732973a6dce689089534fdc47b3a637829e876309310e7bc7a564d80d13303e1;A2 an zwei Wochenenden dicht - was Autofahrer wissen sollten;https://www.zeit.de/news/2026-07/30/a2-an-zwei-wochenenden-dicht-was-autofahrer-wissen-sollten;Hier finden Sie Informationen zu dem Thema „Verkehr“. Lesen Sie jetzt „A2 an zwei Wochenenden dicht - was Autofahrer wissen sollten“.;Verkehr;News, Verkehr, Hannover, Berlin, Mellendorf, Langenhagen, die Autobahn GmbH des Bundes, Anschlussstelle, Vollsperrung, Verkehr, Autobahndreieck, Sprinttempo;2026-07-30T04:30:05+02:00;2026-07-30T04:30:05+02:00;;dpa Niedersachsen;false
f4a21e7cc9e2e02b3f61d9bb92ed6d023ebaab56d80f7d6d799b0a8c5bd9c214;Bundesregierung will Gästehaus aus Kostengründen aufgeben;https://www.zeit.de/news/2026-07/30/bundesregierung-will-gaestehaus-aus-kostengruenden-aufgeben;Hier finden Sie Informationen zu dem Thema „Wechselnde Orte geplant“. Lesen Sie jetzt „Bundesregierung will Gästehaus aus Kostengründen aufgeben“.;Wechselnde Orte geplant;News, Wechselnde Orte geplant, Bundesregierung, Gästehaus, Kostengrund, Kabinettsklausur;2026-07-30T04:30:04+02:00;2026-07-30T04:30:04+02:00;;dpa Berlin/Brandenburg;false
13f6a526830c9caee74821dcdfc8031b212eec5e173dd7f73dfcbbaac2d059ce;Vorhang auf, Hitze an - Und das Publikum kommt;https://www.zeit.de/news/2026-07/30/vorhang-auf-hitze-an-und-das-publikum-kommt;Hier finden Sie Informationen zu dem Thema „Festspiele“. Lesen Sie jetzt „Vorhang auf, Hitze an - Und das Publikum kommt“.;Festspiele;News, Festspiele, Claus-Günther Kunzmann, Frank-Lorenz Engel, Bad Vilbel, Hessen, Hanau, Bad Hersfelder Festspiele, Vorhang, Festspiel, Sommerhitze, Burgfestspiel;2026-07-30T04:00:41+02:00;2026-07-30T04:00:41+02:00;;dpa Hessen;false
58bb04451f5ad3f688024b1552a6272917df2ca52afb8addc47942bdb71d676b;Frauensolidarität prägte Weg der neuen Bildungsministerin;https://www.zeit.de/news/2026-07/30/frauensolidaritaet-praegte-weg-der-neuen-bildungsministerin;Hier finden Sie Informationen zu dem Thema „Lebensweg“. Lesen Sie jetzt „Frauensolidarität prägte Weg der neuen Bildungsministerin“.;Lebensweg;News, Lebensweg, Ute Eiling-Hütig, Mainz, Bayern, CDU, Deutsche Presse-Agentur, Frauensolidarität, Karriereweg, Lebensweg;2026-07-30T04:00:34+02:00;2026-07-30T04:00:34+02:00;;dpa Rheinland-Pfalz/Saarland;false
1812b40146d4326d09a67a93228801b337f0e1f66a2d143fd19d3d2e56b19f67;Kolumbianer lebt seinen Traum vom Wacken Open Air;https://www.zeit.de/news/2026-07/30/kolumbianer-lebt-seinen-traum-vom-wacken-open-air;Hier finden Sie Informationen zu dem Thema „Wacken Open Air (W:O:A)“. Lesen Sie jetzt „Kolumbianer lebt seinen Traum vom Wacken Open Air“.;Wacken Open Air (W:O:A);News, Wacken Open Air (W:O:A), Andrés Urbano, Lateinamerika, Südamerika, Europa, Wacken Open Air;2026-07-30T04:00:33+02:00;2026-07-30T04:00:33+02:00;;dpa Hamburg/Schleswig-Holstein;false
6ce76ac841bf68ce3f4775f2c65f868ccb0f12a5d3bb6684f4adccd5d1cd2031;Menschheit lebt ab diesen Donnerstag über ihre Verhältnisse;https://www.zeit.de/news/2026-07/30/menschheit-lebt-ab-diesen-donnerstag-ueber-ihre-verhaeltnisse;Hier finden Sie Informationen zu dem Thema „Erdüberlastungstag“. Lesen Sie jetzt „Menschheit lebt ab diesen Donnerstag über ihre Verhältnisse“.;Erdüberlastungstag;News, Erdüberlastungstag, Tage Halb, WWF, BUND, Erdüberlastungstag, Menschheit, Rohstoff, Wald;2026-07-30T04:00:32+02:00;2026-07-30T04:00:32+02:00;;dpa;false
2496ca4bd6aec23096c02f8307695f68a9fc007f7550b34b7d9679603fc103a0;Obdachlosenhilfe fordert mehr Abkühlungsmöglichkeiten;https://www.zeit.de/news/2026-07/30/obdachlosenhilfe-fordert-mehr-abkuehlungsmoeglichkeiten;Hier finden Sie Informationen zu dem Thema „Hitzetage“. Lesen Sie jetzt „Obdachlosenhilfe fordert mehr Abkühlungsmöglichkeiten“.;Hitzetage;News, Hitzetage, Potsdam, Abkühlungsmöglichkeit, Hitzetag, Straßensozialarbeit, Hitzetour, Hitze;2026-07-30T04:00:30+02:00;2026-07-30T04:00:30+02:00;;dpa Berlin/Brandenburg;false
cfe92a9f2f841cfb02bced24e7fe451a67feceaa1440c2ed59e8422fa4a48d5d;Wo gibt es im Rheingau Weinprobierstände?;https://www.zeit.de/news/2026-07/30/wo-gibt-es-im-rheingau-weinprobierstaende;Hier finden Sie Informationen zu dem Thema „Essen & Trinken“. Lesen Sie jetzt „Wo gibt es im Rheingau Weinprobierstände?“.;Essen & Trinken;News, Essen & Trinken, Rheingau, Rhein, Weinprobierstand, Weinstand, Perlenschnur, Rheinufer, Gemeinschaftsangebot, Herbst;2026-07-30T04:00:15+02:00;2026-07-30T04:00:15+02:00;;dpa Hessen;false
64b5fd6d9022653741fa7679c7a42dd1d83468c09134a776e6e75f01c71dd3ea;Volksfeststimmung am Mainufer;https://www.zeit.de/news/2026-07/30/volksfeststimmung-am-mainufer;Hier finden Sie Informationen zu dem Thema „Vier Tage lang“. Lesen Sie jetzt „Volksfeststimmung am Mainufer“.;Vier Tage lang;News, Vier Tage lang, Römerberg, Volksfeststimmung, Mainufer, Mainfest, Fahrgeschäft, Fischerstechen, Kulturprogramm, Auto;2026-07-30T04:00:10+02:00;2026-07-30T04:00:10+02:00;;dpa Hessen;false
158626b579fa2e787d78e8b747bb0c53e9e26447f9f1e050e1e7f55f5ba746b6;Hitzewelle trifft Wildvögel – Nabu fordert Landeskonzept;https://www.zeit.de/news/2026-07/30/hitzewelle-trifft-wildvoegel-nabu-fordert-landeskonzept;Hier finden Sie Informationen zu dem Thema „Naturschutz“. Lesen Sie jetzt „Hitzewelle trifft Wildvögel – Nabu fordert Landeskonzept“.;Naturschutz;News, Naturschutz, Baden-Württemberg, Naturschutzbund Deutschland, Landeskonzept, Wildtierauffangstation, Hitzewelle, Hitze;2026-07-30T04:00:10+02:00;2026-07-30T04:00:10+02:00;;dpa Baden-Württemberg;false
2523f6f735313a1948b012a133493110411762fe2428eeb1ac4aeb5677edcd6a;«Auf ein Piffchen»: Zu Besuch am Weinprobierstand;https://www.zeit.de/news/2026-07/30/auf-ein-piffchen-zu-besuch-am-weinprobierstand;Hier finden Sie Informationen zu dem Thema „Freizeit“. Lesen Sie jetzt „«Auf ein Piffchen»: Zu Besuch am Weinprobierstand“.;Freizeit;News, Freizeit, Friedel Russler, Tatjana Held, Rheingau, Walluf, Rhein, Weinprobierstand, Weinstand, Weintrinken, Familie;2026-07-30T04:00:09+02:00;2026-07-30T04:00:09+02:00;;dpa Hessen;false
7e75a0e0842723d762abf37ee0f31ca91d01798b2d74c7e19f5972dc8d4c629b;Feuer auf Bauernhof in Oberpfalz - 15 Rinder tot;https://www.zeit.de/news/2026-07/29/feuer-auf-bauernhof-in-oberpfalz;Hier finden Sie Informationen zu dem Thema „Großer Einsatz“. Lesen Sie jetzt „Feuer auf Bauernhof in Oberpfalz - 15 Rinder tot“.;Großer Einsatz;News, Großer Einsatz, Oberpfalz, Bauernhof, Lagerhalle, Rinderstall;2026-07-30T03:59:58+02:00;2026-07-30T03:59:58+02:00;;dpa Bayern;false
beec83fddc0aa979a40e7efd63c88a146df12f34dd3b74fc8fa22b3ef91e6d4d;Motorradfahrer bei Verkehrsunfall schwer verletzt;https://www.zeit.de/news/2026-07/30/motorradfahrer-bei-verkehrsunfall-schwer-verletzt;Hier finden Sie Informationen zu dem Thema „Hubschraubereinsatz“. Lesen Sie jetzt „Motorradfahrer bei Verkehrsunfall schwer verletzt“.;Hubschraubereinsatz;News, Hubschraubereinsatz, Polizei, Verkehrsunfall, Hubschraubereinsatz, Winkelbach, Westerwaldkreis, Unfall;2026-07-30T03:54:00+02:00;2026-07-30T03:54:00+02:00;;dpa Rheinland-Pfalz/Saarland;false
57a44b2d57c1da8d6b02062e1631e76017d3d99545432e920b74e1a622ffd074;Junger Mann ertrinkt in See;https://www.zeit.de/news/2026-07/30/junger-mann-ertrinkt-in-see;Hier finden Sie Informationen zu dem Thema „Badeunfall“. Lesen Sie jetzt „Junger Mann ertrinkt in See“.;Badeunfall;News, Badeunfall, Friedland, Polizei, Badeunfall, Seenplatte;2026-07-30T03:51:43+02:00;2026-07-30T03:51:43+02:00;;dpa Mecklenburg-Vorpommern;false
b5204db348ba354fadf319879a9a81c637a9f93cb56b2a0ca3e34cfdc969f360;Börse zweifelt an Zuckerbergs KI-Euphorie;https://www.zeit.de/news/2026-07/30/boerse-zweifelt-an-zuckerbergs-ki-euphorie;Hier finden Sie Informationen zu dem Thema „Künstliche Intelligenz“. Lesen Sie jetzt „Börse zweifelt an Zuckerbergs KI-Euphorie“.;Künstliche Intelligenz;News, Künstliche Intelligenz, Mark Zuckerberg, Wall Street, Facebook, Meta, künstliche Intelligenz, Geld;2026-07-30T03:46:34+02:00;2026-07-30T03:46:34+02:00;;dpa;false
c71ae49f864a7c6c5ee0d591faa39c5156fe8c04de2ffec016d164e458633e20;Morgens Budapest, abends Athen: Söder reist nach Südosten;https://www.zeit.de/news/2026-07/30/morgens-budapest-abends-athen-soeder-reist-nach-suedosten;Hier finden Sie Informationen zu dem Thema „Ministerpräsident auf Reisen“. Lesen Sie jetzt „Morgens Budapest, abends Athen: Söder reist nach Südosten“.;Ministerpräsident auf Reisen;News, Ministerpräsident auf Reisen, Petr Magyar, Markus Söder, Kyriakos Mitsotakis, Budapest, Athen, Ungarn, München, Griechenland, Europäische Union, Reisen;2026-07-30T03:30:07+02:00;2026-07-30T03:30:07+02:00;;dpa Bayern;false
c57c9ade453153952881692e382cf741d1b11ead8f8ade932c094bb564e7d717;Rheingau lockt mit mehr als 20 Weinprobierständen;https://www.zeit.de/news/2026-07/30/rheingau-lockt-mit-mehr-als-20-weinprobierstaenden;Hier finden Sie Informationen zu dem Thema „Essen & Trinken“. Lesen Sie jetzt „Rheingau lockt mit mehr als 20 Weinprobierständen“.;Essen & Trinken;News, Essen & Trinken, Dominik Russler, Rheingau, Rhein, Weinprobierstand, Sommer, Tradition;2026-07-30T03:30:06+02:00;2026-07-30T03:30:06+02:00;;dpa Hessen;false
4e89059219f7b2c900a247273f361ab538bd417f5bf47de839387ddacbd2ab92;Mission Übergang bei Bodensee Philharmonie - mit Fehlmann;https://www.zeit.de/news/2026-07/30/mission-uebergang-bei-bodensee-philharmonie-mit-fehlmann;Hier finden Sie Informationen zu dem Thema „Kreativer Klanggestalter“. Lesen Sie jetzt „Mission Übergang bei Bodensee Philharmonie - mit Fehlmann“.;Kreativer Klanggestalter;News, Kreativer Klanggestalter, Bodensee, Liechtenstein, Rheinland-Pfalz, Deutsche Presse-Agentur, Philharmonie, Übergang, Staatsphilharmonie;2026-07-30T03:30:04+02:00;2026-07-30T03:30:04+02:00;;dpa Baden-Württemberg;false
f81102810121d0c75e76b2485de340dd773694ccb3af633c2bdec802303f59a1;Thorsten Frei kündigt Änderungen im Umgang mit Gefährdern an;https://www.zeit.de/politik/deutschland/2026-07/thorsten-frei-gefaehrder-praeventivhaft-alexander-dobrindt;Der Unionsfraktionschef will noch im August strengere Regeln für Gefährder auf den Weg bringen. Präventivhaft und elektronische Fußfesseln sollen die Sicherheit erhöhen.;CSD-Anschlag in Berlin;Politik, CSD-Anschlag in Berlin, Thorsten Frei, Alexander Dobrindt, Berlin, CDU, CSU, Christopher Street Day;2026-07-30T03:28:05+02:00;2026-07-30T03:28:05+02:00;jtr;DIE ZEIT,        dpa,        							jtr;false
96969325f43d6d45f457d25e4106ad215e624c9ea61d7e854e5fece5bd300ec6;Microsoft mit stärkstem Cloud-Wachstum seit Jahren;https://www.zeit.de/news/2026-07/30/microsoft-mit-staerkstem-cloud-wachstum-seit-jahren;Hier finden Sie Informationen zu dem Thema „Software-Riese“. Lesen Sie jetzt „Microsoft mit stärkstem Cloud-Wachstum seit Jahren“.;Software-Riese;News, Software-Riese, Amy Hood, Microsoft, Software;2026-07-30T03:25:58+02:00;2026-07-30T03:25:58+02:00;;dpa;false
4cc0ad382be194f468bab7b4adc245bfed92d5530c113ca649f2b1d2210df01a;Musk hilft bei Kongresswahl wieder Trumps Republikanern;https://www.zeit.de/news/2026-07/30/musk-hilft-bei-kongresswahl-wieder-trumps-republikanern;Hier finden Sie Informationen zu dem Thema „Tech-Milliardär“. Lesen Sie jetzt „Musk hilft bei Kongresswahl wieder Trumps Republikanern“.;Tech-Milliardär;News, Tech-Milliardär, Elon Musk, Donald Trump, James Blair, Republikaner (USA), Kongresswahl, Parlamentswahl, Zerwürfnis, Wahlkampf;2026-07-30T03:23:39+02:00;2026-07-30T03:23:39+02:00;;dpa;false
251afe1f25c35fdf2c83e2794271edcad6ee5c13b677584468a63531fb005e7f;CDU-Ministerpräsidenten fordern mehr Rücksicht auf Ostdeutschland;https://www.zeit.de/politik/deutschland/2026-07/cdu-ministerpraesidenten-osten-mario-voigt-reiner-haseloff-michael-kretschmer-sozialpolitik-rente-pflege;Die Bundesregierung müsse die Perspektive des Ostens bei Reformen mehr einbeziehen, fordern die ostdeutschen CDU-Landeschefs. Jede Systemänderung wirke dort »ungebremst«.;Sozialreformen;Politik, Sozialreformen, Ostdeutschland, CDU, Ministerpräsident, Reform, Sachsen-Anhalt, Bundesregierung;2026-07-30T03:02:02+02:00;2026-07-30T03:02:02+02:00;jj;DIE ZEIT,        dpa,        							jj;false
987c522f967f7a302cd59d72810e6d89901ab30fc4aa3e0e0efb5a9a9f2b43c4;Mindestens fünf Tote bei schwerem Sturm in Brasilien;https://www.zeit.de/news/2026-07/30/mindestens-fuenf-tote-bei-schwerem-sturm-in-brasilien;Hier finden Sie Informationen zu dem Thema „Unwetter“. Lesen Sie jetzt „Mindestens fünf Tote bei schwerem Sturm in Brasilien“.;Unwetter;News, Unwetter, Brasilien, Rio de Janeiro, São Paulo, Rio, Brasil, Windböe, Südosten, Unwetter;2026-07-30T02:59:21+02:00;2026-07-30T02:59:21+02:00;;dpa;false
ab1013641b66fa328cb8f7d5cee689bb7d7c4c6cdadab6070ebe2f062fd22a94;Hohe Ausgaben für künstliche Intelligenz besorgen Anleger;https://www.zeit.de/politik/ausland/2026-07/meta-microsoft-quartalszahlen-ki-investitionen-rechenzentren;Facebook-Konzern Meta will trotz heftig schrumpfender Cashflows neue Rechenzentren bauen. Die Aktie fiel. Microsoft deutete dagegen an, dass sich KI-Ausgaben rentieren.;Techkonzerne Meta und Microsoft;Wirtschaft, Techkonzerne Meta und Microsoft, Microsoft, Meta, Facebook, künstliche Intelligenz, Mark Zuckerberg;2026-07-30T02:49:01+02:00;2026-07-30T02:49:01+02:00;vsp;DIE ZEIT,        Reuters,        AFP,        dpa,        							vsp;false
511b62bd0d7f136996a1abb954200cc2db969a387cb21f0c6c0858b1d57c8405;CDU-Spitzenkandidat fordert mehr Überwachung von Gefährdern;https://www.zeit.de/news/2026-07/30/cdu-spitzenkandidat-fordert-mehr-ueberwachung-von-gefaehrdern;Hier finden Sie Informationen zu dem Thema „Terrorismus“. Lesen Sie jetzt „CDU-Spitzenkandidat fordert mehr Überwachung von Gefährdern“.;Terrorismus;News, Terrorismus, Stefan Evers, Berlin, Berliner Morgenpost, CDU, Überwachung, Terrorismus;2026-07-30T02:31:04+02:00;2026-07-30T02:31:04+02:00;;dpa Berlin/Brandenburg;false
ca9e014830e7932320f7197483cd2e014d1c4b1f39519183c9cd2081e23f1a31;Rumänien schaltet weiteren Reaktor wegen Niedrigwassers ab;https://www.zeit.de/wirtschaft/2026-07/niedrigwasser-donau-akw-cernavoda-rumaenien-atomkraft;Der erste Reaktor des Atomkraftwerks Cernavodă in Rumänien war bereits heruntergefahren worden, nun folgt der zweite. Der Wasserstand der Donau sank auf einen Tiefstand.;Atomkraft;Wirtschaft, Atomkraft, Rumänien, Donau, Reaktor, Atomkraft, Rhein, Elbe;2026-07-30T02:11:48+02:00;2026-07-30T02:11:48+02:00;jj;DIE ZEIT,        AFP,        							jj;false
4408f6c24f81bd4f4e4abe07310ed3667d803d44d3b18200e452d941aa8ff094;Juristin Brosius-Gersdorf: AfD-Forderung verfassungswidrig;https://www.zeit.de/news/2026-07/30/juristin-brosius-gersdorf-afd-forderung-verfassungswidrig;Hier finden Sie Informationen zu dem Thema „Begrüßungsgeld für Babys“. Lesen Sie jetzt „Juristin Brosius-Gersdorf: AfD-Forderung verfassungswidrig“.;Begrüßungsgeld für Babys;News, Begrüßungsgeld für Babys, Frauke Brosius-Gersdorf, Sachsen-Anhalt, Alternative für Deutschland, Begrüßungsgeld, Wahlprogramm, Familie;2026-07-30T01:02:04+02:00;2026-07-30T01:02:04+02:00;;dpa Sachsen;false
f8e6bf67250089ef99b6a1634340ef8add5572770c4be693684ab5820e007753;Motorradfahrer bei Überholvorgang schwer verletzt;https://www.zeit.de/news/2026-07/30/motorradfahrer-bei-ueberholvorgang-schwer-verletzt;Hier finden Sie Informationen zu dem Thema „Verkehrsunfall“. Lesen Sie jetzt „Motorradfahrer bei Überholvorgang schwer verletzt“.;Verkehrsunfall;News, Verkehrsunfall, Burg Stargard, Polizei, Überholvorgang, Verkehrsunfall, Auto;2026-07-30T00:00:12+02:00;2026-07-30T00:00:12+02:00;;dpa Mecklenburg-Vorpommern;false
b26619c0f54e65fef62405e503c58a3a95de5a8d823af33a7d7e42b49fe77859;Was geschah am 30. Juli?;https://www.zeit.de/news/2026-07/29/was-geschah-am-30-juli;Hier finden Sie Informationen zu dem Thema „Kalenderblatt“. Lesen Sie jetzt „Was geschah am 30. Juli?“.;Kalenderblatt;News, Kalenderblatt, England, Unesco, Kalenderblatt, Donaulimes, Namenstag, Grenze;2026-07-29T23:55:04+02:00;2026-07-29T23:55:04+02:00;;dpa;false
8333e4f25bb50be7242bda2af2e69212b2d570680c4e853dddcfab9527fbeef7;Uefa plant Krisensitzung zu Fifa-Plänen am Donnerstag;https://www.zeit.de/sport/2026-07/fifa-investoren-plaene-uefa-krisensitzung;Die europäischen Fußballverbände äußern sich besorgt über die Idee, private Investoren an der Fußball-WM zu beteiligen. Fifa-Chef Infantino verteidigt sein Vorhaben.;Fußball;Sport, Fußball, Fifa, Uefa, Gianni Infantino, Fußball-WM, Fußball, Finanzen;2026-07-29T23:49:39+02:00;2026-07-29T23:49:39+02:00;alsjtr;DIE ZEIT,        SID,        							als					,        							jtr;false
fe3074aecaaa738988e41f3f5c0210a012a052856ff0efba3265413a611008cb;Feuer in Stuttgart: Zwei Autos und Wohnhaus betroffen;https://www.zeit.de/news/2026-07/29/feuer-in-stuttgart-zwei-autos-und-wohnhaus-betroffen;Hier finden Sie Informationen zu dem Thema „Feuerwehreinsatz“. Lesen Sie jetzt „Feuer in Stuttgart: Zwei Autos und Wohnhaus betroffen“.;Feuerwehreinsatz;News, Feuerwehreinsatz, Stuttgart, Feuerwehr, Feuerwehreinsatz, Auto, Fahrzeug;2026-07-29T23:18:44+02:00;2026-07-29T23:18:44+02:00;;dpa Baden-Württemberg;false
24c6f899540a4a096e1e20023a91ff13ae5ea2bfabbede12195392a16fc61f22;Facebook-Konzern enttäuscht Börse;https://www.zeit.de/news/2026-07/29/facebook-konzern-enttaeuscht-boerse;Hier finden Sie Informationen zu dem Thema „Künstliche Intelligenz“. Lesen Sie jetzt „Facebook-Konzern enttäuscht Börse“.;Künstliche Intelligenz;News, Künstliche Intelligenz, Wall Street, Facebook, Meta, Umsatz, künstliche Intelligenz;2026-07-29T22:46:52+02:00;2026-07-29T22:46:52+02:00;;dpa;false
9bac7886063d4b9dc1ce7374e9326e0bb72410e702b090a90ea07b98fd5e95ba;Hunderte gedenken in Saarbrücken der Opfer von CSD-Anschlag;https://www.zeit.de/news/2026-07/29/hunderte-gedenken-in-saarbruecken-der-opfer-von-csd-anschlag;Hier finden Sie Informationen zu dem Thema „Solidarität“. Lesen Sie jetzt „Hunderte gedenken in Saarbrücken der Opfer von CSD-Anschlag“.;Solidarität;News, Solidarität, Saarbrücken, Christopher Street Day, Solidarität;2026-07-29T22:36:18+02:00;2026-07-29T22:36:18+02:00;;dpa Berlin/Brandenburg;false
bf2a75af47b0fc5bff163e127c37d88ec4a06da1ceecc5646acfc1ed0d66b278;Nach TV-Ausstrahlung: Neue Hinweise im Fall Inga;https://www.zeit.de/news/2026-07/29/nach-tv-ausstrahlung-neue-hinweise-im-fall-inga;Hier finden Sie Informationen zu dem Thema „«Cold Case Wald»“. Lesen Sie jetzt „Nach TV-Ausstrahlung: Neue Hinweise im Fall Inga“.;«Cold Case Wald»;News, «Cold Case Wald», Michael Ripke, Inga Gehricke, Sachsen-Anhalt, Polizei, Cold Case, Aktenzeichen XY, Familie;2026-07-29T22:19:08+02:00;2026-07-29T22:19:08+02:00;;dpa Sachsen;false
cb36383648811d5db0345dc75eb2b96696f59ddacc44396838fc2acf1c1cfbf2;Senior gerät am Savignyplatz unter Zug - schwerst verletzt;https://www.zeit.de/news/2026-07/29/senior-geraet-am-savignyplatz-unter-zug-schwerst-verletzt;Hier finden Sie Informationen zu dem Thema „Notfälle“. Lesen Sie jetzt „Senior gerät am Savignyplatz unter Zug - schwerst verletzt“.;Notfälle;News, Notfälle, Savignyplatz, Notfall;2026-07-29T22:07:57+02:00;2026-07-29T22:07:57+02:00;;dpa Berlin/Brandenburg;false
efd9d4ffcb8fe1d5f2d8de6887173ecf443743038d645e4a0e009db7b2aacd8a;Historisches Schiffswrack vor Norderney entdeckt;https://www.zeit.de/wissenschaft/geschichte/2026-07/schiffswrack-norderney-nordsee-archaeologie-amprion-seekabel;Beim Verlegen von Stromkabeln in der Nordsee ist ein Wrack entdeckt worden. Das Schiff könnte Experten zufolge vor rund 300 Jahren in den Niederlanden gebaut worden sein.;Schiffswrack vor Norderney;Wissenschaft, Schiffswrack vor Norderney, Nordsee, Archäologie, Dortmund, Niederlande;2026-07-29T22:06:33+02:00;2026-07-29T22:06:33+02:00;bam;DIE ZEIT,        epd,        							bam;false
0ff023c226dd274dd7b443f965169e4024b926d3c6a1d6b1ff311921bea47da7;Historisches Schiffswrack am Strand von Norderney entdeckt;https://www.zeit.de/news/2026-07/29/historisches-schiffswrack-am-strand-von-norderney-entdeckt;Hier finden Sie Informationen zu dem Thema „Bei Verlegung von Seekabeln“. Lesen Sie jetzt „Historisches Schiffswrack am Strand von Norderney entdeckt“.;Bei Verlegung von Seekabeln;News, Bei Verlegung von Seekabeln, Norderney, Niedersachsen, Schiffswrack, Seekabel, Schiff;2026-07-29T22:02:53+02:00;2026-07-29T22:02:53+02:00;;dpa Niedersachsen;false
1e1c91d75714ea76bced9c2919a4baa99d398969fe03d6ec229bac7e92430808;Jared Leto weist Vorwürfe des sexuellen Missbrauchs zurück;https://www.zeit.de/gesellschaft/zeitgeschehen/2026-07/jared-leto-bbc-doku-vorwuerfe-sexuelles-fehlverhalten;Vier Frauen haben Schauspieler Jared Leto in einer TV-Dokumentation sexuellen Missbrauch und Übergriffe vorgeworfen. Er wies die Vorwürfe als »kategorisch falsch« zurück.;Missbrauchsvorwürfe;Gesellschaft, Missbrauchsvorwürfe, BBC, Vergewaltigung, Sexueller Missbrauch, Schauspieler;2026-07-29T21:49:46+02:00;2026-07-29T21:49:46+02:00;bam;DIE ZEIT,        dpa,        Reuters,        AFP,        							bam;false
2d05cd64e5a09bcc065b58ff3fecf9995895622a8f495785ad7e1142e480e12b;Toter im Unterallgäu: 33-Jähriger wurde auf Hof erschossen;https://www.zeit.de/news/2026-07/29/toter-im-unterallgaeu-33-jaehriger-wurde-auf-hof-erschossen;Hier finden Sie Informationen zu dem Thema „Aktenzeichen XY...“. Lesen Sie jetzt „Toter im Unterallgäu: 33-Jähriger wurde auf Hof erschossen“.;Aktenzeichen XY...;News, Aktenzeichen XY..., Unterallgäu, Staatsanwaltschaft, Kripo, Aktenzeichen XY, Einödhof, Verbrechen, Festnahme;2026-07-29T21:39:01+02:00;2026-07-29T21:39:01+02:00;;dpa Bayern;false
7c5b08431d747a32bdad6a413c573f623c72b69d081885b811c986b69782b4e6;Erneute Zinspause bei US-Notenbank Federal Reserve;https://www.zeit.de/news/2026-07/29/erneute-zinspause-bei-us-notenbank-federal-reserve;Hier finden Sie Informationen zu dem Thema „US-Wirtschaft“. Lesen Sie jetzt „Erneute Zinspause bei US-Notenbank Federal Reserve“.;US-Wirtschaft;News, US-Wirtschaft, Fed, Zinspause, Leitzins, Zinserhöhung, Rohöl;2026-07-29T21:34:59+02:00;2026-07-29T21:34:59+02:00;;dpa;false
be53655febdbb9ef6ecb9a75a2719d467d875bedad9c5e6b83019bc7e2a57f39;Technoparade «Rave The Planet» soll stattfinden;https://www.zeit.de/news/2026-07/29/technoparade-rave-the-planet-soll-stattfinden;Hier finden Sie Informationen zu dem Thema „Keine Absage“. Lesen Sie jetzt „Technoparade «Rave The Planet» soll stattfinden“.;Keine Absage;News, Keine Absage, Matthias Roeingh, Ellen Dosch-Roeingh, Dr. Motte, Berlin, Polizei, Technoparade;2026-07-29T21:07:34+02:00;2026-07-29T21:07:34+02:00;;dpa Berlin/Brandenburg;false
950687f92cc7ed77bf578cc8f375a897e8b6533e53cddb9070e59e423cddbd09;Ost-Ministerpräsidenten der CDU fordern Rücksicht vom Bund;https://www.zeit.de/news/2026-07/29/ost-ministerpraesidenten-der-cdu-fordern-ruecksicht-vom-bund;Hier finden Sie Informationen zu dem Thema „Sozialreformen“. Lesen Sie jetzt „Ost-Ministerpräsidenten der CDU fordern Rücksicht vom Bund“.;Sozialreformen;News, Sozialreformen, Sachsen-Anhalt, CDU, Bundesregierung, Deutsche Presse-Agentur, Sozialreform, Rente;2026-07-29T20:59:24+02:00;2026-07-29T20:59:24+02:00;;dpa Sachsen;false
f661611eaa79227c2470e67f9f3cdf1b8e718a90d98226b4756144095e7d4aa6;Dritter Test, dritter Sieg: Stuttgart gewinnt in Offenbach;https://www.zeit.de/news/2026-07/29/dritter-test-dritter-sieg-stuttgart-gewinnt-in-offenbach;Hier finden Sie Informationen zu dem Thema „Testspiele“. Lesen Sie jetzt „Dritter Test, dritter Sieg: Stuttgart gewinnt in Offenbach“.;Testspiele;News, Testspiele, Sebastian Hoeneß, Stuttgart, Offenbach, VfB Stuttgart, Kickers Offenbach, Bundesliga, Testspiel, Regionalligist;2026-07-29T20:55:33+02:00;2026-07-29T20:55:33+02:00;;dpa Baden-Württemberg;false
789afa487ae1fca248c93b32cd0d0f858c4349a1fdf0bf4cbe472128db548125;Transporter gerät in Gegenverkehr - drei Kinder verletzt;https://www.zeit.de/news/2026-07/29/transporter-geraet-in-gegenverkehr-drei-kinder-verletzt;Hier finden Sie Informationen zu dem Thema „Unfälle“. Lesen Sie jetzt „Transporter gerät in Gegenverkehr - drei Kinder verletzt“.;Unfälle;News, Unfälle, Seeheim-Jugenheim, Landkreis Darmstadt-Dieburg, Gegenverkehr, Transporter, Unfall, Verkehrsunfall;2026-07-29T20:46:20+02:00;2026-07-29T20:46:20+02:00;;dpa Hessen;false
bdcf8fce96fbc9c6fba796c644b55122bc57592aff87527efb3fe360c529a089;Stimmung mies, aber Revolte vertagt;https://www.zeit.de/politik/deutschland/2026-07/thorsten-frei-wahl-uunions-fraktionschef-friedrich-merz;Der Unmut über Friedrich Merz brach zuletzt nach dem Prinzip Ketchupflasche über den Kanzler herein. Immerhin die Wahl von Thorsten Frei zum Unionsfraktionschef gelingt.;Thorsten Frei;Politik, Thorsten Frei, Thorsten Frei, Friedrich Merz, Deutscher Bundestag, Unionsfraktion, CDU, CSU;2026-07-29T20:45:33+02:00;2026-07-29T20:45:33+02:00;Ferdinand Otto;;false
7d18a7020479914bd21f64a6c442294fead80bb922f839f0e7c8486fbb38e7f1;Frei ist neuer Fraktionschef - Merz hofft auf «neue Dynamik»;https://www.zeit.de/news/2026-07/29/acht-personalwechsel-und-eine-verpasste-chance;Hier finden Sie Informationen zu dem Thema „Merz' Personalumbau“. Lesen Sie jetzt „Frei ist neuer Fraktionschef - Merz hofft auf «neue Dynamik»“.;Merz' Personalumbau;News, Merz' Personalumbau, Jens Spahn, Friedrich Merz, Thorsten Frei, Patrick Schnieder, Nina Warken, Carsten Linnemann, Steffen Bilger, Fritz Güntzler, Frank-Walter Steinmeier, USA;2026-07-29T20:29:17+02:00;2026-07-29T20:29:17+02:00;;dpa;false
64d8b75ae98e87275aa0a1601a3538891f9867db7dfbe3a87f4e20f83af3d760;UN: «Am schnellsten wachsender Ebola-Ausbruch aller Zeiten»;https://www.zeit.de/news/2026-07/29/un-am-schnellsten-wachsender-ebola-ausbruch-aller-zeiten;Hier finden Sie Informationen zu dem Thema „Epidemie im Kongo“. Lesen Sie jetzt „UN: «Am schnellsten wachsender Ebola-Ausbruch aller Zeiten»“.;Epidemie im Kongo;News, Epidemie im Kongo, Kongo, UN, Epidemie, Hilfsmaßnahme, Ebola, Ebola-Epidemie;2026-07-29T20:25:38+02:00;2026-07-29T20:25:38+02:00;;dpa;false
7fe8baa08448e899297e225c16cbe63f461528eccbeb5b8d3f25a2cc9c8ad5a4;Brand am Marktplatz in Lauterbach - mehrere Häuser betroffen;https://www.zeit.de/news/2026-07/29/gebaeude-brennt-feuerwehr-will-uebergreifen-verhindern;Hier finden Sie Informationen zu dem Thema „Einsatz läuft“. Lesen Sie jetzt „Brand am Marktplatz in Lauterbach - mehrere Häuser betroffen“.;Einsatz läuft;News, Einsatz läuft, Hessen, Feuerwehr, Gebäudebrand, Rauchentwicklung, Vogelsbergkreis;2026-07-29T20:25:34+02:00;2026-07-29T20:25:34+02:00;;dpa Hessen;false
81397c778dba5c84933bcf6bed5694fc55374c78b67964ead01ffce8fecd0387;US-Notenbank lässt Leitzins erneut unverändert;https://www.zeit.de/wirtschaft/2026-07/us-leitzins-fed-federal-reserve-notenbank-zinsspanne;Die US-Notenbank Fed hat eine Zinspause verkündet: Der Leitzins bleibt bei 3,5 bis 3,75 Prozent. An den Finanzmärkten wird mit einer Erhöhung im September gerechnet.;Fed;Wirtschaft, Fed, Leitzins, Fed, US-Notenbank, USA, Finanzen;2026-07-29T20:23:01+02:00;2026-07-29T20:23:01+02:00;als;DIE ZEIT,        AFP,        dpa,        Reuters,        							als;false
a45b08e893f209ebb7c80cfb6dac3753cce844aa8201897cfdfbd091d37cfb69;US-Notenbank lässt Zinssatz erneut unverändert;https://www.zeit.de/news/2026-07/29/us-notenbank-laesst-zinssatz-erneut-unveraendert;Hier finden Sie Informationen zu dem Thema „Konjunktur“. Lesen Sie jetzt „US-Notenbank lässt Zinssatz erneut unverändert“.;Konjunktur;News, Konjunktur, Fed, Zinssatz, Zinsspanne, Leitzins;2026-07-29T20:01:45+02:00;2026-07-29T20:01:45+02:00;;dpa;false
5d3d8f9f8973b0dcee3130e841438400afe3d7052e0451ba46578378798ab616;Von Marx zu Mamdani;https://www.zeit.de/politik/deutschland/2026-07/berliner-abgeordnetenhauswahl-2026-enteignung-wohnung-miete;"Im Berliner Wahlkampf wird wieder um die Enteignung von Wohnraum gerungen. In einer Stadt, in der fast jeder Mieter ist, steckt darin eine Menge politische Energie.
";Berliner Abgeordnetenhauswahl;Politik, Berliner Abgeordnetenhauswahl, Berlin, Wahlkampf, Enteignung, Mietpreisbremse, Immobilienmarkt;2026-07-29T19:52:23+02:00;2026-07-29T19:52:23+02:00;Marina Guldimann;;false
196facf930a72de403ce292f127b87a3786f678ab1d7b284adc5bc73d754ef60;Ist das schon ein Krieg der Großmächte?;https://www.zeit.de/2026/33/ukrainischer-angriff-kaspisches-meer-iran-frachter-russland;Russland gegen die Ukraine, die USA gegen Iran? So klar ist es nicht mehr. Die jüngsten Ereignisse zeigen, wie sich zwei Kriege immer mehr ineinander verschränken.;"Z+ (abopflichtiger Inhalt);
        
    Ukrainischer Angriff im Kaspischen Meer";Politik, Ukrainischer Angriff im Kaspischen Meer, Russland, Iran, Krieg in der Ukraine, USA, Huthi, Drohne, Wolodymyr Selenskyj;2026-07-29T19:48:59+02:00;2026-07-29T19:48:59+02:00;Lea Frehse;Aus der        ZEIT Nr. 33/2026;false
9450a5ff07e3ae682890263ec9eb1ea35b790a2e57a90c50491c5f6addd0a1b0;Fifa ermittelt wegen Falklandinseln-Banner gegen Argentinien;https://www.zeit.de/sport/2026-07/fifa-disziplinarverfahren-argentinien-fussballverband-afa-falklandinseln;Die Fifa ermittelt wegen verschiedener Verstöße gegen Argentiniens Fußballer. Unter anderem geht es um ein Banner zu den Falklandinseln und Tätlichkeiten nach dem Finale.;Fußball-WM;Sport, Fußball-WM, Fifa, Argentinien, Ermittlung, Fußball-WM, Fußball;2026-07-29T19:48:44+02:00;2026-07-29T19:48:44+02:00;bam;DIE ZEIT,        Reuters,        							bam;false
03dfb34dc335c711e1c65b819e4154bb62bb2c2f04b56ba8483477a87b5b8ae8;»Der einzige, für den das ein gutes Geschäft ist, heißt Infantino«;https://www.zeit.de/sport/2026-07/gianni-infantino-investoren-plaene-fifa-wm-antoine-duval;Gianni Infantino will Investoren an der Fußball-WM beteiligen. Für den Fußball ist das brandgefährlich, sagt Sportrechtler Antoine Duval. Doch man könne die Fifa stoppen.;"Z+ (abopflichtiger Inhalt);
        
    Gianni Infantino";Sport, Gianni Infantino, Gianni Infantino, Fifa, Fußball-WM, Uefa, Europäische Union, Fußball;2026-07-29T19:46:01+02:00;2026-07-29T19:46:01+02:00;Fabian Scheler;;false
055194176e3f2d969127baf51f394fc3df120076b0171dbd66c11286f80e66b6;Koisdorf ohne Trinkwasser: Freier Eintritt in Thermalbad;https://www.zeit.de/news/2026-07/29/wasserrohrbruch-legt-trinkwasserversorgung-in-koisdorf-lahm;Hier finden Sie Informationen zu dem Thema „Rohrbruch als Ursache“. Lesen Sie jetzt „Koisdorf ohne Trinkwasser: Freier Eintritt in Thermalbad“.;Rohrbruch als Ursache;News, Rohrbruch als Ursache, Koisdorf, Sinzig, Landkreis Ahrweiler, Wasserrohrbruch, Trinkwasserversorgung, Trinkwasser, Warnmeldung;2026-07-29T19:41:32+02:00;2026-07-29T19:41:32+02:00;;dpa Rheinland-Pfalz/Saarland;false
b531033ed142957f7059b6839becf1a7ec2a4d1b2267f6bb54354cd0991e8517;Industriehalle mit Spraydosen in Flammen - drei Verletzte;https://www.zeit.de/news/2026-07/29/industriehalle-mit-spraydosen-in-flammen-drei-verletzte;Hier finden Sie Informationen zu dem Thema „Großbrand“. Lesen Sie jetzt „Industriehalle mit Spraydosen in Flammen - drei Verletzte“.;Großbrand;News, Großbrand, Neunkirchen, Feuerwehr, THW, Polizei, Industriehalle, Spraydose, Großbrand, Recyclingbetrieb, Druckbehälter;2026-07-29T19:20:29+02:00;2026-07-29T19:20:29+02:00;;dpa Rheinland-Pfalz/Saarland;false
915ff4caf39dcd8117f720a504f96ccd33e8df04796aba004d1b00ed1e8415e3;»Mit dem schwulen Freund im Arm durch Neukölln gehen? Natürlich nicht«;https://www.zeit.de/familie/2026-07/guener-balci-integrationsbeauftragte-berlin-radikalisierung-queerfeindlichkeit;Berlin-Neuköllns Integrationsbeauftragte Güner Balci sorgt sich um Queerfeindlichkeit von Jugendlichen in ihrem Bezirk. Sie sagt: »Da laufen kleine Zeitbomben herum.«;"Z+ (abopflichtiger Inhalt);
        
    Güner Balcı";Familie, Güner Balcı, Homophobie, Islam, Queerfeindlichkeit, Integration, Familie, Berlin;2026-07-29T19:11:10+02:00;2026-07-29T19:11:10+02:00;Lisa Seelig;;false
5fd62f57942a138558b2a55ab391cf93520ca6ec82f330d5a359cd7a472fd292;Brand in ehemaligem Hallenbad in Pforzheim;https://www.zeit.de/news/2026-07/29/brand-in-ehemaligem-hallenbad-in-pforzheim;Hier finden Sie Informationen zu dem Thema „Einsatz der Feuerwehr“. Lesen Sie jetzt „Brand in ehemaligem Hallenbad in Pforzheim“.;Einsatz der Feuerwehr;News, Einsatz der Feuerwehr, Pforzheim, Feuerwehr, Polizei, Hallenbad;2026-07-29T19:10:26+02:00;2026-07-29T19:10:26+02:00;;dpa Baden-Württemberg;false
db4b62a0568b4dafb52ae3fb4f7c2f6e6ab677357d285ecd1b3d53c6776f6f73;Man kann die Klimakrise nicht fotografieren;https://www.zeit.de/feuilleton/2026-07/klimakrise-fotografie-bilder-waldbraende-frankreich-spanien;Hier Zerstörung, dort ungerührte Menschen: Solche Bilder sollen angesichts der Waldbrände in Südeuropa aufrütteln. Doch es gibt einen Grund, warum sie nichts bewirken. ;"Z+ (abopflichtiger Inhalt);
        
    Klimakrise";Feuilleton, Klimakrise, Klimakrise, Waldbrand, Spanien, Kreta, Wetter;2026-07-29T19:08:54+02:00;2026-07-29T19:08:54+02:00;Johannes Schneider;;false
1a4fe47c5b4df2e3519e226493edc9026140f7333ba0f301e05469e130dad815;Waldbrand auf Kreta: Rund 6.000 Urlauber werden evakuiert;https://www.zeit.de/news/2026-07/29/waldbrand-auf-kreta-rund-6-000-urlauber-werden-evakuiert;Hier finden Sie Informationen zu dem Thema „Brände“. Lesen Sie jetzt „Waldbrand auf Kreta: Rund 6.000 Urlauber werden evakuiert“.;Brände;News, Brände, Kreta, Tymbaki, Waldbrand, Zivilschutz, Brand, Evakuierung;2026-07-29T19:05:41+02:00;2026-07-29T19:05:41+02:00;;dpa;false
556df0ee9b0e98cbfeced4d067e163942e5aff18d8b316cb1dee306c8af0b771;Waldbrände in der Türkei erreichen Wohngebiet in Antalya;https://www.zeit.de/wissenschaft/umwelt/2026-07/waldbraende-antalya-tuerkei-kuumluca-feuer-tourismus;In der Türkei gibt es derzeit mehrere Waldbrände. Die Feuer erreichten mittlerweile ein Wohngebiet in Antalya, das zuvor evakuiert worden war.;Waldbrände in Antalya;Wissenschaft, Waldbrände in Antalya, Antalya, Anadolu, Waldbrand, Wohngebiet, Brand, Evakuierung;2026-07-29T19:05:20+02:00;2026-07-29T19:05:20+02:00;jacabam;DIE ZEIT,        dpa,        AFP,        							jaca					,        							bam;false
ed11f208e9da74a81b1df3c8edab596c33c5b895b1f3912c98e21d72e9d4fd24;US-Immunologe Fauci schweigt bei Befragung zu Coronavirus-Ursprung;https://www.zeit.de/politik/ausland/2026-07/anthony-fauci-covid-usa-senat;Republikanische US-Senatoren versuchen seit Wochen, den Virologen Anthony Fauci mit Vorwürfen zur Coronapolitik unter Druck zu setzen. In einer Anhörung schwieg er nun.;Anthony Fauci;Politik, Anthony Fauci, Coronavirus, US-Senat, Virus, Infektion, USA;2026-07-29T19:02:07+02:00;2026-07-29T19:02:07+02:00;akm;DIE ZEIT,        dpa,        							akm;false
530ba40376b9626f1773d59377ab6b66a05487217ce862bc62dd4de8e9faab2a;Linke und Grüne wollen Sondersitzung des Innenausschusses;https://www.zeit.de/news/2026-07/29/linke-und-gruene-wollen-sondersitzung-des-innenausschusses;Hier finden Sie Informationen zu dem Thema „CSD-Anschlag“. Lesen Sie jetzt „Linke und Grüne wollen Sondersitzung des Innenausschusses“.;CSD-Anschlag;News, CSD-Anschlag, Clara Bünger, Berlin, Bundestag, Die Linke, RedaktionsNetzwerk Deutschland, Verfassungsschutz, Innenausschuss, Sicherheitsbehörde, Sondersitzung, Terroranschlag;2026-07-29T18:58:51+02:00;2026-07-29T18:58:51+02:00;;dpa Berlin/Brandenburg;false
913062347412154ee16d57b283984fcf2c8d99a32a9e0d0bd716d9f2fd33a4fc;»Ich weiß es jetzt. Du bist meine Frau. Du und ich gehören zusammen«;https://www.zeit.de/zeit-magazin/leben/2026-07/beziehung-on-off-trennung-zusammenbleiben;Elena und Felix sind verliebt, trennen sich, versuchen es wieder. Die Zweifel bleiben – bis zu diesem einen Augenblick. Ein Paar erzählt vom Make-it-or-break-it-Moment.;"Z+ (abopflichtiger Inhalt);
        
    Zusammenbleiben";Wohngemeinschaft, Liebe, Beziehung, Wohnen;2026-07-29T18:46:55+02:00;2026-07-29T18:46:55+02:00;Lara Voelter;;false
ef0413ad778b8c84c82d55d6d3b3625f8bbfef5b2cb1bcfaa8cfb88e857bc389;Neuendorf nennt FIFA-Investoren-Plan «überaus problematisch»;https://www.zeit.de/news/2026-07/29/neuendorf-nennt-fifa-investoren-plan-ueberaus-problematisch;Hier finden Sie Informationen zu dem Thema „WM-Rechte zum Verkauf?“. Lesen Sie jetzt „Neuendorf nennt FIFA-Investoren-Plan «überaus problematisch»“.;WM-Rechte zum Verkauf?;News, WM-Rechte zum Verkauf?, Bernd Neuendorf, DFB-Präsident, ZDF, Fifa, Investorendeal;2026-07-29T18:36:07+02:00;2026-07-29T18:36:07+02:00;;dpa Sport;false
674b3f412f787b739a0a89811573f0b69c774c5f3c0a0cf005a61a1212e1502f;23 Jahre alte DNA-Spur führt Polizei zu mutmaßlichem Räuber;https://www.zeit.de/news/2026-07/29/23-jahre-alte-dna-spur-fuehrt-polizei-zu-mutmasslichem-raeuber;Hier finden Sie Informationen zu dem Thema „Ermittlungserfolg“. Lesen Sie jetzt „23 Jahre alte DNA-Spur führt Polizei zu mutmaßlichem Räuber“.;Ermittlungserfolg;News, Ermittlungserfolg, Mann, Glandorf, Colnrade, Landkreis Osnabrück, Polizei, Kripo, Ermittlungserfolg, Verbrauchermarkt, Auto;2026-07-29T18:28:17+02:00;2026-07-29T18:28:17+02:00;;dpa Niedersachsen;false
774a8739c6b6f7bf71f16e8441d7a50c530fc46788fb6deb645927bc5e46af40;Wieder Korruptionsverdacht: Durchsuchungen in JVA Willich 1;https://www.zeit.de/news/2026-07/29/wieder-korruptionsverdacht-durchsuchungen-in-jva-willich-1;Hier finden Sie Informationen zu dem Thema „Drogenhandel hinter Gittern?“. Lesen Sie jetzt „Wieder Korruptionsverdacht: Durchsuchungen in JVA Willich 1“.;Drogenhandel hinter Gittern?;News, Drogenhandel hinter Gittern?, NRW, Willich, Krefeld, Euskirchen, Rheinbach, FDP, Justizvollzugsanstalt Willich, Staatsanwaltschaft, Kölner Stadt-Anzeiger, Durchsuchung;2026-07-29T18:26:29+02:00;2026-07-29T18:26:29+02:00;;dpa Nordrhein-Westfalen;false
fe45d219fe82fa243fc538e3f7a7c9c08c9d1b554d11dc758d2e08543f32229a;Hitze bei Wacken Open Air - Metalfans im Freibad;https://www.zeit.de/news/2026-07/29/hitze-bei-wacken-open-air-metalfans-im-freibad;Hier finden Sie Informationen zu dem Thema „Heavy-Metal-Festival“. Lesen Sie jetzt „Hitze bei Wacken Open Air - Metalfans im Freibad“.;Heavy-Metal-Festival;News, Heavy-Metal-Festival, Deutsche Presse-Agentur, Wacken Open Air, Freibad, Abkühlung, Hitze;2026-07-29T18:16:48+02:00;2026-07-29T18:16:48+02:00;;dpa Hamburg/Schleswig-Holstein;false
94957cb4123374fcc0f301a356a8da6e436ef115e2878073d7a33faa94a58f68;Ausflugskutter hat Problem mit Netz und wird abgeschleppt;https://www.zeit.de/news/2026-07/29/ausflugskutter-hat-problem-mit-netz-und-wird-abgeschleppt;Hier finden Sie Informationen zu dem Thema „Gefahr durch eigenes Netz“. Lesen Sie jetzt „Ausflugskutter hat Problem mit Netz und wird abgeschleppt“.;Gefahr durch eigenes Netz;News, Gefahr durch eigenes Netz, Ausflugskutter;2026-07-29T18:15:35+02:00;2026-07-29T18:15:35+02:00;;dpa Hamburg/Schleswig-Holstein;false
ac26c963b0f54de9f215d844f27372329003a487ed61d5c4e1848ab18f40fe88;Wann ist ein AfD-Kandidat ein Verfassungsfeind?;https://www.zeit.de/politik/deutschland/2026-07/afd-kandidat-niedersachsen-kommunalwahl-buergermeister-landrat;In Niedersachsen können Laien in Wahlausschüssen über Kandidaturen entscheiden. AfD-Verbot durch die Hintertür oder demokratisch angemessen? Die Aufregung ist groß.;"Z+ (abopflichtiger Inhalt);
        
    Wahlausschüsse und die AfD";Politik, Wahlausschüsse und die AfD      , Alternative für Deutschland, Landtagswahl, Verfassungsschutz, Niedersachsen, Innenministerium;2026-07-29T18:15:24+02:00;2026-07-29T18:15:24+02:00;Christian ParthTilman Steffen;;false
1334a5ff7985181642cd28b8a11c70c013b71883ee07ec942186a61b6982eb31;Hitzewelle und trockener Wind treiben Brände in Südeuropa an;https://www.zeit.de/news/2026-07/29/waldbraende-bei-bordeaux-feuerwehr-kaempft-gegen-neue-flammen;Hier finden Sie Informationen zu dem Thema „Waldbrände“. Lesen Sie jetzt „Hitzewelle und trockener Wind treiben Brände in Südeuropa an“.;Waldbrände;News, Waldbrände, Météo France, Sophie Broca, Atlantikküste, Bordeaux, Spanien, Madrid, Feuerwehr, Waldbrand, Wiederaufflammende, Einsatzkraft;2026-07-29T18:15:18+02:00;2026-07-29T18:15:18+02:00;;dpa;false
077181bd9ff6d3db5b9595ef1e90546a0451ab8fc372b869fa6da0eddfdaa9f2;Nürnberg bereitet Straßenbahnen auf neue Hitzewelle vor;https://www.zeit.de/news/2026-07/29/nuernberg-bereitet-strassenbahnen-auf-neue-hitzewelle-vor;Hier finden Sie Informationen zu dem Thema „Nach Hitzeschäden“. Lesen Sie jetzt „Nürnberg bereitet Straßenbahnen auf neue Hitzewelle vor“.;Nach Hitzeschäden;News, Nach Hitzeschäden, Nürnberg, VAG, Straßenbahn, Hitzeschaden, Ausfall, Hitzewelle, Aktien, Hitze;2026-07-29T18:11:29+02:00;2026-07-29T18:11:29+02:00;;dpa Bayern;false
dd0763888df47339cf8204155dc27e5d4a1fa059873c2f423136a90f77d46c66;BTS will wegen neuer Preiskategorie nicht an den Grammys teilnehmen;https://www.zeit.de/feuilleton/musik/2026-07/bts-grammy-awards-protest-k-pop;Die K-Pop-Band BTS kritisiert eine neue Grammy-Preiskategorie für asiatischen Pop. Musik dürfe nicht anhand von Sprachen von Regionen definiert werden, sagen die Musiker.;BTSK-Pop-Band;Feuilleton, BTSK-Pop-Band, Grammy Awards, Musikindustrie, Musik, Protest;2026-07-29T18:09:31+02:00;2026-07-29T18:09:31+02:00;akm;DIE ZEIT,        AFP,        							akm;false
ee8453382455d45ae24c1ee650232369c997ee5ad5a1bab801ada0169c8d0c1b;Nord-Duell zum Auftakt des Basketball-Pokals;https://www.zeit.de/news/2026-07/29/nord-duell-zum-auftakt-des-basketball-pokals;Hier finden Sie Informationen zu dem Thema „Basketball“. Lesen Sie jetzt „Nord-Duell zum Auftakt des Basketball-Pokals“.;Basketball;News, Basketball, Nordduell, Basketball, Pokal;2026-07-29T18:09:27+02:00;2026-07-29T18:09:27+02:00;;dpa Hamburg/Schleswig-Holstein;false
f04332dd6a950ff0726f1b76e2cd1362dba123e2cf852eaec8ab0d62437a5fc6;Feldbrand in Sondershausen - Kriegsaltlasten im Boden;https://www.zeit.de/news/2026-07/29/feldbrand-in-sondershausen-kriegsaltlasten-im-boden;Hier finden Sie Informationen zu dem Thema „Brände“. Lesen Sie jetzt „Feldbrand in Sondershausen - Kriegsaltlasten im Boden“.;Brände;News, Brände, Sondershausen, Polizei, Kriegsaltlast, Feldbrand, Brand;2026-07-29T18:09:20+02:00;2026-07-29T18:09:20+02:00;;dpa Thüringen;false
6882f16c238d831edba09c17d08b27714d0436ace3aac80e2c0e837c0f49b03f;Airbus stellt Langstreckenrekord mit 24-Stunden-Flug auf;https://www.zeit.de/news/2026-07/29/qantas-stellt-langstreckenrekord-mit-24-stunden-flug-auf;Hier finden Sie Informationen zu dem Thema „Von Melbourne nach Toulouse“. Lesen Sie jetzt „Airbus stellt Langstreckenrekord mit 24-Stunden-Flug auf“.;Von Melbourne nach Toulouse;News, Von Melbourne nach Toulouse, Toulouse, London, Melbourne, Airbus S. A. S., Qantas, Airbus A350, Langstreckenrekord, Ultralangstrecke;2026-07-29T18:06:42+02:00;2026-07-29T18:06:42+02:00;;dpa;false
0eb07ce140effd8289dde8b33472bede273ed5c1ebee468f56851bf48a66eadb;Sudans Frauen geben nicht auf;https://www.zeit.de/video/2026-07/krieg-sudan-frauen-goldhandel-finanzierung;Im Sudan herrscht Krieg – finanziert durch globalen Goldhandel. Eine Reise zu sudanesischen Frauen, die einander Kraft und Halt geben;Videoreportage;Video, Videoreportage, Sudan, Frauen, Bürgerkrieg, Edelmetall, Ostafrika, Angst;2026-07-29T18:03:13+02:00;2026-07-29T18:03:13+02:00;Elif KüçükCelia Parbey;;false
3ce76aa47b34e596aa492e0f39bc3450b1b012d73b3e04e3fe2159ced471db3b;Kuba öffnet mehrere Wirtschaftssektoren für Privatfirmen;https://www.zeit.de/politik/ausland/2026-07/kuba-wirtschaftskrise-privatunternehmen-regierung-oelblockade-usa;Angesichts der Wirtschaftskrise hat die kommunistische Führung Kubas einige Sektoren für private Unternehmen geöffnet. Dazu zählen Apotheken, Tankstellen und Altenpflege.;Wirtschaftskrise in Kuba;Politik, Wirtschaftskrise in Kuba, Kuba, Havanna, Wirtschaftskrise, Altenpflege, Apotheke;2026-07-29T18:00:55+02:00;2026-07-29T18:00:55+02:00;pip;DIE ZEIT,        AFP,        							pip;false
28fe70acd3ba52e5422c3ccfa7d882bb5e668bac1325b4e98d98e816c6e52be3;Fahrrad von Bahn erfasst - 13-Jähriger springt ins Gebüsch;https://www.zeit.de/news/2026-07/29/fahrrad-von-bahn-erfasst-13-jaehriger-springt-ins-gebuesch;Hier finden Sie Informationen zu dem Thema „Verkehrsunfall“. Lesen Sie jetzt „Fahrrad von Bahn erfasst - 13-Jähriger springt ins Gebüsch“.;Verkehrsunfall;News, Verkehrsunfall, Ludwigsburg, Polizei, Gebüsch, Verkehrsunfall, Stadtbahn, Fahrrad;2026-07-29T17:46:59+02:00;2026-07-29T17:46:59+02:00;;dpa Baden-Württemberg;false
c77070a4bd8cd7ef4df66d794e9b664446360de595b6002dc7b2f5487d4dee93;Schalke verlängert mit Eigengewächs Ayhan bis 2030;https://www.zeit.de/news/2026-07/29/schalke-verlaengert-mit-eigengewaechs-ayhan-bis-2030;Hier finden Sie Informationen zu dem Thema „Fußball-Bundesliga“. Lesen Sie jetzt „Schalke verlängert mit Eigengewächs Ayhan bis 2030“.;Fußball-Bundesliga;News, Fußball-Bundesliga, Mertcan Ayhan, Schalke, FC Schalke 04, Fußball-Bundesliga, Bundesliga, Ausstiegsklausel;2026-07-29T17:45:36+02:00;2026-07-29T17:45:36+02:00;;dpa Nordrhein-Westfalen;false
20aac2da149aee050dc188d86258a45074613f9d121e58fa06871b7b035f15ce;Unionsfraktion wählt Thorsten Frei zum Vorsitzenden;https://www.zeit.de/politik/deutschland/2026-07/thorsten-frei-zum-vorsitzenden-der-unionsfraktion-gewaehlt;Die Abgeordneten von CDU und CSU haben Thorsten Frei mit 91,9 Prozent zu ihrem neuen Vorsitzenden gewählt. Weitere Personalveränderungen plant der Bundeskanzler nicht.;Bundestag;Politik, Bundestag, Thorsten Frei, Unionsfraktion, Deutscher Bundestag, Friedrich Merz, CDU, CSU;2026-07-29T17:41:52+02:00;2026-07-29T17:41:52+02:00;als;DIE ZEIT,        dpa,        AFP,        							als;false
13d064ca046f2988a7e38ab1a79f34b9f3610ce6ee08d4cb1f84ff43af2961f1;Scheitern? Immer eine Option;https://www.zeit.de/feuilleton/musik/2026-07/album-charli-xcx-music-fashion-film-popmusik-rezension;Mit den aufgebrezelten Rocksongs ihres neuen Albums erzählt Charli xcx von der Sinnlosigkeit und Notwendigkeit jeder Kunst. Das rettet nicht den Sommer, aber sie selbst.;"Z+ (abopflichtiger Inhalt);
        
    Charli xcx";Feuilleton, Charli xcx, Musik, Konzert, Mode, Popmusik;2026-07-29T17:38:25+02:00;2026-07-29T17:38:25+02:00;Berit Dießelkämper;;false
1ecd281878004cdc7cd3a17b91db75b838041c40676e7fabfed5c719d5bf887b;NRW verschärft Überwachung von 165 islamistischen Gefährdern;https://www.zeit.de/news/2026-07/29/nrw-polizei-nimmt-islamistische-gefaehrder-staerker-ins-visier;Hier finden Sie Informationen zu dem Thema „Viele Maßnahmen möglich“. Lesen Sie jetzt „NRW verschärft Überwachung von 165 islamistischen Gefährdern“.;Viele Maßnahmen möglich;News, Viele Maßnahmen möglich, Herbert Reul, Berlin, NRW, Nordrhein-Westfalen, Düsseldorf, Polizei, CDU, Christopher Street Day, Kreispolizeibehörde, Sicherheitsmaßnahme;2026-07-29T17:38:08+02:00;2026-07-29T17:38:08+02:00;;dpa Nordrhein-Westfalen;false
b24e7b756bd61eaf0aff925b412ba489b334a3ce7be12cb831f9a6c26a5e3b14;SPD setzt im Wahlkampf auf Sauberkeit und Mietendeckel;https://www.zeit.de/news/2026-07/29/spd-setzt-im-wahlkampf-auf-sauberkeit-und-mietendeckel;Hier finden Sie Informationen zu dem Thema „Wahlen in Berlin“. Lesen Sie jetzt „SPD setzt im Wahlkampf auf Sauberkeit und Mietendeckel“.;Wahlen in Berlin;News, Wahlen in Berlin, Steffen Krach, Berlin, Berlin-Friedrichshain, SPD, Mietendeckel, Sauberkeit, Miete, Wahlkampf, Familie;2026-07-29T17:36:46+02:00;2026-07-29T17:36:46+02:00;;dpa Berlin/Brandenburg;false
1af7165b7c5a2d9cc153973e6c4b2be29996a68139113151fcf865508b3129a8;Polizei durchsucht Stadtbibliothek;https://www.zeit.de/news/2026-07/29/polizei-durchsucht-stadtbibliothek;Hier finden Sie Informationen zu dem Thema „Einsatz“. Lesen Sie jetzt „Polizei durchsucht Stadtbibliothek“.;Einsatz;News, Einsatz, Polizei, Stadtbibliothek;2026-07-29T17:33:56+02:00;2026-07-29T17:33:56+02:00;;dpa Bayern;false
9cfbf6ca5870becc6e45e1aa9d60e1d77168bf5cc6c54832d577a21cc552553c;Großer Teil der Metalfans bereits in Wacken;https://www.zeit.de/news/2026-07/29/grosser-teil-der-metalfans-bereits-in-wacken;Hier finden Sie Informationen zu dem Thema „Wacken Open Air (W:O:A)“. Lesen Sie jetzt „Großer Teil der Metalfans bereits in Wacken“.;Wacken Open Air (W:O:A);News, Wacken Open Air (W:O:A), Wacken Open Air;2026-07-29T17:29:28+02:00;2026-07-29T17:29:28+02:00;;dpa Hamburg/Schleswig-Holstein;false
8fd18c64b28d931d816213b13c875114bdcb96c995146b39a5c8fbf9bfad66c2;Erneute Hitzewarnung - Rhein droht vielerorts Rekordtief;https://www.zeit.de/news/2026-07/29/laumann-in-krankenhaeusern-in-der-regel-keine-klimaanlagen;Hier finden Sie Informationen zu dem Thema „Rhein wird immer schmaler“. Lesen Sie jetzt „Erneute Hitzewarnung - Rhein droht vielerorts Rekordtief“.;Rhein wird immer schmaler;News, Rhein wird immer schmaler, Karl-Josef Laumann, NRW, Nordrhein-Westfalen, WDR, Klimaanlage, Hitzephase, Morgenecho, Unwetter, Hitze;2026-07-29T17:26:09+02:00;2026-07-29T17:26:09+02:00;;dpa Nordrhein-Westfalen;false
0db762828129837711e3a72957686017b2b72148ef8e69f11537f8d11203d4a5;Halle mit Spraydosen in Flammen - zehn Häuser geräumt;https://www.zeit.de/news/2026-07/29/meterhohe-rauchsaeule-halle-mit-spraydosen-in-flammen;Hier finden Sie Informationen zu dem Thema „Großbrand“. Lesen Sie jetzt „Halle mit Spraydosen in Flammen - zehn Häuser geräumt“.;Großbrand;News, Großbrand, Neunkirchen, Feuerwehr, Rauchsäule, Spraydose, Lagerhalle, Großbrand, Brandbekämpfung, Einsatzkraft;2026-07-29T17:21:43+02:00;2026-07-29T17:21:43+02:00;;dpa Rheinland-Pfalz/Saarland;false
c54dae91f85c7e849da31beffc29b33574ab9a9106be45283b2ea4efbc381ab0;Freier Freibadzugang für Kinder in Anröchte dank Spende;https://www.zeit.de/news/2026-07/29/freier-freibadzugang-fuer-kinder-in-anroechte-dank-spende;Hier finden Sie Informationen zu dem Thema „Ferienaktion“. Lesen Sie jetzt „Freier Freibadzugang für Kinder in Anröchte dank Spende“.;Ferienaktion;News, Ferienaktion, Anröchte, Ferienaktion, Spende, Waldfreibad;2026-07-29T17:19:23+02:00;2026-07-29T17:19:23+02:00;;dpa Nordrhein-Westfalen;false
0d5375373480cc51314f03f407008766e86fdb98697b8279aa970422a134985c;Plastikkübel fällt von Anhänger - Motorradfahrer stirbt;https://www.zeit.de/news/2026-07/29/plastikkuebel-faellt-von-anhaenger-motorradfahrer-stirbt;Hier finden Sie Informationen zu dem Thema „Unfälle“. Lesen Sie jetzt „Plastikkübel fällt von Anhänger - Motorradfahrer stirbt“.;Unfälle;News, Unfälle, Homberg, Polizei, Plastikkübel, Unfall, Vogelsbergkreis;2026-07-29T17:14:16+02:00;2026-07-29T17:14:16+02:00;;dpa Hessen;false
d683a88029d8313f3fb0242e82cb99d58b08e2dde6e399e8ac82ac1f792cf0df;Münchens Feuerwehr bereit für Hilfseinsatz in Bordeaux;https://www.zeit.de/news/2026-07/29/muenchens-feuerwehr-bereit-fuer-hilfseinsatz-in-bordeaux;Hier finden Sie Informationen zu dem Thema „Flächenbrände in Südeuropa“. Lesen Sie jetzt „Münchens Feuerwehr bereit für Hilfseinsatz in Bordeaux“.;Flächenbrände in Südeuropa;News, Flächenbrände in Südeuropa, München, Südeuropa, Bordeaux, Frankreich, Feuerwehr, Freiwillige Feuerwehr, Hilfseinsatz, Flächenbrand, Partnerstadt, Fahrzeug;2026-07-29T17:13:42+02:00;2026-07-29T17:13:42+02:00;;dpa Bayern;false
fc2b58dd41dbaa40a86c511dc44213c891e478f6722aed9e192f67fac76f9db4;Live: Friedrich Merz äußert sich zum neuen Unionsfraktionschef Frei;https://www.zeit.de/video/2026-07/entlassung-patrick-schnieder-verkehrsminister-reaktion-friedrich-merz-markus-soeder;Thorsten Frei wurde von der Unionsfraktion zum neuen Vorsitzenden gewählt. Was er, Parteichef Merz und CSU-Chef Markus Söder dazu sagen, sehen Sie im Livestream.;Livestream:CDU-Bundestagsfraktion;Video, CDU-Bundestagsfraktion, Unionsfraktion, Thorsten Frei, Friedrich Merz, Markus Söder, CSU, CDU;2026-07-29T17:09:54+02:00;2026-07-29T17:09:54+02:00;;;false
e31d0e91c2f21ec1cd65476c102982e839f7ca9142fca24cf88121eead6a5aa5;"Niedersachsens AfD-Vize nicht 
zu Landratswahl in Lüneburg zugelassen";https://www.zeit.de/politik/deutschland/2026-07/landratswahl-lueneburg-stephan-bothe-afd-ausschluss;Stephan Bothe wollte für die AfD Landrat in Lüneburg werden. Der Wahlausschuss stimmte dagegen. Es gibt Zweifel an seiner Verfassungstreue.;AfD;Politik, AfD, Alternative für Deutschland, Verfassungsschutz, Lüneburg, Niedersachsen, Landtagswahl;2026-07-29T17:09:04+02:00;2026-07-29T17:09:04+02:00;als;DIE ZEIT,        dpa,        							als;false
9177cc579e37675f55aa2c2ffdebe2703ebe357c8117f87fdbd43145da2e6b22;Landeszentrum warnt vor Waldbrandgefahr;https://www.zeit.de/news/2026-07/29/landeszentrum-warnt-vor-waldbrandgefahr;Hier finden Sie Informationen zu dem Thema „Besondere Regelungen“. Lesen Sie jetzt „Landeszentrum warnt vor Waldbrandgefahr“.;Besondere Regelungen;News, Besondere Regelungen, Sachsen-Anhalt, Landeszentrum, Waldbrandgefahr, Wald, Waldbrand;2026-07-29T17:05:20+02:00;2026-07-29T17:05:20+02:00;;dpa Sachsen;false
fbeb0ed6a9b22b3a22f209abe027cb02fdb70222523fa682f97e880e38a815de;Grüne kritisieren MV-Klimaanpassungsstrategie: Geld fehlt;https://www.zeit.de/news/2026-07/29/gruene-kritisieren-mv-klimaanpassungsstrategie-geld-fehlt;Hier finden Sie Informationen zu dem Thema „Teure Anpassung an Erwärmung“. Lesen Sie jetzt „Grüne kritisieren MV-Klimaanpassungsstrategie: Geld fehlt“.;Teure Anpassung an Erwärmung;News, Teure Anpassung an Erwärmung, Till Backhaus, Claudia Müller, Mecklenburg-Vorpommern, SPD, Bündnis 90/Die Grünen, Landtagswahl, Erwärmung, Klimaanpassungsstrategie, Erderwärmung, Geld;2026-07-29T16:59:39+02:00;2026-07-29T16:59:39+02:00;;dpa Mecklenburg-Vorpommern;false
5d306a50f86c54973330cfedf57b48a8f657af8d92415f72f001d911f7a1cdec;Block-Prozess: Gutachten zu Folgen der Entführung für Kinder;https://www.zeit.de/news/2026-07/29/block-prozess-gutachten-zu-folgen-der-entfuehrung-fuer-kinder;Hier finden Sie Informationen zu dem Thema „65. Verhandlungstag“. Lesen Sie jetzt „Block-Prozess: Gutachten zu Folgen der Entführung für Kinder“.;65. Verhandlungstag;News, 65. Verhandlungstag, Christina Block, Stephan Hensel, Mareike Schüler-Springorum, Dänemark, Süddeutschland, Pforzheim, Hamburg, Entführung, Verhandlungstag;2026-07-29T16:59:20+02:00;2026-07-29T16:59:20+02:00;;dpa Hamburg/Schleswig-Holstein;false
769652cc31235f5daf50997ef5118d3710579995173b0c39edc5aa5dbbf77ad0;Heiter bis glücklich;https://www.zeit.de/zeit-magazin/2026/33/bewaehrte-gegenstaende-geschirr-krawatte-puzzle;Das Comeback der Diddl-Maus, gestrickte Handtücher und ein süßes Nilpferd-Baby: Unsere Entdeckungen der Woche;"Z+ (abopflichtiger Inhalt);
        
    Bewährte Gegenstände";Krawatte, Geschirr;2026-07-29T16:59:04+02:00;2026-07-29T16:59:04+02:00;Amelie Apel;Aus dem        ZEITmagazin Nr. 33/2026;false
26377045344937a35304ca738ddd95f565ad7896c7dd8ea6da59ef07d26d6abe;Sparkassen-Schließfachanlage nach Aufbruch wieder zugänglich;https://www.zeit.de/news/2026-07/29/sparkassen-schliessfachanlage-nach-aufbruch-wieder-zugaenglich;Hier finden Sie Informationen zu dem Thema „Kriminalität“. Lesen Sie jetzt „Sparkassen-Schließfachanlage nach Aufbruch wieder zugänglich“.;Kriminalität;News, Kriminalität, Mönchengladbach, Polizei, Schließfach, Schließfachanlage;2026-07-29T16:59:00+02:00;2026-07-29T16:59:00+02:00;;dpa Nordrhein-Westfalen;false
7039cb5aaaf44018338531505033776d8c3dea677229874a7d3c8ed6bb70faeb;Mann stirbt bei Unfall mit Bagger;https://www.zeit.de/news/2026-07/29/mann-stirbt-bei-unfall-mit-bagger;Hier finden Sie Informationen zu dem Thema „Bei Arbeit im Garten“. Lesen Sie jetzt „Mann stirbt bei Unfall mit Bagger“.;Bei Arbeit im Garten;News, Bei Arbeit im Garten, Unfall, Baggerunfall;2026-07-29T16:58:00+02:00;2026-07-29T16:58:00+02:00;;dpa Baden-Württemberg;false
1c30b82daf8cf23c7bc3e92312d85b9778bd7f7498ee2cf4a0552a3edeca1c34;Diebe stehlen mit Spirituosen beladenen Sattelauflieger;https://www.zeit.de/news/2026-07/29/diebe-stehlen-mit-spirituosen-beladenen-sattelauflieger;Hier finden Sie Informationen zu dem Thema „Kriminalität“. Lesen Sie jetzt „Diebe stehlen mit Spirituosen beladenen Sattelauflieger“.;Kriminalität;News, Kriminalität, Sattelauflieger, Spirituosen;2026-07-29T16:57:38+02:00;2026-07-29T16:57:38+02:00;;dpa Baden-Württemberg;false
6eb9502431c0efef664eecde0ed5069c1d9253241501dcd2b45c21a997079c12;«Schrottkanus»: Fast 100 Boote und Boards entfernt;https://www.zeit.de/news/2026-07/29/schrottkanus-fast-100-boote-und-boards-entfernt;Hier finden Sie Informationen zu dem Thema „Alster“. Lesen Sie jetzt „«Schrottkanus»: Fast 100 Boote und Boards entfernt“.;Alster;News, Alster, Hamburg-Nord, Bezirksamt Hamburg, Schrottkanu, Tiere;2026-07-29T16:54:13+02:00;2026-07-29T16:54:13+02:00;;dpa Hamburg/Schleswig-Holstein;false
f06550e7a6f069e7224dda19fa649ca4e822b6db652d78b5b70b896d64b2ff32;Kommt Cola aus Europa? Fund in Klosterapotheke;https://www.zeit.de/news/2026-07/29/vorlaeufer-von-coca-cola-schon-vor-175-jahren-in-florenz;Hier finden Sie Informationen zu dem Thema „Fund in Apotheke“. Lesen Sie jetzt „Kommt Cola aus Europa? Fund in Klosterapotheke“.;Fund in Apotheke;News, Fund in Apotheke, Manuel Russo, John Pemberton, Florenz, Toskana, USA, Pemberton, Coca Cola, Klosterapotheke, Rezeptmischung, Apotheke;2026-07-29T16:53:47+02:00;2026-07-29T16:53:47+02:00;;dpa;false
092e53b002787bcc6f6efe566fd9e00b02f2c95fdf930a6cc1d0c6cec859b0ec;FCM-Verteidiger verletzt sich - lange Pause für Musonda;https://www.zeit.de/news/2026-07/29/fcm-verteidiger-verletzt-sich-lange-pause-fuer-musonda;Hier finden Sie Informationen zu dem Thema „2. Fußball-Bundesliga“. Lesen Sie jetzt „FCM-Verteidiger verletzt sich - lange Pause für Musonda“.;2. Fußball-Bundesliga;News, 2. Fußball-Bundesliga, Fußball-Bundesliga, Mannschaftstraining;2026-07-29T16:52:13+02:00;2026-07-29T16:52:13+02:00;;dpa Sachsen;false
fa1741562e73a4d0a9413d7de0c07171bb96854aed133f7712baab7e0ea951d7;Metalheads stürmen das Infield des Wacken Open Air;https://www.zeit.de/news/2026-07/29/metalheads-stuermen-das-infield-des-wacken-open-air;Hier finden Sie Informationen zu dem Thema „Wacken Open Air (W:O:A)“. Lesen Sie jetzt „Metalheads stürmen das Infield des Wacken Open Air“.;Wacken Open Air (W:O:A);News, Wacken Open Air (W:O:A), Wacken Open Air, Hauptbühne;2026-07-29T16:50:47+02:00;2026-07-29T16:50:47+02:00;;dpa;false
ca9cc28527474143c92690298656b3f4ba8207aec5de452bd7ab37879e90d0d6;Französischer Kult-DJ Kavinsky mit 50 Jahren gestorben;https://www.zeit.de/news/2026-07/29/franzoesischer-kult-dj-kavinsky-mit-50-jahren-gestorben;Hier finden Sie Informationen zu dem Thema „Auftritt“. Lesen Sie jetzt „Französischer Kult-DJ Kavinsky mit 50 Jahren gestorben“.;Auftritt;News, Auftritt, Vincent Belorgey, Paris, Le Parisien;2026-07-29T16:49:59+02:00;2026-07-29T16:49:59+02:00;;dpa;false
8c526b438f04581fbc2785e4da1ebf4ca0923edca71cc881a31d79bf9a519964;Alles ist plötzlich hell erleuchtet;https://www.zeit.de/2026/33/deutsche-intellektuelle-geisteswissenschaft-maenner-frauen-juergen-habermas;Nun hat die Zeit nach Habermas begonnen. Und man sieht: Da sind längst überall Frauen, natürlich.;"Z+ (abopflichtiger Inhalt);
        
    Deutsche Intellektuelle";Feuilleton, Deutsche Intellektuelle , Alexander Kluge, Hans Magnus Enzensberger, Jan Assmann, Ralf Dahrendorf, Ulrich Beck, Reinhart Koselleck, Hans-Ulrich Wehler, Günter Grass, Martin Walser, Wilhelm Dilthey;2026-07-29T16:48:47+02:00;2026-07-29T16:48:47+02:00;Elisabeth von Thadden;Aus der        ZEIT Nr. 33/2026;false
ebc77f095a8f78d970f3524f13b52c365804d8851c060748f92c44b2a7e2e56d;»Sucht ist ja auch eine Sehnsucht«;https://www.zeit.de/2026/33/was-zwischen-zwei-menschen-geschieht-christine-burgatz-brigitte-reimann-roman;Die letzte Ehe der Schriftstellerin Brigitte Reimann mit einem Arzt verlief extrem ungesund. Dessen Tochter Christine Burgartz hat nun ein Buch darüber geschrieben.;"Z+ (abopflichtiger Inhalt);
        
    »Was zwischen zwei Menschen geschieht«";Feuilleton, »Was zwischen zwei Menschen geschieht« , Brigitte Reimann, Schriftstellerin, Sucht, Liebe, Familie, Belletristik;2026-07-29T16:48:47+02:00;2026-07-29T16:48:47+02:00;Carolin Würfel;Aus der        ZEIT Nr. 33/2026;false
b293cb4e138c6f54271931c32ee6b5301cebd1554a06e872823082597ee907e4;Es lohnt sich, Erbsen zu zählen;https://www.zeit.de/2026/33/rechtspopulismus-politische-mitte-ideologie-afd-cdu;Die politische Mitte habe dem Erfolg der Radikalen nur einen Taschenrechner und Sachzwänge entgegenzusetzen, schrieb Robert Pausch. Was heißt hier »nur«?  ;"Z+ (abopflichtiger Inhalt);
        
    Rechtspopulismus";Politik, Rechtspopulismus, Robert Pausch, Ulrich Siegmund, Markus Lanz, Christoph Möller, Großbritannien, Alternative für Deutschland, Europäische Union, Landtagswahl in Sachsen, Sachzwang, Erfolg;2026-07-29T16:48:45+02:00;2026-07-29T16:48:45+02:00;Mark Schieritz;Aus der        ZEIT Nr. 33/2026;false
ee0e6e86a3613470c5e8241377264c52b7c24a20023acec8ab7ea39c2c3a2970;Aus dem Sommerwald;https://www.zeit.de/zeit-magazin/2026/33/blaubeerkuchen-streusel-zitrone-rezept-wochenmarkt;Ein Sommerkuchen sollte schön schwer sein. Schwer von Beeren und Streuseln und Buttermilch. Aber ein bisschen Leichtigkeit gibt’s auch: von zwei frischen Zitronen.;"Z+ (abopflichtiger Inhalt);
        
    Blaubeerkuchen";vegetarische Rezepte, Kuchen;2026-07-29T16:48:45+02:00;2026-07-29T16:48:45+02:00;Elisabeth Raether;Aus der        ZEIT Nr. 33/2026;false
6277f253c4baa74c52ca6825052132e04b52d6aea54f422baab787f6585ea2ce;Körper  vs.  Stumpfsinn;https://www.zeit.de/2026/33/gabriele-stoetzer-ddr-kuenstlerin-gropius-bau-fotografien-werkschau;Vom Frauenknast zum Weltruhm: Eine große Werkschau im Berliner Gropius Bau feiert die Erfurter Künstlerin Gabriele Stötzer endlich so, wie sie es verdient ;"Z+ (abopflichtiger Inhalt);
        
    Gabriele Stötzer";Feuilleton, Gabriele Stötzer, Gabriele Stötzer, Georg Baselitz, Cy Twombly, Cindy Sherman, Rebecca Horn, Henry Moore, Wolfgang Tillmans, Joseph Beuys, Gerhard Richter, Rosemarie Trockel;2026-07-29T16:48:42+02:00;2026-07-29T16:48:42+02:00;Alexander Cammann;Aus der        ZEIT Nr. 33/2026;false
cbb973b2962bccf5d587b37e6bab1ebe3ea9bbdd31e48421e42aa94635af648b;Guter Stoff;https://www.zeit.de/zeit-magazin/2026/33/babydoll-kleid-trend-olivia-rodrigo-chloe;Claire Beermann schreibt über das Thema „Babydoll-Kleid“. Lesen Sie jetzt „Guter Stoff“.;"Z+ (abopflichtiger Inhalt);
        
    Babydoll-Kleid";Olivia Rodrigo;2026-07-29T16:48:40+02:00;2026-07-29T16:48:40+02:00;Claire Beermann;Aus dem        ZEITmagazin Nr. 33/2026;false
cbbef207327c03c6cb0a90ee788d16ae5f04a704f6caf23274356c992db1c839;Ein Stadion für eine Nacht;https://www.zeit.de/2026/33/kanye-west-albanien-konzert-tirana-klodian-makashi-edi-rama;US-Rapper Kanye West darf in vielen europäischen Ländern nicht auftreten. Aber ein Veranstalter holt ihn nach Albanien – und muss in sechs Wochen eine Arena errichten.;"Z+ (abopflichtiger Inhalt);
        
    Kanye West in Albanien";Wirtschaft, Kanye West in Albanien, Kanye West, Edi Rama, Friedrich Merz, Jared Kushner, Ye Rama, Tirana, Eagle Stadium, Albanien, Berlin, Makashi;2026-07-29T16:48:39+02:00;2026-07-29T16:48:39+02:00;Franziska Tschinderle;Aus der        ZEIT Nr. 33/2026;false
a900ebbc118d8a325739716f0c3ea7526d18830e2545f77d933a45c29e30a216;»Das Wissen über ihn erklärt mir vieles in meinem Leben«;https://www.zeit.de/2026/33/transgenerationales-trauma-nationalsozialismus-familie-andreas-boente-sa-peter-wiborg;Andreas Bönte erkrankt an einer Angststörung. Erst als er die Nazi-Vergangenheit seines Großvaters erforscht, versteht er, was mit ihm los ist.;"Z+ (abopflichtiger Inhalt);
        
    Transgenerationales Trauma";Wissenschaft, Transgenerationales Trauma, Andreas Bönte, Peter Wiborg, Bönte Mutter, Hanna Christiansen, Johanna Haarer, Mann, Bönte, Rheine, NSDAP, Erster Weltkrieg;2026-07-29T16:48:36+02:00;2026-07-29T16:48:36+02:00;Linda Fischer;Aus der        ZEIT Nr. 33/2026;false
66b0ee8664be630c206cdd996fb2c06caa9320acdf6a67cb08f278557e846aff;Mit 93;https://www.zeit.de/2026/33/93-jahre-alter-schimon-peres-hoerverlust-pflege;In unserer Kolumne nehmen wir uns jede Woche ein Lebensjahr vor. Mit 93 heiratete Rupert Murdoch seine fünfte Frau.;"Z+ (abopflichtiger Inhalt);
        
    93 Jahre";Entdecken, 93 Jahre, Alter, Schimon Peres, Rupert Murdoch, Nahostkonflikt, Pflege;2026-07-29T16:48:34+02:00;2026-07-29T16:48:34+02:00;Petra Mies;Aus der        ZEIT Nr. 33/2026;false
bb41a9af6369928c7273792cd6b734fa34f15018dd4ede1f300c10c742659ba4;»Ins kalte, brausende Wasser zu springen«;https://www.zeit.de/2026/33/schoene-momente-alltag-familie-sommer;Dinge, die ein Leben lebenswert machen, sind mal klein, mal allumfassend. Jede Woche präsentieren wir eine Auswahl stimmungsaufhellender Einsendungen unserer Leserschaft.;"Z+ (abopflichtiger Inhalt);
        
    Schöne Momente";Entdecken, Schöne Momente, Nina Schwarm, Ute Goller, Berlin, Tübingen, Hamburg, Dresden, Wasserspielplatz, Sommertag, Plätzchen, Sommer;2026-07-29T16:48:32+02:00;2026-07-29T16:48:32+02:00;;Aus der        ZEIT Nr. 33/2026;false
7c68fa0713f7f4a0a52bd90d4ebd2dd87010e838cd399b7bcb4ab810acf20cb4;»Mich reizt die Abgeschiedenheit«;https://www.zeit.de/2026/33/archaeologie-neuwerk-hamburg-ausgrabung-leuchtturm-svea-weihmann;Nur 21 Menschen leben dauerhaft auf Neuwerk. Die Archäologin Svea Weihmann kündigte ihren früheren Job, um bei ihnen die Inselgeschichte auszubuddeln.;"Z+ (abopflichtiger Inhalt);
        
    Archäologie auf Neuwerk";Hamburg, Archäologie auf Neuwerk, August Nur, Svea Weihmann, Hamburg, Abgeschiedenheit, Inselgeschichte, Leuchtturm;2026-07-29T16:48:30+02:00;2026-07-29T16:48:30+02:00;Annika Lasarzik;Aus der        ZEIT Nr. 33/2026;false
968f2d3ce83eeb05e0ec2593d59279f0c7b52e8d8c25efc652e0d30842400031;Goldies, but Oldies;https://www.zeit.de/2026/33/oesterreichische-fussballnationalmannschaft-nachwuchs-marko-arnautovic-david-alaba;Eine goldene Generation hat dem österreichischen Männerfußball wieder Erfolge gebracht. Aber nun fehlt der Nachwuchs. ;"Z+ (abopflichtiger Inhalt);
        
    Österreichische Fußballnationalmannschaft";Fußballnationalmannschaft, Österreich, Ralf Rangnick, Fußball-WM, Josef Pröll, FC Red Bull Salzburg;2026-07-29T16:48:29+02:00;2026-07-29T16:48:29+02:00;Gerald Gossmann;Aus dem        ZEITmagazin Nr. 33/2026;false
81c30e1da99c46c450423e066239b0c018e0197107169bd6fb5ab1421cc53274;Mieten geht auch;https://www.zeit.de/2026/33/farhad-vladi-inselmakler-private-inseln-hamburg;Wer eine eigene Insel besitzen will, muss den Hamburger Makler Farhad Vladi anrufen: Er hat schon 3.200 weltweit verkauft. Mieten kann man sie auch.;"Z+ (abopflichtiger Inhalt);
        
    Farhad Vladi";Hamburg, Farhad Vladi, Venedig, Seychellen, Kanada, Hamburg, Miete, Immobilienmarkt;2026-07-29T16:48:27+02:00;2026-07-29T16:48:27+02:00;Christoph Twickel;Aus der        ZEIT Nr. 33/2026;false
b51ce2cfd8bd89f674a527b32e4449165f0dbf6de825368350e49468602b65f5;Hat der Geist wirklich  ein Geschlecht?;https://www.zeit.de/2026/33/philosophie-deutschland-vernunft-geist-maennlichkeit-weiblichkeit;Es wäre unklug, das Denken der Männer zu verwerfen.;"Z+ (abopflichtiger Inhalt);
        
    Philosophie in Deutschland";Feuilleton, Philosophie in Deutschland, Thea Dorn, Manon Garcia, Sabine Müller-Mall, Frauke Rostalski, Mann, Geschlecht, Wald, Autor;2026-07-29T16:48:27+02:00;2026-07-29T16:48:27+02:00;Svenja Flaßpöhler;Aus der        ZEIT Nr. 33/2026;false
08847912e662b74efeecff44611e64413ca06fd0e8f848c0b3f143d426463ce9;»Wir fahren jetzt in den Tod!«;https://www.zeit.de/2026/33/versuchter-totschlag-zwangsehe-familie-bremen-gericht;Als Kinder werden sie von ihren Familien verheiratet, als Erwachsene wird die Ehe zur erdrückenden Last. Bis er beschließt, den Bund mit Gewalt zu lösen. ;"Z+ (abopflichtiger Inhalt);
        
    Versuchter Totschlag";Gesellschaft, Versuchter Totschlag, Emre Erdal, Ebru Erdal, Türkei, Bremen, Unfall, Korsett, Familie, Tradition, Auto, Sommer;2026-07-29T16:48:25+02:00;2026-07-29T16:48:25+02:00;Lisa Brockmeyer;Aus der        ZEIT Nr. 33/2026;false
affd58917dacd29aa4e0710eacc22ba2fa88b02d9e9adbd36b12888937f74971;Sie merkt nicht, dass er sie filmt;https://www.zeit.de/2026/33/illegale-videos-smartglasses-meta-berlin-frauen-datenschutz;Eine wachsende Zahl von Frauen wird Opfer illegaler Videos, die Männer heimlich von ihnen mit smarten Brillen von Meta aufnehmen. ;"Z+ (abopflichtiger Inhalt);
        
    Illegale Videos mit Smartglasses";Wirtschaft, Illegale Videos mit Smartglasses, Mohammad S., Tilmann Brockhaus, Thomas Schwenke, Mann, Berlin, Hamburg, Berlin-Mitte, Museumsinsel, Oakley, Apple;2026-07-29T16:48:18+02:00;2026-07-29T16:48:18+02:00;Johanna Jürgens;Aus der        ZEIT Nr. 33/2026;false
df96a6c40b4473c74249ca92dca22a6e1bd8be4b16834eef0e021afb84991b2f;Auch der Leib denkt mit;https://www.zeit.de/2026/33/female-energy-weiblichkeit-koerper-geisteswissenschaften-biologismus;Das Schlagwort »female energy« reduziert Frauen auf alte Klischees. Deshalb sollten die Geisteswissenschaften den Körper der Frau als intellektuelle Ressource entdecken.;"Z+ (abopflichtiger Inhalt);
        
    »Female Energy«";Feuilleton, »Female Energy«, Hannah Arendt, Weiblichkeit, Schlagwort, Geisteswissenschaft, Klischee, Ressource, Gender;2026-07-29T16:48:16+02:00;2026-07-29T16:48:16+02:00;Carlotta Voß;Aus der        ZEIT Nr. 33/2026;false
7719173761a95705f56f81f34b51adf641d2ea037f39784a30e1e444b1814e04;Roher Stoff;https://www.zeit.de/2026/33/tiefseebergbau-deutschland-rohstoffe-metalle-manganknollen;Darf man Metalle aus der Tiefsee holen? Offiziell bremst Deutschland. Der Beamte Christian Müller arbeitet trotzdem daran.;"Z+ (abopflichtiger Inhalt);
        
    Tiefseebergbau";Wirtschaft, Tiefseebergbau, Christian Müller, Jamaika, USA, Japan, Nauru, Kingston, Pazifik, ZEIT, Bundesregierung, Bundesanstalt für Geowissenschaften und Rohstoffe;2026-07-29T16:48:15+02:00;2026-07-29T16:48:15+02:00;Thomas FischermannRicarda Richter;Aus der        ZEIT Nr. 33/2026;false
a5f30ea7d994a7255dc4514b69adfd71516e76f14ca5e944355c6bd7bd6e3a33;Sie zerschlagen seinen Zorn;https://www.zeit.de/2026/33/salzburger-festspiele-peter-handke-schnee-von-gestern-schnee-von-morgen-jens-harzer;In Salzburg wird ein Text von Peter Handke aufgeführt. Die Inszenierung guckt rein in den Kopf des Dichters. Und dann steht er plötzlich selbst auf der Bühne.;"Z+ (abopflichtiger Inhalt);
        
    Salzburger Festspiele";Feuilleton, Salzburger Festspiele, Peter Handke, Salzburger Festspiele, Salzburg, Festspiel, Gedicht;2026-07-29T16:48:12+02:00;2026-07-29T16:48:12+02:00;Peter Kümmel;Aus der        ZEIT Nr. 33/2026;false
4888c9317c0b5991fc09bc0c11eb8b946ceafb2d0b0082cf58ac59f9ab0a39a6;Kann dieser Normalo den Selfiekönig der AfD besiegen?;https://www.zeit.de/2026/33/sven-schulze-cdu-sachsen-anhalt-radtour-landtagswahl-afd;Sven Schulze, CDU-Ministerpräsident in Sachsen-Anhalt, macht eine Radtour durch sein Bundesland. Das Ziel: verhindern, dass die AfD die Macht übernimmt. ;"Z+ (abopflichtiger Inhalt);
        
    Sven Schulze";Politik, Sven Schulze, Sven Schulze, Cornelius Pollmer, Reiner Haseloff, Jens Spahn, Anja Böhm, Ulrich Siegmund, Uwe Steimle, Vicco von Bülow, Gardelegen, Brandenburg;2026-07-29T16:48:11+02:00;2026-07-29T16:48:11+02:00;Cornelius Pollmer;Aus der        ZEIT Nr. 33/2026;false
ad2c0cd8636f9dd5c217eccfe7891a9b324aec2493a38dd694789a562f80138c;Er verhungerte in einer Schublade;https://www.zeit.de/2026/33/toetung-eigenes-kind-elias-tirol-kindesmisshandlung-hungertod;Der dreijährige Elias aus Tirol wurde von  seinen Eltern zum Dämon erklärt und zu Tode gequält. Wie kann das nur sein? ;"Z+ (abopflichtiger Inhalt);
        
    Tötung des eigenes Kindes";Gesellschaft, Tötung des eigenes Kindes, Adelheid Kastner, Nathalie M., Kevin M., Tirol, Ebbs, Österreich, Innsbruck, Staatsanwaltschaft, Schublade, Großeltern;2026-07-29T16:48:09+02:00;2026-07-29T16:48:09+02:00;Denise Schweiger;Aus der        ZEIT Nr. 33/2026;false
d937d6df3da43024eba74623a8402a29f21c7cb2f0a964f87e79f626915d299c;Sommer-Cover-Serie 4/4;https://www.zeit.de/zeit-magazin/2026/33/esra-guelmen-kunst-mosaik-nacktheit-zensur;Carmen Böker schreibt über das Thema „Esra Gülmen“. Lesen Sie jetzt „Sommer-Cover-Serie 4/4“.;"Z+ (abopflichtiger Inhalt);
        
    Esra Gülmen";Esra Gülmen, Istanbul, Berlin, Doppelcover, Sommer, Kamera, Freiheit, Computerspiel;2026-07-29T16:48:08+02:00;2026-07-29T16:48:08+02:00;Carmen Böker;Aus dem        ZEITmagazin Nr. 33/2026;false
6c8c98b37590cdc4687f05b7d01043e2aa9ddfbc7f9226c55f557377b1c150a2;Dieses Fell riecht nach Freiheit;https://www.zeit.de/2026/33/die-flucht-der-baerin-joanna-bator-erzaehlungen-magischer-realismus;Was für eine Magierin: Die polnische Schriftstellerin Joanna Bator leuchtet in ihren Erzählungen unseren dunklen Kern aus. Ihr neues Buch haut einen auf jeder Seite um.;"Z+ (abopflichtiger Inhalt);
        
    »Die Flucht der Bärin« von Joanna Bator";Feuilleton, »Die Flucht der Bärin« von Joanna Bator, Schriftstellerin, Belletristik, Weißrussland, Zweiter Weltkrieg, Tiere;2026-07-29T16:48:07+02:00;2026-07-29T16:48:07+02:00;Volker Weidermann;Aus der        ZEIT Nr. 33/2026;false
fbdf77c1457c2ddef6564603aeef7499f659ab158762eba68b17971c344379f3;»Wir verlernen, echte Erfahrungen zu machen«;https://www.zeit.de/2026/33/fritz-breithaupt-erfahrungen-erlebnisse-transzendenz-kognitionswissenschaft;Manche Momente können unser Leben verändern. Der Kognitionswissenschaftler Fritz Breithaupt verrät, wie wir am besten mit ihnen umgehen.;"Z+ (abopflichtiger Inhalt);
        
    Fritz Breithaupt";Gesellschaft, Fritz Breithaupt, Fritz Breithaupt, ZEIT, Transzendenz, Grenze, Krise;2026-07-29T16:48:04+02:00;2026-07-29T16:48:04+02:00;Christina Fleischmann;Erschienen in Christ & Welt;false
a67e8ee99a2b01887bd18d0bdbcf31312ddc5aa8ad99e591bbc6860e1eb4e360;»Ich halte Fantasie für das wichtigste Organ des Menschen«;https://www.zeit.de/2026/33/franz-hohler-fantasie-literatur-erzaehlungen-geschichten;Franz Hohler gilt als heiterer Erzähler, obwohl er oft von menschlichen und anderen Katastrophen schreibt. Literatur lehre einen, sagt er, Unwahrscheinliches zu denken.;"Z+ (abopflichtiger Inhalt);
        
    Franz Hohler";Feuilleton, Franz Hohler, Franz Hohler, Gregor Samsa, Gromolo, Korea, ZEIT, Erwachsenenbuch, Fantasie, Katastrophe, Autor, Tiere;2026-07-29T16:48:02+02:00;2026-07-29T16:48:02+02:00;Salome Müller;Aus der        ZEIT Nr. 33/2026;false
a76057d72d76ef57f73a979af5e2619bc4b3ccbe523b4c09f9bceb3202d4166a;»Das ist keine Übung«;https://www.zeit.de/2026/33/adam-tooze-china-exportueberschuesse-industriepolitik-deutschland;Wie gefährlich sind Chinas Exportüberschüsse für den Standort Deutschland?  Der Wirtschaftshistoriker Adam Tooze fordert von der Regierung mehr geistige Flexibilität.;"Z+ (abopflichtiger Inhalt);
        
    Adam Tooze";Politik, Adam Tooze, Adam Tooze, Friedrich Merz, China, Europa, Peking, ZEIT, McKinsey, Dassault Aviation SA, Bundesregierung, Hannover Messe;2026-07-29T16:48:02+02:00;2026-07-29T16:48:02+02:00;Marcus GatzkeMark Schieritz;Aus der        ZEIT Nr. 33/2026;false
c0e52746a3d407f1f8c82062fada177e437722320500334e19ed0d2b5d032908;Mit Radikalkritik lässt sich Joghurt vielleicht retten;https://www.zeit.de/2026/33/anleitung-zum-ungluecklichsein-paul-watzlawick-gute-laune-buch;Warum Paul Watzlawicks »Anleitung zum Unglücklichsein« immer noch so gute Laune macht.;"Z+ (abopflichtiger Inhalt);
        
    »Anleitung zum Unglücklichsein« von Paul Watzlawick";Feuilleton, »Anleitung zum Unglücklichsein« von Paul Watzlawick, Paul Watzlawick, Rolf Dobelli, Piper Verlag, Radikalkritik, Unglücklichsein, Joghurt, Anleitung, Lebensmittel;2026-07-29T16:48:00+02:00;2026-07-29T16:48:00+02:00;Marlene Knobloch;Aus der        ZEIT Nr. 33/2026;false
2594ee300af154b1526d19621581f76151cadcf6126be2a657b0c9707c9e1883;Brandmauer;https://www.zeit.de/2026/33/rechte-parteien-rechtsextremismus-vlaams-belang-brandmauer-afd;Wenn es in Deutschland um die AfD geht, fällt immer dieses Wort. Doch auch andere Demokratien werden kreativ,  wenn sie Parteien ausgrenzen wollen – eine Europareise.;"Z+ (abopflichtiger Inhalt);
        
    Rechte Parteien";Politik, Rechte Parteien, Michael Kretschmer, Carsten Linnemann, Martin Sabrow, Reinhard Höppner, Ludwig XVIII., Thorsten Holzhauser, Franz Vranitzky, Belgien, Spanien, Pyrenäen;2026-07-29T16:48:00+02:00;2026-07-29T16:48:00+02:00;Franz Paul Helms;Aus der        ZEIT Nr. 33/2026;false
07ffaeb545b6b8c6a71579d984dd212628a6fa3bc54565805f37021c91f4b96c;Die Zeit der Päpste ist vorbei;https://www.zeit.de/2026/33/geisteswissenschaften-friedrich-kittler-kulturwissenschaften-maennlich-weiblich;Die Universitäten brauchen eine Vielstimmigkeit, die verloren gegangen ist.;"Z+ (abopflichtiger Inhalt);
        
    Geisteswissenschaften";Feuilleton, Geisteswissenschaften, Friedrich A. Kittler, Hans Ulrich Gumbrecht, Weimar, Vielstimmigkeit, Geisteswissenschaft, Austreibung;2026-07-29T16:47:56+02:00;2026-07-29T16:47:56+02:00;Aleida Assmann;Aus der        ZEIT Nr. 33/2026;false
b53ab457aa5b49594b937d5f1b9eea74d0645c353c2b263ce7bab080731de354;Hell Yeah;https://www.zeit.de/zeit-magazin/2026/33/hellfest-clisson-frankreich-heavy-metal-festival-anwohner;250.000 Fans auf dem Heavy-Metal-Festival in Clisson: Gottloses Chaos in einem süßen französischen Städtchen? Nein, fast alle sagen: ein sozialromantisches Märchen!;"Z+ (abopflichtiger Inhalt);
        
    Hellfest in Clisson";Frankreich, Heavy Metal, Festival;2026-07-29T16:47:53+02:00;2026-07-29T16:47:53+02:00;Dmitrij Kapitelman;Aus dem        ZEITmagazin Nr. 33/2026;false
f18da0b39afb6f016bcb5f904e32a3ecf9c87ffecdb3d7f427b950344d2b3a76;»Das muss noch in die Köpfe der Männer«;https://www.zeit.de/2026/33/daniela-angetter-pfeiffer-frauen-medizin-pflege-benachteiligung;Seit der Antike prägen Frauen die Medizin, aber werden bis heute benachteiligt. Daniela Angetter-Pfeiffer über »verruchte« Pflegerinnen und andere Vorurteile;"Z+ (abopflichtiger Inhalt);
        
    Daniela Angetter-Pfeiffer";Gesellschaft, Daniela Angetter-Pfeiffer, Mann, Österreich, ZEIT, Antike;2026-07-29T16:47:51+02:00;2026-07-29T16:47:51+02:00;Christian Bartlau;Aus der        ZEIT Nr. 33/2026;false
26d312e9bbd4f385ccbe916b1377a6ece8bf8ca1e1a8fbddfbfbb6acc6c5d9db;Abschied von der Gefängnisinsel;https://www.zeit.de/2026/33/strafanstalt-hahnoefersand-gefaengnisinsel-hamburg-schliessung-siegfried-lenz;Die Strafanstalt auf Hahnöfersand inspirierte einst Siegfried Lenz zu seinem Roman »Deutschstunde«. Bald schließt sie für immer.;"Z+ (abopflichtiger Inhalt);
        
    Strafanstalt auf Hahnöfersand";Hamburg, Strafanstalt auf Hahnöfersand, Siegfried Lenz, Alexandre Dumas, Monte Christo, Al Capone, Clint Eastwood, Peter Vetter, Anna Gallina, Siggi Jepsen, Walter Herrmann, Curt Bondy;2026-07-29T16:47:49+02:00;2026-07-29T16:47:49+02:00;Oskar Piegsa;Aus der        ZEIT Nr. 33/2026;false
300ed8e766c3d812535a932e2e32d85a0dc40cf214f3bf57b1c71bae8b1238cb;»Ich tue mir das nicht an«;https://www.zeit.de/2026/33/landwirtschaft-oesterreich-bauernhoefe-milchbauern-steiermark;In Österreich schrumpft die Zahl der Bäuerinnen und Bauern dramatisch. Stirbt da gerade eine Zunft? Zumindest verändert sie sich.;"Z+ (abopflichtiger Inhalt);
        
    Landwirtschaft in Österreich";Wirtschaft, Landwirtschaft in Österreich, Fritz Ponsold, Dorothea Ponsold, Hannes Royer, Maria Pein, Jochen Kantelhardt, Österreich, Austria, Wien, Passail, Oststeiermark;2026-07-29T16:47:48+02:00;2026-07-29T16:47:48+02:00;Sabrina Luttenberger;Aus der        ZEIT Nr. 33/2026;false
9e1f563822d82118d3754e2560806fafd45cd11de6e161d3bf15ae81f647edae;Bei Fischstäbchen ist Schluss;https://www.zeit.de/2026/33/sanktionen-russland-fisch-iglo-import-alaska-seelachs-deutschland;Das jüngste Sanktionspaket gegen Russland sollte auch Fischimporte betreffen. Bis Deutschland die Fracht von Käpt’n Iglo sicherte.;"Z+ (abopflichtiger Inhalt);
        
    Sanktionen gegen Russland";Wirtschaft, Sanktionen gegen Russland, Christopher Zimmermann, Russland, Beringsee, Kurilen, Nordwestpazifik, Brüssel, Portugal, Europa, Iglo, USA;2026-07-29T16:47:46+02:00;2026-07-29T16:47:46+02:00;Ricarda RichterJohanna Roth;Aus der        ZEIT Nr. 33/2026;false
017f805452d0beeb78e94d8e9475ddef096febddf6b6d595fa4cb6db95424f22;Warum es im Bundestag ein Vorteil ist, kein Akademiker zu sein;https://www.zeit.de/2026/33/cem-ince-die-linke-bundestag-arbeiter-betriebsrat-gewerkschaft;Der Linke Cem Ince ist gelernter Elektroniker. Damit gehört er zu einer Minderheit im Bundestag. Und es macht ihn ausgerechnet bei manchen Kollegen von der CDU beliebt.;"Z+ (abopflichtiger Inhalt);
        
    Cem Ince";Entdecken, Cem Ince, Deutscher Bundestag, CDU, Die Linke, Betriebsrat, Gewerkschaft, Arbeitsplatz;2026-07-29T16:47:43+02:00;2026-07-29T16:47:43+02:00;Robert Pausch;Aus der        ZEIT Nr. 33/2026;false
6efc6167b03e9f7a0441cb4d0b40e51b38f0a4dbfc8bf03d971e848fa2fb37e5;»Die Nordsee hat so eine Power!«;https://www.zeit.de/2026/33/axel-bosse-musiker-amrum-nordsee-songs;Axel Bosse singt über Kniepsand in der Kapuze und Bretterbohlenwege am Strand. Seit seiner Kindheit fährt der Musiker nach Amrum – uns hat er eine Inseltour gegeben.;"Z+ (abopflichtiger Inhalt);
        
    Axel Bosse";Hamburg, Axel Bosse, Musiker, Musik, Nordsee, Reisen;2026-07-29T16:47:42+02:00;2026-07-29T16:47:42+02:00;Viola Diem;Aus der        ZEIT Nr. 33/2026;false
5cd57e854d6442dec369cb98bbc2214a30ef4591c1f3203fbb42ab51cba86109;Wie die große Koalition zerbrach;https://www.zeit.de/2026/33/weimarer-republik-grosse-koalition-1930-demokratie-wirtschaftskrise-hermann-mueller;Vom 27. März 1930 an ist die Weimarer Republik keine parlamentarische Demokratie mehr. Der Bruch war eine Folge der Wirtschaftskrise und des Streits in der Regierung.;"Z+ (abopflichtiger Inhalt);
        
    Weimarer Republik";Wissenschaft, Weimarer Republik, Gustav Stresemann, Hermann Müller, Ernst Scholz, Rudolf Hilferding, Hjalmar Schacht, Paul Moldenhauer, Wilhelm Groener, Kurt von Schleicher, Otto Meissner, Harry Graf Kessler;2026-07-29T16:47:39+02:00;2026-07-29T16:47:39+02:00;Dr. Volker Ullrich;Aus der        ZEIT Nr. 33/2026;false
