Hash;Title;Link;Description;Category;KeyWords;Published;LastUpdated;Author;Source;Paywall
a1b0a711fd394473b60f7f2fab742ff9426c597f0488a139af1338bb507fdf48;«Verrat ans Volk» – Grünen-Büro in Eberswalde beschmiert;https://www.zeit.de/news/2026-08/09/verrat-ans-volk-gruenen-buero-in-eberswalde-beschmiert;Hier finden Sie Informationen zu dem Thema „Büro des Kreisverbandes“. Lesen Sie jetzt „«Verrat ans Volk» – Grünen-Büro in Eberswalde beschmiert“.;Büro des Kreisverbandes;News, Büro des Kreisverbandes, Eberswalde, Verrat, Kreisverband;2026-08-09T11:25:45+02:00;2026-08-09T11:25:45+02:00;;dpa Berlin/Brandenburg;false
b0fe5f81b5cba578310bd37c5874dbfe261fc682d2172d4f9b3dec3c615d1075;Hitzealarm am Sonntag - keine Abkühlung in Sicht;https://www.zeit.de/news/2026-08/09/hitzealarm-am-sonntag-wo-es-wieder-heiss-wird;Hier finden Sie Informationen zu dem Thema „Wetter“. Lesen Sie jetzt „Hitzealarm am Sonntag - keine Abkühlung in Sicht“.;Wetter;News, Wetter, Süddeutschland, Bayern, Baden-Württemberg, Hessen, Rheinland-Pfalz, DWD, Hitzealarm, Sommer, Hitze, Wetter;2026-08-09T11:24:28+02:00;2026-08-09T11:24:28+02:00;;dpa;false
c64dea75c2f00f837dca22e9dac89daac36b58b8097dd72ac996669544a74392;Fast tragische Figur: Vukotic stellt «Karma wieder auf null»;https://www.zeit.de/news/2026-08/09/fast-tragische-figur-vukotic-stellt-karma-wieder-auf-null;Hier finden Sie Informationen zu dem Thema „SV Darmstadt 98“. Lesen Sie jetzt „Fast tragische Figur: Vukotic stellt «Karma wieder auf null»“.;SV Darmstadt 98;News, SV Darmstadt 98, Aleksandar Vukotic, Florian Kohfeldt, Guillermo Balzi, Phil Harres, Matej Maglica, SV Darmstadt 98, Holstein Kiel;2026-08-09T11:22:01+02:00;2026-08-09T11:22:01+02:00;;dpa Hamburg/Schleswig-Holstein;false
69c1c513c8ad4b6218565574388d781a94f092a31b24611a205b0e1703ba4ef7;Motorradfahrer stirbt nach Sturz auf dem Jochpass;https://www.zeit.de/news/2026-08/09/motorradfahrer-stirbt-nach-sturz-auf-dem-jochpass;Hier finden Sie Informationen zu dem Thema „Hubschraubereinsatz“. Lesen Sie jetzt „Motorradfahrer stirbt nach Sturz auf dem Jochpass“.;Hubschraubereinsatz;News, Hubschraubereinsatz, Jochpass, Hubschraubereinsatz, Motorradsturz;2026-08-09T11:21:51+02:00;2026-08-09T11:21:51+02:00;;dpa Bayern;false
d8adf2d0988406f30562d9a924726a2214dad58ff6d160a171ea2314635f530a;Blaualgen an der Ostsee - Gesundheitsamt rät vom Baden ab;https://www.zeit.de/news/2026-08/09/blaualgen-an-der-ostsee-gesundheitsamt-raet-vom-baden-ab;Hier finden Sie Informationen zu dem Thema „Sommerferien“. Lesen Sie jetzt „Blaualgen an der Ostsee - Gesundheitsamt rät vom Baden ab“.;Sommerferien;News, Sommerferien, Ostsee, Warnemünde, Rostock, Landkreis Rostock, Blaualge, Gesundheitsamt, Sommerferien, Algenteppich, Wetter;2026-08-09T11:13:11+02:00;2026-08-09T11:13:11+02:00;;dpa Mecklenburg-Vorpommern;false
3efd1911167f0e29c7f66ea60d889486aacb746604620767412475869cb76b2f;Boot kentert nahe Freiheitsstatue - Frau und Kind sterben;https://www.zeit.de/news/2026-08/09/boot-kentert-nahe-freiheitsstatue-frau-und-kind-sterben;Hier finden Sie Informationen zu dem Thema „Tragödie nahe Sehenswürdigkeit“. Lesen Sie jetzt „Boot kentert nahe Freiheitsstatue - Frau und Kind sterben“.;Tragödie nahe Sehenswürdigkeit;News, Tragödie nahe Sehenswürdigkeit, Freiheitsstatue, Sehenswürdigkeit;2026-08-09T11:12:33+02:00;2026-08-09T11:12:33+02:00;;dpa;false
5ba570628761aa574dc955debd8f69a466068337d80fbc5b17244925aa262c70;Erneut Schüsse in Berlin – weiter Fahndung nach Täter;https://www.zeit.de/news/2026-08/09/erneut-schuesse-in-berlin-weiter-fahndung-nach-taeter;Hier finden Sie Informationen zu dem Thema „Kriminalität“. Lesen Sie jetzt „Erneut Schüsse in Berlin – weiter Fahndung nach Täter“.;Kriminalität;News, Kriminalität, Berlin, Marzahn-Hellersdorf, Polizei, Fahndung;2026-08-09T11:10:13+02:00;2026-08-09T11:10:13+02:00;;dpa Berlin/Brandenburg;false
61f8af90cf41e9255e1e4e61362aa62dc9346edb880c38e2244aecb624fa6b1f;Tunnel in Mannheim gesperrt – Mann lebensgefährlich verletzt;https://www.zeit.de/news/2026-08/08/fahrlachtunnel-in-mannheim-nach-unfall-gesperrt;Hier finden Sie Informationen zu dem Thema „Rettungsdienst im Einsatz.“. Lesen Sie jetzt „Tunnel in Mannheim gesperrt – Mann lebensgefährlich verletzt“.;Rettungsdienst im Einsatz.;News, Rettungsdienst im Einsatz., Mannheim, Polizei, Fahrlachtunnel, Unfall, Verkehrsunfall;2026-08-09T11:08:26+02:00;2026-08-09T11:08:26+02:00;;dpa Baden-Württemberg;false
ccef6adb5e9202007bd9461a5db9145d12d227967898399c8482db7d2f871cee;Nationalsegler feiern Sieg bei Olympia-Test in Los Angeles;https://www.zeit.de/news/2026-08/09/nationalsegler-feiern-sieg-bei-olympia-test-in-los-angeles;Hier finden Sie Informationen zu dem Thema „Segeln“. Lesen Sie jetzt „Nationalsegler feiern Sieg bei Olympia-Test in Los Angeles“.;Segeln;News, Segeln, Richard Schultheis, Fabian Rieger, Los Angeles, San Pedro, Verein Seglerhaus am Wannsee, Olympia, Segel, Regatta, Weltklassefeld;2026-08-09T11:01:03+02:00;2026-08-09T11:01:03+02:00;;dpa Hamburg/Schleswig-Holstein;false
4ac38ffce59c05758e94de4725780ab9853ebda0feb9ccfbb1dfaf3b60692400;25-Jähriger streamt Reanimation auf Social Media;https://www.zeit.de/news/2026-08/09/25-jaehriger-streamt-reanimation-auf-social-media;Hier finden Sie Informationen zu dem Thema „In den Main gestürzt“. Lesen Sie jetzt „25-Jähriger streamt Reanimation auf Social Media“.;In den Main gestürzt;News, In den Main gestürzt, Würzburg, Polizei, Reanimation, Rettungseinsatz, Soziale Medien;2026-08-09T10:59:49+02:00;2026-08-09T10:59:49+02:00;;dpa Bayern;false
1c4c2a8ce7e78cc237596edf714992884674a179c6b24f02114f079f783f2cec;18-Jähriger in Merseburg lebensgefährlich verletzt;https://www.zeit.de/news/2026-08/09/18-jaehriger-in-merseburg-lebensgefaehrlich-verletzt;Hier finden Sie Informationen zu dem Thema „Nach Streit“. Lesen Sie jetzt „18-Jähriger in Merseburg lebensgefährlich verletzt“.;Nach Streit;News, Nach Streit, Merseburg, Polizei, Rettungskraft;2026-08-09T10:58:04+02:00;2026-08-09T10:58:04+02:00;;dpa Sachsen;false
48d97271887e62b1037512681608d571abd5f7d02303397d70131cf0f35945c7;Chryssanthi Kavazi und Tom Beck bekommen drittes Kind;https://www.zeit.de/news/2026-08/09/chryssanthi-kavazi-und-tom-beck-bekommen-drittes-kind;Hier finden Sie Informationen zu dem Thema „Nachwuchs“. Lesen Sie jetzt „Chryssanthi Kavazi und Tom Beck bekommen drittes Kind“.;Nachwuchs;News, Nachwuchs, Chryssanthi Kavazi, Tom Beck, RTL, Instagram;2026-08-09T10:53:55+02:00;2026-08-09T10:53:55+02:00;;dpa;false
3fd52714bfe29fb34d54b9303a2bb6f99e44de35a2c31686a6fd2f6301a96a84;Kind auf Fahrrad vor eigenem Haus von Auto angefahren;https://www.zeit.de/news/2026-08/09/kind-auf-fahrrad-vor-eigenem-haus-von-auto-angefahren;Hier finden Sie Informationen zu dem Thema „Osthessen“. Lesen Sie jetzt „Kind auf Fahrrad vor eigenem Haus von Auto angefahren“.;Osthessen;News, Osthessen, Osthessen, Ronshausen, Fahrrad, Auto;2026-08-09T10:51:27+02:00;2026-08-09T10:51:27+02:00;;dpa Hessen;false
62fb0adf951883333420190a126379255df5eeda5498a0b5fe1cdc39aeb08cb3;Polizei schickt Ausweichler wieder auf Autobahn zurück;https://www.zeit.de/news/2026-08/09/polizei-schickt-ausweichler-wieder-auf-autobahn-zurueck;Hier finden Sie Informationen zu dem Thema „Durchfahrtsverbote“. Lesen Sie jetzt „Polizei schickt Ausweichler wieder auf Autobahn zurück“.;Durchfahrtsverbote;News, Durchfahrtsverbote, München, Salzburg, Polizei, Durchfahrtsverbot, Ausweichverkehr, Autobahn, Fahrzeug;2026-08-09T10:49:51+02:00;2026-08-09T10:49:51+02:00;;dpa Bayern;false
02f58fa50b5e89406debef6c01c051ed797b9bd2ee4ba935f95daa1f3df54693;Partielle Sonnenfinsternis 2026: Was der Bayer wissen muss;https://www.zeit.de/news/2026-08/09/partielle-sonnenfinsternis-2026-was-der-bayer-wissen-muss;Hier finden Sie Informationen zu dem Thema „Himmelsereignis“. Lesen Sie jetzt „Partielle Sonnenfinsternis 2026: Was der Bayer wissen muss“.;Himmelsereignis;News, Himmelsereignis, Bayer, Bayern, Bodensee, Nürnberg, München, Lindau, NASA, DWD, Sonnenfinsternis, Himmelsereignis;2026-08-09T10:44:37+02:00;2026-08-09T10:44:37+02:00;;dpa Bayern;false
89f30457b73b6f20924bfdba232d095f9192b618cbd2732819616523cde32388;Tote und Verletzte bei Angriff auf russische Stadt Belgorod;https://www.zeit.de/news/2026-08/09/verletzte-bei-angriff-auf-russische-grenzstadt-belgorod;Hier finden Sie Informationen zu dem Thema „Ukraine-Krieg“. Lesen Sie jetzt „Tote und Verletzte bei Angriff auf russische Stadt Belgorod“.;Ukraine-Krieg;News, Ukraine-Krieg, Alexander Schuwajew, Belgorod, Grenzstadt, Drohnenangriff, Angriff, Behördenangabe, Telegram, Krieg in der Ukraine;2026-08-09T10:44:35+02:00;2026-08-09T10:44:35+02:00;;dpa;false
82e72a85b855c48eca6384c4b3b35da3017c313722d686e89dcd4f5381c56462;ADHS-Erstdiagnosen bei Kindern stiegen 2024 im Vergleich zum Vorjahr;https://www.zeit.de/gesundheit/2026-08/adhs-kinder-jugendliche-diagnose-maedchen-jungen-dak;2024 wurden in Deutschland nach Daten der DAK-Krankenkasse mehr ADHS-Erstdiagnosen bei Kindern gestellt als im Vorjahr. Besonders bei Schulkindern stieg der Anteil.;ADHS bei Kindern;Gesundheit, ADHS bei Kindern, Hamburg, DAK, DAK-Gesundheit, AFP, Hyperaktivitätsstörung, ADHS, Schulkinder;2026-08-09T10:44:26+02:00;2026-08-09T10:44:26+02:00;pip;DIE ZEIT,        AFP,        							pip;false
892a9f74bd9f7a521d71e8673d8a92eaf7b5f140b23b490961324e27b6043afc;84-Jähriger stirbt bei Auffahrunfall auf der A6;https://www.zeit.de/news/2026-08/09/84-jaehriger-stirbt-bei-auffahrunfall-auf-der-a6;Hier finden Sie Informationen zu dem Thema „Landkreis Bad Dürkheim“. Lesen Sie jetzt „84-Jähriger stirbt bei Auffahrunfall auf der A6“.;Landkreis Bad Dürkheim;News, Landkreis Bad Dürkheim, Landkreis Bad Dürkheim, Auffahrunfall;2026-08-09T10:44:08+02:00;2026-08-09T10:44:08+02:00;;dpa Rheinland-Pfalz/Saarland;false
e38d371e6b86dd50d2d62834af7ca61efdf8ff217a8d68b3807b1aeff4551e1c;Kein «Arschtritt» nötig: Märtens und die Rückkehr nach Paris;https://www.zeit.de/news/2026-08/09/kein-arschtritt-noetig-maertens-und-die-rueckkehr-nach-paris;Hier finden Sie Informationen zu dem Thema „Schwimm-EM“. Lesen Sie jetzt „Kein «Arschtritt» nötig: Märtens und die Rückkehr nach Paris“.;Schwimm-EM;News, Schwimm-EM, Florian Wellbrock, Lukas Märtens, Bernd Berkhahn, Oliver Klemet, Isabel Gose, Paris, Los Angeles, Eiffelturm, Schwimm-EM, Olympia;2026-08-09T10:41:36+02:00;2026-08-09T10:41:36+02:00;;dpa Sport;false
cb63c6a80f136e297abb7ad2122739d68b38ede0979dfd03920823caf5731ddc;Mit Mut und Intensität: FCK holt einen Punkt in Wolfsburg;https://www.zeit.de/news/2026-08/09/mit-mut-und-intensitaet-fck-holt-einen-punkt-in-wolfsburg;Hier finden Sie Informationen zu dem Thema „2. Fußball-Bundesliga“. Lesen Sie jetzt „Mit Mut und Intensität: FCK holt einen Punkt in Wolfsburg“.;2. Fußball-Bundesliga;News, 2. Fußball-Bundesliga, Karl-Heinz Feldkamp, Torsten Lieberknecht, Naatan Skyttä, Jakub Zielinski, Wolfsburg, 1. FC Kaiserslautern, VfL Wolfsburg, Fußball-Bundesliga, Intensität, Saisonstart;2026-08-09T10:40:30+02:00;2026-08-09T10:40:30+02:00;;dpa Rheinland-Pfalz/Saarland;false
42183c1dc08d6265b46d312d23b54211e348d8288792b3e2d7e0c4c5b63cdb7b;Feueralarm am Gardasee: 250 Menschen evakuiert;https://www.zeit.de/news/2026-08/09/feueralarm-am-gardasee-250-menschen-evakuiert;Hier finden Sie Informationen zu dem Thema „Feuer in Urlaubsgebiet“. Lesen Sie jetzt „Feueralarm am Gardasee: 250 Menschen evakuiert“.;Feuer in Urlaubsgebiet;News, Feuer in Urlaubsgebiet, Vito Cristino, Gardasee, Italien, Tignale, Feuerwehr, Feueralarm, Urlaubsgebiet, Hochsommer, Sicherheit, Hubschrauber;2026-08-09T10:39:56+02:00;2026-08-09T10:39:56+02:00;;dpa;false
3ff157b8e2e710f55f24e34e1fe290a5dd62af715ba8f9376c87ca78d87ac60c;Kradfahrer stirbt - Auto fährt weiter;https://www.zeit.de/news/2026-08/09/kradfahrer-stirbt-auto-faehrt-weiter;Hier finden Sie Informationen zu dem Thema „Mittelhessen“. Lesen Sie jetzt „Kradfahrer stirbt - Auto fährt weiter“.;Mittelhessen;News, Mittelhessen, Polizei, Kradfahrer, Unfall, Bundesstraße, Unfallflucht, Auto;2026-08-09T10:38:26+02:00;2026-08-09T10:38:26+02:00;;dpa Hessen;false
d880f4e570cc1864adf16d7db8499c79e5b008b5e395e1a377b3f7483904f67f;Polizei ermittelt nach Auseinandersetzung bei Grillfest;https://www.zeit.de/news/2026-08/09/polizei-ermittelt-nach-auseinandersetzung-bei-grillfest;Hier finden Sie Informationen zu dem Thema „Polizeieinsatz wegen Streit“. Lesen Sie jetzt „Polizei ermittelt nach Auseinandersetzung bei Grillfest“.;Polizeieinsatz wegen Streit;News, Polizeieinsatz wegen Streit, Nettetal, Viersen, Polizei, Grillfest, Grillfeier, Auseinandersetzung, Polizeieinsatz;2026-08-09T10:38:17+02:00;2026-08-09T10:38:17+02:00;;dpa Nordrhein-Westfalen;false
b0a8aafe41c007663a2c8beb5bdf58afa4f496c549652b97612c6e4204e13291;Nach Drohnenvorfall: BSW warnt vor voreiligen Schlüssen;https://www.zeit.de/news/2026-08/09/nach-drohnenvorfall-bsw-warnt-vor-voreiligen-schluessen;Hier finden Sie Informationen zu dem Thema „Hybrider Angriff“. Lesen Sie jetzt „Nach Drohnenvorfall: BSW warnt vor voreiligen Schlüssen“.;Hybrider Angriff;News, Hybrider Angriff, Bernd Rudolph, Russland, Flughafen Leipzig/Halle, Bündnis Sahra Wagenknecht, Polizei, Drohnenvorfall, Krieg in der Ukraine, Drohne;2026-08-09T10:36:18+02:00;2026-08-09T10:36:18+02:00;;dpa Sachsen;false
006bffd57b989567ba80d8fbd7be476c7f362a9d680bf97b6a466e22135e4484;Steigende Zahl an Seiteneinsteigern unter Lehrern;https://www.zeit.de/news/2026-08/09/steigende-zahl-an-seiteneinsteigern-unter-lehrern;Hier finden Sie Informationen zu dem Thema „Schulen“. Lesen Sie jetzt „Steigende Zahl an Seiteneinsteigern unter Lehrern“.;Schulen;News, Schulen, Thüringen, Erfurt, MDR, Bildungsministerium, Lehramtsstudium;2026-08-09T10:35:08+02:00;2026-08-09T10:35:08+02:00;;dpa Thüringen;false
11cf8cf712446420b71432659f8bf21fd972e4a3fa93fdac858f79cfe94b6acc;»Der Baum hat diejenige in der Familie getroffen, die dieses Schicksal tragen konnte«;https://www.zeit.de/2026/34/resilienz-schicksalsschlaege-psychologie;Manche Menschen verlieren alles – aber sie zerbrechen nicht daran. Forscher sagen: Das hat auch mit einem Blick auf die Welt zu tun, den man lernen kann.;"Z+ (abopflichtiger Inhalt);
        
    Resilienz";Gesundheit, Resilienz, Psychologie, Familie, Menschen mit Behinderung, Beziehung;2026-08-09T10:34:39+02:00;2026-08-09T10:34:39+02:00;Tanja Stelzer;Aus der        ZEIT Nr. 34/2026;false
2812b959f8c8a1fca1a11478154021129bf702fe4993761657a71098779ca23e;Freigang hofft in Doping-Causa auf Freispruch;https://www.zeit.de/news/2026-08/09/freigang-hofft-in-doping-causa-auf-freispruch;Hier finden Sie Informationen zu dem Thema „Offener Fall“. Lesen Sie jetzt „Freigang hofft in Doping-Causa auf Freispruch“.;Offener Fall;News, Offener Fall, Laura Freigang, Malmö, Eintracht Frankfurt, Malmö FF, Hessischer Rundfunk, Freispruch;2026-08-09T10:30:22+02:00;2026-08-09T10:30:22+02:00;;dpa Hessen;false
92e0d56f3966ab9c78dc7e865b1d37db89acf0a94f2daafec123c751050a93f4;Badegäste retten 65-Jährigem am See das Leben;https://www.zeit.de/news/2026-08/09/badegaeste-retten-65-jaehrigem-am-see-das-leben;Hier finden Sie Informationen zu dem Thema „Schweinfurter Baggersee“. Lesen Sie jetzt „Badegäste retten 65-Jährigem am See das Leben“.;Schweinfurter Baggersee;News, Schweinfurter Baggersee, Schweinfurt;2026-08-09T10:30:16+02:00;2026-08-09T10:30:16+02:00;;dpa Bayern;false
25cb5640f8279661639613b410be90be8fce80dedd61d787937a081f2f00e167;Vertrag ausgesetzt: Geiselsöder direkt beim Nationalteam;https://www.zeit.de/news/2026-08/09/vertrag-ausgesetzt-geiselsoeder-direkt-beim-nationalteam;Hier finden Sie Informationen zu dem Thema „Basketball-WM der Frauen“. Lesen Sie jetzt „Vertrag ausgesetzt: Geiselsöder direkt beim Nationalteam“.;Basketball-WM der Frauen;News, Basketball-WM der Frauen, Portland, WNBA, Nationalteam;2026-08-09T10:22:55+02:00;2026-08-09T10:22:55+02:00;;dpa Baden-Württemberg;false
9b65b4bce7cb308344fa076dbe0c047c7872644cb6d441ceb82f9c0a0914edd8;Ballonglühen in Warendorf – Montgolfiade feiert Höhepunkt;https://www.zeit.de/news/2026-08/09/ballongluehen-in-warendorf-montgolfiade-feiert-hoehepunkt;Hier finden Sie Informationen zu dem Thema „54. Ausgabe“. Lesen Sie jetzt „Ballonglühen in Warendorf – Montgolfiade feiert Höhepunkt“.;54. Ausgabe;News, 54. Ausgabe, Nils Boelmann, Berlin, Frankfurt, Warendorf, Münsterland, Münster, Ballonglühen, Montgolfiade, Heißluftballon;2026-08-09T10:22:21+02:00;2026-08-09T10:22:21+02:00;;dpa Nordrhein-Westfalen;false
d845d71f15c3208f6fc486665c663ac08b965962725b2b54f92db6ed882b1189;Wow-Effekt des Alls - Warum Himmelsphänomene so faszinieren;https://www.zeit.de/news/2026-08/09/wow-effekt-des-alls-warum-himmelsphaenomene-so-faszinieren;Hier finden Sie Informationen zu dem Thema „Sonnenfinsternis am 12. August“. Lesen Sie jetzt „Wow-Effekt des Alls - Warum Himmelsphänomene so faszinieren“.;Sonnenfinsternis am 12. August;News, Sonnenfinsternis am 12. August, Guido Thimm, Peter Walschburger, Ruprecht-Karls-Universität Heidelberg, Sonnenfinsternis, Sonnenrand, Einkerbung;2026-08-09T10:18:27+02:00;2026-08-09T10:18:27+02:00;;dpa;false
ac27af106eae13f3fa779574c19aebb74b9ee9c4573dc9fb07a3a5ca72317918;Israels Botschafter unterstützt deutsche Olympia-Bewerbung;https://www.zeit.de/news/2026-08/09/israels-botschafter-unterstuetzt-deutsche-olympia-bewerbung;Hier finden Sie Informationen zu dem Thema „Olympische Spiele“. Lesen Sie jetzt „Israels Botschafter unterstützt deutsche Olympia-Bewerbung“.;Olympische Spiele;News, Olympische Spiele, Ron Prosor, Berlin, X, Instagram, Olympia, Olympische Spiele, Paralympics, Senatsinnenverwaltung, Erfolg;2026-08-09T10:17:57+02:00;2026-08-09T10:17:57+02:00;;dpa Berlin/Brandenburg;false
6c29b0db176193d1e9ecca59474e85a266313bb989a6999b37f6ffd9562849cd;Kontrollen bei Rocker-Veranstaltung - Waffen sichergestellt;https://www.zeit.de/news/2026-08/09/kontrollen-bei-rocker-veranstaltung-waffen-sichergestellt;Hier finden Sie Informationen zu dem Thema „Kriminalität“. Lesen Sie jetzt „Kontrollen bei Rocker-Veranstaltung - Waffen sichergestellt“.;Kriminalität;News, Kriminalität, Kreis Herzogtum Lauenburg, Polizei;2026-08-09T10:16:59+02:00;2026-08-09T10:16:59+02:00;;dpa Hamburg/Schleswig-Holstein;false
59b4a86fe08345fc0e7bef1447caa699e5bc5ba3b2f09a4ea3b48bf30ead8c85;Unions Problemzonen: Hohe Ausfallquote im Tor und Angriff;https://www.zeit.de/news/2026-08/09/unions-problemzonen-hohe-ausfallquote-im-tor-und-angriff;Hier finden Sie Informationen zu dem Thema „Fußball“. Lesen Sie jetzt „Unions Problemzonen: Hohe Ausfallquote im Tor und Angriff“.;Fußball;News, Fußball, Duje Sliskovic, Marvin Friedrich, Carl Klaus, Irdning, Salzburg, Steiermark, Aigen im Ennstal, Berlin, Raab, Braunschweig;2026-08-09T10:14:45+02:00;2026-08-09T10:14:45+02:00;;dpa Berlin/Brandenburg;false
9071eb02d50e7eeab828b2d06bf5c0f12f4428671a7f6a39e509d5f488e0cbd5;«Die können das»: Sander mahnt trotz Klatsche zur Ruhe;https://www.zeit.de/news/2026-08/09/die-koennen-das-sander-mahnt-trotz-klatsche-zur-ruhe;Hier finden Sie Informationen zu dem Thema „Fußball“. Lesen Sie jetzt „«Die können das»: Sander mahnt trotz Klatsche zur Ruhe“.;Fußball;News, Fußball, Peer Jaekel, Petrik Sander, Magdeburg, Eintracht Braunschweig, Klatsche, Fußball;2026-08-09T10:13:40+02:00;2026-08-09T10:13:40+02:00;;dpa Sachsen;false
d527e22566b50e732efdc7b7d3258ceb97917e6f434396fee40dfdb7f31d6be8;Traktor überfährt Rollerfahrerin – Frau kämpft um ihr Leben;https://www.zeit.de/news/2026-08/09/traktor-ueberfaehrt-rollerfahrerin-frau-kaempft-um-ihr-leben;Hier finden Sie Informationen zu dem Thema „Lebensgefährlich verletzt“. Lesen Sie jetzt „Traktor überfährt Rollerfahrerin – Frau kämpft um ihr Leben“.;Lebensgefährlich verletzt;News, Lebensgefährlich verletzt, Traktor;2026-08-09T10:13:38+02:00;2026-08-09T10:13:38+02:00;;dpa Bayern;false
bf2dfa04140cf490aaf2b3d785db384a231c65f6c1e330bf29a8535278da2d7d;80.000 Besucher bei «Rhein in Flammen»;https://www.zeit.de/news/2026-08/09/80-000-besucher-bei-rhein-in-flammen;Hier finden Sie Informationen zu dem Thema „Spektakel“. Lesen Sie jetzt „80.000 Besucher bei «Rhein in Flammen»“.;Spektakel;News, Spektakel, Koblenz, Rhein, Polizei, Rhein in Flammen, Spektakel, Waldbrandgefahr, Trockenheit;2026-08-09T10:06:28+02:00;2026-08-09T10:06:28+02:00;;dpa Rheinland-Pfalz/Saarland;false
eab13397f9901b589630220d36add83f5cad668f42df16b8889551c9961580a8;Trotz Trockenheit: kein Engpass an Kühlwasser für Kraftwerke;https://www.zeit.de/news/2026-08/09/trotz-trockenheit-kein-engpass-an-kuehlwasser-fuer-kraftwerke;Hier finden Sie Informationen zu dem Thema „Dürre & Hitze“. Lesen Sie jetzt „Trotz Trockenheit: kein Engpass an Kühlwasser für Kraftwerke“.;Dürre & Hitze;News, Dürre & Hitze, Thoralf Schirmer, Sachsen, Leag, Trockenheit, Kühlwasser, Engpass, Kraftwerk, Kühlwasserversorgung, Hitze;2026-08-09T10:05:04+02:00;2026-08-09T10:05:04+02:00;;dpa Sachsen;false
3fa89ccb67e5adafc50e2f4299a4fd2b2e8770d63d09c8918b8a08a27f9a71d7;Zwei Tote nach Motorradunfall in Köln;https://www.zeit.de/news/2026-08/09/zwei-tote-nach-motorradunfall-in-koeln;Hier finden Sie Informationen zu dem Thema „Unfälle“. Lesen Sie jetzt „Zwei Tote nach Motorradunfall in Köln“.;Unfälle;News, Unfälle, Mann, Köln, Motorradunfall, Unfall, Zusammenstoß;2026-08-09T10:03:45+02:00;2026-08-09T10:03:45+02:00;;dpa Nordrhein-Westfalen;false
87665dce1197a0783ecce874ff33b6e61a4c18692451d75b5b0d9646313b4ca0;Streit über Arbeitszeitreform geht weiter;https://www.zeit.de/arbeit/2026-08/arbeitszeitgesetz-reform-gewerkschaften-arbeitgeber-streit-gxe;Arbeitgeber und Gewerkschaften streiten über eine Reform des Arbeitszeitgesetzes. Der Arbeitgeberpräsident verlangt eine Neuregelung des Acht-Stunden-Tags, der DGB warnt.;Reform des Arbeitszeitgesetzes;Arbeit, Reform des Arbeitszeitgesetzes, Arbeitszeit, Arbeitsrecht, Gewerkschaft, DGB, Bärbel Bas, Koalitionsvertrag;2026-08-09T10:02:17+02:00;2026-08-09T10:02:17+02:00;voi;DIE ZEIT,        dpa,        							voi;false
5fea2f9e2249126183c81b00b1f74e7cadbeb275041d175a906ba34d974661d2;Sechs Autos brennen in Garage - eine Million Euro Schaden;https://www.zeit.de/news/2026-08/09/sechs-autos-brennen-in-garage-eine-million-euro-schaden;Hier finden Sie Informationen zu dem Thema „Feuerwehreinsatz Ludwigsburg“. Lesen Sie jetzt „Sechs Autos brennen in Garage - eine Million Euro Schaden“.;Feuerwehreinsatz Ludwigsburg;News, Feuerwehreinsatz Ludwigsburg, Ludwigsburg, Polizei, Feuerwehreinsatz, Auto;2026-08-09T10:01:14+02:00;2026-08-09T10:01:14+02:00;;dpa Baden-Württemberg;false
c2a657a2ecef3c9a2df31378ab007ae3e594bb93da8e86a1681fcc45feb21d86;Das ist die Frau hinter den Wahlen in Sachsen-Anhalt;https://www.zeit.de/news/2026-08/09/das-ist-die-frau-hinter-den-wahlen-in-sachsen-anhalt;Hier finden Sie Informationen zu dem Thema „Landtagswahl“. Lesen Sie jetzt „Das ist die Frau hinter den Wahlen in Sachsen-Anhalt“.;Landtagswahl;News, Landtagswahl, Christa Dieckmann, Sachsen-Anhalt, Niedersachsen, Innenministerium, Landtagswahl, Bundestagswahl, Wahllokal;2026-08-09T10:00:06+02:00;2026-08-09T10:00:06+02:00;;dpa Sachsen;false
bbccd3ed0fa11c64aa5f7f87564ee1b7a07ed09b460c0d39398ec65877842061;Junger Mann fällt betrunken in Baugrube;https://www.zeit.de/news/2026-08/09/junger-mann-faellt-betrunken-in-baugrube;Hier finden Sie Informationen zu dem Thema „Notfall in der Nacht“. Lesen Sie jetzt „Junger Mann fällt betrunken in Baugrube“.;Notfall in der Nacht;News, Notfall in der Nacht, Ulm, Polizei, Baugrube, Notfall;2026-08-09T09:57:17+02:00;2026-08-09T09:57:17+02:00;;dpa Baden-Württemberg;false
81e0905363c85352d3858448d79e88db7206bff7350e3fe805f566bf304d8e74;1860 nach Enttäuschung bei Heimpremiere: «Brauchen Geduld»;https://www.zeit.de/news/2026-08/09/1860-nach-enttaeuschung-bei-heimpremiere-brauchen-geduld;Hier finden Sie Informationen zu dem Thema „Fußball-Regionalliga“. Lesen Sie jetzt „1860 nach Enttäuschung bei Heimpremiere: «Brauchen Geduld»“.;Fußball-Regionalliga;News, Fußball-Regionalliga, Vitus Eicher, Felix Weber, Michael Eberwein, Alper Kayabunar, Augsburg, Fußball-Regionalliga, TSV 1860 München, FC Augsburg, Bundesliga, Heimpremiere;2026-08-09T09:56:31+02:00;2026-08-09T09:56:31+02:00;;dpa Bayern;false
88a17a1c3cba8032916ea547cbb18cc42e20bdc5f6de1263e90345bcbdb37851;Teilnehmerrekord beim CSD in Nürnberg;https://www.zeit.de/news/2026-08/09/teilnehmerrekord-beim-csd-in-nuernberg;Hier finden Sie Informationen zu dem Thema „Christopher Street Day“. Lesen Sie jetzt „Teilnehmerrekord beim CSD in Nürnberg“.;Christopher Street Day;News, Christopher Street Day, Nürnberg, Polizei, CSU, Christopher Street Day, Teilnehmerrekord;2026-08-09T09:53:28+02:00;2026-08-09T09:53:28+02:00;;dpa Bayern;false
b339c4a5c6c4ba1da1e53bc2c27de6d74a818e46a626b98a51ea4cd2ba715231;Radfahrer stürzt über Kabelbrücke und wird schwer verletzt;https://www.zeit.de/news/2026-08/09/radfahrer-stuerzt-ueber-kabelbruecke-und-wird-schwer-verletzt;Hier finden Sie Informationen zu dem Thema „Unfälle“. Lesen Sie jetzt „Radfahrer stürzt über Kabelbrücke und wird schwer verletzt“.;Unfälle;News, Unfälle, Polizei, Kabelbrücke, Unfall, Kabelabdeckung;2026-08-09T09:46:56+02:00;2026-08-09T09:46:56+02:00;;dpa Niedersachsen;false
ce8d6816a070b45e9dea350eb580a0051f8d0cb13a92efd03ebd84279eb25473;Der Luchs streift durch NRW - wann wird er heimisch?;https://www.zeit.de/news/2026-08/09/der-luchs-streift-durch-nrw-wann-wird-er-heimisch;Hier finden Sie Informationen zu dem Thema „Seltenes Wildtier“. Lesen Sie jetzt „Der Luchs streift durch NRW - wann wird er heimisch?“.;Seltenes Wildtier;News, Seltenes Wildtier, Christine Thiel-Bender, Ole Anders, Wilhelm Deitermann, NRW, Harz, Nordrhein-Westfalen, Weser, Wuppertal, BUND, Luchs;2026-08-09T09:39:51+02:00;2026-08-09T09:39:51+02:00;;dpa Nordrhein-Westfalen;false
86cff1f9d3857f4ed73d5bb7527d90cb0aa4ac0c920c20c3fb2193445826ef6e;Ekel und Schäden: Autobahn-Toiletten werden zum Problemfall;https://www.zeit.de/news/2026-08/09/ekel-und-schaeden-autobahn-toiletten-werden-zum-problemfall;Hier finden Sie Informationen zu dem Thema „Autobahnen“. Lesen Sie jetzt „Ekel und Schäden: Autobahn-Toiletten werden zum Problemfall“.;Autobahnen;News, Autobahnen, Via Solutions Südwest, die Autobahn GmbH des Bundes, Problemfall, Vandalismus, Autobahnparkplatz, Müllentsorgung, Reinigung;2026-08-09T09:38:55+02:00;2026-08-09T09:38:55+02:00;;dpa Baden-Württemberg;false
8e49aba61d98690a49a85efab48a7b1d5985c70d12e4edaeac092ec0c4dbce1a;Müll, Vandalismus und Ekel-Toiletten an Autobahnen;https://www.zeit.de/news/2026-08/09/muell-vandalismus-und-ekel-toiletten-an-autobahnen;Hier finden Sie Informationen zu dem Thema „Autobahnen“. Lesen Sie jetzt „Müll, Vandalismus und Ekel-Toiletten an Autobahnen“.;Autobahnen;News, Autobahnen, Mannheim, Malsch, Offenburg, Baden-Württemberg, die Autobahn GmbH des Bundes, ADAC, Vandalismus, Müll, Toilettentüre, Autobahn;2026-08-09T09:37:58+02:00;2026-08-09T09:37:58+02:00;;dpa Baden-Württemberg;false
21ef5ab99b5a5e891a9639e1d4e819dde6a6df680a4cf08933418d215a2fd2c8;Unfall nach Überholmanöver: 34-Jährige schwer verletzt;https://www.zeit.de/news/2026-08/09/unfall-nach-ueberholmanoever-34-jaehrige-schwer-verletzt;Hier finden Sie Informationen zu dem Thema „Führerschein beschlagnahmt“. Lesen Sie jetzt „Unfall nach Überholmanöver: 34-Jährige schwer verletzt“.;Führerschein beschlagnahmt;News, Führerschein beschlagnahmt, Eckersdorf, Polizei, Unfall, Überholmanöver, Betäubungsmitteleinfluss, Auto;2026-08-09T09:37:53+02:00;2026-08-09T09:37:53+02:00;;dpa Bayern;false
bd02d42d0e48166f64e813cf0da2f5e6aeff31d4979cc075c1ff7b0677d131b7;Altes Museum in Berlin soll umfassend saniert werden;https://www.zeit.de/politik/deutschland/2026-08/altes-museum-berlin-generalsanierung-museumsinsel-pergamonmuseum-gxe;Das Alte Museum hat Risse in den Wänden. Während das Pergamonmuseum 2027 teilweise wieder öffnen soll, ist die Sanierung des Alten Museums für die 2030er-Jahre geplant.;Museumsinsel;Politik, Museumsinsel, Museumsinsel, Berlin, Sanierung, Ausstellung;2026-08-09T09:24:31+02:00;2026-08-09T09:24:31+02:00;;DIE ZEIT,        dpa;false
6290496b549d417906122fe468ad4b282ce2f5e636eb30e27295cc3f0a9ffd49;Wagen überschlägt sich auf A1 – Autobahn voll gesperrt;https://www.zeit.de/news/2026-08/09/wagen-ueberschlaegt-sich-auf-a1-autobahn-voll-gesperrt;Hier finden Sie Informationen zu dem Thema „Unfälle“. Lesen Sie jetzt „Wagen überschlägt sich auf A1 – Autobahn voll gesperrt“.;Unfälle;News, Unfälle, Barsbüttel, Kreis Stormarn, Polizei, Unfall, Autobahn, Fahrzeug;2026-08-09T09:24:04+02:00;2026-08-09T09:24:04+02:00;;dpa Hamburg/Schleswig-Holstein;false
f30fa2c29b24675aff512a416b6db8e431286869b3884908e95ccfd101565870;Feuer in Wohnhaus breitet sich auf angrenzendes Haus aus;https://www.zeit.de/news/2026-08/09/feuer-in-wohnhaus-breitet-sich-auf-angrenzendes-haus-aus;Hier finden Sie Informationen zu dem Thema „Feuerwehreinsatz“. Lesen Sie jetzt „Feuer in Wohnhaus breitet sich auf angrenzendes Haus aus“.;Feuerwehreinsatz;News, Feuerwehreinsatz, Feuerwehreinsatz;2026-08-09T09:08:28+02:00;2026-08-09T09:08:28+02:00;;dpa Baden-Württemberg;false
c3cdd4d5acda059dbc8ddf7a53964b38753b8241f6815f27b10d1a8a00d960e8;Ackermann: Bei Trump halte ich vieles für möglich;https://www.zeit.de/news/2026-08/09/ackermann-bei-trump-halte-ich-vieles-fuer-moeglich;Hier finden Sie Informationen zu dem Thema „Kultur als Politikum“. Lesen Sie jetzt „Ackermann: Bei Trump halte ich vieles für möglich“.;Kultur als Politikum;News, Kultur als Politikum, Donald Trump, Marion Ackermann, Berlin, USA, Amerika, Museumsinsel, Sachsen-Anhalt, Smithsonian Institute, Stiftung Preußischer Kulturbesitz, Alternative für Deutschland;2026-08-09T09:00:06+02:00;2026-08-09T09:00:06+02:00;;dpa;false
2d03f81802184e99a9f327a484d8647b69ef4f7e1a61365c1181bdaec6edb85e;Peter Tschentscher fordert Kurswechsel in der Steuerpolitik;https://www.zeit.de/politik/deutschland/2026-08/peter-tschentscher-steuern-fiskalpolitik-bundesregierung-digitalsteuer-koerperschaftsteuer-gxe;Hamburgs Erster Bürgermeister Tschentscher kritisiert die geplanten Steuersenkungen der Bundesregierung. Er spricht von »Steuergeschenken aus der Gießkanne«. ;Fiskalpolitik;Politik, Fiskalpolitik, Peter Tschentscher, Steuerpolitik, Steuer, Hamburg, Bundesregierung, Schulden;2026-08-09T08:48:36+02:00;2026-08-09T08:48:36+02:00;voi;DIE ZEIT,        dpa,        							voi;false
33490aca52ab8095d50d9827455f3e79464db8be628c2e2e58c31186690bebdb;Auto brennt nach Zusammenstoß - lebensgefährlich Verletzte;https://www.zeit.de/news/2026-08/09/auto-brennt-nach-zusammenstoss-lebensgefaehrlich-verletzte;Hier finden Sie Informationen zu dem Thema „Schwerer Unfall“. Lesen Sie jetzt „Auto brennt nach Zusammenstoß - lebensgefährlich Verletzte“.;Schwerer Unfall;News, Schwerer Unfall, Unfall, Zusammenstoß, Frontalzusammenstoß, Auto;2026-08-09T08:47:53+02:00;2026-08-09T08:47:53+02:00;;dpa Baden-Württemberg;false
de55e0e15abd4a17d6005110a0bb0df226ee7a7aa47a39d02fa74b918d61d108;Deutlich weniger Geldautomatensprengungen;https://www.zeit.de/news/2026-08/09/deutlich-weniger-geldautomatensprengungen;Hier finden Sie Informationen zu dem Thema „Nur zwei Fälle“. Lesen Sie jetzt „Deutlich weniger Geldautomatensprengungen“.;Nur zwei Fälle;News, Nur zwei Fälle, Brandenburg, Polizei, Geldautomatensprengung, Geldautomat, Geld;2026-08-09T08:45:12+02:00;2026-08-09T08:45:12+02:00;;dpa Berlin/Brandenburg;false
4b77b6bd5c2565978d18f1d61b79e844084447468ee4b1c96dc4948c859562c9;Bilder des Tages;https://www.zeit.de/news/2026-08/09/bilder-des-tages;Hier finden Sie Informationen zu dem Thema „Fotografie“. Lesen Sie jetzt „Bilder des Tages“.;Fotografie;News, Fotografie, News;2026-08-09T08:43:03+02:00;2026-08-09T08:43:03+02:00;;dpa;false
88d8a370ecbbefd0f9c77674ed2b34a48a0fb4099a6d23e10f55e3588fcb8910;Zwei Schwerverletzte bei Überschlag in Jettingen;https://www.zeit.de/news/2026-08/09/zwei-schwerverletzte-bei-ueberschlag-in-jettingen;Hier finden Sie Informationen zu dem Thema „Unfall Landkreis Böblingen“. Lesen Sie jetzt „Zwei Schwerverletzte bei Überschlag in Jettingen“.;Unfall Landkreis Böblingen;News, Unfall Landkreis Böblingen, Jettingen, Landkreis Böblingen, Unfall, Auto;2026-08-09T08:28:34+02:00;2026-08-09T08:28:34+02:00;;dpa Baden-Württemberg;false
98e46a1524bc74a846c90a811d027201a7280d94efbb899ac58b2178e40826a1;Der Sohn «kackt», der Vater trifft: Grönnings Traumstart;https://www.zeit.de/news/2026-08/09/der-sohn-kackt-der-vater-trifft-groennings-traumstart;Hier finden Sie Informationen zu dem Thema „2. Fußball-Bundesliga“. Lesen Sie jetzt „Der Sohn «kackt», der Vater trifft: Grönnings Traumstart“.;2. Fußball-Bundesliga;News, 2. Fußball-Bundesliga, Stefan Leitl, Luca Schuler, Bochum, Hertha BSC, Fußball-Bundesliga, Traumstart, Familie;2026-08-09T08:21:04+02:00;2026-08-09T08:21:04+02:00;;dpa Berlin/Brandenburg;false
63c2ef46280f635143a7e3876fceb3b0b50d6aa95e901169cb1da60bdd5f03d2;Sommerwetter im Norden – Temperaturen bis 31 Grad erwartet;https://www.zeit.de/news/2026-08/09/sommerwetter-im-norden-temperaturen-bis-31-grad-erwartet;Hier finden Sie Informationen zu dem Thema „Wetter“. Lesen Sie jetzt „Sommerwetter im Norden – Temperaturen bis 31 Grad erwartet“.;Wetter;News, Wetter, Hamburg, Schleswig-Holstein, Mecklenburg-Vorpommern, DWD, Temperatur, Wetter;2026-08-09T08:20:13+02:00;2026-08-09T08:20:13+02:00;;dpa Hamburg/Schleswig-Holstein;false
c955eb7f0f7a9418da467c5a43ece539be78c6a468fe7b7f659bde11f952efb1;Kleintransporter kracht gegen Baum – Zwei Menschen sterben;https://www.zeit.de/news/2026-08/09/kleintransporter-kracht-gegen-baum-zwei-menschen-sterben;Hier finden Sie Informationen zu dem Thema „Unfall auf der B466“. Lesen Sie jetzt „Kleintransporter kracht gegen Baum – Zwei Menschen sterben“.;Unfall auf der B466;News, Unfall auf der B466, Unfall;2026-08-09T08:18:24+02:00;2026-08-09T08:18:24+02:00;;dpa Bayern;false
7ddf59d1588ea63ed9058e3ecb88b64d158f02e8204f6682c2fff9dc55d35d47;Zwei Schwerverletzte bei Frontalzusammenstoß;https://www.zeit.de/news/2026-08/09/zwei-schwerverletzte-bei-frontalzusammenstoss;Hier finden Sie Informationen zu dem Thema „Unfall“. Lesen Sie jetzt „Zwei Schwerverletzte bei Frontalzusammenstoß“.;Unfall;News, Unfall, Heilbronn, Frontalzusammenstoß, Unfall, Bundesstraße, Auto;2026-08-09T08:13:52+02:00;2026-08-09T08:13:52+02:00;;dpa Baden-Württemberg;false
cb4a95fe7bb72beb6067db97d4a9e999af28ffd3dc0b2fc0a9025202e0b0f6b0;Gewerkschaften fordern Erhalt der Rente mit 63;https://www.zeit.de/wirtschaft/2026-08/rente-mit-63-gewerkschaften-cdu-spd-abschaffung-gxe;Die Bundesregierung plant die Abschaffung des vorzeitigen Renteneintritts nach 45 Beitragsjahren. Die Kritik an diesem Vorhaben wächst weiter an, die Union verteidigt es.;Vorzeitiger Renteneintritt;Wirtschaft, Vorzeitiger Renteneintritt, Rentenreform, Rente, Ruhestand, Bundesregierung, Arbeitnehmer, Unionsfraktion;2026-08-09T08:08:00+02:00;2026-08-09T08:08:00+02:00;yer;DIE ZEIT,        AFP,        epd,        							yer;false
102d922bc247c9910feac0a70fd48be4a0f22866329a178ff993eae78ca7e801;Sommerwetter in Niedersachsen – Bis zu 33 Grad erwartet;https://www.zeit.de/news/2026-08/09/sommerwetter-in-niedersachsen-bis-zu-33-grad-erwartet;Hier finden Sie Informationen zu dem Thema „Wetter“. Lesen Sie jetzt „Sommerwetter in Niedersachsen – Bis zu 33 Grad erwartet“.;Wetter;News, Wetter, Niedersachsen, DWD, Wetter;2026-08-09T07:51:36+02:00;2026-08-09T07:51:36+02:00;;dpa Niedersachsen;false
e2256a6688e36e35c9676c2c6fe861b8d2861203727e11df9879d0042132cd44;Neue Hitzewelle erwartet – Gewitterrisiko bleibt hoch;https://www.zeit.de/news/2026-08/09/neue-hitzewelle-erwartet-gewitterrisiko-bleibt-hoch;Hier finden Sie Informationen zu dem Thema „Wetter“. Lesen Sie jetzt „Neue Hitzewelle erwartet – Gewitterrisiko bleibt hoch“.;Wetter;News, Wetter, Baden-Württemberg, DWD, Gewitterrisiko, Regenschirm, Gewitter, Hitzewelle, Wetter;2026-08-09T07:47:49+02:00;2026-08-09T07:47:49+02:00;;dpa Baden-Württemberg;false
d36dffeffa82b4ffa363e038e98c0c840b5af72b5e1fc96df1849667234991b8;Brand in Berlin-Lichtenrade: Helfer können Frau nicht retten;https://www.zeit.de/news/2026-08/09/brand-in-berlin-lichtenrade-helfer-koennen-frau-nicht-retten;Hier finden Sie Informationen zu dem Thema „Wohnung in Flammen“. Lesen Sie jetzt „Brand in Berlin-Lichtenrade: Helfer können Frau nicht retten“.;Wohnung in Flammen;News, Wohnung in Flammen, Berlin-Lichtenrade, Lichtenrade, Wohnhausbrand;2026-08-09T07:41:23+02:00;2026-08-09T07:41:23+02:00;;dpa Berlin/Brandenburg;false
01a320d68afc34b6e203b0f5fb3c0529f05dcee106f807e83bdd159069b810ab;Stellwerksstörung zwischen Bremen und Hamburg behoben;https://www.zeit.de/news/2026-08/09/stellwerksstoerung-zwischen-bremen-und-hamburg-behoben;Hier finden Sie Informationen zu dem Thema „Züge fahren wieder regulär“. Lesen Sie jetzt „Stellwerksstörung zwischen Bremen und Hamburg behoben“.;Züge fahren wieder regulär;News, Züge fahren wieder regulär, Hamburg, Bremen, Stellwerksstörung, Verkehrsunternehmen;2026-08-09T07:33:01+02:00;2026-08-09T07:33:01+02:00;;dpa Hamburg/Schleswig-Holstein;false
e9b6e8181ba7c772d27071141e6b1dbe5a99b489a60e9a157cbc7c3b5f65216e;Wasserarme Donau wird zur Asservatenkammer der Geschichte;https://www.zeit.de/news/2026-08/09/wasserarme-donau-wird-zur-asservatenkammer-der-geschichte;Hier finden Sie Informationen zu dem Thema „Flaches Gewässer“. Lesen Sie jetzt „Wasserarme Donau wird zur Asservatenkammer der Geschichte“.;Flaches Gewässer;News, Flaches Gewässer, Donau, Budapest, Szob, Prahovo, Serbien, Volksbund Deutsche Kriegsgräberfürsorge, Feuerwehr, Opel, Zweiter Weltkrieg, Flusskreuzfahrtschiff;2026-08-09T07:30:06+02:00;2026-08-09T07:30:06+02:00;;dpa;false
6772264dcd9a43e2fcfd2252e26d89fd8283ae6a42aa22e3f183bdca26d86c09;Bayern stöhnen wieder über Hitze;https://www.zeit.de/news/2026-08/09/bayern-stoehnen-wieder-ueber-hitze;Hier finden Sie Informationen zu dem Thema „Wetter“. Lesen Sie jetzt „Bayern stöhnen wieder über Hitze“.;Wetter;News, Wetter, Bayern, Donau, Hitze, Wetter;2026-08-09T07:25:43+02:00;2026-08-09T07:25:43+02:00;;dpa Bayern;false
9327fab9927918f15eb17aef9d9b22edf456b24f1cdfb1251bf87218b12e43ae;Als Vagnoman-Konkurrent: Nartey überzeugt VfB in neuer Rolle;https://www.zeit.de/news/2026-08/09/als-vagnoman-konkurrent-nartey-ueberzeugt-vfb-in-neuer-rolle;Hier finden Sie Informationen zu dem Thema „Bundesliga-Vorbereitung“. Lesen Sie jetzt „Als Vagnoman-Konkurrent: Nartey überzeugt VfB in neuer Rolle“.;Bundesliga-Vorbereitung;News, Bundesliga-Vorbereitung, Sebastian Hoeneß, Nikolas Nartey, Premier Lease & Loan Services Insurance Agency, FC Everton, VfB Stuttgart, Bundesliga, Fußball-Bundesliga;2026-08-09T07:14:05+02:00;2026-08-09T07:14:05+02:00;;dpa Baden-Württemberg;false
687d8046560452045024561785abfa31f28edd7da619bee68d872af8f6364223;Berliner Museumsinsel: Altes Museum muss saniert werden;https://www.zeit.de/news/2026-08/09/berliner-museumsinsel-altes-museum-muss-saniert-werden;Hier finden Sie Informationen zu dem Thema „Baustelle“. Lesen Sie jetzt „Berliner Museumsinsel: Altes Museum muss saniert werden“.;Baustelle;News, Baustelle, Marion Ackermann, Berlin, Museumsinsel, Stiftung Preußischer Kulturbesitz, Deutsche Presse-Agentur, Pergamonmuseum, Baustelle;2026-08-09T07:00:07+02:00;2026-08-09T07:00:07+02:00;;dpa;false
09a5d78f85c0afb021955b818bc42deaae5ddde23c58396d61c9e1cff541a8c5;Schloss Meseberg: Nachnutzung noch nicht unter Dach und Fach;https://www.zeit.de/news/2026-08/09/schloss-meseberg-nachnutzung-noch-nicht-unter-dach-und-fach;Hier finden Sie Informationen zu dem Thema „Regierung gibt Gästehaus auf“. Lesen Sie jetzt „Schloss Meseberg: Nachnutzung noch nicht unter Dach und Fach“.;Regierung gibt Gästehaus auf;News, Regierung gibt Gästehaus auf, Heinrich von Srbik, Bundesregierung, Nachnutzung, Gästehaus;2026-08-09T07:00:05+02:00;2026-08-09T07:00:05+02:00;;dpa Berlin/Brandenburg;false
aacd865befc07e12a300165aeab4493718dfc2b54c0863857bca0dea7ed5fadd;Blutreserven knapp – MV kämpft mit Engpässen;https://www.zeit.de/news/2026-08/09/blutreserven-knapp-mv-kaempft-mit-engpaessen;Hier finden Sie Informationen zu dem Thema „Blutspende“. Lesen Sie jetzt „Blutreserven knapp – MV kämpft mit Engpässen“.;Blutspende;News, Blutspende, Markus Baulke, Mecklenburg-Vorpommern, DRK, Blutreserve, Engpass, Blutspende, Blutpräparat;2026-08-09T07:00:04+02:00;2026-08-09T07:00:04+02:00;;dpa Mecklenburg-Vorpommern;false
fa34c50fb220de1c3d0a94b5fee5a7966174169c846d222f0dcda4875cb736bd;Schnelle Wiedereröffnung der Straße von Hormus ungewiss;https://www.zeit.de/news/2026-08/09/iran-stellt-neue-forderungen-an-usa-zur-strasse-von-hormus;Hier finden Sie Informationen zu dem Thema „Lage im Überblick“. Lesen Sie jetzt „Schnelle Wiedereröffnung der Straße von Hormus ungewiss“.;Lage im Überblick;News, Lage im Überblick, Modschtaba Chamenei, Iran, USA, Straße von Hormus, Wiedereröffnung;2026-08-09T06:20:06+02:00;2026-08-09T06:20:06+02:00;;dpa;false
dd37c441733fcf5097407ce10eb7389aff229139272b99591dcc6b3e0eb13418;85 Meter tief – Apnoetaucher verpasst trotzdem knapp Rekord;https://www.zeit.de/news/2026-08/09/85-meter-tief-apnoetaucher-verpasst-trotzdem-knapp-rekord;Hier finden Sie Informationen zu dem Thema „Extremsport“. Lesen Sie jetzt „85 Meter tief – Apnoetaucher verpasst trotzdem knapp Rekord“.;Extremsport;News, Extremsport, Extremsport, Rekord, Tiefenrekord, Familie;2026-08-09T06:11:04+02:00;2026-08-09T06:11:04+02:00;;dpa Bayern;false
e4f01c33d66073a5de6b3497feff876e3a4ff25c61db5237c0dd4dbfd6f32329;»Das geht nicht«;https://www.zeit.de/2026-08/buckelwal-dokumente-till-backhaus-mecklenburg-vorpommern-rettungsaktion;Mitarbeiter warnten Till Backhaus vor der Rettung des Buckelwals Timmy, ein Abteilungsleiter meldete sich am Ende gar krank. Hat der Minister sein Haus ignoriert?;"Z+ (abopflichtiger Inhalt);
        
    Buckelwal";Politik, Buckelwal, Buckelwal, Till Backhaus, Mecklenburg-Vorpommern, Nordsee, Ostsee;2026-08-09T06:07:36+02:00;2026-08-09T06:07:36+02:00;Christoph HeinemannHannah KnuthTom Kroll;;false
9d3fcbcb0990a317acd15e5028be145dae3da330927fe4f965a3acd2acc3b360;Tschentscher: schwarz-rote Steuerpolitik führt in Sackgasse;https://www.zeit.de/news/2026-08/09/tschentscher-schwarz-rote-steuerpolitik-fuehrt-in-sackgasse;Hier finden Sie Informationen zu dem Thema „Finanzen“. Lesen Sie jetzt „Tschentscher: schwarz-rote Steuerpolitik führt in Sackgasse“.;Finanzen;News, Finanzen, Peter Tschentscher, Hamburg, Flensburg, Bodensee, Bundesregierung, SPD, Deutsche Presse-Agentur, Steuerpolitik, Finanzen, Sackgasse;2026-08-09T06:00:18+02:00;2026-08-09T06:00:18+02:00;;dpa Hamburg/Schleswig-Holstein;false
898849f08a6d43bb18e8af170b43d64e5837ddeb9f9327db2b14aff1eb87234d;NRW steuert Lehrkräfte um – G9-Rückkehr bringt Lücken;https://www.zeit.de/news/2026-08/09/nrw-steuert-lehrkraefte-um-g9-rueckkehr-bringt-luecken;Hier finden Sie Informationen zu dem Thema „Neuverteilung“. Lesen Sie jetzt „NRW steuert Lehrkräfte um – G9-Rückkehr bringt Lücken“.;Neuverteilung;News, Neuverteilung, NRW, Nordrhein-Westfalen, Neuverteilung, Lehrkräfteversorgung, Schulministerium;2026-08-09T06:00:12+02:00;2026-08-09T06:00:12+02:00;;dpa Nordrhein-Westfalen;false
50f962e5f30af8378e6c5ebdf0236a57ed83dc8cb82dc3542de8da102e571646;Barfuß in Schlappen und Sandalen: Sind nackte Füße eklig?;https://www.zeit.de/news/2026-08/09/barfuss-in-schlappen-und-sandalen-sind-nackte-fuesse-eklig;Hier finden Sie Informationen zu dem Thema „Sommerstreitthema“. Lesen Sie jetzt „Barfuß in Schlappen und Sandalen: Sind nackte Füße eklig?“.;Sommerstreitthema;News, Sommerstreitthema, Michael Michalsky, Mallorca, Berlin, Flip-Flops, Schlappen, Sandale, Sommerstreitthema, Sommer;2026-08-09T06:00:12+02:00;2026-08-09T06:00:12+02:00;;dpa;false
d0423bb324596ceaf4749f0a6f3efa578e40f90d6f3ca789d700cb6be2fb9e45;Sonnenfinsternis: Fünf Tipps, um nicht im Dunkeln zu tappen;https://www.zeit.de/news/2026-08/09/sonnenfinsternis-fuenf-tipps-um-nicht-im-dunkeln-zu-tappen;Hier finden Sie Informationen zu dem Thema „Seltenes Event richtig angehen“. Lesen Sie jetzt „Sonnenfinsternis: Fünf Tipps, um nicht im Dunkeln zu tappen“.;Seltenes Event richtig angehen;News, Seltenes Event richtig angehen, Carolin Liefke, Hunsrück, Rheinland-Pfalz, Rhein, Rheinland, Sonnenfinsternis, Himmelsschauspiel;2026-08-09T06:00:08+02:00;2026-08-09T06:00:08+02:00;;dpa Rheinland-Pfalz/Saarland;false
e403dfc958cce8d3ff3bbe46dc0c25438bb000943905c8b81bac82d27bc4a93f;Minister: Banden sehen Brandenburg als Rückzugsraum;https://www.zeit.de/news/2026-08/09/minister-banden-sehen-brandenburg-als-rueckzugsraum;Hier finden Sie Informationen zu dem Thema „Organisierte Kriminalität“. Lesen Sie jetzt „Minister: Banden sehen Brandenburg als Rückzugsraum“.;Organisierte Kriminalität;News, Organisierte Kriminalität, Jan Redmann, Brandenburg, Berlin, Ludwigsfelde, Potsdam, CDU, Polizei, Deutsche Presse-Agentur, Rückzugsraum, Drogenlabor;2026-08-09T06:00:06+02:00;2026-08-09T06:00:06+02:00;;dpa Berlin/Brandenburg;false
938152dcd7959ee209663d968028f3ec3e591b615b243092b1a35633134deee8;Aus drei mach viele: Türkei will neuen Militärpakt erweitern;https://www.zeit.de/news/2026-08/09/aus-drei-mach-viele-tuerkei-will-neuen-militaerpakt-erweitern;Hier finden Sie Informationen zu dem Thema „Verteidigungsbündnis“. Lesen Sie jetzt „Aus drei mach viele: Türkei will neuen Militärpakt erweitern“.;Verteidigungsbündnis;News, Verteidigungsbündnis, Recep Tayyip Erdogan, Hakan Fidan, Türkei, Pakistan, Saudi-Arabien, Ägypten, Nato, Anadolu, Militärpakt, Verteidigungsbündnis;2026-08-09T05:55:58+02:00;2026-08-09T05:55:58+02:00;;dpa;false
0971e341bec9fabba6a0f1f736c1c9ca790cee92c6a7ec348923fdacc5929977;Geheime Chat-Dienste geknackt - rund 350 Anklagen;https://www.zeit.de/news/2026-08/09/geheime-chat-dienste-geknackt-rund-350-anklagen;Hier finden Sie Informationen zu dem Thema „Kriminalität“. Lesen Sie jetzt „Geheime Chat-Dienste geknackt - rund 350 Anklagen“.;Kriminalität;News, Kriminalität, Staatsanwaltschaft, Deutsche Presse-Agentur, Polizei, Anklage, Entschlüsselung, Drogen;2026-08-09T05:30:05+02:00;2026-08-09T05:30:05+02:00;;dpa Berlin/Brandenburg;false
fb3eb5139af7c88771723737b6945a1e9c1aefaafb5afe1bf30f6d8803f3b483;Berlin streitet über die Enteignung von Immobilienkonzernen;https://www.zeit.de/news/2026-08/09/berlin-streitet-ueber-die-enteignung-von-immobilienkonzernen;Hier finden Sie Informationen zu dem Thema „Wahlen in Berlin“. Lesen Sie jetzt „Berlin streitet über die Enteignung von Immobilienkonzernen“.;Wahlen in Berlin;News, Wahlen in Berlin, Kai Wegner, Stefan Evers, Markus Söder, Alexander Schirp, Elif Eralp, Berlin, Bayern, CDU, CSU, SPD;2026-08-09T05:01:05+02:00;2026-08-09T05:01:05+02:00;;dpa Berlin/Brandenburg;false
daa099217667cd4b9187cef459837def889c275e21bd3b6d9e3bcc6852398001;Land will über Ganztagsanträge bis Jahresende entscheiden;https://www.zeit.de/news/2026-08/09/land-will-ueber-ganztagsantraege-bis-jahresende-entscheiden;Hier finden Sie Informationen zu dem Thema „Förderung für Schulträger“. Lesen Sie jetzt „Land will über Ganztagsanträge bis Jahresende entscheiden“.;Förderung für Schulträger;News, Förderung für Schulträger, Dorit Stenke, Schleswig-Holstein, CDU, Ganztagsantrag, Ganztag, Ganztagsausbau, Jahresende, Investitionsantrag, Landesregierung;2026-08-09T05:00:16+02:00;2026-08-09T05:00:16+02:00;;dpa Hamburg/Schleswig-Holstein;false
5d9eabd0a599d2b00a682afdc388af154ba3dd37b4f5a072432be93026b31848;Dieser Baum bereitet den Boden für neuen Wald im Harz;https://www.zeit.de/news/2026-08/09/dieser-baum-bereitet-den-boden-fuer-neuen-wald-im-harz;Hier finden Sie Informationen zu dem Thema „«Baum des Jahres»“. Lesen Sie jetzt „Dieser Baum bereitet den Boden für neuen Wald im Harz“.;«Baum des Jahres»;News, «Baum des Jahres», Michael Thätner, Lautenthal, Aspe, Seesen, Zitterpappel, Baumart, Wald;2026-08-09T05:00:15+02:00;2026-08-09T05:00:15+02:00;;dpa Niedersachsen;false
f83cae81904b3f60ee9e50854ef56b6e7f62e1661c00388deb4a674a4542f60a;Pferde rasen durchs Watt - Duhner Wattrennen feiert Jubiläum;https://www.zeit.de/news/2026-08/09/pferde-rasen-durchs-watt-duhner-wattrennen-feiert-jubilaeum;Hier finden Sie Informationen zu dem Thema „Wettkampf“. Lesen Sie jetzt „Pferde rasen durchs Watt - Duhner Wattrennen feiert Jubiläum“.;Wettkampf;News, Wettkampf, Wattrennen, Wettkampf, Jubiläum;2026-08-09T05:00:07+02:00;2026-08-09T05:00:07+02:00;;dpa Niedersachsen;false
7ab44d556ca40ed39a24bf361989a0ded46d82d0bd2f66ff85a0ce7c6f3f17a4;Rheinmetall-Chef unter Personenschutz: «Kneifen gilt nicht»;https://www.zeit.de/news/2026-08/09/rheinmetall-chef-unter-personenschutz-kneifen-gilt-nicht;Hier finden Sie Informationen zu dem Thema „Erhöhte Gefährdungslage“. Lesen Sie jetzt „Rheinmetall-Chef unter Personenschutz: «Kneifen gilt nicht»“.;Erhöhte Gefährdungslage;News, Erhöhte Gefährdungslage, Armin Papperger, Rhein, Rheinmetall, Deutsche Presse-Agentur, Personenschutz, Kneifen, Gefährdungslage, Anschlagsrisiko, Krieg in der Ukraine;2026-08-09T05:00:05+02:00;2026-08-09T05:00:05+02:00;;dpa;false
f850bea30d0cffcd0711d3e2b8343b9db496f15c9f696182efd71acb3507b4b1;Projekt für schlaue Kinder - Thüringen beteiligt sich nicht;https://www.zeit.de/news/2026-08/09/projekt-fuer-schlaue-kinder-thueringen-beteiligt-sich-nicht;Hier finden Sie Informationen zu dem Thema „Schule“. Lesen Sie jetzt „Projekt für schlaue Kinder - Thüringen beteiligt sich nicht“.;Schule;News, Schule, Dirk Hoffmeister, Thüringen, Bildungsministerium, Bündnis Sahra Wagenknecht, Drehtür;2026-08-09T04:30:06+02:00;2026-08-09T04:30:06+02:00;;dpa Thüringen;false
2861fd9a0921fe6ca64920ce71d9e3e20e101d5dc1facaeaa8c3a6cd83fe661d;Dorfgasthäuser: Weniger Gäste, mehr Sorgen;https://www.zeit.de/news/2026-08/09/dorfgasthaeuser-weniger-gaeste-mehr-sorgen;Hier finden Sie Informationen zu dem Thema „Gaststätten“. Lesen Sie jetzt „Dorfgasthäuser: Weniger Gäste, mehr Sorgen“.;Gaststätten;News, Gaststätten, Gisbert J. Kern, Carolin Brandner, Wehrheim, Hochtaunuskreis, Trendelburg, Emmerich, Hessen, DEHOGA, Dorfgasthaus, Gaststätte;2026-08-09T04:20:05+02:00;2026-08-09T04:20:05+02:00;;dpa Hessen;false
428efe3ca708b2a9b404a6448f631ac1cb1e5ee7923b2545ae23cc0495a750c7;Öffentliche Trinkwasserspender im Stadtbild immer präsenter;https://www.zeit.de/news/2026-08/09/oeffentliche-trinkwasserspender-im-stadtbild-immer-praesenter;Hier finden Sie Informationen zu dem Thema „Hitzeschutz“. Lesen Sie jetzt „Öffentliche Trinkwasserspender im Stadtbild immer präsenter“.;Hitzeschutz;News, Hitzeschutz, Simone Borris, Lars Werner, Magdeburg, Zeitz, Wernigerode, Quedlinburg, Sachsen-Anhalt, Städtische Werke Magdeburg, Stadtbild, Hitzeschutz;2026-08-09T04:05:04+02:00;2026-08-09T04:05:04+02:00;;dpa Sachsen;false
2d0583fc7e0f79a19f1f9c4a147b454f19c26e4a1aaf1c2529bc28a221b99bdb;Klassik in Rheinsberg: Veranstalter ziehen Zwischenbilanz;https://www.zeit.de/news/2026-08/09/klassik-in-rheinsberg-veranstalter-ziehen-zwischenbilanz;Hier finden Sie Informationen zu dem Thema „Gute Besucherzahlen“. Lesen Sie jetzt „Klassik in Rheinsberg: Veranstalter ziehen Zwischenbilanz“.;Gute Besucherzahlen;News, Gute Besucherzahlen, Harald Hildwein, Rheinsberg, Zwischenbilanz, Festivalsommer, Kammeroper, Sommer;2026-08-09T04:00:26+02:00;2026-08-09T04:00:26+02:00;;dpa Berlin/Brandenburg;false
57ee16762b2e3972a5704ffbe66497842eab47f20c9dbbe83af82a58f0075a87;Wo Hessens Städte gießen – und wo nicht;https://www.zeit.de/news/2026-08/09/wo-hessens-staedte-giessen-und-wo-nicht;Hier finden Sie Informationen zu dem Thema „Verdorrte Parks“. Lesen Sie jetzt „Wo Hessens Städte gießen – und wo nicht“.;Verdorrte Parks;News, Verdorrte Parks, Frankfurt, Offenbach, Darmstadt, Kassel, Deutsche Presse-Agentur, Grünanlage, Sommer;2026-08-09T04:00:25+02:00;2026-08-09T04:00:25+02:00;;dpa Hessen;false
76621acf283dda2d0e0151ad2d7f1db88f9dce22045c8249e88112958ca8cca8;Millionenaufwand für Schäden durch Altbergbau;https://www.zeit.de/news/2026-08/09/millionenaufwand-fuer-schaeden-durch-altbergbau;Hier finden Sie Informationen zu dem Thema „Bergbaufolgen“. Lesen Sie jetzt „Millionenaufwand für Schäden durch Altbergbau“.;Bergbaufolgen;News, Bergbaufolgen, Bernhard Cramer, Sachsen, Bärensteiner Straße, Freital, Buchholz, Altbergbau, Millionenaufwand, Bergbaufolge, Tagesbruch, Oberbergamt;2026-08-09T04:00:22+02:00;2026-08-09T04:00:22+02:00;;dpa Sachsen;false
68e9bf6b9c0c4bee99f2aefad87ae9df0dbee08d24aabe56bd96b6cf32925fe9;Sonnenfinsternis am Mittwoch – spielt das Wetter mit?;https://www.zeit.de/news/2026-08/09/sonnenfinsternis-am-mittwoch-spielt-das-wetter-mit;Hier finden Sie Informationen zu dem Thema „Wetter“. Lesen Sie jetzt „Sonnenfinsternis am Mittwoch – spielt das Wetter mit?“.;Wetter;News, Wetter, DWD, Sonnenfinsternis, Südwesten, Wetter;2026-08-09T04:00:20+02:00;2026-08-09T04:00:20+02:00;;dpa Baden-Württemberg;false
ffe8d5bc8472f778616ba91f1913a16f5ee9281e9249cef662490f4bd908912e;Mehr Unterstützung für Wissenschaftler bei Gründungen;https://www.zeit.de/news/2026-08/09/mehr-unterstuetzung-fuer-wissenschaftler-bei-gruendungen;Hier finden Sie Informationen zu dem Thema „Forschung und Wirtschaft“. Lesen Sie jetzt „Mehr Unterstützung für Wissenschaftler bei Gründungen“.;Forschung und Wirtschaft;News, Forschung und Wirtschaft, Clemens Hoch, Michael Ebling, Eckhard Thines, Bernhard Hauer, Mainz, Rheinland-Pfalz, SPD, Deutsche Presse-Agentur, Johannes Gutenberg-Universität Mainz, Unternehmensgründung;2026-08-09T04:00:19+02:00;2026-08-09T04:00:19+02:00;;dpa Rheinland-Pfalz/Saarland;false
3ec53ab5e8cdcc6ae23f6336c9e89cd76346f874d5b82f8df9a01ce94e738289;Kann Künstliche Intelligenz kleine Sprachen retten?;https://www.zeit.de/news/2026-08/09/kann-kuenstliche-intelligenz-kleine-sprachen-retten;Hier finden Sie Informationen zu dem Thema „Friesisch und Plattdeutsch“. Lesen Sie jetzt „Kann Künstliche Intelligenz kleine Sprachen retten?“.;Friesisch und Plattdeutsch;News, Friesisch und Plattdeutsch, Fering Auersaater, Hauke Heyen, Aurich, Ostfriesland, Übersetzungsanfrage, künstliche Intelligenz, ChatGPT;2026-08-09T04:00:18+02:00;2026-08-09T04:00:18+02:00;;dpa Hamburg/Schleswig-Holstein;false
d4a73e12f0c87fe721d3525e5fb8ba7eb6b423c32bfdf81a3663c32c46a40a56;Wo die Menschen in Baden-Württemberg am meisten verdienen;https://www.zeit.de/news/2026-08/09/wo-die-menschen-in-baden-wuerttemberg-am-meisten-verdienen;Hier finden Sie Informationen zu dem Thema „Statistik der Arbeitsagentur“. Lesen Sie jetzt „Wo die Menschen in Baden-Württemberg am meisten verdienen“.;Statistik der Arbeitsagentur;News, Statistik der Arbeitsagentur, Stuttgart, Baden-Württemberg, Bundesagentur für Arbeit;2026-08-09T04:00:14+02:00;2026-08-09T04:00:14+02:00;;dpa Baden-Württemberg;false
2b98c020a3e816728139f11df59443f8113bbd248f5535d1659bf33f23fa3599;Sonnenfinsternis in Hessen: Wo sieht man sie am besten?;https://www.zeit.de/news/2026-08/09/sonnenfinsternis-in-hessen-wo-sieht-man-sie-am-besten;Hier finden Sie Informationen zu dem Thema „Himmelsschauspiel mit Zugabe“. Lesen Sie jetzt „Sonnenfinsternis in Hessen: Wo sieht man sie am besten?“.;Himmelsschauspiel mit Zugabe;News, Himmelsschauspiel mit Zugabe, Uwe Pilz, Marburg, Eichenzell, Hessen, Kassel, Sonnenfinsternis, Himmelsschauspiel, Zugabe, Wandern, Kali;2026-08-09T04:00:13+02:00;2026-08-09T04:00:13+02:00;;dpa Hessen;false
de4af1f221fdda37bd614da58a3211dfada1cb64fc76751fe658c6cf7787f87b;Erneut Ermittlungen gegen Aiwangers Ex-Lehrer;https://www.zeit.de/news/2026-08/09/erneut-ermittlungen-gegen-aiwangers-ex-lehrer;Hier finden Sie Informationen zu dem Thema „Folgen der Flugblattaffäre“. Lesen Sie jetzt „Erneut Ermittlungen gegen Aiwangers Ex-Lehrer“.;Folgen der Flugblattaffäre;News, Folgen der Flugblattaffäre, Hubert Aiwanger, Bayern, Regensburg, München, Staatsanwaltschaft, Deutsche Presse-Agentur, Flugblattaffäre, Ermittlung, Dienstgeheimnis;2026-08-09T04:00:11+02:00;2026-08-09T04:00:11+02:00;;dpa Bayern;false
97bebb28622e7cdaefffcb1f1ae5621487f34351d6a2680cdde2d273dd9e185a;Wohin mit dem Getreide? Folgen des Niedrigwassers;https://www.zeit.de/news/2026-08/09/wohin-mit-dem-getreide-folgen-des-niedrigwassers;Hier finden Sie Informationen zu dem Thema „Binnenschiffe“. Lesen Sie jetzt „Wohin mit dem Getreide? Folgen des Niedrigwassers“.;Binnenschiffe;News, Binnenschiffe, Donau, Nürnberg, Rhein, Baywa, Niedrigwasser, Binnenschiff, Getreide, Getreidelogistik, Transportweg, Annahmestelle;2026-08-09T04:00:04+02:00;2026-08-09T04:00:04+02:00;;dpa Bayern;false
2aebce92250902713062688b1caeb10aa29382f55381b4f51e48f3e01459e54b;Messi reist zur Trauerfeier seines Vaters nach Argentinien;https://www.zeit.de/news/2026-08/09/messi-reist-zur-trauerfeier-seines-vaters-nach-argentinien;Hier finden Sie Informationen zu dem Thema „Tod des Vaters“. Lesen Sie jetzt „Messi reist zur Trauerfeier seines Vaters nach Argentinien“.;Tod des Vaters;News, Tod des Vaters, Lionel Messi, El Prado, Argentinien, Miami, Rosario, Trauerfeier, Familie;2026-08-09T03:41:04+02:00;2026-08-09T03:41:04+02:00;;dpa Sport;false
0636bb50324d0014fe8b51e48e4c0d0e684cb43b454627b5ae4a0c1456198172;Nach CSD-Anschlag: Queere Demo in Köln;https://www.zeit.de/news/2026-08/09/nach-csd-anschlag-queere-demo-in-koeln;Hier finden Sie Informationen zu dem Thema „Solidaritätsmarsch“. Lesen Sie jetzt „Nach CSD-Anschlag: Queere Demo in Köln“.;Solidaritätsmarsch;News, Solidaritätsmarsch, Deutz, Berlin, Köln, Polizei, Christopher Street Day, Solidaritätsmarsch, Freiheit;2026-08-09T03:30:14+02:00;2026-08-09T03:30:14+02:00;;dpa Nordrhein-Westfalen;false
2d9c81af5781cdceea2cd50ffac4b90990f416a7acd4c35a4d4bb0fe67b7d220;Dorfgasthäuser unter Druck: Volltanken oder essen gehen?;https://www.zeit.de/news/2026-08/09/dorfgasthaeuser-unter-druck-volltanken-oder-essen-gehen;Hier finden Sie Informationen zu dem Thema „Gaststätten“. Lesen Sie jetzt „Dorfgasthäuser unter Druck: Volltanken oder essen gehen?“.;Gaststätten;News, Gaststätten, Dorfgasthaus, Gaststätte, Kostendruck, Personalmangel;2026-08-09T03:30:10+02:00;2026-08-09T03:30:10+02:00;;dpa Hessen;false
01c545263f9721ce36630661a56efd85373dee9bc1cf9159b8142b6245392c95;Asylbewerber-Aufnahmeeinrichtungen werden neu aufgestellt;https://www.zeit.de/news/2026-08/09/asylbewerber-aufnahmeeinrichtungen-werden-neu-aufgestellt;Hier finden Sie Informationen zu dem Thema „Unterbringung von Flüchtlingen“. Lesen Sie jetzt „Asylbewerber-Aufnahmeeinrichtungen werden neu aufgestellt“.;Unterbringung von Flüchtlingen;News, Unterbringung von Flüchtlingen, Achim Schwickert, Afa Speyer, Mainz, Kusel, Speyer, Bitburg, Trier, Rheinland-Pfalz, Eder, Deutsche Presse-Agentur;2026-08-09T03:30:09+02:00;2026-08-09T03:30:09+02:00;;dpa Rheinland-Pfalz/Saarland;false
7edefa0db6e3c839a2509d31bbc3d95dff51d68e461e875d427f681736566803;Hanse Sail geht nach vier Tagen zu Ende;https://www.zeit.de/news/2026-08/09/hanse-sail-geht-nach-vier-tagen-zu-ende;Hier finden Sie Informationen zu dem Thema „35. Auflage“. Lesen Sie jetzt „Hanse Sail geht nach vier Tagen zu Ende“.;35. Auflage;News, 35. Auflage, Rostock, Hanse Sail, Veranstaltungstag, Veranstaltungsplatz, Schiff;2026-08-09T03:30:05+02:00;2026-08-09T03:30:05+02:00;;dpa Mecklenburg-Vorpommern;false
f0ab16b5a90613e32467f5e0939ed3423cde46e1808dae865ff4db87eddcbd3a;Mission Klassenerhalt: Energie Cottbus startet in 2. Liga;https://www.zeit.de/news/2026-08/09/mission-klassenerhalt-energie-cottbus-startet-in-2-liga;Hier finden Sie Informationen zu dem Thema „2. Fußball-Bundesliga“. Lesen Sie jetzt „Mission Klassenerhalt: Energie Cottbus startet in 2. Liga“.;2. Fußball-Bundesliga;News, 2. Fußball-Bundesliga, Energie Cottbus, FC Energie Cottbus, Fußball-Bundesliga, Klassenerhalt;2026-08-09T03:30:05+02:00;2026-08-09T03:30:05+02:00;;dpa Berlin/Brandenburg;false
49163d69dc57c3e93d359ec28023c6fb8d7fbeb4587722db43c60ec5400867df;Fifa warnt Kritiker von Gianni Infantino;https://www.zeit.de/sport/2026-08/fifa-gianni-infantino-kritik-uefa-abfindung-wahl;Die Fifa stellt sich erneut demonstrativ hinter Gianni Infantino. Akteure würde versuchen, den Präsidenten zu untergraben, kritisiert der Weltfußballverband.;Weltfußballverband;Sport, Weltfußballverband, Gianni Infantino, Fifa, Uefa, Fußball;2026-08-09T02:50:06+02:00;2026-08-09T02:50:06+02:00;dar;DIE ZEIT,        dpa,        SID,        							dar;false
1766fdcdca277fdd715b0896c70de80c7f7c544f2dae8a03f66eb833165fa0e4;Westkanadische Provinz ruft wegen Waldbränden Notstand aus;https://www.zeit.de/news/2026-08/09/westkanadische-provinz-ruft-wegen-waldbraenden-notstand-aus;Hier finden Sie Informationen zu dem Thema „Feuer-Katastrophen“. Lesen Sie jetzt „Westkanadische Provinz ruft wegen Waldbränden Notstand aus“.;Feuer-Katastrophen;News, Feuer-Katastrophen, David Eby, Mark Carney, Britisch-Kolumbien, Waldbrand, Notstand, Premierminister;2026-08-09T02:37:05+02:00;2026-08-09T02:37:05+02:00;;dpa;false
b34ccedb0cf278259e46f380faf98ec04aeeedae01f6e828cf9e0a88f4ff99e4;Abholzung im Amazonasgebiet auf Zehnjahrestief;https://www.zeit.de/news/2026-08/09/abholzung-im-amazonasgebiet-auf-zehnjahrestief;Hier finden Sie Informationen zu dem Thema „Umwelt“. Lesen Sie jetzt „Abholzung im Amazonasgebiet auf Zehnjahrestief“.;Umwelt;News, Umwelt, Luiz Inácio Lula da Silva, Abholzung, Amazonasgebiet, Zehnjahrestief;2026-08-09T02:19:04+02:00;2026-08-09T02:19:04+02:00;;dpa;false
967e2d137275f00ad89d98249efbff160fee9eb922e40b4ba18a779e1ba0b92d;Verkehrsminister will Gehälter der Bahnführung an Ziele knüpfen;https://www.zeit.de/mobilitaet/2026-08/steffen-bilger-deutsche-bahn-gehaelter-unpuenktlichkeit;Steffen Bilger kritisiert die Pünktlichkeit der Bahn als unzureichend. Damit die Bahn ihre Ziele erreicht, sollen Managergehälter daran gekoppelt werden.;Steffen Bilger;Mobilitaet, Steffen Bilger, Deutsche Bahn, Steffen Bilger, Verkehrsministerium, CDU, Fernverkehr, Schienenverkehr;2026-08-09T01:03:36+02:00;2026-08-09T01:03:36+02:00;dar;DIE ZEIT,        Reuters,        AFP,        							dar;false
18bef2f9e91ac900369f172b59458610ed0f3e058c1d5ea810558f691d092ecd;Bundesinnenminister kündigt neues Drohnenzentrum an;https://www.zeit.de/politik/deutschland/2026-08/bombendrohnen-anschlag-leipzig-hybride-bedrohung-drohnenabwehr;Nach dem Leipziger Drohnenvorfall kündigt Bundesinnenminister Dobrindt ein neues Drohnenzentrum an. Das technologische Wettrüsten erfordere eigene Forschungseinheiten.;Waffentechnologie;Politik, Waffentechnologie, Drohne, Alexander Dobrindt, Bundesinnenministerium, Leipzig, Forschung, Technologie;2026-08-09T00:19:33+02:00;2026-08-09T00:19:33+02:00;tw;DIE ZEIT,        							tw;false
92cc91b12cfed58b64212ae00523aed5013ca4157c89ae15e4b8bc53bfcfad58;Krebserkrankung von Ex-US-Präsident Biden laut Sohn verschlechtert;https://www.zeit.de/politik/ausland/2026-08/joe-biden-prostatakrebs-metastasen-hunter-biden-gesundheit;Der ehemalige Präsident Joe Biden wird wegen Prostatakrebs behandelt. Nach Angaben seines Sohnes hat sich der Krebs jedoch weiter ausgebreitet.;Joe Biden;Politik, Joe Biden, Joe Biden, Prostatakrebs, Krebs, USA, Demokraten (USA);2026-08-09T00:17:51+02:00;2026-08-09T00:17:51+02:00;tw;DIE ZEIT,        Reuters,        							tw;false
33e11de8eaf5adbb0fd0079a73ea0d811f0df2525396fc04d966232ebae629a5;Umfrage: Mehrheit gegen Abschaffung der «Rente mit 63»;https://www.zeit.de/news/2026-08/09/umfrage-mehrheit-gegen-abschaffung-der-rente-mit-63;Hier finden Sie Informationen zu dem Thema „Rentenreform“. Lesen Sie jetzt „Umfrage: Mehrheit gegen Abschaffung der «Rente mit 63»“.;Rentenreform;News, Rentenreform, Frank Werneke, Bundesregierung, Bild am Sonntag, Deutschland spricht, Umfrage, Rente;2026-08-09T00:10:04+02:00;2026-08-09T00:10:04+02:00;;dpa;false
57374e22dfdb49cbda5aa47cab2960151d401589cf24a23efb8a8c072ed8a0bc;Dobrindt: Neues Zentrum soll zu Drohnensicherheit forschen;https://www.zeit.de/news/2026-08/09/dobrindt-neues-zentrum-soll-zu-drohnensicherheit-forschen;Hier finden Sie Informationen zu dem Thema „Sicherheit“. Lesen Sie jetzt „Dobrindt: Neues Zentrum soll zu Drohnensicherheit forschen“.;Sicherheit;News, Sicherheit, Alexander Dobrindt, Cochstedt, Flughafen Leipzig/Halle, Sachsen-Anhalt, CSU, Deutsches Zentrum für Luft- und Raumfahrt, DLR, Bild am Sonntag, Drohnensicherheit, Drohnentechnologie;2026-08-09T00:01:04+02:00;2026-08-09T00:01:04+02:00;;dpa;false
5154fdbe3497c3a8820c75edaba5620b1c633bef95bb98018b52b9925d7d9a67;Was geschah am 9. August?;https://www.zeit.de/news/2026-08/08/was-geschah-am-9-august;Hier finden Sie Informationen zu dem Thema „Kalenderblatt“. Lesen Sie jetzt „Was geschah am 9. August?“.;Kalenderblatt;News, Kalenderblatt, New York, Esprit Holdings Limited, Goethe-Institut, Kalenderblatt, Namenstag, Modekonzern;2026-08-08T23:55:04+02:00;2026-08-08T23:55:04+02:00;;dpa;false
c885d895847ae22a3aac3f8425762ca79060a19fb62016c63fe9132fc7b86781;Einigung da: Pejcinovic verlässt VfL Wolfsburg;https://www.zeit.de/news/2026-08/08/einigung-da-pejcinovic-verlaesst-vfl-wolfsburg;Hier finden Sie Informationen zu dem Thema „Transfer“. Lesen Sie jetzt „Einigung da: Pejcinovic verlässt VfL Wolfsburg“.;Transfer;News, Transfer, Dzenan Pejcinovic, Wolfsburg, VfL Wolfsburg, VfB Stuttgart, 1. FC Kaiserslautern;2026-08-08T23:52:12+02:00;2026-08-08T23:52:12+02:00;;dpa Baden-Württemberg;false
937f00a3edafdc62b38bd41c6019ef403ab3aa5a84a862c9da9d22905b14c01d;Elversberg 1:1 im Test auf Mallorca - Rot für Darvich;https://www.zeit.de/news/2026-08/08/elversberg-1-1-im-test-auf-mallorca-rot-fuer-darvich;Hier finden Sie Informationen zu dem Thema „Testspiel“. Lesen Sie jetzt „Elversberg 1:1 im Test auf Mallorca - Rot für Darvich“.;Testspiel;News, Testspiel, Maximilian Rohr, Mallorca, RCD Mallorca, SV Elversberg, Deutscher Fußball-Bund, Bundesliga, Testspiel, Saisonstart;2026-08-08T23:07:47+02:00;2026-08-08T23:07:47+02:00;;dpa Rheinland-Pfalz/Saarland;false
158c5a0cd1f584e80a3b223882e62bf6e9eec8bee297d34b58b9bc8ce9907e8a;Flugbetrieb in Hamburg nach Drohnenalarm kurz unterbrochen;https://www.zeit.de/news/2026-08/08/flugbetrieb-in-hamburg-nach-drohnenalarm-kurz-unterbrochen;Hier finden Sie Informationen zu dem Thema „Wohl nur Heißluftballon“. Lesen Sie jetzt „Flugbetrieb in Hamburg nach Drohnenalarm kurz unterbrochen“.;Wohl nur Heißluftballon;News, Wohl nur Heißluftballon, Hamburg, Flughafen Hamburg, Flugbetrieb, Drohnenalarm, Heißluftballon, Drohnensichtung;2026-08-08T22:56:12+02:00;2026-08-08T22:56:12+02:00;;dpa Hamburg/Schleswig-Holstein;false
6c36faccf46c4c99d246bdb1ec46b265fdcdde3eea4adf2b81a56ee65b1e8471;Heidi Klum wechselt mit «HeidiFest» zu RTL;https://www.zeit.de/news/2026-08/08/heidi-klum-wechselt-mit-heidifest-zu-rtl;Hier finden Sie Informationen zu dem Thema „Nicht mehr nur auf ProSieben“. Lesen Sie jetzt „Heidi Klum wechselt mit «HeidiFest» zu RTL“.;Nicht mehr nur auf ProSieben;News, Nicht mehr nur auf ProSieben, Heidi Klum, Pro7, RTL, ProSieben, Oktoberfest, Heidifest;2026-08-08T22:32:28+02:00;2026-08-08T22:32:28+02:00;;dpa;false
09e452a46a913af82d487af1b74f3b0fb98c3ebac5136d3f5c93668590b6895f;Wolfsburg nur 0:0 gegen Kaiserslautern;https://www.zeit.de/news/2026-08/08/wolfsburg-nur-0-0-gegen-kaiserslautern;Hier finden Sie Informationen zu dem Thema „2. Fußball-Bundesliga“. Lesen Sie jetzt „Wolfsburg nur 0:0 gegen Kaiserslautern“.;2. Fußball-Bundesliga;News, 2. Fußball-Bundesliga, Fabian Reese, Wolfsburg, Kaiserslautern, Pfalz, Volkswagen-Arena, VfL Wolfsburg, 1. FC Kaiserslautern, Fußball-Bundesliga;2026-08-08T22:29:00+02:00;2026-08-08T22:29:00+02:00;;dpa Niedersachsen;false
2e3244be460429c58f242c9473b237dca7efbbbe81bd96523ad4deaed9d6cfdd;Motorradfahrer stirbt bei Zusammenstoß mit Auto;https://www.zeit.de/news/2026-08/08/motorradfahrer-stirbt-bei-zusammenstoss-mit-auto;Hier finden Sie Informationen zu dem Thema „Tödliche Kollision“. Lesen Sie jetzt „Motorradfahrer stirbt bei Zusammenstoß mit Auto“.;Tödliche Kollision;News, Tödliche Kollision, Anhalt-Bitterfeld, Dessau-Roßlau, Zusammenstoß, Autobahnanschlussstelle, Auto;2026-08-08T22:10:43+02:00;2026-08-08T22:10:43+02:00;;dpa Sachsen;false
2bc9ff03a768317cf80ad2c86b55560019c4ade47f44f581a7e848ff7d8b0d4b;Ein Toter und sechs Verletzte bei Unfall mit Transporter;https://www.zeit.de/news/2026-08/08/ein-toter-und-sechs-verletzte-bei-unfall-mit-transporter;Hier finden Sie Informationen zu dem Thema „Unfall in Niederbayern“. Lesen Sie jetzt „Ein Toter und sechs Verletzte bei Unfall mit Transporter“.;Unfall in Niederbayern;News, Unfall in Niederbayern, Niederbayern, Kreisstraße, Landkreis Landshut, Unfall, Transporter;2026-08-08T21:50:50+02:00;2026-08-08T21:50:50+02:00;;dpa Bayern;false
8cade6420dd2a0d672eb37620c61768f4e1285fbc9a7bf410b55d369655e842c;Mann nach Streit mit Autofahrer in Bremen gestorben;https://www.zeit.de/news/2026-08/08/mann-nach-streit-mit-autofahrer-in-bremen-gestorben;Hier finden Sie Informationen zu dem Thema „Kriminalität“. Lesen Sie jetzt „Mann nach Streit mit Autofahrer in Bremen gestorben“.;Kriminalität;News, Kriminalität, Bremen, Polizei;2026-08-08T21:40:13+02:00;2026-08-08T21:40:13+02:00;;dpa Niedersachsen;false
5306766890970cd8b8a922f697617bf13a1b2ae2e6b013e7c156acb97f132854;Mann an Badesee vermisst – Suche abgebrochen;https://www.zeit.de/news/2026-08/08/mann-an-badesee-vermisst-suche-abgebrochen;Hier finden Sie Informationen zu dem Thema „Suche nach Vermisstem“. Lesen Sie jetzt „Mann an Badesee vermisst – Suche abgebrochen“.;Suche nach Vermisstem;News, Suche nach Vermisstem, Biebesheim, Groß-Gerau, Polizei, Badegang;2026-08-08T21:39:47+02:00;2026-08-08T21:39:47+02:00;;dpa Hessen;false
4b77b6bd5c2565978d18f1d61b79e844084447468ee4b1c96dc4948c859562c9;Bilder des Tages;https://www.zeit.de/news/2026-08/08/bilder-des-tages;Hier finden Sie Informationen zu dem Thema „Fotografie“. Lesen Sie jetzt „Bilder des Tages“.;Fotografie;News, Fotografie, News;2026-08-08T21:04:51+02:00;2026-08-08T21:04:51+02:00;;dpa;false
e2585f542b80830de44b3fd97378ad315a174efec9013ea5fec851312c54da7e;Gewalt bei «Schanzenfest» rund um YouTuber «Drachenlord»;https://www.zeit.de/news/2026-08/08/gewalt-bei-schanzenfest-rund-um-youtuber-drachenlord;Hier finden Sie Informationen zu dem Thema „Streit um YouTuber“. Lesen Sie jetzt „Gewalt bei «Schanzenfest» rund um YouTuber «Drachenlord»“.;Streit um YouTuber;News, Streit um YouTuber, Emskirchen, Mittelfranken, Polizei, Youtuber, Schanzenfest, Drachenlord;2026-08-08T20:53:45+02:00;2026-08-08T20:53:45+02:00;;dpa Bayern;false
bb3f3cbac05e28affd995adfd755b170725efda6c145376289f8d31211a470aa;Holm: brauchen etwa 43 Prozent für Alleinregierung;https://www.zeit.de/news/2026-08/08/afd-in-mv-setzt-bei-wahl-auf-schwung-aus-sachsen-anhalt;Hier finden Sie Informationen zu dem Thema „MV-Landtagswahl“. Lesen Sie jetzt „Holm: brauchen etwa 43 Prozent für Alleinregierung“.;MV-Landtagswahl;News, MV-Landtagswahl, Leif-Erik Holm, Stralsund, Sachsen-Anhalt, Mecklenburg-Vorpommern, Alternative für Deutschland, Landtagswahl, Alleinregierung;2026-08-08T20:31:20+02:00;2026-08-08T20:31:20+02:00;;dpa Mecklenburg-Vorpommern;false
8d9252cea9f15f99ffcaa94e53873e08b57236f4f9b003200198060fee8c0a0e;Mein herzliches Beileid, liebe KI;https://www.zeit.de/2026/34/schreiben-kuenstliche-intelligenz-texte-kreativitaet-sprache;In Sekunden liefert die KI zu jedem Thema einen Text. Ist das nicht schrecklich? Ist es nicht schöner, nicht gleich zu wissen, wie man sagen soll, was man sagen will?;"Z+ (abopflichtiger Inhalt);
        
    Schreiben mit KI";Feuilleton, Schreiben mit KI, künstliche Intelligenz, Sprache, Literatur, Kreativität, Software;2026-08-08T20:20:55+02:00;2026-08-08T20:20:55+02:00;Florian Illies;Aus der        ZEIT Nr. 34/2026;false
5fdb9095bade67bead251e1895ce4550143b94aceffd3ca964cbf49c953a3db5;In Bulgarien explodierte Drohne stammte mutmaßlich aus der Ukraine;https://www.zeit.de/politik/ausland/2026-08/bulgarien-drohne-ukraine-luftraum-explosion;Eine an der rumänisch-bulgarischen Grenze explodierte Drohne ist offenbar ukrainischer Herkunft. Bulgarien geht von einem versehentlichen Vorfall aus.;Nato-Luftraum;Politik, Nato-Luftraum, Drohne, Bulgarien, Krieg in der Ukraine, Sofia, Nato;2026-08-08T20:18:33+02:00;2026-08-08T20:18:33+02:00;aleiso;DIE ZEIT,        dpa,        AFP,        Reuters,        							ale					,        							iso;false
30e40a67560878e74248a3ee33973ccd383b961babab77fe61dff7b107326aa8;Mit Auto unter Leitplanke geraten: Mann wird schwer verletzt;https://www.zeit.de/news/2026-08/08/mit-auto-unter-leitplanke-geraten-mann-wird-schwer-verletzt;Hier finden Sie Informationen zu dem Thema „Autobahn 27“. Lesen Sie jetzt „Mit Auto unter Leitplanke geraten: Mann wird schwer verletzt“.;Autobahn 27;News, Autobahn 27, Achim, Polizei, Leitplanke, Mittelleitplanke, Auto;2026-08-08T20:10:38+02:00;2026-08-08T20:10:38+02:00;;dpa Niedersachsen;false
bdee727706a34d65ee0afe38b1a03eb6b2b980d88fdea2d4773a70be6e636f7d;Besucher verliert Teil von Finger in Freizeitpark;https://www.zeit.de/news/2026-08/08/besucher-verliert-teil-von-finger-in-freizeitpark;Hier finden Sie Informationen zu dem Thema „Niederlande“. Lesen Sie jetzt „Besucher verliert Teil von Finger in Freizeitpark“.;Niederlande;News, Niederlande, Niederlande, Crazy River, Walibi, NOS, Freizeitpark, Wasserattraktion;2026-08-08T20:10:28+02:00;2026-08-08T20:10:28+02:00;;dpa;false
fb7738335af38b5ffb6cab8cf0ce3718451e7789f7544a97e8b61b58a22a10c4;Linke und Grüne kritisieren Kurs der Bundesregierung bei Niedrigwasser;https://www.zeit.de/politik/deutschland/2026-08/niedrigwasser-lkw-fahrverbot-binnenschifffahrt-gruene-linke-bundesregierung;Die Linke lehnt die geplante Lockerung des Fahrverbots für Lkw an Sonn- und Feiertagen ab. Bei den Grünen gibt es sowohl Unmut als auch Verständnis.;Ausgetrocknete Flüsse;Politik, Ausgetrocknete Flüsse, Dürre, Transport, Bundesregierung, Die Linke, CDU, LKW;2026-08-08T20:07:47+02:00;2026-08-08T20:07:47+02:00;tw;DIE ZEIT,        dpa,        							tw;false
f8fd915be89a19c9b031851c2f8bd6d42325bd255f75e8ba71f6a8cc94e75572;Waldbrand greift auf Bundespolizei-Gelände über;https://www.zeit.de/news/2026-08/08/waldbrand-greift-auf-bundespolizei-gelaende-ueber;Hier finden Sie Informationen zu dem Thema „Hochtaunuskreis“. Lesen Sie jetzt „Waldbrand greift auf Bundespolizei-Gelände über“.;Hochtaunuskreis;News, Hochtaunuskreis, Hochtaunuskreis, Grävenwiesbach, Bundespolizei, Versorgungslager, Rettungsleitstelle, Waldbrand;2026-08-08T20:05:07+02:00;2026-08-08T20:05:07+02:00;;dpa Hessen;false
150f25ae49bcad9c88585dc95a8da3b83705c71ab063ea3a016265c42a287b09;Hunderte Einsatzkräfte kämpfen gegen Brand in Andalusien;https://www.zeit.de/wissenschaft/umwelt/2026-08/waldbrand-andalusien-spanien-niebla-sevilla-4000-hektar;Im Süden Spaniens brennt ein Feuer auf einer Fläche von rund 4.000 Hektar. Hunderte Feuerwehrleute und Soldaten sind gegen den Waldbrand im Einsatz.;Waldbrände in Europa;Wissenschaft, Waldbrände in Europa, Andalusien, Waldbrand, Spanien, Sevilla, Feuerwehr, Hitze;2026-08-08T20:01:58+02:00;2026-08-08T20:01:58+02:00;iso;DIE ZEIT,        AFP,        							iso;false
03321d2bfbb448575b70073bb2797d0fcc90562794af1340901c2ad70e971594;Ukrainische Drohne dringt im Nato-Staat Bulgarien ein;https://www.zeit.de/news/2026-08/08/drohne-dringt-im-luftraum-von-nato-staat-bulgarien-ein;Hier finden Sie Informationen zu dem Thema „Drohne auch in Bulgarien“. Lesen Sie jetzt „Ukrainische Drohne dringt im Nato-Staat Bulgarien ein“.;Drohne auch in Bulgarien;News, Drohne auch in Bulgarien, Bulgarien, Nato, Europäische Union, Luftraum;2026-08-08T19:52:42+02:00;2026-08-08T19:52:42+02:00;;dpa;false
9e49873ff1d4db6259eb674d7015eaca0560745790981415bc85a9bd51d5a535;VfB Stuttgart feiert Saisoneröffnung mit 3:1 gegen Everton;https://www.zeit.de/news/2026-08/08/vfb-stuttgart-feiert-saisoneroeffnung-mit-3-1-gegen-everton;Hier finden Sie Informationen zu dem Thema „Bundesliga-Vorbereitung“. Lesen Sie jetzt „VfB Stuttgart feiert Saisoneröffnung mit 3:1 gegen Everton“.;Bundesliga-Vorbereitung;News, Bundesliga-Vorbereitung, Sebastian Hoeneß, Nikolas Nartey, Ramon Hendriks, Dan-Axel Zagadou, FC Everton, Premier Lease & Loan Services Insurance Agency, VfB Stuttgart, Saisoneröffnung, Vorbereitungsspiel, Pflichtspielauftakt;2026-08-08T19:39:29+02:00;2026-08-08T19:39:29+02:00;;dpa Baden-Württemberg;false
8528497d0d7c5ca07c5f5044781740b06f029a2b665cb4d8b2f76af757b4aa66;Ukraine rechnet mit weiteren Patriot-Abwehrraketen aus den USA;https://www.zeit.de/politik/ausland/ukraine-krieg-news-liveblog;Der ukrainische Präsident meldet weitere Vereinbarungen mit der US-Regierung zur Lieferung von Abwehrraketen. Der Umfang decke jedoch nicht den Bedarf. Das Liveblog;Liveblog:                     Krieg gegen die Ukraine;Politik, Krieg gegen die Ukraine, Krieg in der Ukraine, Wolodymyr Selenskyj, Russland, Militär, Drohne, Kyjiw;2026-08-09T09:13:41+00:00;2026-08-09T09:13:41+00:00;Ivana SokolaAlexander EydlinAlena Kammer;;false
01b81fd7f54669fb3984b43284311a13d0afc2093daa12d3eb6a3cee62956c09;Frauen-Tour vor Finale mit Sekundenkrimi: Vollering in Gelb;https://www.zeit.de/news/2026-08/08/frauen-tour-vor-finale-mit-sekundenkrimi-vollering-in-gelb;Hier finden Sie Informationen zu dem Thema „Tour de France der Frauen“. Lesen Sie jetzt „Frauen-Tour vor Finale mit Sekundenkrimi: Vollering in Gelb“.;Tour de France der Frauen;News, Tour de France der Frauen, Demi Vollering, Nizza, Tour de France, Sekundenkrimi, Finale;2026-08-08T19:27:00+02:00;2026-08-08T19:27:00+02:00;;dpa Sport;false
4fdac4ddb0a57d658c8367157a7955013273906b4e819fed6480140821bd0ff2;Verpuffung durch Campingkocher - Verletzte bei Festival;https://www.zeit.de/news/2026-08/08/verpuffung-durch-campingkocher-verletzte-bei-festival;Hier finden Sie Informationen zu dem Thema „Taubertal-Festival“. Lesen Sie jetzt „Verpuffung durch Campingkocher - Verletzte bei Festival“.;Taubertal-Festival;News, Taubertal-Festival, Rothenburg ob der Tauber, Polizei, Taubertal-Festival, Verpuffung;2026-08-08T19:24:56+02:00;2026-08-08T19:24:56+02:00;;dpa Bayern;false
e8cd19189c08c5f56db9fb8c0e3577f34d69cc5af5856f3a49c4ca9a9428460e;Mainz mit 4:0-Erfolg gegen Kevin Trapps Paris FC;https://www.zeit.de/news/2026-08/08/mainz-mit-4-0-erfolg-gegen-kevin-trapps-paris-fc;Hier finden Sie Informationen zu dem Thema „Fußball-Bundesliga“. Lesen Sie jetzt „Mainz mit 4:0-Erfolg gegen Kevin Trapps Paris FC“.;Fußball-Bundesliga;News, Fußball-Bundesliga, Kevin Trapp, Fabio Gruber, Phillip Tietz, Mainz, Paris, 1. FSV Mainz 05, Deutscher Fußball-Bund, Fußball-Bundesliga, Saisonstart, Erfolg;2026-08-08T19:18:18+02:00;2026-08-08T19:18:18+02:00;;dpa Rheinland-Pfalz/Saarland;false
ccc63df3fbf158884ed9c64a8a4def10e4b72943d8242271ff805bdb851fff0d;Schalke-Wahnsinn: Mehr als 100.000 Fans bei Saisoneröffnung;https://www.zeit.de/news/2026-08/08/schalke-wahnsinn-mehr-als-100-000-fans-bei-saisoneroeffnung;Hier finden Sie Informationen zu dem Thema „Fußball-Bundesliga“. Lesen Sie jetzt „Schalke-Wahnsinn: Mehr als 100.000 Fans bei Saisoneröffnung“.;Fußball-Bundesliga;News, Fußball-Bundesliga, Schalke, Gelsenkirchen, FC Schalke 04, Fußball-Bundesliga, Bundesliga, Saisoneröffnung, Vereinsangabe, Vorfreude, Grenze;2026-08-08T18:58:04+02:00;2026-08-08T18:58:04+02:00;;dpa Nordrhein-Westfalen;false
8e59ef31d320dcd16c00cc299ff4d6fbb8550c37caf545b62a8c44f48610b577;Drohne mit Sprengstoff am Flughafen - War es Russland?;https://www.zeit.de/news/2026-08/08/drohne-mit-sprengstoff-am-flughafen-war-es-russland;Hier finden Sie Informationen zu dem Thema „Hybrider Angriff“. Lesen Sie jetzt „Drohne mit Sprengstoff am Flughafen - War es Russland?“.;Hybrider Angriff;News, Hybrider Angriff, Alexander Dobrindt, Friedrich Merz, Wladimir Putin, Matthias Uhl, Dmitri Peskow, Russland, Leipzig, Moskau, Litauen, Europa;2026-08-08T18:45:06+02:00;2026-08-08T18:45:06+02:00;;dpa;false
0cfeed4165f1628b6589082cc8f4cbf1c36e30a675c6dde65eade3603b4e75b8;US-Medien: Sprengstoff-Drohne könnte Russland gehören;https://www.zeit.de/news/2026-08/08/us-medien-sprengstoff-drohne-koennte-russland-gehoeren;Hier finden Sie Informationen zu dem Thema „Hybrider Angriff“. Lesen Sie jetzt „US-Medien: Sprengstoff-Drohne könnte Russland gehören“.;Hybrider Angriff;News, Hybrider Angriff, Russland, Flughafen Leipzig/Halle, Geheimdienst, Wall Street Journal, Sprengstoff;2026-08-08T18:30:05+02:00;2026-08-08T18:30:05+02:00;;dpa Sachsen;false
0e26f6e2db9243736add124fcf7594503fcdc6a8135e92b51d2d04bad814e963;Autofahrer fährt in Italien in Gruppe von Radlern;https://www.zeit.de/news/2026-08/08/autofahrer-faehrt-in-italien-in-gruppe-von-radlern;Hier finden Sie Informationen zu dem Thema „Streit über Fahrbahn“. Lesen Sie jetzt „Autofahrer fährt in Italien in Gruppe von Radlern“.;Streit über Fahrbahn;News, Streit über Fahrbahn, Italien, Turin, Polizei, Fahrbahn, Fahrzeug, Körperverletzung, Auto;2026-08-08T18:25:10+02:00;2026-08-08T18:25:10+02:00;;dpa;false
cdb982002a582a8f0c5b558c179b4e67050160b66b42ba1a45870ba9e4191de1;Lionel Messis Vater Jorge im Alter von 68 Jahren gestorben;https://www.zeit.de/news/2026-08/08/lionel-messis-vater-jorge-im-alter-von-68-jahren-gestorben;Hier finden Sie Informationen zu dem Thema „Berater und Manager“. Lesen Sie jetzt „Lionel Messis Vater Jorge im Alter von 68 Jahren gestorben“.;Berater und Manager;News, Berater und Manager, Lionel Salam, Lionel Messi, Jorge Messi, Carlos Mackey, Rosario, Barcelona, Newell's, Deutsche Presse-Agentur, FC Barcelona, X;2026-08-08T18:24:15+02:00;2026-08-08T18:24:15+02:00;;dpa Sport;false
9bc451ee40501e58799876fe599f757d7c1921162fdd7334b86ededbbc8bc491;Feuerwehr löscht Vegetationsbrand im Kreis St. Wendel;https://www.zeit.de/news/2026-08/08/feuerwehr-loescht-vegetationsbrand-im-kreis-st-wendel;Hier finden Sie Informationen zu dem Thema „Brände“. Lesen Sie jetzt „Feuerwehr löscht Vegetationsbrand im Kreis St. Wendel“.;Brände;News, Brände, St. Wendel, Freisen, Feuerwehr, Vegetationsbrand, Weiheranlage, Brand;2026-08-08T18:16:09+02:00;2026-08-08T18:16:09+02:00;;dpa Rheinland-Pfalz/Saarland;false
63955b46d474f4568990f0e0180d4a1a06832bf15bdab1a053c9cb7c781c4f1d;Zwei Häuser brennen in Schwäbisch Gmünd;https://www.zeit.de/news/2026-08/08/zwei-haeuser-brennen-in-schwaebisch-gmuend;Hier finden Sie Informationen zu dem Thema „Feuerwehreinsatz“. Lesen Sie jetzt „Zwei Häuser brennen in Schwäbisch Gmünd“.;Feuerwehreinsatz;News, Feuerwehreinsatz, Schwäbisch Gmünd, Feuerwehr, Feuerwehreinsatz;2026-08-08T18:16:03+02:00;2026-08-08T18:16:03+02:00;;dpa Baden-Württemberg;false
fc940e88d9d83f0de0ba18e2fd76c8d41d277d79c99d3e8b8b1620be40713b23;FC Augsburg siegt beim Familientag gegen Italien-Club;https://www.zeit.de/news/2026-08/08/fc-augsburg-siegt-beim-familientag-gegen-italien-club;Hier finden Sie Informationen zu dem Thema „Testspielsieg“. Lesen Sie jetzt „FC Augsburg siegt beim Familientag gegen Italien-Club“.;Testspielsieg;News, Testspielsieg, FC Augsburg, Familientag, Testspielsieg;2026-08-08T18:03:45+02:00;2026-08-08T18:03:45+02:00;;dpa Bayern;false
96ffa8207afec4d3e2e5c7e6b3c0f9fa7c6ff23da3ca7e176d65d8691f43d800;HSV-Remis im Test gegen Lille - Sorgen um Grönbaek;https://www.zeit.de/news/2026-08/08/hsv-remis-im-test-gegen-lille-sorgen-um-groenbaek;Hier finden Sie Informationen zu dem Thema „Vor der Bundesliga-Saison“. Lesen Sie jetzt „HSV-Remis im Test gegen Lille - Sorgen um Grönbaek“.;Vor der Bundesliga-Saison;News, Vor der Bundesliga-Saison, Lille, OSC Lille, Hamburger SV, Osnabrücker Sportclub, Bundesliga, Testspiel;2026-08-08T17:59:38+02:00;2026-08-08T17:59:38+02:00;;dpa Hamburg/Schleswig-Holstein;false
c04c73bbbac4bba55bf281b767ba52c881d84eb5dfd2a482279e2d955428ef8b;SC Freiburg gewinnt beide Tests gegen Straßburg;https://www.zeit.de/news/2026-08/08/sc-freiburg-siegt-im-ersten-test-gegen-strassburg;Hier finden Sie Informationen zu dem Thema „Fußball“. Lesen Sie jetzt „SC Freiburg gewinnt beide Tests gegen Straßburg“.;Fußball;News, Fußball, Straßburg, Racing Straßburg, SC Freiburg, Testspiel, Fußball;2026-08-08T17:59:13+02:00;2026-08-08T17:59:13+02:00;;dpa Baden-Württemberg;false
e99cd4850bc9ce68fbbb0325b708d2204ae9ccb32ee250054cff07176cc0e15f;Spanien und Italien kontrollieren Einreisen gegenseitig;https://www.zeit.de/news/2026-08/08/nun-kontrolliert-auch-spanien-reisende-aus-italien;Hier finden Sie Informationen zu dem Thema „Migration“. Lesen Sie jetzt „Spanien und Italien kontrollieren Einreisen gegenseitig“.;Migration;News, Migration, Giorgia Meloni, Pedro Sánchez, Spanien, Italien, Madrid, Ceuta, Europäische Union, Migration, Grenzkontrolle;2026-08-08T17:49:40+02:00;2026-08-08T17:49:40+02:00;;dpa;false
3cdb83c2b71c1c569977f8f23a941889d0c7dd4c0b6d5b23f6bc6f01f4ce2ddb;SC Magdeburg gewinnt Turnier bei Aue;https://www.zeit.de/news/2026-08/08/sc-magdeburg-gewinnt-turnier-bei-aue;Hier finden Sie Informationen zu dem Thema „Handball“. Lesen Sie jetzt „SC Magdeburg gewinnt Turnier bei Aue“.;Handball;News, Handball, Magdeburg, SC Magdeburg, Bundesliga, Turnier, Jubiläumsturnier, Handball, Traditionsclub, Finale;2026-08-08T17:43:28+02:00;2026-08-08T17:43:28+02:00;;dpa Sachsen;false
3b8a6e4d48e3176b0ab192abc286cdc1b88c67b8cf2195371081efe74e4fd28e;Frau, die auf Bauarbeiter starrt;https://www.zeit.de/2026/34/baustellen-hobby-bagger-bauarbeiter-maenner;Jahrelang haben Bauarbeiter unserer Autorin hinterhergeguckt. Jetzt guckt sie zurück. Denn sie hat ein neues Hobby: Baustellen beobachten.;"Z+ (abopflichtiger Inhalt);
        
    Baustellen";Entdecken, Baustellen, Bauindustrie, Hamburg, Baustoff, Mann;2026-08-08T17:43:17+02:00;2026-08-08T17:43:17+02:00;Judith Liere;Aus der        ZEIT Nr. 34/2026;false
7cc85b00d22337a1c870ee34f45f96265634e51aea793a0216a195512ae3873a;Eintracht gewinnt XXL-Test gegen Hull City;https://www.zeit.de/news/2026-08/08/eintracht-gewinnt-xxl-test-gegen-hull-city;Hier finden Sie Informationen zu dem Thema „Weiter ungeschlagen“. Lesen Sie jetzt „Eintracht gewinnt XXL-Test gegen Hull City“.;Weiter ungeschlagen;News, Weiter ungeschlagen, Hull City, Eintracht Frankfurt, Saisonvorbereitung, Testspiel;2026-08-08T17:43:06+02:00;2026-08-08T17:43:06+02:00;;dpa Hessen;false
8d031fd516757c39d3dd8cf132a349731186560f4e48a0864b5fd8a7a0b68c12;Ohne DFB-Profi Ouédraogo: Leipzig unterliegt Leeds United;https://www.zeit.de/news/2026-08/08/ohne-dfb-profi-ou-draogo-leipzig-unterliegt-leeds-united;Hier finden Sie Informationen zu dem Thema „Fußball-Testspiel“. Lesen Sie jetzt „Ohne DFB-Profi Ouédraogo: Leipzig unterliegt Leeds United“.;Fußball-Testspiel;News, Fußball-Testspiel, Assan Ouédraogo, Leipzig, Deutscher Fußball-Bund, Leeds United, RB Leipzig, Saisonvorbereitung;2026-08-08T17:42:33+02:00;2026-08-08T17:42:33+02:00;;dpa Sachsen;false
94b991d6950c60d6fdf95e73a80829d45e3e6b2488178516b5dc92f2273e9036;Schick-Doppelpack sorgt für Bayer-Sieg gegen Sevilla;https://www.zeit.de/news/2026-08/08/schick-doppelpack-sorgt-fuer-bayer-sieg-gegen-sevilla;Hier finden Sie Informationen zu dem Thema „Fußball-Bundesliga“. Lesen Sie jetzt „Schick-Doppelpack sorgt für Bayer-Sieg gegen Sevilla“.;Fußball-Bundesliga;News, Fußball-Bundesliga, Patrik Schick, Carles Martinez, Fernando Carro, Sevilla, BayArena, Leverkusen, FC Sevilla, Bayer 04 Leverkusen, Fußball-Bundesliga, Pflichtspiel;2026-08-08T17:39:35+02:00;2026-08-08T17:39:35+02:00;;dpa Nordrhein-Westfalen;false
f0ab16b5a90613e32467f5e0939ed3423cde46e1808dae865ff4db87eddcbd3a;Mission Klassenerhalt: Energie Cottbus startet in 2. Liga;https://www.zeit.de/news/2026-08/08/mission-klassenerhalt-energie-cottbus-startet-in-2-liga;Hier finden Sie Informationen zu dem Thema „2. Fußball-Bundesliga“. Lesen Sie jetzt „Mission Klassenerhalt: Energie Cottbus startet in 2. Liga“.;2. Fußball-Bundesliga;News, 2. Fußball-Bundesliga, Energie Cottbus, FC Energie Cottbus, Fußball-Bundesliga, Klassenerhalt;2026-08-08T17:30:05+02:00;2026-08-08T17:30:05+02:00;;dpa Berlin/Brandenburg;false
54a414c607a01d97e01b231859d90797039642117238530a64b41fee05bc7396;Ukraine und Serbien planen bis Jahresende ein Freihandelsabkommen;https://www.zeit.de/politik/ausland/2026-08/serbien-ukraine-freihandelsabkommen-wolodymyr-selenskyj-aleksandar-vucic-russland;Serbien und die Ukraine wollen ihre Handelsbeziehungen vertiefen. Der serbische Präsident Aleksandar Vučić hofft, damit den EU-Beitritt seines Landes zu beschleunigen.;Osteuropa;Politik, Osteuropa, Serbien, Krieg in der Ukraine, Freihandelsabkommen, Wolodymyr Selenskyj, Belgrad, Europäische Union;2026-08-08T17:28:22+02:00;2026-08-08T17:28:22+02:00;tw;DIE ZEIT,        Reuters,        							tw;false
874f15f1b5daa9c7eda5c56482ee15761c4ac20fbf167b8601b139ecf7d262d4;Köln-Sportchef Kessler rechnet weiter mit El-Mala-Verbleib;https://www.zeit.de/news/2026-08/08/koeln-sportchef-kessler-rechnet-weiter-mit-el-mala-verbleib;Hier finden Sie Informationen zu dem Thema „Fußball-Bundesliga“. Lesen Sie jetzt „Köln-Sportchef Kessler rechnet weiter mit El-Mala-Verbleib“.;Fußball-Bundesliga;News, Fußball-Bundesliga, Said El Mala, El Mala, Thomas Kessler, San Sebastian, Köln, Borussia Dortmund, Real Sociedad, 1. FC Köln, Fußball-Bundesliga, Bundesliga;2026-08-08T17:26:29+02:00;2026-08-08T17:26:29+02:00;;dpa Nordrhein-Westfalen;false
a6ad69ed3690c4343cb3a5778ca06ebb03ae67f1226e9fccf06881ea4b871e83;Werder und Paderborn trennen sich in XXL-Test 2:2;https://www.zeit.de/news/2026-08/08/werder-und-paderborn-trennen-sich-in-xxl-test-2-2;Hier finden Sie Informationen zu dem Thema „Testspiel“. Lesen Sie jetzt „Werder und Paderborn trennen sich in XXL-Test 2:2“.;Testspiel;News, Testspiel, Vechta, Paderborn, SV Werder Bremen, SC Paderborn, Testspiel, Saisonvorbereitung;2026-08-08T17:23:23+02:00;2026-08-08T17:23:23+02:00;;dpa Niedersachsen;false
740088e46117fbbc39bb0c49c3bc77d3b256a93a61bbb27b63d15e58ab116b67;Nur jeder vierte Zug zwischen Hamburg und Berlin ist pünktlich;https://www.zeit.de/mobilitaet/2026-08/bahnstrecke-hamburg-berlin-generalsanierung-deutsche-bahn-puenktlichkeit;Trotz der gerade fertiggestellten Sanierung war zuletzt auf der Strecke zwischen Hamburg nur jeder vierte Zug pünktlich. Die Bahn begründet dies mit Restarbeiten.;Bahnstrecke Hamburg–Berlin;Mobilitaet, Bahnstrecke Hamburg–Berlin, Deutsche Bahn, Hamburg, Berlin, Fernverkehr, Sanierung, Schienenverkehr;2026-08-08T17:22:32+02:00;2026-08-08T17:22:32+02:00;iso;DIE ZEIT,        dpa,        							iso;false
ac59a8ea6189d7e64df93c3b89651ad810229c9fb513334d23f605c2c0f89c95;Haftbefehl nach Tod einer 22-Jährigen in Siegen;https://www.zeit.de/news/2026-08/08/haftbefehl-nach-tod-einer-22-jaehrigen-in-siegen;Hier finden Sie Informationen zu dem Thema „Ex-Partner in Verdacht“. Lesen Sie jetzt „Haftbefehl nach Tod einer 22-Jährigen in Siegen“.;Ex-Partner in Verdacht;News, Ex-Partner in Verdacht, Amtsgericht, Staatsanwaltschaft, Polizei, Haftbefehl, Ex-Partner;2026-08-08T17:20:15+02:00;2026-08-08T17:20:15+02:00;;dpa Nordrhein-Westfalen;false
8578d26b7bae1e3359232dfe09633dd936012afa82a64c6cd26a11c73f9af22d;Senioren-Wohnanlage wegen Feuer evakuiert;https://www.zeit.de/news/2026-08/08/senioren-wohnanlage-wegen-feuer-evakuiert;Hier finden Sie Informationen zu dem Thema „Brände“. Lesen Sie jetzt „Senioren-Wohnanlage wegen Feuer evakuiert“.;Brände;News, Brände, Rednitzhembach, Nürnberg, Landkreis Roth, Polizei, Senioren, Brand;2026-08-08T17:14:49+02:00;2026-08-08T17:14:49+02:00;;dpa Bayern;false
a4cc85fe11d9732d6a45a64d2a873024cc3b155d9a38d6b4dd794c8d44e0eeb0;Neuer Wachposten nach Drohnenvorfall am Flughafen Leipzig/Halle;https://www.zeit.de/politik/deutschland/2026-08/flughafen-leipzig-halle-drohnen-angriff-radar-bundespolizei-echoshield;Die Polizei erhöht nach einem versuchten Drohnenangriff den Schutz des Flughafens Leipzig/Halle. Ein dort installiertes Radar soll Drohnen besser erkennen können.;Leipzig/Halle;Politik, Leipzig/Halle, Leipzig, Drohnenangriff, Alexander Dobrindt, Russland, Polizei, Bundespolizei;2026-08-08T16:54:42+02:00;2026-08-08T16:54:42+02:00;iso;DIE ZEIT,        dpa,        							iso;false
cd4bd902b7d87b0a287e9f2171c9a497663e0c6b3c7c551736eb1427caf1da0c;Hanfparade zieht durch Berlin – Forderung nach Legalisierung;https://www.zeit.de/news/2026-08/08/hanfparade-zieht-durch-berlin-forderung-nach-legalisierung;Hier finden Sie Informationen zu dem Thema „Demonstrationen“. Lesen Sie jetzt „Hanfparade zieht durch Berlin – Forderung nach Legalisierung“.;Demonstrationen;News, Demonstrationen, Berlin, Alexanderplatz, Polizei, Cannabis, Hanfparade, Legalisierung, Demonstration;2026-08-08T16:53:35+02:00;2026-08-08T16:53:35+02:00;;dpa Berlin/Brandenburg;false
d92cc23e4b8ee69da30fd34bd743926dde9ccd03c5715ab3e16638796b5411a6;«Diese Regierung muss weg» - 10.000 Leute bei Demo in Plauen;https://www.zeit.de/news/2026-08/08/diese-regierung-muss-weg-demonstration-in-plauen;Hier finden Sie Informationen zu dem Thema „Protest gegen Bundesregierung“. Lesen Sie jetzt „«Diese Regierung muss weg» - 10.000 Leute bei Demo in Plauen“.;Protest gegen Bundesregierung;News, Protest gegen Bundesregierung, Plauen, Bundesregierung, Polizei, Demonstration, Regierungsrücktritt, Gegenprotest, Protestbewegung, 29-Euro-Ticket;2026-08-08T16:53:14+02:00;2026-08-08T16:53:14+02:00;;dpa Sachsen;false
7e90bf1a65561965ee9ebe32cbe888c3d1da71e5cad2790ed918aa1c0144edca;Waldbrand am Gardasee: Mehr als 200 Menschen evakuiert;https://www.zeit.de/news/2026-08/08/waldbrand-am-gardasee-mehr-als-200-menschen-evakuiert;Hier finden Sie Informationen zu dem Thema „Feuer in Urlaubsgebiet“. Lesen Sie jetzt „Waldbrand am Gardasee: Mehr als 200 Menschen evakuiert“.;Feuer in Urlaubsgebiet;News, Feuer in Urlaubsgebiet, Gardasee, Oberitalien, Italien, Tignale, Feuerwehr, Urlaubsgebiet, Waldbrand, Sicherheit, Hitzewelle;2026-08-08T16:48:50+02:00;2026-08-08T16:48:50+02:00;;dpa;false
50d78521cc0f981f182270bfeb44ac910dfc023a69eb34e3cc18d0ec6ba03e2c;Störung auf der Bahnstrecke zwischen Bremen und Hamburg;https://www.zeit.de/news/2026-08/07/stoerung-auf-der-bahnstrecke-zwischen-bremen-und-hamburg;Hier finden Sie Informationen zu dem Thema „Ausfälle und Verspätungen“. Lesen Sie jetzt „Störung auf der Bahnstrecke zwischen Bremen und Hamburg“.;Ausfälle und Verspätungen;News, Ausfälle und Verspätungen, Hamburg, Ottersberg, Bremen, Bahnstrecke, Störung, Ausfall, Verspätung, Stellwerkausfall, Fernverkehr;2026-08-08T16:40:36+02:00;2026-08-08T16:40:36+02:00;;dpa Hamburg/Schleswig-Holstein;false
de34b09dcbd222704cd7675e0725e7dc0fc6e9cbf1482799c34904450b3dc4a9;Niedrigwasser: Grüne und Linke kritisieren Bundesregierung;https://www.zeit.de/news/2026-08/08/niedrigwasser-gruene-und-linke-kritisieren-bundesregierung;Hier finden Sie Informationen zu dem Thema „Klima und Verkehr“. Lesen Sie jetzt „Niedrigwasser: Grüne und Linke kritisieren Bundesregierung“.;Klima und Verkehr;News, Klima und Verkehr, Lisa Badum, Luigi Pantisano, Tagesspiegel, Bundesregierung, CDU, Die Linke, Niedrigwasser, Feiertagsfahrverbot, Verkehr, Sommer;2026-08-08T16:38:37+02:00;2026-08-08T16:38:37+02:00;;dpa;false
b472dd9727a8f88a7619c93a8c3423d6da4592bd45b4e901851554c0cfe60563;Unfall auf A45 – Fahrbahn Richtung Dortmund wieder frei;https://www.zeit.de/news/2026-08/08/unfall-auf-a45-fahrbahn-richtung-dortmund-gesperrt;Hier finden Sie Informationen zu dem Thema „Verkehr“. Lesen Sie jetzt „Unfall auf A45 – Fahrbahn Richtung Dortmund wieder frei“.;Verkehr;News, Verkehr, Dortmund, Unfall, Fahrbahn, Verkehr;2026-08-08T16:36:52+02:00;2026-08-08T16:36:52+02:00;;dpa Nordrhein-Westfalen;false
7e1b082dd01b4aa3c7d48c1002107a8af59131fab60cbca9224e53ffa1dd414e;Aus Tierpark entlaufener Luchs erschossen;https://www.zeit.de/news/2026-08/08/luchs-entwischt-aus-wildpark-jaeger-helfen-bei-der-suche;Hier finden Sie Informationen zu dem Thema „Suche im Ruhrgebiet“. Lesen Sie jetzt „Aus Tierpark entlaufener Luchs erschossen“.;Suche im Ruhrgebiet;News, Suche im Ruhrgebiet, Holger Beckmann, Ruhrgebiet, WDR, Wildpark, Naturwildpark, Tiere;2026-08-08T16:32:50+02:00;2026-08-08T16:32:50+02:00;;dpa Nordrhein-Westfalen;false
f6c4b0acbc897db32278252e28e50347ce8984a600c2f44261bbcd2db637d69d;Nur jeder vierte Zug zwischen Hamburg-Berlin pünktlich;https://www.zeit.de/news/2026-08/08/nur-jeder-vierte-zug-zwischen-hamburg-berlin-puenktlich;Hier finden Sie Informationen zu dem Thema „Bahnverkehr“. Lesen Sie jetzt „Nur jeder vierte Zug zwischen Hamburg-Berlin pünktlich“.;Bahnverkehr;News, Bahnverkehr, Hamburg, Berlin, Bahnstrecke;2026-08-08T16:27:39+02:00;2026-08-08T16:27:39+02:00;;dpa Berlin/Brandenburg;false
2f23d078399e113da4c0fefa11fab3aba704c0658bae2dc617cd868f1a652c96;»Da nimmt jemand Maß und sagt: ›Deine Hüften sind zu breit, Honey‹«;https://www.zeit.de/2026/34/toni-garrn-model-koerper-unternehmerin-mutterschaft;Toni Garrn war 13, als sie ins Modelbusiness katapultiert wurde. Ein Gespräch übers Dünnsein, ihre Finanzen und was sie als Mutter eines jungen Models anders machen würde;"Z+ (abopflichtiger Inhalt);
        
    Toni Garrn";Arbeit, Toni Garrn, Mütter, Kinder, Familie, Eltern;2026-08-08T16:24:45+02:00;2026-08-08T16:24:45+02:00;Nina PiatscheckLeonie Seifert;Aus der        ZEIT Nr. 34/2026;false
9863d710ef1f2f4da0c61c970af4b155fb4624c13b2ef9a565afe8ceefcf6cc1;Nach Drohnenvorfall: Neuer Wachposten am Flughafen;https://www.zeit.de/news/2026-08/08/nach-drohnenvorfall-neuer-wachposten-am-flughafen;Hier finden Sie Informationen zu dem Thema „Hybrider Angriff“. Lesen Sie jetzt „Nach Drohnenvorfall: Neuer Wachposten am Flughafen“.;Hybrider Angriff;News, Hybrider Angriff, Flughafen Leipzig/Halle, Polizei, Drohnenvorfall, Flughafen, Angriff, Drohne;2026-08-08T16:17:04+02:00;2026-08-08T16:17:04+02:00;;dpa;false
aeea49674829e266fc845c5f59454e48833c715fc56844ada1dd2194ab65622e;»Jetzt denkst du dir mal das Allerbescheuerteste aus, was geht.«;https://www.zeit.de/hamburg/2026-07/sylt-romane-buecher-insel-nordsee-rezension;Die Hamburgerin Claudia Thesenfitz schreibt Romane über Frauen, die auf Sylt ihr Glück finden – und versteht sie als feministische Mutmacher.;"Z+ (abopflichtiger Inhalt);
        
    Syltromane";Hamburg, Syltromane, Schriftstellerin, Sylt, Literatur, Feminismus, Belletristik, Nordsee;2026-08-08T16:13:07+02:00;2026-08-08T16:13:07+02:00;Christoph Twickel;;false
cb4e5a47bc0dec82688b9cbf9fafed66406dbfac63a752de874c17778fc575f7;Street Parade: Zürich wird zur riesigen Tanzfläche;https://www.zeit.de/news/2026-08/08/street-parade-zuerich-wird-zur-riesigen-tanzflaeche;Hier finden Sie Informationen zu dem Thema „Riesen-Rave“. Lesen Sie jetzt „Street Parade: Zürich wird zur riesigen Tanzfläche“.;Riesen-Rave;News, Riesen-Rave, Zürich, Berlin, Street Parade, Christopher Street Day, Tanzfläche, Sicherheitskräfte, Wachsamkeit, Freiluftparty, Sommertemperatur;2026-08-08T16:05:52+02:00;2026-08-08T16:05:52+02:00;;dpa;false
5b4e1affc284d0c074e13c6718224ecc502e127db7377b50ed830e31dc33c920;Ungarns Regierungspartei nominiert Orbán-Kritiker als Präsidenten;https://www.zeit.de/politik/ausland/2026-08/andras-baka-staatspraesident-ungarn-tisza-partei-peter-magyar;Ungarns Regierungspartei ​hat András Baka, den Ex-Präsidenten des Obersten Gerichtshofs, als Staatspräsidenten nominiert. Sie lobt seinen Einsatz für Gewaltenteilung.;András Baka;Politik, András Baka, Ungarn, Oberster Gerichtshof, Peter Magyar, Gericht, Ministerpräsident, Präsidentschaft;2026-08-08T16:00:40+02:00;2026-08-08T16:00:40+02:00;;DIE ZEIT,        Reuters,        KNA;false
c8eef6b0a739c6539b59b5d1d5448e47174413ce1dfd52718eb75f0b6efe8d3b;Medien: Schmid verlässt Werder Richtung Italien;https://www.zeit.de/news/2026-08/08/medien-schmid-verlaesst-werder-richtung-italien;Hier finden Sie Informationen zu dem Thema „Fußball-Bundesliga“. Lesen Sie jetzt „Medien: Schmid verlässt Werder Richtung Italien“.;Fußball-Bundesliga;News, Fußball-Bundesliga, Romano Schmid, Italien, SV Werder Bremen, Fußball-Bundesliga;2026-08-08T16:00:12+02:00;2026-08-08T16:00:12+02:00;;dpa Niedersachsen;false
41dd7256f5f7bbe53e4eb6e45fdcd0a0cef8f3fc1e64c57c4ea4e1c85b4c63d8;Schulter-OP: Jens Castrop fehlt Gladbach mehrere Monate;https://www.zeit.de/news/2026-08/08/schulter-op-jens-castrop-fehlt-gladbach-mehrere-monate;Hier finden Sie Informationen zu dem Thema „Fußball-Bundesliga“. Lesen Sie jetzt „Schulter-OP: Jens Castrop fehlt Gladbach mehrere Monate“.;Fußball-Bundesliga;News, Fußball-Bundesliga, Jens Castrop, Gladbach, Mönchengladbach, Borussia Mönchengladbach, Fußball-Bundesliga;2026-08-08T15:57:32+02:00;2026-08-08T15:57:32+02:00;;dpa Nordrhein-Westfalen;false
913aa6d54d3b674534f95e0358a3506f7bab56443b71467a17f56da3d5928b1e;GDL plant neuen Warnstreik – Saarbahn hält Ersatzverkehr;https://www.zeit.de/news/2026-08/08/saarbahn-warnstreik-endet-vorzeitig-ersatzbusse-bleiben;Hier finden Sie Informationen zu dem Thema „Lokführer“. Lesen Sie jetzt „GDL plant neuen Warnstreik – Saarbahn hält Ersatzverkehr“.;Lokführer;News, Lokführer, GDL, Ersatzbus, Saarbahn, Warnstreik;2026-08-08T15:54:22+02:00;2026-08-08T15:54:22+02:00;;dpa Rheinland-Pfalz/Saarland;false
60bb13dcdb2eb78db195f75cca7a857c7551a733727335bc90c442d3e8721b2c;«Totalschaden»: Magdeburg geht gegen Braunschweig unter;https://www.zeit.de/news/2026-08/08/totalschaden-magdeburg-geht-gegen-braunschweig-unter;Hier finden Sie Informationen zu dem Thema „Fußball“. Lesen Sie jetzt „«Totalschaden»: Magdeburg geht gegen Braunschweig unter“.;Fußball;News, Fußball, Aaron Opoku, Jan Urbich, Mehmet Aydin, Florian Flick, Mateusz Zukowski, Herbert Bockhorn, Peer Jaekel, Magdeburg, Braunschweig, 1. FC Magdeburg;2026-08-08T15:54:21+02:00;2026-08-08T15:54:21+02:00;;dpa Sachsen;false
82300487b62e0a373c8f1164f56498955b82139332eee36dae039687adee37a9;Senior stirbt bei Absturz von Ultraleichtflugzeug;https://www.zeit.de/news/2026-08/08/senior-stirbt-bei-absturz-von-ultraleichtflugzeug;Hier finden Sie Informationen zu dem Thema „Landkreis Rottweil“. Lesen Sie jetzt „Senior stirbt bei Absturz von Ultraleichtflugzeug“.;Landkreis Rottweil;News, Landkreis Rottweil, Landkreis Rottweil, Polizei, Ultraleichtflugzeug, Absturz;2026-08-08T15:53:16+02:00;2026-08-08T15:53:16+02:00;;dpa Baden-Württemberg;false
87de33b9dd924e73da5ae298f20001be5446900619b55e9465db44e465169195;Bestimmte Vereine sollen höhere Steuern zahlen;https://www.zeit.de/news/2026-08/08/bestimmte-vereine-sollen-hoehere-steuern-zahlen;Hier finden Sie Informationen zu dem Thema „Finanzen“. Lesen Sie jetzt „Bestimmte Vereine sollen höhere Steuern zahlen“.;Finanzen;News, Finanzen, Lars Klingbeil, SPD, Finanzministerium, Finanzen, Steuer;2026-08-08T15:46:44+02:00;2026-08-08T15:46:44+02:00;;dpa;false
5fe212b65d2e3cbd7647c374c2cf050b964bb523da6341ccfdc1c774e1cb5539;«Alles friedlich, alles ruhig» - Tausende feiern beim CSD;https://www.zeit.de/news/2026-08/08/alles-friedlich-alles-ruhig-tausende-feiern-beim-csd;Hier finden Sie Informationen zu dem Thema „30 Jahre CSD Braunschweig“. Lesen Sie jetzt „«Alles friedlich, alles ruhig» - Tausende feiern beim CSD“.;30 Jahre CSD Braunschweig;News, 30 Jahre CSD Braunschweig, Braunschweig, Polizei, Christopher Street Day;2026-08-08T15:44:21+02:00;2026-08-08T15:44:21+02:00;;dpa Niedersachsen;false
e7f759cac9b87ef578e6ea44c49488ecde3c10cdc35d536e8accbd5153f67b90;Radfahrer bei Zusammenstoß mit Auto in Berlin verletzt;https://www.zeit.de/news/2026-08/08/radfahrer-bei-zusammenstoss-mit-auto-in-berlin-verletzt;Hier finden Sie Informationen zu dem Thema „Unfälle“. Lesen Sie jetzt „Radfahrer bei Zusammenstoß mit Auto in Berlin verletzt“.;Unfälle;News, Unfälle, Berlin, Zusammenstoß, Unfall, Auto;2026-08-08T15:39:16+02:00;2026-08-08T15:39:16+02:00;;dpa Berlin/Brandenburg;false
d9382e446a15fd1ec4b5f71c5f7f38b5d2175c436bd1a280eb6d93b62f43484e;NRW-Ministerien lehnen Mikrohandel in der Drogenhilfe ab;https://www.zeit.de/news/2026-08/08/nrw-ministerien-lehnen-mikrohandel-in-der-drogenhilfe-ab;Hier finden Sie Informationen zu dem Thema „Vorstoß aus Kommunen“. Lesen Sie jetzt „NRW-Ministerien lehnen Mikrohandel in der Drogenhilfe ab“.;Vorstoß aus Kommunen;News, Vorstoß aus Kommunen, Torsten Burmester, Köln, Düsseldorf, NRW, Innenministerium, CDU, Mikrohandel, Kommune, Drogenszene, Modellprojekt;2026-08-08T15:38:26+02:00;2026-08-08T15:38:26+02:00;;dpa Nordrhein-Westfalen;false
36dfa490fb49f690801a8b52f92c0a64f616c266119e10491233ee7201c90f76;Blackout stoppt Apnoetaucher kurz vor Tiefenrekord;https://www.zeit.de/news/2026-08/08/85-meter-tief-apnoetaucher-verfehlt-rekord-knapp;Hier finden Sie Informationen zu dem Thema „Extremsport“. Lesen Sie jetzt „Blackout stoppt Apnoetaucher kurz vor Tiefenrekord“.;Extremsport;News, Extremsport, Starnberger See, Extremsport, Tiefenrekord, Rekord;2026-08-08T15:37:49+02:00;2026-08-08T15:37:49+02:00;;dpa;false
5db7a9d538be67bc33ffd32623fa0f05bc5b982231d8dac71419c9eaf4c08863;Rauchwolke über der Region - Kunststoffflaschen brennen;https://www.zeit.de/news/2026-08/08/brennende-flaschen-sorgen-fuer-starke-rauchentwicklung;Hier finden Sie Informationen zu dem Thema „Feuerwehreinsatz l“. Lesen Sie jetzt „Rauchwolke über der Region - Kunststoffflaschen brennen“.;Feuerwehreinsatz l;News, Feuerwehreinsatz l, Rauchentwicklung, Feuerwehreinsatz, Zentrallager, Lebensmittelmarkt;2026-08-08T15:33:01+02:00;2026-08-08T15:33:01+02:00;;dpa Baden-Württemberg;false
86169bc8155a7f9ff6590a11d17cf3e2ad55ac57f26c71d3d0fbeeaa178b88db;Zahl der kinderlosen Männer deutlich gestiegen;https://www.zeit.de/gesellschaft/zeitgeschehen/2026-08/kinderlosigkeit-maenner-deutschland-statistik-partnerschaft;Besonders im Alter zwischen 30 und 34 haben Männer in Deutschland seltener Kinder. In dieser Altersspanne sind inzwischen 69 Prozent kinderlos, wie die »FAS« berichtet.;Kinderlosigkeit bei Männern;Gesellschaft, Kinderlosigkeit bei Männern, FAS, Statistik, Kinder, Beziehung, Studie, Alter;2026-08-08T15:30:32+02:00;2026-08-08T15:30:32+02:00;iso;DIE ZEIT,        							iso;false
8370861c7430df8ff6b31dc896f5a62c5151bbb841940945aefdb477ca20ca61;Bulgarien meldet Drohnenexplosion nahe wichtiger Gaspipeline;https://www.zeit.de/politik/ausland/2026-08/drohne-bulgarien-rumaenische-grenze-explosion-sonnenblumenfeld-gaspipeline-rumen-radew;An der Grenze zu Rumänien ist bulgarischen Angaben zufolge eine Drohne in den bulgarischen Luftraum eingedrungen. Typ und Herkunft der Drohne waren zunächst unbekannt.;Nato-Luftraum;Politik, Nato-Luftraum, Nato, Bulgarien, Rumänien, Drohne, Pipeline, Luftwaffe;2026-08-08T15:27:46+02:00;2026-08-08T15:27:46+02:00;maw;DIE ZEIT,        AFP,        dpa,        Reuters,        							maw;false
a2e089e3473e79033f144bb0a3df988a2aefea751cd394ffd384311ec183a9b4;Nächster Rückschlag für Leipzigs Nationalspieler Ouédraogo;https://www.zeit.de/news/2026-08/08/naechster-rueckschlag-fuer-leipzigs-nationalspieler-ou-draogo;Hier finden Sie Informationen zu dem Thema „Fußball-Bundesliga“. Lesen Sie jetzt „Nächster Rückschlag für Leipzigs Nationalspieler Ouédraogo“.;Fußball-Bundesliga;News, Fußball-Bundesliga, Assan Ouédraogo, Leipzig, RB Leipzig, Deutscher Fußball-Bund, Fußball-Bundesliga, Pflichtspiel, Bundesliga;2026-08-08T15:23:51+02:00;2026-08-08T15:23:51+02:00;;dpa Sachsen;false
2a36f638f987351a9b61d81f07d25b9bc9dad334ea13100f2848a5cc37895a93;Vukotic rettet Darmstadt gegen Kiel einen Punkt;https://www.zeit.de/news/2026-08/08/vukotic-rettet-darmstadt-gegen-kiel-einen-punkt;Hier finden Sie Informationen zu dem Thema „Fußball“. Lesen Sie jetzt „Vukotic rettet Darmstadt gegen Kiel einen Punkt“.;Fußball;News, Fußball, Aleksandar Vukotic, Phil Harres, Darmstadt, Hessen, SV Darmstadt 98, Holstein Kiel, Schlussspurt, Fehlstart, Fußball;2026-08-08T15:17:20+02:00;2026-08-08T15:17:20+02:00;;dpa Hamburg/Schleswig-Holstein;false
7b65f3d0dc581e9be3113d644d8af3ad27e12bf45382735f43e68a4e30b12bd0;Tauchen Sie mit dem Extremsportler auf 85 Meter Tiefe;https://www.zeit.de/arbeit/2026-08/minja-marinkovic-tauchrekord-starnberger-see-freitaucher;Apnoetaucher Minja Marinković hat einen Rekordversuch gewagt, scheiterte jedoch. Unsere Animation zeigt, wie so ein Tauchgang ohne Pressluftflasche und Flossen abläuft.;"Z+ (abopflichtiger Inhalt);
        
    Rekordversuch im Starnberger See";Sport, Rekordversuch im Starnberger See, Starnberger See, schwimmen, Extremsport;2026-08-08T15:12:42+02:00;2026-08-08T15:12:42+02:00;Benja ZehrAnne JeschkeSimone Brünnich;;false
c83b367c3ed368ee30b776cafd6e6533b968c36d851e24d63906922a179344b8;Effiziente Braunschweiger deklassieren konfuse Magdeburger;https://www.zeit.de/news/2026-08/08/effiziente-braunschweiger-deklassieren-konfuse-magdeburger;Hier finden Sie Informationen zu dem Thema „Fußball“. Lesen Sie jetzt „Effiziente Braunschweiger deklassieren konfuse Magdeburger“.;Fußball;News, Fußball, Magdeburg, Braunschweig, Niedersachsen, Eintracht Braunschweig, 1. FC Magdeburg, Torfestival, Fußball;2026-08-08T15:09:24+02:00;2026-08-08T15:09:24+02:00;;dpa Niedersachsen;false
2d1a7621dd304309d2b3f1b11bc8c635def980a805d3c70a6b8f6e8e281cfe7d;Favorit Heidenheim siegt gegen starken Aufsteiger Osnabrück;https://www.zeit.de/news/2026-08/08/favorit-heidenheim-siegt-gegen-starken-aufsteiger-osnabrueck;Hier finden Sie Informationen zu dem Thema „2. Fußball-Bundesliga“. Lesen Sie jetzt „Favorit Heidenheim siegt gegen starken Aufsteiger Osnabrück“.;2. Fußball-Bundesliga;News, 2. Fußball-Bundesliga, Budu Siwsiwadse, Jan Schöppner, Marvin Pieringer, Niklas Wiemann, Frank Schmidt, Osnabrück, 1. FC Heidenheim, VfL Osnabrück, Fußball-Bundesliga, Bundesliga;2026-08-08T15:05:49+02:00;2026-08-08T15:05:49+02:00;;dpa Baden-Württemberg;false
31ba6f48b7389b0f48fd275bbff9d11e27cd87aadeb410047022b14fce5dbb5a;KSC siegt gegen Bielefeld im Duell der Neu-Trainer;https://www.zeit.de/news/2026-08/08/ksc-siegt-gegen-bielefeld-im-duell-der-neu-trainer;Hier finden Sie Informationen zu dem Thema „2. Fußball-Bundesliga“. Lesen Sie jetzt „KSC siegt gegen Bielefeld im Duell der Neu-Trainer“.;2. Fußball-Bundesliga;News, 2. Fußball-Bundesliga, Maximilian Senft, Oliver Kirch, Moritz Broschinski, Marvin Wanitzek, Karlsruhe, Bielefeld, Arminia Bielefeld, Fußball-Bundesliga;2026-08-08T15:01:12+02:00;2026-08-08T15:01:12+02:00;;dpa Baden-Württemberg;false
2b89f591d595e3a1969dced72f0d03e2c131cc380d213bf6c071067fb6d73361;Motorrad und Fahrrad kollidieren - Mann in Lebensgefahr;https://www.zeit.de/news/2026-08/08/motorrad-und-fahrrad-kollidieren-mensch-schwer-verletzt;Hier finden Sie Informationen zu dem Thema „Unfälle“. Lesen Sie jetzt „Motorrad und Fahrrad kollidieren - Mann in Lebensgefahr“.;Unfälle;News, Unfälle, Motorrad, Unfall, Fahrrad;2026-08-08T14:59:55+02:00;2026-08-08T14:59:55+02:00;;dpa Hamburg/Schleswig-Holstein;false
2313b2e02e71156a7fe1c3843791e02ecba1eb380887e911ba3d673d48340b95;Bjarnason verlässt Fürth in Richtung Dänemark;https://www.zeit.de/news/2026-08/08/bjarnason-verlaesst-fuerth-in-richtung-daenemark;Hier finden Sie Informationen zu dem Thema „2. Bundesliga“. Lesen Sie jetzt „Bjarnason verlässt Fürth in Richtung Dänemark“.;2. Bundesliga;News, 2. Bundesliga, Brynjar Ingi Bjarnason, Fürth, Dänemark, SpVgg Greuther Fürth, Bundesliga;2026-08-08T14:58:33+02:00;2026-08-08T14:58:33+02:00;;dpa Bayern;false
0e8fceb7b64680299235f6410a6d2e072b74b399d76e7729e47062ea4ba8d262;Iran sieht sich kurz vor Einigung mit dem Oman über Schifffahrtsroute;https://www.zeit.de/politik/ausland/2026-05/iran-krieg-donald-trump-hormus-live;Iran und Oman stehen offenbar vor einer Einigung zur Straße von Hormus. Für eine komplette Öffnung verweist der Iran jedoch auf seine Forderungen an die USA. Das Liveblog;Liveblog:                     Irankrieg;Politik, Irankrieg, USA, Donald Trump, Iran, Israel, Atomabkommen, Nahost, Militär;2026-08-09T09:27:49+00:00;2026-08-09T09:27:49+00:00;Alena KammerPetrina Engelke;;false
c6a7c1f55bdb96a49601dcbb6c6d009df76c0d7bac0b2f82c8271a9eac3337d9;Thorsten Frei wirbt für Widerspruchsregelung bei Organspende;https://www.zeit.de/politik/deutschland/2026-08/organ-spende-widerspruchsregelung-thorsten-frei;Unionsfraktionschef Frei setzt sich beim Thema Organspende für die Widerspruchsregelung ein. Er besitze inzwischen selbst einen Organspendeausweis.;Organspende;Politik, Organspende, Organspende, Thorsten Frei, Deutscher Bundestag, Unionsfraktion, CDU, Statistik;2026-08-08T14:53:41+02:00;2026-08-08T14:53:41+02:00;;DIE ZEIT,        epd,        KNA;false
9658097dc9bbb9348d6e18871c4949ae534b72fd7d3f7c83a05410b6de51a8ec;CSD in Essen: Tausende demonstrieren für Vielfalt;https://www.zeit.de/news/2026-08/08/csd-in-essen-tausende-demonstrieren-fuer-vielfalt;Hier finden Sie Informationen zu dem Thema „ruhrPRIDE“. Lesen Sie jetzt „CSD in Essen: Tausende demonstrieren für Vielfalt“.;ruhrPRIDE;News, ruhrPRIDE, Berlin, Polizei, Christopher Street Day, Vielfalt, Diskriminierung;2026-08-08T14:51:50+02:00;2026-08-08T14:51:50+02:00;;dpa Nordrhein-Westfalen;false
dbf184ab67b9adcd70f8abf9f3895ec313c7727ffa2775a32d7bcae6339633ab;Unfall bei Fällarbeiten: Baum reißt Stromleitung mit;https://www.zeit.de/news/2026-08/08/unfall-bei-faellarbeiten-baum-reisst-stromleitung-mit;Hier finden Sie Informationen zu dem Thema „Brände“. Lesen Sie jetzt „Unfall bei Fällarbeiten: Baum reißt Stromleitung mit“.;Brände;News, Brände, Fällarbeit, Unfall, Stromleitung, Brand;2026-08-08T14:34:24+02:00;2026-08-08T14:34:24+02:00;;dpa Sachsen;false
e02fb50ba46ebf8b802388a634b168b918b252f281f41bb0214bfddc8e606fa2;Busse ohne Fahrer? - Thüringen will Modellregion werden;https://www.zeit.de/news/2026-08/08/busse-ohne-fahrer-thueringen-will-modellregion-werden;Hier finden Sie Informationen zu dem Thema „Autonomes Fahren“. Lesen Sie jetzt „Busse ohne Fahrer? - Thüringen will Modellregion werden“.;Autonomes Fahren;News, Autonomes Fahren, Thüringen, Erfurt, Gera, Verkehrsministerium, Treffen, Modellregion, Taktfahrplan, autonomes Fahren, Fahrzeug;2026-08-08T14:31:59+02:00;2026-08-08T14:31:59+02:00;;dpa Thüringen;false
0a46767e2d155be2131cfe4326497e9601b075acda3241da161c9817f9e20d1e;Apnoetaucher verpasst deutschen Rekord im Starnberger See knapp;https://www.zeit.de/sport/2026-08/apnoetauchen-starnberger-see-minja-marinkovic-free-immersion-rekord;Mehr als 80 Meter wollte Minja Marinković an einem Seil in die Tiefe des Starnberger Sees tauchen. Auf den letzten Metern verlor er jedoch kurz das Bewusstsein.;Free Immersion;Sport, Free Immersion, Starnberger See, Rekord, Wassersport, Sportler, Gesundheitsrisiko, Psyche;2026-08-08T14:23:36+02:00;2026-08-08T14:23:36+02:00;akm;DIE ZEIT,        dpa,        							akm;false
31dfe66ca06d275643ae62dbef38fd81779cfaf4efeaeba0d2f9351ef3f484ee;Erneut Demonstration gegen den Massentourismus auf Mallorca;https://www.zeit.de/news/2026-08/08/erneut-demonstration-gegen-den-massentourismus-auf-mallorca;Hier finden Sie Informationen zu dem Thema „Massentourismus“. Lesen Sie jetzt „Erneut Demonstration gegen den Massentourismus auf Mallorca“.;Massentourismus;News, Massentourismus, Mallorca, Palma, Sóller, Massentourismus;2026-08-08T14:23:25+02:00;2026-08-08T14:23:25+02:00;;dpa;false
94c5a7e76ccde4b732cf6b2a8d5f3fe933d54ea6341599804e3f39fd5ad80d47;Energie-Präsident Lemke: «Zwölf Jahre Entwicklung verpasst»;https://www.zeit.de/news/2026-08/08/energie-praesident-lemke-zwoelf-jahre-entwicklung-verpasst;Hier finden Sie Informationen zu dem Thema „2. Fußball-Bundesliga“. Lesen Sie jetzt „Energie-Präsident Lemke: «Zwölf Jahre Entwicklung verpasst»“.;2. Fußball-Bundesliga;News, 2. Fußball-Bundesliga, Sebastian Lemke, Cottbus, FC Energie Cottbus, Hannover 96, RTL, RBB, Fußball-Bundesliga;2026-08-08T14:20:44+02:00;2026-08-08T14:20:44+02:00;;dpa Berlin/Brandenburg;false
ac9a495db0e6c864b8227223faf81120f035967e73595bff19325b7491f4401e;US-Senat einigt sich auf Übergangshaushalt;https://www.zeit.de/politik/ausland/2026-08/us-haushalt-senat-uebergang-repraesentantenhaus-shutdown;Überraschend früh stimmt der US-Senat mit deutlicher Mehrheit für einen Übergangshaushalt bis Anfang Dezember. Die Zustimmung des Repräsentantenhauses steht noch aus.;US-Haushalt;Politik, US-Haushalt, US-Senat, USA, Demokraten (USA), Republikaner (USA), Midterms, Repräsentantenhaus;2026-08-08T14:16:02+02:00;2026-08-08T14:16:02+02:00;maw;DIE ZEIT,        dpa,        							maw;false
24ce34fedb0ed1e7e069e4015165fb15351c3c3568391fe1692825b29961f90f;Schwarz, schrill, schwül - Zehntausende bei M’era Luna;https://www.zeit.de/news/2026-08/08/schwarz-schrill-schwuel-zehntausende-bei-m-era-luna;Hier finden Sie Informationen zu dem Thema „Gothic-Szene“. Lesen Sie jetzt „Schwarz, schrill, schwül - Zehntausende bei M’era Luna“.;Gothic-Szene;News, Gothic-Szene, Luna Dunkle, M’era, Hildesheim, M'era Luna;2026-08-08T14:09:46+02:00;2026-08-08T14:09:46+02:00;;dpa Niedersachsen;false
bbec7507d1340b502cd4b917ead7e59a4395b7c5e958aa94f1070530b7a9241e;19-Jährige kracht mit Auto gegen Fußgängerbrücke;https://www.zeit.de/news/2026-08/08/19-jaehrige-kracht-mit-auto-gegen-fussgaengerbruecke;Hier finden Sie Informationen zu dem Thema „Verkehrsunfall“. Lesen Sie jetzt „19-Jährige kracht mit Auto gegen Fußgängerbrücke“.;Verkehrsunfall;News, Verkehrsunfall, Fußgängerbrücke, Verkehrsunfall, Auto;2026-08-08T14:05:58+02:00;2026-08-08T14:05:58+02:00;;dpa Sachsen;false
2399acaee6f3a585c685b3e50e0c993c4c867c24d6542346dacdfb95c6dfb1c4;Im Hotel randaliert? Aufsehen um Freibergs Oberbürgermeister;https://www.zeit.de/news/2026-08/08/im-hotel-randaliert-aufsehen-um-freibergs-oberbuergermeister;Hier finden Sie Informationen zu dem Thema „Kriminalität“. Lesen Sie jetzt „Im Hotel randaliert? Aufsehen um Freibergs Oberbürgermeister“.;Kriminalität;News, Kriminalität, Philipp Preißler, Freiberg, Leipzig, Freie Wähler, Polizei, Polizeidirektion, Polizeieinsatz;2026-08-08T14:05:25+02:00;2026-08-08T14:05:25+02:00;;dpa Sachsen;false
622cf80b79664fad624ba6d1b08c55889439a4b64ea88f331dd03b836ee687b7;Kabarettist Konrad Beikircher in Bonn beigesetzt;https://www.zeit.de/news/2026-08/08/kabarettist-konrad-beikircher-in-bonn-beigesetzt;Hier finden Sie Informationen zu dem Thema „Öffentliche Trauerfeier“. Lesen Sie jetzt „Kabarettist Konrad Beikircher in Bonn beigesetzt“.;Öffentliche Trauerfeier;News, Öffentliche Trauerfeier, Konrad Beikircher, Günther « Bömmel » Lückerath, Bonn, Münster, Rheinland, Trauerfeier, Familie;2026-08-08T14:05:18+02:00;2026-08-08T14:05:18+02:00;;dpa Nordrhein-Westfalen;false
059b43a698f346868e1aa05baf0e787e843d335fca6eaa8333956d9038c730d4;Ministerium: Industrieorte zeugen von Entwicklung der Region;https://www.zeit.de/news/2026-08/08/ministerium-industrieorte-zeugen-von-entwicklung-der-region;Hier finden Sie Informationen zu dem Thema „Industriekultur“. Lesen Sie jetzt „Ministerium: Industrieorte zeugen von Entwicklung der Region“.;Industriekultur;News, Industriekultur, Tobias Dünow, Brandenburg, Industrieort, Industriekultur, Industriegeschichte, Kulturministerium;2026-08-08T13:58:56+02:00;2026-08-08T13:58:56+02:00;;dpa Berlin/Brandenburg;false
45043a9b4d216208898bf74a76aca51bfd0e917faa96da8b61880dce6acde5d7;Entwurf: Steuerreform ohne Progressionsausgleich geplant;https://www.zeit.de/news/2026-08/08/entwurf-steuerreform-ohne-progressionsausgleich-geplant;Hier finden Sie Informationen zu dem Thema „Steuern“. Lesen Sie jetzt „Entwurf: Steuerreform ohne Progressionsausgleich geplant“.;Steuern;News, Steuern, Finanzministerium, SPD, Bundesregierung, Progressionsausgleich, Steuerreform, Abstimmung, Steuer;2026-08-08T13:46:50+02:00;2026-08-08T13:46:50+02:00;;dpa;false
3285670b3bf57600ac83928239c35b01d76cca072d01bc01d96d54b7a2cb2d4c;Mehr als 180 Teilnehmer beim Seebrückenschwimmen-Finale;https://www.zeit.de/news/2026-08/08/mehr-als-180-teilnehmer-beim-seebrueckenschwimmen-finale;Hier finden Sie Informationen zu dem Thema „Lübecker Bucht“. Lesen Sie jetzt „Mehr als 180 Teilnehmer beim Seebrückenschwimmen-Finale“.;Lübecker Bucht;News, Lübecker Bucht, Lübecker Bucht, Haffkrug, Scharbeutz, Seebrückenschwimmen, Wassertemperatur, Finale;2026-08-08T13:42:51+02:00;2026-08-08T13:42:51+02:00;;dpa Hamburg/Schleswig-Holstein;false
50c6fe8a56c95d7bb9b6a428977d7a08c6fceff0b2b06acfc8224fbf00eedb4a;SPD-Spitzenkandidat will Polizeikontrollen gegen Mietwucher;https://www.zeit.de/news/2026-08/08/spd-spitzenkandidat-will-polizeikontrollen-gegen-mietwucher;Hier finden Sie Informationen zu dem Thema „Nicht nur Hauptstadt-Thema“. Lesen Sie jetzt „SPD-Spitzenkandidat will Polizeikontrollen gegen Mietwucher“.;Nicht nur Hauptstadt-Thema;News, Nicht nur Hauptstadt-Thema, Steffen Krach, Berlin, SPD, Mietwucher, Polizeikontrolle, Mietenkataster, Bußgeld;2026-08-08T13:40:02+02:00;2026-08-08T13:40:02+02:00;;dpa Berlin/Brandenburg;false
34a353746b0865bb15ba7efabecae7d5ab2e08f380e3a750beb2a8793a88c513;Schüsse in Hamburg - Polizei fahndet nach Tätern;https://www.zeit.de/news/2026-08/08/schuesse-in-hamburg-polizei-fahndet-nach-taetern;Hier finden Sie Informationen zu dem Thema „Hubschrauber im Einsatz“. Lesen Sie jetzt „Schüsse in Hamburg - Polizei fahndet nach Tätern“.;Hubschrauber im Einsatz;News, Hubschrauber im Einsatz, Hamburg, Polizei, Hubschrauber;2026-08-08T13:38:55+02:00;2026-08-08T13:38:55+02:00;;dpa Hamburg/Schleswig-Holstein;false
f4e81bdef666fa7602a650f10ba7ac1026a7832fc62d4a29f49b337389d4a400;Polizei rettet gestrandetes Delfin-Plüschtier von Landstraße;https://www.zeit.de/news/2026-08/08/polizei-rettet-gestrandetes-delfin-plueschtier-von-landstrasse;Hier finden Sie Informationen zu dem Thema „Besitzer gesucht“. Lesen Sie jetzt „Polizei rettet gestrandetes Delfin-Plüschtier von Landstraße“.;Besitzer gesucht;News, Besitzer gesucht, Polizei, Landstraße;2026-08-08T13:36:53+02:00;2026-08-08T13:36:53+02:00;;dpa Rheinland-Pfalz/Saarland;false
f6cea8e887ac03db7ddf79ff297d1e7fae8b9274d88e07738d73b5c1fa540b09;BSW in Sachsen-Anhalt: Wahlziel ist Ablösung der CDU;https://www.zeit.de/news/2026-08/08/bsw-in-sachsen-anhalt-wahlziel-ist-abloesung-der-cdu;Hier finden Sie Informationen zu dem Thema „Wahlkampf“. Lesen Sie jetzt „BSW in Sachsen-Anhalt: Wahlziel ist Ablösung der CDU“.;Wahlkampf;News, Wahlkampf, Sahra Wagenknecht, Sven Schulze, Friedrich Merz, Claudia Wittig, Sachsen-Anhalt, Bündnis Sahra Wagenknecht, CDU, Deutsche Presse-Agentur, Wahlziel, Ablösung;2026-08-08T13:35:20+02:00;2026-08-08T13:35:20+02:00;;dpa Sachsen;false
8a9f5edab844880d54720d0b9f20f7d781d97456053b7e03ab497ed11584405d;Nackter Mann randaliert in Schnellimbiss;https://www.zeit.de/news/2026-08/08/nackter-mann-randaliert-in-schnellimbiss;Hier finden Sie Informationen zu dem Thema „Polizeieinsatz“. Lesen Sie jetzt „Nackter Mann randaliert in Schnellimbiss“.;Polizeieinsatz;News, Polizeieinsatz, Polizei, Schnellimbiss, Polizeieinsatz;2026-08-08T13:29:23+02:00;2026-08-08T13:29:23+02:00;;dpa Baden-Württemberg;false
f2fe666d64068fe0b6635e869746966b63c5e9ceafdb8394bd5d9da4c7083bbe;Navi falsch befolgt: Mutter landet mit Kindern im Bach;https://www.zeit.de/news/2026-08/08/navi-falsch-befolgt-mutter-landet-mit-kindern-im-bach;Hier finden Sie Informationen zu dem Thema „Falsch abgebogen“. Lesen Sie jetzt „Navi falsch befolgt: Mutter landet mit Kindern im Bach“.;Falsch abgebogen;News, Falsch abgebogen, Ruhpolding, Landkreis Traunstein, Polizei, Auto;2026-08-08T13:26:19+02:00;2026-08-08T13:26:19+02:00;;dpa Bayern;false
debbd4b0594b87339c95e0ff6f76e1aa0cb34791d3cbe590c9bd02d41ddb817b;91-Jährige stürzt Abhang runter und wird schwer verletzt;https://www.zeit.de/news/2026-08/08/91-jaehrige-stuerzt-abhang-runter-und-wird-schwer-verletzt;Hier finden Sie Informationen zu dem Thema „Radgruppe fährt einfach weiter“. Lesen Sie jetzt „91-Jährige stürzt Abhang runter und wird schwer verletzt“.;Radgruppe fährt einfach weiter;News, Radgruppe fährt einfach weiter, Müritz, Abhang, Radgruppe;2026-08-08T13:16:34+02:00;2026-08-08T13:16:34+02:00;;dpa Mecklenburg-Vorpommern;false
b3fa7706887d275181f49f068a477810e9bd1f7619fbf671d146ce5cbd928630;Hand von Motorradfahrer wird bei Überholvorgang eingeklemmt;https://www.zeit.de/news/2026-08/08/hand-von-motorradfahrer-wird-bei-ueberholvorgang-eingeklemmt;Hier finden Sie Informationen zu dem Thema „Unfall mit zwei Motorrädern“. Lesen Sie jetzt „Hand von Motorradfahrer wird bei Überholvorgang eingeklemmt“.;Unfall mit zwei Motorrädern;News, Unfall mit zwei Motorrädern, Polizei, Überholvorgang, Unfall, Motorrad;2026-08-08T13:13:37+02:00;2026-08-08T13:13:37+02:00;;dpa Baden-Württemberg;false
3c657726a9bbceb8bf07f534b8c2aea7bf1175b948c4e8e93d575fd0b2cfaba7;Polizei rätselt nach Autobrand in Ganderkesee;https://www.zeit.de/news/2026-08/08/polizei-raetselt-nach-autobrand-in-ganderkesee;Hier finden Sie Informationen zu dem Thema „Brände“. Lesen Sie jetzt „Polizei rätselt nach Autobrand in Ganderkesee“.;Brände;News, Brände, Ganderkesee, Polizei, Autobrand, Brand;2026-08-08T13:12:06+02:00;2026-08-08T13:12:06+02:00;;dpa Niedersachsen;false
fed845bcfc250bff8a5afb948074e0653cefcf363cac837962eff82218a73ffa;15 Jahre regiert, nun im Ruhestand – Schlaf ist trotzdem weg;https://www.zeit.de/news/2026-08/08/15-jahre-regiert-nun-im-ruhestand-schlaf-ist-trotzdem-weg;Hier finden Sie Informationen zu dem Thema „Politiker im Ruhenstand“. Lesen Sie jetzt „15 Jahre regiert, nun im Ruhestand – Schlaf ist trotzdem weg“.;Politiker im Ruhenstand;News, Politiker im Ruhenstand, Winfried Kretschmann, Baden-Württemberg, SZ, Ruhenstand, Ruhestand, Regierungsspitze;2026-08-08T13:11:58+02:00;2026-08-08T13:11:58+02:00;;dpa Baden-Württemberg;false
525c6715e59972ba669e897d04424a985c4f618f0945d272915d65b7605cc33d;Sollte man kleine Blechschäden lieber selbst bezahlen?;https://www.zeit.de/mobilitaet/2026-08/kfz-versicherung-mythen-tricks-telematik-blechschaden-faq;»Das regeln wir ohne Versicherung« – viele Autofahrer glauben, damit schlau zu sein. Manchmal stimmt das. Aber es gibt Fehler, die sehr teuer werden, weiß unsere Autorin.;"Z+ (abopflichtiger Inhalt);
        
    Kfz-Versicherung";Mobilitaet, Kfz-Versicherung, Kfz-Versicherung, Autowerkstatt, Autofahrer, ADAC, Autoindustrie, Finanzen;2026-08-08T13:11:44+02:00;2026-08-08T13:11:44+02:00;Tina Groll;;false
a34251a23be479130401baab1db2c72c2e22f57ebb7910e9aea399bc238df79a;Kino-Streit: Der dicke fette Pfannekuchen gegen Spider-Man;https://www.zeit.de/news/2026-08/08/kino-streit-der-dicke-fette-pfannekuchen-gegen-spider-man;Hier finden Sie Informationen zu dem Thema „Film in Russland“. Lesen Sie jetzt „Kino-Streit: Der dicke fette Pfannekuchen gegen Spider-Man“.;Film in Russland;News, Film in Russland, Russland, Pfannekuchen, Kinosaal, Kinowochenende, Kino, Hollywood;2026-08-08T13:10:52+02:00;2026-08-08T13:10:52+02:00;;dpa;false
71dbe035db8cd94f793f47c2b8ff8a8138d1a33b6a465596d0c414570cefef24;BUND kritisiert Lockerung des Sonntagsfahrverbots für Lkw;https://www.zeit.de/politik/deutschland/2026-08/lkw-fahrverbot-sonntag-lockerung-niedrigwasser-bund-steffen-bilger-gxe;Wegen niedriger Flussstände ist der Transport von Gütern per Schiff derzeit eingeschränkt. Den Vorschlag, deshalb auch sonntags Lkw fahren zu lassen, kritisiert der BUND.;Lkw-Fahrverbot an Sonntagen;Politik, Lkw-Fahrverbot an Sonntagen, Bundesverband der Deutschen Industrie, LKW, Verkehr, Transport, Autobahn, Verkehrsministerium;2026-08-08T13:07:53+02:00;2026-08-08T13:07:53+02:00;akl;DIE ZEIT,        AFP,        							akl;false
0d77360bfa7533ba0925e19ba82defe5c9a62ee8cc1965ad3b6e7a6d6ca7f22d;Auto fängt beim Tanken Feuer - 82-Jähriger verletzt;https://www.zeit.de/news/2026-08/08/auto-faengt-beim-tanken-feuer-82-jaehriger-verletzt;Hier finden Sie Informationen zu dem Thema „Brände“. Lesen Sie jetzt „Auto fängt beim Tanken Feuer - 82-Jähriger verletzt“.;Brände;News, Brände, Auto, Brand;2026-08-08T13:02:28+02:00;2026-08-08T13:02:28+02:00;;dpa Sachsen;false
3066041b0ce828fa436cde25ceeb11a2c76a5fc48215e36cde3263be03f8b974;Prien setzt auf EU-weite Regeln für Kinder bei Social Media;https://www.zeit.de/news/2026-08/08/prien-setzt-auf-eu-weite-regeln-fuer-kinder-bei-social-media;Hier finden Sie Informationen zu dem Thema „Bundesregierung“. Lesen Sie jetzt „Prien setzt auf EU-weite Regeln für Kinder bei Social Media“.;Bundesregierung;News, Bundesregierung, Karin Prien, Lisa Paus, Europäische Union, Bundesregierung, CDU, Soziale Medien, Social-Media-Verbot;2026-08-08T12:59:50+02:00;2026-08-08T12:59:50+02:00;;dpa Hamburg/Schleswig-Holstein;false
698a0b8a90645fe6e14d65293ed51a2322a0e91eb29a49f5025635fa69da96bd;Niedrigwasser in Brandenburgs Gewässern weiter akut;https://www.zeit.de/news/2026-08/08/niedrigwasser-in-brandenburgs-gewaessern-weiter-akut;Hier finden Sie Informationen zu dem Thema „Seestände auf Allzeitminima“. Lesen Sie jetzt „Niedrigwasser in Brandenburgs Gewässern weiter akut“.;Seestände auf Allzeitminima;News, Seestände auf Allzeitminima, Brandenburg, Niedrigwasser, Seestand, Allzeitminimum, Gewässer, Seewasserstand, Pegelstand, Grundwasserstand, Wassermangel;2026-08-08T12:58:39+02:00;2026-08-08T12:58:39+02:00;;dpa Berlin/Brandenburg;false
db5de51d813b8c0a085bc58f5c14e3fe9044fe2059d6b1f3bfbd7c152ebebfba;Bazooka-Rakete am Rheinufer in Koblenz gefunden;https://www.zeit.de/news/2026-08/08/bazooka-rakete-am-rheinufer-in-koblenz-gefunden;Hier finden Sie Informationen zu dem Thema „Niedrigwasser“. Lesen Sie jetzt „Bazooka-Rakete am Rheinufer in Koblenz gefunden“.;Niedrigwasser;News, Niedrigwasser, Koblenz, Rhein, Zweiter Weltkrieg, Rheinufer, Niedrigwasser;2026-08-08T12:56:53+02:00;2026-08-08T12:56:53+02:00;;dpa Rheinland-Pfalz/Saarland;false
cbae24908897ca021cf284949664d8675b9d89c960cc22462ec3d972803975f0;Mann fährt mit 26-Tonner Lastwagen anderem Mann über den Fuß;https://www.zeit.de/news/2026-08/08/mann-faehrt-mit-26-tonner-lastwagen-anderem-mann-ueber-den-fuss;Hier finden Sie Informationen zu dem Thema „Arbeitsunfall“. Lesen Sie jetzt „Mann fährt mit 26-Tonner Lastwagen anderem Mann über den Fuß“.;Arbeitsunfall;News, Arbeitsunfall, Arbeitsunfall;2026-08-08T12:54:31+02:00;2026-08-08T12:54:31+02:00;;dpa Baden-Württemberg;false
7463fa2d659c543f4d7882c9635c54ca0e2889cc0b5f2117a1bd85f27f4c7218;Wahlkampfhelfer nach Attacke von Radfahrer verletzt;https://www.zeit.de/news/2026-08/08/wahlkampfhelfer-nach-attacke-von-radfahrer-verletzt;Hier finden Sie Informationen zu dem Thema „Wahlen“. Lesen Sie jetzt „Wahlkampfhelfer nach Attacke von Radfahrer verletzt“.;Wahlen;News, Wahlen, Berlin-Adlershof, Polizei, Attacke, Körperverletzung;2026-08-08T12:53:34+02:00;2026-08-08T12:53:34+02:00;;dpa Berlin/Brandenburg;false
026e3a57f2107c9c61929fe2c025edf9027a894c5ec466c6b4c451ca77bf7828;Französische Politiker warnen vor Desinformationskampagne im Wahlkampf;https://www.zeit.de/politik/ausland/2026-08/russische-desinformation-frankreich-praesidentschaftswahl-russland-edouard-philippe-gabriel-attal-raphael-glucksmann;Gefälschte Dokumente, Fake-Videos, KI-Inhalte: Französische Behörden verdächtigen Russland, den Präsidentschaftswahlkampf zu beeinflussen.;Mögliche russische Einflussnahme;Politik, Mögliche russische Einflussnahme, Gabriel Attal, Frankreich, Präsidentschaft, Wahlkampf, Russland, Desinformation, Emmanuel Macron, Rassemblement National;2026-08-08T12:49:11+02:00;2026-08-08T12:49:11+02:00;;DIE ZEIT,        AFP;false
703ce687f6fdaedc645692fc46728eb0d733b1d23245fe78bb3ed32131ba8dc4;Sechs Menschen 100 Tage in Isolation - Studie beendet;https://www.zeit.de/news/2026-08/08/sechs-menschen-100-tage-in-isolation-studie-beendet;Hier finden Sie Informationen zu dem Thema „Vorbereitung für Marsmissionen“. Lesen Sie jetzt „Sechs Menschen 100 Tage in Isolation - Studie beendet“.;Vorbereitung für Marsmissionen;News, Vorbereitung für Marsmissionen, Mann, Köln, Deutsches Zentrum für Luft- und Raumfahrt, DLR, Marsmission, Simulationsanlage;2026-08-08T12:48:35+02:00;2026-08-08T12:48:35+02:00;;dpa;false
6e12cf264394458c954e371d991abb0efd6685d103edf985cf5d2fedf6108134;ME/CFS-Kranke zeigen Socken zur Mahnung;https://www.zeit.de/news/2026-08/08/me-cfs-kranke-zeigen-socken-zur-mahnung;Hier finden Sie Informationen zu dem Thema „Viele Betroffene“. Lesen Sie jetzt „ME/CFS-Kranke zeigen Socken zur Mahnung“.;Viele Betroffene;News, Viele Betroffene, Erfurt, Thüringen, Mahnung, Erschöpfungskrankheit, Sozialverwaltung;2026-08-08T12:47:57+02:00;2026-08-08T12:47:57+02:00;;dpa Thüringen;false
34fc147f7e453e5d4310db11e5dba50081ec9fef299040d8a802ebec3a54cc58;Männer klauen Plastikkrokodil auf Festgelände in Straubing;https://www.zeit.de/news/2026-08/08/maenner-klauen-plastikkrokodil-auf-festgelaende-in-straubing;Hier finden Sie Informationen zu dem Thema „Gäubodenvolksfest“. Lesen Sie jetzt „Männer klauen Plastikkrokodil auf Festgelände in Straubing“.;Gäubodenvolksfest;News, Gäubodenvolksfest, Mann, Straubing, Gäubodenvolksfest, Polizei, Volksfest, Plastikkrokodil, Festgelände, Krokodil, Körperverletzung;2026-08-08T12:46:30+02:00;2026-08-08T12:46:30+02:00;;dpa Bayern;false
a602a475a676b1ad013e83ce09b5767cecea5c3f901cc5a7505e05e988a6fa5a;Garagentrakt mit Werkstatt brennt – Ursache unklar;https://www.zeit.de/news/2026-08/08/garagentrakt-mit-werkstatt-brennt-ursache-unklar;Hier finden Sie Informationen zu dem Thema „Eiterfeld“. Lesen Sie jetzt „Garagentrakt mit Werkstatt brennt – Ursache unklar“.;Eiterfeld;News, Eiterfeld, Eiterfeld, Landkreis Fulda, Feuerwehr, Garagentrakt, Werkstatt, Feuerwehreinsatz;2026-08-08T12:46:13+02:00;2026-08-08T12:46:13+02:00;;dpa Hessen;false
c632797c0e9551aeb86628e53297070ef197cf52b1818c16d60b8e04a493863f;Hunderte Menschen müssen wegen Waldbrands Häuser am Gardasee verlassen;https://www.zeit.de/wissenschaft/umwelt/2026-08/waldbrand-gardasee-tignale-evakuierungen-hitzewelle-italien;Ein heftiger Waldbrand am Westufer des Gardasees hat sich über Nacht ausgebreitet. Urlauber und Anwohner mussten sich vielerorts in Sicherheit bringen.;Waldbrand am Gardasee;Wissenschaft, Waldbrand am Gardasee, Waldbrand, Evakuierung, Gardasee, Italien, Feuerwehr, Hitzewelle;2026-08-08T12:45:46+02:00;2026-08-08T12:45:46+02:00;akl;DIE ZEIT,        dpa,        							akl;false
d92737c9bde2efacf9e2c955d210a8a03e0b969742452f5a84ede48ccd463433;«Nicht erträumt»: Wellbrock holt mit Staffel drittes EM-Gold;https://www.zeit.de/news/2026-08/08/wellbrock-fuehrt-staffel-zum-titel-und-holt-sein-drittes-gold;Hier finden Sie Informationen zu dem Thema „Schwimmen in Paris“. Lesen Sie jetzt „«Nicht erträumt»: Wellbrock holt mit Staffel drittes EM-Gold“.;Schwimmen in Paris;News, Schwimmen in Paris, Florian Wellbrock, Julia Ackermann, Isabel Gose, Mann, Paris, Italien, Ungarn, Goldmedaille, Gold, schwimmen;2026-08-08T12:40:23+02:00;2026-08-08T12:40:23+02:00;;dpa Sport;false
00c56baa95fc25502617ca6b400a81b5245d6b3e62364d79b025f1eb57a6101f;Radfahrer rennt vor Polizei davon - mit 2,3 Promille;https://www.zeit.de/news/2026-08/08/radfahrer-rennt-vor-polizei-davon-mit-2-3-promille;Hier finden Sie Informationen zu dem Thema „Missglückte Flucht“. Lesen Sie jetzt „Radfahrer rennt vor Polizei davon - mit 2,3 Promille“.;Missglückte Flucht;News, Missglückte Flucht, Friedelsheim, Landkreis Bad Dürkheim, Polizei;2026-08-08T12:38:48+02:00;2026-08-08T12:38:48+02:00;;dpa Rheinland-Pfalz/Saarland;false
28009ea3899b5ce3ba83614c6e3c11f6e8fbc7082f063b2675ef7c06b16957b2;Ratte löst Unfallserie auf A31 bei Dorsten aus;https://www.zeit.de/news/2026-08/08/ratte-loest-unfallserie-auf-a31-bei-dorsten-aus;Hier finden Sie Informationen zu dem Thema „Unfälle“. Lesen Sie jetzt „Ratte löst Unfallserie auf A31 bei Dorsten aus“.;Unfälle;News, Unfälle, Dorsten, Unfallserie, Unfall;2026-08-08T12:30:56+02:00;2026-08-08T12:30:56+02:00;;dpa Nordrhein-Westfalen;false
7a327259fa1f3698568092b58222288d948284140bbf1dfff238eb7ea535f594;E-Scooter-Fahrer nach Sturz in Berlin in Lebensgefahr;https://www.zeit.de/news/2026-08/08/e-scooter-fahrer-nach-sturz-in-berlin-in-lebensgefahr;Hier finden Sie Informationen zu dem Thema „Unfälle“. Lesen Sie jetzt „E-Scooter-Fahrer nach Sturz in Berlin in Lebensgefahr“.;Unfälle;News, Unfälle, Berlin, Marzahn-Hellersdorf, Polizei, Unfall, Lebensgefahr, E-Scooter, Auto;2026-08-08T12:30:12+02:00;2026-08-08T12:30:12+02:00;;dpa Berlin/Brandenburg;false
61b7bf07f8fcfb061e5beaea893afda0dea0588e037c621e3944f52a4cf6643d;Baggerfahrer fährt gegen Brücke und verletzt sich schwer;https://www.zeit.de/news/2026-08/08/baggerfahrer-faehrt-gegen-bruecke-und-verletzt-sich-schwer;Hier finden Sie Informationen zu dem Thema „Unfall mit Radbagger“. Lesen Sie jetzt „Baggerfahrer fährt gegen Brücke und verletzt sich schwer“.;Unfall mit Radbagger;News, Unfall mit Radbagger, Radbagger, Unfall;2026-08-08T12:25:49+02:00;2026-08-08T12:25:49+02:00;;dpa Baden-Württemberg;false
143bac266e67637dcc61ddd2f6ed79cc518a8f32a5fce0fd09e33a5d2e3b0a5b;Unfälle auf der A3 führen zu kilometerlangen Staus;https://www.zeit.de/news/2026-08/08/unfaelle-auf-der-a3-fuehren-zu-kilometerlangen-staus;Hier finden Sie Informationen zu dem Thema „Sperrungen auf der Autobahn“. Lesen Sie jetzt „Unfälle auf der A3 führen zu kilometerlangen Staus“.;Sperrungen auf der Autobahn;News, Sperrungen auf der Autobahn, Aisch, Höchstadt-Ost, Regensburg, Polizei, Unfall, Sperrung, Auto;2026-08-08T12:20:09+02:00;2026-08-08T12:20:09+02:00;;dpa Bayern;false
4488bfd7476ecdb012299c133fcc329637c5f12afcb46e532a99897a4b3cf881;Polizei zieht Orts- und Verkehrsschilder bei Techno-Fans ein;https://www.zeit.de/news/2026-08/08/polizei-zieht-orts-und-verkehrsschilder-bei-techno-fans-ein;Hier finden Sie Informationen zu dem Thema „Festivals“. Lesen Sie jetzt „Polizei zieht Orts- und Verkehrsschilder bei Techno-Fans ein“.;Festivals;News, Festivals, Bleilochtalsperre, Saalburg, Polizei, SonneMondSterne, Verkehrsschild, Drohnenüberwachung;2026-08-08T12:20:03+02:00;2026-08-08T12:20:03+02:00;;dpa Sachsen;false
5636e995068778ab5cfa9ab94da1f1758126aa7cb964d2e5b6a855f851d57caf;Schulze: «Will noch viel mit den Menschen sprechen»;https://www.zeit.de/news/2026-08/08/schulze-will-noch-viel-mit-den-menschen-sprechen;Hier finden Sie Informationen zu dem Thema „Vor der Landtagswahl“. Lesen Sie jetzt „Schulze: «Will noch viel mit den Menschen sprechen»“.;Vor der Landtagswahl;News, Vor der Landtagswahl, Sven Schulze, Sachsen-Anhalt, CDU, SPD, Landtagswahl, Wortwechsel, Wahlkampf;2026-08-08T12:18:03+02:00;2026-08-08T12:18:03+02:00;;dpa Sachsen;false
139ab5b7faae9c2d06cb9ce9b98c1a2eaf9c76b42ef8d84dc19779f01c4f0710;Riesen-Narbe bei Wittek: «Hätte bitterböse enden können»;https://www.zeit.de/news/2026-08/08/riesen-narbe-bei-wittek-haette-bitterboese-enden-koennen;Hier finden Sie Informationen zu dem Thema „Fußball“. Lesen Sie jetzt „Riesen-Narbe bei Wittek: «Hätte bitterböse enden können»“.;Fußball;News, Fußball, Maximilian Wittek, VfL Bochum, Fußball, Gott;2026-08-08T12:11:45+02:00;2026-08-08T12:11:45+02:00;;dpa Nordrhein-Westfalen;false
cb752ff731e444215a45f288655f50075a9248e678d5d23160df7ef7f51db613;250 Einsatzkräfte üben Rettung aus ICE im Tunnel;https://www.zeit.de/news/2026-08/08/250-einsatzkraefte-ueben-rettung-aus-ice-im-tunnel;Hier finden Sie Informationen zu dem Thema „Katastrophenschutz“. Lesen Sie jetzt „250 Einsatzkräfte üben Rettung aus ICE im Tunnel“.;Katastrophenschutz;News, Katastrophenschutz, Thüringen, Sandberg, Traßdorf, Einsatzkraft, Tunnel, Katastrophenschutz, Rettung, Rettungseinsatz, Eisenbahntunnel, ICE;2026-08-08T12:11:24+02:00;2026-08-08T12:11:24+02:00;;dpa Thüringen;false
2efe89ac57558172a26e482cd93a0001564b397ac505ea38a9d2fc071e41b80b;Mann verliert Kontrolle über Auto – 180.000 Euro Schaden;https://www.zeit.de/news/2026-08/08/mann-verliert-kontrolle-ueber-auto-180-000-euro-schaden;Hier finden Sie Informationen zu dem Thema „Unfälle“. Lesen Sie jetzt „Mann verliert Kontrolle über Auto – 180.000 Euro Schaden“.;Unfälle;News, Unfälle, Rostock, Unfall, Auto;2026-08-08T12:06:31+02:00;2026-08-08T12:06:31+02:00;;dpa Mecklenburg-Vorpommern;false
cb755034f6541276962ebdda84860b6af0b68c2ffb16976eb0f3eb996f8231b5;BFV-Präsident Schultz fordert Rücktritt von Infantino;https://www.zeit.de/news/2026-08/08/bfv-praesident-schultz-fordert-ruecktritt-von-infantino;Hier finden Sie Informationen zu dem Thema „Fußball“. Lesen Sie jetzt „BFV-Präsident Schultz fordert Rücktritt von Infantino“.;Fußball;News, Fußball, Bernd Schultz, Gianni Infantino, Tagesspiegel, Berliner Fußball-Verband, Fifa, Rücktritt, Fußball, Weltverband;2026-08-08T12:02:46+02:00;2026-08-08T12:02:46+02:00;;dpa Berlin/Brandenburg;false
4a9764f61c8850a1e068c95617549a2e810f037e6d0ee25e6519de0ce6d6cd72;Reh ausgewichen: 19-Jähriger bei Unfall schwer verletzt;https://www.zeit.de/news/2026-08/08/reh-ausgewichen-19-jaehriger-bei-unfall-schwer-verletzt;Hier finden Sie Informationen zu dem Thema „Verkehr“. Lesen Sie jetzt „Reh ausgewichen: 19-Jähriger bei Unfall schwer verletzt“.;Verkehr;News, Verkehr, Unfall, Verkehr;2026-08-08T12:00:25+02:00;2026-08-08T12:00:25+02:00;;dpa Rheinland-Pfalz/Saarland;false
97a62a2b946f90f23cd0eef01d0202812a421bb2839cb992079efa7dda7fda79;Autofahrerin stirbt bei Abbiegeunfall;https://www.zeit.de/news/2026-08/08/autofahrerin-stirbt-bei-abbiegeunfall;Hier finden Sie Informationen zu dem Thema „Unfälle“. Lesen Sie jetzt „Autofahrerin stirbt bei Abbiegeunfall“.;Unfälle;News, Unfälle, Abbiegeunfall, Unfall, Linksabbiegen, Auto;2026-08-08T11:58:33+02:00;2026-08-08T11:58:33+02:00;;dpa Hamburg/Schleswig-Holstein;false
1934019354d43637f729edf3a6987af299ed7ee1485406cc06ef7d7cf19c467e;Grüne: Neuer Verkehrsminister muss mehr fürs Klima tun;https://www.zeit.de/news/2026-08/08/gruene-neuer-verkehrsminister-muss-mehr-fuers-klima-tun;Hier finden Sie Informationen zu dem Thema „Tempolimit und Bahn stärken“. Lesen Sie jetzt „Grüne: Neuer Verkehrsminister muss mehr fürs Klima tun“.;Tempolimit und Bahn stärken;News, Tempolimit und Bahn stärken, Steffen Bilger, Julia Verlinden, Bündnis 90/Die Grünen, CDU, Tempolimit;2026-08-08T11:50:41+02:00;2026-08-08T11:50:41+02:00;;dpa;false
9c55c22e824013ebcb44875f97d095f3195224f8722a871bb824f3fe9aa7e276;Feuer zerstört Wohnung – Polizei sucht Brandursache;https://www.zeit.de/news/2026-08/08/feuer-zerstoert-wohnung-polizei-sucht-brandursache;Hier finden Sie Informationen zu dem Thema „Brände“. Lesen Sie jetzt „Feuer zerstört Wohnung – Polizei sucht Brandursache“.;Brände;News, Brände, Zweibrücken, Polizei, Brandursache, Wohnungsbrand, Mehrparteienhaus, Brand;2026-08-08T11:49:16+02:00;2026-08-08T11:49:16+02:00;;dpa Rheinland-Pfalz/Saarland;false
7163c908578916d3bc17f7ce736507e23e13ac91876a7df5b97be60948077ce7;US-Senat bestätigt Todd Blanche als Justizminister;https://www.zeit.de/news/2026-08/08/us-senat-bestaetigt-todd-blanche-als-justizminister;Hier finden Sie Informationen zu dem Thema „USA“. Lesen Sie jetzt „US-Senat bestätigt Todd Blanche als Justizminister“.;USA;News, USA, Todd Blanche, Donald Trump, Justizminister, USA, US-Senat, Justizressort;2026-08-08T11:49:11+02:00;2026-08-08T11:49:11+02:00;;dpa;false
d80f28e9954609c159445008500a55cd763b8868b8560d8dbf096db91ca40931;Fahrer verliert Kontrolle und schleudert über drei Spuren;https://www.zeit.de/news/2026-08/08/fahrer-verliert-kontrolle-und-schleudert-ueber-drei-spuren;Hier finden Sie Informationen zu dem Thema „Unfall auf der Autobahn 8“. Lesen Sie jetzt „Fahrer verliert Kontrolle und schleudert über drei Spuren“.;Unfall auf der Autobahn 8;News, Unfall auf der Autobahn 8, Unfall, Auto;2026-08-08T11:46:03+02:00;2026-08-08T11:46:03+02:00;;dpa Baden-Württemberg;false
c55e8e8a2f99b47f1390dc91c0e930c72dbc8c38c960340b4bf4aac514716a69;17-Jähriger fährt unter Alkohol gegen einen Baum;https://www.zeit.de/news/2026-08/08/17-jaehriger-faehrt-unter-alkohol-gegen-einen-baum;Hier finden Sie Informationen zu dem Thema „Alkoholfahrt“. Lesen Sie jetzt „17-Jähriger fährt unter Alkohol gegen einen Baum“.;Alkoholfahrt;News, Alkoholfahrt, Dinkelsbühl, Alkohol, Alkoholfahrt, Prüfbescheinigung, Auto;2026-08-08T11:44:12+02:00;2026-08-08T11:44:12+02:00;;dpa Bayern;false
37ef2c5b93b4c774366450274b6e2da9d23248a6bd162f23fd2e9431d13c477c;Auto erfasst Radfahrer an roter Ampel in Frankfurt;https://www.zeit.de/news/2026-08/08/auto-erfasst-radfahrer-an-roter-ampel-in-frankfurt;Hier finden Sie Informationen zu dem Thema „Unfall“. Lesen Sie jetzt „Auto erfasst Radfahrer an roter Ampel in Frankfurt“.;Unfall;News, Unfall, Frankfurt, Unfall, Auto;2026-08-08T11:40:15+02:00;2026-08-08T11:40:15+02:00;;dpa Hessen;false
b9014143687c1b4869e7e6ab95d3752c9673d01762506d7d9febc0b10f529ffd;US-Senat bestätigt umstrittenen Justizminister Todd Blanche;https://www.zeit.de/politik/ausland/2026-08/todd-blanche-justizminister-usa-donald-trump;Der US-Senat wählt Donald Trumps Ex-Anwalt als neuen Justizminister. Der Entscheidung war wegen Zweifeln an dessen Unabhängigkeit ein wochenlanger Streit vorausgegangen.;US-Justizministerium;Politik, US-Justizministerium, Justizministerium der Vereinigten Staaten, Justizministerium, USA, Donald Trump, US-Senat, Justiz;2026-08-08T11:40:03+02:00;2026-08-08T11:40:03+02:00;maw;DIE ZEIT,        AP,        dpa,        AFP,        Reuters,        							maw;false
1091161ff597e8c6c93d157e340ed6c04b9af7b05408119857664f0f05b38e4b;Drei Verletzte bei Frontalcrash im Kreis Stormarn;https://www.zeit.de/news/2026-08/08/drei-verletzte-bei-frontalcrash-im-kreis-stormarn;Hier finden Sie Informationen zu dem Thema „Unfälle“. Lesen Sie jetzt „Drei Verletzte bei Frontalcrash im Kreis Stormarn“.;Unfälle;News, Unfälle, Kreis Stormarn, Glinde, Polizei, Frontalcrash, Unfall, Verkehrsunfall, Auto;2026-08-08T11:38:46+02:00;2026-08-08T11:38:46+02:00;;dpa Hamburg/Schleswig-Holstein;false
91e55743bb6c921b159137befb34e80b0ce74b0518945fa17971c33766b41a29;Leverkusen verlängert mit Geschäftsführern Carro und Rolfes;https://www.zeit.de/news/2026-08/08/leverkusen-verlaengert-mit-geschaeftsfuehrern-carro-und-rolfes;Hier finden Sie Informationen zu dem Thema „Fußball-Bundesliga“. Lesen Sie jetzt „Leverkusen verlängert mit Geschäftsführern Carro und Rolfes“.;Fußball-Bundesliga;News, Fußball-Bundesliga, Fernando Carro, Simon Rolfe, Leverkusen, Bayer 04 Leverkusen, Fußball-Bundesliga;2026-08-08T11:38:01+02:00;2026-08-08T11:38:01+02:00;;dpa Nordrhein-Westfalen;false
94cd8094846c25892742a5f90e14c846a1accf76f0c9d76a00e93ca85bb5e9ac;Kulturstaatsminister Weimer fordert Rücktritt von Gianni Infantino;https://www.zeit.de/sport/2026-08/fifa-praesident-gianni-infantino-wolfram-weimer-ruecktritt-uefa-investoren;Gianni Infantino steht wegen Plänen, Fifa-Anteile an private Investoren zu verkaufen, in der Kritik. Nun fordert ein Mitglied der Bundesregierung seinen Rücktritt.;Fifa-Präsident Infantino;Sport, Fifa-Präsident Infantino, Gianni Infantino, Fifa, Wolfram Weimer, Fußball-WM, Fußball, Uefa, Bundesregierung;2026-08-08T11:30:04+02:00;2026-08-08T11:30:04+02:00;akl;DIE ZEIT,        dpa,        							akl;false
8e37ef312712710a1a06fe48b124a13bcabad71946ddc38d8b1177756f39219b;Spaniens Polizei zerschlägt internationale Schlepperbande;https://www.zeit.de/news/2026-08/08/spaniens-polizei-zerschlaegt-internationale-schlepperbande;Hier finden Sie Informationen zu dem Thema „Schlepper-Kriminalität“. Lesen Sie jetzt „Spaniens Polizei zerschlägt internationale Schlepperbande“.;Schlepper-Kriminalität;News, Schlepper-Kriminalität, Spanien, Nordafrika, Mittelmeer, UNHCR, Polizei, Schlepperbande, Hochgeschwindigkeitsboot, Schleuser, Drogen;2026-08-08T11:29:49+02:00;2026-08-08T11:29:49+02:00;;dpa;false
5e3b9ffcff3cd5356c9e9970b3b2f0f61c9fdd52a236ed49dd2728c32d29ee8b;Wiedenhofer erhält Fanny Mendelssohn Kompositionspreis;https://www.zeit.de/news/2026-08/08/wiedenhofer-erhaelt-fanny-mendelssohn-kompositionspreis;Hier finden Sie Informationen zu dem Thema „Großes Talent“. Lesen Sie jetzt „Wiedenhofer erhält Fanny Mendelssohn Kompositionspreis“.;Großes Talent;News, Großes Talent, Johannes Wiedenhofer, Felix Mendelssohn Bartholdy, Halberstadt, Sachsen-Anhalt, Kompositionspreis, Klangart;2026-08-08T11:22:54+02:00;2026-08-08T11:22:54+02:00;;dpa Sachsen;false
6c6086e5aa3c3499d88ad30785e86a8cd41778c2547dccd83ff6a6081d31c93a;Sachsen-Anhalt rüstet Feuerwehren auf;https://www.zeit.de/news/2026-08/08/sachsen-anhalt-ruestet-feuerwehren-auf;Hier finden Sie Informationen zu dem Thema „Feuerwehr“. Lesen Sie jetzt „Sachsen-Anhalt rüstet Feuerwehren auf“.;Feuerwehr;News, Feuerwehr, Sachsen-Anhalt, Feuerwehr, Innenministerium, Brandschutz, Fahrzeug;2026-08-08T11:18:44+02:00;2026-08-08T11:18:44+02:00;;dpa Sachsen;false
3b4ffbd3893b52ea7608cf2a4906ce1068cd5a6ac93cadfe13ca33fee5c1ac5f;Polizeistreife kollidiert im Einsatz mit Auto;https://www.zeit.de/news/2026-08/08/polizeistreife-kollidiert-im-einsatz-mit-auto;Hier finden Sie Informationen zu dem Thema „Unfall“. Lesen Sie jetzt „Polizeistreife kollidiert im Einsatz mit Auto“.;Unfall;News, Unfall, Obertraubling, Landkreis Regensburg, Polizei, Polizeistreife, Unfall, Streifenwagen, Martinshorn, Blaulicht, Auto, Fahrzeug;2026-08-08T11:18:41+02:00;2026-08-08T11:18:41+02:00;;dpa Bayern;false
801ffee00ed031aafce39b3dbb66ba77c26919aa1ce3e2388eb7fd1229b6daf5;Gasaustritt in Hohen Neuendorf - Lage unter Kontrolle;https://www.zeit.de/news/2026-08/08/gasaustritt-in-hohen-neuendorf-lage-unter-kontrolle;Hier finden Sie Informationen zu dem Thema „Leck an Gasleitung“. Lesen Sie jetzt „Gasaustritt in Hohen Neuendorf - Lage unter Kontrolle“.;Leck an Gasleitung;News, Leck an Gasleitung, Hohen Neuendorf, Oberhavel, Feuerwehr, Gasaustritt, Gasleitung;2026-08-08T11:15:22+02:00;2026-08-08T11:15:22+02:00;;dpa Berlin/Brandenburg;false
8fd69b35ba8623625107973ebbda237f0198685b4a73359dc85832d0d535d0bf;Crash beim Überholen: Drei Verletzte bei Unfall auf B256;https://www.zeit.de/news/2026-08/08/crash-beim-ueberholen-drei-verletzte-bei-unfall-auf-b256;Hier finden Sie Informationen zu dem Thema „Zusammenstoß“. Lesen Sie jetzt „Crash beim Überholen: Drei Verletzte bei Unfall auf B256“.;Zusammenstoß;News, Zusammenstoß, Landkreis Mayen-Koblenz, Unfall, Zusammenstoß, Auto;2026-08-08T11:13:38+02:00;2026-08-08T11:13:38+02:00;;dpa Rheinland-Pfalz/Saarland;false
2ccae0d8317edfd152224fdcb9cd481f4b338a7a3dcab390e52b989b93ae4b88;22-Jähriger durch Schüsse verletzt - Fahndung nach Täter;https://www.zeit.de/news/2026-08/08/22-jaehriger-durch-schuesse-verletzt-fahndung-nach-taeter;Hier finden Sie Informationen zu dem Thema „Schüsse“. Lesen Sie jetzt „22-Jähriger durch Schüsse verletzt - Fahndung nach Täter“.;Schüsse;News, Schüsse, Berlin, Berlin-Kreuzberg, Polizei, Graefekiez, Graefestraße, Fahndung;2026-08-08T11:11:46+02:00;2026-08-08T11:11:46+02:00;;dpa Berlin/Brandenburg;false
8ca7b50318ec987794a4bead3ea46b0fcf887e21793e80be387163394ebea988;Motorradfahrerin bei Unfall nahe Venningen schwer verletzt;https://www.zeit.de/news/2026-08/08/motorradfahrerin-bei-unfall-nahe-venningen-schwer-verletzt;Hier finden Sie Informationen zu dem Thema „Unfälle“. Lesen Sie jetzt „Motorradfahrerin bei Unfall nahe Venningen schwer verletzt“.;Unfälle;News, Unfälle, Edenkoben, Unfall, Verkehrsunfall, Weinstraße;2026-08-08T11:02:23+02:00;2026-08-08T11:02:23+02:00;;dpa Rheinland-Pfalz/Saarland;false
6aac3c196706fac4b58adc52060a8cbbe9e4c6bcf935bfeb6456b32e6c358477;UEFA bestätigt Zahlungen an Ex-Mitarbeiterin von Infantino;https://www.zeit.de/news/2026-08/08/uefa-bestaetigt-zahlungen-an-ex-mitarbeiterin-von-infantino;Hier finden Sie Informationen zu dem Thema „Fußball“. Lesen Sie jetzt „UEFA bestätigt Zahlungen an Ex-Mitarbeiterin von Infantino“.;Fußball;News, Fußball, Gianni Infantino, Uefa, UEFA, Fifa, Kontinentalverband, Fußball, Studium;2026-08-08T11:00:16+02:00;2026-08-08T11:00:16+02:00;;dpa Sport;false
480662c7d1fa9499b99cf49e588388d670095b3dd89d955dc4c6c1d03d79fde8;Bagger rücken an: Abriss an Bonner Nordbrücke hat begonnen;https://www.zeit.de/news/2026-08/08/bagger-ruecken-an-abriss-an-bonner-nordbruecke-hat-begonnen;Hier finden Sie Informationen zu dem Thema „Marode Brücke“. Lesen Sie jetzt „Bagger rücken an: Abriss an Bonner Nordbrücke hat begonnen“.;Marode Brücke;News, Marode Brücke, Bonn, die Autobahn GmbH des Bundes, Nordbrücke, Abriss, Vorlandbrücke, Abbrucharbeit, Hauptbrücke, Bauunternehmen;2026-08-08T10:57:58+02:00;2026-08-08T10:57:58+02:00;;dpa Nordrhein-Westfalen;false
e0a652914705576b540384f4e88c6ca7518573add0f4ac43a2f29a7c36cede4b;Taiwans Präsident Lai überwacht Großmanöver des Militärs;https://www.zeit.de/politik/ausland/2026-08/taiwan-manoever-china-lai-ching-te-praesident-gxe;Wegen drohender Angriffe aus China führt Taiwan militärische Manöver durch, um seine Abwehr zu testen. Präsident Lai überwachte den Einsatz von Angriffsdrohnen.;Manöver in Taiwan;Politik, Manöver in Taiwan, Taiwan, China, Präsidentschaft, Militär, Asien, Internet;2026-08-08T10:53:44+02:00;2026-08-08T10:53:44+02:00;akl;DIE ZEIT,        Reuters,        							akl;false
74d970e7b1a805a81a0c0549ba00069e28e361668d1606ff58173835f8c5532d;Bayer-Boss Carro: «Bundesliga braucht dringend Abwechslung»;https://www.zeit.de/news/2026-08/08/bayer-boss-carro-bundesliga-braucht-dringend-abwechslung;Hier finden Sie Informationen zu dem Thema „Fußball-Bundesliga“. Lesen Sie jetzt „Bayer-Boss Carro: «Bundesliga braucht dringend Abwechslung»“.;Fußball-Bundesliga;News, Fußball-Bundesliga, Fernando Carro, Xabi Alonso, Leverkusen, Bayer 04 Leverkusen, Bundesliga, Fußball-Bundesliga, Abwechslung, Meistertitel;2026-08-08T10:48:23+02:00;2026-08-08T10:48:23+02:00;;dpa Nordrhein-Westfalen;false
dd06b322276c066b64537e0ec7bc65f6109664fd90eba3dc9cb8be2eb2defea5;Hochsommerliches Wochenende - doch Regen ist in Sicht;https://www.zeit.de/news/2026-08/08/hochsommerliches-wochenende-doch-regen-ist-in-sicht;Hier finden Sie Informationen zu dem Thema „Wetter“. Lesen Sie jetzt „Hochsommerliches Wochenende - doch Regen ist in Sicht“.;Wetter;News, Wetter, Bergland, Baden-Württemberg, DWD, Wetter;2026-08-08T10:47:53+02:00;2026-08-08T10:47:53+02:00;;dpa Baden-Württemberg;false
169b5fa6e1fe936e20476877f2e57e1997a53198fa684c69db5c33670d907e17;Schuss bei Streit vor Bielefelder Hauptbahnhof gefallen;https://www.zeit.de/news/2026-08/08/schuss-bei-streit-vor-bielefelder-hauptbahnhof-gefallen;Hier finden Sie Informationen zu dem Thema „Kriminalität“. Lesen Sie jetzt „Schuss bei Streit vor Bielefelder Hauptbahnhof gefallen“.;Kriminalität;News, Kriminalität, Hauptbahnhof;2026-08-08T10:47:42+02:00;2026-08-08T10:47:42+02:00;;dpa Nordrhein-Westfalen;false
8359940b0d2ffb7385f5d6a6160c8e5612fb8bec994ef8265804041942a0ec0f;Abelardo de la Espriella als neuer Präsident Kolumbiens vereidigt;https://www.zeit.de/politik/ausland/2026-08/abelardo-de-la-espriella-praesident-kolumbien-drogengewalt-donald-trump-gustavo-petro-gxe;In Kolumbien hat der rechte Hardliner Abelardo de la Espriella offiziell das Amt des Präsidenten übernommen. Er will unter anderem hart gegen Drogengewalt vorgehen.;Kolumbien;Politik, Kolumbien, Kolumbien, Präsidentschaft, Rechtspopulismus, Gianni Infantino, Außenpolitik, USA;2026-08-08T10:46:05+02:00;2026-08-08T10:46:05+02:00;maw;DIE ZEIT,        AFP,        dpa,        Reuters,        							maw;false
2881803b15f8f130989f20da6765383f300c8973eb9c61ed4506d4c02e43dbb1;EU-Kommissarin gibt TikTok und Meta Mitschuld an Krise in Ceuta;https://www.zeit.de/digital/2026-08/henna-virkkunen-eu-digitalkommissarin-meta-tiktok-migrationskrise-ceuta-gxe;Auf TikTok und Facebook hätten sich Falschinformationen zur Situation in Ceuta verbreitet, sagt Henna Virkkunen. Die Unternehmen hätten stärker dagegen vorgehen müssen.;Techunternehmen;Digital, Techunternehmen, Ceuta, Europäische Union, EU-Kommission, TikTok, Meta, Migration;2026-08-08T10:44:19+02:00;2026-08-08T10:44:19+02:00;akm;DIE ZEIT,        dpa,        AFP,        							akm;false
54f510c27fb6ed25cecf5f89ed42a909f16728efe969a93820d18ae84c65a101;Bis 36 Grad - Gewitter und Sturmböen im Bergland möglich;https://www.zeit.de/news/2026-08/08/bis-36-grad-gewitter-und-sturmboeen-im-bergland-moeglich;Hier finden Sie Informationen zu dem Thema „Wetterprognose“. Lesen Sie jetzt „Bis 36 Grad - Gewitter und Sturmböen im Bergland möglich“.;Wetterprognose;News, Wetterprognose, Bergland, Saarland, Rheinland-Pfalz, Sturmböe, Gewitter, Wetterprognose;2026-08-08T10:42:40+02:00;2026-08-08T10:42:40+02:00;;dpa Rheinland-Pfalz/Saarland;false
5f47edf755f146362e19833ff2ed63fcefc6e522e52e5d02f1eada6fff9c0be4;Motorboot läuft mit Wasser voll - Besatzung gerettet;https://www.zeit.de/news/2026-08/08/motorboot-laeuft-mit-wasser-voll-besatzung-gerettet;Hier finden Sie Informationen zu dem Thema „Notfälle“. Lesen Sie jetzt „Motorboot läuft mit Wasser voll - Besatzung gerettet“.;Notfälle;News, Notfälle, Cuxhaven, DGzRS, Motorboot, Besatzung, Elbmündung, Notfall;2026-08-08T10:42:20+02:00;2026-08-08T10:42:20+02:00;;dpa Niedersachsen;false
37d26488a4fa81aeb594e381b739e0c96f6a4f4f7165657caf196e3bc2b965d6;E-Fahrzeug und Wohnhaus stehen in Flammen;https://www.zeit.de/news/2026-08/08/e-fahrzeug-und-wohnhaus-stehen-in-flammen;Hier finden Sie Informationen zu dem Thema „Feuerwehreinsatz“. Lesen Sie jetzt „E-Fahrzeug und Wohnhaus stehen in Flammen“.;Feuerwehreinsatz;News, Feuerwehreinsatz, Unterleinleiter, Landkreis Forchheim, Feuerwehreinsatz, Wohnhausbrand, Fahrzeug;2026-08-08T10:35:01+02:00;2026-08-08T10:35:01+02:00;;dpa Bayern;false
f18baf9871541b8ebd76ae9f51739f773df79fe1cc4c08654b8452f8791db068;Frau bekommt in Italien falschen Embryo eingesetzt;https://www.zeit.de/news/2026-08/08/frau-bekommt-in-italien-falschen-embryo-eingesetzt;Hier finden Sie Informationen zu dem Thema „Künstliche Befruchtung“. Lesen Sie jetzt „Frau bekommt in Italien falschen Embryo eingesetzt“.;Künstliche Befruchtung;News, Künstliche Befruchtung, Italien, Mailand, La Repubblica, Befruchtung;2026-08-08T10:29:48+02:00;2026-08-08T10:29:48+02:00;;dpa;false
0da689cc9dee1a6095c7ccdf6bb028057f98e7d59fc87a64797701c484f379f6;Bis zu 36 Grad in Hessen – Nächte bringen Abkühlung;https://www.zeit.de/news/2026-08/08/bis-zu-36-grad-in-hessen-naechte-bringen-abkuehlung;Hier finden Sie Informationen zu dem Thema „Wetterprognose“. Lesen Sie jetzt „Bis zu 36 Grad in Hessen – Nächte bringen Abkühlung“.;Wetterprognose;News, Wetterprognose, Hessen, DWD, Abkühlung, Wetterprognose;2026-08-08T10:26:23+02:00;2026-08-08T10:26:23+02:00;;dpa Hessen;false
9640cd9ce7c2a5ef294b0b80b394a5a92561f45c96b3fd046327d37bff6d58d6;Brand auf Autohausgelände in Torgau;https://www.zeit.de/news/2026-08/08/brand-auf-autohausgelaende-in-torgau;Hier finden Sie Informationen zu dem Thema „Dichter Rauch“. Lesen Sie jetzt „Brand auf Autohausgelände in Torgau“.;Dichter Rauch;News, Dichter Rauch, Torgau, Polizei, Autohausgelände, Autohaus;2026-08-08T10:25:22+02:00;2026-08-08T10:25:22+02:00;;dpa Sachsen;false
16cd5d0e2e96ca93f6f4fd1c26e3c7b071a4dafb0e52c2cf9a20d9063cd4f547;Die Erotik der Murmeltiere;https://www.zeit.de/2026/34/ucla-onlyfans-murmeltier-fotos-geld-budgets-kuerzungen;Weil Trump einer biologischen Fakultät die Mittel kürzt, müssen Nagetiere jetzt bei OnlyFans anschaffen gehen. Dabei würde unser Autor viel lieber mal mit ihnen reden.;"Z+ (abopflichtiger Inhalt);
        
    UCLA-Experiment";Entdecken, UCLA-Experiment, Tiere, Fotografie, Erotik, Biologie, US-Regierung, Forschung;2026-08-08T10:17:04+02:00;2026-08-08T10:17:04+02:00;David Hugendick;Aus der        ZEIT Nr. 34/2026;false
b77ef07b6f8e160c28ba63bbe087dff70b8fd0e972d26ac8ba7fd76b871de90f;Unfall mit Lkw auf A6: Zwei Frauen nur leicht verletzt;https://www.zeit.de/news/2026-08/08/unfall-mit-lkw-auf-a6-zwei-frauen-nur-leicht-verletzt;Hier finden Sie Informationen zu dem Thema „St. Ingbert“. Lesen Sie jetzt „Unfall mit Lkw auf A6: Zwei Frauen nur leicht verletzt“.;St. Ingbert;News, St. Ingbert, St. Ingbert, Unfall, Auto;2026-08-08T10:13:56+02:00;2026-08-08T10:13:56+02:00;;dpa Rheinland-Pfalz/Saarland;false
9fdae60d422db1036e9d5cad5b56d53a5cd2c8b24e7001d981402dff7920155f;Riesige Marienstatue in Polen soll Pilger anziehen;https://www.zeit.de/news/2026-08/08/riesige-marienstatue-in-polen-soll-pilger-anziehen;Hier finden Sie Informationen zu dem Thema „Größer als der Jesus in Rio“. Lesen Sie jetzt „Riesige Marienstatue in Polen soll Pilger anziehen“.;Größer als der Jesus in Rio;News, Größer als der Jesus in Rio, Mann, Polen, Rio, Warschau, Rio de Janeiro, Europa, Philippinen, Swiebodzin, Mariä Himmelfahrt, Marienstatue;2026-08-08T10:09:32+02:00;2026-08-08T10:09:32+02:00;;dpa;false
ac2360d27df3432d47af31cd25c81fa8914da1c28e85cf1822e705f76482275f;Unfall im Gegenverkehr - Autofahrerin in Lebensgefahr;https://www.zeit.de/news/2026-08/08/unfall-im-gegenverkehr-autofahrerin-in-lebensgefahr;Hier finden Sie Informationen zu dem Thema „Unfälle“. Lesen Sie jetzt „Unfall im Gegenverkehr - Autofahrerin in Lebensgefahr“.;Unfälle;News, Unfälle, Polizei, Unfall, Gegenverkehr, Lebensgefahr, Frontalzusammenstoß, Auto;2026-08-08T09:58:53+02:00;2026-08-08T09:58:53+02:00;;dpa Niedersachsen;false
95b12810afda0d3707ca39ee622d9ce78bcbcaf2adcdf8017b2dc44343fd0d4c;Mann außer Lebensgefahr – Fahndung nach Täter läuft;https://www.zeit.de/news/2026-08/08/mann-ausser-lebensgefahr-fahndung-nach-taeter-laeuft;Hier finden Sie Informationen zu dem Thema „Gewalt in Innenstadt“. Lesen Sie jetzt „Mann außer Lebensgefahr – Fahndung nach Täter läuft“.;Gewalt in Innenstadt;News, Gewalt in Innenstadt, Pforzheim, Lebensgefahr, Fahndung, Innenstadt;2026-08-08T09:56:05+02:00;2026-08-08T09:56:05+02:00;;dpa Baden-Württemberg;false
77f15e56d6568d643b941a73da84b07606a64a7547c5c4d7b0187909b719df3b;Missglücktes Überholmanöver - 18-Jährige schwer verletzt;https://www.zeit.de/news/2026-08/08/missgluecktes-ueberholmanoever-18-jaehrige-schwer-verletzt;Hier finden Sie Informationen zu dem Thema „Unfälle“. Lesen Sie jetzt „Missglücktes Überholmanöver - 18-Jährige schwer verletzt“.;Unfälle;News, Unfälle, Greifswald, Polizei, Überholmanöver, Unfall;2026-08-08T09:51:09+02:00;2026-08-08T09:51:09+02:00;;dpa Mecklenburg-Vorpommern;false
a3efb815ffcfb5d3a865ac1f0fcdd14bb09ebcf6003c5ff0052ba1cba66eb776;Mann wird in Hamburg vor seiner Haustür angeschossen;https://www.zeit.de/news/2026-08/08/mann-wird-in-hamburg-vor-seiner-haustuer-angeschossen;Hier finden Sie Informationen zu dem Thema „Kriminalität“. Lesen Sie jetzt „Mann wird in Hamburg vor seiner Haustür angeschossen“.;Kriminalität;News, Kriminalität, Hamburg, Polizei;2026-08-08T09:20:25+02:00;2026-08-08T09:20:25+02:00;;dpa Hamburg/Schleswig-Holstein;false
02e84d4d72be6dfe887ecf76a45706207bc52f24d461d6be8addf92c46c7d639;23-Jähriger stirbt beim nächtlichen Schwimmen in der Lahn;https://www.zeit.de/news/2026-08/08/23-jaehriger-stirbt-beim-naechtlichen-schwimmen-in-der-lahn;Hier finden Sie Informationen zu dem Thema „Tödlicher Badeunfall“. Lesen Sie jetzt „23-Jähriger stirbt beim nächtlichen Schwimmen in der Lahn“.;Tödlicher Badeunfall;News, Tödlicher Badeunfall, Marburg, Lahn, Polizei, Badeunfall, schwimmen;2026-08-08T09:11:41+02:00;2026-08-08T09:11:41+02:00;;dpa Hessen;false
92316d588294d89d79a4c9ea27d4d8f266850cd6d1f6da9018b5819e3ebbdd39;Ungebremst erfasst: Radfahrer lebensgefährlich verletzt;https://www.zeit.de/news/2026-08/08/ungebremst-erfasst-radfahrer-lebensgefaehrlich-verletzt;Hier finden Sie Informationen zu dem Thema „Unfälle“. Lesen Sie jetzt „Ungebremst erfasst: Radfahrer lebensgefährlich verletzt“.;Unfälle;News, Unfälle, Polizei, Unfall, Auto;2026-08-08T09:10:46+02:00;2026-08-08T09:10:46+02:00;;dpa Niedersachsen;false
8a151242b2323e6018e8c8f68757b7344101c6bca5e0b3ea63f34b7b25acfb82;66-Jähriger bei Frontalzusammenstoß schwer verletzt;https://www.zeit.de/news/2026-08/08/66-jaehriger-bei-frontalzusammenstoss-schwer-verletzt;Hier finden Sie Informationen zu dem Thema „Rettungshubschraubereinsatz“. Lesen Sie jetzt „66-Jähriger bei Frontalzusammenstoß schwer verletzt“.;Rettungshubschraubereinsatz;News, Rettungshubschraubereinsatz, Kolbermoor, Landkreis Rosenheim, Frontalzusammenstoß, Rettungshubschraubereinsatz, Unfall, Gegenfahrbahn, Auto;2026-08-08T09:04:59+02:00;2026-08-08T09:04:59+02:00;;dpa Bayern;false
ad01cc21f9328d7afcae23665ec9d795364303910df4117e788ae781ff680cff;Kann man Sinn verlernen?;https://www.zeit.de/2026/34/lebenssinn-alltag-psychologie-bedeutung;Stress, Routinen und Lebensumbrüche verdecken manchmal, was uns wichtig ist. Strategien aus der Psychologie können helfen, es wieder freizulegen.;"Z+ (abopflichtiger Inhalt);
        
    Lebenssinn";Sinn, Lebenssinn, Lebensumbruch, Stress, Routine;2026-08-08T08:49:18+02:00;2026-08-08T08:49:18+02:00;Tatjana Schnell;Erschienen in Christ & Welt;false
1b18858f597065838ddec5ad0ef158c3169dd478e5a1f3bfae14d2e05ed23169;Zwei brennende Autos in Berlin-Reinickendorf;https://www.zeit.de/news/2026-08/08/zwei-brennende-autos-in-berlin-reinickendorf;Hier finden Sie Informationen zu dem Thema „Dichte Rauchwolke“. Lesen Sie jetzt „Zwei brennende Autos in Berlin-Reinickendorf“.;Dichte Rauchwolke;News, Dichte Rauchwolke, Berlin-Reinickendorf, Feuerwehr, Rauchwolke, Feuerwehreinsatz, Auto;2026-08-08T08:45:13+02:00;2026-08-08T08:45:13+02:00;;dpa Berlin/Brandenburg;false
306eb5b17ea52ae1433a08c8b98e117f067491099d8c6f56bf5af3a4b783e38f;Wohnungsbrand in Böblingen - Frau verletzt;https://www.zeit.de/news/2026-08/08/wohnungsbrand-in-boeblingen-frau-schwer-verletzt;Hier finden Sie Informationen zu dem Thema „Brandeinsatz“. Lesen Sie jetzt „Wohnungsbrand in Böblingen - Frau verletzt“.;Brandeinsatz;News, Brandeinsatz, Böblingen, Wohnungsbrand, Brandeinsatz;2026-08-08T08:39:26+02:00;2026-08-08T08:39:26+02:00;;dpa Baden-Württemberg;false
0bcf7547b9869837249011351f05037993f3e5b9020bd07eaf83460858c73c09;Gartenhütte in Vollbrand - Feuer breitet sich auf Häuser aus;https://www.zeit.de/news/2026-08/08/gartenhuette-in-vollbrand-feuer-breitet-sich-auf-haeuser-aus;Hier finden Sie Informationen zu dem Thema „Brand in Singen“. Lesen Sie jetzt „Gartenhütte in Vollbrand - Feuer breitet sich auf Häuser aus“.;Brand in Singen;News, Brand in Singen, Gartenhütte, Vollbrand;2026-08-08T08:34:38+02:00;2026-08-08T08:34:38+02:00;;dpa Baden-Württemberg;false
6c0bd5e01ae80fabad0d0f334e315c3b0b0607a50b7f0c1609c73c036fe9cb01;So karottig, fast schon gesund!;https://www.zeit.de/zeit-magazin/wochenmarkt/2025-11/brasilianischer-karottenkuchen-rezept-wochenmarkt;Brasilien hat seinen ganz eigenen Karottenkuchen, ein knallorangenes, flummiartiges Gebäck mit Schoko-Topping. Macht einen Heidenspaß und köstlich ist er natürlich auch.;"Z+ (abopflichtiger Inhalt);
        
    Brasilianischer Karottenkuchen";vegetarische Rezepte, backen, Backen mit Kindern, Kuchen, Desserts;2026-08-08T08:20:07+02:00;2026-08-08T08:20:07+02:00;Benjamina Ebuehi;;false
721f9e3c72a615f9775522b3920fb9b6d7c3fff6c6ede0ff40b37df4509876af;Wann es in Berlin und Brandenburg regnen könnte;https://www.zeit.de/news/2026-08/08/wann-es-in-berlin-und-brandenburg-regnen-koennte;Hier finden Sie Informationen zu dem Thema „Sommerwetter“. Lesen Sie jetzt „Wann es in Berlin und Brandenburg regnen könnte“.;Sommerwetter;News, Sommerwetter, Berlin, Brandenburg, DWD, Wetter;2026-08-08T08:17:48+02:00;2026-08-08T08:17:48+02:00;;dpa Berlin/Brandenburg;false
1275ab223662b7ec1ac7cbd9268566ed09a9d6199441f0585f17129e4ebbb746;Viele Renten trotz 45 Versicherungsjahren unter Armutsrisikoschwelle;https://www.zeit.de/politik/deutschland/2026-08/niedrige-rente-armutsgefaehrdungsgrenze-45-beitragsjahre-gxe;Nach 45 Versicherungsjahren liegt die Rente von 53 Prozent der Frauen unter der Armutsgefährdungsgrenze. Bei den Männern gibt es große Unterschiede zwischen Ost und West.;Rente;Politik, Rente, Rente, Armut, Alter, Die Linke, Statistisches Bundesamt, Statistik, Baden-Württemberg, Deutscher Bundestag;2026-08-08T08:15:42+02:00;2026-08-08T08:15:42+02:00;akl;DIE ZEIT,        dpa,        							akl;false
d3114d4258240d5591ef47e8863923fb313aca55d42ec00c6b60cefb4778e7e4;GEW warnt vor Frust und Abwanderung bei Lehrern in Sachsen;https://www.zeit.de/news/2026-08/08/gew-warnt-vor-frust-und-abwanderung-bei-lehrern-in-sachsen;Hier finden Sie Informationen zu dem Thema „Schulen“. Lesen Sie jetzt „GEW warnt vor Frust und Abwanderung bei Lehrern in Sachsen“.;Schulen;News, Schulen, Burkhard Naumann, Sachsen, GEW, Gewerkschaft Erziehung und Wissenschaft, Deutsche Presse-Agentur, Kultusministerium, Frust, Abwanderung, Lehrernachwuchs, Schuljahr;2026-08-08T08:00:05+02:00;2026-08-08T08:00:05+02:00;;dpa Sachsen;false
a844bf142b11420f5b7047918de38da06c98bbedc680fc53a8417c8b07bc97c0;Ein Mann verletzt nach Brand in einem Wohnhaus in Stuttgart;https://www.zeit.de/news/2026-08/08/ein-mann-verletzt-nach-brand-in-einem-wohnhaus-in-stuttgart;Hier finden Sie Informationen zu dem Thema „Feuerwehreinsatz“. Lesen Sie jetzt „Ein Mann verletzt nach Brand in einem Wohnhaus in Stuttgart“.;Feuerwehreinsatz;News, Feuerwehreinsatz, Stuttgart, Feuerwehreinsatz;2026-08-08T07:58:40+02:00;2026-08-08T07:58:40+02:00;;dpa Baden-Württemberg;false
6a7911e601cf1ec34925e72d13fdd30f6deb0e5ec4882553e274797f0e564af8;Der Sommer bleibt den Bayern erhalten;https://www.zeit.de/news/2026-08/08/der-sommer-bleibt-den-bayern-erhalten;Hier finden Sie Informationen zu dem Thema „Wetter“. Lesen Sie jetzt „Der Sommer bleibt den Bayern erhalten“.;Wetter;News, Wetter, Südbayern, Hochsommer, Sommer, Wetter;2026-08-08T07:40:28+02:00;2026-08-08T07:40:28+02:00;;dpa Bayern;false
94565907ac88e081b38f1d33dca7493bd1ade7279232fe36047474cb4aec0926;Daimler Truck setzt nach Gewinneinbruch auf zweites Halbjahr;https://www.zeit.de/news/2026-08/07/daimler-truck-setzt-nach-gewinneinbruch-auf-zweites-halbjahr;Hier finden Sie Informationen zu dem Thema „Nutzfahrzeughersteller“. Lesen Sie jetzt „Daimler Truck setzt nach Gewinneinbruch auf zweites Halbjahr“.;Nutzfahrzeughersteller;News, Nutzfahrzeughersteller, Eva Scherer, Leinfelden-Echterdingen, Stuttgart, USA, North America, Nordamerika, Daimler, Daimler Truck, Gewinneinbruch, Dax;2026-08-08T07:39:01+02:00;2026-08-08T07:39:01+02:00;;dpa;false
3bf9406197883a3c0d2a7b68d6aead1222a4df138516bbf41ef37a795b3efd63;Traktor brennt in Markneukirchen - 50.000 Euro Schaden;https://www.zeit.de/news/2026-08/08/traktor-brennt-in-markneukirchen-50-000-euro-schaden;Hier finden Sie Informationen zu dem Thema „Brände“. Lesen Sie jetzt „Traktor brennt in Markneukirchen - 50.000 Euro Schaden“.;Brände;News, Brände, Markneukirchen, Polizei, Traktor, Vogtlandkreis, Brand;2026-08-08T07:25:26+02:00;2026-08-08T07:25:26+02:00;;dpa Sachsen;false
5ec7b7705df74e0eaf10b3f91a9d20ae51ed1255e44024004c3629a8dcad1b5d;«Schicksal»: Der Fall von Owen Ansah und seine Tücken;https://www.zeit.de/news/2026-08/08/schicksal-der-fall-von-owen-ansah-und-seine-tuecken;Hier finden Sie Informationen zu dem Thema „Verweigerter Dopingtest“. Lesen Sie jetzt „«Schicksal»: Der Fall von Owen Ansah und seine Tücken“.;Verweigerter Dopingtest;News, Verweigerter Dopingtest, Fritz Sörgel, Birmingham, Nationale Anti-Doping-Agentur, Internationaler Sportgerichtshof, Dopingtest, Ansah, Edelmetall;2026-08-08T07:00:25+02:00;2026-08-08T07:00:25+02:00;;dpa Hamburg/Schleswig-Holstein;false
df41b6dad94254a40418ba7b2036fc01f8284577f9cf00f3448082cb86b55231;A13 in Richtung Berlin nach Unfall gesperrt;https://www.zeit.de/news/2026-08/08/a13-in-richtung-berlin-nach-unfall-gesperrt;Hier finden Sie Informationen zu dem Thema „Vollsperrung“. Lesen Sie jetzt „A13 in Richtung Berlin nach Unfall gesperrt“.;Vollsperrung;News, Vollsperrung, Berlin, Unfall, Vollsperrung;2026-08-08T06:51:09+02:00;2026-08-08T06:51:09+02:00;;dpa Berlin/Brandenburg;false
bfe139422ef6632b1e7f0c90deb40c5f9061c0769b15cfadcb9d1751a5c6c0b7;«Irgendwann»: Wehrle traut Hoeneß auch Bundestrainer-Job zu;https://www.zeit.de/news/2026-08/08/irgendwann-wehrle-traut-hoeness-auch-bundestrainer-job-zu;Hier finden Sie Informationen zu dem Thema „VfB Stuttgart“. Lesen Sie jetzt „«Irgendwann»: Wehrle traut Hoeneß auch Bundestrainer-Job zu“.;VfB Stuttgart;News, VfB Stuttgart, Sebastian Hoeneß, Alexander Wehrle, Stuttgart, VfB Stuttgart, Deutscher Fußball-Bund, Jobaussicht;2026-08-08T06:45:04+02:00;2026-08-08T06:45:04+02:00;;dpa Baden-Württemberg;false
7951b5c4acea815586b35c02f3b85b3e7bf0152cec7740d083ebbc8257796db7;Was geschah im Mercedes-Coupé?;https://www.zeit.de/2026/34/tainted-love-vincent-tal-krimi-achtzigerjahre-hessen;Sommer 1986, Zigaretten, olle Autos und saurer Regen. Vincent Tals neuer Krimi »Tainted Love« wäre die perfekte Vorlage für eine deutsche Country-noir-Serie.;"Z+ (abopflichtiger Inhalt);
        
    »Tainted Love« von Vincent Tal";Feuilleton, »Tainted Love« von Vincent Tal, Literatur, Kriminalroman, Vincent Tal;2026-08-08T06:12:45+02:00;2026-08-08T06:12:45+02:00;Simone Buchholz;Aus der        ZEIT Nr. 34/2026;false
672ffc83480a0b85728ebcaee346ec253548478b662649a5df5cf65253772879;Eintracht-Coach Hütter sieht Handlungsbedarf in Abwehr;https://www.zeit.de/news/2026-08/08/eintracht-coach-huetter-sieht-handlungsbedarf-in-abwehr;Hier finden Sie Informationen zu dem Thema „Fußball-Bundesliga“. Lesen Sie jetzt „Eintracht-Coach Hütter sieht Handlungsbedarf in Abwehr“.;Fußball-Bundesliga;News, Fußball-Bundesliga, Adi Hütter, Eintracht Frankfurt, Fußball-Bundesliga, Pflichtspiel, Abwehr;2026-08-08T06:05:04+02:00;2026-08-08T06:05:04+02:00;;dpa Hessen;false
43dff58d3a2a5c171ff57c93e1cd4e63156faaa24d74799bd74ea2262bc7cfab;Müssen KI-Systeme an die kurze Leine genommen werden?;https://www.zeit.de/news/2026-08/08/muessen-ki-systeme-an-die-kurze-leine-genommen-werden;Hier finden Sie Informationen zu dem Thema „Künstliche Intelligenz“. Lesen Sie jetzt „Müssen KI-Systeme an die kurze Leine genommen werden?“.;Künstliche Intelligenz;News, Künstliche Intelligenz, Markus Beckedahl, Algorithmwatch, Europa, AI, Meta, OpenAI, Europäische Union, Sicherheitsbarriere, Algorithmus, Sprachmodell;2026-08-08T06:00:08+02:00;2026-08-08T06:00:08+02:00;;dpa;false
4710160d764b37119ff72d3316090afb1cdf8cb4601236f36ca0ab814fad4f2e;Hobbygärtner will fünf Tonnen Zucchini spenden;https://www.zeit.de/news/2026-08/08/hobbygaertner-will-fuenf-tonnen-zucchini-spenden;Hier finden Sie Informationen zu dem Thema „Soziale Aktion“. Lesen Sie jetzt „Hobbygärtner will fünf Tonnen Zucchini spenden“.;Soziale Aktion;News, Soziale Aktion, Marc Berger, Bergisches Land, Zucchini, Gartenprojekt;2026-08-08T06:00:07+02:00;2026-08-08T06:00:07+02:00;;dpa Nordrhein-Westfalen;false
b179d5a8e27504b57dfd1142a6a571b72e927785cdb6fd9b5fb88b5abfc5ca19;Kaum noch wilde Nandus im Norden – Jagd eingeschränkt;https://www.zeit.de/news/2026-08/08/kaum-noch-wilde-nandus-im-norden-jagd-eingeschraenkt;Hier finden Sie Informationen zu dem Thema „Exotische Tiere“. Lesen Sie jetzt „Kaum noch wilde Nandus im Norden – Jagd eingeschränkt“.;Exotische Tiere;News, Exotische Tiere, Till Backhaus, Ratzeburger See, Schleswig-Holstein, Mecklenburg-Vorpommern, NDR, Nandu, Tiere, Grenze;2026-08-08T06:00:06+02:00;2026-08-08T06:00:06+02:00;;dpa Mecklenburg-Vorpommern;false
9474b825581f1a98b23e94b0318ae8cbc925d927b1b05048c51be353d41d7bf5;Warum Soda Zitrone vielleicht der Drink dieses Sommers ist;https://www.zeit.de/news/2026-08/08/warum-soda-zitrone-vielleicht-der-drink-dieses-sommers-ist;Hier finden Sie Informationen zu dem Thema „Besungenes Trendgetränk“. Lesen Sie jetzt „Warum Soda Zitrone vielleicht der Drink dieses Sommers ist“.;Besungenes Trendgetränk;News, Besungenes Trendgetränk, Zitrone, Trendgetränk, Popsong, Sommer, Drogen;2026-08-08T06:00:05+02:00;2026-08-08T06:00:05+02:00;;dpa;false
29430725cdf8c164ee1184d533e4126659c348189acb4d34ffcd90f09159ed43;Eingeklemmte Frau nach Unfall aus Auto geborgen;https://www.zeit.de/news/2026-08/08/eingeklemmte-frau-nach-unfall-aus-auto-geborgen;Hier finden Sie Informationen zu dem Thema „Verkehr“. Lesen Sie jetzt „Eingeklemmte Frau nach Unfall aus Auto geborgen“.;Verkehr;News, Verkehr, Magdeburg, Unfall, Verkehrsunfall, Verkehr, Auto;2026-08-08T05:54:24+02:00;2026-08-08T05:54:24+02:00;;dpa Sachsen;false
b774c593065bb99b0d28d2fcd7bde88f49b2d2fdecf4a2e00bba9a3f3fd79a41;Unions Zingler moniert Scheinheiligkeit bei Investoren-Thema;https://www.zeit.de/news/2026-08/08/unions-zingler-moniert-scheinheiligkeit-bei-investoren-thema;Hier finden Sie Informationen zu dem Thema „Fußball-Bundesliga“. Lesen Sie jetzt „Unions Zingler moniert Scheinheiligkeit bei Investoren-Thema“.;Fußball-Bundesliga;News, Fußball-Bundesliga, Dirk Zingler, Gianni Infantino, Irdning, CDU/CSU, Fifa, RB Leipzig, Fußball-Bundesliga, Scheinheiligkeit, Investorenmodell, Medienrunde;2026-08-08T05:54:05+02:00;2026-08-08T05:54:05+02:00;;dpa Berlin/Brandenburg;false
374eb26d0001b349685159defdd40d30b909e4df23d4bf6cb9e9979ff2c91c49;US-Senat billigt Gesetz zu neuen Russland-Sanktionen;https://www.zeit.de/news/2026-08/08/ukraine-drei-tote-bei-luftangriffen-auf-vorort-von-kiew;Hier finden Sie Informationen zu dem Thema „«Putin den Geldhahn abdrehen»“. Lesen Sie jetzt „US-Senat billigt Gesetz zu neuen Russland-Sanktionen“.;«Putin den Geldhahn abdrehen»;News, «Putin den Geldhahn abdrehen», Browary, Kiew, Kyjiw, Luftangriff, Angriffskrieg, Vorort, Behördenangabe, Krieg in der Ukraine;2026-08-08T05:51:38+02:00;2026-08-08T05:51:38+02:00;;dpa;false
709628f8b552d494a103bf188f75a6e12aea1f7af5400bde5dc949c1b44b894a;Frei will sexuelle Identität nicht per Grundgesetz schützen;https://www.zeit.de/politik/deutschland/2026-08/diskriminierungsverbot-grundgesetz-sexuelle-identitaet-artikel-3-thorsten-frei-cdu;Nach dem Anschlag am Rande des CSD sieht der Unionsfraktionschef keinen Anlass, das Diskriminierungsverbot zu ergänzen. Es würde die Verfassung »überfrachten«.;Diskriminierungsverbot im Grundgesetz;Politik, Diskriminierungsverbot im Grundgesetz, Thorsten Frei, CDU, Grundgesetz, Diskriminierung, Queerness, Sexualität;2026-08-08T05:33:15+02:00;2026-08-08T05:33:15+02:00;peng;DIE ZEIT,        dpa,        KNA,        							peng;false
7ce344f33b5b6469052a7ee218b3aa56d6845c7c1de063126b75b221ccbfe070;Funkel schwärmt von Klose: «Wahnsinnig gute Arbeit»;https://www.zeit.de/news/2026-08/08/funkel-schwaermt-von-klose-wahnsinnig-gute-arbeit;Hier finden Sie Informationen zu dem Thema „2. Fußball-Bundesliga“. Lesen Sie jetzt „Funkel schwärmt von Klose: «Wahnsinnig gute Arbeit»“.;2. Fußball-Bundesliga;News, 2. Fußball-Bundesliga, Miroslav Klose, Friedhelm Funkel, 1. FC Köln, Fußball-Bundesliga, Bundesliga;2026-08-08T05:33:04+02:00;2026-08-08T05:33:04+02:00;;dpa Bayern;false
9d177ef608f19d374af82ca0ce715785e3bc5dcf1b527641b4f5fd5cf12d37b1;Deutlich mehr Mitglieder im Dombauverein seit Eintrittspreis;https://www.zeit.de/news/2026-08/08/deutlich-mehr-mitglieder-im-dombauverein-seit-eintrittspreis;Hier finden Sie Informationen zu dem Thema „Kölner Dom kostet Eintritt“. Lesen Sie jetzt „Deutlich mehr Mitglieder im Dombauverein seit Eintrittspreis“.;Kölner Dom kostet Eintritt;News, Kölner Dom kostet Eintritt, Kölner Dom, Dombauverein, Eintrittspreis, Eintritt;2026-08-08T05:30:05+02:00;2026-08-08T05:30:05+02:00;;dpa Nordrhein-Westfalen;false
d40e1572190a26fca68fba04b5e57ec8eb5dd19c1d42dddf99327e332bc3b34f;Erster Treffer als Vater: Grönning trifft für seine Familie;https://www.zeit.de/news/2026-08/08/erster-treffer-als-vater-groenning-trifft-fuer-seine-familie;Hier finden Sie Informationen zu dem Thema „2. Fußball-Bundesliga“. Lesen Sie jetzt „Erster Treffer als Vater: Grönning trifft für seine Familie“.;2. Fußball-Bundesliga;News, 2. Fußball-Bundesliga, Hertha BSC Berlin, VfL Bochum, Fußball-Bundesliga, Handyfoto, Saisonauftakt, Familie;2026-08-08T05:25:04+02:00;2026-08-08T05:25:04+02:00;;dpa Berlin/Brandenburg;false
39bc3397946a25fcf3bb1bd5e3f8105697efa62bfe805f1641eeb0028b5f6395;65 Jahre nach dem Mauerbau - Berlins Mann fürs Erinnern;https://www.zeit.de/news/2026-08/08/65-jahre-nach-dem-mauerbau-berlins-mann-fuers-erinnern;Hier finden Sie Informationen zu dem Thema „Gesellschaft“. Lesen Sie jetzt „65 Jahre nach dem Mauerbau - Berlins Mann fürs Erinnern“.;Gesellschaft;News, Gesellschaft, Frank Ebert, Berlin, DDR, Ostberlin, Staatssicherheit, Mauerfall, Mauerbau, SED-Diktatur;2026-08-08T05:01:04+02:00;2026-08-08T05:01:04+02:00;;dpa Berlin/Brandenburg;false
605781ab9b581e0767409848a6896a223e6857a95d4cb84fe0cdf3c885096b50;Anonyme Spender: Gutes tun und unerkannt bleiben;https://www.zeit.de/news/2026-08/08/anonyme-spender-gutes-tun-und-unerkannt-bleiben;Hier finden Sie Informationen zu dem Thema „Finanzhilfen“. Lesen Sie jetzt „Anonyme Spender: Gutes tun und unerkannt bleiben“.;Finanzhilfen;News, Finanzhilfen, Anja Kilian, Erfurt, Jena, Gotha;2026-08-08T05:00:14+02:00;2026-08-08T05:00:14+02:00;;dpa Thüringen;false
3608d48420a9bb8d2d732525e61cb567f79c4a2815cb6d587f91d3375ed1eb3e;Freier Fall in die Tiefe: Apnoetaucher will Rekord brechen;https://www.zeit.de/news/2026-08/08/freier-fall-in-die-tiefe-apnoetaucher-will-rekord-brechen;Hier finden Sie Informationen zu dem Thema „Extremsport“. Lesen Sie jetzt „Freier Fall in die Tiefe: Apnoetaucher will Rekord brechen“.;Extremsport;News, Extremsport, Starnberg, Starnberger See, Extremsport, Wasserdruck, Rekord, Grenze;2026-08-08T05:00:11+02:00;2026-08-08T05:00:11+02:00;;dpa Bayern;false
22a23a3c535d6b388ebfa2b50f878400aba1e011c0dbe267e0de0a8a40587376;Rheinmetall-Chef: «Dienst an der Gesellschaft schadet nicht»;https://www.zeit.de/news/2026-08/08/rheinmetall-chef-dienst-an-der-gesellschaft-schadet-nicht;Hier finden Sie Informationen zu dem Thema „Tausende Bewerbungen“. Lesen Sie jetzt „Rheinmetall-Chef: «Dienst an der Gesellschaft schadet nicht»“.;Tausende Bewerbungen;News, Tausende Bewerbungen, Armin Papperger, Mann, Rheinmetall, Deutsche Presse-Agentur, Bundeswehr, Verteidigungsfähigkeit, Rüstungskonzern, Verantwortungsbereitschaft, Wehrpflicht;2026-08-08T05:00:10+02:00;2026-08-08T05:00:10+02:00;;dpa Niedersachsen;false
9983c204bd3ec4321b64798d3a7e510610479c0033172f42134b1850f6355d64;Blutvorräte sinken – DRK ruft Sachsen zum Spenden auf;https://www.zeit.de/news/2026-08/08/blutvorraete-sinken-drk-ruft-sachsen-zum-spenden-auf;Hier finden Sie Informationen zu dem Thema „Spenden stabil, aber niedrig“. Lesen Sie jetzt „Blutvorräte sinken – DRK ruft Sachsen zum Spenden auf“.;Spenden stabil, aber niedrig;News, Spenden stabil, aber niedrig, Kerstin Schweiger, Sachsen, DRK, Blutvorrat, Spende, Blutkonserve, Blutspende, Hitze;2026-08-08T05:00:07+02:00;2026-08-08T05:00:07+02:00;;dpa Sachsen;false
1806597c30c55e8f628696d3ca472a3288d24ce5c817b445e7832498ed439794;Naturphänomen im Norden - Wichtiges zur Sonnenfinsternis;https://www.zeit.de/news/2026-08/08/naturphaenomen-im-norden-wichtiges-zur-sonnenfinsternis;Hier finden Sie Informationen zu dem Thema „12. August“. Lesen Sie jetzt „Naturphänomen im Norden - Wichtiges zur Sonnenfinsternis“.;12. August;News, 12. August, Salzgitter, Hamburg, Hannover, Mecklenburg-Vorpommern, Bremen, Bundesamt für Strahlenschutz, Sonnenfinsternis, Abendstunde;2026-08-08T05:00:06+02:00;2026-08-08T05:00:06+02:00;;dpa Hamburg/Schleswig-Holstein;false
ecf0cda047f23f978c82bba718901151711d5750655e4b4d01179eff64c0d10b;Russland-Experte sieht viele Fragen bei Sprengstoff-Drohne;https://www.zeit.de/news/2026-08/08/russland-experte-sieht-viele-fragen-bei-sprengstoff-drohne;Hier finden Sie Informationen zu dem Thema „Hybrider Angriff“. Lesen Sie jetzt „Russland-Experte sieht viele Fragen bei Sprengstoff-Drohne“.;Hybrider Angriff;News, Hybrider Angriff, Matthias Uhl, Leipzig, Russland, Moskau, Deutsche Presse-Agentur, Bundesanwaltschaft, Sprengstoff, Krieg in der Ukraine;2026-08-08T05:00:06+02:00;2026-08-08T05:00:06+02:00;;dpa Sachsen;false
a512876b3cd697eb07829d1ec19bc40f9ec562b91f2d32db349f690248df7adb;Wasserrohrbruch in Harburg repariert - Straße vor Freigabe;https://www.zeit.de/news/2026-08/08/wasserrohrbruch-in-harburg-repariert-strasse-vor-freigabe;Hier finden Sie Informationen zu dem Thema „Infrastruktur“. Lesen Sie jetzt „Wasserrohrbruch in Harburg repariert - Straße vor Freigabe“.;Infrastruktur;News, Infrastruktur, Harburg, Hamburg-Harburg, Buxtehudeer Straße, Hamburg, Buxtehude, Wasserrohrbruch, Freigabe, Infrastruktur;2026-08-08T05:00:05+02:00;2026-08-08T05:00:05+02:00;;dpa Hamburg/Schleswig-Holstein;false
af06881cc763b865b9c0c2a4048ed5ef0c904b6891f7da2925d1be366812fb02;Teure Reithalle steht nach Klette-Prozess weiter leer;https://www.zeit.de/news/2026-08/08/teure-reithalle-steht-nach-klette-prozess-weiter-leer;Hier finden Sie Informationen zu dem Thema „Saal für Ex-RAF-Terroristin“. Lesen Sie jetzt „Teure Reithalle steht nach Klette-Prozess weiter leer“.;Saal für Ex-RAF-Terroristin;News, Saal für Ex-RAF-Terroristin, Daniela Klette, RAF, Justizministerium, Reithalle, Nachnutzung;2026-08-08T04:45:06+02:00;2026-08-08T04:45:06+02:00;;dpa Niedersachsen;false
d204f5ef31a5b0a15a2529d772a4a15f4efba499b284c197cd7b95e03f709e84;Geiselnahme in Berlin - Ermittlungen vor Abschluss;https://www.zeit.de/news/2026-08/08/geiselnahme-in-berlin-ermittlungen-vor-abschluss;Hier finden Sie Informationen zu dem Thema „Gewalttat“. Lesen Sie jetzt „Geiselnahme in Berlin - Ermittlungen vor Abschluss“.;Gewalttat;News, Gewalttat, Michael Petzold, Berlin, Staatsanwaltschaft, Deutsche Presse-Agentur, Gewalttat, Ermittlung, Supermarkt, Geiselnahme;2026-08-08T04:45:04+02:00;2026-08-08T04:45:04+02:00;;dpa Berlin/Brandenburg;false
3032c2680349688a6f2e5126047572ce3f631fe79a772a22acf2cdb2c53e9afd;Sonnenfinsternis und Sternschnuppen: Naturspektakel über NRW;https://www.zeit.de/news/2026-08/08/sonnenfinsternis-und-sternschnuppen-naturspektakel-ueber-nrw;Hier finden Sie Informationen zu dem Thema „Tipps und Informationen“. Lesen Sie jetzt „Sonnenfinsternis und Sternschnuppen: Naturspektakel über NRW“.;Tipps und Informationen;News, Tipps und Informationen, Nicole Sehring, NRW, Nordrhein-Westfalen, Bochum, Duisburg, Sternwarte Bochum, DWD, Sonnenfinsternis, Naturspektakel, Sternschnuppe;2026-08-08T04:30:07+02:00;2026-08-08T04:30:07+02:00;;dpa Nordrhein-Westfalen;false
9986e58a91336b93223c5b0bf6df05a694867a4342ed5ff1e037491a5af392f9;Bayern blickt schon auf Supercup - «Messer zwischen Zähnen»;https://www.zeit.de/news/2026-08/08/bayern-blickt-schon-auf-supercup-messer-zwischen-zaehnen;Hier finden Sie Informationen zu dem Thema „Fußball-Bundesliga“. Lesen Sie jetzt „Bayern blickt schon auf Supercup - «Messer zwischen Zähnen»“.;Fußball-Bundesliga;News, Fußball-Bundesliga, Max Eberl, Luis Díaz, Vincent Kompany, Joshua Kimmich, Manuel Neuer, Dortmund, Borussia Dortmund, Aston Villa, FC Bayern München, Supercup;2026-08-08T04:30:06+02:00;2026-08-08T04:30:06+02:00;;dpa Bayern;false
e3e5a2b37e1351ee0d90a7ee8cef6753d6de6d3891b6ad06001afa295baca9ba;GPS und KI: Wie viel Hightech braucht meine Mieze?;https://www.zeit.de/news/2026-08/08/gps-und-ki-wie-viel-hightech-braucht-meine-mieze;Hier finden Sie Informationen zu dem Thema „Weltkatzentag“. Lesen Sie jetzt „GPS und KI: Wie viel Hightech braucht meine Mieze?“.;Weltkatzentag;News, Weltkatzentag, Nadia Wattad, Sabine Kästner, Skandinavien, Hightech, Weltkatzentag, Sprachbefehl, Futterautomat, Katze, Computer, Tiere;2026-08-08T04:30:04+02:00;2026-08-08T04:30:04+02:00;;dpa;false
1edfdf175d7ff2ffe8d3669a74ff007b9d874acf6c61c1ea1fd80447707e04cf;Neue Kinderschutz-Hotline zieht positive Zwischenbilanz;https://www.zeit.de/news/2026-08/08/neue-kinderschutz-hotline-zieht-positive-zwischenbilanz;Hier finden Sie Informationen zu dem Thema „Gewalt gegen Minderjährige“. Lesen Sie jetzt „Neue Kinderschutz-Hotline zieht positive Zwischenbilanz“.;Gewalt gegen Minderjährige;News, Gewalt gegen Minderjährige, Norbert Kollmer, ZBFS, Zwischenbilanz;2026-08-08T04:12:04+02:00;2026-08-08T04:12:04+02:00;;dpa Bayern;false
88c0d8812473e24d614e7a3f070b6454367e4415e03b1a84d737a2b4899aee26;CDU-Spitze würde AfD-Zusammenarbeit im Osten nicht dulden;https://www.zeit.de/politik/deutschland/2026-08/cdu-spitze-koalition-afd-sachsen-anhalt-landtagswahl;Thorsten Frei schließt eine Koalition mit der AfD für die CDU Sachsen-Anhalt aus. Ein Grundsatzbeschluss könne nicht je nach Bundesland anders behandelt werden.;Sachsen-Anhalt;Politik, Sachsen-Anhalt, Sachsen-Anhalt, CDU, Alternative für Deutschland, Thorsten Frei, Landtagswahl in Sachsen, Landtagswahl;2026-08-08T04:00:43+02:00;2026-08-08T04:00:43+02:00;peng;DIE ZEIT,        AFP,        dpa,        							peng;false
d574f7e8136aba8d36599270ff9cfdbc4d8186ea3c2f86796ed6c0f00f9c88ca;DAK: Etwas weniger Krankmeldungen im ersten Halbjahr;https://www.zeit.de/news/2026-08/08/dak-etwas-weniger-krankmeldungen-im-ersten-halbjahr;Hier finden Sie Informationen zu dem Thema „Weniger Krankmeldungen“. Lesen Sie jetzt „DAK: Etwas weniger Krankmeldungen im ersten Halbjahr“.;Weniger Krankmeldungen;News, Weniger Krankmeldungen, Rheinland-Pfalz, DAK, Krankmeldung;2026-08-08T04:00:33+02:00;2026-08-08T04:00:33+02:00;;dpa Rheinland-Pfalz/Saarland;false
6f9ee6f5dbd78d376f70f8aa4ddfa9bec98626ea37fd459cf8cb3f0c4e955132;Fernwärmepreise stabil – doch Versorger warnen;https://www.zeit.de/news/2026-08/08/fernwaermepreise-stabil-doch-versorger-warnen;Hier finden Sie Informationen zu dem Thema „Wärmewende in Sachsen-Anhalt“. Lesen Sie jetzt „Fernwärmepreise stabil – doch Versorger warnen“.;Wärmewende in Sachsen-Anhalt;News, Wärmewende in Sachsen-Anhalt, Magdeburg, Sachsen-Anhalt, VKU, Verband kommunaler Unternehmen, Fernwärmepreis, Stadtwerke, Fernwärme, Wärmewende;2026-08-08T04:00:32+02:00;2026-08-08T04:00:32+02:00;;dpa Sachsen;false
b09a824a3e6ec3830192e73728d6add5bfa294e2cbd3c8f12f4ce34e2ab7efe6;Mehr als 240 Fälle von West-Nil-Fieber in Europa;https://www.zeit.de/news/2026-08/08/mehr-als-240-faelle-von-west-nil-fieber-in-europa;Hier finden Sie Informationen zu dem Thema „Infektionskrankheit“. Lesen Sie jetzt „Mehr als 240 Fälle von West-Nil-Fieber in Europa“.;Infektionskrankheit;News, Infektionskrankheit, Europa, Italien, ECDC, RKI, Reisen, Infektionskrankheit, Virus;2026-08-08T04:00:29+02:00;2026-08-08T04:00:29+02:00;;dpa;false
fefb3816e1df41301965fafb10bdb3c26e110039befe5007e7938191b0b5a145;Was macht die Trockenheit mit den Wäldern?;https://www.zeit.de/news/2026-08/08/was-macht-die-trockenheit-mit-den-waeldern;Hier finden Sie Informationen zu dem Thema „Bäume in Not“. Lesen Sie jetzt „Was macht die Trockenheit mit den Wäldern?“.;Bäume in Not;News, Bäume in Not, Deutsche Presse-Agentur, Trockenheit, Hessenforst, Landesbetrieb, Waldbrandgefahr, Hitze;2026-08-08T04:00:28+02:00;2026-08-08T04:00:28+02:00;;dpa Hessen;false
91b8c3304fcb4339fcbd483cea83c88c1dfc0082882ec61c64ca0aa31e10fd57;Sozialverband: Viele Eltern stehen unter enormem Druck;https://www.zeit.de/news/2026-08/08/sozialverband-viele-eltern-stehen-unter-enormem-druck;Hier finden Sie Informationen zu dem Thema „Jugendämter“. Lesen Sie jetzt „Sozialverband: Viele Eltern stehen unter enormem Druck“.;Jugendämter;News, Jugendämter, Markus Juch, Wiesbaden, Hessen, Sozialverband, Jugendamt, Fallzahl, Familie;2026-08-08T04:00:27+02:00;2026-08-08T04:00:27+02:00;;dpa Hessen;false
5b0d0f2cffe57b364c06bfb02f99819f58b8c45a8188b14b9b5979fac0a22330;Heiße Phase beim Weinbau - Worauf Winzer jetzt hoffen;https://www.zeit.de/news/2026-08/08/heisse-phase-beim-weinbau-worauf-winzer-jetzt-hoffen;Hier finden Sie Informationen zu dem Thema „Wenige Wochen vor Weinlese“. Lesen Sie jetzt „Heiße Phase beim Weinbau - Worauf Winzer jetzt hoffen“.;Wenige Wochen vor Weinlese;News, Wenige Wochen vor Weinlese, Holger Klein, Württemberg, Weinsberg, Heilbronn, Baden-Württemberg, Weinbau, Weinlese, Trockenheit, Hitze;2026-08-08T04:00:15+02:00;2026-08-08T04:00:15+02:00;;dpa Baden-Württemberg;false
8094ef1709dbc8398dd367370b84680379ceb2112c347c5c13c8e1f8ee73e520;Minister verteidigt Ende der Direktverbindung nach Schwedt;https://www.zeit.de/news/2026-08/08/minister-verteidigt-ende-der-direktverbindung-nach-schwedt;Hier finden Sie Informationen zu dem Thema „Keine Direktverbindung“. Lesen Sie jetzt „Minister verteidigt Ende der Direktverbindung nach Schwedt“.;Keine Direktverbindung;News, Keine Direktverbindung, Robert Crumbach, Schwedt, Brandenburg, Prenzlau, SPD, Direktverbindung, Bahnverkehr;2026-08-08T04:00:14+02:00;2026-08-08T04:00:14+02:00;;dpa Berlin/Brandenburg;false
f7d675d064e50491489fc1c349e1357aec35b599c34a6049ad247b720f31cc7a;Kaum Pilze momentan – Sammler hoffen auf Regen;https://www.zeit.de/news/2026-08/08/kaum-pilze-momentan-sammler-hoffen-auf-regen;Hier finden Sie Informationen zu dem Thema „Pilzesammeln“. Lesen Sie jetzt „Kaum Pilze momentan – Sammler hoffen auf Regen“.;Pilzesammeln;News, Pilzesammeln, Lothar Krieglsteiner, Karl-Heinz Johe, Ruppertshofen, Baden-Württemberg, Pilz, Pilzesammeln, Pilzschule, Wald;2026-08-08T04:00:14+02:00;2026-08-08T04:00:14+02:00;;dpa Baden-Württemberg;false
51f4705659e58a104fb171ad1a760f1afac65850e2c348ed0a45185259bd3141;Sonnenfinsternis im Südwesten: Aber wo gibt es noch Brillen?;https://www.zeit.de/news/2026-08/08/sonnenfinsternis-im-suedwesten-aber-wo-gibt-es-noch-brillen;Hier finden Sie Informationen zu dem Thema „Naturspektakel“. Lesen Sie jetzt „Sonnenfinsternis im Südwesten: Aber wo gibt es noch Brillen?“.;Naturspektakel;News, Naturspektakel, Felicitas Bucher, Ubbo Grassmann, Freiburg, Karlsruhe, Stuttgart, Südwesten, Sonnenfinsternis, Naturspektakel, Brille, Himmelsspektakel;2026-08-08T04:00:13+02:00;2026-08-08T04:00:13+02:00;;dpa Baden-Württemberg;false
3291ed53c73623b74c23c43353734fa6692db83247e07e4962a6e74930423cf5;Warum sich das Niedrigwasser sogar noch verschärfen könnte;https://www.zeit.de/news/2026-08/08/warum-sich-das-niedrigwasser-sogar-noch-verschaerfen-koennte;Hier finden Sie Informationen zu dem Thema „Wasserstände extrem niedrig“. Lesen Sie jetzt „Warum sich das Niedrigwasser sogar noch verschärfen könnte“.;Wasserstände extrem niedrig;News, Wasserstände extrem niedrig, Bodensee, Baden-Württemberg, Niedrigwasser, Wasserstand;2026-08-08T04:00:05+02:00;2026-08-08T04:00:05+02:00;;dpa Baden-Württemberg;false
587034bad1ffc27dff3a23ba05a1c214670e5d998c914bedde2928559f4ea9e7;Dräger hofft beim PFAS-Verbot auf die Bundesregierung;https://www.zeit.de/news/2026-08/08/draeger-hofft-beim-pfas-verbot-auf-die-bundesregierung;Hier finden Sie Informationen zu dem Thema „Umweltpolitik“. Lesen Sie jetzt „Dräger hofft beim PFAS-Verbot auf die Bundesregierung“.;Umweltpolitik;News, Umweltpolitik, Stefan Dräger, Drägerwerk, Bundesregierung, Europäische Union, Umweltpolitik;2026-08-08T04:00:05+02:00;2026-08-08T04:00:05+02:00;;dpa;false
c5a762b617a4eaf8ef1f10f7fc3787edf0f92d9a559455f00bd7ce3407777a14;Taser testen auf Streife: Waffe bisher 19-mal eingesetzt;https://www.zeit.de/news/2026-08/08/taser-testen-auf-streife-waffe-bisher-19-mal-eingesetzt;Hier finden Sie Informationen zu dem Thema „Pilotprojekt für die Polizei“. Lesen Sie jetzt „Taser testen auf Streife: Waffe bisher 19-mal eingesetzt“.;Pilotprojekt für die Polizei;News, Pilotprojekt für die Polizei, München, Bayern, Polizei, Innenministerium, Streife, Pilotprojekt, Elektroschockgerät, Streifendienst;2026-08-08T04:00:04+02:00;2026-08-08T04:00:04+02:00;;dpa Bayern;false
2df6698a9c7de133f3eee9e99423fcb5e38a6766e82205ad57ba9f566f1f92fd;Wenn die KI ausbricht - «Sorgen machen müssen wir uns schon»;https://www.zeit.de/news/2026-08/08/wenn-die-ki-ausbricht-sorgen-machen-muessen-wir-uns-schon;Hier finden Sie Informationen zu dem Thema „Sicherheit im Netz“. Lesen Sie jetzt „Wenn die KI ausbricht - «Sorgen machen müssen wir uns schon»“.;Sicherheit im Netz;News, Sicherheit im Netz, Andreas Dengel, Kaiserslautern, DFKI, Chatbot, Sicherheit;2026-08-08T03:45:04+02:00;2026-08-08T03:45:04+02:00;;dpa Rheinland-Pfalz/Saarland;false
64b473f88d922f00e66458bff9ae519c3ef912b50174f19ab7e7a00b0b9ebab6;OpenAI will neue KI nach Hacking-Vorfällen härter überwachen;https://www.zeit.de/news/2026-08/08/openai-will-neue-ki-nach-hacking-vorfaellen-haerter-ueberwachen;Hier finden Sie Informationen zu dem Thema „Künstliche Intelligenz“. Lesen Sie jetzt „OpenAI will neue KI nach Hacking-Vorfällen härter überwachen“.;Künstliche Intelligenz;News, Künstliche Intelligenz, OpenAI, künstliche Intelligenz, ChatGPT, Software;2026-08-08T03:37:55+02:00;2026-08-08T03:37:55+02:00;;dpa;false
3ad43c62ca4955d326bf60c98d4c01768ef2e1209552c61d186ee3b289dedaa5;OpenAI stoppt Entwicklung einer KI aus Sicherheitsgründen teilweise;https://www.zeit.de/digital/2026-08/openai-astra-ki-modell-cybersecurity-sicherheitskontrollen;OpenAI kann nach vorläufigen Tests nicht ausschließen, dass seine Astra-KI Software-Schwachstellen ausnutzen kann. Die Entwicklung wird deshalb teilweise gestoppt.;Künstliche Intelligenz;Digital, Künstliche Intelligenz, künstliche Intelligenz, OpenAI, Software, IT-Sicherheit, Technologie, Phishing;2026-08-08T03:31:28+02:00;2026-08-08T03:31:28+02:00;dar;DIE ZEIT,        Reuters,        							dar;false
b1a1c2a3327d4e74d28c12fe967b0d5fa2faa11e3ff839106e1f2f6245a9fd5d;Demonstration gegen Bundesregierung in Plauen;https://www.zeit.de/news/2026-08/08/demonstration-gegen-bundesregierung-in-plauen;Hier finden Sie Informationen zu dem Thema „Regierungsrücktritt gefordert“. Lesen Sie jetzt „Demonstration gegen Bundesregierung in Plauen“.;Regierungsrücktritt gefordert;News, Regierungsrücktritt gefordert, Plauen, DDR, Vogtland, Bundesregierung, Demonstration, Regierungsrücktritt;2026-08-08T03:30:07+02:00;2026-08-08T03:30:07+02:00;;dpa Sachsen;false
09d9cc55adc064303b686ac5cad1ad66e45497dcac603d7c12f3e9eec9c013d6;Experte: Klimaerwärmung nutzt dem Wein;https://www.zeit.de/news/2026-08/08/experte-klimaerwaermung-nutzt-dem-wein;Hier finden Sie Informationen zu dem Thema „Wein und Wetter“. Lesen Sie jetzt „Experte: Klimaerwärmung nutzt dem Wein“.;Wein und Wetter;News, Wein und Wetter, Ernst Büscher, Klimaerwärmung, Traube, Weinbau, Schattenseite, Wetter, Hitze;2026-08-08T03:30:06+02:00;2026-08-08T03:30:06+02:00;;dpa Rheinland-Pfalz/Saarland;false
9fa98c2d84e973a5f7f5111936580c98558e74325abc52c583e5660aabf4b9a4;Wahlkampfauftakt der AfD Mecklenburg-Vorpommern;https://www.zeit.de/news/2026-08/08/wahlkampfauftakt-der-afd-mecklenburg-vorpommern;Hier finden Sie Informationen zu dem Thema „Landtagswahl“. Lesen Sie jetzt „Wahlkampfauftakt der AfD Mecklenburg-Vorpommern“.;Landtagswahl;News, Landtagswahl, Stralsund, Mecklenburg-Vorpommern, Alternative für Deutschland, Landtagswahl, Wahlkampfauftakt, Wahlkampfphase, Kundgebung;2026-08-08T03:30:04+02:00;2026-08-08T03:30:04+02:00;;dpa Mecklenburg-Vorpommern;false
945020954cdb170597ba36d9fc4716936433778481095e6ec6d539d4fde9ad61;Trump startet zweiten Versuch zur Absetzung von US-Notenbankerin Cook;https://www.zeit.de/politik/ausland/2026-08/donald-trump-lisa-cook-federal-reserve-entlassung-usa;Der US-Präsident hat Lisa Cook per Brief über ihre bevorstehende Kündigung informiert. Zuvor hatte das oberste Gericht einen Antrag auf Cooks Entlassung abgelehnt.;Lisa Cook;Politik, Lisa Cook, Donald Trump, Lisa Cook, Fed, Notenbank, USA, Entlassung;2026-08-08T02:09:41+02:00;2026-08-08T02:09:41+02:00;peng;DIE ZEIT,        AFP,        dpa,        Reuters,        							peng;false
871258a855c24ee8da95ca2f7cc6e6d5a835c28ab1b25df89a6ddb41541bb621;Löschhubschrauber stürzt bei Waldbrand in Utah ab;https://www.zeit.de/news/2026-08/08/loeschhubschrauber-stuerzt-bei-waldbrand-in-utah-ab;Hier finden Sie Informationen zu dem Thema „Brände“. Lesen Sie jetzt „Löschhubschrauber stürzt bei Waldbrand in Utah ab“.;Brände;News, Brände, Utah, FAA, Löschhubschrauber, Waldbrand, Brand, Hubschrauber;2026-08-08T02:02:51+02:00;2026-08-08T02:02:51+02:00;;dpa;false
40b690ae7146cae099a4ef202ea953222409be50de1b60baf9849c6bd607b4cc;Mit dem Fahrrad ins Autokino;https://www.zeit.de/news/2026-08/08/mit-dem-fahrrad-ins-autokino;Hier finden Sie Informationen zu dem Thema „Ungewöhnliche Aktion“. Lesen Sie jetzt „Mit dem Fahrrad ins Autokino“.;Ungewöhnliche Aktion;News, Ungewöhnliche Aktion, Wiebke Lühmann, Heiko Desch, Gravenbruch, Südafrika, Neu-Isenburg, Sun Microsystems, Autokino, Passenderweis, Fahrrad, Kino;2026-08-08T01:19:05+02:00;2026-08-08T01:19:05+02:00;;dpa Hessen;false
bd7ecec1248b34d30b622cca57fb6b9798389cdff0dcc59c89376d0d84bd66f0;Kinderärzte: Eltern versagen beim Schutz vor Social Media;https://www.zeit.de/news/2026-08/08/kinderaerzte-eltern-versagen-beim-schutz-vor-social-media;Hier finden Sie Informationen zu dem Thema „Verbotsdebatte“. Lesen Sie jetzt „Kinderärzte: Eltern versagen beim Schutz vor Social Media“.;Verbotsdebatte;News, Verbotsdebatte, Jakob Maske, BVKJ, Neue Osnabrücker Zeitung, Verbotsdebatte, Kinderarzt, Soziale Medien, Social-Media-Verbot;2026-08-08T01:10:04+02:00;2026-08-08T01:10:04+02:00;;dpa;false
88c0d8812473e24d614e7a3f070b6454367e4415e03b1a84d737a2b4899aee26;CDU-Spitze würde AfD-Zusammenarbeit im Osten nicht dulden;https://www.zeit.de/news/2026-08/08/cdu-spitze-wuerde-afd-zusammenarbeit-im-osten-nicht-dulden;Hier finden Sie Informationen zu dem Thema „CDU und AfD“. Lesen Sie jetzt „CDU-Spitze würde AfD-Zusammenarbeit im Osten nicht dulden“.;CDU und AfD;News, CDU und AfD, Thorsten Frei, Berlin, Sachsen-Anhalt, CDU, Alternative für Deutschland, CSU, Landtagswahl in Sachsen, Landesverband, Koalition;2026-08-08T01:05:04+02:00;2026-08-08T01:05:04+02:00;;dpa Sachsen;false
f3319e5f017f343505e71f63848078bc99e44764991639464f79618522531e2f;Türkei verteidigt Militärabkommen mit Saudi-Arabien und Pakistan;https://www.zeit.de/politik/ausland/2026-08/tuerkei-saudi-arabien-pakistan-verteidigungsabkommen-nato-iran;Die Türkei, Saudi-Arabien und Pakistan wollen sich gegenseitig verteidigen. Mit der türkischen Nato-Mitgliedschaft sei das vereinbar, heißt es vonseiten der Türkei.;Verteidigungsabkommen;Politik, Verteidigungsabkommen, Türkei, Saudi-Arabien, Pakistan, Militär, Iran, Nato;2026-08-08T01:04:16+02:00;2026-08-08T01:04:16+02:00;dar;DIE ZEIT,        AFP,        Reuters,        							dar;false
0b851012b967e7aa92bad638ee9767e3190561b4cc77c7d61f3f5345a9650714;Rente: Frei verweist auf Härtefall- und Übergangsregelungen;https://www.zeit.de/news/2026-08/08/rente-frei-verweist-auf-haertefall-und-uebergangsregelungen;Hier finden Sie Informationen zu dem Thema „Alterssicherung“. Lesen Sie jetzt „Rente: Frei verweist auf Härtefall- und Übergangsregelungen“.;Alterssicherung;News, Alterssicherung, Thorsten Frei, Mario Voigt, CDU, Funke Mediengruppe, Bundesregierung, SPD, Übergangsregelung, Frührente, Alterssicherung, Härtefallregelung;2026-08-08T01:01:04+02:00;2026-08-08T01:01:04+02:00;;dpa;false
715a6d96737aac28021426ec2719c5800162f5eb94881fc1cfcbc9cb888b0047;Umfrage: Mehrheit hält US-Techkonzerne für zu einflussreich;https://www.zeit.de/news/2026-08/08/umfrage-mehrheit-haelt-us-techkonzerne-fuer-zu-einflussreich;Hier finden Sie Informationen zu dem Thema „Techunternehmen“. Lesen Sie jetzt „Umfrage: Mehrheit hält US-Techkonzerne für zu einflussreich“.;Techunternehmen;News, Techunternehmen, YouGov, Umfrage, Techunternehmen;2026-08-08T01:00:05+02:00;2026-08-08T01:00:05+02:00;;dpa;false
09f78055aaa195ca1c1e21dbb57af7c0047927f0d7399689d343210584f93472;«Walk of Fame»-Stern für Kidjo - erste Musikerin aus Afrika;https://www.zeit.de/news/2026-08/08/walk-of-fame-stern-fuer-kidjo-erste-musikerin-aus-afrika;Hier finden Sie Informationen zu dem Thema „Auszeichnung“. Lesen Sie jetzt „«Walk of Fame»-Stern für Kidjo - erste Musikerin aus Afrika“.;Auszeichnung;News, Auszeichnung, Angélique Kidjo, Willem Dafoe, Sängerin, Afrika, Walk of Fame, Grammy Awards, Auszeichnung, Sternenplakette, Hollywood;2026-08-08T00:49:04+02:00;2026-08-08T00:49:04+02:00;;dpa;false
597de06e2e36b46c367ac6b1e801c5642bc3857fa15fcd63c2d1c87e3738177a;Tierschützer: Freigänger-Katzen sollten kastriert werden;https://www.zeit.de/news/2026-08/08/tierschuetzer-freigaenger-katzen-sollten-kastriert-werden;Hier finden Sie Informationen zu dem Thema „Zum Weltkatzentag“. Lesen Sie jetzt „Tierschützer: Freigänger-Katzen sollten kastriert werden“.;Zum Weltkatzentag;News, Zum Weltkatzentag, Thomas Schröder, Holger Vogel, Schleswig-Holstein, Bundesregierung, Rheinische Post, Tierschützer, Weltkatzentag, Kastrationspflicht, Katze, Tiere;2026-08-08T00:10:04+02:00;2026-08-08T00:10:04+02:00;;dpa;false
203dfc696334f840108e6989718774d63dee14b72703be0530d7cbcc98919ec4;Bestseller auf den Domstufen - Rockoper feierte Premiere;https://www.zeit.de/news/2026-08/08/bestseller-auf-den-domstufen-rockoper-feierte-premiere;Hier finden Sie Informationen zu dem Thema „Open-Air-Festival“. Lesen Sie jetzt „Bestseller auf den Domstufen - Rockoper feierte Premiere“.;Open-Air-Festival;News, Open-Air-Festival, Erfurt, Domstufe, Rockoper, Bestseller;2026-08-08T00:07:28+02:00;2026-08-08T00:07:28+02:00;;dpa Thüringen;false
ae12c08788b85f273f36a50652525719d7487edab7e61d38ff7501b740e30122;Moritzburg Festival: Kammermusik mit Gänsegeschnatter;https://www.zeit.de/news/2026-08/08/moritzburg-festival-kammermusik-mit-gaensegeschnatter;Hier finden Sie Informationen zu dem Thema „Musik“. Lesen Sie jetzt „Moritzburg Festival: Kammermusik mit Gänsegeschnatter“.;Musik;News, Musik, Carl Maria von Weber, Clara Schumann, Johannes Brahms, Jan Vogler, Elbe, Moritzburg, Moritzburg Festival, Gänsegeschnatter, Kammermusik, Nordterrasse;2026-08-08T00:04:17+02:00;2026-08-08T00:04:17+02:00;;dpa Sachsen;false
76b627aaed7ec03272ccca34cfc02959318c89f97720a69618bfdcb8a4c0810b;CDU-Sicherheitsexperte: Russland spielt Spiel ohne Regeln;https://www.zeit.de/news/2026-08/08/cdu-sicherheitsexperte-russland-spielt-spiel-ohne-regeln;Hier finden Sie Informationen zu dem Thema „Sicherheit“. Lesen Sie jetzt „CDU-Sicherheitsexperte: Russland spielt Spiel ohne Regeln“.;Sicherheit;News, Sicherheit, Marc Henrichmann, Russland, Flughafen Leipzig/Halle, CDU, Bundestag, Sicherheit, Krieg in der Ukraine;2026-08-08T00:01:04+02:00;2026-08-08T00:01:04+02:00;;dpa Sachsen;false
5b4ba24e282b0472929847be4a902c8b2be2f118c289d705ec65a70f9861e932;Was geschah am 8. August?;https://www.zeit.de/news/2026-08/07/was-geschah-am-8-august;Hier finden Sie Informationen zu dem Thema „Kalenderblatt“. Lesen Sie jetzt „Was geschah am 8. August?“.;Kalenderblatt;News, Kalenderblatt, Kundus, Alpen, Gazastreifen, Masar-e Scharif, Kalenderblatt, Namenstag, Sicherheitskabinett;2026-08-07T23:55:04+02:00;2026-08-07T23:55:04+02:00;;dpa;false
c8947c2706d868a274a829bc4098e96dc494403dec07c9f79a22bcb564bbebe5;22-Jährige tot in Wohnung gefunden – Ex-Partner festgenommen;https://www.zeit.de/news/2026-08/07/22-jaehrige-tot-in-wohnung-gefunden-ex-partner-festgenommen;Hier finden Sie Informationen zu dem Thema „Festnahme“. Lesen Sie jetzt „22-Jährige tot in Wohnung gefunden – Ex-Partner festgenommen“.;Festnahme;News, Festnahme, Polizei, Ex-Partner, Festnahme;2026-08-07T23:53:51+02:00;2026-08-07T23:53:51+02:00;;dpa Nordrhein-Westfalen;false
695caeb1373818e0be1a8044c20b18030a3778725470fe682362b4144135851c;22-Jähriger bei Schüssen in Berlin-Kreuzberg verletzt;https://www.zeit.de/news/2026-08/07/22-jaehriger-bei-schuessen-in-berlin-kreuzberg-verletzt;Hier finden Sie Informationen zu dem Thema „Schüsse“. Lesen Sie jetzt „22-Jähriger bei Schüssen in Berlin-Kreuzberg verletzt“.;Schüsse;News, Schüsse, Mann, Berlin-Kreuzberg, Polizei, Graefestraße, Auto;2026-08-07T23:52:03+02:00;2026-08-07T23:52:03+02:00;;dpa Berlin/Brandenburg;false
d9d7809e14ab3a7c3e868a7ee810ed2dafae0bd08b111360d3bfd32d7ba2466d;Lastwagen kippt auf A61 um - Sperrung und Umleitung;https://www.zeit.de/news/2026-08/07/lastwagen-kippt-auf-autobahn-61-um-sperrung-und-umleitung;Hier finden Sie Informationen zu dem Thema „Unfall“. Lesen Sie jetzt „Lastwagen kippt auf A61 um - Sperrung und Umleitung“.;Unfall;News, Unfall, Polizei, Umleitung, Sperrung, Fahrtrichtung, Mittelschutzplanke, Autobahn;2026-08-07T23:05:40+02:00;2026-08-07T23:05:40+02:00;;dpa Baden-Württemberg;false
333df95319e3d3d8358aeb6341162cc9c3e1b58d13148c66bda5fc417209431e;Hertha BSC gewinnt Auftaktspiel gegen Bochum;https://www.zeit.de/sport/2026-08/hertha-bsc-vfl-bochum-2-bundesliga-sebastian-groenning;Zum Spielzeitstart der zweiten Liga hat Hertha gegen den VfL Bochum gewonnen. Das Spiel wurde wegen eines Fanbanners zwischenzeitlich unterbrochen. Der Spielbericht;Zweite Bundesliga;Sport, Zweite Bundesliga, Hertha BSC, VfL Bochum, Fußball-Bundesliga, Fußball, Sportler, Bochum;2026-08-07T23:01:21+02:00;2026-08-07T23:01:21+02:00;tlf;DIE ZEIT,        dpa,        SID,        							tlf;false
8215d06bf528ee90ae4de241f88f44971ac3a825fcf0b25feff27410839c029a;Erste Länder erlauben Lkw-Transporte an Sonn- und Feiertagen;https://www.zeit.de/news/2026-08/07/erste-laender-erlauben-lkw-transporte-an-sonn-und-feiertagen;Hier finden Sie Informationen zu dem Thema „Reaktion auf Niedrigwasser“. Lesen Sie jetzt „Erste Länder erlauben Lkw-Transporte an Sonn- und Feiertagen“.;Reaktion auf Niedrigwasser;News, Reaktion auf Niedrigwasser, Saarland, Mainz, Saarbrücken, Rhein, Rheinland-Pfalz, Verkehrsministerium, Niedrigwasser, Feiertagsfahrverbot, Feiertag;2026-08-07T22:50:16+02:00;2026-08-07T22:50:16+02:00;;dpa;false
7c8a78f7dd3c8fb5042a8e7005903ce827cbf9068faf7f233459c05ba2774d84;Banner vor Fluchttor sorgt für Spielunterbrechung in Bochum;https://www.zeit.de/news/2026-08/07/banner-vor-fluchttor-sorgt-fuer-spielunterbrechung-in-bochum;Hier finden Sie Informationen zu dem Thema „2. Fußball-Bundesliga“. Lesen Sie jetzt „Banner vor Fluchttor sorgt für Spielunterbrechung in Bochum“.;2. Fußball-Bundesliga;News, 2. Fußball-Bundesliga, Bochum, Hertha BSC Berlin, Fußball-Bundesliga, Fluchttor, Spielunterbrechung, Ruhrstadion, Auftaktspiel;2026-08-07T22:35:11+02:00;2026-08-07T22:35:11+02:00;;dpa Berlin/Brandenburg;false
a6182bc3758e5dd1e6becfb3be3e672b71d2184a6dcae419b0a0fcf299c7ec3a;Mehrere Bundesländer setzen Sonntagsfahrverbot für Lkw-Transporte aus;https://www.zeit.de/wirtschaft/2026-08/niedrigwasser-rhein-lkw-sonn-und-feiertagsfahrverbot-ausnahmeregelung-rheinland-pfalz;Rheinland-Pfalz, NRW, Niedersachsen und das Saarland wollen Lieferengpässe wegen des Niedrigwassers vermeiden. Dafür erlauben die Länder Lkw-Transporte an Sonntagen.;Niedrigwasser im Rhein;Wirtschaft, Niedrigwasser im Rhein, Rheinland-Pfalz, Mainz, Rhein, Schifffahrt, Transport;2026-08-07T22:34:50+02:00;2026-08-07T22:34:50+02:00;akmtlf;DIE ZEIT,        dpa,        							akm					,        							tlf;false
8795e12fbff0eeeac8972c21d168759505ce5d2a6253910c9022c064c4bf7e3a;US-Senat stimmt für Gesetz zu Russland-Sanktionen;https://www.zeit.de/news/2026-08/07/us-senat-stimmt-fuer-gesetz-zu-russland-sanktionen;Hier finden Sie Informationen zu dem Thema „Druck auf Moskau“. Lesen Sie jetzt „US-Senat stimmt für Gesetz zu Russland-Sanktionen“.;Druck auf Moskau;News, Druck auf Moskau, Russland, US-Senat, Sanktionsgesetz;2026-08-07T22:32:33+02:00;2026-08-07T22:32:33+02:00;;dpa;false
91599d43058e84ecb79fd4ae36b2f48affbbb50e6d66edad236ee658f6bc0528;Auge um Auge: Spanien kündigt Grenzkontrollen zu Italien an;https://www.zeit.de/news/2026-08/07/auge-um-auge-spanien-kuendigt-grenzkontrollen-zu-italien-an;Hier finden Sie Informationen zu dem Thema „Ceuta-Krise“. Lesen Sie jetzt „Auge um Auge: Spanien kündigt Grenzkontrollen zu Italien an“.;Ceuta-Krise;News, Ceuta-Krise, Giorgia Meloni, Spanien, Italien, Madrid, Ceuta, Grenzkontrolle, Krise;2026-08-07T22:30:26+02:00;2026-08-07T22:30:26+02:00;;dpa;false
90b0e06740a03cc0967c192dcf3fd29aa4ef300c781273c8c4c7cbff960224e0;Hertha gewinnt Auftakt in Bochum – Fanbanner stoppt Partie;https://www.zeit.de/news/2026-08/07/hertha-gewinnt-auftakt-in-bochum-fanbanner-stoppt-partie;Hier finden Sie Informationen zu dem Thema „2. Fußball-Bundesliga“. Lesen Sie jetzt „Hertha gewinnt Auftakt in Bochum – Fanbanner stoppt Partie“.;2. Fußball-Bundesliga;News, 2. Fußball-Bundesliga, Stefan Leitl, Uwe Rösler, Alessandro Crimaldi, Marius Gersbeck, Maximilian Wittek, Bochum, Hertha BSC, Hertha BSC Berlin, VfL Bochum, Fußball-Bundesliga;2026-08-07T22:26:26+02:00;2026-08-07T22:26:26+02:00;;dpa Berlin/Brandenburg;false
6ba5dc8cc8a77215ace75de777f1e0ff78923e0fe54ea7b9ae221de13c0814ef;US-Gericht stoppt Bau von Donald Trumps Ballsaal;https://www.zeit.de/politik/ausland/2026-08/ballsaal-weisses-haus-donald-trump-bau-stopp;Ein Gericht hat Donald Trumps Pläne für einen Ballsaal neben dem Weißen Haus vorerst durchkreuzt. Der US-Präsident will den Fall nun vor den Supreme Court bringen.;Weißes Haus;Politik, Weißes Haus, Donald Trump, Washington, D. C., Gericht, USA, Supreme Court, Architektur;2026-08-07T22:25:37+02:00;2026-08-07T22:25:37+02:00;eddpeng;DIE ZEIT,        dpa,        Reuters,        							edd					,        							peng;false
e4aa0d2d52e7eb9fd3e2728843c2468cf680e221c123124c9df001df4c67c830;Niedersachsen lockert Lkw-Fahrverbot wegen Niedrigwasser;https://www.zeit.de/news/2026-08/07/niedersachsen-lockert-lkw-fahrverbot-wegen-niedrigwasser;Hier finden Sie Informationen zu dem Thema „Binnenschifffahrt“. Lesen Sie jetzt „Niedersachsen lockert Lkw-Fahrverbot wegen Niedrigwasser“.;Binnenschifffahrt;News, Binnenschifffahrt, Hannover, Niedersachsen, Verkehrsministerium, Niedrigwasser, Binnenschifffahrt, Feiertagsfahrverbot, Ersatztransport, Wasserstraße;2026-08-07T22:25:00+02:00;2026-08-07T22:25:00+02:00;;dpa Niedersachsen;false
3d6acd1df698bfbfa7fee3b4b5260d2d4db5885f97b879067d945b02c1f68524;Eurojackpot: Fast 33 Millionen Euro gehen nach NRW;https://www.zeit.de/news/2026-08/07/eurojackpot-fast-33-millionen-euro-gehen-nach-nrw;Hier finden Sie Informationen zu dem Thema „Glücksspiel“. Lesen Sie jetzt „Eurojackpot: Fast 33 Millionen Euro gehen nach NRW“.;Glücksspiel;News, Glücksspiel, NRW, Glücksspiel, Spielgemeinschaft, Eurojackpot;2026-08-07T22:22:00+02:00;2026-08-07T22:22:00+02:00;;dpa Nordrhein-Westfalen;false
6c08eb52b9058ba4f5f3412119b84fbcecb85847e6709ad3db3472633b65b6f8;Spanien führt Grenzkontrollen für Flüge und Schiffe aus Italien ein;https://www.zeit.de/politik/ausland/2026-08/spanien-grenzkontrollen-italien-schengen-ceuta;Italien will die Grenzkontrollen für Menschen aus Spanien trotz Warnung fortführen. Nun reagiert Spanien seinerseits mit Grenzkontrollen für Italiener.;Ceuta-Krise;Politik, Ceuta-Krise, Ceuta, Migration, Spanien, Italien, Geflüchtete, Giorgia Meloni;2026-08-07T22:10:23+02:00;2026-08-07T22:10:23+02:00;tlf;DIE ZEIT,        AFP,        Reuters,        							tlf;false
e2819ab6d6a605e4752452e1fd4d49cf15c4d07be0f369718a5b0071dc35c505;Bei Ostsee-Regatta: Entkräftet auf Surfbrett in Not;https://www.zeit.de/news/2026-08/07/bei-ostsee-regatta-entkraeftet-auf-surfbrett-in-not;Hier finden Sie Informationen zu dem Thema „Seenot bei Hanse-Sail“. Lesen Sie jetzt „Bei Ostsee-Regatta: Entkräftet auf Surfbrett in Not“.;Seenot bei Hanse-Sail;News, Seenot bei Hanse-Sail, Hanse-Sail, Warnemünde, DGzRS, Surfbrett, Seenot;2026-08-07T22:04:28+02:00;2026-08-07T22:04:28+02:00;;dpa Mecklenburg-Vorpommern;false
002a0997ef65757103e091c1cac2c99db984c5eafe54121bd0d59623bf1ce707;Leipzig-Wechsel geplatzt: Asllani bleibt bei Hoffenheim;https://www.zeit.de/news/2026-08/07/leipzig-wechsel-geplatzt-asllani-bleibt-bei-hoffenheim;Hier finden Sie Informationen zu dem Thema „Medizinische Bedenken“. Lesen Sie jetzt „Leipzig-Wechsel geplatzt: Asllani bleibt bei Hoffenheim“.;Medizinische Bedenken;News, Medizinische Bedenken, Fisnik Asllani, Andreas Schicker, Hoffenheim, Leipzig, RB Leipzig, TSG 1899 Hoffenheim, Bundesliga, Wechselgerücht;2026-08-07T21:24:11+02:00;2026-08-07T21:24:11+02:00;;dpa Baden-Württemberg;false
cf34900c537c599d0688e0a2f8263092e7e3bf2ccbf27a5a7345d0c6438c763e;Absteiger Fortuna im Pech: Waldhof gewinnt Drittliga-Start;https://www.zeit.de/news/2026-08/07/absteiger-fortuna-im-pech-waldhof-gewinnt-drittliga-start;Hier finden Sie Informationen zu dem Thema „3. Fußball-Liga“. Lesen Sie jetzt „Absteiger Fortuna im Pech: Waldhof gewinnt Drittliga-Start“.;3. Fußball-Liga;News, 3. Fußball-Liga, Rui Mota, Fabian Schleusener, Waldhof, SV Waldhof Mannheim, Fortuna Düsseldorf, Absteiger, Saisonstart;2026-08-07T21:09:02+02:00;2026-08-07T21:09:02+02:00;;dpa Baden-Württemberg;false
bb8bc7c425f7219c6ec08033296124d924c04c5a1ea3e22c5d6d1d6ef7a80930;Autofahrer rast der Polizei davon - bis an einen Baum;https://www.zeit.de/news/2026-08/07/autofahrer-rast-der-polizei-davon-bis-an-einen-baum;Hier finden Sie Informationen zu dem Thema „Unfall nach Flucht“. Lesen Sie jetzt „Autofahrer rast der Polizei davon - bis an einen Baum“.;Unfall nach Flucht;News, Unfall nach Flucht, Hanau, Polizei, Kokain, Unfall, Polizeikontrolle, Leitplanke, Fahrzeug, Auto;2026-08-07T21:07:46+02:00;2026-08-07T21:07:46+02:00;;dpa Bayern;false
9853823eece71bf04e804947be2ccfbf2a5b1a8434e140d7fcdd99414868afb3;Trotz 2:0-Vorsprung: Kein 1860-Sieg zur Heimpremiere;https://www.zeit.de/news/2026-08/07/trotz-2-0-vorsprung-kein-1860-sieg-zur-heimpremiere;Hier finden Sie Informationen zu dem Thema „Fußball-Regionalliga“. Lesen Sie jetzt „Trotz 2:0-Vorsprung: Kein 1860-Sieg zur Heimpremiere“.;Fußball-Regionalliga;News, Fußball-Regionalliga, Michael Eberwein, Aris Malaj, Augsburg, Fußball-Regionalliga, TSV 1860 München, FC Augsburg, Heimpremiere;2026-08-07T21:04:31+02:00;2026-08-07T21:04:31+02:00;;dpa Bayern;false
d68970d9135c23aa5d8158e7961871d192a634c855bbaa2d89122c56fe450f53;US-Senat stimmt für Sanktionen gegen russische Öl- und Gasexporte;https://www.zeit.de/politik/ausland/2026-08/us-sanktionsgesetz-russland-senat-lindsey-graham-ukraine;Der US-Senat möchte den russischen Energiesektor unter Druck setzen. Ein nun beschlossenes Sanktionsgesetz sieht Zölle gegen die größten Käufer russischer Energie vor.;USA;Politik, USA, US-Senat, Sanktion, Krieg in der Ukraine, Russland, Gasversorgung, Energieversorgung;2026-08-07T21:01:27+02:00;2026-08-07T21:01:27+02:00;tlf;DIE ZEIT,        dpa,        Reuters,        							tlf;false
311c9c60b7bc1a02f54e82199a69aaecd5b8d8f1482ce2e4a96752da417a7a54;Die Stabilität hätte auch gerne mal Ferien;https://www.zeit.de/2026/34/deutschland-abstieg-selbstbild-infrastruktur-digitalisierung-export;Im Urlaub fällt uns auf, wie überholt unser Deutschlandgefühl ist. Wir klammern uns so sehr an ein altes Selbstbild, dass wir uns nicht mehr auf den Wandel einlassen.;"Z+ (abopflichtiger Inhalt);
        
    Deutschland";Feuilleton, Deutschland, Reisen, Urlaub, Europa, Digitalisierung, Infrastruktur, Ökonomie;2026-08-07T20:39:30+02:00;2026-08-07T20:39:30+02:00;Ijoma Mangold;Aus der        ZEIT Nr. 34/2026;false
b2eb18640c76879cf7e27fcf64b83f6303f870844141217f64ecb6366b892f0e;Wohnmobil und Auto kollidieren auf A1 – sieben Verletzte;https://www.zeit.de/news/2026-08/07/wohnmobil-und-auto-kollidieren-auf-a1-sieben-verletzte;Hier finden Sie Informationen zu dem Thema „Unfälle“. Lesen Sie jetzt „Wohnmobil und Auto kollidieren auf A1 – sieben Verletzte“.;Unfälle;News, Unfälle, Heiligenhafen, Kreis Ostholstein, Unfall, Wohnmobil, Auto, Fahrzeug;2026-08-07T20:24:26+02:00;2026-08-07T20:24:26+02:00;;dpa Hamburg/Schleswig-Holstein;false
7e21846684b31b332a002ada532395d0fb916c9f2c345c0a3369f673b54cad33;Russland weist Verantwortung für Drohnenvorfall in Leipzig zurück;https://www.zeit.de/politik/ausland/2026-08/drohne-flughafen-leipzig-halle-alexander-dobrindt-bundespolizei-ukraine-russland;Nachdem es tagelang still war, meldet sich die russische Botschaft nun zu Wort: Russland habe mit der Sprengstoff-Drohne am Leipziger Flughafen nichts zu tun.;Hybride Kriegsführung;Politik, Hybride Kriegsführung, Russland, Leipzig, Flughafen, Krieg in der Ukraine, Drohne, Alexander Dobrindt, Militär;2026-08-07T20:22:29+02:00;2026-08-07T20:22:29+02:00;edd;DIE ZEIT,        AFP,        dpa,        							edd;false
625645d1e8e332cb9bdae770958ae7944622f7891bc35dff3dd3c9bbd9de88f0;Berlins Clubszene steht wirtschaftlich unter Druck;https://www.zeit.de/news/2026-08/07/berlins-clubszene-steht-wirtschaftlich-unter-druck;Hier finden Sie Informationen zu dem Thema „Berliner Clubkultur“. Lesen Sie jetzt „Berlins Clubszene steht wirtschaftlich unter Druck“.;Berliner Clubkultur;News, Berliner Clubkultur, Berlin, Clubszene, Clubkultur, Clubkommission, Gastronomie;2026-08-07T20:09:39+02:00;2026-08-07T20:09:39+02:00;;dpa Berlin/Brandenburg;false
942f34a9de47f30318d749b0e56ef9d23b586373c87448e84b9b4a5199fd42c5;Sprengstoff-Drohne in Leipzig: Russland sieht «Provokation»;https://www.zeit.de/news/2026-08/07/sprengstoff-drohne-in-leipzig-russland-sieht-provokation;Hier finden Sie Informationen zu dem Thema „Innere Sicherheit“. Lesen Sie jetzt „Sprengstoff-Drohne in Leipzig: Russland sieht «Provokation»“.;Innere Sicherheit;News, Innere Sicherheit, Leipzig, Russland, Berlin, Moskau, Kiew, Provokation, Sprengstoff, Sicherheit, Krieg in der Ukraine;2026-08-07T20:03:38+02:00;2026-08-07T20:03:38+02:00;;dpa;false
cadff9937b1e5236bb7e9ca63c4b181dedb1add06c789af484bfe7cdd2648244;»Wohin es führt ...«;https://www.zeit.de/zeit-geschichte/2026/04/andreas-wirsching-vergleiche-weimarer-republik-umgang-afd;Vergleiche mit der Weimarer Republik sind allgegenwärtig. Aber sind sie auch sinnvoll? Der Historiker Andreas Wirsching erklärt, wo Parallelen liegen – und wo nicht.;"Z+ (abopflichtiger Inhalt);
        
    Andreas Wirsching";Wissenschaft, Andreas Wirsching, Weimarer Republik, NSDAP, Alternative für Deutschland;2026-08-07T19:57:26+02:00;2026-08-07T19:57:26+02:00;;Aus        ZEIT Geschichte Nr. 04/2026;false
8fcae7f2391f19acead020b449186829517353b9d40b967d0c0190be24734993;Autofahrerin bei Unfall auf A6 lebensbedrohlich verletzt;https://www.zeit.de/news/2026-08/07/autofahrerin-bei-unfall-auf-a6-lebensbedrohlich-verletzt;Hier finden Sie Informationen zu dem Thema „Verkehr“. Lesen Sie jetzt „Autofahrerin bei Unfall auf A6 lebensbedrohlich verletzt“.;Verkehr;News, Verkehr, Unfall, Verkehr;2026-08-07T19:52:08+02:00;2026-08-07T19:52:08+02:00;;dpa Rheinland-Pfalz/Saarland;false
f08d2c634e442e26ed6100f46fefb413e17f0435f1a816e1197d15647dd0aea8;Infantino reist zur Amtseinführung von Kolumbiens rechtem Präsidenten;https://www.zeit.de/sport/2026-08/gianni-infantino-fifa-kolumbien-abelardo-de-la-espriella;Während die Krise im Verband schwelt, pflegt der Fifa-Präsident seine Kontakte zu rechten Politikern. In Kolumbien nahm er an der Amtseinführung des Präsidenten teil.;Fifa-Präsident;Sport, Fifa-Präsident , Gianni Infantino, Fifa, Kolumbien, Politische Rechte, Rechtspopulismus, Fußball;2026-08-07T19:47:23+02:00;2026-08-07T19:47:23+02:00;akm;DIE ZEIT,        SID,        							akm;false
9315b5817fd5215537706e20235f0229ffdd455aad69f26972b338f6c0510a43;Fahndung läuft nach Vergewaltigung in Lübben;https://www.zeit.de/news/2026-08/07/fahndung-laeuft-nach-vergewaltigung-in-luebben;Hier finden Sie Informationen zu dem Thema „Kriminalität“. Lesen Sie jetzt „Fahndung läuft nach Vergewaltigung in Lübben“.;Kriminalität;News, Kriminalität, Lübben, Brandenburg, Polizei, Fahndung, Phantombild, Vergewaltigung;2026-08-07T19:38:32+02:00;2026-08-07T19:38:32+02:00;;dpa Berlin/Brandenburg;false
3ae955fbfdad406b23c8f360c46f0a4d8d34bc980e7ab91fc17a7f87db66e4ae;Um Abschluss gebracht - «Ein richtiger Schlag ins Gesicht»;https://www.zeit.de/news/2026-08/07/um-abschluss-gebracht-ein-richtiger-schlag-ins-gesicht;Hier finden Sie Informationen zu dem Thema „Oberschule in Vechta“. Lesen Sie jetzt „Um Abschluss gebracht - «Ein richtiger Schlag ins Gesicht»“.;Oberschule in Vechta;News, Oberschule in Vechta, Vechta, NWZ, Oberschule;2026-08-07T19:35:24+02:00;2026-08-07T19:35:24+02:00;;dpa Niedersachsen;false
043e3ad5d287ccf287ad1ce0953d52e1a089a996539c1fde6c0b2e724ee03712;Fünf Schwerverletzte bei Verkehrsunfall bei Straubing;https://www.zeit.de/news/2026-08/07/fuenf-schwerverletzte-bei-verkehrsunfall-bei-straubing;Hier finden Sie Informationen zu dem Thema „Verkehrsunfall“. Lesen Sie jetzt „Fünf Schwerverletzte bei Verkehrsunfall bei Straubing“.;Verkehrsunfall;News, Verkehrsunfall, Straubing, Tschechien, Polizei, Verkehrsunfall, Fahrzeug;2026-08-07T19:34:16+02:00;2026-08-07T19:34:16+02:00;;dpa Bayern;false
ef6721f3868db96ac6382f1d06be3740da99d3443fd463dbea0df3492b85e592;Zwei Drohnen über Militärstützpunkt in der Eifel gesichtet;https://www.zeit.de/politik/deutschland/2026-08/drohnen-mechernich-militaerstuetzpunkt-bundeswehr-nrw;Kurz nach dem Drohnen-Vorfall am Leipziger Flughafen wurden auch über einem Bundeswehrstützpunkt in Nordrhein-Westfalen Flugobjekte entdeckt. Die Polizei ermittelt.;Nordrhein-Westfalen;Politik, Nordrhein-Westfalen, Drohne, Nordrhein-Westfalen, Bundeswehr, Militär, Flughafen, Leipzig;2026-08-07T19:34:11+02:00;2026-08-07T19:34:11+02:00;tlf;DIE ZEIT,        dpa,        							tlf;false
ebd6a46430139518313ad21ae26276ec84f9a5f67b31b408f392422f9d44786e;Die Rottweilerin;https://www.zeit.de/2026/34/justiz-strafverteidigerin-fehlurteile-bayern-gefaengnis-regina-rick;Mit dem Freispruch von Sebastian T. im »Eiskeller«-Fall versetzt sie der bayerischen Justiz einen heftigen Schlag – es war nicht der erste: Wer ist diese Regina Rick?;"Z+ (abopflichtiger Inhalt);
        
    Justiz";Gesellschaft, Justiz, Justiz, Bundesgerichtshof, Gefängnis, Polizei, Familie;2026-08-07T19:33:23+02:00;2026-08-07T19:33:23+02:00;Sabine Rückert;Aus der        ZEIT Nr. 34/2026;false
f71a1fd0756d1aaf34b72602abd363b50168eba70dc4d56d00debd81d1976825;Sammelbestellung für Feuerwehrautos soll Millionen sparen;https://www.zeit.de/news/2026-08/07/sammelbestellung-fuer-feuerwehrautos-soll-millionen-sparen;Hier finden Sie Informationen zu dem Thema „Feuerwehren“. Lesen Sie jetzt „Sammelbestellung für Feuerwehrautos soll Millionen sparen“.;Feuerwehren;News, Feuerwehren, Thorsten Schwab, CSU, Sammelbestellung, Feuerwehrauto, Feuerwehr, Landesfeuerwehrverband, Kommune;2026-08-07T19:18:28+02:00;2026-08-07T19:18:28+02:00;;dpa Bayern;false
e0478b64e54646c5d0930d579a15374167f3f9aee800559ae4c6a671cf7647c2;NRW hebt Lkw-Sonntagsfahrverbot auf;https://www.zeit.de/news/2026-08/07/krischer-offen-fuer-ausnahmen-beim-lkw-sonntagsfahrverbot;Hier finden Sie Informationen zu dem Thema „Wegen Niedrigwassers“. Lesen Sie jetzt „NRW hebt Lkw-Sonntagsfahrverbot auf“.;Wegen Niedrigwassers;News, Wegen Niedrigwassers, Oliver Krischer, Nordrhein-Westfalen, Düsseldorf, Deutsche Presse-Agentur, Fahrverbot;2026-08-07T19:17:34+02:00;2026-08-07T19:17:34+02:00;;dpa Nordrhein-Westfalen;false
40a3cff26ee62e5ad1d09b4f780c2959e5668f4420c07718b5c91e010e72b4d6;4:1 gegen Hoffenheim: Gladbach-Zugang trifft doppelt;https://www.zeit.de/news/2026-08/07/4-1-gegen-hoffenheim-gladbach-zugang-trifft-doppelt;Hier finden Sie Informationen zu dem Thema „Fußball“. Lesen Sie jetzt „4:1 gegen Hoffenheim: Gladbach-Zugang trifft doppelt“.;Fußball;News, Fußball, Hoffenheim, Schwaz, Gladbach, Borussia Mönchengladbach, TSG 1899 Hoffenheim, Bundesliga;2026-08-07T18:57:35+02:00;2026-08-07T18:57:35+02:00;;dpa Baden-Württemberg;false
78b235c7fd6618e0ef1c9c698add127bbdb601096d6c7d64d9094efb8ae8bc75;Simson als Vorbild: Ministerin will Tempo 60 für Mopeds;https://www.zeit.de/news/2026-08/07/simson-als-vorbild-ministerin-will-tempo-60-fuer-mopeds;Hier finden Sie Informationen zu dem Thema „Höheres Tempo für Mopeds“. Lesen Sie jetzt „Simson als Vorbild: Ministerin will Tempo 60 für Mopeds“.;Höheres Tempo für Mopeds;News, Höheres Tempo für Mopeds, Regina Kraushaar, Sachsen, DDR, CDU, Bundesrat, Europäische Union, Moped, Sonderregelung, Fahrzeug, Zweirad;2026-08-07T18:55:28+02:00;2026-08-07T18:55:28+02:00;;dpa Berlin/Brandenburg;false
2d4790ae1f0415c8dd27b20048d1ee963392951e195dfde498d39c345c7a8f6f;Zwölf Jahre nach Aachener Bankraub: 70-Jähriger festgenommen;https://www.zeit.de/news/2026-08/07/zwoelf-jahre-nach-aachener-bankraub-70-jaehriger-festgenommen;Hier finden Sie Informationen zu dem Thema „Cold Case“. Lesen Sie jetzt „Zwölf Jahre nach Aachener Bankraub: 70-Jähriger festgenommen“.;Cold Case;News, Cold Case, Spanien, Aachen, Polizei, Cold Case, Bankraub;2026-08-07T18:51:17+02:00;2026-08-07T18:51:17+02:00;;dpa Nordrhein-Westfalen;false
33b8297853dcdc49260f8930ac0f1c184de604c00944b70aef2ba504c6497848;Bundeswehr: Drohnensichtung über Militärstützpunkt in NRW;https://www.zeit.de/news/2026-08/07/bundeswehr-drohnensichtung-ueber-militaerstuetzpunkt-in-nrw;Hier finden Sie Informationen zu dem Thema „Drohnensichtung“. Lesen Sie jetzt „Bundeswehr: Drohnensichtung über Militärstützpunkt in NRW“.;Drohnensichtung;News, Drohnensichtung, NRW, Mechernich, Nordrhein-Westfalen, Flughafen Leipzig/Halle, Bundeswehr, Polizei, Drohnensichtung, Militärstützpunkt, Sicherheitszentrale, Bundeswehrstandort;2026-08-07T18:44:51+02:00;2026-08-07T18:44:51+02:00;;dpa Nordrhein-Westfalen;false
8c164cb5e62574898bf7c8bff21a8ed2865efc32cec0384dc02b953c6e1ef44b;DFB-Bundesgericht bestätigt Urteil gegen Dynamo Dresden;https://www.zeit.de/sport/2026-08/dfb-urteil-dynamo-dresden-hertha-bsc-platzsturm-pyrotechnik;Nach den Krawallen von Dynamo-Dresden-Fans gegen Hertha BSC bleiben die Sanktionen weiter bestehen. Der Verein muss laut einem Gerichtsurteil seine Stehblöcke schließen.;Fußball;Sport, Fußball, Fußball, Deutscher Fußball-Bund, Bundesgericht, Dynamo Dresden, Hertha BSC, Pyrotechnik;2026-08-07T18:44:48+02:00;2026-08-07T18:44:48+02:00;mawtlf;DIE ZEIT,        SID,        dpa,        							maw					,        							tlf;false
6891c05bface04127dee5ad4aec2f148ba512887dac11648ab3e369ca3c21118;Gottesanbeterin breitet sich in Berlin aus;https://www.zeit.de/news/2026-08/07/gottesanbeterin-breitet-sich-in-berlin-aus;Hier finden Sie Informationen zu dem Thema „Insekten“. Lesen Sie jetzt „Gottesanbeterin breitet sich in Berlin aus“.;Insekten;News, Insekten, Janina Klug, Berlin, Naturschutzbund Deutschland, Gottesanbeterin, Insekt, Paarung, Tiere;2026-08-07T18:40:50+02:00;2026-08-07T18:40:50+02:00;;dpa Berlin/Brandenburg;false
2afdb65ee0abce007fc74a00a84e2d107dc2ba1cd221f8c5a734c3201a18e003;Fünfte Jahreszeit in Straubing: Gäubodenvolksfest gestartet;https://www.zeit.de/news/2026-08/07/fuenfte-jahreszeit-in-straubing-gaeubodenvolksfest-gestartet;Hier finden Sie Informationen zu dem Thema „Brauchtum“. Lesen Sie jetzt „Fünfte Jahreszeit in Straubing: Gäubodenvolksfest gestartet“.;Brauchtum;News, Brauchtum, Straubing, Gäubodenvolksfest, Polizei, Brauchtum, Pferdekutsche, Blasmusik, Lederhose, Trachtenumzug, Politprominenz, Hitze;2026-08-07T18:40:17+02:00;2026-08-07T18:40:17+02:00;;dpa Bayern;false
4a24703e2054cc8a797925938567193b80eb1df867f9bacb2659c698b059c5aa;A6 nach Lastwagen-Brand wieder frei;https://www.zeit.de/news/2026-08/07/vollsperrung-auf-a6-wegen-brennenden-lastwagens;Hier finden Sie Informationen zu dem Thema „Beide Spuren freigegeben“. Lesen Sie jetzt „A6 nach Lastwagen-Brand wieder frei“.;Beide Spuren freigegeben;News, Beide Spuren freigegeben, Vollsperrung;2026-08-07T18:39:05+02:00;2026-08-07T18:39:05+02:00;;dpa Baden-Württemberg;false
c2bf6495564a789eec8ef87158fb7f55ff835e5b1dd63f9b7404b83545fe4ca6;Stadt Spremberg setzt Belohnung nach Sticker-Aktion aus;https://www.zeit.de/news/2026-08/07/stadt-spremberg-setzt-belohnung-nach-sticker-aktion-aus;Hier finden Sie Informationen zu dem Thema „Sachbeschädigung“. Lesen Sie jetzt „Stadt Spremberg setzt Belohnung nach Sticker-Aktion aus“.;Sachbeschädigung;News, Sachbeschädigung, Christine Herntier, Spremberg, Lausitz, FC Energie Cottbus, Belohnung, Heimatfest;2026-08-07T18:12:50+02:00;2026-08-07T18:12:50+02:00;;dpa Berlin/Brandenburg;false
2e312c603e95e2d98b53b57a02fdc3ec7ddc842e04809c20b5118b1a732d1c3d;Polnische Fahrerin siegt am Mont Ventoux und holt Tour-Gelb;https://www.zeit.de/news/2026-08/07/polnische-fahrerin-siegt-am-mont-ventoux-und-holt-tour-gelb;Hier finden Sie Informationen zu dem Thema „Tour de France der Frauen“. Lesen Sie jetzt „Polnische Fahrerin siegt am Mont Ventoux und holt Tour-Gelb“.;Tour de France der Frauen;News, Tour de France der Frauen, Katarzyna Niewiadoma-Phinney, Demi Vollering, Marlen Reusser, Antonia Niedermaier, Polen, Mont Ventoux, Tour de France, Königsetappe, Bergankunft;2026-08-07T17:59:01+02:00;2026-08-07T17:59:01+02:00;;dpa Sport;false
c17e8517611490ca3ddc85e07727dfd7d2a970faf6411de782b69104f85dc628;Jugendlicher in Thailand tötet Großeltern und fünf Menschen an Schule;https://www.zeit.de/gesellschaft/zeitgeschehen/2026-08/thailand-schuesse-schule-nonthaburi-14-jaehriger;Ein Vierzehnjähriger hat in Thailand fünf Menschen an einer Schule erschossen und mehr als 30 weitere teils lebensgefährlich verletzt. Anschließend tötete er sich selbst.;Schüsse an Schule in Thailand;Gesellschaft, Schüsse an Schule in Thailand, Thailand, Polizei, Schule, Jugendliche, Schusswaffe;2026-08-07T17:50:01+02:00;2026-08-07T17:50:01+02:00;maw;DIE ZEIT,        AFP,        AP,        dpa,        Reuters,        							maw;false
82f7104b655b9d7bca5c10626c4be410988bce32b46ca93ab57fc9e4bc418693;Unions Zingler freut sich auf Abstiegskampf;https://www.zeit.de/news/2026-08/07/unions-zingler-freut-sich-auf-abstiegskampf;Hier finden Sie Informationen zu dem Thema „Fußball-Bundesliga“. Lesen Sie jetzt „Unions Zingler freut sich auf Abstiegskampf“.;Fußball-Bundesliga;News, Fußball-Bundesliga, Dirk Zingler, Irdning, CDU/CSU, Fußball-Bundesliga, Abstiegskampf, Spielstil, Umstellung, Anfangsphase;2026-08-07T17:43:16+02:00;2026-08-07T17:43:16+02:00;;dpa Berlin/Brandenburg;false
2865c26dd367ca5eb5c1261d186249842c7bbfb717ea260ff179b1a33b787042;Erst Kim, dann Díaz: FC Bayern besiegt Aston Villa;https://www.zeit.de/news/2026-08/07/erst-kim-dann-d-az-fc-bayern-besiegt-aston-villa;Hier finden Sie Informationen zu dem Thema „Fußball-Bundesliga“. Lesen Sie jetzt „Erst Kim, dann Díaz: FC Bayern besiegt Aston Villa“.;Fußball-Bundesliga;News, Fußball-Bundesliga, Luis Díaz, Tom Bischof, Manuel Neuer, Hongkong, Aston Villa, FC Bayern München, Fußball-Bundesliga, Supercup, Testspielsieg, Asienreise;2026-08-07T17:40:32+02:00;2026-08-07T17:40:32+02:00;;dpa Bayern;false
18f4036e41629dce9be3b37883d44c6ac59361759de0ec04e74bfeed1cb91172;Radfahrer mehrfach von Auto überrollt und schwer verletzt;https://www.zeit.de/news/2026-08/07/radfahrer-mehrfach-von-auto-ueberrollt-und-schwer-verletzt;Hier finden Sie Informationen zu dem Thema „Seniorin übersah Radfahrer“. Lesen Sie jetzt „Radfahrer mehrfach von Auto überrollt und schwer verletzt“.;Seniorin übersah Radfahrer;News, Seniorin übersah Radfahrer, Owen, Esslingen, Auto;2026-08-07T17:33:42+02:00;2026-08-07T17:33:42+02:00;;dpa Baden-Württemberg;false
f0153c8863776923166eb5998f300569195712448ef09922a6b713918a165fad;Saarland erlaubt Lkw-Transporte an Sonn- und Feiertagen;https://www.zeit.de/news/2026-08/07/saarland-erlaubt-lkw-transporte-an-sonn-und-feiertagen;Hier finden Sie Informationen zu dem Thema „Verkehr“. Lesen Sie jetzt „Saarland erlaubt Lkw-Transporte an Sonn- und Feiertagen“.;Verkehr;News, Verkehr, Saarland, Feiertag, Niedrigwasser, Verkehr;2026-08-07T17:29:11+02:00;2026-08-07T17:29:11+02:00;;dpa Rheinland-Pfalz/Saarland;false
24153c811aba0977b642f5de6d4c4b062739d74403ca4c7d9e60ee8d6856a5e7;Spanien stellt Italien Ultimatum zur Beendigung der Grenzkontrollen;https://www.zeit.de/politik/ausland/2026-08/schengen-grenzkontrollen-italien-spanien-migration-ceuta;Spanien fordert von Italien, seine Grenzkontrollen bis Ende der Woche einzustellen. Die Meloni-Regierung kündigte an, sich den Forderungen nicht beugen zu wollen.;Ceuta-Krise;Politik, Ceuta-Krise, Spanien, Ceuta, Europäische Union, Italien, Migration;2026-08-07T17:25:30+02:00;2026-08-07T17:25:30+02:00;edd;DIE ZEIT,        dpa,        Reuters,        							edd;false
2e687ee873557a5bd185756921a28dd15f0d28c3ebe6f7dc74be4e0557ee1e21;Initiative radelt für Demokratie in MV und Sachsen-Anhalt;https://www.zeit.de/news/2026-08/07/initiative-radelt-fuer-demokratie-in-mv-und-sachsen-anhalt;Hier finden Sie Informationen zu dem Thema „Landtagswahlen“. Lesen Sie jetzt „Initiative radelt für Demokratie in MV und Sachsen-Anhalt“.;Landtagswahlen;News, Landtagswahlen, Sachsen-Anhalt, Mecklenburg-Vorpommern, Landtagswahl, Landtagswahl in Sachsen, Initiative, Radtour, Bürgerinitiative;2026-08-07T17:22:31+02:00;2026-08-07T17:22:31+02:00;;dpa Mecklenburg-Vorpommern;false
78197b66c9631749657dbc67f3e8266c257cc8a3ab8287cf3d11f9c3a014d009;Influencerin Sydney Towle mit 26 an Krebs gestorben;https://www.zeit.de/news/2026-08/07/influencerin-sydney-towle-mit-26-an-krebs-gestorben;Hier finden Sie Informationen zu dem Thema „Mehr als eine Million Follower“. Lesen Sie jetzt „Influencerin Sydney Towle mit 26 an Krebs gestorben“.;Mehr als eine Million Follower;News, Mehr als eine Million Follower, Familie;2026-08-07T17:18:22+02:00;2026-08-07T17:18:22+02:00;;dpa;false
0e185d70aa4096dad5c5552bed79a9d0d584e9774125a1a5e7adf2ec81706f02;Unbekannte entwenden Exponate aus 25 Vitrinen in Bonn;https://www.zeit.de/news/2026-08/07/unbekannte-entwenden-exponate-aus-25-vitrinen-in-bonn;Hier finden Sie Informationen zu dem Thema „Fossilien weg“. Lesen Sie jetzt „Unbekannte entwenden Exponate aus 25 Vitrinen in Bonn“.;Fossilien weg;News, Fossilien weg, Bonn, Polizei, Exponat, Vitrine;2026-08-07T17:18:18+02:00;2026-08-07T17:18:18+02:00;;dpa Nordrhein-Westfalen;false
fd434b5a562f6d6cfc50738f31aca37cde3108701c12e20b4998d641a92abcd6;Vor EM: Sprint-Ass Ansah wehrt sich gegen drohende Sperre;https://www.zeit.de/news/2026-08/07/vor-em-sprint-ass-ansah-wehrt-sich-gegen-drohende-sperre;Hier finden Sie Informationen zu dem Thema „Leichtathletik“. Lesen Sie jetzt „Vor EM: Sprint-Ass Ansah wehrt sich gegen drohende Sperre“.;Leichtathletik;News, Leichtathletik, Rainer Tarek Cherkeh, Birmingham, Monaco, Nationale Anti-Doping-Agentur, Hamburger SV, Sperre, Leichtathletik, Dopingprobe;2026-08-07T17:08:50+02:00;2026-08-07T17:08:50+02:00;;dpa Hamburg/Schleswig-Holstein;false
75165a4b4080171772c94f1f58b671633cd9d54dfd10211d71e56d72b65bedf9;Mann schießt aus Fenster – Spezialkräfte stürmen Wohnung;https://www.zeit.de/news/2026-08/07/mann-schiesst-aus-fenster-spezialkraefte-stuermen-wohnung;Hier finden Sie Informationen zu dem Thema „Schreckschusswaffen gefunden“. Lesen Sie jetzt „Mann schießt aus Fenster – Spezialkräfte stürmen Wohnung“.;Schreckschusswaffen gefunden;News, Schreckschusswaffen gefunden, Berlin, Polizei, Spezialkraft, Schreckschusswaffe;2026-08-07T17:07:34+02:00;2026-08-07T17:07:34+02:00;;dpa Berlin/Brandenburg;false
72938b6dcef02fa1daa9f3d619e30a75cff8055340251a81573d3fa95b9fc8d5;Einsturzgefahr: Haus in Altona wird teilweise abgerissen;https://www.zeit.de/news/2026-08/07/einsturzgefahr-weiteres-haus-in-holstenstrasse-geraeumt;Hier finden Sie Informationen zu dem Thema „Risse an tragenden Teilen“. Lesen Sie jetzt „Einsturzgefahr: Haus in Altona wird teilweise abgerissen“.;Risse an tragenden Teilen;News, Risse an tragenden Teilen, Hamburg-Altona, Hamburger Abendblatt, Deutsche Presse-Agentur, Einsturzgefahr, Holstenstraße, Nutzungsuntersagung, Altbau;2026-08-07T17:07:34+02:00;2026-08-07T17:07:34+02:00;;dpa Hamburg/Schleswig-Holstein;false
4b77b6bd5c2565978d18f1d61b79e844084447468ee4b1c96dc4948c859562c9;Bilder des Tages;https://www.zeit.de/news/2026-08/07/bilder-des-tages;Hier finden Sie Informationen zu dem Thema „Fotografie“. Lesen Sie jetzt „Bilder des Tages“.;Fotografie;News, Fotografie, News;2026-08-07T17:05:00+02:00;2026-08-07T17:05:00+02:00;;dpa;false
96f6806f4d13ef0389ee3631f0ec8ca198ac9ff616225878fd2016e1627e0b21;Land will neue Schleifähre bauen;https://www.zeit.de/news/2026-08/07/land-will-neue-schleifaehre-bauen;Hier finden Sie Informationen zu dem Thema „Pannenserie“. Lesen Sie jetzt „Land will neue Schleifähre bauen“.;Pannenserie;News, Pannenserie, Schleswig-Holstein, CDU, Verkehrsministerium, Schleifähre, Pannenserie;2026-08-07T17:02:25+02:00;2026-08-07T17:02:25+02:00;;dpa Hamburg/Schleswig-Holstein;false
3cbb462b998e00d28d23261d9647c4b2b8ae9a1891b3d8e9cdd40e0afcd8107f;Mann stirbt nach Ingewahrsamnahme im Krankenhaus;https://www.zeit.de/news/2026-08/07/mann-stirbt-nach-ingewahrsamnahme-im-krankenhaus;Hier finden Sie Informationen zu dem Thema „Notfälle“. Lesen Sie jetzt „Mann stirbt nach Ingewahrsamnahme im Krankenhaus“.;Notfälle;News, Notfälle, Billstedt, Polizei, Notfall, Kreislaufstillstand;2026-08-07T17:01:35+02:00;2026-08-07T17:01:35+02:00;;dpa Hamburg/Schleswig-Holstein;false
444cca93eb13039a4acc1b33cb7dec5bc32829f6c3b92ec4f54b1fa272aefee8;Mann vom Fahrrad gezerrt und attackiert - Zwei Festnahmen;https://www.zeit.de/news/2026-08/07/mann-vom-fahrrad-gezerrt-und-attackiert-zwei-festnahmen;Hier finden Sie Informationen zu dem Thema „Vorübergehend in Lebensgefahr“. Lesen Sie jetzt „Mann vom Fahrrad gezerrt und attackiert - Zwei Festnahmen“.;Vorübergehend in Lebensgefahr;News, Vorübergehend in Lebensgefahr, Stuttgart, Polizei, Staatsanwaltschaft, Fahrrad;2026-08-07T16:58:55+02:00;2026-08-07T16:58:55+02:00;;dpa Baden-Württemberg;false
f1d1e14c3a49e32e4da06e9fec37010efd29a1159701c8e9031ba9a4e02edcb8;Polizeieinsätze bei Risikospielen sind teuer;https://www.zeit.de/news/2026-08/07/polizeieinsaetze-bei-risikospielen-sind-teuer;Hier finden Sie Informationen zu dem Thema „Fußball“. Lesen Sie jetzt „Polizeieinsätze bei Risikospielen sind teuer“.;Fußball;News, Fußball, Thüringen, Erfurt, MDR, Innenministerium, Polizei, Risikospiel, Polizeieinsatz, Hochrisikospiel, Fangruppe, Fußball;2026-08-07T16:55:57+02:00;2026-08-07T16:55:57+02:00;;dpa Thüringen;false
ed318cd8aa30a77e76e96021df9fc8732e0a6742637e8ebab769ba051a6d7a08;Hansa vor Saisonstart: Klappt es endlich mit dem Aufstieg?;https://www.zeit.de/news/2026-08/07/hansa-vor-saisonstart-klappt-es-endlich-mit-dem-aufstieg;Hier finden Sie Informationen zu dem Thema „3. Fußball-Liga“. Lesen Sie jetzt „Hansa vor Saisonstart: Klappt es endlich mit dem Aufstieg?“.;3. Fußball-Liga;News, 3. Fußball-Liga, Daniel Brinkmann, Hansa Rostock, TSG 1899 Hoffenheim, Saisonstart, Aufstieg;2026-08-07T16:49:15+02:00;2026-08-07T16:49:15+02:00;;dpa Mecklenburg-Vorpommern;false
5dc0d4619de518645d2006517bba4da52a71435dc3200545050773c8927b01c6;Museen und alte Fabriken laden zu besonderen Rundgängen ein;https://www.zeit.de/news/2026-08/07/museen-und-alte-fabriken-laden-zu-besonderen-rundgaengen-ein;Hier finden Sie Informationen zu dem Thema „Tag der Industriekultur“. Lesen Sie jetzt „Museen und alte Fabriken laden zu besonderen Rundgängen ein“.;Tag der Industriekultur;News, Tag der Industriekultur, Brandenburg, Glashütte, Baruth, Industriekultur, Rundgang, Technikmuseum;2026-08-07T16:48:18+02:00;2026-08-07T16:48:18+02:00;;dpa Berlin/Brandenburg;false
67d547c150361971b774888bb9079a8145b8748d8719233cb6c60cf4e6e46bd8;Bayern lockert wegen Dürre Regeln für Bio-Tierhaltung;https://www.zeit.de/news/2026-08/07/bayern-lockert-wegen-duerre-regeln-fuer-bio-tierhaltung;Hier finden Sie Informationen zu dem Thema „Landwirtschaft und Trockenheit“. Lesen Sie jetzt „Bayern lockert wegen Dürre Regeln für Bio-Tierhaltung“.;Landwirtschaft und Trockenheit;News, Landwirtschaft und Trockenheit, Bayern, BMELV, Dürre;2026-08-07T16:47:28+02:00;2026-08-07T16:47:28+02:00;;dpa Bayern;false
8d2c878ac59447d1731f766b373c95142ecf19f1bec51f19b78662219d42bbd6;Luchse rücken näher an die Landeshauptstadt;https://www.zeit.de/news/2026-08/07/luchse-ruecken-naeher-an-die-landeshauptstadt;Hier finden Sie Informationen zu dem Thema „Auswilderung“. Lesen Sie jetzt „Luchse rücken näher an die Landeshauptstadt“.;Auswilderung;News, Auswilderung, Hannover, Hameln, Harz, Solling, Weser-Leine-Bergland, Hildesheim, BMU, Luchs, Auswilderung, Landeshauptstadt;2026-08-07T16:38:53+02:00;2026-08-07T16:38:53+02:00;;dpa Niedersachsen;false
97783db95f46b7f531cc705a7e2a942187b771b7171a4acb31f74acdb35c1e59;Teilausschluss von Dynamo-Fans gegen Darmstadt;https://www.zeit.de/news/2026-08/07/teilausschluss-von-dynamo-fans-gegen-darmstadt;Hier finden Sie Informationen zu dem Thema „2. Fußball-Bundesliga“. Lesen Sie jetzt „Teilausschluss von Dynamo-Fans gegen Darmstadt“.;2. Fußball-Bundesliga;News, 2. Fußball-Bundesliga, Darmstadt, Dresden, Hertha BSC, Dynamo Dresden, SV Darmstadt 98, Deutscher Fußball-Bund, Hertha BSC Berlin, Fußball-Bundesliga, Bundesliga, Teilausschluss;2026-08-07T16:38:15+02:00;2026-08-07T16:38:15+02:00;;dpa Sachsen;false
e71b979f199a7803a5dc7811c207f2609004cf9f5988e606e99056da6cc1afff;Regierung meldet unerwartet hohen Stellenrückgang in den USA;https://www.zeit.de/wirtschaft/2026-08/us-arbeitsmarkt-arbeitsmarktbericht-beschaeftigung-usa-fed;In den Vereinigten Staaten sind entgegen den Erwartungen im Juli 23.000 Jobs verloren gegangen. Zudem wurden frühere Zahlen deutlich nach unten korrigiert.;US-Arbeitsmarkt;Wirtschaft, US-Arbeitsmarkt, USA, Arbeitsmarkt, Arbeitslosigkeit, Donald Trump, Fed;2026-08-07T16:37:51+02:00;2026-08-07T16:37:51+02:00;akm;DIE ZEIT,        dpa,        Reuters,        							akm;false
8e31510706a4f57ea983ef6004957d63b4e351a347d51c3bb2dab48d8ad3298e;Behinderungen auf Autobahn A71 bei Erfurt;https://www.zeit.de/news/2026-08/07/behinderungen-auf-autobahn-a71-bei-erfurt;Hier finden Sie Informationen zu dem Thema „Umleitung“. Lesen Sie jetzt „Behinderungen auf Autobahn A71 bei Erfurt“.;Umleitung;News, Umleitung, Erfurt, Sangerhausen, Erfurt-Gispersleben, Schweinfurt, die Autobahn GmbH des Bundes, Behinderung, Umleitung, Anschlussstelle, Sanierungsarbeit, Autobahn;2026-08-07T16:37:36+02:00;2026-08-07T16:37:36+02:00;;dpa Thüringen;false
43ce61f753b934118dbd6ef0527e91f58e56d6ad1e8d08d7752be10fb40c0821;Spanien stellt Italien Ultimatum: Grenzkontrollen beenden;https://www.zeit.de/news/2026-08/07/spanien-stellt-italien-ultimatum-grenzkontrollen-beenden;Hier finden Sie Informationen zu dem Thema „Ceuta-Krise“. Lesen Sie jetzt „Spanien stellt Italien Ultimatum: Grenzkontrollen beenden“.;Ceuta-Krise;News, Ceuta-Krise, Spanien, Italien, Ceuta, Europäische Union, Ultimatum, Grenzkontrolle, Krise;2026-08-07T16:36:27+02:00;2026-08-07T16:36:27+02:00;;dpa;false
cbb83527c79179da591cf69368bb383e5772a6cde36c27d8dda37697e1899438;Untersuchungshaft gegen drei Verdächtige nach Waldbrand bei Athen;https://www.zeit.de/wissenschaft/umwelt/2026-08/waldbrand-athen-griechenland-brandstiftung-windpark;In Griechenland müssen drei Unternehmer wegen mutmaßlicher Brandstiftung in Untersuchungshaft. Ihnen drohen im Falle eines Schuldspruchs bis zu zehn Jahre Haft.;Feuer bei Athen;Wissenschaft, Feuer bei Athen, Athen, Waldbrand;2026-08-07T16:35:34+02:00;2026-08-07T16:35:34+02:00;maw;DIE ZEIT,        AFP,        							maw;false
fe31e5258db0e2a34d608091b71b25140b832ddedfaa1af76ba070c8d61fc777;Räuber überfällt Seniorin im Bett und fesselt sie;https://www.zeit.de/news/2026-08/07/raeuber-ueberfaellt-seniorin-im-bett-und-fesselt-sie;Hier finden Sie Informationen zu dem Thema „Bargeld und Schmuck gestohlen“. Lesen Sie jetzt „Räuber überfällt Seniorin im Bett und fesselt sie“.;Bargeld und Schmuck gestohlen;News, Bargeld und Schmuck gestohlen, Recklinghausen, Polizei, Erdgeschosswohnung, Handschuh, Bargeld, Schmuck;2026-08-07T16:32:26+02:00;2026-08-07T16:32:26+02:00;;dpa Nordrhein-Westfalen;false
bf658ab978182fcfa69002083fc8fe73136a869795b58d6b6b85fe9f91cb9ffc;Freistaat lockert finanzielle Zügel für angeschlagene Bauern;https://www.zeit.de/news/2026-08/07/freistaat-lockert-finanzielle-zuegel-fuer-angeschlagene-bauern;Hier finden Sie Informationen zu dem Thema „Landwirtschaft“. Lesen Sie jetzt „Freistaat lockert finanzielle Zügel für angeschlagene Bauern“.;Landwirtschaft;News, Landwirtschaft, Albert Füracker, Bayern, Freistaat, Staatsregierung;2026-08-07T16:30:31+02:00;2026-08-07T16:30:31+02:00;;dpa Bayern;false
abff422c0661a15757e99df3c7a60ddd75bf7267bccc3523da1c0875a205513d;Pflanzenschutzwirkstoff in Bio-Matcha-Tee nachgewiesen;https://www.zeit.de/news/2026-08/07/pflanzenschutzwirkstoff-in-bio-matcha-tee-nachgewiesen;Hier finden Sie Informationen zu dem Thema „Vertrieb über Rossmann“. Lesen Sie jetzt „Pflanzenschutzwirkstoff in Bio-Matcha-Tee nachgewiesen“.;Vertrieb über Rossmann;News, Vertrieb über Rossmann, Berlin, DIRK ROSSMANN, Trymoin, Pflanzenschutzwirkstoff, Vertrieb;2026-08-07T16:30:24+02:00;2026-08-07T16:30:24+02:00;;dpa Bayern;false
47338ca9196086828055324ebeeef850f34c00b44fab7b2c27c2a97965cf1f11;Sonn- und Feiertagsfahrverbot für Lkw-Transporte außer Kraft;https://www.zeit.de/news/2026-08/07/sonn-und-feiertagsfahrverbot-fuer-lkw-transporte-ausser-kraft;Hier finden Sie Informationen zu dem Thema „Niedrigwasser“. Lesen Sie jetzt „Sonn- und Feiertagsfahrverbot für Lkw-Transporte außer Kraft“.;Niedrigwasser;News, Niedrigwasser, Rhein, Rheinland-Pfalz, Feiertagsfahrverbot, Niedrigwasser;2026-08-07T16:28:40+02:00;2026-08-07T16:28:40+02:00;;dpa Rheinland-Pfalz/Saarland;false
2df800ece1ca726e19bf6186892d07eaa8dd19dc13023ee119d80f77722d565b;Hat Köln Abschiebehilfe abgelehnt? Stadt prüft Vorwürfe;https://www.zeit.de/news/2026-08/07/hat-koeln-abschiebehilfe-abgelehnt-stadt-prueft-vorwuerfe;Hier finden Sie Informationen zu dem Thema „Montag Sitzung zu dem Thema“. Lesen Sie jetzt „Hat Köln Abschiebehilfe abgelehnt? Stadt prüft Vorwürfe“.;Montag Sitzung zu dem Thema;News, Montag Sitzung zu dem Thema, Köln, Deutsche Presse-Agentur, Kölner Stadt-Anzeiger, Alternative für Deutschland, Abschiebung;2026-08-07T16:27:19+02:00;2026-08-07T16:27:19+02:00;;dpa Nordrhein-Westfalen;false
fabeb678a25829b6d63ce3a287166f42e83894383a438a07e4d73ad4b85815e9;FC St. Pauli vor Saisonstart: «Richtung stimmt»;https://www.zeit.de/news/2026-08/07/fc-st-pauli-vor-saisonstart-richtung-stimmt;Hier finden Sie Informationen zu dem Thema „2. Fußball-Bundesliga“. Lesen Sie jetzt „FC St. Pauli vor Saisonstart: «Richtung stimmt»“.;2. Fußball-Bundesliga;News, 2. Fußball-Bundesliga, Marcel Rapp, Alexander Blessin, Andreas Bornemann, Pauli, Fürth, FC St. Pauli, SpVgg Greuther Fürth, Fußball-Bundesliga, Bundesliga, Saisonstart;2026-08-07T16:25:45+02:00;2026-08-07T16:25:45+02:00;;dpa Hamburg/Schleswig-Holstein;false
3af4b81790ba4091756add32610cad40e2030994b5c1521c2ecd5fdcc0f86735;Nach Unwetter in Rathen: Basteiweg wieder geöffnet;https://www.zeit.de/news/2026-08/07/nach-unwetter-in-rathen-basteiweg-wieder-geoeffnet;Hier finden Sie Informationen zu dem Thema „Folgen des Unwetters“. Lesen Sie jetzt „Nach Unwetter in Rathen: Basteiweg wieder geöffnet“.;Folgen des Unwetters;News, Folgen des Unwetters, Barbara Klepsch, Rathen, Sächsische Schweiz, CDU, Basteiweg, Unwetter;2026-08-07T16:25:24+02:00;2026-08-07T16:25:24+02:00;;dpa Sachsen;false
6ea2466a94ea21ba47008558e5d7ca0be72849e161ccc80daa917499cebabf5b;Seltene Bewohner im Zoo - Schleichkatzen mit Popcornduft;https://www.zeit.de/news/2026-08/07/seltene-bewohner-im-zoo-schleichkatzen-mit-popcornduft;Hier finden Sie Informationen zu dem Thema „Erlebnis-Zoo Hannover“. Lesen Sie jetzt „Seltene Bewohner im Zoo - Schleichkatzen mit Popcornduft“.;Erlebnis-Zoo Hannover;News, Erlebnis-Zoo Hannover, Südostasien, Zoo Hannover, Schleichkatze, Popcornduft, Katze, Popcorn, Tiere;2026-08-07T16:19:23+02:00;2026-08-07T16:19:23+02:00;;dpa Niedersachsen;false
d889c5319bf4c9c227b65e73d23da492d553c5d9de3d0326ef524c5caad9f185;Ver.di wendet sich gegen Lockerung des Lkw-Fahrverbots;https://www.zeit.de/wirtschaft/2026-08/lkw-fahrverbot-sonntag-rhein-niedrigwasser-steffen-bilger;Der Bundesverkehrsminister will das Lkw-Sonntagsfahrverbot aussetzen, um Lieferengpässen durch das extreme Niedrigwasser in Flüssen zu begegnen. Ver.di ist dagegen.   ;Lkw-Fahrverbot;Wirtschaft, Lkw-Fahrverbot, Rhein, Transport, Ver.di, Katherina Reiche;2026-08-07T16:18:15+02:00;2026-08-07T16:18:15+02:00;bda;DIE ZEIT,        Reuters,        dpa,        AFP,        							bda;false
6659c446626066b920b25db2aa3aacf4f6efc81de118d9e17ec84bcf9d1cecda;Gose bejubelt EM-Gold - Wellbrock in der Seine ausgebremst;https://www.zeit.de/news/2026-08/07/gose-schwimmt-zu-em-gold-im-freiwasser;Hier finden Sie Informationen zu dem Thema „Schwimmen in Paris“. Lesen Sie jetzt „Gose bejubelt EM-Gold - Wellbrock in der Seine ausgebremst“.;Schwimmen in Paris;News, Schwimmen in Paris, Isabel Gose, Paris, Italien, SC Magdeburg, Freiwasser, Freiwasserschwimmen, Wasserqualität, Gold, schwimmen;2026-08-07T16:15:26+02:00;2026-08-07T16:15:26+02:00;;dpa Sport;false
1c00c5ad76c142d8038dd7ffda89a15c5062631fecbe20d12b0b2b61358e1433;Ariana Grande zum ersten Mal an deutscher Chartspitze;https://www.zeit.de/news/2026-08/07/ariana-grande-zum-ersten-mal-an-deutscher-chartspitze;Hier finden Sie Informationen zu dem Thema „Musik“. Lesen Sie jetzt „Ariana Grande zum ersten Mal an deutscher Chartspitze“.;Musik;News, Musik, Ariana Grande, Ariana Afghan Airlines, GfK, Chartspitze;2026-08-07T16:08:40+02:00;2026-08-07T16:08:40+02:00;;dpa;false
15058c4f5908f180662cf3f54baea15b4562d7758425a90b003cafcbf00d5510;Undefinierbarer Geruch führt zu Zwischenlandung von Flieger;https://www.zeit.de/news/2026-08/07/undefinierbarer-geruch-fuehrt-zu-zwischenlandung-von-flieger;Hier finden Sie Informationen zu dem Thema „Lufthansa-Flugzeug“. Lesen Sie jetzt „Undefinierbarer Geruch führt zu Zwischenlandung von Flieger“.;Lufthansa-Flugzeug;News, Lufthansa-Flugzeug, Johannesburg, Frankfurt am Main, Kongo, Frankfurt, Deutsche Lufthansa, Zwischenlandung, Geruch;2026-08-07T16:06:28+02:00;2026-08-07T16:06:28+02:00;;dpa;false
8621f25dce4ca3812cabe8567476d5c0356cdc823d6479c85fec4cdd4da763e6;ICE-Direktverbindung Berlin-Paris derzeit unterbrochen;https://www.zeit.de/news/2026-08/07/ice-direktverbindung-berlin-paris-derzeit-unterbrochen;Hier finden Sie Informationen zu dem Thema „Internationaler Fernverkehr“. Lesen Sie jetzt „ICE-Direktverbindung Berlin-Paris derzeit unterbrochen“.;Internationaler Fernverkehr;News, Internationaler Fernverkehr, Berlin-Paris, Berlin, Paris, Tagesspiegel, Alstom, Deutsche Bahn, Fernverkehrsverbindung, Fernverkehr, Zugsicherungssystem, ICE;2026-08-07T16:03:38+02:00;2026-08-07T16:03:38+02:00;;dpa;false
d7e3dc6f79b4d269098340007a80a6d8815460c2cf51d5997de9835a3236a239;Einigung bei IAV: Stellenabbau und Standortsicherung;https://www.zeit.de/news/2026-08/07/einigung-bei-iav-stellenabbau-und-standortsicherung;Hier finden Sie Informationen zu dem Thema „Automobilindustrie“. Lesen Sie jetzt „Einigung bei IAV: Stellenabbau und Standortsicherung“.;Automobilindustrie;News, Automobilindustrie, Berlin-Charlottenburg, Berlin, Sachsen, Gifhorn, IG Metall, IAV, Standortsicherung, Stellenabbau, Zukunftstarifvertrag, Arbeitnehmerseite;2026-08-07T16:00:24+02:00;2026-08-07T16:00:24+02:00;;dpa;false
7e716dbd6c7738113c607103cf1fec6bd438fb10142ecc429f6d208050cd7d20;Erziehungstrick Economyclass;https://www.zeit.de/zeit-magazin/2026/34/kristin-cavallari-kinder-erziehung-wohlstand-reisen;Die Millionärin Kristin Cavallari lässt ihre Kinder Economyclass fliegen, während sie in der ersten Klasse sitzt. Nette Erziehungsidee – aber wir haben noch eine bessere.;"Z+ (abopflichtiger Inhalt);
        
    Kristin Cavallari";Urlaub, Eltern, Kinder, Reisen;2026-08-07T15:57:09+02:00;2026-08-07T15:57:09+02:00;Claire Beermann;Aus dem        ZEITmagazin Nr. 34/2026;false
6a9b342317c36228d842e3f0a1e332ee74ae1c25adec9e1f8778d0d5083a55e9;Unangenehmer Auftakt: Hannover 96 vor Partie in Cottbus;https://www.zeit.de/news/2026-08/07/unangenehmer-auftakt-hannover-96-vor-partie-in-cottbus;Hier finden Sie Informationen zu dem Thema „Saisonstart“. Lesen Sie jetzt „Unangenehmer Auftakt: Hannover 96 vor Partie in Cottbus“.;Saisonstart;News, Saisonstart, Cottbus, Niedersachsen, Titz, Hannover 96, Energie Cottbus, RTL, Fußball-Bundesliga, Saisonstart;2026-08-07T15:56:03+02:00;2026-08-07T15:56:03+02:00;;dpa Berlin/Brandenburg;false
34531c31eb1fdb8dcb24c2a51602a039608f4096b4de778a269cafe4f554adb1;Wohnmobil brennt – Schaulustige filmt Löscheinsatz;https://www.zeit.de/news/2026-08/07/wohnmobil-brennt-schaulustige-filmt-loescheinsatz;Hier finden Sie Informationen zu dem Thema „Filmen mit Folgen“. Lesen Sie jetzt „Wohnmobil brennt – Schaulustige filmt Löscheinsatz“.;Filmen mit Folgen;News, Filmen mit Folgen, Mertingen, Donau-Ries, Polizei, Löscheinsatz, Wohnmobil, Feuerwehreinsatz;2026-08-07T15:55:35+02:00;2026-08-07T15:55:35+02:00;;dpa Bayern;false
ff5f801ef1b8cd4a60ee04dff2aa0dc80440f31e1b647cfa60b5ac77125e92c8;Mann greift Neffen mit Axt an – Mordkommission ermittelt;https://www.zeit.de/news/2026-08/07/mann-greift-neffen-mit-axt-an-mordkommission-ermittelt;Hier finden Sie Informationen zu dem Thema „Angriff in der Nacht“. Lesen Sie jetzt „Mann greift Neffen mit Axt an – Mordkommission ermittelt“.;Angriff in der Nacht;News, Angriff in der Nacht, Minden, Mordkommission, Angriff;2026-08-07T15:55:21+02:00;2026-08-07T15:55:21+02:00;;dpa Nordrhein-Westfalen;false
023f4de2949953bcaa34babc309c39f5e2e1064bbd67b3bfd7d0f2b19a3fbff0;US-Luftfahrtaufsicht prüft Hunderte Boeing-Flugzeuge auf Risse;https://www.zeit.de/mobilitaet/2026-08/boeing-737-max-faa-risse-easa;Nach Rissen im Türbereich ordnet die US-Luftfahrtaufsicht die Untersuchung von 470 Boeing-Maschinen an. Präventiv wird auch eine bislang nicht betroffene Flotte geprüft.;USA;Mobilitaet, USA, USA, Boeing, Flugzeug, Verkehrssicherheit;2026-08-07T15:55:07+02:00;2026-08-07T15:55:07+02:00;maw;DIE ZEIT,        dpa,        							maw;false
a981719268fcfb01ff5b532c5ce52ada550521651fe6ef008b662a291c5271ec;«Kalte Dusche»: US-Beschäftigung schrumpft überraschend;https://www.zeit.de/news/2026-08/07/kalte-dusche-us-beschaeftigung-schrumpft-ueberraschend;Hier finden Sie Informationen zu dem Thema „Arbeitsmarkt“. Lesen Sie jetzt „«Kalte Dusche»: US-Beschäftigung schrumpft überraschend“.;Arbeitsmarkt;News, Arbeitsmarkt, USA, Washington, Arbeitsministerium;2026-08-07T15:53:04+02:00;2026-08-07T15:53:04+02:00;;dpa;false
322956ee7f9d2ab91d6b954575fb975c1244f16e8d652ce5e05e76ba7126cf87;Pakistan, Türkei, Saudi-Arabien: Was bedeutet der neue Pakt?;https://www.zeit.de/news/2026-08/07/tuerkei-saudi-arabien-und-pakistan-schliessen-militaerpakt;Hier finden Sie Informationen zu dem Thema „Militärische Bündnisse“. Lesen Sie jetzt „Pakistan, Türkei, Saudi-Arabien: Was bedeutet der neue Pakt?“.;Militärische Bündnisse;News, Militärische Bündnisse, Türkei, Saudi-Arabien, Pakistan, Mekka, Nato, Treffen, Militärpakt, Verteidigungspakt, Golfmonarchie, Atommacht;2026-08-07T15:52:26+02:00;2026-08-07T15:52:26+02:00;;dpa;false
8aa1b1c5e06ca3f6db3d4b954f7aad358638e6cc575a7d2277c531abdca4e778;Erster Elefant im Zoo Magdeburg geboren;https://www.zeit.de/news/2026-08/07/erster-elefant-im-zoo-magdeburg-geboren;Hier finden Sie Informationen zu dem Thema „Geburt dauerte 14 Minuten“. Lesen Sie jetzt „Erster Elefant im Zoo Magdeburg geboren“.;Geburt dauerte 14 Minuten;News, Geburt dauerte 14 Minuten, Magdeburg, Elefant;2026-08-07T15:50:07+02:00;2026-08-07T15:50:07+02:00;;dpa Sachsen;false
aacd18e7e6d5cadf4aae7a2b6ed603857929d3d5ff10d06d08ff1e1ae2d7214f;ICE von Berlin bis Paris fällt wegen technischer Probleme vorerst aus;https://www.zeit.de/mobilitaet/2026-08/ice-verbindung-berlin-paris-deutsche-bahn-alstom-zugsicherungssystem;Fahrgäste, die zwischen Berlin und Paris unterwegs sind, müssen aktuell in Frankfurt oder Mannheim umsteigen. Wegen technischer Fehler fällt die Direktverbindung aus.;Europäische Zugfahrt;Mobilitaet, Europäische Zugfahrt, Berlin, Paris, Deutsche Bahn, Fernverkehr;2026-08-07T15:48:25+02:00;2026-08-07T15:48:25+02:00;edd;DIE ZEIT,        AFP,        							edd;false
37f9b06b863031b0f0d35f819953b3138078af47edfadb19226678c7519a6e1d;Adduktorenverletzung: Nebel fehlt Mainz 05;https://www.zeit.de/news/2026-08/07/adduktorenverletzung-nebel-fehlt-mainz-05;Hier finden Sie Informationen zu dem Thema „Fußball-Bundesliga“. Lesen Sie jetzt „Adduktorenverletzung: Nebel fehlt Mainz 05“.;Fußball-Bundesliga;News, Fußball-Bundesliga, Paul Nebel, Mainz, 1. FSV Mainz 05, 1. FSV Mainz, Fußball-Bundesliga, Adduktorenverletzung, Saisonstart;2026-08-07T15:48:11+02:00;2026-08-07T15:48:11+02:00;;dpa Rheinland-Pfalz/Saarland;false
28ff66d43dec7eecb8b720fc30e3bcc54b471ebfd2d6f30a5ebeb8dfae7676ae;Lottogewinn: Nur eine Zahl fehlte zum 50-Millionen-Jackpot;https://www.zeit.de/news/2026-08/06/lottogewinn-nur-eine-zahl-fehlte-zum-50-millionen-jackpot;Hier finden Sie Informationen zu dem Thema „6 aus 49“. Lesen Sie jetzt „Lottogewinn: Nur eine Zahl fehlte zum 50-Millionen-Jackpot“.;6 aus 49;News, 6 aus 49, Main-Kinzig, Lottogewinn;2026-08-07T15:47:14+02:00;2026-08-07T15:47:14+02:00;;dpa Hessen;false
13f72b0fd00328b349dbf05bb19ce7da61628fb070ab6387e3c17f2f48b361a4;Staat zahlt 900.000 Euro für Hotelkosten nach Stromausfall;https://www.zeit.de/gesellschaft/zeitgeschehen/2026-08/stromausfall-berlin-steglitz-zehlendorf-hotelkosten-erstattung;Nach dem großen Stromausfall im Berliner Südwesten mussten viele Menschen vorübergehend in Hotels ausweichen. Der Staat erstattete in den meisten Fällen die Kosten dafür.;Stromausfall in Berlin;Gesellschaft, Stromausfall in Berlin, Berlin, Stromausfall, Hotel, Erstattung;2026-08-07T15:46:44+02:00;2026-08-07T15:46:44+02:00;akm;DIE ZEIT,        dpa,        							akm;false
af10487136de515468eadc48459ebde88303b3ae911c8acb90eb9c0ec1f44022;Trump: Neuer Anlauf für Beschränkung von US-Geburtsrecht;https://www.zeit.de/news/2026-08/07/trump-neuer-anlauf-fuer-beschraenkung-von-us-geburtsrecht;Hier finden Sie Informationen zu dem Thema „US-Geburtsrecht“. Lesen Sie jetzt „Trump: Neuer Anlauf für Beschränkung von US-Geburtsrecht“.;US-Geburtsrecht;News, US-Geburtsrecht, Donald Trump, Stephen Miller, USA, Disneyland, Beschränkung, Mütter, Supreme Court;2026-08-07T15:42:52+02:00;2026-08-07T15:42:52+02:00;;dpa;false
1057909ff04391e17fefec833ed332e86a8311e554dd635cb5e544f197498948;40-Jähriger greift Ex-Partnerin und Nachbar mit Messer an;https://www.zeit.de/news/2026-08/07/40-jaehriger-greift-ex-partnerin-und-nachbar-mit-messer-an;Hier finden Sie Informationen zu dem Thema „Er drang in Wohnung ein“. Lesen Sie jetzt „40-Jähriger greift Ex-Partnerin und Nachbar mit Messer an“.;Er drang in Wohnung ein;News, Er drang in Wohnung ein, Reutlingen, Staatsanwaltschaft, Polizei;2026-08-07T15:41:32+02:00;2026-08-07T15:41:32+02:00;;dpa Baden-Württemberg;false
53e597fd0a013717bb540607f67e1012f934e9db759773ff9bd848693d35e0df;Messerangriff auf Ehefrau – Tochter greift ein;https://www.zeit.de/news/2026-08/07/messerangriff-auf-ehefrau-tochter-greift-ein;Hier finden Sie Informationen zu dem Thema „Kriminalität“. Lesen Sie jetzt „Messerangriff auf Ehefrau – Tochter greift ein“.;Kriminalität;News, Kriminalität, Duisburg, Polizei, Messerangriff;2026-08-07T15:39:58+02:00;2026-08-07T15:39:58+02:00;;dpa Nordrhein-Westfalen;false
7aa9766783dba0173675eba0e065d2c422b83df81fdd41b38bed5384f50768b0;Niedrigwasser der Donau gibt tote Wehrmachtssoldaten frei;https://www.zeit.de/news/2026-08/07/niedrigwasser-der-donau-gibt-tote-wehrmachtssoldaten-frei;Hier finden Sie Informationen zu dem Thema „Kriegsfunde“. Lesen Sie jetzt „Niedrigwasser der Donau gibt tote Wehrmachtssoldaten frei“.;Kriegsfunde;News, Kriegsfunde, Donau, Budapest, Volksbund Deutsche Kriegsgräberfürsorge, Niedrigwasser, Kriegsfund, Tellermine;2026-08-07T15:39:37+02:00;2026-08-07T15:39:37+02:00;;dpa;false
3fff9f5c5b0aca03328766e3c914fb3872bbbbc57721cbd28b2d4fccb26c50a1;Prozess um betrügerischen Hauskauf;https://www.zeit.de/news/2026-08/07/prozess-um-betruegerischen-hauskauf;Hier finden Sie Informationen zu dem Thema „Gericht“. Lesen Sie jetzt „Prozess um betrügerischen Hauskauf“.;Gericht;News, Gericht, Hückelhoven, Heinsberg, Mönchengladbach, Amtsgericht, Hauskauf, Ehepaar, Zwangsräumung, Kaufpreis;2026-08-07T15:38:42+02:00;2026-08-07T15:38:42+02:00;;dpa Nordrhein-Westfalen;false
7af3862cbd4b503e30a7d8415e3787b408d8c5e4842877ee5136b9d6c75858dd;Stammkunden vermisst: Bäckerin rettet Senioren-Paar in Not;https://www.zeit.de/news/2026-08/07/stammkunden-vermisst-baeckerin-rettet-senioren-paar-in-not;Hier finden Sie Informationen zu dem Thema „Speyer“. Lesen Sie jetzt „Stammkunden vermisst: Bäckerin rettet Senioren-Paar in Not“.;Speyer;News, Speyer, Speyer, Polizei, Senioren, Bäckerei;2026-08-07T15:37:06+02:00;2026-08-07T15:37:06+02:00;;dpa Rheinland-Pfalz/Saarland;false
015ca3852916d0cfe3149d386dface768166345f428dd372f036d52faec9c587;Obduktion: Kleinkind in Preetz ertrank im Pool;https://www.zeit.de/news/2026-08/07/vermisstes-kleinkind-in-preetz-tod-durch-ertrinken;Hier finden Sie Informationen zu dem Thema „Schleswig-Holstein“. Lesen Sie jetzt „Obduktion: Kleinkind in Preetz ertrank im Pool“.;Schleswig-Holstein;News, Schleswig-Holstein, Michael Bimler, Preetz, Schleswig-Holstein, Kiel, Polizei, Obduktion;2026-08-07T15:31:14+02:00;2026-08-07T15:31:14+02:00;;dpa;false
7351279831fe2466258186f00dd320c1c17d263fd8e39a0b1fd12faab2211148;Hautnahe Naturerfahrung für Spitzenpolitiker im Watt;https://www.zeit.de/news/2026-08/07/hautnahe-naturerfahrung-fuer-spitzenpolitiker-im-watt;Hier finden Sie Informationen zu dem Thema „Nationalpark Wattenmeer“. Lesen Sie jetzt „Hautnahe Naturerfahrung für Spitzenpolitiker im Watt“.;Nationalpark Wattenmeer;News, Nationalpark Wattenmeer, Daniel Günther, Tobias Goldschmidt, Schleswig-Holstein, Dagebüll, Nordfriesland, Nationalpark Wattenmeer, Wattenmeer, CDU, Naturerfahrung, Wattwanderung;2026-08-07T15:29:57+02:00;2026-08-07T15:29:57+02:00;;dpa Hamburg/Schleswig-Holstein;false
4a5c98a6611638843daa399c62cdfcf23b1554fda24e436f638a97200e4d4716;Mutmaßlicher Trickbetrüger in Mölln festgenommen;https://www.zeit.de/news/2026-08/07/mutmasslicher-trickbetrueger-in-moelln-festgenommen;Hier finden Sie Informationen zu dem Thema „Ermittlungen dauern an“. Lesen Sie jetzt „Mutmaßlicher Trickbetrüger in Mölln festgenommen“.;Ermittlungen dauern an;News, Ermittlungen dauern an, Mölln, Kreis Herzogtum Lauenburg, Polizei;2026-08-07T15:29:28+02:00;2026-08-07T15:29:28+02:00;;dpa Hamburg/Schleswig-Holstein;false
a30c6854b9fbfcd75bc3e5a9c4717b427e3afb42f77272c25a57258767114680;Leblose Frau aus Ostsee geborgen - Polizei ermittelt;https://www.zeit.de/news/2026-08/07/leblose-frau-aus-ostsee-geborgen-polizei-ermittelt;Hier finden Sie Informationen zu dem Thema „Notfälle“. Lesen Sie jetzt „Leblose Frau aus Ostsee geborgen - Polizei ermittelt“.;Notfälle;News, Notfälle, Ostsee, Polizei, Notfall, Reanimationsmaßnahme, Badestrand;2026-08-07T15:25:49+02:00;2026-08-07T15:25:49+02:00;;dpa Mecklenburg-Vorpommern;false
f0666df6a4cabef29e002473a21e5554c1ce46774a84454954a0a3520a59d715;Sächsische Schweiz nach Unwetter teilweise gesperrt;https://www.zeit.de/news/2026-08/01/saechsische-schweiz-gesperrt-lebensgefahr-durch-sturmschaeden;Hier finden Sie Informationen zu dem Thema „Nationalpark“. Lesen Sie jetzt „Sächsische Schweiz nach Unwetter teilweise gesperrt“.;Nationalpark;News, Nationalpark, Sächsische Schweiz, Sturmschaden, Lebensgefahr, Polenztal, Unwetter;2026-08-07T15:23:25+02:00;2026-08-07T15:23:25+02:00;;dpa;false
64f2e16927cb152639bc90261d0a901b3dcefa279282953e44f1b1547dc40f22;Polizei beendet Hilfsangebot am CSD-Anschlagsort;https://www.zeit.de/news/2026-08/07/polizei-beendet-hilfsangebot-am-csd-anschlagsort;Hier finden Sie Informationen zu dem Thema „Nach dem Terroranschlag“. Lesen Sie jetzt „Polizei beendet Hilfsangebot am CSD-Anschlagsort“.;Nach dem Terroranschlag;News, Nach dem Terroranschlag, Berlin, Polizei, Christopher Street Day, Hilfsangebot, Betreuungsangebot, Anschlagsort, Terroranschlag;2026-08-07T15:19:54+02:00;2026-08-07T15:19:54+02:00;;dpa Berlin/Brandenburg;false
2ae03887278cd358a974def2e93f6dcbfbdc37ef1296a40f358ea9de8f0a4baf;Meteorologen rechnen zum Wochenende erneut mit Hitze in Deutschland;https://www.zeit.de/wissenschaft/umwelt/2026-08/wetter-deutschland-temperaturen-sueddeutschland-deutscher-wetterdienst;In weiten Teilen Deutschlands soll es am Wochenende wieder Temperaturen bis zu 36 Grad geben. Nachts erwarten die Experten zunächst noch kühlere Temperaturen.;Hitzewelle;Wissenschaft, Hitzewelle, DWD, Wetter, Hitze;2026-08-07T15:18:27+02:00;2026-08-07T15:18:27+02:00;maw;DIE ZEIT,        dpa,        							maw;false
ccb495b91ce58762a0a62e3fc9a5b6aaede9d55b74b774987f3dd4679f0fb998;»Nahe der Kathedrale Notre-Dame gestand ich ihm, dass ich mich in ihn verliebt hatte«;https://www.zeit.de/zeit-magazin/2026/34/homosexualitaet-alter-partnerschaft-familie-akzeptanz-liebeskolumne;Mit Mitte 50 zerbricht seine Ehe. Dann spürt er, dass er eigentlich auf Männer steht – und erlebt die große Liebe mit einem Mann, der kaum älter ist als seine Söhne.;"Z+ (abopflichtiger Inhalt);
        
    Homosexualität im Alter";Homosexualität, Liebe, Beziehung, Alter;2026-08-07T15:18:03+02:00;2026-08-07T15:18:03+02:00;Frauke Döhring;Aus dem        ZEITmagazin Nr. 34/2026;false
72bac5215b394ab7c945e5da372ec189b6f03f7b8c2098dd3683465dd0449835;Hoeneß lässt Kapitänsfrage beim VfB Stuttgart offen;https://www.zeit.de/news/2026-08/07/hoeness-laesst-kapitaensfrage-beim-vfb-stuttgart-offen;Hier finden Sie Informationen zu dem Thema „Fußball-Bundesliga“. Lesen Sie jetzt „Hoeneß lässt Kapitänsfrage beim VfB Stuttgart offen“.;Fußball-Bundesliga;News, Fußball-Bundesliga, Sebastian Hoeneß, Dennis Seimen, Atakan Karazor, Grassau, VfB Stuttgart, Deutscher Fußball-Bund, Hansa Rostock, Fußball-Bundesliga, Kapitänsfrage, Testspiel;2026-08-07T15:17:17+02:00;2026-08-07T15:17:17+02:00;;dpa Baden-Württemberg;false
1e15cadbfb86dd327b565fdbf726bb572f286aacec357e502554c1229a9aa1fb;Billig-Hotel-Blues;https://www.zeit.de/2026/34/everytime-film-trauer-birgit-minichmayr-sandra-wollner;In ihrem fintenreichen Film »Everytime« beschwört Sandra Wollner das Unbehagen am Alltäglichen herauf. Bis die Sonne als sanft leuchtender Würfel über dem Meer steht.;"Z+ (abopflichtiger Inhalt);
        
    »Everytime« von Sandra Wollner";Feuilleton, »Everytime« von Sandra Wollner, Filmrezension, Kino, Regisseur, Cannes;2026-08-07T15:17:11+02:00;2026-08-07T15:17:11+02:00;Sabine Horst;Aus der        ZEIT Nr. 34/2026;false
cd4d7025e2d00ecd2e707a6cae2c5e3628e27e1359c53772d68d37ab144cf11d;Meta soll 567 Millionen Dollar in Fonds für Kinder zahlen;https://www.zeit.de/news/2026-08/07/meta-soll-567-millionen-dollar-in-fonds-fuer-kinder-zahlen;Hier finden Sie Informationen zu dem Thema „Facebook-Konzern“. Lesen Sie jetzt „Meta soll 567 Millionen Dollar in Fonds für Kinder zahlen“.;Facebook-Konzern;News, Facebook-Konzern, New Mexico, Meta, Facebook, Instagram, Fonds, Gerichtsentscheidung;2026-08-07T15:16:22+02:00;2026-08-07T15:16:22+02:00;;dpa;false
67ab935cf4132cde7fb7f7e2ce939f32db11255a8b0e549cec7936719852d2d7;Mann soll mit falschen Kennzeichen Sprit gestohlen haben;https://www.zeit.de/news/2026-08/07/mann-soll-mit-falschen-kennzeichen-sprit-gestohlen-haben;Hier finden Sie Informationen zu dem Thema „Wohnungsdurchsuchung“. Lesen Sie jetzt „Mann soll mit falschen Kennzeichen Sprit gestohlen haben“.;Wohnungsdurchsuchung;News, Wohnungsdurchsuchung, Sigmaringen, Polizei, Staatsanwaltschaft, Sprit, Wohnungsdurchsuchung, Mietwagen;2026-08-07T15:12:56+02:00;2026-08-07T15:12:56+02:00;;dpa Baden-Württemberg;false
f1206f37cd635f586b73cad5d53dad1522d2111a8b6529e9743bbdf1780e25b0;Kölner Staatsschutz prüft Sabotage nach Beschädigungen von Bahnkabel;https://www.zeit.de/gesellschaft/zeitgeschehen/2026-08/leverkusen-sabotage-bahn-kabelschacht-kommando-angry-birds-gxe;Unbekannte sollen nachts in Leverkusen mehrere Kabel- und Datenkabel der Deutschen Bahn gekappt haben. Der polizeiliche Staatsschutz geht einem Sabotageverdacht nach.   ;Sabotage-Verdacht in Leverkusen;Gesellschaft, Sabotage-Verdacht in Leverkusen, Deutsche Bahn, Nordrhein-Westfalen, Polizei, Sabotage;2026-08-07T15:12:37+02:00;2026-08-07T15:12:37+02:00;bda;DIE ZEIT,        AFP,        							bda;false
e6ba4d5dacb2893ed89b0eefb9f4aa49b54ad22e713790c217c318d47f611325;Ministerin entschuldigt sich bei Schülern für zu schlechte Abschlüsse;https://www.zeit.de/politik/deutschland/2026-08/schule-niedersachsen-zeugnis-fehler-julia-willie-hamburg-gxe;Mehr als 100 Schülerinnen und Schüler erhielten an einer Schule in Vechta falsche Abschlüsse. Niedersachsens Kultusministerin Julia Willie Hamburg bittet um Verzeihung.;Niedersachsen;Politik, Niedersachsen, Niedersachsen, Bildung, Schule, Schüler, Zeugnis, Julia Willie Hamburg;2026-08-07T15:11:40+02:00;2026-08-07T15:11:40+02:00;akm;DIE ZEIT,        KNA,        							akm;false
b04a0aa6bc1f71f0addaa613bd602c413d47e1441b827aa3f3eca5f54eff8d5c;Züchter insolvent - Lösungen für viele Standorte gefunden;https://www.zeit.de/news/2026-08/07/zuechter-insolvent-loesungen-fuer-viele-standorte-gefunden;Hier finden Sie Informationen zu dem Thema „Tierwohl“. Lesen Sie jetzt „Züchter insolvent - Lösungen für viele Standorte gefunden“.;Tierwohl;News, Tierwohl, Niedersachsen, Sachsen-Anhalt, Tierwohl, Schweinezuchtunternehmen, Standort, Insolvenz;2026-08-07T15:10:11+02:00;2026-08-07T15:10:11+02:00;;dpa Sachsen;false
463dd393447fa94e0002e53f4bd79e31997371a48b581b9a6d42637c551eb004;Auto von U-Bahn erfasst – Zwei Verletzte in Klinik;https://www.zeit.de/news/2026-08/07/auto-von-u-bahn-erfasst-zwei-verletzte-in-klinik;Hier finden Sie Informationen zu dem Thema „Unbeschrankter Bahnübergang“. Lesen Sie jetzt „Auto von U-Bahn erfasst – Zwei Verletzte in Klinik“.;Unbeschrankter Bahnübergang;News, Unbeschrankter Bahnübergang, Hochtaunuskreis, Auto;2026-08-07T15:10:08+02:00;2026-08-07T15:10:08+02:00;;dpa Hessen;false
72a3a0ba19b3e64093659e95ee22bdc806bb75ec4f5d88c8ce1cbc374fc22bbe;Waldbrand bei Bad Schwalbach gelöscht;https://www.zeit.de/news/2026-08/07/waldbrand-bei-bad-schwalbach-geloescht;Hier finden Sie Informationen zu dem Thema „Brände“. Lesen Sie jetzt „Waldbrand bei Bad Schwalbach gelöscht“.;Brände;News, Brände, Bad Schwalbach, Rheingau-Taunus-Kreis, Waldbrand, Brand, Wald;2026-08-07T15:08:46+02:00;2026-08-07T15:08:46+02:00;;dpa Hessen;false
1149d3cf1a9c302bc49539477d69cdd657204c1714efe4f5fa4dd722f4b4c45a;Mann auf Parkplatz lebensgefährlich verletzt;https://www.zeit.de/news/2026-08/07/mann-auf-parkplatz-lebensgefaehrlich-verletzt;Hier finden Sie Informationen zu dem Thema „Angriff in Weißenfels“. Lesen Sie jetzt „Mann auf Parkplatz lebensgefährlich verletzt“.;Angriff in Weißenfels;News, Angriff in Weißenfels, Mann, Weißenfels, Polizei, Angriff;2026-08-07T15:06:58+02:00;2026-08-07T15:06:58+02:00;;dpa Sachsen;false
90ea230cb5cfd3f5d6494187dbb4bbbe6d872be2f0e6df1a23eaf5c6303479fb;Norwegens Fußballverband fordert Infantino zum Rücktritt auf;https://www.zeit.de/sport/2026-08/norwegen-fussball-verband-nff-gianni-infantino-fifa-ruecktritt-lise-klaveness-gxe;In der Kritik an Gianni Infantino dringt Norwegens Fußball-Verbandspräsidentin auf dessen Rücktritt. Sepp Blatter schlägt sie als Infantinos Nachfolger vor.;Fifa-Krise;Sport, Fifa-Krise, Fußball, Fifa, Gianni Infantino, Norwegen;2026-08-07T14:59:52+02:00;2026-08-07T14:59:52+02:00;maw;DIE ZEIT,        SID,        dpa,        							maw;false
258d493288d5c348175f3531014803782a22582a33cb45fc34cb0879351c698f;Prozess: Großmutter erinnert sich an getöteten Enkel Fabian;https://www.zeit.de/news/2026-08/07/prozess-grossmutter-erinnert-sich-an-getoeteten-enkel-fabian;Hier finden Sie Informationen zu dem Thema „Mammutprozess“. Lesen Sie jetzt „Prozess: Großmutter erinnert sich an getöteten Enkel Fabian“.;Mammutprozess;News, Mammutprozess, Fabian Es, Holger Schütt, Rostock, Güstrow, Staatsanwaltschaft, Mammutprozess, Sitzungssaal, Großmutter;2026-08-07T14:59:16+02:00;2026-08-07T14:59:16+02:00;;dpa Mecklenburg-Vorpommern;false
1b8fee818945632ac31aa9c91e793d61ebab470ae63776b258f8631bd789db25;Neues Rekord-Tief an den Rhein-Pegeln;https://www.zeit.de/news/2026-08/07/neues-rekord-tief-an-den-rhein-pegeln;Hier finden Sie Informationen zu dem Thema „Niedrigwasser“. Lesen Sie jetzt „Neues Rekord-Tief an den Rhein-Pegeln“.;Niedrigwasser;News, Niedrigwasser, Rhein, Nordrhein-Westfalen, Düsseldorf, Emmerich, Köln, Pegelstand, Niedrigwasser, Tiefstwert, Messstation;2026-08-07T14:56:13+02:00;2026-08-07T14:56:13+02:00;;dpa Nordrhein-Westfalen;false
e4d5a29a28679e35e644fbcd80a648e38ca31ff78a7c29c982a1247ff0b4f200;US-Aufseher lassen gut 470 Boeing-Flugzeuge auf Risse prüfen;https://www.zeit.de/news/2026-08/07/us-aufseher-lassen-gut-470-boeing-flugzeuge-auf-risse-pruefen;Hier finden Sie Informationen zu dem Thema „Vorsichtsmaßnahme“. Lesen Sie jetzt „US-Aufseher lassen gut 470 Boeing-Flugzeuge auf Risse prüfen“.;Vorsichtsmaßnahme;News, Vorsichtsmaßnahme, Boeing, FAA, Boeing 737, Wall Street Journal, Vorsichtsmaßnahme;2026-08-07T14:52:10+02:00;2026-08-07T14:52:10+02:00;;dpa;false
92fe967b2b4abfaaae6ab43a3abe6432b314945e09751179e92cfc061f87daba;Alba Berlin bindet Kayil bis 2031 - Ziel bleibt NBA;https://www.zeit.de/news/2026-08/07/alba-berlin-bindet-kayil-bis-2031-ziel-bleibt-nba;Hier finden Sie Informationen zu dem Thema „Basketball“. Lesen Sie jetzt „Alba Berlin bindet Kayil bis 2031 - Ziel bleibt NBA“.;Basketball;News, Basketball, Himar Ojeda, Berlin, Alba, Alba Berlin, NBA, BB, Bundesliga, Titelverteidigung, Basketball;2026-08-07T14:51:39+02:00;2026-08-07T14:51:39+02:00;;dpa Berlin/Brandenburg;false
38f26f79c3ae168f7dc476ae7add4ebadb7747208b998a4a42476bafcb84a009;Crystal Meth bei Pkw-Kontrolle gefunden - Zwei Festnahmen;https://www.zeit.de/news/2026-08/07/crystal-meth-bei-pkw-kontrolle-gefunden-zwei-festnahmen;Hier finden Sie Informationen zu dem Thema „Wohnungen durchsucht“. Lesen Sie jetzt „Crystal Meth bei Pkw-Kontrolle gefunden - Zwei Festnahmen“.;Wohnungen durchsucht;News, Wohnungen durchsucht, Mücheln, Saalekreis, Polizei, Crystal Meth, Verkehrskontrolle, Auto, Drogen;2026-08-07T14:46:59+02:00;2026-08-07T14:46:59+02:00;;dpa Sachsen;false
a01a9a48f0149db26e2e7775640ae81b998b1ee1c8407c8295602a3a2ae6dcc1;Nationalpark Jasmund: Abbruch an der Kreideküste auf Rügen;https://www.zeit.de/news/2026-08/07/nationalpark-jasmund-abbruch-an-der-kreidekueste-auf-ruegen;Hier finden Sie Informationen zu dem Thema „Küstenabbruch“. Lesen Sie jetzt „Nationalpark Jasmund: Abbruch an der Kreideküste auf Rügen“.;Küstenabbruch;News, Küstenabbruch, Landkreis Vorpommern-Rügen, Kreideküste, Nationalpark, Abbruch, Küstenabbruch, Steilküste;2026-08-07T14:45:17+02:00;2026-08-07T14:45:17+02:00;;dpa Mecklenburg-Vorpommern;false
9383b0cf3c6d7ad04bc3524776c225129f3859a305d7467f65c0aeaa0cb37b7b;Niedrigwasser am Rhein treibt Transportkosten in die Höhe;https://www.zeit.de/news/2026-08/07/niedrigwasser-am-rhein-treibt-transportkosten-in-die-hoehe;Hier finden Sie Informationen zu dem Thema „Wirtschaft spürt Folgen“. Lesen Sie jetzt „Niedrigwasser am Rhein treibt Transportkosten in die Höhe“.;Wirtschaft spürt Folgen;News, Wirtschaft spürt Folgen, Saarland, Kaub, Pfalz, Rhein, Rheinland-Pfalz, Mittelrhein, BASF, IHK, Niedrigwasser, Transportkosten;2026-08-07T14:43:43+02:00;2026-08-07T14:43:43+02:00;;dpa Rheinland-Pfalz/Saarland;false
d40e67941a9d80f5298ac5e5d254e8c15e25f39fd33de08f3ba563037f932269;Wenig Regen lässt Grundwasser weiter sinken;https://www.zeit.de/news/2026-08/07/wenig-regen-laesst-grundwasser-weiter-sinken;Hier finden Sie Informationen zu dem Thema „Trockenheit in Hessen“. Lesen Sie jetzt „Wenig Regen lässt Grundwasser weiter sinken“.;Trockenheit in Hessen;News, Trockenheit in Hessen, Hessen, Grundwasser, Trockenheit, Messstelle;2026-08-07T14:43:22+02:00;2026-08-07T14:43:22+02:00;;dpa Hessen;false
e73832ec0558130a4b1364df17be3896467103b0a613b87ccb134622076b0b28;Radfahrerin wird bei Sturz lebensgefährlich verletzt;https://www.zeit.de/news/2026-08/07/radfahrerin-wird-bei-sturz-lebensgefaehrlich-verletzt;Hier finden Sie Informationen zu dem Thema „Verkehr“. Lesen Sie jetzt „Radfahrerin wird bei Sturz lebensgefährlich verletzt“.;Verkehr;News, Verkehr, Oberbayern, Polizei, Verkehr;2026-08-07T14:43:09+02:00;2026-08-07T14:43:09+02:00;;dpa Bayern;false
0b799b7fc07bc4f23c5ad59aa818276f91b9e5cc9e78e8b10a658eda4f8d45d0;Der Himmel selbst ist jetzt eine Waffe;https://www.zeit.de/feuilleton/2026-08/drohnen-drohnenfund-kontrolle-moderne;Drohnen entfesselten einst unsere Fantasie. Heute stehen sie für eine neue Form der Bedrohung, die Unsicherheit schafft und unsere Wahrnehmung von Krieg verändert. ;"Z+ (abopflichtiger Inhalt);
        
    Drohnen";Feuilleton, Drohnen, Drohne, Militär, Krieg in der Ukraine, Rüstungsindustrie, Nato;2026-08-07T14:42:24+02:00;2026-08-07T14:42:24+02:00;Dr. Peter Neumann;;false
0d8c966b6decb56757ae92146ab3faa85e9690608bae93b5019acbb2dbcbd422;»Einen solchen Sommer habe ich nie erlebt«;https://www.zeit.de/2026/34/schweiz-alpwirtschaft-hitze-trockenheit-wasserknappheit;In den Alpen geht den Landwirten Wasser und Futter für ihre Kühe aus. Einzelne versorgt die Schweizer Armee bereits aus der Luft. Andere sind auf sich gestellt.;"Z+ (abopflichtiger Inhalt);
        
    Hitze und Trockenheit in den Alpen";Wirtschaft, Hitze und Trockenheit in den Alpen, Schweiz, Landwirtschaft, Alpen, Dürre, Hitze, Extremwetter;2026-08-07T14:41:12+02:00;2026-08-07T14:41:12+02:00;Sarah Jäggi;Aus der        ZEIT Nr. 34/2026;false
fe96a0a02da33f2f0f42b0554af66c1079ca397f3d8cef2e0fc0c5cf2354a7e6;Elf Verletzte bei Auffahrunfall auf A61;https://www.zeit.de/news/2026-08/07/elf-verletzte-bei-auffahrunfall-auf-a61;Hier finden Sie Informationen zu dem Thema „Landkreis Ahrweiler“. Lesen Sie jetzt „Elf Verletzte bei Auffahrunfall auf A61“.;Landkreis Ahrweiler;News, Landkreis Ahrweiler, Landkreis Ahrweiler, Auffahrunfall, Auto;2026-08-07T14:41:07+02:00;2026-08-07T14:41:07+02:00;;dpa Rheinland-Pfalz/Saarland;false
4976b5c0eaedecbccb915e9fbc24d9198feaabaf4a91a2ecb197fea797d358f3;«Knappi-Gang» zu Gefängnis- und Bewährungsstrafen verurteilt;https://www.zeit.de/news/2026-08/07/knappi-gang-zu-gefaengnis-und-bewaehrungsstrafen-verurteilt;Hier finden Sie Informationen zu dem Thema „Gewalt-Exzesse in Dortmund“. Lesen Sie jetzt „«Knappi-Gang» zu Gefängnis- und Bewährungsstrafen verurteilt“.;Gewalt-Exzesse in Dortmund;News, Gewalt-Exzesse in Dortmund, Mann, Dortmund, Bewährungsstrafe, Jugendhaftstrafe;2026-08-07T14:38:39+02:00;2026-08-07T14:38:39+02:00;;dpa Nordrhein-Westfalen;false
75456ebd4b840c85e5bc78feb6cab55e5f2e40a3fd5f0768179159f331aa402d;Deal mit Windkraftgegner Trump: RWE stoppt Offshore-Projekte;https://www.zeit.de/news/2026-08/07/deal-mit-windkraftgegner-trump-rwe-stoppt-offshore-projekte;Hier finden Sie Informationen zu dem Thema „Windkraft in den USA“. Lesen Sie jetzt „Deal mit Windkraftgegner Trump: RWE stoppt Offshore-Projekte“.;Windkraft in den USA;News, Windkraft in den USA, Donald Trump, USA, New York, Kalifornien, Louisiana, RWE, Innenministerium, Windkraft, Windkraftanlage, Offshore;2026-08-07T14:37:40+02:00;2026-08-07T14:37:40+02:00;;dpa;false
91bafad51f85cddce6f8c7b2409080c50beec6d2b674c1072c338b4eaa6a8558;Fleischproduktion sinkt – Geflügel mit größtem Rückgang;https://www.zeit.de/news/2026-08/07/fleischproduktion-sinkt-gefluegel-mit-groesstem-rueckgang;Hier finden Sie Informationen zu dem Thema „Halbjahreszahlen“. Lesen Sie jetzt „Fleischproduktion sinkt – Geflügel mit größtem Rückgang“.;Halbjahreszahlen;News, Halbjahreszahlen, Fleischproduktion, Geflügel, Halbjahreszahl, Rückgang;2026-08-07T14:35:40+02:00;2026-08-07T14:35:40+02:00;;dpa;false
d25cfc0965656d77f7a38842625dd2454acad01a441f8d0d697d36aad1553e18;Trike-Fahrer stirbt bei Kollision – Enkel schwer verletzt;https://www.zeit.de/news/2026-08/07/trike-fahrer-stirbt-bei-kollision-enkel-schwer-verletzt;Hier finden Sie Informationen zu dem Thema „Unterfranken“. Lesen Sie jetzt „Trike-Fahrer stirbt bei Kollision – Enkel schwer verletzt“.;Unterfranken;News, Unterfranken, Burgpreppach, Kollision, Haßberg, Auto;2026-08-07T14:35:08+02:00;2026-08-07T14:35:08+02:00;;dpa Bayern;false
62e009a88c676f0c7a3183014cbbffd8eab47a9a0c73a780d319612d1733b9d3;Sternschnuppen-Regen zur partiellen Sonnenfinsternis;https://www.zeit.de/wissen/2023-08/perseiden-sternschnuppen-himmel-august-faq;August ist Sternschnuppenzeit. Die Perseiden sind diesmal gut zu beobachten, da kein Mondlicht stört. Zudem verfinstert sich auch noch die Sonne – zumindest zum Teil.;Perseiden;Wissen, Perseiden, Lewis Swift, Horace Tuttle, Carolin Liefke, Sternschnuppe, Astronomie, Weltraum, Naturwissenschaft, Physik, Forschung;2026-08-07T14:34:04+02:00;2026-08-07T14:34:04+02:00;David RechDieter HoßWas sind die Perseiden?Wann sind die Perseiden zu sehen?Wo sind die Perseiden zu sehen?Woher haben die Perseiden ihren Namen?Welche anderen Ströme sind im Sommer zu sehen?Wie entstehen Sternschnuppen?;;false
11c92e4d3fcc2c69b3c1eb82aefb125e07c8f6909d80d4d319112d5970ec456d;Mehrfamilienhaus nach Explosion und Brand weiter gesperrt;https://www.zeit.de/news/2026-08/07/mehrfamilienhaus-nach-explosion-und-brand-weiter-gesperrt;Hier finden Sie Informationen zu dem Thema „Brände“. Lesen Sie jetzt „Mehrfamilienhaus nach Explosion und Brand weiter gesperrt“.;Brände;News, Brände, Schwerin, Polizei, Explosion, Brand;2026-08-07T14:33:20+02:00;2026-08-07T14:33:20+02:00;;dpa Mecklenburg-Vorpommern;false
f9e93d5709c494c48e55a1ab68f10ef4ba128c99d629e2780d54f7b02d41b0c1;100 Tage Krause: Was Münchens OB bislang bewegt hat;https://www.zeit.de/news/2026-08/07/100-tage-krause-was-muenchens-ob-bislang-bewegt-hat;Hier finden Sie Informationen zu dem Thema „Landeshauptstadt“. Lesen Sie jetzt „100 Tage Krause: Was Münchens OB bislang bewegt hat“.;Landeshauptstadt;News, Landeshauptstadt, Dieter Reiter, Hans-Jochen Vogel, El Sabee, Dominik Krause, München, Prinzregentenstraße, SPD, Volt, Landeshauptstadt, Erdbeben;2026-08-07T14:30:46+02:00;2026-08-07T14:30:46+02:00;;dpa Bayern;false
3fe414de53c591af75bf3648259fc6b9d6a64a897a4b5e0448907cc084e564ef;Klose will's beim 1. FC Nürnberg scheppern lassen;https://www.zeit.de/news/2026-08/07/deshalb-hofft-klose-dass-es-beim-club-scheppert;Hier finden Sie Informationen zu dem Thema „2. Fußball-Bundesliga“. Lesen Sie jetzt „Klose will's beim 1. FC Nürnberg scheppern lassen“.;2. Fußball-Bundesliga;News, 2. Fußball-Bundesliga, Miroslav Klose, 1. FC Nürnberg, Dynamo Dresden, Fußball-Bundesliga, Bundesliga, Tatendrang, Fußball-Weltmeister;2026-08-07T14:29:33+02:00;2026-08-07T14:29:33+02:00;;dpa Bayern;false
9555f0615e7f33f54b39b06f5b16479b114a5224157f2cb8c549161a610863ec;BVG kritisiert «FreiFahren»-App als unsolidarisch;https://www.zeit.de/news/2026-08/07/bvg-kritisiert-freifahren-app-als-unsolidarisch;Hier finden Sie Informationen zu dem Thema „Berliner Nahverkehr“. Lesen Sie jetzt „BVG kritisiert «FreiFahren»-App als unsolidarisch“.;Berliner Nahverkehr;News, Berliner Nahverkehr, Johan Trieloff, BVG, Berliner Morgenpost, Nahverkehr, Ticketkontrolle;2026-08-07T14:25:57+02:00;2026-08-07T14:25:57+02:00;;dpa;false
13db96f7101380c346400ad4b8c2649e559a7c5e8451252322ed1dc0edfe2ac4;Bundespolizei warnt Drohnenpiloten vor Flugverbotszone;https://www.zeit.de/news/2026-08/07/bundespolizei-warnt-drohnenpiloten-vor-flugverbotszone;Hier finden Sie Informationen zu dem Thema „Über Social Media“. Lesen Sie jetzt „Bundespolizei warnt Drohnenpiloten vor Flugverbotszone“.;Über Social Media;News, Über Social Media, Kelsterbach, Mörfelden-Walldorf, Flörsheim, Frankfurt, Flughafen Frankfurt, Bundespolizei, DFS, Instagram, Flugverbotszone, Soziale Medien;2026-08-07T14:25:57+02:00;2026-08-07T14:25:57+02:00;;dpa Hessen;false
3d2d56173772b877111bc4b50a0658656830426e7f5ad8d816c6c27d8961dd70;Planschen fürs Volk: Berliner Volksbühne wird zum Freibad;https://www.zeit.de/news/2026-08/07/planschen-fuers-volk-berliner-volksbuehne-wird-zum-freibad;Hier finden Sie Informationen zu dem Thema „Theateraktion“. Lesen Sie jetzt „Planschen fürs Volk: Berliner Volksbühne wird zum Freibad“.;Theateraktion;News, Theateraktion, Matthias Lilienthal, Frank Castorf, René Pollesch, Berlin, Volksbühne Berlin, Münchner Kammerspiele, Freibad, Theateraktion, Sicherheit, Geld;2026-08-07T14:22:24+02:00;2026-08-07T14:22:24+02:00;;dpa;false
3cc61fc0b6e156a7f247d54b629b92ff74ac9e342ec6625c35b9881442df2a75;Hamburger Polizei erwischt mehr als 4.000 Temposünder;https://www.zeit.de/news/2026-08/07/hamburger-polizei-erwischt-mehr-als-4-000-temposuender;Hier finden Sie Informationen zu dem Thema „Verkehrskontrolle“. Lesen Sie jetzt „Hamburger Polizei erwischt mehr als 4.000 Temposünder“.;Verkehrskontrolle;News, Verkehrskontrolle, Hamburg, Polizei, Verkehrskontrolle, Geschwindigkeitskontrolle, Stadtgebiet;2026-08-07T14:20:30+02:00;2026-08-07T14:20:30+02:00;;dpa Hamburg/Schleswig-Holstein;false
cd3d79e1f8bb0f40981dfe7050f1c706648bf3c601b4c39441c347c9b4b02b13;Schläge und Tritte im Regionalexpress – Mann verletzt;https://www.zeit.de/news/2026-08/07/schlaege-und-tritte-im-regionalexpress-mann-verletzt;Hier finden Sie Informationen zu dem Thema „Gefährliche Körperverletzung“. Lesen Sie jetzt „Schläge und Tritte im Regionalexpress – Mann verletzt“.;Gefährliche Körperverletzung;News, Gefährliche Körperverletzung, Regionalexpress, Tritt;2026-08-07T14:20:07+02:00;2026-08-07T14:20:07+02:00;;dpa Hessen;false
99508a2a6d9d027271ef2a2f502c84e7e38502d2371c9043f263a3c97e133124;Polizei schießt auf Angreifer nach Ehestreit in Weinheim;https://www.zeit.de/news/2026-08/06/polizeieinsatz-in-weinheim;Hier finden Sie Informationen zu dem Thema „Kriminalität“. Lesen Sie jetzt „Polizei schießt auf Angreifer nach Ehestreit in Weinheim“.;Kriminalität;News, Kriminalität, Weinheim, Baden-Württemberg, Polizei, Polizeieinsatz;2026-08-07T14:19:47+02:00;2026-08-07T14:19:47+02:00;;dpa Baden-Württemberg;false
0649fbee715dafdd3cb15ca79336d43b132f92c79886dea4f4bff20bd9e3c671;Polizei durchkämmt Nordpiste am Leipziger Flughafen;https://www.zeit.de/politik/deutschland/2026-08/drohnen-flughafen-leipzig-halle-polizei-gxe;Eine Hundertschaft der Polizei sucht zu Fuß das Gelände an der nördlichen Startbahn des Flughafens Leipzig/Halle ab. Der Flugverkehr ist davon nicht beeinträchtigt.;Drohnenvorfall am Flughafen;Politik, Drohnenvorfall am Flughafen, Leipzig, Flughafen, Polizei, Drohne;2026-08-07T14:18:30+02:00;2026-08-07T14:18:30+02:00;akm;DIE ZEIT,        dpa,        							akm;false
ce1b96a5a793757887dc9e2032473b42d72e896911d18115f28f105d8cb03941;Schwer verletzter Wanderer zwischen zwei Gewittern gerettet;https://www.zeit.de/news/2026-08/07/schwer-verletzter-wanderer-zwischen-zwei-gewittern-gerettet;Hier finden Sie Informationen zu dem Thema „Einsatz“. Lesen Sie jetzt „Schwer verletzter Wanderer zwischen zwei Gewittern gerettet“.;Einsatz;News, Einsatz, Sachsen, Bad Reichenhall, Gewitter, Hochstaufe, Einsatzkraft, Mittelstaufensteig;2026-08-07T14:15:28+02:00;2026-08-07T14:15:28+02:00;;dpa Bayern;false
861743750bfc11ff83a0a2b06f4d2c8a302ddbb5324be1c80b4fabfe82e1401f;Knapp 26.000 Bürger stimmen über Carolabrücke ab;https://www.zeit.de/news/2026-08/07/knapp-26-000-buerger-stimmen-ueber-carolabruecke-ab;Hier finden Sie Informationen zu dem Thema „Brückenbau in Dresden“. Lesen Sie jetzt „Knapp 26.000 Bürger stimmen über Carolabrücke ab“.;Brückenbau in Dresden;News, Brückenbau in Dresden, Dresden, Brückenbau, Brückentwurf, Expertengremium;2026-08-07T14:14:38+02:00;2026-08-07T14:14:38+02:00;;dpa Sachsen;false
41c2a6b1fcf3dfc2cdfe1686b1479860c491a516da04a286df521de9e0b2d0fe;Deutsche auch nach Kabinettsumbildung unzufrieden mit Bundesregierung;https://www.zeit.de/politik/deutschland/2026-08/kabinettsumbildung-friedrich-merz-cdu-umfrage-infratest-dimap-gxe;Nur zwölf Prozent der Befragten glauben laut einer Umfrage, dass die neu aufgestellte Regierung besser arbeiten wird. Auch der Kanzler selbst hat schlechte Umfragewerte.;Infratest-Umfrage;Politik, Infratest-Umfrage, Bundesregierung, Friedrich Merz, Thorsten Frei, CDU, Umfrage;2026-08-07T14:12:21+02:00;2026-08-07T14:12:21+02:00;mga;DIE ZEIT,        Reuters,        							mga;false
aee3d3b2952a92f9bde15f76ee7a239a6a191fab58ac37cde9de22d942676f95;Kiosk-Mitarbeiter schlägt Räuber in die Flucht;https://www.zeit.de/news/2026-08/07/kiosk-mitarbeiter-schlaegt-raeuber-in-die-flucht;Hier finden Sie Informationen zu dem Thema „Versuchter Überfall“. Lesen Sie jetzt „Kiosk-Mitarbeiter schlägt Räuber in die Flucht“.;Versuchter Überfall;News, Versuchter Überfall, Mann, Moers, Niederrhein, Polizei, Überfall, Pfefferspray, Schusswaffe, Kiosk;2026-08-07T14:09:48+02:00;2026-08-07T14:09:48+02:00;;dpa Nordrhein-Westfalen;false
1166415079f74ab01f6b6dd1a71468983fc515718e946a0d10ed879cc8c8fd05;TSV Havelse in 96-Arena gegen VfB Stuttgart II;https://www.zeit.de/news/2026-08/07/wo-spielt-der-tsv-havelse-gegen-vfb-stuttgart-ii;Hier finden Sie Informationen zu dem Thema „3. Liga“. Lesen Sie jetzt „TSV Havelse in 96-Arena gegen VfB Stuttgart II“.;3. Liga;News, 3. Liga, Hannover, Niedersachsen, Heinz, TSV Havelse, VfB Stuttgart II, VfB Stuttgart, TSV 1860 München;2026-08-07T14:08:36+02:00;2026-08-07T14:08:36+02:00;;dpa Baden-Württemberg;false
cb88c8498dd761565d6d80194446a0d7f376d288dbe6b05aff85668b93be51b2;Cottbus-Trainer Wollitz: «Sind 17 Mal nicht auf Augenhöhe»;https://www.zeit.de/news/2026-08/07/cottbus-trainer-wollitz-sind-17-mal-nicht-auf-augenhoehe;Hier finden Sie Informationen zu dem Thema „2. Fußball-Bundesliga“. Lesen Sie jetzt „Cottbus-Trainer Wollitz: «Sind 17 Mal nicht auf Augenhöhe»“.;2. Fußball-Bundesliga;News, 2. Fußball-Bundesliga, Claus-Dieter Wollitz, Cottbus, Energie Cottbus, Hannover 96, Fußball-Bundesliga;2026-08-07T14:05:51+02:00;2026-08-07T14:05:51+02:00;;dpa Berlin/Brandenburg;false
146adc5914c1f6c361a55d105cc43edc26b4454cd391dc971ec853ac710c081e;Fabians Großmutter teils emotional im Mordprozess;https://www.zeit.de/news/2026-08/07/fabians-grossmutter-teils-emotional-im-mordprozess;Hier finden Sie Informationen zu dem Thema „21. Verhandlungstag“. Lesen Sie jetzt „Fabians Großmutter teils emotional im Mordprozess“.;21. Verhandlungstag;News, 21. Verhandlungstag, Rostock, Mordprozess, Verhandlungstag, Großmutter;2026-08-07T14:04:59+02:00;2026-08-07T14:04:59+02:00;;dpa Mecklenburg-Vorpommern;false
92bb07b4ee9d2e252727d1dbd03e07731dd5a2a32f51fb6ebf71779c9a3182f1;Wälder unter Druck - das sind die aktuellen Gefahren;https://www.zeit.de/news/2026-08/07/waelder-unter-druck-das-sind-die-aktuellen-gefahren;Hier finden Sie Informationen zu dem Thema „Trockenheit und Hitze“. Lesen Sie jetzt „Wälder unter Druck - das sind die aktuellen Gefahren“.;Trockenheit und Hitze;News, Trockenheit und Hitze, Michaela Kaniber, Bayern, CSU, Trockenheit, Borkenkäfer, Hitze, Wald, Brand;2026-08-07T14:02:57+02:00;2026-08-07T14:02:57+02:00;;dpa Bayern;false
a23eee7612f331f3dfa786a150a88145783a3104f1b1d6957e8533fe03138dd8;An der Berliner Volksbühne wird jetzt geplanscht;https://www.zeit.de/news/2026-08/07/an-der-berliner-volksbuehne-wird-jetzt-geplanscht;Hier finden Sie Informationen zu dem Thema „Theaterprojekt“. Lesen Sie jetzt „An der Berliner Volksbühne wird jetzt geplanscht“.;Theaterprojekt;News, Theaterprojekt, Matthias Lilienthal, Berlin, Volksbühne Berlin, Deutsche Presse-Agentur, Theaterprojekt;2026-08-07T13:58:25+02:00;2026-08-07T13:58:25+02:00;;dpa Berlin/Brandenburg;false
a9cda03c5c0bdc2b401175a3b3627fd189d03451ee6844d12b91e128335b6719;Großbrand in Gernsheim gelöscht - mehrere Verletzte;https://www.zeit.de/news/2026-08/07/grossbrand-in-gernsheim-geloescht-mehrere-verletzte;Hier finden Sie Informationen zu dem Thema „Feuerwehr im Einsatz“. Lesen Sie jetzt „Großbrand in Gernsheim gelöscht - mehrere Verletzte“.;Feuerwehr im Einsatz;News, Feuerwehr im Einsatz, Gernsheim, Groß-Gerau, Feuerwehr, Polizei, Großbrand, Entsorgungsfachbetrieb;2026-08-07T13:56:42+02:00;2026-08-07T13:56:42+02:00;;dpa Hessen;false
ac53aa54919766f7c4d1e313d8bf7d0293c74cfcdfb862d0813e66099d6320e8;Überfälle: Polizei nimmt 17-jährigen Tatverdächtigen fest;https://www.zeit.de/news/2026-08/07/polizei-fahndet-nach-17-jaehrigem-vielleicht-bewaffnet;Hier finden Sie Informationen zu dem Thema „Gütersloh“. Lesen Sie jetzt „Überfälle: Polizei nimmt 17-jährigen Tatverdächtigen fest“.;Gütersloh;News, Gütersloh, Gütersloh, Polizei;2026-08-07T13:56:14+02:00;2026-08-07T13:56:14+02:00;;dpa Nordrhein-Westfalen;false
b3bce5f6f056325042911295b0109df5c3a607ac4a3e4adf629540758244b202;Innenminister will stärkeren Schutz für Flughafen Leipzig;https://www.zeit.de/news/2026-08/07/innenminister-will-staerkeren-schutz-fuer-flughafen-leipzig;Hier finden Sie Informationen zu dem Thema „Innere Sicherheit“. Lesen Sie jetzt „Innenminister will stärkeren Schutz für Flughafen Leipzig“.;Innere Sicherheit;News, Innere Sicherheit, Armin Schuster, Sachsen, Frankfurt am Main, Leipzig, Flughafen Leipzig/Halle, CDU, Bundespolizei, Sprengsatz, Podcast;2026-08-07T13:55:36+02:00;2026-08-07T13:55:36+02:00;;dpa Sachsen;false
350f176fabfc2287da21e08b1bce11cc2c1deb3ee73bbd55a111a58649ccc5db;Stallbrand: Über 1.000 tote Schweine und Millionenschaden;https://www.zeit.de/news/2026-08/06/schweinestall-brennt-starke-rauchentwicklung;Hier finden Sie Informationen zu dem Thema „Bauernhof in Schwaben“. Lesen Sie jetzt „Stallbrand: Über 1.000 tote Schweine und Millionenschaden“.;Bauernhof in Schwaben;News, Bauernhof in Schwaben, Landkreis Aichach-Friedberg, Schweinestall, Rauchentwicklung, Hörmannsberg;2026-08-07T13:54:50+02:00;2026-08-07T13:54:50+02:00;;dpa Bayern;false
b4ce0c90c9722d62d703edfbb539be29c5e1b7339321f4a059ba13c76d51271e;Später Fahndungsfortschritt nach Mord an 19-Jähriger in Köln;https://www.zeit.de/news/2026-08/07/spaeter-fahndungsfortschritt-nach-mord-an-19-jaehriger-in-koeln;Hier finden Sie Informationen zu dem Thema „Kriminalität“. Lesen Sie jetzt „Später Fahndungsfortschritt nach Mord an 19-Jähriger in Köln“.;Kriminalität;News, Kriminalität, Köln, Staatsanwaltschaft, Fahndungsfortschritt, Mord;2026-08-07T13:52:12+02:00;2026-08-07T13:52:12+02:00;;dpa Nordrhein-Westfalen;false
1fdf17d2dcc109c855b7bcc20a28b92068d618475110af0be6985c3a9b5ffb01;Nach Messerangriff stellt sich Tatverdächtiger der Polizei;https://www.zeit.de/news/2026-08/07/nach-messerangriff-stellt-sich-tatverdaechtiger-der-polizei;Hier finden Sie Informationen zu dem Thema „Versuchtes Tötungsdelikt“. Lesen Sie jetzt „Nach Messerangriff stellt sich Tatverdächtiger der Polizei“.;Versuchtes Tötungsdelikt;News, Versuchtes Tötungsdelikt, München, Polizei, Messerangriff, Tötungsdelikt;2026-08-07T13:51:54+02:00;2026-08-07T13:51:54+02:00;;dpa Bayern;false
8c6d05690a6da65463fc01c4266e1f8d89c347e4bda24726adf4db3fe0ff031d;25.000 Ehrenamtliche nutzen Vergünstigungen – neue Anbieter;https://www.zeit.de/news/2026-08/07/25-000-ehrenamtliche-in-sachsen-nutzen-verguenstigungen;Hier finden Sie Informationen zu dem Thema „Ehrenamt“. Lesen Sie jetzt „25.000 Ehrenamtliche nutzen Vergünstigungen – neue Anbieter“.;Ehrenamt;News, Ehrenamt, Sachsen, Vergünstigung, Ehrenamt, Ehrenamtskarte;2026-08-07T13:47:24+02:00;2026-08-07T13:47:24+02:00;;dpa Sachsen;false
fe9695e393074d721964baf4a180f6f4e42fd25be77b706394a307e4e0228af9;Was Hessens Schülerschaft im neuen Schuljahr erwartet;https://www.zeit.de/news/2026-08/07/kultusminister-stellt-neuerungen-zum-schulstart-vor;Hier finden Sie Informationen zu dem Thema „Bildung“. Lesen Sie jetzt „Was Hessens Schülerschaft im neuen Schuljahr erwartet“.;Bildung;News, Bildung, Armin Schwarz, Wiesbaden, CDU, Schulstart, Neuerung, Sommerferien;2026-08-07T13:46:56+02:00;2026-08-07T13:46:56+02:00;;dpa Hessen;false
ecda5da92b1e670ba70135fd4e465d3e5e2a9010749002391b5e071fe69220bb;Hamburg gehört fast die Hälfte der Stadtfläche;https://www.zeit.de/news/2026-08/07/hamburg-gehoert-fast-die-haelfte-der-stadtflaeche;Hier finden Sie Informationen zu dem Thema „Grundstücke“. Lesen Sie jetzt „Hamburg gehört fast die Hälfte der Stadtfläche“.;Grundstücke;News, Grundstücke, Andreas Dressel, Hamburg, SPD, Stadtfläche, Grundstück;2026-08-07T13:43:25+02:00;2026-08-07T13:43:25+02:00;;dpa Hamburg/Schleswig-Holstein;false
0295364853b51c78e6f20ac77185daa6393c0bcab7d9ea3e47d11c72d6a1d49a;29-Jähriger bei Streit mit Männergruppe schwer verletzt;https://www.zeit.de/news/2026-08/07/29-jaehriger-bei-streit-mit-maennergruppe-schwer-verletzt;Hier finden Sie Informationen zu dem Thema „Ludwigshafen“. Lesen Sie jetzt „29-Jähriger bei Streit mit Männergruppe schwer verletzt“.;Ludwigshafen;News, Ludwigshafen, Mann, Ludwigshafen, Polizei, Männergruppe;2026-08-07T13:42:52+02:00;2026-08-07T13:42:52+02:00;;dpa Rheinland-Pfalz/Saarland;false
18e0a93954608d52095283d27c4c60da4093c31dde3562ae49a84fe7e4c0ae3a;Schleuser bringen Asiatinnen zur Prostitution nach Bayern;https://www.zeit.de/news/2026-08/07/schleuser-bringen-asiatinnen-zur-prostitution-nach-bayern;Hier finden Sie Informationen zu dem Thema „Verbotene Prostitution“. Lesen Sie jetzt „Schleuser bringen Asiatinnen zur Prostitution nach Bayern“.;Verbotene Prostitution;News, Verbotene Prostitution, Mann, Polizei, Prostitution;2026-08-07T13:40:23+02:00;2026-08-07T13:40:23+02:00;;dpa Bayern;false
7b0ccb528ec2e684354d3866925a1bb4d73a5e7ddcb84ab671ff6c93aba889b2;Sie verspeist Männer – Warum es mehr Gottesanbeterinnen gibt;https://www.zeit.de/news/2026-08/07/sie-verspeist-maenner-warum-es-mehr-gottesanbeterinnen-gibt;Hier finden Sie Informationen zu dem Thema „Insekten“. Lesen Sie jetzt „Sie verspeist Männer – Warum es mehr Gottesanbeterinnen gibt“.;Insekten;News, Insekten, Ronald Bellstedt, Mann, Thüringen, Naturschutzbund Deutschland, Gottesanbeterin, Insekt, Sommer, Tiere;2026-08-07T13:40:07+02:00;2026-08-07T13:40:07+02:00;;dpa Thüringen;false
3a8b7a07f219808e0cfa8850f4c6163b66aef8c08373d52ac2534f8e91424882;Er hört zwar schlecht, aber schwimmt dafür umso besser;https://www.zeit.de/arbeit/2026-07/rettungsschwimmer-alter-reinhard-gall-badetote;Reinhard Gall ist mit 81 der älteste Rettungsschwimmer Deutschlands. Er macht weiter, weil der Nachwuchs fehlt – und verrät auf seinem Turm die größte Gefahr des Meeres.;"Z+ (abopflichtiger Inhalt);
        
    Rettungsschwimmer im Alter";Arbeit, Rettungsschwimmer im Alter, DLRG, Badeunfall, schwimmen, Ostsee;2026-08-07T13:38:16+02:00;2026-08-07T13:38:16+02:00;Henrik RampeMartin Pauer;;false
0649fbee715dafdd3cb15ca79336d43b132f92c79886dea4f4bff20bd9e3c671;Polizei durchkämmt Nordpiste am Leipziger Flughafen;https://www.zeit.de/news/2026-08/07/polizei-durchkaemmt-nordpiste-am-leipziger-flughafen;Hier finden Sie Informationen zu dem Thema „Innere Sicherheit“. Lesen Sie jetzt „Polizei durchkämmt Nordpiste am Leipziger Flughafen“.;Innere Sicherheit;News, Innere Sicherheit, Flughafen Leipzig/Halle, Polizei, Deutsche Presse-Agentur, Nordpiste, Drohnenvorfall, Flughafen, Hundertschaft, Geländer, Landebahn, Einsatzkraft;2026-08-07T13:37:20+02:00;2026-08-07T13:37:20+02:00;;dpa Sachsen;false
674f3b88d480ef38620ef3fe7f95caaf68a07e63423f6245d21741d83bb135be;Tarifverhandlung für Seehäfen - Kommt es zu einer Einigung?;https://www.zeit.de/news/2026-08/07/tarifverhandlung-fuer-seehaefen-kommt-es-zu-einer-einigung;Hier finden Sie Informationen zu dem Thema „Tarifverhandlungen“. Lesen Sie jetzt „Tarifverhandlung für Seehäfen - Kommt es zu einer Einigung?“.;Tarifverhandlungen;News, Tarifverhandlungen, Bremerhaven, Zentralverband der deutschen Seehafenbetriebe ZDS, Tarifverhandlung, Seehafen, Hafenbetrieb;2026-08-07T13:36:34+02:00;2026-08-07T13:36:34+02:00;;dpa Hamburg/Schleswig-Holstein;false
0b8f1039f065bc5ef1e49280254f24cf36095de8f6f7ee558dfa19f578ee039f;«Zuständigkeitswirrwarr»? Debatte um Drohnenabwehr entbrannt;https://www.zeit.de/news/2026-08/07/zentralisieren-oder-nicht-diskussion-ueber-drohnenabwehr;Hier finden Sie Informationen zu dem Thema „Innere Sicherheit“. Lesen Sie jetzt „«Zuständigkeitswirrwarr»? Debatte um Drohnenabwehr entbrannt“.;Innere Sicherheit;News, Innere Sicherheit, Thomas Röwekamp, Sebastian Fiedler, Flughafen Leipzig/Halle, Bundestag, CDU, Bundesinnenministerium, Bundespolizei, RedaktionsNetzwerk Deutschland, SPD, Rheinische Post;2026-08-07T13:35:48+02:00;2026-08-07T13:35:48+02:00;;dpa;false
0b3af93a5115a215077678c34bdc00bfb85417c89bd07044192f035401fc980b;Deutlich mehr Schwarzwild in MV erlegt;https://www.zeit.de/news/2026-08/07/deutlich-mehr-schwarzwild-in-mv-erlegt;Hier finden Sie Informationen zu dem Thema „Wildstreckenstatistik“. Lesen Sie jetzt „Deutlich mehr Schwarzwild in MV erlegt“.;Wildstreckenstatistik;News, Wildstreckenstatistik, Till Backhaus, Mecklenburg-Vorpommern, BMELV, Schwarzwild, Wildstreckenstatistik, Jagdjahr, Tiere;2026-08-07T13:34:20+02:00;2026-08-07T13:34:20+02:00;;dpa Mecklenburg-Vorpommern;false
f5fd3b5f3f18bf04cd8445be684b90487acfd42a1a863ad01d6aad03e5fa5169;Wolf verhält sich auffällig - und soll umtrainiert werden;https://www.zeit.de/news/2026-08/07/wolf-verhaelt-sich-auffaellig-und-soll-umtrainiert-werden;Hier finden Sie Informationen zu dem Thema „Appell an Menschen“. Lesen Sie jetzt „Wolf verhält sich auffällig - und soll umtrainiert werden“.;Appell an Menschen;News, Appell an Menschen, Berthold Reichle, Hornisgrinde, Schwarzwald, Abschussgenehmigung, Wölfe, Tiere;2026-08-07T13:31:15+02:00;2026-08-07T13:31:15+02:00;;dpa Baden-Württemberg;false
7829c76f6cfe91f94cc5c974290be52cfc77cca89f73291f80d81b589dd0be62;Unbekannter mit Gruselmaske droht Bahnmitarbeiter mit Tod;https://www.zeit.de/news/2026-08/07/unbekannter-mit-gruselmaske-droht-bahnmitarbeiter-mit-tod;Hier finden Sie Informationen zu dem Thema „Vorgehaltene Pistole“. Lesen Sie jetzt „Unbekannter mit Gruselmaske droht Bahnmitarbeiter mit Tod“.;Vorgehaltene Pistole;News, Vorgehaltene Pistole, Karlsruhe, Gruselmaske;2026-08-07T13:30:20+02:00;2026-08-07T13:30:20+02:00;;dpa Baden-Württemberg;false
0146128bd241193d719bfb89fda5efbe317475569924c7ac227e4e31ae06587c;Kurze Pause vor der nächsten Hitze - 36 Grad am Wochenende;https://www.zeit.de/news/2026-08/07/kurze-pause-vor-der-naechsten-hitze-36-grad-am-wochenende;Hier finden Sie Informationen zu dem Thema „Wetter“. Lesen Sie jetzt „Kurze Pause vor der nächsten Hitze - 36 Grad am Wochenende“.;Wetter;News, Wetter, Süddeutschland, Offenbach, DWD, Hitze, Wetter;2026-08-07T13:29:43+02:00;2026-08-07T13:29:43+02:00;;dpa;false
1fd5a01e9e822f280eb363e3f51198a95622c687d88d6d755c45512d82f28ae9;Kostenloser Museumseintritt in Jena an Hitzetagen ab 30 Grad;https://www.zeit.de/news/2026-08/07/kostenloser-museumseintritt-in-jena-an-hitzetagen-ab-30-grad;Hier finden Sie Informationen zu dem Thema „Bis Ende des Jahres“. Lesen Sie jetzt „Kostenloser Museumseintritt in Jena an Hitzetagen ab 30 Grad“.;Bis Ende des Jahres;News, Bis Ende des Jahres, Jena, Museumseintritt, Hitzetag, Außentemperatur;2026-08-07T13:29:30+02:00;2026-08-07T13:29:30+02:00;;dpa Thüringen;false
c6f9b21aa5bc3769a35ba8ff6a48ed44d7c0c3b9a6ba9194fe269958d32c1c72;Wärme kehrt zurück in den Nordwesten - Hitze am Sonntag;https://www.zeit.de/news/2026-08/07/waerme-kehrt-zurueck-in-den-nordwesten-hitze-am-sonntag;Hier finden Sie Informationen zu dem Thema „Wetter am Wochenende“. Lesen Sie jetzt „Wärme kehrt zurück in den Nordwesten - Hitze am Sonntag“.;Wetter am Wochenende;News, Wetter am Wochenende, Niedersachsen, Wärme, Hitze, Wetter;2026-08-07T13:25:16+02:00;2026-08-07T13:25:16+02:00;;dpa Niedersachsen;false
2ab32a29d49eac6d4eaa302e649c05bd5e73a466d66757bc96101051f76273c1;Elbe bei 42 Zentimeter – Magdeburger Hafen arbeitet weiter;https://www.zeit.de/news/2026-08/07/keine-aussetzung-von-lkw-fahrverboten-wegen-niedrigwasser;Hier finden Sie Informationen zu dem Thema „Niedrigwasser“. Lesen Sie jetzt „Elbe bei 42 Zentimeter – Magdeburger Hafen arbeitet weiter“.;Niedrigwasser;News, Niedrigwasser, Lydia Hüskens, Elbe, Sachsen-Anhalt, Niedrigwasser, Schifffahrt, Güterschiffsverkehr, Aussetzung, Wasserstand;2026-08-07T13:24:39+02:00;2026-08-07T13:24:39+02:00;;dpa Sachsen;false
6735601fb3b6306cbb65a5548be39784c5bbc86416f7810a080b12893548e589;Rekord-Sprinter Owen Ansah droht vierjährige Sperre;https://www.zeit.de/sport/2026-08/owen-ansah-doping-nada-sperre-leichtathletik-gxe;Der 100-Meter-Rekordhalter Owen Ansah gehört zu den deutschen Hoffnungsträgern bei den Leichtathletik-Europameisterschaften. Nun aber droht ihm eine lange Sperre.;Owen Ansah;Sport, Owen Ansah, Profisport, Leichtathletik, Doping;2026-08-07T13:23:31+02:00;2026-08-07T13:23:31+02:00;bda;DIE ZEIT,        dpa,        SID,        							bda;false
0d3bfa5fd8c2441eca12d3c76158990e72db16d5049c8610e3dd47ce28ae973d;Türkei, Saudi-Arabien und Pakistan unterzeichnen Verteidigungspakt;https://www.zeit.de/politik/ausland/2026-08/verteidigungspakt-tuerkei-saudi-arabien-pakistan-recep-tayyip-erdogan-mohammed-bin-salman-shehbaz-sharif-dschiddah-gxe;Der türkische Präsident, der saudische Kronprinz und Pakistans Premier haben einen Verteidigungspakt geschlossen. Er soll die gemeinsame Sicherheit der Länder stärken.;Verteidigungsabkommen;Politik, Verteidigungsabkommen, Türkei, Saudi-Arabien, Pakistan, Mohammed bin Salman, Recep Tayyip Erdogan, Dschidda, Iran;2026-08-07T13:20:27+02:00;2026-08-07T13:20:27+02:00;lkmga;DIE ZEIT,        AFP,        Reuters,        							lk					,        							mga;false
c2bac49f694c015e43f8b392990c5c6c50f4ad7e7c4ccf1244f489a614be9126;Sabotage in Leverkusen stört Telefonnetz in 400 Haushalten;https://www.zeit.de/news/2026-08/07/sabotage-in-leverkusen-stoert-telefonnetz-in-400-haushalten;Hier finden Sie Informationen zu dem Thema „Kriminalität“. Lesen Sie jetzt „Sabotage in Leverkusen stört Telefonnetz in 400 Haushalten“.;Kriminalität;News, Kriminalität, Leverkusen, Deutsche Bahn, Polizei, Telefonnetz, Sabotage, Sabotageangriff, Haushalt;2026-08-07T13:19:26+02:00;2026-08-07T13:19:26+02:00;;dpa Nordrhein-Westfalen;false
2d49764c7a97030716ddeb9c712a7c22ad7312e23c52c6d4a8936bc02c4b6f71;Thyssenkrupp-Werkstoffsparte «TK Accelis» wird selbstständig;https://www.zeit.de/news/2026-08/07/thyssenkrupp-werkstoffsparte-tk-accelis-wird-selbststaendig;Hier finden Sie Informationen zu dem Thema „Beschluss der Hauptversammlung“. Lesen Sie jetzt „Thyssenkrupp-Werkstoffsparte «TK Accelis» wird selbstständig“.;Beschluss der Hauptversammlung;News, Beschluss der Hauptversammlung, Daniel Voss, Philipp Weinmann, Miguel López, Marc Tüngler, ThyssenKrupp, Schutzgemeinschaft der Kapitalanleger, Hauptversammlung, Verselbstständigung, Werkstoffsparte, Börsennotierung;2026-08-07T13:18:27+02:00;2026-08-07T13:18:27+02:00;;dpa Nordrhein-Westfalen;false
1632106d8a6bef90875038419520c98b1a24f6f9fae23da1abda30be9f868bb5;Geografie und Alter: Hitze trifft Rheinland-Pfalz besonders;https://www.zeit.de/news/2026-08/07/geografie-und-alter-hitze-trifft-rheinland-pfalz-besonders;Hier finden Sie Informationen zu dem Thema „Gesundheitliche Belastung“. Lesen Sie jetzt „Geografie und Alter: Hitze trifft Rheinland-Pfalz besonders“.;Gesundheitliche Belastung;News, Gesundheitliche Belastung, Clemens Hoch, Sabine Bätzing-Lichtenthäler, Vorderpfalz, Mainz, Rheinland-Pfalz, SPD, Deutsche Presse-Agentur, RKI, Geografie, Rheinebene;2026-08-07T13:15:36+02:00;2026-08-07T13:15:36+02:00;;dpa Rheinland-Pfalz/Saarland;false
0ac38c3ecebc22a060e23acbeed121022af6c2121a3fb3343d5754766aae88e3;107 falsche Schulabschlüsse in Vechta – mehr Schulen geprüft;https://www.zeit.de/news/2026-08/07/107-falsche-schulabschluesse-in-vechta-mehr-schulen-geprueft;Hier finden Sie Informationen zu dem Thema „Schulabgänger im Nachteil“. Lesen Sie jetzt „107 falsche Schulabschlüsse in Vechta – mehr Schulen geprüft“.;Schulabgänger im Nachteil;News, Schulabgänger im Nachteil, Julia Willie Hamburg, Vechta, Hamburg, Kultusministerium, Schulabschluss, Oberschule, Nachteil;2026-08-07T13:14:24+02:00;2026-08-07T13:14:24+02:00;;dpa Niedersachsen;false
77557a23bda4ceceb52cf5ba4b375e55a040e93d9ac434560c9df6fcd6130986;So weit ist in Rheinland-Pfalz der Weg zur Schule;https://www.zeit.de/news/2026-08/07/so-weit-ist-in-rheinland-pfalz-der-weg-zur-schule;Hier finden Sie Informationen zu dem Thema „Schulstart“. Lesen Sie jetzt „So weit ist in Rheinland-Pfalz der Weg zur Schule“.;Schulstart;News, Schulstart, Bad Ems, Rheinland-Pfalz, Ems, Schulstart;2026-08-07T13:14:01+02:00;2026-08-07T13:14:01+02:00;;dpa Rheinland-Pfalz/Saarland;false
4d4c1084f345da6cf37cc47318e3b175668a2f2890a071ec08e33fd013e632e7;Mutmaßliche Betrüger nach Schockanrufen gefasst;https://www.zeit.de/news/2026-08/07/mutmassliche-betrueger-nach-schockanrufen-gefasst;Hier finden Sie Informationen zu dem Thema „Festnahme“. Lesen Sie jetzt „Mutmaßliche Betrüger nach Schockanrufen gefasst“.;Festnahme;News, Festnahme, Offenbach, Polizei, Schockanruf, Festnahme;2026-08-07T13:13:32+02:00;2026-08-07T13:13:32+02:00;;dpa Hessen;false
20b2af62e5392e7b5cd4526389ca4622509764cade463ae4a0e7cfebb300b67b;Verbote an der A8: Wann besonders streng kontrolliert wird;https://www.zeit.de/news/2026-08/07/verbote-an-der-a8-wann-besonders-streng-kontrolliert-wird;Hier finden Sie Informationen zu dem Thema „Verkehr“. Lesen Sie jetzt „Verbote an der A8: Wann besonders streng kontrolliert wird“.;Verkehr;News, Verkehr, Joachim Herrmann, Polizei, CSU, Verbot, Durchfahrtsverbot, Ausweichverkehr;2026-08-07T13:11:39+02:00;2026-08-07T13:11:39+02:00;;dpa Bayern;false
b9030787b9c664dba19e96ad57b0fb4bcc0e67ffba47247d77aac02070049da9;Wochenendverkehr beginnt mit Staus rund um Hamburg;https://www.zeit.de/news/2026-08/07/wochenendverkehr-beginnt-mit-staus-rund-um-hamburg;Hier finden Sie Informationen zu dem Thema „Reiseverkehr“. Lesen Sie jetzt „Wochenendverkehr beginnt mit Staus rund um Hamburg“.;Reiseverkehr;News, Reiseverkehr, Hamburg, Hannover, Polizei, ADAC, Wochenendverkehr, Unfall, Reiseverkehr, Verkehrsaufkommen, Elbtunnel, Baustelle;2026-08-07T13:09:47+02:00;2026-08-07T13:09:47+02:00;;dpa Hamburg/Schleswig-Holstein;false
1976ed686457feca049cb899eb87ff8805b208247c2d8d5c95e1d8b1aff41da1;Überflutungen und Muren nach Unwetter in Österreichs Urlaubsregionen;https://www.zeit.de/gesellschaft/2026-08/unwetter-tirol-zillertal-muren-ueberflutungen-gxe;Im österreichischen Zillertal sind nach heftigen Unwettern Schlamm, Geröll und Gestein abgegangen. Mehrere Straßen waren vorübergehend nicht befahrbar.;Unwetter;Gesellschaft, Unwetter , Tirol, Unwetter, Naturkatastrophe;2026-08-07T13:09:44+02:00;2026-08-07T13:09:44+02:00;akm;DIE ZEIT,        dpa,        							akm;false
918fc5842871b7f9fb6a089844fa113097e8254e05a030fa4eab20f33eea8e91;Landkreis Harz nimmt Verein 120 Tiere weg;https://www.zeit.de/news/2026-08/07/landkreis-harz-nimmt-verein-120-tiere-weg;Hier finden Sie Informationen zu dem Thema „Nicht artgerecht gehalten“. Lesen Sie jetzt „Landkreis Harz nimmt Verein 120 Tiere weg“.;Nicht artgerecht gehalten;News, Nicht artgerecht gehalten, Landkreis Harz, Veterinäramt, Exote, Haltungsumstand, Tiere;2026-08-07T13:08:07+02:00;2026-08-07T13:08:07+02:00;;dpa Sachsen;false
5f9cbe5b331ae675a41c627ce2f955c6c0907e8ab17e4fb00263a3ae2f6584de;Zeugenhinweis: Vermisste Frau aus Bayern an der Ostsee;https://www.zeit.de/news/2026-08/07/zeugenhinweis-vermisste-frau-aus-bayern-an-der-ostsee;Hier finden Sie Informationen zu dem Thema „Seit Jahren ungelöster Fall“. Lesen Sie jetzt „Zeugenhinweis: Vermisste Frau aus Bayern an der Ostsee“.;Seit Jahren ungelöster Fall;News, Seit Jahren ungelöster Fall, Bayern, Ostsee, Unterhaching, München, Rostock-Warnemünde, Rostock, Polizei, Aktenzeichen XY, Zeugenhinweis;2026-08-07T13:07:27+02:00;2026-08-07T13:07:27+02:00;;dpa Bayern;false
8f41a6595e951ca989703a3c9774ea2ae5c1f479f2c579be2f933c9471ad0283;Rheinpegel bei Düsseldorf sinkt auf historischen Tiefstand;https://www.zeit.de/gesellschaft/2026-08/rheinpegel-duesseldorf-niedrigwasser-rekord-schifffahrt-gxe;Auch bei Düsseldorf ist der Rhein nun so flach wie nie zuvor. Am Freitagmorgen sank der Pegel auf 14 Zentimeter – neun weniger als der bisherige Tiefstand.;Trockenheit;Gesellschaft, Trockenheit, Rhein, Düsseldorf, Schifffahrt, Wetter, Rheinpegel;2026-08-07T13:05:01+02:00;2026-08-07T13:05:01+02:00;maw;DIE ZEIT,        AFP,        dpa,        							maw;false
0a44bc219298ef2201a088ea4f802cac8f96d8042736c5330a1a7e4eb0c19844;BDI: Iran-Krieg dämpft Wachstum weltweit;https://www.zeit.de/news/2026-08/07/bdi-iran-krieg-daempft-wachstum-weltweit;Hier finden Sie Informationen zu dem Thema „Konjunktur“. Lesen Sie jetzt „BDI: Iran-Krieg dämpft Wachstum weltweit“.;Konjunktur;News, Konjunktur, BDI, Bundesverband der Deutschen Industrie, Konjunkturbelebung, Konflikt;2026-08-07T13:00:46+02:00;2026-08-07T13:00:46+02:00;;dpa;false
40697954dba19a978b9e57a033abbf45b09abc5d823c62c7c4880377387bbe67;Vier Milane mit Giftköder getötet;https://www.zeit.de/news/2026-08/07/vier-milane-mit-giftkoeder-getoetet;Hier finden Sie Informationen zu dem Thema „Geschützte Greifvögel“. Lesen Sie jetzt „Vier Milane mit Giftköder getötet“.;Geschützte Greifvögel;News, Geschützte Greifvögel, Günzburg, Thannhausen-Burg, Landkreis Günzburg, LBV, Milan, Greifvogel, Naturschutzverband, Schwarzmilan;2026-08-07T12:59:49+02:00;2026-08-07T12:59:49+02:00;;dpa Bayern;false
722c41b8edda75d2cd1d38c03761bf4c885460094910676b9de00362aa674959;Seekranker Segler vor Rügen gerettet;https://www.zeit.de/news/2026-08/07/seekranker-segler-vor-ruegen-gerettet;Hier finden Sie Informationen zu dem Thema „Rettungseinsatz in See“. Lesen Sie jetzt „Seekranker Segler vor Rügen gerettet“.;Rettungseinsatz in See;News, Rettungseinsatz in See, Ostsee-Insel, Bundeswehr, Rettungseinsatz, Segelboot;2026-08-07T12:53:00+02:00;2026-08-07T12:53:00+02:00;;dpa Mecklenburg-Vorpommern;false
526e43d96356ce10dcca912da41fb8de721c9a691aea025f5e597f4164f128dd;Streit um Mindestpreise in Köln erreicht OVG in Münster;https://www.zeit.de/news/2026-08/07/streit-um-mindestpreise-in-koeln-erreicht-ovg-in-muenster;Hier finden Sie Informationen zu dem Thema „Neue Vorgaben“. Lesen Sie jetzt „Streit um Mindestpreise in Köln erreicht OVG in Münster“.;Neue Vorgaben;News, Neue Vorgaben, Essen, Köln, Münster, OVG, Verwaltungsgericht Köln, Mindestpreis, Mietwagenfahrt, Oberverwaltungsgericht, Eilverfahren, Plattform;2026-08-07T12:51:37+02:00;2026-08-07T12:51:37+02:00;;dpa Nordrhein-Westfalen;false
017c9ecea255f4ac00f5ba60456f3d79d5213d45e7ae1a19a3cba7561d1ab482;Messerangriff auf der Wache – mehrere Verletzte;https://www.zeit.de/news/2026-08/07/messerangriff-auf-der-wache-mehrere-verletzte;Hier finden Sie Informationen zu dem Thema „Bedrohung“. Lesen Sie jetzt „Messerangriff auf der Wache – mehrere Verletzte“.;Bedrohung;News, Bedrohung, Bersenbrück, Osnabrück, Landkreis Osnabrück, Polizei, Messerangriff, Bedrohung, Pfefferspray, Augenreizung;2026-08-07T12:50:54+02:00;2026-08-07T12:50:54+02:00;;dpa Niedersachsen;false
bf4a88e90c5f0c2a6e6340f0104fd9d4fb17f3f3af92108cac5d83e898d0993c;IHK: Niedrigwasser verursacht hohe Kosten für Unternehmen;https://www.zeit.de/news/2026-08/07/ihk-niedrigwasser-verursacht-hohe-kosten-fuer-unternehmen;Hier finden Sie Informationen zu dem Thema „Pegel im Rhein sinkt“. Lesen Sie jetzt „IHK: Niedrigwasser verursacht hohe Kosten für Unternehmen“.;Pegel im Rhein sinkt;News, Pegel im Rhein sinkt, Alwin Wagner, Rhein, Oberrhein, IHK, IHK Südlicher Oberrhein, Niedrigwasser;2026-08-07T12:50:13+02:00;2026-08-07T12:50:13+02:00;;dpa Baden-Württemberg;false
5474b96c9c5fff73e9e59f5b46a1b046feae4aa5701125f9f35fd61e66714695;Hochbrücke in Rendsburg nach Kletteraktion lange gesperrt;https://www.zeit.de/news/2026-08/07/eisenbahn-hochbruecke-rendsburg-nach-kletteraktion-gesperrt;Hier finden Sie Informationen zu dem Thema „Kriminalität“. Lesen Sie jetzt „Hochbrücke in Rendsburg nach Kletteraktion lange gesperrt“.;Kriminalität;News, Kriminalität, Rendsburg, Kletteraktion, Eisenbahnhochbrücke;2026-08-07T12:48:26+02:00;2026-08-07T12:48:26+02:00;;dpa Hamburg/Schleswig-Holstein;false
0bd10bb55e2e8a7f697bddcbaa392619ac0a75fd9d99c94079b2128639f5a42f;Tödliche Schüsse an Schule erschüttern Thailand;https://www.zeit.de/news/2026-08/07/schuesse-an-schule-in-thailand-mindestens-zwei-tote;Hier finden Sie Informationen zu dem Thema „Großeinsatz nahe Bangkok“. Lesen Sie jetzt „Tödliche Schüsse an Schule erschüttern Thailand“.;Großeinsatz nahe Bangkok;News, Großeinsatz nahe Bangkok, Thailand, Bangkok, Schusswaffenvorfall;2026-08-07T12:42:23+02:00;2026-08-07T12:42:23+02:00;;dpa;false
4c1ee497d2c3e003e5af2b7ec949f74a0e25626c7ac567a36b5546d824a24d1a;Noch ein Monat bis zur WM: Basketballerinnen legen los;https://www.zeit.de/news/2026-08/07/noch-ein-monat-bis-zur-wm-basketballerinnen-legen-los;Hier finden Sie Informationen zu dem Thema „WM der Frauen“. Lesen Sie jetzt „Noch ein Monat bis zur WM: Basketballerinnen legen los“.;WM der Frauen;News, WM der Frauen, Olaf Lange, Marie Gülich, Leonie Fiebich, Frieda Bühner, Berlin, Ludwigsburg, Hamburg, USA, WNBA;2026-08-07T12:41:20+02:00;2026-08-07T12:41:20+02:00;;dpa Baden-Württemberg;false
0796c361ba3e58bcbf525e82623bb18b746605627a2bded0392ea682bbab2e8b;Zehntausende feiern Techno-Festival «SonneMondSterne»;https://www.zeit.de/news/2026-08/07/zehtausende-feiern-techno-festival-sonnemondsterne;Hier finden Sie Informationen zu dem Thema „Festivals“. Lesen Sie jetzt „Zehntausende feiern Techno-Festival «SonneMondSterne»“.;Festivals;News, Festivals, Philipp Helmers, Bleilochtalsperre, Saalburg, Thüringen, Techno-Festival, SonneMondSterne, Zehtausend, Tanzmusik;2026-08-07T12:40:09+02:00;2026-08-07T12:40:09+02:00;;dpa Sachsen;false
2a1de61f64672fb3d59bd40c3675f346eec14d18da2178eb4e7ac729f7813f96;Aufstiegsreif? Was KSC-Fans vor dem Auftakt wissen müssen;https://www.zeit.de/news/2026-08/07/aufstiegsreif-was-ksc-fans-vor-dem-auftakt-wissen-muessen;Hier finden Sie Informationen zu dem Thema „2. Fußball-Bundesliga“. Lesen Sie jetzt „Aufstiegsreif? Was KSC-Fans vor dem Auftakt wissen müssen“.;2. Fußball-Bundesliga;News, 2. Fußball-Bundesliga, Christian Eichner, Maximilian Senft, Österreich, SV Ried, Karlsruher SC, Deutsche Presse-Agentur, Arminia Bielefeld, Fußball-Bundesliga, Aufstiegsreif, Saisonstart;2026-08-07T12:33:47+02:00;2026-08-07T12:33:47+02:00;;dpa Baden-Württemberg;false
4d53a8675facc7c336b4ab4b822387915b7036f4399362c49a6f3aaf5b8fa4a7;Schlag gegen illegale Zigaretten – vier Männer in Haft;https://www.zeit.de/news/2026-08/07/schlag-gegen-illegale-zigaretten-vier-maenner-in-haft;Hier finden Sie Informationen zu dem Thema „Millionenschaden“. Lesen Sie jetzt „Schlag gegen illegale Zigaretten – vier Männer in Haft“.;Millionenschaden;News, Millionenschaden, Mann, Osnabrück, Vechta, Hannover, Oldenburg, Niedersachsen, Northeim, Millionenschaden, Lagerhalle, Durchsuchung;2026-08-07T12:33:04+02:00;2026-08-07T12:33:04+02:00;;dpa Niedersachsen;false
c9ed4425639301a46b2d3db6c3d00eeb3c9ae4676a3f5880acc84a3b9a112e58;Lkw rammt Fassade – Hausfront stürzt auf das Fahrzeug;https://www.zeit.de/news/2026-08/07/lkw-rammt-fassade-hausfront-stuerzt-auf-das-fahrzeug;Hier finden Sie Informationen zu dem Thema „Niemand verletzt“. Lesen Sie jetzt „Lkw rammt Fassade – Hausfront stürzt auf das Fahrzeug“.;Niemand verletzt;News, Niemand verletzt, Hausfront, Fahrzeug;2026-08-07T12:30:51+02:00;2026-08-07T12:30:51+02:00;;dpa Nordrhein-Westfalen;false
124fff972b66e47da42c91eeec6fa9ac547f56ea8dc345bd8d561b7f6992f57c;Gutachter prüft tödlichen Unfall mit Kind;https://www.zeit.de/news/2026-08/07/gutachter-prueft-toedlichen-unfall-mit-kind;Hier finden Sie Informationen zu dem Thema „Erste Ergebnisse“. Lesen Sie jetzt „Gutachter prüft tödlichen Unfall mit Kind“.;Erste Ergebnisse;News, Erste Ergebnisse, Heilbronn, Polizei, Unfall, Friedrichshall, Autounfall, Auto;2026-08-07T12:20:12+02:00;2026-08-07T12:20:12+02:00;;dpa Baden-Württemberg;false
cc222dd1e5673dfb56f506ebbdd232825f4eb9ceb4d8f032059e0685fc16f50e;Mehr als 9.700 Abbrüche in Berlin – Brandenburg mit Rückgang;https://www.zeit.de/news/2026-08/07/mehr-als-9-700-abbrueche-in-berlin-brandenburg-mit-rueckgang;Hier finden Sie Informationen zu dem Thema „Großteil der Frauen ledig“. Lesen Sie jetzt „Mehr als 9.700 Abbrüche in Berlin – Brandenburg mit Rückgang“.;Großteil der Frauen ledig;News, Großteil der Frauen ledig, Berlin, Brandenburg, Amt für Statistik Berlin-Brandenburg, Abbruch, Rückgang, Schwangerschaftsabbruch;2026-08-07T12:11:03+02:00;2026-08-07T12:11:03+02:00;;dpa Berlin/Brandenburg;false
b21dae4120570ca0f2b08dee9c076e1e398cb5a81cf59e25bcbf92731e20638f;Jugendlicher Einbrecher in Kleiderschrank gefunden;https://www.zeit.de/news/2026-08/07/jugendlicher-einbrecher-in-kleiderschrank-gefunden;Hier finden Sie Informationen zu dem Thema „Versteckt in fremder Wohnung“. Lesen Sie jetzt „Jugendlicher Einbrecher in Kleiderschrank gefunden“.;Versteckt in fremder Wohnung;News, Versteckt in fremder Wohnung, Düren, Polizei, Kleiderschrank;2026-08-07T12:10:10+02:00;2026-08-07T12:10:10+02:00;;dpa Nordrhein-Westfalen;false
a0c881894990761913dc7fdf9067e09b3aaa0b3c0d5654935f649c013f8ff478;SPD-Politikerin wirft Reiche Fehlinformation über Eneuerbare vor;https://www.zeit.de/politik/ausland/2026-08/strompreise-nina-scheer-katherina-reiche-netzausbau-energie-gxe;Die energiepolitische Sprecherin der SPD will einen schnelleren Ausbau erneuerbarer Energien. Katherina Reiche hatte diese für hohe Stromkosten verantwortlich gemacht.;Hohe Strompreise;Politik, Hohe Strompreise, Erneuerbare Energien, Strompreis, Katherina Reiche, SPD, Netzausbau, Energieversorgung;2026-08-07T12:08:07+02:00;2026-08-07T12:08:07+02:00;maw;DIE ZEIT,        Reuters,        dpa,        							maw;false
26bcb25a16ea27e45447a96ba3c36aa8a197e406aeba26b3bbcfade71e15a29f;Ukraine greift erneut Wildberries-Lager in Russland an;https://www.zeit.de/politik/ausland/2026-08/wildberries-jekaterinburg-drohnenangriff-logistikzentrum-russland-gxe;Abermals nimmt die Ukraine den größten russischen Versandhändler Wildberries ins Visier. Die anhaltenden Angriffe belasten die russische Wirtschaft inzwischen enorm.  ;Drohnenangriff auf Wildberries;Politik, Drohnenangriff auf Wildberries, Russland, Krieg in der Ukraine, Jekaterinburg, Drohnenangriff, Versandhandel, Logistik;2026-08-07T12:08:06+02:00;2026-08-07T12:08:06+02:00;bda;DIE ZEIT,        dpa,        Reuters,        AFP,        							bda;false
ab91c4ac4f923d1ff792ad3bc5562a44fd04b0acbf4fe48cc1964579d31cd348;Nach Ticketkontrolle: Zugbegleiterin ins Gesicht geschlagen;https://www.zeit.de/news/2026-08/07/nach-ticketkontrolle-zugbegleiterin-ins-gesicht-geschlagen;Hier finden Sie Informationen zu dem Thema „Ermittlungen laufen“. Lesen Sie jetzt „Nach Ticketkontrolle: Zugbegleiterin ins Gesicht geschlagen“.;Ermittlungen laufen;News, Ermittlungen laufen, Trier, Schweich, Bundespolizei, Ticketkontrolle, Regionalbahn;2026-08-07T12:06:08+02:00;2026-08-07T12:06:08+02:00;;dpa Rheinland-Pfalz/Saarland;false
8c2463f581ad303627f7479a88dbb00bdfad147174a899f8bfb429baeb7a9f98;Nada schlägt vierjährige Sperre für Sprinter Ansah vor;https://www.zeit.de/news/2026-08/07/nada-schlaegt-vierjaehrige-sperre-fuer-sprinter-ansah-vor;Hier finden Sie Informationen zu dem Thema „Leichtathletik“. Lesen Sie jetzt „Nada schlägt vierjährige Sperre für Sprinter Ansah vor“.;Leichtathletik;News, Leichtathletik, Monaco, Birmingham, Nationale Anti-Doping-Agentur, Hamburger SV, Sperre, Leichtathletik;2026-08-07T12:05:47+02:00;2026-08-07T12:05:47+02:00;;dpa Hamburg/Schleswig-Holstein;false
bfa94ffc478f3d79f26e276f3fc41ef1f60991dbb51c72622c976e6b2f23c49e;Antarktis: Spektakuläre Rettungsmission für US-Forscher;https://www.zeit.de/news/2026-08/07/antarktis-spektakulaere-rettungsmission-fuer-us-forscher;Hier finden Sie Informationen zu dem Thema „Evakuierung aus dem ewigen Eis“. Lesen Sie jetzt „Antarktis: Spektakuläre Rettungsmission für US-Forscher“.;Evakuierung aus dem ewigen Eis;News, Evakuierung aus dem ewigen Eis, Antarktis, Hobart, Neuseeland, Airbus S. A. S., American Broadcasting Company, Airbus A319, Rettungsmission, Spezialteam, Evakuierung, Eis;2026-08-07T12:03:41+02:00;2026-08-07T12:03:41+02:00;;dpa;false
5fd6b18409e71552c0737497f5583198202831971a65843398f1dd8a60bfb69f;Extremisten und Spione bedrohen auch Bayern;https://www.zeit.de/news/2026-08/07/extremisten-und-spione-bedrohen-auch-bayern;Hier finden Sie Informationen zu dem Thema „Verfassungsschutzinformationen“. Lesen Sie jetzt „Extremisten und Spione bedrohen auch Bayern“.;Verfassungsschutzinformationen;News, Verfassungsschutzinformationen, Joachim Herrmann, Bayern, München, Flughafen Leipzig/Halle, CSU, Alternative für Deutschland, Verfassungsschutz, Verfassungsschutzinformation, Bedrohungslage, Desinformation;2026-08-07T12:00:05+02:00;2026-08-07T12:00:05+02:00;;dpa Bayern;false
e045cb2ec4fe13b3d906095a859e76c5d7e0cb560693e4aa8812c41a2c768077;SCM-Trainer Wiegert erhält höchsten Landesorden;https://www.zeit.de/news/2026-08/07/scm-trainer-wiegert-erhaelt-hoechsten-landesorden;Hier finden Sie Informationen zu dem Thema „Handball“. Lesen Sie jetzt „SCM-Trainer Wiegert erhält höchsten Landesorden“.;Handball;News, Handball, Bennet Wiegert, Sachsen-Anhalt, SC Magdeburg, Landesorden, Handball, Landesverdienstorden;2026-08-07T11:59:53+02:00;2026-08-07T11:59:53+02:00;;dpa Sachsen;false
999b81a722fe75c23e5b92c2eb7a186cf144f1903423f20571093bca5414effc;Hybride Bedrohung erreicht «nie gekanntes Level»;https://www.zeit.de/news/2026-08/07/hybride-bedrohung-erreicht-nie-gekanntes-level;Hier finden Sie Informationen zu dem Thema „Verfassungsschutzinformationen“. Lesen Sie jetzt „Hybride Bedrohung erreicht «nie gekanntes Level»“.;Verfassungsschutzinformationen;News, Verfassungsschutzinformationen, Joachim Herrmann, Bayern, München, CSU, Verfassungsschutzinformation, Bedrohung, Cyberangriff, Level, Bedrohungslage, Sicherheitsbehörde;2026-08-07T11:59:12+02:00;2026-08-07T11:59:12+02:00;;dpa Bayern;false
6b0c16c83d6f08971346adfb3c604d358444370617b1a84ee5f5fca3a4594440;FIFA-Experte: «Infantino wird einen Ausweg suchen»;https://www.zeit.de/news/2026-08/07/fifa-experte-infantino-wird-einen-ausweg-suchen;Hier finden Sie Informationen zu dem Thema „Weltverband in der Krise“. Lesen Sie jetzt „FIFA-Experte: «Infantino wird einen Ausweg suchen»“.;Weltverband in der Krise;News, Weltverband in der Krise, Hans-Joachim Eckert, Gianni Infantino, Joshua Kushner, Donald Trump, Marokko, Fifa, Deutsche Presse-Agentur, Uefa, Weltverband, Ausweg;2026-08-07T11:55:26+02:00;2026-08-07T11:55:26+02:00;;dpa Bayern;false
065184160bb3f85b5e1c4b0f1df567181d5a7687ed85cf20f918b1701eac3ec0;Stehen sie für Heimatgefühl? - Retro-Kennzeichen beliebt;https://www.zeit.de/news/2026-08/07/stehen-sie-fuer-heimatgefuehl-retro-kennzeichen-beliebt;Hier finden Sie Informationen zu dem Thema „Autokennzeichen“. Lesen Sie jetzt „Stehen sie für Heimatgefühl? - Retro-Kennzeichen beliebt“.;Autokennzeichen;News, Autokennzeichen, Thüringen, Rudolstadt, Eisenach, Meiningen, Zeulenroda, Ilmenau, Bad Salzungen, Sondershausen, Arnstadt, Pößneck;2026-08-07T11:54:05+02:00;2026-08-07T11:54:05+02:00;;dpa Thüringen;false
8dbf0fc4f7e6160baef20b2cf3211a5b6e8b1cafeffbbb05dbb0cccd4e9d5698;Vor Saisonstart: Wehen will mutig und intensiv spielen;https://www.zeit.de/news/2026-08/07/vor-saisonstart-wehen-will-mutig-und-intensiv-spielen;Hier finden Sie Informationen zu dem Thema „3. Liga“. Lesen Sie jetzt „Vor Saisonstart: Wehen will mutig und intensiv spielen“.;3. Liga;News, 3. Liga, Daniel Scherning, Hessen, SV Wehen Wiesbaden, Saisonstart, Wehe, Relegationsplatz;2026-08-07T11:53:46+02:00;2026-08-07T11:53:46+02:00;;dpa Hessen;false
b3e81e967c6c87e2abe3cf7201b8c076a70cce817ff04a027e5d93023c1f8780;Reisende sperren aggressiven Mann in Zugtoilette;https://www.zeit.de/news/2026-08/07/reisende-sperren-aggressiven-mann-in-zugtoilette;Hier finden Sie Informationen zu dem Thema „Auch kein Fahrschein dabei“. Lesen Sie jetzt „Reisende sperren aggressiven Mann in Zugtoilette“.;Auch kein Fahrschein dabei;News, Auch kein Fahrschein dabei, Karlsruhe, Bundespolizei, Zugtoilette, Fahrschein, Regionalexpress;2026-08-07T11:51:33+02:00;2026-08-07T11:51:33+02:00;;dpa Baden-Württemberg;false
0d8c6151d273f90af8411242337f747dc44631627fa0d4297cd4b9d37ec651d8;Köln verpflichtet U17-Europameister Neves;https://www.zeit.de/news/2026-08/07/koeln-verpflichtet-u17-europameister-neves;Hier finden Sie Informationen zu dem Thema „Fußball-Bundesliga“. Lesen Sie jetzt „Köln verpflichtet U17-Europameister Neves“.;Fußball-Bundesliga;News, Fußball-Bundesliga, Gil Neves, Portugal, Köln, Benfica Lissabon, 1. FC Köln, Fußball-Bundesliga;2026-08-07T11:51:18+02:00;2026-08-07T11:51:18+02:00;;dpa Nordrhein-Westfalen;false
6d31aa14a204610d8228d4b2ab1f0676e5d60336d1ccd61cd29ee9c3377074dd;Stellwerksstörung - Linien S3 und S6 zeitweise ausgefallen;https://www.zeit.de/news/2026-08/07/stellwerksstoerung-s3-und-s6-fallen-aus;Hier finden Sie Informationen zu dem Thema „S-Bahn Hannover“. Lesen Sie jetzt „Stellwerksstörung - Linien S3 und S6 zeitweise ausgefallen“.;S-Bahn Hannover;News, S-Bahn Hannover, Hannover, Celle, Burgdorf, Hildesheim, Lehrte, Stellwerksstörung;2026-08-07T11:50:00+02:00;2026-08-07T11:50:00+02:00;;dpa Niedersachsen;false
4a9af78501f603ec9d6d22872a132683183bdd1c3a7899538012efbb12a419ad;Fürth vor Saisonstart: Fingerzeig und Ansage an den Ex;https://www.zeit.de/news/2026-08/07/fuerther-ziel-vor-saisonstart-kein-szenario-wie-in-vorsaison;Hier finden Sie Informationen zu dem Thema „2. Fußball-Bundesliga“. Lesen Sie jetzt „Fürth vor Saisonstart: Fingerzeig und Ansage an den Ex“.;2. Fußball-Bundesliga;News, 2. Fußball-Bundesliga, Heiko Vogel, St. Pauli, SpVgg Greuther Fürth, Fußball-Bundesliga, Bundesliga, Saisonstart;2026-08-07T11:47:10+02:00;2026-08-07T11:47:10+02:00;;dpa Bayern;false
92e7606b014d2e5b10d422807d7b955bf1d1348ba5d9490ec3671402837a13e5;Gleich ein «dicker Brocken»: Osnabrück zu Gast in Heidenheim;https://www.zeit.de/news/2026-08/07/gleich-ein-dicker-brocken-osnabrueck-zu-gast-in-heidenheim;Hier finden Sie Informationen zu dem Thema „Saisonstart“. Lesen Sie jetzt „Gleich ein «dicker Brocken»: Osnabrück zu Gast in Heidenheim“.;Saisonstart;News, Saisonstart, Timo Schultz, Osnabrück, Heidenheim, Niedersachsen, VfL Osnabrück, Fußball-Bundesliga, Saisonstart;2026-08-07T11:46:48+02:00;2026-08-07T11:46:48+02:00;;dpa Niedersachsen;false
d499c167cfc0cf2894fa420e5d1daa982fe437e4d10c692c4718e5a151e37102;Kampf um die Macht: Wer ist für und wer gegen Infantino?;https://www.zeit.de/news/2026-08/07/kampf-um-die-macht-wer-ist-fuer-und-wer-gegen-infantino;Hier finden Sie Informationen zu dem Thema „FIFA-Krise“. Lesen Sie jetzt „Kampf um die Macht: Wer ist für und wer gegen Infantino?“.;FIFA-Krise;News, FIFA-Krise, Gianni Infantino, Aleksander Ceferin, Mattias Grafström, Amerika, Rabat, Marokko, Europa, Afrika, Katar, Asien;2026-08-07T11:46:03+02:00;2026-08-07T11:46:03+02:00;;dpa Sport;false
203f34f59849c371dcb0d0f1e37aa1211b4ee9398080277438e02cb01ed6dab2;Dutzende verwesende Leichen bei US-Bestatter gefunden;https://www.zeit.de/news/2026-08/07/dutzende-verwesende-leichen-bei-us-bestatter-gefunden;Hier finden Sie Informationen zu dem Thema „Grausiger Fund“. Lesen Sie jetzt „Dutzende verwesende Leichen bei US-Bestatter gefunden“.;Grausiger Fund;News, Grausiger Fund, Chicago, Bestattungsinstitut;2026-08-07T11:43:48+02:00;2026-08-07T11:43:48+02:00;;dpa;false
d35ffea7f55352c1cb2fb6b6ef992a0dd3cb1e8806f4ab18f87de5b3518e3079;Mehr als eine Million Sachsen fahren mit «Heimatkennzeichen»;https://www.zeit.de/news/2026-08/07/mehr-als-eine-million-sachsen-fahren-mit-heimatkennzeichen;Hier finden Sie Informationen zu dem Thema „Autokennzeichen wie früher“. Lesen Sie jetzt „Mehr als eine Million Sachsen fahren mit «Heimatkennzeichen»“.;Autokennzeichen wie früher;News, Autokennzeichen wie früher, Sachsen, Niesky, Hochschule Heilbronn, Heimatkennzeichen, Autokennzeichen, Auto, Fahrzeug;2026-08-07T11:34:02+02:00;2026-08-07T11:34:02+02:00;;dpa Sachsen;false
8c7396abd261452dbf4b6816514cc3d9597c29b75b527b5eb488d57cef70d072;Fast jeder Vierte in Sachsen-Anhalt lebt allein;https://www.zeit.de/news/2026-08/07/fast-jeder-vierte-in-sachsen-anhalt-lebt-allein;Hier finden Sie Informationen zu dem Thema „Daten aus Mikrozensus“. Lesen Sie jetzt „Fast jeder Vierte in Sachsen-Anhalt lebt allein“.;Daten aus Mikrozensus;News, Daten aus Mikrozensus, Sachsen-Anhalt, Mikrozensus, Hauptwohnsitz;2026-08-07T11:30:43+02:00;2026-08-07T11:30:43+02:00;;dpa Sachsen;false
885948322f268555d6d299f733ba469b509888b46e8b2a2080ea86d003433edd;Frauen müssen mit geringerer Altersversorgung rechnen;https://www.zeit.de/news/2026-08/07/frauen-muessen-mit-geringerer-altersversorgung-rechnen;Hier finden Sie Informationen zu dem Thema „Einkommen im Alter“. Lesen Sie jetzt „Frauen müssen mit geringerer Altersversorgung rechnen“.;Einkommen im Alter;News, Einkommen im Alter, Mann, Thüringen, Erfurt, Altersversorgung, Altersbezug;2026-08-07T11:29:01+02:00;2026-08-07T11:29:01+02:00;;dpa Thüringen;false
5575817252e979a612cd1e42385bc3fd21816942985b88bc8a24cc115949b412;Softair-Pistole im Hosenbund sorgt für Polizeieinsatz;https://www.zeit.de/news/2026-08/07/softair-pistole-im-hosenbund-sorgt-fuer-polizeieinsatz;Hier finden Sie Informationen zu dem Thema „Waffenalarm in Regensburg“. Lesen Sie jetzt „Softair-Pistole im Hosenbund sorgt für Polizeieinsatz“.;Waffenalarm in Regensburg;News, Waffenalarm in Regensburg, Regensburg, Polizei, Hosenbund, Polizeieinsatz, Waffenalarm, Hauptbahnhof;2026-08-07T11:28:40+02:00;2026-08-07T11:28:40+02:00;;dpa Bayern;false
d372e5acbf98334c0b1dbe8f535ffd2098ede835a7b99bd3205ff3d666914936;FC St. Pauli verpflichtet Isländer;https://www.zeit.de/news/2026-08/07/fc-st-pauli-verpflichtet-islaender;Hier finden Sie Informationen zu dem Thema „2. Fußball-Bundesliga“. Lesen Sie jetzt „FC St. Pauli verpflichtet Isländer“.;2. Fußball-Bundesliga;News, 2. Fußball-Bundesliga, Lech, FC St. Pauli, Fußball-Bundesliga, Saisonstart;2026-08-07T11:28:11+02:00;2026-08-07T11:28:11+02:00;;dpa Hamburg/Schleswig-Holstein;false
101d4861ac44f6cc43563b7b70f8a27dab2e23ae3964003d27c58a067d846710;Schüsse auf Münchner Wohnhaus - Tatverdächtiger in Haft;https://www.zeit.de/news/2026-08/07/schuesse-auf-muenchner-wohnhaus-tatverdaechtiger-in-haft;Hier finden Sie Informationen zu dem Thema „Kriminalität“. Lesen Sie jetzt „Schüsse auf Münchner Wohnhaus - Tatverdächtiger in Haft“.;Kriminalität;News, Kriminalität, München, Staatsanwaltschaft;2026-08-07T11:27:08+02:00;2026-08-07T11:27:08+02:00;;dpa Bayern;false
be442d29c48c648580053294359e1da561f6e2faf39932f181390caa4ba1c7b3;Feuerwehr untersucht Gefahrgutbehälter vor Bahnhof;https://www.zeit.de/news/2026-08/07/feuerwehr-untersucht-gefahrgutbehaelter-vor-bahnhof;Hier finden Sie Informationen zu dem Thema „Einsatzkräfte in Schutzanzügen“. Lesen Sie jetzt „Feuerwehr untersucht Gefahrgutbehälter vor Bahnhof“.;Einsatzkräfte in Schutzanzügen;News, Einsatzkräfte in Schutzanzügen, Feuerwehr, Gefahrgutbehälter, Schutzanzug, Einsatzkraft, Kanister, Bahnhofsvorplatz, Gefahrgut, Behälter, Bahnhof;2026-08-07T11:24:01+02:00;2026-08-07T11:24:01+02:00;;dpa Baden-Württemberg;false
149e3bbb03683fd1310f809272320374bd2f1f0b853d3358e4a9cefae605f02a;Nationaler Sicherheitsrat tritt wegen Drohnenangriff zusammen;https://www.zeit.de/politik/deutschland/2026-08/drohne-flughafen-leipzig-halle-russland-sebastian-fiedler-gxe;Der Nationale Sicherheitsrat tagt wegen des Vorfalls am Leipziger Flughafen. Laut SPD-Politiker Fiedler könnte die Drohne ein »kriegerischer Akt« gewesen sein.;Drohnenvorfall am Flughafen Leipzig/Halle;Politik, Drohnenvorfall am Flughafen Leipzig/Halle, Leipzig, Drohnenangriff, Flughafen, Russland, SPD, Terrorismus;2026-08-07T11:23:10+02:00;2026-08-07T11:23:10+02:00;mga;DIE ZEIT,        dpa,        AFP,        							mga;false
c0b5e696df1685bc4a130220049982fdc411d355fcaea487c2825b41456b6053;Trotz Krisen: Deutschland exportiert im Juni mehr als jemals;https://www.zeit.de/news/2026-08/07/deutsche-exporte-klettern-im-juni-auf-rekordwert;Hier finden Sie Informationen zu dem Thema „Konjunktur“. Lesen Sie jetzt „Trotz Krisen: Deutschland exportiert im Juni mehr als jemals“.;Konjunktur;News, Konjunktur, Statistisches Bundesamt, Rekordwert;2026-08-07T11:22:20+02:00;2026-08-07T11:22:20+02:00;;dpa;false
40bba897cea90e41059b220d4d56816ed671c1255b515ca86cf28aa6f084e550;Anwalt im Fall Fabian bezweifelt Abläufe – Beweisanregungen;https://www.zeit.de/news/2026-08/07/mordprozess-im-fall-fabian-geht-mit-zeugenaussagen-weiter;Hier finden Sie Informationen zu dem Thema „21. Verhandlungstag“. Lesen Sie jetzt „Anwalt im Fall Fabian bezweifelt Abläufe – Beweisanregungen“.;21. Verhandlungstag;News, 21. Verhandlungstag, Rostock, Güstrow, Mordprozess, Zeugenaussage, Verhandlungstag;2026-08-07T11:21:46+02:00;2026-08-07T11:21:46+02:00;;dpa Mecklenburg-Vorpommern;false
ee6b77b4108017bdace4742a70dc4bae3b83dad478f7e491f8d9a8a2c9dad1f6;Neuer Brandenburger Kunstpreis: Es geht um Strahlkraft;https://www.zeit.de/news/2026-08/07/neuer-brandenburger-kunstpreis-es-geht-um-strahlkraft;Hier finden Sie Informationen zu dem Thema „Neu konzipiert“. Lesen Sie jetzt „Neuer Brandenburger Kunstpreis: Es geht um Strahlkraft“.;Neu konzipiert;News, Neu konzipiert, Manja Schüle, Maren Strack, Peter Rohn, Gabriele Konsor, Potsdam, Brandenburg, SPD, Kunstpreis, Strahlkraft;2026-08-07T11:18:19+02:00;2026-08-07T11:18:19+02:00;;dpa Berlin/Brandenburg;false
c9b2a1e2810df222e6a34d698c1c71b6f4228f9f54cd94e4e92a082ebcecc973;Zwölfjähriger stirbt bei Unfall mit Traktor;https://www.zeit.de/news/2026-08/07/zwoelfjaehriger-stirbt-bei-unfall-mit-traktor;Hier finden Sie Informationen zu dem Thema „Unfall bei Holzarbeiten“. Lesen Sie jetzt „Zwölfjähriger stirbt bei Unfall mit Traktor“.;Unfall bei Holzarbeiten;News, Unfall bei Holzarbeiten, Kreis Herford, Polizei, Unfall, Traktor, Holzarbeit;2026-08-07T11:14:04+02:00;2026-08-07T11:14:04+02:00;;dpa Nordrhein-Westfalen;false
398954dbd1133426a0f5bf83b688ac66c5e52a0410e9f448cdbf84df0a2c1656;EnBW verdient weniger - erneuerbare Energien legen zu;https://www.zeit.de/news/2026-08/07/enbw-verdient-weniger-erneuerbare-energien-legen-zu;Hier finden Sie Informationen zu dem Thema „Halbjahresbilanz“. Lesen Sie jetzt „EnBW verdient weniger - erneuerbare Energien legen zu“.;Halbjahresbilanz;News, Halbjahresbilanz, EnBW Energie Baden-Württemberg, Halbjahresbilanz, Laufwasserkraftwerken, Kohleausstieg, Konzernüberschuss, Trockenheit;2026-08-07T11:10:48+02:00;2026-08-07T11:10:48+02:00;;dpa Baden-Württemberg;false
443e664065a8241ee2049713766f6be32cb23bc742157801ccbd4fa156a0a02a;Zwischendecke im Bürogebäude eingestürzt – Zwei Verletzte;https://www.zeit.de/news/2026-08/07/zwischendecke-im-buerogebaeude-eingestuerzt-zwei-verletzte;Hier finden Sie Informationen zu dem Thema „Feuerwehreinsatz“. Lesen Sie jetzt „Zwischendecke im Bürogebäude eingestürzt – Zwei Verletzte“.;Feuerwehreinsatz;News, Feuerwehreinsatz, Zwischendecke, Bürogebäude, Feuerwehreinsatz, Einsturz;2026-08-07T11:09:33+02:00;2026-08-07T11:09:33+02:00;;dpa Niedersachsen;false
2e68a8adc9542a5a4b5d25083704335cc20ced3d0fa4f23fca25be38c94076fd;Wechsel fix: Dina Ebimbe wird Schalker;https://www.zeit.de/news/2026-08/07/wechsel-fix-dina-ebimbe-wird-schalker;Hier finden Sie Informationen zu dem Thema „Fußball-Bundesliga“. Lesen Sie jetzt „Wechsel fix: Dina Ebimbe wird Schalker“.;Fußball-Bundesliga;News, Fußball-Bundesliga, Schalke, FC Schalke 04, Fußball-Bundesliga, Bundesliga;2026-08-07T11:09:33+02:00;2026-08-07T11:09:33+02:00;;dpa Hessen;false
ff0b6e17d198322c77fe416b337e1bbcf8dd5df8f9a32476ef7dfc9ab74c0794;Frau bei Hausbrand in Schleswig verletzt;https://www.zeit.de/news/2026-08/07/frau-bei-hausbrand-in-schleswig-verletzt;Hier finden Sie Informationen zu dem Thema „Feuer im Norden“. Lesen Sie jetzt „Frau bei Hausbrand in Schleswig verletzt“.;Feuer im Norden;News, Feuer im Norden, Schleswig, Schleswig-Flensburg, Hausbrand;2026-08-07T11:08:26+02:00;2026-08-07T11:08:26+02:00;;dpa Hamburg/Schleswig-Holstein;false
0c304c50b2ed0a34ade702f93a208f93c9d230cca4a1c6e98351cfa856f8b08f;Porsche SE fordert rasche Entscheidung zu VW-Sparplänen;https://www.zeit.de/news/2026-08/07/milliardenverlust-bei-porsche-se-wegen-vw-abschreibung;Hier finden Sie Informationen zu dem Thema „VW-Großaktionär“. Lesen Sie jetzt „Porsche SE fordert rasche Entscheidung zu VW-Sparplänen“.;VW-Großaktionär;News, VW-Großaktionär, Stuttgart, Porsche, Volkswagen, Milliardenverlust, Beteiligungsgesellschaft, Eigentümerholding, Abschreibung;2026-08-07T11:07:45+02:00;2026-08-07T11:07:45+02:00;;dpa;false
2b8fc543f24922ec5b8ded29cdb5a5d32888de6d8345d7d7c2a4c7a6b3fd6cda;Freisprüche nach vermeintlicher Gruppenvergewaltigung;https://www.zeit.de/news/2026-08/07/freisprueche-nach-vermeintlicher-gruppenvergewaltigung;Hier finden Sie Informationen zu dem Thema „Landgericht Aachen“. Lesen Sie jetzt „Freisprüche nach vermeintlicher Gruppenvergewaltigung“.;Landgericht Aachen;News, Landgericht Aachen, Aachen, Heinsberg, Deutsche Presse-Agentur, Rheinische Post, Freispruch, Landgericht, Gruppenvergewaltigung;2026-08-07T11:07:04+02:00;2026-08-07T11:07:04+02:00;;dpa Nordrhein-Westfalen;false
53936b6dade772203c24a48cca2b0807a180471a3e207cd7a28608a020e5103c;Bundesgerichtshof bestätigt Beugehaft für Lina E.;https://www.zeit.de/politik/deutschland/2026-08/lina-e-beugehaft-bgh-olg-dresden-gxe;Die Linksextremistin Lina E. sitzt in Beugehaft, weil sie im neuen Antifa-Ost-Prozess nicht aussagen will. Ihre eigene Haftstrafe wurde bereits zur Bewährung ausgesetzt.;Antifa-Ost-Prozess;Politik, Antifa-Ost-Prozess, Linksextremismus, Bundesgerichtshof, Gerichtsverfahren, Dresden, Körperverletzung, Ermittlung;2026-08-07T10:59:26+02:00;2026-08-07T10:59:26+02:00;lk;DIE ZEIT,        dpa,        							lk;false
350a10e8c4c0d21f800d1ea59320fbbc5b5b2fd8cc5626bfaf4b749259be947d;Stadt Mannheim sieht Swingerparty-Plan im Rathaus kritisch;https://www.zeit.de/news/2026-08/07/stadt-mannheim-sieht-swingerparty-plan-im-rathaus-kritisch;Hier finden Sie Informationen zu dem Thema „Kurioser Vorschlag“. Lesen Sie jetzt „Stadt Mannheim sieht Swingerparty-Plan im Rathaus kritisch“.;Kurioser Vorschlag;News, Kurioser Vorschlag, Julien Ferrat, Mannheim, Swingerparty, FKK;2026-08-07T10:57:39+02:00;2026-08-07T10:57:39+02:00;;dpa Baden-Württemberg;false
f6a091362b90472b931d6012f9ac0a213c0eb1915ffb947138a8efe9071a21f1;In Bayerns Handwerk sinkt die Zuversicht;https://www.zeit.de/news/2026-08/07/in-bayerns-handwerk-sinkt-die-zuversicht;Hier finden Sie Informationen zu dem Thema „Konjunktur“. Lesen Sie jetzt „In Bayerns Handwerk sinkt die Zuversicht“.;Konjunktur;News, Konjunktur, Franz Xaver Peteranderl, Bayern, Zuversicht, Handwerkstag;2026-08-07T10:55:32+02:00;2026-08-07T10:55:32+02:00;;dpa Bayern;false
d622244d6376416367cdb0cdb0262dffec2abd91b8156509ab688c09c88f30d0;US-Feuer: Verdächtiger gesteht Brandstiftung;https://www.zeit.de/news/2026-08/07/us-feuer-verdaechtiger-gesteht-brandstiftung;Hier finden Sie Informationen zu dem Thema „Waldbrände in den USA“. Lesen Sie jetzt „US-Feuer: Verdächtiger gesteht Brandstiftung“.;Waldbrände in den USA;News, Waldbrände in den USA, Sydney Sweeney, Spokane, USA, Brandstiftung, Waldbrand;2026-08-07T10:52:37+02:00;2026-08-07T10:52:37+02:00;;dpa;false
67bfcc55ecf871ecbdf268986fd8e79edddb41c6baee7d981bbe261277099c91;Folgen der Dürre: Höhere Gemüsepreise und kürzere Pommes;https://www.zeit.de/news/2026-08/07/folgen-der-duerre-hoehere-gemuesepreise-und-kuerzere-pommes;Hier finden Sie Informationen zu dem Thema „Trockenheit im Warenkorb“. Lesen Sie jetzt „Folgen der Dürre: Höhere Gemüsepreise und kürzere Pommes“.;Trockenheit im Warenkorb;News, Trockenheit im Warenkorb, Michael Koch, Alois Keutmann, Trockenheit, Gemüsepreis, Regenmangel, Pommes, Gartenbau;2026-08-07T10:51:03+02:00;2026-08-07T10:51:03+02:00;;dpa Nordrhein-Westfalen;false
8b774b36a0fa69d40d6ba40a65b045df2b99a8b72100b6aba0db01cb937a6224;Schulze zur Rente: Habe meine Meinung nicht geändert;https://www.zeit.de/news/2026-08/07/schulze-zur-rente-habe-meine-meinung-nicht-geaendert;Hier finden Sie Informationen zu dem Thema „Diskussion um Rente mit 63“. Lesen Sie jetzt „Schulze zur Rente: Habe meine Meinung nicht geändert“.;Diskussion um Rente mit 63;News, Diskussion um Rente mit 63, Sven Schulze, Michael Kretschmer, Mario Voigt, Magdeburg, Sachsen, Sachsen-Anhalt, CDU, Deutsche Presse-Agentur, Rente;2026-08-07T10:49:52+02:00;2026-08-07T10:49:52+02:00;;dpa Sachsen;false
f559efa494a81f35e6b1888cadcce78f1a2fc8373e959de06a539a4158ae9e4a;Überflutungen und Muren im Westen Österreichs;https://www.zeit.de/news/2026-08/07/ueberflutungen-und-muren-im-westen-oesterreichs;Hier finden Sie Informationen zu dem Thema „Unwetter“. Lesen Sie jetzt „Überflutungen und Muren im Westen Österreichs“.;Unwetter;News, Unwetter, Westen Österreich, Zillertal, Bad Gastein, APA, Polizei, Überflutung, Bergregion, Unwetter;2026-08-07T10:47:49+02:00;2026-08-07T10:47:49+02:00;;dpa;false
c7f0989bc77fd54679cd205256b2f388ac829ba23ca01c2326a3b631d44264c9;Block-Prozess: Folgen der Entführung für Kinder weiter Thema;https://www.zeit.de/news/2026-08/07/block-prozess-folgen-der-entfuehrung-fuer-kinder-weiter-thema;Hier finden Sie Informationen zu dem Thema „66. Verhandlungstag“. Lesen Sie jetzt „Block-Prozess: Folgen der Entführung für Kinder weiter Thema“.;66. Verhandlungstag;News, 66. Verhandlungstag, Christina Block, Mareike Schüler-Springorum, Dänemark, Hamburg, Landgericht Hamburg, Entführung, Verhandlungstag;2026-08-07T10:47:15+02:00;2026-08-07T10:47:15+02:00;;dpa Hamburg/Schleswig-Holstein;false
4a0e2ceb9137540bf914ed0e9c7e172084aadfe71958f257bc15d0bd4c46df4b;Nach Unfall an Bahnübergang: Autofahrerin übersah Zug;https://www.zeit.de/news/2026-08/07/nach-unfall-an-bahnuebergang-autofahrerin-uebersah-zug;Hier finden Sie Informationen zu dem Thema „Unbeschrankter Bahnübergang“. Lesen Sie jetzt „Nach Unfall an Bahnübergang: Autofahrerin übersah Zug“.;Unbeschrankter Bahnübergang;News, Unbeschrankter Bahnübergang, Unfall, Auto;2026-08-07T10:44:22+02:00;2026-08-07T10:44:22+02:00;;dpa Hessen;false
82f3361c210bc41d6339187226912a92d50561f32b89a08bc533cb0b4e7dabd8;Sommerchaos auf Radwegen: Kopenhagener genervt von Touristen;https://www.zeit.de/news/2026-08/07/sommerchaos-auf-radwegen-kopenhagener-genervt-von-touristen;Hier finden Sie Informationen zu dem Thema „Radfahren in Dänemark“. Lesen Sie jetzt „Sommerchaos auf Radwegen: Kopenhagener genervt von Touristen“.;Radfahren in Dänemark;News, Radfahren in Dänemark, Dänemark, Kopenhagen, Treffen, Sommerchaos, Radweg, Fahrradsattel;2026-08-07T10:44:17+02:00;2026-08-07T10:44:17+02:00;;dpa;false
4cd8cbbc1f397667c86c0df6bc2efbc6a34c6e2c4dc741b9880e6a97ac1d8066;«Ich bin jetzt mal raus» - Harald Glööckler sucht das Weite;https://www.zeit.de/news/2026-08/07/ich-bin-jetzt-mal-raus-harald-gloeoeckler-sucht-das-weite;Hier finden Sie Informationen zu dem Thema „Von Berlin in die Pfalz“. Lesen Sie jetzt „«Ich bin jetzt mal raus» - Harald Glööckler sucht das Weite“.;Von Berlin in die Pfalz;News, Von Berlin in die Pfalz, Harald Glööckler, Berlin, Pfalz, Maulbronn, Basel, Kirchheim, Baden-Württemberg, RTL, Deutsche Presse-Agentur, Ich bin ein Star – Holt mich hier raus!;2026-08-07T10:34:59+02:00;2026-08-07T10:34:59+02:00;;dpa Berlin/Brandenburg;false
39b7d5c98cab007c27ab39486fa2216e39a4a1d9a0d220fc5ad5723ef67736ac;13 Drohnenvorfälle über kritischer Infrastruktur in Sachsen;https://www.zeit.de/news/2026-08/07/13-drohnenvorfaelle-ueber-kritischer-infrastruktur-in-sachsen;Hier finden Sie Informationen zu dem Thema „Innere Sicherheit“. Lesen Sie jetzt „13 Drohnenvorfälle über kritischer Infrastruktur in Sachsen“.;Innere Sicherheit;News, Innere Sicherheit, Rico Gebhardt, Sachsen, Leipzig, Innenministerium, Drohnenvorfall, Infrastruktur, Drohnenüberflug, Sicherheit, Transport, Drohne;2026-08-07T10:33:38+02:00;2026-08-07T10:33:38+02:00;;dpa Sachsen;false
6c8c8064ee287b2d346f90e7844864ff05977f12bae6ac24b2725a5e4560aa67;Lina E. verweigert Zeugenaussage – BGH bestätigt Beugehaft;https://www.zeit.de/news/2026-08/07/lina-e-verweigert-zeugenaussage-bgh-bestaetigt-beugehaft;Hier finden Sie Informationen zu dem Thema „Bundesgerichtshof“. Lesen Sie jetzt „Lina E. verweigert Zeugenaussage – BGH bestätigt Beugehaft“.;Bundesgerichtshof;News, Bundesgerichtshof, Lina E., Dresden, Bundesgerichtshof, OLG, Antifa, Zeugenaussage;2026-08-07T10:31:11+02:00;2026-08-07T10:31:11+02:00;;dpa Sachsen;false
02976c9fe4a755bb6248a02da4b29fd091058f1ef8facdb01aafa9995ec2eeee;Im Tiefflug übers Meer – So spüren Öljäger Umweltsünder auf;https://www.zeit.de/news/2026-08/07/im-tiefflug-uebers-meer-so-spueren-oeljaeger-umweltsuender-auf;Hier finden Sie Informationen zu dem Thema „Schutz von Nord- und Ostsee“. Lesen Sie jetzt „Im Tiefflug übers Meer – So spüren Öljäger Umweltsünder auf“.;Schutz von Nord- und Ostsee;News, Schutz von Nord- und Ostsee, Benedikt Spangardt, Finn Viehberg, Ostsee, Nordsee, Dänemark, Nordholz, Deutsche Bucht, Cuxhaven, Dornier-Werke, Havariekommando;2026-08-07T10:31:07+02:00;2026-08-07T10:31:07+02:00;;dpa Hamburg/Schleswig-Holstein;false
04d7e7ab8432b78da87d4f033a28a9286bcce3dad8311106042fc278814cd2ea;Ukraine stößt in den Regionen Charkiw und Donezk vor;https://www.zeit.de/politik/ausland/ukraine-russland-frontverlauf-krieg-karte-aktuell;An zwei Fronten in der Nähe der Städte Charkiw und Kostjantyniwka sind ukrainische Soldaten vorgedrungen. Russische Einheiten rückten in der Region Donezk ebenfalls vor.;Ukrainekarte aktuell;Politik, Ukrainekarte aktuell, Krieg in der Ukraine, Donezk, Charkiw, Streitkräfte, Russland, Militär;2026-08-07T10:29:32+02:00;2026-08-07T10:29:32+02:00;Elizabeth RushtonJustus WilkeMaline HofmannChristina FelschenJulius TrögerBenja Zehr;;false
82683dfc27cfd3ef65d18f2bf7b2db7cad6f3258d8857e83c986601c8322cbc0;Risiko E-Scooter? – Jugendtrend mit Folgen;https://www.zeit.de/news/2026-08/07/risiko-e-scooter-jugendtrend-mit-folgen;Hier finden Sie Informationen zu dem Thema „Hohe Unfallgefahr“. Lesen Sie jetzt „Risiko E-Scooter? – Jugendtrend mit Folgen“.;Hohe Unfallgefahr;News, Hohe Unfallgefahr, Sören Groth, Kirstin Zeidler, Rainer Wirtz, Dortmund, Statistisches Bundesamt, Polizei, Gesamtverband der Deutschen Versicherungswirtschaft, Jugendtrend, Leihfahrzeug, Scooter;2026-08-07T10:20:25+02:00;2026-08-07T10:20:25+02:00;;dpa;false
cbeffbff63acf924d2ed028445eadbf7263c435c2356b3fbc96b11b222f7f667;Sicherheitsrat tagt zu Drohnen-Vorfall;https://www.zeit.de/news/2026-08/07/sicherheitsrat-tagt-zu-drohnen-vorfall;Hier finden Sie Informationen zu dem Thema „Innere Sicherheit“. Lesen Sie jetzt „Sicherheitsrat tagt zu Drohnen-Vorfall“.;Innere Sicherheit;News, Innere Sicherheit, Friedrich Merz, Sicherheitsrat, Drohne, Sicherheit;2026-08-07T10:16:45+02:00;2026-08-07T10:16:45+02:00;;dpa Sachsen;false
047212ba12bf4c05bb6559ffec5404d23beb46b9f6e6ec4fb2f1f3af688d6a9f;Gefangene Fische im Tretboot - mehrere Verstöße am Chiemsee;https://www.zeit.de/news/2026-08/07/gefangene-fische-im-tretboot-mehrere-verstoesse-am-chiemsee;Hier finden Sie Informationen zu dem Thema „Illegale Fischerei“. Lesen Sie jetzt „Gefangene Fische im Tretboot - mehrere Verstöße am Chiemsee“.;Illegale Fischerei;News, Illegale Fischerei, Chiemsee, Tretboot, Fisch, Wasserschutzpolizei;2026-08-07T10:11:05+02:00;2026-08-07T10:11:05+02:00;;dpa Bayern;false
5a2a06ed44c226bd8128931391b17baaa1b65c2b3539fc6a8181e05b71a6301e;Ungewöhnliche Todesfälle bei Rentieren in Norwegen;https://www.zeit.de/gesellschaft/zeitgeschehen/2026-08/spitzbergen-rentiere-tod-tiermedizin-gxe;Eine für den Sommer ungewöhnlich hohe Zahl von Todesfällen unter Rentieren auf Spitzbergen gibt norwegischen Forschern Rätsel auf. Die Ursache ist noch unklar. ;Rentiere auf Spitzbergen;Gesellschaft, Rentiere auf Spitzbergen, Norwegen, Tiere, Tiermedizin, Ökologie, Arktis;2026-08-07T10:09:29+02:00;2026-08-07T10:09:29+02:00;bda;DIE ZEIT,        AFP,        dpa,        							bda;false
6043d6b36e26585039338406ce54faae45f26a457d6ae271d36ef77f2c71b853;42 Zentimeter Wasserstand der Elbe in Magdeburg;https://www.zeit.de/news/2026-08/07/42-zentimeter-wasserstand-der-elbe-in-magdeburg;Hier finden Sie Informationen zu dem Thema „Niedrigwasser“. Lesen Sie jetzt „42 Zentimeter Wasserstand der Elbe in Magdeburg“.;Niedrigwasser;News, Niedrigwasser, Elbe, Magdeburg, Wasserstand, Niedrigwasser;2026-08-07T10:07:03+02:00;2026-08-07T10:07:03+02:00;;dpa Sachsen;false
4ae4187f6d6dd97ccbec10395acdc654bf52b6931c2371522146898e9a38f2c0;Rausch und Risiko - alle zwei Minuten ein Unfall;https://www.zeit.de/news/2026-08/07/weniger-menschen-bei-verkehrsunfaellen-getoetet;Hier finden Sie Informationen zu dem Thema „Neue Zahlen zu Unfällen“. Lesen Sie jetzt „Rausch und Risiko - alle zwei Minuten ein Unfall“.;Neue Zahlen zu Unfällen;News, Neue Zahlen zu Unfällen, Innenministerium, Verkehrsunfall;2026-08-07T10:04:30+02:00;2026-08-07T10:04:30+02:00;;dpa Baden-Württemberg;false
f184873770c2c37ed565bf17bba26d5fa58be20560eca5251b165a424166c555;Tourismus in Bayern: Mehr Gäste und Übernachtungen;https://www.zeit.de/news/2026-08/07/tourismus-in-bayern-mehr-gaeste-und-uebernachtungen;Hier finden Sie Informationen zu dem Thema „Beherbergung“. Lesen Sie jetzt „Tourismus in Bayern: Mehr Gäste und Übernachtungen“.;Beherbergung;News, Beherbergung, Bayern, Übernachtung, Beherbergung, Beherbergungsbetrieb, Tourismus;2026-08-07T10:02:56+02:00;2026-08-07T10:02:56+02:00;;dpa Bayern;false
9c2dfb491648ce4f1bed678b287d48c983df16549f169211fe3012b8e88c52ea;Bundesbank: Weniger Falschgeld in Deutschland;https://www.zeit.de/news/2026-08/07/bundesbank-weniger-falschgeld-in-deutschland;Hier finden Sie Informationen zu dem Thema „Halbjahresbilanz“. Lesen Sie jetzt „Bundesbank: Weniger Falschgeld in Deutschland“.;Halbjahresbilanz;News, Halbjahresbilanz, Lutz Lienenkämper, Deutsche Bundesbank, Polizei, Falschgeld, Falschgeldzahl, Halbjahresbilanz, Abwärtstrend;2026-08-07T10:00:09+02:00;2026-08-07T10:00:09+02:00;;dpa;false
6f187689fab02075877ebeec57b2e5172ff58fefcb5370632b0ce7ee9682a215;FC Bayern kritisiert: «Internationalisierung kein Solo-Lauf»;https://www.zeit.de/news/2026-08/07/fc-bayern-kritisiert-internationalisierung-kein-solo-lauf;Hier finden Sie Informationen zu dem Thema „Fußball-Bundesliga“. Lesen Sie jetzt „FC Bayern kritisiert: «Internationalisierung kein Solo-Lauf»“.;Fußball-Bundesliga;News, Fußball-Bundesliga, Herbert Hainer, Rouven Kasper, Hongkong, Südkorea, FC Bayern München, Fußball-Bundesliga, Bundesliga, Internationalisierung, Sommer;2026-08-07T09:56:40+02:00;2026-08-07T09:56:40+02:00;;dpa Bayern;false
1ea2b50b4ecf09e5781e85c455671d0610917b4a882b832e9cf3366f4bb5459d;Alles anders bei St. Pauli: Club vor Neuanfang nach Abstieg;https://www.zeit.de/news/2026-08/07/alles-anders-bei-st-pauli-club-vor-neuanfang-nach-abstieg;Hier finden Sie Informationen zu dem Thema „2. Bundesliga“. Lesen Sie jetzt „Alles anders bei St. Pauli: Club vor Neuanfang nach Abstieg“.;2. Bundesliga;News, 2. Bundesliga, Jackson Irvine, Andreas Bornemann, Marcel Rapp, Branimir Hrgota, St. Pauli, Japan, Hamburg, Osaka, Gazastreifen, FC St. Pauli;2026-08-07T09:56:34+02:00;2026-08-07T09:56:34+02:00;;dpa Hamburg/Schleswig-Holstein;false
8c486629f91c4117328ac906075fcb4d41a4c6a5ac4f25b1779b4e55634d15ac;Drei Menschen bei Unfall in Rheinland-Pfalz gestorben;https://www.zeit.de/news/2026-08/07/drei-menschen-bei-unfall-in-rheinland-pfalz-gestorben;Hier finden Sie Informationen zu dem Thema „Verkehr“. Lesen Sie jetzt „Drei Menschen bei Unfall in Rheinland-Pfalz gestorben“.;Verkehr;News, Verkehr, Rheinland-Pfalz, Unfall, Frontalzusammenstoß, Verkehr, Auto;2026-08-07T09:56:13+02:00;2026-08-07T09:56:13+02:00;;dpa Rheinland-Pfalz/Saarland;false
cabf625637440b9f782475bc111859ec23e7c1e19574de178edac6d41ac68cc4;Rentier-Mysterium: Viele tote Tiere auf Spitzbergen;https://www.zeit.de/news/2026-08/07/rentier-mysterium-viele-tote-tiere-auf-spitzbergen;Hier finden Sie Informationen zu dem Thema „Schock-Fund in Norwegen“. Lesen Sie jetzt „Rentier-Mysterium: Viele tote Tiere auf Spitzbergen“.;Schock-Fund in Norwegen;News, Schock-Fund in Norwegen, Norwegen, Spitzbergen, Tiere;2026-08-07T09:56:05+02:00;2026-08-07T09:56:05+02:00;;dpa;false
a87f28fa576a04088ce9e7232e72d721b0c555fbee8163f550b9b50710fe3f95;Auto erfasst zwei Fußgänger - Mann in Lebensgefahr;https://www.zeit.de/news/2026-08/07/auto-erfasst-zwei-fussgaenger-mann-in-lebensgefahr;Hier finden Sie Informationen zu dem Thema „Verkehrsunfall“. Lesen Sie jetzt „Auto erfasst zwei Fußgänger - Mann in Lebensgefahr“.;Verkehrsunfall;News, Verkehrsunfall, Mann, Aschaffenburg, Lebensgefahr, Verkehrsunfall, Auto;2026-08-07T09:52:59+02:00;2026-08-07T09:52:59+02:00;;dpa Bayern;false
9af244d5dd5ae7925d219f412d1d00391474561f315f228bb8c94400f8d9fc72;Vorfreude auf neue Saison: FCK startet in Wolfsburg;https://www.zeit.de/news/2026-08/07/vorfreude-auf-neue-saison-fck-startet-in-wolfsburg;Hier finden Sie Informationen zu dem Thema „2. Fußball-Bundesliga“. Lesen Sie jetzt „Vorfreude auf neue Saison: FCK startet in Wolfsburg“.;2. Fußball-Bundesliga;News, 2. Fußball-Bundesliga, Torsten Lieberknecht, Wolfsburg, Kaiserslautern, Volkswagen, 1. FC Kaiserslautern, VfL Wolfsburg, RTL, Fußball-Bundesliga, Bundesliga, Vorfreude;2026-08-07T09:46:33+02:00;2026-08-07T09:46:33+02:00;;dpa Rheinland-Pfalz/Saarland;false
0c10f5b824f1d79c415a9b259b3ec65d4511190a5f7960ad8ab4cfb6e1c3a6ac;Das neue Persönlichkeitsziel: keine Freunde;https://www.zeit.de/familie/2026-08/solitude-influencer-einsamkeit-freundschaften-beziehungen-sozialleben;Meine Pizza, meine Katze und ich: Im abgehetzten Alltag wird Me-Time zum Luxus. Doch kurze Auszeiten sind für manche nicht genug. Sie sehnen sich nach einem Solo-Leben.;"Z+ (abopflichtiger Inhalt);
        
    Solitude-Influencer";Familie, Solitude-Influencer, Instagram, YouTube, Freundschaft, Familie, Beziehung;2026-08-07T09:41:59+02:00;2026-08-07T09:41:59+02:00;Anne Waak;;false
425103a989560fac5658d430b33f541e31d263c5d15c1cf102e4748e1b85a62d;Unbekannte stehlen Messinggrabplatten von Friedhof;https://www.zeit.de/news/2026-08/07/unbekannte-stehlen-messinggrabplatten-von-friedhof;Hier finden Sie Informationen zu dem Thema „Krimimalität“. Lesen Sie jetzt „Unbekannte stehlen Messinggrabplatten von Friedhof“.;Krimimalität;News, Krimimalität, Krimimalität, Schwerin, Messinggrabplatte, Sachschaden, Friedhof;2026-08-07T09:36:39+02:00;2026-08-07T09:36:39+02:00;;dpa Mecklenburg-Vorpommern;false
79014390e234f5d6f84fdc1475f3881e47c12ed6e791e76032f2c345966f78c0;Zugausfälle und Umleitungen: Bauarbeiten bremsen Bahnverkehr;https://www.zeit.de/news/2026-08/07/zugausfaelle-und-umleitungen-bauarbeiten-bremsen-bahnverkehr;Hier finden Sie Informationen zu dem Thema „Bahn“. Lesen Sie jetzt „Zugausfälle und Umleitungen: Bauarbeiten bremsen Bahnverkehr“.;Bahn;News, Bahn, Hannover, Braunschweig, Berlin, Ostwestfalen, Minden, VdW Rheinland Westfalen, Zugausfall, Umleitung, Bahnverkehr, Sperrung;2026-08-07T09:30:06+02:00;2026-08-07T09:30:06+02:00;;dpa Nordrhein-Westfalen;false
3ec92b7fbea57da9c74e2e2146b7af394c77244f980fea7c3e35fe82b4eb7484;Ständig Brandalarm bei Kapellbrücke in Luzern - Spinnen?;https://www.zeit.de/news/2026-08/07/staendig-brandalarm-bei-kapellbruecke-in-luzern-spinnen;Hier finden Sie Informationen zu dem Thema „Mysteriöse Vorgänge“. Lesen Sie jetzt „Ständig Brandalarm bei Kapellbrücke in Luzern - Spinnen?“.;Mysteriöse Vorgänge;News, Mysteriöse Vorgänge, Schweiz, Luzern, Feuerwehr, Kapellbrücke, Brandalarm;2026-08-07T09:26:15+02:00;2026-08-07T09:26:15+02:00;;dpa;false
edc2cfad92ea845c7bc3c2eb3328b3ac93a03285ea6456cd03f3fa5f35f1a9e0;Spaziergänger findet Königspython am Kanalufer in Rendsburg;https://www.zeit.de/news/2026-08/07/spaziergaenger-findet-koenigspython-am-kanalufer-in-rendsburg;Hier finden Sie Informationen zu dem Thema „Tierisches“. Lesen Sie jetzt „Spaziergänger findet Königspython am Kanalufer in Rendsburg“.;Tierisches;News, Tierisches, Rendsburg, Polizei, Königspython, Kanalufer, Tiere;2026-08-07T09:24:31+02:00;2026-08-07T09:24:31+02:00;;dpa Hamburg/Schleswig-Holstein;false
81ed360ac7f7d80275038d25d7e68f5432b8b182f7c903f424b2637f4b22c66f;Ein Pesto, so salzig wie der Meerwind;https://www.zeit.de/zeit-magazin/wochenmarkt/2025-05/pasta-pesto-pantesco-rezept-wochenmarkt;Auf der Insel Pantelleria wachsen überall Kapern. Kein Wunder also, dass die grünen Blüten ihren Weg auch ins samtige Pesto finden. Ideal auf großer Spiral-Pasta!;"Z+ (abopflichtiger Inhalt);
        
    Pasta mit Pesto Pantesco";Pasta, Italienische Küche, Mittagessen, Hauptgerichte;2026-08-07T09:22:59+02:00;2026-08-07T09:22:59+02:00;Rachel Roddy;;false
3b15c954ac8e2655ea7a5bd8ebce20d3c0a73c117286dc14d8d4bb91b853737b;Berufssoldat wegen Vergewaltigung von Kameradin vor Gericht;https://www.zeit.de/news/2026-08/07/berufssoldat-wegen-vergewaltigung-von-kameradin-vor-gericht;Hier finden Sie Informationen zu dem Thema „Prozess“. Lesen Sie jetzt „Berufssoldat wegen Vergewaltigung von Kameradin vor Gericht“.;Prozess;News, Prozess, Hannover, Vergewaltigung;2026-08-07T09:21:18+02:00;2026-08-07T09:21:18+02:00;;dpa Niedersachsen;false
12bd48b175bad4c5448f2e3d3f794a46f7b616be929acf548dad2be784cc911c;Deutschland exportierte im Juni mehr Waren als je zuvor;https://www.zeit.de/wirtschaft/unternehmen/2026-08/deutsche-exporte-rekord-aussenhandel-waren-us-china-gxe;Die deutschen Exporte sind im Juni zum fünften Mal in Folge gestiegen – auf ein Allzeithoch. Die USA blieben trotz eines deutlichen Rückgangs das wichtigste Zielland.;Wirtschaft;Wirtschaft, Wirtschaft, Außenhandel, Export, USA, China, Statistisches Bundesamt, Industriebetrieb;2026-08-07T09:19:45+02:00;2026-08-07T09:19:45+02:00;lk;DIE ZEIT,        Reuters,        AFP,        							lk;false
f6219742c30b27b12ab9c44959d2f75b0c5340030245e7161a2b32197e189597;14-Jährige stürzt beim Klettern in Südtirol zu Tode;https://www.zeit.de/news/2026-08/07/14-jaehrige-stuerzt-beim-klettern-in-suedtirol-zu-tode;Hier finden Sie Informationen zu dem Thema „Unfälle“. Lesen Sie jetzt „14-Jährige stürzt beim Klettern in Südtirol zu Tode“.;Unfälle;News, Unfälle, Südtirol, Unfall, Familie;2026-08-07T09:15:00+02:00;2026-08-07T09:15:00+02:00;;dpa;false
277766d9fdc31bd547b0fb8b415fde7778927da656d4b7b657231d11c93d8624;Behörde in Afrika will mögliche Ebola-Mutation abklären;https://www.zeit.de/news/2026-08/06/trump-regierung-plant-millionenhilfe-fuer-kampf-gegen-ebola;Hier finden Sie Informationen zu dem Thema „Ebola im Kongo“. Lesen Sie jetzt „Behörde in Afrika will mögliche Ebola-Mutation abklären“.;Ebola im Kongo;News, Ebola im Kongo, Donald Trump, Kongo, Afrika, USA, Außenministerium der Vereinigten Staaten, AA, Ausbruch, Ebola, Ebola-Epidemie, Virus;2026-08-07T09:13:59+02:00;2026-08-07T09:13:59+02:00;;dpa;false
5cbd523ed1b958db8167c6d6c59b3b0c955fb277bb884ea750689fa9d2243826;Das Curry aus dem Vorratsschrank;https://www.zeit.de/zeit-magazin/wochenmarkt/2025-11/curry-gekochte-eier-rezept-wochenmarkt;Für dieses schnelle, sättigende Gericht müssen Sie womöglich gar nicht einkaufen gehen. Die Zutaten sind günstig und oft eh auf Reserve. Perfekt für eine Mittagspause!;"Z+ (abopflichtiger Inhalt);
        
    Curry mit gekochten Eiern";Curry, Mittagessen, Hauptgerichte, Rezepte mit Ei, vegetarische Rezepte;2026-08-07T09:13:17+02:00;2026-08-07T09:13:17+02:00;Tamal Ray;;false
a1584c26121196f356ccbb4d235404757aed8e60c6a1bf9c6c1e805be4145a79;So entwickelt sich in Bayern der Wohnungsbau;https://www.zeit.de/news/2026-08/07/so-entwickelt-sich-in-bayern-der-wohnungsbau;Hier finden Sie Informationen zu dem Thema „Trendwende verstetigt“. Lesen Sie jetzt „So entwickelt sich in Bayern der Wohnungsbau“.;Trendwende verstetigt;News, Trendwende verstetigt, Christian Bernreiter, Bayern, Wohnungsbau, Baugenehmigung;2026-08-07T09:11:40+02:00;2026-08-07T09:11:40+02:00;;dpa Bayern;false
6f2360ddbb503aca7ba2ce746b8b5e012427430e3c701d00232f897d4ace9ffb;Polizei sucht nach Brandanschlag zwei junge Männer;https://www.zeit.de/news/2026-08/07/polizei-sucht-nach-brandanschlag-zwei-junge-maenner;Hier finden Sie Informationen zu dem Thema „Kriminalität“. Lesen Sie jetzt „Polizei sucht nach Brandanschlag zwei junge Männer“.;Kriminalität;News, Kriminalität, Mann, Erbach, Odenwaldkreis, Polizei, Brandanschlag;2026-08-07T09:08:11+02:00;2026-08-07T09:08:11+02:00;;dpa Hessen;false
a57d2532484ec245a0b450b780518d8eabe2e4fe016aafc8731ee4a2fc4a019d;Im Vorgarten gelandet: Mann lässt Auto nach Unfall stehen;https://www.zeit.de/news/2026-08/07/im-vorgarten-gelandet-mann-laesst-auto-nach-unfall-stehen;Hier finden Sie Informationen zu dem Thema „Unfälle“. Lesen Sie jetzt „Im Vorgarten gelandet: Mann lässt Auto nach Unfall stehen“.;Unfälle;News, Unfälle, Neverin, Polizei, Unfall, Vorgarten, Seenplatte, Auto, Fahrzeug;2026-08-07T09:05:38+02:00;2026-08-07T09:05:38+02:00;;dpa Mecklenburg-Vorpommern;false
c3f733f79184fb955434840249de390d2a4391c1e4fd5eb04a3b13c3578a8330;Mensch nach Unfall auf A9 schwer verletzt;https://www.zeit.de/news/2026-08/07/mensch-nach-unfall-auf-a9-schwer-verletzt;Hier finden Sie Informationen zu dem Thema „Zusammenprall auf der A9“. Lesen Sie jetzt „Mensch nach Unfall auf A9 schwer verletzt“.;Zusammenprall auf der A9;News, Zusammenprall auf der A9, Unfall, Zusammenprall, Auto;2026-08-07T09:04:35+02:00;2026-08-07T09:04:35+02:00;;dpa Sachsen;false
9659ea373ed3a832676b87c86061c0a32ad89cc61e09710c15a7d9d3048ece06;Schüsse Richtung Feld - SEK nimmt Mann in Gewahrsam;https://www.zeit.de/news/2026-08/07/schuesse-richtung-feld-sek-nimmt-mann-in-gewahrsam;Hier finden Sie Informationen zu dem Thema „SEK-Einsatz in Hannover.“. Lesen Sie jetzt „Schüsse Richtung Feld - SEK nimmt Mann in Gewahrsam“.;SEK-Einsatz in Hannover.;News, SEK-Einsatz in Hannover., Hannover, Gewahrsam;2026-08-07T09:01:51+02:00;2026-08-07T09:01:51+02:00;;dpa Niedersachsen;false
8b870d98fbe78a11be13947f3c2f87c7d46c0f6ee8c756e2b2387d873c31bb95;«Talfahrt scheint beendet»: Deutsche Produktion steigt;https://www.zeit.de/news/2026-08/07/talfahrt-scheint-beendet-deutsche-produktion-steigt;Hier finden Sie Informationen zu dem Thema „Konjunktur“. Lesen Sie jetzt „«Talfahrt scheint beendet»: Deutsche Produktion steigt“.;Konjunktur;News, Konjunktur, Jens-Oliver Niklasch, Wiesbaden, Statistisches Bundesamt, Talfahrt;2026-08-07T09:01:34+02:00;2026-08-07T09:01:34+02:00;;dpa;false
7237f26752f9f3125d7f393107624049858839688afe633527f80272ade303cb;Das sagt Bayern-Star Oberdorf zu ihren Comeback-Aussichten;https://www.zeit.de/news/2026-08/07/das-sagt-bayern-star-oberdorf-zu-ihren-comeback-aussichten;Hier finden Sie Informationen zu dem Thema „Fußball“. Lesen Sie jetzt „Das sagt Bayern-Star Oberdorf zu ihren Comeback-Aussichten“.;Fußball;News, Fußball, Lena Oberdorf, Bayern, FC Bayern München, Münchner Merkur, Kreuzbandverletzung, Teamtraining, Fußball;2026-08-07T08:55:27+02:00;2026-08-07T08:55:27+02:00;;dpa Bayern;false
4832a7f546b01fc50f8cf2d7c733f938f54bc7dc0f063fb3410df158fbb8b193;Straßenbahnunfall: Zahl der Verletzten steigt auf 42;https://www.zeit.de/news/2026-08/07/strassenbahnunfall-zahl-der-verletzten-steigt-auf-42;Hier finden Sie Informationen zu dem Thema „Gelsenkirchen“. Lesen Sie jetzt „Straßenbahnunfall: Zahl der Verletzten steigt auf 42“.;Gelsenkirchen;News, Gelsenkirchen, Gelsenkirchen, Polizei, Straßenbahnunfall;2026-08-07T08:53:37+02:00;2026-08-07T08:53:37+02:00;;dpa Nordrhein-Westfalen;false
b3c270072d0b21f5b510a54aa21d3742d18c99522215660d1f22260cc991b9b9;«Pele» Wollitz - der Letzte seiner Art?;https://www.zeit.de/news/2026-08/07/pele-wollitz-der-letzte-seiner-art;Hier finden Sie Informationen zu dem Thema „2. Fußball-Bundesliga“. Lesen Sie jetzt „«Pele» Wollitz - der Letzte seiner Art?“.;2. Fußball-Bundesliga;News, 2. Fußball-Bundesliga, Claus-Dieter Wollitz, Cottbus, FC Energie Cottbus, Hannover 96, Fußball-Bundesliga, Bundesliga, Familienrat, Familie, Sommer;2026-08-07T08:46:05+02:00;2026-08-07T08:46:05+02:00;;dpa Berlin/Brandenburg;false
380524556cf7e39c35b0181e7394753738cef37eed7bb4d5bc5fb3d1d60b5343;Chinas Handelsüberschuss mit Deutschland wächst weiter;https://www.zeit.de/news/2026-08/07/chinas-handelsueberschuss-mit-deutschland-waechst-weiter;Hier finden Sie Informationen zu dem Thema „Außenhandel“. Lesen Sie jetzt „Chinas Handelsüberschuss mit Deutschland wächst weiter“.;Außenhandel;News, Außenhandel, China, Handelsüberschuss, Außenhandel, Ungleichgewicht, Importe;2026-08-07T08:44:35+02:00;2026-08-07T08:44:35+02:00;;dpa;false
f6da98ade8b356569bb46d3dde2f2c803d69a55acdeac34d28f855ec74088c9c;Wohnungslosenhilfe warnt vor lebensgefährlichen Folgen extremer Hitze;https://www.zeit.de/gesellschaft/2026-08/extremhitze-obdachlose-bundesarbeitsgemeinschaft-wohnungslosenhilfe-sabine-boesing-gxe;Ohne Wasser, Schatten und kühle Räume seien auf der Straße lebende Menschen der Hitze schutzlos ausgeliefert, warnt die Wohnungslosenhilfe. Viele seien zudem vorerkrankt.;Wohnungslose in Deutschland;Gesellschaft, Wohnungslose in Deutschland, Hitze, Obdachlosigkeit, Extremwetter, Obdachlose, Sozialpolitik;2026-08-07T08:42:28+02:00;2026-08-07T08:42:28+02:00;lk;DIE ZEIT,        epd,        							lk;false
5e26d8288dfeb393a9ca30ca4253ea117ac62e11e49309ad03c15b5a482030c9;50 Menschen retten sich bei Hochhausbrand in Lichtenberg;https://www.zeit.de/news/2026-08/07/50-menschen-retten-sich-bei-hochhausbrand-in-lichtenberg;Hier finden Sie Informationen zu dem Thema „Brände“. Lesen Sie jetzt „50 Menschen retten sich bei Hochhausbrand in Lichtenberg“.;Brände;News, Brände, Lichtenberg, Hochhausbrand, Brand;2026-08-07T08:41:21+02:00;2026-08-07T08:41:21+02:00;;dpa Berlin/Brandenburg;false
219e5c9a529781a06df90179aec04ad8f6986c81df19279dcdd1a80aa535d5ad;Mehr als 627.000 Fahrzeuge haben ein «Heimatkennzeichen»;https://www.zeit.de/news/2026-08/07/mehr-als-627-000-fahrzeuge-haben-ein-heimatkennzeichen;Hier finden Sie Informationen zu dem Thema „Autokennzeichen wie früher“. Lesen Sie jetzt „Mehr als 627.000 Fahrzeuge haben ein «Heimatkennzeichen»“.;Autokennzeichen wie früher;News, Autokennzeichen wie früher, Havelberg, Köthen, Gräfenhainichen, Sachsen-Anhalt, Hochschule Heilbronn, Heimatkennzeichen, Autokennzeichen, Fahrzeug, Auto;2026-08-07T08:32:48+02:00;2026-08-07T08:32:48+02:00;;dpa Sachsen;false
421e2fa55320b4f596d99df853c3f7c9168d9ae1d07cc52f55b0f29075a8575d;Schweinestall in Flammen – über 1.000 Tiere tot;https://www.zeit.de/news/2026-08/07/schweinestall-in-flammen-ueber-1-000-tiere-tot;Hier finden Sie Informationen zu dem Thema „Bauernhof in Bayern“. Lesen Sie jetzt „Schweinestall in Flammen – über 1.000 Tiere tot“.;Bauernhof in Bayern;News, Bauernhof in Bayern, Christian Happach, Bayern, Augsburg, Landkreis Aichach-Friedberg, Feuerwehr, Polizei, Schweinestall, Bauernhof, Tiere;2026-08-07T08:31:47+02:00;2026-08-07T08:31:47+02:00;;dpa;false
d91fa0dded0227319a30658fe65b699f054e496104ba00e31fa657f2311f826d;Auto überschlägt sich auf A 28 – Fahrer in Lebensgefahr;https://www.zeit.de/news/2026-08/07/auto-ueberschlaegt-sich-auf-a-28-fahrer-in-lebensgefahr;Hier finden Sie Informationen zu dem Thema „Unfälle“. Lesen Sie jetzt „Auto überschlägt sich auf A 28 – Fahrer in Lebensgefahr“.;Unfälle;News, Unfälle, Unfall, Lebensgefahr, Auto;2026-08-07T08:29:25+02:00;2026-08-07T08:29:25+02:00;;dpa Niedersachsen;false
66714c07bf2f1cf3279435882aea76c5461e4ae00e6c14c512d1a841d06558ad;Nach Tod einer Frau - Verdächtiger wieder auf freiem Fuß;https://www.zeit.de/news/2026-08/07/nach-tod-einer-frau-verdaechtiger-wieder-auf-freiem-fuss;Hier finden Sie Informationen zu dem Thema „Kriminalität“. Lesen Sie jetzt „Nach Tod einer Frau - Verdächtiger wieder auf freiem Fuß“.;Kriminalität;News, Kriminalität, Hanau, Polizei;2026-08-07T08:18:49+02:00;2026-08-07T08:18:49+02:00;;dpa Hessen;false
87b2904be16698e7773424930c72b091ca6d5e6f8adf8c921e1b3386d339f380;39-Jähriger nach Auseinandersetzung notoperiert;https://www.zeit.de/news/2026-08/07/39-jaehriger-nach-auseinandersetzung-notoperiert;Hier finden Sie Informationen zu dem Thema „Kriminalität“. Lesen Sie jetzt „39-Jähriger nach Auseinandersetzung notoperiert“.;Kriminalität;News, Kriminalität, Polizei, Auseinandersetzung;2026-08-07T08:15:32+02:00;2026-08-07T08:15:32+02:00;;dpa Sachsen;false
a54f87bf66a9612972e7cc360d0b92009073323e1bd91bc03050f01e128690a3;Daimler Truck meldet Gewinneinbruch im zweiten Quartal;https://www.zeit.de/mobilitaet/2026-08/daimler-truck-gewinn-einbruch-quartal-konzern-ergebnis-gxe;Trotz mehr verkaufter Lkw und eines höheren Umsatzes hat Daimler Truck den Gewinn im zweiten Quartal fast halbiert. Zur Begründung verweist der Dax-Konzern auf US-Zölle.;Nutzfahrzeug-Hersteller;Mobilitaet, Nutzfahrzeug-Hersteller, Daimler AG, LKW, Autoindustrie, Nutzfahrzeug, Umsatz, US-Zölle;2026-08-07T08:13:29+02:00;2026-08-07T08:13:29+02:00;lk;DIE ZEIT,        dpa,        							lk;false
0b889b1f4dc4bb8739ee3a84f3655b9c675e791854b66b066c948d0086102237;Bis zu 31 Grad am Sonntag – Sommerwärme im Norden erwartet;https://www.zeit.de/news/2026-08/07/bis-zu-31-grad-am-sonntag-sommerwaerme-im-norden-erwartet;Hier finden Sie Informationen zu dem Thema „Wetter“. Lesen Sie jetzt „Bis zu 31 Grad am Sonntag – Sommerwärme im Norden erwartet“.;Wetter;News, Wetter, Hamburg, Schleswig-Holstein, Mecklenburg-Vorpommern, DWD, Sommerwärme, Wetter;2026-08-07T08:11:27+02:00;2026-08-07T08:11:27+02:00;;dpa Hamburg/Schleswig-Holstein;false
169e2bc3bd365f417883a378895423064eb95d69f4f08e4a35c781a4396cab85;Gewinn bei Dax-Konzern Daimler Truck knapp halbiert;https://www.zeit.de/news/2026-08/07/gewinn-bei-dax-konzern-daimler-truck-knapp-halbiert;Hier finden Sie Informationen zu dem Thema „Nutzfahrzeughersteller“. Lesen Sie jetzt „Gewinn bei Dax-Konzern Daimler Truck knapp halbiert“.;Nutzfahrzeughersteller;News, Nutzfahrzeughersteller, Leinfelden-Echterdingen, Stuttgart, Daimler, Daimler Truck, Vorjahresquartal, Konzernergebnis, Dax;2026-08-07T08:04:19+02:00;2026-08-07T08:04:19+02:00;;dpa Rheinland-Pfalz/Saarland;false
d4732811cf328752370db64e95c289d8d7021e92e6ec3b5bef60f70049dde70e;Milde Temperaturen in Ostdeutschland erwartet;https://www.zeit.de/news/2026-08/07/milde-temperaturen-in-ostdeutschland-erwartet;Hier finden Sie Informationen zu dem Thema „Sommerwetter“. Lesen Sie jetzt „Milde Temperaturen in Ostdeutschland erwartet“.;Sommerwetter;News, Sommerwetter, Ostdeutschland, Bergland, DWD, Temperatur, Höchstwert, Wetter;2026-08-07T07:51:09+02:00;2026-08-07T07:51:09+02:00;;dpa Sachsen;false
52887a7d59d402f924976cafa89e3c74c767c9cc691df06a8fcd9599550c9423;BVG: Ab 2032 nur noch Trams mit Klimaanlage;https://www.zeit.de/news/2026-08/07/bvg-ab-2032-nur-noch-trams-mit-klimaanlage;Hier finden Sie Informationen zu dem Thema „Fahrgastraumklimatisierung“. Lesen Sie jetzt „BVG: Ab 2032 nur noch Trams mit Klimaanlage“.;Fahrgastraumklimatisierung;News, Fahrgastraumklimatisierung, BVG, Klimaanlage, Fahrgastraumklimatisierung, Fahrgasteinsatz;2026-08-07T07:48:56+02:00;2026-08-07T07:48:56+02:00;;dpa Berlin/Brandenburg;false
53c3172479d6ca23b6090f7ea27c81f018c1b03b210ca6ad36a78844c657c3bc;Serie «München Beats»: Wilde Techno-Zeit im Kunstpark Ost;https://www.zeit.de/news/2026-08/07/serie-muenchen-beats-wilde-techno-zeit-im-kunstpark-ost;Hier finden Sie Informationen zu dem Thema „Techno in München“. Lesen Sie jetzt „Serie «München Beats»: Wilde Techno-Zeit im Kunstpark Ost“.;Techno in München;News, Techno in München, Jule Hermann, Klaus Steinbacher, Tobias Moretti, Mimi Kezele, Marlene Morreis, München, Kunstpark Ost, ZDF, Techno, Feierareal;2026-08-07T07:47:33+02:00;2026-08-07T07:47:33+02:00;;dpa Bayern;false
a34b64e3208faaa62e7f92b6716ff2910a9009cdb9d3781e7b2836f252d52f82;78-Jähriger fährt auf Drogen durch Gaildorf und rammt Auto;https://www.zeit.de/news/2026-08/07/78-jaehriger-faehrt-auf-drogen-durch-gaildorf-und-rammt-auto;Hier finden Sie Informationen zu dem Thema „Drogenfahrt“. Lesen Sie jetzt „78-Jähriger fährt auf Drogen durch Gaildorf und rammt Auto“.;Drogenfahrt;News, Drogenfahrt, Gaildorf, Drogenfahrt, Drogen, Auto;2026-08-07T07:35:15+02:00;2026-08-07T07:35:15+02:00;;dpa Baden-Württemberg;false
17b77d41dbf95cd0b38d2d2ec9a2eb826a6ec46a2a7831dd5e98eb6c713b0257;Der «Fernsehgarten» fällt aus - kommt aber trotzdem;https://www.zeit.de/news/2026-08/07/der-fernsehgarten-faellt-aus-kommt-aber-trotzdem;Hier finden Sie Informationen zu dem Thema „«ZDF-Fernsehgarten» am Sonntag“. Lesen Sie jetzt „Der «Fernsehgarten» fällt aus - kommt aber trotzdem“.;«ZDF-Fernsehgarten» am Sonntag;News, «ZDF-Fernsehgarten» am Sonntag, Andrea Kiewel, Joachim Llambi, Janine Kunze, Goldisch Meenzer Bube, Helene Fischer, Giovanni Zarrella, Vincent Gross, Lutz van der Horst, Lerchenberg, ZDF;2026-08-07T07:32:29+02:00;2026-08-07T07:32:29+02:00;;dpa;false
8ed76cd1fb3db0c36c469494a15532214127d1d99ccd43ecef6a251be80d3599;Regierung und Opposition in Venezuela beginnen offiziellen Dialog;https://www.zeit.de/politik/ausland/2026-08/venezuela-gespraeche-regierung-opposition-usa-delcy-rodriguez-gxe;Unter US-Schirmherrschaft laufen in Venezuela Gespräche über die Stärkung der Demokratie und den Schutz der Opposition. Nobelpreisträgerin Machado nimmt nicht teil.;Venezuela;Politik, Venezuela, Venezuela, Opposition, Caracas, USA, Nicolás Maduro;2026-08-07T07:32:06+02:00;2026-08-07T07:32:06+02:00;mga;DIE ZEIT,        AFP,        epd,        							mga;false
15ffef04bc543c9413321ad2fb93fcdc7afcd0ddfc4199200559a557cfb28f23;1. FC Heidenheim sieht sich nicht als Aufstiegsfavorit;https://www.zeit.de/news/2026-08/07/1-fc-heidenheim-sieht-sich-nicht-als-aufstiegsfavorit;Hier finden Sie Informationen zu dem Thema „2. Fußball-Bundesliga“. Lesen Sie jetzt „1. FC Heidenheim sieht sich nicht als Aufstiegsfavorit“.;2. Fußball-Bundesliga;News, 2. Fußball-Bundesliga, Frank Schmidt, Osnabrück, Heidenheim, 1. FC Heidenheim, VfL Osnabrück, Fußball-Bundesliga, Bundesliga;2026-08-07T07:30:05+02:00;2026-08-07T07:30:05+02:00;;dpa Baden-Württemberg;false
8cc7c305f1211cf5aa98019d2a8e2f3ac79166d0353ae0803d0ceb7b89a1116a;Sommer legt zu: Bis zu 36 Grad am Wochenende in Hessen;https://www.zeit.de/news/2026-08/07/sommer-legt-zu-bis-zu-36-grad-am-wochenende-in-hessen;Hier finden Sie Informationen zu dem Thema „Wetterprognose“. Lesen Sie jetzt „Sommer legt zu: Bis zu 36 Grad am Wochenende in Hessen“.;Wetterprognose;News, Wetterprognose, Hessen, Wetterprognose, Spitzentemperatur, Sommer, Wetter;2026-08-07T07:28:47+02:00;2026-08-07T07:28:47+02:00;;dpa Hessen;false
fd197299b9a31c0c7ab9cbeb5184fedf55f7a47a8a35fb6d1d4f9f2e16aa0491;Sonniges Wochenende - Einzelne Gewitter am Sonntag möglich;https://www.zeit.de/news/2026-08/07/sonniges-wochenende-einzelne-gewitter-am-sonntag-moeglich;Hier finden Sie Informationen zu dem Thema „Wettervorhersage“. Lesen Sie jetzt „Sonniges Wochenende - Einzelne Gewitter am Sonntag möglich“.;Wettervorhersage;News, Wettervorhersage, Saarland, Rheinland-Pfalz, Gewitter, Wettervorhersage, Wetter;2026-08-07T07:23:39+02:00;2026-08-07T07:23:39+02:00;;dpa Rheinland-Pfalz/Saarland;false
d14aae5abeaee9a69901e776193418bdd1003fa7656422a77e5f6baabe08cc2e;Niedersächsische Wirtschaft: Rentenreform nicht zerreden;https://www.zeit.de/news/2026-08/07/niedersaechsische-wirtschaft-rentenreform-nicht-zerreden;Hier finden Sie Informationen zu dem Thema „Debatte über «Rente mit 63»“. Lesen Sie jetzt „Niedersächsische Wirtschaft: Rentenreform nicht zerreden“.;Debatte über «Rente mit 63»;News, Debatte über «Rente mit 63», Olaf Lie, Benedikt Hüppe, Niedersachsen, SPD, Bundesregierung, Rentenreform, Rente;2026-08-07T07:19:31+02:00;2026-08-07T07:19:31+02:00;;dpa Niedersachsen;false
f1be4d756b4518af13288ac41a3f17a6ef5da1f75d60eee300bde6858c4be6be;Schulze sieht keine Abweichler in den eigenen Reihen;https://www.zeit.de/news/2026-08/07/schulze-sieht-keine-abweichler-in-den-eigenen-reihen;Hier finden Sie Informationen zu dem Thema „Landtagswahl“. Lesen Sie jetzt „Schulze sieht keine Abweichler in den eigenen Reihen“.;Landtagswahl;News, Landtagswahl, Sven Schulze, Sachsen-Anhalt, CDU, Alternative für Deutschland, Landtagswahl;2026-08-07T07:14:17+02:00;2026-08-07T07:14:17+02:00;;dpa Sachsen;false
0935b80541c6e3c6585f08780794aded5d89f900f5c646d1127c9325efbcef82;Dax-Konzern Daimler Truck: Gewinn um 48 Prozent eingebrochen;https://www.zeit.de/news/2026-08/07/dax-konzern-daimler-truck-gewinn-um-48-prozent-eingebrochen;Hier finden Sie Informationen zu dem Thema „Fahrzeugbau“. Lesen Sie jetzt „Dax-Konzern Daimler Truck: Gewinn um 48 Prozent eingebrochen“.;Fahrzeugbau;News, Fahrzeugbau, Daimler Truck, Fahrzeugbau, Dax;2026-08-07T07:14:05+02:00;2026-08-07T07:14:05+02:00;;dpa;false
10c1f49a0351050bd3055d07d40ac3b1f85889f53cd107ce3cea7250ffd9c31b;Sommerhoch in NRW: Bis zu 34 Grad am Wochenende;https://www.zeit.de/news/2026-08/07/sommerhoch-in-nrw-bis-zu-34-grad-am-wochenende;Hier finden Sie Informationen zu dem Thema „Wetterbericht“. Lesen Sie jetzt „Sommerhoch in NRW: Bis zu 34 Grad am Wochenende“.;Wetterbericht;News, Wetterbericht, NRW, DWD, Sommerhoch, Wetterbericht;2026-08-07T07:08:43+02:00;2026-08-07T07:08:43+02:00;;dpa Nordrhein-Westfalen;false
9fb98143a0b3cdb45adb3a0e87a250f26f0b790e46cba81b230d98897444c82f;Auto brennt nach Unfall auf A66 aus – niemand verletzt;https://www.zeit.de/news/2026-08/07/auto-brennt-nach-unfall-auf-a66-aus-niemand-verletzt;Hier finden Sie Informationen zu dem Thema „Unfälle“. Lesen Sie jetzt „Auto brennt nach Unfall auf A66 aus – niemand verletzt“.;Unfälle;News, Unfälle, Polizei, Unfall, Auto, Fahrzeug;2026-08-07T07:04:03+02:00;2026-08-07T07:04:03+02:00;;dpa Hessen;false
90fb78e3147b6969947780c36bb72df41537843ffa9fef341589fb1632f83174;Wahlkampf der AfD – Lächeln, Tätscheln, Land umbauen;https://www.zeit.de/news/2026-08/07/wahlkampf-der-afd-laecheln-taetscheln-land-umbauen;Hier finden Sie Informationen zu dem Thema „Wahl in Sachsen-Anhalt“. Lesen Sie jetzt „Wahlkampf der AfD – Lächeln, Tätscheln, Land umbauen“.;Wahl in Sachsen-Anhalt;News, Wahl in Sachsen-Anhalt, Ulrich Siegmund, Björn Höcke, Wittenberg, Thüringen, Sachsen-Anhalt, Alternative für Deutschland, Landtagswahl, Wahlkampf, Familie;2026-08-07T07:00:07+02:00;2026-08-07T07:00:07+02:00;;dpa Sachsen;false
e2d6ee7211b29f68dfd3a048b19079eea7fdca26a76ddc84d27246cd83512763;Angenehme Temperaturen in Berlin und Brandenburg erwartet;https://www.zeit.de/news/2026-08/07/angenehme-temperaturen-in-berlin-und-brandenburg-erwartet;Hier finden Sie Informationen zu dem Thema „Sommerwetter“. Lesen Sie jetzt „Angenehme Temperaturen in Berlin und Brandenburg erwartet“.;Sommerwetter;News, Sommerwetter, Berlin, Brandenburg, DWD, Temperatur, Höchsttemperatur;2026-08-07T06:55:03+02:00;2026-08-07T06:55:03+02:00;;dpa Berlin/Brandenburg;false
66b6c15db85897d0853fe82a90a9cc8dfe9cb10eceaaf7794e3f2d22ed2bd382;Reese von Unmut nach Wechsel zu VfL Wolfsburg getroffen;https://www.zeit.de/news/2026-08/07/reese-von-unmut-nach-wechsel-zu-vfl-wolfsburg-getroffen;Hier finden Sie Informationen zu dem Thema „2. Fußball-Bundesliga“. Lesen Sie jetzt „Reese von Unmut nach Wechsel zu VfL Wolfsburg getroffen“.;2. Fußball-Bundesliga;News, 2. Fußball-Bundesliga, Fabian Reese, Berlin, Wolfsburg, VfL Wolfsburg, Hertha BSC Berlin, SZ, Fußball-Bundesliga, Bundesliga, Unmut, Kritik;2026-08-07T06:42:04+02:00;2026-08-07T06:42:04+02:00;;dpa Berlin/Brandenburg;false
91a7cecb8c98d35c0277913b13bce038056880204cc5698f1a7139c5a7485168;76-Jähriger wird von Traktor überrollt und stirbt;https://www.zeit.de/news/2026-08/07/76-jaehriger-wird-von-traktor-ueberrollt-und-stirbt;Hier finden Sie Informationen zu dem Thema „Tragischer Unfall“. Lesen Sie jetzt „76-Jähriger wird von Traktor überrollt und stirbt“.;Tragischer Unfall;News, Tragischer Unfall, Marsberg, Erlinghausen, Hochsauerlandkreis, Traktor, Unfall;2026-08-07T06:35:09+02:00;2026-08-07T06:35:09+02:00;;dpa Nordrhein-Westfalen;false
817db97889cb413554baee82130a9eed595e8c2562da256f9e034122c7631dbe;«Lichtzauber» in der Abenddämmerung im Park der Gärten;https://www.zeit.de/news/2026-08/07/lichtzauber-in-der-abenddaemmerung-im-park-der-gaerten;Hier finden Sie Informationen zu dem Thema „Lichtkunst im Ammerland“. Lesen Sie jetzt „«Lichtzauber» in der Abenddämmerung im Park der Gärten“.;Lichtkunst im Ammerland;News, Lichtkunst im Ammerland, Lennart Böhlje, Ammerland, Bad Zwischenahn, Lichtzauber, Abenddämmerung, Lichtkunst, Fabelwesen;2026-08-07T06:30:06+02:00;2026-08-07T06:30:06+02:00;;dpa Niedersachsen;false
67280902c7ca3c202004bb17789a141b7b7f8160a52977eeda2bddf18859f0c5;Schenk zu Rentendebatte: Fokus auf Schutzrenten;https://www.zeit.de/news/2026-08/07/schenk-zu-rentendebatte-fokus-auf-schutzrenten;Hier finden Sie Informationen zu dem Thema „Rentenreform“. Lesen Sie jetzt „Schenk zu Rentendebatte: Fokus auf Schutzrenten“.;Rentenreform;News, Rentenreform, Katharina Schenk, Thüringen, SPD, Deutsche Presse-Agentur, Schutzrente, Rentendebatte, Rentenreform, Rente, Rentenalter;2026-08-07T06:30:04+02:00;2026-08-07T06:30:04+02:00;;dpa Thüringen;false
bd3d69ba71a94e111bc4277ac869feca3a3f68d05719ffc0fa4c7bf48b114bec;Frontalzusammenstoß in Hamburg: Autofahrer schwer verletzt;https://www.zeit.de/news/2026-08/07/frontalzusammenstoss-in-hamburg-autofahrer-schwer-verletzt;Hier finden Sie Informationen zu dem Thema „Unfälle“. Lesen Sie jetzt „Frontalzusammenstoß in Hamburg: Autofahrer schwer verletzt“.;Unfälle;News, Unfälle, Hamburg, Frontalzusammenstoß, Unfall;2026-08-07T06:28:39+02:00;2026-08-07T06:28:39+02:00;;dpa Hamburg/Schleswig-Holstein;false
d696e4ae98b7f200927c2bd77b9e0b73002ec2fae98dbb644bdc8ea973b79675;Falschbeschuldigungen bei Vergewaltigung: Zahlen und Mythen;https://www.zeit.de/news/2026-08/07/falschbeschuldigungen-bei-vergewaltigung-zahlen-und-mythen;Hier finden Sie Informationen zu dem Thema „Erfundene Sexualdelikte“. Lesen Sie jetzt „Falschbeschuldigungen bei Vergewaltigung: Zahlen und Mythen“.;Erfundene Sexualdelikte;News, Erfundene Sexualdelikte, BKA, Falschbeschuldigung, Sexualdelikt, Bundeskriminalamt, Datenlage, Vergewaltigung;2026-08-07T06:22:03+02:00;2026-08-07T06:22:03+02:00;;dpa Baden-Württemberg;false
d4aac6b782cd6ed24e2c5c22f0c9a88eed0101dc61eb4c056dfe48267ea3076f;Chinas Exporte nach Deutschland steigen weiter kräftig;https://www.zeit.de/news/2026-08/07/chinas-exporte-nach-deutschland-steigen-weiter-kraeftig;Hier finden Sie Informationen zu dem Thema „Außenhandel“. Lesen Sie jetzt „Chinas Exporte nach Deutschland steigen weiter kräftig“.;Außenhandel;News, Außenhandel, China, Außenhandel, Ungleichgewicht;2026-08-07T06:09:06+02:00;2026-08-07T06:09:06+02:00;;dpa;false
21682c983fd5a1018a5d3d872841f5a640f174733dbce9c32b677c51cd7b7a5f;Waldbrand am Vulkan Bromo: Sperrungen für Touristen;https://www.zeit.de/news/2026-08/07/waldbrand-am-vulkan-bromo-sperrungen-fuer-touristen;Hier finden Sie Informationen zu dem Thema „Indonesien“. Lesen Sie jetzt „Waldbrand am Vulkan Bromo: Sperrungen für Touristen“.;Indonesien;News, Indonesien, Bromo, Indonesien, Java, Probolinggo, Malang, Vulkan, Sperrung, Hauptinsel, Behördenangabe, Waldbrand;2026-08-07T06:07:15+02:00;2026-08-07T06:07:15+02:00;;dpa;false
a12d236790a0a18e247682afa8754007675e4dbbd7711ba2ed2b5c342c085dd0;Einmalige Landschaft im Watt - Wissenswertes zu Halligen;https://www.zeit.de/news/2026-08/07/einmalige-landschaft-im-watt-wissenswertes-zu-halligen;Hier finden Sie Informationen zu dem Thema „Eilande im Wattenmeer“. Lesen Sie jetzt „Einmalige Landschaft im Watt - Wissenswertes zu Halligen“.;Eilande im Wattenmeer;News, Eilande im Wattenmeer, Daniel Günther, Tobias Goldschmidt, Theodor Storm, Halligen, Oland, Schleswig-Holstein, Hooge, Nordstrandischmoor, Süderoog, Alt-Nordstrand;2026-08-07T06:00:12+02:00;2026-08-07T06:00:12+02:00;;dpa Hamburg/Schleswig-Holstein;false
b4dfd20066f1957f5cf797abcc1c265e6c8437a18d97fe0d4ba52dc6217982fe;Fitzek feiert Autorenjubiläum mit Shows in Berlin;https://www.zeit.de/news/2026-08/07/fitzek-feiert-autorenjubilaeum-mit-shows-in-berlin;Hier finden Sie Informationen zu dem Thema „Literatur“. Lesen Sie jetzt „Fitzek feiert Autorenjubiläum mit Shows in Berlin“.;Literatur;News, Literatur, Sebastian Fitzek, Berlin, Waldbühne Berlin, Autorenjubiläum;2026-08-07T06:00:09+02:00;2026-08-07T06:00:09+02:00;;dpa Berlin/Brandenburg;false
bdd16830a9522bea04c19af097c5e8109369d7218cd5b72e55accca878b7b4cf;«Da schwand die Hoffnung» – Rettungskräfte über Badeunfälle;https://www.zeit.de/news/2026-08/07/da-schwand-die-hoffnung-rettungskraefte-ueber-badeunfaelle;Hier finden Sie Informationen zu dem Thema „Badetote in Hessen“. Lesen Sie jetzt „«Da schwand die Hoffnung» – Rettungskräfte über Badeunfälle“.;Badetote in Hessen;News, Badetote in Hessen, Martina Klee, Hessen, Lahn, Polizei, Feuerwehr, DLRG, Deutsche Presse-Agentur, Freiwillige Feuerwehr, Badeunfall, Rettungskraft;2026-08-07T06:00:08+02:00;2026-08-07T06:00:08+02:00;;dpa Hessen;false
629a56e52728c7be4fd0ffed5f5b4437c4d9c70068edc276c429b7135f319833;AfD startet mit Kundgebung in den Landtagswahlkampf;https://www.zeit.de/news/2026-08/07/afd-startet-mit-kundgebung-in-den-landtagswahlkampf;Hier finden Sie Informationen zu dem Thema „Landtagswahl in MV“. Lesen Sie jetzt „AfD startet mit Kundgebung in den Landtagswahlkampf“.;Landtagswahl in MV;News, Landtagswahl in MV, Enrico Schult, DDR, Stralsund, Russland, Mecklenburg-Vorpommern, NDR, Alternative für Deutschland, SPD, CDU, Landtagswahl;2026-08-07T06:00:08+02:00;2026-08-07T06:00:08+02:00;;dpa Mecklenburg-Vorpommern;false
924d99ae261bb532e23a9c78586f0d921be181b35194e250994c1c305042f2be;Mit diesen Temperaturen geht Bayern ins Wochenende;https://www.zeit.de/news/2026-08/07/mit-diesen-temperaturen-geht-bayern-ins-wochenende;Hier finden Sie Informationen zu dem Thema „Wetter“. Lesen Sie jetzt „Mit diesen Temperaturen geht Bayern ins Wochenende“.;Wetter;News, Wetter, Bayern, Alpen, Temperatur, Abkühlung, Gewitter, Wetter;2026-08-07T05:56:51+02:00;2026-08-07T05:56:51+02:00;;dpa Bayern;false
40fcccca00104178774a75d01be6ab327c28d644198661ab8a481f1edaa1ff14;Neue Hypothek für Iran-Gespräche: Jemen-Konflikt eskaliert;https://www.zeit.de/news/2026-08/07/neue-hypothek-fuer-iran-gespraeche-jemen-konflikt-eskaliert;Hier finden Sie Informationen zu dem Thema „Lage im Überblick“. Lesen Sie jetzt „Neue Hypothek für Iran-Gespräche: Jemen-Konflikt eskaliert“.;Lage im Überblick;News, Lage im Überblick, Donald Trump, Saudi-Arabien, Jemen, Iran, USA, Oman, Pakistan, Straße von Hormus, Huthi, CNN;2026-08-07T05:56:16+02:00;2026-08-07T05:56:16+02:00;;dpa;false
49f81eb1a82cc5fa1f9b24610685ea1896266582b049aa5f3b22c7c7f4d44c46;250.000 Euro Schaden – Brand in Einfamilienhaus;https://www.zeit.de/news/2026-08/07/250-000-euro-schaden-brand-in-einfamilienhaus;Hier finden Sie Informationen zu dem Thema „Brände“. Lesen Sie jetzt „250.000 Euro Schaden – Brand in Einfamilienhaus“.;Brände;News, Brände, Polizei, Einfamilienhaus, Brand;2026-08-07T05:54:35+02:00;2026-08-07T05:54:35+02:00;;dpa Mecklenburg-Vorpommern;false
9def48b96002e76b86e62a10f0f425047279a843a3561a0caaab9fdbfff44744;Wo am Wochenende 36 Grad erwartet werden;https://www.zeit.de/news/2026-08/07/wo-am-wochenende-36-grad-erwartet-werden;Hier finden Sie Informationen zu dem Thema „Wetterbericht“. Lesen Sie jetzt „Wo am Wochenende 36 Grad erwartet werden“.;Wetterbericht;News, Wetterbericht, Karlsruhe, Baden-Württemberg, Rhein, DWD, Wetterbericht, Hitzewelle;2026-08-07T05:50:46+02:00;2026-08-07T05:50:46+02:00;;dpa Baden-Württemberg;false
dc284b40114a1d6ca6bae6fce77e2ec2d4f96a08b49cfa457be1fc101eec3c3a;»Ich habe in BWL promoviert. Das würde ich heute nicht nochmal machen«;https://www.zeit.de/arbeit/2026-07/arbeitsmarkt-berufe-trends-zukunftspotenzial-fuehrungskraefte;KI verändert den Arbeitsmarkt schon jetzt. Chefs von Bosch, SAP, Merck und Stepstone verraten, worauf sie bei Bewerbern achten – und was sie ihren eigenen Kindern raten.;"Z+ (abopflichtiger Inhalt);
        
    Arbeitsmarkt";Arbeit, Arbeitsmarkt, Arbeitsmarkt, künstliche Intelligenz, Arbeitsplatz, Technologie, SAP, BOSCH;2026-08-07T05:34:41+02:00;2026-08-07T05:34:41+02:00;Torben Becker;;false
12ce4ecdd4ddc1d5e1f0d154f6c40f63e758b7a5e73ba4afae15e01edafea205;»Diese Kriminellen haben selbst vor Babys nicht Halt gemacht«;https://www.zeit.de/politik/ausland/2026-07/syrien-verbrechen-assad-regime-prozess-buerger;In Syrien wird Verbrechern des Assad-Regimes medienwirksam der Prozess gemacht. Doch viele Gräueltaten sind nicht aufgeklärt. Die Bürger verlieren langsam die Geduld.;"Z+ (abopflichtiger Inhalt);
        
    Syrien";Politik, Syrien, Baschar al-Assad, Ahmed al-Scharaa, Syrien, Damaskus, Geflüchtete, Menschenrechtsverletzung;2026-08-07T05:33:07+02:00;2026-08-07T05:33:07+02:00;Andrea BackhausAlice  Martins;;false
263d50bdc6f3af96da809a0ff351b72d34622e612e636ee0628585182445e787;CDU fordert bessere Baustellenkoordinierung;https://www.zeit.de/news/2026-08/07/cdu-fordert-bessere-baustellenkoordinierung;Hier finden Sie Informationen zu dem Thema „Verkehr“. Lesen Sie jetzt „CDU fordert bessere Baustellenkoordinierung“.;Verkehr;News, Verkehr, Hamburg, CDU, Baustellenkoordinierung, Geisterbaustelle, Baustelle, Mehrschichtbetrieb, Straßenverkehr, Hamburgische Bürgerschaft;2026-08-07T05:30:04+02:00;2026-08-07T05:30:04+02:00;;dpa Hamburg/Schleswig-Holstein;false
4f77ba6bd543ce5eb09b718c6165ff06251649dc0c272ed9e376720d9fb43955;Länder wünschen sich vom Bund weniger Hauruck-Gesetzgebung;https://www.zeit.de/news/2026-08/07/laender-wuenschen-sich-vom-bund-weniger-hauruck-gesetzgebung;Hier finden Sie Informationen zu dem Thema „Bund und Länder“. Lesen Sie jetzt „Länder wünschen sich vom Bund weniger Hauruck-Gesetzgebung“.;Bund und Länder;News, Bund und Länder, Andreas Bovenschulte, Berlin, Deutsche Presse-Agentur, Bundesrat, Hauruckverfahren;2026-08-07T05:15:04+02:00;2026-08-07T05:15:04+02:00;;dpa;false
0c4c3e8d97eef3e8e2adbb8f26733dcf2039b8d72db697e67d904653de4c2aa8;RWE stoppt Windkraftprojekte vor US-Küste gegen Milliardenzahlung;https://www.zeit.de/wirtschaft/2026-08/rwe-offshore-windenergie-usa-donald-trump-new-york-klage;Die US-Regierung zahlt dem deutschen Energiekonzern in einem Vergleich rund 1,2 Milliarden US-Dollar. Im Gegenzug gibt RWE Pachtrechte für Windkraftanlagen zurück.;Windenergie;Wirtschaft, Windenergie, USA, Windenergie, rwe, Donald Trump, Energieversorgung, Stromversorgung;2026-08-07T05:12:46+02:00;2026-08-07T05:12:46+02:00;jtr;DIE ZEIT,        dpa,        Reuters,        							jtr;false
13f72b0fd00328b349dbf05bb19ce7da61628fb070ab6387e3c17f2f48b361a4;Staat zahlt 900.000 Euro für Hotelkosten nach Stromausfall;https://www.zeit.de/news/2026-08/07/staat-zahlt-900-000-euro-fuer-hotelkosten-nach-stromausfall;Hier finden Sie Informationen zu dem Thema „Hilfe nach Blackout in Berlin“. Lesen Sie jetzt „Staat zahlt 900.000 Euro für Hotelkosten nach Stromausfall“.;Hilfe nach Blackout in Berlin;News, Hilfe nach Blackout in Berlin, Tim Richter, Berlin, Deutsche Presse-Agentur, Berliner Senat, Stromausfall, Hotelkosten, Südwesten, Bezirksamt;2026-08-07T05:00:21+02:00;2026-08-07T05:00:21+02:00;;dpa Berlin/Brandenburg;false
4d13360b8a852cbe9c52c15885e5dacf92e6a6e3e22b68497fc2a23098a5cad0;Waldbrandgefahr: «Nicht rauchen, nicht grillen, nur chillen»;https://www.zeit.de/news/2026-08/07/waldbrandgefahr-nicht-rauchen-nicht-grillen-nur-chillen;Hier finden Sie Informationen zu dem Thema „Brände vermeiden“. Lesen Sie jetzt „Waldbrandgefahr: «Nicht rauchen, nicht grillen, nur chillen»“.;Brände vermeiden;News, Brände vermeiden, Florian Ritter, Frankfurt, Wiesbaden, Frankfurt am Main, Hessen, Feuerwehr, DWD, Waldbrandgefahr, Trockenheit, Brand;2026-08-07T05:00:19+02:00;2026-08-07T05:00:19+02:00;;dpa Hessen;false
4e6511af5a84b999d134b1c6170ad9000a29d0aecb5d18b0b05b78f924c6248c;Tausende nutzen Heimatkennzeichen ECK und MED;https://www.zeit.de/news/2026-08/07/tausende-nutzen-heimatkennzeichen-eck-und-med;Hier finden Sie Informationen zu dem Thema „Auto-Kennzeichen“. Lesen Sie jetzt „Tausende nutzen Heimatkennzeichen ECK und MED“.;Auto-Kennzeichen;News, Auto-Kennzeichen, Schleswig-Holstein, Süderdithmarschen, Meldorf, Eckernförde, Heimatkennzeichen, Wiedereingeführte, Auto, Fahrzeug;2026-08-07T05:00:17+02:00;2026-08-07T05:00:17+02:00;;dpa Hamburg/Schleswig-Holstein;false
f7c353a0173726d8474de6edaf054ce00f2da80baa5c2755838cff6531b0bee5;Heimatgefühl per Nummernschild? Alte Kfz-Kennzeichen beliebt;https://www.zeit.de/news/2026-08/07/heimatgefuehl-per-nummernschild-alte-kfz-kennzeichen-beliebt;Hier finden Sie Informationen zu dem Thema „Ortskürzel“. Lesen Sie jetzt „Heimatgefühl per Nummernschild? Alte Kfz-Kennzeichen beliebt“.;Ortskürzel;News, Ortskürzel, Hessen, Hochschule Heilbronn, Heimatgefühl, Nummernschild, Ortskennung, Auto;2026-08-07T05:00:16+02:00;2026-08-07T05:00:16+02:00;;dpa Berlin/Brandenburg;false
cf05f623174d14bb9e4d5f700ec118bc20a22de565bc670b00f3e1ace3cb34cc;Fairplay-Vereinbarung soll Internet-Ausbau beschleunigen;https://www.zeit.de/news/2026-08/07/fairplay-vereinbarung-soll-internet-ausbau-beschleunigen;Hier finden Sie Informationen zu dem Thema „Vorstoß zum Breitbandausbau“. Lesen Sie jetzt „Fairplay-Vereinbarung soll Internet-Ausbau beschleunigen“.;Vorstoß zum Breitbandausbau;News, Vorstoß zum Breitbandausbau, VKU, BDEW, Bundesnetzagentur, Deutsche Telekom, Breitbandausbau, Branchenvereinbarung, Mobilfunk, Stadtwerke;2026-08-07T05:00:10+02:00;2026-08-07T05:00:10+02:00;;dpa;false
933f14c54b8df57b17a8879b47714b4d9abb96f203be8dc5000869285d8fa77a;Pfleger soll demenzkranke Heimbewohnerin vergewaltigt haben;https://www.zeit.de/news/2026-08/07/pfleger-soll-demenzkranke-heimbewohnerin-vergewaltigt-haben;Hier finden Sie Informationen zu dem Thema „Prozess in Braunschweig“. Lesen Sie jetzt „Pfleger soll demenzkranke Heimbewohnerin vergewaltigt haben“.;Prozess in Braunschweig;News, Prozess in Braunschweig, Braunschweig, Gifhorn, Staatsanwaltschaft, Einzelzimmer, Seniorenheim;2026-08-07T05:00:09+02:00;2026-08-07T05:00:09+02:00;;dpa Niedersachsen;false
69db761593df6de9b49778b8f5b8384547fb429996205986eae1fe03bab8e6ec;FDP-Vize: «Die Ostidentität wurde nachträglich erfunden»;https://www.zeit.de/news/2026-08/07/fdp-vize-die-ostidentitaet-wurde-nachtraeglich-erfunden;Hier finden Sie Informationen zu dem Thema „65 Jahre nach dem Mauerbau“. Lesen Sie jetzt „FDP-Vize: «Die Ostidentität wurde nachträglich erfunden»“.;65 Jahre nach dem Mauerbau;News, 65 Jahre nach dem Mauerbau, Linda Teuteberg, Brandenburg, FDP, PDS, Alternative für Deutschland, Deutsche Presse-Agentur, Ostidentität, Ressentimentpolitik;2026-08-07T05:00:07+02:00;2026-08-07T05:00:07+02:00;;dpa Berlin/Brandenburg;false
a9b5c710175d9d0a2062013904e74a9b03109d7583fd837fc1d40fc147bcfe4a;Niedrigwasser bedroht Flussleben in Rheinland-Pfalz;https://www.zeit.de/news/2026-08/07/niedrigwasser-bedroht-flussleben-in-rheinland-pfalz;Hier finden Sie Informationen zu dem Thema „Stress für Tiere“. Lesen Sie jetzt „Niedrigwasser bedroht Flussleben in Rheinland-Pfalz“.;Stress für Tiere;News, Stress für Tiere, Rheinland-Pfalz, Rhein, Naturschutzbund Deutschland, Flussleben, Niedrigwasser, Amphibie, Niedrigwasserstand, Stress, Muschel, Wasserstand;2026-08-07T05:00:06+02:00;2026-08-07T05:00:06+02:00;;dpa Rheinland-Pfalz/Saarland;false
2d445ab4d1924097b4e04fee6f3fe89fb6dcc5b16f6c45ab6da736582e347c25;ChatGPT schreibt für viele die fesselnderen Kurzgeschichten;https://www.zeit.de/news/2026-08/07/chatgpt-schreibt-fuer-viele-die-fesselnderen-kurzgeschichten;Hier finden Sie Informationen zu dem Thema „Künstliche Intelligenz“. Lesen Sie jetzt „ChatGPT schreibt für viele die fesselnderen Kurzgeschichten“.;Künstliche Intelligenz;News, Künstliche Intelligenz, Deena Weisberg, Chatbot, Kurzgeschichte, ChatGPT, künstliche Intelligenz, Sicherheit;2026-08-07T05:00:05+02:00;2026-08-07T05:00:05+02:00;;dpa;false
d25ce4957ac975b80eaabe7bfdba22e22fdb56cc4e5743289525d24559b5455f;Zahl der Verkehrsunfälle mit Bussen nimmt in Hamburg zu;https://www.zeit.de/news/2026-08/07/zahl-der-verkehrsunfaelle-mit-bussen-nimmt-in-hamburg-zu;Hier finden Sie Informationen zu dem Thema „Unfallstatistik“. Lesen Sie jetzt „Zahl der Verkehrsunfälle mit Bussen nimmt in Hamburg zu“.;Unfallstatistik;News, Unfallstatistik, Ina Jencke, Hamburg, Polizei, Deutsche Presse-Agentur, Verkehrsunfall, Unfall, Unfallstatistik;2026-08-07T04:30:11+02:00;2026-08-07T04:30:11+02:00;;dpa Hamburg/Schleswig-Holstein;false
14adee046df274f74e9fb8da6c9477610cac64488e91670f37e16f10afa7b02d;Spanien im Finsternis-Fieber: Balkonplätze für 700 Euro;https://www.zeit.de/news/2026-08/07/spanien-im-finsternis-fieber-balkonplaetze-fuer-700-euro;Hier finden Sie Informationen zu dem Thema „Himmelsschauspiel“. Lesen Sie jetzt „Spanien im Finsternis-Fieber: Balkonplätze für 700 Euro“.;Himmelsschauspiel;News, Himmelsschauspiel, Paula Fernández, Spanien, Nordspanien, Balearen, Sahechore, León, Madrid, Mallorca, Fußball-WM, Olympische Spiele;2026-08-07T04:30:10+02:00;2026-08-07T04:30:10+02:00;;dpa;false
03ddc3fa77a11f853f4bf745524b74bc111cba0396fed0d4a52c7d67832f3392;Öljäger fliegen seit 40 Jahren – weniger Meeresverschmutzung;https://www.zeit.de/news/2026-08/07/oeljaeger-fliegen-seit-40-jahren-weniger-meeresverschmutzung;Hier finden Sie Informationen zu dem Thema „Schutz von Nord- und Ostsee“. Lesen Sie jetzt „Öljäger fliegen seit 40 Jahren – weniger Meeresverschmutzung“.;Schutz von Nord- und Ostsee;News, Schutz von Nord- und Ostsee, Benedikt Spangardt, Ostsee, Cuxhaven, Deutsche Presse-Agentur, Meeresverschmutzung, Havariekommando, Überwachungsflug, Verschmutzung;2026-08-07T04:30:08+02:00;2026-08-07T04:30:08+02:00;;dpa Hamburg/Schleswig-Holstein;false
67d220933fc7f4a76e585cff55f78ebb3c597ee24e918d4625a6f4b4a9a2f6ae;Grüne: Reiches Politik verhindert günstige Strompreise;https://www.zeit.de/news/2026-08/07/gruene-reiches-politik-verhindert-guenstige-strompreise;Hier finden Sie Informationen zu dem Thema „Energiepolitik“. Lesen Sie jetzt „Grüne: Reiches Politik verhindert günstige Strompreise“.;Energiepolitik;News, Energiepolitik, Katherina Reiche, Julia Verlinden, Bündnis 90/Die Grünen, CDU, Strompreis, Energiepolitik, Gaskraftwerk;2026-08-07T04:30:07+02:00;2026-08-07T04:30:07+02:00;;dpa;false
e03f94ac797b010c3be66e7f8c9dc48017cd7a8b3c5921d0f1476774e7215c25;Erfundene Vergewaltigung: Prägen Einzelfälle ganze Debatten?;https://www.zeit.de/news/2026-08/07/erfundene-vergewaltigung-praegen-einzelfaelle-ganze-debatten;Hier finden Sie Informationen zu dem Thema „Kriminalität“. Lesen Sie jetzt „Erfundene Vergewaltigung: Prägen Einzelfälle ganze Debatten?“.;Kriminalität;News, Kriminalität, Nicole Bögelein, Tabea Konrad, Borwin Bandelow, Stuttgart, Terre des Femmes, Polizei, Präge, Einzelfall, Sexualdelikt, Vergewaltigung;2026-08-07T04:15:04+02:00;2026-08-07T04:15:04+02:00;;dpa Baden-Württemberg;false
60d67980f7ce66fcc67e73eb97c3a5c5ef8ade5871a3070d1bae97050b048362;Rheinmetall-Chef fordert mehr Schutz vor Drohnenangriffen;https://www.zeit.de/news/2026-08/07/rheinmetall-chef-fordert-mehr-schutz-vor-drohnenangriffen;Hier finden Sie Informationen zu dem Thema „Flugkörper mit Sprengstoff“. Lesen Sie jetzt „Rheinmetall-Chef fordert mehr Schutz vor Drohnenangriffen“.;Flugkörper mit Sprengstoff;News, Flugkörper mit Sprengstoff, Armin Papperger, Rheinmetall, Deutsche Presse-Agentur, Bundespolizei, Drohnenangriff, Flugkörper, Drohnenabwehr, Sprengstoff, Drohne;2026-08-07T04:05:04+02:00;2026-08-07T04:05:04+02:00;;dpa Nordrhein-Westfalen;false
8d670cdf3499e80aef2e8090b983257f7ce19cad64eca5b8e8d36e3a60e71d84;Wegen Brückenbau: Autobahnzufahrt bei Wendelstein gesperrt;https://www.zeit.de/news/2026-08/07/wegen-brueckenbau-autobahnzufahrt-bei-wendelstein-gesperrt;Hier finden Sie Informationen zu dem Thema „Sperrung“. Lesen Sie jetzt „Wegen Brückenbau: Autobahnzufahrt bei Wendelstein gesperrt“.;Sperrung;News, Sperrung, Wendelstein, Autobahnzufahrt, Brückenbau, Sperrung, Anschlussstelle, Einbau;2026-08-07T04:00:21+02:00;2026-08-07T04:00:21+02:00;;dpa Bayern;false
c99d248f56b5ce9a16183a5fc5cce26c0c880a4192bbc1d0aa0050cf5b8ef67b;A45 wird zwischen Haiger-Burbach und Dillenburg gesperrt;https://www.zeit.de/news/2026-08/07/a45-wird-zwischen-haiger-burbach-und-dillenburg-gesperrt;Hier finden Sie Informationen zu dem Thema „Umleitungen“. Lesen Sie jetzt „A45 wird zwischen Haiger-Burbach und Dillenburg gesperrt“.;Umleitungen;News, Umleitungen, Dillenburg, Burbach, Umleitung, Talbrücke, Ersatzneubau;2026-08-07T04:00:20+02:00;2026-08-07T04:00:20+02:00;;dpa Hessen;false
1b132818332dac4dd44de91f790553f3bc8c4408364a78068b3f3f0247b8c826;Rheintalbahn am Wochenende teilweise gesperrt;https://www.zeit.de/news/2026-08/07/rheintalbahn-am-wochenende-teilweise-gesperrt;Hier finden Sie Informationen zu dem Thema „Weitere Bauarbeiten“. Lesen Sie jetzt „Rheintalbahn am Wochenende teilweise gesperrt“.;Weitere Bauarbeiten;News, Weitere Bauarbeiten, Offenburg, Herbolzheim, Freiburg, Karlsruhe, Friesenheim, Lahr, Orschweier, Rheintalbahn, Rheintalstrecke;2026-08-07T04:00:17+02:00;2026-08-07T04:00:17+02:00;;dpa Baden-Württemberg;false
4aafd3264e859d2ca5b99e06c181624e75e9bd479d520d2e57778357d44ea726;Krise bei Molkerei Schwälbchen hält an;https://www.zeit.de/news/2026-08/07/krise-bei-molkerei-schwaelbchen-haelt-an;Hier finden Sie Informationen zu dem Thema „Rohmilch-Krise“. Lesen Sie jetzt „Krise bei Molkerei Schwälbchen hält an“.;Rohmilch-Krise;News, Rohmilch-Krise, Günter Berz-List, Wiesbaden, Bad Schwalbach, Taunus, Schwälbchen, Molkerei, Rohmilch, Überangebot, Preisverfall, Ergebniseinbruch;2026-08-07T04:00:16+02:00;2026-08-07T04:00:16+02:00;;dpa Hessen;false
09a9f987298cc3d4984c39fa69d4a19ecaa200034ed0c9112ce99a8c1d5fdac8;Welche alten Kfz-Kennzeichen in Niedersachsen beliebt sind;https://www.zeit.de/news/2026-08/07/welche-alten-kfz-kennzeichen-in-niedersachsen-beliebt-sind;Hier finden Sie Informationen zu dem Thema „Erneute Reform geplant“. Lesen Sie jetzt „Welche alten Kfz-Kennzeichen in Niedersachsen beliebt sind“.;Erneute Reform geplant;News, Erneute Reform geplant, Osterode am Harz, Bremervörde, Niedersachsen, Hochschule Heilbronn, Heimatbezug, Auto;2026-08-07T04:00:16+02:00;2026-08-07T04:00:16+02:00;;dpa Niedersachsen;false
81fe64c0041dd2c0f2c94bdef7feb04aee2c2a2a4f724405d3f138101229e1a1;MY, BIN, BKD – Heimatkennzeichen in Rheinland-Pfalz beliebt;https://www.zeit.de/news/2026-08/07/my-bin-bkd-heimatkennzeichen-in-rheinland-pfalz-beliebt;Hier finden Sie Informationen zu dem Thema „Erneute Reform geplant“. Lesen Sie jetzt „MY, BIN, BKD – Heimatkennzeichen in Rheinland-Pfalz beliebt“.;Erneute Reform geplant;News, Erneute Reform geplant, Mayen, Rheinland-Pfalz, Rhein, BKD, Hochschule Heilbronn, Heimatkennzeichen, Heimatbezug, Ortskürzel, Buchstabenkombination, Auto;2026-08-07T04:00:15+02:00;2026-08-07T04:00:15+02:00;;dpa Rheinland-Pfalz/Saarland;false
699b1d20a156cd8437a19c762c2a5df2a403850f7c46f35b2eb69dfb1fc140db;Millionen Autos mit Heimatkennzeichen unterwegs;https://www.zeit.de/news/2026-08/07/millionen-autos-mit-heimatkennzeichen-unterwegs;Hier finden Sie Informationen zu dem Thema „Erneute Reform geplant“. Lesen Sie jetzt „Millionen Autos mit Heimatkennzeichen unterwegs“.;Erneute Reform geplant;News, Erneute Reform geplant, Hochschule Heilbronn, Heimatkennzeichen, Nummernschild, Buchstabenkombination, Auto;2026-08-07T04:00:09+02:00;2026-08-07T04:00:09+02:00;;dpa;false
e65a0cbfe366018dbefb628679e180460827d2aee86f0336ea3a84974429cd77;Kartoffeln und Mais im Stress;https://www.zeit.de/news/2026-08/07/kartoffeln-und-mais-im-stress;Hier finden Sie Informationen zu dem Thema „Trockenheit und Hitze“. Lesen Sie jetzt „Kartoffeln und Mais im Stress“.;Trockenheit und Hitze;News, Trockenheit und Hitze, Bayern, Donau, Bayerischer Bauernverband, Kartoffel, Trockenheit, Stress, Grünland, Hitze, Herbst;2026-08-07T04:00:07+02:00;2026-08-07T04:00:07+02:00;;dpa Bayern;false
455517abbb034241780238beb9acc8c9b79e506b6743b70b7d6aa5f88569b8bc;Weiter Einschränkungen zwischen Tübingen und Stuttgart;https://www.zeit.de/news/2026-08/07/weiter-einschraenkungen-zwischen-tuebingen-und-stuttgart;Hier finden Sie Informationen zu dem Thema „Das müssen Fahrgäste wissen“. Lesen Sie jetzt „Weiter Einschränkungen zwischen Tübingen und Stuttgart“.;Das müssen Fahrgäste wissen;News, Das müssen Fahrgäste wissen, Tübingen, Stuttgart, Reutlingen, Herrenberg, Bad Urach, Metzingen, Plochingen, Deutsche Bahn, Einschränkung, Hauptbahnhof;2026-08-07T04:00:06+02:00;2026-08-07T04:00:06+02:00;;dpa Baden-Württemberg;false
ff45dc38a5ea522a08a6d1339ab363f58a008c2e5722158ac498a9c4eda28e9c;DDR-Schnellzug soll bis Mitte August repariert sein;https://www.zeit.de/news/2026-08/07/ddr-schnellzug-soll-bis-mitte-august-repariert-sein;Hier finden Sie Informationen zu dem Thema „DDR-Schnellzug“. Lesen Sie jetzt „DDR-Schnellzug soll bis Mitte August repariert sein“.;DDR-Schnellzug;News, DDR-Schnellzug, Mario Lieb, Görlitz, SVT, Motorschaden;2026-08-07T04:00:05+02:00;2026-08-07T04:00:05+02:00;;dpa Berlin/Brandenburg;false
b0f5ebb8f6f55b841481c8cda6d4a296373266d58d86cc2a9ef7e161910993fc;Abrissarbeiten an Bonner Nordbrücke beginnen;https://www.zeit.de/news/2026-08/07/abrissarbeiten-an-bonner-nordbruecke-beginnen;Hier finden Sie Informationen zu dem Thema „Marode Brücke“. Lesen Sie jetzt „Abrissarbeiten an Bonner Nordbrücke beginnen“.;Marode Brücke;News, Marode Brücke, Bonn, die Autobahn GmbH des Bundes, Nordbrücke, Abrissarbeit, Vorlandbrücke, Abbrucharbeit, Abriss, Hauptbrücke, Bauunternehmen;2026-08-07T04:00:04+02:00;2026-08-07T04:00:04+02:00;;dpa Nordrhein-Westfalen;false
50a670813329a894dbbcb41c15e1d6dcab95229414445c45a2a8ca4c295a8c37;Meta wegen Gefährdung von Kindern zu Millionenstrafe verurteilt;https://www.zeit.de/wirtschaft/unternehmen/2026-08/meta-urteil-new-mexico-facebook-instagram-minderjaehrige-psychische-gesundheit;Ein Gericht in New Mexico hat entschieden, dass Meta für psychische Schäden von Kindern aufkommen muss. Das Unternehmen soll 567 Millionen US-Dollar zahlen. ;Soziale Medien;Wirtschaft, Soziale Medien, Meta, Soziale Medien, Kinder, Sucht, Facebook, Instagram, Verbraucherschutz;2026-08-07T03:49:44+02:00;2026-08-07T03:49:44+02:00;jtr;DIE ZEIT,        Reuters,        AP,        AFP,        							jtr;false
7fb53f4e33d91bdaf8e4299f8877aded498aad0efe9c0cfdebbf985b7b9be53f;Motorradfahrer rutscht nach Auffahrunfall unter Traktor;https://www.zeit.de/news/2026-08/06/kollision-mit-auto-motorradfahrer-schwer-verletzt;Hier finden Sie Informationen zu dem Thema „19-Jähriger schwer verletzt“. Lesen Sie jetzt „Motorradfahrer rutscht nach Auffahrunfall unter Traktor“.;19-Jähriger schwer verletzt;News, 19-Jähriger schwer verletzt, Kollision, Verkehr, Auto;2026-08-07T03:36:34+02:00;2026-08-07T03:36:34+02:00;;dpa Hamburg/Schleswig-Holstein;false
23bd057061bb484f2eab8a0380fdc492b852f6f3bc59e8cedd1ed1f13fd1defa;«Als wäre man aus seinem eigenen Haus ausgesperrt»;https://www.zeit.de/news/2026-08/07/als-waere-man-aus-seinem-eigenen-haus-ausgesperrt;Hier finden Sie Informationen zu dem Thema „Cyberangriffe auf Kommunen“. Lesen Sie jetzt „«Als wäre man aus seinem eigenen Haus ausgesperrt»“.;Cyberangriffe auf Kommunen;News, Cyberangriffe auf Kommunen, Benedikt Seemann, Russland, Europa, Rhein, Rheinland-Pfalz, Landkreis Mainz-Bingen, CDU, Finanzministerium, Cyberangriff, Kommune;2026-08-07T03:30:08+02:00;2026-08-07T03:30:08+02:00;;dpa Rheinland-Pfalz/Saarland;false
af68e100c70babece78d133a9d6e9d9516b22bb45ab410832559021632516016;Bochum und Hertha eröffnen die neue Zweitliga-Saison;https://www.zeit.de/news/2026-08/07/bochum-und-hertha-eroeffnen-die-neue-zweitliga-saison;Hier finden Sie Informationen zu dem Thema „Fußball“. Lesen Sie jetzt „Bochum und Hertha eröffnen die neue Zweitliga-Saison“.;Fußball;News, Fußball, Bochum, Hertha BSC, VfL Bochum, Sat.1, Hertha BSC Berlin, Fußball-Bundesliga, Traditionsverein, Fußball;2026-08-07T03:30:06+02:00;2026-08-07T03:30:06+02:00;;dpa Berlin/Brandenburg;false
9191e82105c6fed0862091f746b8bcf4b174abea3dd0acce207c6e419715c040;100 Tage im Amt – Dominik Krause zieht erste Bilanz;https://www.zeit.de/news/2026-08/07/100-tage-im-amt-dominik-krause-zieht-erste-bilanz;Hier finden Sie Informationen zu dem Thema „Kommunen“. Lesen Sie jetzt „100 Tage im Amt – Dominik Krause zieht erste Bilanz“.;Kommunen;News, Kommunen, Dominik Krause, München, SPD, Kommune;2026-08-07T03:30:06+02:00;2026-08-07T03:30:06+02:00;;dpa Bayern;false
94b7162c195057c422496d1a1dbc379f7518aee6c90751948e1bf8ad4424987f;Berliner Volksbühne startet in Schwimmsaison;https://www.zeit.de/news/2026-08/07/berliner-volksbuehne-startet-in-schwimmsaison;Hier finden Sie Informationen zu dem Thema „Theaterprojekt“. Lesen Sie jetzt „Berliner Volksbühne startet in Schwimmsaison“.;Theaterprojekt;News, Theaterprojekt, Matthias Lilienthal, Berlin-Mitte, Volksbühne Berlin, Schwimmsaison, Theaterprojekt, Zeitfensterticket, schwimmen;2026-08-07T03:30:05+02:00;2026-08-07T03:30:05+02:00;;dpa Berlin/Brandenburg;false
70952c4df1210af37fa5245f76260282c79337eedff8e6d35e3f4e750ac20f0f;CDU-Politiker fordert zentrale Zuständigkeit für Drohnenabwehr;https://www.zeit.de/politik/deutschland/2026-08/sprengstoff-drohne-leipziger-flughafen-drohnenabwehr-thomas-roewekamp;An deutschen Flughäfen sind mehrere Stellen für die Abwehr von Drohnen zuständig. Das müsse sich ändern, meint der CDU-Verteidigungsexperte Thomas Röwekamp.;Sprengstoffdrohne;Politik, Sprengstoffdrohne, Drohnenabwehr, Leipzig, Flughafen, Thomas Röwekamp, Innenministerium, Bundesinnenministerium, Bundespolizei;2026-08-07T03:19:58+02:00;2026-08-07T03:19:58+02:00;mp;DIE ZEIT,        AFP,        							mp;false
17f4a1be1ec473c6be896324535292773fbaa43a3d4d3ea473b6ee00225b1cb6;Trump unterzeichnet neues Dekret zur Beschränkung des US-Geburtsrechts;https://www.zeit.de/politik/ausland/2026-08/geburtsrecht-usa-donald-trump-executive-orders-14-verfassungszusatz;Mit seinem Plan, die Vergabe der US-Staatsbürgerschaft einzuschränken, scheiterte Donald Trump vor Gericht. Nun will er gegen sogenannten Geburtstourismus vorgehen.;Geburtsrecht in den USA;Politik, Geburtsrecht in den USA, Donald Trump, USA, Supreme Court, Staatsbürgerschaft, Mütter;2026-08-07T01:58:56+02:00;2026-08-07T01:58:56+02:00;mp;DIE ZEIT,        dpa,        AFP,        							mp;false
9f5fe2b6a129a8e2da7c6d2438f19245864d10c0a0418049a52e5762a357b375;Städte- und Gemeindebund fordert »Kraftakt für Wasserversorgung«;https://www.zeit.de/wirtschaft/2026-08/wasserversorgung-grundwasserstress-hitze-deutscher-staedte-und-gemeindebund;Die Hälfte aller Kreise leide unter Grundwasserstress, sagt Städtebundchef Spiegler. Wasser müsse als Gemeinschaftsaufgabe und strategische Ressource begriffen werden.;Trockenheit;Wirtschaft, Trockenheit, Wasserversorgung, Dürre, Hitze, Extremwetter, Klimaschutz;2026-08-07T01:28:30+02:00;2026-08-07T01:28:30+02:00;jtr;DIE ZEIT,        epd,        							jtr;false
fdf49e7fa1ff54102dad177e246fd971ec37277650bd9e3389c72227c3898110;USA verhängen Zölle auf wichtigen Rohstoff für Chips und Solarzellen;https://www.zeit.de/wirtschaft/2026-08/polysilizium-importe-usa-china-donald-trump-zoll;Zum Schutz der eigenen Industrie belegen die USA Polysilizium-Importe mit einem Zoll von 15 Prozent. Chinas Regierung kritisiert die Maßnahme.;Polysilizium-Importe;Wirtschaft, Polysilizium-Importe, USA, US-Zölle, China, Peking, Xinjiang, Donald Trump;2026-08-07T00:52:36+02:00;2026-08-07T00:52:36+02:00;mp;DIE ZEIT,        dpa,        Reuters,        							mp;false
16a271d56df7eaa18b0aa06da34e9470b46b3c6ebaa788993e258c0e3960b7be;Borussia Dortmund gibt Verteidiger Yan Couto nach Italien ab;https://www.zeit.de/news/2026-08/07/borussia-dortmund-gibt-verteidiger-yan-couto-nach-italien-ab;Hier finden Sie Informationen zu dem Thema „Fußball-Bundesliga“. Lesen Sie jetzt „Borussia Dortmund gibt Verteidiger Yan Couto nach Italien ab“.;Fußball-Bundesliga;News, Fußball-Bundesliga, Yan Couto, Italien, Como, Dortmund, Borussia Dortmund, Fußball-Bundesliga, Champions League;2026-08-07T00:22:45+02:00;2026-08-07T00:22:45+02:00;;dpa Nordrhein-Westfalen;false
e6c059fe63a8792fa6c6af233034d10f952a1862a701eca29852869f4d5f5af9;Huthi-Milizen töten 58 jemenitische Soldaten;https://www.zeit.de/politik/ausland/2026-08/huthi-miliz-jemen-angriff-drohnen-raketen-marib-hadramaut;Im Jemen sind die Kämpfe zwischen Milizen und von Saudi-Arabien unterstützten Truppen eskaliert. Die Huthis griffen der Regierung zufolge mehrere Militärlager an.;Huthi-Miliz im Jemen;Politik, Huthi-Miliz im Jemen, Huthi, Saudi-Arabien, Jemen, Drohne, Rakete;2026-08-07T00:21:22+02:00;2026-08-07T00:21:22+02:00;yilmp;DIE ZEIT,        AFP,        dpa,        AP,        							yil					,        							mp;false
bf626a0020a493992c5985bbb6c41e7080ae27727a09f45f744bea51631ac3d3;Was geschah am 7. August?;https://www.zeit.de/news/2026-08/06/was-geschah-am-7-august;Hier finden Sie Informationen zu dem Thema „Kalenderblatt“. Lesen Sie jetzt „Was geschah am 7. August?“.;Kalenderblatt;News, Kalenderblatt, Frauke Brosius-Gersdorf, SPD, Kalenderblatt, Namenstag;2026-08-06T23:55:04+02:00;2026-08-06T23:55:04+02:00;;dpa;false
2865dc7f2f62aa6e689d04f4e365f0df0b0c775f5f40fe003f83054c1b70fe6c;Nawalnaja ruft Russen zur Wahl der kriegskritischen Partei Jabloko auf;https://www.zeit.de/politik/ausland/2026-08/julia-nawalnaja-jabloko-partei-russland-opposition-ukrainekrieg;Putin-Kritikerin Julija Nawalnaja unterstützt vor der Duma-Wahl die liberale Jabloko. Die Partei fordert ein Ende des Krieges in der Ukraine.;Russland;Politik, Russland, Russland, Opposition, Alexej Nawalny, Parlamentswahl, Krieg in der Ukraine;2026-08-06T23:41:26+02:00;2026-08-06T23:41:26+02:00;jtr;DIE ZEIT,        AFP,        							jtr;false
3f807f480694f80166a7b337842fc6c2d9e4d94734c069f5bbc7ce4b88cfba6e;Zwei Tote nach Explosion in Kleinbus nahe Damaskus;https://www.zeit.de/gesellschaft/zeitgeschehen/2026-08/explosion-bus-damaskus-syrien-dscharamana;Bei einer Explosion in einem Bus nahe Damaskus sind mindestens zwei Menschen getötet worden. Nach Angaben des Staatsfernsehens verursachte ein Sprengsatz die Explosion.;Syrien;Gesellschaft, Syrien, Damaskus, Syrien, Sprengsatz, Minderheit;2026-08-06T22:40:08+02:00;2026-08-06T22:40:08+02:00;yil;DIE ZEIT,        dpa,        							yil;false
de6041db80ce61a947a991adfd1ec719c64cee9a5444473c17e45a289cc4853e;US-Republikaner wollen Corona-Berater Fauci vor Gericht stellen;https://www.zeit.de/politik/ausland/2026-08/anthony-fauci-kongress-usa-republikaner-begnadigung-joe-biden;Virologe Anthony Fauci verweigerte Antworten bezüglich seiner Vorschläge zur Corona-Politik. US-Republikaner wollen den ehemaligen Berater nun strafrechtlich belangen.;Anthony Fauci;Politik, Anthony Fauci, USA, Republikaner (USA), Justizministerium, Coronavirus, Joe Biden;2026-08-06T21:50:14+02:00;2026-08-06T21:50:14+02:00;yil;DIE ZEIT,        AFP,        AP,        dpa,        							yil;false
a8a174739ce6a41c784889e78d33c077cfed1bcc2c7df4543355616cea1d5d42;Feuerwehr entdeckt neuen Brandherd bei Bad Schwalbach;https://www.zeit.de/news/2026-08/06/feuerwehr-entdeckt-neuen-brandherd-bei-bad-schwalbach;Hier finden Sie Informationen zu dem Thema „Brände“. Lesen Sie jetzt „Feuerwehr entdeckt neuen Brandherd bei Bad Schwalbach“.;Brände;News, Brände, Bad Schwalbach, Rheingau-Taunus-Kreis, Feuerwehr, Brandherd, Spotfeuer, Brand, Waldbrand;2026-08-06T21:14:05+02:00;2026-08-06T21:14:05+02:00;;dpa Hessen;false
91398ee3eeda5e455d4c046a484d831eb89cbe16fe16857159d7382a40386c18;Daimler Truck will in USA neues Werk bauen;https://www.zeit.de/news/2026-08/06/daimler-truck-will-in-usa-neues-werk-bauen;Hier finden Sie Informationen zu dem Thema „Nutzfahrzeuge“. Lesen Sie jetzt „Daimler Truck will in USA neues Werk bauen“.;Nutzfahrzeuge;News, Nutzfahrzeuge, USA, Leinfelden-Echterdingen, Stuttgart, Daimler Truck, Produktionsstart, Nutzfahrzeug, Dax;2026-08-06T21:07:06+02:00;2026-08-06T21:07:06+02:00;;dpa Baden-Württemberg;false
65922cf0446a3d4cf15cb844a4d86dc6f65b0506bb9c17120f2995a4e550e05c;Schwerer Straßenbahnunfall in Gelsenkirchen – 25 Verletzte;https://www.zeit.de/news/2026-08/06/schwerer-strassenbahnunfall-in-gelsenkirchen-30-verletzte;Hier finden Sie Informationen zu dem Thema „Zusammenstoß“. Lesen Sie jetzt „Schwerer Straßenbahnunfall in Gelsenkirchen – 25 Verletzte“.;Zusammenstoß;News, Zusammenstoß, Gelsenkirchen, VELTINS, Polizei, Straßenbahnunfall, Zusammenstoß, Fahrschulstraßenbahn;2026-08-06T21:05:45+02:00;2026-08-06T21:05:45+02:00;;dpa Nordrhein-Westfalen;false
1625d9f66713ad2a1ad3b8dda41aa168637274b2a9a8625f8cdbbac73cbeed23;Auto prallt gegen Baum – Fahrerin stirbt;https://www.zeit.de/news/2026-08/06/auto-prallt-gegen-baum-fahrerin-stirbt;Hier finden Sie Informationen zu dem Thema „Westerwaldkreis“. Lesen Sie jetzt „Auto prallt gegen Baum – Fahrerin stirbt“.;Westerwaldkreis;News, Westerwaldkreis, Westerwaldkreis, Unfall, Landesstraße, Auto;2026-08-06T20:57:13+02:00;2026-08-06T20:57:13+02:00;;dpa Rheinland-Pfalz/Saarland;false
9025d7b0e11d7ddaef01259eec675efd0398cb32d667efea5da03e8c61fd977d;Streit um Trassenpreise: Verkehrsminister notfalls für Klage;https://www.zeit.de/news/2026-08/06/streit-um-trassenpreise-verkehrsminister-notfalls-fuer-klage;Hier finden Sie Informationen zu dem Thema „Schienenverkehr“. Lesen Sie jetzt „Streit um Trassenpreise: Verkehrsminister notfalls für Klage“.;Schienenverkehr;News, Schienenverkehr, Robert Crumbach, Brandenburg, SPD, Trassenpreis, Schienenmaut, Schienenverkehr, Personennahverkehr;2026-08-06T20:44:45+02:00;2026-08-06T20:44:45+02:00;;dpa Berlin/Brandenburg;false
606344f63258c18e61e312ff2ab36c5c3e675d020f612a52fc701c80881bebce;Waldbrand an der A61 gelöscht – Autobahn wieder frei;https://www.zeit.de/news/2026-08/06/a61-gesperrt-brennende-reifenteile-loesen-grossbrand-aus;Hier finden Sie Informationen zu dem Thema „Trockenheit“. Lesen Sie jetzt „Waldbrand an der A61 gelöscht – Autobahn wieder frei“.;Trockenheit;News, Trockenheit, Schifferstadt, Feuerwehr, Polizei, Reifenteil, Großbrand, Trockenheit, Autopanne, Reifen, Wald;2026-08-06T20:27:53+02:00;2026-08-06T20:27:53+02:00;;dpa Baden-Württemberg;false
606344f63258c18e61e312ff2ab36c5c3e675d020f612a52fc701c80881bebce;Waldbrand an der A61 gelöscht – Autobahn wieder frei;https://www.zeit.de/news/2026-08/06/geplatzter-lkw-reifen-loest-waldbrand-aus;Hier finden Sie Informationen zu dem Thema „Trockenheit“. Lesen Sie jetzt „Waldbrand an der A61 gelöscht – Autobahn wieder frei“.;Trockenheit;News, Trockenheit, Schifferstadt, Polizei, Trockenheit, Autopanne, Reifenteil, Reifen, Waldbrand, Wald;2026-08-06T20:23:00+02:00;2026-08-06T20:23:00+02:00;;dpa Rheinland-Pfalz/Saarland;false
ef83488a953bac5945a0e7c2de0d9f0fdc463c6bd5c02f4fb3b7b2e8b48f7af4;Fünf Verletzte bei Frontalzusammenstoß in Binz;https://www.zeit.de/news/2026-08/06/fuenf-verletzte-bei-frontalzusammenstoss-in-binz;Hier finden Sie Informationen zu dem Thema „Unfall“. Lesen Sie jetzt „Fünf Verletzte bei Frontalzusammenstoß in Binz“.;Unfall;News, Unfall, Binz, Polizei, Frontalzusammenstoß, Unfall, Gegenfahrbahn, Auto;2026-08-06T20:16:28+02:00;2026-08-06T20:16:28+02:00;;dpa Mecklenburg-Vorpommern;false
f85b75f791640a66f482c58fe8b00daae682657935404844212a9bb5d370aadf;Großbrand in Gernsheim: Mehrere Verletzte durch Rauch;https://www.zeit.de/news/2026-08/06/starker-rauch-in-gernsheim-brand-bei-entsorgungsbetrieb;Hier finden Sie Informationen zu dem Thema „Brände“. Lesen Sie jetzt „Großbrand in Gernsheim: Mehrere Verletzte durch Rauch“.;Brände;News, Brände, Gernsheim, Groß-Gerau, Polizei, Entsorgungsbetrieb, Entsorgungsfachbetrieb, Brand;2026-08-06T20:07:52+02:00;2026-08-06T20:07:52+02:00;;dpa Hessen;false
812f8f8cb9512a0ca5dc3140cdf7909ba7a97c52c568dfe722083bbe1b6f9eb1;Wie kommt die Freude zurück?;https://www.zeit.de/gesundheit/2026-08/psychologie-therapie-gute-laune-emotionen-gefuehle;Psychotherapie lindert Depressionen, Ängste, Lustlosigkeit. Freude und Wohlbefinden stellen sich dann aber nicht automatisch ein. Neue Therapien sollen dies nun ändern.;"Z+ (abopflichtiger Inhalt);
        
    Psychologie";Gesundheit, Psychologie, Emotion, Ruhr-Universität Bochum, Psychotherapie, Psyche;2026-08-06T20:06:27+02:00;2026-08-06T20:06:27+02:00;Sarah Emminghaus;;false
6b0ef462e0f708adbbcbf40eb7b271dde1b3fc4eb2471ef7cfb831da958d9035;Bundesanwaltschaft ermittelt nach versuchtem Drohnenangriff in Leipzig;https://www.zeit.de/politik/deutschland/2026-08/drohne-sprengstoff-flughafen-leipzig-bundesanwaltschaft;Die Bundesanwaltschaft übernimmt die Ermittlungen zur Sprengstoffdrohne am Leipziger Flughafen. Es handle sich um einen »schwerwiegenden Angriff« auf die Infrastruktur.;Flughafen Leipzig/Halle;Politik, Flughafen Leipzig/Halle, Leipzig, Drohne, Flughafen, Ermittlung, Luftverkehr, Bundesanwaltschaft;2026-08-06T20:06:25+02:00;2026-08-06T20:06:25+02:00;ale;DIE ZEIT,        dpa,        Reuters,        							ale;false
e6665ad32e25edf974a67f34144d5ab9776dfa3737fb08c5f6331118fef45b1c;Siegmund bezweifelt Unabhängigkeit der Justiz;https://www.zeit.de/news/2026-08/06/siegmund-bezweifelt-unabhaengigkeit-der-justiz;Hier finden Sie Informationen zu dem Thema „Wahlkampf in Sachsen-Anhalt“. Lesen Sie jetzt „Siegmund bezweifelt Unabhängigkeit der Justiz“.;Wahlkampf in Sachsen-Anhalt;News, Wahlkampf in Sachsen-Anhalt, Ulrich Siegmund, Sachsen-Anhalt, Alternative für Deutschland, Unabhängigkeit, Wahlkampf;2026-08-06T20:03:06+02:00;2026-08-06T20:03:06+02:00;;dpa Sachsen;false
72823bac31865cb9c07c50577d474f7f546d3582d6ce9d72be87a41461bb2b98;Rock-Legende Glenn Hughes zieht sich von der Bühne zurück;https://www.zeit.de/news/2026-08/06/rock-legende-glenn-hughes-zieht-sich-von-der-buehne-zurueck;Hier finden Sie Informationen zu dem Thema „Krankheit“. Lesen Sie jetzt „Rock-Legende Glenn Hughes zieht sich von der Bühne zurück“.;Krankheit;News, Krankheit, Glenn Hughes, Facebook;2026-08-06T20:01:41+02:00;2026-08-06T20:01:41+02:00;;dpa;false
467dbb6c7781d56fb54c487e086e1d9a3ccbc8ea2fcd6d122c48b1c96b7c1ea3;Bedrohung in Wolfsburg? Zwei Männer festgenommen;https://www.zeit.de/news/2026-08/06/bedrohung-in-wolfsburg-zwei-maenner-festgenommen;Hier finden Sie Informationen zu dem Thema „Einsatz von SEK und LKA“. Lesen Sie jetzt „Bedrohung in Wolfsburg? Zwei Männer festgenommen“.;Einsatz von SEK und LKA;News, Einsatz von SEK und LKA, Mann, Wolfsburg, Polizei, Bedrohung;2026-08-06T19:54:56+02:00;2026-08-06T19:54:56+02:00;;dpa Niedersachsen;false
fbc3995cf11c806129404ee29ffb84452fe62ec7d827f23577870b6f778734f9;Sprengstoff-Drohne in Leipzig: Semtex im Spiel;https://www.zeit.de/news/2026-08/06/sprengstoff-drohne-am-flughafen-fremde-maechte-am-werk;Hier finden Sie Informationen zu dem Thema „Innere Sicherheit“. Lesen Sie jetzt „Sprengstoff-Drohne in Leipzig: Semtex im Spiel“.;Innere Sicherheit;News, Innere Sicherheit, Alexander Dobrindt, Leipzig, Flughafen Leipzig/Halle, CSU, Bundespolizei, Flughafen, Bedrohung;2026-08-06T19:54:36+02:00;2026-08-06T19:54:36+02:00;;dpa;false
47d92787070713d2e4bd5806d66c116599ae3d594db6ff5b13790aea2674e490;Neues Logo, neuer Name: Handball Club Hamburg statt HSV;https://www.zeit.de/news/2026-08/06/neues-logo-neuer-name-handball-club-hamburg-statt-hsv;Hier finden Sie Informationen zu dem Thema „Handball-Bundesliga“. Lesen Sie jetzt „Neues Logo, neuer Name: Handball Club Hamburg statt HSV“.;Handball-Bundesliga;News, Handball-Bundesliga, Torsten Jansen, Hamburg, Hamburger SV, Handball-Bundesliga, Bundesliga, Handball;2026-08-06T19:51:33+02:00;2026-08-06T19:51:33+02:00;;dpa Hamburg/Schleswig-Holstein;false
63b19d549cb60d058fe756c078969818c7dbd0f37c3c024649e7768d82a31808;Bundesanwaltschaft ermittelt zu Drohnen-Vorfall in Leipzig;https://www.zeit.de/news/2026-08/06/bundesanwaltschaft-ermittelt-zu-drohnen-vorfall-in-leipzig;Hier finden Sie Informationen zu dem Thema „Hybrider Anschlag?“. Lesen Sie jetzt „Bundesanwaltschaft ermittelt zu Drohnen-Vorfall in Leipzig“.;Hybrider Anschlag?;News, Hybrider Anschlag?, Leipzig, Bundesanwaltschaft, Verkehr, Drohne;2026-08-06T19:34:45+02:00;2026-08-06T19:34:45+02:00;;dpa Sachsen;false
db6266ce42d8a30b2fe256b4d243957f9742e6d2c277b37994ce59a6159bde5b;Demonstrierende in Berlin fordern mehr Hitze- und Klimaschutz;https://www.zeit.de/gesellschaft/2026-08/demonstration-berlin-hitzeschutz-klimaschutz-luisa-neubauer-fridays-for-future;Hunderte haben vor dem Bundeskanzleramt für mehr Klimaschutz demonstriert. Klimaaktivistin Luisa Neubauer kritisierte den Umgang der Regierung mit der Hitzewelle.;Fridays for Future;Gesellschaft, Fridays for Future, Demonstration, Klimaschutz, Fridays for Future, Hitze, Berlin, Kanzleramt;2026-08-06T19:29:41+02:00;2026-08-06T19:29:41+02:00;yil;DIE ZEIT,        epd,        							yil;false
b085543f1b95ebec38d75044b01a3b97c2f35cb9518972b17165527596360c40;Warten auf Vereinbarung zu Straße von Hormus;https://www.zeit.de/news/2026-08/06/iran-vereinbarung-mit-oman-zu-strasse-von-hormus-fast-fertig;Hier finden Sie Informationen zu dem Thema „Nahost“. Lesen Sie jetzt „Warten auf Vereinbarung zu Straße von Hormus“.;Nahost;News, Nahost, Ismail Baghai, Donald Trump, Iran, Oman, Teheran, USA, Straße von Hormus, Persischer Golf, Republikaner (USA), Meerenge;2026-08-06T19:20:33+02:00;2026-08-06T19:20:33+02:00;;dpa;false
9fed178bd9e7e8712df31ca6104bfc651b5d286f8080f1d57efd6e86ed8405d3;Niedrigwasser: Bombe bei Köln entdeckt und entschärft;https://www.zeit.de/news/2026-08/06/niedrigwasser-bombe-im-rhein-bei-koeln-gefunden;Hier finden Sie Informationen zu dem Thema „Entschärfung“. Lesen Sie jetzt „Niedrigwasser: Bombe bei Köln entdeckt und entschärft“.;Entschärfung;News, Entschärfung, Rhein, Köln, Köln-Deutz, Niedrigwasser, Weltkriegsbombe;2026-08-06T19:17:29+02:00;2026-08-06T19:17:29+02:00;;dpa Nordrhein-Westfalen;false
69c2babccf750e9bc5d3ff0a84a6dbb22cf1cdb3c333d7292181961bc63a2e8f;Mit der Regionalbahn zur Rettung: Hilfe für Greifvogel;https://www.zeit.de/news/2026-08/06/mit-der-regionalbahn-zur-rettung-hilfe-fuer-greifvogel;Hier finden Sie Informationen zu dem Thema „Tierrettung“. Lesen Sie jetzt „Mit der Regionalbahn zur Rettung: Hilfe für Greifvogel“.;Tierrettung;News, Tierrettung, Nieder-Olm, Bundespolizei, Regionalbahn, Greifvogel, Tierrettung, Rettung, Unglück, Tiere;2026-08-06T19:17:15+02:00;2026-08-06T19:17:15+02:00;;dpa Rheinland-Pfalz/Saarland;false
22c9e72f276bd8e015a06798778c371f90913bdb722431490a187c9a7d1da432;Heimtückischer Mord von hinten? Mann vor Gericht;https://www.zeit.de/news/2026-08/06/heimtueckischer-mord-von-hinten-mann-vor-gericht;Hier finden Sie Informationen zu dem Thema „Prozessbeginn“. Lesen Sie jetzt „Heimtückischer Mord von hinten? Mann vor Gericht“.;Prozessbeginn;News, Prozessbeginn, Lampertheim, Calw, Darmstadt, Mord, Prozessbeginn;2026-08-06T19:02:38+02:00;2026-08-06T19:02:38+02:00;;dpa Hessen;false
10da8dba072f63b0ba7be4655a461ed6e0fe7edda8a418e080be61c6c24f523d;Keine Munition in Flugzeug bei Drohnen-Vorfall;https://www.zeit.de/news/2026-08/06/keine-munition-in-flugzeug-bei-drohnen-vorfall;Hier finden Sie Informationen zu dem Thema „Leipzig/Halle“. Lesen Sie jetzt „Keine Munition in Flugzeug bei Drohnen-Vorfall“.;Leipzig/Halle;News, Leipzig/Halle, Leipzig, Bundesinnenministerium, Munition, Drohne;2026-08-06T19:00:58+02:00;2026-08-06T19:00:58+02:00;;dpa Sachsen;false
7e97f60dd8c9a92c70ca5b8eed3cfc0b40303db8f862e1ac965d106099938911;Auf was könnte sich ein großes Anti-AfD-Bündnis einigen?;https://www.zeit.de/politik/2026-08/wahl-sachsen-anhalt-wahl-o-mat-daten;Im September wählt Sachsen-Anhalt einen neuen Landtag. Unsere Analyse der Wahl-O-Mat-Antworten zeigt, wie schwer sich ein Bündnis gegen die AfD tun dürfte.;"Z+ (abopflichtiger Inhalt);
        
    Wahl in Sachsen-Anhalt";Politik, Wahl in Sachsen-Anhalt, Visualisierung;2026-08-06T18:56:55+02:00;2026-08-06T18:56:55+02:00;Dana Hajek;;false
d8a230abe320ba2a304631907bbc9d2975a50f657922b16b864a16f7c82884ae;Möbel fliegen aus Hotelzimmer in Leipzig;https://www.zeit.de/news/2026-08/06/moebel-fliegen-aus-hotelzimmer-in-leipzig;Hier finden Sie Informationen zu dem Thema „Randalierer“. Lesen Sie jetzt „Möbel fliegen aus Hotelzimmer in Leipzig“.;Randalierer;News, Randalierer, Leipzig, Hotelzimmer, Einrichtungsteile, Möbel;2026-08-06T18:55:21+02:00;2026-08-06T18:55:21+02:00;;dpa Sachsen;false
3746c2b9e042545eb54dbb2313c8075cc07182f331ba07999cbfdfd28bb999d4;Brand auf Getreidefeld nahe Flughafen BER;https://www.zeit.de/news/2026-08/06/brand-auf-getreidefeld-nahe-flughafen-ber;Hier finden Sie Informationen zu dem Thema „Feuerwehr-Einsatz“. Lesen Sie jetzt „Brand auf Getreidefeld nahe Flughafen BER“.;Feuerwehr-Einsatz;News, Feuerwehr-Einsatz, Feuerwehr, Erntearbeit, Regionalleitstelle, Flughafen BER;2026-08-06T18:51:20+02:00;2026-08-06T18:51:20+02:00;;dpa Berlin/Brandenburg;false
f52e35a77c53f715e99f66c4fd26eb8fecacfb88cf0f3a060d6d591c660d56dd;Schmuck aus Brandruine in Lauterbach gestohlen;https://www.zeit.de/news/2026-08/06/schmuck-aus-brandruine-in-lauterbach-gestohlen;Hier finden Sie Informationen zu dem Thema „Kriminalität“. Lesen Sie jetzt „Schmuck aus Brandruine in Lauterbach gestohlen“.;Kriminalität;News, Kriminalität, Lauterbach, Polizei, Brandruine, Großbrand, Schmuck;2026-08-06T18:47:04+02:00;2026-08-06T18:47:04+02:00;;dpa Hessen;false
a005b3dc20ab6eb7601000f9f147aa72690f7c18b1da0c83313662883dad8e03;Verfassungsschutz beobachtet AfD-Abgeordneten Nolte;https://www.zeit.de/news/2026-08/06/verfassungsschutz-beobachtet-afd-abgeordneten-nolte;Hier finden Sie Informationen zu dem Thema „AfD“. Lesen Sie jetzt „Verfassungsschutz beobachtet AfD-Abgeordneten Nolte“.;AfD;News, AfD, Benjamin Nolte, Verfassungsschutz, Alternative für Deutschland, Identitäre Bewegung, Erfolg;2026-08-06T18:42:00+02:00;2026-08-06T18:42:00+02:00;;dpa;false
1425ac8d76e5426f9633f22380d828475fda718d78a8e9c437ca5cf86bd6102b;Schlagersänger Matthias Reim verkauft Haus in Bodensee-Nähe;https://www.zeit.de/news/2026-08/06/schlagersaenger-matthias-reim-verkauft-haus-in-bodensee-naehe;Hier finden Sie Informationen zu dem Thema „Neue Bleibe“. Lesen Sie jetzt „Schlagersänger Matthias Reim verkauft Haus in Bodensee-Nähe“.;Neue Bleibe;News, Neue Bleibe, Matthias Reim, Bodensee, Stockach, Bleibe;2026-08-06T18:40:20+02:00;2026-08-06T18:40:20+02:00;;dpa;false
4b77b6bd5c2565978d18f1d61b79e844084447468ee4b1c96dc4948c859562c9;Bilder des Tages;https://www.zeit.de/news/2026-08/06/bilder-des-tages;Hier finden Sie Informationen zu dem Thema „Fotografie“. Lesen Sie jetzt „Bilder des Tages“.;Fotografie;News, Fotografie, News;2026-08-06T18:39:33+02:00;2026-08-06T18:39:33+02:00;;dpa;false
9fb0f746d5db51cc096655c0efbd7e8fb147b947fe4670de31c0bc271b01b6b3;Discounter-Kunde soll von Spinne gebissen worden sein;https://www.zeit.de/news/2026-08/06/discounter-kunde-soll-von-spinne-gebissen-worden-sein;Hier finden Sie Informationen zu dem Thema „Allergische Reaktion“. Lesen Sie jetzt „Discounter-Kunde soll von Spinne gebissen worden sein“.;Allergische Reaktion;News, Allergische Reaktion, Gottmadingen, Spinne, Bananenkiste, Discounter;2026-08-06T18:30:39+02:00;2026-08-06T18:30:39+02:00;;dpa Baden-Württemberg;false
af111a4afa0b3d653a327ce2c92f6410ddec53ee4c0bbf40ba4a9ced875a9813;AfD vergrößert Vorsprung vor der Union in ARD-Umfrage;https://www.zeit.de/politik/deutschland/2026-08/ard-deutschlandtrend-cdu-csu-afd-umfrage-infratest-dimap;Laut ARD-»Deutschlandtrend« käme die AfD bei einer Bundestagswahl aktuell auf 28 Prozent. Die Union erreicht 21 Prozent und damit ihren schlechtesten Wert seit 2021.;»Deutschlandtrend«;Politik, »Deutschlandtrend«, Sonntagsfrage, Deutschlandtrend, CDU, Alternative für Deutschland, ARD, Bundestagswahl;2026-08-06T18:27:55+02:00;2026-08-06T18:27:55+02:00;akm;DIE ZEIT,        AFP,        							akm;false
6100027161636db46a9990657d4922b35e1c183ed02a2c1251a43e4aad7b59cd;Tanzen zwischen Wald und Wasser: Pangea Festival gestartet;https://www.zeit.de/news/2026-08/06/tanzen-zwischen-wald-und-wasser-pangea-festival-gestartet;Hier finden Sie Informationen zu dem Thema „15.000 Besucher erwartet“. Lesen Sie jetzt „Tanzen zwischen Wald und Wasser: Pangea Festival gestartet“.;15.000 Besucher erwartet;News, 15.000 Besucher erwartet, Ribnitz, Festivalsaison, Hauptbühne, Wald, Wetter;2026-08-06T18:11:30+02:00;2026-08-06T18:11:30+02:00;;dpa Mecklenburg-Vorpommern;false
9a98c56e82093d9c8c232fe9e5ac2444d5404ebe8600d2d8408891d479c25665;Meterhohe Feuerwände - «Das ging mir schon sehr, sehr nahe»;https://www.zeit.de/news/2026-08/06/meterhohe-feuerwaende-das-ging-mir-schon-sehr-sehr-nahe;Hier finden Sie Informationen zu dem Thema „Dank für Einsatz in Spanien“. Lesen Sie jetzt „Meterhohe Feuerwände - «Das ging mir schon sehr, sehr nahe»“.;Dank für Einsatz in Spanien;News, Dank für Einsatz in Spanien, Daniel Lahrs, Spanien, Wietze, Niedersachsen, Feuerwand, Fahrzeug;2026-08-06T18:08:35+02:00;2026-08-06T18:08:35+02:00;;dpa Niedersachsen;false
fe1e4e0a92d7e8cb1345068c8fc268ca97a6384a9f65b4b375037dbfc817e6a6;Rekord-Wassertemperatur vor Mallorca: 33,02 Grad;https://www.zeit.de/news/2026-08/06/rekord-wassertemperatur-vor-mallorca-33-02-grad;Hier finden Sie Informationen zu dem Thema „Mittelmeer aufgeheizt“. Lesen Sie jetzt „Rekord-Wassertemperatur vor Mallorca: 33,02 Grad“.;Mittelmeer aufgeheizt;News, Mittelmeer aufgeheizt, Mallorca, Mittelmeer, Messboje, Rekordtemperatur;2026-08-06T18:07:43+02:00;2026-08-06T18:07:43+02:00;;dpa;false
c8203a86f9c7f6b56a0a4156fcaa6192ac304f253a87ee7ab0e908ef575a3a4e;Kanzler der Uni Hamburg abgewählt;https://www.zeit.de/news/2026-08/06/kanzler-der-uni-hamburg-abgewaehlt;Hier finden Sie Informationen zu dem Thema „Hochschulverwaltung“. Lesen Sie jetzt „Kanzler der Uni Hamburg abgewählt“.;Hochschulverwaltung;News, Hochschulverwaltung, Martin Hecht, Andrea Hellwig, Uni Hamburg, Universität Hamburg, Hochschulverwaltung;2026-08-06T18:04:22+02:00;2026-08-06T18:04:22+02:00;;dpa Hamburg/Schleswig-Holstein;false
af8f94a06cc5df6e432dc0d93a22eaf119728ed4572a2a85db7466ea57f150bc;Schütz befürchtet höhere Ticket-Preise der Bahn;https://www.zeit.de/news/2026-08/06/schuetz-befuerchtete-hoehere-ticket-preise-der-bahn;Hier finden Sie Informationen zu dem Thema „Bahntickets“. Lesen Sie jetzt „Schütz befürchtet höhere Ticket-Preise der Bahn“.;Bahntickets;News, Bahntickets, Steffen Schütz, Thüringen, Bündnis Sahra Wagenknecht, EuGH, Bahnticket, Trassenpreis, Nahverkehr;2026-08-06T18:00:08+02:00;2026-08-06T18:00:08+02:00;;dpa Thüringen;false
