Hash;Title;Link;Description;Category;KeyWords;Published;LastUpdated;Author;Source;Paywall
6cf57c67d8fac367c9f5acafe8577e44a339b4b1582a8b636f2894028e05ce33;DIW sieht Wirtschaft vor Trendwende - Prognosen erhöht;https://www.zeit.de/news/2026-09/02/diw-erhoeht-prognose-wirtschaft-steht-vor-trendwende;Hier finden Sie Informationen zu dem Thema „Konjunktur“. Lesen Sie jetzt „DIW sieht Wirtschaft vor Trendwende - Prognosen erhöht“.;Konjunktur;News, Konjunktur, Marcel Fratzscher, Berlin, DIW, Prognose;2026-09-02T15:05:22+02:00;2026-09-02T15:05:22+02:00;;dpa;false
902f92b237d38d207f84e0212cd58632765c6647a934b6854b6334e6b1dc55e5;Mädchen unter Druck gesetzt - Pädokrimineller verurteilt;https://www.zeit.de/news/2026-09/02/maedchen-unter-druck-gesetzt-paedokrimineller-verurteilt;Hier finden Sie Informationen zu dem Thema „Urteile“. Lesen Sie jetzt „Mädchen unter Druck gesetzt - Pädokrimineller verurteilt“.;Urteile;News, Urteile, Mann, Hamburg, Selbstverletzung, Körperverletzung;2026-09-02T15:05:04+02:00;2026-09-02T15:05:04+02:00;;dpa Hamburg/Schleswig-Holstein;false
fc712dc8ef7ec570d7b205a9f8bbf71a5c7727125696f589e47cf6ba2039aa92;80 Stunden Herzdruckmassage – Rekordversuch in Schwerin;https://www.zeit.de/news/2026-09/02/80-stunden-herzdruckmassage-rekordversuch-in-schwerin;Hier finden Sie Informationen zu dem Thema „Gesundheit“. Lesen Sie jetzt „80 Stunden Herzdruckmassage – Rekordversuch in Schwerin“.;Gesundheit;News, Gesundheit, Frederik Schlichting, Schwerin, Herzdruckmassage, Rekordversuch, Weltrekordversuch;2026-09-02T15:03:31+02:00;2026-09-02T15:03:31+02:00;;dpa Mecklenburg-Vorpommern;false
4ac850ed331074c97375788b9e3bd30808524a458eed60ab7e61708132999237;Bergheim: Ermittler finden sechs Abschussvorrichtungen;https://www.zeit.de/news/2026-09/02/verdacht-auf-straftat-stoerung-im-umspannwerk-bergheim;Hier finden Sie Informationen zu dem Thema „Sabotage an Umspannwerk“. Lesen Sie jetzt „Bergheim: Ermittler finden sechs Abschussvorrichtungen“.;Sabotage an Umspannwerk;News, Sabotage an Umspannwerk, Bergheim, Rhein-Erft-Kreis, Polizei, Amprion GmbH, Straftat, Umspannwerk, Störung, Ermittlungsstand;2026-09-02T15:01:11+02:00;2026-09-02T15:01:11+02:00;;dpa;false
5e952cf65558512e952929ff31f46014f350982ab0e5083ee0cd3565ebfdd406;41-Jähriger bei Gleisarbeiten tödlich verletzt;https://www.zeit.de/news/2026-09/02/41-jaehriger-bei-gleisarbeiten-toedlich-verletzt;Hier finden Sie Informationen zu dem Thema „Unfälle“. Lesen Sie jetzt „41-Jähriger bei Gleisarbeiten tödlich verletzt“.;Unfälle;News, Unfälle, Mann, Salzwedel, Gleisarbeit, Unfall, Weteritz, Altmarkkreis;2026-09-02T15:01:10+02:00;2026-09-02T15:01:10+02:00;;dpa Sachsen;false
b8906872c4cd71e6b4f61275dd946bd64d48a22bfb5ba7fe94a2617b34120c30;So lief das Duell zwischen Siegmund und Schulze;https://www.zeit.de/politik/deutschland/2026-09/sachsen-anhalt-landtagswahl-ulrich-siegmund-sven-schulze-live;Die Kandidaten von AfD und CDU haben ein weiteres Mal diskutiert, es ging um Bildung, Migration, die Briefwahl und die Zukunft Sachsen-Anhalts. Das Liveblog zum Nachlesen;Sachsen-Anhalt;Politik, Sachsen-Anhalt, Sven Schulze, Ulrich Siegmund, Sachsen-Anhalt, CDU, Alternative für Deutschland, Landtagswahl, Rededuell, Liveblog;2026-09-02T15:00:24+02:00;2026-09-02T15:00:24+02:00;Katharina JamesSybille KlormannSarah KohlerYannick von Eisenhart Rothe;;false
4fff2da8406f1013b4a7ee40351824e0459fc996547ea3dfa9147340ca76405b;«Nicht alles top»: Torwart Atubolu über sein Wechseltheater;https://www.zeit.de/news/2026-09/02/nicht-alles-top-torwart-atubolu-ueber-sein-wechseltheater;Hier finden Sie Informationen zu dem Thema „Fußball-Bundesliga“. Lesen Sie jetzt „«Nicht alles top»: Torwart Atubolu über sein Wechseltheater“.;Fußball-Bundesliga;News, Fußball-Bundesliga, Noah Atubolu, Frankfurt, Freiburg, Eintracht Frankfurt, SC Freiburg, Fußball-Bundesliga, Premier League, Wechseltheater, Beratergeschäft, Sommer;2026-09-02T14:59:22+02:00;2026-09-02T14:59:22+02:00;;dpa Baden-Württemberg;false
df08fa5bd967b18191e097bfea23303c517ce3bd7f97e8d0a82f104f79651128;Innenminister: Aktuell keine Hinweise auf Sabotage in Hessen;https://www.zeit.de/news/2026-09/02/innenminister-aktuell-keine-hinweise-auf-sabotage-in-hessen;Hier finden Sie Informationen zu dem Thema „Stromnetz“. Lesen Sie jetzt „Innenminister: Aktuell keine Hinweise auf Sabotage in Hessen“.;Stromnetz;News, Stromnetz, Südbrandenburg, Hessen, Köln, CDU, Polizei, Sabotage, Stromnetz, Belletristik, Sicherheit;2026-09-02T14:59:17+02:00;2026-09-02T14:59:17+02:00;;dpa Hessen;false
c5f27307db24a3c74494f07a79fd3c54180dd185766c5bf072f6df780ea203c3;AfD-Spitzenkandidat: Leistungsgedanken an Schulen stärken;https://www.zeit.de/news/2026-09/02/afd-spitzenkandidat-leistungsgedanken-an-schulen-staerken;Hier finden Sie Informationen zu dem Thema „Vor der Wahl in Sachsen-Anhalt“. Lesen Sie jetzt „AfD-Spitzenkandidat: Leistungsgedanken an Schulen stärken“.;Vor der Wahl in Sachsen-Anhalt;News, Vor der Wahl in Sachsen-Anhalt, Ulrich Siegmund, Sven Schulze, Sachsen-Anhalt, Alternative für Deutschland, Landtagswahl in Sachsen, Leistungsgedanke, Regierungsübernahme;2026-09-02T14:58:51+02:00;2026-09-02T14:58:51+02:00;;dpa Sachsen;false
efc13d4c69ab40af91669521a5ddc56cc60f582e38f335e6b969d05b8b0db6a1;Auffahrunfall mit zwei Fahrrädern - Frau schwer verletzt;https://www.zeit.de/news/2026-09/02/auffahrunfall-mit-zwei-fahrraedern-frau-schwer-verletzt;Hier finden Sie Informationen zu dem Thema „Unfälle“. Lesen Sie jetzt „Auffahrunfall mit zwei Fahrrädern - Frau schwer verletzt“.;Unfälle;News, Unfälle, Polizei, Auffahrunfall, Unfall;2026-09-02T14:58:33+02:00;2026-09-02T14:58:33+02:00;;dpa Hessen;false
83c4138a8030517cf70d1f3d5dca2eea7250b44c80e9446b30d0522f68951d92;150 Meter bis zum Wasser: Parsteiner See zeigt Wasserkrise;https://www.zeit.de/news/2026-08/31/150-meter-bis-zum-wasser-parsteiner-see-zeigt-wasserkrise;Hier finden Sie Informationen zu dem Thema „Klimawandel“. Lesen Sie jetzt „150 Meter bis zum Wasser: Parsteiner See zeigt Wasserkrise“.;Klimawandel;News, Klimawandel, Christian Ellner, Parsteiner See, Barnim, Brandenburg, Naturschutzbund Deutschland, Wasserkrise, Klimawandel;2026-09-02T14:57:36+02:00;2026-09-02T14:57:36+02:00;;dpa Berlin/Brandenburg;false
bb6a57e3b6f2426438d711c5fe5939e2b29643dfe0787c8a667afd58528f3e3d;Umspannwerke im Visier: Wie sicher ist unser Stromnetz?;https://www.zeit.de/news/2026-09/02/so-werden-umspannwerke-geschuetzt;Hier finden Sie Informationen zu dem Thema „Kritische Infrastruktur“. Lesen Sie jetzt „Umspannwerke im Visier: Wie sicher ist unser Stromnetz?“.;Kritische Infrastruktur;News, Kritische Infrastruktur, Reutlingen, Brandenburg, Baden-Württemberg, Netze BW, Umspannwerk, Stromausfall, Brandvorrichtung;2026-09-02T14:55:27+02:00;2026-09-02T14:55:27+02:00;;dpa Baden-Württemberg;false
0eb63fe7a763cf325bb3b81fda2a43555bc3c6e0bd0fa380114fcd19d00f53a5;Badewarnung wegen Blaualgen am Bleilochstausee ausgeweitet;https://www.zeit.de/news/2026-09/02/badewarnung-wegen-blaualgen-am-bleilochstausee-ausgeweitet;Hier finden Sie Informationen zu dem Thema „Wasserqualität“. Lesen Sie jetzt „Badewarnung wegen Blaualgen am Bleilochstausee ausgeweitet“.;Wasserqualität;News, Wasserqualität, Badewarnung, Bleilochstausee, Blaualge, Blaualgenvorkommen, Wasserqualität;2026-09-02T14:54:56+02:00;2026-09-02T14:54:56+02:00;;dpa Thüringen;false
043c021d02a721efc55725ce6bef82e028d8a78070bb788273d5c665718a5378;Glasfaser-Internet wird einfach kein Verkaufshit;https://www.zeit.de/news/2026-09/02/glasfaser-internet-wird-einfach-kein-verkaufshit;Hier finden Sie Informationen zu dem Thema „Fiber to the Home“. Lesen Sie jetzt „Glasfaser-Internet wird einfach kein Verkaufshit“.;Fiber to the Home;News, Fiber to the Home, Deutsche Telekom, Verkaufshit, Fiber, Aufnahmerate, Glasfaser, Breitbandverband, Haushalt;2026-09-02T14:48:06+02:00;2026-09-02T14:48:06+02:00;;dpa;false
9ce8d9bc9206a1e439e7f0640a295d3d85314da25636196852b0af44561fe57c;Schweizer Polizei bezeichnet Angriff in Aarau als Amoklauf;https://www.zeit.de/gesellschaft/zeitgeschehen/2026-09/schuesse-aargau-amoklauf-terror-kriminelles-milieu;Ein 43-jähriger Schweizer soll am Wochenende wahllos auf Besucher eines Raves geschossen haben. Die von ihm verwendeten Waffen waren laut Polizei auf ihn zugelassen.;Schüsse im Kanton Aargau;Gesellschaft, Schüsse im Kanton Aargau, Aarau, Aargau, Polizei, Angriff, Amoklauf;2026-09-02T14:47:34+02:00;2026-09-02T14:47:34+02:00;jsp;DIE ZEIT,        							jsp;false
05e954736e0139b36283bbbeceecddd4493a87806821faf3640cb6886e67c6fa;Einsätze von El Mala und Dallinga in Stuttgart fraglich;https://www.zeit.de/news/2026-09/02/einsaetze-von-el-mala-und-dallinga-in-stuttgart-fraglich;Hier finden Sie Informationen zu dem Thema „Fußball-Bundesliga“. Lesen Sie jetzt „Einsätze von El Mala und Dallinga in Stuttgart fraglich“.;Fußball-Bundesliga;News, Fußball-Bundesliga, El Mala, René Wagner, Stuttgart, 1. FC Köln, VfB Stuttgart, Fußball-Bundesliga, Auswärtsspiel;2026-09-02T14:46:31+02:00;2026-09-02T14:46:31+02:00;;dpa Nordrhein-Westfalen;false
77c3ca2865b42d8b50339a2acccb460451e455c1e70e8c5bf1faaa1b5ed8962e;Deutsche Marine testet erfolgreich weitreichende Rakete;https://www.zeit.de/news/2026-09/02/deutsche-marine-testet-erfolgreich-weitreichende-rakete;Hier finden Sie Informationen zu dem Thema „Rüstungsprojekte“. Lesen Sie jetzt „Deutsche Marine testet erfolgreich weitreichende Rakete“.;Rüstungsprojekte;News, Rüstungsprojekte, Jan Christian Kaack, Nordatlantik, Irland, Island, Israel, Russland, Deutsche Marine, Deutsche Presse-Agentur, Bundesregierung, Bundeswehr;2026-09-02T14:42:43+02:00;2026-09-02T14:42:43+02:00;;dpa;false
eb4a520a222d2a902ae8d3ea16256650dd23273ad5a38fcf3b22af977b93cba3;Ermittler finden Abschussvorrichtungen nach Störung an Umspannwerk;https://www.zeit.de/politik/deutschland/2026-09/umspannwerk-bergheim-koeln-stoerung-sabotage-stromleitung;Nach dem Vorfall an einem Umspannwerk bei Köln stoßen Ermittler in der Nähe auf Abschussvorrichtungen. Zuvor sprach der NRW-Innenminister von einem Sabotageverdacht.  ;Umspannwerk bei Bergheim;Politik, Umspannwerk bei Bergheim, Bergheim, Abschussvorrichtung, Umspannwerk, Störung;2026-09-02T14:42:30+02:00;2026-09-02T14:42:30+02:00;bda;DIE ZEIT,        dpa,        							bda;false
ff10eab957144eff0bbf911f8fe20a8ceba22f4f7c485312ec7aef7dcb4484d9;Explosion nahe Augsburgs Hauptbahnhof: Was wir wissen;https://www.zeit.de/news/2026-09/02/explosion-nahe-augsburgs-hauptbahnhof-was-wir-wissen;Hier finden Sie Informationen zu dem Thema „Polizeieinsatz“. Lesen Sie jetzt „Explosion nahe Augsburgs Hauptbahnhof: Was wir wissen“.;Polizeieinsatz;News, Polizeieinsatz, Augsburg, Polizei, Explosion, Hauptbahnhof, Polizeieinsatz, Bombenverdacht;2026-09-02T14:42:26+02:00;2026-09-02T14:42:26+02:00;;dpa;false
633073f707814b520c582df9c6b0b96e51ff92fe07b2c6430114f539ab4e04d2;Zwei Menschen bei Explosion in Bahnhofsnähe verletzt;https://www.zeit.de/news/2026-09/02/mehrere-verletzte-bei-explosion-nahe-augsburger-hauptbahnhof;Hier finden Sie Informationen zu dem Thema „Bombenalarm“. Lesen Sie jetzt „Zwei Menschen bei Explosion in Bahnhofsnähe verletzt“.;Bombenalarm;News, Bombenalarm, Polizei, Hauptbahnhof, Explosion, Polizeieinsatz;2026-09-02T14:41:58+02:00;2026-09-02T14:41:58+02:00;;dpa;false
66871e8e6cb23ec8c5498c891ab33d1fe8747923b53fe39ee7fcbbf250a17195;Wie macht er das?;https://www.zeit.de/feuilleton/2026-09/marcant-videos-soziale-medien-rechtsextremismus-sachsen-anhalt;Dem YouTuber Marcant gelingt in Sachsen-Anhalt, was vielen Medien missglückt: ein offener Austausch mit AfD-Anhängern und Extremisten. Wie macht er das?;"Z+ (abopflichtiger Inhalt);
        
    Marcant";Feuilleton, Marcant, Soziale Medien, Alternative für Deutschland, Landtagswahl, YouTube, Sachsen-Anhalt, Rechtsextremismus;2026-09-02T14:39:47+02:00;2026-09-02T14:39:47+02:00;Götz Hamann;;false
f4769a0ad8eb3544d85278da06c506907c92621601ba470e8e01f9e40116c408;Wie es um die Oberbürgermeister in Hessen steht;https://www.zeit.de/news/2026-09/02/wie-es-um-die-oberbuergermeister-in-hessen-steht;Hier finden Sie Informationen zu dem Thema „Dienstältester OB tritt ab“. Lesen Sie jetzt „Wie es um die Oberbürgermeister in Hessen steht“.;Dienstältester OB tritt ab;News, Dienstältester OB tritt ab, Claus Kaminsky, Sven Schoeller, Mann, Frankfurt, Wiesbaden, Darmstadt, Offenbach, Fulda, Marburg, Rüsselsheim;2026-09-02T14:38:27+02:00;2026-09-02T14:38:27+02:00;;dpa Hessen;false
832df04dfd306543526c3cdd479c36424215a5d8e54bf84253dc4f5835651551;Russland bestellt deutschen Geschäftsträger ein;https://www.zeit.de/politik/2026-09/moskau-deutscher-geschaeftstraeger-einbestellung-russland-diplomatie;Mit harten Worten reagieren die russischen Behörden auf die neuen Sanktionen der Bundesregierung. Das Außenministerium in Moskau spricht von »antirussischen Maßnahmen«.;Moskau;Politik, Moskau, Moskau;2026-09-02T14:35:36+02:00;2026-09-02T14:35:36+02:00;cth;DIE ZEIT,        AFP,        Reuters,        							cth;false
9073fab69e00f8f615b8dc17f6622c31ce8012caa5a5c8588d26c2d2cc7b08df;Polizei: Angriff bei Rave in der Schweiz war Amoklauf;https://www.zeit.de/news/2026-09/02/polizei-angriff-bei-rave-in-der-schweiz-war-amoklauf;Hier finden Sie Informationen zu dem Thema „Frau erschossen“. Lesen Sie jetzt „Polizei: Angriff bei Rave in der Schweiz war Amoklauf“.;Frau erschossen;News, Frau erschossen, Schweiz, Aargau, Polizei, Angriff, Amoklauf;2026-09-02T14:34:44+02:00;2026-09-02T14:34:44+02:00;;dpa;false
67321cf23f6bfe673bca22da777bafd90aed5ad3936bdbe4a8f65cd8a84a1c2d;Nach tödlicher Messerattacke sitzt 29-Jähriger in U-Haft;https://www.zeit.de/news/2026-09/02/nach-toedlicher-messerattacke-sitzt-29-jaehriger-in-u-haft;Hier finden Sie Informationen zu dem Thema „In Erkner“. Lesen Sie jetzt „Nach tödlicher Messerattacke sitzt 29-Jähriger in U-Haft“.;In Erkner;News, In Erkner, Jan Redmann, Brandenburg, Erkner, CDU, Polizei, Messerattacke;2026-09-02T14:33:28+02:00;2026-09-02T14:33:28+02:00;;dpa Berlin/Brandenburg;false
6e496e5014698eafa7d6f3709796f14f4cdcd87c990e4eed244881d46b668afe;Kita-Gesetz im Kabinett: Sprachtests und frühe Förderung;https://www.zeit.de/news/2026-09/02/prien-kita-gesetz-als-gamechanger-fuer-fruehe-bildung;Hier finden Sie Informationen zu dem Thema „Auf dem Weg zur Grundschule“. Lesen Sie jetzt „Kita-Gesetz im Kabinett: Sprachtests und frühe Förderung“.;Auf dem Weg zur Grundschule;News, Auf dem Weg zur Grundschule, Karin Prien, Berlin, CDU, Deutsche Presse-Agentur, Gamechanger, Grundschule, Bildungssystem;2026-09-02T14:32:23+02:00;2026-09-02T14:32:23+02:00;;dpa;false
1491e6d13e3093ad490e8e096dcd1b87930607a99f3bd110bdf0fe44bfa1c0da;Spitzenforschung für Landwirtschaft mit Millionen gefördert;https://www.zeit.de/news/2026-09/02/spitzenforschung-fuer-landwirtschaft-mit-millionen-gefoerdert;Hier finden Sie Informationen zu dem Thema „Anpassung an Klimawandel“. Lesen Sie jetzt „Spitzenforschung für Landwirtschaft mit Millionen gefördert“.;Anpassung an Klimawandel;News, Anpassung an Klimawandel, Spitzenforschung, Klimawandel, Trockenheit, Wetterextrem, Landwirtschaft, Hitze;2026-09-02T14:32:05+02:00;2026-09-02T14:32:05+02:00;;dpa Sachsen;false
7a1042d1fe2d66d6054e79940d187b141461f408af738df6a476fe97dafd83bd;Angriffe auf Stromnetz: Experte sieht neue Qualität;https://www.zeit.de/news/2026-09/02/angriffe-auf-stromnetz-experte-sieht-neue-qualitaet;Hier finden Sie Informationen zu dem Thema „Vorsorge stärken“. Lesen Sie jetzt „Angriffe auf Stromnetz: Experte sieht neue Qualität“.;Vorsorge stärken;News, Vorsorge stärken, Herbert Saurugg, Stromnetz, Angriff, Vorsorge, Stromversorgung, Attacke, Eskalationsspirale, Laufen, Sicherheit;2026-09-02T14:29:21+02:00;2026-09-02T14:29:21+02:00;;dpa Berlin/Brandenburg;false
caa908d6c4687a72df7dc4fc36aa14a66ffa63d2922c64f72ca862f3ff12a08f;Nach Motorradunfall auf B500: So will Polizei gegensteuern;https://www.zeit.de/news/2026-09/02/nach-motorradunfall-auf-b500-so-will-polizei-gegensteuern;Hier finden Sie Informationen zu dem Thema „Crash auf Schwarzwald-Route“. Lesen Sie jetzt „Nach Motorradunfall auf B500: So will Polizei gegensteuern“.;Crash auf Schwarzwald-Route;News, Crash auf Schwarzwald-Route, Offenbach, Landkreis Rastatt, Polizei, Motorradunfall, Unfall, Schwarzwaldhochstraße, Motorradstrecke;2026-09-02T14:29:10+02:00;2026-09-02T14:29:10+02:00;;dpa Baden-Württemberg;false
787c8b4eacdacaa146608ff4398c3b46ad2afe9840ba1b3b10dcb80f269a20ac;Briefwahlpanne in Vorpommern: Falsche Wahlscheine verschickt;https://www.zeit.de/news/2026-09/02/briefwahlpanne-in-vorpommern-falsche-wahlscheine-verschickt;Hier finden Sie Informationen zu dem Thema „Vor der Landtagswahl“. Lesen Sie jetzt „Briefwahlpanne in Vorpommern: Falsche Wahlscheine verschickt“.;Vor der Landtagswahl;News, Vor der Landtagswahl, Vorpommern, Landtagswahl, Briefwahlpanne, Wahlschein;2026-09-02T14:26:21+02:00;2026-09-02T14:26:21+02:00;;dpa Mecklenburg-Vorpommern;false
0c3d1b90d8eb775cb4f589e79f9109e80eb781ac4659e4889652467437822600;«Neue Qualität»: Wohin führt die Konfrontation mit Russland?;https://www.zeit.de/news/2026-09/02/kreml-erzuernt-ueber-deutsche-sanktionen-nach-drohnen-vorfall;Hier finden Sie Informationen zu dem Thema „Berlin gegen Moskau“. Lesen Sie jetzt „«Neue Qualität»: Wohin führt die Konfrontation mit Russland?“.;Berlin gegen Moskau;News, Berlin gegen Moskau, Wladimir Putin, Alexander Dobrindt, Friedrich Merz, Russland, Berlin, Moskau, Irland, Leipzig, Bonn, Nato;2026-09-02T14:24:12+02:00;2026-09-02T14:24:12+02:00;;dpa;false
4ac850ed331074c97375788b9e3bd30808524a458eed60ab7e61708132999237;Bergheim: Ermittler finden sechs Abschussvorrichtungen;https://www.zeit.de/news/2026-09/02/bergheim-ermittler-finden-sechs-abschussvorrichtungen;Hier finden Sie Informationen zu dem Thema „Kriminalität“. Lesen Sie jetzt „Bergheim: Ermittler finden sechs Abschussvorrichtungen“.;Kriminalität;News, Kriminalität, Bergheim, Köln, Abschussvorrichtung, Umspannwerk, Vorrichtung, Störung;2026-09-02T14:23:40+02:00;2026-09-02T14:23:40+02:00;;dpa;false
4cc91ae9e5d87ff554407d629c47e44b2c2c2f083a157d78fd7355969f2d0c5a;Frau erschlagen: Drei Jahre Haft für Lebensgefährten;https://www.zeit.de/news/2026-09/02/frau-erschlagen-drei-jahre-haft-fuer-lebensgefaehrten;Hier finden Sie Informationen zu dem Thema „Strafprozess“. Lesen Sie jetzt „Frau erschlagen: Drei Jahre Haft für Lebensgefährten“.;Strafprozess;News, Strafprozess, Düsseldorf, Strafprozess, Körperverletzung;2026-09-02T14:19:22+02:00;2026-09-02T14:19:22+02:00;;dpa Nordrhein-Westfalen;false
9a9606778f11cfd371442cd3c51011846f8e912fa13b4d451e7dfd36e7f40ef8;Jugendamt kannte Gefährder-Einstufung von Abdul B. nicht;https://www.zeit.de/news/2026-09/02/jugendamt-kannte-gefaehrder-einstufung-von-abdul-b-nicht;Hier finden Sie Informationen zu dem Thema „Anschlag beim CSD Berlin“. Lesen Sie jetzt „Jugendamt kannte Gefährder-Einstufung von Abdul B. nicht“.;Anschlag beim CSD Berlin;News, Anschlag beim CSD Berlin, Abdul B., Berlin, FDP, Christopher Street Day, Anschlag, Jugendamt, Familie;2026-09-02T14:18:17+02:00;2026-09-02T14:18:17+02:00;;dpa Berlin/Brandenburg;false
00fccbf035a0e6e19edc5933dd01ab8b7aa1a03f4eb656e8623a47d5d35d1673;Kaminsky übergibt Hanauer Finanzen an Nachfolger Bieri;https://www.zeit.de/news/2026-09/02/kaminsky-uebergibt-hanauer-finanzen-an-nachfolger-bieri;Hier finden Sie Informationen zu dem Thema „Kommunale Finanzen“. Lesen Sie jetzt „Kaminsky übergibt Hanauer Finanzen an Nachfolger Bieri“.;Kommunale Finanzen;News, Kommunale Finanzen, Claus Kaminsky, Maximilian Bieri, Hanau, SPD, Finanzen, Finanzgeschäft;2026-09-02T14:17:14+02:00;2026-09-02T14:17:14+02:00;;dpa Hessen;false
4e3f82c25df926e040a0403cd0ba6c1ebbbddcb77474ac345a03b52351c12174;Streit mit Samsung: Stadt darf erstmal keine iPads kaufen;https://www.zeit.de/news/2026-09/02/milliardenkonzern-verklagt-kommune-im-streit-um-neue-tablets;Hier finden Sie Informationen zu dem Thema „Lukrative Aufträge“. Lesen Sie jetzt „Streit mit Samsung: Stadt darf erstmal keine iPads kaufen“.;Lukrative Aufträge;News, Lukrative Aufträge, Thilo Waasem, Datteln, Ruhrgebiet, Apple, Oberlandesgericht Düsseldorf, Samsung, WAZ, iPad, Milliardenkonzern, Kommune;2026-09-02T14:16:48+02:00;2026-09-02T14:16:48+02:00;;dpa Nordrhein-Westfalen;false
4897d832f2fb5e9de4293a2403bc1b00a9e3b046d210059ffc83656ed26ef1cc;Thüringer BSW-Fraktion zerbricht – Höcke will Neuwahl;https://www.zeit.de/news/2026-09/02/thueringer-bsw-fraktion-verliert-drei-abgeordnete;Hier finden Sie Informationen zu dem Thema „Abspaltung im Landtag“. Lesen Sie jetzt „Thüringer BSW-Fraktion zerbricht – Höcke will Neuwahl“.;Abspaltung im Landtag;News, Abspaltung im Landtag, Sigrid Hupach, Dirk Hoffmeister, Roberto Kobelt, Matthias Herzog, Bündnis Sahra Wagenknecht, Abspaltung, Landtag, Koalition, Konflikt;2026-09-02T14:16:17+02:00;2026-09-02T14:16:17+02:00;;dpa;false
a00879f1eb54742d0e1cb2a0ea5bf258c3759f6d12fa7e7eba019c736cb95cd1;George Clooney: «Meine Zähne waren früher so viel schöner»;https://www.zeit.de/news/2026-09/02/george-clooney-meine-zaehne-waren-frueher-so-viel-schoener;Hier finden Sie Informationen zu dem Thema „Filmfestspiele“. Lesen Sie jetzt „George Clooney: «Meine Zähne waren früher so viel schöner»“.;Filmfestspiele;News, Filmfestspiele, George Clooney, Amal Clooney, Venedig, Internationale Filmfestspiele Venedig, Filmfestspiel, Zahn, Kino;2026-09-02T14:13:45+02:00;2026-09-02T14:13:45+02:00;;dpa;false
4e9f0eefafdb555ca3bb4df3e5e5be6969594486013b79568765cc651169289d;Flaute bei Azubis in Thüringen - nur im Handwerk nicht;https://www.zeit.de/news/2026-09/02/flaute-bei-azubis-in-thueringen-nur-im-handwerk-nicht;Hier finden Sie Informationen zu dem Thema „Berufsausbildung“. Lesen Sie jetzt „Flaute bei Azubis in Thüringen - nur im Handwerk nicht“.;Berufsausbildung;News, Berufsausbildung, Thüringen, Wachstedt, Eichsfeld, Flaute, Regionaldirektion, Berufsnachwuchs, Landesarbeitsagentur, Ausbildungsjahr;2026-09-02T14:12:55+02:00;2026-09-02T14:12:55+02:00;;dpa Thüringen;false
b2ba0ba4e571c87c8bb9d97c87aa228b38abe4e76a0b6d174197ca85a12b8893;Angriffe auf Stromversorgung - Ermittlungen wegen Sabotage;https://www.zeit.de/news/2026-09/02/angriffe-auf-stromversorgung-ermittlungen-wegen-sabotage;Hier finden Sie Informationen zu dem Thema „NRW und Brandenburg“. Lesen Sie jetzt „Angriffe auf Stromversorgung - Ermittlungen wegen Sabotage“.;NRW und Brandenburg;News, NRW und Brandenburg, Herbert Reul, Jan Redmann, Brandenburg, Südbrandenburg, Jänschwalde, Bergheim, Köln, Nordrhein-Westfalen, CDU, Stromversorgung;2026-09-02T14:12:25+02:00;2026-09-02T14:12:25+02:00;;dpa;false
6a141b390d22bb1a2909cb41e906a766ecc93c325e26b8ae1cac4e66bfa15a56;Gefälschte Finanzanlage: Ehepaar verliert rund 100.000 Euro;https://www.zeit.de/news/2026-09/02/gefaelschte-finanzanlage-ehepaar-verliert-rund-100-000-euro;Hier finden Sie Informationen zu dem Thema „Betrug“. Lesen Sie jetzt „Gefälschte Finanzanlage: Ehepaar verliert rund 100.000 Euro“.;Betrug;News, Betrug, Landkreis Regensburg, Polizei, Finanzanlage, Ehepaar, Finanzanlagenwerbung, Betrug;2026-09-02T14:11:49+02:00;2026-09-02T14:11:49+02:00;;dpa Bayern;false
124a22945f76e3fb8239fab75997b9078487305d6b3e1b220ed39dbc897563d9;Erneute Angriffe zwischen USA und Iran erschweren Diplomatie;https://www.zeit.de/news/2026-09/02/usa-und-iran-kaempfen-um-kontrolle-ueber-strasse-von-hormus;Hier finden Sie Informationen zu dem Thema „Iran-Krieg“. Lesen Sie jetzt „Erneute Angriffe zwischen USA und Iran erschweren Diplomatie“.;Iran-Krieg;News, Iran-Krieg, Donald Trump, USA, Iran, Jordanien, Kuwait, Bahrain, Gheschm, Bandar, Konarak, Tschabahar;2026-09-02T14:10:23+02:00;2026-09-02T14:10:23+02:00;;dpa;false
1fd7c3f687be92395ae8fd645b34ab2042650987ed7df5fd8c5d7cae61efa2b2;«Cooles NRW»: Köln testet Maßnahmen gegen Hitze;https://www.zeit.de/news/2026-09/02/cooles-nrw-koeln-testet-massnahmen-gegen-hitze;Hier finden Sie Informationen zu dem Thema „Folgen des Klimawandels“. Lesen Sie jetzt „«Cooles NRW»: Köln testet Maßnahmen gegen Hitze“.;Folgen des Klimawandels;News, Folgen des Klimawandels, Ina Scharrenbach, NRW, Köln, Nordrhein-Westfalen, Düsseldorf, Zurich Insurance, CDU, Klimawandel, Modellstadt, Investitionsfahrplan;2026-09-02T14:06:42+02:00;2026-09-02T14:06:42+02:00;;dpa Nordrhein-Westfalen;false
185ce4deea17f054c91e4583c90f52f0abacde17677748e2a8238a48f5f9b3ae;Nach Leipzig: Russland droht massives Sanktionspaket der EU;https://www.zeit.de/news/2026-09/02/polens-regierungschef-brand-in-drohnen-fabrik-war-sabotage;Hier finden Sie Informationen zu dem Thema „Außenministertreffen in Irland“. Lesen Sie jetzt „Nach Leipzig: Russland droht massives Sanktionspaket der EU“.;Außenministertreffen in Irland;News, Außenministertreffen in Irland, Donald Tusk, Polen, Warschau, Lublin, Skarzysko-Kamienna, Sabotage, Regierungsangabe, Rüstungsindustrie;2026-09-02T14:04:55+02:00;2026-09-02T14:04:55+02:00;;dpa;false
7d168e448a7378f3f3705075b92551d1a49f5e4118bdf4cbc031dbc8a3348760;Schulze kritisiert Siegmunds Pläne gegen Fachkräftemangel;https://www.zeit.de/news/2026-09/02/schulze-kritisiert-siegmunds-plaene-gegen-fachkraeftemangel;Hier finden Sie Informationen zu dem Thema „Wahlkampf“. Lesen Sie jetzt „Schulze kritisiert Siegmunds Pläne gegen Fachkräftemangel“.;Wahlkampf;News, Wahlkampf, Sven Schulze, Ulrich Siegmund, CDU, Alternative für Deutschland, Fachkräftemangel, Wahlkampf;2026-09-02T14:04:38+02:00;2026-09-02T14:04:38+02:00;;dpa Sachsen;false
6c1acdd57c2266c86186fc74401d1c6b4fe4fb17b708f660ac62f59357f3fbf7;Dresdner durchschwimmt Donau von Quelle bis Mündung;https://www.zeit.de/news/2026-09/02/dresdner-durchschwimmt-donau-von-quelle-bis-muendung;Hier finden Sie Informationen zu dem Thema „Extremsport“. Lesen Sie jetzt „Dresdner durchschwimmt Donau von Quelle bis Mündung“.;Extremsport;News, Extremsport, Joseph Heß, Markus Weinberg, Donau, Donaueschingen, Sulina, Crișan, Schwarzes Meer, Extremsport, Familie;2026-09-02T14:03:55+02:00;2026-09-02T14:03:55+02:00;;dpa Sachsen;false
a5e8ef87a70a6d7dd86c323a300368c5cacd9b734818d25afedccfa600e48264;1,5-Grad-Ziel war gestern. Jetzt gilt der Overshoot;https://www.zeit.de/wissenschaft/2026-09/klimaziel-vereinte-nationen-overshoot-klimapolitik;Das globale Klimaziel ist nicht zu halten. Wussten Sie schon? Aber jetzt sagen es auch die UN. Und skizzieren das Verfehlen gleich als vorübergehend. Wollen wir’s hoffen!;"Z+ (abopflichtiger Inhalt);
        
    Klimaziel der UN";Wissenschaft, Klimaziel der UN, Klimapolitik, Vereinte Nationen, CO2, Klimaschutz, Naturkatastrophe, Umweltschutz;2026-09-02T14:03:00+02:00;2026-09-02T14:03:00+02:00;Dr. Stefan Schmitt;;false
3db42548be0fdd2c44ed96405cc7df9217f53f244695b10e3bf580b913771dd9;Ehemaliger DDR-Fußballnationalspieler Eberhard Vogel gestorben;https://www.zeit.de/sport/2026-09/eberhard-vogel-fussball-ddr-fc-karl-marx-stadt-fc-carl-zeiss-jena-gxe;Der frühere Weltklasse-Linksaußen des FC Karl-Marx-Stadt und des FC Carl Zeiss Jena, Eberhard Vogel, ist tot. Als Nationalspieler vertrat Vogel die DDR auch bei Olympia.;Eberhard Vogel;Sport, Eberhard Vogel, Fußball, DDR, Jena, Chemnitz, FC Carl Zeiss Jena, Olympia;2026-09-02T14:00:18+02:00;2026-09-02T14:00:18+02:00;maw;DIE ZEIT,        dpa,        							maw;false
e4411d7e39ea4fdd7023dfaa89d656d39e3019f4cafe0fc87765c2d8af91899d;Bundeskabinett bringt Einkommensteuerreform auf den Weg;https://www.zeit.de/politik/deutschland/2026-09/einkommensteuerreform-bundeskabinett-schwarz-rote-koalition-entlastung-reichensteuer-gxe;Eine Anhebung des Grundfreibetrags und mehr Kindergeld: Das Kabinett hat die für 2028 geplante Steuerreform beschlossen. Lars Klingbeil ist offen für mehr Entlastungen.;Steuerreform;Politik, Steuerreform, Steuerreform, Einkommensteuer, Bundeskabinett, Lars Klingbeil, Einkommen, Kindergeld;2026-09-02T13:57:50+02:00;2026-09-02T13:57:50+02:00;voi;DIE ZEIT,        AFP,        dpa,        							voi;false
97ee57884a960204903116f1945d149a3493b788c7d428b6ee88057fd6180185;Frachter sinkt nach Kollision nahe Istanbul – Zehn Vermisste;https://www.zeit.de/news/2026-09/02/frachter-sinkt-nach-kollision-nahe-istanbul-zehn-vermisste;Hier finden Sie Informationen zu dem Thema „Schifffahrt“. Lesen Sie jetzt „Frachter sinkt nach Kollision nahe Istanbul – Zehn Vermisste“.;Schifffahrt;News, Schifffahrt, Istanbul, Marmarameer, Frachter, Kollision, Handelsschiff, Schiff;2026-09-02T13:57:24+02:00;2026-09-02T13:57:24+02:00;;dpa;false
b6a61633e03b67ab4898290390f0af1c1479c45fcdcbccca419e52216ebc1e5c;Duell Schulze vs. Siegmund – AfD will Geheimdienst umbauen;https://www.zeit.de/news/2026-09/02/duell-schulze-vs-siegmund-afd-will-geheimdienst-umbauen;Hier finden Sie Informationen zu dem Thema „Vor der Wahl in Sachsen-Anhalt“. Lesen Sie jetzt „Duell Schulze vs. Siegmund – AfD will Geheimdienst umbauen“.;Vor der Wahl in Sachsen-Anhalt;News, Vor der Wahl in Sachsen-Anhalt, Ulrich Siegmund, Sven Schulze, Sachsen, Sachsen-Anhalt, Alternative für Deutschland, Geheimdienst, CDU, Landtagswahl in Sachsen, Landesverfassungsschutz;2026-09-02T13:56:46+02:00;2026-09-02T13:56:46+02:00;;dpa;false
fe32d21cc568c3766717c5f52610c530fe508433f3fd331f8533abecd0bb6a50;Drei Abgeordnete verlassen Thüringer BSW-Fraktion;https://www.zeit.de/politik/deutschland/2026-09/drei-abgeordnete-verlassen-thueringer-bsw-fraktion;Die mitregierende BSW-Fraktion verliert im Thüringer Landtag drei Abgeordnete. Die Mehrheitsverhältnisse verschieben sich dadurch zugunsten der Opposition.;Thüringen;Politik, Thüringen, Thüringen, Bündnis Sahra Wagenknecht, Landtag, Opposition, Landtagswahl in Thüringen, Sahra Wagenknecht;2026-09-02T13:55:58+02:00;2026-09-02T13:55:58+02:00;voi;DIE ZEIT,        dpa,        							voi;false
d5d9b094651f476cdb58bec0815369da8ea1d2d2cacf884e6a34e2820a2f8636;Karin Prien will durch Kita-Gesetz frühe Bildung verbessern;https://www.zeit.de/politik/deutschland/2026-09/kita-gesetz-karin-prien-cdu-tests-foerderung-personal-gxe;Die Bundesfamilienministerin plant frühkindliche Sprach- und Entwicklungstests. Kitas mit vielen Kindern aus schweren Lebensumständen sollen besonders gefördert werden.;Kita-Gesetz;Politik, Kita-Gesetz, Karin Prien, Kindertagesstätte, Kinder, Bildung, Bildungspolitik, CDU;2026-09-02T13:49:31+02:00;2026-09-02T13:49:31+02:00;bam;DIE ZEIT,        dpa,        							bam;false
ad00bfdebf0c50c1f5f9a95e3ccf314b907b850d16c823bb8cb40edf43d7947a;Neue Opel-Zentrale in Rüsselsheim wächst;https://www.zeit.de/news/2026-09/02/neue-opel-zentrale-in-ruesselsheim-waechst;Hier finden Sie Informationen zu dem Thema „Autobauer“. Lesen Sie jetzt „Neue Opel-Zentrale in Rüsselsheim wächst“.;Autobauer;News, Autobauer, Rüsselsheim, Stellanti, Opel, Mutterkonzern, Autoindustrie;2026-09-02T13:47:46+02:00;2026-09-02T13:47:46+02:00;;dpa Hessen;false
4a67c45892e148c5eb3bca468f2fb2584a8fd859a3c47ff88c3cba36fa6adfe4;Söder zeichnet Johannes B. Kerner mit «Blauem Panther» aus;https://www.zeit.de/news/2026-09/02/soeder-zeichnet-johannes-b-kerner-mit-blauem-panther-aus;Hier finden Sie Informationen zu dem Thema „Medien“. Lesen Sie jetzt „Söder zeichnet Johannes B. Kerner mit «Blauem Panther» aus“.;Medien;News, Medien, Johannes B. Kerner, Markus Söder, CSU, Medienauszeichnung;2026-09-02T13:46:46+02:00;2026-09-02T13:46:46+02:00;;dpa Bayern;false
4681317a4e12b5859ff8ae350b3b61ce20244f800d94b3ba4b5e7b284b4abfae;EU genehmigt deutsche Milliarden für Gaskraftwerke;https://www.zeit.de/wirtschaft/2026-09/gaskraftwerke-foerderung-eu-kommission-deutschland-milliarden-gxe;In Deutschland sollen in den kommenden fünf Jahren zahlreiche neue Gaskraftwerke entstehen. Die EU hat die milliardenschwere Unterstützung für das Vorhaben bewilligt.;Förderung von Gaskraftwerken;Wirtschaft, Förderung von Gaskraftwerken, Energieversorgung, Energiewende, Energiekosten, Energiepolitik, Europäische Union, Erneuerbare Energien;2026-09-02T13:43:03+02:00;2026-09-02T13:43:03+02:00;bda;DIE ZEIT,        dpa,        							bda;false
0a5ff9c7acc329980ae0719eb8f79b35f724775a817fad8e1dbdcb70f45d7400;Bub verklemmt Fuß im E-Bike - Hubschrauber muss kommen;https://www.zeit.de/news/2026-09/02/bub-verklemmt-fuss-im-e-bike-hubschrauber-muss-kommen;Hier finden Sie Informationen zu dem Thema „Schwer verletzt“. Lesen Sie jetzt „Bub verklemmt Fuß im E-Bike - Hubschrauber muss kommen“.;Schwer verletzt;News, Schwer verletzt, Tandemfahrt, Hubschrauber;2026-09-02T13:41:33+02:00;2026-09-02T13:41:33+02:00;;dpa Bayern;false
ed4b62a3d53321589e197da27e7308f6ce90361ad792f42194cea692b1ddc057;BSW-Spitze kritisiert Austritte in Thüringen;https://www.zeit.de/news/2026-09/02/bsw-spitze-kritisiert-austritte-in-thueringen;Hier finden Sie Informationen zu dem Thema „«Wollen maximal schaden»“. Lesen Sie jetzt „BSW-Spitze kritisiert Austritte in Thüringen“.;«Wollen maximal schaden»;News, «Wollen maximal schaden», Thüringen, Sachsen-Anhalt, Bündnis Sahra Wagenknecht, Austritt, Kritik;2026-09-02T13:39:32+02:00;2026-09-02T13:39:32+02:00;;dpa Thüringen;false
02961bc41f19d56c34c5f13b9f73618b2b1f2bdb25c40caa89cbd1201f16ceda;Lohnt sich das Pilzesuchen? - Wetter laut Bund entscheidend;https://www.zeit.de/news/2026-09/02/lohnt-sich-das-pilzesuchen-wetter-laut-bund-entscheidend;Hier finden Sie Informationen zu dem Thema „Suche im Wald“. Lesen Sie jetzt „Lohnt sich das Pilzesuchen? - Wetter laut Bund entscheidend“.;Suche im Wald;News, Suche im Wald, Berlin, Brandenburg, BUND, Bund für Umwelt und Naturschutz, Pilzesuche, Sommerpilzsaison, Trockenheit, Wetter, Wald;2026-09-02T13:38:10+02:00;2026-09-02T13:38:10+02:00;;dpa Berlin/Brandenburg;false
0b2d02a415797b8744b9fc352a0fc15d1e41a816087e690417587dc9719379b0;Steuerreform kommt in Gang - Was soll sie bringen?;https://www.zeit.de/news/2026-09/02/steuerreform-im-kabinett-was-soll-sich-aendern;Hier finden Sie Informationen zu dem Thema „Finanzen“. Lesen Sie jetzt „Steuerreform kommt in Gang - Was soll sie bringen?“.;Finanzen;News, Finanzen, Lars Klingbeil, USA, North Carolina, SPD, G20, Treffen, Steuerreform, Gezerre, Einkommensteuer, Koalition;2026-09-02T13:37:30+02:00;2026-09-02T13:37:30+02:00;;dpa;false
b0b921e48f1fd211c9429ddef8c54a9dcebee85e6acd8e40cc629dacb8e33063;War es Terror? Polizei ermittelt nach Sabotage am Stromnetz;https://www.zeit.de/news/2026-09/02/stromnetz-sabotage-polizei-ermittelt-wegen-terrorverdacht;Hier finden Sie Informationen zu dem Thema „Anschlag auf das Stromnetz“. Lesen Sie jetzt „War es Terror? Polizei ermittelt nach Sabotage am Stromnetz“.;Anschlag auf das Stromnetz;News, Anschlag auf das Stromnetz, Südbrandenburg, Polizei, Terrorverdacht, Stromnetz, Sabotage, Kraftwerk;2026-09-02T13:36:59+02:00;2026-09-02T13:36:59+02:00;;dpa Berlin/Brandenburg;false
4b77b6bd5c2565978d18f1d61b79e844084447468ee4b1c96dc4948c859562c9;Bilder des Tages;https://www.zeit.de/news/2026-09/02/bilder-des-tages;Hier finden Sie Informationen zu dem Thema „Fotografie“. Lesen Sie jetzt „Bilder des Tages“.;Fotografie;News, Fotografie, News;2026-09-02T13:35:11+02:00;2026-09-02T13:35:11+02:00;;dpa;false
11819aef8c4131b1c8a5ebc7c83fa813c25d12d6580b71ee0120a7823714d033;An Reformplänen für Lehrerausbildung entzündet sich Kritik;https://www.zeit.de/news/2026-09/02/hessen-plant-rascheren-berufseinstieg-angehender-lehrer;Hier finden Sie Informationen zu dem Thema „Landtag“. Lesen Sie jetzt „An Reformplänen für Lehrerausbildung entzündet sich Kritik“.;Landtag;News, Landtag, Hessen, Wiesbadener Landtag, GEW, Berufseinstieg, Lehrerausbildung, Landtag, Referendariat, Studium;2026-09-02T13:34:00+02:00;2026-09-02T13:34:00+02:00;;dpa Hessen;false
660b0179d5e6823e9f929613f7eea4a30f752c1f2329ed2c0e7b6958918addd8;Proteste bei AfD-Termin in Neukölln;https://www.zeit.de/news/2026-09/02/proteste-bei-afd-termin-in-neukoelln;Hier finden Sie Informationen zu dem Thema „Wahlkampf“. Lesen Sie jetzt „Proteste bei AfD-Termin in Neukölln“.;Wahlkampf;News, Wahlkampf, Neukölln, Berlin, FPÖ, Alternative für Deutschland, Wahlkampftermin, Wahlkampf;2026-09-02T13:33:50+02:00;2026-09-02T13:33:50+02:00;;dpa Berlin/Brandenburg;false
e9ae10f6223a4822c4e3fdb7b14e598731f1b59e0a8d5994cf072e818883ac19;Schulze: Im Duell gegen Siegmund habe ich Erfolg;https://www.zeit.de/news/2026-09/02/schulze-im-duell-gegen-siegmund-habe-ich-erfolg;Hier finden Sie Informationen zu dem Thema „Wahlen“. Lesen Sie jetzt „Schulze: Im Duell gegen Siegmund habe ich Erfolg“.;Wahlen;News, Wahlen, Ulrich Siegmund, Sven Schulze, Alternative für Deutschland, CDU, Erfolg, Wahlkampf;2026-09-02T13:33:25+02:00;2026-09-02T13:33:25+02:00;;dpa Sachsen;false
26b3e051405e3febdd17ce46e238cdaa291a78628db732c8755312bbd307c9c7;AfD in weiterer Umfrage deutlich vor der CDU;https://www.zeit.de/news/2026-09/02/afd-in-weiterer-umfrage-deutlich-vor-der-cdu;Hier finden Sie Informationen zu dem Thema „Landtagswahl in Sachsen-Anhalt“. Lesen Sie jetzt „AfD in weiterer Umfrage deutlich vor der CDU“.;Landtagswahl in Sachsen-Anhalt;News, Landtagswahl in Sachsen-Anhalt, FDP, Alternative für Deutschland, CDU, SPD, Bündnis Sahra Wagenknecht, Landtagswahl in Sachsen, Umfrage;2026-09-02T13:30:30+02:00;2026-09-02T13:30:30+02:00;;dpa Sachsen;false
b86688725cc247a2f46761ea8cb25c63eef2ade18d73e224611ba3770a64b267;Voss-Tecklenburg scheidet aus Fortuna-Aufsichtsrat aus;https://www.zeit.de/news/2026-09/02/voss-tecklenburg-scheidet-aus-fortuna-aufsichtsrat-aus;Hier finden Sie Informationen zu dem Thema „Fußball“. Lesen Sie jetzt „Voss-Tecklenburg scheidet aus Fortuna-Aufsichtsrat aus“.;Fußball;News, Fußball, Martina Voss-Tecklenburg, Tecklenburg, Düsseldorf, Fortuna Düsseldorf, Frauenteam;2026-09-02T13:30:17+02:00;2026-09-02T13:30:17+02:00;;dpa Nordrhein-Westfalen;false
aa53fbc02ae33b5fa561853a97a0735d68bb0008322487527450cac421aac393;Handwerker bringen Senior um 19.500 Euro;https://www.zeit.de/news/2026-09/02/handwerker-bringen-senior-um-19-500-euro;Hier finden Sie Informationen zu dem Thema „Betrug“. Lesen Sie jetzt „Handwerker bringen Senior um 19.500 Euro“.;Betrug;News, Betrug, Mann, Heide, Kreis Dithmarschen, Polizei, Betrug;2026-09-02T13:25:55+02:00;2026-09-02T13:25:55+02:00;;dpa Hamburg/Schleswig-Holstein;false
86ea27bf716113d435e3d9af7760c15995f9e309d8253cba74bb3da6d2e5b9cc;Geisterfahrer prallt frontal gegen Transporter;https://www.zeit.de/news/2026-09/02/geisterfahrer-prallt-frontal-gegen-transporter;Hier finden Sie Informationen zu dem Thema „Unfall“. Lesen Sie jetzt „Geisterfahrer prallt frontal gegen Transporter“.;Unfall;News, Unfall, Transporter, Unfall, Bundesstraße, Fahrzeug;2026-09-02T13:23:22+02:00;2026-09-02T13:23:22+02:00;;dpa Bayern;false
2494133e056aad64a41b572c67c1e21c09169374d91ca7ac2ea0eeea6b6849a1;ICE-Tür während der Fahrt geöffnet – Polizei sucht Täter;https://www.zeit.de/news/2026-09/02/ice-tuer-oeffnet-sich-waehrend-der-fahrt-nothalt-in-tunnel;Hier finden Sie Informationen zu dem Thema „Großeinsatz“. Lesen Sie jetzt „ICE-Tür während der Fahrt geöffnet – Polizei sucht Täter“.;Großeinsatz;News, Großeinsatz, Bundespolizei, Nothalt, Tunnel, Waggontür, ICE, Großeinsatz;2026-09-02T13:19:00+02:00;2026-09-02T13:19:00+02:00;;dpa;false
5f01e475ae08758159891900aaf69972eb1b8754d18969be1d9162697f39b243;Terror in Südbrandenburg? Polizei ermittelt nach Sabotage;https://www.zeit.de/news/2026-09/02/terror-in-suedbrandenburg-polizei-ermittelt-nach-sabotage;Hier finden Sie Informationen zu dem Thema „Anschlag auf das Stromnetz“. Lesen Sie jetzt „Terror in Südbrandenburg? Polizei ermittelt nach Sabotage“.;Anschlag auf das Stromnetz;News, Anschlag auf das Stromnetz, Jan Redmann, Südbrandenburg, Jänschwalde, Brandenburg, Polizei, CDU, Sabotage, Stromnetz, Umspannwerk, Sprengstoffexplosion;2026-09-02T13:17:51+02:00;2026-09-02T13:17:51+02:00;;dpa;false
871cc5701e24558a0f90e7ed52f9c2134e7a0a9a62b18fb04ebdd87f34f417e8;Jäger im Westerwald durch Schuss tödlich verletzt;https://www.zeit.de/news/2026-09/02/jaeger-im-westerwald-durch-schuss-toedlich-verletzt;Hier finden Sie Informationen zu dem Thema „Auf Hochsitz getroffen“. Lesen Sie jetzt „Jäger im Westerwald durch Schuss tödlich verletzt“.;Auf Hochsitz getroffen;News, Auf Hochsitz getroffen, Westerwald, Staatsanwaltschaft, Dürrholz, Jagdunfall;2026-09-02T13:17:09+02:00;2026-09-02T13:17:09+02:00;;dpa Rheinland-Pfalz/Saarland;false
ae65d60d363947808172b56b9cf61980b9a215ef91b8f1a3eb32b2e9e1e56b01;Erneut Warnstreiks an Seehäfen in Bremen und Niedersachsen;https://www.zeit.de/news/2026-09/02/erneut-warnstreiks-an-seehaefen-in-bremen-und-niedersachsen;Hier finden Sie Informationen zu dem Thema „Tarifverhandlung“. Lesen Sie jetzt „Erneut Warnstreiks an Seehäfen in Bremen und Niedersachsen“.;Tarifverhandlung;News, Tarifverhandlung, Bremerhaven, Wilhelmshaven, Bremen, Niedersachsen, Brake, Ver.di, Seehafen, Tarifverhandlung, Warnstreik;2026-09-02T13:17:06+02:00;2026-09-02T13:17:06+02:00;;dpa Niedersachsen;false
50039123bb7f9fd1043b49cd35318de3bf97ec4e3ddd08a118939d6790472bd8;Zukunftssorgen dämpfen Kinderwunsch junger Menschen;https://www.zeit.de/gesellschaft/2026-09/kinderwunsch-junge-erwachsene-bundesinstitut-bevoelkerungsforschung-gxe;Weniger junge Männer und Frauen planen, Kinder zu bekommen. Laut Bevölkerungsforschern liegt das vor allem an den wachsenden Sorgen um Demokratie und Klimawandel.   ;Demografie;Gesellschaft, Demografie, Kinderwunsch, Demografie, Geburtenrate, Statistik, Bevölkerungswachstum, Klimawandel;2026-09-02T13:16:01+02:00;2026-09-02T13:16:01+02:00;liw;DIE ZEIT,        dpa,        epd,        							liw;false
55df73904db4a5fe721810a4c1fc680ef6f31e8bb74261b44d9d63bfe3c6cebe;Feste und Feiern: Das bringt der Herbst für Rheinland-Pfalz;https://www.zeit.de/news/2026-09/02/feste-und-feiern-das-bringt-der-herbst-fuer-rheinland-pfalz;Hier finden Sie Informationen zu dem Thema „Festsaison“. Lesen Sie jetzt „Feste und Feiern: Das bringt der Herbst für Rheinland-Pfalz“.;Festsaison;News, Festsaison, Kaiserslautern, Boppard, Bad Breisig, Speyer, Pfalz, Neustadt an der Weinstraße, Rheinland-Pfalz, Rhein, Weinfest, Festsaison;2026-09-02T13:14:32+02:00;2026-09-02T13:14:32+02:00;;dpa Rheinland-Pfalz/Saarland;false
d8fe385b114c11b648f9cbf51df205da89c3aeaa78a19605feb1ab4284345874;Chemas Abschied vom VfB: Hohe Ablöse, sportlicher Verlust;https://www.zeit.de/news/2026-09/02/chemas-abschied-vom-vfb-hohe-abloese-sportlicher-verlust;Hier finden Sie Informationen zu dem Thema „Fußball-Bundesliga“. Lesen Sie jetzt „Chemas Abschied vom VfB: Hohe Ablöse, sportlicher Verlust“.;Fußball-Bundesliga;News, Fußball-Bundesliga, Fabian Wohlgemuth, Chema Andrés, Chema André, Stuttgart, VfB Stuttgart, Fußball-Bundesliga, Champions League, Ablöse, Albio;2026-09-02T13:13:53+02:00;2026-09-02T13:13:53+02:00;;dpa Baden-Württemberg;false
4f0fdd2fce99f9383395db5d9673047c7d2923a623a2d900b5dfea3700b7ed7e;Schüsse auf Gewerbehof - zwei Tote und ein Schwerverletzter;https://www.zeit.de/news/2026-09/01/groesserer-polizeieinsatz-in-hamburg;Hier finden Sie Informationen zu dem Thema „Kriminalität“. Lesen Sie jetzt „Schüsse auf Gewerbehof - zwei Tote und ein Schwerverletzter“.;Kriminalität;News, Kriminalität, Hamburg, Polizeieinsatz, Lagerstraße;2026-09-02T13:12:52+02:00;2026-09-02T13:12:52+02:00;;dpa;false
77e0ffd056c083d8a1c615dac5d530e54ecb9d5836a698ccb70f3affc0bf6542;Mann nach mutmaßlichen Schussverletzungen außer Lebensgefahr;https://www.zeit.de/news/2026-09/02/mann-nach-mutmasslichen-schussverletzungen-ausser-lebensgefahr;Hier finden Sie Informationen zu dem Thema „Seevetal“. Lesen Sie jetzt „Mann nach mutmaßlichen Schussverletzungen außer Lebensgefahr“.;Seevetal;News, Seevetal, Seevetal, Polizei, Schussverletzung, Lebensgefahr;2026-09-02T13:11:33+02:00;2026-09-02T13:11:33+02:00;;dpa Hamburg/Schleswig-Holstein;false
49889a3280142ec94cecc02f90ee47fa9bb8967795a82f129ab4f7af528dad88;Trampolinhalle nach Feuer teilweise einsturzgefährdet;https://www.zeit.de/news/2026-09/02/trampolinhalle-nach-feuer-teilweise-einsturzgefaehrdet;Hier finden Sie Informationen zu dem Thema „Flammen auf dem Dach“. Lesen Sie jetzt „Trampolinhalle nach Feuer teilweise einsturzgefährdet“.;Flammen auf dem Dach;News, Flammen auf dem Dach, Würzburg, Polizei, Trampolinhalle;2026-09-02T13:10:05+02:00;2026-09-02T13:10:05+02:00;;dpa Bayern;false
06fd4181edc70097618b251c1dc84e7a955f830646f68be1d1aacf2f046716ae;Millionensumme für Modellprojekte gegen Wohnungslosigkeit;https://www.zeit.de/news/2026-09/02/millionensumme-fuer-modellprojekte-gegen-wohnungslosigkeit;Hier finden Sie Informationen zu dem Thema „Landtag“. Lesen Sie jetzt „Millionensumme für Modellprojekte gegen Wohnungslosigkeit“.;Landtag;News, Landtag, Heike Hofmann, Hessen, Wiesbadener Landtag, SPD, Wohnungslosigkeit, Millionensumme, Modellprojekt, Landtag;2026-09-02T13:09:01+02:00;2026-09-02T13:09:01+02:00;;dpa Hessen;false
a077e13f4e65b5dc4a2c2c9b599c69365af3eda4de54ca3507c564673d89e2ff;Pele wollte ihn als Sturmpartner: Eberhard Vogel gestorben;https://www.zeit.de/news/2026-09/02/pele-wollte-ihn-als-sturmpartner-eberhard-vogel-gestorben;Hier finden Sie Informationen zu dem Thema „Trauerfall“. Lesen Sie jetzt „Pele wollte ihn als Sturmpartner: Eberhard Vogel gestorben“.;Trauerfall;News, Trauerfall, Eberhard Vogel, Pele Vogel, Hans Meyer, Brasilien, Jena, DDR, Chemnitz, FC Santos, Carl Zeiss, FC Carl Zeiss Jena;2026-09-02T13:08:40+02:00;2026-09-02T13:08:40+02:00;;dpa Berlin/Brandenburg;false
972f6b0b276ac3bd7adf6a26453f0ae5caded37a56a4ee2eb06771f4701908d6;Staatskapelle Dresden tourt durch Europa;https://www.zeit.de/news/2026-09/02/staatskapelle-dresden-tourt-durch-europa;Hier finden Sie Informationen zu dem Thema „Musik“. Lesen Sie jetzt „Staatskapelle Dresden tourt durch Europa“.;Musik;News, Musik, Dresden, Europa, Sächsische Staatskapelle Dresden, Staatskapelle, Saisonbeginn;2026-09-02T13:05:49+02:00;2026-09-02T13:05:49+02:00;;dpa Sachsen;false
efb6f0dfa66a9bc91252b6a30bd1f5d6fbd65293739f183f1845752002a1c73c;Fabian Hambüchen von Partnerin getrennt;https://www.zeit.de/news/2026-09/02/fabian-hambuechen-von-partnerin-getrennt;Hier finden Sie Informationen zu dem Thema „Beziehungsaus“. Lesen Sie jetzt „Fabian Hambüchen von Partnerin getrennt“.;Beziehungsaus;News, Beziehungsaus, Fabian Hambüchen, Beziehungsaus, Karriereende;2026-09-02T13:04:02+02:00;2026-09-02T13:04:02+02:00;;dpa Hessen;false
a9881206fcec17a382c0843d57f6a7e88d63be285c48477ef53bb76a850fe41d;Mann soll Schwägerin getötet haben und sitzt in U-Haft;https://www.zeit.de/news/2026-09/02/mann-soll-schwaegerin-getoetet-haben-und-sitzt-in-u-haft;Hier finden Sie Informationen zu dem Thema „Bei Streit in Mönchengladbach“. Lesen Sie jetzt „Mann soll Schwägerin getötet haben und sitzt in U-Haft“.;Bei Streit in Mönchengladbach;News, Bei Streit in Mönchengladbach, Mönchengladbach, Polizei;2026-09-02T13:03:36+02:00;2026-09-02T13:03:36+02:00;;dpa Nordrhein-Westfalen;false
eb8b145eb8b1bf424628c03892c3e44a5fad5544778a23e2965637862c273dd0;KI-Boom treibt Preise für Smartphones und Konsolen nach oben;https://www.zeit.de/news/2026-09/02/ki-boom-treibt-preise-fuer-smartphones-und-konsolen-nach-oben;Hier finden Sie Informationen zu dem Thema „Technikmesse IFA“. Lesen Sie jetzt „KI-Boom treibt Preise für Smartphones und Konsolen nach oben“.;Technikmesse IFA;News, Technikmesse IFA, Alexander Dehmel, Smartphone, Konsole, Technikmesse, Elektronikgerät, künstliche Intelligenz, Gaming, Hardware;2026-09-02T13:02:51+02:00;2026-09-02T13:02:51+02:00;;dpa;false
64e748ce33006f84925975724f53ca063a566b406ac0a606aa9befa5ff2ef46b;Senior verletzt sich mit Messer – Supermarkt evakuiert;https://www.zeit.de/news/2026-09/02/senior-verletzt-sich-mit-messer-supermarkt-evakuiert;Hier finden Sie Informationen zu dem Thema „Karlsruhe“. Lesen Sie jetzt „Senior verletzt sich mit Messer – Supermarkt evakuiert“.;Karlsruhe;News, Karlsruhe, Karlsruhe, Supermarkt;2026-09-02T13:02:24+02:00;2026-09-02T13:02:24+02:00;;dpa Baden-Württemberg;false
0b12e1c5c25b2ec2ecd975ee7412f582682f29ec569405e2ec233e245eca6998;Verdi ruft zu 48-Stunden-Warnstreik im Hamburger Hafen auf;https://www.zeit.de/news/2026-09/02/verdi-ruft-zu-48-stunden-warnstreik-im-hamburger-hafen-auf;Hier finden Sie Informationen zu dem Thema „Tarifstreit um Löhne“. Lesen Sie jetzt „Verdi ruft zu 48-Stunden-Warnstreik im Hamburger Hafen auf“.;Tarifstreit um Löhne;News, Tarifstreit um Löhne, Hamburg, Bremerhaven, Wilhelmshaven, Hamburger Hafen, Löhne, Bremen, Brake, Containerterminal Burchardkai, Ver.di, Tarifrunde;2026-09-02T13:00:57+02:00;2026-09-02T13:00:57+02:00;;dpa Hamburg/Schleswig-Holstein;false
22c91bb92ecc5f1fbb0ed2abd5edaf1ee714f84694c3e20fb650b9e0e943965b;Bundesbank-Präsident erwartet mehr Wirtschaftswachstum;https://www.zeit.de/news/2026-09/02/bundesbank-praesident-erwartet-mehr-wirtschaftswachstum;Hier finden Sie Informationen zu dem Thema „Konjunktur“. Lesen Sie jetzt „Bundesbank-Präsident erwartet mehr Wirtschaftswachstum“.;Konjunktur;News, Konjunktur, Joachim Nagel, Deutsche Bundesbank, Le Monde, Wirtschaftswachstum;2026-09-02T13:00:33+02:00;2026-09-02T13:00:33+02:00;;dpa;false
e4f9d231126f18e0e6032de7743e44b739665b107c2a46f19b8f26242c4a18a5;Senat: Rund 62.000 neue Schulplätze durch Schulbauoffensive;https://www.zeit.de/news/2026-09/02/senat-rund-62-000-neue-schulplaetze-durch-schulbauoffensive;Hier finden Sie Informationen zu dem Thema „Bessere Schulen“. Lesen Sie jetzt „Senat: Rund 62.000 neue Schulplätze durch Schulbauoffensive“.;Bessere Schulen;News, Bessere Schulen, Berlin, Berliner Senat, Schulbauoffensive, Schulplatz, Senat, Bildungsverwaltung;2026-09-02T12:57:07+02:00;2026-09-02T12:57:07+02:00;;dpa Berlin/Brandenburg;false
7e0acb396ed422694aa079d6831927393b94b321e88105210a43d4bcc02c799d;Sie suchen den Exit aus dem Schuldenwunder;https://www.zeit.de/wirtschaft/2026-08/japan-finanzkrise-wirtschaft-usa-waehrung-yen;Japan galt als Beweis, dass ein Staat auch mit der höchsten Schuldenquote der Welt erfolgreich wirtschaften kann. Nun könnte der Weg in einer Finanzkrise enden.;"Z+ (abopflichtiger Inhalt);
        
    Japan";Wirtschaft, Japan, Japan, Tokio, IWF, Europäische Union, Leitzins, Schulden;2026-09-02T12:56:52+02:00;2026-09-02T12:56:52+02:00;Felix Lill;;false
a7c3fd9d108db24d7fd0a62e91035327f4c9d38324261aa89fcb9e290d386790;Straubing Tigers mehrere Wochen ohne Sturmneuzugang;https://www.zeit.de/news/2026-09/02/straubing-tigers-mehrere-wochen-ohne-sturmneuzugang;Hier finden Sie Informationen zu dem Thema „Deutsche Eishockey Liga“. Lesen Sie jetzt „Straubing Tigers mehrere Wochen ohne Sturmneuzugang“.;Deutsche Eishockey Liga;News, Deutsche Eishockey Liga, Taro Jentzsch, Straubing, Straubing Tigers, DEL, Sturmneuzugang, Eishockey;2026-09-02T12:55:15+02:00;2026-09-02T12:55:15+02:00;;dpa Bayern;false
1b513657c65224f43a607384bf31620d0f842f4c64b3ae4b5f90677bfb134c80;Ach, war das alles mal schön;https://www.zeit.de/2026/37/das-wasser-im-august-ingo-schulze-ddr-jugend-roman;Ingo Schulze hat einen nostalgischen Roman über die Jugend in der DDR geschrieben. Echte Fragen hat er nicht.;"Z+ (abopflichtiger Inhalt);
        
    »Das Wasser im August« von Ingo Schulze";Feuilleton, »Das Wasser im August« von Ingo Schulze, Ingo Schulze, Autor, DDR, Buchrezension, Jugendliche, Literatur, Liebe;2026-09-02T12:54:47+02:00;2026-09-02T12:54:47+02:00;Tobias Lehmkuhl;Aus der        ZEIT Nr. 37/2026;false
79de0351a7325f0d2f72b7cb945c133dcd4d9284bcc303c83b64caf4e29f2464;Bischof Timmerevers erklärt altersbedingten Rücktritt;https://www.zeit.de/news/2026-09/02/bischof-timmerevers-verzichtet-auf-sein-amt;Hier finden Sie Informationen zu dem Thema „Kirchen“. Lesen Sie jetzt „Bischof Timmerevers erklärt altersbedingten Rücktritt“.;Kirchen;News, Kirchen, Heinrich Timmerevers, Meißen, Amtsverzicht;2026-09-02T12:54:47+02:00;2026-09-02T12:54:47+02:00;;dpa Sachsen;false
69055b8991799a48e6187694119bc6652e84209ac618ed09dc8b4848df8c06fa;So rettet man die kindliche Neugier;https://www.zeit.de/familie/2026-09/kindliche-neugier-kinder-ki-chatbots-entdeckergeist;Kinder sollen die Welt erkunden. Doch KI-Chatbots, die jede Antwort liefern, stehen dem entgegen. Experten verraten, wie man den Entdeckergeist von Kindern bewahren kann.;"Z+ (abopflichtiger Inhalt);
        
    Kindliche Neugier";Familie, Kindliche Neugier, Kinder, Psychologie, Chatbot, künstliche Intelligenz, Pädagogik, Technologie;2026-09-02T12:53:08+02:00;2026-09-02T12:53:08+02:00;Helena Düll;;false
bb7f77da40c2bffa4cb0f63c86d5c1c661b2f8366082cb5c67e583ea91e3e48f;50 Grad, kein Schatten, der Boden hartgebrannt wie Ton;https://www.zeit.de/politik/ausland/2026-08/hitze-irak-klimwandel-zukunft-deutschland;Mehr noch als Gewalt und Zerstörung hat unseren Autor als Kriegsreporter die Hitze im Irak mitgenommen. »Wir warten nur auf unseren Tod«, sagen ihm Menschen, die er traf.;"Z+ (abopflichtiger Inhalt);
        
    Hitze";Politik, Hitze, Irak, Klimakrise, Hitzewelle, Hitze, RKI, Klimapolitik;2026-09-02T12:52:41+02:00;2026-09-02T12:52:41+02:00;Daniel Etter;;false
c6fa3d92f7467e4138e281102691f8657f669c36e38e5a5b148b9fd2522525cc;U-Boot für Israel hat Kieler Hafen verlassen;https://www.zeit.de/news/2026-09/02/u-boot-fuer-israel-hat-kieler-hafen-verlassen;Hier finden Sie Informationen zu dem Thema „«Dolphin»-Klasse“. Lesen Sie jetzt „U-Boot für Israel hat Kieler Hafen verlassen“.;«Dolphin»-Klasse;News, «Dolphin»-Klasse, Kiel, Nord-Ostsee-Kanal, Tauchboot, Werft, Militär;2026-09-02T12:51:43+02:00;2026-09-02T12:51:43+02:00;;dpa Hamburg/Schleswig-Holstein;false
a1a679a25da22f9ca7a6b1d0701f15e689824246cc463469ea4040235cc3c6f4;Mainzer Transferkniff: Marco Richter darf noch wechseln;https://www.zeit.de/news/2026-09/02/mainzer-transferkniff-marco-richter-darf-noch-wechseln;Hier finden Sie Informationen zu dem Thema „Fußball-Bundesliga“. Lesen Sie jetzt „Mainzer Transferkniff: Marco Richter darf noch wechseln“.;Fußball-Bundesliga;News, Fußball-Bundesliga, Marco Richter, Niko Bungert, 1. FSV Mainz, Fußball-Bundesliga, Transferkniff, Profifußball, Wechselmöglichkeit;2026-09-02T12:50:15+02:00;2026-09-02T12:50:15+02:00;;dpa Rheinland-Pfalz/Saarland;false
4ef9e5a82136235650c6a047f5e7959dcb59b596a6b6f75837a76ae953469d21;Ehemaliger DDR-Ausnahmefußballer Eberhard Vogel gestorben;https://www.zeit.de/news/2026-09/02/ehemaliger-ddr-ausnahmefussballer-eberhard-vogel-gestorben;Hier finden Sie Informationen zu dem Thema „Trauerfall“. Lesen Sie jetzt „Ehemaliger DDR-Ausnahmefußballer Eberhard Vogel gestorben“.;Trauerfall;News, Trauerfall, Eberhard Vogel, DDR, Jena, Chemnitz, FC Carl Zeiss Jena, Trauerfall, Familie;2026-09-02T12:49:26+02:00;2026-09-02T12:49:26+02:00;;dpa Thüringen;false
23ca73088110c5eb0aefcf57b094a8b0208ae030d3ef251f2c906450313e5c38;1. FC Köln verleiht Bakatukanda zum VfL Osnabrück;https://www.zeit.de/news/2026-09/02/1-fc-koeln-verleiht-bakatukanda-zum-vfl-osnabrueck;Hier finden Sie Informationen zu dem Thema „2. Fußball-Bundesliga“. Lesen Sie jetzt „1. FC Köln verleiht Bakatukanda zum VfL Osnabrück“.;2. Fußball-Bundesliga;News, 2. Fußball-Bundesliga, Elias Bakatukanda, Linz, 1. FC Köln, VfL Osnabrück, Fußball;2026-09-02T12:46:19+02:00;2026-09-02T12:46:19+02:00;;dpa Niedersachsen;false
3d891761ebede5815934a5e02ba0eb42118e395abce1f4f2a8cc25393667db2a;Höcke kündigt Antrag auf Neuwahl des Landtags an;https://www.zeit.de/news/2026-09/02/hoecke-kuendigt-antrag-auf-neuwahl-des-landtags-an;Hier finden Sie Informationen zu dem Thema „Thüringer Landtag“. Lesen Sie jetzt „Höcke kündigt Antrag auf Neuwahl des Landtags an“.;Thüringer Landtag;News, Thüringer Landtag, Mario Voigt, Björn Höcke, Thüringen, Bündnis Sahra Wagenknecht, Alternative für Deutschland, CDU, Landtag, Turbulenz;2026-09-02T12:44:53+02:00;2026-09-02T12:44:53+02:00;;dpa Thüringen;false
0860ae49e1dcef83eb5e535b738bd05dca693cb7152d4b21a11cbf8dd64f7484;Transperson in Neukölln angegriffen und beleidigt;https://www.zeit.de/news/2026-09/02/transperson-in-neukoelln-angegriffen-und-beleidigt;Hier finden Sie Informationen zu dem Thema „Kriminalität“. Lesen Sie jetzt „Transperson in Neukölln angegriffen und beleidigt“.;Kriminalität;News, Kriminalität, Neukölln, Berlin-Neukölln;2026-09-02T12:41:00+02:00;2026-09-02T12:41:00+02:00;;dpa Berlin/Brandenburg;false
51aeb520633205b56d402d43970453ee406ca3acd4d614b88d0bbec9f3cdecce;Mehr als 2.000 Ausbildungsplätze in Sachsen-Anhalt unbesetzt;https://www.zeit.de/news/2026-09/02/mehr-als-2-000-ausbildungsplaetze-in-sachsen-anhalt-unbesetzt;Hier finden Sie Informationen zu dem Thema „Ausbildungsmarkt“. Lesen Sie jetzt „Mehr als 2.000 Ausbildungsplätze in Sachsen-Anhalt unbesetzt“.;Ausbildungsmarkt;News, Ausbildungsmarkt, Sachsen-Anhalt, Bundesagentur für Arbeit, Ausbildungsplatz, Ausbildungsmarkt, Ausbildungsjahr, Regionaldirektion, Arbeitsagentur;2026-09-02T12:38:33+02:00;2026-09-02T12:38:33+02:00;;dpa Sachsen;false
d6bceb3d105cb83e1c61e189cde6d0b3db55d360f6cbd33f756081305456241f;Brandbrief aus der schleswig-holsteinischen SPD;https://www.zeit.de/news/2026-09/02/brandbrief-aus-der-schleswig-holsteinischen-spd;Hier finden Sie Informationen zu dem Thema „Reformpolitik des Bundes“. Lesen Sie jetzt „Brandbrief aus der schleswig-holsteinischen SPD“.;Reformpolitik des Bundes;News, Reformpolitik des Bundes, Enrico Tokar, Dithmarschen, Schleswig-Flensburg, SPD, Bundesregierung, Brandbrief, Kreisverband, Gegenwind, Reformvorhaben, Stormar;2026-09-02T12:34:33+02:00;2026-09-02T12:34:33+02:00;;dpa Hamburg/Schleswig-Holstein;false
b72b75e9253e107f9037dc62056cb536b1df9c2cce7cf0b187ff2bef38004e80;Warnstreik der Pflegekräfte an der Charité;https://www.zeit.de/news/2026-09/02/warnstreik-der-pflegekraefte-an-der-charit;Hier finden Sie Informationen zu dem Thema „Tarifverhandlungen“. Lesen Sie jetzt „Warnstreik der Pflegekräfte an der Charité“.;Tarifverhandlungen;News, Tarifverhandlungen, Charité, Ver.di, Pflegekraft, Tarifverhandlung, Frühschicht, Samstagfrüh, Warnstreik;2026-09-02T12:33:49+02:00;2026-09-02T12:33:49+02:00;;dpa Berlin/Brandenburg;false
646932287b1372dc4cc52afca9a379c8b559fbba6e7bdf777d2d1ad967a2a4bc;Niedersachsen: Werden um jeden VW-Standort kämpfen;https://www.zeit.de/news/2026-09/02/volkswagen-zwischen-spardruck-und-zukunftsangst;Hier finden Sie Informationen zu dem Thema „Sparpläne bei Volkswagen“. Lesen Sie jetzt „Niedersachsen: Werden um jeden VW-Standort kämpfen“.;Sparpläne bei Volkswagen;News, Sparpläne bei Volkswagen, Oliver Blume, Wolfsburg, Europa, Volkswagen, Deutsche Presse-Agentur, Spardruck, Zukunftsangst, Krise, Sparmaßnahme;2026-09-02T12:33:07+02:00;2026-09-02T12:33:07+02:00;;dpa;false
3869f14f4adfff9218c87d56afaa9b56a3ce51eb5c674642798871d3a8d18d0a;AfD-Wahlplakat zeigt Brinker neben Willy Brandt;https://www.zeit.de/news/2026-09/02/afd-wahlplakat-zeigt-brinker-neben-willy-brandt;Hier finden Sie Informationen zu dem Thema „Wahl zum Abgeordnetenhaus“. Lesen Sie jetzt „AfD-Wahlplakat zeigt Brinker neben Willy Brandt“.;Wahl zum Abgeordnetenhaus;News, Wahl zum Abgeordnetenhaus, Willy Brandt, Kristin Brinker, Berlin, Alternative für Deutschland, Deutsche Presse-Agentur, Abgeordnetenhaus, Wahlplakat;2026-09-02T12:29:25+02:00;2026-09-02T12:29:25+02:00;;dpa Berlin/Brandenburg;false
4960b6e3b9e4a0d6d1eca7400b9b809d73f66ce8420411c3b4962a2e44780d57;Taktisches Manöver? Hugo Boss beendet Aktienrückkauf;https://www.zeit.de/news/2026-09/02/taktisches-manoever-hugo-boss-beendet-aktienrueckkauf;Hier finden Sie Informationen zu dem Thema „Briten wollen Boss“. Lesen Sie jetzt „Taktisches Manöver? Hugo Boss beendet Aktienrückkauf“.;Briten wollen Boss;News, Briten wollen Boss, Stephan Sturm, Hugo Boss, Aktienrückkaufprogramm, Modekonzern, Manöver, Aktienhandel, Aktien;2026-09-02T12:29:14+02:00;2026-09-02T12:29:14+02:00;;dpa;false
dcaa8483d43e8d4ccbb2903e39466e98f1211e444af5037c4f2b661f313a2574;Ermittler vernetzen sich nach Angriffen auf Umspannwerke;https://www.zeit.de/news/2026-09/02/ermittler-vernetzen-sich-nach-angriffen-auf-umspannwerke;Hier finden Sie Informationen zu dem Thema „Kritische Infrastruktur“. Lesen Sie jetzt „Ermittler vernetzen sich nach Angriffen auf Umspannwerke“.;Kritische Infrastruktur;News, Kritische Infrastruktur, Reutlingen, Brandenburg, Nordrhein-Westfalen, LKA, Umspannwerk, Angriff, Sabotageversuch;2026-09-02T12:26:52+02:00;2026-09-02T12:26:52+02:00;;dpa Baden-Württemberg;false
c561b8887ae5be8841f6c3161b8cc687f3967d246cdb1e1248e72873c43e6665;Wenn die Zukunftsangst den Kinderwunsch dämpft;https://www.zeit.de/news/2026-09/02/sorgen-um-krieg-und-demokratie-kinderwunsch-gesunken;Hier finden Sie Informationen zu dem Thema „Geburtenrate“. Lesen Sie jetzt „Wenn die Zukunftsangst den Kinderwunsch dämpft“.;Geburtenrate;News, Geburtenrate, Mann, Kinderwunsch, Geburtenrate, Bevölkerungsforschung, Zukunftssorge;2026-09-02T12:25:56+02:00;2026-09-02T12:25:56+02:00;;dpa;false
3dca3bbaea7219329a62da8dbee64fc8942a695649ca8465e22354bd5e94446b;Mann stürzt beim Fahrradschieben – mit 3,81 Promille;https://www.zeit.de/news/2026-09/02/mann-stuerzt-beim-fahrradschieben-mit-3-81-promille;Hier finden Sie Informationen zu dem Thema „Notfälle“. Lesen Sie jetzt „Mann stürzt beim Fahrradschieben – mit 3,81 Promille“.;Notfälle;News, Notfälle, Fahrradschieben, Notfall;2026-09-02T12:25:49+02:00;2026-09-02T12:25:49+02:00;;dpa Niedersachsen;false
06ca4aa3048d066fc2e2f865122e9e8a430f5e6a1121bf40f71e2098ef623d11;Anfangsverdacht verfassungsfeindlicher Sabotage an Umspannwerk in NRW;https://www.zeit.de/politik/deutschland/2026-09/anfangsverdacht-verfassungsfeindlicher-sabotage-an-umspannwerk-in-nrw;Der NRW-Innenminister sieht einen Verdacht auf »verfassungsfeindliche Sabotage« eines Umspannwerks bei Köln. Fünf Kraftwerksblöcke mussten vom Netz genommen werden.;Umspannwerk bei Bergheim;Politik, Umspannwerk bei Bergheim, Nordrhein-Westfalen, Kohlekraftwerk, Stromversorgung, Herbert Reul, Ermittlung, Polizei;2026-09-02T12:23:49+02:00;2026-09-02T12:23:49+02:00;voi;DIE ZEIT,        dpa,        AFP,        							voi;false
4034323ec88c5ae25e1f499726876e618c3671cdfa0b7985713a659ea770f90d;Orlopp mahnt Unicredit: «Wir sollten es nicht vermasseln»;https://www.zeit.de/news/2026-09/02/orlopp-mahnt-unicredit-wir-sollten-es-nicht-vermasseln;Hier finden Sie Informationen zu dem Thema „Dax-Konzern vor Übernahme“. Lesen Sie jetzt „Orlopp mahnt Unicredit: «Wir sollten es nicht vermasseln»“.;Dax-Konzern vor Übernahme;News, Dax-Konzern vor Übernahme, Bettina Orlopp, Andrea Orcel, Frankfurt, Commerzbank, Unicredit, Übernahme, Dax;2026-09-02T12:23:06+02:00;2026-09-02T12:23:06+02:00;;dpa;false
dfaeb0aced13ac083d8566b635f7f7273735ce19c99c5b06901d3e2969831c9a;150.000 Menschen unterstützen demokratische Vereine;https://www.zeit.de/news/2026-09/02/150-000-menschen-unterstuetzen-demokratische-vereine;Hier finden Sie Informationen zu dem Thema „Unterschriftenaktion“. Lesen Sie jetzt „150.000 Menschen unterstützen demokratische Vereine“.;Unterschriftenaktion;News, Unterschriftenaktion, Mecklenburg-Vorpommern, Sachsen-Anhalt, Unterschriftenaktion;2026-09-02T12:22:49+02:00;2026-09-02T12:22:49+02:00;;dpa Mecklenburg-Vorpommern;false
d126c07d01fa3431a7664abafce7e3026e200a31524a7392739ca86e46e8d52f;Hilfsorganisation Arche Nova bereitet Einsatz in Nepal vor;https://www.zeit.de/news/2026-09/02/hilfsorganisation-arche-nova-bereitet-einsatz-in-nepal-vor;Hier finden Sie Informationen zu dem Thema „Naturkatastrophen“. Lesen Sie jetzt „Hilfsorganisation Arche Nova bereitet Einsatz in Nepal vor“.;Naturkatastrophen;News, Naturkatastrophen, Nepal, Himalaya, Arche Nova, Hilfsorganisation, Sturzflut, Hilfseinsatz, Wiederaufbau, Nothilfefonds, Naturkatastrophe;2026-09-02T12:22:37+02:00;2026-09-02T12:22:37+02:00;;dpa Sachsen;false
e6a235b24e8f552c51b1bdd5c74936ac64838ab7dbea23fd1cb50e0e5bdaa46d;Klage gegen AfD-Abgeordnete: Beschwerde der Ermittler;https://www.zeit.de/news/2026-09/02/klage-gegen-afd-abgeordnete-beschwerde-der-ermittler;Hier finden Sie Informationen zu dem Thema „Verfahren wegen X-Posts“. Lesen Sie jetzt „Klage gegen AfD-Abgeordnete: Beschwerde der Ermittler“.;Verfahren wegen X-Posts;News, Verfahren wegen X-Posts, Vanessa Behrendt, Göttingen, Alternative für Deutschland, Staatsanwaltschaft, Beschwerde, Anklage;2026-09-02T12:21:43+02:00;2026-09-02T12:21:43+02:00;;dpa Niedersachsen;false
3fd5598266a7ec04dc44574cb42e53c31ab968dc4efc2dadc55a8a203874dc7d;Mann in München angeschossen - Verdächtige flüchten;https://www.zeit.de/news/2026-09/02/mann-in-muenchen-angeschossen-verdaechtige-fluechten;Hier finden Sie Informationen zu dem Thema „Versuchtes Tötungsdelikt“. Lesen Sie jetzt „Mann in München angeschossen - Verdächtige flüchten“.;Versuchtes Tötungsdelikt;News, Versuchtes Tötungsdelikt, Mann, München, Polizei, Tötungsdelikt;2026-09-02T12:19:40+02:00;2026-09-02T12:19:40+02:00;;dpa Bayern;false
f90e727fcf7e5c7ac9425ab24c9d81b88f1d03ac59a1667ab9541adbc2f1cff7;Versuchter Mord an Ehefrau: Angeklagter zeigt Reue;https://www.zeit.de/news/2026-09/02/messerattacke-auf-ehefrau-prozessstart-in-kiel;Hier finden Sie Informationen zu dem Thema „Prozess vor Landgericht“. Lesen Sie jetzt „Versuchter Mord an Ehefrau: Angeklagter zeigt Reue“.;Prozess vor Landgericht;News, Prozess vor Landgericht, Ulrike Nützelmann, Neumünster, Kiel, Landgericht Kiel, Messerattacke, Prozessstart, Messerangriff, Landgericht;2026-09-02T12:19:18+02:00;2026-09-02T12:19:18+02:00;;dpa Hamburg/Schleswig-Holstein;false
b7ba4b4528f8540685666198adc28aa7c40a7a7151d2fe60ee4198d4de68b4ed;Brandenburger Polizei ermittelt wegen Terrorverdachts;https://www.zeit.de/politik/deutschland/2026-09/umspannwerk-in-brandenburg-polizei-ermittelt-wegen-terrorverdachts;Wer die Kurzschlüsse am Umspannwerk in Turnow-Preilack herbeigeführt hat, ist weiter unklar. Die Polizei ermittelt wegen Bildung einer terroristischen Vereinigung.;Jänschwalde;Politik, Jänschwalde, Brandenburg, Ermittlung, Terrorismus, Polizei, Stromversorgung, Innenministerium;2026-09-02T12:19:13+02:00;2026-09-02T12:19:13+02:00;jsp;DIE ZEIT,        AFP,        							jsp;false
e186d266694e854c9f430f421fd30e04a688e3af93261c6748a914dacbdda269;Viele Polizeibekannte in Kölner Bleiberechtsprojekt;https://www.zeit.de/news/2026-09/02/viele-polizeibekannte-in-koelner-bleiberechtsprojekt;Hier finden Sie Informationen zu dem Thema „Ausländerpolitik“. Lesen Sie jetzt „Viele Polizeibekannte in Kölner Bleiberechtsprojekt“.;Ausländerpolitik;News, Ausländerpolitik, Verena Schäffer, Irak, Westbalkan, Nordrhein-Westfalen, Coesfeld, Unna, Köln, Bleiberechtsprojekt, Ausländerpolitik, Sondersitzung;2026-09-02T12:18:08+02:00;2026-09-02T12:18:08+02:00;;dpa Nordrhein-Westfalen;false
4681317a4e12b5859ff8ae350b3b61ce20244f800d94b3ba4b5e7b284b4abfae;EU genehmigt deutsche Milliarden für Gaskraftwerke;https://www.zeit.de/news/2026-09/02/eu-genehmigt-deutsche-milliarden-fuer-gaskraftwerke;Hier finden Sie Informationen zu dem Thema „Energieversorgung“. Lesen Sie jetzt „EU genehmigt deutsche Milliarden für Gaskraftwerke“.;Energieversorgung;News, Energieversorgung, Europäische Union, Milliardenpaket, Energieversorgung, Gaskraftwerk;2026-09-02T12:14:16+02:00;2026-09-02T12:14:16+02:00;;dpa;false
3a2ab0ef96073ba597fa73b3ab8e493a3460bf99a302266908b21d316f8486a4;A9-Unfall: Beifahrer tot, Fahrer und Kind schwer verletzt;https://www.zeit.de/news/2026-09/02/a9-unfall-beifahrer-tot-fahrer-und-kind-schwer-verletzt;Hier finden Sie Informationen zu dem Thema „Unfälle“. Lesen Sie jetzt „A9-Unfall: Beifahrer tot, Fahrer und Kind schwer verletzt“.;Unfälle;News, Unfälle, Sandersdorf-Brehna, Anhalt-Bitterfeld, Unfall, Auffahrunfall, Auto;2026-09-02T12:14:10+02:00;2026-09-02T12:14:10+02:00;;dpa Sachsen;false
b924a8e56e78f80ee2a4011d33e236f0d1d05b6f4fbe20a8a3060417cd5466c6;Weniger fränkische Äpfel - aber wohlschmeckend;https://www.zeit.de/news/2026-09/02/weniger-fraenkische-aepfel-aber-wohlschmeckend;Hier finden Sie Informationen zu dem Thema „Obst“. Lesen Sie jetzt „Weniger fränkische Äpfel - aber wohlschmeckend“.;Obst;News, Obst, Apfel, Trockenheit;2026-09-02T12:13:42+02:00;2026-09-02T12:13:42+02:00;;dpa Bayern;false
e028b870877915ddb7f27a66c1382227da4e746823f052f560a5c3abdffd8563;Wie ist die Stromversorgung geschützt und wer greift sie an?;https://www.zeit.de/news/2026-09/02/wie-ist-die-stromversorgung-geschuetzt-und-wer-greift-sie-an;Hier finden Sie Informationen zu dem Thema „Kritische Infrastruktur“. Lesen Sie jetzt „Wie ist die Stromversorgung geschützt und wer greift sie an?“.;Kritische Infrastruktur;News, Kritische Infrastruktur, Ingbert Liebing, Brandenburg, Berlin, Russland, Bergheim, Köln, VKU, Bundesinnenministerium, Bundesnetzagentur, Stromversorgung;2026-09-02T12:12:28+02:00;2026-09-02T12:12:28+02:00;;dpa;false
583897ddae0a261b843b053e7ad00f6ef2dbc3db63c80e7c3f8cd45438a67e96;«Cyrano von Bergerac»-Regisseur Jean-Paul Rappeneau ist tot;https://www.zeit.de/news/2026-09/02/cyrano-von-bergerac-regisseur-jean-paul-rappeneau-ist-tot;Hier finden Sie Informationen zu dem Thema „Todesfall“. Lesen Sie jetzt „«Cyrano von Bergerac»-Regisseur Jean-Paul Rappeneau ist tot“.;Todesfall;News, Todesfall, Jean-Paul Rappeneau, Catherine Deneuve, Yves Montand, Bergerac, Todesfall, Kino, Familie, Erfolg;2026-09-02T12:09:39+02:00;2026-09-02T12:09:39+02:00;;dpa;false
88f2a4bddac15d556162cb5553f07ec6028eb3b46a2f80d8ae0b1a7132fa6b74;Johann Wadephul dringt auf weitere EU-Sanktionen gegen Russland;https://www.zeit.de/politik/ausland/2026-09/drohnenangriff-leipzig-halle-russland-sanktionen-michael-wadephul-kaja-kallas-gxe;Die EU-Außenminister beraten über neue Strafmaßnahmen gegen Russland. Das Land müsse nach dem Vorfall in Leipzig jetzt mit den Konsequenzen leben, sagt Johann Wadephul. ;Drohnenangriff bei Leipzig;Politik, Drohnenangriff bei Leipzig, Russland, Drohnenangriff, Johann Wadephul, Leipzig, Europäische Union, Sanktion, Flughafen;2026-09-02T12:05:19+02:00;2026-09-02T12:05:19+02:00;bda;DIE ZEIT,        dpa,        Reuters,        AFP,        							bda;false
7620f246c8abcf2eaaca3747e1b439e4a8d03bdaa147ce85d3821c7e1547aa67;Nach Dänemark: 1. FC Köln leiht Abwehrtalent Pauli aus;https://www.zeit.de/news/2026-09/02/nach-daenemark-1-fc-koeln-leiht-abwehrtalent-pauli-aus;Hier finden Sie Informationen zu dem Thema „Fußball“. Lesen Sie jetzt „Nach Dänemark: 1. FC Köln leiht Abwehrtalent Pauli aus“.;Fußball;News, Fußball, Julian Pauli, Dänemark, 1. FC Köln, Odense BK, Fußball;2026-09-02T12:04:32+02:00;2026-09-02T12:04:32+02:00;;dpa Nordrhein-Westfalen;false
da907d83661b513f78bde3bcffcc8d6f082f2d75c3f2d5a00c263189438fab76;Auseinandersetzung dutzender Männer - Kopfverletzung;https://www.zeit.de/news/2026-09/02/auseinandersetzung-dutzender-maenner-kopfverletzung;Hier finden Sie Informationen zu dem Thema „Junge Männer am Tatort“. Lesen Sie jetzt „Auseinandersetzung dutzender Männer - Kopfverletzung“.;Junge Männer am Tatort;News, Junge Männer am Tatort, Mann, Polizei, Kopfverletzung, Auseinandersetzung, Tatort;2026-09-02T12:03:39+02:00;2026-09-02T12:03:39+02:00;;dpa Niedersachsen;false
3de90924cdc87e595837c00ea58f44438bc53223ec01c5cdf3044b84330bd8ec;Kind bei Unwetter im Südwesten von Ast erschlagen;https://www.zeit.de/news/2026-09/02/kind-bei-unwetter-im-suedwesten-von-ast-erschlagen;Hier finden Sie Informationen zu dem Thema „Ermittlungen nach Sturm“. Lesen Sie jetzt „Kind bei Unwetter im Südwesten von Ast erschlagen“.;Ermittlungen nach Sturm;News, Ermittlungen nach Sturm, Staatsanwaltschaft, Südwesten, Unwetter;2026-09-02T12:02:50+02:00;2026-09-02T12:02:50+02:00;;dpa Baden-Württemberg;false
c23353e5c2d9490a1f3e07e711b5a9e4aaf9a23b9391dbb937c3078eb693999a;Kommunale Firmen: Kritische Infrastruktur besser schützen;https://www.zeit.de/news/2026-09/02/kommunale-firmen-kritische-infrastruktur-besser-schuetzen;Hier finden Sie Informationen zu dem Thema „Stromnetz“. Lesen Sie jetzt „Kommunale Firmen: Kritische Infrastruktur besser schützen“.;Stromnetz;News, Stromnetz, Ingbert Liebing, Südbrandenburg, NRW, VKU, Verband kommunaler Unternehmen, Polizei, Stromnetz, Infrastruktur, Sabotage, Sicherheit;2026-09-02T12:01:43+02:00;2026-09-02T12:01:43+02:00;;dpa Berlin/Brandenburg;false
c9c7becaf9b94bd18d219b35ed299a071ed9dfe244c9a6f12d53f18578eea263;Steuerzahlerbund: Wahlkampf von Regierungshandeln trennen;https://www.zeit.de/news/2026-09/02/steuerzahlerbund-wahlkampf-von-regierungshandeln-trennen;Hier finden Sie Informationen zu dem Thema „Vor der Landtagswahl in MV“. Lesen Sie jetzt „Steuerzahlerbund: Wahlkampf von Regierungshandeln trennen“.;Vor der Landtagswahl in MV;News, Vor der Landtagswahl in MV, Sascha Mummenhoff, Bund der Steuerzahler, Landtagswahl, Regierungshandeln, Fördermittelbescheid, Spatenstich, Landesregierung, Wahlkampf;2026-09-02T11:58:39+02:00;2026-09-02T11:58:39+02:00;;dpa Mecklenburg-Vorpommern;false
a4936f621d3c46f118b830460c07fe7f6a238f763116919bd65f11e137732569;Per Leihe nach Istanbul: Bitshiabu verlässt RB Leipzig;https://www.zeit.de/news/2026-09/02/per-leihe-nach-istanbul-bitshiabu-verlaesst-rb-leipzig;Hier finden Sie Informationen zu dem Thema „Fußball-Transfers“. Lesen Sie jetzt „Per Leihe nach Istanbul: Bitshiabu verlässt RB Leipzig“.;Fußball-Transfers;News, Fußball-Transfers, Leroy Sané, Istanbul, Türkei, Leipzig, Galatasaray Istanbul, RB Leipzig, Vertragsgespräch;2026-09-02T11:56:00+02:00;2026-09-02T11:56:00+02:00;;dpa Sachsen;false
24f987543552c1e3a1682952b6d27f1ee5a313de6fa1460c461b5c6a383391ba;Abtrünnige Thüringer BSWler gründen neue Partei;https://www.zeit.de/news/2026-09/02/abtruennige-thueringer-bswler-gruenden-neue-partei;Hier finden Sie Informationen zu dem Thema „Abspaltung im Landtag“. Lesen Sie jetzt „Abtrünnige Thüringer BSWler gründen neue Partei“.;Abspaltung im Landtag;News, Abspaltung im Landtag, Dirk Hoffmeister, Bündnis Sahra Wagenknecht, Abspaltung, Landtag;2026-09-02T11:55:21+02:00;2026-09-02T11:55:21+02:00;;dpa Thüringen;false
8beaf13a3b0f32bca42d6a88573e5b9fac53af84808a400b0cbf8b5237e032c9;Insolventer Discounter: Hälfte der Filialen wird fortgeführt;https://www.zeit.de/news/2026-09/02/insolventer-discounter-haelfte-der-filialen-wird-fortgefuehrt;Hier finden Sie Informationen zu dem Thema „Einzelhandel“. Lesen Sie jetzt „Insolventer Discounter: Hälfte der Filialen wird fortgeführt“.;Einzelhandel;News, Einzelhandel, Ostdeutschland, Thüringen, Discounterkette, Einzelhandel, Discounter, Insolvenz;2026-09-02T11:54:40+02:00;2026-09-02T11:54:40+02:00;;dpa Berlin/Brandenburg;false
c01b1c237d67562c58a39be820d851d33e35a443d240325dc03ce8baa4c2d9bd;Armin Mueller-Stahl erhält «Goldene Henne» für Lebenswerk;https://www.zeit.de/news/2026-09/02/armin-mueller-stahl-erhaelt-goldene-henne-fuer-lebenswerk;Hier finden Sie Informationen zu dem Thema „Publikumspreis“. Lesen Sie jetzt „Armin Mueller-Stahl erhält «Goldene Henne» für Lebenswerk“.;Publikumspreis;News, Publikumspreis, Leipzig, DDR, Hubert Burda Media, Goldene Henne, Lebenswerk, Publikumspreis, Stahl, Hollywood, Kino;2026-09-02T11:54:17+02:00;2026-09-02T11:54:17+02:00;;dpa;false
9e6bd9b45dc2da3a81b1a3a014eac0c90636a91286c4fd7e0e7edfcaadfc7c0b;Bergheim: Ermittlungen wegen verfassungsfeindlicher Sabotage;https://www.zeit.de/news/2026-09/02/bergheim-ermittlungen-wegen-verfassungsfeindlicher-sabotage;Hier finden Sie Informationen zu dem Thema „Kriminalität“. Lesen Sie jetzt „Bergheim: Ermittlungen wegen verfassungsfeindlicher Sabotage“.;Kriminalität;News, Kriminalität, Bergheim, Köln, Sabotage, Umspannwerk, Oberleitung, Ermittlung, Störung;2026-09-02T11:53:18+02:00;2026-09-02T11:53:18+02:00;;dpa;false
0f0ab8d2c3fe74b545915cedededc2b8192e1942fd6f17c7482aec1680d63c33;ICE-Tür öffnet sich während Fahrt mit Tempo 200;https://www.zeit.de/mobilitaet/2026-09/ice-bayern-tuer-grosseinsatz-notbremsung-gxe;In einem ICE öffnete sich während der Fahrt eine Tür, der Lokführer musste notbremsen. Wie es dazu kam, ist unklar. Die Bahn schließt technische Probleme aus. ;Deutsche Bahn;Mobilitaet, Deutsche Bahn, Bayern, Fernverkehr, Polizei, München, Deutsche Bahn, Ermittlung;2026-09-02T11:52:38+02:00;2026-09-02T11:52:38+02:00;liw;DIE ZEIT,        AFP,        							liw;false
5d8ada92205d96248ba5db5ee79b8fbc7d881da3a91c2c1bb15fcb00e6519192;Wer stoppt die Landräuber?;https://www.zeit.de/politik/ausland/2026-08/westjordanland-gewalt-siedler-militaer-5vor8;Die Gewalt im Westjordanland eskaliert. Selbst das israelische Militär ist besorgt. Fraglich ist, ob jemand das aufhalten will – oder kann. ;"Z+ (abopflichtiger Inhalt);
        
    Gewalt im Westjordanland";Politik, Gewalt im Westjordanland, Israel, Westjordanland, Militär, Itamar Ben-Gvir, Gazastreifen;2026-09-02T11:47:10+02:00;2026-09-02T11:47:10+02:00;Christian Vooren;;false
fd1a1cac75b7806e51b63f19f59a60279f248e1238e9e726373f73d7c71e199a;Neuer Zweckverband soll Chemiepark Genthin stärken;https://www.zeit.de/news/2026-09/02/neuer-zweckverband-soll-chemiepark-genthin-staerken;Hier finden Sie Informationen zu dem Thema „Chemieindustrie“. Lesen Sie jetzt „Neuer Zweckverband soll Chemiepark Genthin stärken“.;Chemieindustrie;News, Chemieindustrie, Genthin, BMWi, Chemiepark, Zweckverband, Chemieindustrie;2026-09-02T11:46:54+02:00;2026-09-02T11:46:54+02:00;;dpa Sachsen;false
43f717c6b9d170e2d626f69c01bc5e47839b4e537df0319134154ea034606a78;Sandra Hüller: «identifiziere mich nicht als Deutsche»;https://www.zeit.de/news/2026-09/02/sandra-hueller-sieht-sich-als-thueringische-europaeerin;Hier finden Sie Informationen zu dem Thema „Schauspielerin“. Lesen Sie jetzt „Sandra Hüller: «identifiziere mich nicht als Deutsche»“.;Schauspielerin;News, Schauspielerin, Sandra Hüller, Thüringen, DDR;2026-09-02T11:44:35+02:00;2026-09-02T11:44:35+02:00;;dpa Berlin/Brandenburg;false
cb8de2aa59e253d11805d4a9a4e60878f48e635831990581544992c8517c3e24;Tausende Kinder weniger in Sachsen-Anhalts Kitas;https://www.zeit.de/news/2026-09/02/tausende-kinder-weniger-in-sachsen-anhalts-kitas;Hier finden Sie Informationen zu dem Thema „Statistik“. Lesen Sie jetzt „Tausende Kinder weniger in Sachsen-Anhalts Kitas“.;Statistik;News, Statistik, Sachsen-Anhalt, Kindertagesbetreuung, Geburtenzahl;2026-09-02T11:43:53+02:00;2026-09-02T11:43:53+02:00;;dpa Sachsen;false
e6e2483af1e4e3842b58c473211d8549d02d0060dc8bbc304e1a2077cdf0a162;Krankenkasse meldet deutlichen Anstieg bei Hautkrebspatienten;https://www.zeit.de/gesundheit/2026-09/hautkrebs-schwarzer-weisser-kkh-analyse-gxe;Die Zahl der an Hautkrebs erkrankten Menschen ist in den vergangenen Jahren nach Krankenkassenangaben deutlich gestiegen. Frauen waren demnach häufiger betroffen.;Hautkrebs;Gesundheit, Hautkrebs, Hautkrebs, Krebs, Krankenkasse, Frauen, Gesundheitsrisiko, Statistik;2026-09-02T11:40:42+02:00;2026-09-02T11:40:42+02:00;maw;DIE ZEIT,        AFP,        							maw;false
47a470a2d54d71773ebfa593a396eaf007a58d179a7c1c7165ee5d7a8e358ef2;40 E-Scooter aus dem Fluss gezogen;https://www.zeit.de/news/2026-09/02/40-e-scooter-aus-dem-fluss-gezogen;Hier finden Sie Informationen zu dem Thema „Hoher Schaden“. Lesen Sie jetzt „40 E-Scooter aus dem Fluss gezogen“.;Hoher Schaden;News, Hoher Schaden, Wümme, Hoher Schaden, Einsatzkraft, E-Scooter;2026-09-02T11:40:30+02:00;2026-09-02T11:40:30+02:00;;dpa Niedersachsen;false
4e7e6dd0c8bf600d89a8cc8977945785f0e6a13f65d33acb21c7df12a4bb30e9;NRW-Innenminister Reul zum möglichen Anschlag auf Umspannwerk;https://www.zeit.de/video/2026-09/amprion-umspannwerk-sabotage-pressekonferenz;NRW-Innenminister Reul äußert sich nach der mutmaßlichen Sabotage an einem Umspannwerk in Bergheim. Jetzt im Livestream;Livestream:Rhein-Erft-Kreis;Video, Rhein-Erft-Kreis, NRW, Rhein-Erft-Kreis, Bergheim, Umspannwerk, Livestream, Sabotage;2026-09-02T11:38:59+02:00;2026-09-02T11:38:59+02:00;;;false
a74cac80863daf9cbab1563a4d026b0698d9f76c9e11ea32d4d3158f4ebd8616;Blindgänger in Neu-Ulm soll am Donnerstag entschärft werden;https://www.zeit.de/news/2026-09/02/blindgaenger-in-neu-ulm-soll-am-donnerstag-entschaerft-werden;Hier finden Sie Informationen zu dem Thema „Aus dem Zweiten Weltkrieg“. Lesen Sie jetzt „Blindgänger in Neu-Ulm soll am Donnerstag entschärft werden“.;Aus dem Zweiten Weltkrieg;News, Aus dem Zweiten Weltkrieg, München, Neu-Ulm, Zweiter Weltkrieg, Sondierungsarbeit, Naherholungsgebiet, Fliegerbombe;2026-09-02T11:38:39+02:00;2026-09-02T11:38:39+02:00;;dpa Baden-Württemberg;false
826f0485ae50c22991107ace7bf74583d2880cf224894166ab809765f32d40a5;Mann bei Kranunfall lebensgefährlich verletzt;https://www.zeit.de/news/2026-09/02/mann-bei-kranunfall-lebensgefaehrlich-verletzt;Hier finden Sie Informationen zu dem Thema „Schädel-Hirn-Trauma“. Lesen Sie jetzt „Mann bei Kranunfall lebensgefährlich verletzt“.;Schädel-Hirn-Trauma;News, Schädel-Hirn-Trauma, Mittelfranken, Polizei, Kranunfall, Unfall, Kranstützfuß, Schädel-Hirn-Trauma;2026-09-02T11:31:42+02:00;2026-09-02T11:31:42+02:00;;dpa Bayern;false
677932050884d555c803d213bc0f81543e75aa78d3874f62352e04a445a8f61d;Willingmann: Steuerreform ist für Ostdeutschland nicht genug;https://www.zeit.de/news/2026-09/02/willingmann-steuerreform-ist-fuer-ostdeutschland-nicht-genug;Hier finden Sie Informationen zu dem Thema „Kritik aus Sachsen-Anhalt“. Lesen Sie jetzt „Willingmann: Steuerreform ist für Ostdeutschland nicht genug“.;Kritik aus Sachsen-Anhalt;News, Kritik aus Sachsen-Anhalt, Armin Willingmann, Ostdeutschland, Sachsen-Anhalt, SPD, Deutsche Presse-Agentur, Steuerreform, Kritik, Steuerpolitik;2026-09-02T11:31:32+02:00;2026-09-02T11:31:32+02:00;;dpa Sachsen;false
4bce2ec63bab00613fd907db0075a087b10348824e32bd98ff72ed61a52bca07;Fiebich im Fokus: Als «graue Eminenz» in die Heim-WM;https://www.zeit.de/news/2026-09/02/fiebich-im-fokus-als-graue-eminenz-in-die-heim-wm;Hier finden Sie Informationen zu dem Thema „Star des deutschen Teams“. Lesen Sie jetzt „Fiebich im Fokus: Als «graue Eminenz» in die Heim-WM“.;Star des deutschen Teams;News, Star des deutschen Teams, Leonie Fiebich, Nyara Sabally, Berlin, New York, USA, Japan, Spanien, WNBA, Eminenz;2026-09-02T11:31:27+02:00;2026-09-02T11:31:27+02:00;;dpa Berlin/Brandenburg;false
d1b71ec2e57a01580fb8098940907ec66ae3b234ab9358b09e3f9ad78bd0eea0;Sabotage: Täter deponierten «raketenähnliche Gegenstände»;https://www.zeit.de/news/2026-09/02/spurensuche-nach-sabotage-an-stromnetz-geht-weiter;Hier finden Sie Informationen zu dem Thema „Sabotage am Stromnetz“. Lesen Sie jetzt „Sabotage: Täter deponierten «raketenähnliche Gegenstände»“.;Sabotage am Stromnetz;News, Sabotage am Stromnetz, Jan Redmann, Südbrandenburg, Brandenburg, Jänschwalde, Polizei, CDU, Sabotage, Stromnetz, Spurensuche, Kraftwerksnähe;2026-09-02T11:28:13+02:00;2026-09-02T11:28:13+02:00;;dpa;false
f6f0429b646d2ea13ebbf8a0012f90a85ec2722ed22b6e44c2baf49f02521101;ING-Chef: In Deutschland weiterhin kostenloses Girokonto;https://www.zeit.de/news/2026-09/02/ing-chef-in-deutschland-weiterhin-kostenloses-girokonto;Hier finden Sie Informationen zu dem Thema „Privatkundengeschäft“. Lesen Sie jetzt „ING-Chef: In Deutschland weiterhin kostenloses Girokonto“.;Privatkundengeschäft;News, Privatkundengeschäft, Frankfurt, ING, Girokonto, Privatkundengeschäft, Großbank;2026-09-02T11:19:58+02:00;2026-09-02T11:19:58+02:00;;dpa;false
55e68ec96a04b559aa1178c20ef6538d9340db397f28c9f85ddd90df734b7e2d;Frau im Wald erstochen – neue Hinweise in ZDF-Sendung;https://www.zeit.de/news/2026-09/02/frau-im-wald-erstochen-neue-hinweise-in-zdf-sendung;Hier finden Sie Informationen zu dem Thema „«Aktenzeichen XY... Ungelöst»“. Lesen Sie jetzt „Frau im Wald erstochen – neue Hinweise in ZDF-Sendung“.;«Aktenzeichen XY... Ungelöst»;News, «Aktenzeichen XY... Ungelöst», Darmstadt, Staatsanwaltschaft, Polizei, Aktenzeichen XY, Wald;2026-09-02T11:18:17+02:00;2026-09-02T11:18:17+02:00;;dpa Hessen;false
32d2c7c138c677eec9614a6a6dafd0d2bbd790950d06cb653c01e37670bc4fac;Da wusste ich, dass ich Peggy nichts mehr beibringen kann;https://www.zeit.de/bildung/2026-08/unterrichtsmethoden-lehrer-schueler-bismarck-musik;Die eine unterrichtet wie eine Göttin, der andere verkleidet sich für seinen Geschichtsvortrag als Bismarck. So aufregend kann Schule sein! Die Lehrerkolumne;"Z+ (abopflichtiger Inhalt);
        
    Unterrichtsmethoden";Bildung, Unterrichtsmethoden, Musik, Kinder, Lehrer, Schule;2026-09-02T11:17:49+02:00;2026-09-02T11:17:49+02:00;Ewald Arenz;;false
6600e85202486633e6c6401436135ac411f492e3428018fe23c7cfa9a6d85d8b;Schwedens Royals kommen zu König Haralds Begräbnis;https://www.zeit.de/news/2026-09/02/schwedens-royals-kommen-zu-koenig-haralds-begraebnis;Hier finden Sie Informationen zu dem Thema „Thronwechsel in Norwegen“. Lesen Sie jetzt „Schwedens Royals kommen zu König Haralds Begräbnis“.;Thronwechsel in Norwegen;News, Thronwechsel in Norwegen, Carl XVI., Carl Philip, Harald V., Christopher O'Neill, Schweden, Norwegen, Oslo, Begräbnis, Thronwechsel;2026-09-02T11:17:38+02:00;2026-09-02T11:17:38+02:00;;dpa;false
6fbe4e3940a30376294419fc61aba80884db76a14e9d77c26a02fadaf579cb02;Sachsen buhlt auf Chip-Messe um Taiwans Firmen;https://www.zeit.de/news/2026-09/02/sachsen-buhlt-auf-chip-messe-um-taiwans-firmen;Hier finden Sie Informationen zu dem Thema „Halbleiter“. Lesen Sie jetzt „Sachsen buhlt auf Chip-Messe um Taiwans Firmen“.;Halbleiter;News, Halbleiter, Eva Langerbeck, Dirk Panter, Sachsen, Taiwan, Taipeh, Dresden, TSMC, Semicon, Halbleitermesse, Halbleiter;2026-09-02T11:17:24+02:00;2026-09-02T11:17:24+02:00;;dpa Sachsen;false
c2a36509f172ff644edada35b9d73974266a94315450c0d3b154788ce96143b5;Haftplätze fehlen – 124 Ausreisepflichtige nicht festgesetzt;https://www.zeit.de/news/2026-09/02/haftplaetze-fehlen-124-ausreisepflichtige-nicht-festgesetzt;Hier finden Sie Informationen zu dem Thema „Abschiebungen“. Lesen Sie jetzt „Haftplätze fehlen – 124 Ausreisepflichtige nicht festgesetzt“.;Abschiebungen;News, Abschiebungen, Glückstadt, Alternative für Deutschland, Haftplatz, Abschiebung;2026-09-02T11:17:06+02:00;2026-09-02T11:17:06+02:00;;dpa Hamburg/Schleswig-Holstein;false
2f8384e97aebf717c01fa995723c4ce983676928acd1bce450ca1644f94242f0;Angriff in Anwaltskanzlei: Tatverdächtige war Klientin;https://www.zeit.de/news/2026-09/02/angriff-in-anwaltskanzlei-tatverdaechtige-war-klientin;Hier finden Sie Informationen zu dem Thema „Gewalt“. Lesen Sie jetzt „Angriff in Anwaltskanzlei: Tatverdächtige war Klientin“.;Gewalt;News, Gewalt, Berlin-Marzahn, Staatsanwaltschaft, Anwaltskanzlei, Angriff;2026-09-02T11:15:29+02:00;2026-09-02T11:15:29+02:00;;dpa Berlin/Brandenburg;false
0932e37bd8411d4038b9819c282c390bfd63ecfd13bf19d8ebbad9a045574828;«Big Nick» war einmal: Woltemade sucht die Wende in Turin;https://www.zeit.de/news/2026-09/02/big-nick-war-einmal-woltemade-sucht-die-wende-in-turin;Hier finden Sie Informationen zu dem Thema „Fußball“. Lesen Sie jetzt „«Big Nick» war einmal: Woltemade sucht die Wende in Turin“.;Fußball;News, Fußball, Dietmar Hamann, Nick Woltemade, Turin, England, Italien, Newcastle, Stuttgart, Juventus Turin, Newcastle United, VfB Stuttgart;2026-09-02T11:14:25+02:00;2026-09-02T11:14:25+02:00;;dpa Baden-Württemberg;false
9adbdb2b109d252d78f5ac0cf34b4fc7e6467e4d32d497c139309fa2ebc8e0cb;Ermittlungen zu Schüssen auf 26-Jährigen dauern an;https://www.zeit.de/news/2026-09/02/ermittlungen-zu-schuessen-auf-26-jaehrigen-dauern-an;Hier finden Sie Informationen zu dem Thema „Berlin-Schöneberg“. Lesen Sie jetzt „Ermittlungen zu Schüssen auf 26-Jährigen dauern an“.;Berlin-Schöneberg;News, Berlin-Schöneberg, Berlin, Polizei, GDP, Ermittlung;2026-09-02T11:12:54+02:00;2026-09-02T11:12:54+02:00;;dpa Berlin/Brandenburg;false
fe32d21cc568c3766717c5f52610c530fe508433f3fd331f8533abecd0bb6a50;Drei Abgeordnete verlassen Thüringer BSW-Fraktion;https://www.zeit.de/news/2026-09/02/drei-abgeordnete-verlassen-thueringer-bsw-fraktion;Hier finden Sie Informationen zu dem Thema „Landtag“. Lesen Sie jetzt „Drei Abgeordnete verlassen Thüringer BSW-Fraktion“.;Landtag;News, Landtag, Bündnis Sahra Wagenknecht, Landtag;2026-09-02T11:05:04+02:00;2026-09-02T11:05:04+02:00;;dpa;false
5f27ca019a4d254d2c2962a7a45b0c474448565299da06c661b27bcb9ba1694e;16-Jähriger attackiert Straßenbahnfahrerin in Kassel;https://www.zeit.de/news/2026-09/02/16-jaehriger-attackiert-strassenbahnfahrerin-in-kassel;Hier finden Sie Informationen zu dem Thema „Gewalt in Straßenbahn“. Lesen Sie jetzt „16-Jähriger attackiert Straßenbahnfahrerin in Kassel“.;Gewalt in Straßenbahn;News, Gewalt in Straßenbahn, Kassel, Polizei, Straßenbahn;2026-09-02T11:01:35+02:00;2026-09-02T11:01:35+02:00;;dpa Hessen;false
d12b94618244243a985cd46bb079f3d409c7db18f470a0fed2b769f35ec4d7db;Ist dieser russische Panzer mit Technik aus Deutschland gebaut worden?;https://www.zeit.de/2026/37/maschinenexporte-russland-sanktionen-china-siemens-priminer;Deutsche Expertise, chinesischer Geschäftssinn: Mit dieser Mischung landen Produkte von Siemens offenbar in Putins Waffenschmieden. Unsere Recherche zeigt, wie.;"Z+ (abopflichtiger Inhalt);
        
    Maschinenexporte nach Russland";Wirtschaft, Maschinenexporte nach Russland, Russland, Siemens AG, China, Sanktion, Krieg in der Ukraine;2026-09-02T11:01:20+02:00;2026-09-02T11:01:20+02:00;Dr. Ingo Malcher;Aus der        ZEIT Nr. 37/2026;false
5161c1446b81d8ee5fdfc8aa1628e3ee3a2c380c183605f802a75ec790baa385;Auch im Spätsommer gehen alle zur Reisdiele;https://www.zeit.de/zeit-magazin/wochenmarkt/2025-04/italienisch-reissalat-rezept-wochenmarkt;Dieser Reissalat ist die neueste Interpretation eines italienischen Sommerhits. Mit Thunfisch, Tomaten, Bohnen, Artischocken und – und einem Hauch Intrige.;"Z+ (abopflichtiger Inhalt);
        
    Italienischen Reissalat";Italienische Küche;2026-09-02T10:59:24+02:00;2026-09-02T10:59:24+02:00;Rachel Roddy;;false
555df87f144309a9d8d07ebf1d779c2b0f57fc161e78ebf95aa65ec973554b3c;Junger Mann rast mit Tempo 130 durch Innenstadt;https://www.zeit.de/news/2026-09/02/junger-mann-rast-mit-tempo-130-durch-innenstadt;Hier finden Sie Informationen zu dem Thema „Verfolgungsfahrt mit Polizei“. Lesen Sie jetzt „Junger Mann rast mit Tempo 130 durch Innenstadt“.;Verfolgungsfahrt mit Polizei;News, Verfolgungsfahrt mit Polizei, Heilbronn, Polizei, Verfolgungsfahrt, Innenstadt, Auto;2026-09-02T10:57:37+02:00;2026-09-02T10:57:37+02:00;;dpa Baden-Württemberg;false
486c7954e19d44c0e3cfd0827890bc3d34aa0fd280d302e15af51027c558ac35;Zahl der Ebola-Toten im Kongo steigt auf mehr als 3.000;https://www.zeit.de/gesellschaft/2026-09/ebola-demokratische-republik-kongo-ausbruch-todesfaelle-kinder-gxe;Seit Mitte Mai sind Behördenangaben zufolge mehr als 3.000 Menschen in der Demokratischen Republik Kongo am Ebolavirus gestorben. Das ist etwa jeder zweite Infizierte.;Ebola-Epidemie;Gesellschaft, Ebola-Epidemie, Kongo, Ebola, Infektion, Impfstoff, Virus, Gesundheitsrisiko;2026-09-02T10:57:29+02:00;2026-09-02T10:57:29+02:00;maw;DIE ZEIT,        dpa,        							maw;false
06ae1d747b57bfa3519e347dbb2b8bec694e41902c8f6c72bfba5cb915b6090d;UN: Anstieg über 1,5 Grad so kurz wie möglich halten;https://www.zeit.de/news/2026-09/02/un-anstieg-ueber-1-5-grad-so-kurz-wie-moeglich-halten;Hier finden Sie Informationen zu dem Thema „Klimakrise“. Lesen Sie jetzt „UN: Anstieg über 1,5 Grad so kurz wie möglich halten“.;Klimakrise;News, Klimakrise, António Guterres, Shobha Maharaj, Inger Andersen, Nairobi, UN, UNEP, Klimakrise, Hitze, Überschwemmung, Sommer;2026-09-02T10:56:37+02:00;2026-09-02T10:56:37+02:00;;dpa;false
637766e90cdbbed2e701c624f3ec0198a0d0048d4706f73dc80a99494311a0a2;Eurojackpot: Niedersachse gewinnt knapp 1,3 Millionen Euro;https://www.zeit.de/news/2026-09/02/eurojackpot-niedersachse-gewinnt-knapp-1-3-millionen-euro;Hier finden Sie Informationen zu dem Thema „Spieler tippte in Braunschweig“. Lesen Sie jetzt „Eurojackpot: Niedersachse gewinnt knapp 1,3 Millionen Euro“.;Spieler tippte in Braunschweig;News, Spieler tippte in Braunschweig, Braunschweig, Niedersachsen, Eurozahl, Lotterie, Eurojackpot;2026-09-02T10:53:52+02:00;2026-09-02T10:53:52+02:00;;dpa Niedersachsen;false
1f86c3f22ac6f9eabcd67fa1c7ec39fe709ca7ab0067856d480507b9103131f6;Bahn zu geöffneter ICE-Tür: keine technische Störung am Zug;https://www.zeit.de/news/2026-09/02/bahn-zu-geoeffneter-ice-tuer-keine-technische-stoerung-am-zug;Hier finden Sie Informationen zu dem Thema „Großeinsatz ausgelöst“. Lesen Sie jetzt „Bahn zu geöffneter ICE-Tür: keine technische Störung am Zug“.;Großeinsatz ausgelöst;News, Großeinsatz ausgelöst, DB, Störung, Notstopp, ICE, Großeinsatz;2026-09-02T10:49:47+02:00;2026-09-02T10:49:47+02:00;;dpa Bayern;false
0249556798be62c14846d4034c2723b8a855eef4ba03b6571b12314c72c24b69;Explosionsartige Verpuffung - drei Arbeiter verletzt;https://www.zeit.de/news/2026-09/01/explosionsartige-verpuffung-zwei-menschen-schwer-verletzt;Hier finden Sie Informationen zu dem Thema „Unfall im Kreis Sigmaringen“. Lesen Sie jetzt „Explosionsartige Verpuffung - drei Arbeiter verletzt“.;Unfall im Kreis Sigmaringen;News, Unfall im Kreis Sigmaringen, Sigmaringen, Pfullendorf, Landkreis Sigmaringen, Polizei, Verpuffung, Unfall, Firmengelände;2026-09-02T10:47:16+02:00;2026-09-02T10:47:16+02:00;;dpa Baden-Württemberg;false
19657e7123c99fad8e64b63fac960b42ac7b5e187984a5132477f415a6082302;Comeback nach Tour-Sturz: Lipowitz startet in Italien;https://www.zeit.de/news/2026-09/02/comeback-nach-tour-sturz-lipowitz-startet-in-italien;Hier finden Sie Informationen zu dem Thema „Radsport“. Lesen Sie jetzt „Comeback nach Tour-Sturz: Lipowitz startet in Italien“.;Radsport;News, Radsport, Italien, Montreal, Tour de France, Lipowitz, Comeback, Radsport, Renngeschehen;2026-09-02T10:43:23+02:00;2026-09-02T10:43:23+02:00;;dpa Sport;false
ca5267d29cb6bd1bc029395e04d1c8fc0d1649e52aad1d5709af79a65c980691;Bombenverdacht in Augsburg bestätigt sich nicht;https://www.zeit.de/politik/deutschland/2026-09/zugverkehr-in-augsburg-nach-polizeieinsatz-gestoppt;Nach einer Explosion nahe des Augsburger Hauptbahnhofs ist ein verdächtiger Gegenstand gefunden worden. Der Bereich wurde abgesperrt. Die Polizei gab später Entwarnung.;Explosion in Augsburg;Politik, Explosion in Augsburg, Augsburg, Polizei, Ermittlung, Bahnhof, Landeskriminalamt, Verkehr;2026-09-02T10:40:48+02:00;2026-09-02T10:40:48+02:00;voi;DIE ZEIT,        dpa,        AFP,        							voi;false
ecc0c13c858efd69571db032ebdd711f01db346fa77a893a39f6a32976d33ea3;Rechnungshof fordert harte Einschnitte im Hamburger Haushalt;https://www.zeit.de/news/2026-08/31/rechnungshof-fordert-harte-sparmassnahmen-in-hamburg;Hier finden Sie Informationen zu dem Thema „Doppelhaushalt“. Lesen Sie jetzt „Rechnungshof fordert harte Einschnitte im Hamburger Haushalt“.;Doppelhaushalt;News, Doppelhaushalt, Philipp Häfner, Hamburg, Rechnungshof, Bürgerschaft, Sparmaßnahme, Deutschlandticket;2026-09-02T10:36:07+02:00;2026-09-02T10:36:07+02:00;;dpa Hamburg/Schleswig-Holstein;false
988b4bdcf3ec5e6b1c962d93d1fbd444c1474847a0212d5a24d557caf6867ac9;Er denkt nur an das eine;https://www.zeit.de/2026/38/wladimir-putin-ziele-ukraine-krieg-nato-europa;Wladimir Putin wird so weit gehen, wie es der Westen ihm erlaubt. Für ihn ist völlig klar, wer länger durchhält. Drei Szenarien sind denkbar.;"Z+ (abopflichtiger Inhalt);
        
    Wladimir Putin";Politik, Wladimir Putin, Wladimir Putin, Russland, Krieg in der Ukraine, Nato, Europa, Militär, Donald Trump, Leipzig, Frankreich, Moskau;2026-09-02T10:34:22+02:00;2026-09-02T10:34:22+02:00;Michael Thumann;Aus der        ZEIT Nr. 38/2026;false
6cf2a4081a4c4d90c34c60352f14962104e35029b174cd020ba7d9229051a971;Bundesstraße nach Felssturz wieder einspurig befahrbar;https://www.zeit.de/news/2026-09/02/bundesstrasse-nach-felssturz-wieder-einspurig-befahrbar;Hier finden Sie Informationen zu dem Thema „Loreley“. Lesen Sie jetzt „Bundesstraße nach Felssturz wieder einspurig befahrbar“.;Loreley;News, Loreley, St. Goarshausen, Felssturz, Bundesstraße;2026-09-02T10:33:41+02:00;2026-09-02T10:33:41+02:00;;dpa Hessen;false
0f3cdfbd728031ff18d54b3ae05c942d7cf941e3d74dcb25108d8927b49c99d9;Ariana sagt Ade: Wenn Musikstars eine Bühnenpause einlegen;https://www.zeit.de/news/2026-09/02/ariana-sagt-ade-wenn-musikstars-eine-buehnenpause-einlegen;Hier finden Sie Informationen zu dem Thema „Musik“. Lesen Sie jetzt „Ariana sagt Ade: Wenn Musikstars eine Bühnenpause einlegen“.;Musik;News, Musik, Ariana Grande, Justin Bieber, Céline Dion, Lena Meyer-Landrut, London, Ariana Afghan Airlines, Bühnenpause;2026-09-02T10:27:35+02:00;2026-09-02T10:27:35+02:00;;dpa;false
def23a70f66a44f4b0d53f2c4592f9912c12cb825fd73832a5dd936d2926b78e;Kunstpreis des Landes an Saxofonistin und Schauspieler;https://www.zeit.de/news/2026-09/02/kunstpreis-des-landes-an-saxofonistin-und-schauspieler;Hier finden Sie Informationen zu dem Thema „Kunstpreis Schleswig-Holstein“. Lesen Sie jetzt „Kunstpreis des Landes an Saxofonistin und Schauspieler“.;Kunstpreis Schleswig-Holstein;News, Kunstpreis Schleswig-Holstein, Asya Fateyeva, Rainer Bock, Nele Golle, Daniel Günther, Schleswig-Holstein, Großhansdorf, Esgru, Kreis Stormarn, Kiel, Schleswig-Flensburg;2026-09-02T10:19:25+02:00;2026-09-02T10:19:25+02:00;;dpa Hamburg/Schleswig-Holstein;false
3b487612ea9193868cb12648b1661c39a87ca405b598cbdb7a4f70c275ed4ede;SC Magdeburg gegen Füchse Berlin – mehr als ein Star-Duell;https://www.zeit.de/news/2026-09/02/sc-magdeburg-gegen-fuechse-berlin-mehr-als-ein-star-duell;Hier finden Sie Informationen zu dem Thema „Handball-Bundesliga“. Lesen Sie jetzt „SC Magdeburg gegen Füchse Berlin – mehr als ein Star-Duell“.;Handball-Bundesliga;News, Handball-Bundesliga, Gisli Kristjansson, Mathias Gidsel, Bennet Wiegert, Magdeburg, Berlin, MDR, SC Magdeburg, Füchse Berlin, Handball-Bundesliga, Supercup;2026-09-02T10:17:48+02:00;2026-09-02T10:17:48+02:00;;dpa Sachsen;false
41c2e2f22f15316a0d7f6aff7aaa74c45538fd19b01903a401f959114513098c;Haftbefehl nach mutmaßlichem Giftmord;https://www.zeit.de/news/2026-09/02/haftbefehl-nach-mutmasslichem-giftmord;Hier finden Sie Informationen zu dem Thema „Festnahme am Dienstag“. Lesen Sie jetzt „Haftbefehl nach mutmaßlichem Giftmord“.;Festnahme am Dienstag;News, Festnahme am Dienstag, Wetteraukreis, Polizei, Staatsanwaltschaft, Giftmord, Haftbefehl, Vergiftung, Festnahme;2026-09-02T10:15:14+02:00;2026-09-02T10:15:14+02:00;;dpa Hessen;false
493c5938d3bbb718b02f7694b46df5ac2498ebed8672714dd930f7c30791bb7b;Bombenverdacht im Hauptbahnhof Augsburg nicht bestätigt;https://www.zeit.de/news/2026-09/02/bombenverdacht-im-hauptbahnhof-augsburg-nicht-bestaetigt;Hier finden Sie Informationen zu dem Thema „Explosionen“. Lesen Sie jetzt „Bombenverdacht im Hauptbahnhof Augsburg nicht bestätigt“.;Explosionen;News, Explosionen, Augsburg, Bombenverdacht, Hauptbahnhof, Explosion;2026-09-02T10:09:56+02:00;2026-09-02T10:09:56+02:00;;dpa;false
b8e938cc51751161f604b217ffa7435133437c798fd67cefc8ee3b3fcfe27fb9;Mutmaßlicher Anschlagsversuch legt Kohlekraftwerksblöcke bei Köln lahm;https://www.zeit.de/gesellschaft/2026-09/amprion-umspannwerk-bergheim-rheidt-strom-sabotage-gxe;Nach einer Störung an einem Umspannwerk im Rhein-Erft-Kreis geht die Polizei von einer vorsätzlichen Tat aus. In der Folge gehen fünf Kraftwerksblöcke vom Netz. ;Rhein-Erft-Kreis;Gesellschaft, Rhein-Erft-Kreis, Kohlekraftwerk, Polizei, Ermittlung, Nordrhein-Westfalen, Köln, Rhein;2026-09-02T10:04:37+02:00;2026-09-02T10:04:37+02:00;voibda;DIE ZEIT,        dpa,        Reuters,        							voi					,        							bda;false
185ce4deea17f054c91e4583c90f52f0abacde17677748e2a8238a48f5f9b3ae;Nach Leipzig: Russland droht massives Sanktionspaket der EU;https://www.zeit.de/news/2026-09/02/nach-leipzig-russland-droht-massives-sanktionspaket-der-eu;Hier finden Sie Informationen zu dem Thema „Außenministertreffen in Irland“. Lesen Sie jetzt „Nach Leipzig: Russland droht massives Sanktionspaket der EU“.;Außenministertreffen in Irland;News, Außenministertreffen in Irland, Kaja Kalla, Leipzig, Russland, Irland, Flughafen Leipzig/Halle, Europäische Union, EU, Sanktionspaket, Außenministertreffen;2026-09-02T10:01:49+02:00;2026-09-02T10:01:49+02:00;;dpa;false
7b623db25b0c082ee7eafdf725de7b899661fd4b8dcc99e688ca755ab92c8386;Deutsche-Bank-Chef warnt vor populistischen Parteien;https://www.zeit.de/news/2026-09/02/deutsche-bank-chef-warnt-vor-populistischen-parteien;Hier finden Sie Informationen zu dem Thema „Vor Landtagswahl“. Lesen Sie jetzt „Deutsche-Bank-Chef warnt vor populistischen Parteien“.;Vor Landtagswahl;News, Vor Landtagswahl, Christian Sewing, Frankfurt, Europa, Sachsen-Anhalt, Alternative für Deutschland, Landtagswahl, Landtagswahl in Sachsen, Erfolg;2026-09-02T09:56:19+02:00;2026-09-02T09:56:19+02:00;;dpa;false
cfcf9714815912f832787eb4d6dfb675980a2044a0b769f9c06f6949d6173920;Füchse Berlin vor Magdeburg-Duell: «Sind Riesen-Underdog»;https://www.zeit.de/news/2026-09/02/fuechse-berlin-vor-magdeburg-duell-sind-riesen-underdog;Hier finden Sie Informationen zu dem Thema „Handball-Bundesliga“. Lesen Sie jetzt „Füchse Berlin vor Magdeburg-Duell: «Sind Riesen-Underdog»“.;Handball-Bundesliga;News, Handball-Bundesliga, Nicolej Krickau, München, Magdeburg, MDR, Füchse Berlin, Handball-Bundesliga, SC Magdeburg, Supercup;2026-09-02T09:55:30+02:00;2026-09-02T09:55:30+02:00;;dpa Berlin/Brandenburg;false
97bdda201b988a8edfa8e0769ec0c89de889572349a1dc90e442f8eceeb5f79f;Bergwacht im Rampenlicht – Fans, Geschenke und Bewerbungen;https://www.zeit.de/news/2026-09/02/bergwacht-im-rampenlicht-fans-geschenke-und-bewerbungen;Hier finden Sie Informationen zu dem Thema „Beliebte ARD-Doku“. Lesen Sie jetzt „Bergwacht im Rampenlicht – Fans, Geschenke und Bewerbungen“.;Beliebte ARD-Doku;News, Beliebte ARD-Doku, Toni Vogg, Roland Ampenberger, Grainau, Ramsau, Oberstdorf, Bad Reichenhall, BR, ARD, Bergwacht, Rampenlicht;2026-09-02T09:54:37+02:00;2026-09-02T09:54:37+02:00;;dpa;false
f4f32b2608e017d249fe5f88fb54f00be4bb773cec82f3b9f4187442cdc60885;Getrocknete Bohnen sind nicht nur zum Spielen da;https://www.zeit.de/zeit-magazin/wochenmarkt/2025-04/favata-dicke-bohnen-zucchini-tomaten-rezept-wochenmarkt;Die Dicke Bohne gibt es fast auf der gesamten Welt. Und überall gibt es Rezepte für pürierte Bohnen. Diese Favata bekommt ein Knoblauch-, Zucchini- und Tomaten-Topping.;"Z+ (abopflichtiger Inhalt);
        
    Favata aus dicken Bohnen, Zucchini und Tomaten";vegetarische Rezepte, Eintopf, vegane Rezepte;2026-09-02T09:54:08+02:00;2026-09-02T09:54:08+02:00;Rachel Roddy;;false
715ebe05c1ff907f1045ea20dea11f6b5c97f2d8e739f83d635a7d7b933c9ba9;Verteidiger Ivezić verlässt Holstein kiel;https://www.zeit.de/news/2026-09/02/verteidiger-ivezi-verlaesst-holstein-kiel;Hier finden Sie Informationen zu dem Thema „2. Fußball-Bundesliga“. Lesen Sie jetzt „Verteidiger Ivezić verlässt Holstein kiel“.;2. Fußball-Bundesliga;News, 2. Fußball-Bundesliga, Marko Ivezić, Holstein, Hibernian Edinburgh, Holstein Kiel, Fußball-Bundesliga, Bundesliga, Sommer;2026-09-02T09:47:46+02:00;2026-09-02T09:47:46+02:00;;dpa Hamburg/Schleswig-Holstein;false
bab1454186d025364d35479b8caa5431e4f3dcaa1387c6480181d000bd2c366e;Mehrheit der Deutschen hat Sorgen wegen möglicher AfD-Regierung;https://www.zeit.de/politik/deutschland/2026-09/landtagswahl-sachsen-anhalt-afd-absolute-mehrheit-ipsos-umfrage-gxe;Viele in Deutschland beunruhigt laut einer Ipsos-Umfrage die Stärke der AfD. Die Mehrheit unterstützt die Brandmauer, mit Blick auf die Linke gehen Meinungen auseinander.;Wahl in Sachsen-Anhalt;Politik, Wahl in Sachsen-Anhalt, Landtagswahl, Sachsen-Anhalt, Alternative für Deutschland, Demokratie, Statistik, Landtag;2026-09-02T09:42:27+02:00;2026-09-02T09:42:27+02:00;spr;DIE ZEIT,        							spr;false
5930741b415ae970b37f4f205faa8c45d4f75af834c39a3b4d724b29403e54cd;Das Geheimnis liegt im Tomatenmark;https://www.zeit.de/zeit-magazin/wochenmarkt/2026-08/kisir-bulgursalat-rezept-wochenmarkt;In einem guten Bulgursalat muss die Textur stimmen. Mit ein paar einfachen Twists gelingt das jedem. Minze, Petersilie und Gurke sorgen für richtig viel Frische. ;"Z+ (abopflichtiger Inhalt);
        
    Kısır";Salate, Beilage, vegetarische Rezepte, vegane Rezepte;2026-09-02T09:42:24+02:00;2026-09-02T09:42:24+02:00;Angelika Schwaff;;false
40fa7b9235c6cd5e360f04a45c762c82855c33fe7ded8753973b5a811f2728e4;SPD warnt vor weiteren russischen Attacken;https://www.zeit.de/news/2026-09/02/spd-warnt-vor-weiteren-russischen-attacken;Hier finden Sie Informationen zu dem Thema „Spannungen“. Lesen Sie jetzt „SPD warnt vor weiteren russischen Attacken“.;Spannungen;News, Spannungen, Tim Klüssendorf, Dirk Wiese, Hubertus Heil, Russland, Flughafen Leipzig/Halle, SPD, RTL, Bundesregierung, Attacke;2026-09-02T09:41:54+02:00;2026-09-02T09:41:54+02:00;;dpa Sachsen;false
79b740014fed55f798872e71b3afc313358c8292930f72955f988bb919af1486;Unfall in Anhalt-Bitterfeld: Fahrer ins Krankenhaus geflogen;https://www.zeit.de/news/2026-09/02/unfall-in-anhalt-bitterfeld-fahrer-ins-krankenhaus-geflogen;Hier finden Sie Informationen zu dem Thema „Vollsperrung auf A9“. Lesen Sie jetzt „Unfall in Anhalt-Bitterfeld: Fahrer ins Krankenhaus geflogen“.;Vollsperrung auf A9;News, Vollsperrung auf A9, Anhalt-Bitterfeld, Sandersdorf-Brehna, Polizei, Unfall, Vollsperrung, Auffahrunfall, Hubschrauber;2026-09-02T09:41:54+02:00;2026-09-02T09:41:54+02:00;;dpa Sachsen;false
418a0621df9f6a5c75fc1fe5c9d6f13a0031942b990430d0ef378fa8a12f2290;Zwei Schwerverletzte bei Motorradunfall im Enzkreis;https://www.zeit.de/news/2026-09/02/zwei-schwerverletzte-bei-motorradunfall-im-enzkreis;Hier finden Sie Informationen zu dem Thema „Unfall auf Bundesstraße“. Lesen Sie jetzt „Zwei Schwerverletzte bei Motorradunfall im Enzkreis“.;Unfall auf Bundesstraße;News, Unfall auf Bundesstraße, Enzkreis, Motorradunfall, Unfall, Bundesstraße, Kollision, Motorrad, Auto;2026-09-02T09:34:52+02:00;2026-09-02T09:34:52+02:00;;dpa Baden-Württemberg;false
4827664faec80534b73bc5c4decfb43ae15b0bad6021c50f18f3eb04fdddc7b6;Klingbeil kann am Mittag zurück nach Deutschland fliegen;https://www.zeit.de/news/2026-09/02/schaden-am-regierungsflieger-klingbeil-in-usa-gestrandet;Hier finden Sie Informationen zu dem Thema „Minister auf Reisen“. Lesen Sie jetzt „Klingbeil kann am Mittag zurück nach Deutschland fliegen“.;Minister auf Reisen;News, Minister auf Reisen, Lars Klingbeil, USA, Reisen;2026-09-02T09:29:57+02:00;2026-09-02T09:29:57+02:00;;dpa;false
4ccbf2211953efa75b6682918b6d452480200a8ac266289fc9898b8f434fc881;Zahl der Unternehmensinsolvenzen im Norden stark gestiegen;https://www.zeit.de/news/2026-09/02/zahl-der-unternehmensinsolvenzen-im-norden-stark-gestiegen;Hier finden Sie Informationen zu dem Thema „Insolvenzen“. Lesen Sie jetzt „Zahl der Unternehmensinsolvenzen im Norden stark gestiegen“.;Insolvenzen;News, Insolvenzen, Schleswig-Holstein, Statistisches Amt für Hamburg und Schleswig-Holstein, Unternehmensinsolvenz, Insolvenz, Insolvenzgericht;2026-09-02T09:27:56+02:00;2026-09-02T09:27:56+02:00;;dpa Hamburg/Schleswig-Holstein;false
3ba5bb37ab9eaedf8f8c7edb80a0195b7f6567d61096ec2bf2446a9bc2c425ef;Greuther Fürth monatelang ohne jungen Innenverteidiger;https://www.zeit.de/news/2026-09/02/greuther-fuerth-monatelang-ohne-jungen-innenverteidiger;Hier finden Sie Informationen zu dem Thema „2. Fußball-Bundesliga“. Lesen Sie jetzt „Greuther Fürth monatelang ohne jungen Innenverteidiger“.;2. Fußball-Bundesliga;News, 2. Fußball-Bundesliga, Maxim Dal, Noah König, Cottbus, SpVgg Greuther Fürth, Deutscher Fußball-Bund, VfL Bochum, Fußball-Bundesliga, Champions League, Abschlusstraining;2026-09-02T09:26:57+02:00;2026-09-02T09:26:57+02:00;;dpa Bayern;false
6579aec9aabe11711815a656db40c6d6cc1748fe03c9c6d0ccc8e28302bcb1da;Wladimir Putin räumt Schäden an Schiffen durch Drohnenangriffe ein;https://www.zeit.de/politik/ausland/ukraine-krieg-news-liveblog;Die Ukraine hat laut Wladimir Putin 100 russische Schiffe beschädigt. Wolodymyr Selenskyj will den russischen Luftraum durch Attacken »faktisch« schließen. Das Liveblog;Liveblog:                     Krieg gegen die Ukraine;Politik, Krieg gegen die Ukraine, Krieg in der Ukraine, Wolodymyr Selenskyj, Russland, Militär, Kyjiw;2026-09-02T12:56:11+00:00;2026-09-02T12:56:11+00:00;Bernard  DarkoDavid Rech;;false
0e9f061c07a2e37f75e1ddfdf3246adff8ebd8e9a8b6bb49e4906218d5e6ea98;«Unglaublicher Kampf»: Zverev rettet sich in Nachtkrimi;https://www.zeit.de/news/2026-09/02/zverev-rettet-titeltraum-zittersieg-weit-nach-mitternacht;Hier finden Sie Informationen zu dem Thema „US Open“. Lesen Sie jetzt „«Unglaublicher Kampf»: Zverev rettet sich in Nachtkrimi“.;US Open;News, US Open, Alexander Zverev, New York, US Open, French Open, Grand-Slam-Turnier, Titeltraum, Zittersieg, Sonego, Fünfsatzkrimi, Setzliste;2026-09-02T09:23:15+02:00;2026-09-02T09:23:15+02:00;;dpa Sport;false
1f99b2c4d6c594a4992ac9c8c685bf6c9dcc6d94cac05c55d9e49ab1cec0a993;Schuster sieht in Drohnen-Vorfall «Staatsterrorismus»;https://www.zeit.de/news/2026-09/02/schuster-sieht-in-drohnen-vorfall-staatsterrorismus;Hier finden Sie Informationen zu dem Thema „Bedrohung aus Russland“. Lesen Sie jetzt „Schuster sieht in Drohnen-Vorfall «Staatsterrorismus»“.;Bedrohung aus Russland;News, Bedrohung aus Russland, Armin Schuster, Russland, Sachsen, CDU, Funke Mediengruppe, Bundesregierung, Staatsterrorismus, Bedrohung, Angriff, Drohne;2026-09-02T09:22:15+02:00;2026-09-02T09:22:15+02:00;;dpa Sachsen;false
81697fb524a3f51cafc8c755a1e240a52a4b443b316fffcbd0769ff1eeb680d0;»An der Börse siehst du fast ausschließlich Finanzbros«;https://www.zeit.de/geld/2026-07/geldanlage-frauen-patriarchat-investieren;Weil der Kapitalmarkt von Männern dominiert wird, investieren Frauen seltener. Auch deshalb leiden sie häufiger an Armut. Ist die Lösung feministische Geldanlage?;"Z+ (abopflichtiger Inhalt);
        
    Geldanlage von Frauen";Geld, Geldanlage von Frauen, Geldanlage, Frauen, Kapitalmarkt, Altersvorsorge, Feminismus, Aktien, ETF, Gleichstellung;2026-09-02T09:22:09+02:00;2026-09-02T09:22:09+02:00;Lisa Kreuzmann;;false
4b152a0bc59b587736cb69d82727b85da1ea52aab8a1a895c2a0619f0c4602ef;Klingbeil verteidigt Einkommensteuerreform gegen Kritik von Reiche;https://www.zeit.de/politik/deutschland/2026-09/einkommensteuerreform-lars-klingbeil-spd-familien-entlastung-katherina-reiche-gxe;Die Reform der Einkommensteuer von Bundesfinanzminister Lars Klingbeil trifft innerhalb der Regierung auf Kritik. Er verteidigt sie als wichtige Entlastung für Familien.;Einkommensteuerreform;Politik, Einkommensteuerreform, Lars Klingbeil, Einkommensteuer, Steuerreform, Katherina Reiche, Familie, Steuerpolitik, SPD;2026-09-02T09:20:45+02:00;2026-09-02T09:20:45+02:00;bam;DIE ZEIT,        dpa,        							bam;false
2b13b07d2520619eb73bcb4499dc91ba47b18d2224e6ec4dc085c026eb8fed5e;Wie Reiche die Zukunftshoffnung der Autoindustrie riskiert;https://www.zeit.de/wirtschaft/2026-08/energiepolitik-reform-katherina-reiche-solarausbau-autoindustrie-kuerzung;Kleine Solaranlagen sollen nur noch die Hälfte ihres Stroms ins Netz einspeisen dürfen. Damit gefährdet die Wirtschaftsministerin ein Geschäft, auf das VW und BMW setzen.;"Z+ (abopflichtiger Inhalt);
        
    Energiepolitik";Wirtschaft, Energiepolitik, Katherina Reiche, Solarenergie, Energiepolitik, Wirtschaftspolitik, Autoindustrie, Reform, BMW, CDU, Bundesregierung, EEG;2026-09-02T09:20:05+02:00;2026-09-02T09:20:05+02:00;Marlies Uken;;false
cae34e506acdebe02cffe85c3af3dbbdfcad4593158ab82dcb23708d3bc749f1;Ausgebrochener Bulle bei Bokelrehm erschossen;https://www.zeit.de/news/2026-09/02/ausgebrochener-bulle-bei-bokelrehm-erschossen;Hier finden Sie Informationen zu dem Thema „Entlaufene Rinder“. Lesen Sie jetzt „Ausgebrochener Bulle bei Bokelrehm erschossen“.;Entlaufene Rinder;News, Entlaufene Rinder, Bokelrehm, Landkreis Steinburg, Sperrung;2026-09-02T09:05:08+02:00;2026-09-02T09:05:08+02:00;;dpa Hamburg/Schleswig-Holstein;false
b00576895ecdd21fce3f33a675cbefb6b88c80d0b92d5984e5523887dd7e38fd;Alexander Zverev zieht in die zweite Runde der US Open ein;https://www.zeit.de/sport/2026-09/us-open-alexander-zverev-lorenzo-sonego-topgesetzter-gxe;Alexander Zverev hat zum Auftakt der US Open gegen den Italiener Lorenzo Sonego gewonnen. Der Weltranglistenzweite benötigte für den Sieg fünf Sätze.;Tennis;Sport, Tennis, Alexander Zverev, US Open, Profisport, French Open, Sportler, New York;2026-09-02T09:04:07+02:00;2026-09-02T09:04:07+02:00;voi;DIE ZEIT,        dpa,        SID,        							voi;false
b201d7d623890e84e78d68dfb7f206265fd3a7d2e1afde4b91746fe5314b6d94;So unterschiedlich sind Berufe in Deutschland verteilt;https://www.zeit.de/arbeit/2026-09/verteilung-berufe-landkreise-branchen-karte;Je nach Region unterscheiden sich Arbeitsmärkte erheblich. Wir zeigen, wo welche Jobs weniger gefragt sind und warum es riskant ist, dass sich Branchen regional bündeln.;"Z+ (abopflichtiger Inhalt);
        
    Regionale Arbeitsmärkte";Arbeit, Regionale Arbeitsmärkte, Arbeitsplatz, Arbeitsmarkt, Arbeitsamt, Bundesagentur für Arbeit;2026-09-02T09:01:30+02:00;2026-09-02T09:01:30+02:00;Jakob BauerAnne Jeschke;;false
cb6266961bdc79bba63bd1920780652b436fb34108e8386060f57a9930acfa1d;Mehr Unternehmensinsolvenzen in Hamburg;https://www.zeit.de/news/2026-09/02/mehr-unternehmensinsolvenzen-in-hamburg;Hier finden Sie Informationen zu dem Thema „Insolvenzen“. Lesen Sie jetzt „Mehr Unternehmensinsolvenzen in Hamburg“.;Insolvenzen;News, Insolvenzen, Hamburg, Statistisches Amt für Hamburg und Schleswig-Holstein, Unternehmensinsolvenz, Insolvenz;2026-09-02T09:01:19+02:00;2026-09-02T09:01:19+02:00;;dpa Hamburg/Schleswig-Holstein;false
8f7cdd2b3a6f5d05597ef103a17a2ef91257fdfcc99f21eef0bf628795718b5b;Medwedew: Deutschland verdient direkte Angriffe;https://www.zeit.de/news/2026-09/02/medwedew-deutschland-verdient-direkte-angriffe;Hier finden Sie Informationen zu dem Thema „Sprengstoff-Drohne in Leipzig“. Lesen Sie jetzt „Medwedew: Deutschland verdient direkte Angriffe“.;Sprengstoff-Drohne in Leipzig;News, Sprengstoff-Drohne in Leipzig, Dmitri Medwedew, Johann Wadephul, Leipzig, Berlin, Russland, Moskau, Kyjiw, Angriff, Sicherheitsrat, Krieg in der Ukraine;2026-09-02T08:58:55+02:00;2026-09-02T08:58:55+02:00;;dpa;false
4a42124e242bcb3efc1e0a6d5aec5817e39e9a00fa92841a9f14e8aa12afe51c;Nach Explosion: Zugverkehr am Hauptbahnhof Augsburg gestoppt;https://www.zeit.de/news/2026-09/02/nach-explosion-zugverkehr-am-hauptbahnhof-augsburg-gestoppt;Hier finden Sie Informationen zu dem Thema „Explosionen“. Lesen Sie jetzt „Nach Explosion: Zugverkehr am Hauptbahnhof Augsburg gestoppt“.;Explosionen;News, Explosionen, Augsburg, Hauptbahnhof, Explosion, Zugverkehr, Polizeieinsatz;2026-09-02T08:48:26+02:00;2026-09-02T08:48:26+02:00;;dpa;false
22f7e044dca9118ef52d2c37865fa45d833ae14e4ab81c0ad6e735e95032b429;Brand in Reinsdorfer Lagerhallen – 500.000 Euro Schaden;https://www.zeit.de/news/2026-09/02/brand-in-reinsdorfer-lagerhallen-loescharbeiten-dauern-an;Hier finden Sie Informationen zu dem Thema „Feuerwehr-Einsatz“. Lesen Sie jetzt „Brand in Reinsdorfer Lagerhallen – 500.000 Euro Schaden“.;Feuerwehr-Einsatz;News, Feuerwehr-Einsatz, Reinsdorf, Burgenlandkreis, Feuerwehr, Lagerhalle, Löscharbeit;2026-09-02T08:36:31+02:00;2026-09-02T08:36:31+02:00;;dpa Sachsen;false
8cba379d8ff9589b0ef63d58f747df45d91debc5e4d165068de813d0bee73da4;Rollerfahrt durch Supermarkt – Schwangere attackiert;https://www.zeit.de/news/2026-09/02/rollerfahrt-durch-supermarkt-schwangere-attackiert;Hier finden Sie Informationen zu dem Thema „Randale am Dienstagabend“. Lesen Sie jetzt „Rollerfahrt durch Supermarkt – Schwangere attackiert“.;Randale am Dienstagabend;News, Randale am Dienstagabend, Arnsberg, Polizei, Rollerfahrt, Supermarkt;2026-09-02T08:29:50+02:00;2026-09-02T08:29:50+02:00;;dpa Nordrhein-Westfalen;false
7bb619a4ad1212d1653aa807bdc8ec7e410bb8b808f3102148b85c0c9347d0cd;Demokratie-Aktivist Joshua Wong bekennt sich der Verschwörung schuldig;https://www.zeit.de/politik/ausland/2026-09/joshua-wong-hongkong-sicherheitsgesetz-schuldbekenntnis-nathan-law-gxe;Vor Gericht in Hongkong hat sich Joshua Wong schuldig bekannt, sich mit ausländischen Kräften verschworen zu haben. Wong versucht so, eine mildere Strafe zu erreichen.;Joshua Wong;Politik, Joshua Wong, Demokratie, Aktivismus, Gericht, Gefängnis, China, Hongkong;2026-09-02T08:29:42+02:00;2026-09-02T08:29:42+02:00;bam;DIE ZEIT,        dpa,        							bam;false
0d8b42d3aab1e99f8b8022dfa2ca99f81145c13d00d9d2e7d1d901744bf786a0;Zahl der Toten nach Sturzflut in Nepal steigt auf rund 1.130;https://www.zeit.de/gesellschaft/zeitgeschehen/2026-09/sturzflut-himalaya-nepal-tibet-gletscherabbruch-gxe;Nach der Sturzflut im Himalaya steigt die Zahl der Toten weiter an. Viele Leichen können bisher nicht identifiziert werden. Die Suche nach Vermissten geht weiter.;Sturzflut im Himalaya;Gesellschaft, Sturzflut im Himalaya, Nepal, Himalaya, Gletscher, Naturkatastrophe, WHO, Seuche;2026-09-02T08:27:59+02:00;2026-09-02T08:27:59+02:00;bda;DIE ZEIT,        dpa,        							bda;false
75ed92aa2095c25cf4801c6dd4a9848c6fad28871e2d60cd996efecfd98a20b1;Stadtrat Ferrat: Rüge für Swingerparty wäre eine Ehre;https://www.zeit.de/news/2026-09/02/stadtrat-ferrat-ruege-fuer-swingerparty-waere-eine-ehre;Hier finden Sie Informationen zu dem Thema „Umstrittene Aktion“. Lesen Sie jetzt „Stadtrat Ferrat: Rüge für Swingerparty wäre eine Ehre“.;Umstrittene Aktion;News, Umstrittene Aktion, Julien Ferrat, Mannheim, Swingerparty, Rüge;2026-09-02T08:18:01+02:00;2026-09-02T08:18:01+02:00;;dpa Baden-Württemberg;false
4db37aad0e6deb080e0a2e776bb8e12aaf158782603a9fb4ea77003c83445140;Lars Klingbeil kann nach Schaden an Regierungsflieger zurückreisen;https://www.zeit.de/politik/deutschland/2026-09/lars-klingbeil-flugzeug-strukturschaden-usa-luftwaffe-gxe;Vor dem geplanten Heimflug des Finanzministers ist ein Defekt an der Tür seines Regierungsfliegers festgestellt worden. Dieser sei nun behoben.;Treffen der G-20-Finanzminister;Politik, Treffen der G-20-Finanzminister, Lars Klingbeil, G20, Flugzeug, USA, Luftwaffe, Finanzpolitik;2026-09-02T08:16:34+02:00;2026-09-02T08:16:34+02:00;voi;DIE ZEIT,        dpa,        							voi;false
da1ab346b65b89e3af5277c2798013a0f8ffc7615a7d28954b3e8e9a04216767;Zahl der Ebola-Toten im Kongo auf über 3.000 gestiegen;https://www.zeit.de/news/2026-09/02/zahl-der-ebola-toten-im-kongo-auf-ueber-3-000-gestiegen;Hier finden Sie Informationen zu dem Thema „Ebola im Kongo“. Lesen Sie jetzt „Zahl der Ebola-Toten im Kongo auf über 3.000 gestiegen“.;Ebola im Kongo;News, Ebola im Kongo, Kongo, Africa, CDC, Ebola, Todesfall, Virus;2026-09-02T08:13:54+02:00;2026-09-02T08:13:54+02:00;;dpa;false
5c32b13892f997f50b0f95ecb21de9c2e3921922b63033af1a0d305ed79eaf6c;Brandenburger Innenminister: Infrastruktur besser schützen;https://www.zeit.de/news/2026-09/02/brandenburger-innenminister-infrastruktur-besser-schuetzen;Hier finden Sie Informationen zu dem Thema „Sabotage am Stromnetz“. Lesen Sie jetzt „Brandenburger Innenminister: Infrastruktur besser schützen“.;Sabotage am Stromnetz;News, Sabotage am Stromnetz, Jan Redmann, Südbrandenburg, CDU, Polizei, Infrastruktur, Stromnetz, Sabotage;2026-09-02T08:09:26+02:00;2026-09-02T08:09:26+02:00;;dpa Berlin/Brandenburg;false
4facc81edb5023439e27776e006de120b3bc620fd56a56f52d734a777b222a2c;Zugbegleiter mit Messer bedroht – Mann nun in U-Haft;https://www.zeit.de/news/2026-09/02/zugbegleiter-mit-messer-bedroht-mann-nun-in-u-haft;Hier finden Sie Informationen zu dem Thema „Bei Kontrolle in Regionalbahn“. Lesen Sie jetzt „Zugbegleiter mit Messer bedroht – Mann nun in U-Haft“.;Bei Kontrolle in Regionalbahn;News, Bei Kontrolle in Regionalbahn, Frankfurt, Mannheim, Polizei, Regionalbahn, Fahrkartenkontrolle;2026-09-02T08:05:26+02:00;2026-09-02T08:05:26+02:00;;dpa Baden-Württemberg;false
b6a34c1ac7b85813f37e81405f2c11d8e6903a212649fb5f2bb44f8aaad1c89c;Offensivspieler Bahoya verlässt Eintracht Frankfurt;https://www.zeit.de/news/2026-09/02/offensivspieler-bahoya-verlaesst-eintracht-frankfurt;Hier finden Sie Informationen zu dem Thema „Fußball-Bundesliga“. Lesen Sie jetzt „Offensivspieler Bahoya verlässt Eintracht Frankfurt“.;Fußball-Bundesliga;News, Fußball-Bundesliga, Hugo Larsson, Arnaud Kalimuendo, Hessen, Eintracht Frankfurt, Leeds United, Fußball-Bundesliga, Transferphase, Kaufpflicht, Sommer;2026-09-02T08:00:16+02:00;2026-09-02T08:00:16+02:00;;dpa Hessen;false
398b18e1a41bafbe630e8f99d76aaf2f4f8c63535113484242a2852650148929;Mehr als 3.000 Ebola-Tote im Kongo;https://www.zeit.de/news/2026-09/02/mehr-als-3-000-ebola-tote-im-kongo;Hier finden Sie Informationen zu dem Thema „Gesundheit“. Lesen Sie jetzt „Mehr als 3.000 Ebola-Tote im Kongo“.;Gesundheit;News, Gesundheit, Kongo, Ebola;2026-09-02T07:58:28+02:00;2026-09-02T07:58:28+02:00;;dpa;false
27f89153a9e8c88cc7e0c4351b8d52a4a8da2e738de9f5f1e792cc2f617f27c9;Viele Wolken und Regen - so wird das Wetter in NRW;https://www.zeit.de/news/2026-09/02/viele-wolken-und-regen-so-wird-das-wetter-in-nrw;Hier finden Sie Informationen zu dem Thema „Vorhersage“. Lesen Sie jetzt „Viele Wolken und Regen - so wird das Wetter in NRW“.;Vorhersage;News, Vorhersage, NRW, DWD, Vorhersage, Wetter;2026-09-02T07:55:40+02:00;2026-09-02T07:55:40+02:00;;dpa Nordrhein-Westfalen;false
8f3b94c27c17d0ae2b250cdec0decf3b7e7595a76b5a7a01b2393089149eb35b;Aufbau der «Horbacher Kerb»: Drei Arbeiter verletzt;https://www.zeit.de/news/2026-09/02/aufbau-der-horbacher-kerb-drei-arbeiter-verletzt;Hier finden Sie Informationen zu dem Thema „Volksfest im Main-Kinzig-Kreis“. Lesen Sie jetzt „Aufbau der «Horbacher Kerb»: Drei Arbeiter verletzt“.;Volksfest im Main-Kinzig-Kreis;News, Volksfest im Main-Kinzig-Kreis, Main-Kinzig, Polizei, Volksfest, Freigericht, Aufbauarbeit;2026-09-02T07:45:22+02:00;2026-09-02T07:45:22+02:00;;dpa Hessen;false
a4111e09b48ef73d6499e5c6da1d10302e425000767a54b1f760cc109650c774;Mehrere Verletzte bei Explosion nahe Augsburger Hauptbahnhof;https://www.zeit.de/news/2026-09/02/explosion-in-gebaeudedurchgang-mehrere-menschen-verletzt;Hier finden Sie Informationen zu dem Thema „Polizeieinsatz“. Lesen Sie jetzt „Mehrere Verletzte bei Explosion nahe Augsburger Hauptbahnhof“.;Polizeieinsatz;News, Polizeieinsatz, Augsburg, Polizei, Gebäudedurchgang, Explosion, Polizeieinsatz;2026-09-02T07:44:31+02:00;2026-09-02T07:44:31+02:00;;dpa Bayern;false
ec13e80d3c85b82a8e71693b246de2dd751bbe3d05911714c54961014f91dc3c;US-Richter ordnet Prozess gegen mutmaßlichen Kirk-Attentäter an;https://www.zeit.de/politik/ausland/2026-09/charlie-kirk-erschossener-aktivist-prozess-maga-todesstrafe;Der mutmaßliche Mörder des Maga-Aktivisten Charlie Kirk muss sich vor Gericht in sieben Anklagepunkten verantworten. Ihm droht bei einer Verurteilung die Todesstrafe.;Charlie Kirk;Politik, Charlie Kirk, Charlie Kirk, Tötungsdelikt, Gericht, Donald Trump, Gerichtsverfahren, USA;2026-09-02T07:43:19+02:00;2026-09-02T07:43:19+02:00;spr;DIE ZEIT,        dpa,        Reuters,        							spr;false
54b7ff83a1bcaf887b469008b3d68c6d6f3e2d123b0ecfaf09b85fb70a029180;Kommt jetzt doch der Aufschwung?;https://www.zeit.de/wirtschaft/bundesregierung-tracker-performance-wirtschaft-bip-arbeitslosigkeit;Die Wirtschaft wächst, die Stimmung der Unternehmen verbessert sich. Unser Überblick über die Konjunkturdaten zeigt, ob eine Wende in Sicht ist.;"Z+ (abopflichtiger Inhalt);
        
    Deutsche Wirtschaft";Wirtschaft, Deutsche Wirtschaft, Bundesregierung, Wirtschaftspolitik, Energiekosten, Arbeitslosenquote, Konjunktur, Bruttoinlandsprodukt;2026-09-02T07:35:38+02:00;2026-09-02T07:35:38+02:00;Dana HajekMark SchieritzJulian Stahnke;;false
f390c0ee17a3efcbaab5b1bcef60c326f56e7d1329c24e95cc758ebeb9f42555;Gewitter im Anmarsch: Wann es besonders nass wird;https://www.zeit.de/news/2026-09/02/gewitter-im-anmarsch-wann-es-besonders-nass-wird;Hier finden Sie Informationen zu dem Thema „Wetter“. Lesen Sie jetzt „Gewitter im Anmarsch: Wann es besonders nass wird“.;Wetter;News, Wetter, Niedersachsen, Bremen, DWD, Gewitter, Anmarsch, Wetter;2026-09-02T07:33:57+02:00;2026-09-02T07:33:57+02:00;;dpa Niedersachsen;false
0694d485d8c88219582c6422737b37d14359d9867af1a8ecd4bc8547fc979e4a;Nach Sturzflut: Zahl der Toten in Nepal steigt auf 1.127;https://www.zeit.de/news/2026-09/02/nach-sturzflut-zahl-der-toten-in-nepal-steigt-auf-1-127;Hier finden Sie Informationen zu dem Thema „Flutkatastrophe im Himalaya“. Lesen Sie jetzt „Nach Sturzflut: Zahl der Toten in Nepal steigt auf 1.127“.;Flutkatastrophe im Himalaya;News, Flutkatastrophe im Himalaya, Nepal, Himalaya, China, Polizei, Sturzflut, Flutkatastrophe, Familie;2026-09-02T07:31:05+02:00;2026-09-02T07:31:05+02:00;;dpa;false
632a79fc5cad2aca33e0ff37473fcbf88fb6a8da03921de9c137d32040aa21a4;Fegebank unterstützt Vorstoß für AfD-Verbot;https://www.zeit.de/news/2026-09/02/fegebank-unterstuetzt-vorstoss-fuer-afd-verbot;Hier finden Sie Informationen zu dem Thema „Debatte um AfD-Verbot“. Lesen Sie jetzt „Fegebank unterstützt Vorstoß für AfD-Verbot“.;Debatte um AfD-Verbot;News, Debatte um AfD-Verbot, Katharina Fegebank, Boris Pistorius, Cem Özdemir, Hamburg, Thüringen, Sachsen-Anhalt, Alternative für Deutschland, Deutsche Presse-Agentur, Verfassungsschutz, SPD;2026-09-02T07:30:05+02:00;2026-09-02T07:30:05+02:00;;dpa Hamburg/Schleswig-Holstein;false
ec2a9233fc3f7a4876e039a1c180ab62b07863f5c038c02a315527092a167ebb;Gebäudekomplex in Gardelegen brennt – Warnung für Anwohner;https://www.zeit.de/news/2026-09/02/gebaeudekomplex-in-gardelegen-brennt-warnung-fuer-anwohner;Hier finden Sie Informationen zu dem Thema „Feuerwehr-Einsatz“. Lesen Sie jetzt „Gebäudekomplex in Gardelegen brennt – Warnung für Anwohner“.;Feuerwehr-Einsatz;News, Feuerwehr-Einsatz, Gardelegen, Salzwedel, Altmark, Feuerwehr, Gebäudekomplex, Altmarkkreis, Leitstelle;2026-09-02T07:16:41+02:00;2026-09-02T07:16:41+02:00;;dpa Sachsen;false
30534e990e97bd424b28e6e89921e070464fa1595c5282e56354b83846905b2c;Nach 200 Tagen auf See: US-Soldaten erholen sich in Pattaya;https://www.zeit.de/news/2026-09/02/nach-200-tagen-auf-see-us-soldaten-erholen-sich-in-pattaya;Hier finden Sie Informationen zu dem Thema „US-Flugzeugträger in Thailand“. Lesen Sie jetzt „Nach 200 Tagen auf See: US-Soldaten erholen sich in Pattaya“.;US-Flugzeugträger in Thailand;News, US-Flugzeugträger in Thailand, Abraham Lincoln, Robert E. Loughran, Thailand, Pattaya, Chon Buri, San Diego, Iran, Bangkok, Lincoln, Pazifik;2026-09-02T07:15:53+02:00;2026-09-02T07:15:53+02:00;;dpa;false
7c014ada327e5fdd14242ecabf1fd3154b2c91ee0e0e213ae14dd0f5aa48e368;Großeinsatz der Feuerwehr bei Brand im Entsorgungsbetrieb;https://www.zeit.de/news/2026-09/02/grosseinsatz-der-feuerwehr-bei-brand-im-entsorgungsbetrieb;Hier finden Sie Informationen zu dem Thema „Löscharbeiten beendet“. Lesen Sie jetzt „Großeinsatz der Feuerwehr bei Brand im Entsorgungsbetrieb“.;Löscharbeiten beendet;News, Löscharbeiten beendet, Feuerwehr, Entsorgungsbetrieb, Löscharbeit, Großeinsatz;2026-09-02T07:14:45+02:00;2026-09-02T07:14:45+02:00;;dpa Rheinland-Pfalz/Saarland;false
389024b2b98dcbe22851c69294a35c5732f26c5226b454d7bc2a3168b502c9af;Viele Wolken bei sommerlichen Temperaturen;https://www.zeit.de/news/2026-09/02/viele-wolken-bei-sommerlichen-temperaturen;Hier finden Sie Informationen zu dem Thema „Wettervorhersage“. Lesen Sie jetzt „Viele Wolken bei sommerlichen Temperaturen“.;Wettervorhersage;News, Wettervorhersage, Saarland, Rheinland-Pfalz, Wettervorhersage, Temperatur, Wetter;2026-09-02T07:09:08+02:00;2026-09-02T07:09:08+02:00;;dpa Rheinland-Pfalz/Saarland;false
921924025803318ff6ed33760b793aa60e2ea31f018e564e77710621f67c5ee0;Temperaturen steigen, aber es soll regnen und gewittern;https://www.zeit.de/news/2026-09/02/temperaturen-steigen-aber-es-soll-regnen-und-gewittern;Hier finden Sie Informationen zu dem Thema „Wettervorhersage“. Lesen Sie jetzt „Temperaturen steigen, aber es soll regnen und gewittern“.;Wettervorhersage;News, Wettervorhersage, Berlin, Brandenburg, Temperatur, Wettervorhersage;2026-09-02T07:07:06+02:00;2026-09-02T07:07:06+02:00;;dpa Berlin/Brandenburg;false
ce435b98e35442a2bc1e3c48a8be57dcec71673c9428ceff5fb161ecd78c5e7f;Regenschirm parat? Unbeständiges Wochenende in MV;https://www.zeit.de/news/2026-09/02/regenschirm-parat-unbestaendiges-wochenende-in-mv;Hier finden Sie Informationen zu dem Thema „Wetter“. Lesen Sie jetzt „Regenschirm parat? Unbeständiges Wochenende in MV“.;Wetter;News, Wetter, Regen, Mecklenburg-Vorpommern, DWD, Regenschirm, Regenschirmpause, Wetter;2026-09-02T07:02:18+02:00;2026-09-02T07:02:18+02:00;;dpa Mecklenburg-Vorpommern;false
1119373f9fab585a4c0bfb06c7f1fc04f2e19201c8e88bf211a640cf942d62c0;Zwei Drittel aller Kitas haben nicht genug Personal;https://www.zeit.de/bildung/2026-09/kita-bericht-paritaetischer-personalschluessel-fachkraeftemangel-ostdeutschland-gxe;Einer Umfrage zufolge fehlen mehr als 100.000 pädagogische Fachkräfte in den Kitas. In mehr als der Hälfte mussten deshalb zuletzt Betreuungszeiten gekürzt werden.;Kita-Bericht;Bildung, Kita-Bericht, Kindergarten, Kinderbetreuung, Fachkräftemangel, Pädagogik, Kinder, Kindererziehung;2026-09-02T06:54:05+02:00;2026-09-02T06:54:05+02:00;bam;DIE ZEIT,        dpa,        							bam;false
70b07830a27d538b3979f9b6a7f1723c6e6df3b4a203fe69081ce3642dc5220c;Wechselhaftes Wetter in Hessen – Süden wird sommerlich warm;https://www.zeit.de/news/2026-09/02/wechselhaftes-wetter-in-hessen-sueden-wird-sommerlich-warm;Hier finden Sie Informationen zu dem Thema „Wettervorhersage“. Lesen Sie jetzt „Wechselhaftes Wetter in Hessen – Süden wird sommerlich warm“.;Wettervorhersage;News, Wettervorhersage, Offenbach, Südwest, Hessen, DWD, Wettervorhersage, Schauerrisiko, Höchsttemperatur, Wetter;2026-09-02T06:39:03+02:00;2026-09-02T06:39:03+02:00;;dpa Hessen;false
9e89e59b267eca150505f3a4a35fe02aa90a5363e3722b864a3d56de9f6f675d;Welche Literaturstars man jetzt in Berlin erleben kann;https://www.zeit.de/news/2026-09/02/welche-literaturstars-man-jetzt-in-berlin-erleben-kann;Hier finden Sie Informationen zu dem Thema „Festival“. Lesen Sie jetzt „Welche Literaturstars man jetzt in Berlin erleben kann“.;Festival;News, Festival, Han Kang, Dave Eggers, Douglas Stuart, Shuggie Bain, Berlin, Schottland, Literaturfestival, Belletristik;2026-09-02T06:30:05+02:00;2026-09-02T06:30:05+02:00;;dpa Berlin/Brandenburg;false
be76583dee025fb6c2c5189ef83be386b7d136e295e7b95f8e34ddb72efa88cf;Thering will Klimaziel 2040 wieder kippen;https://www.zeit.de/news/2026-09/02/thering-will-klimaziel-2040-wieder-kippen;Hier finden Sie Informationen zu dem Thema „Zukunftsentscheid“. Lesen Sie jetzt „Thering will Klimaziel 2040 wieder kippen“.;Zukunftsentscheid;News, Zukunftsentscheid, Hamburg, CDU, Deutsche Presse-Agentur, Bürgerschaftswahl, Klimaziel, Zukunftsentscheid, Klimaneutralität, Rückabwicklung, Oppositionsführer, Volksentscheid;2026-09-02T06:30:04+02:00;2026-09-02T06:30:04+02:00;;dpa Hamburg/Schleswig-Holstein;false
1d5989010c080e2bbbfc39a102280793232b1579c3b1872c6d39bcc430b537a7;Stürmische Tage im Norden – Gewitter und Regen im Anmarsch;https://www.zeit.de/news/2026-09/02/stuermische-tage-im-norden-gewitter-und-regen-im-anmarsch;Hier finden Sie Informationen zu dem Thema „Wetter“. Lesen Sie jetzt „Stürmische Tage im Norden – Gewitter und Regen im Anmarsch“.;Wetter;News, Wetter, Hamburg, Schleswig-Holstein, Helgoland, DWD, Gewitter, Anmarsch, Septemberbeginn, Wetter;2026-09-02T06:27:19+02:00;2026-09-02T06:27:19+02:00;;dpa Hamburg/Schleswig-Holstein;false
6a96a015fa5ceda1079f050e416e2293295bbf65a21752692db38cba61b12864;Carro: «Wir führen jetzt einen Kampf gegen Infantino»;https://www.zeit.de/news/2026-09/02/carro-wir-fuehren-jetzt-einen-kampf-gegen-infantino;Hier finden Sie Informationen zu dem Thema „Kritik am FIFA-Präsidenten“. Lesen Sie jetzt „Carro: «Wir führen jetzt einen Kampf gegen Infantino»“.;Kritik am FIFA-Präsidenten;News, Kritik am FIFA-Präsidenten, Fernando Carro, Gianni Infantino, Fifa, Bayer 04 Leverkusen, Kritik;2026-09-02T06:11:05+02:00;2026-09-02T06:11:05+02:00;;dpa Nordrhein-Westfalen;false
f1179e50b654f37c1d9633a09f4199ef873d754c2f4956633a26c89fe2416db1;Motorradfahrer prallt gegen Baum – lebensgefährlich verletzt;https://www.zeit.de/news/2026-09/02/motorradfahrer-prallt-gegen-baum-lebensgefaehrlich-verletzt;Hier finden Sie Informationen zu dem Thema „Schwerer Unfall“. Lesen Sie jetzt „Motorradfahrer prallt gegen Baum – lebensgefährlich verletzt“.;Schwerer Unfall;News, Schwerer Unfall, Motorrad;2026-09-02T06:08:18+02:00;2026-09-02T06:08:18+02:00;;dpa Nordrhein-Westfalen;false
e4a5235af5ae71fa63e0d384d79622a892ab301a7b2fbc1f90a8d2652e9856f3;Pokal-Abend des BVB in Hamburg: «Hat man in der Form selten»;https://www.zeit.de/news/2026-09/02/pokal-abend-des-bvb-in-hamburg-hat-man-in-der-form-selten;Hier finden Sie Informationen zu dem Thema „DFB-Pokal“. Lesen Sie jetzt „Pokal-Abend des BVB in Hamburg: «Hat man in der Form selten»“.;DFB-Pokal;News, DFB-Pokal, Janek Wrede, Niko Kovač, Hamburg, Borussia Dortmund, Deutscher Fußball-Bund, Hamburger SV, Ehrenrunde, Volksparkstadion;2026-09-02T06:08:04+02:00;2026-09-02T06:08:04+02:00;;dpa Hamburg/Schleswig-Holstein;false
1f0dae1f3c9f20a8c261686a0a5afc24d91010995ca3001f4b26f0737c797a0a;Staatsanwaltschaft bearbeitet noch immer Strafanzeigen wegen Buckelwal;https://www.zeit.de/gesellschaft/zeitgeschehen/2026-09/buckelwal-timmy-ostsee-wismar-staatsanwaltschaft-schwerin-gxe;Ermittler in Schwerin prüfen weiterhin Anzeigen zum gestrandeten Wal – im dreistelligen Bereich. Die meisten berufen sich auf Tierschutz oder unterlassene Hilfeleistung.;Buckelwal;Gesellschaft, Buckelwal, Buckelwal, Schwerin, Wismar, Ostsee, Tierschutz, Justiz;2026-09-02T06:03:15+02:00;2026-09-02T06:03:15+02:00;spr;DIE ZEIT,        dpa,        							spr;false
b1a5d9eb325bbdd6a466065519aeb0579607caf896e47b265984bc44aa8edfc4;Was könnte eine AfD-Regierung mit absoluter Mehrheit tun?;https://www.zeit.de/news/2026-09/02/was-koennte-eine-afd-regierung-mit-absoluter-mehrheit-tun;Hier finden Sie Informationen zu dem Thema „Landtagswahl in Sachsen-Anhalt“. Lesen Sie jetzt „Was könnte eine AfD-Regierung mit absoluter Mehrheit tun?“.;Landtagswahl in Sachsen-Anhalt;News, Landtagswahl in Sachsen-Anhalt, Marcel Lewandowsky, Ulrich Siegmund, Stendal, Sachsen-Anhalt, Universität Halle, Alternative für Deutschland, Bundesrat, Landtagswahl in Sachsen, Landtagswahl, Midem;2026-09-02T06:00:11+02:00;2026-09-02T06:00:11+02:00;;dpa Sachsen;false
68036387769ff0172fdf4984091d7132407bc83f88a54029ce321ac8d9e0199c;Warum jetzt U-Boote in Hamburg für Stau sorgen;https://www.zeit.de/hamburg/2026-09/elbvertiefung-02-09-2026;Die Elbvertiefung am Mittwoch – mit einer Friedensforscherin zur Vorsorge im Kriegsfall und aufregenden Versuchen an einer Hamburger Grundschule.;Elbvertiefung: Der tägliche Newsletter aus Hamburg;Hamburg, Elbvertiefung: Der tägliche Newsletter aus Hamburg, Reinhard Lüken, Daniel Friedrich, Boris Pistorius, Andreas Dressel, Regine Seemann, Hamburg, Lemwerder, Blohmvoss, Kirchdorf-Süd, Bremen;2026-09-02T06:00:09+02:00;2026-09-02T06:00:09+02:00;Kristina Läsker;;false
4f0fc11f6c93cab5da00c0677e7e526a845a516a92d9929622fa7b2c03157b90;Umfrage: Über ein Drittel unzufrieden mit Landesregierung;https://www.zeit.de/news/2026-09/02/umfrage-ueber-ein-drittel-unzufrieden-mit-landesregierung;Hier finden Sie Informationen zu dem Thema „Stimmungsbarometer“. Lesen Sie jetzt „Umfrage: Über ein Drittel unzufrieden mit Landesregierung“.;Stimmungsbarometer;News, Stimmungsbarometer, Rheinland-Pfalz, Rhein, CDU, SPD, Umfrage, Landesregierung, Stimmungsbarometer, Koalition;2026-09-02T06:00:09+02:00;2026-09-02T06:00:09+02:00;;dpa Rheinland-Pfalz/Saarland;false
24e6b65324885256c246bdcaa0fa609dbbbbdcfba7799ba58996b715518e1a46;Sonne-Wolken-Mix in Bayern;https://www.zeit.de/news/2026-09/02/sonne-wolken-mix-in-bayern;Hier finden Sie Informationen zu dem Thema „Wetter in Bayern“. Lesen Sie jetzt „Sonne-Wolken-Mix in Bayern“.;Wetter in Bayern;News, Wetter in Bayern, Bayern, Donau, DWD, Alpennähe, Wetter;2026-09-02T05:59:59+02:00;2026-09-02T05:59:59+02:00;;dpa Bayern;false
e1d5a935525c2b43dcc3a179ca88c4b77b7d2609aa365e175b687c8bc6ffa32c;Jugger: Von der Nische zur Weltmeisterschaft;https://www.zeit.de/news/2026-09/02/jugger-von-der-nische-zur-weltmeisterschaft;Hier finden Sie Informationen zu dem Thema „Trendsport“. Lesen Sie jetzt „Jugger: Von der Nische zur Weltmeisterschaft“.;Trendsport;News, Trendsport, Lester Balz, Hans Gottschalt, Dresden, Europa, Australien, Japan, USA, Halle, Jugger, Weltmeisterschaft;2026-09-02T05:57:06+02:00;2026-09-02T05:57:06+02:00;;dpa Sachsen;false
f6d5fb3fafdce11804a22e920267f9362b158d21670a2bbd83cdca66daef7663;Nie wieder Angst vor Gnocchi haben;https://www.zeit.de/zeit-magazin/wochenmarkt/2025-11/salbei-parmesan-gnocchi-rezept-wochenmarkt;"Amateurköche haben häufig großen Respekt vor Gnocchi. Dieses Rezept beweist, wie einfach und günstig die selbst gemachten Kartoffelkissen sein können. Und diese Soße!
";"Z+ (abopflichtiger Inhalt);
        
    Salbei-Parmesan-Gnocchi";vegetarische Rezepte;2026-09-02T05:47:06+02:00;2026-09-02T05:47:06+02:00;Georgina Hayden;;false
76879f44ee0daab8c909c4c68b20d0a41ea0a0f9cb10eeaed998e19376596ed7;Gedränge im Wahllokal? Rechte aktivieren gezielt Beobachter;https://www.zeit.de/news/2026-09/02/gedraenge-im-wahllokal-rechte-aktivieren-gezielt-beobachter;Hier finden Sie Informationen zu dem Thema „Landtagswahl“. Lesen Sie jetzt „Gedränge im Wahllokal? Rechte aktivieren gezielt Beobachter“.;Landtagswahl;News, Landtagswahl, Ulrich Siegmund, Tino Chrupalla, Sachsen, Sachsen-Anhalt, Alternative für Deutschland, Wahllokal, Gedränge, Wahlurne;2026-09-02T05:45:04+02:00;2026-09-02T05:45:04+02:00;;dpa;false
e5268163d9bed6b761e30646c3baec30317e1945f94b839d1a2eecaab69cdf7a;Psychische Belastung gefährdet Ausbildungserfolg;https://www.zeit.de/wirtschaft/2026-09/emotionale-belastung-ausbildung-azubis-wohlbefinden-abbruch-unternehmen-gxe;90 Prozent der Auszubildenden sind mit ihrer Ausbildung zufrieden. Gleichzeitig fühlt sich ein Teil emotional davon belastet. Das kann auch Folgen für den Betrieb haben.;Studie;Arbeit, Studie, Berufsausbildung, Bertelsmann Stiftung, Psychologie, Unternehmen, Psyche, Studie;2026-09-02T05:39:24+02:00;2026-09-02T05:39:24+02:00;dar;DIE ZEIT,        epd,        							dar;false
f5ff818c5669d03776cf1f8f3984a891905115afe9e19de11a4f46955a9a7011;Jetzt werd doch endlich grüüüüüüüüün!;https://www.zeit.de/2026/37/ampelschaltung-kreuzung-strassen-verkehr-umlaufzeit-autos;Es ist nicht nur ein Gefühl: Ampeln verteilen ihr Grün nicht fair. Doch die Regeln dafür ändern sich gerade. Und die Ampel der Zukunft wird sogar Wünsche erfüllen.;"Z+ (abopflichtiger Inhalt);
        
    Ampelschaltung";Wissenschaft, Ampelschaltung, Autofahrer, Straßenverkehr, Verkehr, Mercedes-Benz;2026-09-02T05:39:21+02:00;2026-09-02T05:39:21+02:00;Viola KielStephan Dybus;Aus der        ZEIT Nr. 37/2026;false
cdb1902afe8b3a16bb4f4a4632a85fd3eafeba96d43b97491dc3300b176cfddc;Wie Prien die Kitas verbessern will. Und woran sie scheitern könnte;https://www.zeit.de/bildung/2026-09/kindertagesstaetten-kita-bericht-fachkraefte-gesetz-kabinett;Das Kita-Gesetz soll heute durchs Kabinett gehen und endlich die frühkindliche Bildung stärken. Doch die entscheidende Auseinandersetzung steht noch aus.;"Z+ (abopflichtiger Inhalt);
        
    Kindertagesstätten";Bildung, Kindertagesstätten, Karin Prien, Kindertagesstätte, Kindergarten, Kinderbetreuung, Kinder, Familienpolitik;2026-09-02T05:35:51+02:00;2026-09-02T05:35:51+02:00;Johanna Schoener;;false
ce3b8ba8fae8d0ff1f4f4a4f3a0659074bcf42d79b5ed0c1939af57ceecb99cf;Erbfolge bremst Frauen als Chefinnen auf dem Bauernhof aus;https://www.zeit.de/news/2026-09/02/erbfolge-bremst-frauen-als-chefinnen-auf-dem-bauernhof-aus;Hier finden Sie Informationen zu dem Thema „Jahr der Landfrauen“. Lesen Sie jetzt „Erbfolge bremst Frauen als Chefinnen auf dem Bauernhof aus“.;Jahr der Landfrauen;News, Jahr der Landfrauen, Braunschweig, Niedersachsen, Erbfolge, Bauernhof, Tradition, Familie;2026-09-02T05:30:07+02:00;2026-09-02T05:30:07+02:00;;dpa Niedersachsen;false
c023be75a847dc5516fb7969a053f379098ce138f300490989025dcb3c58f9f3;Sonnige Tage im Südwesten – Temperaturen bis zu 32 Grad;https://www.zeit.de/news/2026-09/02/sonnige-tage-im-suedwesten-temperaturen-bis-zu-32-grad;Hier finden Sie Informationen zu dem Thema „Wetteraussichten“. Lesen Sie jetzt „Sonnige Tage im Südwesten – Temperaturen bis zu 32 Grad“.;Wetteraussichten;News, Wetteraussichten, DWD, Südwesten, Wetteraussicht, Temperatur, Herbst, Wetter;2026-09-02T05:30:06+02:00;2026-09-02T05:30:06+02:00;;dpa Baden-Württemberg;false
cdc00158fd3b0724ed4602c5884b00b4e347e1b5450d54214b8e0dec84a35d3e;USA und Iran greifen sich gegenseitig an;https://www.zeit.de/politik/ausland/2026-09/usa-iran-angriffe-strasse-von-hormus-revolutionsgarden-donald-trump;Das US-Militär hat den Iran angegriffen, die Führung in Teheran antwortet mit Beschuss auf Golfstaaten. Die Revolutionsgarde wirft den USA Angriffe auf zivile Ziele vor.;Krieg im Iran;Politik, Krieg im Iran, Straße von Hormus, USA, Iran, Erdöl, Militär, Donald Trump;2026-09-02T05:18:28+02:00;2026-09-02T05:18:28+02:00;spr;DIE ZEIT,        AFP,        dpa,        Reuters,        							spr;false
1e4ddeddf8c1c0c45123645e232c65aa404a591b1d70527b1eecf87a2cb8b1e8;Chance auf Gewinn: Werders Millionen-Enttäuschung wieder weg;https://www.zeit.de/news/2026-09/02/chance-auf-gewinn-werders-millionen-enttaeuschung-wieder-weg;Hier finden Sie Informationen zu dem Thema „Mbangula nach Bologna“. Lesen Sie jetzt „Chance auf Gewinn: Werders Millionen-Enttäuschung wieder weg“.;Mbangula nach Bologna;News, Mbangula nach Bologna, Clemens Fritz, Bologna, Italien, Bremen, Juventus Turin, FC Bologna, SV Werder Bremen, Bundesliga;2026-09-02T05:16:04+02:00;2026-09-02T05:16:04+02:00;;dpa Niedersachsen;false
838c1a64adcb2210cc1f9d78409f7a36c6c9ac7cfd531217a5510b8f53a004b4;Ter Stegen: «Tolles Gespräch» mit Neu-Bundestrainer Klopp;https://www.zeit.de/news/2026-09/02/ter-stegen-tolles-gespraech-mit-neu-bundestrainer-klopp;Hier finden Sie Informationen zu dem Thema „Fußball-Nationalmannschaft“. Lesen Sie jetzt „Ter Stegen: «Tolles Gespräch» mit Neu-Bundestrainer Klopp“.;Fußball-Nationalmannschaft;News, Fußball-Nationalmannschaft, Jürgen Klopp, Marc-André ter Stegen, Amsterdam, Ajax Amsterdam, Bundestrainer, Fußballnationalmannschaft;2026-09-02T05:05:04+02:00;2026-09-02T05:05:04+02:00;;dpa Sport;false
ab10a92c7743e9b1d95bcd750d37b8cb3b12eddd7cc1237a47775256f040b0bf;Das neue Schuljahr in Nordrhein-Westfalen beginnt;https://www.zeit.de/news/2026-09/02/das-neue-schuljahr-in-nordrhein-westfalen-beginnt;Hier finden Sie Informationen zu dem Thema „Der erste Schultag“. Lesen Sie jetzt „Das neue Schuljahr in Nordrhein-Westfalen beginnt“.;Der erste Schultag;News, Der erste Schultag, Dorothee Feller, NRW, Nordrhein-Westfalen, CDU, Schuljahr, Schultag, Sommerferien, Erstklässler, Sicherheit, Familie;2026-09-02T05:00:21+02:00;2026-09-02T05:00:21+02:00;;dpa Nordrhein-Westfalen;false
59101ad8a78f186f8c9bb991066aa14a613557c74ee8fb00cf5e57df2a73d1bd;Buckelwal «Timmy» beschert Staatsanwaltschaft Arbeit;https://www.zeit.de/news/2026-09/02/buckelwal-timmy-beschert-staatsanwaltschaft-arbeit;Hier finden Sie Informationen zu dem Thema „Sechs Monate nach Erstsichtung“. Lesen Sie jetzt „Buckelwal «Timmy» beschert Staatsanwaltschaft Arbeit“.;Sechs Monate nach Erstsichtung;News, Sechs Monate nach Erstsichtung, Till Backhaus, Schwerin, Wismar, Poel, Nordsee, Staatsanwaltschaft, Buckelwal, Erstsichtung, Ostseeküste, Tiere;2026-09-02T05:00:20+02:00;2026-09-02T05:00:20+02:00;;dpa Hamburg/Schleswig-Holstein;false
9abb0926ac417e849a9cfb40123ad18266a3eddb0941da4cc5a0921999dc0e97;Acht deutsche Familienunternehmen älter als 400 Jahre;https://www.zeit.de/news/2026-09/02/acht-deutsche-familienunternehmen-aelter-als-400-jahre;Hier finden Sie Informationen zu dem Thema „Krisenresistent“. Lesen Sie jetzt „Acht deutsche Familienunternehmen älter als 400 Jahre“.;Krisenresistent;News, Krisenresistent, München, NRW, Bayern, Baden-Württemberg, Kreuztal, Stolberg, Stiftung Familienunternehmen, Familienunternehmen, Katastrophe, Firmengeschichte;2026-09-02T05:00:19+02:00;2026-09-02T05:00:19+02:00;;dpa;false
86125e6f72f916368b17a46e5b89899654091640e589dba7919a325a28e44246;Menschen wollen gesund alt werden - aber ohne Aufpreis;https://www.zeit.de/news/2026-09/02/menschen-wollen-gesund-alt-werden-aber-ohne-aufpreis;Hier finden Sie Informationen zu dem Thema „Studie“. Lesen Sie jetzt „Menschen wollen gesund alt werden - aber ohne Aufpreis“.;Studie;News, Studie, Osnabrück, Heristo, SV Bad Rothenfelde, Aufpreis, Lebensmittel;2026-09-02T05:00:16+02:00;2026-09-02T05:00:16+02:00;;dpa Niedersachsen;false
3e451d8b08226f4fb6c23dff4df6eafa01f3705b656d2d1fbd898b11a966bdae;Sozialer und politischer Wandel größte Sorge in Deutschland;https://www.zeit.de/news/2026-09/02/sozialer-und-politischer-wandel-groesste-sorge-in-deutschland;Hier finden Sie Informationen zu dem Thema „Grübeln in der Nacht“. Lesen Sie jetzt „Sozialer und politischer Wandel größte Sorge in Deutschland“.;Grübeln in der Nacht;News, Grübeln in der Nacht, Australien, Türkei, Allianz SE, Dax;2026-09-02T05:00:06+02:00;2026-09-02T05:00:06+02:00;;dpa Bayern;false
289fa26811b735e9c40ff02789df3b24e58621a339b7f6f759accc65ae396481;G20-Finanzminister einigen sich auf Erklärung ohne China;https://www.zeit.de/politik/ausland/2026-09/g20-finanzminister-asheville-strasse-von-hormus-china-russland;Beim Treffen der G20-Finanzminister in Asheville fordern die USA von China, weniger zu exportieren. China lehnt die gemeinsame Gipfelerklärung als einziges Land ab.;G20-Treffen in den USA;Politik, G20-Treffen in den USA, G20, Finanzpolitik, Lars Klingbeil, Straße von Hormus, China, USA, Russland;2026-09-02T04:32:29+02:00;2026-09-02T04:32:29+02:00;eca;DIE ZEIT,        AFP,        Reuters,        dpa,        AP,        							eca;false
22acf70e2d49d9e2d0126b4175c5fca18fb6925a5078722384e572aeccc1fbe6;«Vaterland»: Thomas Mann und die Last der Heimat;https://www.zeit.de/news/2026-09/02/vaterland-thomas-mann-und-die-last-der-heimat;Hier finden Sie Informationen zu dem Thema „Neu im Kino“. Lesen Sie jetzt „«Vaterland»: Thomas Mann und die Last der Heimat“.;Neu im Kino;News, Neu im Kino, Thomas Mann, Pawel Pawlikowski, Hanns Zischler, Sandra Hüller, August Diehl, Klaus Mann, Ruinen, Frankfurt am Main, Weimar, Kalter Krieg;2026-09-02T04:30:08+02:00;2026-09-02T04:30:08+02:00;;dpa;false
5e1a18eacd118ecf0ad2f0cfd9a1f5bb6e50678ac6ec511dfd70bbb9a3582a99;Sardinen in Lebensmittelgeschäften teilweise knapp;https://www.zeit.de/news/2026-09/02/sardinen-in-lebensmittelgeschaeften-teilweise-knapp;Hier finden Sie Informationen zu dem Thema „Einzelhandel“. Lesen Sie jetzt „Sardinen in Lebensmittelgeschäften teilweise knapp“.;Einzelhandel;News, Einzelhandel, Stefan Meyer, Marokko, Deutsche Presse-Agentur, ALDI, Rewe, Lebensmittelgeschäft, Einzelhandel, Discounter, Lebensmittel;2026-09-02T04:30:05+02:00;2026-09-02T04:30:05+02:00;;dpa;false
f2859aa7b230aea30fbbd8f6746a9cf316f04b2995da0f38d35159cb8087cf0f;A43 wird zwischen Bochum und Recklinghausen voll gesperrt;https://www.zeit.de/news/2026-09/02/a43-wird-zwischen-bochum-und-recklinghausen-voll-gesperrt;Hier finden Sie Informationen zu dem Thema „Autobahn gesperrt“. Lesen Sie jetzt „A43 wird zwischen Bochum und Recklinghausen voll gesperrt“.;Autobahn gesperrt;News, Autobahn gesperrt, Bochum, Recklinghausen;2026-09-02T04:30:04+02:00;2026-09-02T04:30:04+02:00;;dpa Nordrhein-Westfalen;false
ad9b6ee6d5d8a43e3988d66388aa389ad31f8f47a7210c219865c3a3b7057738;Mehr Kinder und Jugendliche bekommen Diagnose ADHS;https://www.zeit.de/news/2026-09/02/mehr-kinder-und-jugendliche-bekommen-diagnose-adhs;Hier finden Sie Informationen zu dem Thema „Neudiagnose“. Lesen Sie jetzt „Mehr Kinder und Jugendliche bekommen Diagnose ADHS“.;Neudiagnose;News, Neudiagnose, Rheinland-Pfalz, DAK-Gesundheit, DAK, Neudiagnose, Diagnose, Jugendreport, ADHS;2026-09-02T04:15:04+02:00;2026-09-02T04:15:04+02:00;;dpa Rheinland-Pfalz/Saarland;false
cf860cccb0bbe842e774c80f2c4460132f5697c4d9564ca0a8e57b3701501fb0;Weniger Sommergerste - Was das für die Brauereien bedeutet;https://www.zeit.de/news/2026-09/02/weniger-sommergerste-was-das-fuer-die-brauereien-bedeutet;Hier finden Sie Informationen zu dem Thema „Bayerisches Bier“. Lesen Sie jetzt „Weniger Sommergerste - Was das für die Brauereien bedeutet“.;Bayerisches Bier;News, Bayerisches Bier, Walter König, Bayern, Sommergerste, Brauerei, Braugerste, Anbaufläche, Herbst;2026-09-02T04:10:04+02:00;2026-09-02T04:10:04+02:00;;dpa Bayern;false
0a58bd2cb4253f89cd083808db9bd77699343aa93a064e025766f64495979bd3;Notfall in Potsdamer Bergmann-Klinikum wird überprüft;https://www.zeit.de/news/2026-09/02/notfall-in-potsdamer-bergmann-klinikum-wird-ueberprueft;Hier finden Sie Informationen zu dem Thema „Krankenhausreform“. Lesen Sie jetzt „Notfall in Potsdamer Bergmann-Klinikum wird überprüft“.;Krankenhausreform;News, Krankenhausreform, Ernst von Bergmann, Potsdam, Gesundheitsministerium, Notfall, Gefäßchirurgie, Klinikum, Behandlungsverlauf, Begutachtungsverfahren, Krankenhausreform, Todesfall;2026-09-02T04:00:38+02:00;2026-09-02T04:00:38+02:00;;dpa Berlin/Brandenburg;false
2c1cef46ffb62448b490309dc5845cf01acc66d0423b74a52f01449041ec3d05;Hopfen hat bei Hitze gelitten - Geringere Ernte erwartet;https://www.zeit.de/news/2026-09/02/hopfen-hat-bei-hitze-gelitten-geringere-ernte-erwartet;Hier finden Sie Informationen zu dem Thema „Einziger Hopfenbauer“. Lesen Sie jetzt „Hopfen hat bei Hitze gelitten - Geringere Ernte erwartet“.;Einziger Hopfenbauer;News, Einziger Hopfenbauer, Andreas Dick, Holsthum, Südeifel, Rheinland-Pfalz, Ernte, Dürresommer, Hitzeschaden, Hitze;2026-09-02T04:00:33+02:00;2026-09-02T04:00:33+02:00;;dpa Rheinland-Pfalz/Saarland;false
f06ab0ea1bccabcea2d59786ba30cd9bbd611638ef80a36c4e69e23c650bf5a4;Noch keine Entscheidung bei Übernahme von Schlössern;https://www.zeit.de/news/2026-09/02/noch-keine-entscheidung-bei-uebernahme-von-schloessern;Hier finden Sie Informationen zu dem Thema „Adelsgeschlecht Haus Hessen“. Lesen Sie jetzt „Noch keine Entscheidung bei Übernahme von Schlössern“.;Adelsgeschlecht Haus Hessen;News, Adelsgeschlecht Haus Hessen, Hessen, Finanzministerium, Adelsgeschlecht, Übernahme;2026-09-02T04:00:31+02:00;2026-09-02T04:00:31+02:00;;dpa Hessen;false
5e27f755a4f0a8d74619c31c77cf8aa68ef52db838900b613998d7e6c5a0289b;Thüringen zieht Millionen aus Straftaten ein;https://www.zeit.de/news/2026-09/02/thueringen-zieht-millionen-aus-straftaten-ein;Hier finden Sie Informationen zu dem Thema „Justiz“. Lesen Sie jetzt „Thüringen zieht Millionen aus Straftaten ein“.;Justiz;News, Justiz, Thüringen, Deutsche Presse-Agentur, Staatsanwaltschaft, Straftat, Generalstaatsanwaltschaft, Drogen, Organisierte Kriminalität, Steuerhinterziehung, Kryptowährung;2026-09-02T04:00:29+02:00;2026-09-02T04:00:29+02:00;;dpa Thüringen;false
dece65899f7e96f49f059f16d24548c700186a0706c105c2b4115c2e18243263;Nach Irrfahrt in Gießen – so soll die Verhandlung laufen;https://www.zeit.de/news/2026-09/02/nach-irrfahrt-in-giessen-so-soll-die-verhandlung-laufen;Hier finden Sie Informationen zu dem Thema „Justiz“. Lesen Sie jetzt „Nach Irrfahrt in Gießen – so soll die Verhandlung laufen“.;Justiz;News, Justiz, Bleichstraße, Staatsanwaltschaft, Weihnachten, Irrfahrt, Hauptverhandlung, Verhandlung, Motivlage, Auto;2026-09-02T04:00:25+02:00;2026-09-02T04:00:25+02:00;;dpa Hessen;false
c1c6c8007c8f195d87458c356e112b87a6f5e06ba2d498b35b1f1c08e681d685;Tarifkonflikt bei Spielbanken spitzt sich zu;https://www.zeit.de/news/2026-09/02/tarifkonflikt-bei-spielbanken-spitzt-sich-zu;Hier finden Sie Informationen zu dem Thema „Streit um mehr Geld“. Lesen Sie jetzt „Tarifkonflikt bei Spielbanken spitzt sich zu“.;Streit um mehr Geld;News, Streit um mehr Geld, Frank Hawel, Stuttgart, Ver.di, Tarifkommission, Spielbank, Verhandlungsfähigkeit, Tarifkonflikt, Geld, Warnstreik;2026-09-02T04:00:24+02:00;2026-09-02T04:00:24+02:00;;dpa Baden-Württemberg;false
ac9871a5a296cd6e3fc1a8a86a2d35916e9b821d2f8db44d7efc2a78590425ba;500 Kilo-Bombe wird entschärft: «Umfang schon besonders»;https://www.zeit.de/news/2026-09/02/500-kilo-bombe-wird-entschaerft-umfang-schon-besonders;Hier finden Sie Informationen zu dem Thema „Am Mittwoch“. Lesen Sie jetzt „500 Kilo-Bombe wird entschärft: «Umfang schon besonders»“.;Am Mittwoch;News, Am Mittwoch, Lehnitz, Borgsdorf, Oranienburg, Umfang;2026-09-02T04:00:17+02:00;2026-09-02T04:00:17+02:00;;dpa Berlin/Brandenburg;false
de9d1012c30bd11d9457799f23c4a99374d52d69b73a09e6efc55f173d6bb84e;Leasing für Özdemirs Dienstwagen läuft bald aus;https://www.zeit.de/news/2026-09/02/leasing-fuer-oezdemirs-dienstwagen-laeuft-bald-aus;Hier finden Sie Informationen zu dem Thema „Nach Dienstwagen-Check“. Lesen Sie jetzt „Leasing für Özdemirs Dienstwagen läuft bald aus“.;Nach Dienstwagen-Check;News, Nach Dienstwagen-Check, Cem Özdemir, Mercedes-Benz, Deutsche Umwelthilfe e.V., Dienstwagen, Leasing;2026-09-02T04:00:16+02:00;2026-09-02T04:00:16+02:00;;dpa Baden-Württemberg;false
b262007eea406d351741448e64b779fd9097903ca97ffa4bd752e998f3194495;Weniger Asylsuchende – Sachsen schließt einige Unterkünfte;https://www.zeit.de/news/2026-09/02/weniger-asylsuchende-sachsen-schliesst-einige-unterkuenfte;Hier finden Sie Informationen zu dem Thema „Asylunterkünfte“. Lesen Sie jetzt „Weniger Asylsuchende – Sachsen schließt einige Unterkünfte“.;Asylunterkünfte;News, Asylunterkünfte, Mann, Sachsen, Dresden, Leipzig, Innenministerium, Europäische Union, Asylsuchende, Unterkunft, Regelkapazität, Freistaat;2026-09-02T04:00:14+02:00;2026-09-02T04:00:14+02:00;;dpa Sachsen;false
cc9f898b037ccb5cf7c1c50cef39a5888f0369b026173e2bca038ea108e36d6a;Fahrradbranche verliert Umsatz und Beschäftigung;https://www.zeit.de/news/2026-09/02/fahrradbranche-verliert-umsatz-und-beschaeftigung;Hier finden Sie Informationen zu dem Thema „«Krise noch nicht überwunden»“. Lesen Sie jetzt „Fahrradbranche verliert Umsatz und Beschäftigung“.;«Krise noch nicht überwunden»;News, «Krise noch nicht überwunden», China, Fahrradbranche, Umsatz, Branchenkrise, Krise, Fahrrad, Coronavirus;2026-09-02T04:00:13+02:00;2026-09-02T04:00:13+02:00;;dpa;false
911525637a7aed5d1fd653a0add542a5b9f156354e4cc5f4ce3734980f141025;Peter Kloeppel: Staatsoberhaupt sollte Spaltungen abbauen;https://www.zeit.de/news/2026-09/02/peter-kloeppel-staatsoberhaupt-sollte-spaltungen-abbauen;Hier finden Sie Informationen zu dem Thema „Präsidentenfrage“. Lesen Sie jetzt „Peter Kloeppel: Staatsoberhaupt sollte Spaltungen abbauen“.;Präsidentenfrage;News, Präsidentenfrage, Peter Kloeppel, RTL, Präsidentenfrage;2026-09-02T04:00:08+02:00;2026-09-02T04:00:08+02:00;;dpa Nordrhein-Westfalen;false
482f424917110a0205a4e601e78c4c35602afe5b670fc32f8310930aa5ab562a;100 Jahre Funkturm - das plant die Messe noch in diesem Jahr;https://www.zeit.de/news/2026-09/02/100-jahre-funkturm-das-plant-die-messe-noch-in-diesem-jahr;Hier finden Sie Informationen zu dem Thema „Events in Berlin“. Lesen Sie jetzt „100 Jahre Funkturm - das plant die Messe noch in diesem Jahr“.;Events in Berlin;News, Events in Berlin, Michael Pfeiffer, Berlin, Messe Berlin, Funkturm, Podcast, Restaurant;2026-09-02T04:00:07+02:00;2026-09-02T04:00:07+02:00;;dpa Berlin/Brandenburg;false
f9f23c51699d85688fdc6e51f8fac0e54a87bae8ac5caa653a073c84fdac0bef;A8 am Wochenende teils gesperrt: Worauf Fahrer achten müssen;https://www.zeit.de/news/2026-09/02/a8-am-wochenende-teils-gesperrt-worauf-fahrer-achten-muessen;Hier finden Sie Informationen zu dem Thema „Fahrtrichtung Stuttgart“. Lesen Sie jetzt „A8 am Wochenende teils gesperrt: Worauf Fahrer achten müssen“.;Fahrtrichtung Stuttgart;News, Fahrtrichtung Stuttgart, Stuttgart, Karlsruhe, Pforzheim-Süd;2026-09-02T04:00:06+02:00;2026-09-02T04:00:06+02:00;;dpa Baden-Württemberg;false
b705f8df2af876563233003c7b0a5ce54429fcbfe65f74b61eec6c62903ec6c7;«Immer wieder sonntags»: Schluss oder nur Pause?;https://www.zeit.de/news/2026-09/02/immer-wieder-sonntags-schluss-oder-nur-pause;Hier finden Sie Informationen zu dem Thema „Absetzung nach rund 30 Jahren“. Lesen Sie jetzt „«Immer wieder sonntags»: Schluss oder nur Pause?“.;Absetzung nach rund 30 Jahren;News, Absetzung nach rund 30 Jahren, Stefan Mross, Max Schautzer, Südwestrundfunk, SWR, Deutsche Presse-Agentur, Absetzung, Sparmaßnahme;2026-09-02T04:00:05+02:00;2026-09-02T04:00:05+02:00;;dpa Baden-Württemberg;false
803849fe883b6c0b53266baa017ba11d364ae12eea73f957448cec00aad60991;FC Bayern startet neue Pokal-Mission in Osnabrück;https://www.zeit.de/news/2026-09/02/fc-bayern-startet-neue-pokal-mission-in-osnabrueck;Hier finden Sie Informationen zu dem Thema „Fußball“. Lesen Sie jetzt „FC Bayern startet neue Pokal-Mission in Osnabrück“.;Fußball;News, Fußball, Vincent Kompany, Osnabrück, FC Bayern München, ARD, VfL Osnabrück, Fußball;2026-09-02T03:30:11+02:00;2026-09-02T03:30:11+02:00;;dpa Bayern;false
9618c9853b4a1943c7821708198b1c803460b5ec476d517d7955df6b25591971;Türkisches Spezialschiff taucht zum Fährwrack ab;https://www.zeit.de/news/2026-09/02/tuerkisches-spezialschiff-taucht-zum-faehrwrack-ab;Hier finden Sie Informationen zu dem Thema „Fährunglück von Zypern“. Lesen Sie jetzt „Türkisches Spezialschiff taucht zum Fährwrack ab“.;Fährunglück von Zypern;News, Fährunglück von Zypern, Cetin Kedioglu, Zypern, Canakkale, Türkei, Deutsche Presse-Agentur, Fährwrack, Spezialschiff, Fährunglück, Passagierfähre, Behördenangabe;2026-09-02T03:30:10+02:00;2026-09-02T03:30:10+02:00;;dpa;false
de04f999a118c0dc240fc0436fe4bb8a49e78de59a527559fa602d9024f7d689;Versucht Ehefrau zu töten - Prozess gegen 37-Jährigen;https://www.zeit.de/news/2026-09/02/versucht-ehefrau-zu-toeten-prozess-gegen-37-jaehrigen;Hier finden Sie Informationen zu dem Thema „Prozessbeginn“. Lesen Sie jetzt „Versucht Ehefrau zu töten - Prozess gegen 37-Jährigen“.;Prozessbeginn;News, Prozessbeginn, Kiel, Prozessbeginn;2026-09-02T03:30:09+02:00;2026-09-02T03:30:09+02:00;;dpa Hamburg/Schleswig-Holstein;false
c19baf652308a9a7491e660ba18f278700b9f930735a6461d57bdb2229270f65;Brandstiftung: Urteil in Prozess gegen Fotografen erwartet;https://www.zeit.de/news/2026-09/02/brandstiftung-urteil-in-prozess-gegen-fotografen-erwartet;Hier finden Sie Informationen zu dem Thema „Sechs Jahre Haft gefordert“. Lesen Sie jetzt „Brandstiftung: Urteil in Prozess gegen Fotografen erwartet“.;Sechs Jahre Haft gefordert;News, Sechs Jahre Haft gefordert, Mann, Brandstiftung;2026-09-02T03:30:05+02:00;2026-09-02T03:30:05+02:00;;dpa Sachsen;false
08599574e4c1a1da7c0d9b8b85c775e4e718d8aadb40c5bfb4db8c4ae3ce4def;Trump will Ausschluss von trans Soldaten vor Supreme Court durchsetzen;https://www.zeit.de/politik/ausland/2026-09/trans-menschen-us-militaer-donald-trump-entlassungen-supreme-court;Im Streit über die Entlassung von trans Menschen aus dem Militär zieht die US-Regierung vor das oberste Gericht. Ein Gericht hatte die Maßnahme als ungerecht abgewiesen.;US-Militär;Politik, US-Militär, Supreme Court, Transgender, Donald Trump, Gericht, USA, Militär;2026-09-02T03:02:50+02:00;2026-09-02T03:02:50+02:00;spr;DIE ZEIT,        dpa,        							spr;false
c8236c480496753a9d4cfceb9f301bffe2338dcb099c885ab7d88113063664d0;Deutsche Marine testet israelisches Raketensystem erfolgreich;https://www.zeit.de/politik/deutschland/2026-09/lora-raketensystem-israel-marine-bundeswehr-reichweite;Die mögliche Reichweite des Raketensystems Lora übersteige »alles, was wir bisher kannten«, teilt die Marine mit. Sie hat das System im Nordatlantik erfolgreich getestet.;Raketensystem Lora;Politik, Raketensystem Lora, Bundeswehr, Rakete, Marine, Israel, Atlantik, Russland;2026-09-02T02:40:12+02:00;2026-09-02T02:40:12+02:00;dar;DIE ZEIT,        dpa,        							dar;false
311a9e4470e4954e0ebeb2f03b7d1d1d4ef666515982e7fe1b58774c18244f1d;OpenAI kündigt ChatGPT-Modell mit stärkeren Sicherheitsvorkehrungen an;https://www.zeit.de/digital/internet/2026-09/openai-astra-chatgpt-modell-cybersicherheit-ki-hackerangriff;Das KI-Modell Astra von OpenAI soll mit mehr Sicherheitsmechanismen auf den Markt kommen. Zuvor hatte eine KI der Firma eigenständig einen Hackerangriff ausgeführt.  ;Künstliche Intelligenz;Digital, Künstliche Intelligenz, OpenAI, Hackerangriff, ChatGPT, IT-Sicherheit, Technologie, Computer;2026-09-02T02:36:57+02:00;2026-09-02T02:36:57+02:00;eca;DIE ZEIT,        AFP,        							eca;false
4a893a3b92124dfe3836dc7728253d1f1c27d885abe931a36bbf60f1ace225ff;Marine testet erfolgreich weitreichendes Raketensystem Lora;https://www.zeit.de/news/2026-09/02/marine-testet-erfolgreich-weitreichendes-raketensystem-lora;Hier finden Sie Informationen zu dem Thema „Verteidigung“. Lesen Sie jetzt „Marine testet erfolgreich weitreichendes Raketensystem Lora“.;Verteidigung;News, Verteidigung, Raketensystem;2026-09-02T01:42:43+02:00;2026-09-02T01:42:43+02:00;;dpa;false
3121ebd80eadc117cfc4ff80a3c2c68fe3498ab9fbb25578315b368ceaddd15d;SPD holt laut Umfrage in Mecklenburg-Vorpommern auf;https://www.zeit.de/politik/deutschland/2026-09/landtagswahl-mecklenburg-vorpommern-umfrage-afd-spd-manuela-schwesig;2021 kam die SPD in Mecklenburg-Vorpommern auf fast 40 Prozent. Nun holt sie einer neuen Umfrage zufolge zwar auf, die AfD liegt aber immer noch deutlich vorne.;Landtagswahl;Politik, Landtagswahl, Mecklenburg-Vorpommern, Landtagswahl, SPD, Manuela Schwesig, CDU, Alternative für Deutschland, Forsa;2026-09-02T01:06:14+02:00;2026-09-02T01:06:14+02:00;dar;DIE ZEIT,        AFP,        							dar;false
d491060d37cfc2fd78d61efd72c7ef6dff2c4291c2ad44b46932b19c7aba6d07;USA und Iran fliegen gegenseitige Angriffe;https://www.zeit.de/politik/ausland/2026-05/iran-krieg-donald-trump-hormus-live;Das US-Militär hat Donald Trump zufolge Ziele im Süden des Iran angegriffen. Die iranische Revolutionsgarde beschoss daraufhin US-Stützpunkte in Jordanien. Das Liveblog;Liveblog:                     Irankrieg;Politik, Irankrieg, USA, Donald Trump, Iran, Israel, Atomabkommen, Nahost, Militär;2026-09-02T04:35:22+00:00;2026-09-02T04:35:22+00:00;Jona SpreterSarah KohlerSimon Sales Prado;;false
1caa373bc596cd4062d56ead083376cd6b94d116b01b8f49bc6810339349940f;Bericht: Ex-Bayern-Profi Sanches löst Vertrag mit PSG auf;https://www.zeit.de/news/2026-09/02/bericht-ex-bayern-profi-sanches-loest-vertrag-mit-psg-auf;Hier finden Sie Informationen zu dem Thema „Fußball“. Lesen Sie jetzt „Bericht: Ex-Bayern-Profi Sanches löst Vertrag mit PSG auf“.;Fußball;News, Fußball, Renato Sanches, Bayern, Paris, Benfica Lissabon, Paris Saint-Germain, Paris SG, Bundesliga, Fußball;2026-09-02T00:53:34+02:00;2026-09-02T00:53:34+02:00;;dpa Bayern;false
76e86d4a9b72ad73b24427c640ab16fa3a4ac4cb1df198469e37a6955daa397e;Für über 20 Millionen: VfB-Talent Chema Andrés nach England;https://www.zeit.de/news/2026-09/02/fuer-ueber-20-millionen-vfb-talent-chema-andr-s-nach-england;Hier finden Sie Informationen zu dem Thema „Fußball-Bundesliga“. Lesen Sie jetzt „Für über 20 Millionen: VfB-Talent Chema Andrés nach England“.;Fußball-Bundesliga;News, Fußball-Bundesliga, Chema Andrés, England, VfB Stuttgart, Brighton & Hove Albion, Fußball-Bundesliga, Endspurt, Sommer;2026-09-02T00:42:00+02:00;2026-09-02T00:42:00+02:00;;dpa Baden-Württemberg;false
5888500871134329d753bcd921f908a1a40a9a6603df932c5aad845e33e87481;Venezuelas Parlament billigt Ölabkommen mit den USA;https://www.zeit.de/politik/ausland/2026-09/venezuela-usa-oel-abkommen-oelreserven-delcy-rodriguez;Ein Fünftel der größten bekannten Ölreserven soll künftig an die USA geliefert werden. Oppositionelle in Venezuela fordern mehr Transparenz zu der Vereinbarung. ;US-Ölabkommen;Politik, US-Ölabkommen, Venezuela, USA, Parlament, Erdöl, Opposition, Donald Trump;2026-09-02T00:34:16+02:00;2026-09-02T00:34:16+02:00;eca;DIE ZEIT,        AFP,        Reuters,        							eca;false
432defddf2bb941ad26b76aa092e86017e336a49ca0b178062680d48f15f13b1;Putin spricht bei Vormarsch in der Ukraine von Fortschritten;https://www.zeit.de/news/2026-09/02/putin-spricht-bei-vormarsch-in-der-ukraine-von-fortschritten;Hier finden Sie Informationen zu dem Thema „Russischer Angriffskrieg“. Lesen Sie jetzt „Putin spricht bei Vormarsch in der Ukraine von Fortschritten“.;Russischer Angriffskrieg;News, Russischer Angriffskrieg, Wladimir Putin, Bischkek, Swjatohirsk, Dobropillja, Südukraine, Kramatorsk, Vormarsch, Angriffskrieg, Fortschritt, Krieg in der Ukraine;2026-09-02T00:24:27+02:00;2026-09-02T00:24:27+02:00;;dpa;false
83530c3a97e56c7d17969abd8d62b15b724de79a0afc0add80c009ba7dd3dc49;Sachsens Innenminister nennt Anschlagsversuch »Staatsterrorismus«;https://www.zeit.de/politik/2026-09/anschlag-flughafen-leipzig-halle-drohne-russland-reaktion;Der Innenminister von Sachsen warnt vor einer »neuen terroristischen Bedrohung«. Die Grünen begrüßen die Reaktion des Bundes, kritisieren sie jedoch als überfällig.;Russland und Deutschland;Politik, Russland und Deutschland, Russland, Leipzig, Flughafen, Bundesregierung, Drohne, Bündnis 90/Die Grünen, Thomas Röwekamp, CDU;2026-09-02T00:22:25+02:00;2026-09-02T00:22:25+02:00;dar;DIE ZEIT,        dpa,        AFP,        							dar;false
909af46160ceb6f8414e658534d8d53a2c2699ca9ccb36445433df57b9337db5;Gaspreis erreicht in Europa höchsten Wert seit mehr als drei Jahren;https://www.zeit.de/wirtschaft/2026-09/europaeischer-gaspreis-ttf-boerse-niederlande-usa-iran;Nach der jüngsten Eskalation im Irankrieg sind die Gaspreise stark gestiegen. Neben der Sorge vor Lieferunterbrechungen verschärfen geringe Speicherstände die Lage.;Gasversorgung;Wirtschaft, Gasversorgung, Gaspreis, Erdöl, Europa, Iran, USA, Niederlande;2026-09-02T00:18:13+02:00;2026-09-02T00:18:13+02:00;spr;DIE ZEIT,        AFP,        Reuters,        							spr;false
bbabc0e5314ac36fc2b39b31cd1f64f68c8036b94f9f21c150d189018ec9c147;Forsa-Umfrage: AfD im Nordosten weiter vorn - Mehrheit offen;https://www.zeit.de/news/2026-09/02/forsa-umfrage-afd-im-nordosten-weiter-vorn-mehrheit-offen;Hier finden Sie Informationen zu dem Thema „Vor der Landtagswahl“. Lesen Sie jetzt „Forsa-Umfrage: AfD im Nordosten weiter vorn - Mehrheit offen“.;Vor der Landtagswahl;News, Vor der Landtagswahl, Mecklenburg-Vorpommern, Ostsee-Zeitung, Forsa, Alternative für Deutschland, SPD, CDU, Landtagswahl, Nordosten, Befragung;2026-09-02T00:01:05+02:00;2026-09-02T00:01:05+02:00;;dpa Mecklenburg-Vorpommern;false
1d76b8a5706456b82097abc7a1afe34e612eceefcaa603b4e61fa82021050e7d;Birthler: Demokraten im Osten weiter in Mehrheit;https://www.zeit.de/news/2026-09/02/birthler-demokraten-im-osten-weiter-in-mehrheit;Hier finden Sie Informationen zu dem Thema „Landtagswahl in Sachsen-Anhalt“. Lesen Sie jetzt „Birthler: Demokraten im Osten weiter in Mehrheit“.;Landtagswahl in Sachsen-Anhalt;News, Landtagswahl in Sachsen-Anhalt, Marianne Birthler, Ostdeutschland, Sachsen-Anhalt, Demokraten (USA), Alternative für Deutschland, RedaktionsNetzwerk Deutschland, Landtagswahl in Sachsen, Bundesbeauftragte;2026-09-02T00:01:04+02:00;2026-09-02T00:01:04+02:00;;dpa Sachsen;false
38e1a4d77c6ca36c2d4a9f41205d16180bbb07ff297131d3a8234f6ea8ff3c4a;Kalimuendo-Rückkehr wohl geplatzt - Larsson zu Fulham;https://www.zeit.de/news/2026-09/01/berichte-kalimuendo-rueckkehr-nach-frankfurt-geplatzt;Hier finden Sie Informationen zu dem Thema „Fußball-Bundesliga“. Lesen Sie jetzt „Kalimuendo-Rückkehr wohl geplatzt - Larsson zu Fulham“.;Fußball-Bundesliga;News, Fußball-Bundesliga, Arnaud Kalimuendo, Frankfurt, Nottingham, Eintracht Frankfurt, Fußball;2026-09-01T23:57:30+02:00;2026-09-01T23:57:30+02:00;;dpa Hessen;false
6a02ee5aad9f30e59c6b190de56dcbe777f51cea84b79f6a84bb02c481f749a3;Was geschah am 2. September?;https://www.zeit.de/news/2026-09/01/was-geschah-am-2-september;Hier finden Sie Informationen zu dem Thema „Kalenderblatt“. Lesen Sie jetzt „Was geschah am 2. September?“.;Kalenderblatt;News, Kalenderblatt, Agnetha Fältskog, Björn Ulvaeus, Benny Andersson, Anni-Frid Lyngstad, Emmerich, Abba, Kalenderblatt, Namenstag, Popgruppe;2026-09-01T23:55:04+02:00;2026-09-01T23:55:04+02:00;;dpa;false
7d190f7bbf2524ee762a6fb53a651219307603db6b0b3db39855a757aa9d3a83;Selenskyj warnt vor Flügen über Russland - Putin droht;https://www.zeit.de/news/2026-09/01/selenskyj-warnt-vor-fluegen-ueber-russland-putin-droht;Hier finden Sie Informationen zu dem Thema „Ukraine-Krieg“. Lesen Sie jetzt „Selenskyj warnt vor Flügen über Russland - Putin droht“.;Ukraine-Krieg;News, Ukraine-Krieg, Wladimir Putin, Wolodymyr Selenskyj, Russland, Kiew, Moskau, Kyjiw, Drohnenattacke, Luftraum, Krieg in der Ukraine, Drohne;2026-09-01T23:39:19+02:00;2026-09-01T23:39:19+02:00;;dpa;false
16955d8d421fd934fe844a7c29606d544472cd1ec9b685825f5a538574473a01;USA und Iran verkünden neue gegenseitige Angriffe;https://www.zeit.de/news/2026-09/01/us-militaer-greifen-wieder-ziele-im-iran-an;Hier finden Sie Informationen zu dem Thema „Krieg“. Lesen Sie jetzt „USA und Iran verkünden neue gegenseitige Angriffe“.;Krieg;News, Krieg, Iran, Teheran, US-Militär, United States Central Command, X, Revolutionsgarde;2026-09-01T23:36:27+02:00;2026-09-01T23:36:27+02:00;;dpa;false
c36891ad36320218b596bafaa00f3243a5b4ed602a1b9b65b14ae793c4df56e3;84-Jähriger fährt Fahrradfahrer an;https://www.zeit.de/news/2026-09/01/84-jaehriger-faehrt-fahrradfahrer-an;Hier finden Sie Informationen zu dem Thema „Verkehrsunfall“. Lesen Sie jetzt „84-Jähriger fährt Fahrradfahrer an“.;Verkehrsunfall;News, Verkehrsunfall, Güstrow, Polizei, Verkehrsunfall;2026-09-01T23:16:38+02:00;2026-09-01T23:16:38+02:00;;dpa Mecklenburg-Vorpommern;false
be0cb1e5a75680aa461da0b5b648cdde81aec1c67f7b376047f54f5525d362c0;Erst holprig, dann souverän: BVB gegen Fünftligisten weiter;https://www.zeit.de/news/2026-09/01/erst-holprig-dann-souveraen-bvb-gegen-fuenftligisten-weiter;Hier finden Sie Informationen zu dem Thema „DFB-Pokal“. Lesen Sie jetzt „Erst holprig, dann souverän: BVB gegen Fünftligisten weiter“.;DFB-Pokal;News, DFB-Pokal, Daniel Svensson, Samuele Inacio, Fabio Silva, Hamburg, Dortmund, Borussia Dortmund, Deutscher Fußball-Bund, Hamburger SV, Anlaufzeit;2026-09-01T22:44:33+02:00;2026-09-01T22:44:33+02:00;;dpa Hamburg/Schleswig-Holstein;false
82d8cf41e512f75988e643d5b3b071837d0d0c67ec4b4fabebd38a15f1e39a52;Borussia Dortmund nach Sieg in Hamburg für zweite Runde qualifiziert;https://www.zeit.de/sport/2026-09/dfb-pokal-hamburg-dortmund-borussia;Die Bundesligisten aus Dortmund setzten sich im DFB-Pokal gegen einen Fünftligisten durch. Das Spiel gegen den Hamburg-Eimsbütteler Ballspiel-Club bricht einen Rekord.;DFB-Pokal, erste Runde;Sport, DFB-Pokal, erste Runde, DFB-Pokal, Fußball, Borussia Dortmund, Hamburg, Deutscher Fußball-Bund, Dortmund;2026-09-01T22:39:32+02:00;2026-09-01T22:39:32+02:00;iyf;DIE ZEIT,        							iyf;false
efe9aea4c2a5553a1f0ba3db1dcc48f00943afe6ffe30ab0412acd0932cd25f5;Schüsse aus Gruppe – 26-Jähriger schwer verletzt;https://www.zeit.de/news/2026-09/01/schuesse-aus-gruppe-26-jaehriger-schwer-verletzt;Hier finden Sie Informationen zu dem Thema „Berlin-Schöneberg“. Lesen Sie jetzt „Schüsse aus Gruppe – 26-Jähriger schwer verletzt“.;Berlin-Schöneberg;News, Berlin-Schöneberg, Berlin-Schöneberg;2026-09-01T22:22:54+02:00;2026-09-01T22:22:54+02:00;;dpa Berlin/Brandenburg;false
c7647af516408673bf9a3380712e0d3bc47dfeed289dc601523157e13523619c;Lkw fährt auf Stauende auf A2 auf – Fahrer stirbt;https://www.zeit.de/news/2026-09/01/lkw-faehrt-auf-stauende-auf-a2-auf-fahrer-stirbt;Hier finden Sie Informationen zu dem Thema „Bei Irxleben“. Lesen Sie jetzt „Lkw fährt auf Stauende auf A2 auf – Fahrer stirbt“.;Bei Irxleben;News, Bei Irxleben, Irxleben, Auffahrunfall;2026-09-01T21:54:04+02:00;2026-09-01T21:54:04+02:00;;dpa Sachsen;false
2909a1ce33757122e849cd00feb37b1a6b53cf7d71d67378d1a676507866dfef;Russland weist Vorwürfe zu Leipziger Drohnenvorfall zurück;https://www.zeit.de/politik/ausland/2026-09/russland-drohnenangriff-flughafen-leipzig-halle-konsulat-kulturzentrum;Die Vorwürfe gegen Russland seien eine »absurde Provokation«, sagt die russische Regierung. Wladimir Putin spricht von einem »schweren Fehler« und Beweisfälschung.;Anschlagsversuch in Leipzig;Politik, Anschlagsversuch in Leipzig, Drohnenangriff, Leipzig, Russland, Flughafen, Krieg in der Ukraine, Bundesregierung;2026-09-01T21:38:35+02:00;2026-09-01T21:38:35+02:00;pip;DIE ZEIT,        Reuters,        dpa,        							pip;false
d097fbe8aced5e3002b1ace534d33514676826ffcde06d51107c171d167fbf7d;«Ganz oben mitspielen»: Adler planen nächsten Titelangriff;https://www.zeit.de/news/2026-09/01/ganz-oben-mitspielen-adler-planen-naechsten-titelangriff;Hier finden Sie Informationen zu dem Thema „Deutsche Eishockey Liga“. Lesen Sie jetzt „«Ganz oben mitspielen»: Adler planen nächsten Titelangriff“.;Deutsche Eishockey Liga;News, Deutsche Eishockey Liga, Marc Michaelis, Mannheim, Adler Mannheim, DEL, Eisbären Berlin, Titelangriff, Eishockey, Endspiel;2026-09-01T21:31:57+02:00;2026-09-01T21:31:57+02:00;;dpa Baden-Württemberg;false
f09f79ab1326693791a80ceff4afa1bdf2cfef24260337b3486bfc4d7045ea39;Klingbeil deutet härtere Gangart gegenüber China an;https://www.zeit.de/news/2026-09/01/klingbeil-deutet-haertere-gangart-gegenueber-china-an;Hier finden Sie Informationen zu dem Thema „USA-Reise“. Lesen Sie jetzt „Klingbeil deutet härtere Gangart gegenüber China an“.;USA-Reise;News, USA-Reise, Lars Klingbeil, China, USA, Gangart, Handelspraktik;2026-09-01T21:29:54+02:00;2026-09-01T21:29:54+02:00;;dpa;false
eef887a2b3bf0307f3b93977523d1be772a4a4221ea2bef6b44cd3ed7e591f75;Kurz vor Transferschluss: Braunschweig baut Abwehr um;https://www.zeit.de/news/2026-09/01/kurz-vor-transferschluss-braunschweig-baut-abwehr-um;Hier finden Sie Informationen zu dem Thema „2. Fußball-Bundesliga“. Lesen Sie jetzt „Kurz vor Transferschluss: Braunschweig baut Abwehr um“.;2. Fußball-Bundesliga;News, 2. Fußball-Bundesliga, Braunschweig, Eintracht Braunschweig, Fußball-Bundesliga, Transferfrist, Abwehr;2026-09-01T21:29:52+02:00;2026-09-01T21:29:52+02:00;;dpa Niedersachsen;false
927b6d09a073b2dc6e8032b0aa89c801b947339e102ee8e65cc6e86b69149f3c;A7 in Richtung Hannover nach Unfall wieder frei;https://www.zeit.de/news/2026-09/01/a7-in-richtung-hannover-nach-unfall-gesperrt;Hier finden Sie Informationen zu dem Thema „Südniedersachsen“. Lesen Sie jetzt „A7 in Richtung Hannover nach Unfall wieder frei“.;Südniedersachsen;News, Südniedersachsen, Hannover, Göttingen, Südniedersachsen, Polizei, Unfall;2026-09-01T21:29:39+02:00;2026-09-01T21:29:39+02:00;;dpa Niedersachsen;false
c79f2b64951ba886a513815bc2fa7969fec5ce17eea7a3d02e4c46a4976af360;EU und Nato sichern Deutschland Solidarität gegen Russland zu;https://www.zeit.de/politik/ausland/2026-09/flughafen-leipzig-halle-anschlagsversuch-drohne-russland-ukraine;Nach dem Russland zugeschriebenen Anschlagsversuch in Leipzig haben die Spitzen von EU und Nato ihre Solidarität ausgedrückt. Man stehe gemeinsam gegen hybride Bedrohung.;Anschlagsversuch am Flughafen Leipzig/Halle;Politik, Anschlagsversuch am Flughafen Leipzig/Halle, Russland, Drohne, Krieg in der Ukraine, Leipzig, Nato, Europäische Union, Bundesregierung, Solidarität, Mark Rutte;2026-09-01T21:29:05+02:00;2026-09-01T21:29:05+02:00;sko;DIE ZEIT,        AFP,        dpa,        Reuters,        							sko;false
2962d624744cda7762a3a1c5a0572ccf1fdd2159b0c5627d919e94c403066bb4;Bundesliga-Rückkehr: Köln leiht Ex-Stuttgarter Sosa aus;https://www.zeit.de/news/2026-09/01/bundesliga-rueckkehr-koeln-leiht-ex-stuttgarter-sosa-aus;Hier finden Sie Informationen zu dem Thema „Fußabfall-Bundesliga“. Lesen Sie jetzt „Bundesliga-Rückkehr: Köln leiht Ex-Stuttgarter Sosa aus“.;Fußabfall-Bundesliga;News, Fußabfall-Bundesliga, Sosa, Borna, Kroatien, Stuttgart, Köln, 1. FC Köln, Crystal Palace, VfB Stuttgart, Bundesliga, Sommer;2026-09-01T21:28:26+02:00;2026-09-01T21:28:26+02:00;;dpa Nordrhein-Westfalen;false
4b77b6bd5c2565978d18f1d61b79e844084447468ee4b1c96dc4948c859562c9;Bilder des Tages;https://www.zeit.de/news/2026-09/01/bilder-des-tages;Hier finden Sie Informationen zu dem Thema „Fotografie“. Lesen Sie jetzt „Bilder des Tages“.;Fotografie;News, Fotografie, News;2026-09-01T21:28:22+02:00;2026-09-01T21:28:22+02:00;;dpa;false
87ca0e545de8330c7f2a78acf9a60712ce4c642ba5bb1f5366dd20ca332be5e9;Ex-St.-Pauli-Profi kommt: Noch zwei Neue für VfL Osnabrück;https://www.zeit.de/news/2026-09/01/osnabrueck-holt-linksverteidiger-gomez-aus-saloniki;Hier finden Sie Informationen zu dem Thema „2. Fußball-Bundesliga“. Lesen Sie jetzt „Ex-St.-Pauli-Profi kommt: Noch zwei Neue für VfL Osnabrück“.;2. Fußball-Bundesliga;News, 2. Fußball-Bundesliga, Jonathan Gomez, Osnabrück, Saloniki, Bremer Brücke, USA, VfL Osnabrück, Transferperiode;2026-09-01T21:16:24+02:00;2026-09-01T21:16:24+02:00;;dpa Niedersachsen;false
ab7213b606f3bca5986422747c357f28d45f84f2633071ff59050109198ab903;Ex-Fortuna-Kapitän Kastenmeier wechselt zu Feyenoord;https://www.zeit.de/news/2026-09/01/ex-fortuna-kapitaen-kastenmeier-wechselt-zu-feyenoord;Hier finden Sie Informationen zu dem Thema „Fußball“. Lesen Sie jetzt „Ex-Fortuna-Kapitän Kastenmeier wechselt zu Feyenoord“.;Fußball;News, Fußball, Rotterdam, Feyenoord Rotterdam, Fortuna Düsseldorf, Fußball;2026-09-01T21:01:40+02:00;2026-09-01T21:01:40+02:00;;dpa Nordrhein-Westfalen;false
ea506fe266bd0009a9de03f94314921471a2cf1811739fafcf7ecdb5bec77ef5;Nach Dzeko: Schalke holt nächsten WM-Starter;https://www.zeit.de/news/2026-09/01/nach-dzeko-schalke-holt-naechsten-wm-starter;Hier finden Sie Informationen zu dem Thema „Fußball“. Lesen Sie jetzt „Nach Dzeko: Schalke holt nächsten WM-Starter“.;Fußball;News, Fußball, Edin Dzeko, Hwang Hee-chan, Schalke, FC Schalke 04, Bundesliga, Transferfenster, Fußball;2026-09-01T20:48:12+02:00;2026-09-01T20:48:12+02:00;;dpa Nordrhein-Westfalen;false
87676cee994203c8d2e0d1dc99f0a026fb0fd10f0752d4a870f4b2fdf9afc090;RB Leipzig holt marokkanischen Nationalspieler El Aynaoui;https://www.zeit.de/news/2026-09/01/rb-leipzig-holt-marokkanischen-nationalspieler-el-aynaoui;Hier finden Sie Informationen zu dem Thema „Fußball-Bundesliga“. Lesen Sie jetzt „RB Leipzig holt marokkanischen Nationalspieler El Aynaoui“.;Fußball-Bundesliga;News, Fußball-Bundesliga, El Aynaoui, Neil El Aynaoui, RB Leipzig, AS Rom, Fußball-Bundesliga, Transferperiode, Sommer;2026-09-01T20:43:05+02:00;2026-09-01T20:43:05+02:00;;dpa Sachsen;false
390ef60dfcdd338a3369a4e46f513280eb22a96ef290608848f862642a2f2248;Russland war’s!;https://www.zeit.de/politik/deutschland/2026-09/drohne-angriff-leipzig-flughafen-bundesregierung-russland;Zum ersten Mal sagt die Regierung derart laut und deutlich, dass Russland hinter einem Angriff auf Deutschland steht. Das ist klug und immerhin halb mutig.;"Z+ (abopflichtiger Inhalt);
        
    Drohnenangriff in Leipzig";Politik, Drohnenangriff in Leipzig, Russland, Drohnenangriff, Leipzig, Krieg in der Ukraine, Flughafen, Bundesregierung, Alexander Dobrindt, Johann Wadephul, Berlin, Europa;2026-09-01T20:40:18+02:00;2026-09-01T20:40:18+02:00;Dr. Anna Sauerbrey;Aus der        ZEIT Nr. 38/2026;false
54173a7172b7aa94f56e0f298299e59a270971a6ced468a8ace83dc2102ec4c4;Einstiges Supertalent Moukoko von Kopenhagen in die Türkei;https://www.zeit.de/news/2026-09/01/einstiges-supertalent-moukoko-von-kopenhagen-in-die-tuerkei;Hier finden Sie Informationen zu dem Thema „Fußball-Transfers“. Lesen Sie jetzt „Einstiges Supertalent Moukoko von Kopenhagen in die Türkei“.;Fußball-Transfers;News, Fußball-Transfers, Youssoufa Moukoko, Kopenhagen, Türkei, FC Kopenhagen;2026-09-01T20:39:59+02:00;2026-09-01T20:39:59+02:00;;dpa Nordrhein-Westfalen;false
f1684c16727f3af06189c1a7f43c909db2a0000a663c64e4fb02a6667a62ee55;Was wir über die Explosion am Brandenburger Umspannwerk wissen;https://www.zeit.de/politik/deutschland/2026-09/explosion-umspannwerk-brandenburg-rakete-energieversorgung-polizei-gxe;Am Umspannwerk Preilack sind zwei Sprengsätze explodiert. Brandenburgs Infrastrukturminister spricht von einem Anschlag. Die Stromversorgung ist nicht beeinträchtigt.;Jänschwalde;Politik, Jänschwalde, Brandenburg, Polizei, Sprengsatz, Stromversorgung, Sprengvorrichtung;2026-09-01T20:36:52+02:00;2026-09-01T20:36:52+02:00;Jona SpreterChristoph Heinemann;;false
e90759a47d4098db9ea47b5b9d0b8b35e39df4ad27f378c5b918275dfb98b860;Schüsse in Duisburg – eine verletzte Person;https://www.zeit.de/news/2026-09/01/schuesse-in-duisburg-eine-verletzte-person;Hier finden Sie Informationen zu dem Thema „Auseinandersetzung“. Lesen Sie jetzt „Schüsse in Duisburg – eine verletzte Person“.;Auseinandersetzung;News, Auseinandersetzung, Duisburg, Polizei, Auseinandersetzung;2026-09-01T20:33:51+02:00;2026-09-01T20:33:51+02:00;;dpa Nordrhein-Westfalen;false
1273ec1568e5bd64e9c8291d537d527660ae47f3cd2623728a42fca39ecb231b;RB Leipzig verleiht Conrad Harder nach Frankreich;https://www.zeit.de/news/2026-09/01/rb-leipzig-verleiht-conrad-harder-nach-frankreich;Hier finden Sie Informationen zu dem Thema „Fußball-Transfers“. Lesen Sie jetzt „RB Leipzig verleiht Conrad Harder nach Frankreich“.;Fußball-Transfers;News, Fußball-Transfers, Conrad Harder, Frankreich, Straßburg, Leipzig, Racing Straßburg, RB Leipzig;2026-09-01T20:29:06+02:00;2026-09-01T20:29:06+02:00;;dpa Sachsen;false
913cfdb56300753a8e835aac011ccfe533bbc2f55eb563a14d31540ba5c5ae6d;Bundesregierung: Russland für Drohnen-Angriff verantwortlich;https://www.zeit.de/news/2026-09/01/wadephul-keine-ueberreaktion-als-antwort-auf-drohnen-vorfall;Hier finden Sie Informationen zu dem Thema „Misslungener Anschlagsversuch“. Lesen Sie jetzt „Bundesregierung: Russland für Drohnen-Angriff verantwortlich“.;Misslungener Anschlagsversuch;News, Misslungener Anschlagsversuch, Johann Wadephul, Wladimir Putin, Friedrich Merz, Algier, Bundesregierung, CDU, Drohne;2026-09-01T20:28:04+02:00;2026-09-01T20:28:04+02:00;;dpa;false
312cd74ce18388f1490aa924c908f3d61a87b7a951cb162ce339156df413c96a;Spanien kündigt Hilfspaket in Millionenhöhe für Ceuta an;https://www.zeit.de/politik/ausland/2026-09/ceuta-migration-spanien-hilfspaket-proteste;Ein Teil der Einheimischen der spanischen Exklave hat der Regierung Tatenlosigkeit vorgeworfen. Diese reagiert nun mit Hilfen in Millionenhöhe.;Ceuta;Politik, Ceuta, Ceuta, Spanien, Exklave, Migration, Marokko, Geflüchtete;2026-09-01T20:23:20+02:00;2026-09-01T20:23:20+02:00;pip;DIE ZEIT,        dpa,        							pip;false
3db8335027bcbb6ccfab74cf3c0430f749764c5c9e363fc15b0a78ae1b69fe85;Nach Konstantelias-Verletzung: BVB leiht Arsenal-Talent aus;https://www.zeit.de/news/2026-09/01/nach-konstantelias-verletzung-bvb-leiht-arsenal-talent-aus;Hier finden Sie Informationen zu dem Thema „Fußball-Bundesliga“. Lesen Sie jetzt „Nach Konstantelias-Verletzung: BVB leiht Arsenal-Talent aus“.;Fußball-Bundesliga;News, Fußball-Bundesliga, Ethan Nwaneri, Lars Ricken, Dortmund, Borussia Dortmund, FC Arsenal, Fußball-Bundesliga, Konstantelias, Neuzugang;2026-09-01T20:22:50+02:00;2026-09-01T20:22:50+02:00;;dpa Nordrhein-Westfalen;false
6c428a603ffe3b252cb4198d4dbf1734bf10f8887b3613edfb0ccdf37d7f8e1f;BSWler dürfen nur Gutes über CDU und Grüne sagen;https://www.zeit.de/video/2026-08/bsw-cdu-die-gruenen-nur-gutes-ueber-gegner;In Sachsen-Anhalt könnte die AfD erstmals den Ministerpräsidenten stellen. Wir fragen die Parteien vor Ort, was sie an der Konkurrenz schätzen und wer ihre Gegner sind.;Wahlkampf in Sachsen-Anhalt;Video, Wahlkampf in Sachsen-Anhalt, Ulrich Siegmund, Sachsen-Anhalt, CDU, Bündnis Sahra Wagenknecht, Bündnis 90/Die Grünen, Wahlkampf, Verfassungsschutz;2026-09-01T20:21:40+02:00;2026-09-01T20:21:40+02:00;Thilo Adam;;false
d5fff42971b1e3f38caa2a251cf2adcecf01e7f7ab422ac7cf03896650d4b9dd;AfDler dürfen nur Gutes über Grüne und Linke sagen;https://www.zeit.de/video/2026-08/afd-die-linke-die-gruenen-nur-gutes-ueber-gegner;In Sachsen-Anhalt könnte die AfD erstmals den Ministerpräsidenten stellen. Wir fragen die Parteien vor Ort, was sie an der Konkurrenz schätzen und wer ihre Gegner sind.;Wahlkampf in Sachsen-Anhalt;Video, Wahlkampf in Sachsen-Anhalt, Die Linke, Bündnis 90/Die Grünen, Ulrich Siegmund, Sachsen-Anhalt, Alternative für Deutschland, Wahlkampf, Verfassungsschutz;2026-09-01T20:21:24+02:00;2026-09-01T20:21:24+02:00;Thilo Adam;;false
2c88569df2247ff6ac10b684fd72475fd3269c30f645d1a3a49c7c44ebdde834;Grüne dürfen nur Gutes über AfD und CDU sagen;https://www.zeit.de/video/2026-08/die-gruenen-afd-cdu-nur-gutes-ueber-gegner;In Sachsen-Anhalt wird kurz vor der Wahl noch um jede Stimme gekämpft. Wir fragen die Parteien vor Ort, was sie an der Konkurrenz schätzen und wer ihre Gegner sind.;Wahlkampf in Sachsen-Anhalt;Video, Wahlkampf in Sachsen-Anhalt, Bündnis 90/Die Grünen, Ulrich Siegmund, Sachsen-Anhalt, Alternative für Deutschland, Verfassungsschutz, Wahlkampf;2026-09-01T20:21:08+02:00;2026-09-01T20:21:08+02:00;Thilo Adam;;false
92e3396b43332b9186a32c1dc77762cc800deb5c869cd4b7330224309b503b67;Linke dürfen nur Gutes über AfD und CDU sagen;https://www.zeit.de/video/2026-08/die-linke-afd-gruene-cdu-nur-gutes-ueber-gegner;In Sachsen-Anhalt wird kurz vor der Wahl noch um jede Stimme gekämpft. Wir fragen die Parteien vor Ort, was sie an der Konkurrenz schätzen und wer ihre Gegner sind.;Wahlkampf in Sachsen-Anhalt;Video, Wahlkampf in Sachsen-Anhalt, Ulrich Siegmund, Sachsen-Anhalt, Alternative für Deutschland, CDU, Die Linke, Bündnis 90/Die Grünen, Verfassungsschutz, Wahlkampf;2026-09-01T20:20:47+02:00;2026-09-01T20:20:47+02:00;Thilo Adam;;false
8bdd20994ef0557b1f348d796455527017b6c2568a37fe06056907bf8b99267c;SPDler dürfen nur Gutes über AfD und Linke sagen;https://www.zeit.de/video/2026-08/spd-afd-die-linke-nur-gutes-ueber-gegner;In Sachsen-Anhalt wird kurz vor der Wahl noch um jede Stimme gekämpft. Wir fragen die Parteien vor Ort, was sie an der Konkurrenz schätzen und wer ihre Gegner sind.;Wahlkampf in Sachsen-Anhalt;Video, Wahlkampf in Sachsen-Anhalt, Ulrich Siegmund, Sachsen-Anhalt, Alternative für Deutschland, Verfassungsschutz, SPD, Wahlkampf;2026-09-01T20:20:27+02:00;2026-09-01T20:20:27+02:00;Thilo Adam;;false
6aa489db6fb80b5347c60c79ba2f38e7b43aaaf288ffd0bf1d652999284c621c;CDUler dürfen nur Gutes über Grüne und AfD sagen;https://www.zeit.de/video/2026-08/cdu-afd-die-gruenen-nur-gutes-ueber-gegner;In Sachsen-Anhalt wird kurz vor der Wahl noch um jede Stimme gekämpft. Wir fragen die Parteien vor Ort, was sie an der Konkurrenz schätzen und wer ihre Gegner sind.;Wahlkampf in Sachsen-Anhalt;Video, Wahlkampf in Sachsen-Anhalt, Ulrich Siegmund, Sachsen-Anhalt, Alternative für Deutschland, CDU, Wahlkampf, Verfassungsschutz;2026-09-01T20:20:12+02:00;2026-09-01T20:20:12+02:00;Thilo Adam;;false
f053c64a4b746b0c29715dfd244a173875ab4d74550dec6e0e052127a9e13ae4;Hessens Beamte bekommen neues Besoldungsmodell;https://www.zeit.de/news/2026-09/01/hessens-beamte-bekommen-neues-besoldungsmodell;Hier finden Sie Informationen zu dem Thema „Landtag“. Lesen Sie jetzt „Hessens Beamte bekommen neues Besoldungsmodell“.;Landtag;News, Landtag, Hessen, Besoldungsmodell, Landtag, Besoldungserhöhung, Tarifeinigung;2026-09-01T20:19:20+02:00;2026-09-01T20:19:20+02:00;;dpa Hessen;false
f7fbbbe0c8c28ee256dfc4623ba30339bb0fdaf6a9ae514dee0cd3fff01e2fcd;Neuzugang Kastriot Imeri trainiert bei Union individuell;https://www.zeit.de/news/2026-09/01/neuzugang-kastriot-imeri-trainiert-bei-union-individuell;Hier finden Sie Informationen zu dem Thema „Fußball-Bundesliga“. Lesen Sie jetzt „Neuzugang Kastriot Imeri trainiert bei Union individuell“.;Fußball-Bundesliga;News, Fußball-Bundesliga, 1. FC Union Berlin, Fußball-Bundesliga, Neuzugang;2026-09-01T20:18:51+02:00;2026-09-01T20:18:51+02:00;;dpa Berlin/Brandenburg;false
036a2380ad5178388feac46c7c73187e55a33bb74b444024f8944f49557af889;Nächster Schock für Werder: Auch Njinmah fällt lange aus;https://www.zeit.de/news/2026-09/01/naechster-schock-fuer-werder-auch-njinmah-faellt-lange-aus;Hier finden Sie Informationen zu dem Thema „Fußball-Bundesliga“. Lesen Sie jetzt „Nächster Schock für Werder: Auch Njinmah fällt lange aus“.;Fußball-Bundesliga;News, Fußball-Bundesliga, Jens Stage, Clemens Fritz, SV Werder Bremen, Fußball-Bundesliga;2026-09-01T20:18:13+02:00;2026-09-01T20:18:13+02:00;;dpa Niedersachsen;false
412a1940f988149ce7d21687e04f288f409f840ff5ece324d2e488a559360448;Regierung beschließt Haushalt – Woidke setzt auf Augenmaß;https://www.zeit.de/news/2026-09/01/haushalt-woidke-setzt-auf-augenmass-und-verteidigt-sparplaene;Hier finden Sie Informationen zu dem Thema „Doppelhaushalt“. Lesen Sie jetzt „Regierung beschließt Haushalt – Woidke setzt auf Augenmaß“.;Doppelhaushalt;News, Doppelhaushalt, Dietmar Woidke, Brandenburg, SPD, Deutsche Presse-Agentur, Doppelhaushalt, Haushalt, Sparplan;2026-09-01T20:17:52+02:00;2026-09-01T20:17:52+02:00;;dpa Berlin/Brandenburg;false
3deea1c565c8a8d7a14cf77f712dad1dc97590cedf66f05fc3a31524a6a9284a;Wie die Ermittler herausfanden, woher die Drohne kam;https://www.zeit.de/politik/ausland/2026-09/drohne-anschlag-leipzig-flughafen-sprengstoff;Die Bundesregierung ist überzeugt: Russland steckt hinter dem Angriff auf den Leipziger Flughafen. Nach ZEIT-Recherchen wird gegen zwei Tatverdächtige ermittelt.;"Z+ (abopflichtiger Inhalt);
        
    Drohnenanschlag in Leipzig";Politik, Drohnenanschlag in Leipzig, Drohne, Leipzig, Flughafen, Russland, Bundesregierung, Krieg in der Ukraine, Alexander Dobrindt, Johann Wadephul, Ermittlung, Moskau;2026-09-01T20:08:46+02:00;2026-09-01T20:08:46+02:00;Christian FuchsAnne HähnigHannah KnuthHolger Stark;Aus der        ZEIT Nr. 38/2026;false
e5fb264c05168f435775e6abc512749ba0380341c001e08baef2dcf56eb7df83;Freiburg holt Ben Farhat – und verleiht ihn wieder zum KSC;https://www.zeit.de/news/2026-09/01/freiburg-holt-ben-farhat-und-verleiht-ihn-wieder-zum-ksc;Hier finden Sie Informationen zu dem Thema „Fußball“. Lesen Sie jetzt „Freiburg holt Ben Farhat – und verleiht ihn wieder zum KSC“.;Fußball;News, Fußball, Ben Farhat, Louey Ben Farhat, Freiburg, Karlsruher SC, SC Freiburg, Transferpoker, Fußball;2026-09-01T20:06:44+02:00;2026-09-01T20:06:44+02:00;;dpa Baden-Württemberg;false
5bf8cd76ea54c9cba196ca4c87f5796fd648c6cb8bbfe86f779df0fec573f717;Kreml: Deutschland geht Weg der Eskalation;https://www.zeit.de/news/2026-09/01/kreml-deutschland-geht-weg-der-eskalation;Hier finden Sie Informationen zu dem Thema „Sprengstoff-Drohne in Leipzig“. Lesen Sie jetzt „Kreml: Deutschland geht Weg der Eskalation“.;Sprengstoff-Drohne in Leipzig;News, Sprengstoff-Drohne in Leipzig, Johann Wadephul, Dmitri Peskow, Leipzig, Russland, Moskau, Berlin, Flughafen Leipzig/Halle, Interfax, CDU, Zweiter Weltkrieg;2026-09-01T20:06:27+02:00;2026-09-01T20:06:27+02:00;;dpa Sachsen;false
102b83ff9346d1e2351797c21d5000576e4fc54bcc7f8e084e89f760c2454520;Dynamo holt Okpala und Covic - Oehmichen geht;https://www.zeit.de/news/2026-09/01/dynamo-dresdens-oehmichen-wechselt-nach-aachen;Hier finden Sie Informationen zu dem Thema „2. Fußball-Bundesliga“. Lesen Sie jetzt „Dynamo holt Okpala und Covic - Oehmichen geht“.;2. Fußball-Bundesliga;News, 2. Fußball-Bundesliga, Jonas Oehmichen, Aachen, Alemannia Aachen, Dynamo Dresden, Fußball-Bundesliga;2026-09-01T20:05:20+02:00;2026-09-01T20:05:20+02:00;;dpa Sachsen;false
76e66c4d7acad6a41a0d5d1637078b1c848663ae66d371c2d6274f14098822e4;Volleyballerinnen nach Fünf-Satz-Krimi im EM-Viertelfinale;https://www.zeit.de/news/2026-09/01/volleyballerinnen-nach-fuenf-satz-krimi-im-em-viertelfinale;Hier finden Sie Informationen zu dem Thema „Achtelfinale gegen Belgien“. Lesen Sie jetzt „Volleyballerinnen nach Fünf-Satz-Krimi im EM-Viertelfinale“.;Achtelfinale gegen Belgien;News, Achtelfinale gegen Belgien, Giulio Bregoli, Camilla Weitzel, Belgien, Istanbul, Türkei, Aserbaidschan, Europameisterschaft, Minimalziel;2026-09-01T20:01:23+02:00;2026-09-01T20:01:23+02:00;;dpa Sport;false
d3623ccbadd621627b8d9e5a7d48a22b16027135ac169a0c684598753ea74830;»Mit der Spritze war die Stimme in meinem Kopf leise«;https://www.zeit.de/zeit-magazin/leben/2026-08/abnehmspritzen-erfahrungen-nebenwirkungen-ozempic-wegovy;Die Abnehmpille ist da – und viele wollen damit endlich dünn werden. Was erzählen die, die dies schon mit der Abnehmspritze versucht haben? Vier teilen ihre Erfahrungen.;"Z+ (abopflichtiger Inhalt);
        
    Abnehmspritzen";Abnehmspritze, Apotheke, Übergewicht, Medikament;2026-09-01T20:00:33+02:00;2026-09-01T20:00:33+02:00;Luisa Griesbaum;;false
bd9860d69f31db7841a51de0b9776421c48bfbb9f75e5ce25edbd6c5c8b395de;Bochum reagiert mit Transfers auf schwachen Saisonstart;https://www.zeit.de/news/2026-09/01/bochum-reagiert-mit-transfers-auf-schwachen-saisonstart;Hier finden Sie Informationen zu dem Thema „Transfers“. Lesen Sie jetzt „Bochum reagiert mit Transfers auf schwachen Saisonstart“.;Transfers;News, Transfers, Bochum, VfL Bochum, Saisonstart;2026-09-01T20:00:26+02:00;2026-09-01T20:00:26+02:00;;dpa Nordrhein-Westfalen;false
0025fb5dc5e0402277f8945562d1d04fdcaf7970e14a08a98c2c72887c20d48c;IAEA: Iran verweigert Kooperation mit Atominspektoren;https://www.zeit.de/news/2026-09/01/iaea-iran-verweigert-kooperation-mit-atominspektoren;Hier finden Sie Informationen zu dem Thema „Hoch angereichertes Uran“. Lesen Sie jetzt „IAEA: Iran verweigert Kooperation mit Atominspektoren“.;Hoch angereichertes Uran;News, Hoch angereichertes Uran, Rafael Grossi, Iran, Teheran, USA, IAEO, Deutsche Presse-Agentur, Uran;2026-09-01T20:00:15+02:00;2026-09-01T20:00:15+02:00;;dpa;false
5b1ba855397fa0f8dd96d1c9e7f27d1f6a9ae12f89fcbfa44a6bb59fa377b957;Pedelec-Fahrer stirbt bei Unfall;https://www.zeit.de/news/2026-09/01/pedelec-fahrer-stirbt-bei-unfall;Hier finden Sie Informationen zu dem Thema „Südlich von Oldenburg“. Lesen Sie jetzt „Pedelec-Fahrer stirbt bei Unfall“.;Südlich von Oldenburg;News, Südlich von Oldenburg, Oldenburg, Dötlingen, Pedelec, Unfall, Verkehrsunfall;2026-09-01T19:58:20+02:00;2026-09-01T19:58:20+02:00;;dpa Niedersachsen;false
2ce44f4260c6a571d2b889bd929da8082e1bc41ddda055337714683bb2f13ad2;Woltemade wechselt auf Leihbasis zu Juventus Turin;https://www.zeit.de/news/2026-09/01/woltemade-wechselt-auf-leihbasis-zu-juventus-turin;Hier finden Sie Informationen zu dem Thema „Fußball“. Lesen Sie jetzt „Woltemade wechselt auf Leihbasis zu Juventus Turin“.;Fußball;News, Fußball, Nick Woltemade, England, Italien, Newcastle, Juventus Turin, Newcastle United, Fußball, Sommer;2026-09-01T19:57:58+02:00;2026-09-01T19:57:58+02:00;;dpa Sport;false
26f31abffffd44c398d8e56e65e65e73b071060d4754c73929f396345d5f0ac4;Roboter-Fahrzeug sucht am BER nach Hindernissen;https://www.zeit.de/news/2026-09/01/roboter-fahrzeug-sucht-am-ber-nach-hindernissen;Hier finden Sie Informationen zu dem Thema „Technik am Flughafen“. Lesen Sie jetzt „Roboter-Fahrzeug sucht am BER nach Hindernissen“.;Technik am Flughafen;News, Technik am Flughafen, BER, Hauptstadtflughafen, Hindernis, Flughafen, Fahrzeug, Auto;2026-09-01T19:34:12+02:00;2026-09-01T19:34:12+02:00;;dpa Berlin/Brandenburg;false
09333559aa5c4ae6adfc6e09c2cc19feb5e8b3679d9bc0072ef7e889fa879c9a;Zahl der Grundrentenempfänger in Hamburg gestiegen;https://www.zeit.de/news/2026-09/01/zahl-der-grundrentenempfaenger-in-hamburg-gestiegen;Hier finden Sie Informationen zu dem Thema „Altersrente“. Lesen Sie jetzt „Zahl der Grundrentenempfänger in Hamburg gestiegen“.;Altersrente;News, Altersrente, Hamburg, Rente;2026-09-01T19:29:00+02:00;2026-09-01T19:29:00+02:00;;dpa Hamburg/Schleswig-Holstein;false
f50e615410d2d7f8406da00bda735bb40ad7663c46b4469ae132d0ff227b18ae;Die HSV-Offensive: Vieira-Rückkehr krönt 30-Millionen-Sommer;https://www.zeit.de/news/2026-09/01/die-hsv-offensive-vieira-rueckkehr-kroent-30-millionen-sommer;Hier finden Sie Informationen zu dem Thema „Transfers des Hamburger SV“. Lesen Sie jetzt „Die HSV-Offensive: Vieira-Rückkehr krönt 30-Millionen-Sommer“.;Transfers des Hamburger SV;News, Transfers des Hamburger SV, Fabio Vieira, Kathleen Krüger, Hamburg, Hamburger SV, FC Arsenal, Bundesliga, Transferfrist, Sommer;2026-09-01T19:28:23+02:00;2026-09-01T19:28:23+02:00;;dpa Hamburg/Schleswig-Holstein;false
d69eed23ba57079dc03f33243fbdc8b348613c6c83a0dba9758e04459633387a;Mehr Grundrentenempfänger in Schleswig-Holstein;https://www.zeit.de/news/2026-09/01/mehr-grundrentenempfaenger-in-schleswig-holstein;Hier finden Sie Informationen zu dem Thema „Altersrente“. Lesen Sie jetzt „Mehr Grundrentenempfänger in Schleswig-Holstein“.;Altersrente;News, Altersrente, Schleswig-Holstein, Rente;2026-09-01T19:27:57+02:00;2026-09-01T19:27:57+02:00;;dpa Hamburg/Schleswig-Holstein;false
26d63d02ab8560868bc91bb11f2dff9fdb3b3fa9669063a1af852941b4d24334;FC Augsburg macht zwei Leihen am «Deadline Day» perfekt;https://www.zeit.de/news/2026-09/01/fc-bayern-verleiht-talent-ibrahimovic-nach-augsburg;Hier finden Sie Informationen zu dem Thema „Fußball-Bundesliga“. Lesen Sie jetzt „FC Augsburg macht zwei Leihen am «Deadline Day» perfekt“.;Fußball-Bundesliga;News, Fußball-Bundesliga, Arijon Ibrahimovic, Augsburg, FC Bayern München, FC Augsburg, Fußball-Bundesliga, Bundesliga, Spielpraxis;2026-09-01T19:26:23+02:00;2026-09-01T19:26:23+02:00;;dpa Bayern;false
41e57a4b26ac362c70e8722ca35163ee780d1ff19b0a5646609999d6c89a2f38;Vertrag bis 2031: Bayer holt deutschen WM-Gegner Doué;https://www.zeit.de/news/2026-09/01/vertrag-bis-2031-bayer-holt-deutschen-wm-gegner-dou;Hier finden Sie Informationen zu dem Thema „Fußball“. Lesen Sie jetzt „Vertrag bis 2031: Bayer holt deutschen WM-Gegner Doué“.;Fußball;News, Fußball, Guéla Doué, Frankreich, Straßburg, Racing Straßburg, Bayer 04 Leverkusen, Kaderlücke, Defensivseite, Fußball, Sommer;2026-09-01T19:24:50+02:00;2026-09-01T19:24:50+02:00;;dpa Nordrhein-Westfalen;false
42cedf2efa30b195b06b347315bd2cec928f35a05a57ac3662eb52ff600ce3c8;Zwei Tote in Mehrfamilienhaus - Verdächtiger ermittelt;https://www.zeit.de/news/2026-09/01/zwei-tote-in-mehrfamilienhaus-hinweise-auf-verbrechen;Hier finden Sie Informationen zu dem Thema „Kriminalität“. Lesen Sie jetzt „Zwei Tote in Mehrfamilienhaus - Verdächtiger ermittelt“.;Kriminalität;News, Kriminalität, Geretsried, Landkreis Bad Tölz-Wolfratshausen, Verbrechen;2026-09-01T19:23:30+02:00;2026-09-01T19:23:30+02:00;;dpa;false
270dec1d078d8c3bd3f9834e3f510118d29f62a3d6cb32490f36f9a33ec3a510;Antonio Rüdiger tritt aus deutscher Nationalmannschaft zurück;https://www.zeit.de/sport/2026-09/antonio-ruediger-ruecktritt-nationalmannschaft-real-madrid;Der Abwehrspieler Antonio Rüdiger lief 2014 das erste Mal für die deutsche Nationalelf auf. Nun will er »den Weg für die junge Generation frei machen«. ;Fußball-Nationalmannschaft;Sport, Fußball-Nationalmannschaft, Antonio Rüdiger, Nationalelf, Fußball, Sportler, Real Madrid, DFB;2026-09-01T19:22:50+02:00;2026-09-01T19:22:50+02:00;pip;DIE ZEIT,        dpa,        SID,        							pip;false
1ba0072aaa49d94c33775551fec0e849ab5a1771d7bc1f00b8aed24e4bae288f;Mehr Grundrentenempfänger in Mecklenburg-Vorpommern;https://www.zeit.de/news/2026-09/01/mehr-grundrentenempfaenger-in-mecklenburg-vorpommern;Hier finden Sie Informationen zu dem Thema „Altersrente“. Lesen Sie jetzt „Mehr Grundrentenempfänger in Mecklenburg-Vorpommern“.;Altersrente;News, Altersrente, Mecklenburg-Vorpommern, Rente;2026-09-01T19:22:30+02:00;2026-09-01T19:22:30+02:00;;dpa Mecklenburg-Vorpommern;false
963c196172ad1942c844438f9a59917972a016e48af6a2bf309ab47ad86703ea;Mainzer wird Lewandowski-Teamkollege in den USA;https://www.zeit.de/news/2026-09/01/mainzer-wird-lewandowski-teamkollege-in-den-usa;Hier finden Sie Informationen zu dem Thema „Fußball“. Lesen Sie jetzt „Mainzer wird Lewandowski-Teamkollege in den USA“.;Fußball;News, Fußball, Andreas Hanche-Olsen, USA, Amerika, Chicago, Mainz, 1. FSV Mainz, Major League Soccer, Fußball, Geld;2026-09-01T19:21:54+02:00;2026-09-01T19:21:54+02:00;;dpa Rheinland-Pfalz/Saarland;false
bc1cce741f121a012bde160a142d7e6dea34b3cb2398fdfe3b12a165b426078b;Was ist das Russische Haus in Berlin?;https://www.zeit.de/news/2026-09/01/was-ist-das-russische-haus-in-berlin;Hier finden Sie Informationen zu dem Thema „Strafmaßnahme“. Lesen Sie jetzt „Was ist das Russische Haus in Berlin?“.;Strafmaßnahme;News, Strafmaßnahme, Johann Wadephul, Berlin, Moskau, Friedrichstraße, Rossotrudnitschestwo, CDU, Strafmaßnahme;2026-09-01T19:21:34+02:00;2026-09-01T19:21:34+02:00;;dpa Berlin/Brandenburg;false
ac10cddee1d1e4cd4825dae5db048696cfb3e670d2097a0d1afddca24717c792;Schüsse in Seevetal? Polizei sucht Zeugen;https://www.zeit.de/news/2026-09/01/schuesse-in-seevetal-polizei-sucht-zeugen;Hier finden Sie Informationen zu dem Thema „Drei Verdächtige“. Lesen Sie jetzt „Schüsse in Seevetal? Polizei sucht Zeugen“.;Drei Verdächtige;News, Drei Verdächtige, Mann, Seevetal, Polizei;2026-09-01T19:15:42+02:00;2026-09-01T19:15:42+02:00;;dpa Hamburg/Schleswig-Holstein;false
6738757cc60bb78451701be195266301d6a5dbd78a1c5c814b9dd3f5c07c669c;Trampolinhalle in Würzburg brennt – niemand verletzt;https://www.zeit.de/news/2026-09/01/trampolinhalle-in-wuerzburg-brennt-niemand-verletzt;Hier finden Sie Informationen zu dem Thema „Brände“. Lesen Sie jetzt „Trampolinhalle in Würzburg brennt – niemand verletzt“.;Brände;News, Brände, Würzburg, Trampolinhalle, Brand;2026-09-01T19:06:47+02:00;2026-09-01T19:06:47+02:00;;dpa Bayern;false
2e391c3b58fe04a06ca38675f732048576f364b87c6f1746317eed029d6fb6e9;Nächster Transfer: HSV holt auch WM-Spieler Norwegens;https://www.zeit.de/news/2026-09/01/naechster-transfer-hsv-holt-auch-wm-spieler-norwegens;Hier finden Sie Informationen zu dem Thema „Verstärkung für linke Seite“. Lesen Sie jetzt „Nächster Transfer: HSV holt auch WM-Spieler Norwegens“.;Verstärkung für linke Seite;News, Verstärkung für linke Seite, Fabio Vieira, David Möller, Norwegen, Hamburger SV, Transferfrist, Verstärkung;2026-09-01T19:05:36+02:00;2026-09-01T19:05:36+02:00;;dpa Hamburg/Schleswig-Holstein;false
95df2d732b6530017fcbb6c5ee95a984a9c2a54986eaaab1721e13c83fdddf15;Wie reagiert Deutschland auf die Sprengstoff-Drohne?;https://www.zeit.de/news/2026-09/01/wie-reagiert-deutschland-auf-die-sprengstoff-drohne;Hier finden Sie Informationen zu dem Thema „Hybride Bedrohung“. Lesen Sie jetzt „Wie reagiert Deutschland auf die Sprengstoff-Drohne?“.;Hybride Bedrohung;News, Hybride Bedrohung, Johann Wadephul, Russland, Berlin, Flughafen Leipzig/Halle, Bonn, Bundesregierung, CDU, AA, Schattenflotte, Beweislage;2026-09-01T19:04:26+02:00;2026-09-01T19:04:26+02:00;;dpa;false
6f2937e5db454ff08cc0e25c0d150bb72b9843ecc50223e9a5140cf8c0e02188;Werder baut um: Mbangula weg, zwei neue Verteidiger da;https://www.zeit.de/news/2026-09/01/werder-leiht-ex-schalker-ndiaye-aus;Hier finden Sie Informationen zu dem Thema „Transfers“. Lesen Sie jetzt „Werder baut um: Mbangula weg, zwei neue Verteidiger da“.;Transfers;News, Transfers, RSC Anderlecht, SV Werder Bremen, RSC e. V., FC Schalke 04, Bundesliga, Transferperiode;2026-09-01T19:02:56+02:00;2026-09-01T19:02:56+02:00;;dpa Niedersachsen;false
6db7306051bce59ba00e22d9f323d72eee161d57c660ad99d6fb094d9a8b328b;Gladbach statt Königsklasse: Borussia leiht Kühn aus;https://www.zeit.de/news/2026-09/01/gladbach-statt-koenigsklasse-borussia-leiht-kuehn-aus;Hier finden Sie Informationen zu dem Thema „Fußball“. Lesen Sie jetzt „Gladbach statt Königsklasse: Borussia leiht Kühn aus“.;Fußball;News, Fußball, Nicolas Kühn, Como, Niederrhein, Celtic Glasgow, Borussia Mönchengladbach, Bundesliga, Königsklasse, Transferfenster, Fußball;2026-09-01T19:01:01+02:00;2026-09-01T19:01:01+02:00;;dpa Nordrhein-Westfalen;false
d1bb4eb4a3c906283d55a19adce19614ff58d4ec0ccc706e40bed0920f17de21;Schiemann: Bahnverbindung nach Polen muss Chefsache werden;https://www.zeit.de/news/2026-09/01/schiemann-bahnverbindung-nach-polen-muss-chefsache-werden;Hier finden Sie Informationen zu dem Thema „Bahnverbindung“. Lesen Sie jetzt „Schiemann: Bahnverbindung nach Polen muss Chefsache werden“.;Bahnverbindung;News, Bahnverbindung, Marko Schiemann, Sachsen, Dresden, DDR, Europa, Bautzen, Görlitz, CDU, Bundesregierung, Deutsche Presse-Agentur;2026-09-01T19:00:56+02:00;2026-09-01T19:00:56+02:00;;dpa Sachsen;false
2db7c8b1a50fa2fed054b8c71c9df805070e249cc969bebaf5ab5b4d0c32aead;Raum für Innovation - Neubau auf Weinberg Campus eingeweiht;https://www.zeit.de/news/2026-09/01/raum-fuer-innovation-neubau-auf-weinberg-campus-eingeweiht;Hier finden Sie Informationen zu dem Thema „Roboter“. Lesen Sie jetzt „Raum für Innovation - Neubau auf Weinberg Campus eingeweiht“.;Roboter;News, Roboter, Sven Schulze, Weinberg, Dögel, CDU, Neubau;2026-09-01T18:52:31+02:00;2026-09-01T18:52:31+02:00;;dpa Sachsen;false
a05091d7852c61b9ae6bb00fee04b30b9f3e28f7d3462b04efdd0f0868df6cb0;Denkmal für polnische Kriegsopfer soll ab 2027 entstehen;https://www.zeit.de/news/2026-09/01/denkmal-fuer-polnische-kriegsopfer-soll-ab-2027-entstehen;Hier finden Sie Informationen zu dem Thema „In Berlin“. Lesen Sie jetzt „Denkmal für polnische Kriegsopfer soll ab 2027 entstehen“.;In Berlin;News, In Berlin, Adolf Hitler, Berlin, Zweiter Weltkrieg, Gedenkort, Denkmal;2026-09-01T18:49:44+02:00;2026-09-01T18:49:44+02:00;;dpa Berlin/Brandenburg;false
5b05a4361b1c9b1c300d9b108eefc5d59ebf92ff07f3c8dc595beec7a77271be;Fährunglück vor Zypern: Deutsche unter den Passagieren;https://www.zeit.de/news/2026-09/01/nach-faehrunglueck-vor-zypern-tauchgang-zum-wrack-geplant;Hier finden Sie Informationen zu dem Thema „Gesunkenes Schiff“. Lesen Sie jetzt „Fährunglück vor Zypern: Deutsche unter den Passagieren“.;Gesunkenes Schiff;News, Gesunkenes Schiff, Zypern, Türkei, Nordzypern, Fährunglück, Tauchgang, Wrack, Mittelmeerinsel;2026-09-01T18:43:15+02:00;2026-09-01T18:43:15+02:00;;dpa;false
a692d1aaf5e08fc1ca37d5891c8fae135bbc7cd38575b783fe8641a0dc1e23d9;Bundesregierung schließt Russisches Haus und Generalkonsulat in Bonn;https://www.zeit.de/politik/deutschland/2026-09/bundesregierung-schliesst-russisches-generalkonsulat-in-bonn-gxe;Nach dem versuchten Anschlag am Leipziger Flughafen verhängt die Bundesregierung gegen Russland mehrere Strafmaßnahmen. Man werde sich gegen »hybride Angriffe« wehren.;Sprengstoffdrohne am Flughafen Leipzig/Halle;Politik, Sprengstoffdrohne am Flughafen Leipzig/Halle, Bundesregierung, Johann Wadephul, Alexander Dobrindt, Russland, Leipzig, Drohne;2026-09-01T18:42:48+02:00;2026-09-01T18:42:48+02:00;Sarah Kohler;;false
4758b94cd4030c26a834626551e9b6e09adf7b173ee41f39212a745666101a5d;Nächster Verteidiger: Werder holt auch Leverkusens Arthur;https://www.zeit.de/news/2026-09/01/naechster-verteidiger-werder-holt-auch-leverkusens-arthur;Hier finden Sie Informationen zu dem Thema „Fußball-Bundesliga“. Lesen Sie jetzt „Nächster Verteidiger: Werder holt auch Leverkusens Arthur“.;Fußball-Bundesliga;News, Fußball-Bundesliga, Leverkusen, Bayer 04 Leverkusen, SV Werder Bremen, Fußball-Bundesliga, Bundesliga, Transferfrist, Leihgeschäft;2026-09-01T18:38:33+02:00;2026-09-01T18:38:33+02:00;;dpa Niedersachsen;false
c24ffc6d3d07643f5d3c355b44127b35fef3cfb31020fc690a76b5c3c9be6d46;Brandenburgs Innenminister sieht versuchte Sabotage nahe Kraftwerk;https://www.zeit.de/gesellschaft/2026-09/brandenburgs-innenminister-sieht-versuchte-sabotage-nahe-kraftwerk-gxe;In der Nähe des Kraftwerks Jänschwalde ist laut Jan Redmann eine zweistellige Zahl an Sprengvorrichtungen gefunden worden. Demnach ereigneten sich zwei Kurzschlüsse.;Kraftwerk Jänschwalde;Gesellschaft, Kraftwerk Jänschwalde, Brandenburg, Kraftwerk, Energieversorgung, Polizei, Sabotage;2026-09-01T18:38:11+02:00;2026-09-01T18:38:11+02:00;twjsp;DIE ZEIT,        AFP,        dpa,        							tw					,        							jsp;false
e759bbed8b56d789a4bbdbd9f84faf7468011c42728dd5a61bf60c7351546aa3;Zoo Leipzig eröffnet Erlebniswelt «Feuerland»;https://www.zeit.de/news/2026-09/01/zoo-leipzig-eroeffnet-erlebniswelt-feuerland;Hier finden Sie Informationen zu dem Thema „Unterwassertunnel“. Lesen Sie jetzt „Zoo Leipzig eröffnet Erlebniswelt «Feuerland»“.;Unterwassertunnel;News, Unterwassertunnel, Feuerland, Zoo Leipzig, Unterwassertunnel, Erlebniswelt, Schwimmbecken, Meereslandschaft;2026-09-01T18:33:41+02:00;2026-09-01T18:33:41+02:00;;dpa Sachsen;false
c5e1ee914b4fe7bff7e593db601c96c8aa3f356fb753729064e43d38d2e19e6c;Englischer Hengst Gymbaazi gewinnt Zukunftsrennen;https://www.zeit.de/news/2026-09/01/englischer-hengst-gymbaazi-gewinnt-zukunftsrennen;Hier finden Sie Informationen zu dem Thema „Pferderennen“. Lesen Sie jetzt „Englischer Hengst Gymbaazi gewinnt Zukunftsrennen“.;Pferderennen;News, Pferderennen, Daniel Muscutt, Iffezheim, Zukunftsrennen, Pferderennen, Galopprennbahn;2026-09-01T18:33:29+02:00;2026-09-01T18:33:29+02:00;;dpa Baden-Württemberg;false
a6d3837f15ae8f93d4e13037f1725f9aee8db051365b2e05c91f0fa304691c8d;Festnahme nach Messerattacke in Hamburg;https://www.zeit.de/news/2026-09/01/festnahme-nach-messerattacke-in-hamburg;Hier finden Sie Informationen zu dem Thema „Gewaltkriminalität“. Lesen Sie jetzt „Festnahme nach Messerattacke in Hamburg“.;Gewaltkriminalität;News, Gewaltkriminalität, Hamburg, Polizei, Messerattacke, Gewaltkriminalität, Hauptbahnhof, Festnahme;2026-09-01T18:30:00+02:00;2026-09-01T18:30:00+02:00;;dpa Hamburg/Schleswig-Holstein;false
43aca2fef21ea7ddf89bca6286e60a19938e98109bf8e4b21fa6d234cf96e362;Nur Gutes über Gegner;https://www.zeit.de/video/2026-08/landtagswahl-sachsen-anhalt-parteien-wahlkampf-afd-cdu;Das Land ist gespalten, schimpfen ist einfach. Deshalb haben wir Wahlkämpfer aller relevanten Parteien gefragt: Was fällt Ihnen Gutes über Ihre politischen Gegner ein?;Landtagswahl in Sachsen-Anhalt;Video, Landtagswahl in Sachsen-Anhalt, Sachsen-Anhalt, Alternative für Deutschland, CDU, SPD, Bündnis Sahra Wagenknecht, Die Linke, Wahlkampf, Verfassungsschutz, Ulrich Siegmund;2026-09-01T18:27:50+02:00;2026-09-01T18:27:50+02:00;Thilo Adam;;false
6945d3cba5bc3cbc05d5d30a16768e3ade1b48f6bf45b1be7bc7fd8a7618fcfb;Hamburger Elbphilharmonie startet in Jubiläumssaison;https://www.zeit.de/news/2026-09/01/elbphilharmonie-startet-mit-brahms-in-jubilaeumssaison;Hier finden Sie Informationen zu dem Thema „Konzerthaus an der Elbe“. Lesen Sie jetzt „Hamburger Elbphilharmonie startet in Jubiläumssaison“.;Konzerthaus an der Elbe;News, Konzerthaus an der Elbe, Johannes Brahms, Dmitri Schostakowitsch, Alexandre Kantorow, Manfred Honeck, Josef Stalin, Elbe, Hamburg, Elbphilharmonie, Jubiläumssaison, Konzerthaus;2026-09-01T18:20:45+02:00;2026-09-01T18:20:45+02:00;;dpa Hamburg/Schleswig-Holstein;false
1b6ebbd1ce91dab459ba2026c4a75728c92ae90f174d6ee9fdf7a71c6b220deb;Deutsche Feuerwehrleute beenden Einsatz in Serbien;https://www.zeit.de/news/2026-09/01/deutsche-feuerwehrleute-beenden-einsatz-in-serbien;Hier finden Sie Informationen zu dem Thema „Waldbrände“. Lesen Sie jetzt „Deutsche Feuerwehrleute beenden Einsatz in Serbien“.;Waldbrände;News, Waldbrände, Serbien, Nordrhein-Westfalen, Niedersachsen, Feuerwehr, Waldbrand, Feuerwehrkraft;2026-09-01T18:15:53+02:00;2026-09-01T18:15:53+02:00;;dpa Niedersachsen;false
06ee1b69e87847fd9f50e9a5c5d9d9d8df9788b7713a7a955d392d002b44faa7;Die Börse straft Fast Fashion aus China ab;https://www.zeit.de/wirtschaft/2026-09/shein-boersengang-fast-fashion-europa-china;Die Modefirma Shein legt ein überraschend schwaches Börsendebüt hin. Das enorme Wachstum in Europa scheint vorbei, zudem steht Shein im Visier der chinesischen Regierung.;Shein-Börsengang;Wirtschaft, Shein-Börsengang, Onlineshopping, Mode, China, Europa, Unternehmen, Europäische Union;2026-09-01T18:14:55+02:00;2026-09-01T18:14:55+02:00;Paula Antonia BergerJens Mühling;;false
b484f40ebc941ceac349748bac93a8fce05ddafb77dbba9c697e20c828a4a455;Missstände in Klinik? Landkreis leitet Verfahren ein;https://www.zeit.de/news/2026-09/01/missstaende-in-klinik-landkreis-leitet-verfahren-ein;Hier finden Sie Informationen zu dem Thema „Oberbayern“. Lesen Sie jetzt „Missstände in Klinik? Landkreis leitet Verfahren ein“.;Oberbayern;News, Oberbayern, Bruckmühl, Rosenheim, Landkreis Rosenheim, Deutsche Presse-Agentur, Missstand;2026-09-01T18:14:54+02:00;2026-09-01T18:14:54+02:00;;dpa Bayern;false
07f2657ae2a4b0fa1562239ec1f5d6ee7a7e8cbdcbd3772268a58e2ee3673b7c;60.000 Euro. Was machen wir damit?;https://www.zeit.de/2026/37/demokratiebildung-grundschule-mitbestimmung-kinderkonferenz-hamburg-regine-seemann;Schulen sollen Kinder an die Demokratie heranführen, heißt es oft, gerade mit Blick auf die Landtagswahlen. In Hamburg zeigt eine, wie das gehen könnte.;"Z+ (abopflichtiger Inhalt);
        
    Demokratiebildung an Grundschulen";Hamburg, Demokratiebildung an Grundschulen, Hamburg, Landtagswahl, Grundschule, Demokratie, Bildung, Mittagessen;2026-09-01T18:14:01+02:00;2026-09-01T18:14:01+02:00;Oskar Piegsa;Aus der        ZEIT Nr. 37/2026;false
5ee509bf3bcfdc4c87e5805241ffa4379d57b12f158f16807ea1eb5b00cfdc7d;Handy weg – aber wohin?;https://www.zeit.de/politik/ausland/2026-08/handyverbot-schulen-frankreich-oberstufe-emmanuel-macron;In Frankreich sind Handys an Schulen bis zum Abitur ab sofort tabu. Das größte Problem: die Eltern.;"Z+ (abopflichtiger Inhalt);
        
    Handyverbot an Schulen in Frankreich";Politik, Handyverbot an Schulen in Frankreich, Schule, Smartphone, Emmanuel Macron, Social-Media-Verbot, Frankreich, Schüler;2026-09-01T18:13:56+02:00;2026-09-01T18:13:56+02:00;Annika Joeres;;false
49bea603d2d7ca3d3d3c0fce13d9faa8a1f37d344327238378b5733ac5c14a07;«Konkurrenz noch zu groß»: Bayer verleiht Belocian erneut;https://www.zeit.de/news/2026-09/01/konkurrenz-noch-zu-gross-bayer-verleiht-belocian-erneut;Hier finden Sie Informationen zu dem Thema „Fußball“. Lesen Sie jetzt „«Konkurrenz noch zu groß»: Bayer verleiht Belocian erneut“.;Fußball;News, Fußball, Jeanuel Belocian, Santander, Leverkusen, Racing Santander, Bayer 04 Leverkusen, Fußball, Sommer;2026-09-01T18:13:39+02:00;2026-09-01T18:13:39+02:00;;dpa Nordrhein-Westfalen;false
dd3f5b3a0aaf973aa219e7ccbe32fa3b509c25e881a3d1ca7a281bd22422a6b3;Mann bei Nürnberger Moschee mit Messer verletzt;https://www.zeit.de/news/2026-09/01/mann-bei-nuernberger-moschee-mit-messer-verletzt;Hier finden Sie Informationen zu dem Thema „Kriminalität“. Lesen Sie jetzt „Mann bei Nürnberger Moschee mit Messer verletzt“.;Kriminalität;News, Kriminalität, Nürnberg, Polizei, Moschee;2026-09-01T18:07:28+02:00;2026-09-01T18:07:28+02:00;;dpa Bayern;false
5d675a3f192e0f9f24d541cfb1727e271ce8ca62d030368b995c8acc088c4c2d;Die Statements von Dobrindt und Wadephul zum Drohnenvorfall in Leipzig;https://www.zeit.de/video/2026-09/bundesregierung-drohnenvorfall-leipzig-livestream;Die Bundesregierung macht Russland für den Anschlagsversuch verantwortlich und vollzieht mehrere Maßnahmen. Welche, erläutern hier der Bundesinnen- und der Außenminister.;Livestream:Russland;Video, Russland, Leipzig, Flughafen, Drohne, Russland, Bundesregierung;2026-09-01T17:57:45+02:00;2026-09-01T17:57:45+02:00;;;false
ff7b97efc575936c05ddb6f47fd503d0865ee3b07579f4fda89cedef4725fda4;Schießerei in niederländischem Dorf - mindestens ein Toter;https://www.zeit.de/news/2026-09/01/schiesserei-in-niederlaendischem-dorf-mindestens-ein-toter;Hier finden Sie Informationen zu dem Thema „Niederlande“. Lesen Sie jetzt „Schießerei in niederländischem Dorf - mindestens ein Toter“.;Niederlande;News, Niederlande, Niederlande, Overasselt, Polizei, Schießerei, Grenze;2026-09-01T17:57:23+02:00;2026-09-01T17:57:23+02:00;;dpa;false
7a5a05e6e6d84a2d0143ad985bdad67e8e34b258613dc5b0a93b8dfe300a41ba;475 Nachwuchskräfte starten bei Sachsens Polizei;https://www.zeit.de/news/2026-09/01/475-nachwuchskraefte-starten-bei-sachsens-polizei;Hier finden Sie Informationen zu dem Thema „Ausbildung und Studium“. Lesen Sie jetzt „475 Nachwuchskräfte starten bei Sachsens Polizei“.;Ausbildung und Studium;News, Ausbildung und Studium, Sachsen, Bautzen, Polizei, Hochschule der Sächsischen Polizei, Nachwuchskraft, Laufbahngruppe, Studium;2026-09-01T17:54:34+02:00;2026-09-01T17:54:34+02:00;;dpa Sachsen;false
9124ca7f999e60caff16d29b45aac5ce7088b84e4be42921b15b14ca605ff144;Wadephul: Russisches Generalkonsulat in Bonn muss schließen;https://www.zeit.de/news/2026-09/01/wadephul-russisches-generalkonsulat-in-bonn-muss-schliessen;Hier finden Sie Informationen zu dem Thema „Bundesregierung“. Lesen Sie jetzt „Wadephul: Russisches Generalkonsulat in Bonn muss schließen“.;Bundesregierung;News, Bundesregierung, Johann Wadephul, Bonn, Bundesregierung, Generalkonsulat;2026-09-01T17:53:48+02:00;2026-09-01T17:53:48+02:00;;dpa;false
6b4ff739c444d59b68f555d9a0975364b6677483fd7ac7279f0d17e8b491be75;Braunbär Fred im Wildpark-MV gestorben;https://www.zeit.de/news/2026-09/01/braunbaer-fred-im-wildpark-mv-gestorben;Hier finden Sie Informationen zu dem Thema „Wildpark-MV“. Lesen Sie jetzt „Braunbär Fred im Wildpark-MV gestorben“.;Wildpark-MV;News, Wildpark-MV, Braunbär;2026-09-01T17:51:52+02:00;2026-09-01T17:51:52+02:00;;dpa Mecklenburg-Vorpommern;false
f052a8d196de15662cd296d6b4dcd5670d89e8d2f227facf3f02189813954e22;24-Jähriger stellt sich nach tödlichem Messerstich;https://www.zeit.de/news/2026-09/01/24-jaehriger-stellt-sich-nach-toedlichem-messerstich;Hier finden Sie Informationen zu dem Thema „Untersuchungshaft“. Lesen Sie jetzt „24-Jähriger stellt sich nach tödlichem Messerstich“.;Untersuchungshaft;News, Untersuchungshaft, Köln, Polizei, Messerstich, Rechtsbeistand;2026-09-01T17:48:27+02:00;2026-09-01T17:48:27+02:00;;dpa Nordrhein-Westfalen;false
47424853f6923fa930baee745b323e5f1b1f2b91d8f4fc343732fd1d4cb85718;Mutmaßlicher Betrug mit Unfallwagen - Durchsuchung;https://www.zeit.de/news/2026-09/01/mutmasslicher-betrug-mit-unfallwagen-durchsuchung;Hier finden Sie Informationen zu dem Thema „Einsatz der Verkehrspolizei“. Lesen Sie jetzt „Mutmaßlicher Betrug mit Unfallwagen - Durchsuchung“.;Einsatz der Verkehrspolizei;News, Einsatz der Verkehrspolizei, Laupheim, Biberach, Kripo, Polizei, Unfallwagen, Durchsuchung, Betrug, Auto;2026-09-01T17:44:41+02:00;2026-09-01T17:44:41+02:00;;dpa Baden-Württemberg;false
8a08b51bf5fcf401b85b50c9aa3bef16192702f43bb5efbe9c14ce946d3ae298;Bundesregierung: Russland steckt hinter Sprengstoff-Drohne;https://www.zeit.de/news/2026-09/01/bundesregierung-russland-steckt-hinter-sprengstoff-drohne;Hier finden Sie Informationen zu dem Thema „Terrorismus“. Lesen Sie jetzt „Bundesregierung: Russland steckt hinter Sprengstoff-Drohne“.;Terrorismus;News, Terrorismus, Russland, Flughafen Leipzig/Halle, Bundesregierung, Terrorismus;2026-09-01T17:44:21+02:00;2026-09-01T17:44:21+02:00;;dpa;false
d2922b0d76567ddc3a968f65b12c18c602618f71d1e1b56ee9eed93bb0a40699;Frau bei Angriff in Anwaltskanzlei lebensgefährlich verletzt;https://www.zeit.de/news/2026-09/01/frau-bei-angriff-in-berlin-hellersdorf-schwer-verletzt;Hier finden Sie Informationen zu dem Thema „Gewalt“. Lesen Sie jetzt „Frau bei Angriff in Anwaltskanzlei lebensgefährlich verletzt“.;Gewalt;News, Gewalt, Berlin-Hellersdorf, Angriff;2026-09-01T17:43:33+02:00;2026-09-01T17:43:33+02:00;;dpa Berlin/Brandenburg;false
31158d2ee17edf365e9bba1d537aa24413a087dc8eab639faaad3eec509c3bd2;Wiedersehen mit Boldt: Hannover 96 holt HSV-Spieler Sahiti;https://www.zeit.de/news/2026-09/01/wiedersehen-mit-boldt-hannover-96-holt-hsv-spieler-sahiti;Hier finden Sie Informationen zu dem Thema „2. Fußball-Bundesliga“. Lesen Sie jetzt „Wiedersehen mit Boldt: Hannover 96 holt HSV-Spieler Sahiti“.;2. Fußball-Bundesliga;News, 2. Fußball-Bundesliga, Jonas Boldt, Kosovo, Israel, Hannover, Hamburg, Hannover 96, Hamburger SV, Fußball-Bundesliga;2026-09-01T17:37:12+02:00;2026-09-01T17:37:12+02:00;;dpa Hamburg/Schleswig-Holstein;false
a643f713f7986df40971306162effb4aa25522063bb14eebb90fec35416320d0;Stuttgart hat zweitbesten Nahverkehr deutscher Großstädte;https://www.zeit.de/news/2026-09/01/stuttgart-hat-zweitbesten-nahverkehr-deutscher-grossstaedte;Hier finden Sie Informationen zu dem Thema „Bus und Straßenbahn“. Lesen Sie jetzt „Stuttgart hat zweitbesten Nahverkehr deutscher Großstädte“.;Bus und Straßenbahn;News, Bus und Straßenbahn, Stuttgart, München, Frankfurt am Main, Frankfurt, Hannover, Baden-Württemberg, Nahverkehr, Großstadt, Straßenbahn, Denkfabrik;2026-09-01T17:36:40+02:00;2026-09-01T17:36:40+02:00;;dpa Baden-Württemberg;false
301b79ea937d579e3cc68ca3beba54f2d5ec290e624767d4d39b5fea496d6436;Schwedische Firma kauft Traditionsmarken Uhlsport und Kempa;https://www.zeit.de/news/2026-09/01/schwedische-firma-kauft-traditionsmarken-uhlsport-und-kempa;Hier finden Sie Informationen zu dem Thema „Übernahme“. Lesen Sie jetzt „Schwedische Firma kauft Traditionsmarken Uhlsport und Kempa“.;Übernahme;News, Übernahme, Balingen, Europa, Uhlsport, Traditionsmarke, Übernahme, Textilkonzern, Aktien;2026-09-01T17:34:27+02:00;2026-09-01T17:34:27+02:00;;dpa;false
b17342efd3c3b74c381b3172a1b3f69a713a0eb4db94b24c65a619f62773470c;Berliner Senat bestätigt Millionenforderung von Hackern;https://www.zeit.de/politik/deutschland/2026-09/cyberangriff-berliner-verwaltung-hackergruppe-rhysida-loesegeldforderung-daten-gxe;Hacker saugten im August tagelang Daten der Berliner Verwaltung ab. Der Senat bestätigt nun Berichte, wonach die Angreifer zwei Millionen Euro für die Daten fordern.;Cyberangriff;Politik, Cyberangriff , Berlin, Berliner Senat, Hackerangriff, Datenschutz, Cyberangriff, Millionenforderung;2026-09-01T17:34:08+02:00;2026-09-01T17:34:08+02:00;liw;DIE ZEIT,        dpa,        							liw;false
b3c54fb9b3c1d1cc424ed7632c80a35b57f31192d5570a166a474b4e40c6d600;Großeinsatz in Koblenz: Blutender Mann in Hinterhof gefunden;https://www.zeit.de/news/2026-09/01/grosseinsatz-in-koblenz-blutender-mann-in-hinterhof-gefunden;Hier finden Sie Informationen zu dem Thema „Unfälle“. Lesen Sie jetzt „Großeinsatz in Koblenz: Blutender Mann in Hinterhof gefunden“.;Unfälle;News, Unfälle, Koblenz, Polizei, Hinterhof, Unfall, Großeinsatz;2026-09-01T17:33:59+02:00;2026-09-01T17:33:59+02:00;;dpa Rheinland-Pfalz/Saarland;false
78e8f170916066de688b8ef9f0b0072565ff2836078726199072d1af5f3b0c04;Von Deutschland gesuchter Drogenboss in Spanien geschnappt;https://www.zeit.de/news/2026-09/01/von-deutschland-gesuchter-drogenboss-in-spanien-geschnappt;Hier finden Sie Informationen zu dem Thema „Fahndungserfolg“. Lesen Sie jetzt „Von Deutschland gesuchter Drogenboss in Spanien geschnappt“.;Fahndungserfolg;News, Fahndungserfolg, Spanien, Málaga, Polizei, Fahndungserfolg, Drogen;2026-09-01T17:31:42+02:00;2026-09-01T17:31:42+02:00;;dpa;false
f08c09ff34c95ef9f66029258d38d148747edeeab502fbfd128b1d378bb633c6;Sachsen kassiert Rote Karte für klimaschädliche Dienstwagen;https://www.zeit.de/news/2026-09/01/sachsen-kassiert-rote-karte-fuer-klimaschaedliche-dienstwagen;Hier finden Sie Informationen zu dem Thema „CO2-Bilanz“. Lesen Sie jetzt „Sachsen kassiert Rote Karte für klimaschädliche Dienstwagen“.;CO2-Bilanz;News, CO2-Bilanz, Constanze Geiert, Sachsen, Deutsche Umwelthilfe e.V., CDU, Dienstwagen, Landesregierung, Fahrzeug;2026-09-01T17:25:20+02:00;2026-09-01T17:25:20+02:00;;dpa Sachsen;false
b64d77847d5d1e42b8ed2965ded8d7cd3dfa45c070c1bdd9c6785c464247d1c5;Lagerhalle brennt in Reinsdorf – Warnung für Anwohner;https://www.zeit.de/news/2026-09/01/lagerhalle-brennt-in-reinsdorf-warnung-fuer-anwohner;Hier finden Sie Informationen zu dem Thema „Brände“. Lesen Sie jetzt „Lagerhalle brennt in Reinsdorf – Warnung für Anwohner“.;Brände;News, Brände, Reinsdorf, Burgenlandkreis, Lagerhalle, Brand;2026-09-01T17:24:54+02:00;2026-09-01T17:24:54+02:00;;dpa Sachsen;false
bd5845b84c23ff9014e4ea8496b5cf67e849daa5eeab96a58a7258f84e4d2d8d;Alkoholverbot bei der Bahn ohne Auffälligkeiten gestartet;https://www.zeit.de/news/2026-09/01/alkoholverbot-bei-der-bahn-ohne-auffaelligkeiten-gestartet;Hier finden Sie Informationen zu dem Thema „Verkehr“. Lesen Sie jetzt „Alkoholverbot bei der Bahn ohne Auffälligkeiten gestartet“.;Verkehr;News, Verkehr, Berlin, Deutsche Bahn, Deutsche Presse-Agentur, Alkoholverbot, Auffälligkeit, Alkoholkonsumverbot, Verkehr;2026-09-01T17:21:53+02:00;2026-09-01T17:21:53+02:00;;dpa Berlin/Brandenburg;false
d77647aecc9e1aa6e423e3f41baf683055c284480a428b81d1c3170814d0e97b;Sachsen will von Taiwans Halbleiterindustrie lernen;https://www.zeit.de/news/2026-09/01/sachsen-will-von-taiwans-halbleiterindustrie-lernen;Hier finden Sie Informationen zu dem Thema „Wirtschaftspolitik“. Lesen Sie jetzt „Sachsen will von Taiwans Halbleiterindustrie lernen“.;Wirtschaftspolitik;News, Wirtschaftspolitik, Dirk Panter, Taiwan, Sachsen, Taipeh, Dresden, Vietnam, SPD, TSMC, Halbleiterindustrie, Wirtschaftspolitik;2026-09-01T17:20:49+02:00;2026-09-01T17:20:49+02:00;;dpa Sachsen;false
f261812456788fc0b08f6c0fd1a5fcae17f75e3a17004f72ff2e1a46c1195542;Hessen will Kompetenzen der Schüler für KI-Zeitalter stärken;https://www.zeit.de/news/2026-09/01/hessen-setzt-auf-mehr-ki-kompetenzen-von-schuelern;Hier finden Sie Informationen zu dem Thema „Landtag“. Lesen Sie jetzt „Hessen will Kompetenzen der Schüler für KI-Zeitalter stärken“.;Landtag;News, Landtag, Armin Schwarz, Hessen, Wiesbadener Landtag, CDU, Schlüsselkompetenz, Landtag;2026-09-01T17:14:44+02:00;2026-09-01T17:14:44+02:00;;dpa Hessen;false
46c004dbf81bf911b398ee67125c058d8fcf4a523ccb726732509afe094ac015;A7 bei Hamburg am Wochenende 55 Stunden voll gesperrt;https://www.zeit.de/news/2026-09/01/a7-bei-hamburg-am-wochenende-55-stunden-voll-gesperrt;Hier finden Sie Informationen zu dem Thema „Autobahnsperrung“. Lesen Sie jetzt „A7 bei Hamburg am Wochenende 55 Stunden voll gesperrt“.;Autobahnsperrung;News, Autobahnsperrung, Hamburg, Hannover, Hamburg-Stellingen, Hamburg-Heimfeld, die Autobahn GmbH des Bundes, Autobahnsperrung, Vollsperrung, Anschlussstelle;2026-09-01T17:11:12+02:00;2026-09-01T17:11:12+02:00;;dpa Hamburg/Schleswig-Holstein;false
ef9bb1c29541b6e497dad331e3553f43fe21cbc397f941a1ab74f9b5b35bf132;Sahnetorten aus Bäckerei gestohlen;https://www.zeit.de/news/2026-09/01/sahnetorten-aus-baeckerei-gestohlen;Hier finden Sie Informationen zu dem Thema „Kurioser Diebstahl“. Lesen Sie jetzt „Sahnetorten aus Bäckerei gestohlen“.;Kurioser Diebstahl;News, Kurioser Diebstahl, Polizei, Diebstahl, Bäckerei;2026-09-01T17:00:31+02:00;2026-09-01T17:00:31+02:00;;dpa Thüringen;false
f3cf33c3f869e0c9f6728e5eaf46df1c014327a70cc317aa8f2d4803e24f07f9;AfD fordert Antworten nach Auseinandersetzung in Mannheim;https://www.zeit.de/news/2026-09/01/afd-fordert-antworten-nach-auseinandersetzung-in-mannheim;Hier finden Sie Informationen zu dem Thema „Auseinandersetzung“. Lesen Sie jetzt „AfD fordert Antworten nach Auseinandersetzung in Mannheim“.;Auseinandersetzung;News, Auseinandersetzung, Mannheim, Alternative für Deutschland, Polizei, Indymedia, Auseinandersetzung;2026-09-01T17:00:04+02:00;2026-09-01T17:00:04+02:00;;dpa Baden-Württemberg;false
523774a1517555e8f64ee8c160e4b1aacee16a5f96efd8cb6afb19def1fb739e;Senat bestätigt Millionenforderung nach Hackerattacke;https://www.zeit.de/news/2026-09/01/nach-hackerangriff-senat-bestaetigt-millionenforderung;Hier finden Sie Informationen zu dem Thema „IT-Sicherheit“. Lesen Sie jetzt „Senat bestätigt Millionenforderung nach Hackerattacke“.;IT-Sicherheit;News, IT-Sicherheit, Christine Richter, Berlin, Russland, Deutsche Presse-Agentur, Hackerangriff, Millionenforderung, Cyberangriff, Senat, Datennetz, Sicherheit;2026-09-01T16:58:52+02:00;2026-09-01T16:58:52+02:00;;dpa Berlin/Brandenburg;false
0b9b70e83cb4179a7f529f425dc8eef884ecb40df66b9e9d404cef39a6dde294;250-Kilo-Bombe in Wilhelmshavener Marinearsenal entschärft;https://www.zeit.de/news/2026-09/01/us-blindgaenger-in-wilhelmshaven-evakuierung-steht-bevor;Hier finden Sie Informationen zu dem Thema „Weltkriegsfund“. Lesen Sie jetzt „250-Kilo-Bombe in Wilhelmshavener Marinearsenal entschärft“.;Weltkriegsfund;News, Weltkriegsfund, Wilhelmshaven, Heppen, Polizei, Zweiter Weltkrieg, Evakuierung;2026-09-01T16:58:06+02:00;2026-09-01T16:58:06+02:00;;dpa Niedersachsen;false
68a5fb6a00106c03a18ee56d8d2f0cb5aeeb70d54d9ab65f66f8d441b1f341c1;Klingbeil warnt vor «Opposition in Regierung» bei Steuern;https://www.zeit.de/news/2026-09/01/klingbeil-warnt-vor-opposition-in-regierung-bei-steuern;Hier finden Sie Informationen zu dem Thema „Steuerreform“. Lesen Sie jetzt „Klingbeil warnt vor «Opposition in Regierung» bei Steuern“.;Steuerreform;News, Steuerreform, Katherina Reiche, Lars Klingbeil, USA, BMWi, CDU, SPD, G20, Finanzministerium, Kabinettstermin, Steuer;2026-09-01T16:54:08+02:00;2026-09-01T16:54:08+02:00;;dpa;false
c7bcdd29eb3e33030c71b00978f71135241c6425dfd880fab1a000240a41bcf6;Verletzter Dachdecker von Parkhausdach gerettet;https://www.zeit.de/news/2026-09/01/verletzter-dachdecker-von-parkhausdach-gerettet;Hier finden Sie Informationen zu dem Thema „Parkhaus in Pirmasens“. Lesen Sie jetzt „Verletzter Dachdecker von Parkhausdach gerettet“.;Parkhaus in Pirmasens;News, Parkhaus in Pirmasens, Pirmasens, Feuerwehr, Parkhausdach, Parkhaus;2026-09-01T16:51:45+02:00;2026-09-01T16:51:45+02:00;;dpa Rheinland-Pfalz/Saarland;false
605b82c8bbc451d67d4d96c262cacfc65bd622ba3ea0b61337a758a8f0874880;Rüdiger macht Schluss im DFB-Trikot: «Weg frei machen»;https://www.zeit.de/news/2026-09/01/ruediger-macht-schluss-im-dfb-trikot-weg-frei-machen;Hier finden Sie Informationen zu dem Thema „Fußball-Nationalmannschaft“. Lesen Sie jetzt „Rüdiger macht Schluss im DFB-Trikot: «Weg frei machen»“.;Fußball-Nationalmannschaft;News, Fußball-Nationalmannschaft, Antonio Rüdiger, Joachim Löw, Julian Nagelsmann, USA, Griechenland, Deutscher Fußball-Bund, Fußballnationalmannschaft;2026-09-01T16:50:41+02:00;2026-09-01T16:50:41+02:00;;dpa;false
90668289c32d60ce4562d3b7c06b78258a224e780dea484a3c77e976919ea38c;Sattelauflieger mit Servertechnik gestohlen – hoher Schaden;https://www.zeit.de/news/2026-09/01/sattelauflieger-mit-servertechnik-gestohlen-hoher-schaden;Hier finden Sie Informationen zu dem Thema „Kriminalität“. Lesen Sie jetzt „Sattelauflieger mit Servertechnik gestohlen – hoher Schaden“.;Kriminalität;News, Kriminalität, Herzberg am Harz, Landkreis Göttingen, Polizei, Servertechnik, Sattelauflieger, Fahrzeug;2026-09-01T16:47:43+02:00;2026-09-01T16:47:43+02:00;;dpa Niedersachsen;false
371f9ccddee2cdc1f55f4233372754debc0640c37a87e79db67036d576c62248;Einsatz auf dem Bodensee: Böe bringt Segelboot zum Kentern;https://www.zeit.de/news/2026-09/01/einsatz-auf-dem-bodensee-boee-bringt-segelboot-zum-kentern;Hier finden Sie Informationen zu dem Thema „Zwei Segler gerettet“. Lesen Sie jetzt „Einsatz auf dem Bodensee: Böe bringt Segelboot zum Kentern“.;Zwei Segler gerettet;News, Zwei Segler gerettet, Bodensee, Feuerwehr, Böe, Segelboot, Wasserschutzpolizei;2026-09-01T16:47:09+02:00;2026-09-01T16:47:09+02:00;;dpa Baden-Württemberg;false
037cc16a5f139bf17c92398bfd91da478c53575978602d9d6fc7740700111e3a;Özdemir fährt saubersten Dienstwagen – Gelbe Karte fürs Land;https://www.zeit.de/news/2026-09/01/oezdemir-hat-sparsamsten-dienstwagen-unter-den-laenderchefs;Hier finden Sie Informationen zu dem Thema „Umwelt-Check“. Lesen Sie jetzt „Özdemir fährt saubersten Dienstwagen – Gelbe Karte fürs Land“.;Umwelt-Check;News, Umwelt-Check, Cem Özdemir, Daniel Günther, Schleswig-Holstein, Berlin, Baden-Württemberg, Deutsche Umwelthilfe e.V., CDU, Dienstwagen, Auto;2026-09-01T16:46:53+02:00;2026-09-01T16:46:53+02:00;;dpa Baden-Württemberg;false
0e6158cf24f8c51bc01fbcd73b61deb1e42e0d1da5424abdef63e8dc96715642;Bauhaus-Institutionen: Freiheit der Kunst unter Druck;https://www.zeit.de/news/2026-09/01/bauhaus-institutionen-freiheit-der-kunst-unter-druck;Hier finden Sie Informationen zu dem Thema „Gemeinsame Erklärung“. Lesen Sie jetzt „Bauhaus-Institutionen: Freiheit der Kunst unter Druck“.;Gemeinsame Erklärung;News, Gemeinsame Erklärung, Sachsen-Anhalt, Bauhaus, Alternative für Deutschland, Stiftung Bauhaus Dessau, Landtagswahl in Sachsen, Landtagswahl, Kunstfreiheit, Freiheit;2026-09-01T16:45:12+02:00;2026-09-01T16:45:12+02:00;;dpa Berlin/Brandenburg;false
171ceb193bfba8330d9d2e1be27791c58f1132472d7254dcf7aecf96f99eb431;Mutmaßlicher Verkäufer von Waffe für Gewalttat in Stade verhaftet;https://www.zeit.de/gesellschaft/2026-09/waffenhaendler-berlin-stade-sechs-tote-mutter-kind-einrichtung-gxe;Die Polizei hat in Berlin einen mutmaßlichen Waffenhändler festgenommen, der dem Täter von Stade die Tatwaffe verkauft haben soll. Er sitzt nun in Untersuchungshaft.;Gewalttat von Stade;Gesellschaft, Gewalttat von Stade, Stade, Berlin, Polizei, Untersuchungshaft, Tatwaffe;2026-09-01T16:44:03+02:00;2026-09-01T16:44:03+02:00;sko;DIE ZEIT,        AFP,        dpa,        							sko;false
863dd70363157f988613ea5359dc78e22a6e5b3cd63215686972691102f38cea;Alle Krankenhäuser sollen bleiben – sieben als Regioklinik;https://www.zeit.de/news/2026-09/01/sieben-regiokliniken-ab-2027-geplant;Hier finden Sie Informationen zu dem Thema „Gesundheitsversorgung“. Lesen Sie jetzt „Alle Krankenhäuser sollen bleiben – sieben als Regioklinik“.;Gesundheitsversorgung;News, Gesundheitsversorgung, Clemens Hoch, Boppard, Bad Dürkheim, Frankenthal, Rheinland-Pfalz, SPD, Regioklinik, Alltagsnotfall, Gesundheitsversorgung, Krankenhausplan;2026-09-01T16:43:47+02:00;2026-09-01T16:43:47+02:00;;dpa Rheinland-Pfalz/Saarland;false
fe8cd6d53f9e42a5c6436eab601fb9ce7af2fe88348d796b23b0ae72746c12ac;Wasser soll in Brandenburg teurer werden;https://www.zeit.de/news/2026-09/01/wasser-soll-in-brandenburg-teurer-werden;Hier finden Sie Informationen zu dem Thema „Angespannter Haushalt“. Lesen Sie jetzt „Wasser soll in Brandenburg teurer werden“.;Angespannter Haushalt;News, Angespannter Haushalt, Hanka Mittelstädt, Brandenburg, BMU, SPD, Grundwasser, Trinkwasserversorgung, Haushalt;2026-09-01T16:42:31+02:00;2026-09-01T16:42:31+02:00;;dpa Berlin/Brandenburg;false
e96fc3ba0051f9c8587bd6d04f23b47b0239b0f08534b6815ad91074427320f2;54-Jähriger soll Bruder mit Axt attackiert haben – U-Haft;https://www.zeit.de/news/2026-09/01/54-jaehriger-soll-bruder-mit-axt-attackiert-haben-u-haft;Hier finden Sie Informationen zu dem Thema „Hattingen“. Lesen Sie jetzt „54-Jähriger soll Bruder mit Axt attackiert haben – U-Haft“.;Hattingen;News, Hattingen, Hattingen, Ruhrgebiet, Polizei, Staatsanwaltschaft;2026-09-01T16:39:03+02:00;2026-09-01T16:39:03+02:00;;dpa;false
4ae1e86d7dc859b245c986dccaf3e5c6afe376306131f7e596b52d63684096b0;Polizei meldet Detonation an Umspannwerk in Brandenburg;https://www.zeit.de/gesellschaft/2026-09/sprengvorrichtung-an-umspannwerk-in-brandenburg-gefunden-gxe;Nahe dem Kraftwerk Jänschwalde wurden Sprengstoffvorrichtungen gefunden. Der Betreiber spricht von einem »Anschlag«. Die Polizei sieht keine Gefahr für die Bevölkerung.;Jänschwalde;Gesellschaft, Jänschwalde, Brandenburg, Energieversorgung, Polizei, Ermittlung, Sprengstoff;2026-09-01T16:38:38+02:00;2026-09-01T16:38:38+02:00;Jona SpreterChristoph Heinemann;;false
227a0ee44a5ea7de9b3288bf0e3dd69497ad88945b49df7907698fd990d7d83c;Antonio Rüdiger beendet Länderspiel-Karriere;https://www.zeit.de/news/2026-09/01/antonio-ruediger-beendet-laenderspiel-karriere;Hier finden Sie Informationen zu dem Thema „Fußball“. Lesen Sie jetzt „Antonio Rüdiger beendet Länderspiel-Karriere“.;Fußball;News, Fußball, Antonio Rüdiger, Länderspiel, Fußball;2026-09-01T16:38:06+02:00;2026-09-01T16:38:06+02:00;;dpa;false
e96fc3ba0051f9c8587bd6d04f23b47b0239b0f08534b6815ad91074427320f2;54-Jähriger soll Bruder mit Axt attackiert haben – U-Haft;https://www.zeit.de/news/2026-09/01/ermittlungen-gegen-bruder-nach-lebensbedrohlichem-angriff;Hier finden Sie Informationen zu dem Thema „Hattingen“. Lesen Sie jetzt „54-Jähriger soll Bruder mit Axt attackiert haben – U-Haft“.;Hattingen;News, Hattingen, Hattingen, Ruhrgebiet, Polizei, Staatsanwaltschaft, Ermittlung, Angriff, Attacke;2026-09-01T16:37:19+02:00;2026-09-01T16:37:19+02:00;;dpa Nordrhein-Westfalen;false
27997b18a68dec7dc746c082bfb8eaa6a27cd9c3153be439d1716bfc9d3ad395;Wirtschaftsministerium kritisiert Steuerreform – will aber zustimmen;https://www.zeit.de/politik/deutschland/2026-09/steuerreform-lars-klingbeil-katherina-reiche-cdu-spd-gxe;Kurz vor der Entscheidung über die Steuerreform sorgt ein Schreiben aus dem Wirtschaftsministerium für Aufsehen. Lars Klingbeil spricht von »Opposition in der Regierung«.;Steuerreform;Politik, Steuerreform, Steuerreform, Lars Klingbeil, SPD, Katherina Reiche, CDU;2026-09-01T16:36:12+02:00;2026-09-01T16:36:12+02:00;yermuk;DIE ZEIT,        dpa,        AFP,        							yer					,        							muk;false
ef0949a4ca86c97dd80dceb9cbe667e6e95007fa4f39ad3717b1ddb5051867d7;Erstes elektrisches Passagierschiff auf dem Tegernsee;https://www.zeit.de/news/2026-09/01/erstes-elektrisches-passagierschiff-auf-dem-tegernsee;Hier finden Sie Informationen zu dem Thema „Schifffahrt“. Lesen Sie jetzt „Erstes elektrisches Passagierschiff auf dem Tegernsee“.;Schifffahrt;News, Schifffahrt, Tegernsee, Alpen, Passagierschiff, Schifffahrt, Schiff;2026-09-01T16:34:54+02:00;2026-09-01T16:34:54+02:00;;dpa Bayern;false
697727e404ad0c4156bb5adc0a57cb86b762410c383c64e193ea419d138bca04;Studie prüft neues Wasserwerk an der Elbe;https://www.zeit.de/news/2026-09/01/studie-prueft-neues-wasserwerk-an-der-elbe;Hier finden Sie Informationen zu dem Thema „Versorgung unter Klimadruck“. Lesen Sie jetzt „Studie prüft neues Wasserwerk an der Elbe“.;Versorgung unter Klimadruck;News, Versorgung unter Klimadruck, Elbe, Magdeburg, Colbitz, Sachsen-Anhalt, BMU, Wasserwerk, Klimadruck, Trinkwasserversorgung;2026-09-01T16:33:01+02:00;2026-09-01T16:33:01+02:00;;dpa Sachsen;false
20611a9d2c1f55c9c07cf23586ed60281146f6129a400f5828ecf78339dbcad3;TSV 1860 München kauft in Insolvenzverfahren alte Markenrechte zurück;https://www.zeit.de/sport/2026-09/insolvenz-tsv-1860-muenchen-fussball-max-liebig-wappen-gxe;Gegen den in die Regionalliga zwangsabgestiegenen TSV 1860 München läuft jetzt ein Insolvenzverfahren. Das hat es dem Verein ermöglicht, alte Markenrechte zurückzukaufen.;Fußball;Sport, Fußball, Fußball, München, Insolvenz, TSV 1860 München, Insolvenzverfahren;2026-09-01T16:32:25+02:00;2026-09-01T16:32:25+02:00;liw;DIE ZEIT,        dpa,        							liw;false
cf91feca79790b442ecbcdb592b48b17860e3cac84d50a9d146939e0a199c0a1;Stühlerücken im Pentagon - Warum unter Hegseth viele gehen;https://www.zeit.de/news/2026-09/01/stuehleruecken-im-pentagon-warum-unter-hegseth-viele-gehen;Hier finden Sie Informationen zu dem Thema „Weiterer Abgang im Pentagon“. Lesen Sie jetzt „Stühlerücken im Pentagon - Warum unter Hegseth viele gehen“.;Weiterer Abgang im Pentagon;News, Weiterer Abgang im Pentagon, Pete Hegseth, Daniel Driscoll, Christopher Donahue, Donald Trump, Randy George, USA, Europa, Afrika, Wiesbaden, Iran;2026-09-01T16:31:53+02:00;2026-09-01T16:31:53+02:00;;dpa;false
d48fe05867dd6d7b3d9c20cc77aea7017a30544ca11cc61764838870974759cf;Britischer Ex-Premier Keir Starmer gibt auch Abgeordnetenmandat auf;https://www.zeit.de/politik/ausland/2026-09/keir-starmer-rueckzug-parlament-labour-grossbritannien-gxe;Erst im Juli trat Keir Starmer als britischer Premier zurück, nun gibt er auch seinen Platz im Unterhaus ab. Zu seinen Zukunftsplänen äußert er sich indirekt.;Großbritannien;Politik, Großbritannien, Großbritannien, Labourpartei, Keir Starmer, Unterhaussitz;2026-09-01T16:25:57+02:00;2026-09-01T16:25:57+02:00;tw;DIE ZEIT,        dpa,        AFP,        							tw;false
04700c73f9d06f3980a1a8ee99d32705890472e7877decf30a2a51e2081fa4d8;Koalition will freiwilliges «Bayernjahr» rasch umsetzen;https://www.zeit.de/news/2026-09/01/koalition-will-freiwilliges-bayernjahr-rasch-umsetzen;Hier finden Sie Informationen zu dem Thema „CSU und Freie Wähler“. Lesen Sie jetzt „Koalition will freiwilliges «Bayernjahr» rasch umsetzen“.;CSU und Freie Wähler;News, CSU und Freie Wähler, Mann, CSU, Freie Wähler, Feuerwehr, Bayernjahr, Umweltverband, Koalition, Sicherheit;2026-09-01T16:23:47+02:00;2026-09-01T16:23:47+02:00;;dpa Bayern;false
ef1967a859ac2bb6b2c5a7567455e2c79f260636d83ffa075ac7f465f104677d;Fürth holt Linksverteidiger und Mittelfeld-Talent;https://www.zeit.de/news/2026-09/01/greuther-fuerth-holt-schweizer-linksverteidiger;Hier finden Sie Informationen zu dem Thema „2. Fußball-Bundesliga“. Lesen Sie jetzt „Fürth holt Linksverteidiger und Mittelfeld-Talent“.;2. Fußball-Bundesliga;News, 2. Fußball-Bundesliga, Loris Giandomenico, SpVgg Greuther Fürth, Fußball-Bundesliga, Transferperiode;2026-09-01T16:23:12+02:00;2026-09-01T16:23:12+02:00;;dpa Bayern;false
146d8e07a7b932669ae95f402b42a441c64e27e83bc71b4afaba72fa3a7ba250;A7 bei Rendsburg nachts gesperrt – Umleitung über die A210;https://www.zeit.de/news/2026-09/01/a7-bei-rendsburg-nachts-gesperrt-umleitung-ueber-die-a210;Hier finden Sie Informationen zu dem Thema „Autobahnsperrung“. Lesen Sie jetzt „A7 bei Rendsburg nachts gesperrt – Umleitung über die A210“.;Autobahnsperrung;News, Autobahnsperrung, Rendsburg, Rader Hochbrücke, Umleitung, Autobahnsperrung, Richtungsfahrbahn, Autobahnkreuz;2026-09-01T16:22:35+02:00;2026-09-01T16:22:35+02:00;;dpa Hamburg/Schleswig-Holstein;false
49a3b5669e5c5f0def9449c6dd26ec5c3506685b2ced869eb9a95a8569015c3f;Frankfurt laut Untersuchung vorn bei öffentlichem Nahverkehr;https://www.zeit.de/news/2026-09/01/frankfurt-laut-untersuchung-vorn-bei-oeffentlichem-nahverkehr;Hier finden Sie Informationen zu dem Thema „Agora Verkehrswende“. Lesen Sie jetzt „Frankfurt laut Untersuchung vorn bei öffentlichem Nahverkehr“.;Agora Verkehrswende;News, Agora Verkehrswende, Frankfurt, Frankfurt am Main, Stuttgart, München, Hannover, Karlsruhe, Darmstadt, Düsseldorf, Nahverkehr, Untersuchung;2026-09-01T16:19:10+02:00;2026-09-01T16:19:10+02:00;;dpa Hessen;false
5394225aa3f3bb8ec08267884b5a2a2ceeae7c529cb87c6535bb00c0be691b6f;Vier Straftäter aus Thüringen nach Kabul abgeschoben;https://www.zeit.de/news/2026-09/01/vier-straftaeter-aus-thueringen-nach-kabul-abgeschoben;Hier finden Sie Informationen zu dem Thema „Abschiebeflug“. Lesen Sie jetzt „Vier Straftäter aus Thüringen nach Kabul abgeschoben“.;Abschiebeflug;News, Abschiebeflug, Thüringen, Kabul, Leipzig, Afghanistan, Abschiebeflug, Migrationsministerium, Sammelabschiebung;2026-09-01T16:18:28+02:00;2026-09-01T16:18:28+02:00;;dpa Thüringen;false
2f2d877ac4cb540f864e1b1a0993c329a83bfbff21a57fd5e6b9d19dedc4ab95;14-Jähriger nach Reizgas-Attacke im Bus identifiziert;https://www.zeit.de/news/2026-09/01/14-jaehriger-nach-reizgas-attacke-im-bus-identifiziert;Hier finden Sie Informationen zu dem Thema „Lübeck“. Lesen Sie jetzt „14-Jähriger nach Reizgas-Attacke im Bus identifiziert“.;Lübeck;News, Lübeck, Lübeck, St. Gertrud, Reizgas, Linienbus;2026-09-01T16:15:44+02:00;2026-09-01T16:15:44+02:00;;dpa Hamburg/Schleswig-Holstein;false
16f574366dbac35453a14a70e58d7d220c79d51c5483ff412fa104f624132cb9;Angriff bei Löscheinsatz: Feuerwehrmann muss ins Krankenhaus;https://www.zeit.de/news/2026-09/01/angriff-bei-loescheinsatz-feuerwehrmann-muss-ins-krankenhaus;Hier finden Sie Informationen zu dem Thema „Gewalt gegen Einsatzkräfte“. Lesen Sie jetzt „Angriff bei Löscheinsatz: Feuerwehrmann muss ins Krankenhaus“.;Gewalt gegen Einsatzkräfte;News, Gewalt gegen Einsatzkräfte, Löscheinsatz, Einsatzkraft, Angriff;2026-09-01T16:15:20+02:00;2026-09-01T16:15:20+02:00;;dpa Hessen;false
e4d543699d1700e1cee57c0f3f4a053a13f94bd009522a3f078f895ed1643d3e;Swingerparty im Rathaus? Stadtrat Ferrat drohen Konsequenzen;https://www.zeit.de/news/2026-09/01/swingerparty-im-rathaus-stadtrat-ferrat-drohen-konsequenzen;Hier finden Sie Informationen zu dem Thema „Umstrittene Aktion“. Lesen Sie jetzt „Swingerparty im Rathaus? Stadtrat Ferrat drohen Konsequenzen“.;Umstrittene Aktion;News, Umstrittene Aktion, Julien Ferrat, Christian Specht, Holger Schmid, Mannheim, CDU, Freie Wähler, Swingerparty, Konsequenz, Kritik;2026-09-01T16:14:04+02:00;2026-09-01T16:14:04+02:00;;dpa Baden-Württemberg;false
9dcdde5bad9e90ae3d5f0875beae1adb9cae24b2fa1be26a8b64a8aa69b39a03;Neues Gesetz soll Hilfesystem gegen häusliche Gewalt stärken;https://www.zeit.de/news/2026-09/01/neues-gesetz-soll-hilfesystem-gegen-haeusliche-gewalt-staerken;Hier finden Sie Informationen zu dem Thema „Schutz vor Gewalt“. Lesen Sie jetzt „Neues Gesetz soll Hilfesystem gegen häusliche Gewalt stärken“.;Schutz vor Gewalt;News, Schutz vor Gewalt, Hilfssystem;2026-09-01T16:13:54+02:00;2026-09-01T16:13:54+02:00;;dpa Sachsen;false
e398b6bfc5d24c063522aab6ef9327a2c61483ddd2e2e85ea9c6cf2d23be3ae8;Radfahrer gerät nach Zusammenstoß unter Lastwagen und stirbt;https://www.zeit.de/news/2026-09/01/radfahrer-bei-zusammenstoss-mit-lastwagen-ums-leben-gekommen;Hier finden Sie Informationen zu dem Thema „Verkehr“. Lesen Sie jetzt „Radfahrer gerät nach Zusammenstoß unter Lastwagen und stirbt“.;Verkehr;News, Verkehr, Zusammenstoß, Verkehr;2026-09-01T16:11:12+02:00;2026-09-01T16:11:12+02:00;;dpa Bayern;false
8a5db6bd03881a92d793892951da939673d98cc13d500bc103689ff0fa7c46fb;Umfrage: Niedersachsen bleibt E-Bike-Bundesland Nummer eins;https://www.zeit.de/news/2026-09/01/umfrage-niedersachsen-bleibt-e-bike-bundesland-nummer-eins;Hier finden Sie Informationen zu dem Thema „Nachfrage steigt“. Lesen Sie jetzt „Umfrage: Niedersachsen bleibt E-Bike-Bundesland Nummer eins“.;Nachfrage steigt;News, Nachfrage steigt, Niedersachsen, Bremen, Civey, Umfrage;2026-09-01T15:58:42+02:00;2026-09-01T15:58:42+02:00;;dpa Niedersachsen;false
aae74edb918b0bc745b41517a5c940cec3813088dd5e78af368fbec0d49f9d7c;AfD-Chef Chrupalla offen für Gespräche nach Landtagswahl;https://www.zeit.de/news/2026-09/01/afd-chef-chrupalla-offen-fuer-gespraeche-nach-landtagswahl;Hier finden Sie Informationen zu dem Thema „Landtagswahl in Sachsen-Anhalt“. Lesen Sie jetzt „AfD-Chef Chrupalla offen für Gespräche nach Landtagswahl“.;Landtagswahl in Sachsen-Anhalt;News, Landtagswahl in Sachsen-Anhalt, Ulrich Siegmund, Tino Chrupalla, Sachsen-Anhalt, Alternative für Deutschland, Landtagswahl, Landtagswahl in Sachsen;2026-09-01T15:57:50+02:00;2026-09-01T15:57:50+02:00;;dpa Sachsen;false
c0803fcb9290882baaa67957f93c818dc76fe6fc7b4e5a92ca9056cbd2228b54;Religionsgemeinschaften starten gemeinsamen Wahlaufruf;https://www.zeit.de/news/2026-09/01/religionsgemeinschaften-starten-gemeinsamen-wahlaufruf;Hier finden Sie Informationen zu dem Thema „Landtagswahl in MV“. Lesen Sie jetzt „Religionsgemeinschaften starten gemeinsamen Wahlaufruf“.;Landtagswahl in MV;News, Landtagswahl in MV, Mecklenburg-Vorpommern, Landtagswahl, Religionsgemeinschaft, Wahlaufruf;2026-09-01T15:57:42+02:00;2026-09-01T15:57:42+02:00;;dpa Mecklenburg-Vorpommern;false
c1969c38eff26621af7d5150650c78428de247e6f04af0efa06dbc735ba74db4;Mann soll im Wahn auf Mutter eingestochen haben;https://www.zeit.de/news/2026-09/01/mann-soll-im-wahn-auf-mutter-eingestochen-haben;Hier finden Sie Informationen zu dem Thema „Angriff“. Lesen Sie jetzt „Mann soll im Wahn auf Mutter eingestochen haben“.;Angriff;News, Angriff, Landkreis Karlsruhe, Polizei, Angriff;2026-09-01T15:55:02+02:00;2026-09-01T15:55:02+02:00;;dpa Baden-Württemberg;false
2be300c57b0f9cd44a2b1e7db709e8cd57b8a2e27fe9eeb5fcb72687401de27c;Wo die Bevölkerung im Land wächst – und wo sie schrumpft;https://www.zeit.de/news/2026-09/01/wo-die-bevoelkerung-im-land-waechst-und-wo-sie-schrumpft;Hier finden Sie Informationen zu dem Thema „Bevölkerung in Niedersachsen“. Lesen Sie jetzt „Wo die Bevölkerung im Land wächst – und wo sie schrumpft“.;Bevölkerung in Niedersachsen;News, Bevölkerung in Niedersachsen, Salzgitter, Niedersachsen, Northeim, Landkreis Göttingen, Landkreis Cloppenburg;2026-09-01T15:54:10+02:00;2026-09-01T15:54:10+02:00;;dpa Niedersachsen;false
44d451066f090aae8246671d0d4fd66cbd891e9917b45035e8996bd6753381c6;UN halbiert Hungerhilfe für Westjordanland;https://www.zeit.de/gesellschaft/2026-09/welternaehrungsprogramm-vereinte-nationen-westjordanland-nahrungsmittelhilfe-kuerzung-gxe;Das Westjordanland benötige doppelt so viele Nahrungsmittelhilfen wie 2023, schreibt das UN-Welternährungsprogramm. Wegen Geldmangels müsse es die Hilfen aber kürzen.;Welthungerhilfe;Gesellschaft, Welthungerhilfe, UN, Westjordanland, Lebensmittel, Geldmangel, Hungerkrise;2026-09-01T15:53:49+02:00;2026-09-01T15:53:49+02:00;sko;DIE ZEIT,        dpa,        KNA,        							sko;false
f869e2cb9a557b09b83b9573dbe01e02dfe98bf5cec239330510c367a162244b;Selbstgebastelte Flugkörper am Umspannwerk gefunden;https://www.zeit.de/news/2026-09/01/selbstgebastelte-flugkoerper-am-umspannwerk-gefunden;Hier finden Sie Informationen zu dem Thema „Vorfall in Kraftwerksnähe“. Lesen Sie jetzt „Selbstgebastelte Flugkörper am Umspannwerk gefunden“.;Vorfall in Kraftwerksnähe;News, Vorfall in Kraftwerksnähe, Südbrandenburg, Umspannwerk, Flugkörper, Kraftwerksnähe, Sprengvorrichtung, Silvesterrakete;2026-09-01T15:53:40+02:00;2026-09-01T15:53:40+02:00;;dpa Berlin/Brandenburg;false
0076ec6610613164d28e4231880dbdaa2dc1bee6dd8682ae2288e54b4bf9f62f;Fall Fabian: Angeklagte will bald Fragen beantworten;https://www.zeit.de/news/2026-09/01/fall-fabian-angeklagte-will-bald-fragen-beantworten;Hier finden Sie Informationen zu dem Thema „Monatelanger Mordprozess“. Lesen Sie jetzt „Fall Fabian: Angeklagte will bald Fragen beantworten“.;Monatelanger Mordprozess;News, Monatelanger Mordprozess, Thomas Löcker, Güstrow, Rostock, Mordprozess, Mordverdacht;2026-09-01T15:53:32+02:00;2026-09-01T15:53:32+02:00;;dpa Mecklenburg-Vorpommern;false
dd0bae847a8303f243a2c19ae33326c14e55331bc0a10e1f70ae8a2430cfcf72;Etwas weniger Krankschreibungen im ersten Halbjahr;https://www.zeit.de/news/2026-09/01/etwas-weniger-krankschreibungen-im-ersten-halbjahr;Hier finden Sie Informationen zu dem Thema „Auswertung“. Lesen Sie jetzt „Etwas weniger Krankschreibungen im ersten Halbjahr“.;Auswertung;News, Auswertung, Thüringen, AOK Plus, Barmer, Krankschreibung;2026-09-01T15:53:15+02:00;2026-09-01T15:53:15+02:00;;dpa Thüringen;false
f83f32785800c87dd05a049183ea0c5fb1c2ed220ecdd53a14ad0440afcdab70;SC Paderborn holt HSV-Stürmer Philippe;https://www.zeit.de/news/2026-09/01/sc-paderborn-holt-hsv-stuermer-philippe;Hier finden Sie Informationen zu dem Thema „Fußball-Bundesliga“. Lesen Sie jetzt „SC Paderborn holt HSV-Stürmer Philippe“.;Fußball-Bundesliga;News, Fußball-Bundesliga, Rayan Philippe, SC Paderborn, Hamburger SV, Fußball-Bundesliga, Bundesliga, Transferfrist;2026-09-01T15:52:12+02:00;2026-09-01T15:52:12+02:00;;dpa Hamburg/Schleswig-Holstein;false
3baa6841be0a3c38733d5c8d327b8234801e94f9103979a4c31dd82daaa84a4b;Woidke verurteilt mutmaßlichen Anschlag;https://www.zeit.de/news/2026-09/01/woidke-verurteilt-mutmasslichen-anschlag;Hier finden Sie Informationen zu dem Thema „Vorfall in Kraftwerksnähe“. Lesen Sie jetzt „Woidke verurteilt mutmaßlichen Anschlag“.;Vorfall in Kraftwerksnähe;News, Vorfall in Kraftwerksnähe, Dietmar Woidke, Brandenburg, Jänschwalde, Kraftwerksnähe, Umspannwerk, Anschlagsversuch, Anschlag;2026-09-01T15:51:53+02:00;2026-09-01T15:51:53+02:00;;dpa Berlin/Brandenburg;false
cbb9ddb83a6a9f6d8215cca9a242bb068f9e4f62ece3f1ba428685e1dd79337c;Bundesbank-Chef: Deutschland muss hart für Rating arbeiten;https://www.zeit.de/news/2026-09/01/bundesbank-chef-deutschland-muss-hart-fuer-rating-arbeiten;Hier finden Sie Informationen zu dem Thema „Kreditwürdigkeit“. Lesen Sie jetzt „Bundesbank-Chef: Deutschland muss hart für Rating arbeiten“.;Kreditwürdigkeit;News, Kreditwürdigkeit, Joachim Nagel, USA, S&P, Deutsche Bundesbank, Bundesregierung, Kreditwürdigkeit;2026-09-01T15:49:58+02:00;2026-09-01T15:49:58+02:00;;dpa;false
b25ccf2a5d42cafbcd7b413fa631ac404bbde167dd4e732fe7e39ec0f8cb64ff;TU München wirft EU falsche Klimavorgaben für Autos vor;https://www.zeit.de/news/2026-09/01/tu-muenchen-wirft-eu-falsche-klimavorgaben-fuer-autos-vor;Hier finden Sie Informationen zu dem Thema „CO2-Emissionen“. Lesen Sie jetzt „TU München wirft EU falsche Klimavorgaben für Autos vor“.;CO2-Emissionen;News, CO2-Emissionen, Thomas Hofmann, TU München, TU, Europäische Union, Klimavorgabe, Auto, Kritik;2026-09-01T15:48:06+02:00;2026-09-01T15:48:06+02:00;;dpa;false
8a9f5fff499764e945d5e4704da9bb6ed29f00fb013c53b7edea45140c9333ff;88-Jähriger angefahren und schwer verletzt – Fahrer flieht;https://www.zeit.de/news/2026-09/01/88-jaehriger-angefahren-und-schwer-verletzt-fahrer-flieht;Hier finden Sie Informationen zu dem Thema „Unfälle“. Lesen Sie jetzt „88-Jähriger angefahren und schwer verletzt – Fahrer flieht“.;Unfälle;News, Unfälle, Dürrhennersdorf, Landkreis Görlitz, Polizei, Unfall, Auto;2026-09-01T15:46:15+02:00;2026-09-01T15:46:15+02:00;;dpa Sachsen;false
491b5a364a6c8ba97f9ea8c79e0efac200c057cfecc379d2f85f44831411d72f;Saarland erweitert Förderung von Lerngärten;https://www.zeit.de/news/2026-09/01/saarland-erweitert-foerderung-von-lerngaerten;Hier finden Sie Informationen zu dem Thema „Inklusion“. Lesen Sie jetzt „Saarland erweitert Förderung von Lerngärten“.;Inklusion;News, Inklusion, Petra Berg, Saarland, SPD, Lerngarten, Inklusion;2026-09-01T15:45:22+02:00;2026-09-01T15:45:22+02:00;;dpa Rheinland-Pfalz/Saarland;false
8309a1b33127ca6dbd37b96b2063463e850c30dd6b364666a8635277aee03e31;SC Paderborn gibt Stürmer Okpala ab;https://www.zeit.de/news/2026-09/01/sc-paderborn-gibt-stuermer-okpala-ab;Hier finden Sie Informationen zu dem Thema „Fußball-Bundesliga“. Lesen Sie jetzt „SC Paderborn gibt Stürmer Okpala ab“.;Fußball-Bundesliga;News, Fußball-Bundesliga, Kennedy Okpala, SC Paderborn, Fußball-Bundesliga, Bundesliga, Transferfrist;2026-09-01T15:41:54+02:00;2026-09-01T15:41:54+02:00;;dpa Nordrhein-Westfalen;false
95740e8c10ade615afe9a4dcd6dcd6bdee2bd14c33627ce2b5460f61042bd21b;Darum muss Ritter Sport Verpackungen überkleben;https://www.zeit.de/news/2026-09/01/eu-richtlinie-zwingt-ritter-sport-zu-neuen-verpackungen;Hier finden Sie Informationen zu dem Thema „Schokolade“. Lesen Sie jetzt „Darum muss Ritter Sport Verpackungen überkleben“.;Schokolade;News, Schokolade, Waldenbuch, Böblingen, Ritter Sport, Europäische Union, Schokolade, Schokoladentafel, Kakaobezug, Verpackung;2026-09-01T15:41:27+02:00;2026-09-01T15:41:27+02:00;;dpa Baden-Württemberg;false
5162f0990b51413b71c1f3c798f135402cbed88719e91df798a07c3a17fccb84;Weltweite Fahndung nach Windkraftbetrüger Holt;https://www.zeit.de/news/2026-09/01/weltweite-fahndung-nach-windkraftbetrueger-holt;Hier finden Sie Informationen zu dem Thema „Bisher keine Spur“. Lesen Sie jetzt „Weltweite Fahndung nach Windkraftbetrüger Holt“.;Bisher keine Spur;News, Bisher keine Spur, Hendrik Holt, Osnabrück, Berlin, Staatsanwaltschaft, Fahndung;2026-09-01T15:41:04+02:00;2026-09-01T15:41:04+02:00;;dpa Berlin/Brandenburg;false
639f76654e509f0b11ccd630638b7591ceb9ca204b89e0c4b8feaf819edc2441;Bündnis wirbt mit Wahlkreuz für Vielfalt auf dem Land;https://www.zeit.de/news/2026-09/01/buendnis-wirbt-mit-wahlkreuz-fuer-vielfalt-auf-dem-land;Hier finden Sie Informationen zu dem Thema „Aktion vor der Landtagswahl“. Lesen Sie jetzt „Bündnis wirbt mit Wahlkreuz für Vielfalt auf dem Land“.;Aktion vor der Landtagswahl;News, Aktion vor der Landtagswahl, Tangerhütte, Landkreis Stendal, Landtagswahl, Landtagswahl in Sachsen, Wahlkreuz, Vielfalt;2026-09-01T15:40:33+02:00;2026-09-01T15:40:33+02:00;;dpa Sachsen;false
ee687c5d56b75f4d929a8f8fd2365497f651616ded5f3c90b5a1d4d50eee8536;Erneut Würgeschlange in derselben Straße in Krefeld gefunden;https://www.zeit.de/news/2026-09/01/erneut-wuergeschlange-in-derselben-strasse-in-krefeld-gefunden;Hier finden Sie Informationen zu dem Thema „Wie schon Anfang August“. Lesen Sie jetzt „Erneut Würgeschlange in derselben Straße in Krefeld gefunden“.;Wie schon Anfang August;News, Wie schon Anfang August, Krefeld, Feuerwehr, Nauenweg, Tiere;2026-09-01T15:38:42+02:00;2026-09-01T15:38:42+02:00;;dpa Nordrhein-Westfalen;false
8a5ac1f46abd8276bde900dd2833f0c9f5dce3ab73faee1020e32a293d27b54b;Landesregierung möchte Wirtschaft auf Recyclingkurs bringen;https://www.zeit.de/news/2026-09/01/landesregierung-moechte-wirtschaft-auf-recyclingkurs-bringen;Hier finden Sie Informationen zu dem Thema „Kreislaufwirtschaft“. Lesen Sie jetzt „Landesregierung möchte Wirtschaft auf Recyclingkurs bringen“.;Kreislaufwirtschaft;News, Kreislaufwirtschaft, Oliver Krischer, Mona Neubaur, Nordrhein-Westfalen, Recyclingkurs, Kreislaufwirtschaft, Landesregierung, Recyclingmaterial, Priorisierung;2026-09-01T15:38:15+02:00;2026-09-01T15:38:15+02:00;;dpa Nordrhein-Westfalen;false
64e7ffdd552c4bc8f6e569df7a8bd774a9428999c4420eb922e785c5ff0acf60;Sieben Verletzte und Sperrung nach Auffahrunfall auf der A8;https://www.zeit.de/news/2026-09/01/sieben-verletzte-und-sperrung-nach-auffahrunfall-auf-der-a8;Hier finden Sie Informationen zu dem Thema „Unfälle“. Lesen Sie jetzt „Sieben Verletzte und Sperrung nach Auffahrunfall auf der A8“.;Unfälle;News, Unfälle, Auffahrunfall, Sperrung, Unfall, Fahrzeug;2026-09-01T15:35:00+02:00;2026-09-01T15:35:00+02:00;;dpa Baden-Württemberg;false
5aa5adae15bd3d12208bf076a0a6b9601023ec65097ff38bef8f4c8738cc88e6;Polizei warnt vor betrügerischen Handwerkern;https://www.zeit.de/news/2026-09/01/polizei-warnt-vor-betruegerischen-handwerkern;Hier finden Sie Informationen zu dem Thema „Abzocke statt Schnäppchen“. Lesen Sie jetzt „Polizei warnt vor betrügerischen Handwerkern“.;Abzocke statt Schnäppchen;News, Abzocke statt Schnäppchen, Mann, Unterfranken, Polizei, Abzocke, Schnäppchen, Regenrinne, Betrugsmasche;2026-09-01T15:31:55+02:00;2026-09-01T15:31:55+02:00;;dpa Bayern;false
8b4125dc4d3829e48b3570eb6f2551bde75441d61f4ac17a37903a6dfe92a307;Existenzgründer sollen binnen 15 Tagen Steuernummer erhalten;https://www.zeit.de/news/2026-09/01/existenzgruender-sollen-binnen-15-tagen-steuernummer-erhalten;Hier finden Sie Informationen zu dem Thema „Finanzverwaltung“. Lesen Sie jetzt „Existenzgründer sollen binnen 15 Tagen Steuernummer erhalten“.;Finanzverwaltung;News, Finanzverwaltung, Steuernummer, Finanzverwaltung;2026-09-01T15:31:25+02:00;2026-09-01T15:31:25+02:00;;dpa Thüringen;false
29b1f4f3b0a248175cc4ffe2596999711fe2f4f8c0b130e73afa202ea774c33e;Eisbären verpflichten Verteidiger Davidson - Has wieder weg;https://www.zeit.de/news/2026-09/01/eisbaeren-verpflichten-verteidiger-davidson-has-wieder-weg;Hier finden Sie Informationen zu dem Thema „Deutsche Eishockey Liga“. Lesen Sie jetzt „Eisbären verpflichten Verteidiger Davidson - Has wieder weg“.;Deutsche Eishockey Liga;News, Deutsche Eishockey Liga, Brandon Davidson, Berlin, Eisbären Berlin, HC Kometa Brno, Eisbär, Eishockey, Dolomitencup;2026-09-01T15:31:07+02:00;2026-09-01T15:31:07+02:00;;dpa Berlin/Brandenburg;false
fcec8cf879918db7918c73aec1e6531a2906aa626f3222f27032da820b1f1b93;Sachsen-Anhalt stellt mehr Polizeinachwuchs ein als geplant;https://www.zeit.de/news/2026-09/01/sachsen-anhalt-stellt-mehr-polizeinachwuchs-ein-als-geplant;Hier finden Sie Informationen zu dem Thema „Landespolizei“. Lesen Sie jetzt „Sachsen-Anhalt stellt mehr Polizeinachwuchs ein als geplant“.;Landespolizei;News, Landespolizei, Tamara Zieschang, Aschersleben, Sachsen-Anhalt, CDU, Polizeinachwuchs, Studium;2026-09-01T15:30:05+02:00;2026-09-01T15:30:05+02:00;;dpa Sachsen;false
b45048bbb03c583ca71be633f9a8fb3b66603b9350b324a600bac6f08b679966;Anti-Kriegsbündnis protestiert gegen Aufrüstung;https://www.zeit.de/news/2026-09/01/anti-kriegsbuendnis-protestiert-gegen-aufruestung;Hier finden Sie Informationen zu dem Thema „Demonstrationen“. Lesen Sie jetzt „Anti-Kriegsbündnis protestiert gegen Aufrüstung“.;Demonstrationen;News, Demonstrationen, Camille Dietrich, Russland, Köln, Rheinmetall, Bundesregierung, Aufrüstung, Protestcamp;2026-09-01T15:29:40+02:00;2026-09-01T15:29:40+02:00;;dpa Nordrhein-Westfalen;false
538e39095ea6677f55cadde8477967e684845e623902a3a9b2df4263268797cd;Wort ist ihr Hobby;https://www.zeit.de/2026/37/laura-larsson-entertainerin-podcast-balaton97-ostdeutschland;Podcasterin? Moderatorin? Comedian? Laura Larsson aus Parchim ist als Entertainerin enorm erfolgreich, auch sonst mitteilsam – und dennoch schwer zu greifen.;"Z+ (abopflichtiger Inhalt);
        
    Laura Larsson";Gesellschaft, Laura Larsson, Moderator, Ungarn, Berlin, YouTube, Instagram, TikTok;2026-09-01T15:29:35+02:00;2026-09-01T15:29:35+02:00;Carolin Würfel;Aus der        ZEIT Nr. 37/2026;false
df1a232a4eed3ab1ffc4b87d33a28a877f939784d393686591de8bd9e5585d7d;Regenbogenbank zum Gedenken an CSD-Anschlag zerstört;https://www.zeit.de/news/2026-09/01/regenbogenbank-zum-gedenken-an-csd-anschlag-wird-zerstoert;Hier finden Sie Informationen zu dem Thema „Terrorismus“. Lesen Sie jetzt „Regenbogenbank zum Gedenken an CSD-Anschlag zerstört“.;Terrorismus;News, Terrorismus, Berlin, Christopher Street Day, Regenbogenbank, Terrorismus, Terroranschlag;2026-09-01T15:29:22+02:00;2026-09-01T15:29:22+02:00;;dpa Berlin/Brandenburg;false
c071dbd3c2eb80a8d2645041d6ee773d960212f50cbe34419492035fb64898ba;Mit Pumpen gegen das Kippen: Bergsee Ratscher wird abgestaut;https://www.zeit.de/news/2026-09/01/mit-pumpen-gegen-das-kippen-bergsee-ratscher-wird-abgestaut;Hier finden Sie Informationen zu dem Thema „Wasserrückhaltebecken“. Lesen Sie jetzt „Mit Pumpen gegen das Kippen: Bergsee Ratscher wird abgestaut“.;Wasserrückhaltebecken;News, Wasserrückhaltebecken, Johannes Krey, Anne Barthel, Schleusingen, Apolda, THW, Pumpe, Kippe, Wasserrückhaltebecken, Gewässerqualität, Großpumpe;2026-09-01T15:28:32+02:00;2026-09-01T15:28:32+02:00;;dpa Thüringen;false
0868466eeb9e371f7c50edc1b1a77bf607e05e34b08441cc453c1f13cb899ab9;Eine Schwebebahn kehrt heim und wird zum Blickfang;https://www.zeit.de/news/2026-09/01/eine-schwebebahn-kehrt-heim-und-wird-zum-blickfang;Hier finden Sie Informationen zu dem Thema „Neuer Platz“. Lesen Sie jetzt „Eine Schwebebahn kehrt heim und wird zum Blickfang“.;Neuer Platz;News, Neuer Platz, Markus Bürger, Wuppertal, Schwebebahn, Blickfang, Schwebebahnwagen, Hauptbahnhof, Fahrzeug;2026-09-01T15:26:56+02:00;2026-09-01T15:26:56+02:00;;dpa Nordrhein-Westfalen;false
1be08751977ba3e01c4fc29b3c3ecf0112f11fca4fce172cc13097171c7103d7;Hamas meldet Entführung des eigenen Sicherheitschefs durch Miliz;https://www.zeit.de/politik/ausland/2025-10/krieg-gaza-israel-hamas-liveblog;Eine mit Israel verbündete palästinensische Miliz soll den Sicherheitschef der Hamas entführt haben. Im Gazastreifen gab es Tote nach israelischen Angriffen. Das Liveblog;Liveblog:                     Gaza;Politik, Gaza, Israel, Gazastreifen, Nahost, Hamas, Benjamin Netanjahu, Militär;2026-09-02T07:43:45+00:00;2026-09-02T07:43:45+00:00;Yannick von Eisenhart RotheTheresa WalterLuis Kumpfmüller;;false
0207bdd850fd82e3325cc337387d315f4c07cec605ca4edb7621a08b5efae7cc;Steuerstreit: Klingbeil kritisiert «Opposition in Regierung»;https://www.zeit.de/news/2026-09/01/steuerstreit-klingbeil-kritisiert-opposition-in-regierung;Hier finden Sie Informationen zu dem Thema „Steuerreform“. Lesen Sie jetzt „Steuerstreit: Klingbeil kritisiert «Opposition in Regierung»“.;Steuerreform;News, Steuerreform, Lars Klingbeil, Katherina Reiche, USA, SPD, CDU, G20, Steuerstreit, Steuerreform;2026-09-01T15:25:27+02:00;2026-09-01T15:25:27+02:00;;dpa;false
74d3ab4688af97c659d26d99f4f96581af54b9d67cdbe9baa1021c4af4d2457a;Der Mann, der zu viel redete;https://www.zeit.de/feuilleton/musik/2026-09/mord-tupac-shakur-prozess-gerichtsverfahren-gang;Fast 30 Jahre nach dem spektakulären Mord am Rapper Tupac Shakur fiel nun ein Schuldspruch. Zwar gab es keine Beweise, dafür aber einen höchst mitteilsamen Täter.;"Z+ (abopflichtiger Inhalt);
        
    Mord an Tupac Shakur";Feuilleton, Mord an Tupac Shakur, Gerichtsverfahren, Las Vegas, Mord, Tupac Shakur;2026-09-01T15:25:21+02:00;2026-09-01T15:25:21+02:00;Sinem Kılıç;;false
76e9d915232059cdf1c579d840747c8858faec3cd0b2397325bed11e3efbb2e4;Wenn ihr euch komplett abschaffen wollt, baut halt weiter Verbrenner;https://www.zeit.de/wirtschaft/2026-09/e-autos-elektrombilitaet-markus-soeder-studie-verbrenner-autos;Laut einer Studie stoßen Elektroautos »nur« 41 Prozent weniger CO₂ aus. Und Markus Söder fordert wieder das Ende vom Verbrenner-Aus. Das Problem nur ist ein anderes.;"Z+ (abopflichtiger Inhalt);
        
    E-Autos";Wirtschaft, E-Autos, Markus Söder, Autoindustrie, China, Europäische Union, Elektroauto;2026-09-01T15:24:26+02:00;2026-09-01T15:24:26+02:00;Zacharias Zacharakis;Aus der        ZEIT Nr. 38/2026;false
0f6e503c53052739a7e2cacdbb96d1fa6041f12cb7d8d51fe4cdc204a770b812;Nach drei Jahren: Rückkehr von Diaby nach Leverkusen perfekt;https://www.zeit.de/news/2026-09/01/nach-drei-jahren-rueckkehr-von-diaby-nach-leverkusen-perfekt;Hier finden Sie Informationen zu dem Thema „Fußball-Bundesliga“. Lesen Sie jetzt „Nach drei Jahren: Rückkehr von Diaby nach Leverkusen perfekt“.;Fußball-Bundesliga;News, Fußball-Bundesliga, Leverkusen, Bayer 04 Leverkusen, Fußball-Bundesliga, Bundesliga, Werkself, Sommer;2026-09-01T15:24:15+02:00;2026-09-01T15:24:15+02:00;;dpa Nordrhein-Westfalen;false
75c50265d353b5396c301f6a4c6c41e67a0df6b9abaab9c337a176e337f35f79;Schule im Landkreis Bautzen bleibt wegen Geruch geschlossen;https://www.zeit.de/news/2026-09/01/schule-im-landkreis-bautzen-bleibt-wegen-geruch-geschlossen;Hier finden Sie Informationen zu dem Thema „Notfälle“. Lesen Sie jetzt „Schule im Landkreis Bautzen bleibt wegen Geruch geschlossen“.;Notfälle;News, Notfälle, Schirgiswalde-Kirschau, Bautzen, Landkreis Bautzen, Notfall, Geruch;2026-09-01T15:23:38+02:00;2026-09-01T15:23:38+02:00;;dpa Sachsen;false
a0c4820c4e37b574d0992149b28d7ef7964a17bc04e15763bb49ca364365121c;Verband reicht Klage gegen Schienenmaut ein;https://www.zeit.de/news/2026-09/01/verband-reicht-klage-gegen-schienenmaut-ein;Hier finden Sie Informationen zu dem Thema „Verkehr“. Lesen Sie jetzt „Verband reicht Klage gegen Schienenmaut ein“.;Verkehr;News, Verkehr, BSN, Verwaltungsgericht Köln, EuGH, Schienenmaut, Eisenbahnunternehmen, Trassenpreis, Personennahverkehr, Verkehr, Bundesverband;2026-09-01T15:23:30+02:00;2026-09-01T15:23:30+02:00;;dpa;false
6d15850ba054ba2f0cea78a39f8ee98e2f552ef80fdad64e74f4868af3bea693;Möglicher Streit um Kind: Behörde wirft Mann Mord vor;https://www.zeit.de/news/2026-09/01/moeglicher-streit-um-kind-behoerde-wirft-mann-mord-vor;Hier finden Sie Informationen zu dem Thema „In Erkner“. Lesen Sie jetzt „Möglicher Streit um Kind: Behörde wirft Mann Mord vor“.;In Erkner;News, In Erkner, Erkner, Staatsanwaltschaft, Mord;2026-09-01T15:23:25+02:00;2026-09-01T15:23:25+02:00;;dpa Berlin/Brandenburg;false
e7375d47bd10b873d121fea43fc016eced7bcb8c63823ff9249f3cbaac8d05cd;Zu viel geflogen: Brustkrebs;https://www.zeit.de/gesundheit/2026-08/krebsrisiko-fliegen-brustkrebs-flugbegleiterinnen-gericht-berufskrankheit;Ein französisches Gericht erkennt erstmals einen Zusammenhang zwischen Fliegen und Brustkrebs an. Wie gefährlich die kosmische Strahlung im Flugzeug werden kann.;"Z+ (abopflichtiger Inhalt);
        
    Krebsrisiko durch häufiges Fliegen";Gesundheit, Krebsrisiko durch häufiges Fliegen, Frankreich, Gericht, Flugzeug, Airline, Brustkrebs;2026-09-01T15:23:20+02:00;2026-09-01T15:23:20+02:00;Annika Joeres;;false
3e36d667cfb08b044a488659f7a54926169d27510e48403a7791ed61e3bd7392;Landesregierung ehrt Ehrenamt;https://www.zeit.de/news/2026-09/01/landesregierung-ehrt-ehrenamt;Hier finden Sie Informationen zu dem Thema „80 Jahre Schleswig-Holstein“. Lesen Sie jetzt „Landesregierung ehrt Ehrenamt“.;80 Jahre Schleswig-Holstein;News, 80 Jahre Schleswig-Holstein, Schleswig-Holstein, Ehrenamt, Landesregierung, Gesamtstrategie;2026-09-01T15:20:28+02:00;2026-09-01T15:20:28+02:00;;dpa Hamburg/Schleswig-Holstein;false
4b46145eb80c1a58640c7150ec562cda3b9050e8ebc4f04aada14a26f06be2a0;Nach Hotel-Brand im Harz: Brandmittelspürhund im Einsatz;https://www.zeit.de/news/2026-09/01/nach-hotel-brand-im-harz-brandmittelspuerhund-im-einsatz;Hier finden Sie Informationen zu dem Thema „Haus mit «Reichsbürger»-Bezug“. Lesen Sie jetzt „Nach Hotel-Brand im Harz: Brandmittelspürhund im Einsatz“.;Haus mit «Reichsbürger»-Bezug;News, Haus mit «Reichsbürger»-Bezug, Polizei, Brandmittelspürhund;2026-09-01T15:17:42+02:00;2026-09-01T15:17:42+02:00;;dpa Niedersachsen;false
8b8e6022fdc726f782eb68285916ec95e87d3a2a320302470bb83059ec9a8258;Erste Zigarette: 13-Jährige setzen Haus in Brand;https://www.zeit.de/news/2026-09/01/erste-zigarette-13-jaehrige-setzen-haus-in-brand;Hier finden Sie Informationen zu dem Thema „Haus komplett in Flammen“. Lesen Sie jetzt „Erste Zigarette: 13-Jährige setzen Haus in Brand“.;Haus komplett in Flammen;News, Haus komplett in Flammen, Niederbayern, Zigarette;2026-09-01T15:16:59+02:00;2026-09-01T15:16:59+02:00;;dpa Bayern;false
e9943b9dd8643cc45a1337a40a91fbd7165abf51da9d0f36c88073666d56248b;Söder und Aiwanger warnen vor Gas-Zitterpartie;https://www.zeit.de/news/2026-09/01/soeder-und-aiwanger-warnen-vor-gas-zitterpartie;Hier finden Sie Informationen zu dem Thema „Energie“. Lesen Sie jetzt „Söder und Aiwanger warnen vor Gas-Zitterpartie“.;Energie;News, Energie, Markus Söder, Hubert Aiwanger, München, Bayern, CSU, Freie Wähler, Gasspeicher, Füllstand, Gasreserve, Winter;2026-09-01T15:16:41+02:00;2026-09-01T15:16:41+02:00;;dpa Bayern;false
525e46d1523c654b263cd5d358306bd335f7433330e59ed4de04d7b4e6835e1d;Sprengsätze an Umspannwerk: Minister sehen sich Tatort an;https://www.zeit.de/news/2026-09/01/sprengsaetze-an-umspannwerk-minister-sehen-sich-tatort-an;Hier finden Sie Informationen zu dem Thema „Vorfall in Kraftwerksnähe“. Lesen Sie jetzt „Sprengsätze an Umspannwerk: Minister sehen sich Tatort an“.;Vorfall in Kraftwerksnähe;News, Vorfall in Kraftwerksnähe, Jan Redmann, Martina Klement, Brandenburg, Jänschwalde, CDU, CSU, Umspannwerk, Sprengsatz, Tatort, Kraftwerksnähe;2026-09-01T15:15:33+02:00;2026-09-01T15:15:33+02:00;;dpa Berlin/Brandenburg;false
4e05587fe955091c2b332076d83612304b0f12514ae32d4854604cf4ad6f316b;Vier Angeklagte: Tränengas und Fixierungen vor Gericht;https://www.zeit.de/news/2026-09/01/vier-angeklagte-traenengas-und-fixierungen-vor-gericht;Hier finden Sie Informationen zu dem Thema „Landgericht nennt Termine“. Lesen Sie jetzt „Vier Angeklagte: Tränengas und Fixierungen vor Gericht“.;Landgericht nennt Termine;News, Landgericht nennt Termine, Bad Oeynhausen, Bielefeld, Tränengas, Fixierung, Landgericht, Freiheitsberaubung, Menschen mit Behinderung, Freiheit;2026-09-01T15:15:17+02:00;2026-09-01T15:15:17+02:00;;dpa Nordrhein-Westfalen;false
3e3beeab86e48a2e2312cc365d4467af5ec0dd9769828af3d7d190d9d3549962;Neues Ausbildungszentrum der Bahn startet in der Oberlausitz;https://www.zeit.de/news/2026-09/01/neues-ausbildungszentrum-der-bahn-startet-in-der-oberlausitz;Hier finden Sie Informationen zu dem Thema „Fachkräfte für die Schiene“. Lesen Sie jetzt „Neues Ausbildungszentrum der Bahn startet in der Oberlausitz“.;Fachkräfte für die Schiene;News, Fachkräfte für die Schiene, Oberlausitz, DB, Deutsche Bahn, Ausbildungszentrum, Fachkraft, Bahnbau, Instandhaltung;2026-09-01T15:13:55+02:00;2026-09-01T15:13:55+02:00;;dpa Sachsen;false
26bd4495b0ac65619ab1ed3805e32dd50515aee65c3ae83413509efe1f4188b0;Was wir zu den Sprengvorrichtungen am Umspannwerk wissen;https://www.zeit.de/news/2026-09/01/was-wir-zu-den-sprengvorrichtungen-am-umspannwerk-wissen;Hier finden Sie Informationen zu dem Thema „Vorfall in Kraftwerksnähe“. Lesen Sie jetzt „Was wir zu den Sprengvorrichtungen am Umspannwerk wissen“.;Vorfall in Kraftwerksnähe;News, Vorfall in Kraftwerksnähe, Brandenburg, Jänschwalde, LKA Brandenburg, Polizei, Sprengvorrichtung, Umspannwerk, Kraftwerksnähe;2026-09-01T15:12:29+02:00;2026-09-01T15:12:29+02:00;;dpa Berlin/Brandenburg;false
0a3000feebf95a975c6ffa54d544490b994cdae0b9ccbb4a73f06e89772f7f08;Historischer Moment: König Haakon VIII. hat Eid abgelegt;https://www.zeit.de/news/2026-09/01/ohne-seine-koenigin-haakon-legt-eid-im-parlament-ab;Hier finden Sie Informationen zu dem Thema „Thronwechsel in Norwegen“. Lesen Sie jetzt „Historischer Moment: König Haakon VIII. hat Eid abgelegt“.;Thronwechsel in Norwegen;News, Thronwechsel in Norwegen, Haakon VIII., Harald V., Norwegen, Oslo, Thronwechsel, Sommer;2026-09-01T15:12:22+02:00;2026-09-01T15:12:22+02:00;;dpa;false
768c6322a68d3a53c8d02b4c77da129e2076a689b8c98b5ff634cce20cb1850a;Beziehungsstreit eskaliert - Schüsse und Verfolgungsfahrt;https://www.zeit.de/news/2026-09/01/beziehungsstreit-eskaliert-schuesse-und-verfolgungsfahrt;Hier finden Sie Informationen zu dem Thema „Gefährliche Körperverletzung“. Lesen Sie jetzt „Beziehungsstreit eskaliert - Schüsse und Verfolgungsfahrt“.;Gefährliche Körperverletzung;News, Gefährliche Körperverletzung, Frankfurt, Polizei, Beziehungsstreit, Verfolgungsfahrt, Schreckschusspistole, Verfolgungsjagd, Ex-Partner, Fahrzeug, Auto;2026-09-01T15:11:42+02:00;2026-09-01T15:11:42+02:00;;dpa Hessen;false
95f9b917ebc858954802896d73d0bda8a53a2e9a322e6e080fcbcd255d2feab5;Hamburg erzielt 47 Millionen Euro Überschuss im Jahr 2025;https://www.zeit.de/news/2026-09/01/hamburg-erzielt-47-millionen-euro-ueberschuss-im-jahr-2025;Hier finden Sie Informationen zu dem Thema „Finanzen“. Lesen Sie jetzt „Hamburg erzielt 47 Millionen Euro Überschuss im Jahr 2025“.;Finanzen;News, Finanzen, Andreas Dressel, Hamburg, SPD, Finanzen, Überschuss, Kernverwaltung, Hansestadt;2026-09-01T15:11:25+02:00;2026-09-01T15:11:25+02:00;;dpa Hamburg/Schleswig-Holstein;false
36704e89fe2a2c80f063e4da006aeba5200341224ba91f040d5cb9eba9aab90e;Sandaufspülungen auf Föhr beendet;https://www.zeit.de/news/2026-09/01/sandaufspuelungen-auf-foehr-beendet;Hier finden Sie Informationen zu dem Thema „Als Schutz vor Sturmfluten“. Lesen Sie jetzt „Sandaufspülungen auf Föhr beendet“.;Als Schutz vor Sturmfluten;News, Als Schutz vor Sturmfluten, Föhr, Strand, Nieblum, Landesbetrieb für Küstenschutz, Nationalpark und Meeresschutz Schleswig-Holstein, Sandaufspülung, Sturmflutsaison, Sturmflut, Küstenschutz;2026-09-01T15:08:43+02:00;2026-09-01T15:08:43+02:00;;dpa Hamburg/Schleswig-Holstein;false
63ed658cda49560528ca3e638d554c2a6b74b96afcbf6e2410b36bab90c3ed9c;Gemeinsame Pressekonferenz von Dobrindt und Wadephul;https://www.zeit.de/news/2026-09/01/gemeinsame-pressekonferenz-von-dobrindt-und-wadephul;Hier finden Sie Informationen zu dem Thema „Versuchter Anschlag“. Lesen Sie jetzt „Gemeinsame Pressekonferenz von Dobrindt und Wadephul“.;Versuchter Anschlag;News, Versuchter Anschlag, Alexander Dobrindt, Johann Wadephul, Flughafen Leipzig/Halle, Bundesregierung, CSU, CDU, Bundesinnenministerium;2026-09-01T15:06:11+02:00;2026-09-01T15:06:11+02:00;;dpa Sachsen;false
f0d021b2c33e4f0e9171f4aec06796d21f148b62464e0949d3750a5c56634687;Finanzspritze für zwei sächsische Naturparks;https://www.zeit.de/news/2026-09/01/finanzspritze-fuer-zwei-saechsische-naturparks;Hier finden Sie Informationen zu dem Thema „Naturschutz“. Lesen Sie jetzt „Finanzspritze für zwei sächsische Naturparks“.;Naturschutz;News, Naturschutz, Georg-Ludwig von Breitenbuch, Landwirtschaftsminister, Sachsen, Dübener, Zittauer Gebirge, Dresden, Erzgebirge, Heide, Landkreis Nordsachsen, Landkreis Görlitz;2026-09-01T15:04:48+02:00;2026-09-01T15:04:48+02:00;;dpa Sachsen;false
19c8504854e41ba35aa31918efdaddd88e00b169e03686f0912d58abca254fb2;Sommer in Großbritannien so warm wie noch nie gemessen;https://www.zeit.de/news/2026-09/01/sommer-in-grossbritannien-so-warm-wie-noch-nie-gemessen;Hier finden Sie Informationen zu dem Thema „Mitteilung des Met Office“. Lesen Sie jetzt „Sommer in Großbritannien so warm wie noch nie gemessen“.;Mitteilung des Met Office;News, Mitteilung des Met Office, Großbritannien, Sommer;2026-09-01T15:03:57+02:00;2026-09-01T15:03:57+02:00;;dpa;false
3494155b4a8e5a9d5a3798eab8352f60c0ebf9b0133e866f2f3f3b0cc2a675a3;Göttingen will Wohnblock abreißen und neu bauen;https://www.zeit.de/news/2026-09/01/goettingen-will-wohnblock-abreissen-und-neu-bauen;Hier finden Sie Informationen zu dem Thema „«Lebensbedingungen verbessern»“. Lesen Sie jetzt „Göttingen will Wohnblock abreißen und neu bauen“.;«Lebensbedingungen verbessern»;News, «Lebensbedingungen verbessern», Göttingen, SWB, Wohnblock, Hagenweg, Lebensbedingung;2026-09-01T15:00:18+02:00;2026-09-01T15:00:18+02:00;;dpa Niedersachsen;false
a0b387f51a8a45f9f4d7845fd9ef6ccf83c3b603eab04f19e28d6fa932b46753;Gewalttat in Stade: Mutmaßlicher Waffenverkäufer verhaftet;https://www.zeit.de/news/2026-09/01/gewalttat-in-stade-mutmasslicher-waffenverkaeufer-verhaftet;Hier finden Sie Informationen zu dem Thema „Zugriff in Berlin“. Lesen Sie jetzt „Gewalttat in Stade: Mutmaßlicher Waffenverkäufer verhaftet“.;Zugriff in Berlin;News, Zugriff in Berlin, Stade, Berlin, Polizei, Staatsanwaltschaft, Gewalttat, Zugriff;2026-09-01T14:59:33+02:00;2026-09-01T14:59:33+02:00;;dpa Hamburg/Schleswig-Holstein;false
14b14a3cdd5ba704421f1ae08c6a5f0d8570c4744258bde8e87e464db02f7f2f;Schutt von Akw Biblis kommt nach langem Streit auf Halde;https://www.zeit.de/news/2026-09/01/schutt-von-akw-biblis-kommt-nach-langem-streit-auf-halde;Hier finden Sie Informationen zu dem Thema „Erster Transport“. Lesen Sie jetzt „Schutt von Akw Biblis kommt nach langem Streit auf Halde“.;Erster Transport;News, Erster Transport, Biblis, Büttelborn, Groß-Gerau, RWE Nuclear, RWE, Halde, Rückbau, Deponie, Tauziehen, Transport;2026-09-01T14:57:08+02:00;2026-09-01T14:57:08+02:00;;dpa Hessen;false
7cda5e982e5c0c74933e697d7142956a9527ce31e9e9eb69265f8684679da1bf;Schwerer Luftangriff auf Kiew mit Toten und Verletzten;https://www.zeit.de/news/2026-09/01/schwerer-luftangriff-auf-kiew-mit-toten-und-verletzten;Hier finden Sie Informationen zu dem Thema „Krieg gegen die Ukraine“. Lesen Sie jetzt „Schwerer Luftangriff auf Kiew mit Toten und Verletzten“.;Krieg gegen die Ukraine;News, Krieg gegen die Ukraine, Olexander Perzowskyj, Kaja Kalla, Wladimir Putin, Wolodymyr Selenskyj, Russland, Irland, Ust-Luga, Kyjiw, Schwarze Meer, X;2026-09-01T14:56:50+02:00;2026-09-01T14:56:50+02:00;;dpa;false
79002fcaf592f2068dd995b0f6037bd2c606add3bcc076e7b2694799d5ba760c;NS-Bezug: Bergspitze verliert Namen und Dreitausender-Status;https://www.zeit.de/news/2026-09/01/ns-bezug-bergspitze-verliert-namen-und-dreitausender-status;Hier finden Sie Informationen zu dem Thema „Alpine Aufarbeitung“. Lesen Sie jetzt „NS-Bezug: Bergspitze verliert Namen und Dreitausender-Status“.;Alpine Aufarbeitung;News, Alpine Aufarbeitung, Wolfgang Pillewizer, Österreich, Hohe Tauern, NSDAP, Österreichischer Alpenverein, Sturmabteilung (SA), Bergspitze, Alpenspitze, Aufarbeitung, Gebirgsregion;2026-09-01T14:55:51+02:00;2026-09-01T14:55:51+02:00;;dpa;false
6993a4b89273a43d4b2805a2835599042e60bfd8596ea5e9a5331aa2aff08fcd;Viele Menschen in Sachsen-Anhalt beantragen Briefwahlunterlagen;https://www.zeit.de/politik/deutschland/2026-09/briefwahl-sachsen-anhalt-landtagswahl-2026-unterlagen-afd-manipulation-gxe;Vor der Landtagswahl in Sachsen-Anhalt am Sonntag zeichnet sich eine hohe Briefwahlquote ab. Rund 20 Prozent der Wahlberechtigten haben die Unterlagen bereits erhalten.;Landtagswahl;Politik, Landtagswahl, Sachsen-Anhalt, Landtagswahl, Alternative für Deutschland, Briefwahl;2026-09-01T14:53:57+02:00;2026-09-01T14:53:57+02:00;tw;DIE ZEIT,        dpa,        							tw;false
1e21216fd114e3b9a0c6772ba15ebb04c6b6eecce7acc3fd6b6d58fcd5945ca9;Brandserie in der Nähe des Vareler Waldes – Brandstiftung?;https://www.zeit.de/news/2026-09/01/brandserie-in-der-naehe-des-vareler-waldes-brandstiftung;Hier finden Sie Informationen zu dem Thema „Polizei ermittelt“. Lesen Sie jetzt „Brandserie in der Nähe des Vareler Waldes – Brandstiftung?“.;Polizei ermittelt;News, Polizei ermittelt, Landkreis Friesland, Polizei, Brandserie, Brandstiftung, Wald, Auto;2026-09-01T14:53:13+02:00;2026-09-01T14:53:13+02:00;;dpa Niedersachsen;false
6d24f1e65383b25bb1b13d731a389d8cd657fa9f9fe872659cc074dad1190751;Senat nach CSD-Anschlag: Erwachsenenstrafrecht ab 18 Jahren;https://www.zeit.de/news/2026-09/01/senat-nach-csd-anschlag-erwachsenenstrafrecht-ab-18-jahren;Hier finden Sie Informationen zu dem Thema „Strafrechtsdiskussion“. Lesen Sie jetzt „Senat nach CSD-Anschlag: Erwachsenenstrafrecht ab 18 Jahren“.;Strafrechtsdiskussion;News, Strafrechtsdiskussion, Berlin, Bundesrat, Christopher Street Day, Erwachsenenstrafrecht, Strafrechtsdiskussion, Senat;2026-09-01T14:52:18+02:00;2026-09-01T14:52:18+02:00;;dpa Berlin/Brandenburg;false
6e43e13fb46e7ecd156502ae0f082574fad969f9dfc307d8fa0e091455c95c19;Hund schaltet Herdplatte ein;https://www.zeit.de/news/2026-09/01/hund-schaltet-herdplatte-ein;Hier finden Sie Informationen zu dem Thema „Viel Rauch“. Lesen Sie jetzt „Hund schaltet Herdplatte ein“.;Viel Rauch;News, Viel Rauch, Landkreis Unterallgäu, Feuerwehr, Herdplatte;2026-09-01T14:49:22+02:00;2026-09-01T14:49:22+02:00;;dpa Bayern;false
926eb8ede85dedfbfc69c0230b309d3fcd83d4782cdde384acaa1e2e83e30bc8;UN: Notlage im Westjordanland und Gaza verschärft sich;https://www.zeit.de/news/2026-09/01/un-notlage-im-westjordanland-und-gaza-verschaerft-sich;Hier finden Sie Informationen zu dem Thema „Nahost“. Lesen Sie jetzt „UN: Notlage im Westjordanland und Gaza verschärft sich“.;Nahost;News, Nahost, Shaun Hughes, Westjordanland, Nahost, Gazastreifen, Palästinensergebiet, UN, Welternährungsprogramm der Vereinten Nationen, Notlage, Geld;2026-09-01T14:48:03+02:00;2026-09-01T14:48:03+02:00;;dpa;false
533777c3ae0e84c26876aef5a52e04cb6815ff37353ef14718f1e9a380209720;Leag geht bei Sprengvorrichtung von Anschlag aus;https://www.zeit.de/news/2026-09/01/leag-geht-bei-sprengvorrichtung-von-anschlag-aus;Hier finden Sie Informationen zu dem Thema „Vorfall in Kraftwerksnähe“. Lesen Sie jetzt „Leag geht bei Sprengvorrichtung von Anschlag aus“.;Vorfall in Kraftwerksnähe;News, Vorfall in Kraftwerksnähe, Brandenburg, Sprengvorrichtung, Kraftwerksnähe, Umspannwerk, Anschlag;2026-09-01T14:47:45+02:00;2026-09-01T14:47:45+02:00;;dpa Berlin/Brandenburg;false
5ed3adeefeffed1da313e499d282857ba502c8da89481e403ee31a80adb1538e;Mehr Geld für Niedersachsens Beamte – was sich ändern soll;https://www.zeit.de/news/2026-09/01/mehr-geld-fuer-niedersachsens-beamte-was-sich-aendern-soll;Hier finden Sie Informationen zu dem Thema „Besoldung und Versorgung“. Lesen Sie jetzt „Mehr Geld für Niedersachsens Beamte – was sich ändern soll“.;Besoldung und Versorgung;News, Besoldung und Versorgung, Gerald Heere, Niedersachsen, Bundesverfassungsgericht, Besoldung, Tarifsteigerung, Geld, Familie;2026-09-01T14:47:35+02:00;2026-09-01T14:47:35+02:00;;dpa Niedersachsen;false
42ff909e687727c2e543d3209f42c18bcc73864810b079c5b1f881b5b8c900fa;Tourismus in Sachsen wächst trotz schwierigem Umfeld;https://www.zeit.de/news/2026-09/01/tourismus-in-sachsen-waechst-trotz-schwierigem-umfeld;Hier finden Sie Informationen zu dem Thema „Tourismus“. Lesen Sie jetzt „Tourismus in Sachsen wächst trotz schwierigem Umfeld“.;Tourismus;News, Tourismus, Sachsen, Tourismus, Umfeld, Umsatz, Steuer;2026-09-01T14:45:56+02:00;2026-09-01T14:45:56+02:00;;dpa Sachsen;false
a96b43d88512189a5180da491867f4beee6a16ca20f25d835c4569dd72f06967;Zentralrat zeigt Chrupalla wegen «Zigeuner»-Spruchs an;https://www.zeit.de/news/2026-09/01/zentralrat-zeigt-chrupalla-wegen-zigeuner-spruchs-an;Hier finden Sie Informationen zu dem Thema „Landtagswahlkampf“. Lesen Sie jetzt „Zentralrat zeigt Chrupalla wegen «Zigeuner»-Spruchs an“.;Landtagswahlkampf;News, Landtagswahlkampf, Tino Chrupalla, Heidelberg, Stralsund, Mecklenburg-Vorpommern, Zentralrat Deutscher Sinti und Roma, Staatsanwaltschaft, Alternative für Deutschland, Zentralrat, Anlagebehörde, Strafantrag;2026-09-01T14:43:05+02:00;2026-09-01T14:43:05+02:00;;dpa Mecklenburg-Vorpommern;false
45b0955d100ae6b886421e938b3ee0bf96a2619bcb3061b66e2bf43703fa3024;SPD fordert Klarheit zu möglicher Kita-Pflicht in NRW;https://www.zeit.de/news/2026-09/01/spd-fordert-klarheit-zu-moeglicher-kita-pflicht-in-nrw;Hier finden Sie Informationen zu dem Thema „Frühkindliche Förderung“. Lesen Sie jetzt „SPD fordert Klarheit zu möglicher Kita-Pflicht in NRW“.;Frühkindliche Förderung;News, Frühkindliche Förderung, Dennis Maelzer, Verena Schäffer, NRW, Nordrhein-Westfalen, Baden-Württemberg, SPD, CDU, WAZ, Klarheit, Dissens;2026-09-01T14:43:04+02:00;2026-09-01T14:43:04+02:00;;dpa Nordrhein-Westfalen;false
90dc0aac01a6835fb7f2ff687e1e2f2a55abc7c9468af05f507807f9d8049609;Merz setzt Leitplanken für Kooperation mit der Linken;https://www.zeit.de/news/2026-09/01/merz-zieht-grenzen-fuer-kooperation-mit-der-linken;Hier finden Sie Informationen zu dem Thema „Landtagswahl in Sachsen-Anhalt“. Lesen Sie jetzt „Merz setzt Leitplanken für Kooperation mit der Linken“.;Landtagswahl in Sachsen-Anhalt;News, Landtagswahl in Sachsen-Anhalt, Friedrich Merz, Ulrich Siegmund, Thüringen, Sachsen, Sachsen-Anhalt, CDU, Alternative für Deutschland, Die Linke, Mitteldeutsche Zeitung, Landtagswahl in Sachsen;2026-09-01T14:43:02+02:00;2026-09-01T14:43:02+02:00;;dpa;false
f0bf1a92e23dc6c39df563480ffe1f8fbf689cb8f87e86d9fddad35a1dfcd13f;Deutschland schiebt weitere 22 Männer nach Afghanistan ab;https://www.zeit.de/politik/deutschland/2026-09/abschiebung-afghanistan-straftaeter-charterflug-bundespolizei-gxe;Per Charterflugzeug hat die Bundespolizei 22 Männer nach Afghanistan ausgeflogen. Das Bundesinnenministerium teilte mit, dass es sich um Straftäter handle.;Abschiebung nach Afghanistan;Politik, Abschiebung nach Afghanistan, Afghanistan, Taliban, Abschiebung, Flugzeug, Bundesregierung;2026-09-01T14:41:39+02:00;2026-09-01T14:41:39+02:00;yer;DIE ZEIT,        dpa,        							yer;false
7b4d4b6cd7247193a0eb3d8f94162783507e43525d1ac966c4388ed106d6b2a6;50 Hertz spricht von «Leitungsunterbrechung» bei Jänschwalde;https://www.zeit.de/news/2026-09/01/50-hertz-spricht-von-leitungsunterbrechung-bei-jaenschwalde;Hier finden Sie Informationen zu dem Thema „Leitungen nahe Umspannwerk“. Lesen Sie jetzt „50 Hertz spricht von «Leitungsunterbrechung» bei Jänschwalde“.;Leitungen nahe Umspannwerk;News, Leitungen nahe Umspannwerk, Jänschwalde, Polizei, Leitungsunterbrechung, Umspannwerk, Sprengvorrichtung;2026-09-01T14:40:24+02:00;2026-09-01T14:40:24+02:00;;dpa Berlin/Brandenburg;false
e7743b0eda3eb3cb170e6f5dc994a9b576501428c289fadab66ed65f3c3bdfd3;Wolfsjagd und Ausbildung an der Ente: Neues Jagdgesetz kommt;https://www.zeit.de/news/2026-09/01/wolfsjagd-und-ausbildung-an-der-ente-neues-jagdgesetz-kommt;Hier finden Sie Informationen zu dem Thema „Wieder neues Jagdgesetz“. Lesen Sie jetzt „Wolfsjagd und Ausbildung an der Ente: Neues Jagdgesetz kommt“.;Wieder neues Jagdgesetz;News, Wieder neues Jagdgesetz, Christine Schneider, Paul Bunjes, CDU, SPD, Europäische Union, Jagdgesetz, Wolfsjagd, Jagdbehörde, Koalitionsvertrag, Kritik;2026-09-01T14:39:49+02:00;2026-09-01T14:39:49+02:00;;dpa Rheinland-Pfalz/Saarland;false
8597407d467c8b396344ee57fcb38c3e4ac29230710bc467ae4ba15cef149a66;Cyberangriff auf Verwaltung – Untersuchungen laufen weiter;https://www.zeit.de/news/2026-09/01/nach-hackerangriff-erneut-einschraenkungen-fuer-die-verwaltung;Hier finden Sie Informationen zu dem Thema „IT-Sicherheit“. Lesen Sie jetzt „Cyberangriff auf Verwaltung – Untersuchungen laufen weiter“.;IT-Sicherheit;News, IT-Sicherheit, Berlin, Tagesspiegel, Hackerangriff, Einschränkung, Datennetz, Bauverwaltung, Sicherheit, Homeoffice, Software;2026-09-01T14:39:12+02:00;2026-09-01T14:39:12+02:00;;dpa Berlin/Brandenburg;false
39efbd0e4380e95dec79ad436b68a776b99e0e662493797ed78acdad62c763c7;Der BGH hat eine neue Präsidentin: Angerer folgt auf Limperg;https://www.zeit.de/news/2026-09/01/der-bgh-hat-eine-neue-praesidentin-angerer-folgt-auf-limperg;Hier finden Sie Informationen zu dem Thema „Bundesgerichtshof“. Lesen Sie jetzt „Der BGH hat eine neue Präsidentin: Angerer folgt auf Limperg“.;Bundesgerichtshof;News, Bundesgerichtshof, Karin Angerer, Bettina Limperg, Bamberg, Bundesgerichtshof, OLG;2026-09-01T14:37:14+02:00;2026-09-01T14:37:14+02:00;;dpa Bayern;false
afff634bdb80bb3acde571474a23a9f04fcb17cba2bb66fecb6aca18ec2ee3ec;Thüringer Minister: AfD-Innenminister wäre Sicherheitsrisiko;https://www.zeit.de/news/2026-09/01/thueringer-minister-afd-innenminister-waere-sicherheitsrisiko;Hier finden Sie Informationen zu dem Thema „Landtagswahl Sachsen-Anhalt“. Lesen Sie jetzt „Thüringer Minister: AfD-Innenminister wäre Sicherheitsrisiko“.;Landtagswahl Sachsen-Anhalt;News, Landtagswahl Sachsen-Anhalt, Georg Maier, Thüringen, Sachsen-Anhalt, Alternative für Deutschland, SPD, Landtagswahl, Sicherheitsrisiko, Podcast;2026-09-01T14:33:30+02:00;2026-09-01T14:33:30+02:00;;dpa Sachsen;false
54a08ab26720a1e85c0fdbd7249b2b181f7f1d3abfdceb52a469cb6f2fe06b14;«Die Brücke»: Schauspielerin Cordula Trantow gestorben;https://www.zeit.de/news/2026-09/01/die-bruecke-schauspielerin-cordula-trantow-gestorben;Hier finden Sie Informationen zu dem Thema „Mit 83 Jahren“. Lesen Sie jetzt „«Die Brücke»: Schauspielerin Cordula Trantow gestorben“.;Mit 83 Jahren;News, Mit 83 Jahren, Cordula Trantow, Adolf Hitler, Berlin, Bayern, Zweiter Weltkrieg, Familie, Hollywood;2026-09-01T14:27:24+02:00;2026-09-01T14:27:24+02:00;;dpa;false
14adb715302b3d3b85a3e63741c87e8cca9aa28587e155029df9112527876708;Hamburg plant Verbot von Smart Glasses in Bädern und Bahnen;https://www.zeit.de/news/2026-09/01/hamburg-plant-verbot-von-smart-glasses-in-baedern-und-bahnen;Hier finden Sie Informationen zu dem Thema „Schutz der Privatsphäre“. Lesen Sie jetzt „Hamburg plant Verbot von Smart Glasses in Bädern und Bahnen“.;Schutz der Privatsphäre;News, Schutz der Privatsphäre, Hansjörg Schmidt, Eva Botzenhart, Hamburg, SPD, Privatsphäre, Verbot, Koalition, Kamera;2026-09-01T14:26:34+02:00;2026-09-01T14:26:34+02:00;;dpa Hamburg/Schleswig-Holstein;false
ff4923d306b9843faee05ba93dc8cafe08bb73e265bff7d5aff9c8dc70be9e27;Offensivtalent Jovanovic verlässt VfB Stuttgart;https://www.zeit.de/news/2026-09/01/offensivtalent-jovanovic-verlaesst-vfb-stuttgart;Hier finden Sie Informationen zu dem Thema „Fußball-Bundesliga“. Lesen Sie jetzt „Offensivtalent Jovanovic verlässt VfB Stuttgart“.;Fußball-Bundesliga;News, Fußball-Bundesliga, Lazar Jovanovic, Stuttgart, VfB Stuttgart, Fußball-Bundesliga;2026-09-01T14:25:41+02:00;2026-09-01T14:25:41+02:00;;dpa Baden-Württemberg;false
66cf9338de16887ee4515d76280ef7eddd0b232faab582ac7e7b2bad8d71699f;Klage gegen AfD-Abgeordnete Behrendt nur teils zugelassen;https://www.zeit.de/news/2026-09/01/klage-gegen-afd-abgeordnete-behrendt-nur-teils-zugelassen;Hier finden Sie Informationen zu dem Thema „Verfahren wegen X-Posts“. Lesen Sie jetzt „Klage gegen AfD-Abgeordnete Behrendt nur teils zugelassen“.;Verfahren wegen X-Posts;News, Verfahren wegen X-Posts, Vanessa Behrendt, Braunschweig, Göttingen, Alternative für Deutschland, X, Staatsanwaltschaft, Strafkammer;2026-09-01T14:21:33+02:00;2026-09-01T14:21:33+02:00;;dpa Niedersachsen;false
c24840ec85f09691b9d206175dcbd8ad4f90179c9584f8141ed3944beb83935e;AfD-Politik könnte Sachsen-Anhalt Milliarden kosten;https://www.zeit.de/wirtschaft/2026-09/fachkraeftemangel-sachsen-anhalt-studie-migration-landtagswahl;Ausländerfeindlichkeit würde den Mangel an Arbeitskräften drastisch erhöhen, warnen Forscher aus Halle – um geschätzt 14.000 Menschen. Der Schaden wäre enorm.;Fachkräftemangel in Sachsen-Anhalt;Wirtschaft, Fachkräftemangel in Sachsen-Anhalt, Reint Gropp, Sachsen-Anhalt, Alternative für Deutschland, Fachkräftemangel, Ausländerfeindlichkeit, Gastronomie;2026-09-01T14:17:38+02:00;2026-09-01T14:17:38+02:00;Marc Widmann;;false
98023179d45c2d4e917bda5146da5a826977b6d324e89257ca59a8e99093ed73;1860 München hat ikonisches «Löwen»-Wappen zurück;https://www.zeit.de/news/2026-09/01/1860-muenchen-hat-ikonisches-loewen-wappen-zurueck;Hier finden Sie Informationen zu dem Thema „Insolvenzverfahren eröffnet“. Lesen Sie jetzt „1860 München hat ikonisches «Löwen»-Wappen zurück“.;Insolvenzverfahren eröffnet;News, Insolvenzverfahren eröffnet, Hasan Ismaik, München, TSV 1860 München, Fußball-Regionalliga, Insolvenzverfahren, Zwangsabstieg, Mutterverein, Traditionsverein, Aktien, Insolvenz;2026-09-01T14:16:31+02:00;2026-09-01T14:16:31+02:00;;dpa Bayern;false
fd2291b17815a2bf68ba9eb1711d3ce8feb29c12cb052236730239400d1a9bd3;Falsche Polizisten stehlen Schmuck im Wert von 100.000 Euro;https://www.zeit.de/news/2026-09/01/falsche-polizisten-stehlen-schmuck-im-wert-von-100-000-euro;Hier finden Sie Informationen zu dem Thema „Blaulicht“. Lesen Sie jetzt „Falsche Polizisten stehlen Schmuck im Wert von 100.000 Euro“.;Blaulicht;News, Blaulicht, Mann, Suhl-Goldlauter, Polizei, Blaulicht, Schmuck;2026-09-01T14:11:56+02:00;2026-09-01T14:11:56+02:00;;dpa Thüringen;false
110c44a6e739684a7c44867c3bda3f2c52889ff05eb2a648eb360eaa47d2e018;Der tut nix. Meistens!;https://www.zeit.de/2026/37/haie-angriffe-tigerhai-bullenhai-weisser-hai-statistik;Haie sind gefürchtet, greifen jedoch nur selten Menschen an. Manche fressen sogar ausschließlich Plankton. Eine Übersicht in Grafiken;Haie;Wissenschaft, Haie, Raubtier, Meeresforschung, Mittelmeer, Tiere, Statistik;2026-09-01T14:07:56+02:00;2026-09-01T14:07:56+02:00;Adrian SpeidelVera Hörger;Aus der        ZEIT Nr. 37/2026;false
e39a4626e21171a4f086fe56afbc8c64b9cb0debecda14f07c2d8eaf86033177;Millionen toter Fische;https://www.zeit.de/2026/37/fischsterben-schweiz-gewaesser-fluesse-lebensraum;Diesen Sommer starben in der Schweiz massenhaft Fische den Hitzetod. Nicht das erste Mal. Nur ist das kein unabwendbares Schicksal, sondern politisches Versagen.;"Z+ (abopflichtiger Inhalt);
        
    Fischsterben in der Schweiz";Wissenschaft, Fischsterben in der Schweiz, Schweiz, Fisch, Hitze, Tiere, Klimawandel, Umweltschutz;2026-09-01T14:07:37+02:00;2026-09-01T14:07:37+02:00;Sarah Jäggi;Aus der        ZEIT Nr. 37/2026;false
14f862ce8f1e5720416dca376cd1691fa8be9488ebca38dc7dcfdd161de92d85;Mutmaßliche Unterstützer rechter Terrorgruppe angeklagt;https://www.zeit.de/news/2026-09/01/mutmassliche-unterstuetzer-rechter-terrorgruppe-angeklagt;Hier finden Sie Informationen zu dem Thema „Kriminalität“. Lesen Sie jetzt „Mutmaßliche Unterstützer rechter Terrorgruppe angeklagt“.;Kriminalität;News, Kriminalität, Terrorgruppe, Verteidigungswelle;2026-09-01T14:05:17+02:00;2026-09-01T14:05:17+02:00;;dpa;false
4e6a5138b9d4d392a08d7e4f71fe651cf5e7cf7271ee4a7319bd12ea92e6fdf3;Tesla senkt Wasserverbrauch in Grünheide erneut;https://www.zeit.de/news/2026-09/01/tesla-senkt-wasserverbrauch-in-gruenheide-erneut;Hier finden Sie Informationen zu dem Thema „Umweltziele“. Lesen Sie jetzt „Tesla senkt Wasserverbrauch in Grünheide erneut“.;Umweltziele;News, Umweltziele, Grünheide, Berlin, Brandenburg, Tesla, Wasserverbrauch, Umweltziel, Fahrzeug;2026-09-01T14:05:04+02:00;2026-09-01T14:05:04+02:00;;dpa Berlin/Brandenburg;false
f727733c69b886130d64ba194885aa8ee55bc298d7979c719f347dd74fd17fa7;Thüringer Innenminister für EU-Austausch bei Drohnenabwehr;https://www.zeit.de/news/2026-09/01/thueringer-innenminister-fuer-eu-austausch-bei-drohnenabwehr;Hier finden Sie Informationen zu dem Thema „Treffen in Brüssel“. Lesen Sie jetzt „Thüringer Innenminister für EU-Austausch bei Drohnenabwehr“.;Treffen in Brüssel;News, Treffen in Brüssel, Georg Maier, Mario Voigt, Brüssel, Thüringen, Europäische Union, SPD, Treffen, Drohnenabwehr, Drohne;2026-09-01T14:03:19+02:00;2026-09-01T14:03:19+02:00;;dpa Thüringen;false
4b297bbe22570f82962546ba824e143ad6aad4106b4c84a642491b43ffa25f1c;Wüst: «Es braucht keine Protestwahl»;https://www.zeit.de/news/2026-09/01/wuest-es-braucht-keine-protestwahl;Hier finden Sie Informationen zu dem Thema „Wahlkampf“. Lesen Sie jetzt „Wüst: «Es braucht keine Protestwahl»“.;Wahlkampf;News, Wahlkampf, Sven Schulze, Hendrik Wüst, Nordrhein-Westfalen, Sachsen-Anhalt, CDU, Alternative für Deutschland, Die Partei, Protestwahl;2026-09-01T14:03:06+02:00;2026-09-01T14:03:06+02:00;;dpa Nordrhein-Westfalen;false
b97f614b0f75ff9836aa9516d8bffa01bf1774941fdd9d8c5d6d1f1319d67976;Pistolen aus 3D-Drucker und Hakenkreuz-Nadel entdeckt;https://www.zeit.de/news/2026-09/01/pistolen-aus-3d-drucker-und-hakenkreuz-nadel-entdeckt;Hier finden Sie Informationen zu dem Thema „Razzia“. Lesen Sie jetzt „Pistolen aus 3D-Drucker und Hakenkreuz-Nadel entdeckt“.;Razzia;News, Razzia, Wuppertal, Staatsanwaltschaft, Polizei, Wohnungsdurchsuchung, Pistole, Schusswaffe, 3D-Drucker, Razzia;2026-09-01T14:02:34+02:00;2026-09-01T14:02:34+02:00;;dpa Nordrhein-Westfalen;false
5277b6a21864ab2f4a21942e6c6ed4dc23fc2aea49c88ef99f3069440aeca5a3;Wolfsjagd und Ausbildung an der Ente: Jagdgesetz neu gefasst;https://www.zeit.de/news/2026-09/01/wolfsjagd-und-ausbildung-an-der-ente-jagdgesetz-neu-gefasst;Hier finden Sie Informationen zu dem Thema „Wieder neues Jagdgesetz“. Lesen Sie jetzt „Wolfsjagd und Ausbildung an der Ente: Jagdgesetz neu gefasst“.;Wieder neues Jagdgesetz;News, Wieder neues Jagdgesetz, Christine Schneider, CDU, SPD, Wolfsjagd, Jagdgesetz, Jagdrecht, Koalitionsvertrag, Wald, Wölfe;2026-09-01T14:00:07+02:00;2026-09-01T14:00:07+02:00;;dpa Rheinland-Pfalz/Saarland;false
efea5b3038cf3daade6294a2a3a2626c8727efa61347b86fe80e4fa5e334ca0d;Drohnen und Kletterer für Sicherheit an Loreley-Felsen;https://www.zeit.de/news/2026-09/01/drohnen-und-kletterer-fuer-sicherheit-an-loreley-felsen;Hier finden Sie Informationen zu dem Thema „Loreley“. Lesen Sie jetzt „Drohnen und Kletterer für Sicherheit an Loreley-Felsen“.;Loreley;News, Loreley, St. Goarshausen, Kaub, Kestert, Mittelrheintal, Rheinland-Pfalz, Rhein, Bundesstraße, Drohne, Sicherheit, Fahrzeug;2026-09-01T13:58:01+02:00;2026-09-01T13:58:01+02:00;;dpa Hessen;false
b4fd8f01f05d4803d367da2e2647392b1dbd1560c55dff428fc0bfb7907e805a;In Gedenken an CSD-Anschlag aufgestellte Regenbogenbank zerstört;https://www.zeit.de/gesellschaft/zeitgeschehen/2026-09/regenbogenbank-tiergarten-berlin-zerstoert-anschlag-christopher-street-day-gxe;Am Ort des Anschlags auf den Berliner CSD wurde vor wenigen Wochen eine Regenbogenbank aufgestellt. Jetzt ist sie zerstört worden, der Staatsschutz ermittelt.;Regenbogenbank im Tiergarten;Gesellschaft, Regenbogenbank im Tiergarten, Berlin, Polizei, Christopher Street Day, Regenbogenbank;2026-09-01T13:56:50+02:00;2026-09-01T13:56:50+02:00;yer;DIE ZEIT,        							yer;false
4aea854e5dc1a08da3cad68b9e6ed302f85d2d4a96a0f8c60b53b38eea3e0e04;Arbeitslosigkeit bei Schwerbehinderten deutlich gestiegen;https://www.zeit.de/news/2026-09/01/arbeitslosigkeit-bei-schwerbehinderten-deutlich-gestiegen;Hier finden Sie Informationen zu dem Thema „Arbeit“. Lesen Sie jetzt „Arbeitslosigkeit bei Schwerbehinderten deutlich gestiegen“.;Arbeit;News, Arbeit, Anja Piel, DGB, Deutsche Presse-Agentur, Wirtschaftskrise, Arbeitslosigkeit, Arbeitslosenquote;2026-09-01T13:55:20+02:00;2026-09-01T13:55:20+02:00;;dpa;false
9218152726797de596f42d825f003901e6921549c5ea6559788ca17ab2dfe487;Mehr als jeder Dritte im Land ohne guten ÖPNV-Anschluss;https://www.zeit.de/news/2026-09/01/mehr-als-jeder-dritte-im-land-ohne-guten-oepnv-anschluss;Hier finden Sie Informationen zu dem Thema „ÖPNV-Studie“. Lesen Sie jetzt „Mehr als jeder Dritte im Land ohne guten ÖPNV-Anschluss“.;ÖPNV-Studie;News, ÖPNV-Studie, Magdeburg, Sachsen-Anhalt, Dessau-Roßlau, Landkreis Wittenberg, Grundangebot, Haltestelle, Verkehrswende;2026-09-01T13:55:13+02:00;2026-09-01T13:55:13+02:00;;dpa Sachsen;false
eef2977550ae91e6046b53526b89ad7da4463a77aab8806acb3522fa6767921b;OVG: Keine Freigabe von eingefrorenem Vermögen für Hotel;https://www.zeit.de/news/2026-09/01/ovg-keine-freigabe-von-eingefrorenem-vermoegen-fuer-hotel;Hier finden Sie Informationen zu dem Thema „Oberverwaltungsgericht NRW“. Lesen Sie jetzt „OVG: Keine Freigabe von eingefrorenem Vermögen für Hotel“.;Oberverwaltungsgericht NRW;News, Oberverwaltungsgericht NRW, NRW, Frankfurt, Geldern, Münster, Köln, Hotel Es, OVG, Europäische Union, Freigabe, Insolvenzverfahren;2026-09-01T13:54:18+02:00;2026-09-01T13:54:18+02:00;;dpa Hessen;false
6f0129dbb508094318595317c028a517f791a5b71b7e682214b1826b87650e00;König Haakon von Norwegen hat Eid auf Verfassung abgelegt;https://www.zeit.de/politik/ausland/2026-09/koenig-haakon-viii-norwegen-eid-verfassung-harald-v-gxe;Mit dem Tod von König Harald V. ist sein Sohn Haakon automatisch König von Norwegen geworden. Offiziell wurde der Machtwechsel nun auch im Parlament besiegelt.;König Haakon VIII.;Politik, König Haakon VIII. , Norwegen, Verfassung, Königsfamilie, Haakon von Norwegen, Haakon VIII.;2026-09-01T13:53:03+02:00;2026-09-01T13:53:03+02:00;akm;DIE ZEIT,        dpa,        							akm;false
7c66a1e4e967e9fc219f49a8f06f4fc194e8257ccf39a672e2c3cf7bc124c3a8;Falschfahrer kollidiert auf Bundesstraße mit Transporter;https://www.zeit.de/news/2026-09/01/falschfahrer-kollidiert-auf-bundesstrasse-mit-transporter;Hier finden Sie Informationen zu dem Thema „B8 bei Fürth“. Lesen Sie jetzt „Falschfahrer kollidiert auf Bundesstraße mit Transporter“.;B8 bei Fürth;News, B8 bei Fürth, Fürth, Bundesstraße, Transporter, Falschfahrer, Fahrzeug;2026-09-01T13:52:02+02:00;2026-09-01T13:52:02+02:00;;dpa Bayern;false
93ece102fb980079afc846a14e3bfd2a21570aa48b898e80b6e47fa3d971d5b2;Entwarnung am See - Badeverbot aufgehoben;https://www.zeit.de/news/2026-09/01/entwarnung-am-see-badeverbot-aufgehoben;Hier finden Sie Informationen zu dem Thema „Nach Algenblüte“. Lesen Sie jetzt „Entwarnung am See - Badeverbot aufgehoben“.;Nach Algenblüte;News, Nach Algenblüte, Gifiz-See, Offenburg, Badeverbot;2026-09-01T13:50:32+02:00;2026-09-01T13:50:32+02:00;;dpa Baden-Württemberg;false
66ec113f53906e597b879eb03ea9c4c9b9cf464bd3a92f7a2e3bfc1477fe7b0f;Bayern fordert: EU verschlanken und reformieren;https://www.zeit.de/news/2026-09/01/bayern-fordert-eu-verschlanken-und-reformieren;Hier finden Sie Informationen zu dem Thema „Kabinettssitzung“. Lesen Sie jetzt „Bayern fordert: EU verschlanken und reformieren“.;Kabinettssitzung;News, Kabinettssitzung, Markus Söder, Eric Beißwenger, Bayern, Europa, München, Europa-Plan, Europäische Union, CSU, EU, Staatsregierung;2026-09-01T13:50:05+02:00;2026-09-01T13:50:05+02:00;;dpa Bayern;false
3132ce952e8cb7de6d9df3b927ea1eef2b76b1d688b825e1a4d9d15f80cc151f;Erneut Einschränkungen auf RE1-Strecke;https://www.zeit.de/news/2026-09/01/erneut-einschraenkungen-auf-re1-strecke;Hier finden Sie Informationen zu dem Thema „Bis 18. September“. Lesen Sie jetzt „Erneut Einschränkungen auf RE1-Strecke“.;Bis 18. September;News, Bis 18. September, Berlin, Eisenhüttenstadt, Erkner, Frankfurt (Oder), Einschränkung, Ostbahnhof, Fahrzeitenänderung, Zugausfall;2026-09-01T13:47:50+02:00;2026-09-01T13:47:50+02:00;;dpa Berlin/Brandenburg;false
f05a4440b84ae41eb4182dd71112a3dcf28c8e9bc76bdb281f5b1f2229233690;DUH kritisiert steigenden Anteil klimaschädlicher Dienstwagen;https://www.zeit.de/politik/deutschland/2026-09/deutsche-umwelthilfe-dienstwagen-politiker-elektroautos-klimapolitik-gxe;Nicht einmal die Hälfte der Dienstwagen deutscher Politiker läuft rein elektrisch. Laut der Umwelthilfe ist das eine »Kampfansage an zukunftsgerichtete Verkehrspolitik«.;Deutsche Umwelthilfe;Politik, Deutsche Umwelthilfe, Dienstwagen, Umweltschutz, Klimapolitik;2026-09-01T13:47:33+02:00;2026-09-01T13:47:33+02:00;jsp;DIE ZEIT,        dpa,        epd,        							jsp;false
8fed1e23a531eb204f6324ee20b313122e03dbe7ef591b0b4501d90c3077223b;Restaurierte Bleiglasfenster wieder im Köthener Rathaus;https://www.zeit.de/news/2026-09/01/restaurierte-bleiglasfenster-wieder-im-koethener-rathaus;Hier finden Sie Informationen zu dem Thema „Kommunen“. Lesen Sie jetzt „Restaurierte Bleiglasfenster wieder im Köthener Rathaus“.;Kommunen;News, Kommunen, Köthen, Bleiglasfenster, Ratssaal, Restaurierung, Kommune, Fensterfront, Rathaus;2026-09-01T13:41:08+02:00;2026-09-01T13:41:08+02:00;;dpa Sachsen;false
c43e9c74598972c52bd953661719a15784d79289f148dae38aaa75044368e0e3;Sprinkleranlage löst in Labor aus: Feuerwehr saugt Wasser ab;https://www.zeit.de/news/2026-09/01/sprinkleranlage-loest-in-labor-aus-feuerwehr-saugt-wasser-ab;Hier finden Sie Informationen zu dem Thema „Brände“. Lesen Sie jetzt „Sprinkleranlage löst in Labor aus: Feuerwehr saugt Wasser ab“.;Brände;News, Brände, Feuerwehr, Sprinkleranlage, Brand;2026-09-01T13:40:55+02:00;2026-09-01T13:40:55+02:00;;dpa Bayern;false
c8f1f9ad17bf3fedee7b21b8aff8b5ed0cdb949d680d5926669b895a72d4a37b;Sprengvorrichtung an Umspannwerk gefunden;https://www.zeit.de/news/2026-09/01/sprengvorrichtung-an-umspannwerk-gefunden;Hier finden Sie Informationen zu dem Thema „Kriminalität“. Lesen Sie jetzt „Sprengvorrichtung an Umspannwerk gefunden“.;Kriminalität;News, Kriminalität, Brandenburg, Jänschwalde, Sprengvorrichtung, Umspannwerk;2026-09-01T13:37:27+02:00;2026-09-01T13:37:27+02:00;;dpa;false
86c06e04776c520f19832484fd8e8ad3e7582221873dde216ac3f2ef23e52783;BBU: Plus beim Neubau in Berlin - aber wie lange hält es an?;https://www.zeit.de/news/2026-09/01/bbu-plus-beim-neubau-in-berlin-aber-wie-lange-haelt-es-an;Hier finden Sie Informationen zu dem Thema „Wohnen“. Lesen Sie jetzt „BBU: Plus beim Neubau in Berlin - aber wie lange hält es an?“.;Wohnen;News, Wohnen, Berlin, Neubau;2026-09-01T13:37:17+02:00;2026-09-01T13:37:17+02:00;;dpa Berlin/Brandenburg;false
92f989ddb38abda36ce16a19cd06c0e8f2a8adc28784fee57994a0f804ce01e6;Berlin hat dritthöchsten Frauenanteil im Abgeordnetenhaus;https://www.zeit.de/news/2026-09/01/berlin-hat-dritthoechsten-frauenanteil-im-abgeordnetenhaus;Hier finden Sie Informationen zu dem Thema „Statistik“. Lesen Sie jetzt „Berlin hat dritthöchsten Frauenanteil im Abgeordnetenhaus“.;Statistik;News, Statistik, Berlin, Abgeordnetenhaus, Frauenanteil;2026-09-01T13:36:26+02:00;2026-09-01T13:36:26+02:00;;dpa Berlin/Brandenburg;false
f25fdaebf4fd1ff86410ffc2f5857db8d0386dedf3bc3bce81d18e1e10c65b24;18-Jähriger liefert sich Verfolgungsfahrt mit der Polizei;https://www.zeit.de/news/2026-09/01/18-jaehriger-liefert-sich-verfolgungsfahrt-mit-der-polizei;Hier finden Sie Informationen zu dem Thema „Verkehrskontrolle“. Lesen Sie jetzt „18-Jähriger liefert sich Verfolgungsfahrt mit der Polizei“.;Verkehrskontrolle;News, Verkehrskontrolle, Oberpfalz, Polizei, Verfolgungsfahrt, Verkehrskontrolle, Rückwärtsgang, Verfolgungsjagd, Auto;2026-09-01T13:33:55+02:00;2026-09-01T13:33:55+02:00;;dpa Bayern;false
ee0c18d97e412c184ecb7ed8ccc9f7daaf4c956f08314f4401e678912c764ebf;Leihe mit Kaufoption: Gomis wechselt zu CD Teneriffa;https://www.zeit.de/news/2026-09/01/leihe-mit-kaufoption-gomis-wechselt-zu-cd-teneriffa;Hier finden Sie Informationen zu dem Thema „Fußball“. Lesen Sie jetzt „Leihe mit Kaufoption: Gomis wechselt zu CD Teneriffa“.;Fußball;News, Fußball, Christian Gomis, Teneriffa, FC Schalke 04, Kaufoption, Fußball;2026-09-01T13:33:00+02:00;2026-09-01T13:33:00+02:00;;dpa Nordrhein-Westfalen;false
da951365778919c8b6385e3a3bde14ccb7974011071e9a2558be845488561d39;BUND will wegen Hambach-Grundstück nach Leipzig;https://www.zeit.de/news/2026-09/01/bund-will-wegen-hambach-grundstueck-nach-leipzig;Hier finden Sie Informationen zu dem Thema „Beschwerde“. Lesen Sie jetzt „BUND will wegen Hambach-Grundstück nach Leipzig“.;Beschwerde;News, Beschwerde, Leipzig, Hambach, Münster, Hambacher Forst, BUND, OVG, BVerwG, Abbaukante, Beschwerde, Braunkohlerevier;2026-09-01T13:31:40+02:00;2026-09-01T13:31:40+02:00;;dpa Nordrhein-Westfalen;false
320b6279f8247eed109df5c572faa5bc8abc45ed4aa1628720342ff3b21c6cb6;Wunschtransfer perfekt: Vieira kehrt zum HSV zurück;https://www.zeit.de/news/2026-09/01/hsv-verpflichtet-wm-teilnehmer;Hier finden Sie Informationen zu dem Thema „Fußball-Transfers“. Lesen Sie jetzt „Wunschtransfer perfekt: Vieira kehrt zum HSV zurück“.;Fußball-Transfers;News, Fußball-Transfers, Hamburger SV, Transferperiode;2026-09-01T13:30:39+02:00;2026-09-01T13:30:39+02:00;;dpa Hamburg/Schleswig-Holstein;false
65fab993b1b1e2e2b5e02ec9d6ddafb0dd423fa16fff72f0b94b5bc181f6091b;Sechs Kommunen erhalten Geld für Parks, Schulen und Kitas;https://www.zeit.de/news/2026-09/01/sechs-kommunen-erhalten-geld-fuer-parks-schulen-und-kitas;Hier finden Sie Informationen zu dem Thema „Städtebauförderung“. Lesen Sie jetzt „Sechs Kommunen erhalten Geld für Parks, Schulen und Kitas“.;Städtebauförderung;News, Städtebauförderung, Sachsen, Boxberg, Meerane, Neukieritzsch, Penig, Meißen, Kommune, Ortskern, Programmjahr, Geld;2026-09-01T13:28:36+02:00;2026-09-01T13:28:36+02:00;;dpa Sachsen;false
689b9ca4150ddc9bc3e42bee0a1838cf9fea69df14a9f4d95d95473060470c53;Union verpflichtet Mittelfeldspieler Imeri aus Bern;https://www.zeit.de/news/2026-09/01/union-verpflichtet-mittelfeldspieler-imeri-aus-bern;Hier finden Sie Informationen zu dem Thema „Fußball-Bundesliga“. Lesen Sie jetzt „Union verpflichtet Mittelfeldspieler Imeri aus Bern“.;Fußball-Bundesliga;News, Fußball-Bundesliga, Mauro Lustrinelli, Bern, Schweiz, CDU/CSU, FC Thun, 1. FC Union Berlin, Young Boys Bern, Fußball-Bundesliga, Transferende;2026-09-01T13:23:38+02:00;2026-09-01T13:23:38+02:00;;dpa Berlin/Brandenburg;false
e8bac5966448e3b674f92c9b1b1ea6064f6f79c909410a2e38ed4de5682c483c;Schnellbremsung reicht nicht - Zug rammt umgestürzte Bäume;https://www.zeit.de/news/2026-09/01/schnellbremsung-reicht-nicht-zug-rammt-umgestuerzte-baeume;Hier finden Sie Informationen zu dem Thema „Bahn-Unfall“. Lesen Sie jetzt „Schnellbremsung reicht nicht - Zug rammt umgestürzte Bäume“.;Bahn-Unfall;News, Bahn-Unfall, Albersdorf, Landkreis Dithmarschen, Polizei, Schnellbremsung;2026-09-01T13:21:50+02:00;2026-09-01T13:21:50+02:00;;dpa Hamburg/Schleswig-Holstein;false
e82ff8828f33f35c60f16ae4642532fc61c270ece78c9009829c95e16f45df27;Minister nach Gewalttaten gegen Frauen: Schärfere Strafen;https://www.zeit.de/news/2026-09/01/minister-nach-gewalttaten-gegen-frauen-schaerfere-strafen;Hier finden Sie Informationen zu dem Thema „Mehrere Frauen getötet“. Lesen Sie jetzt „Minister nach Gewalttaten gegen Frauen: Schärfere Strafen“.;Mehrere Frauen getötet;News, Mehrere Frauen getötet, Justizminister, Brandenburg, SPD, Gewalttat, Femizid;2026-09-01T13:21:39+02:00;2026-09-01T13:21:39+02:00;;dpa Berlin/Brandenburg;false
31647d5e9f27f2dbcc452fb639014345a9744eba4d4bea9c88cf002358543fd4;Polizei geht nach Feuer in Eppelborn von Brandstiftung aus;https://www.zeit.de/news/2026-09/01/polizei-geht-nach-feuer-in-eppelborn-von-brandstiftung-aus;Hier finden Sie Informationen zu dem Thema „Brand eines Einfamilienhauses“. Lesen Sie jetzt „Polizei geht nach Feuer in Eppelborn von Brandstiftung aus“.;Brand eines Einfamilienhauses;News, Brand eines Einfamilienhauses, Eppelborn, Neunkirchen, Polizei, Brandstiftung, Einfamilienhaus;2026-09-01T13:20:36+02:00;2026-09-01T13:20:36+02:00;;dpa Rheinland-Pfalz/Saarland;false
9fe506ec4b3462e6207064788bf31a1d1df0137e934b1fe90a608361fdaf9c96;Verfolgungsjagd in Hamburg: Radfahrer schwer verletzt;https://www.zeit.de/news/2026-09/01/unbeteiligter-radfahrer-bei-verfolgungsfahrt-schwer-verletzt;Hier finden Sie Informationen zu dem Thema „Unfall in Hamburg-Bahrenfeld“. Lesen Sie jetzt „Verfolgungsjagd in Hamburg: Radfahrer schwer verletzt“.;Unfall in Hamburg-Bahrenfeld;News, Unfall in Hamburg-Bahrenfeld, Hamburg-Bahrenfeld, Bahrenfeld, Polizei, Verfolgungsfahrt, Auto;2026-09-01T13:18:25+02:00;2026-09-01T13:18:25+02:00;;dpa Hamburg/Schleswig-Holstein;false
270017bdc047e294b24a69c45a74357449e1ead002896eca5228aad9ed49f50c;Angeklagter bestreitet vor Gericht Diebstahl ganzer E-Bikes;https://www.zeit.de/news/2026-09/01/angeklagter-bestreitet-vor-gericht-diebstahl-ganzer-e-bikes;Hier finden Sie Informationen zu dem Thema „Amtsgericht Münster“. Lesen Sie jetzt „Angeklagter bestreitet vor Gericht Diebstahl ganzer E-Bikes“.;Amtsgericht Münster;News, Amtsgericht Münster, Münster, Amtsgericht, Diebstahl, Verhandlungstag;2026-09-01T13:16:36+02:00;2026-09-01T13:16:36+02:00;;dpa Nordrhein-Westfalen;false
9769d35af466da6a501c9d2de60fae6c1b1e7e3236aa74cb2d49c5d374c0bd60;Hochgeschwindigkeitskorridor nach Paris: Städte machen Druck;https://www.zeit.de/news/2026-09/01/hochgeschwindigkeitskorridor-nach-paris-staedte-machen-druck;Hier finden Sie Informationen zu dem Thema „Bahntrasse“. Lesen Sie jetzt „Hochgeschwindigkeitskorridor nach Paris: Städte machen Druck“.;Bahntrasse;News, Bahntrasse, Steffen Bilger, Christian Specht, Beate Kimmel, Uwe Conradt, Klaus Blettner, Paris, Mannheim, Kaiserslautern, Saarbrücken, Ludwigshafen;2026-09-01T13:10:40+02:00;2026-09-01T13:10:40+02:00;;dpa Baden-Württemberg;false
d2f0d5d76c7597e4ad533366fcc4d874f637b1cb633b7a562aee160e934e44fc;Rund 900 Liter Diesel aus Lokomotiven abgezapft;https://www.zeit.de/news/2026-09/01/rund-900-liter-diesel-aus-lokomotiven-abgezapft;Hier finden Sie Informationen zu dem Thema „Am Abstellgleis“. Lesen Sie jetzt „Rund 900 Liter Diesel aus Lokomotiven abgezapft“.;Am Abstellgleis;News, Am Abstellgleis, Bundespolizei, Lokomotive, Abstellgleis;2026-09-01T13:09:39+02:00;2026-09-01T13:09:39+02:00;;dpa Niedersachsen;false
6f0129dbb508094318595317c028a517f791a5b71b7e682214b1826b87650e00;König Haakon von Norwegen hat Eid auf Verfassung abgelegt;https://www.zeit.de/news/2026-09/01/koenig-haakon-von-norwegen-hat-eid-auf-verfassung-abgelegt;Hier finden Sie Informationen zu dem Thema „Thronwechsel in Norwegen“. Lesen Sie jetzt „König Haakon von Norwegen hat Eid auf Verfassung abgelegt“.;Thronwechsel in Norwegen;News, Thronwechsel in Norwegen, Haakon von Norwegen, Haakon VIII., Norwegen, Thronwechsel, Verfassung;2026-09-01T13:08:46+02:00;2026-09-01T13:08:46+02:00;;dpa;false
1887ea83b33d63c8af5670be93b15c1dece7861a1a469573cdcb475a783154fa;Bennet Wiegert rechnet mit anderem Auftritt der Füchse;https://www.zeit.de/news/2026-09/01/bennet-wiegert-rechnet-mit-anderem-auftritt-der-fuechse;Hier finden Sie Informationen zu dem Thema „Handball-Bundesliga“. Lesen Sie jetzt „Bennet Wiegert rechnet mit anderem Auftritt der Füchse“.;Handball-Bundesliga;News, Handball-Bundesliga, Bennet Wiegert, Berlin, Magdeburg, Handball-Bundesliga, SC Magdeburg, Füchse Berlin, Supercup, Bundesliga, Erfolg;2026-09-01T13:08:02+02:00;2026-09-01T13:08:02+02:00;;dpa Berlin/Brandenburg;false
b6b64e33775872b87608f05dd99103355a92182dcaec8b469f8671494c9859ec;Otto der Große findet neue Ruhe im Magdeburger Dom;https://www.zeit.de/news/2026-09/01/kaiser-otto-der-grosse-wird-in-magdeburg-wieder-beigesetzt;Hier finden Sie Informationen zu dem Thema „Geschichte“. Lesen Sie jetzt „Otto der Große findet neue Ruhe im Magdeburger Dom“.;Geschichte;News, Geschichte, Silke Trekel, Wolfram Weimer, Harald Meller, Otto I., Otto der Große, Magdeburg, Sachsen-Anhalt, Holzsarg, Grabmal, Gott;2026-09-01T13:07:37+02:00;2026-09-01T13:07:37+02:00;;dpa Sachsen;false
ac958908b628c62f97fe24e9b60ad19847be1e5eb079db7eae0aa1eafbbd32b2;Frauenanteil im Brandenburger Landtag stark gesunken;https://www.zeit.de/news/2026-09/01/frauenanteil-im-brandenburger-landtag-stark-gesunken;Hier finden Sie Informationen zu dem Thema „Statistik“. Lesen Sie jetzt „Frauenanteil im Brandenburger Landtag stark gesunken“.;Statistik;News, Statistik, Brandenburg, Landtag, Frauenanteil;2026-09-01T13:06:15+02:00;2026-09-01T13:06:15+02:00;;dpa Berlin/Brandenburg;false
2c51c08b5dff090509ebcd5a345e0cb3c6ccc34f25899e28896ee4b5b66f1be0;Insolvenzverfahren bei 1860 München eröffnet;https://www.zeit.de/news/2026-09/01/insolvenzverfahren-bei-1860-muenchen-eroeffnet;Hier finden Sie Informationen zu dem Thema „«Löwen»-Wappen zurück“. Lesen Sie jetzt „Insolvenzverfahren bei 1860 München eröffnet“.;«Löwen»-Wappen zurück;News, «Löwen»-Wappen zurück, Max Liebig, München, TSV 1860 München, Amtsgericht München, Insolvenzverfahren, Zwangsabstieg;2026-09-01T13:05:13+02:00;2026-09-01T13:05:13+02:00;;dpa Bayern;false
6aebd7dedfe6b39a8e8cb1f7d447411327525e73b55303ce2fd542fb1592c9d2;So kämpfen fünf Städte um den Erhalt ihrer Galeria-Häuser;https://www.zeit.de/news/2026-09/01/so-kaempfen-fuenf-staedte-um-den-erhalt-ihrer-galeria-haeuser;Hier finden Sie Informationen zu dem Thema „Einzelhandel“. Lesen Sie jetzt „So kämpfen fünf Städte um den Erhalt ihrer Galeria-Häuser“.;Einzelhandel;News, Einzelhandel, Bayern, Aschaffenburg, Würzburg, Bayreuth, Memmingen, München, Galeria Kaufhof, Warenhauskette, Einzelhandel;2026-09-01T13:01:52+02:00;2026-09-01T13:01:52+02:00;;dpa Bayern;false
b0d1c47664844b8e2559519950d4e79b6192b473ada6cc6334e74b786557285e;Jugendlicher feuert Schüsse von Balkon ab;https://www.zeit.de/news/2026-09/01/jugendlicher-feuert-schuesse-von-balkon-ab;Hier finden Sie Informationen zu dem Thema „Kriminalität“. Lesen Sie jetzt „Jugendlicher feuert Schüsse von Balkon ab“.;Kriminalität;News, Kriminalität, Regensburg, Schreckschusswaffe;2026-09-01T13:01:21+02:00;2026-09-01T13:01:21+02:00;;dpa Bayern;false
76c861d99da5ac0803adb9d11f5fb0daa159f02fda05246f03b8e6afaf79d493;Jensen wechselt von Hertha nach Bielefeld;https://www.zeit.de/news/2026-09/01/jensen-wechselt-von-hertha-nach-bielefeld;Hier finden Sie Informationen zu dem Thema „Zweite Fußball-Bundesliga“. Lesen Sie jetzt „Jensen wechselt von Hertha nach Bielefeld“.;Zweite Fußball-Bundesliga;News, Zweite Fußball-Bundesliga, Leon Jensen, Dudelange, Bielefeld, Hertha BSC, Hertha BSC Berlin, Arminia Bielefeld, Fußball-Bundesliga, Ablösemodalität;2026-09-01T13:00:36+02:00;2026-09-01T13:00:36+02:00;;dpa Berlin/Brandenburg;false
4e2698944cd7421d5a0a3e352facc12a0eda0a9a1bc21321e208e87121b26166;Berühmtes Kandinsky-Werk «Das bunte Leben» wird versteigert;https://www.zeit.de/news/2026-09/01/beruehmtes-kandinsky-werk-das-bunte-leben-wird-versteigert;Hier finden Sie Informationen zu dem Thema „Nach Rückgabe an Erben“. Lesen Sie jetzt „Berühmtes Kandinsky-Werk «Das bunte Leben» wird versteigert“.;Nach Rückgabe an Erben;News, Nach Rückgabe an Erben, Wassily Kandinsky, Keith Gill, Albert Lewenstein, London, München, Christie's, Deutsche Presse-Agentur, Rückgabe, Lenbachhaus, Familie;2026-09-01T13:00:05+02:00;2026-09-01T13:00:05+02:00;;dpa;false
238e95080692c05b8eb88f8a272aaad5e1a116117af28c46b4b68269d100667a;Wohnungskrise: Angst vor Mietanstieg und Wohnungsverlust;https://www.zeit.de/news/2026-09/01/mieterbund-wohnungskrise-verfestigt-sich-mieter-in-angst;Hier finden Sie Informationen zu dem Thema „Mietenreport 2026“. Lesen Sie jetzt „Wohnungskrise: Angst vor Mietanstieg und Wohnungsverlust“.;Mietenreport 2026;News, Mietenreport 2026, Melanie Weber-Moritz, Forsa, Deutscher Bundestag, Mieterbund, Wohnungskrise, Mietenreport, Ersatzwohnung, Mietpreisbremse;2026-09-01T12:58:45+02:00;2026-09-01T12:58:45+02:00;;dpa;false
f3afe4058ad90e8c8b14b68965abe67bda9069729d1b01db172d6c07789e0d12;Einigung in Koalition: Steuergesetz kommt ins Kabinett;https://www.zeit.de/news/2026-09/01/einigung-in-koalition-steuergesetz-kommt-ins-kabinett;Hier finden Sie Informationen zu dem Thema „Steuern“. Lesen Sie jetzt „Einigung in Koalition: Steuergesetz kommt ins Kabinett“.;Steuern;News, Steuern, Bundesregierung, Deutsche Presse-Agentur, Finanzministerium, Deutscher Bundestag, Steuergesetz, Steuer, Koalition;2026-09-01T12:58:09+02:00;2026-09-01T12:58:09+02:00;;dpa;false
e3c5bfab03b4dcb9b339cd4be81e31501f32157071fad7bd45d1ef0c36193005;Kaiser Otto der Große im Magdeburger Dom wieder beigesetzt;https://www.zeit.de/news/2026-09/01/kaiser-otto-der-grosse-im-magdeburger-dom-wieder-beigesetzt;Hier finden Sie Informationen zu dem Thema „Geschichte“. Lesen Sie jetzt „Kaiser Otto der Große im Magdeburger Dom wieder beigesetzt“.;Geschichte;News, Geschichte, Silke Trekel, Wolfram Weimer, Otto der Große, Magdeburg, Titansarg, Grabmal;2026-09-01T12:56:08+02:00;2026-09-01T12:56:08+02:00;;dpa Sachsen;false
515efe1f0891ee2e5113d5e593c8c736af9f8302efc2976e9f0ee29b25a12a9c;Pixi-Bücher erklären Cybersicherheit für Kinder;https://www.zeit.de/news/2026-09/01/pixi-buecher-erklaeren-cybersicherheit-fuer-kinder;Hier finden Sie Informationen zu dem Thema „Kinderbuch“. Lesen Sie jetzt „Pixi-Bücher erklären Cybersicherheit für Kinder“.;Kinderbuch;News, Kinderbuch, Cybersicherheit, Kinderbuch;2026-09-01T12:54:59+02:00;2026-09-01T12:54:59+02:00;;dpa Hessen;false
7af5587f6c620e88af749d74814c1bad04a30b235c212459d7fbb0e691d68338;Winzer verliert Traubenladung: Straße wird zur Rutschbahn;https://www.zeit.de/news/2026-09/01/winzer-verliert-traubenladung-strasse-wird-zur-rutschbahn;Hier finden Sie Informationen zu dem Thema „Weinlese“. Lesen Sie jetzt „Winzer verliert Traubenladung: Straße wird zur Rutschbahn“.;Weinlese;News, Weinlese, Edesheim, Polizei, Traubenladung, Rutschbahn, Weinlese, Traube;2026-09-01T12:54:55+02:00;2026-09-01T12:54:55+02:00;;dpa Rheinland-Pfalz/Saarland;false
e50f01f463df18310756a0fa0614fe18b3e8aeec899ca8ff0eac528daa31e762;Frauenanteil im Thüringer Landtag gesunken;https://www.zeit.de/news/2026-09/01/frauenanteil-im-thueringer-landtag-gesunken;Hier finden Sie Informationen zu dem Thema „Statistik“. Lesen Sie jetzt „Frauenanteil im Thüringer Landtag gesunken“.;Statistik;News, Statistik, Statistisches Bundesamt, Frauenanteil;2026-09-01T12:52:38+02:00;2026-09-01T12:52:38+02:00;;dpa Thüringen;false
b67e33eea31f2f216fbf285bf3ee6cbbbf87096b800296d9554708119ea6a216;Schiffbau boomt – Messe SMM bringt globale Branche zusammen;https://www.zeit.de/news/2026-09/01/schiffbau-boomt-smm-messe-bringt-globale-branche-zusammen;Hier finden Sie Informationen zu dem Thema „Weltleitmesse“. Lesen Sie jetzt „Schiffbau boomt – Messe SMM bringt globale Branche zusammen“.;Weltleitmesse;News, Weltleitmesse, Claus Ulrich, Hamburg, Selbach, Weltleitmesse, Messehalle, Schiffbau, Digitalisierung, Sicherheit;2026-09-01T12:51:40+02:00;2026-09-01T12:51:40+02:00;;dpa Hamburg/Schleswig-Holstein;false
271caa7071a1c906a19636deb272f3abe6bbd2dab8e6299530484a4c18827d6e;Blitzerfoto entlarvt Verdächtigen nach riskanter Flucht;https://www.zeit.de/news/2026-09/01/blitzerfoto-entlarvt-verdaechtigen-nach-riskanter-flucht;Hier finden Sie Informationen zu dem Thema „Kriminalität“. Lesen Sie jetzt „Blitzerfoto entlarvt Verdächtigen nach riskanter Flucht“.;Kriminalität;News, Kriminalität, Wiesbaden, Limburg, Polizei, Staatsanwaltschaft, Blitzerfoto, Verkehrskontrolle, Auto;2026-09-01T12:48:24+02:00;2026-09-01T12:48:24+02:00;;dpa Hessen;false
d25e14d6f7c6c0c21b9f3e225c437b03414b193503df8050c8c9b85013634124;Rutschige Fahrbahn durch Traubensaft;https://www.zeit.de/news/2026-09/01/rutschige-fahrbahn-durch-traubensaft;Hier finden Sie Informationen zu dem Thema „Gefahrenstelle nach Weinlese“. Lesen Sie jetzt „Rutschige Fahrbahn durch Traubensaft“.;Gefahrenstelle nach Weinlese;News, Gefahrenstelle nach Weinlese, Breisgau, Polizei, Traubensaft, Fahrbahn, Gefahrenstelle, Ehrenkirche, Weinlese, Weintraube, Kreisverkehr, Rutschbahn;2026-09-01T12:46:16+02:00;2026-09-01T12:46:16+02:00;;dpa Baden-Württemberg;false
24a28f824dd364ff2e13df625207c9ad2bf86ab8b2d2c60ba6a9a96040ee1a9f;Apfelernte: Geringere Erträge bei guter Qualität;https://www.zeit.de/news/2026-09/01/apfelernte-geringere-ertraege-bei-guter-qualitaet;Hier finden Sie Informationen zu dem Thema „Obsternte“. Lesen Sie jetzt „Apfelernte: Geringere Erträge bei guter Qualität“.;Obsternte;News, Obsternte, Sachsen, Dresden, Sachsen-Anhalt, Europäische Union, Apfelernte, Ertrag, Obsternte, Erntemenge, Obstverband, Hitze;2026-09-01T12:45:38+02:00;2026-09-01T12:45:38+02:00;;dpa Sachsen;false
2afd0fd30e2c784d5fc854561108760156cac3826ef962f23920e23c969c93fa;Kaiser Otto der Große mit Festgottesdienst erneut bestattet;https://www.zeit.de/gesellschaft/2026-09/kaiser-otto-i-wiederbeisetzung-magdeburger-dom-sarg-silke-trekel-gxe;Der mittelalterliche Holzsarg von Kaiser Otto hat im Laufe der Jahrhunderte offenbar erheblich gelitten. Ein Titansarg soll seine sterblichen Überreste besser schützen.;Magdeburger Dom;Gesellschaft, Magdeburger Dom, Magdeburg, Gottesdienst, Otto der Große, Wiederbeisetzung;2026-09-01T12:43:59+02:00;2026-09-01T12:43:59+02:00;tw;DIE ZEIT,        epd,        							tw;false
6c46585387059fbd103a92ac06aca8034da5c1c67d7cb5c3b36021616cb09972;BGH hebt Urteil zu tödlichem Messerstich in Kleingarten auf;https://www.zeit.de/news/2026-09/01/bgh-hebt-urteil-zu-toedlichem-messerstich-in-kleingarten-auf;Hier finden Sie Informationen zu dem Thema „Prozesse“. Lesen Sie jetzt „BGH hebt Urteil zu tödlichem Messerstich in Kleingarten auf“.;Prozesse;News, Prozesse, Hamburg, Hamburg-Jenfeld, Bundesgerichtshof, Landgericht Hamburg, Messerstich, Kleingarten, Kleingartenanlage;2026-09-01T12:43:43+02:00;2026-09-01T12:43:43+02:00;;dpa Hamburg/Schleswig-Holstein;false
cac1c3b64b2062ccd927fa73311f1edb8e09eb3c57c2cd44d4eb33791be81804;Flugzeugabsturz in Alpensee: Beide Insassen aus NRW;https://www.zeit.de/news/2026-09/01/flugzeugabsturz-in-alpensee-beide-insassen-aus-nrw;Hier finden Sie Informationen zu dem Thema „Österreich“. Lesen Sie jetzt „Flugzeugabsturz in Alpensee: Beide Insassen aus NRW“.;Österreich;News, Österreich, NRW, Österreich, Attersee, Salzburg, Wien, Nordrhein-Westfalen, Staatsanwaltschaft, Deutsche Presse-Agentur, Flugzeugabsturz;2026-09-01T12:43:16+02:00;2026-09-01T12:43:16+02:00;;dpa Bayern;false
3b7cc7b47d49c8d093d66f46d60f2a938f5965ed7444f338f16e3cd1ea9b7ba1;Abriss startet: Elbbrücke bei Wittenberge wird gesperrt;https://www.zeit.de/news/2026-09/01/abriss-startet-elbbruecke-bei-wittenberge-wird-gesperrt;Hier finden Sie Informationen zu dem Thema „Neue Brücke bis Herbst 2029“. Lesen Sie jetzt „Abriss startet: Elbbrücke bei Wittenberge wird gesperrt“.;Neue Brücke bis Herbst 2029;News, Neue Brücke bis Herbst 2029, Wittenberge, Seehausen, Elbbrücke, Abriss, Bundesstraße;2026-09-01T12:41:29+02:00;2026-09-01T12:41:29+02:00;;dpa Berlin/Brandenburg;false
c2fcf6104c388408796be84ca1383e750d4e89b9c90dc90f32b3e8f7f11feb89;Sicherung von Bundesstraße an Loreley nach Felssturz;https://www.zeit.de/news/2026-09/01/sicherung-von-bundesstrasse-an-loreley-nach-felssturz;Hier finden Sie Informationen zu dem Thema „Loreley“. Lesen Sie jetzt „Sicherung von Bundesstraße an Loreley nach Felssturz“.;Loreley;News, Loreley, Carsten Müller, St. Goarshausen, Kaub, Bad Ems, Ems, Felssturz, Bundesstraße, Sicherung, Sicherungsarbeit, Absturz;2026-09-01T12:39:25+02:00;2026-09-01T12:39:25+02:00;;dpa Hessen;false
3b1500462d9cebe2d0c52448caaed98d738dd266feb4104e57671739b6a3eab6;Sydney meldet wärmsten Winter seit Beginn der Messungen;https://www.zeit.de/news/2026-09/01/sydney-meldet-waermsten-winter-seit-beginn-der-messungen;Hier finden Sie Informationen zu dem Thema „Rekordwerte in Australien“. Lesen Sie jetzt „Sydney meldet wärmsten Winter seit Beginn der Messungen“.;Rekordwerte in Australien;News, Rekordwerte in Australien, Simon Grainger, Australien, Europa, Victoria Versicherungs-Gesellschaften, South Wales, Tasmanien, Sydney, Victoria, Guardian Media Group, Messung;2026-09-01T12:37:50+02:00;2026-09-01T12:37:50+02:00;;dpa;false
53d846c1df6746e2695d55581b2a2528223b80f84b8e105165e9c51f9df5f571;Dauer-Schwelbrand: Luftmessungen sollen im September starten;https://www.zeit.de/news/2026-09/01/dauer-schwelbrand-luftmessungen-sollen-im-september-starten;Hier finden Sie Informationen zu dem Thema „Kohlebrand“. Lesen Sie jetzt „Dauer-Schwelbrand: Luftmessungen sollen im September starten“.;Kohlebrand;News, Kohlebrand, Meuselwitz, Sachsen-Anhalt, LMBV, Luftmessung, Kohlebrand, Tagebaugelände, Schwelbrand, Messplan;2026-09-01T12:36:47+02:00;2026-09-01T12:36:47+02:00;;dpa Thüringen;false
d74d76dc80cc6badb5a69b18b9a5494a63c0a9e04c236503bd015a0d186c4227;Ein echter Ingenieur für Apple;https://www.zeit.de/digital/mobil/2026-08/john-ternus-apple-ceo-tim-cook;Ein faltbares iPhone? John Ternus muss das nächste »one more thing« für Apple liefern. Über Stärken und Fehler des Mannes, der ab heute Tim Cook als CEO ablöst.;John Ternus;Digital, John Ternus, Apple, Tim Cook, Steve Jobs, iPhone, iPad, künstliche Intelligenz;2026-09-01T12:35:38+02:00;2026-09-01T12:35:38+02:00;Eike Kühl;;false
67bd6d69a47dbb4840ca6b49772e85f57ba486d01c7060ac431e0b0f4bd0f156;Mutmaßliche Unterstützer rechtsextremer Terrorgruppe angeklagt;https://www.zeit.de/politik/deutschland/2026-09/letzte-verteidigungswelle-rechtsextreme-terrorgruppe-hamburg-bundesanwaltschaft-gxe;Zwei weitere Mitglieder der »Letzten Verteidigungswelle« müssen sich vor Gericht verantworten. Sie sollen versucht haben, eine Geflüchtetenunterkunft in Brand zu setzen.;»Letzte Verteidigungswelle«;Politik, »Letzte Verteidigungswelle«, Hamburg, Bundesanwaltschaft, Rechtsextremismus, Terrorismus, Gefängnis;2026-09-01T12:34:44+02:00;2026-09-01T12:34:44+02:00;jsp;DIE ZEIT,        dpa,        							jsp;false
c338515d0a7920071d6f0d10c1f7b468f850a5e091d2ab09d918d3f09f180b7b;Rote Karte für Thüringen beim Dienstwagen-Check;https://www.zeit.de/news/2026-09/01/rote-karte-fuer-thueringen-beim-dienstwagen-check;Hier finden Sie Informationen zu dem Thema „CO2-Bilanz“. Lesen Sie jetzt „Rote Karte für Thüringen beim Dienstwagen-Check“.;CO2-Bilanz;News, CO2-Bilanz, Thüringen, Deutsche Umwelthilfe e.V., Bündnis Sahra Wagenknecht, CDU, SPD, Dienstwagen, Landesregierung, Gesamtwertung, Fahrzeug, Auto;2026-09-01T12:34:05+02:00;2026-09-01T12:34:05+02:00;;dpa Thüringen;false
63b2fa59b4acb0c41122257200bcfa9a0984aadbc3c5db4656eb606371afb728;Nach Gewalttat an Schule: Langsam zurück zum Unterricht;https://www.zeit.de/news/2026-09/01/nach-gewalttat-an-schule-langsam-zurueck-zum-unterricht;Hier finden Sie Informationen zu dem Thema „Zwei Tote“. Lesen Sie jetzt „Nach Gewalttat an Schule: Langsam zurück zum Unterricht“.;Zwei Tote;News, Zwei Tote, Michael Kunz, Gosen-Neu Zittau, Academedia Education, Gewalttat, Unterricht, Trauer;2026-09-01T12:33:34+02:00;2026-09-01T12:33:34+02:00;;dpa Berlin/Brandenburg;false
eda9f7acae2b8fb65c31cce50a6da1396807c178f8090d03977018c32e65b2cd;Sparsame Verbraucher: Möbelbranche kommt nicht aus der Krise;https://www.zeit.de/news/2026-09/01/moebelbranche-in-der-krise-umsaetze-sinken-im-ersten-halbjahr;Hier finden Sie Informationen zu dem Thema „Umsätze sinken“. Lesen Sie jetzt „Sparsame Verbraucher: Möbelbranche kommt nicht aus der Krise“.;Umsätze sinken;News, Umsätze sinken, Jan Kurth, Möbelbranche, Umsatz, Möbelkauf, Krise;2026-09-01T12:31:38+02:00;2026-09-01T12:31:38+02:00;;dpa;false
521e1a8205c69c065c97c298853fec3fd368a5cc2c0f7e8018dfd785c4fcedf0;«SOKO Leipzig» geht mit neuem Kommissar in die 27. Staffel;https://www.zeit.de/news/2026-09/01/soko-leipzig-geht-mit-neuem-kommissar-in-die-27-staffel;Hier finden Sie Informationen zu dem Thema „Staffelstart“. Lesen Sie jetzt „«SOKO Leipzig» geht mit neuem Kommissar in die 27. Staffel“.;Staffelstart;News, Staffelstart, Simon Böer, Dirk Trebbe, Melanie Marschke, Hendrik Langer, UFA, Staffelstart;2026-09-01T12:31:21+02:00;2026-09-01T12:31:21+02:00;;dpa Sachsen;false
22ec2940f65c100edacb41b1da93ae400d5ed698b8eedda22cb36c1b4c32d644;Mehr E-Bikes in Thüringen, aber bundesweit nur Platz elf;https://www.zeit.de/news/2026-09/01/mehr-e-bikes-in-thueringen-aber-bundesweit-nur-platz-elf;Hier finden Sie Informationen zu dem Thema „Elektrofahrräder“. Lesen Sie jetzt „Mehr E-Bikes in Thüringen, aber bundesweit nur Platz elf“.;Elektrofahrräder;News, Elektrofahrräder, Thüringen, Berlin, Pedelec, Elektrofahrrad, Fahrrad;2026-09-01T12:31:04+02:00;2026-09-01T12:31:04+02:00;;dpa Thüringen;false
51d30e0842bb40a3fdc6dd1c474bcda19289b0e8115aa69f590dd097e574874d;Bundesregierung will Russland für Drohnenvorfall verantwortlich machen;https://www.zeit.de/politik/deutschland/2026-09/bundesregierung-will-russland-fuer-drohnenvorfall-verantwortlich-machen-gxe;Deutschland vermutet Russland hinter dem Drohnenvorfall am Leipziger Flughafen. Am Nachmittag sollen Dobrindt und Wadephul sich in einer Pressekonferenz dazu äußern.;Drohne am Flughafen Leipzig;Politik, Drohne am Flughafen Leipzig, Russland, Bundesregierung, Drohne, Leipzig, Flughafen;2026-09-01T12:30:58+02:00;2026-09-01T12:30:58+02:00;yer;DIE ZEIT,        							yer;false
e2041e5e72edfd2c50a31dca2c1cb64d0d71e89e060c48bafe47c610de5e95a0;Überall Leichensäcke: Mehr als 1.000 Tote nach Himalaya-Flut;https://www.zeit.de/news/2026-09/01/ueberall-leichensaecke-in-nepal-ngo-warnt-vor-krankheiten;Hier finden Sie Informationen zu dem Thema „Lage im Katastrophengebiet“. Lesen Sie jetzt „Überall Leichensäcke: Mehr als 1.000 Tote nach Himalaya-Flut“.;Lage im Katastrophengebiet;News, Lage im Katastrophengebiet, Nepal, Himalaya, Kathmandu, Trishuli, NGO, Leichensack, Sturzflut;2026-09-01T12:29:26+02:00;2026-09-01T12:29:26+02:00;;dpa;false
735be2e1190cc6b6fb280f29df96da1a25b8f46a9463000bb850052a28ea3ac1;«Keil in die Union»: Merz beklagt Spaltungsversuch von außen;https://www.zeit.de/news/2026-09/01/keil-in-die-union-merz-beklagt-spaltungsversuch-von-aussen;Hier finden Sie Informationen zu dem Thema „Vor den Wahlen“. Lesen Sie jetzt „«Keil in die Union»: Merz beklagt Spaltungsversuch von außen“.;Vor den Wahlen;News, Vor den Wahlen, Friedrich Merz, CDU, Landtagswahl, Spaltungsversuch;2026-09-01T12:28:33+02:00;2026-09-01T12:28:33+02:00;;dpa;false
313f2da73abd3820ded5a04211e0d9cd63cb0b4f961c5aa207a46b40a1f478bf;Frauenanteil im Landtag von Sachsen-Anhalt gesunken;https://www.zeit.de/news/2026-09/01/frauenanteil-im-landtag-von-sachsen-anhalt-gesunken;Hier finden Sie Informationen zu dem Thema „Statistik“. Lesen Sie jetzt „Frauenanteil im Landtag von Sachsen-Anhalt gesunken“.;Statistik;News, Statistik, Sachsen-Anhalt, Statistisches Bundesamt, Landtag, Frauenanteil;2026-09-01T12:28:16+02:00;2026-09-01T12:28:16+02:00;;dpa Sachsen;false
e09e35d558ffb6acacc84627ef5275e0ace137f88b5f0ccc91fed2593f752b02;Wie 1978: VfL Osnabrück träumt vom Pokal-Coup gegen Bayern;https://www.zeit.de/news/2026-09/01/wie-1978-vfl-osnabrueck-traeumt-vom-pokal-coup-gegen-bayern;Hier finden Sie Informationen zu dem Thema „Pokal-Kracher“. Lesen Sie jetzt „Wie 1978: VfL Osnabrück träumt vom Pokal-Coup gegen Bayern“.;Pokal-Kracher;News, Pokal-Kracher, Timo Schultz, Bremer Brücke, VfL Osnabrück, FC Bayern München, Deutscher Fußball-Bund, ARD;2026-09-01T12:28:02+02:00;2026-09-01T12:28:02+02:00;;dpa Bayern;false
71bdd0d8f9c9ef9ffd0b590f81c14e589d3c7d2291d7faad4af4fa0a4c1b1efc;Mehr als 40 Prozent Plus: MV erwartet starke Apfelernte;https://www.zeit.de/news/2026-09/01/mehr-als-40-prozent-plus-mv-erwartet-starke-apfelernte;Hier finden Sie Informationen zu dem Thema „Apfelernte“. Lesen Sie jetzt „Mehr als 40 Prozent Plus: MV erwartet starke Apfelernte“.;Apfelernte;News, Apfelernte, André Konsolke, Dodow, Mecklenburg-Vorpommern, Landkreis Ludwigslust-Parchim, BMELV, Apfelernte, Apfelsaison;2026-09-01T12:27:38+02:00;2026-09-01T12:27:38+02:00;;dpa Mecklenburg-Vorpommern;false
a2661e9e03dc8f6c7fc9248a77b0f74a0cc4dbfbcff1809d384ca8ed161d48c7;Gänsehaut-Comebacks von Oberdorf und Gwinn: «Echt vermisst»;https://www.zeit.de/news/2026-09/01/gaensehaut-comebacks-von-oberdorf-und-gwinn-echt-vermisst;Hier finden Sie Informationen zu dem Thema „Leidenszeit beendet“. Lesen Sie jetzt „Gänsehaut-Comebacks von Oberdorf und Gwinn: «Echt vermisst»“.;Leidenszeit beendet;News, Leidenszeit beendet, Giulia Gwinn, Lena Oberdorf, Christian Wück, München, FC Bayern München, 1. FSV Mainz, Bundesliga, Leidenszeit, Schulteroperation;2026-09-01T12:27:14+02:00;2026-09-01T12:27:14+02:00;;dpa Bayern;false
6756068612f60d2dafdb987390bbcfcf62be965d1d4c899001c49f7809b742f6;Frauenanteil im sächsischen Landtag weiter niedrig;https://www.zeit.de/news/2026-09/01/frauenanteil-im-saechsischen-landtag-weiter-niedrig;Hier finden Sie Informationen zu dem Thema „Statistik“. Lesen Sie jetzt „Frauenanteil im sächsischen Landtag weiter niedrig“.;Statistik;News, Statistik, Landtag, Frauenanteil;2026-09-01T12:25:30+02:00;2026-09-01T12:25:30+02:00;;dpa Sachsen;false
961037d6b420a80a34897afc4c52b6e4bc39fce4a15dada653d82b2b04075f1c;Tödliche Schüsse bei Rave – Ermittlungen zu Motiv laufen;https://www.zeit.de/news/2026-09/01/toedliche-schuesse-bei-rave-ermittlungen-zu-motiv-laufen;Hier finden Sie Informationen zu dem Thema „Möglicherweise zwei Tatwaffen“. Lesen Sie jetzt „Tödliche Schüsse bei Rave – Ermittlungen zu Motiv laufen“.;Möglicherweise zwei Tatwaffen;News, Möglicherweise zwei Tatwaffen, Schweiz, Aargau, Staatsanwaltschaft, Polizei, Tatwaffe, Ermittlung, Festnahme;2026-09-01T12:24:40+02:00;2026-09-01T12:24:40+02:00;;dpa;false
a8711d650946ccd4f5a4082c5f3d8720c08fcc386c750f25d0be55b61862fd6c;Verband gibt Dienstwagen der Landesregierung Rote Karten;https://www.zeit.de/news/2026-09/01/verband-gibt-dienstwagen-der-landesregierung-rote-karten;Hier finden Sie Informationen zu dem Thema „Fuhrpark der Minister“. Lesen Sie jetzt „Verband gibt Dienstwagen der Landesregierung Rote Karten“.;Fuhrpark der Minister;News, Fuhrpark der Minister, Sachsen-Anhalt, Deutsche Umwelthilfe e.V., Dienstwagen, Landesregierung, Fahrzeug, Auto;2026-09-01T12:15:55+02:00;2026-09-01T12:15:55+02:00;;dpa Sachsen;false
e420ef404244d48853e1e197656e405627d8124b46ff222b511f8212e9e9c98d;AfD-Chef Chrupalla: Merz macht Wahlkampf für uns;https://www.zeit.de/news/2026-09/01/afd-chef-chrupalla-merz-macht-wahlkampf-fuer-uns;Hier finden Sie Informationen zu dem Thema „Landtagswahl in Sachsen-Anhalt“. Lesen Sie jetzt „AfD-Chef Chrupalla: Merz macht Wahlkampf für uns“.;Landtagswahl in Sachsen-Anhalt;News, Landtagswahl in Sachsen-Anhalt, Friedrich Merz, Tino Chrupalla, Sachsen-Anhalt, Alternative für Deutschland, Sat.1, CDU, SPD, Landtagswahl in Sachsen, Wählerbeschimpfung, Sommerinterview;2026-09-01T12:15:34+02:00;2026-09-01T12:15:34+02:00;;dpa Sachsen;false
19888f901d2dab17fc1172cd644f193624aa92cefd3b0d2d94d859440f213902;«Jedermann wird Jedermensch»: Bad Hersfeld wagt Neues;https://www.zeit.de/news/2026-09/01/jedermann-wird-jedermensch-bad-hersfeld-wagt-neues;Hier finden Sie Informationen zu dem Thema „Programmvorstellung“. Lesen Sie jetzt „«Jedermann wird Jedermensch»: Bad Hersfeld wagt Neues“.;Programmvorstellung;News, Programmvorstellung, Elke Hesse, Bad Hersfeld, Salzburg, Bad Hersfelder Festspiele, Programmvorstellung;2026-09-01T12:15:24+02:00;2026-09-01T12:15:24+02:00;;dpa Hessen;false
f1869825c5771dfea5cb9570c99821c288196ddfe9e70b6b9405728559e2328c;Acht Verletzte nach Auffahrunfall mit Kleinbus auf der A9;https://www.zeit.de/news/2026-09/01/kleinbus-kollidiert-mit-wohnmobil-acht-verletzte-auf-a9;Hier finden Sie Informationen zu dem Thema „Verkehr“. Lesen Sie jetzt „Acht Verletzte nach Auffahrunfall mit Kleinbus auf der A9“.;Verkehr;News, Verkehr, Polizei, Kleinbus, Unfall, Wohnmobil;2026-09-01T12:10:43+02:00;2026-09-01T12:10:43+02:00;;dpa Bayern;false
f373e9420e9bfb4470dc60a1907b26b45781a76529d4b610f9fd73c939510050;Siedler setzen offenbar Moschee im Westjordanland in Brand;https://www.zeit.de/politik/ausland/2026-09/westjordanland-brandanschlag-moschee-israelische-siedler-mike-huckabee-gxe;Im besetzten Westjordanland eskaliert die Gewalt. In der Nacht zündeten Angreifer eine Moschee nahe Nablus an und hinterließen Hassbotschaften.;Nahostkonflikt;Politik, Nahostkonflikt, Westjordanland, Moschee, Israel, Mike Huckabee, Benjamin Netanjahu;2026-09-01T12:06:07+02:00;2026-09-01T12:06:07+02:00;liw;DIE ZEIT,        dpa,        KNA,        							liw;false
44042839429555b92cc0a55799ed7e32d0aec307d91c113ef8c5f82e624faee9;Unfaire Preise für Werbung? Klage gegen Amazon in den USA;https://www.zeit.de/news/2026-09/01/unfaire-preise-fuer-werbung-klage-gegen-amazon-in-den-usa;Hier finden Sie Informationen zu dem Thema „Vorwurf der Trickserei“. Lesen Sie jetzt „Unfaire Preise für Werbung? Klage gegen Amazon in den USA“.;Vorwurf der Trickserei;News, Vorwurf der Trickserei, Andrew Ferguson, USA, Amazon, Trickserei, Werbung, Auktion;2026-09-01T12:04:14+02:00;2026-09-01T12:04:14+02:00;;dpa;false
61a54357f60e7a6adfd23f07b44712e08960961205ca8b4e5a3ffac307f3d68c;Immer mehr Mitglieder in Sportvereinen;https://www.zeit.de/news/2026-09/01/immer-mehr-mitglieder-in-sportvereinen;Hier finden Sie Informationen zu dem Thema „Landessportbund“. Lesen Sie jetzt „Immer mehr Mitglieder in Sportvereinen“.;Landessportbund;News, Landessportbund, Rheinland-Pfalz, Landessportbund, Sportverein;2026-09-01T12:04:08+02:00;2026-09-01T12:04:08+02:00;;dpa Rheinland-Pfalz/Saarland;false
54b06ed85733586b22356bc0eb4d9c6e7a869096de18f253e5e3afe4c6f6f5c3;Maschinenbau ringt mit China-Flaute – Exporte in USA steigen;https://www.zeit.de/news/2026-09/01/maschinenbau-ringt-mit-china-flaute-exporte-in-usa-steigen;Hier finden Sie Informationen zu dem Thema „Außenhandel“. Lesen Sie jetzt „Maschinenbau ringt mit China-Flaute – Exporte in USA steigen“.;Außenhandel;News, Außenhandel, USA, Stuttgart, China, VDMA, Konjunkturflaute, Außenhandel, Maschinenbau, Konflikt;2026-09-01T12:02:40+02:00;2026-09-01T12:02:40+02:00;;dpa Baden-Württemberg;false
238d64267d3dbe19c8d3df94b04048875b5e5c3f296c45033af6421d9c0a4e6c;Kompanys Plan mit Urbig und die Musiala-Rückkehr;https://www.zeit.de/news/2026-09/01/musiala-beim-fc-bayern-vor-rueckkehr-urbig-ersetzt-neuer;Hier finden Sie Informationen zu dem Thema „DFB-Pokal“. Lesen Sie jetzt „Kompanys Plan mit Urbig und die Musiala-Rückkehr“.;DFB-Pokal;News, DFB-Pokal, Jamal Musiala, Vincent Kompany, Jonas Urbig, Serge Gnabry, Osnabrück, FC Bayern München, Deutscher Fußball-Bund, ARD, VfL Osnabrück;2026-09-01T12:02:28+02:00;2026-09-01T12:02:28+02:00;;dpa Bayern;false
5267413bba7253f9bae459bbdde2422aa6c6073f2de86bf66171107f1a22e18e;Eurobike nicht zeitgleich mit Kölner Fahrradmesse;https://www.zeit.de/news/2026-09/01/eurobike-nicht-zeitgleich-mit-koelner-fahrradmesse;Hier finden Sie Informationen zu dem Thema „Termin im Herbst vom Tisch“. Lesen Sie jetzt „Eurobike nicht zeitgleich mit Kölner Fahrradmesse“.;Termin im Herbst vom Tisch;News, Termin im Herbst vom Tisch, Frankfurt, Köln, Eurobike, Fahrradmesse, Herbst;2026-09-01T12:00:24+02:00;2026-09-01T12:00:24+02:00;;dpa Hessen;false
5166420f4504032fcb6c69b6f6fb557446b67dde039454ea943de203b5ff0017;Solarpark bei Nauen eröffnet - Langfristiger Stromvertrag;https://www.zeit.de/news/2026-09/01/solarpark-bei-nauen-eroeffnet-langfristiger-stromvertrag;Hier finden Sie Informationen zu dem Thema „Strom geht in den Süden“. Lesen Sie jetzt „Solarpark bei Nauen eröffnet - Langfristiger Stromvertrag“.;Strom geht in den Süden;News, Strom geht in den Süden, Nauen, Vattenfall, Solarpark, Stromvertrag, Energiepark, Solarmodul;2026-09-01T11:56:30+02:00;2026-09-01T11:56:30+02:00;;dpa Berlin/Brandenburg;false
a6c79690e6181d989e599182708aa52fc6089717a22b43b87a24e704ba2ebfa1;Immobilien versteigert - Erlweinturm bei nächster Auktion;https://www.zeit.de/news/2026-09/01/immobilien-versteigert-erlweinturm-bei-naechster-auktion;Hier finden Sie Informationen zu dem Thema „Auktionen“. Lesen Sie jetzt „Immobilien versteigert - Erlweinturm bei nächster Auktion“.;Auktionen;News, Auktionen, Sigmund Jähn, Zwickau, Dresden, Leipzig, DSF, Erlweinturm, Immobilie, Forstschule, Auktion;2026-09-01T11:53:59+02:00;2026-09-01T11:53:59+02:00;;dpa Sachsen;false
b99a899be799c5ec7423691b8f4dcb51e981c9602b7a496208597140c1a7e15a;Nächtliche Vermessungsflüge am Frankfurter Flughafen;https://www.zeit.de/news/2026-09/01/naechtliche-vermessungsfluege-am-frankfurter-flughafen;Hier finden Sie Informationen zu dem Thema „Flugverkehr“. Lesen Sie jetzt „Nächtliche Vermessungsflüge am Frankfurter Flughafen“.;Flugverkehr;News, Flugverkehr, Flughafen Frankfurt, DFS, Vermessungsflug, Flugverkehr, Südbahn, Instrumentenlandesystem;2026-09-01T11:52:17+02:00;2026-09-01T11:52:17+02:00;;dpa Hessen;false
eb6ae62ca50b45628c7d4409ac979e450b8537841c9f3240e90c77ba24b3074f;Dienstwagen-Check: Bayern trotz Verbesserung mit Roter Karte;https://www.zeit.de/news/2026-09/01/dienstwagen-check-bayern-trotz-verbesserung-mit-roter-karte;Hier finden Sie Informationen zu dem Thema „Mobilität“. Lesen Sie jetzt „Dienstwagen-Check: Bayern trotz Verbesserung mit Roter Karte“.;Mobilität;News, Mobilität, Deutsche Umwelthilfe e.V., CSU, Freie Wähler, Dienstwagen, Staatsregierung, Fahrzeug;2026-09-01T11:50:04+02:00;2026-09-01T11:50:04+02:00;;dpa Bayern;false
29d92a9dd7345d4edaafe853499c4bfbda834d2702e3b783d8d478c850ef8cc5;Klopapiermangel führt zu Wechsel bei tschechischer Bahn;https://www.zeit.de/news/2026-09/01/klopapiermangel-fuehrt-zu-wechsel-bei-tschechischer-bahn;Hier finden Sie Informationen zu dem Thema „Bahnverkehr in Tschechien“. Lesen Sie jetzt „Klopapiermangel führt zu Wechsel bei tschechischer Bahn“.;Bahnverkehr in Tschechien;News, Bahnverkehr in Tschechien, Lenka Hamplova, Ceske, Klopapiermangel, Bahnverkehr, Zugtoilette, Toilettenpapier, Staatsbahn, Führungswechsel, Kritik;2026-09-01T11:48:23+02:00;2026-09-01T11:48:23+02:00;;dpa;false
302b0f4a19f953fb727bb4e88945d4d89f7e716c1bd5cbf08ef07b5f39a0ff07;Rekordablöse? Ansah verlässt Union Berlin Richtung Hull City;https://www.zeit.de/news/2026-09/01/rekordabloese-ansah-verlaesst-union-berlin-richtung-hull-city;Hier finden Sie Informationen zu dem Thema „Fußball-Bundesliga“. Lesen Sie jetzt „Rekordablöse? Ansah verlässt Union Berlin Richtung Hull City“.;Fußball-Bundesliga;News, Fußball-Bundesliga, Horst Heldt, Köpenick, CDU/CSU, 1. FC Union Berlin, Hull City, SC Paderborn, Fußball-Bundesliga, Premier League, Rekordablöse, Sommer;2026-09-01T11:45:53+02:00;2026-09-01T11:45:53+02:00;;dpa Berlin/Brandenburg;false
9bf5ad618b4e0db0295ed0854e02f092b3ab732de7ff0bc97e0bcab81ebf27bd;Noch nie arbeiteten so viele Beschäftigte in Teilzeit;https://www.zeit.de/arbeit/2026-09/teilzeitquote-deutschland-rekord-iab-arbeitsmarkt;Mitten in der Debatte um längere Arbeitszeiten ist der Anteil von Teilzeitbeschäftigten so hoch wie nie zuvor. Die Teilzeitquote liegt erstmals über 40 Prozent.;Teilzeitarbeit;Arbeit, Teilzeitarbeit , Teilzeitarbeit, Arbeitsplatz, Arbeitsmarkt, Gesundheitswesen, Bildung, Lehrer;2026-09-01T11:45:22+02:00;2026-09-01T11:45:22+02:00;mns;DIE ZEIT,        epd,        Reuters,        							mns;false
64057c2a52f8da888054b4a2d7196e3a416504c5581830de8a223f2d1e7d73a1;Grünenpolitiker im Wahlkampf mutmaßlich antisemitisch angegriffen;https://www.zeit.de/politik/deutschland/2026-09/daniel-eliasson-angriff-antisemitismus-gruene-berlin-steglitz-gxe;Daniel Eliasson ist offenbar am Wahlkampfstand beleidigt und beinahe geschlagen worden. Gegen einen Verdächtigen wird unter anderem wegen Volksverhetzung ermittelt.;Berlin;Politik, Berlin, Antisemitismus, Bündnis 90/Die Grünen, Wahlkampf, Berlin, Polizei;2026-09-01T11:45:12+02:00;2026-09-01T11:45:12+02:00;akm;DIE ZEIT,        dpa,        							akm;false
c869208ece33b3ead81c073789f1426173919a340b14224e27c3391ee022960a;Rekord bei Teilzeit - Industrie verliert Vollzeitstellen;https://www.zeit.de/news/2026-09/01/rekord-bei-teilzeit-industrie-verliert-vollzeitstellen;Hier finden Sie Informationen zu dem Thema „Arbeitsmarkt“. Lesen Sie jetzt „Rekord bei Teilzeit - Industrie verliert Vollzeitstellen“.;Arbeitsmarkt;News, Arbeitsmarkt, Nürnberg, IAB, Vollzeitstelle, Rekord, Rekordhoch, Teilzeitarbeit;2026-09-01T11:44:55+02:00;2026-09-01T11:44:55+02:00;;dpa;false
38a32f1f575c675f70cba5c19c5df275f482c1580e81428518d7e9715881f6b9;Viel Interesse an Briefwahl in Sachsen-Anhalt;https://www.zeit.de/news/2026-09/01/viel-interesse-an-briefwahl-in-sachsen-anhalt;Hier finden Sie Informationen zu dem Thema „Landtagswahl“. Lesen Sie jetzt „Viel Interesse an Briefwahl in Sachsen-Anhalt“.;Landtagswahl;News, Landtagswahl, Sachsen-Anhalt, Landtagswahl, Landtagswahl in Sachsen, Briefwahl;2026-09-01T11:43:04+02:00;2026-09-01T11:43:04+02:00;;dpa Sachsen;false
056745e5d47f32db927f22b6cc91ced912dc89ef8f7060619b613ca8dfb1d253;Kompany über Klopp: «Wir haben ein gemeinsames Ziel»;https://www.zeit.de/news/2026-09/01/kompany-ueber-klopp-wir-haben-ein-gemeinsames-ziel;Hier finden Sie Informationen zu dem Thema „Nationalmannschaft“. Lesen Sie jetzt „Kompany über Klopp: «Wir haben ein gemeinsames Ziel»“.;Nationalmannschaft;News, Nationalmannschaft, Vincent Kompany, Jürgen Klopp, Deutscher Fußball-Bund, VfL Osnabrück, Bundesliga, Bundestrainer, Nationalmannschaft;2026-09-01T11:37:18+02:00;2026-09-01T11:37:18+02:00;;dpa Bayern;false
48c06361a2d7d2fc2f9dbbf471122e75e16bd6b54cf1968a8193334b3dc60a6e;Kloeppel bekommt Fernsehpreis fürs Lebenswerk;https://www.zeit.de/news/2026-09/01/kloeppel-bekommt-fernsehpreis-fuers-lebenswerk;Hier finden Sie Informationen zu dem Thema „Ehrenpreis der Stifter“. Lesen Sie jetzt „Kloeppel bekommt Fernsehpreis fürs Lebenswerk“.;Ehrenpreis der Stifter;News, Ehrenpreis der Stifter, Peter Kloeppel, Inga Leschek, USA, Köln, ZDF, RTL, Deutsche Presse-Agentur, ARD, Sat.1, Deutscher Fernsehpreis;2026-09-01T11:37:08+02:00;2026-09-01T11:37:08+02:00;;dpa;false
5ad5e5eb20fafbdfb6a8608076765d31039e134c206a9984e4d101d60169473a;Dienstwagen-Check von Politikern: SH vorn dabei, MV hinten;https://www.zeit.de/news/2026-09/01/dienstwagen-check-von-politikern-sh-vorn-dabei-mv-hinten;Hier finden Sie Informationen zu dem Thema „CO2-Bilanz“. Lesen Sie jetzt „Dienstwagen-Check von Politikern: SH vorn dabei, MV hinten“.;CO2-Bilanz;News, CO2-Bilanz, Daniel Günther, Cem Özdemir, Manuela Schwesig, Kai Wegner, Hendrik Wüst, Schleswig-Holstein, Berlin, Hamburg, Mecklenburg-Vorpommern, Nordrhein-Westfalen;2026-09-01T11:35:41+02:00;2026-09-01T11:35:41+02:00;;dpa Hamburg/Schleswig-Holstein;false
3e2afac069341f36bd23a746d2af7c8e2cd4e86789f73dd4e0b1ee526df5a526;Tödlicher Frontalcrash im Harz;https://www.zeit.de/news/2026-09/01/toedlicher-frontalcrash-im-harz;Hier finden Sie Informationen zu dem Thema „Unfälle“. Lesen Sie jetzt „Tödlicher Frontalcrash im Harz“.;Unfälle;News, Unfälle, Schierke, Landkreis Harz, Frontalcrash, Unfall, Verkehrsunfall, Auto;2026-09-01T11:35:27+02:00;2026-09-01T11:35:27+02:00;;dpa Sachsen;false
0828edb70cbb9e8febf6fb20d0e7e06d21080d574fbc70007a8042ef7e5e4107;Iran-Krieg treibt Inflation im Euroraum auf 3,3 Prozent;https://www.zeit.de/news/2026-09/01/iran-krieg-treibt-inflation-im-euroraum-auf-3-3-prozent;Hier finden Sie Informationen zu dem Thema „«EZB-Zinserhöhung überfällig»“. Lesen Sie jetzt „Iran-Krieg treibt Inflation im Euroraum auf 3,3 Prozent“.;«EZB-Zinserhöhung überfällig»;News, «EZB-Zinserhöhung überfällig», Luxemburg, Iran, EZB, Eurostat, Euroraum, Jahresvergleich, Eurozone, Energiekosten, Inflation;2026-09-01T11:34:56+02:00;2026-09-01T11:34:56+02:00;;dpa;false
9f60c30ad6638887775597804da77dd60b4e24c475225509ecb23bf4926d8d63;Inflation im Euroraum steigt laut Schätzung auf 3,3 Prozent;https://www.zeit.de/wirtschaft/2026-09/inflation-eurozone-verbraucherpreise-ezb-zinserhoehung-gxe;Die Preise in der Eurozone sind im August deutlich gestiegen. Treiber der Inflation sind die Energiekosten. In anderen Bereichen fällt die Teuerung moderater aus.;Eurozone;Wirtschaft, Eurozone, Inflation, Iran, Zinsen, EZB, Energiekosten;2026-09-01T11:26:27+02:00;2026-09-01T11:26:27+02:00;yer;DIE ZEIT,        Reuters,        dpa,        							yer;false
8da9d744f24690e2a1e5d4a42131ee263f6f7c4400459e6d847174d8ba97c4c8;Mann soll Schwägerin getötet und Ehefrau verletzt haben;https://www.zeit.de/news/2026-09/01/toedliche-auseinandersetzung-in-moenchengladbach;Hier finden Sie Informationen zu dem Thema „Bei Streit in Mönchengladbach“. Lesen Sie jetzt „Mann soll Schwägerin getötet und Ehefrau verletzt haben“.;Bei Streit in Mönchengladbach;News, Bei Streit in Mönchengladbach, Mönchengladbach, Waldhausen, Polizei, Auseinandersetzung, Wohngebiet;2026-09-01T11:25:32+02:00;2026-09-01T11:25:32+02:00;;dpa Nordrhein-Westfalen;false
f9772655cd937acc37b0a1ff36eeaa04273a30a0a39de887eb14e5a1a12f0c7b;Steigende Wohnkosten belasten Mehrheit der Mieter;https://www.zeit.de/gesellschaft/2026-09/wohnkosten-mieter-deutscher-mieterbund-umfrage-wohnkrise-gxe;Die Hälfte der Mieter in Deutschland hat in einer Umfrage angegeben, dass ihre Wohnkosten im vergangenen Jahr gestiegen sind. Viele sparen an Freizeit und Lebensmitteln.;Wohnkosten;Gesellschaft, Wohnkosten, Miete, Wohnen, Studie, Armutsrisiko, Eigentumswohnung;2026-09-01T11:21:01+02:00;2026-09-01T11:21:01+02:00;akm;DIE ZEIT,        AFP,        							akm;false
5cf42ae31bdc71798b09d375eb4a5216448ea373c71c7f0fcf57ae11a09a57cf;Gerezgiher wechselt von Elversberg nach Düsseldorf;https://www.zeit.de/news/2026-09/01/gerezgiher-wechselt-von-elversberg-nach-duesseldorf;Hier finden Sie Informationen zu dem Thema „Transfers“. Lesen Sie jetzt „Gerezgiher wechselt von Elversberg nach Düsseldorf“.;Transfers;News, Transfers, Filimon Gerezgiher, Düsseldorf, SV Elversberg, Sommer;2026-09-01T11:15:47+02:00;2026-09-01T11:15:47+02:00;;dpa Nordrhein-Westfalen;false
22b280207626cc402b73bbacc53a25b296453beb2ea3616ddace3cd889f3be16;Zehn Berufe, bei denen die Work-Life-Balance stimmt;https://www.zeit.de/arbeit/2026-08/work-life-balance-berufe-jobs-studie;Vollzeit und Kinder? In vielen Jobs arbeitet man so viel, dass Familie und Hobbys zu kurz kommen. Doch es geht auch anders, wie eine neue Studie zeigt.;"Z+ (abopflichtiger Inhalt);
        
    Work-Life-Balance";Arbeit, Work-Life-Balance, Work-Life-Balance, Arbeitsbedingung, Arbeitszeit, Arbeitsplatz, Homeoffice, Berufswahl;2026-09-01T11:11:38+02:00;2026-09-01T11:11:38+02:00;Marie  Vandenhirtz;;false
768cf108ea50d7233a9e7bb4981470298d1bac6bfa91c51862466329593d934c;Reis oder Pasta? Hauptsache, Italien!;https://www.zeit.de/zeit-magazin/wochenmarkt/2025-11/peazotto-eingelegte-erbsen-rezept-wochenmarkt;Kleine Orzo, großer Geschmack. Grüne Erbsen in zweierlei Form, gutes Olivenöl und Minze verleihen dieser »Reis«-Pasta Tiefe, Würze und Frische.  ;"Z+ (abopflichtiger Inhalt);
        
    Orzo mit eingelegten Erbsen";vegane Rezepte;2026-09-01T11:08:39+02:00;2026-09-01T11:08:39+02:00;Meera Sodha;;false
2a3826477468a19dc759f657736d8c7a569b112fdcea53ded1f3885c936f788b;Flugbranche warnt vor Chaos bei Schengen-Einreise;https://www.zeit.de/news/2026-09/01/flugbranche-warnt-vor-chaos-bei-schengen-einreise;Hier finden Sie Informationen zu dem Thema „Ausnahmeregel läuft aus“. Lesen Sie jetzt „Flugbranche warnt vor Chaos bei Schengen-Einreise“.;Ausnahmeregel läuft aus;News, Ausnahmeregel läuft aus, Flughafen Frankfurt, Deutsche Lufthansa, Condor Flugdienst, Europäische Union, Fraport, Flugbranche, Ausnahmeregel, Luftverkehrsbranche, Schengenraum, Einreise;2026-09-01T11:05:22+02:00;2026-09-01T11:05:22+02:00;;dpa;false
5f177ccf8999650d78afc49ac0ef5b9e7d347a58ddb268777186643ac279f2eb;Sachsens Härtefallfonds für SED-Opfer ausgeschöpft;https://www.zeit.de/news/2026-09/01/sachsens-haertefallfonds-fuer-sed-opfer-ausgeschoepft;Hier finden Sie Informationen zu dem Thema „SED-Opfer“. Lesen Sie jetzt „Sachsens Härtefallfonds für SED-Opfer ausgeschöpft“.;SED-Opfer;News, SED-Opfer, Sachsen, SED, Härtefallfonds, SED-Diktatur;2026-09-01T11:03:42+02:00;2026-09-01T11:03:42+02:00;;dpa Sachsen;false
85bc4a4c35c949c08b22c1a0211655b6e2443a206975b7dd7f04ecd49f74f38a;Strom nach Ausfall in Prenzlauer Berg wieder da;https://www.zeit.de/news/2026-09/01/stromausfall-in-prenzlauer-berg;Hier finden Sie Informationen zu dem Thema „Stromausfall“. Lesen Sie jetzt „Strom nach Ausfall in Prenzlauer Berg wieder da“.;Stromausfall;News, Stromausfall, Prenzlauer Berg, Berlin, Stromausfall;2026-09-01T11:03:30+02:00;2026-09-01T11:03:30+02:00;;dpa Berlin/Brandenburg;false
d1448d3a827053975a192dc6bb000b3073e13163d98105da0b968925e9bca573;Ermittlungen nach Durchsuchungen bei «Artgemeinschaft»;https://www.zeit.de/news/2026-09/01/ermittlungen-nach-durchsuchungen-bei-artgemeinschaft;Hier finden Sie Informationen zu dem Thema „Rechtsextremismus“. Lesen Sie jetzt „Ermittlungen nach Durchsuchungen bei «Artgemeinschaft»“.;Rechtsextremismus;News, Rechtsextremismus, Nordrhein-Westfalen, Staatsanwaltschaft, Alternative für Deutschland, Artgemeinschaft, Durchsuchung, Ermittlung, Geheimnisverrat, Rechtsextremismus;2026-09-01T11:00:26+02:00;2026-09-01T11:00:26+02:00;;dpa Berlin/Brandenburg;false
6461af39e39e58bbb68851e1e467bdfa8e4672313e9119ba1e47276e46bc46ad;Noch eine Ministerin in Brandenburg mit E-Auto unterwegs;https://www.zeit.de/news/2026-09/01/noch-eine-ministerin-in-brandenburg-mit-e-auto-unterwegs;Hier finden Sie Informationen zu dem Thema „Dienstwagen-Check“. Lesen Sie jetzt „Noch eine Ministerin in Brandenburg mit E-Auto unterwegs“.;Dienstwagen-Check;News, Dienstwagen-Check, Kai Wegner, Iris Spranger, Brandenburg, Deutsche Umwelthilfe e.V., CDU, SPD, Berliner Senat, Elektromotor, Dienstwagen, Elektroauto;2026-09-01T11:00:17+02:00;2026-09-01T11:00:17+02:00;;dpa Berlin/Brandenburg;false
0d923e348f24a2e67c82e3e8a27aa2474d5328aedc5e2dc3703b3ffa674d685e;Dienstwagen-Check 2026: Wüst gehört zu den Schlusslichtern;https://www.zeit.de/news/2026-09/01/dienstwagen-check-2026-wuest-gehoert-zu-den-schlusslichtern;Hier finden Sie Informationen zu dem Thema „Umweltbilanz“. Lesen Sie jetzt „Dienstwagen-Check 2026: Wüst gehört zu den Schlusslichtern“.;Umweltbilanz;News, Umweltbilanz, Manuela Schwesig, Kai Wegner, Hendrik Wüst, Berlin, NRW, Nordrhein-Westfalen, Mecklenburg-Vorpommern, Deutsche Umwelthilfe e.V., CDU, SPD;2026-09-01T11:00:16+02:00;2026-09-01T11:00:16+02:00;;dpa Nordrhein-Westfalen;false
804ddc21fde1a357506c5371f63a77916790c9cf6d6fe7dd833cc848a6dc2cf5;Dienstwagen-Check 2026: Lies gehört zu den Schlusslichtern;https://www.zeit.de/news/2026-09/01/dienstwagen-check-2026-lies-gehoert-zu-den-schlusslichtern;Hier finden Sie Informationen zu dem Thema „Umweltbilanz“. Lesen Sie jetzt „Dienstwagen-Check 2026: Lies gehört zu den Schlusslichtern“.;Umweltbilanz;News, Umweltbilanz, Olaf Lie, Bremen, Niedersachsen, Deutsche Umwelthilfe e.V., SPD, Umweltbilanz, Dienstwagen;2026-09-01T11:00:15+02:00;2026-09-01T11:00:15+02:00;;dpa Niedersachsen;false
50e676c4d33b1aca6d141d21ceddf118ad5edc54b68613e4af41b80bf103fb58;Umwelthilfe: Politiker fahren zu oft Spritschlucker;https://www.zeit.de/news/2026-09/01/umwelthilfe-politiker-fahren-zu-oft-spritschlucker;Hier finden Sie Informationen zu dem Thema „Mobilität“. Lesen Sie jetzt „Umwelthilfe: Politiker fahren zu oft Spritschlucker“.;Mobilität;News, Mobilität, Deutsche Umwelthilfe e.V., Dienstwagen, Verbrennungsmotor;2026-09-01T11:00:12+02:00;2026-09-01T11:00:12+02:00;;dpa;false
5fffd2341f5d81b2b246f0db3047c40ef9aaa0798831a3dd32fde1a4ef9d9822;Rote Karte für das Saarland beim Dienstwagen-Check;https://www.zeit.de/news/2026-09/01/rote-karte-fuer-das-saarland-beim-dienstwagen-check;Hier finden Sie Informationen zu dem Thema „CO2-Bilanz“. Lesen Sie jetzt „Rote Karte für das Saarland beim Dienstwagen-Check“.;CO2-Bilanz;News, CO2-Bilanz, Saarland, Deutsche Umwelthilfe e.V., SPD, Dienstwagenflotte, Länderranking, Landesregierung;2026-09-01T11:00:11+02:00;2026-09-01T11:00:11+02:00;;dpa Rheinland-Pfalz/Saarland;false
3f0d6ba7df5db0504a9f2bfd54f06952669a383fde990eca9ac3ece071401b70;Schlechte Noten für Dienstwagen-Flotte der Landesregierung;https://www.zeit.de/news/2026-09/01/schlechte-noten-fuer-dienstwagen-flotte-der-landesregierung;Hier finden Sie Informationen zu dem Thema „CO2-Bilanz“. Lesen Sie jetzt „Schlechte Noten für Dienstwagen-Flotte der Landesregierung“.;CO2-Bilanz;News, CO2-Bilanz, Heike Hofmann, Hessen, Deutsche Umwelthilfe e.V., SPD, Landesregierung, Dienstwagenflotte, Länderranking, Dienstwagen, Fahrzeug;2026-09-01T11:00:07+02:00;2026-09-01T11:00:07+02:00;;dpa Hessen;false
20fbee688509bcfce316de6084656753f94e7a24a3a54f05cc9ee6bcaad1403f;Rote Karte für Rheinland-Pfalz beim Dienstwagen-Check;https://www.zeit.de/news/2026-09/01/rote-karte-fuer-rheinland-pfalz-beim-dienstwagen-check;Hier finden Sie Informationen zu dem Thema „CO2-Bilanz“. Lesen Sie jetzt „Rote Karte für Rheinland-Pfalz beim Dienstwagen-Check“.;CO2-Bilanz;News, CO2-Bilanz, Gordon Schnieder, Rheinland-Pfalz, Deutsche Umwelthilfe e.V., CDU, SPD, Dienstwagen, Landesregierung;2026-09-01T11:00:06+02:00;2026-09-01T11:00:06+02:00;;dpa Rheinland-Pfalz/Saarland;false
7b4433f93b7818f4edc7b13f4c09c3c5e62e3d9f4efe226498814f4c45cba64c;RB Leipzig verpflichtet spanischen Stürmer Marc Guiu;https://www.zeit.de/news/2026-09/01/rb-leipzig-verpflichtet-spanischen-stuermer-marc-guiu;Hier finden Sie Informationen zu dem Thema „Fußball-Bundesliga“. Lesen Sie jetzt „RB Leipzig verpflichtet spanischen Stürmer Marc Guiu“.;Fußball-Bundesliga;News, Fußball-Bundesliga, Conrad Harder, Christopher Nkunku, Barcelona, RB Leipzig, FC Chelsea, Fußball-Bundesliga, Offensive, Sommer;2026-09-01T10:59:35+02:00;2026-09-01T10:59:35+02:00;;dpa Sachsen;false
ed15a679f98222dfd4bda1e96ae34ee5dff060112a1501f98e4b26abe76daa85;Details zu Öl-Deal zwischen USA und Venezuela veröffentlicht;https://www.zeit.de/news/2026-09/01/details-zu-oel-deal-zwischen-usa-und-venezuela-veroeffentlicht;Hier finden Sie Informationen zu dem Thema „Rohstoff-Deal“. Lesen Sie jetzt „Details zu Öl-Deal zwischen USA und Venezuela veröffentlicht“.;Rohstoff-Deal;News, Rohstoff-Deal, USA, Venezuela, Verteidigungsministerium der Vereinigten Staaten, Außenministerium der Vereinigten Staaten, AA;2026-09-01T10:58:23+02:00;2026-09-01T10:58:23+02:00;;dpa;false
e8fd092b19983c963b073e1f189141385efbbde0d7781c8a77817af29bffd23c;Schalke verleiht Talent Leonard an Alemannia Aachen;https://www.zeit.de/news/2026-09/01/schalke-verleiht-talent-leonard-an-alemannia-aachen;Hier finden Sie Informationen zu dem Thema „Fußball“. Lesen Sie jetzt „Schalke verleiht Talent Leonard an Alemannia Aachen“.;Fußball;News, Fußball, Dylan Leonard, Schalke, Alemannia Aachen, FC Schalke 04, Fußball, Spielpraxis;2026-09-01T10:51:35+02:00;2026-09-01T10:51:35+02:00;;dpa Nordrhein-Westfalen;false
be21429fba9076d9b294764212363fc649049988c5ef5eec32b3b114268b2b89;Schalke bindet Aouchiche ohne Ausstiegsklausel;https://www.zeit.de/news/2026-09/01/schalke-bindet-aouchiche-ohne-ausstiegsklausel;Hier finden Sie Informationen zu dem Thema „Transfers“. Lesen Sie jetzt „Schalke bindet Aouchiche ohne Ausstiegsklausel“.;Transfers;News, Transfers, Schalke, FC Schalke 04, Bundesliga, Ausstiegsklausel, Revierclub;2026-09-01T10:47:09+02:00;2026-09-01T10:47:09+02:00;;dpa Nordrhein-Westfalen;false
6344e3701786a131e932f2cb49b271a538fd30d13438eace8e1126c60a3ca0a1;Wadephul kündigt »keine Überreaktion« auf Drohnenvorfall an;https://www.zeit.de/politik/ausland/2026-09/sprengstoffdrohne-flughafen-leipzig-halle-johann-wadephul-reaktion-gxe;Die Bundesregierung hält sich weiter bedeckt dazu, wen sie hinter dem Drohnenvorfall in Leipzig vermutet. Außenminister Wadephul verspricht eine ausgewogene Reaktion.;Sprengstoffdrohnen am Flughafen Leipzig/Halle;Politik, Sprengstoffdrohnen am Flughafen Leipzig/Halle, Johann Wadephul, Leipzig, Drohne, Bundesregierung, CDU, Friedrich Merz;2026-09-01T10:45:58+02:00;2026-09-01T10:45:58+02:00;yer;DIE ZEIT,        dpa,        							yer;false
6327a6b6ff28e18e46c32b81df7119a8240c4c8f4d36dd55b94a7aeb4bed101d;Umstürzender Baum trifft zwei Autos im Wartburgkreis;https://www.zeit.de/news/2026-09/01/umstuerzender-baum-trifft-zwei-autos-im-wartburgkreis;Hier finden Sie Informationen zu dem Thema „Unwetter in Thüringen“. Lesen Sie jetzt „Umstürzender Baum trifft zwei Autos im Wartburgkreis“.;Unwetter in Thüringen;News, Unwetter in Thüringen, Thüringen, Wartburgkreis, Auto, Unwetter;2026-09-01T10:44:52+02:00;2026-09-01T10:44:52+02:00;;dpa Thüringen;false
fe83a72157c94d88bc7b9775db7de7835a5c83af20b7d17fc09ae1b46fe262bc;Helfer warnen vor Ausbreitung von Krankheiten in Nepal;https://www.zeit.de/gesellschaft/zeitgeschehen/2026-09/nepal-krankheiten-save-the-children-humanitaere-hilfe-gxe;Nach der Sturzflut in Nepal und Tibet mit Hunderten Toten sind die hygienischen Zustände nach Angaben einer NGO katastrophal. Es drohten Krankheiten auszubrechen.;Sturzflut in Nepal und Tibet;Gesellschaft, Sturzflut in Nepal und Tibet, Nepal, Tibet, Infektion, Naturkatastrophe, Cholera;2026-09-01T10:40:30+02:00;2026-09-01T10:40:30+02:00;akmmns;DIE ZEIT,        dpa,        AFP,        							akm					,        							mns;false
df9cda11e9dd3fcbc624e5943f863c1fec33b65c1ed18ea646dbc9f4091186a3;Daniel Altmaier im Davis Cup gegen Kroatien dabei;https://www.zeit.de/news/2026-09/01/daniel-altmaier-im-davis-cup-gegen-kroatien-dabei;Hier finden Sie Informationen zu dem Thema „Davis Cup“. Lesen Sie jetzt „Daniel Altmaier im Davis Cup gegen Kroatien dabei“.;Davis Cup;News, Davis Cup, Daniel Altmaier, Kroatien, Davis Cup, Zweitrundenspiel;2026-09-01T10:39:12+02:00;2026-09-01T10:39:12+02:00;;dpa Sport;false
6ca4050c7a555a5689afa4991702092f35533873bbb5a34a3487d4ddaa19d740;Eisbären-Coach Dubois hofft auf CHL-Erfolg: «Warum nicht?»;https://www.zeit.de/news/2026-09/01/eisbaeren-coach-dubois-hofft-auf-chl-erfolg-warum-nicht;Hier finden Sie Informationen zu dem Thema „Champions Hockey League“. Lesen Sie jetzt „Eisbären-Coach Dubois hofft auf CHL-Erfolg: «Warum nicht?»“.;Champions Hockey League;News, Champions Hockey League, Éric Dubois, Schweiz, Eisbären Berlin, Genève-Servette HC, Pflichtspiel, Erfolg;2026-09-01T10:38:46+02:00;2026-09-01T10:38:46+02:00;;dpa Berlin/Brandenburg;false
caaf4e7aaaaf10d2045d19235d4063f2c4caeb185110aecef4477474d7b5b3ad;Frasers Group will Mehrheit an Hugo Boss erreichen;https://www.zeit.de/news/2026-09/01/frasers-group-will-mehrheit-an-hugo-boss-erreichen;Hier finden Sie Informationen zu dem Thema „Übernahmekampf“. Lesen Sie jetzt „Frasers Group will Mehrheit an Hugo Boss erreichen“.;Übernahmekampf;News, Übernahmekampf, Hugo Boss, Übernahmekampf, Modekonzern, Aktien;2026-09-01T10:36:51+02:00;2026-09-01T10:36:51+02:00;;dpa Baden-Württemberg;false
e72dd43f39ad7b5f0dee1d2c35a9bd97aef45be6a8e62595b751f75970441700;Solar überholt Kohle erstmals als größte Stromquelle Chinas;https://www.zeit.de/news/2026-09/01/solar-ueberholt-kohle-erstmals-als-groesste-stromquelle-chinas;Hier finden Sie Informationen zu dem Thema „Erneuerbare Energien“. Lesen Sie jetzt „Solar überholt Kohle erstmals als größte Stromquelle Chinas“.;Erneuerbare Energien;News, Erneuerbare Energien, China, Gigawatt, Solaranlage, Energiebehörde, Photovoltaikanlage, Stromerzeugungsart, Erneuerbare Energien;2026-09-01T10:34:17+02:00;2026-09-01T10:34:17+02:00;;dpa;false
f2de17692fa728945fe49f96ebf3c4e6f2a64430c49704e5ddf51199ba8c84f7;Polizei tröstet Katzenjunges nach Unfall der Mutter;https://www.zeit.de/news/2026-09/01/polizei-troestet-katzenjunges-nach-unfall-der-mutter;Hier finden Sie Informationen zu dem Thema „Happy End nach Unfall“. Lesen Sie jetzt „Polizei tröstet Katzenjunges nach Unfall der Mutter“.;Happy End nach Unfall;News, Happy End nach Unfall, Polizei, Unfall, Katze;2026-09-01T10:31:25+02:00;2026-09-01T10:31:25+02:00;;dpa Baden-Württemberg;false
baf895fe983b11ac6f9ef84066f8a764001c667a8ca96c00539d3651c909fdd8;500 Kilo-Bombe wird entschärft - 4.700 Menschen betroffen;https://www.zeit.de/news/2026-09/01/500-kilo-bombe-wird-entschaerft-4-700-menschen-betroffen;Hier finden Sie Informationen zu dem Thema „Am Mittwoch“. Lesen Sie jetzt „500 Kilo-Bombe wird entschärft - 4.700 Menschen betroffen“.;Am Mittwoch;News, Am Mittwoch, Lehnitz, Oranienburg, Sperrkreis;2026-09-01T10:26:13+02:00;2026-09-01T10:26:13+02:00;;dpa Berlin/Brandenburg;false
a7d16cd6a89287ef1068868a4ba422cd322b14120d93de07e80d8ba7a5ebad11;Dachstuhlbrand nach Unwetter – Haus vorerst unbewohnbar;https://www.zeit.de/news/2026-09/01/dachstuhlbrand-nach-unwetter-haus-vorerst-unbewohnbar;Hier finden Sie Informationen zu dem Thema „Unwetter in Thüringen“. Lesen Sie jetzt „Dachstuhlbrand nach Unwetter – Haus vorerst unbewohnbar“.;Unwetter in Thüringen;News, Unwetter in Thüringen, Thüringen, Dachstuhlbrand, Blitzeinschlag, Polizeiangeben, Dachstuhl, Unwetter;2026-09-01T10:23:46+02:00;2026-09-01T10:23:46+02:00;;dpa Thüringen;false
ecb842711b9c60f268432a537d4d9ea3038dc579c9540f296b864eb2cc82f1ba;Wadephul setzt auf Algerien als Partner für Gaslieferungen;https://www.zeit.de/news/2026-09/01/wadephul-setzt-auf-algerien-als-partner-fuer-gaslieferungen;Hier finden Sie Informationen zu dem Thema „Gasspeicher“. Lesen Sie jetzt „Wadephul setzt auf Algerien als Partner für Gaslieferungen“.;Gasspeicher;News, Gasspeicher, Johann Wadephul, Algerien, Algier, Italien, Spanien, CDU, Gasspeicher, Gaslieferung;2026-09-01T10:22:47+02:00;2026-09-01T10:22:47+02:00;;dpa;false
356553cd1af0accfd75aaa6a85a195d8ea6f752286867ed1749a9c5c37db2fdb;Frauenanteil in Länderparlamenten stagniert auf Niveau von 2008;https://www.zeit.de/politik/deutschland/2026-09/frauenanteil-laenderparlamenten-abgeordnete-statistisches-bundesamt-gleichstellungsatlas-gxe;Derzeit ist nur eine von drei Landtagsabgeordneten eine Frau. Vor allem über die bayerische und die sächsische Landespolitik entscheiden hauptsächlich Männer.;Frauen in der Politik;Politik, Frauen in der Politik, Gleichstellung, Statistisches Bundesamt, Frauen, Parlament, Sachsen, Bayern;2026-09-01T10:18:24+02:00;2026-09-01T10:18:24+02:00;liw;DIE ZEIT,        dpa,        							liw;false
f88b9eb511e31735b6b334cbe3982b413e0eb471f7ed18864a74b98a28ac95e0;Studie: Ein Viertel der Deutschen schlecht mit ÖPNV versorgt;https://www.zeit.de/news/2026-09/01/studie-ein-viertel-der-deutschen-schlecht-mit-oepnv-versorgt;Hier finden Sie Informationen zu dem Thema „Öffentlicher Nahverkehr“. Lesen Sie jetzt „Studie: Ein Viertel der Deutschen schlecht mit ÖPNV versorgt“.;Öffentlicher Nahverkehr;News, Öffentlicher Nahverkehr, Bayern, Mecklenburg-Vorpommern, Nahverkehr, Denkfabrik, Verkehrswende;2026-09-01T10:14:05+02:00;2026-09-01T10:14:05+02:00;;dpa;false
93efdec99a68733f3719d7a7e92bccbdfefe98e4faf1f5ced8a97a85b4cfab04;Kampf gegen die Tigermücke - Fallen und Aufklärung;https://www.zeit.de/news/2026-09/01/kampf-gegen-die-tigermuecke-fallen-und-aufklaerung;Hier finden Sie Informationen zu dem Thema „Invasive Mücken“. Lesen Sie jetzt „Kampf gegen die Tigermücke - Fallen und Aufklärung“.;Invasive Mücken;News, Invasive Mücken, Birgit Broghammer, Bayern, Fürth, Würzburg, München, Nürnberg, Rosenheim, Schwabach, Oberallgäu, Forchheim;2026-09-01T09:59:06+02:00;2026-09-01T09:59:06+02:00;;dpa Bayern;false
a345e3873afe65ca9feb95d74d94ff8e84d2d0ed557062d545f21974362eb62d;Antisemitischer Angriff auf Grünen-Politiker - Täter gefasst;https://www.zeit.de/news/2026-09/01/antisemitischer-angriff-auf-gruenen-politiker-taeter-gefasst;Hier finden Sie Informationen zu dem Thema „Attacke im Wahlkampf“. Lesen Sie jetzt „Antisemitischer Angriff auf Grünen-Politiker - Täter gefasst“.;Attacke im Wahlkampf;News, Attacke im Wahlkampf, Daniel Eliasson, Polizei, Angriff, Attacke, Abgeordnetenhauswahl;2026-09-01T09:57:31+02:00;2026-09-01T09:57:31+02:00;;dpa Berlin/Brandenburg;false
4ccddbbeda8713c84a4592e2985c9345828d13898332c0db6a6dc7660c8d2055;Wer saß am Steuer? Alkoholisierte Männer bei Unfall verletzt;https://www.zeit.de/news/2026-09/01/wer-sass-am-steuer-alkoholisierte-maenner-bei-unfall-verletzt;Hier finden Sie Informationen zu dem Thema „Rostock“. Lesen Sie jetzt „Wer saß am Steuer? Alkoholisierte Männer bei Unfall verletzt“.;Rostock;News, Rostock, Mann, Rostock, Polizei, Unfall, Fahrzeug;2026-09-01T09:47:52+02:00;2026-09-01T09:47:52+02:00;;dpa Mecklenburg-Vorpommern;false
2d6469ff098b3632052f18976d074a6f0e0bfbc5ec0c0d8d3061215b8ec47d1f;Merz schließt Kooperation mit der Linken in Sachsen-Anhalt aus;https://www.zeit.de/politik/deutschland/2026-09/friedrich-merz-cdu-afd-linke-regierungsprogramm-sachsen-anhalt-gxe;CDU-Chef Friedrich Merz sieht in Sachsen-Anhalt weder mit der Linken noch mit der AfD eine gemeinsame Basis. Die Unterschiede seien zu groß für eine Zusammenarbeit.;Landtagswahl in Sachsen-Anhalt;Politik, Landtagswahl in Sachsen-Anhalt, Friedrich Merz, Sachsen-Anhalt, Die Linke, Alternative für Deutschland, CDU, Landtagswahl;2026-09-01T09:46:58+02:00;2026-09-01T09:46:58+02:00;mns;DIE ZEIT,        dpa,        							mns;false
de69500a38468581b6cf5fc39a940172af1a94f3babb953f4d1223b298026832;Handwerk warnt AfD vor Abschaffung der Schulpflicht;https://www.zeit.de/wirtschaft/2026-09/schulpflicht-afd-zentralverband-des-deutschen-handwerks-sachsen-anhalt;Die AfD will in Sachsen-Anhalt die Schulpflicht lockern. Der Zentralverband des Deutschen Handwerks nennt das einen »Frontalangriff« auf Zukunftschancen junger Menschen.;Schulpflicht;Wirtschaft, Schulpflicht, Alternative für Deutschland, Handwerk, Sachsen-Anhalt, Schule, Lehrer, Lehrstelle;2026-09-01T09:46:28+02:00;2026-09-01T09:46:28+02:00;yer;DIE ZEIT,        AFP,        							yer;false
b3ddf77d76719588b07aa4fe10f091da943aea8ab35dc80177fc205ccfd991fb;Verkauf von Hotel Adlon vorerst gescheitert;https://www.zeit.de/news/2026-09/01/verkauf-von-hotel-adlon-vorerst-gescheitert;Hier finden Sie Informationen zu dem Thema „Luxusimmobilie in Berlin“. Lesen Sie jetzt „Verkauf von Hotel Adlon vorerst gescheitert“.;Luxusimmobilie in Berlin;News, Luxusimmobilie in Berlin, Lorenz Adlon, Berlin, Pariser Platz, Hotel Adlon, Luxusimmobilie, Luxushotel;2026-09-01T09:45:59+02:00;2026-09-01T09:45:59+02:00;;dpa;false
aeb35f791f1ad2184640e355f0cf4ec7a74d9bb924e9127bdceb3f5ffe181e72;Knapp die Hälfte der Schüler in NRW hat Migrationsgeschichte;https://www.zeit.de/news/2026-09/01/knapp-die-haelfte-der-schueler-in-nrw-hat-migrationsgeschichte;Hier finden Sie Informationen zu dem Thema „Bildung“. Lesen Sie jetzt „Knapp die Hälfte der Schüler in NRW hat Migrationsgeschichte“.;Bildung;News, Bildung, NRW, Nordrhein-Westfalen, Coesfeld, Migrationsgeschichte, Statistikamt, Schuljahr;2026-09-01T09:44:26+02:00;2026-09-01T09:44:26+02:00;;dpa Nordrhein-Westfalen;false
02fb8f5ed2369a6dd9d0601c61c6f874702c100d3c33182333ca1cb8aa4533f6;Banaszak: Merz macht Wahlkampf ohne Wähler;https://www.zeit.de/news/2026-09/01/banaszak-merz-macht-wahlkampf-ohne-waehler;Hier finden Sie Informationen zu dem Thema „Landtagswahlen“. Lesen Sie jetzt „Banaszak: Merz macht Wahlkampf ohne Wähler“.;Landtagswahlen;News, Landtagswahlen, Felix Banaszak, Friedrich Merz, Sachsen-Anhalt, CDU, RTL, Alternative für Deutschland, Landtagswahl, Wahlkampf;2026-09-01T09:41:52+02:00;2026-09-01T09:41:52+02:00;;dpa Sachsen;false
50dad9c069a28bfedeae673281b0fd2c9fb0a23f547e53a7833c6865cb73cbfd;»Kickern ist wie dauerndes Elfmeterschießen«;https://www.zeit.de/sport/2026-08/tischkicker-weltmeisterschaft-linh-tran-sexismus-druck;Linh Tran ist fünffache Weltmeisterin im Tischfußball. Sie erzählt, was Kickern und Schach verbindet und warum sie lieber gegen Männer gewinnt.;Tischkicker;Sport, Tischkicker, Frauen, Sexismus, Hamburg, FC St. Pauli;2026-09-01T09:41:07+02:00;2026-09-01T09:41:07+02:00;Laura Sophia Jung;;false
444de16fd991260436cb7fbf86a613920ca449ae15046d2b18c8ffb766acb4f4;Der neue Elektro-Golf, der nicht so heißen darf;https://www.zeit.de/mobilitaet/2026-08/volkswagen-id-3-elektroauto-neo-autoindustrie;Das wichtigste Elektromodell von Volkswagen ist der ID.3. Er wurde kernsaniert und heißt nun Neo. Kann er die Massen begeistern und dem Konzern aus der Krise helfen?;"Z+ (abopflichtiger Inhalt);
        
    Volkswagen ID.3";Mobilitaet, Volkswagen ID.3, Udo Kunzke, Wolfsburg, Europa, Berlin-Pankow, Volkswagen, ZEIT, VW, Elektromodell, Kilowattstunde, Krise;2026-09-01T09:39:33+02:00;2026-09-01T09:39:33+02:00;Haiko Tobias Prengel;;false
08ed21c9fcc809ab1c0f773741eaf9f6a02d7870c456c6f709dd6f6b349cb21b;Rentner im Osten besitzen seltener Wohneigentum;https://www.zeit.de/wirtschaft/2026-09/statistisches-bundesamt-rentner-ost-west-wohneigentum;Fast 40 Jahre nach der deutschen Einheit bleiben die Vermögensunterschiede hoch. Fast gleich hoch ist in Ost und West aber das Armutsrisiko im Ruhestand.;Statistisches Bundesamt;Wirtschaft, Statistisches Bundesamt, Ostdeutschland, Eigentumswohnung, Rente, Ruhestand, Wohnen, Statistisches Bundesamt;2026-09-01T09:35:13+02:00;2026-09-01T09:35:13+02:00;mns;DIE ZEIT,        dpa,        Reuters,        							mns;false
5f18f91c7844057619dd676df42514f0f0a135cedff885655d8eeb879f03d207;Hätte sie einen Arzt konsultiert – er hätte ihr wohl abgeraten;https://www.zeit.de/wirtschaft/2026-08/abnehmspritze-online-rezept-graumarkt-abnehmpille;Die Abnehmpille gibt es – wie die Spritze – nur auf Rezept und nur bei Übergewicht. Im Internet machen dubiose Anbieter daraus ein Geschäft. Auf Kosten der Patienten.;"Z+ (abopflichtiger Inhalt);
        
    Abnehmpille und Abnehmspritze";Wirtschaft, Abnehmpille und Abnehmspritze, Abnehmspritze, Übergewicht, Medikament, Body-Mass-Index, Apotheke;2026-09-01T09:30:24+02:00;2026-09-01T09:30:24+02:00;Zain Salam AssaadCarla Neuhaus;Aus der        ZEIT Nr. 38/2026;false
c333321a0911c58b0308517b63387509c5c756ea331a149801c7fce396e43a80;Freundlicher Mix aus Sonne und Wolken;https://www.zeit.de/news/2026-09/01/freundlicher-mix-aus-sonne-und-wolken;Hier finden Sie Informationen zu dem Thema „Wetter in Bayern“. Lesen Sie jetzt „Freundlicher Mix aus Sonne und Wolken“.;Wetter in Bayern;News, Wetter in Bayern, Bayern, DWD, Wetter;2026-09-01T09:30:01+02:00;2026-09-01T09:30:01+02:00;;dpa Bayern;false
e7546d6f85ae224723f32e687f41d1027553424027042ca60d3914814f531b8d;Fluss im Bereich Muldebrücke gesperrt - Abriss begonnen;https://www.zeit.de/news/2026-09/01/fluss-im-bereich-muldebruecke-gesperrt-abriss-begonnen;Hier finden Sie Informationen zu dem Thema „Abriss der alten Muldebrücke“. Lesen Sie jetzt „Fluss im Bereich Muldebrücke gesperrt - Abriss begonnen“.;Abriss der alten Muldebrücke;News, Abriss der alten Muldebrücke, Grimma, Muldebrücke, Abriss, Allgemeinnutzung, Autobahnbrücke;2026-09-01T09:15:14+02:00;2026-09-01T09:15:14+02:00;;dpa Sachsen;false
689d35ca2cd9bcd50597590432f7a2ddf97e4dde96290d742d0d95cbe389ba5a;Russische Truppen stoßen bei Kostjantyniwka vor;https://www.zeit.de/politik/ausland/ukraine-russland-frontverlauf-krieg-karte-aktuell;In der Region Donezk sind russische Soldaten an mehreren Frontabschnitten vorgerückt. Ukrainische Kräfte befreiten unterdessen Gebiete bei Lyman und Borowa.;Ukrainekarte aktuell;Politik, Ukrainekarte aktuell, Krieg in der Ukraine, Donezk, Charkiw, Streitkräfte, Russland, Militär;2026-09-01T09:08:53+02:00;2026-09-01T09:08:53+02:00;Justus WilkeMaline HofmannChristina FelschenElizabeth RushtonJulius TrögerBenja Zehr;;false
7936c5e97ea9ae29688cb76b5e1a55f5577f4ee1304967be85a66c4ee5bd5884;Brand in Shishabar - Einrichtungsgegenstände in Flammen;https://www.zeit.de/news/2026-09/01/brand-in-shishabar-einrichtungsgegenstaende-in-flammen;Hier finden Sie Informationen zu dem Thema „Brände“. Lesen Sie jetzt „Brand in Shishabar - Einrichtungsgegenstände in Flammen“.;Brände;News, Brände, Shishabar, Einrichtungsgegenstand, Brand;2026-09-01T09:04:36+02:00;2026-09-01T09:04:36+02:00;;dpa Berlin/Brandenburg;false
0f6a93b12aed5161d6a41ac752e2c0fcd885b257735e1fde9352a9524cc473bf;Kelly Clarkson beendet Talkshow nach sieben Jahren;https://www.zeit.de/news/2026-09/01/kelly-clarkson-beendet-talkshow-nach-sieben-jahren;Hier finden Sie Informationen zu dem Thema „Beliebte US-Sendung“. Lesen Sie jetzt „Kelly Clarkson beendet Talkshow nach sieben Jahren“.;Beliebte US-Sendung;News, Beliebte US-Sendung, Kelly Clarkson, Sängerin, Talkshow;2026-09-01T09:00:04+02:00;2026-09-01T09:00:04+02:00;;dpa;false
02575b43a504df0d05d7c25f743c4b725432acdb364d1eedd3dabba16b9f215c;Polizei rückt wegen Schreien aus und trifft auf Marderjäger;https://www.zeit.de/news/2026-09/01/polizei-rueckt-wegen-schreien-aus-und-trifft-auf-marderjaeger;Hier finden Sie Informationen zu dem Thema „Kurioses“. Lesen Sie jetzt „Polizei rückt wegen Schreien aus und trifft auf Marderjäger“.;Kurioses;News, Kurioses, Lachendorf, Polizei, Schrei, Nachbarhaus;2026-09-01T08:58:13+02:00;2026-09-01T08:58:13+02:00;;dpa Niedersachsen;false
6f7f312eca64cfb62a9b553090452a9d164ce1e1016de968c7b0891ae4972f47;90-Jährige nach Unfall auf Intensivstation;https://www.zeit.de/news/2026-09/01/90-jaehrige-nach-unfall-auf-intensivstation;Hier finden Sie Informationen zu dem Thema „Unfälle“. Lesen Sie jetzt „90-Jährige nach Unfall auf Intensivstation“.;Unfälle;News, Unfälle, Polizei, Unfall, Intensivstation, Verkehrsunfall;2026-09-01T08:56:24+02:00;2026-09-01T08:56:24+02:00;;dpa Berlin/Brandenburg;false
b03d0426e969b61431775948ebcab4c297abbe8e4e33151cf58080ba893926c9;Mann bedroht mehrere Personen in Halle mit Messer;https://www.zeit.de/news/2026-09/01/mann-bedroht-mehrere-personen-in-halle-mit-messer;Hier finden Sie Informationen zu dem Thema „Einsatz nach Notrufen“. Lesen Sie jetzt „Mann bedroht mehrere Personen in Halle mit Messer“.;Einsatz nach Notrufen;News, Einsatz nach Notrufen, Saale, Polizei, Notruf;2026-09-01T08:55:11+02:00;2026-09-01T08:55:11+02:00;;dpa Sachsen;false
d17de127f9d2a013956021cff913b3bdf59bf13b94727b2e8e52501f90784ea7;Ruhestand im Osten: Weniger Eigentum und kleineres Einkommen;https://www.zeit.de/news/2026-09/01/ruhestand-im-osten-weniger-eigentum-und-kleineres-einkommen;Hier finden Sie Informationen zu dem Thema „Häufiger armutsgefährdet“. Lesen Sie jetzt „Ruhestand im Osten: Weniger Eigentum und kleineres Einkommen“.;Häufiger armutsgefährdet;News, Häufiger armutsgefährdet, Statistisches Bundesamt, Ruhestand, Haushaltseinkommen, Rente;2026-09-01T08:46:42+02:00;2026-09-01T08:46:42+02:00;;dpa;false
8ed3b1d6c7f7f07ddf416da4a87ec06e92e276495f51d62e7c0ddf735b88ecf9;Ifo: Inflation steigt 2027 auf 3 Prozent - wenig Entspannung;https://www.zeit.de/news/2026-09/01/ifo-inflation-steigt-2027-auf-3-prozent-wenig-entspannung;Hier finden Sie Informationen zu dem Thema „Verbraucherpreise“. Lesen Sie jetzt „Ifo: Inflation steigt 2027 auf 3 Prozent - wenig Entspannung“.;Verbraucherpreise;News, Verbraucherpreise, Ifo Institut für Wirtschaftsforschung, Ifo-Institut für Wirtschaftsforschung, Entspannung, Verbraucherpreis, Preisdruck, Inflation;2026-09-01T08:38:54+02:00;2026-09-01T08:38:54+02:00;;dpa;false
4d8a380d3da7d4b3326696c4f16854986827e761e74b0c275c4a49d6bd80f753;Knapp ein Drittel der Menschen im Südwesten besitzt E-Bike;https://www.zeit.de/news/2026-09/01/knapp-ein-drittel-der-menschen-im-suedwesten-besitzt-e-bike;Hier finden Sie Informationen zu dem Thema „Mobilität“. Lesen Sie jetzt „Knapp ein Drittel der Menschen im Südwesten besitzt E-Bike“.;Mobilität;News, Mobilität, Stuttgart, Baden-Württemberg, Landkreis Biberach, Civey, E.ON, Pedelec, Südwesten, Fahrrad;2026-09-01T08:30:59+02:00;2026-09-01T08:30:59+02:00;;dpa Baden-Württemberg;false
1bb5962d3dfe184784bccbfc3c571c09e28ce50718c84717ed891710549b7029;Auto erfasst Motorrad - 27-Jähriger stirbt;https://www.zeit.de/news/2026-09/01/auto-erfasst-motorrad-27-jaehriger-stirbt;Hier finden Sie Informationen zu dem Thema „Beim Abbiegen“. Lesen Sie jetzt „Auto erfasst Motorrad - 27-Jähriger stirbt“.;Beim Abbiegen;News, Beim Abbiegen, Polizei, Motorrad, Auto;2026-09-01T08:29:43+02:00;2026-09-01T08:29:43+02:00;;dpa Bayern;false
851d5596cdb0614364431dad8d13e944e82d59ed22317097a593a5c36dba6f4d;Haben sie denn nichts gelernt?;https://www.zeit.de/politik/2026-08/jason-arday-mahnwache-london-dei-antirassismus-5vor8-fwork;Ja, der Fall Jason Arday ist ein Grund für Reflexion im Journalismus. Aber auch manche Linke sollten ihre Dogmen hinterfragen. Das zeigt eine Demonstration in London.;"Z+ (abopflichtiger Inhalt);
        
    Jason Arday";Politik, Jason Arday, Simon Woolley, Jason Arday, London, Trafalgar Square, Cambridge, Uni Cambridge, ZEIT, Demonstration, Tötung;2026-09-01T08:28:41+02:00;2026-09-01T08:28:41+02:00;Jochen Bittner;;false
68646d7461e583dc743d9042ff8eb486748127d14fc1d70be838605e16954510;IG-Metall-Vorsitzende wirft VW-Chef schwere Fehler vor;https://www.zeit.de/arbeit/2026-09/volkswagen-sparkurs-ig-metall-christiane-benner-oliver-blume-werkschliessungen-gxe;Volkswagen prüft die Schließung von vier Werken. IG-Metall-Chefin Christiane Benner sieht darin einen Verstoß gegen Betriebsvereinbarungen und kündigt Widerstand an.;Sparkurs bei Volkswagen;Arbeit, Sparkurs bei Volkswagen, Volkswagen, Autohersteller, Stellenabbau, IG Metall;2026-09-01T08:24:18+02:00;2026-09-01T08:24:18+02:00;akm;DIE ZEIT,        Reuters,        AFP,        							akm;false
f4c1749c3fb1d5f28dc27b1d52f3e3295764f6d88d7911dd36ce823dd2f7915b;Kind starb bei Unwetter - Staatsanwaltschaft eingeschaltet;https://www.zeit.de/news/2026-09/01/kind-starb-bei-unwetter-staatsanwaltschaft-eingeschaltet;Hier finden Sie Informationen zu dem Thema „Ermittlungen nach Sturm“. Lesen Sie jetzt „Kind starb bei Unwetter - Staatsanwaltschaft eingeschaltet“.;Ermittlungen nach Sturm;News, Ermittlungen nach Sturm, Staatsanwaltschaft, Südwesten, Unwetter;2026-09-01T08:22:45+02:00;2026-09-01T08:22:45+02:00;;dpa Baden-Württemberg;false
23dd0105af0cc0bf91810199d792dfceb5008c3de69a759956e40dee9bddb8d5;Neuer «Tourismus-Check» soll Gastbetriebe besser machen;https://www.zeit.de/news/2026-09/01/neuer-tourismus-check-soll-gastbetriebe-besser-machen;Hier finden Sie Informationen zu dem Thema „Angebot für Hotels und Gastro“. Lesen Sie jetzt „Neuer «Tourismus-Check» soll Gastbetriebe besser machen“.;Angebot für Hotels und Gastro;News, Angebot für Hotels und Gastro, Michael Ebling, Rheinland-Pfalz, Gastbetrieb, Beratungsangebot, Gastronomie;2026-09-01T08:19:42+02:00;2026-09-01T08:19:42+02:00;;dpa Rheinland-Pfalz/Saarland;false
5788e2ffd65b99ddd9a10e89c20972f110feb4664e956806072adf8722f778aa;Verspätungen und Ausfälle bei mehreren S-Bahn-Linien;https://www.zeit.de/news/2026-09/01/verspaetungen-und-ausfaelle-bei-mehreren-s-bahn-linien;Hier finden Sie Informationen zu dem Thema „S-Bahn“. Lesen Sie jetzt „Verspätungen und Ausfälle bei mehreren S-Bahn-Linien“.;S-Bahn;News, S-Bahn, Verspätung, Ausfall, Signalstörung;2026-09-01T08:13:24+02:00;2026-09-01T08:13:24+02:00;;dpa Berlin/Brandenburg;false
b1cd90e3e9761f92efff019e9e0aca0e2157106ab5c47facf07c64d66ed74290;Himalaya: Zahl der Sturzflut-Toten steigt auf mehr als 1.000;https://www.zeit.de/news/2026-09/01/himalaya-zahl-der-sturzflut-toten-steigt-auf-mehr-als-1-000;Hier finden Sie Informationen zu dem Thema „Katastrophen“. Lesen Sie jetzt „Himalaya: Zahl der Sturzflut-Toten steigt auf mehr als 1.000“.;Katastrophen;News, Katastrophen, Himalaya, Nepal, Katastrophe;2026-09-01T08:02:56+02:00;2026-09-01T08:02:56+02:00;;dpa;false
17db703a3a97d970c5afbcda1c3c4492da5c9ec3640fada060e24535f60b25d5;Shoppingplattform Shein rutscht beim Börsendebüt ins Minus;https://www.zeit.de/news/2026-09/01/shein-startet-mit-deutlichem-minus-an-hongkonger-boerse;Hier finden Sie Informationen zu dem Thema „Mode“. Lesen Sie jetzt „Shoppingplattform Shein rutscht beim Börsendebüt ins Minus“.;Mode;News, Mode, Hongkong, Shoppingplattform, Finanzmetropole, Handelsbeginn;2026-09-01T08:00:41+02:00;2026-09-01T08:00:41+02:00;;dpa;false
cb074bcd402cd6f0b97137fa0f4bb3ba610835fc693e5031331db3ae16183b7c;Warum Hamburg gerade lila gefärbt ist;https://www.zeit.de/hamburg/2026-08/elbvertiefung-01-09-2026;Die Elbvertiefung am Dienstag – Mit den schwierigen Verhandlungen um den Elbtower, einer Hustensymphonie und der Warnung des Rechnungshofs: Hamburg muss noch mehr sparen.;Elbvertiefung: Der tägliche Newsletter aus Hamburg;Hamburg, Elbvertiefung: Der tägliche Newsletter aus Hamburg, Janek Wrede, Konstantin Zimmermann, Philipp Häfner, Andreas Dressel, Hamburg, Billstedt, Eimsbüttel, Leicester City, Borussia Dortmund, ZEIT;2026-09-01T07:58:48+02:00;2026-09-01T07:58:48+02:00;Maria Rossbauer;;false
bfe3f21adb64f68e962719ed431eec27de7488e3da350104f6b5f81cca430650;IG-Metall-Chefin wirft VW-Chef schwere Fehler vor;https://www.zeit.de/news/2026-09/01/ig-metall-chefin-wirft-vw-chef-schwere-fehler-vor;Hier finden Sie Informationen zu dem Thema „Konzern in der Krise“. Lesen Sie jetzt „IG-Metall-Chefin wirft VW-Chef schwere Fehler vor“.;Konzern in der Krise;News, Konzern in der Krise, Christiane Benner, Oliver Blume, Emden, Zwickau, Hannover, Neckarsulm, Volkswagen, IG Metall, VW, Augsburger Allgemeine;2026-09-01T07:55:53+02:00;2026-09-01T07:55:53+02:00;;dpa;false
8c6434caecbf6864dbfd948a442bfcf0a3e1d73f7e6f8bcbdb47e8a1f64ae6af;Achtung Rutschgefahr - Frittierfett auf Straße;https://www.zeit.de/news/2026-09/01/achtung-rutschgefahr-frittierfett-auf-strasse;Hier finden Sie Informationen zu dem Thema „Technischer Defekt“. Lesen Sie jetzt „Achtung Rutschgefahr - Frittierfett auf Straße“.;Technischer Defekt;News, Technischer Defekt, Amberg, Oberpfalz, Polizei, Frittierfett, Rutschgefahr, Auto;2026-09-01T07:53:04+02:00;2026-09-01T07:53:04+02:00;;dpa Bayern;false
189646635b34dd304bc64389acd1a57545c5aa5c77a3ce06eecc3bb0e7fd4601;Kokain im Harz: Dorfpolizist Koops jagt skrupellose Dealer;https://www.zeit.de/news/2026-09/01/kokain-im-harz-dorfpolizist-koops-jagt-skrupellose-dealer;Hier finden Sie Informationen zu dem Thema „Krimi mit Aljoscha Stadelmann“. Lesen Sie jetzt „Kokain im Harz: Dorfpolizist Koops jagt skrupellose Dealer“.;Krimi mit Aljoscha Stadelmann;News, Krimi mit Aljoscha Stadelmann, Aljoscha Stadelmann, Frank Koops, Sankt Andreasberg, Niederlande, Berlin, Andreasberg, ARD, Kokain, Drogen, Kredit;2026-09-01T07:50:11+02:00;2026-09-01T07:50:11+02:00;;dpa Niedersachsen;false
0e3daeb28e1dcb14c11cf30c2de5afacdb5bc3cee75b8369d9c6bb0730710a96;Soest mit ö? Wieso sind viele NRW-Ortsnamen so kompliziert?;https://www.zeit.de/news/2026-09/01/soest-mit-oe-wieso-sind-viele-nrw-ortsnamen-so-kompliziert;Hier finden Sie Informationen zu dem Thema „Sprachfallen im Alltag“. Lesen Sie jetzt „Soest mit ö? Wieso sind viele NRW-Ortsnamen so kompliziert?“.;Sprachfallen im Alltag;News, Sprachfallen im Alltag, Joseph Beuys, NRW, Niederlande, Soest, Moers, Niederrhein, Coesfeld, Münsterland, Geldern, Schaephuysen;2026-09-01T07:44:30+02:00;2026-09-01T07:44:30+02:00;;dpa Nordrhein-Westfalen;false
bdcbe70b43262d7d9f08fb151c850ae6cebae39eff9771e079ec985d2c0f60c8;Aggressivität ist die neue Umgangsform, Gewalt gehört dazu;https://www.zeit.de/politik/deutschland/2026-08/strategie-afd-einschuechterung-kommunikation-landtagswahlen;Lange hat die AfD versucht, sich selbst zu verharmlosen. Damit ist Schluss. Die Macht scheint zum Greifen nah, jetzt wird offen eingeschüchtert.;"Z+ (abopflichtiger Inhalt);
        
    Strategie der AfD";Politik, Strategie der AfD, Alternative für Deutschland, Sachsen-Anhalt, Landtagswahl, Kommunikation, Streaming, Ulrich Siegmund;2026-09-01T07:38:13+02:00;2026-09-01T07:38:13+02:00;August Modersohn;;false
97552aaae535b7f6a6eefb2e8ccc199de81f4929cce17b5af8ba500b527e930f;Doku «Das Schweigen brechen» - Mit Mut gegen Missbrauch;https://www.zeit.de/news/2026-09/01/doku-das-schweigen-brechen-mit-mut-gegen-missbrauch;Hier finden Sie Informationen zu dem Thema „Hamburger Singer-Songwriterin“. Lesen Sie jetzt „Doku «Das Schweigen brechen» - Mit Mut gegen Missbrauch“.;Hamburger Singer-Songwriterin;News, Hamburger Singer-Songwriterin, Katha Rosa, David Körzdörfer, Hamburg, BKA, WDR, Spotify, YouTube, Missbrauch, Erfolg, Familie;2026-09-01T07:34:45+02:00;2026-09-01T07:34:45+02:00;;dpa Hamburg/Schleswig-Holstein;false
048dd56c75487c90e9d0bf46d13bdfc6bd801f65a3174668e3f1b5aadc8c8638;Polizei kündigt verstärkte Kontrollen im September in MV an;https://www.zeit.de/news/2026-09/01/polizei-kuendigt-verstaerkte-kontrollen-im-september-in-mv-an;Hier finden Sie Informationen zu dem Thema „Verkehr“. Lesen Sie jetzt „Polizei kündigt verstärkte Kontrollen im September in MV an“.;Verkehr;News, Verkehr, Neubrandenburg, Rostock, Polizei, Polizeiinspektion, Gurtverstoß, Verkehr, Einsatzgebiet;2026-09-01T07:33:26+02:00;2026-09-01T07:33:26+02:00;;dpa Mecklenburg-Vorpommern;false
2e2b91d2d87b310d151807cf9f33806a73bce9f20a620217683717c0a2654475;Tiertransporter überladen - Kälber stoßen an Decke;https://www.zeit.de/news/2026-09/01/tiertransporter-ueberladen-kaelber-stossen-an-decke;Hier finden Sie Informationen zu dem Thema „Aus dem Verkehr gezogen“. Lesen Sie jetzt „Tiertransporter überladen - Kälber stoßen an Decke“.;Aus dem Verkehr gezogen;News, Aus dem Verkehr gezogen, Oberbayern, Polizei, Tiertransporter, Verkehr, Tiere;2026-09-01T07:28:06+02:00;2026-09-01T07:28:06+02:00;;dpa Bayern;false
7221e7a280691ff2f61e2ba8bca26a8d7d956d75a2d44649509be21fd5971f83;Zweiter Todesfall nach schwerem Unfall im Hartenfels;https://www.zeit.de/news/2026-09/01/zweiter-todesfall-nach-schwerem-unfall-im-hartenfels;Hier finden Sie Informationen zu dem Thema „Unfall“. Lesen Sie jetzt „Zweiter Todesfall nach schwerem Unfall im Hartenfels“.;Unfall;News, Unfall, Unfall, Westerwaldkreis, Verkehrsunfall, Todesfall;2026-09-01T07:15:08+02:00;2026-09-01T07:15:08+02:00;;dpa Rheinland-Pfalz/Saarland;false
027d4bdcc0abbb501f83f950ade4ce164334d770f79c99e5d89615abaacb0ec7;E-Mail-Störung bei Microsoft: Systeme laufen wieder an;https://www.zeit.de/news/2026-08/31/weltweite-stoerung-bei-microsoft-outlook-legt-e-mail-lahm;Hier finden Sie Informationen zu dem Thema „Clouddienst gestört“. Lesen Sie jetzt „E-Mail-Störung bei Microsoft: Systeme laufen wieder an“.;Clouddienst gestört;News, Clouddienst gestört, Microsoft, Microsoft Outlook, Microsoft 365, Störung, Ausfall;2026-09-01T07:05:51+02:00;2026-09-01T07:05:51+02:00;;dpa;false
acfc760a7007a0258e1947dfbc4ed83b3683d71e4f22f1cf93cbd3796982001a;Money Talks;https://www.zeit.de/campus/zeit-germany/2026/01/money-talks;The cost of studying as an international student is lower in Germany than it is in many other countries. However, it’s still important to know how much you’ll need.;Finances;Campus, Finances, Germany, Munich, Hamburg, Deutscher Akademischer Austauschdienst;2026-09-01T07:00:20+02:00;2026-09-01T07:00:20+02:00;Sarah Evans;;false
4b1c18aa0d141bf5dab1162686376baa5d9294b3534cd444b11958da7eb1a13d;Getting Ready;https://www.zeit.de/campus/zeit-germany/2026/01/getting-ready;It may not be easy to decide what and where to study. There’s one platform that can help you find the university and course that’s right for you.;Preparation;Campus, Preparation, Germany, ZEIT, CHE, uni-assist;2026-09-01T07:00:18+02:00;2026-09-01T07:00:18+02:00;James Roberts;;false
1159bf8b3d917c4851435a258becf54ca9cf32ed6d87ccd605667f943c8f1580;On a Career Path;https://www.zeit.de/campus/zeit-germany/2026/01/on-a-career-path;Working in Germany has many advantages and it looks good on your résumé. International students share how they got a job – and what not to do.;Work;Campus, Work, Laura Manoliu, Germany, Albania, Maira, India, Baden-Württemberg, Mercedes-Benz, University of Stuttgart;2026-09-01T07:00:16+02:00;2026-09-01T07:00:16+02:00;Vincent Suppé;;false
9d89103ba8cf549b08a5901d9059e86e35634b94653b924dcbce0b035b651e18;My Student Life;https://www.zeit.de/campus/zeit-germany/2026/01/my-student-life;All around Germany, young people are pursuing their education and planning their future. Here, eight students tell you why they chose their universities.;Students;Campus, Students, Grant Scholarship, Chemnitz, Heidelberg, Germany, Europe, Brazil, Berlin, Lüneburg, Hamburg, Taipei;2026-09-01T07:00:13+02:00;2026-09-01T07:00:13+02:00;Benjamin Hindrichs;;false
0371637a9543c96bee3190bb16e2cd9e6b2ef82178be6e04f21e58a72969e6a4;A Place for Research;https://www.zeit.de/campus/zeit-germany/2026/01/a-place-for-research;International researchers make up one in six of Germany’s researchers. With substantial spending on R&D, Germany is an appealing place for research careers.;Research;Campus, Research, Jane Reznick, Max Planck, Europe, Germany, Berlin, Togo, María, Madrid, Africa, Jülich;2026-09-01T07:00:11+02:00;2026-09-01T07:00:11+02:00;Chiponda Chimbelu;;false
36c3a31f16928206646edcf63bd01c98d89c83d97838a4621a8c143146c38387;Studying in Germany;https://www.zeit.de/campus/zeit-germany/2026/01/studying-in-germany;Top universities, low costs and strong career prospects – Germany has become one of the most attractive destinations to study abroad.;Studying;Campus, Studying, Herbert Kroemer, Ernst Abbe, Otto Schott, Erwin Schrödinger, Johannes Ebert, Germany, Jena, India, Mexico, Malaysia;2026-09-01T07:00:08+02:00;2026-09-01T07:00:08+02:00;Vincent Suppé;;false
fb12227793c3e0a7721a7823f6f148d95a9c909d3181ced5f91900933ff392cc;Stars und Streitstoff beim Filmfestival in Venedig;https://www.zeit.de/news/2026-09/01/stars-und-streitstoff-beim-filmfestival-in-venedig;Hier finden Sie Informationen zu dem Thema „Internationale Filmfestspiele“. Lesen Sie jetzt „Stars und Streitstoff beim Filmfestival in Venedig“.;Internationale Filmfestspiele;News, Internationale Filmfestspiele, Robert Pattinson, Penélope Cruz, Javier Bardem, Lance Oppenheim, Chris Hansen, Jim Jarmusch, Florian Zellers, Noel Gallagher, Werner Herzog, Rooney Mara;2026-09-01T07:00:07+02:00;2026-09-01T07:00:07+02:00;;dpa;false
1277cea360740f5eeefff97de51100ff19d780540f060f8baa5cbcb626910735;Ärger nach Sekundenschlaf: Polizei warnt vor Übermüdung;https://www.zeit.de/news/2026-09/01/aerger-nach-sekundenschlaf-polizei-warnt-vor-uebermuedung;Hier finden Sie Informationen zu dem Thema „Unfall am Bodensee“. Lesen Sie jetzt „Ärger nach Sekundenschlaf: Polizei warnt vor Übermüdung“.;Unfall am Bodensee;News, Unfall am Bodensee, Bodensee, Bodenseekreis, Polizei, Sekundenschlaf, Unfall, Gegenfahrbahn;2026-09-01T06:58:16+02:00;2026-09-01T06:58:16+02:00;;dpa Baden-Württemberg;false
3cb60f9ec34db933089884ea3add6a2337a4932fcdc6a8ba947b0860a36da40c;Evers will Verfassungstreue-Check nach Brandenburger Vorbild;https://www.zeit.de/news/2026-09/01/evers-will-verfassungstreue-check-nach-brandenburger-vorbild;Hier finden Sie Informationen zu dem Thema „Für Beamte“. Lesen Sie jetzt „Evers will Verfassungstreue-Check nach Brandenburger Vorbild“.;Für Beamte;News, Für Beamte, Stefan Evers, Berlin, Brandenburg, Tagesspiegel, CDU, Verfassungstreue;2026-09-01T06:52:37+02:00;2026-09-01T06:52:37+02:00;;dpa Berlin/Brandenburg;false
1955bb022781d780f082381eda5b70eb04f946b0db5603ec68b2260dd4ab0904;Shein startet mit deutlichem Minus an Hongkonger Börse;https://www.zeit.de/wirtschaft/unternehmen/2026-09/shein-boersengang-hongkong-aktie-mode-gxe;Shein, bekannt für ‌extrem ⁠günstige Kleidung wie Fünf-Dollar-Tops, ist an der Börse in Hongkong schwach gestartet. Zeitweise lag die Aktie rund acht Prozent im Minus.   ;Börsengang von Shein;Wirtschaft, Börsengang von Shein, Hongkong, Börsengang, Aktien, Zoll, China;2026-09-01T06:49:44+02:00;2026-09-01T06:49:44+02:00;mns;DIE ZEIT,        dpa,        AFP,        Reuters,        							mns;false
ba66a075dd00dc82576444a756c4d05d28e2c5de14c13d3939361da83787a69b;Rekord bei Halbleitern treibt Südkoreas Exporte an;https://www.zeit.de/news/2026-09/01/rekord-bei-halbleitern-treibt-suedkoreas-exporte-an;Hier finden Sie Informationen zu dem Thema „Globale KI-Nachfrage“. Lesen Sie jetzt „Rekord bei Halbleitern treibt Südkoreas Exporte an“.;Globale KI-Nachfrage;News, Globale KI-Nachfrage, Südkorea, Halbleiter, Rekord, Ausfuhr;2026-09-01T06:47:38+02:00;2026-09-01T06:47:38+02:00;;dpa;false
cd9c2efd627e4b09431e6cce06ad48a7ad5484d05a5be9d48c17134607d28fc1;Nach Terror-Einsatz: Kleingarten soll neue Pächter bekommen;https://www.zeit.de/news/2026-09/01/nach-terror-einsatz-kleinkarten-soll-neue-paechter-bekommen;Hier finden Sie Informationen zu dem Thema „Nach dem Anschlag“. Lesen Sie jetzt „Nach Terror-Einsatz: Kleingarten soll neue Pächter bekommen“.;Nach dem Anschlag;News, Nach dem Anschlag, Abdul B., Peter Ladzik, Kleinkarte, Kleingartenparzelle, Spandauer, Wertermittlung;2026-09-01T06:35:28+02:00;2026-09-01T06:35:28+02:00;;dpa Berlin/Brandenburg;false
06eb54dbd995bd0038cd71da46226453b8a41ba019c5fdc14b94d9685510ca12;Fünf Leichtverletzte bei Unfall mit Rettungswagen;https://www.zeit.de/news/2026-09/01/fuenf-leichtverletzte-bei-unfall-mit-rettungswagen;Hier finden Sie Informationen zu dem Thema „Unfälle“. Lesen Sie jetzt „Fünf Leichtverletzte bei Unfall mit Rettungswagen“.;Unfälle;News, Unfälle, Unfall, Rettungswagen, Verkehrsunfall, Auto;2026-09-01T06:34:59+02:00;2026-09-01T06:34:59+02:00;;dpa Berlin/Brandenburg;false
3d2a49e11370bba760b13fdec4db238a98cfe1506a4adf86a3d4ce72103b09e6;Rheinmetall-Technologiezentrum: Neuss rechnet mit Jobmotor;https://www.zeit.de/news/2026-09/01/rheinmetall-technologiezentrum-neuss-rechnet-mit-jobmotor;Hier finden Sie Informationen zu dem Thema „Künstliche Intelligenz“. Lesen Sie jetzt „Rheinmetall-Technologiezentrum: Neuss rechnet mit Jobmotor“.;Künstliche Intelligenz;News, Künstliche Intelligenz, Rainer Breuer, Neuss, Rheinmetall, SPD, Jobmotor, Technologiezentrum, Wissenschaftsstandort, künstliche Intelligenz;2026-09-01T06:32:19+02:00;2026-09-01T06:32:19+02:00;;dpa Nordrhein-Westfalen;false
52f7d82a46d8c21db74b8bac18cd7500934a97d80503d35e9d08377cd209eb0e;Tödlicher Zusammenstoß auf Kreisstraße;https://www.zeit.de/news/2026-09/01/toedlicher-zusammenstoss-auf-kreisstrasse;Hier finden Sie Informationen zu dem Thema „Junger Fahrer stirbt“. Lesen Sie jetzt „Tödlicher Zusammenstoß auf Kreisstraße“.;Junger Fahrer stirbt;News, Junger Fahrer stirbt, Kreisstraße, Zusammenstoß, Auto;2026-09-01T06:29:42+02:00;2026-09-01T06:29:42+02:00;;dpa Baden-Württemberg;false
2f86724e1b4d56fe0a030c297a6e11cf055d06edf7d3258050db84e88bc8708f;Zwei Verletzte bei Zusammenstoß in Hanerau-Hademarschen;https://www.zeit.de/news/2026-09/01/zwei-verletzte-bei-zusammenstoss-in-hanerau-hademarschen;Hier finden Sie Informationen zu dem Thema „Unfall“. Lesen Sie jetzt „Zwei Verletzte bei Zusammenstoß in Hanerau-Hademarschen“.;Unfall;News, Unfall, Hanerau-Hademarschen, Zusammenstoß, Unfall, Auto;2026-09-01T06:24:39+02:00;2026-09-01T06:24:39+02:00;;dpa Hamburg/Schleswig-Holstein;false
df6ad785400695666c3a409c7e2a2031492111edaf4281fbd5b224e608b3741d;Wolken und milde Temperaturen erwartet;https://www.zeit.de/news/2026-09/01/wolken-und-milde-temperaturen-erwartet;Hier finden Sie Informationen zu dem Thema „Herbstwetter“. Lesen Sie jetzt „Wolken und milde Temperaturen erwartet“.;Herbstwetter;News, Herbstwetter, Berlin, Brandenburg, DWD, Temperatur;2026-09-01T06:21:25+02:00;2026-09-01T06:21:25+02:00;;dpa Berlin/Brandenburg;false
27d54390c3378d3ef054a0e204015556fbc21885e30e865660abdb165bf69790;Rheinland-Pfalz und Saarland: 26 Grad und sonniges Wetter;https://www.zeit.de/news/2026-09/01/rheinland-pfalz-und-saarland-26-grad-und-sonniges-wetter;Hier finden Sie Informationen zu dem Thema „Wetterprognose“. Lesen Sie jetzt „Rheinland-Pfalz und Saarland: 26 Grad und sonniges Wetter“.;Wetterprognose;News, Wetterprognose, Saarland, Rheinland-Pfalz, DWD, Wetterprognose, Wetter;2026-09-01T06:18:45+02:00;2026-09-01T06:18:45+02:00;;dpa Rheinland-Pfalz/Saarland;false
92a37511a559514277c566a6d2ca50a37a31d3f6272ae5550281fabb673af03b;Ulrich Siegmund – gefeiert wie ein Politik-Popstar;https://www.zeit.de/news/2026-09/01/ulrich-siegmund-gefeiert-wie-ein-politik-popstar;Hier finden Sie Informationen zu dem Thema „Landtagswahl am 6. September“. Lesen Sie jetzt „Ulrich Siegmund – gefeiert wie ein Politik-Popstar“.;Landtagswahl am 6. September;News, Landtagswahl am 6. September, Ulrich Siegmund, Sachsen-Anhalt, Alternative für Deutschland, CDU, Landtagswahl, Landtagswahl in Sachsen, Treffen, Wahlkampf, Coronavirus, Kritik;2026-09-01T06:07:09+02:00;2026-09-01T06:07:09+02:00;;dpa;false
dbf2987005c03c7b27b7a16908149da5422745e9e5ffbe8b7c4890ca8d44deea;Sven Schulze – Abstrampeln für die nächste Tour;https://www.zeit.de/news/2026-09/01/sven-schulze-abstrampeln-fuer-die-naechste-tour;Hier finden Sie Informationen zu dem Thema „Landtagswahl am 6. September“. Lesen Sie jetzt „Sven Schulze – Abstrampeln für die nächste Tour“.;Landtagswahl am 6. September;News, Landtagswahl am 6. September, Sven Schulze, Reiner Haseloff, Didi Hallervorden, Magdeburg, Sachsen-Anhalt, CDU, Alternative für Deutschland, Landtagswahl, Krise, Wahlkampf;2026-09-01T06:06:06+02:00;2026-09-01T06:06:06+02:00;;dpa;false
b36477315aebe0772edd8ca0650715cfa19e95710526f988fa22cb2bea92f84a;Benz neuer Vorsitzender der Thüringer Hochschulen-Konferenz;https://www.zeit.de/news/2026-09/01/benz-neuer-vorsitzender-der-thueringer-hochschulen-konferenz;Hier finden Sie Informationen zu dem Thema „Hochschulämter“. Lesen Sie jetzt „Benz neuer Vorsitzender der Thüringer Hochschulen-Konferenz“.;Hochschulämter;News, Hochschulämter, Peter Benz, Kai-Uwe Sattler, Weimar, Thüringen, Ilmenau, TU, Bauhaus, Hochschulamt, Landespräsidentenkonferenz;2026-09-01T06:00:09+02:00;2026-09-01T06:00:09+02:00;;dpa Thüringen;false
31dfdcecb733bb15c049135a5e0aabe5063bf621f102be587e9070d25ec268df;Deutsche Post verschwindet aus Konzernnamen;https://www.zeit.de/news/2026-09/01/deutsche-post-verschwindet-aus-konzernnamen;Hier finden Sie Informationen zu dem Thema „Gelber Riese“. Lesen Sie jetzt „Deutsche Post verschwindet aus Konzernnamen“.;Gelber Riese;News, Gelber Riese, Adrian Dalsey, Larry Hillblom, Robert Lynn, Bonn, Deutsche Post AG, DHL, Deutsche Post DHL, Deutsche Post, Hauptversammlung, Konzernnamen;2026-09-01T06:00:08+02:00;2026-09-01T06:00:08+02:00;;dpa;false
0de8adb7a4f57390f8bea236df3e9b73523b8e28dfb76777eba98fb88c4c121c;Sprengungen von Geldautomaten bleiben Einzelfälle in MV;https://www.zeit.de/news/2026-09/01/sprengungen-von-geldautomaten-bleiben-einzelfaelle-in-mv;Hier finden Sie Informationen zu dem Thema „Kriminalität“. Lesen Sie jetzt „Sprengungen von Geldautomaten bleiben Einzelfälle in MV“.;Kriminalität;News, Kriminalität, Mecklenburg-Vorpommern, LKA, Deutsche Presse-Agentur, Sprengung, Geldautomat, Einzelfall;2026-09-01T06:00:06+02:00;2026-09-01T06:00:06+02:00;;dpa Mecklenburg-Vorpommern;false
f69431f31fc0a1358489b58d5ba60e7f9b681f8a0b75bcd2e84582ec26ecce23;Wer sind die führenden Köpfe der AfD in Sachsen-Anhalt?;https://www.zeit.de/news/2026-09/01/wer-sind-die-fuehrenden-koepfe-der-afd-in-sachsen-anhalt;Hier finden Sie Informationen zu dem Thema „Landtagswahl am 6. September“. Lesen Sie jetzt „Wer sind die führenden Köpfe der AfD in Sachsen-Anhalt?“.;Landtagswahl am 6. September;News, Landtagswahl am 6. September, Ulrich Siegmund, Oliver Kirchner, Martin Reichardt, Hans-Thomas Tillschneider, Sachsen-Anhalt, Alternative für Deutschland, Landtagswahl, Treffen, Alleinregierung, Wahlkampf;2026-09-01T06:00:05+02:00;2026-09-01T06:00:05+02:00;;dpa;false
d3718039e093df87c5cfa1adeb3956a16146193e6e1fcf7b70116940c647f1d3;Donald Trump verkündet Abkommen zur Senkung von Medikamentenpreisen;https://www.zeit.de/politik/ausland/2026-09/donald-trump-pharma-abkommen-medikamentenpreise-medicaid-pharmaunternehmen-gxe;Der US-Präsident stellt geringere Kosten für Medikamente in Aussicht. Die Details sind unklar. Verbraucherschützer kritisieren die Pläne als Ablenkungsmanöver.;US-Regierung;Politik, US-Regierung, Donald Trump, Medikament, Pharmakonzern, Pharmaindustrie, USA;2026-09-01T05:47:51+02:00;2026-09-01T05:47:51+02:00;hoe;DIE ZEIT,        Reuters,        							hoe;false
34ccd32079da98e72e316045269c6bf988fd1660f125c7d2562cc196b94678a9;Wechselhaftes Wetter in Hessen – örtlich Gewitter möglich;https://www.zeit.de/news/2026-09/01/wechselhaftes-wetter-in-hessen-oertlich-gewitter-moeglich;Hier finden Sie Informationen zu dem Thema „Wettervorhersage DWD“. Lesen Sie jetzt „Wechselhaftes Wetter in Hessen – örtlich Gewitter möglich“.;Wettervorhersage DWD;News, Wettervorhersage DWD, Hessen, DWD, Gewitter, Wettervorhersage, Wetter;2026-09-01T05:47:39+02:00;2026-09-01T05:47:39+02:00;;dpa Hessen;false
b6b323977672421d9005e98f87be2ef168253fc6feba041243e9c083e7396d2d;HEBC gegen Dortmund – Auch Thomas Wolter ist dabei;https://www.zeit.de/news/2026-09/01/hebc-gegen-dortmund-auch-thomas-wolter-ist-dabei;Hier finden Sie Informationen zu dem Thema „DFB-Pokal“. Lesen Sie jetzt „HEBC gegen Dortmund – Auch Thomas Wolter ist dabei“.;DFB-Pokal;News, DFB-Pokal, Thomas Wolter, Dortmund, Borussia Dortmund, Deutscher Fußball-Bund, RTL, SV Werder Bremen, Jahrhundertspiel;2026-09-01T05:45:04+02:00;2026-09-01T05:45:04+02:00;;dpa Hamburg/Schleswig-Holstein;false
a0c13cdfb4ea50cbb703ed7a0e7c96137dcb711176307520a9fc8d8267d4c30e;Viele Wolken und einzelne Schauer in NRW;https://www.zeit.de/news/2026-09/01/viele-wolken-und-einzelne-schauer-in-nrw;Hier finden Sie Informationen zu dem Thema „Wetterprognose“. Lesen Sie jetzt „Viele Wolken und einzelne Schauer in NRW“.;Wetterprognose;News, Wetterprognose, NRW, Nordrhein-Westfalen, DWD, Wetterprognose, Wetter;2026-09-01T05:40:08+02:00;2026-09-01T05:40:08+02:00;;dpa Nordrhein-Westfalen;false
a6c1194343a720eba15b8c1e1be39ea0a0fcbae39b7bdc662c6e82187b7bba40;Für wen sich die Altersteilzeit richtig lohnen kann;https://www.zeit.de/arbeit/2026-08/altersteilzeit-arbeitszeit-uebergang-ruhestand-bundesregierung;Weniger arbeiten und trotzdem fast genauso viel verdienen: Die Altersteilzeit rechnet sich für viele. Doch ausgerechnet das beliebteste Modell soll bald wegfallen.;"Z+ (abopflichtiger Inhalt);
        
    Altersteilzeit";Arbeit, Altersteilzeit, Teilzeitarbeit, Alter, Bundesregierung, Rente, Studie;2026-09-01T05:35:43+02:00;2026-09-01T05:35:43+02:00;Henrik Rampe;;false
c47299fa5a820c505f74be446ad7e96560903b8d1dc4f669e788d4a406fe01ec;Wo der ÖPNV gut ausgebaut ist – und wo nicht;https://www.zeit.de/wirtschaft/2026-08/oev-atlas-deutschland-oeffentlicher-nahverkehr-anbindung-verkehrswende;Wie weit ist die nächste Haltestelle entfernt? Wie oft fahren Bus oder Bahn? Das zeigt eine neue Auswertung für ganz Deutschland. Schauen Sie hier nach Ihrer Region.;"Z+ (abopflichtiger Inhalt);
        
    Öffentlicher Nahverkehr";Wirtschaft, Öffentlicher Nahverkehr, Nahverkehr, Verkehr, Verkehrswende, Deutsche Bahn;2026-09-01T05:34:47+02:00;2026-09-01T05:34:47+02:00;Ursula FreudlingAnnick Ehmann;;false
86a127bfa7748b4a66c03a608f0d5740f7d383f61b9ce67f7ef7aace19b5adef;Herbststart mit Sonne satt: So warm bleibt es im Südwesten;https://www.zeit.de/news/2026-09/01/herbststart-mit-sonne-satt-so-warm-bleibt-es-im-suedwesten;Hier finden Sie Informationen zu dem Thema „Wetteraussichten“. Lesen Sie jetzt „Herbststart mit Sonne satt: So warm bleibt es im Südwesten“.;Wetteraussichten;News, Wetteraussichten, Baden-Württemberg, Herbststart, Südwesten, Wetteraussicht, Herbst;2026-09-01T05:30:04+02:00;2026-09-01T05:30:04+02:00;;dpa Baden-Württemberg;false
aa25577efc0ab3e1369baebb9472e9e36f03c2d030a4f29893d54297922fe843;Hoeneß erinnert an Schweinsteiger-Dank 2014: «Habe geheult»;https://www.zeit.de/news/2026-09/01/hoeness-erinnert-an-schweinsteiger-dank-2014-habe-geheult;Hier finden Sie Informationen zu dem Thema „Fußball“. Lesen Sie jetzt „Hoeneß erinnert an Schweinsteiger-Dank 2014: «Habe geheult»“.;Fußball;News, Fußball, Uli Hoeneß, Bastian Schweinsteiger, Brasilien, Argentinien, FC Bayern München, Fußball, Entgegennahme, Steuerhinterziehung;2026-09-01T05:27:04+02:00;2026-09-01T05:27:04+02:00;;dpa Bayern;false
7f5b83c82fba84a9791a583b7940285d127e004023a7fd452b66309774922f64;Umfrage ergibt Zuspruch für Sonderwirtschaftszonen;https://www.zeit.de/news/2026-09/01/umfrage-ergibt-zuspruch-fuer-sonderwirtschaftszonen;Hier finden Sie Informationen zu dem Thema „Wirtschaftsförderung“. Lesen Sie jetzt „Umfrage ergibt Zuspruch für Sonderwirtschaftszonen“.;Wirtschaftsförderung;News, Wirtschaftsförderung, Wolfgang Kubicki, Sachsen-Anhalt, FDP, Sonderwirtschaftszone, Umfrage, Zuspruch, Wirtschaftsförderung;2026-09-01T05:13:04+02:00;2026-09-01T05:13:04+02:00;;dpa Sachsen;false
1f371890b82112be136bc2130f209b6155ca488230c4751840edb9784fad6ce6;Mehr als jeder Dritte in Bayern besitzt Elektrorad;https://www.zeit.de/news/2026-09/01/mehr-als-jeder-dritte-in-bayern-besitzt-elektrorad;Hier finden Sie Informationen zu dem Thema „Radeln ohne Anstrengung“. Lesen Sie jetzt „Mehr als jeder Dritte in Bayern besitzt Elektrorad“.;Radeln ohne Anstrengung;News, Radeln ohne Anstrengung, Bayern, Niedersachsen, Nordrhein-Westfalen, E.ON, Pedelec, Elektrorad, Anstrengung;2026-09-01T05:00:38+02:00;2026-09-01T05:00:38+02:00;;dpa Bayern;false
6d52c5047a8ce21489fe00d561c0dc644c686a5c10720ef0bea4aacc4043d659;US-Konkurrenz enteilt Europas Großbanken;https://www.zeit.de/news/2026-09/01/us-konkurrenz-enteilt-europas-grossbanken;Hier finden Sie Informationen zu dem Thema „Halbjahresbilanz“. Lesen Sie jetzt „US-Konkurrenz enteilt Europas Großbanken“.;Halbjahresbilanz;News, Halbjahresbilanz, Ralf Eckert, Europa, Atlantik, USA, JPMorgan Chase, Großbank, Halbjahresbilanz;2026-09-01T05:00:37+02:00;2026-09-01T05:00:37+02:00;;dpa;false
5b31166a094417ee2db2edf7a680746f569035f41c411bdb2dfde0e499aed48e;Kosmetikbranche steigert Umsatz- Auslandsgeschäft zieht an;https://www.zeit.de/news/2026-09/01/kosmetikbranche-steigert-umsatz-auslandsgeschaeft-zieht-an;Hier finden Sie Informationen zu dem Thema „Halbjahresbilanz“. Lesen Sie jetzt „Kosmetikbranche steigert Umsatz- Auslandsgeschäft zieht an“.;Halbjahresbilanz;News, Halbjahresbilanz, Frankfurt, Kosmetikbranche, Auslandsgeschäft, Halbjahresbilanz, Exportflaute, Haushaltspflegeartikel;2026-09-01T05:00:31+02:00;2026-09-01T05:00:31+02:00;;dpa;false
f40beb92c3f89dc4a412e8b5b04c1f74c729c89050d192c59d8ff7bd108f094f;Bahn führt Alkoholkonsumverbot am Kieler Hauptbahnhof ein;https://www.zeit.de/news/2026-09/01/bahn-fuehrt-alkoholkonsumverbot-am-kieler-hauptbahnhof-ein;Hier finden Sie Informationen zu dem Thema „Alkohol und Gewalt“. Lesen Sie jetzt „Bahn führt Alkoholkonsumverbot am Kieler Hauptbahnhof ein“.;Alkohol und Gewalt;News, Alkohol und Gewalt, DB, Deutsche Bahn, Deutsche Presse-Agentur, Alkoholkonsumverbot, Hauptbahnhof, Alkohol, Sicherheit;2026-09-01T05:00:30+02:00;2026-09-01T05:00:30+02:00;;dpa Hamburg/Schleswig-Holstein;false
446e67b6628aeb674b77a6213626d23d548baa41f6e77a1194002436c7010b85;Große Anfrage der SPD-Fraktion zum Wohnen;https://www.zeit.de/news/2026-09/01/grosse-anfrage-der-spd-fraktion-zum-wohnen;Hier finden Sie Informationen zu dem Thema „Wohnen in Schleswig-Holstein“. Lesen Sie jetzt „Große Anfrage der SPD-Fraktion zum Wohnen“.;Wohnen in Schleswig-Holstein;News, Wohnen in Schleswig-Holstein, Schleswig-Holstein, SPD, Landtagswahl, Wohnungsbau, Wahlprogramm;2026-09-01T05:00:29+02:00;2026-09-01T05:00:29+02:00;;dpa Hamburg/Schleswig-Holstein;false
b29ac713c1ce21ee71d8db5e667903d88678633682c9758d1998b2f0fa335ed6;Nutzung steigt: Mehr als jeder Vierte hat ein E-Bike;https://www.zeit.de/news/2026-09/01/nutzung-steigt-mehr-als-jeder-vierte-hat-ein-e-bike;Hier finden Sie Informationen zu dem Thema „Mobilität“. Lesen Sie jetzt „Nutzung steigt: Mehr als jeder Vierte hat ein E-Bike“.;Mobilität;News, Mobilität, Magdeburg, Sachsen-Anhalt, Civey, E.ON, Nutzung;2026-09-01T05:00:29+02:00;2026-09-01T05:00:29+02:00;;dpa Sachsen;false
c09f0f6cc7b911af3fc4b73fe5795e6147de8afd101abd80d72c28775b538d4c;Umfrage: fast alle älteren Schüler nutzen KI für Hausaufgabe;https://www.zeit.de/news/2026-09/01/umfrage-fast-alle-aelteren-schueler-nutzen-ki-fuer-hausaufgabe;Hier finden Sie Informationen zu dem Thema „Künstliche Intelligenz“. Lesen Sie jetzt „Umfrage: fast alle älteren Schüler nutzen KI für Hausaufgabe“.;Künstliche Intelligenz;News, Künstliche Intelligenz, Vodafone, Civey, Hausaufgabe, Umfrage, Nacharbeitung, Unterrichtsstoff, künstliche Intelligenz;2026-09-01T05:00:28+02:00;2026-09-01T05:00:28+02:00;;dpa;false
eb96817ad7cf6d15a6415e78476ff079b832d55fab64019c03d1cf2ac1184c35;Ein Viertel der Brandenburger besitzen E-Bikes;https://www.zeit.de/news/2026-09/01/ein-viertel-der-brandenburger-besitzen-e-bikes;Hier finden Sie Informationen zu dem Thema „Umfrage“. Lesen Sie jetzt „Ein Viertel der Brandenburger besitzen E-Bikes“.;Umfrage;News, Umfrage, Brandenburg, Niedersachsen, Nordrhein-Westfalen, Pedelec, Umfrage, Fahrzeug;2026-09-01T05:00:26+02:00;2026-09-01T05:00:26+02:00;;dpa Berlin/Brandenburg;false
99dad5f6ef0679aa01025305613cd2c36abe48a9e14665f7cc8596d9fd4295ff;Menschen in Sachsen besitzen vergleichsweise wenig E-Bikes;https://www.zeit.de/news/2026-09/01/menschen-in-sachsen-besitzen-vergleichsweise-wenig-e-bikes;Hier finden Sie Informationen zu dem Thema „Mobilität“. Lesen Sie jetzt „Menschen in Sachsen besitzen vergleichsweise wenig E-Bikes“.;Mobilität;News, Mobilität, Sachsen, Berlin, Niedersachsen, Pedelec;2026-09-01T05:00:18+02:00;2026-09-01T05:00:18+02:00;;dpa Sachsen;false
a84825b4a74642572d6f8794e42d6f55156506b6725ec6436a56a9d40e1a6d00;Berliner weiterhin zurückhaltend beim E-Bike-Kauf;https://www.zeit.de/news/2026-09/01/berliner-weiterhin-zurueckhaltend-beim-e-bike-kauf;Hier finden Sie Informationen zu dem Thema „Mobilität“. Lesen Sie jetzt „Berliner weiterhin zurückhaltend beim E-Bike-Kauf“.;Mobilität;News, Mobilität, Berlin, Niedersachsen, Nordrhein-Westfalen, Pedelec;2026-09-01T05:00:18+02:00;2026-09-01T05:00:18+02:00;;dpa Berlin/Brandenburg;false
48aaf08c421f85b70dc89b4300845f96572ab3458f3c34403b6cdf41b60e793a;Freundliche Finanzamtspost statt Fachchinesisch;https://www.zeit.de/news/2026-09/01/freundliche-finanzamtspost-statt-fachchinesisch;Hier finden Sie Informationen zu dem Thema „Behördensprache“. Lesen Sie jetzt „Freundliche Finanzamtspost statt Fachchinesisch“.;Behördensprache;News, Behördensprache, NRW, Nordrhein-Westfalen, Düsseldorf, Finanzministerium, Finanzamtspost, Fachchinesisch, Behördensprache, Anhieb, Finanzamt, Textbaustein;2026-09-01T05:00:16+02:00;2026-09-01T05:00:16+02:00;;dpa Nordrhein-Westfalen;false
e2b668da2c2809ae6976c3e13b3b99d79104c9d68bb964272baa53dbd072b87f;Umfrage: E-Bike-Besitz im Saarland nimmt zu;https://www.zeit.de/news/2026-09/01/umfrage-e-bike-besitz-im-saarland-nimmt-zu;Hier finden Sie Informationen zu dem Thema „Verkehr“. Lesen Sie jetzt „Umfrage: E-Bike-Besitz im Saarland nimmt zu“.;Verkehr;News, Verkehr, Saarland, Umfrage, Verkehr;2026-09-01T05:00:15+02:00;2026-09-01T05:00:15+02:00;;dpa Rheinland-Pfalz/Saarland;false
7ea5c8dd2b82fb58124006de82b8d1c29c44788da8dfd1020c95ba6ab5d8933d;Umfrage: Fast jeder Dritte in Rheinland-Pfalz besitzt E-Bike;https://www.zeit.de/news/2026-09/01/umfrage-fast-jeder-dritte-in-rheinland-pfalz-besitzt-e-bike;Hier finden Sie Informationen zu dem Thema „Verkehr“. Lesen Sie jetzt „Umfrage: Fast jeder Dritte in Rheinland-Pfalz besitzt E-Bike“.;Verkehr;News, Verkehr, Rheinland-Pfalz, Umfrage, Verkehr, Fahrrad;2026-09-01T05:00:14+02:00;2026-09-01T05:00:14+02:00;;dpa Rheinland-Pfalz/Saarland;false
367f7b4e1409f57bb608798f155afcb50ad03ebe251f921959079bb9ce89bd82;Umfrage: Knapp jeder Dritte in Hessen besitzt E-Bike;https://www.zeit.de/news/2026-09/01/umfrage-knapp-jeder-dritte-in-hessen-besitzt-e-bike;Hier finden Sie Informationen zu dem Thema „Verkehr“. Lesen Sie jetzt „Umfrage: Knapp jeder Dritte in Hessen besitzt E-Bike“.;Verkehr;News, Verkehr, Hessen, Umfrage, Verkehr, Fahrrad;2026-09-01T05:00:05+02:00;2026-09-01T05:00:05+02:00;;dpa Hessen;false
3cdaa2a184aecc71f383c336435934d7aea8af10c03794ccf245c83b2e2f649e;Tödliche Messerattacke am Times Square;https://www.zeit.de/gesellschaft/2026-09/messerangriff-times-square-new-york-polizei-gxe;In Manhattan hat eine Frau eine Passantin erstochen. Die Polizei erschoss die Täterin. Von einem terroristischen Motiv wird nicht ausgegangen.;New York;Gesellschaft, New York, Times Square, New York, USA, Polizei, Opfer;2026-09-01T04:39:53+02:00;2026-09-01T04:39:53+02:00;hoe;DIE ZEIT,        dpa,        AFP,        							hoe;false
d41d37b271e8f7ffcd4699746a5d132249f121ba01aa846eb3be59a03d339072;Von der Idee bis zur Eröffnung - eine «Elphi»-Chronologie;https://www.zeit.de/news/2026-09/01/von-der-idee-bis-zur-eroeffnung-eine-elphi-chronologie;Hier finden Sie Informationen zu dem Thema „Konzerthaus an der Elbe“. Lesen Sie jetzt „Von der Idee bis zur Eröffnung - eine «Elphi»-Chronologie“.;Konzerthaus an der Elbe;News, Konzerthaus an der Elbe, Alexander Gérard, Ole von Beust, Karin von Welck, Olaf Scholz, Elbe, Hamburg, CDU, Hochtief, SPD, Elbphilharmonie;2026-09-01T04:32:04+02:00;2026-09-01T04:32:04+02:00;;dpa Hamburg/Schleswig-Holstein;false
6a04e8fbe2a3272731f7a16c27614c6772fef102c607072cf8795c7c14b1a2ea;Die Hamburger Elbphilharmonie in Zahlen;https://www.zeit.de/news/2026-09/01/die-hamburger-elbphilharmonie-in-zahlen;Hier finden Sie Informationen zu dem Thema „Konzerthaus an der Elbe“. Lesen Sie jetzt „Die Hamburger Elbphilharmonie in Zahlen“.;Konzerthaus an der Elbe;News, Konzerthaus an der Elbe, Elbe, Elbphilharmonie, Konzerthaus, Glasscheibe;2026-09-01T04:30:08+02:00;2026-09-01T04:30:08+02:00;;dpa Hamburg/Schleswig-Holstein;false
04eb98c065aa77852b86a46431c3b13bc0c93fd266c5c40bb3f8254ec2f73512;Mann lebensgefährlich verletzt - SEK nimmt Nachbarn fest;https://www.zeit.de/news/2026-09/01/mann-lebensgefaehrlich-verletzt-sek-nimmt-nachbarn-fest;Hier finden Sie Informationen zu dem Thema „Mordermittlungen in NRW“. Lesen Sie jetzt „Mann lebensgefährlich verletzt - SEK nimmt Nachbarn fest“.;Mordermittlungen in NRW;News, Mordermittlungen in NRW, NRW, Hattingen, Polizei, Deutsche Presse-Agentur, Mordermittlung, Spezialkraft;2026-09-01T04:30:05+02:00;2026-09-01T04:30:05+02:00;;dpa Nordrhein-Westfalen;false
2e1fcd34a070725d1551def8cab0fd0a39977d7323b4fa747fbebe0550ce82fb;Deadline Day: Die wichtigsten Fragen zum Transferfinale;https://www.zeit.de/news/2026-09/01/deadline-day-die-wichtigsten-fragen-zum-transferfinale;Hier finden Sie Informationen zu dem Thema „Fußball-Bundesliga“. Lesen Sie jetzt „Deadline Day: Die wichtigsten Fragen zum Transferfinale“.;Fußball-Bundesliga;News, Fußball-Bundesliga, Frankreich, Italien, Spanien, England, Österreich, Borussia Dortmund, AS Rom, Fußball-Bundesliga, Bundesliga, Transferfinale;2026-09-01T04:17:04+02:00;2026-09-01T04:17:04+02:00;;dpa Sport;false
fc274fabd1613d39d539b3550d356e7f4ff9b94cc5b283bce2f07f6d419783b7;Versicherer erwarten eher niedrige Naturkatastrophenschäden;https://www.zeit.de/news/2026-09/01/versicher-erwarten-eher-niedrige-naturkatastrophenschaeden;Hier finden Sie Informationen zu dem Thema „Sturm, Hagel, Überschwemmungen“. Lesen Sie jetzt „Versicherer erwarten eher niedrige Naturkatastrophenschäden“.;Sturm, Hagel, Überschwemmungen;News, Sturm, Hagel, Überschwemmungen, Jörg Asmussen, Berlin, Naturkatastrophenschaden, Wintersturm, Überschwemmung, Naturkatastrophe, Starkregen;2026-09-01T04:16:42+02:00;2026-09-01T04:16:42+02:00;;dpa;false
a5c72ea65ca4a6f51c138e637532b1018b7c7ec9ffef9363b20a7856c1b5d095;Drei Fakten zum Alkoholkonsum;https://www.zeit.de/news/2026-09/01/drei-fakten-zum-alkoholkonsum;Hier finden Sie Informationen zu dem Thema „Zahlen zum Thema Alkohol“. Lesen Sie jetzt „Drei Fakten zum Alkoholkonsum“.;Zahlen zum Thema Alkohol;News, Zahlen zum Thema Alkohol, Alkoholkonsum, Alkohol;2026-09-01T04:05:04+02:00;2026-09-01T04:05:04+02:00;;dpa Hessen;false
ab40293f2f91fbfaf47e3abceb47d19feb18b288c29f0e6046f5c7165603e064;Verheerende Sturzflut - Welche Risiken bergen die Alpen?;https://www.zeit.de/news/2026-09/01/verheerende-sturzflut-welche-risiken-bergen-die-alpen;Hier finden Sie Informationen zu dem Thema „Gefahr auch in Europa“. Lesen Sie jetzt „Verheerende Sturzflut - Welche Risiken bergen die Alpen?“.;Gefahr auch in Europa;News, Gefahr auch in Europa, Oliver Korup, Jan Blöthe, Alpen, Europa, Himalaya, Nepal, Universität Potsdam, Sturzflut, Felsabbruch, Katastrophe;2026-09-01T04:00:36+02:00;2026-09-01T04:00:36+02:00;;dpa;false
1cf2e82c5288c36d12e0733773f1fa3501b9987850c834c9c37845f8f3f0c631;Polnische Expertin: AfD macht Druck auf NS-Gedenkstätten;https://www.zeit.de/news/2026-09/01/polnische-expertin-afd-macht-druck-auf-ns-gedenkstaetten;Hier finden Sie Informationen zu dem Thema „Jahrestag Zweiter Weltkrieg“. Lesen Sie jetzt „Polnische Expertin: AfD macht Druck auf NS-Gedenkstätten“.;Jahrestag Zweiter Weltkrieg;News, Jahrestag Zweiter Weltkrieg, Hanna Radziejowska, Polen, Sachsen-Anhalt, Alternative für Deutschland, Die Partei, Erinnerungspolitik, Nationalsozialismus;2026-09-01T04:00:35+02:00;2026-09-01T04:00:35+02:00;;dpa Sachsen;false
5b25d3fd382e25a00e9318ae7483637aafa3143b1febdabc514e104a0799dc6c;Von Haftbefehl bis Kaminsky: Das steht im September an;https://www.zeit.de/news/2026-09/01/von-haftbefehl-bis-kaminsky-das-steht-im-september-an;Hier finden Sie Informationen zu dem Thema „Was passiert diesen Monat?“. Lesen Sie jetzt „Von Haftbefehl bis Kaminsky: Das steht im September an“.;Was passiert diesen Monat?;News, Was passiert diesen Monat?, Claus Kaminsky, Nordhessen, Frankfurt, Hessen, Tag des offenen Denkmals, Haftbefehl, Landesgeburtstag, Museumsnacht, Herbst;2026-09-01T04:00:17+02:00;2026-09-01T04:00:17+02:00;;dpa Hessen;false
5f8b59d327a25a2842d5f401adf9c0ea1b72b4d63300375df750438afa19ffa0;Japankäfer am Bodensee entdeckt - Quarantänezone geplant;https://www.zeit.de/news/2026-09/01/japankaefer-am-bodensee-entdeckt-quarantaenezone-geplant;Hier finden Sie Informationen zu dem Thema „Kampf gegen Schädlinge“. Lesen Sie jetzt „Japankäfer am Bodensee entdeckt - Quarantänezone geplant“.;Kampf gegen Schädlinge;News, Kampf gegen Schädlinge, Bodensee, Lindau, SWR, Quarantänezone, Schädling, Gemeindeteil;2026-09-01T04:00:15+02:00;2026-09-01T04:00:15+02:00;;dpa Baden-Württemberg;false
3dbc0a133eff56b4f99842b3b4a8620cbf4f154ee1250ee381dc344aacd6b411;Klimaanlagen für Krankenhäuser? So ist die Lage im Land;https://www.zeit.de/news/2026-09/01/klimaanlagen-fuer-krankenhaeuser-so-ist-die-lage-im-land;Hier finden Sie Informationen zu dem Thema „Hitzeschutz“. Lesen Sie jetzt „Klimaanlagen für Krankenhäuser? So ist die Lage im Land“.;Hitzeschutz;News, Hitzeschutz, Offenburg, Achern, Lahr, Baden-Württemberg, Ortenaukreis, Esslingen, Klimaanlage, Hitzeschutz, Patientenzimmer, Hitze;2026-09-01T04:00:14+02:00;2026-09-01T04:00:14+02:00;;dpa Baden-Württemberg;false
0d0ae83d8c4c4909bca3c3931472672e29b069fea3f11e7004e34242851246eb;Neue Kliniken bekommen nicht flächendeckend Klimaanlagen;https://www.zeit.de/news/2026-09/01/neue-kliniken-bekommen-nicht-flaechendeckend-klimaanlagen;Hier finden Sie Informationen zu dem Thema „Hitzeschutz“. Lesen Sie jetzt „Neue Kliniken bekommen nicht flächendeckend Klimaanlagen“.;Hitzeschutz;News, Hitzeschutz, Baden-Württemberg, Esslingen, Klimaanlage, Hitzeschutz, Patientenzimmer;2026-09-01T04:00:13+02:00;2026-09-01T04:00:13+02:00;;dpa Baden-Württemberg;false
a6e174f85e68d43e98e5abbdb6d89282f4268b73ed47ddf1710a14016cfac260;Dürre meistern: Schneider setzt auf Regen- und Brauchwasser;https://www.zeit.de/news/2026-09/01/duerre-meistern-schneider-setzt-auf-regen-und-brauchwasser;Hier finden Sie Informationen zu dem Thema „Lehren aus der Dürre“. Lesen Sie jetzt „Dürre meistern: Schneider setzt auf Regen- und Brauchwasser“.;Lehren aus der Dürre;News, Lehren aus der Dürre, Christine Schneider, Vorderpfalz, CDU, Deutsche Presse-Agentur, Dürre, Brauchwasser, Regenwasser, Lehre, Dürresommer;2026-09-01T04:00:12+02:00;2026-09-01T04:00:12+02:00;;dpa Rheinland-Pfalz/Saarland;false
df767decd223c09b4ff8c5fa10bf799eb63bcc25ec6bcccfd72f8b4cb1290c6b;AOK-Versicherte in Rheinland-Pfalz melden sich weniger krank;https://www.zeit.de/news/2026-09/01/aok-versicherte-in-rheinland-pfalz-melden-sich-weniger-krank;Hier finden Sie Informationen zu dem Thema „Gesundheit und Arbeit“. Lesen Sie jetzt „AOK-Versicherte in Rheinland-Pfalz melden sich weniger krank“.;Gesundheit und Arbeit;News, Gesundheit und Arbeit, Eisenberg, Rheinland-Pfalz, AOK;2026-09-01T04:00:11+02:00;2026-09-01T04:00:11+02:00;;dpa Rheinland-Pfalz/Saarland;false
cb00524c77c45c31e4d7ea53f84a3499a556ee429d2d0dc4f1cf0aeccd43fb26;Die wichtigsten Infos zum Alkoholverbot an Bahnhöfen;https://www.zeit.de/news/2026-09/01/die-wichtigsten-infos-zum-alkoholverbot-an-bahnhoefen;Hier finden Sie Informationen zu dem Thema „Bahnhöfe“. Lesen Sie jetzt „Die wichtigsten Infos zum Alkoholverbot an Bahnhöfen“.;Bahnhöfe;News, Bahnhöfe, Braunschweig, Frankfurt, Hamburg, München, Kiel, Bonn, Bremen, Dortmund, Düsseldorf, Köln;2026-09-01T04:00:10+02:00;2026-09-01T04:00:10+02:00;;dpa;false
2f2d26a5a94cb94bef05979113f2a32a75e88348d865e6f046c118611f12e762;Weniger Stau in NRW-Sommerferien – Spritpreise als Ursache;https://www.zeit.de/news/2026-09/01/weniger-stau-in-nrw-sommerferien-spritpreise-als-ursache;Hier finden Sie Informationen zu dem Thema „Deutlich weniger los“. Lesen Sie jetzt „Weniger Stau in NRW-Sommerferien – Spritpreise als Ursache“.;Deutlich weniger los;News, Deutlich weniger los, Nordrhein-Westfalen, ADAC, Spritpreis, Stau, Sommerferien, Belletristik, Auto;2026-09-01T04:00:09+02:00;2026-09-01T04:00:09+02:00;;dpa Nordrhein-Westfalen;false
5d1cbde713b02cb7332f21d8e89d155b9c870ea1af610fdaa692291ddedce3bb;Unter Druck: Welche Zukunft hat die Autoindustrie im Osten?;https://www.zeit.de/news/2026-09/01/unter-druck-welche-zukunft-hat-die-autoindustrie-im-osten;Hier finden Sie Informationen zu dem Thema „Automobilbau“. Lesen Sie jetzt „Unter Druck: Welche Zukunft hat die Autoindustrie im Osten?“.;Automobilbau;News, Automobilbau, Jens Katzek, Ostdeutschland, China, Zwickau, Leipzig, Grünheide, USA, VW, BMW, Volkswagen;2026-09-01T04:00:08+02:00;2026-09-01T04:00:08+02:00;;dpa Berlin/Brandenburg;false
fa2a917887061a7bbbe85fdf6e3b9084988b289338452c66c07d1dcdbf67b29c;Streitpunkt Alkohol - gibt es ein Recht auf den Ausschank?;https://www.zeit.de/news/2026-09/01/streitpunkt-alkohol-gibt-es-ein-recht-auf-den-ausschank;Hier finden Sie Informationen zu dem Thema „«Passt nicht ins Konzept»“. Lesen Sie jetzt „Streitpunkt Alkohol - gibt es ein Recht auf den Ausschank?“.;«Passt nicht ins Konzept»;News, «Passt nicht ins Konzept», Gisbert Kern, Ulrich Wagner, Frankfurt, Hessen, DEHOGA, OLG, Streitpunkt, Alkohol, Ausschank, Vereinsgaststätte;2026-09-01T04:00:06+02:00;2026-09-01T04:00:06+02:00;;dpa Hessen;false
5dc719e08b0d130f63858ced45bde2b09d02d7b5015a0b03d47af080d8846a38;Noch keine Lösung in Streit um Alkohol-Ausschank;https://www.zeit.de/news/2026-09/01/noch-keine-loesung-in-streit-um-alkohol-ausschank;Hier finden Sie Informationen zu dem Thema „Pächtern fristlos gekündigt“. Lesen Sie jetzt „Noch keine Lösung in Streit um Alkohol-Ausschank“.;Pächtern fristlos gekündigt;News, Pächtern fristlos gekündigt, Frankfurt, OLG, Vereinsgaststätte;2026-09-01T03:45:05+02:00;2026-09-01T03:45:05+02:00;;dpa Hessen;false
bc17b74b644b613caf12a111d1fbc6fd28385e27de670eb51d736a73286c1510;Bad Hersfelder Festspiele stellen neues Programm vor;https://www.zeit.de/news/2026-09/01/bad-hersfelder-festspiele-stellen-neues-programm-vor;Hier finden Sie Informationen zu dem Thema „Kulturelles Highlight“. Lesen Sie jetzt „Bad Hersfelder Festspiele stellen neues Programm vor“.;Kulturelles Highlight;News, Kulturelles Highlight, Bad Hersfelder Festspiele, Highlight;2026-09-01T03:30:15+02:00;2026-09-01T03:30:15+02:00;;dpa Hessen;false
277cb5f37c0949448d59030c5cb02c5c09b22e7231cfaf3ed3896e4ea8f0a1d4;Kriegsgegner in Köln - Polizei mit starker Präsenz;https://www.zeit.de/news/2026-09/01/kriegsgegner-in-koeln-polizei-mit-starker-praesenz;Hier finden Sie Informationen zu dem Thema „Protestcamp“. Lesen Sie jetzt „Kriegsgegner in Köln - Polizei mit starker Präsenz“.;Protestcamp;News, Protestcamp, Köln, Polizei, Rheinmetall, Protestcamp;2026-09-01T03:30:09+02:00;2026-09-01T03:30:09+02:00;;dpa Nordrhein-Westfalen;false
c6d9a5114a70dee4078b5f77443c5c2bd229893e64683e48dedc739e57380ac7;Kultusminister Schwarz gibt Regierungserklärung ab;https://www.zeit.de/news/2026-09/01/kultusminister-schwarz-gibt-regierungserklaerung-ab;Hier finden Sie Informationen zu dem Thema „Landtag“. Lesen Sie jetzt „Kultusminister Schwarz gibt Regierungserklärung ab“.;Landtag;News, Landtag, Armin Schwarz, Regierungserklärung, Landtag, Plenardebatte, Sommerferien;2026-09-01T03:30:06+02:00;2026-09-01T03:30:06+02:00;;dpa Hessen;false
17534c133ef44a7d4dc2836bc40946d5077f3b57ef95cf8091ab0962c5ecfb5c;Erste Kabinettssitzung nach der Sommerpause;https://www.zeit.de/news/2026-09/01/erste-kabinettssitzung-nach-der-sommerpause;Hier finden Sie Informationen zu dem Thema „Staatsregierung“. Lesen Sie jetzt „Erste Kabinettssitzung nach der Sommerpause“.;Staatsregierung;News, Staatsregierung, Bayern, Kabinettssitzung, Sommerpause, Staatsregierung;2026-09-01T03:30:04+02:00;2026-09-01T03:30:04+02:00;;dpa Bayern;false
2a505d63f8e0412198c6f8e32c9f9bebdf5e217dd6c17318b6b81297dc03f0c8;Ehemaliges Gangmitglied wegen Mordes an Rapper Tupac Shakur verurteilt;https://www.zeit.de/gesellschaft/2026-09/tupac-shakur-mord-duane-keffe-d-davis-las-vegas;Ein Geschworenengericht hat den Angeklagten Duane Davis im Mordfall um die Rap-Ikone Tupac Shakur des Mordes schuldig gesprochen. Ihm könnte lebenslange Haft bevorstehen.;Tupac Shakur;Gesellschaft, Tupac Shakur, Ermittlung, Gerichtsverfahren, Opfer, Las Vegas, USA;2026-09-01T03:15:27+02:00;2026-09-01T03:15:27+02:00;hoe;DIE ZEIT,        AFP,        dpa,        							hoe;false
064a9ce218397a6c3cb33d7e719067098513514320ad9501f276db91a219eee6;Microsoft meldet weltweite Störung bei E-Mail-Konten;https://www.zeit.de/digital/2026-09/microsoft-ausfall-microsoft-365-outlook-exchange-online;Bei Outlook kommt es zu erheblichen Problemen beim Log-in sowie beim Empfang und Versand von E-Mails. Ursache ist offenbar ein Fehler in der Cloud-Infrastruktur.;Outlook;Digital, Outlook, Microsoft, Software, Technologie, Informatik;2026-09-01T03:01:30+02:00;2026-09-01T03:01:30+02:00;eca;DIE ZEIT,        dpa,        							eca;false
57fbca969a04aa729858731bd7812d7dc564e0cc010917133d44cf884c788d4d;Mord an Rapper Tupac Shakur: Angeklagter schuldig gesprochen;https://www.zeit.de/news/2026-09/01/mord-an-rapper-tupac-shakur-angeklagter-schuldig-gesprochen;Hier finden Sie Informationen zu dem Thema „Prozesse“. Lesen Sie jetzt „Mord an Rapper Tupac Shakur: Angeklagter schuldig gesprochen“.;Prozesse;News, Prozesse, Tupac Shakur, Mord;2026-09-01T02:43:29+02:00;2026-09-01T02:43:29+02:00;;dpa;false
858fb2cc617a4d09a910405ff6f0e194be6a9e827c2bd50e14e3febc39bd8750;"Supreme Court erlaubt vorerst 
Weiterbau von Trumps Ballsaal";https://www.zeit.de/politik/ausland/2026-09/donald-trump-ballsaal-weisses-haus-supreme-court;Das oberste Gericht entscheidet mit knapper Mehrheit, dass die Bauarbeiten am Weißen Haus fortgesetzt werden dürfen. Beendet ist der Rechtsstreit damit noch nicht. ;Weißes Haus;Politik, Weißes Haus, Supreme Court, Donald Trump, Washington, D. C., USA, Oberster Gerichtshof;2026-09-01T02:39:28+02:00;2026-09-01T02:39:28+02:00;eca;DIE ZEIT,        AP,        AFP,        							eca;false
a0337578bcbef5f7a813e18a4ceed8d9f31f65b9a48f255a8e8fd9e3de5e7582;EU stoppt Fleischimporte aus Brasilien wegen Antibiotikaregeln;https://www.zeit.de/wirtschaft/2026-08/eu-einfuhrstopp-fleisch-brasilien-antibiotika-importe-mercosur;Ab Donnerstag setzt die EU die Einfuhr von Fleisch und anderen tierischen Produkten aus Brasilien aus. Hintergrund sind fehlende Nachweise zum Einsatz von Antibiotika. ;Freihandel;Wirtschaft, Freihandel, Brasilien, Europäische Union, Fleisch, Antibiotikum, Import;2026-09-01T02:00:04+02:00;2026-09-01T02:00:04+02:00;eca;DIE ZEIT,        AFP,        							eca;false
77d789f487d17eea5b603911ff7136766df21ba6f5c15da86b7b424b4481137e;US-Heeresstaatssekretär Dan Driscoll tritt zurück;https://www.zeit.de/politik/ausland/2026-09/dan-driscoll-ruecktritt-us-heeresstaatssekretaer-pete-hegseth;Nach 18 Monaten gibt Dan Driscoll sein Amt ab. Der US-Heeresstaatssekretär stand offenbar wiederholt im Konflikt mit Verteidigungsminister Pete Hegseth.;US-Militär;Politik, US-Militär, Militär, Pete Hegseth, Donald Trump, Russland, Krieg in der Ukraine, USA;2026-09-01T01:42:54+02:00;2026-09-01T01:42:54+02:00;hoe;DIE ZEIT,        dpa,        AFP,        							hoe;false
8fb5aff1c141e6a121920e4586f7920bd7065e81a432d00fe4fdc4d0a80e8713;Zahl der Eltern mit finanziellen Sorgen nimmt laut Studie zu;https://www.zeit.de/gesellschaft/2026-09/forsa-umfrage-eltern-finanzielle-sorgen-grundbeduerfnisse-save-the-children;Immer mehr Eltern fürchten, Grundbedürfnisse ihrer Familie nicht mehr bezahlen zu können. Zu diesem Ergebnis kommt eine Forsa-Studie im Auftrag von Save the Children.;Forsa-Umfrage;Gesellschaft, Forsa-Umfrage, Forsa, Väter, Mütter, Familie, Finanzen, Studie;2026-09-01T01:20:53+02:00;2026-09-01T01:20:53+02:00;eca;DIE ZEIT,        dpa,        KNA,        							eca;false
7ce4a359e031cee121f312a296e4a0431f6bc70ff9f8349a87a8f0a9a9a60a4b;Schlussplädoyers im Prozess um Mord an Rapper;https://www.zeit.de/gesellschaft/2026-08/tupac-shakur-mord-duane-keefe-d-davis-las-vegas;Vor Gericht in Las Vegas hat der angeklagte Drahtzieher des Mordes an Tupac Shakur auf nicht schuldig plädiert. Jetzt sollen zwölf Geschworene über den Fall entscheiden.;Tupac Shakur;Gesellschaft, Tupac Shakur, USA, Nevada, Las Vegas, Gerichtsverfahren, Ermittlung;2026-09-01T00:07:52+02:00;2026-09-01T00:07:52+02:00;hoe;DIE ZEIT,        dpa,        							hoe;false
5e992c36eafaf5f8b74aa2417f269acb5f85bcc71bf853d791476e273fce3fe7;IW-Studie sieht Reserven bei Arbeitskräften im öffentlichen Dienst;https://www.zeit.de/arbeit/2026-08/iw-studie-teilzeit-oeffentlicher-dienst-personalmangel-beamtenbund-schulen;Eine Studie schlägt die Ausweitung von Teil- auf Vollzeitstellen im öffentlichen Dienst als Lösung für Personalmangel vor. Besonders an Schulen sei das Potenzial hoch.;Institut der deutschen Wirtschaft;Arbeit, Institut der deutschen Wirtschaft, Teilzeitarbeit, Studie, Schule, Kindertagesstätte, Polizei, Berlin;2026-09-01T00:05:54+02:00;2026-09-01T00:05:54+02:00;maw;DIE ZEIT,        							maw;false
5e80227a4c9434f7804792f371436536a2753ad2d6c3d70c09e766f4d2ab8ca1;Umfrage: Finanzsorgen von Eltern nehmen zu;https://www.zeit.de/news/2026-09/01/umfrage-finanzsorgen-von-eltern-nehmen-zu;Hier finden Sie Informationen zu dem Thema „Kinderarmut“. Lesen Sie jetzt „Umfrage: Finanzsorgen von Eltern nehmen zu“.;Kinderarmut;News, Kinderarmut, Finanzsorge, Umfrage, Väter, Mütter, Familie;2026-09-01T00:01:04+02:00;2026-09-01T00:01:04+02:00;;dpa;false
5f938a1fd4ecd9bbe7212996b72cb046ea30784236b71d2e10a60351eb62d10f;Was geschah am 1. September?;https://www.zeit.de/news/2026-08/31/was-geschah-am-1-september;Hier finden Sie Informationen zu dem Thema „Kalenderblatt“. Lesen Sie jetzt „Was geschah am 1. September?“.;Kalenderblatt;News, Kalenderblatt, Kalenderblatt, Namenstag;2026-08-31T23:55:04+02:00;2026-08-31T23:55:04+02:00;;dpa;false
508072ef0e56f8d8a7af1fabac7e20dbdd72cbab5298bf50231f340aa5c4291c;Brand in Restaurant in Wiesbaden - ein Verletzter;https://www.zeit.de/news/2026-08/31/brand-in-restaurant-in-wiesbaden-ein-verletzter;Hier finden Sie Informationen zu dem Thema „Flammen in Küche“. Lesen Sie jetzt „Brand in Restaurant in Wiesbaden - ein Verletzter“.;Flammen in Küche;News, Flammen in Küche, Wiesbaden, Feuerwehr, Restaurant;2026-08-31T23:40:19+02:00;2026-08-31T23:40:19+02:00;;dpa Hessen;false
303a14d991f0fd1f47327e0517f3df4c4aa70611349c08dadddf2cf992abf50d;Früherer französischer Premierminister Balladur ist tot;https://www.zeit.de/politik/ausland/2026-08/edouard-balladur-frankreich-premierminister-tod;Der Konservative Édouard Balladur ist im Alter von 97 Jahren in Paris gestorben. Er war von 1993 bis 1995 Premierminister unter François Mitterrand.;Édouard Balladur;Politik, Édouard Balladur, Premierminister, Paris, Familie, Frankreich;2026-08-31T22:55:22+02:00;2026-08-31T22:55:22+02:00;hoe;DIE ZEIT,        AFP,        							hoe;false
d99c195a7e8e5cfdc2502aa2c4ca68a6fc819275d3ea9374737f9d56a0163ba3;Mann nach Angriff in Lebensgefahr - Nachbar festgenommen;https://www.zeit.de/news/2026-08/31/mordkommission-ermittelt-nach-angriff-in-hattingen;Hier finden Sie Informationen zu dem Thema „Kriminalität“. Lesen Sie jetzt „Mann nach Angriff in Lebensgefahr - Nachbar festgenommen“.;Kriminalität;News, Kriminalität, Hattingen, Mordkommission, Angriff;2026-08-31T22:27:18+02:00;2026-08-31T22:27:18+02:00;;dpa;false
ac90d5c2c72dd8c0d5ba97dfff1b305e1ceab9d642267b6baec4f6a59c98752d;61-Jähriger nach Angriff in Lebensgefahr - Festnahme;https://www.zeit.de/news/2026-08/31/mann-bei-angriff-schwer-verletzt-mordkommission-ermittelt;Hier finden Sie Informationen zu dem Thema „Hattingen“. Lesen Sie jetzt „61-Jähriger nach Angriff in Lebensgefahr - Festnahme“.;Hattingen;News, Hattingen, Hattingen, Ruhrgebiet, Polizei, Mordkommission, Angriff, Polizeieinsatz;2026-08-31T22:23:57+02:00;2026-08-31T22:23:57+02:00;;dpa Nordrhein-Westfalen;false
f7253b37b016816509bdfb1f9ca92483bca3a26dd3633bde0b35cf363fe8597d;Lies will VW-Werk in Emden mit Ausbau der E-Auto-Produktion retten;https://www.zeit.de/mobilitaet/2026-08/vw-emden-werk-olaf-lies-elektroautos;Niedersachsens Ministerpräsident Olaf Lies will die E-Auto-Produktion im VW-Werk Emden ausbauen. Angesichts der VW-Sparpläne sprach er von einer Frage der Auslastung.;VW-Werk in Emden;Mobilitaet, VW-Werk in Emden, Volkswagen, Emden, Elektroauto, Niedersachsen, Autohersteller, Ministerpräsident;2026-08-31T22:11:36+02:00;2026-08-31T22:11:36+02:00;maw;DIE ZEIT,        dpa,        							maw;false
53d9e22aaeb05bb7c7aa2bdc1a5df3f9bb1c41c6854fdc1fba934a4772dc5237;Frankfurt holt französischen Verteidiger;https://www.zeit.de/news/2026-08/31/frankfurt-holt-franzoesischen-verteidiger;Hier finden Sie Informationen zu dem Thema „Bundesliga“. Lesen Sie jetzt „Frankfurt holt französischen Verteidiger“.;Bundesliga;News, Bundesliga, Lilian Brassier, Frankfurt, Eintracht Frankfurt, Bundesliga;2026-08-31T21:49:32+02:00;2026-08-31T21:49:32+02:00;;dpa Hessen;false
145212e8ea01b2d74b335e783cfbc63be53712064f89b76e633969c385a98223;RTL trennt sich von Daily Soap «Unter uns»;https://www.zeit.de/news/2026-08/31/rtl-trennt-sich-von-daily-soap-unter-uns;Hier finden Sie Informationen zu dem Thema „Langjähriger Heimatsender“. Lesen Sie jetzt „RTL trennt sich von Daily Soap «Unter uns»“.;Langjähriger Heimatsender;News, Langjähriger Heimatsender, RTL, Soap, Schillerallee;2026-08-31T21:41:21+02:00;2026-08-31T21:41:21+02:00;;dpa Nordrhein-Westfalen;false
f284a36287c825c01d9edb8844bc0c29f6095e458a0a23ebe9444550133c0c37;Fischbrötchen, Pfiffe und eine Warnung – Merz im Wahlkampf;https://www.zeit.de/news/2026-08/31/pfiffe-fuer-merz-bei-wahlkampfauftritt-in-kuehlungsborn;Hier finden Sie Informationen zu dem Thema „Vor den Landtagswahlen“. Lesen Sie jetzt „Fischbrötchen, Pfiffe und eine Warnung – Merz im Wahlkampf“.;Vor den Landtagswahlen;News, Vor den Landtagswahlen, Friedrich Merz, Kühlungsborn, Ostseebad Kühlungsborn, Mecklenburg-Vorpommern, CDU, Pfiff, Wahlkampfauftritt;2026-08-31T21:32:49+02:00;2026-08-31T21:32:49+02:00;;dpa;false
30b84d3bc202d037ddd3b1e93f9cd1b3fd7b0edc67e63db29ba08e8ae5ba263e;Israels Chemienobelpreisträgerin Ada Yonath ist tot;https://www.zeit.de/gesellschaft/2026-08/ada-yonath-nobelpreis-chemie-ribosomenforschung-israel;Die israelische Chemienobelpreisträgerin Ada Yonath ist im Alter von 87 Jahren gestorben. Mit ihrer Forschung zum Ribosom trug sie zur Entwicklung neuer Antibiotika bei.;Ada Yonath;Gesellschaft, Ada Yonath, Nobelpreis, Israel, Antibiotikum, Medikament, Forschung, Trauer;2026-08-31T21:29:28+02:00;2026-08-31T21:29:28+02:00;maw;DIE ZEIT,        dpa,        							maw;false
11c7e0203b74b4be07e0578870bd1ee295d03f11e9a188af5fb7677cb2fa7c5e;Bayern-Ehrenpräsident Uli Hoeneß als «Legende» geehrt;https://www.zeit.de/news/2026-08/31/bayern-ehrenpraesident-uli-hoeness-als-legende-geehrt;Hier finden Sie Informationen zu dem Thema „Sport“. Lesen Sie jetzt „Bayern-Ehrenpräsident Uli Hoeneß als «Legende» geehrt“.;Sport;News, Sport, Uli Hoeneß, Alexander Zverev, Bayern, New York, FC Schalke 04, French Open, US Open, Grand-Slam-Turnier, Bundesliga;2026-08-31T21:24:04+02:00;2026-08-31T21:24:04+02:00;;dpa Bayern;false
6a23592954fc5a7868ae92a285375e2167364f7993092320d20b257b9edd45da;VfL Wolfsburg verleiht Amoura an OGC Nizza;https://www.zeit.de/news/2026-08/31/vfl-wolfsburg-verleiht-amoura-an-ogc-nizza;Hier finden Sie Informationen zu dem Thema „Transfer“. Lesen Sie jetzt „VfL Wolfsburg verleiht Amoura an OGC Nizza“.;Transfer;News, Transfer, Amoura, OGC Nizza, VfL Wolfsburg;2026-08-31T21:16:55+02:00;2026-08-31T21:16:55+02:00;;dpa Niedersachsen;false
