Hash;Title;Link;Description;Category;KeyWords;Published;LastUpdated;Author;Source;Paywall
5bf3fb752e0ceebc6188d46cadc8f89936ec2e3e47b119fe9fb2ddebdbc4f1ca;Internationale Studierende bringen laut Studie wirtschaftlichen Nutzen;https://www.zeit.de/campus/2026-09/universitaet-international-studium-studierende-wirtschaft-ausland;Ein Studienplatz kann den Staat Zehntausende Euro kosten. Dass Menschen zum Studium nach Deutschland kommen, rechnet sich dennoch, sagt ein aktuelles Gutachten. ;IW-Gutachten;Campus, IW-Gutachten, Studienplatz, Studium;2026-09-08T15:10:40+02:00;2026-09-08T15:10:40+02:00;liw;DIE ZEIT,        dpa,        							liw;false
3cebbc8b78ca835cbd779018cc4c874c9d17ed8ccc1965251b8efc4b60be945e;Mehr Menschen nach Cannabis-Konsum in Klinik;https://www.zeit.de/news/2026-09/08/mehr-menschen-nach-cannabis-konsum-in-klinik;Hier finden Sie Informationen zu dem Thema „Cannabis“. Lesen Sie jetzt „Mehr Menschen nach Cannabis-Konsum in Klinik“.;Cannabis;News, Cannabis, Thomas de Jesus Fernandes, Mecklenburg-Vorpommern, Alternative für Deutschland, Cannabis;2026-09-08T15:10:37+02:00;2026-09-08T15:10:37+02:00;;dpa Mecklenburg-Vorpommern;false
b83e3f7ce6e55ddf1d88447d4a667b4adba3fe0d8e8406bdd44dc2818e58c591;Berlin plant nach Hackerangriff Anlaufstelle für Bürger;https://www.zeit.de/news/2026-09/08/berlin-plant-nach-hackerangriff-anlaufstelle-fuer-buerger;Hier finden Sie Informationen zu dem Thema „IT-Sicherheit“. Lesen Sie jetzt „Berlin plant nach Hackerangriff Anlaufstelle für Bürger“.;IT-Sicherheit;News, IT-Sicherheit, Kai Wegner, Florian Hauer, Berlin, CDU, Hackerangriff, Anlaufstelle, Sicherheit;2026-09-08T15:07:52+02:00;2026-09-08T15:07:52+02:00;;dpa Berlin/Brandenburg;false
aac7f2a1b2d53dbb398b8636648666a6b2d9f39eb965eaa6bfef1155adbe259a;SPD-Fraktion für Bildungsgipfel nach erneutem Pisa-Schock;https://www.zeit.de/politik/deutschland/2026-09/bildungsgipfel-spd-pisa-test-karin-prien-foederalismus;Die neue Pisa-Studie hat in der Politik besorgte Reaktionen ausgelöst. Die SPD im Bundestag fordert Krisenmaßnahmen. Man könne nicht einfach zur Tagesordnung übergehen.;Bildungsgipfel;Politik, Bildungsgipfel, Dagmar Schmidt, SPD, Deutscher Bundestag, Bildungsgipfel, Krisenmaßnahme, Tagesordnung, PISA-Studie;2026-09-08T15:05:30+02:00;2026-09-08T15:05:30+02:00;bda;DIE ZEIT,        dpa,        							bda;false
a91427a05f5bd4c43557509a188e4fc7842f63e7a3907501dc427c90d97c7898;Löwen verpflichten U18-Europameister Meißner;https://www.zeit.de/news/2026-09/08/loewen-verpflichten-u18-europameister-meissner;Hier finden Sie Informationen zu dem Thema „Handball-Bundesliga“. Lesen Sie jetzt „Löwen verpflichten U18-Europameister Meißner“.;Handball-Bundesliga;News, Handball-Bundesliga, Löwen, Handball-Bundesliga, Rhein-Neckar Löwen;2026-09-08T15:05:13+02:00;2026-09-08T15:05:13+02:00;;dpa Baden-Württemberg;false
b4376b18e354f514af2cdb9393ce3dd541f447dbabae6634e7789f9dad440dbb;Es ist einfach kein Geld mehr da;https://www.zeit.de/politik/deutschland/2026-09/bundeshaushalt-lars-klingbeil-finanzminister-schulden;Der Haushalt zeigt: Politische Konflikte lassen sich nicht mehr mit neuen Schulden auflösen. Verteilungsdebatten sind unausweichlich. Verstanden haben das nicht alle.;"Z+ (abopflichtiger Inhalt);
        
    Bundeshaushalt";Politik, Bundeshaushalt, Bundeshaushalt, Finanzpolitik, Lars Klingbeil, Schulden, Steuerpolitik, Finanzen;2026-09-08T15:01:53+02:00;2026-09-08T15:01:53+02:00;Mark Schieritz;;false
b1509d95b3e193576ed1a8cf5141bcdfd3acdfb92d0b4d67545c6ad5a9af5db8;Knapp 480 Schulen trainieren Krisenverhalten am Warntag;https://www.zeit.de/news/2026-09/08/knapp-480-schulen-trainieren-krisenverhalten-am-warntag;Hier finden Sie Informationen zu dem Thema „Aktionstag“. Lesen Sie jetzt „Knapp 480 Schulen trainieren Krisenverhalten am Warntag“.;Aktionstag;News, Aktionstag, Magdalena Finke, Dorit Stenke, Feuerwehr, DRK, CDU, Warntag, Krisenverhalten, Aktionstag;2026-09-08T15:01:26+02:00;2026-09-08T15:01:26+02:00;;dpa Hamburg/Schleswig-Holstein;false
1fefa363e554f7419bebf1b3510f926f472621620ffef5dab5c2673eafcd8802;Hochkarätige Gäste und Weltpremieren beim Filmfest Hamburg;https://www.zeit.de/news/2026-09/08/hochkaraetige-gaeste-und-weltpremieren-beim-filmfest-hamburg;Hier finden Sie Informationen zu dem Thema „Filme aus 64 Ländern“. Lesen Sie jetzt „Hochkarätige Gäste und Weltpremieren beim Filmfest Hamburg“.;Filme aus 64 Ländern;News, Filme aus 64 Ländern, Helen Mirren, Hamburg, Filmfest Hamburg, Weltpremiere, Filmfest, Kino;2026-09-08T15:00:53+02:00;2026-09-08T15:00:53+02:00;;dpa Hamburg/Schleswig-Holstein;false
98c7eacb498e0e67903343eaefb8394b1295b85a915bec3a81ef19275f38b411;Bericht: Zahl der Streubombenopfer rasant gestiegen;https://www.zeit.de/news/2026-09/08/bericht-zahl-der-streubombenopfer-rasant-gestiegen;Hier finden Sie Informationen zu dem Thema „Geächtete Waffen“. Lesen Sie jetzt „Bericht: Zahl der Streubombenopfer rasant gestiegen“.;Geächtete Waffen;News, Geächtete Waffen, Russland, Streubombenkoalition, Krieg in der Ukraine;2026-09-08T15:00:06+02:00;2026-09-08T15:00:06+02:00;;dpa;false
3f67a92cedd298c5f4a6a8e1ee100ab54ad37184e2efa72d3a0b04701d5ce551;Angela Merkel wünscht sich einen KI-Roboter für den Haushalt;https://www.zeit.de/news/2026-09/08/angela-merkel-wuenscht-sich-einen-ki-roboter-fuer-den-haushalt;Hier finden Sie Informationen zu dem Thema „Künstliche Intelligenz“. Lesen Sie jetzt „Angela Merkel wünscht sich einen KI-Roboter für den Haushalt“.;Künstliche Intelligenz;News, Künstliche Intelligenz, Angela Merkel, Köln, CDU, X, Deutsche Telekom, Haushalt, künstliche Intelligenz;2026-09-08T14:59:11+02:00;2026-09-08T14:59:11+02:00;;dpa;false
d1bbc25cacf4f4aec9d3053dc62c6bc204d48d37ceaa3a1049a0497b2c748e12;Nach US-Gesprächen: Kiew meldet neue russische Angriffe;https://www.zeit.de/news/2026-09/08/nach-us-gespraechen-kiew-meldet-neue-russische-angriffe;Hier finden Sie Informationen zu dem Thema „Ukraine-Krieg“. Lesen Sie jetzt „Nach US-Gesprächen: Kiew meldet neue russische Angriffe“.;Ukraine-Krieg;News, Ukraine-Krieg, Donald Trump, Wolodymyr Selenskyj, Russland, Polen, Kyjiw, Angriff, Feuerpause, Luftangriff, Drohnenangriff, Lagerhalle;2026-09-08T14:58:28+02:00;2026-09-08T14:58:28+02:00;;dpa;false
2c73d0effe437af9ac84fb10e7a538b91bee18598c554ad7c878bb08342c7c30;Sabotage am Stromnetz: Polizei nimmt 48-Jährigen fest;https://www.zeit.de/news/2026-09/08/sabotage-am-stromnetz-polizei-findet-bekennerschreiben;Hier finden Sie Informationen zu dem Thema „Angriffe auf Energieversorgung“. Lesen Sie jetzt „Sabotage am Stromnetz: Polizei nimmt 48-Jährigen fest“.;Angriffe auf Energieversorgung;News, Angriffe auf Energieversorgung, Aachen, Gevelsberg, Polizei, Bekennerschreiben, Stromnetz, Sabotage, Sprengvorrichtung, Hochspannungsleitung, Energieversorgung, Angriff;2026-09-08T14:57:31+02:00;2026-09-08T14:57:31+02:00;;dpa;false
3973b958fbe7f7a35be155ed52dc3a5689dc58310880557d744066ecbbb47e6d;Zwölf Länder wollen Handel mit Israels Siedlungen sanktionieren;https://www.zeit.de/politik/ausland/2026-09/grossbritannien-einfuhrverbot-israelische-siedlungen-westjordanland-ed-miliband;Mehrere Staaten haben Sanktionen für Produkte aus den israelischen Siedlungen im Westjordanland angekündigt. Darunter sind mehrere EU-Staaten, Großbritannien und Kanada.;Westjordanland;Politik, Westjordanland, Ed Miliband, Großbritannien, London, Westjordanland, Reuters, Siedlung, Einfuhrverbot;2026-09-08T14:56:08+02:00;2026-09-08T14:56:08+02:00;edd;DIE ZEIT,        AFP,        Reuters,        							edd;false
c5c3feea8abc3addd6ca9b3d12b1b690ddffd9f34767d6574f6904f20cdd13bd;Lehrer: Mentale Gesundheit entscheidend für Schulleistungen;https://www.zeit.de/news/2026-09/08/lehrer-mentale-gesundheit-entscheidend-fuer-schulleistungen;Hier finden Sie Informationen zu dem Thema „Pisa-Studie“. Lesen Sie jetzt „Lehrer: Mentale Gesundheit entscheidend für Schulleistungen“.;Pisa-Studie;News, Pisa-Studie, Berlin, Pisa, Schulleistung, Lehrkräftepreis, PISA-Studie;2026-09-08T14:55:32+02:00;2026-09-08T14:55:32+02:00;;dpa Berlin/Brandenburg;false
68c21e5626014830bcdd760254f84fe92181346c0ad0d0468a913bb3eabb6b2e;SPD fordert Spezialisteneinheit zum Schutz der Infrastruktur;https://www.zeit.de/news/2026-09/08/spd-fordert-spezialisteneinheit-zum-schutz-der-infrastruktur;Hier finden Sie Informationen zu dem Thema „Lebenswichtige Versorger“. Lesen Sie jetzt „SPD fordert Spezialisteneinheit zum Schutz der Infrastruktur“.;Lebenswichtige Versorger;News, Lebenswichtige Versorger, Jochen Ott, NRW, Düsseldorf, SPD, Innenministerium, Verfassungsschutz, Polizei, Spezialisteneinheit, Infrastruktur, Stromnetz;2026-09-08T14:55:28+02:00;2026-09-08T14:55:28+02:00;;dpa Nordrhein-Westfalen;false
263371d10f782dc2800650f626c83562bd9f0df77ff3604c4c6bb338e74f5d20;Wer wird neuer CDU-Fraktionschef in Sachsen-Anhalt?;https://www.zeit.de/news/2026-09/08/cdu-in-sachsen-anhalt-vor-personeller-neuaufstellung;Hier finden Sie Informationen zu dem Thema „Zwei Tage nach Landtagswahl“. Lesen Sie jetzt „Wer wird neuer CDU-Fraktionschef in Sachsen-Anhalt?“.;Zwei Tage nach Landtagswahl;News, Zwei Tage nach Landtagswahl, Sven Schulze, Sepp Müller, Ulrich Siegmund, Sachsen-Anhalt, CDU, Alternative für Deutschland, SPD, Bündnis Sahra Wagenknecht, Deutsche Presse-Agentur, Landtagswahl;2026-09-08T14:54:42+02:00;2026-09-08T14:54:42+02:00;;dpa;false
167241078da33c9f781e82fc61933bb9c6e2e7beaabc836bc4fa7777ec678688;Towers-Trainer: «Haben gutes Fundament erarbeitet»;https://www.zeit.de/news/2026-09/08/towers-trainer-haben-gutes-fundament-erarbeitet;Hier finden Sie Informationen zu dem Thema „Basketball“. Lesen Sie jetzt „Towers-Trainer: «Haben gutes Fundament erarbeitet»“.;Basketball;News, Basketball, Hamburg, Rostock, Veolia, BBL, Basketball, Erfolg;2026-09-08T14:53:54+02:00;2026-09-08T14:53:54+02:00;;dpa Hamburg/Schleswig-Holstein;false
bbbcce74ca8205ae77e1b9ae03e6053431b376e59bf3735297fcf42407940258;Mann auf Sonnenallee erschossen - Polizei sucht Zeugen;https://www.zeit.de/news/2026-09/08/mann-auf-sonnenallee-erschossen-polizei-sucht-zeugen;Hier finden Sie Informationen zu dem Thema „Kriminalität“. Lesen Sie jetzt „Mann auf Sonnenallee erschossen - Polizei sucht Zeugen“.;Kriminalität;News, Kriminalität, Mann, Berlin-Neukölln, Polizei, Sonnenallee;2026-09-08T14:51:39+02:00;2026-09-08T14:51:39+02:00;;dpa Berlin/Brandenburg;false
1db7d76315d9e2b39e2b6baa17b0eaa2d45419d7a047a3f5d423b943add31349;76 Adoptionen in MV – meist durch Stiefeltern;https://www.zeit.de/news/2026-09/08/76-adoptionen-in-mv-meist-durch-stiefeltern;Hier finden Sie Informationen zu dem Thema „Familie“. Lesen Sie jetzt „76 Adoptionen in MV – meist durch Stiefeltern“.;Familie;News, Familie, Mecklenburg-Vorpommern, Adoption, Stiefeltern, Familie;2026-09-08T14:50:23+02:00;2026-09-08T14:50:23+02:00;;dpa Mecklenburg-Vorpommern;false
dd4fc1c726a11690b12d6656d6e477ae8f05b4893f11c8a8eee1f0cb8cb1b1dd;Neue Unterkünfte für wachsende Marine in Wilhelmshaven;https://www.zeit.de/news/2026-09/08/neue-unterkuenfte-fuer-wachsende-marine-in-wilhelmshaven;Hier finden Sie Informationen zu dem Thema „Bundeswehr“. Lesen Sie jetzt „Neue Unterkünfte für wachsende Marine in Wilhelmshaven“.;Bundeswehr;News, Bundeswehr, Wilhelmshaven, Niedersachsen, Bundeswehr, Marinestützpunkt, Aufwuchs, Norderweiterung, Baumanagement, Unterkunftsgebäude;2026-09-08T14:49:07+02:00;2026-09-08T14:49:07+02:00;;dpa Niedersachsen;false
5d6d8df7ac52a45699e221b44f8fa9c7c767da83c91a320de7b9defa7ba090c8;Netanjahu soll vor geplantem Angriff auf Israel gewarnt worden sein;https://www.zeit.de/politik/ausland/2026-09/benjamin-netanjahu-mohammed-bin-sajed-al-nahjan-hamas-7-oktober-uae-haaretz;Israels Ministerpräsident soll anderthalb Wochen vor dem 7. Oktober über einen Angriffsplan informiert worden sein. Sein Büro dementiert einen entsprechenden Bericht.;Hamas-Angriff am 7. Oktober 2023;Politik, Hamas-Angriff am 7. Oktober 2023, Benjamin Netanjahu, Israel, Hamas, Terrorismus, Vereinigte Arabische Emirate, Palästinensergebiet;2026-09-08T14:47:23+02:00;2026-09-08T14:47:23+02:00;mga;DIE ZEIT,        AFP,        dpa,        							mga;false
1308db76e8bfaaeb23bba706a43eb2833540b15068c0947e211599f5439de6c3;Durchsuchungen bei Kreissparkasse Weilburg;https://www.zeit.de/news/2026-09/08/durchsuchungen-bei-kreissparkasse-weilburg;Hier finden Sie Informationen zu dem Thema „Ermittlungen“. Lesen Sie jetzt „Durchsuchungen bei Kreissparkasse Weilburg“.;Ermittlungen;News, Ermittlungen, Weilburg, Durchsuchung, Kreissparkasse;2026-09-08T14:47:00+02:00;2026-09-08T14:47:00+02:00;;dpa Hessen;false
f5e448fe8bbe8ee74e8a7ed1407af322a43b7d7d59e0220b616ba7bd948d1dfe;Linke kritisiert Haushaltspläne und fordert, Merz auszuwechseln;https://www.zeit.de/politik/deutschland/2026-09/haushaltswoche-bundestag-haushaltsentwurf-2027-lars-klingbeil-gxe;Die Opposition kritisiert Neuverschuldungen im Haushaltsentwurf der Bundesregierung. Die Linke fordert, Merz müsse gehen – wie der Nationaltrainer nach der Fußball-WM.;Bundeshaushalt 2027;Politik, Bundeshaushalt 2027, Bündnis 90/Die Grünen, Deutscher Bundestag, Haushaltsentwurf, Lars Klingbeil, SPD, CDU;2026-09-08T14:44:30+02:00;2026-09-08T14:44:30+02:00;isdtw;DIE ZEIT,        dpa,        AFP,        							isd					,        							tw;false
6454123d78cea0909eff3cb0260f378ba92f5168a4594ee4ad5bad42a81f55f8;Mehr Geld für Beschäftigte im Einzelhandel;https://www.zeit.de/news/2026-09/08/mehr-geld-fuer-beschaeftigte-im-einzelhandel;Hier finden Sie Informationen zu dem Thema „Tarifeinigung“. Lesen Sie jetzt „Mehr Geld für Beschäftigte im Einzelhandel“.;Tarifeinigung;News, Tarifeinigung, Mainz, Ver.di, Tarifeinigung, Einzelhandel, Versandhandel, Geld;2026-09-08T14:44:21+02:00;2026-09-08T14:44:21+02:00;;dpa Rheinland-Pfalz/Saarland;false
8470606f1cf044ef2c47bc43db2ff061a6291b462924ad314962b462f9903264;Regierungskrise: SPD bleibt in der Koalition;https://www.zeit.de/news/2026-09/08/regierungskrise-spd-bleibt-in-der-koalition;Hier finden Sie Informationen zu dem Thema „BSW-Chaos in Thüringen“. Lesen Sie jetzt „Regierungskrise: SPD bleibt in der Koalition“.;BSW-Chaos in Thüringen;News, BSW-Chaos in Thüringen, Georg Maier, Thüringen, Erfurt, SPD, Bündnis Sahra Wagenknecht, Deutsche Presse-Agentur, CDU, Regierungskrise, Koalitionsregierung, Koalition;2026-09-08T14:41:00+02:00;2026-09-08T14:41:00+02:00;;dpa Thüringen;false
5b3969b29075babd466ee9ceec7baddf71fcccb6682bf4ce32496a2b066a045d;Bayern fordert weniger Steuern für Vereine in Deutschland;https://www.zeit.de/news/2026-09/08/bayern-fordert-weniger-steuern-fuer-vereine-in-deutschland;Hier finden Sie Informationen zu dem Thema „Bundesratsinitiative“. Lesen Sie jetzt „Bayern fordert weniger Steuern für Vereine in Deutschland“.;Bundesratsinitiative;News, Bundesratsinitiative, Markus Söder, Albert Füracker, Bayern, München, CSU, Bundesratsinitiative, Steuer;2026-09-08T14:39:34+02:00;2026-09-08T14:39:34+02:00;;dpa Bayern;false
d1b4fc20ffc6afd3309bc417bf7b03b48ddea97654b5cf790e26cd2690468a6a;Stenke nennt Pisa-Ergebnisse «nicht zufriedenstellend»;https://www.zeit.de/news/2026-09/08/stenke-nennt-pisa-ergebnisse-nicht-zufriedenstellend;Hier finden Sie Informationen zu dem Thema „Bildungsvergleich“. Lesen Sie jetzt „Stenke nennt Pisa-Ergebnisse «nicht zufriedenstellend»“.;Bildungsvergleich;News, Bildungsvergleich, Dorit Stenke, Schleswig-Holstein, CDU, Bildungsvergleich, PISA-Studie;2026-09-08T14:39:04+02:00;2026-09-08T14:39:04+02:00;;dpa Hamburg/Schleswig-Holstein;false
1a77bd2325c42b0b989fb197f42dc88fc07a99514f5b6fb1df401dbc1526d283;Zum Ferienende: Tempo-Kontrolle im Pfändertunnel;https://www.zeit.de/news/2026-09/08/zum-ferienende-tempo-kontrolle-im-pfaendertunnel;Hier finden Sie Informationen zu dem Thema „Verkehr“. Lesen Sie jetzt „Zum Ferienende: Tempo-Kontrolle im Pfändertunnel“.;Verkehr;News, Verkehr, Lindau, ORF, ASFINAG, Deutsche Presse-Agentur, Pfändertunnel, Ferienende, Tempomessanlage, Verkehr, Fahrzeug;2026-09-08T14:36:41+02:00;2026-09-08T14:36:41+02:00;;dpa Baden-Württemberg;false
9d1d5a8f75b12fb51711fe097d23afee421c037eac06e8c1bc15d70638c5a1a6;Mutmaßlicher Drogenhändler stürzt auf Flucht metertief;https://www.zeit.de/news/2026-09/08/mutmasslicher-drogenhaendler-stuerzt-auf-flucht-metertief;Hier finden Sie Informationen zu dem Thema „Bonn“. Lesen Sie jetzt „Mutmaßlicher Drogenhändler stürzt auf Flucht metertief“.;Bonn;News, Bonn, Bonn, Polizei, Fahrrad;2026-09-08T14:36:40+02:00;2026-09-08T14:36:40+02:00;;dpa Nordrhein-Westfalen;false
0fc6f67484db9bb96600a5cd660180729778b505e76ffa48cd263f4d77245a62;Ausnahmezustand in Oslo: Abschied von König Harald;https://www.zeit.de/news/2026-09/08/ausnahmezustand-in-oslo-abschied-von-koenig-harald;Hier finden Sie Informationen zu dem Thema „Norwegisches Königshaus“. Lesen Sie jetzt „Ausnahmezustand in Oslo: Abschied von König Harald“.;Norwegisches Königshaus;News, Norwegisches Königshaus, Harald V. Ende, Harald V., Oslo, Schlossplatz, Norwegen, Grand Hotel, Verdens Gang, Ausnahmezustand, Domkirche, Trauerfarbe;2026-09-08T14:36:29+02:00;2026-09-08T14:36:29+02:00;;dpa;false
a14e32664ef53c602e3082862885eb3807091b0e3c35593690289cb4616ba379;Minister Bilger hat klare Erwartungen an die Bahn;https://www.zeit.de/news/2026-09/08/minister-bilger-hat-klare-erwartungen-an-die-bahn;Hier finden Sie Informationen zu dem Thema „Bundestag“. Lesen Sie jetzt „Minister Bilger hat klare Erwartungen an die Bahn“.;Bundestag;News, Bundestag, Steffen Bilger, Deutscher Bundestag, Deutsche Bahn, CDU, Haushaltsberatung, Erwartung;2026-09-08T14:35:43+02:00;2026-09-08T14:35:43+02:00;;dpa;false
80e159e11c56c284c0fd0e76dc55c87522b426466a837dcfdf499f920a3a2ea0;Brand mit elf Verletzten in Moers: Festnahme;https://www.zeit.de/news/2026-09/08/brand-mit-elf-verletzten-in-moers-festnahme;Hier finden Sie Informationen zu dem Thema „Kriminalität“. Lesen Sie jetzt „Brand mit elf Verletzten in Moers: Festnahme“.;Kriminalität;News, Kriminalität, Moers, Polizei, Mord, Festnahme;2026-09-08T14:33:33+02:00;2026-09-08T14:33:33+02:00;;dpa Nordrhein-Westfalen;false
30651e51bfbe584cb47e9bac75170adebd63e885421231f51546ceb09a34e1ba;FDP-Vize Teuteberg soll Aufarbeitungsbeauftragte werden;https://www.zeit.de/news/2026-09/08/fdp-vize-teuteberg-soll-aufarbeitungsbeauftragte-werden;Hier finden Sie Informationen zu dem Thema „Aufarbeitung von SED-Unrecht“. Lesen Sie jetzt „FDP-Vize Teuteberg soll Aufarbeitungsbeauftragte werden“.;Aufarbeitung von SED-Unrecht;News, Aufarbeitung von SED-Unrecht, Linda Teuteberg, Maria Nooke, FDP, Aufarbeitung;2026-09-08T14:32:50+02:00;2026-09-08T14:32:50+02:00;;dpa Berlin/Brandenburg;false
52d900d58053cebaf2ee0d51d7afad01859d94c5cf8dcbabd5fa3bbf849e5b00;Viele Busse bleiben im Depot - Verdi kündigt Warnstreik an;https://www.zeit.de/news/2026-09/08/viele-busse-bleiben-im-depot-verdi-kuendigt-warnstreik-an;Hier finden Sie Informationen zu dem Thema „Tarifkonflikt“. Lesen Sie jetzt „Viele Busse bleiben im Depot - Verdi kündigt Warnstreik an“.;Tarifkonflikt;News, Tarifkonflikt, Baden-Würrtemberg, Lahr, Baden-Württemberg, Ver.di, Depot, Landesverkehr, Busbetrieb, Warnstreik, Tarifkonflikt, Pendler;2026-09-08T14:31:08+02:00;2026-09-08T14:31:08+02:00;;dpa Baden-Württemberg;false
e7c459f763c3c7a66eb755879e1b0c0d0babbc2f489e1e840e908b5af6a77fb4;Ministerin: Vereinbarung soll Abschiebungen erleichtern;https://www.zeit.de/news/2026-09/08/ministerin-vereinbarung-soll-abschiebungen-erleichtern;Hier finden Sie Informationen zu dem Thema „Dokumente für Ausländer“. Lesen Sie jetzt „Ministerin: Vereinbarung soll Abschiebungen erleichtern“.;Dokumente für Ausländer;News, Dokumente für Ausländer, Thüringen, Abschiebung, Ersatzdokument;2026-09-08T14:30:55+02:00;2026-09-08T14:30:55+02:00;;dpa Thüringen;false
3e6a078580cfc9306d2dab24a0e018321ce4a9d5995858e081db03045fb84e73;Von der Leyen »schockiert« über feierliche Beisetzung von Ratko Mladić;https://www.zeit.de/politik/ausland/2026-09/ratko-mladic-beerdigung-belgrad-serbien-ursula-von-der-leyen-gxe;Die EU-Kommissionschefin verurteilt die ehrenvolle Beerdigung des Kriegsverbrechers Mladić. Sie stehe im Widerspruch zu Serbiens EU-Beitrittswunsch.;Serbien;Politik, Serbien, Ursula von der Leyen, EU-Kommission, Serbien, Europäische Union, Verbrechen, Kriegsverbrechen;2026-09-08T14:30:50+02:00;2026-09-08T14:30:50+02:00;aleedd;DIE ZEIT,        AFP,        Reuters,        dpa,        							ale					,        							edd;false
c1782c3dfecf58c675603cc411ce6577b583d525673c8a96fba877b8cfd625cd;Volksparkstadion wird auf mehr als 60.000 Plätze erweitert;https://www.zeit.de/news/2026-09/08/volksparkstadion-wird-auf-mehr-als-60-000-plaetze-erweitert;Hier finden Sie Informationen zu dem Thema „Beginn im Oktober“. Lesen Sie jetzt „Volksparkstadion wird auf mehr als 60.000 Plätze erweitert“.;Beginn im Oktober;News, Beginn im Oktober, Hamburger SV, Volksparkstadion, Zuschauerkapazität;2026-09-08T14:30:04+02:00;2026-09-08T14:30:04+02:00;;dpa Hamburg/Schleswig-Holstein;false
760a94d29e9ceccd552ff107875ec6f3b836021c45453e6e40c15e715144ebec;Mutmaßlicher Strom-Saboteur gefasst - was wir wissen;https://www.zeit.de/news/2026-09/08/mutmasslicher-strom-saboteur-gefasst-was-wir-wissen;Hier finden Sie Informationen zu dem Thema „Angriffe auf Energieversorgung“. Lesen Sie jetzt „Mutmaßlicher Strom-Saboteur gefasst - was wir wissen“.;Angriffe auf Energieversorgung;News, Angriffe auf Energieversorgung, Alexander Dobrindt, Brandenburg, Sachsen, Jänschwalde, Cottbus, Nordrhein-Westfalen, Bergheim, Köln, Polizei, Energieversorgung;2026-09-08T14:29:31+02:00;2026-09-08T14:29:31+02:00;;dpa;false
8efc6afc09ebe6a8bf517de44f7c2953108199f373a00083850bc5b7649d2ece;Streik legt Bahnverkehr in Niederlanden am Mittwoch lahm;https://www.zeit.de/news/2026-09/08/streik-legt-bahnverkehr-in-niederlanden-am-mittwoch-lahm;Hier finden Sie Informationen zu dem Thema „Protest gegen Einschnitte“. Lesen Sie jetzt „Streik legt Bahnverkehr in Niederlanden am Mittwoch lahm“.;Protest gegen Einschnitte;News, Protest gegen Einschnitte, Niederlande, Amsterdam, NS, Bahnverkehr, Streik;2026-09-08T14:24:21+02:00;2026-09-08T14:24:21+02:00;;dpa Niedersachsen;false
e0aa5b49b7b8d791cacc0e6992c7a5e7c9a3a030c6f71b143ab1a313f3bc8cbd;SPD bleibt trotz BSW-Auflösung in Thüringer Koalition;https://www.zeit.de/politik/deutschland/2026-09/bsw-thueringen-landtag-fraktion-katja-wolf-cdu-mario-voigt-gxe;Die Sozialdemokraten haben sich zur Koalition in Thüringen bekannt. Die SPD bleibe in der Regierung, auch wenn der Koalitionspartner BSW sich auflöse.;Regierungskrise in Thüringen;Politik, Regierungskrise in Thüringen, Thüringen, SPD, Bündnis Sahra Wagenknecht, Landtag, CDU, Mario Voigt;2026-09-08T14:21:30+02:00;2026-09-08T14:21:30+02:00;edd;DIE ZEIT,        dpa,        							edd;false
8c8ca313d96d75efa56861f523ffc25e9f8b95fa321a5c1307eb8dbe0cd88729;Fit für den Notfall - Millionen für Hafen, Flughafen, Gleise;https://www.zeit.de/news/2026-09/08/fit-fuer-den-notfall-millionen-fuer-hafen-flughafen-gleise;Hier finden Sie Informationen zu dem Thema „Für Bundeswehr und Nato“. Lesen Sie jetzt „Fit für den Notfall - Millionen für Hafen, Flughafen, Gleise“.;Für Bundeswehr und Nato;News, Für Bundeswehr und Nato, Bremen, Nato, Bundeswehr, Notfall, Flughafen, Überseehafen, Geld;2026-09-08T14:20:40+02:00;2026-09-08T14:20:40+02:00;;dpa Niedersachsen;false
0d3fd230dc42ae6142e5034e1df40451c2e0bd136e034ff8c7fe4dd5e8673e4f;Wüst für Bund-Länder-Gruppe zur AfD-Prüfung – CSU skeptisch;https://www.zeit.de/news/2026-09/08/wuest-fordert-bund-laender-arbeitsgruppe-zur-pruefung-der-afd;Hier finden Sie Informationen zu dem Thema „Nach Sachsen-Anhalt-Wahl“. Lesen Sie jetzt „Wüst für Bund-Länder-Gruppe zur AfD-Prüfung – CSU skeptisch“.;Nach Sachsen-Anhalt-Wahl;News, Nach Sachsen-Anhalt-Wahl, Hendrik Wüst, Sachsen-Anhalt, Alternative für Deutschland, CDU, Deutsche Presse-Agentur, Verfassungsschutz;2026-09-08T14:20:14+02:00;2026-09-08T14:20:14+02:00;;dpa;false
fa40c073d2a127e036b11a020cdd51f67c25d52a8cc3928c41eb8836e61940f1;Fall Hendrik Holt - welche Rolle spielt Berliner Firma?;https://www.zeit.de/news/2026-09/08/fall-hendrik-holt-welche-rolle-spielt-berliner-firma;Hier finden Sie Informationen zu dem Thema „Flüchtiger Betrüger“. Lesen Sie jetzt „Fall Hendrik Holt - welche Rolle spielt Berliner Firma?“.;Flüchtiger Betrüger;News, Flüchtiger Betrüger, Hendrik Holt, Malte Köster, August Holt, Berlin, Osnabrück, Haselünne, Hannoversche Allgemeine Zeitung;2026-09-08T14:19:11+02:00;2026-09-08T14:19:11+02:00;;dpa Berlin/Brandenburg;false
7151b76fb2c130b63754846de63cad2dac3bec21b90a79c798799c407889f75e;Pisa-Schock: Was Bayern bei der Bildung besser machen könnte;https://www.zeit.de/news/2026-09/08/stolz-sieht-bayern-trotz-neuer-pisa-studie-auf-richtigem-weg;Hier finden Sie Informationen zu dem Thema „Bildungstest“. Lesen Sie jetzt „Pisa-Schock: Was Bayern bei der Bildung besser machen könnte“.;Bildungstest;News, Bildungstest, Anna Stolz, Bayern, München, Pisa, Freie Wähler, Bildungstest, PISA-Studie;2026-09-08T14:18:57+02:00;2026-09-08T14:18:57+02:00;;dpa Bayern;false
270f02819dec7f2ae0accf5265d90e9593f53713d0ee2ac5419028e7e15d24fe;WHO: Viel zu wenige Betten für Ebola-Patienten im Kongo;https://www.zeit.de/news/2026-09/08/who-viel-zu-wenige-betten-fuer-ebola-patienten-im-kongo;Hier finden Sie Informationen zu dem Thema „Ebola im Kongo“. Lesen Sie jetzt „WHO: Viel zu wenige Betten für Ebola-Patienten im Kongo“.;Ebola im Kongo;News, Ebola im Kongo, Luca Fontana, Kongo, Ituri, Genf, Weltgesundheitsorganisation, WHO, Aufnahmeplatz, Ebola;2026-09-08T14:17:42+02:00;2026-09-08T14:17:42+02:00;;dpa;false
f7bf39ab5447c67118ab79eebb6f0b9bf4936e49f8a8a641c457bda4a83f5314;Neue Plattform und Drohnen gegen Sabotage in Häfen;https://www.zeit.de/news/2026-09/08/land-will-energienetze-und-haefen-besser-schuetzen;Hier finden Sie Informationen zu dem Thema „Kritische Infrastruktur“. Lesen Sie jetzt „Neue Plattform und Drohnen gegen Sabotage in Häfen“.;Kritische Infrastruktur;News, Kritische Infrastruktur, Daniel Günther, Schleswig-Holstein, Ostsee, CDU, Energienetz, Infrastruktur, Landesregierung, Drohne;2026-09-08T14:16:32+02:00;2026-09-08T14:16:32+02:00;;dpa Hamburg/Schleswig-Holstein;false
65a68d913aeab7fcab0333c19f49f127a717ff29eaf36347e00ccdded960bba3;Dass sie stören, stört sie wenig;https://www.zeit.de/sport/2026-09/us-open-influencer-aerger-marketing-tennis;Mit Influencermarketing wollen die US Open den Gewinn maximieren. Das klappt, nur bleibt der Sport dabei auf der Strecke. Auch unter den Sportlern gibt es Kritik.;"Z+ (abopflichtiger Inhalt);
        
    US Open";Sport, US Open, US Open, Tennis, Profisport, Instagram, Social Media;2026-09-08T14:14:31+02:00;2026-09-08T14:14:31+02:00;Jannik Schneider;;false
ed339efe92b490f85f2836e25e9d505eaee5d04b4b2204785fc152b46456d9be;Haushalte könnten mit flexiblem Stromverbrauch Geld sparen;https://www.zeit.de/news/2026-09/08/haushalte-koennten-mit-flexiblem-stromverbrauch-geld-sparen;Hier finden Sie Informationen zu dem Thema „Energiepreise“. Lesen Sie jetzt „Haushalte könnten mit flexiblem Stromverbrauch Geld sparen“.;Energiepreise;News, Energiepreise, E.ON, Forschungsstelle für Energiewirtschaft, Stromverbrauch, Haushalt, Stromrechnung, Geld sparen, Energiekosten;2026-09-08T14:12:40+02:00;2026-09-08T14:12:40+02:00;;dpa;false
dbdb5e0439145d4031b6c52cba65a1632295ba7415428088fc4f8a73f2cdb124;Diese Romane gehen ins Rennen um den Deutschen Buchpreis;https://www.zeit.de/news/2026-09/08/das-ist-die-shortlist-fuer-den-deutschen-buchpreis;Hier finden Sie Informationen zu dem Thema „Shortlist 2026“. Lesen Sie jetzt „Diese Romane gehen ins Rennen um den Deutschen Buchpreis“.;Shortlist 2026;News, Shortlist 2026, Deutscher Buchpreis, Shortlist, Belletristik;2026-09-08T14:11:56+02:00;2026-09-08T14:11:56+02:00;;dpa;false
38cb14266141a5e765787d2f878689fc7febee3eae3173db21ed72d6422ef570;Söder bezweifelt Wüst-Vorschlag für Umgang mit AfD;https://www.zeit.de/news/2026-09/08/soeder-bezweifelt-wuest-vorschlag-fuer-umgang-mit-afd;Hier finden Sie Informationen zu dem Thema „Nach dem Wahlsieg der AfD“. Lesen Sie jetzt „Söder bezweifelt Wüst-Vorschlag für Umgang mit AfD“.;Nach dem Wahlsieg der AfD;News, Nach dem Wahlsieg der AfD, Markus Söder, Hendrik Wüst, München, Sachsen-Anhalt, Alternative für Deutschland, CSU, Wahlsieg;2026-09-08T14:09:40+02:00;2026-09-08T14:09:40+02:00;;dpa Bayern;false
46e14f61d85dfcea59e33fa1d2fa547e6ba9d84eafd637c9a20e9c3ee75439ab;Mecklenburg-Vorpommern: Acht Dinge, die man wissen sollte;https://www.zeit.de/news/2026-09/08/mecklenburg-vorpommern-acht-dinge-die-man-wissen-sollte;Hier finden Sie Informationen zu dem Thema „Landtagswahl“. Lesen Sie jetzt „Mecklenburg-Vorpommern: Acht Dinge, die man wissen sollte“.;Landtagswahl;News, Landtagswahl, Angela Merkel, Ostsee, Müritz, Hiddensee, Mecklenburg, Rostock, Schwerin, Neubrandenburg, Saarland, Wismar;2026-09-08T14:06:39+02:00;2026-09-08T14:06:39+02:00;;dpa Mecklenburg-Vorpommern;false
4edb82cdc8b7e7f327c3f4458bae1947dd87758e485c41a990c5e7db25e5e615;EuGH stärkt Ikea gegen rechte Partei aus Belgien;https://www.zeit.de/news/2026-09/08/eugh-staerkt-ikea-gegen-rechte-partei-aus-belgien;Hier finden Sie Informationen zu dem Thema „Markenrecht“. Lesen Sie jetzt „EuGH stärkt Ikea gegen rechte Partei aus Belgien“.;Markenrecht;News, Markenrecht, Belgien, Luxemburg, EuGH, IKEA, Markenrecht, Einwanderungsreform, Möbelhauskette;2026-09-08T14:03:55+02:00;2026-09-08T14:03:55+02:00;;dpa;false
39683749d261802282df0e4fee20550c704d2632dea133146417eec0f1ada3e0;Stromnetz-Sabotage: Schuster warnt vor Motiv-Spekulationen;https://www.zeit.de/news/2026-09/08/stromnetz-sabotage-schuster-warnt-vor-motiv-spekulationen;Hier finden Sie Informationen zu dem Thema „Angriffe auf Energieversorgung“. Lesen Sie jetzt „Stromnetz-Sabotage: Schuster warnt vor Motiv-Spekulationen“.;Angriffe auf Energieversorgung;News, Angriffe auf Energieversorgung, Armin Schuster, Sachsen, Dresden, CDU, Energieversorgung, Tathintergrund, Stromnetz, Angriff, Festnahme;2026-09-08T14:03:46+02:00;2026-09-08T14:03:46+02:00;;dpa Berlin/Brandenburg;false
2ee8ff17d3469a687f2032ffc7890958a2f61df2bd4cca74d806ba72fda5f7b7;Stiftung warnt vor rechter Gewalt und fordert Demokratie-Schutzschirm;https://www.zeit.de/gesellschaft/zeitgeschehen/2026-09/afd-sachsen-anhalt-amadeu-antonio-stiftung-rechte-gewalt-demokratie-gxe;Nach einer Übernahme der Landesregierung könnte die AfD rechtswidrige Anordnungen erlassen, fürchtet eine Stiftung. Sie fordert daher Schutz für Betroffene wie Lehrer.;AfD in Sachsen-Anhalt;Gesellschaft, AfD in Sachsen-Anhalt, Alternative für Deutschland, Sachsen-Anhalt, Demokratie, Rechtsextremismus, Bundesregierung, Stiftung;2026-09-08T14:02:39+02:00;2026-09-08T14:02:39+02:00;hell;DIE ZEIT,        AFP,        epd,        							hell;false
45485da3ff299b66aeadc7a748796ae4255001e2d3d4088fb239631529347b43;Neuer Pisa-Schock – Was hilft für bessere Bildung?;https://www.zeit.de/news/2026-09/08/schon-wieder-ein-pisa-schock-und-nun;Hier finden Sie Informationen zu dem Thema „Was Schüler können“. Lesen Sie jetzt „Neuer Pisa-Schock – Was hilft für bessere Bildung?“.;Was Schüler können;News, Was Schüler können, Samuel Greiff, Pisa, Kanada, OECD, Mathematik, Bildungsstudie, Familie, PISA-Studie, Computer;2026-09-08T13:52:30+02:00;2026-09-08T13:52:30+02:00;;dpa;false
a8bbfc1659a4a7857da4a9611140d5ff2311217ce558b54dc90b820f38095017;Weiter Zoff im Eisschnelllauf: Führung soll abgewählt werden;https://www.zeit.de/news/2026-09/08/weiter-zoff-im-eisschnelllauf-fuehrung-soll-abgewaehlt-werden;Hier finden Sie Informationen zu dem Thema „Außerordentlicher Verbandstag“. Lesen Sie jetzt „Weiter Zoff im Eisschnelllauf: Führung soll abgewählt werden“.;Außerordentlicher Verbandstag;News, Außerordentlicher Verbandstag, Matthias Große, Dresden, Erfurt, DESG, Verbandstag, Verbandsführung, Rollsportverband, Gutsherrenart, Eisschnelllauf, Eis;2026-09-08T13:51:12+02:00;2026-09-08T13:51:12+02:00;;dpa Thüringen;false
378d4d7e0fbbe98ae4cba143e3f271cac1f8e5c91857895049c76a9f404bd1c2;Merkel ist schockiert über AfD-Erfolg in Sachsen-Anhalt;https://www.zeit.de/news/2026-09/08/merkel-ist-schockiert-ueber-afd-erfolg-in-sachsen-anhalt;Hier finden Sie Informationen zu dem Thema „Altkanzlerin“. Lesen Sie jetzt „Merkel ist schockiert über AfD-Erfolg in Sachsen-Anhalt“.;Altkanzlerin;News, Altkanzlerin, Angela Merkel, Sachsen-Anhalt, Köln, Alternative für Deutschland, CDU, X, Deutsche Telekom, Digitalmesse, Wahlerfolg, Erfolg;2026-09-08T13:49:21+02:00;2026-09-08T13:49:21+02:00;;dpa;false
caa2b3e5bf44dd0c7da0f47d95f9cf17a002211db64c02e4a3bc9a18dce35924;Tschechien: Aufregung um Giftfässer im grenznahen Böhmerwald;https://www.zeit.de/news/2026-09/08/tschechien-aufregung-um-giftfaesser-im-grenznahen-boehmerwald;Hier finden Sie Informationen zu dem Thema „Gefährliche Altlasten“. Lesen Sie jetzt „Tschechien: Aufregung um Giftfässer im grenznahen Böhmerwald“.;Gefährliche Altlasten;News, Gefährliche Altlasten, Igor Cerveny, Tschechien, Böhmerwald, Dobra, Zelezna, Ruda, Altlast, Truppenübungsplatz, Chemikalie, Grenze;2026-09-08T13:48:59+02:00;2026-09-08T13:48:59+02:00;;dpa Bayern;false
b07a83799ecdef3486506f4f0385aa01463cff5d9d06a022b113344f430e9bd6;BSW will mit AfD sprechen – «Keine Brandmauer»;https://www.zeit.de/news/2026-09/08/bsw-will-mit-afd-sprechen-keine-brandmauer;Hier finden Sie Informationen zu dem Thema „Landtagswahl in Sachsen-Anhalt“. Lesen Sie jetzt „BSW will mit AfD sprechen – «Keine Brandmauer»“.;Landtagswahl in Sachsen-Anhalt;News, Landtagswahl in Sachsen-Anhalt, Thomas Schulze, Claudia Wittig, Ulrich Siegmund, Sachsen-Anhalt, Bündnis Sahra Wagenknecht, Alternative für Deutschland, Landtagswahl in Sachsen, Brandmauer;2026-09-08T13:48:36+02:00;2026-09-08T13:48:36+02:00;;dpa Sachsen;false
1a79d85ef7e2f1eb7c03e7406a816668906430d0d17dccabba4c2a3d18e91f25;Anschlag auf Strom in Adlershof: Ermittlungen dauern an;https://www.zeit.de/news/2026-09/08/anschlag-auf-strom-in-adlershof-ermittlungen-dauern-an;Hier finden Sie Informationen zu dem Thema „Linksextremismus“. Lesen Sie jetzt „Anschlag auf Strom in Adlershof: Ermittlungen dauern an“.;Linksextremismus;News, Linksextremismus, Mann, Adlershof, Polizei, Staatsanwaltschaft, Linksextremismus, Anschlag, Technologiepark, Ermittlung, Brandanschlag;2026-09-08T13:45:36+02:00;2026-09-08T13:45:36+02:00;;dpa Berlin/Brandenburg;false
06f0351bf40372ef5ae873a713e4089cb651fd9cfca5244bedfa31d444c09fc0;Gladbacher Verletzungspech geht weiter: Auch Kühn raus;https://www.zeit.de/news/2026-09/08/gladbacher-verletzungspech-geht-weiter-auch-kuehn-raus;Hier finden Sie Informationen zu dem Thema „Fußball-Bundesliga“. Lesen Sie jetzt „Gladbacher Verletzungspech geht weiter: Auch Kühn raus“.;Fußball-Bundesliga;News, Fußball-Bundesliga, Nicolas Kühn, Borussia Mönchengladbach, Fußball-Bundesliga, Verletzungspech, Neuzugang;2026-09-08T13:43:03+02:00;2026-09-08T13:43:03+02:00;;dpa Nordrhein-Westfalen;false
d6cd4a02dfc2d2148005da2f117144a90fdcedf3cc0bc24182dde55f497a5c88;Neues von «XY gelöst»: «Realität ist brutal genug»;https://www.zeit.de/news/2026-09/08/neues-von-xy-geloest-realitaet-ist-brutal-genug;Hier finden Sie Informationen zu dem Thema „True Crime im ZDF“. Lesen Sie jetzt „Neues von «XY gelöst»: «Realität ist brutal genug»“.;True Crime im ZDF;News, True Crime im ZDF, Sven Voss, ZDF, Aktenzeichen XY, Gewaltbild, Voyeurismus, True Crime, Verbrechen, Streaming;2026-09-08T13:40:23+02:00;2026-09-08T13:40:23+02:00;;dpa Rheinland-Pfalz/Saarland;false
fc2de03858ceacf85ec27efcdc9b4a8f62c5cb6385ba711e671e60248801ef0d;Mitarbeiterinnen abgezogen: Eiffelturm nach Streik geöffnet;https://www.zeit.de/news/2026-09/08/mitarbeiterinnen-abgezogen-eiffelturm-nach-streik-geoeffnet;Hier finden Sie Informationen zu dem Thema „Religiöse Besuchergruppe“. Lesen Sie jetzt „Mitarbeiterinnen abgezogen: Eiffelturm nach Streik geöffnet“.;Religiöse Besuchergruppe;News, Religiöse Besuchergruppe, Eiffelturm, Streik, Betreibergesellschaft;2026-09-08T13:40:22+02:00;2026-09-08T13:40:22+02:00;;dpa;false
06152f62cd71070fc0c60314f0adb3c98253ae005f4bdfd3f5c2b1d037d82e93;Kreuzbandriss: Lange Pause für Hamburger Handballer Sauter;https://www.zeit.de/news/2026-09/08/kreuzbandriss-lange-pause-fuer-hamburger-handballer-sauter;Hier finden Sie Informationen zu dem Thema „Bundesliga“. Lesen Sie jetzt „Kreuzbandriss: Lange Pause für Hamburger Handballer Sauter“.;Bundesliga;News, Bundesliga, Moritz Sauter, Johannes Bitter, HC Hamburg, TSV Hannover-Burgdorf, Bundesliga, Kreuzbandriss, Kreuzband;2026-09-08T13:38:58+02:00;2026-09-08T13:38:58+02:00;;dpa Hamburg/Schleswig-Holstein;false
0bb907dc76aebb567484c5aedb0ec6744300d9d249f0537ae897ca672d4b217b;Mehr Sport in Bayerns Schulen;https://www.zeit.de/news/2026-09/08/mehr-sport-in-bayerns-schulen;Hier finden Sie Informationen zu dem Thema „Kabinett“. Lesen Sie jetzt „Mehr Sport in Bayerns Schulen“.;Kabinett;News, Kabinett, Markus Söder, Bayern, München, CSU, Sportstunde, Sportunterricht;2026-09-08T13:35:53+02:00;2026-09-08T13:35:53+02:00;;dpa Bayern;false
29d6f5d4b8c522407420a54471217aaf5daea6316aab9addadf2be6056fdafdf;MV im Bundesrat für mehr Kinderschutz;https://www.zeit.de/news/2026-09/08/mv-im-bundesrat-fuer-mehr-kinderschutz;Hier finden Sie Informationen zu dem Thema „Vorstoß geplant“. Lesen Sie jetzt „MV im Bundesrat für mehr Kinderschutz“.;Vorstoß geplant;News, Vorstoß geplant, Stefanie Drese, Schwerin, Mecklenburg-Vorpommern, Bundesrat, SPD, Kinderschutz;2026-09-08T13:34:07+02:00;2026-09-08T13:34:07+02:00;;dpa Mecklenburg-Vorpommern;false
6e6f2c81ae0e63a3fed251e30daabc545db8170e5a91e7b5fb2691885cea3fc0;Liebe Lehrer: Pisa ist auch euer Versagen;https://www.zeit.de/bildung/2026-09/pisa-studie-bildungspolitik-schule-lehrer;Mehr Geld, bessere Politik, fordern jetzt wieder alle. Aber wenn Kinder kaum lesen und rechnen können, sind auch die Schulen verantwortlich. Sie haben jetzt eine Aufgabe.;"Z+ (abopflichtiger Inhalt);
        
    Pisa-Studie";Bildung, Pisa-Studie, PISA-Studie, Schule, Lehrer, Schüler, Bildung;2026-09-08T13:32:38+02:00;2026-09-08T13:32:38+02:00;Jeannette Otto;;false
024799949f6c8d76c68c9d4301ce074d96b65a0399d3cdf50c5ee291b9daa489;Faszination Flugsport – Freiheit und Risiko am Himmel;https://www.zeit.de/news/2026-09/08/faszination-flugsport-freiheit-und-risiko-am-himmel;Hier finden Sie Informationen zu dem Thema „Fliegen als Hobby“. Lesen Sie jetzt „Faszination Flugsport – Freiheit und Risiko am Himmel“.;Fliegen als Hobby;News, Fliegen als Hobby, Claus Cordes, Lucia Puttrich, Mann, Weinheim, Viernheim, Flugsport, Faszination, Naturerlebnis, Freiheit, Wetter;2026-09-08T13:31:36+02:00;2026-09-08T13:31:36+02:00;;dpa Baden-Württemberg;false
aa3c67d2b5ae319af7102cce2c251d72e0c9acf98410ba52e817981860b192f9;Elmshorn: Shitstorm wegen gleichgeschlechtlicher Ampelpaare;https://www.zeit.de/news/2026-09/08/elmshorn-shitstorm-wegen-gleichgeschlechtlicher-ampelpaare;Hier finden Sie Informationen zu dem Thema „Hass im Netz“. Lesen Sie jetzt „Elmshorn: Shitstorm wegen gleichgeschlechtlicher Ampelpaare“.;Hass im Netz;News, Hass im Netz, Sven Herrmann, Elmshorn, Bündnis 90/Die Grünen, Instagram, Ampelpaar, Hasskommentar, Ortsverband;2026-09-08T13:28:58+02:00;2026-09-08T13:28:58+02:00;;dpa Hamburg/Schleswig-Holstein;false
a3f8d4167b800435a789f576660e49ca2e8bbf05e1b4c071890d224264778610;Island als Teil der USA? US-Botschafter einbestellt;https://www.zeit.de/news/2026-09/08/island-als-teil-der-usa-us-botschafter-einbestellt;Hier finden Sie Informationen zu dem Thema „Landkarte“. Lesen Sie jetzt „Island als Teil der USA? US-Botschafter einbestellt“.;Landkarte;News, Landkarte, Donald Trump, Thorgerdur Katrin Gunnarsdottir, Island, Kanada, Grönland, Mexiko, Deutsche Presse-Agentur, Landkarte, Plattform;2026-09-08T13:27:51+02:00;2026-09-08T13:27:51+02:00;;dpa;false
c0ea3f0025fefdeaf91bdf9558ea99683626d784c02f4354bf37a2c954406b35;Dauer-Schwelbrand: Luftmessungen beginnen in dieser Woche;https://www.zeit.de/news/2026-09/08/dauer-schwelbrand-luftmessungen-beginnen-in-dieser-woche;Hier finden Sie Informationen zu dem Thema „Kohlebrand“. Lesen Sie jetzt „Dauer-Schwelbrand: Luftmessungen beginnen in dieser Woche“.;Kohlebrand;News, Kohlebrand, Meuselwitz, Altenburg, Falkenhain, Michelwitz, LMBV, Luftmessung, Kohlebrand, Kohlebergbaugelände, Schwelbrand;2026-09-08T13:25:46+02:00;2026-09-08T13:25:46+02:00;;dpa Thüringen;false
4eff23a32c3c84afa7235a404c3a6d103be6021c3f973bae63a2c24fd977794a;Protest bei Staatsbesuch aus Vereinigten Arabischen Emiraten;https://www.zeit.de/news/2026-09/08/protest-bei-staatsbesuch-aus-vereinigten-arabischen-emiraten;Hier finden Sie Informationen zu dem Thema „Demonstration“. Lesen Sie jetzt „Protest bei Staatsbesuch aus Vereinigten Arabischen Emiraten“.;Demonstration;News, Demonstration, Berlin, Vereinigte Arabische Emirate, Staatsbesuch, Protestdemonstration, Emirat;2026-09-08T13:25:35+02:00;2026-09-08T13:25:35+02:00;;dpa Berlin/Brandenburg;false
fa905292c80da55bc3b6c646540e487d3004c44a65189d08ae8702988ef62fbe;Maishäcksler in Schieflage: Aufwendige Bergung;https://www.zeit.de/news/2026-09/08/maishaecksler-in-schieflage-aufwendige-bergung;Hier finden Sie Informationen zu dem Thema „Unfälle“. Lesen Sie jetzt „Maishäcksler in Schieflage: Aufwendige Bergung“.;Unfälle;News, Unfälle, Hamburg-Reitbrook, Polizei, Maishäcksler, Bergung, Schieflage, Unfall, Vorderdeich;2026-09-08T13:23:30+02:00;2026-09-08T13:23:30+02:00;;dpa Hamburg/Schleswig-Holstein;false
cd5201263a1f2e3d3724bb9f4db5015524e3fb19af83a64b2969daf47b4381ed;Analyse: Internationale Studierende lohnen sich;https://www.zeit.de/news/2026-09/08/analyse-internationale-studierende-lohnen-sich;Hier finden Sie Informationen zu dem Thema „Studieren in Deutschland“. Lesen Sie jetzt „Analyse: Internationale Studierende lohnen sich“.;Studieren in Deutschland;News, Studieren in Deutschland, Institut der deutschen Wirtschaft, Deutscher Akademischer Austauschdienst, Studienplatz, Studium;2026-09-08T13:18:03+02:00;2026-09-08T13:18:03+02:00;;dpa;false
a2adf52bc3d78b54da8824e56f74f8bb17e968dce8d5f13de34b30e3d705da50;Jüdische Gemeinschaft warnt: «Wir packen unsere Koffer»;https://www.zeit.de/news/2026-09/08/juedische-gemeinschaft-warnt-wir-packen-unsere-koffer;Hier finden Sie Informationen zu dem Thema „Jüdisches Leben“. Lesen Sie jetzt „Jüdische Gemeinschaft warnt: «Wir packen unsere Koffer»“.;Jüdisches Leben;News, Jüdisches Leben, Schleswig-Holstein, Kiel, Alternative für Deutschland, Rechtsextremismus, Antisemitismus;2026-09-08T13:17:37+02:00;2026-09-08T13:17:37+02:00;;dpa Hamburg/Schleswig-Holstein;false
bd4f01b3c43709b53b03f2c276777fde7c4a9297192f3ceaf5887b2870fb2db3;Koalition im Verteidigungsmodus: Das steckt im Etat 2027;https://www.zeit.de/news/2026-09/08/haushaltswoche-in-unruhigen-zeiten-das-steckt-im-etat-2027;Hier finden Sie Informationen zu dem Thema „Bundestag“. Lesen Sie jetzt „Koalition im Verteidigungsmodus: Das steckt im Etat 2027“.;Bundestag;News, Bundestag, Lars Klingbeil, Russland, Sachsen-Anhalt, Deutscher Bundestag, Alternative für Deutschland, SPD, Bundesregierung, Bundeswehr, Haushaltswoche, Schulden;2026-09-08T13:15:16+02:00;2026-09-08T13:15:16+02:00;;dpa;false
5bee7d1b19bce5b1f4fdfd31d786df60d7327149311855d991849aad5de87044;Polizei: 48-Jähriger hatte weitere Sprengmittel bei sich;https://www.zeit.de/news/2026-09/08/polizei-48-jaehriger-hatte-weitere-sprengmittel-bei-sich;Hier finden Sie Informationen zu dem Thema „Angriffe auf Energieversorgung“. Lesen Sie jetzt „Polizei: 48-Jähriger hatte weitere Sprengmittel bei sich“.;Angriffe auf Energieversorgung;News, Angriffe auf Energieversorgung, Cottbus, Brandenburg, Nordrhein-Westfalen, Köln, Polizei, Staatsanwaltschaft, Sprengmittel, Energieversorgung, Stromnetz, Angriff;2026-09-08T13:14:07+02:00;2026-09-08T13:14:07+02:00;;dpa Berlin/Brandenburg;false
6f87d49bad3688fa1ea302a770e27cbebec6843603f83d2158ecd516541fffa5;Thüringer zahlen mehr Erbschafts- und Schenkungssteuern;https://www.zeit.de/news/2026-09/08/thueringer-zahlen-mehr-erbschafts-und-schenkungssteuern;Hier finden Sie Informationen zu dem Thema „Finanzamt“. Lesen Sie jetzt „Thüringer zahlen mehr Erbschafts- und Schenkungssteuern“.;Finanzamt;News, Finanzamt, Thüringen, Schenkungssteuer, Finanzamt;2026-09-08T13:14:02+02:00;2026-09-08T13:14:02+02:00;;dpa Thüringen;false
3bfc705fde13220d5dfef600b9a4fcd3a94617184c7b283e62cb14de59fb8803;Landesrechnungshof warnt vor stark steigender Schuldenlast;https://www.zeit.de/news/2026-09/08/landesrechnungshof-warnt-vor-stark-steigender-schuldenlast;Hier finden Sie Informationen zu dem Thema „Landesfinanzen“. Lesen Sie jetzt „Landesrechnungshof warnt vor stark steigender Schuldenlast“.;Landesfinanzen;News, Landesfinanzen, Brigitte Mandt, Nordrhein-Westfalen, Köln, Landesrechnungshof, Landesfinanzen, Schuldenlast, Landeshaushalt, Haushaltspolitik, Kredit, Schulden;2026-09-08T13:13:57+02:00;2026-09-08T13:13:57+02:00;;dpa Nordrhein-Westfalen;false
4fd7102a9b2aa73932d60a2c236b7cfa43feae7704ee6ae1dd9fc783101342e4;Streifenwagen fährt Kind auf Fahrrad an - leicht verletzt;https://www.zeit.de/news/2026-09/08/streifenwagen-faehrt-kind-auf-fahrrad-an-leicht-verletzt;Hier finden Sie Informationen zu dem Thema „Unfall in München“. Lesen Sie jetzt „Streifenwagen fährt Kind auf Fahrrad an - leicht verletzt“.;Unfall in München;News, Unfall in München, München, Streifenwagen, Fahrrad;2026-09-08T13:13:41+02:00;2026-09-08T13:13:41+02:00;;dpa Bayern;false
2a057bc402ce20805babffbc9df74b187ffbdaaca47e62e6b4983b8b1e559e25;Probleme für Bahnfahrer auf ICE-Strecke Nürnberg-München;https://www.zeit.de/news/2026-09/08/probleme-fuer-bahnfahrer-auf-ice-strecke-nuernberg-muenchen;Hier finden Sie Informationen zu dem Thema „Defektes Stellwerk“. Lesen Sie jetzt „Probleme für Bahnfahrer auf ICE-Strecke Nürnberg-München“.;Defektes Stellwerk;News, Defektes Stellwerk, Nürnberg-München, München-Nürnberg, Nürnberg, Feucht, München, Stellwerk, Bahnstrecke, ICE;2026-09-08T13:12:02+02:00;2026-09-08T13:12:02+02:00;;dpa Bayern;false
8bcc83bc613d19a57651b50b6b98cd5c770ea87831f76776f648e33e6d2fc9ba;Rund 16.000 Hitzetote in diesem Jahr – und nun?;https://www.zeit.de/news/2026-09/08/rund-16-000-hitzetote-in-diesem-jahr-und-nun;Hier finden Sie Informationen zu dem Thema „Hitzebedingte Sterblichkeit“. Lesen Sie jetzt „Rund 16.000 Hitzetote in diesem Jahr – und nun?“.;Hitzebedingte Sterblichkeit;News, Hitzebedingte Sterblichkeit, Martin Röösli, DWD, RKI, Sterblichkeit, Sommer, Hitze;2026-09-08T13:09:57+02:00;2026-09-08T13:09:57+02:00;;dpa;false
ae7f554b163a27b5a1767e0b84dc312cb22cc5d8e64232225a3b83f5c6635134;Klingbeil: Kein Abbau des Sozialstaats;https://www.zeit.de/news/2026-09/08/klingbeil-kein-abbau-des-sozialstaats;Hier finden Sie Informationen zu dem Thema „Bundestag“. Lesen Sie jetzt „Klingbeil: Kein Abbau des Sozialstaats“.;Bundestag;News, Bundestag, Lars Klingbeil, Deutscher Bundestag, SPD, Alternative für Deutschland, Sozialstaat, Abbau, Haushaltsdebatte, Grenze;2026-09-08T13:09:05+02:00;2026-09-08T13:09:05+02:00;;dpa;false
7675085497448fb91ce4a3aec6fc016512a96dd4793c6444b5dba25ea6876c6d;Polizei fasst mutmaßlichen Stromnetz-Saboteur;https://www.zeit.de/gesellschaft/zeitgeschehen/2026-09/stromnetz-saboteur-gefasst-polizei-fahndung-anschlaege;Nach Sabotageakten in mehreren Bundesländern hat die Polizei den zuvor gesuchten Tatverdächtigen gefasst. Zur Festnahme kam es in der Nähe des Kraftwerks Weisweiler.;Sabotage an Stromleitungen;Gesellschaft, Sabotage an Stromleitungen, Stromversorgung, Polizei, fossile Energie, Ermittlung, Brandenburg;2026-09-08T13:08:19+02:00;2026-09-08T13:08:19+02:00;ale;DIE ZEIT,        dpa,        AFP,        							ale;false
9f4cee174f25f8e860da162737c260dc8e75196dc2ccb73e4afd66a40a0c49e9;Sieben Kinder bei Unfall zwischen Bus und Lastwagen verletzt;https://www.zeit.de/news/2026-09/08/drei-kinder-bei-unfall-zwischen-bus-und-lastwagen-verletzt;Hier finden Sie Informationen zu dem Thema „Unfälle“. Lesen Sie jetzt „Sieben Kinder bei Unfall zwischen Bus und Lastwagen verletzt“.;Unfälle;News, Unfälle, Seebach, Ortenaukreis, Unfall;2026-09-08T13:07:25+02:00;2026-09-08T13:07:25+02:00;;dpa Baden-Württemberg;false
5da785525307809f93ecb0f4a69591025c852e7f90f69f906619a97feff9db77;17-Jähriger angegriffen und homophob beleidigt;https://www.zeit.de/news/2026-09/08/17-jaehriger-angegriffen-und-homophob-beleidigt;Hier finden Sie Informationen zu dem Thema „Staatsschutz ermittelt“. Lesen Sie jetzt „17-Jähriger angegriffen und homophob beleidigt“.;Staatsschutz ermittelt;News, Staatsschutz ermittelt, Berlin-Pankow;2026-09-08T13:06:48+02:00;2026-09-08T13:06:48+02:00;;dpa Berlin/Brandenburg;false
9fdba41cb2947697562825ae1e27f4354c4aa76a506afc7c42f619149aa6de35;Vier Männer urinieren am Bahnhof auf Fußgängerrampe;https://www.zeit.de/news/2026-09/08/vier-maenner-urinieren-am-bahnhof-auf-fussgaengerrampe;Hier finden Sie Informationen zu dem Thema „Ekelerregender Vorfall“. Lesen Sie jetzt „Vier Männer urinieren am Bahnhof auf Fußgängerrampe“.;Ekelerregender Vorfall;News, Ekelerregender Vorfall, Mann, Sinsheim, Polizei, Fußgängerrampe, Bahnhof;2026-09-08T13:06:25+02:00;2026-09-08T13:06:25+02:00;;dpa Baden-Württemberg;false
6132ed99b109ab3203510eab69ff1c21a04b9a7d1397e167f1e4582098f74d14;Kampf um Olympia: München hofft auf «Spiele des Herzens»;https://www.zeit.de/news/2026-09/08/kampf-um-olympia-muenchen-hofft-auf-spiele-des-herzens;Hier finden Sie Informationen zu dem Thema „Entscheidung am 26. September“. Lesen Sie jetzt „Kampf um Olympia: München hofft auf «Spiele des Herzens»“.;Entscheidung am 26. September;News, Entscheidung am 26. September, Markus Söder, München, Berlin, Bayern, DOSB, CSU, Olympia, Sommermärchen;2026-09-08T13:04:12+02:00;2026-09-08T13:04:12+02:00;;dpa Bayern;false
7a90f17eef6239c8f2cb177991b9f1c3fd89381b307a5f464c78976b98da4ead;Nach Pisa-Ergebnissen: Jung denkt über weitere Reformen nach;https://www.zeit.de/news/2026-09/08/nach-pisa-ergebnissen-jung-denkt-ueber-weitere-reformen-nach;Hier finden Sie Informationen zu dem Thema „Bildungstest“. Lesen Sie jetzt „Nach Pisa-Ergebnissen: Jung denkt über weitere Reformen nach“.;Bildungstest;News, Bildungstest, Andreas Jung, Pisa, Baden-Württemberg, CDU, Bildungstest, Bildungsstudie;2026-09-08T13:03:51+02:00;2026-09-08T13:03:51+02:00;;dpa Baden-Württemberg;false
d01a807783b50ae609e032c4df31e5208dd385a02bb13fe0466dbd06658afc9b;Zu wenig Zeit: Gewerkschaft will Vergleichstests aussetzen;https://www.zeit.de/news/2026-09/08/zu-wenig-zeit-gewerkschaft-will-vergleichstests-aussetzen;Hier finden Sie Informationen zu dem Thema „Schulstart im Südwesten“. Lesen Sie jetzt „Zu wenig Zeit: Gewerkschaft will Vergleichstests aussetzen“.;Schulstart im Südwesten;News, Schulstart im Südwesten, Monika Stein, Baden-Württemberg, GEW, Vergleichstest, Südwesten, Schulstart, Lehrergewerkschaft, Lernstandserhebung;2026-09-08T12:58:53+02:00;2026-09-08T12:58:53+02:00;;dpa Baden-Württemberg;false
84061146aa6891e2c312ac0d20a83266f3d8dac285798bad56e26d2118e5b52c;Wüst will verfassungsrechtliche Prüfung der AfD;https://www.zeit.de/politik/deutschland/2026-09/afd-verbot-hendrik-wuest-cdu-nrw-bund-laender-arbeitsgruppe-gxe;"Hendrik Wüst fordert eine neue Arbeitsgruppe von Bund und Ländern. Diese soll überprüfen, wie die AfD zum Grundgesetz steht. Um ein Verbot gehe es nicht unbedingt.
 ";Verdacht des Rechtsextremismus;Politik, Verdacht des Rechtsextremismus, Hendrik Wüst, Alternative für Deutschland, Verfassungsschutz, Sachsen-Anhalt, Grundgesetz, Rechtsextremismus;2026-09-08T12:56:42+02:00;2026-09-08T12:56:42+02:00;liw;DIE ZEIT,        dpa,        							liw;false
3807fc9c6d9a7c3833ff697c5dc61417472c44243c5d98c76afaa4acaa0c591b;Knallgeräusche und Feuer in Steglitzer Restaurant;https://www.zeit.de/news/2026-09/08/knallgeraeusche-und-feuer-in-steglitzer-restaurant;Hier finden Sie Informationen zu dem Thema „Einsatz in der Nacht“. Lesen Sie jetzt „Knallgeräusche und Feuer in Steglitzer Restaurant“.;Einsatz in der Nacht;News, Einsatz in der Nacht, Berlin-Steglitz, Steglitz, Feuerwehr, Polizei, Knallgeräusch, Restaurant;2026-09-08T12:56:34+02:00;2026-09-08T12:56:34+02:00;;dpa Berlin/Brandenburg;false
db32ac422c97369524bc6789e09b912f9e4320afd9ffae194673ff1afc2c5d60;Ermittlungen gegen Polizisten nach Einsatz bei Pokalderby;https://www.zeit.de/sport/2026-09/dfb-pokal-waldhof-mannheim-1-fc-kaiserslautern-polizei-ausschreitungen-gxe;Beim Pokalspiel zwischen Mannheim und Kaiserslautern kam es zu Ausschreitungen. Ermittelt wird unter anderem gegen einen Polizisten, der an dem Abend im Einsatz war.;DFB-Pokal;Sport, DFB-Pokal, Mannheim, DFB-Pokal, Fußball, Polizei, 1. FC Kaiserslautern, Ermittlung;2026-09-08T12:56:14+02:00;2026-09-08T12:56:14+02:00;edd;DIE ZEIT,        dpa,        SID,        							edd;false
ee8ef946a72da5dc68d9da46e8d9f5622c64db1c78e4d31fd9d7ab1b95a382f3;Ungarn weist zehn russische Diplomaten aus;https://www.zeit.de/news/2026-09/08/ungarn-weist-zehn-russische-diplomaten-aus;Hier finden Sie Informationen zu dem Thema „Ungarn-Russland“. Lesen Sie jetzt „Ungarn weist zehn russische Diplomaten aus“.;Ungarn-Russland;News, Ungarn-Russland, Anita Orban, Ungarn;2026-09-08T12:55:20+02:00;2026-09-08T12:55:20+02:00;;dpa;false
c7e4b4e35b97d2ce4dcaadf255c6e780dc7a0b69bf47466bf5884b23913b5640;Brände durch Vapes im Müll - so werden sie richtig entsorgt;https://www.zeit.de/news/2026-09/08/braende-durch-vapes-im-muell-so-werden-sie-richtig-entsorgt;Hier finden Sie Informationen zu dem Thema „Stadtreinigung Hamburg warnt“. Lesen Sie jetzt „Brände durch Vapes im Müll - so werden sie richtig entsorgt“.;Stadtreinigung Hamburg warnt;News, Stadtreinigung Hamburg warnt, Stadtreinigung Hamburg, Müll, Restmüll, Stadtreinigung, Brand, E-Zigarette;2026-09-08T12:53:41+02:00;2026-09-08T12:53:41+02:00;;dpa Hamburg/Schleswig-Holstein;false
d01f394e6698daf2d4fdcc75e310e3d760efbc58cddbb1966f0ab4e78ff9963e;Drei Kinder bei Unfall mit Taxi und Transporter verletzt;https://www.zeit.de/news/2026-09/08/drei-kinder-bei-unfall-mit-taxi-und-transporter-verletzt;Hier finden Sie Informationen zu dem Thema „Vorfahrt missachtet“. Lesen Sie jetzt „Drei Kinder bei Unfall mit Taxi und Transporter verletzt“.;Vorfahrt missachtet;News, Vorfahrt missachtet, Unfall, Transporter, Vorfahrt, Taxi;2026-09-08T12:50:49+02:00;2026-09-08T12:50:49+02:00;;dpa Baden-Württemberg;false
57c836a61c784f9296dd21e7b9135036b3cb69a0c76b96300643f44cd3160751;Stiftung Lesen: Vorlesen muss wie Zähneputzen sein;https://www.zeit.de/news/2026-09/08/stiftung-lesen-vorlesen-muss-wie-zaehneputzen-sein;Hier finden Sie Informationen zu dem Thema „Pisa-Studie und Lesen“. Lesen Sie jetzt „Stiftung Lesen: Vorlesen muss wie Zähneputzen sein“.;Pisa-Studie und Lesen;News, Pisa-Studie und Lesen, F. Maas, Mainz, Stiftung, Vorleseaktion, Lesekompetenz, Leseförderung, PISA-Studie;2026-09-08T12:50:41+02:00;2026-09-08T12:50:41+02:00;;dpa Rheinland-Pfalz/Saarland;false
482a3eda74fa5fa9160cbe05597da76b270ba55febb9c14665a634433b5323db;Statistik: Zahl der gemeldeten Prostituierten kaum verändert;https://www.zeit.de/news/2026-09/08/statistik-zahl-der-gemeldeten-prostituierten-kaum-veraendert;Hier finden Sie Informationen zu dem Thema „Prostitution“. Lesen Sie jetzt „Statistik: Zahl der gemeldeten Prostituierten kaum verändert“.;Prostitution;News, Prostitution, Thüringen, Erfurt, Statistik;2026-09-08T12:49:10+02:00;2026-09-08T12:49:10+02:00;;dpa Thüringen;false
80c66ba6e592a3a6ffb1a44083ad7d087f7c27a7d80904b233c1fae36359ef49;SC Magdeburg in Königsklasse: «Wenig Ausrutscher erlauben»;https://www.zeit.de/news/2026-09/08/sc-magdeburg-in-koenigsklasse-wenig-ausrutscher-erlauben;Hier finden Sie Informationen zu dem Thema „Handball“. Lesen Sie jetzt „SC Magdeburg in Königsklasse: «Wenig Ausrutscher erlauben»“.;Handball;News, Handball, Bennet Wiegert, SC Magdeburg, Champions League, Königsklasse, Ausrutscher, Handball;2026-09-08T12:48:59+02:00;2026-09-08T12:48:59+02:00;;dpa Sachsen;false
0bef292bd8b3107d74ac85fe6b2552669d1cae4cb02acc847bf0b822ecb764ef;AfD lädt alle Parteien in Sachsen-Anhalt zu Sondierungsgesprächen ein;https://www.zeit.de/politik/deutschland/2026-09/afd-sachsen-anhalt-sondierungsgespraeche-parteien-tobias-rausch-gxe;Die AfD lädt in Sachsen-Anhalt alle im Landtag vertretenen Parteien zu Gesprächen ein. BSW-Spitzenkandidatin Claudia Wittig erteilt der AfD im Voraus eine Absage.;Wahl in Sachsen-Anhalt;Politik, Wahl in Sachsen-Anhalt, Sachsen-Anhalt, Alternative für Deutschland, CDU, SPD, Bündnis 90/Die Grünen, Bündnis Sahra Wagenknecht;2026-09-08T12:45:46+02:00;2026-09-08T12:45:46+02:00;hell;DIE ZEIT,        dpa,        AFP,        							hell;false
aa4b286932061b631303daf6e42b825d5a3bf443c73eb8eddc347a205b7627f4;Patt im Landtag? Was nach dem dritten Wahlgang passiert;https://www.zeit.de/news/2026-09/08/patt-im-landtag-was-nach-dem-dritten-wahlgang-passiert;Hier finden Sie Informationen zu dem Thema „Landtagswahl in Sachsen-Anhalt“. Lesen Sie jetzt „Patt im Landtag? Was nach dem dritten Wahlgang passiert“.;Landtagswahl in Sachsen-Anhalt;News, Landtagswahl in Sachsen-Anhalt, Ulrich Siegmund, Sachsen-Anhalt, Alternative für Deutschland, Landtagswahl in Sachsen, Wahlgang, Landtag;2026-09-08T12:45:44+02:00;2026-09-08T12:45:44+02:00;;dpa Sachsen;false
34695b13ed8bab68bbaa2084991312fa7b9d663593de98da578027fc837e87be;EU genehmigt Millionen für Sanofi - Insulinfabrik in Hessen;https://www.zeit.de/news/2026-09/08/eu-genehmigt-millionen-fuer-sanofi-insulinfabrik-in-hessen;Hier finden Sie Informationen zu dem Thema „Medizin“. Lesen Sie jetzt „EU genehmigt Millionen für Sanofi - Insulinfabrik in Hessen“.;Medizin;News, Medizin, Frankfurt, Hessen, Sanofi, Europäische Union, Insulinfabrik, Insulin, Nettokosten;2026-09-08T12:44:13+02:00;2026-09-08T12:44:13+02:00;;dpa Hessen;false
286c7c62f82707fc4304848bf3e2c345c465f285c606b058ef6ba32b1685c313;Telekom-Chef warnt vor Pessimismus bei KI;https://www.zeit.de/news/2026-09/08/telekom-chef-warnt-vor-pessimismus-bei-ki;Hier finden Sie Informationen zu dem Thema „«Digital X» der Telekom“. Lesen Sie jetzt „Telekom-Chef warnt vor Pessimismus bei KI“.;«Digital X» der Telekom;News, «Digital X» der Telekom, Tim Höttges, Europa, China, Silicon Valley, USA, Köln, Deutsche Telekom, X, Pessimismus, Skepsisblase;2026-09-08T12:43:10+02:00;2026-09-08T12:43:10+02:00;;dpa;false
655d37a46c88074ec56159705512029ebe940eba15dfc35ae407617489acefbc;16,3 Millionen Euro für Sanierung von Schloss Droyßig;https://www.zeit.de/news/2026-09/08/16-3-millionen-euro-fuer-sanierung-von-schloss-droyssig;Hier finden Sie Informationen zu dem Thema „Denkmalsanierung“. Lesen Sie jetzt „16,3 Millionen Euro für Sanierung von Schloss Droyßig“.;Denkmalsanierung;News, Denkmalsanierung, Droyßig, Burgenlandkreis, Denkmalsanierung, Sanierung, Geld;2026-09-08T12:42:59+02:00;2026-09-08T12:42:59+02:00;;dpa Sachsen;false
85edd82ae2a6568133df7c2236f49e6b18cc395b309506625193c2413b0a7dcb;Mehr als 160 Schusswaffen sichergestellt – vier Haftbefehle;https://www.zeit.de/news/2026-09/08/mehr-als-160-schusswaffen-sichergestellt-vier-haftbefehle;Hier finden Sie Informationen zu dem Thema „Durchsuchungen“. Lesen Sie jetzt „Mehr als 160 Schusswaffen sichergestellt – vier Haftbefehle“.;Durchsuchungen;News, Durchsuchungen, Staatsanwaltschaft, Schusswaffe, Haftbefehl, Durchsuchung, Kurzwaffe;2026-09-08T12:40:27+02:00;2026-09-08T12:40:27+02:00;;dpa Hessen;false
f5fc4765dd21aaf0b121007bcb64e3fbed902c31bdc179f0077b2fffb1eb7a86;Tarifabschluss im Großhandel Berlin und Brandenburg;https://www.zeit.de/news/2026-09/08/tarifabschluss-im-grosshandel-berlin-und-brandenburg;Hier finden Sie Informationen zu dem Thema „Tarife“. Lesen Sie jetzt „Tarifabschluss im Großhandel Berlin und Brandenburg“.;Tarife;News, Tarife, Berlin, Brandenburg, Ver.di, Tarifabschluss, Großhandel, Tarifergebnis, Warnstreik;2026-09-08T12:39:52+02:00;2026-09-08T12:39:52+02:00;;dpa Berlin/Brandenburg;false
dd19dd800fc73c78de07b5cea0bb9077d11b45973a398163549f03dc857e6c48;Traktor kippt im Weinberg um - Mann schwer verletzt;https://www.zeit.de/news/2026-09/08/traktor-kippt-im-weinberg-um-mann-schwer-verletzt;Hier finden Sie Informationen zu dem Thema „Unglück bei Willanzheim“. Lesen Sie jetzt „Traktor kippt im Weinberg um - Mann schwer verletzt“.;Unglück bei Willanzheim;News, Unglück bei Willanzheim, Willanzheim, Landkreis Kitzingen, Polizei, Traktor, Unglück, Weinbergarbeit;2026-09-08T12:36:08+02:00;2026-09-08T12:36:08+02:00;;dpa Bayern;false
0f906625640be087c8e6b0c77e9d312b609e8a73233b8a21cc19e720d495a19e;«Desaströs»: Deutschland bei Pisa-Studie so schwach wie nie;https://www.zeit.de/news/2026-09/08/pisa-studie-was-ist-das;Hier finden Sie Informationen zu dem Thema „Bildungstest“. Lesen Sie jetzt „«Desaströs»: Deutschland bei Pisa-Studie so schwach wie nie“.;Bildungstest;News, Bildungstest, Pisa, OECD, Bildungsstudie, PISA-Studie;2026-09-08T12:34:35+02:00;2026-09-08T12:34:35+02:00;;dpa;false
47ccab070dc49ff200075f468653df637c8b6a0c3a915fbd3a04d8c7ce7d6e0d;Altona bekommt Klinik-Neubau – mehr Intensivbetten geplant;https://www.zeit.de/news/2026-09/08/altona-bekommt-klinik-neubau-mehr-intensivbetten-geplant;Hier finden Sie Informationen zu dem Thema „Gesundheitsversorgung“. Lesen Sie jetzt „Altona bekommt Klinik-Neubau – mehr Intensivbetten geplant“.;Gesundheitsversorgung;News, Gesundheitsversorgung, Melanie Schlotzhauer, Joachim Gemmel, Altona, Hamburg, SPD, Asklepios Kliniken, Gesundheitsversorgung, Klinikkonzern, Krankenhausneubau, Intensivbetten;2026-09-08T12:30:04+02:00;2026-09-08T12:30:04+02:00;;dpa Hamburg/Schleswig-Holstein;false
38025b0e7f903c94bb0db13656695aab32be2d6bbde6beba10811d28812b47ff;Strom-Sabotage: Polizei nimmt Verdächtigen fest;https://www.zeit.de/news/2026-09/08/strom-sabotage-polizei-nimmt-verdaechtigen-fest;Hier finden Sie Informationen zu dem Thema „Energie“. Lesen Sie jetzt „Strom-Sabotage: Polizei nimmt Verdächtigen fest“.;Energie;News, Energie, Polizei, Stromnetz;2026-09-08T12:25:41+02:00;2026-09-08T12:25:41+02:00;;dpa;false
86f5fd428a170db80474fc7028adc9e05d13650c608e5e838bd7300e65f12da7;AfD-Antrag scheitert vor Verfassungsgerichtshof;https://www.zeit.de/news/2026-09/08/verfassungsgerichtshof-lehnt-afd-antrag-ab;Hier finden Sie Informationen zu dem Thema „Höchste Gerichtsentscheidung“. Lesen Sie jetzt „AfD-Antrag scheitert vor Verfassungsgerichtshof“.;Höchste Gerichtsentscheidung;News, Höchste Gerichtsentscheidung, Koblenz, Rheinland-Pfalz, Alternative für Deutschland, Verfassungsgerichtshof, Fraktionsgesetz, Normenkontrollantrag, Landesverfassung, Erfolg;2026-09-08T12:25:22+02:00;2026-09-08T12:25:22+02:00;;dpa Rheinland-Pfalz/Saarland;false
ee8ef946a72da5dc68d9da46e8d9f5622c64db1c78e4d31fd9d7ab1b95a382f3;Ungarn weist zehn russische Diplomaten aus;https://www.zeit.de/politik/ausland/2026-09/ungarn-russland-diplomaten-ausweisung-anita-orban-gxe;Ungarn hat zehn Mitglieder der russischen Vertretung aufgefordert, das Land zu verlassen. Das russische Außenministerium droht mit einer »harten Reaktion«. ;Ungarn und Russland;Politik, Ungarn und Russland, Russland, Ungarn, diplomatische Beziehung, Viktor Orbán, Außenpolitik;2026-09-08T12:22:58+02:00;2026-09-08T12:22:58+02:00;hell;DIE ZEIT,        Reuters,        AP,        							hell;false
fde25520012111020edefe0f1662e9856803fcb90a5b54ce765cf03f481e5d66;Frühstart bei der Weinlese an Saale und Unstrut;https://www.zeit.de/news/2026-09/08/fruehstart-bei-der-weinlese-an-saale-und-unstrut;Hier finden Sie Informationen zu dem Thema „Agrar“. Lesen Sie jetzt „Frühstart bei der Weinlese an Saale und Unstrut“.;Agrar;News, Agrar, Franziska Zobel, Yannik Einhellinger, Unstrut, Weinlese, Winzervereinigung;2026-09-08T12:21:20+02:00;2026-09-08T12:21:20+02:00;;dpa Sachsen;false
6e9db9e5fd11f965f5df6f71a7cf17738e369b27e5fe875a29fee0aa63d18c26;Bündnis ruft zur Teilnahme an den Kommunalwahlen auf;https://www.zeit.de/news/2026-09/08/buendnis-ruft-zur-teilnahme-an-den-kommunalwahlen-auf;Hier finden Sie Informationen zu dem Thema „«Niedersachsen packt an»“. Lesen Sie jetzt „Bündnis ruft zur Teilnahme an den Kommunalwahlen auf“.;«Niedersachsen packt an»;News, «Niedersachsen packt an», Niedersachsen, Kommunalwahl;2026-09-08T12:20:46+02:00;2026-09-08T12:20:46+02:00;;dpa Niedersachsen;false
7855d36fe360b49060c5f71b9dc0e0057c653ab4ba5a7b044ea65ca14e72bd7c;Mit 25 km/h auf der A8: Polizei zieht Laster aus dem Verkehr;https://www.zeit.de/news/2026-09/08/mit-25-km-h-auf-der-a8-polizei-zieht-laster-aus-dem-verkehr;Hier finden Sie Informationen zu dem Thema „Kontrolle“. Lesen Sie jetzt „Mit 25 km/h auf der A8: Polizei zieht Laster aus dem Verkehr“.;Kontrolle;News, Kontrolle, Gruibingen, Polizei, Verkehr, Sattelzug, Einsatzkraft;2026-09-08T12:18:49+02:00;2026-09-08T12:18:49+02:00;;dpa Baden-Württemberg;false
47c77725206612c3b99263418efb4c5de90d4a7bd2539b7341b6b164f1d51a14;Selenskyj erwartet baldiges Treffen mit Trump;https://www.zeit.de/politik/ausland/ukraine-krieg-news-liveblog;Der ukrainische Präsident lobt »anständige Ideen« der US-Verhandler für ein Kriegsende. Russland attackiert Kyjiw nach dem Ende einer Feuerpause. Das Liveblog;Liveblog:                     Krieg gegen die Ukraine;Politik, Krieg gegen die Ukraine, Krieg in der Ukraine, Wolodymyr Selenskyj, Russland, Militär, Kyjiw;2026-09-08T12:17:22+02:00;2026-09-08T12:17:22+02:00;Isabelle DanielElizabeth RushtonAlexander EydlinKatrin Scheib;;false
3fc32ea6284b46147a7951a6c860ca4ae6e65c9351f8c3dd70b6d0111ed5413d;Brand auf Schlachthof - keine Tiere betroffen;https://www.zeit.de/news/2026-09/08/brand-auf-schlachthof-beim-bodensee-keine-tiere-betroffen;Hier finden Sie Informationen zu dem Thema „Feuerwehr“. Lesen Sie jetzt „Brand auf Schlachthof - keine Tiere betroffen“.;Feuerwehr;News, Feuerwehr, Bodensee, Polizei, Sachschaden, Schlachthof, Tiere;2026-09-08T12:17:05+02:00;2026-09-08T12:17:05+02:00;;dpa Baden-Württemberg;false
a5daebe5176c712df92e493ce091558913fccd1a7ad8b513120d23adc05c2276;Annemarie und Wayne Carpendale haben sich getrennt;https://www.zeit.de/news/2026-09/07/annemarie-und-wayne-carpendale-haben-sich-getrennt;Hier finden Sie Informationen zu dem Thema „Leute“. Lesen Sie jetzt „Annemarie und Wayne Carpendale haben sich getrennt“.;Leute;News, Leute, Wayne Carpendale;2026-09-08T12:15:48+02:00;2026-09-08T12:15:48+02:00;;dpa;false
7294d5f6abc5506f3337e3660ad238fccfaa3ffad14f3bbc23d715e9630764cc;Busstreik legt Städte in Schleswig-Holstein lahm;https://www.zeit.de/news/2026-09/08/warnstreik-im-oeffentlichen-nahverkehr-im-norden-beginnt;Hier finden Sie Informationen zu dem Thema „Tarifverhandlungen“. Lesen Sie jetzt „Busstreik legt Städte in Schleswig-Holstein lahm“.;Tarifverhandlungen;News, Tarifverhandlungen, Schleswig-Holstein, Lübeck, Flensburg, Neumünster, Kreis Plön, Kiel, Ver.di, Nahverkehr, Warnstreik, Pendler;2026-09-08T12:13:39+02:00;2026-09-08T12:13:39+02:00;;dpa Hamburg/Schleswig-Holstein;false
f418680729219bb3bd6d1293ec62aa47e53ed06821bca8c5fe1ce4ca03c21c3b;Macklemore verteidigt «Free Palestine»-Rufe bei Sheeran-Tour;https://www.zeit.de/news/2026-09/08/macklemore-verteidigt-free-palestine-rufe-bei-sheeran-tour;Hier finden Sie Informationen zu dem Thema „Leute“. Lesen Sie jetzt „Macklemore verteidigt «Free Palestine»-Rufe bei Sheeran-Tour“.;Leute;News, Leute, Macklemore, Ed Sheeran, Palestine, Metlife Inc. Stadium, New Jersey, Amerika, Westjordanland, Israel, Gazastreifen, Hamas;2026-09-08T12:09:11+02:00;2026-09-08T12:09:11+02:00;;dpa;false
d823f0331e8b7bc6fc390eeefb012e248fc6bb00c337a0f799a607c9dd77ea1c;Tödlicher Unfall auf A7 - mutmaßlicher Verursacher ermittelt;https://www.zeit.de/news/2026-09/08/toedlicher-unfall-auf-a7-mutmasslicher-verursacher-ermittelt;Hier finden Sie Informationen zu dem Thema „Unglück bei Oy-Mittelberg“. Lesen Sie jetzt „Tödlicher Unfall auf A7 - mutmaßlicher Verursacher ermittelt“.;Unglück bei Oy-Mittelberg;News, Unglück bei Oy-Mittelberg, USA, Oy-Mittelberg, Landkreis Oberallgäu, Polizei, Unfall;2026-09-08T12:08:56+02:00;2026-09-08T12:08:56+02:00;;dpa Bayern;false
f044f48fc1870cdead5389909a4a15c619cf5a296abacdfcf7b1b743f86208f7;FDP-Landesvorsitzende Hüskens bleibt bis Parteitag im Amt;https://www.zeit.de/news/2026-09/08/fdp-landesvorsitzende-hueskens-bleibt-bis-parteitag-im-amt;Hier finden Sie Informationen zu dem Thema „Parteien“. Lesen Sie jetzt „FDP-Landesvorsitzende Hüskens bleibt bis Parteitag im Amt“.;Parteien;News, Parteien, Lydia Hüskens, Sachsen-Anhalt, FDP, Parteitag;2026-09-08T12:07:34+02:00;2026-09-08T12:07:34+02:00;;dpa Sachsen;false
98b0fd71af22b23e861f93e99d65bce0d43946251f9fa35c1ec7c1a99b7aa811;Britischer geht Dessert gar nicht;https://www.zeit.de/zeit-magazin/wochenmarkt/2026-09/zitronen-basilikum-posset-rezept-dessert-wochenmarkt;Schon Shakespeare ließ seine Helden Possets verschlingen, manchmal war das Dessert vergiftet. Diese Version ist harmlos, fix gemacht – und die Sahne herrlich geschmeidig.;"Z+ (abopflichtiger Inhalt);
        
    Zitronen-Basilikum-Posset";vegetarische Rezepte, Desserts;2026-09-08T12:03:45+02:00;2026-09-08T12:03:45+02:00;Angelika Schwaff;;false
299f49529c51b88842a8426087ed4ce141bea5042acbdcc981087db4b4b33187;»Papa war ein superlieber Mensch. Er hat es einfach nicht hinbekommen«;https://www.zeit.de/zeit-magazin/leben/2026-09/familie-geschichte-trennung-alkohol-tod-versoehnung;Nach einer Totgeburt wird der Vater alkoholkrank. Als die Mutter ihn endlich verlässt, gibt sie die Kinder aus Überforderung in ein Heim. Wie sie wieder zueinander fanden;"Z+ (abopflichtiger Inhalt);
        
    Familiengeschichte";Familie, Geschichte, Eltern, Kinder, Alkoholsucht, Mütter;2026-09-08T12:02:47+02:00;2026-09-08T12:02:47+02:00;Alicia Kleer;;false
4e8d06a2a2f3441c08a9ea110f207a44cb908a583e017adf9173eaf6fedd3943;Mann durch Schüsse auf Anti-AfD-Demonstration in Halle leicht verletzt;https://www.zeit.de/politik/deutschland/2026-09/halle-demonstration-schuesse-softairwaffe-august-bebel-platz-gxe;Ein Unbekannter schoss nach der Landtagswahl auf die Teilnehmer einer Anti-AfD-Demonstration in Halle. Ein Mensch wurde verletzt, der Staatsschutz ermittelt.;Angriff auf Protest;Politik, Angriff auf Protest, Protest, Halle, Polizei, Sachsen-Anhalt, Landtagswahl, Demonstration;2026-09-08T12:02:04+02:00;2026-09-08T12:02:04+02:00;tw;DIE ZEIT,        dpa,        							tw;false
483586d234d37d9e0d367ee6cb732dbcad7003ed02cf3f102cbd8bb08c4917eb;Finalisten für Deutschen Buchpreis stehen fest;https://www.zeit.de/feuilleton/2026-09/deutscher-buchpreis-shortlist-2025-romane-cornelia-geissler-gxe;Fünf Autorinnen und ein Autor haben in diesem Jahr die Chance auf den Deutschen Buchpreis. Die Jury lobt die Kandidaten für ästhetischen Reichtum und Sprachlust.;Deutscher Buchpreis;Feuilleton, Deutscher Buchpreis, Deutscher Buchpreis, Belletristik, Schriftstellerin, Autor, Literatur, Frankfurt am Main;2026-09-08T12:01:32+02:00;2026-09-08T12:01:32+02:00;isd;DIE ZEIT,        epd,        							isd;false
8f61de7a1a3bb064dab3b6614f333079afcfa5ff7fbcba126000e8787c84a2e3;Zeit gestohlen: Schon wieder zwei Bahnhofsuhren geklaut;https://www.zeit.de/news/2026-09/08/zeit-gestohlen-schon-wieder-zwei-bahnhofsuhren-geklaut;Hier finden Sie Informationen zu dem Thema „Schon das dritte Mal“. Lesen Sie jetzt „Zeit gestohlen: Schon wieder zwei Bahnhofsuhren geklaut“.;Schon das dritte Mal;News, Schon das dritte Mal, Böblingen, Leonberg, Bundespolizei, Bahnhofsuhr;2026-09-08T12:00:10+02:00;2026-09-08T12:00:10+02:00;;dpa Baden-Württemberg;false
68316a7e922841a08202ad5ece0cb987d66bf108ca2ec19020987c5ba589a390;AfD will alle Parteien zu Sondierungen einladen;https://www.zeit.de/news/2026-09/08/afd-will-alle-parteien-zu-sondierungen-einladen;Hier finden Sie Informationen zu dem Thema „Regierungsbildung“. Lesen Sie jetzt „AfD will alle Parteien zu Sondierungen einladen“.;Regierungsbildung;News, Regierungsbildung, Sachsen-Anhalt, Alternative für Deutschland, Sondierung, Sondierungsgespräch, Landtag, Koalition;2026-09-08T11:58:59+02:00;2026-09-08T11:58:59+02:00;;dpa Sachsen;false
c624981ddb889bfc65cfd0eefcc377a7286c7750476c33ae8024033c6d120922;Stolperstein Stavanger? VfB gewarnt in die Königsklasse;https://www.zeit.de/news/2026-09/08/stolperstein-stavanger-vfb-gewarnt-in-die-koenigsklasse;Hier finden Sie Informationen zu dem Thema „Champions League“. Lesen Sie jetzt „Stolperstein Stavanger? VfB gewarnt in die Königsklasse“.;Champions League;News, Champions League, Fabian Wohlgemuth, Stavanger, Bad Cannstatt, Stuttgart, VfB Stuttgart, 1. FC Köln, DAZN, Champions League, Bundesliga, Königsklasse;2026-09-08T11:56:03+02:00;2026-09-08T11:56:03+02:00;;dpa Baden-Württemberg;false
e77a59a2ab2b6ee25c72c57ec7ffe497526fe5dd045ddd85d9dc4f0e4aa1300e;Berichte: London sanktioniert Siedlungen im Westjordanland;https://www.zeit.de/news/2026-09/08/berichte-london-sanktioniert-siedlungen-im-westjordanland;Hier finden Sie Informationen zu dem Thema „Nahostkonflikt“. Lesen Sie jetzt „Berichte: London sanktioniert Siedlungen im Westjordanland“.;Nahostkonflikt;News, Nahostkonflikt, Ed Miliband, Pat Mcfadden, London, Westjordanland, Großbritannien, Israel, House of Commons, Sky News, Siedlung, Sanktion;2026-09-08T11:54:47+02:00;2026-09-08T11:54:47+02:00;;dpa;false
2e959105251a3ce47c67fad9c0b23175283b1ea5088fe45c59601c79df9889e9;Minister: Genauer hinschauen, wo Schüler Hilfe brauchen;https://www.zeit.de/news/2026-09/08/minister-genauer-hinschauen-wo-schueler-hilfe-brauchen;Hier finden Sie Informationen zu dem Thema „Bildungstest Pisa“. Lesen Sie jetzt „Minister: Genauer hinschauen, wo Schüler Hilfe brauchen“.;Bildungstest Pisa;News, Bildungstest Pisa, Gordon Hoffmann, Pisa, Brandenburg, CDU, Bildungstest;2026-09-08T11:52:31+02:00;2026-09-08T11:52:31+02:00;;dpa Berlin/Brandenburg;false
05e472ba96e081b44b3e54becacc4627d60781d5ab9857d56910a21dcda66274;Haßelmann beschuldigt Ministerin Reiche der mangelnden Gasvorsorge;https://www.zeit.de/politik/deutschland/2026-09/gasversorgung-winter-gasspeicher-fuellstand-katherina-reiche-cdu-ines-gxe;Die Grüne Britta Haßelmann wirft Bundeswirtschaftsministerin Katherina Reiche schwere Versäumnisse bei der Gasvorsorge vor. Im kommenden Winter drohe »eine Mangellage«.;Gasspeicher;Politik, Gasspeicher, Gasversorgung, Winter, Katherina Reiche, Bündnis 90/Die Grünen, CDU, BMWi;2026-09-08T11:49:52+02:00;2026-09-08T11:49:52+02:00;hell;DIE ZEIT,        Reuters,        dpa,        							hell;false
20273f6309c47ff2241d846f2536bc6a74d930b8bc94db58bea7ca8b13e91a50;Dämpfer für deutschen Export - Probleme mit China;https://www.zeit.de/news/2026-09/08/deutsche-exporte-ruecklaeufig-us-geschaeft-laeuft;Hier finden Sie Informationen zu dem Thema „Außenhandel“. Lesen Sie jetzt „Dämpfer für deutschen Export - Probleme mit China“.;Außenhandel;News, Außenhandel, China;2026-09-08T11:49:47+02:00;2026-09-08T11:49:47+02:00;;dpa;false
ae196f0132ab29b99d198449bcd14b7a6a5f24552a7eb4edf90dfe0e6dc0080c;Kultusminister nennt Pisa-Ergebnisse «alarmierend»;https://www.zeit.de/news/2026-09/08/kultusminister-nennt-pisa-ergebnisse-alarmierend;Hier finden Sie Informationen zu dem Thema „Bildungspolitik“. Lesen Sie jetzt „Kultusminister nennt Pisa-Ergebnisse «alarmierend»“.;Bildungspolitik;News, Bildungspolitik, Armin Schwarz, Hessen, Wiesbaden, CDU, Bildungspolitik;2026-09-08T11:47:44+02:00;2026-09-08T11:47:44+02:00;;dpa Hessen;false
fa4727a5d1550d425a835c62ca01a66636e9f64e60dd97ddf83dff043c3b9cba;66-Jähriger nach Angriff mit Stichwaffe in Lebensgefahr;https://www.zeit.de/news/2026-09/08/66-jaehriger-nach-angriff-mit-stichwaffe-in-lebensgefahr;Hier finden Sie Informationen zu dem Thema „Häusliche Gewalt“. Lesen Sie jetzt „66-Jähriger nach Angriff mit Stichwaffe in Lebensgefahr“.;Häusliche Gewalt;News, Häusliche Gewalt, Rheinbach, Rhein-Sieg-Kreis, Stichwaffe, Angriff, Lebensgefahr;2026-09-08T11:47:16+02:00;2026-09-08T11:47:16+02:00;;dpa Nordrhein-Westfalen;false
2cce7bd0e09e75f2fcae07fbc4bd1a70e5f72108d471c5b4e5a365f594c3c39e;Mehr Strom in Deutschland aus erneuerbaren Energien;https://www.zeit.de/wirtschaft/2026-09/erneuerbare-energien-stromproduktion-deutschland-anteil-gxe;Ein größerer Teil des 2026 in Deutschland verbrauchten Stroms stammte bisher aus erneuerbaren Energien. Wind, Sonne und Biogas lieferten 59,1 Prozent des gesamten Stroms.;Erneuerbare Energien;Wirtschaft, Erneuerbare Energien, Erneuerbare Energien, Energiewende, Strompreis, Stromversorgung, Energiekosten;2026-09-08T11:46:58+02:00;2026-09-08T11:46:58+02:00;thor;DIE ZEIT,        dpa,        							thor;false
f914d1f518461111583266075cb51f01e6c1bb5f716ecb650443941989751587;»Es bedeutet eine Art Vibe-Shift für die gesamte Politik«;https://www.zeit.de/feuilleton/2026-09/christian-stecker-afd-politologie-wahl-stigmatisierung-radikalisierung;Wie wird die AfD regieren – und was heißt das für Sachsen-Anhalt und den Rest des Landes? »Das ist jetzt nicht 1933«, sagt der Politologe Christian Stecker.;"Z+ (abopflichtiger Inhalt);
        
    Christian Stecker";Feuilleton, Christian Stecker, Landtagswahl, Sachsen-Anhalt, Alternative für Deutschland, Geschichte, Politikwissenschaft;2026-09-08T11:46:37+02:00;2026-09-08T11:46:37+02:00;Ijoma Mangold;;false
bf36abe953c05837ef867864289d90bfb60bc2a712f961e027b8d30c8e6ae67f;Schauer und Gewitter bringen Abkühlung nach Deutschland;https://www.zeit.de/news/2026-09/08/schauer-und-gewitter-bringen-abkuehlung-nach-deutschland;Hier finden Sie Informationen zu dem Thema „Wetter“. Lesen Sie jetzt „Schauer und Gewitter bringen Abkühlung nach Deutschland“.;Wetter;News, Wetter, DWD, Gewitter, Südwesten, Abkühlung, Wetter, Unwetter;2026-09-08T11:37:36+02:00;2026-09-08T11:37:36+02:00;;dpa;false
61c01107976eb8c9e9861895ba9210e7b1b285784c5a6db7f63b7c1b188341fe;Betrunkener sticht mit Messer auf Hund ein;https://www.zeit.de/news/2026-09/08/betrunkener-sticht-mit-messer-auf-hund-ein;Hier finden Sie Informationen zu dem Thema „Kriminalität“. Lesen Sie jetzt „Betrunkener sticht mit Messer auf Hund ein“.;Kriminalität;News, Kriminalität, Selb, Landkreis Wunsiedel, Polizei;2026-09-08T11:36:20+02:00;2026-09-08T11:36:20+02:00;;dpa Bayern;false
da97f4779f74a959e992181d8dd17d6a25882e69a6e49cae7f1edda7a5c16b50;Krawalle in Mannheim: Ermittlungen gegen einen Polizisten;https://www.zeit.de/news/2026-09/08/krawalle-in-mannheim-ermittlungen-gegen-einen-polizisten;Hier finden Sie Informationen zu dem Thema „Skandal-Derby“. Lesen Sie jetzt „Krawalle in Mannheim: Ermittlungen gegen einen Polizisten“.;Skandal-Derby;News, Skandal-Derby, Mannheim, Waldhof, Kaiserslautern, Südwestrundfunk, Deutscher Fußball-Bund, 1. FC Kaiserslautern, Polizei, Deutsche Presse-Agentur, Krawall, Ermittlung;2026-09-08T11:36:13+02:00;2026-09-08T11:36:13+02:00;;dpa Baden-Württemberg;false
6b33cb91ee68bf69922e49bdeac48246154272eaf09aa1bd07fb86b8259bb98c;Bundesfinanzminister Klingbeil warnt vor Sozialabbau durch Reformkurs;https://www.zeit.de/politik/deutschland/2026-09/haushaltsberatungen-bundestag-lars-klingbeil-sozialstaat-reformen-ausgaben-schulden-gxe;Zum Auftakt der Haushaltsberatungen warnt Lars Klingbeil vor einem »systematischen Abbau« des Sozialstaats. Die Union mahnt, hohe Schulden dürften kein Dauerzustand sein.;Haushaltsberatungen im Bundestag;Politik, Haushaltsberatungen im Bundestag, Lars Klingbeil, Bundesregierung, Deutscher Bundestag, SPD, Schulden, Reform;2026-09-08T11:34:21+02:00;2026-09-08T11:34:21+02:00;mga;DIE ZEIT,        AFP,        							mga;false
520d146d892a06719d17f29bfb41f7e650e8551ecdb0163fb602aacf5baaa14f;Karin Prien nennt Ergebnisse von Pisa-Studie »besorgniserregend«;https://www.zeit.de/bildung/2026-09/hendrik-streeck-soziale-medien-kinder-pisa-studie-gxe;Mit dem schlechten Abschneiden Deutschlands bei der Pisa-Studie war laut Karin Prien zu rechnen. Der Drogenbeauftragte sieht den Grund auch in Social Media.;Pisa-Studie 2026;Bildung, Pisa-Studie 2026, PISA-Studie, Karin Prien, Bildung, Schule, Schüler, CDU;2026-09-08T11:32:25+02:00;2026-09-08T11:32:25+02:00;liw;DIE ZEIT,        dpa,        							liw;false
4fc20050d8f5c23f792a7d646d17e5ce502d5beb39f84dfc442f2f67b6297345;Nächster Feueralarm: Basketballerinnen wieder auf der Straße;https://www.zeit.de/news/2026-09/08/naechster-feueralarm-basketballerinnen-wieder-auf-der-strasse;Hier finden Sie Informationen zu dem Thema „Basketball-WM der Frauen“. Lesen Sie jetzt „Nächster Feueralarm: Basketballerinnen wieder auf der Straße“.;Basketball-WM der Frauen;News, Basketball-WM der Frauen, Südkorea, Feueralarm, Magentasport;2026-09-08T11:31:18+02:00;2026-09-08T11:31:18+02:00;;dpa Berlin/Brandenburg;false
59a77007268cf7967b00dec923d952c04639304a981835758d7c0b2bdb42acfd;Warnstreik bei der Leipziger Messe;https://www.zeit.de/news/2026-09/08/warnstreik-bei-der-leipziger-messe;Hier finden Sie Informationen zu dem Thema „Tarifauseinandersetzung“. Lesen Sie jetzt „Warnstreik bei der Leipziger Messe“.;Tarifauseinandersetzung;News, Tarifauseinandersetzung, Leipzig, Leipziger Messe, Ver.di, Tarifauseinandersetzung, Warnstreik;2026-09-08T11:30:04+02:00;2026-09-08T11:30:04+02:00;;dpa Sachsen;false
a59b73e4c19fb4d0440e409e4998a4cdbad72103716cbbf38445ae8edeaa9d09;Weniger Kita-Kinder unter drei Jahren in Hessen;https://www.zeit.de/news/2026-09/08/weniger-kita-kinder-unter-drei-jahren-in-hessen;Hier finden Sie Informationen zu dem Thema „Kinderbetreuung“. Lesen Sie jetzt „Weniger Kita-Kinder unter drei Jahren in Hessen“.;Kinderbetreuung;News, Kinderbetreuung, Hessen, Kinderbetreuung, Kindertageseinrichtung;2026-09-08T11:24:37+02:00;2026-09-08T11:24:37+02:00;;dpa Hessen;false
715932326b5aaa4b0dfb0ec1982d9010e776381b0a87b1fc34effa70b116111e;Initiativen warnen vor rechter Gewalt nach AfD-Wahlsieg;https://www.zeit.de/news/2026-09/08/initiativen-warnen-vor-rechter-gewalt-nach-afd-wahlsieg;Hier finden Sie Informationen zu dem Thema „Landtagswahl in Sachsen-Anhalt“. Lesen Sie jetzt „Initiativen warnen vor rechter Gewalt nach AfD-Wahlsieg“.;Landtagswahl in Sachsen-Anhalt;News, Landtagswahl in Sachsen-Anhalt, Timo Reinfrank, Robert Fietzke, Sachsen-Anhalt, Alternative für Deutschland, Amadeu Antonio Stiftung, Initiative, Wahlsieg, Rechtsextremismus;2026-09-08T11:21:18+02:00;2026-09-08T11:21:18+02:00;;dpa Sachsen;false
b3ae6c450fcb114fba9e9f2009f521edfc55801dc34ae6dc4e06812feb950402;Der Mann fürs Lagerfeuer: «The Voice» mit neuem Moderator;https://www.zeit.de/news/2026-09/08/matthias-killing-der-mann-fuers-lagerfeuer;Hier finden Sie Informationen zu dem Thema „Matthias Killing“. Lesen Sie jetzt „Der Mann fürs Lagerfeuer: «The Voice» mit neuem Moderator“.;Matthias Killing;News, Matthias Killing, Matthias Killing, Thore Schölermann, Shirin David, Rea Garvey, Nico Santos, Michi Beck, Smudo, Hagen, Ruhrgebiet, Schalke;2026-09-08T11:19:36+02:00;2026-09-08T11:19:36+02:00;;dpa;false
c1ce28487cfbed084ac0eb283c54676c947e37bb22643ed3d2935975d2aa040d;Mann durch Schüsse verletzt – Tatverdächtiger flüchtig;https://www.zeit.de/news/2026-09/08/mann-durch-schuesse-verletzt-tatverdaechtiger-fluechtig;Hier finden Sie Informationen zu dem Thema „Mülheim“. Lesen Sie jetzt „Mann durch Schüsse verletzt – Tatverdächtiger flüchtig“.;Mülheim;News, Mülheim, Mülheim, Mülheim an der Ruhr, Polizei;2026-09-08T11:18:20+02:00;2026-09-08T11:18:20+02:00;;dpa Nordrhein-Westfalen;false
916e065ae5dbe0efdf614fe6b8fc9a1fe76c84dcbf32b4282135addd27b83dc0;Nach versuchtem Tötungsdelikt: Drei weitere Männer in U-Haft;https://www.zeit.de/news/2026-09/08/nach-versuchtem-toetungsdelikt-drei-weitere-maenner-in-u-haft;Hier finden Sie Informationen zu dem Thema „Gewaltsame Auseinandersetzung“. Lesen Sie jetzt „Nach versuchtem Tötungsdelikt: Drei weitere Männer in U-Haft“.;Gewaltsame Auseinandersetzung;News, Gewaltsame Auseinandersetzung, Mann, Ludwigshafen, Polizei, Staatsanwaltschaft, Tötungsdelikt, Friedenspark;2026-09-08T11:15:00+02:00;2026-09-08T11:15:00+02:00;;dpa Rheinland-Pfalz/Saarland;false
a4e6c90c8ad285a613e37efcaf5921601c025c800b7f234f297721401649885e;So sehen Sie König Haralds Begräbnis live;https://www.zeit.de/news/2026-09/08/so-sehen-sie-koenig-haralds-begraebnis-live;Hier finden Sie Informationen zu dem Thema „Staatsbegräbnis in Norwegen“. Lesen Sie jetzt „So sehen Sie König Haralds Begräbnis live“.;Staatsbegräbnis in Norwegen;News, Staatsbegräbnis in Norwegen, Harald V., Norwegen, aufstehen, ARD, RTL, Staatsbegräbnis, Begräbnis;2026-09-08T11:13:28+02:00;2026-09-08T11:13:28+02:00;;dpa;false
4b77b6bd5c2565978d18f1d61b79e844084447468ee4b1c96dc4948c859562c9;Bilder des Tages;https://www.zeit.de/news/2026-09/08/bilder-des-tages;Hier finden Sie Informationen zu dem Thema „Fotografie“. Lesen Sie jetzt „Bilder des Tages“.;Fotografie;News, Fotografie, News;2026-09-08T11:07:37+02:00;2026-09-08T11:07:37+02:00;;dpa;false
10cc230ba988d2e202a3a863c9b3ae482cebea43e767f18ce5b299f303e76c91;Brand im Naturschutzgebiet: Mäharbeiten als mögliche Ursache;https://www.zeit.de/news/2026-09/08/brand-im-naturschutzgebiet-maeharbeiten-als-moegliche-ursache;Hier finden Sie Informationen zu dem Thema „Tübingen“. Lesen Sie jetzt „Brand im Naturschutzgebiet: Mäharbeiten als mögliche Ursache“.;Tübingen;News, Tübingen, Tübingen, Polizei, Mäharbeit, Naturschutzgebiet;2026-09-08T11:04:06+02:00;2026-09-08T11:04:06+02:00;;dpa Baden-Württemberg;false
cadc3d2c70e6fd0d6d8e60653599c4dfe354daf35e1eb89a683b4c6d6ef2b808;Berliner CDU plant Wahlkampfauftritt mit Kanzler Merz;https://www.zeit.de/news/2026-09/08/berliner-cdu-plant-wahlkampfauftritt-mit-kanzler-merz;Hier finden Sie Informationen zu dem Thema „Berlin-Wahl“. Lesen Sie jetzt „Berliner CDU plant Wahlkampfauftritt mit Kanzler Merz“.;Berlin-Wahl;News, Berlin-Wahl, Friedrich Merz, Stefan Evers, Berlin, CDU, Wahlkampfauftritt, Wahlkampf;2026-09-08T11:04:01+02:00;2026-09-08T11:04:01+02:00;;dpa Berlin/Brandenburg;false
dc481844cefdbf1e6be42bf62a4cf4502caf8234ef9e7e526c1851fe474c59cf;Unbekannte entwenden drei Gemälde aus Renoir-Museum in Südfrankreich;https://www.zeit.de/feuilleton/kunst/2026-09/renoir-museum-cagnes-sur-mer-einbruch-gemaelde-diebstahl-frankreich-gxe;Im Renoir-Museum im südfranzösischen Cagnes-sur-Mer fehlen nach einem Diebstahl drei Werke des Malers. Der Schaden wird auf neun Millionen Euro geschätzt.;Kunstdiebstahl;Feuilleton, Kunstdiebstahl, Kunstraub, Frankreich, Malerei, Diebstahl, Ermittlung;2026-09-08T11:01:11+02:00;2026-09-08T11:01:11+02:00;tw;DIE ZEIT,        AFP,        							tw;false
31eeeb2a428e3d945d04e22c174a5e27b276b41b19483cfa19df61dc68e9d400;WHO: Rauchen senkt Chancen auf Schwangerschaft;https://www.zeit.de/news/2026-09/08/who-rauchen-senkt-chancen-auf-schwangerschaft;Hier finden Sie Informationen zu dem Thema „Rauchen und Unfruchtbarkeit“. Lesen Sie jetzt „WHO: Rauchen senkt Chancen auf Schwangerschaft“.;Rauchen und Unfruchtbarkeit;News, Rauchen und Unfruchtbarkeit, Weltgesundheitsorganisation, WHO, Unfruchtbarkeit, Schwangerschaft, Tabakkonsum;2026-09-08T11:00:09+02:00;2026-09-08T11:00:09+02:00;;dpa;false
dcc87d2533f1d2d0341e6bf93c2bf0ff83f69d46b92e12e65e10b24dac1b6215;Hollywoodstar Cate Blanchett erhält Praemium Imperiale;https://www.zeit.de/news/2026-09/08/hollywoodstar-cate-blanchett-erhaelt-praemium-imperiale;Hier finden Sie Informationen zu dem Thema „Auszeichnung“. Lesen Sie jetzt „Hollywoodstar Cate Blanchett erhält Praemium Imperiale“.;Auszeichnung;News, Auszeichnung, Cate Blanchett, Daniel Libeskind, Herbert Blomstedt, Jenny Holzer, Andy Goldsworthy, Japan, Praemium Imperiale, Auszeichnung, Kulturpreis;2026-09-08T11:00:06+02:00;2026-09-08T11:00:06+02:00;;dpa Berlin/Brandenburg;false
b0ebff4167da2d2eadd17f5a59d34fab40e34de7207acbfbe4d67cc972c7170a;Frauen selten mit höherer Bildung als Partner;https://www.zeit.de/news/2026-09/08/frauen-selten-mit-hoeherer-bildung-als-partner;Hier finden Sie Informationen zu dem Thema „Statistik“. Lesen Sie jetzt „Frauen selten mit höherer Bildung als Partner“.;Statistik;News, Statistik, Wiesbaden, Statistisches Bundesamt, Bildungsabschluss, Beziehung;2026-09-08T10:59:50+02:00;2026-09-08T10:59:50+02:00;;dpa;false
ad0218f6ee16a006d0aa94bdf11320e9b4cca434a4025b057ff45ed8333a5f3f;Bilger als Verkehrs- und Linnemann als Gesundheitsminister vereidigt;https://www.zeit.de/politik/deutschland/2026-09/vereidigung-minister-cdu-carsten-linnemann-steffen-bilger-kabinettsumbildung-friedrich-merz-bundestag-gxe;Die CDU-Politiker Steffen Bilger und Carsten Linnemann haben im Bundestag ihren Amtseid abgelegt. Zu Bundesministern waren sie bereits vor sechs Wochen ernannt worden.;Vereidigung im Bundestag;Politik, Vereidigung im Bundestag, Deutscher Bundestag, Carsten Linnemann, Steffen Bilger, CDU, Bundesregierung, Julia Klöckner, Friedrich Merz;2026-09-08T10:52:49+02:00;2026-09-08T10:52:49+02:00;mga;DIE ZEIT,        AFP,        							mga;false
52cd0f51e54f697961fa741a61bbb47ca003185003c5967975eeed66def29bd0;Huthis melden Großangriff auf Saudi-Arabien;https://www.zeit.de/politik/ausland/2026-09/jemen-huthi-miliz-angriffe-saudi-arabien-gxe;Bei Huthi-Angriffen auf Saudi-Arabien sind mehr als 70 Menschen verletzt worden. Die vom Iran unterstützte Miliz will auch Anlagen des Ölkonzerns Aramco getroffen haben.;Saudi-Arabien;Politik, Saudi-Arabien, Huthi, Riad, Saudi-Arabien, Jemen, Brand;2026-09-08T10:51:26+02:00;2026-09-08T10:51:26+02:00;thor;DIE ZEIT,        AFP,        Reuters,        							thor;false
119f4a774ab3f961711ae595368bae3c702679d2cf27fb016ed6e0ac0660376e;Autofahrer prallt gegen Hauswand von Museum - zwei Verletzte;https://www.zeit.de/news/2026-09/08/autofahrer-prallt-gegen-hauswand-von-museum-zwei-verletzte;Hier finden Sie Informationen zu dem Thema „Von Straße abgekommen“. Lesen Sie jetzt „Autofahrer prallt gegen Hauswand von Museum - zwei Verletzte“.;Von Straße abgekommen;News, Von Straße abgekommen, Berlin-Mitte, Polizei, Hauswand;2026-09-08T10:48:55+02:00;2026-09-08T10:48:55+02:00;;dpa Berlin/Brandenburg;false
1fc478c2c4fab25e0f6bad2c2ebfd86e1c114b3125973f44c0a9ee998290aa68;Ministerin sieht «Weckruf» - private Handys verbieten;https://www.zeit.de/news/2026-09/08/ministerin-sieht-weckruf-private-handys-verbieten;Hier finden Sie Informationen zu dem Thema „Pisa-Studie“. Lesen Sie jetzt „Ministerin sieht «Weckruf» - private Handys verbieten“.;Pisa-Studie;News, Pisa-Studie, Ute Eiling-Hütig, Mainz, Rheinland-Pfalz, CDU, Weckruf, Kompetenzwert, PISA-Studie;2026-09-08T10:44:38+02:00;2026-09-08T10:44:38+02:00;;dpa Rheinland-Pfalz/Saarland;false
2f2ed04199c73e41b62004164e10758203e6cdb3d36ef752df6012779d8eb6d4;Nach Prügel-Attacke beim Judo: Polizei ermittelt;https://www.zeit.de/news/2026-09/07/nach-pruegel-attacke-beim-judo-polizei-ermittelt;Hier finden Sie Informationen zu dem Thema „Judo-Eklat“. Lesen Sie jetzt „Nach Prügel-Attacke beim Judo: Polizei ermittelt“.;Judo-Eklat;News, Judo-Eklat, Georgien, Leipzig, Polizei, TSV Abensberg, Bundesliga, Olympia, Judo, Bundesligakampf, Körperverletzung;2026-09-08T10:42:26+02:00;2026-09-08T10:42:26+02:00;;dpa Bayern;false
77d3a45b53e4a93e618a53386edbff1c62ee52a4ef01de973ed9da55aad82c0e;Kleiner Piks kann vor Wiesn-Grippe schützen;https://www.zeit.de/news/2026-09/08/kleiner-piks-kann-vor-wiesn-grippe-schuetzen;Hier finden Sie Informationen zu dem Thema „Wiesn-Gesundheit“. Lesen Sie jetzt „Kleiner Piks kann vor Wiesn-Grippe schützen“.;Wiesn-Gesundheit;News, Wiesn-Gesundheit, Christoph Spinner, München, Isar, LMU, Technische Universität München, Oktoberfest, Gehuste, Erkältungsvirus, Impfung, Influenza;2026-09-08T10:40:47+02:00;2026-09-08T10:40:47+02:00;;dpa Bayern;false
6ab0bcba344debe78cff36abf05a89299cda7e6c954d0e49fad2dc603970e396;Weiteres Bekennerschreiben nach Sabotageversuchen in NRW entdeckt;https://www.zeit.de/gesellschaft/zeitgeschehen/2026-09/sabotage-stromnetz-hochspannungsleitung-nrw-bekennerschreiben-gxe;Nahe dem Kraftwerk Weisweiler bei Aachen hat die Polizei ein weiteres Bekennerschreiben entdeckt. Die Fahndung nach einem Verdächtigen läuft weiter – bislang erfolglos.;Sabotageversuche an Stromnetz;Gesellschaft, Sabotageversuche an Stromnetz, Ermittlung, Nordrhein-Westfalen, Kraftwerk, Aachen, Polizei;2026-09-08T10:36:53+02:00;2026-09-08T10:36:53+02:00;mga;DIE ZEIT,        AFP,        dpa,        							mga;false
a1c9e57503b22f6805a1a0f139296382a1600523c8cc5dff6066f38fb8b3e60c;Hessens Ministerpräsident plädiert für Abkehr vom »Brandmauer«-Begriff;https://www.zeit.de/politik/deutschland/2026-09/boris-rhein-cdu-brandmauer-afd-sachsen-anhalt-gxe;Der hessische Ministerpräsident Boris Rhein bezeichnet das Sprachbild der Brandmauer als »nicht christdemokratisch«. Besser sei es, »Brücken in die Mitte zu bauen«.;AfD;Politik, AfD, Hessen, Ministerpräsident, CDU, Alternative für Deutschland, Sachsen-Anhalt;2026-09-08T10:34:56+02:00;2026-09-08T10:34:56+02:00;hell;DIE ZEIT,        AFP,        							hell;false
623bb49f009a457c32620205c2083d99498c9ec79a7421acec1451bc79c868f9;Nach Absturz von Kleinflugzeug soll Pilot obduziert werden;https://www.zeit.de/news/2026-09/08/nach-absturz-von-kleinflugzeug-soll-pilot-obduziert-werden;Hier finden Sie Informationen zu dem Thema „Unglück“. Lesen Sie jetzt „Nach Absturz von Kleinflugzeug soll Pilot obduziert werden“.;Unglück;News, Unglück, Viernheim, Staatsanwaltschaft, Kleinflugzeug, Absturz, Unglück;2026-09-08T10:34:53+02:00;2026-09-08T10:34:53+02:00;;dpa Baden-Württemberg;false
a38ec9dfa009fec4c87d7ad48ba6974d9f210effeface4e50f72b6166f7f7a7f;Studie: Kinderbetreuung erhöht Einkommen von Müttern;https://www.zeit.de/news/2026-09/08/studie-kinderbetreuung-erhoeht-einkommen-von-muettern;Hier finden Sie Informationen zu dem Thema „Erwerbstätigkeit von Frauen“. Lesen Sie jetzt „Studie: Kinderbetreuung erhöht Einkommen von Müttern“.;Erwerbstätigkeit von Frauen;News, Erwerbstätigkeit von Frauen, IAB, Kinderbetreuung, Erwerbstätigkeit, Mütter;2026-09-08T10:34:11+02:00;2026-09-08T10:34:11+02:00;;dpa;false
55a1ea8c9b2b0cdfbf4625717f983d2a54f9b56602d3b7e7ee6059eeb9b7604b;Mann bei Demo nach Wahl verletzt - Staatsschutz ermittelt;https://www.zeit.de/news/2026-09/08/mann-bei-demo-nach-wahl-verletzt-staatsschutz-ermittelt;Hier finden Sie Informationen zu dem Thema „Kriminalität“. Lesen Sie jetzt „Mann bei Demo nach Wahl verletzt - Staatsschutz ermittelt“.;Kriminalität;News, Kriminalität, Polizei, Landtagswahl, Staatsschutz, Luftdruckwaffe;2026-09-08T10:33:07+02:00;2026-09-08T10:33:07+02:00;;dpa Sachsen;false
af8d01e56bebc370920d4a07a4d89be2907ace358c04e52efd986f165977e65e;Mehr als 70 Verletzte bei Huthi-Angriffen in Saudi-Arabien;https://www.zeit.de/news/2026-09/08/mehr-als-70-verletzte-bei-huthi-angriffen-in-saudi-arabien;Hier finden Sie Informationen zu dem Thema „Jemen-Krieg“. Lesen Sie jetzt „Mehr als 70 Verletzte bei Huthi-Angriffen in Saudi-Arabien“.;Jemen-Krieg;News, Jemen-Krieg, Saudi-Arabien, Jemen, Huthi, Angriff;2026-09-08T10:20:13+02:00;2026-09-08T10:20:13+02:00;;dpa;false
f14dd7254d8ea392f4c929017869c4b978171211790a701777e422c56c17852e;Demos, Staatsbesuch, EZB-Rat - Polizisten sehen Überlastung;https://www.zeit.de/news/2026-09/08/demos-staatsbesuch-ezb-rat-polizisten-sehen-ueberlastung;Hier finden Sie Informationen zu dem Thema „Polizei Berlin“. Lesen Sie jetzt „Demos, Staatsbesuch, EZB-Rat - Polizisten sehen Überlastung“.;Polizei Berlin;News, Polizei Berlin, Berlin, EZB, Polizei, GDP, Überlastung, Staatsbesuch, Politikveranstaltung;2026-09-08T10:16:54+02:00;2026-09-08T10:16:54+02:00;;dpa Berlin/Brandenburg;false
3e4c1d292f4218bcbf950f087b5bcf282541c3c2bda5ff0a6f68cf02ac6a7a8f;Früherer Kita-Betreuer wegen Kindesmissbrauchs angeklagt;https://www.zeit.de/news/2026-09/08/frueherer-kita-betreuer-wegen-kindesmissbrauchs-angeklagt;Hier finden Sie Informationen zu dem Thema „Verbrechen“. Lesen Sie jetzt „Früherer Kita-Betreuer wegen Kindesmissbrauchs angeklagt“.;Verbrechen;News, Verbrechen, Staatsanwaltschaft, Kindesmissbrauch, Verbrechen;2026-09-08T10:10:55+02:00;2026-09-08T10:10:55+02:00;;dpa Hessen;false
dcf664b836ddd58c0a3aabec4b7b33edf4ab1605f633ff266c942cb0b5e20800;Aufwärtstrend bei Exporten gibt trotz starkem US-Geschäft leicht nach;https://www.zeit.de/wirtschaft/2026-09/exporte-deutschland-usa-statistisches-bundesamt-gxe;Die deutsche Wirtschaft hat im Juli deutlich mehr Waren in den Vereinigten Staaten abgesetzt. Insgesamt gingen die Exporte aus Deutschland aber um 0,8 Prozent zurück.;Handel;Wirtschaft, Handel, Export, Statistisches Bundesamt, USA, China, Großbritannien;2026-09-08T10:08:53+02:00;2026-09-08T10:08:53+02:00;liw;DIE ZEIT,        AFP,        							liw;false
f335c439cb306e83fa99c4beaed93b7a0085e812cab7c1fe6900be3590799254;Könnten Sie Pisa?;https://www.zeit.de/bildung/2026-09/pisa-test-beispiel-aufgaben-quiz;Lösen Sie in unserem Mini-Test drei Beispielaufgaben aus dem Bereich Naturwissenschaften.;"Z+ (abopflichtiger Inhalt);
        
    Pisa-Test";Bildung, Pisa-Test, PISA-Studie, Bildung, Schule, Naturwissenschaft, Schüler;2026-09-08T10:08:26+02:00;2026-09-08T10:08:26+02:00;Jeannette OttoRose Tremlett;;false
e6afe5c0657ca01d64867141f16e63315f74ceb7bbab0539e6995087bbf31486;Australien sagt Social-Media-Algorithmen den Kampf an;https://www.zeit.de/news/2026-09/08/australien-sagt-social-media-algorithmen-den-kampf-an;Hier finden Sie Informationen zu dem Thema „Mehr Macht für Nutzer“. Lesen Sie jetzt „Australien sagt Social-Media-Algorithmen den Kampf an“.;Mehr Macht für Nutzer;News, Mehr Macht für Nutzer, Australien;2026-09-08T10:06:45+02:00;2026-09-08T10:06:45+02:00;;dpa;false
c3e42d13a24c159a8a27e015942754713f60d5c1b7a872e747ab15424ab0a222;Sepp Müller schließt Zusammenarbeit mit Linkspartei kategorisch aus;https://www.zeit.de/politik/deutschland/2026-09/sepp-mueller-cdu-sachsen-anhalt-landesvorsitz-gxe;Für seine Äußerungen vor der Sachsen-Anhalt-Wahl wurde Sepp Müller vom Kanzler gerügt. Der CDU-Politiker bleibt bei seiner Position – betont aber Unterstützung für Merz.;Sachsen-Anhalt;Politik, Sachsen-Anhalt, CDU, Landtagswahl, Sachsen-Anhalt, Die Linke, Friedrich Merz;2026-09-08T10:03:20+02:00;2026-09-08T10:03:20+02:00;hell;DIE ZEIT,        dpa,        AFP,        							hell;false
4058e5903939b5cd1d7033f48e37d85908c176b38bf9a339ec22eb26264b5869;Traktorfahrer reißt Schranken an Bahnübergang ab;https://www.zeit.de/news/2026-09/08/traktorfahrer-reisst-schranken-an-bahnuebergang-ab;Hier finden Sie Informationen zu dem Thema „Zug nähert sich“. Lesen Sie jetzt „Traktorfahrer reißt Schranken an Bahnübergang ab“.;Zug nähert sich;News, Zug nähert sich, Lauterbach, Landkreis Leipzig, Schranke;2026-09-08T10:02:31+02:00;2026-09-08T10:02:31+02:00;;dpa Sachsen;false
45581ae3ec4757b38dda3f79c10e070372a1016602d23857b6b16900282b4e1b;Wahl zum «Vogel des Jahres» beginnt – was bringt die Kür?;https://www.zeit.de/news/2026-09/08/wahl-zum-vogel-des-jahres-beginnt-was-bringt-die-kuer;Hier finden Sie Informationen zu dem Thema „Vogelschutz“. Lesen Sie jetzt „Wahl zum «Vogel des Jahres» beginnt – was bringt die Kür?“.;Vogelschutz;News, Vogelschutz, Bayern, Naturschutzbund Deutschland, LBV, Trauerschnäpper, Vogelschutz, Mehlschwalbe, Wasseramsel;2026-09-08T10:00:06+02:00;2026-09-08T10:00:06+02:00;;dpa;false
267e0adb6a90ef94dd672b7939c71370f696f0428e1b1d115402b67f811323fa;Feuerwehr befreit Kleinkinder aus Auto;https://www.zeit.de/news/2026-09/08/feuerwehr-befreit-kleinkinder-aus-auto;Hier finden Sie Informationen zu dem Thema „Schnelle Befreiung“. Lesen Sie jetzt „Feuerwehr befreit Kleinkinder aus Auto“.;Schnelle Befreiung;News, Schnelle Befreiung, Oberfranken, Feuerwehr, Polizei, Kleinkinder, Auto;2026-09-08T09:45:52+02:00;2026-09-08T09:45:52+02:00;;dpa Bayern;false
f1e804886f69890f93ade3cd46537b87a91cf0af2096ee68699f5fa96ef3557a;Ukrainische Einheiten stoßen bei Druschkiwka vor;https://www.zeit.de/politik/ausland/ukraine-russland-frontverlauf-krieg-karte-aktuell;In der Region Donezk ist es zu ukrainischen Fortschritten südlich der umkämpften Stadt gekommen. In der Region Charkiw intensivieren russische Einheiten ihre Angriffe.;Ukrainekarte aktuell;Politik, Ukrainekarte aktuell, Krieg in der Ukraine, Donezk, Charkiw, Streitkräfte, Russland, Militär;2026-09-08T09:44:36+02:00;2026-09-08T09:44:36+02:00;Elizabeth RushtonMaline HofmannJustus WilkeChristina FelschenJulius TrögerBenja Zehr;;false
58f95ce361e25c89f3bae2c01cf7401f2468eba61b16ab0b6ad814bf19becf4b;Die Schüchternste im Team wird zum Fanliebling;https://www.zeit.de/sport/2026-09/basketball-wm-frauen-deutschland-sieg-mali-fanliebling-frieda-buehner;Die deutschen Basketballerinnen spielen bei der Heim-WM um den Einzug ins Viertelfinale und haben ihr Selbstbewusstsein gefunden. Das liegt auch an einem Supertalent.;Basketball-WM der Frauen;Sport, Basketball-WM der Frauen, Basketball-Nationalmannschaft, Basketball, Weltmeisterschaft, Profisport, Bundestrainer, Trainer;2026-09-08T09:37:57+02:00;2026-09-08T09:37:57+02:00;Nico Horn;;false
247afa75e312510f627f0f61b7c16f6b9957936a0404c6bc146792a91f14c123;»Der Lernverlust ist dramatisch«;https://www.zeit.de/bildung/2026-09/pisa-studie-samuel-greiff-bildung-psychologie;Die Leistungen deutscher Schüler erreichen einen historischen Tiefpunkt. Bildungswissenschaftler Samuel Greiff erklärt die Gründe und sagt, warum Geld allein nicht hilft.;"Z+ (abopflichtiger Inhalt);
        
    Pisa-Studie";Bildung, Pisa-Studie, PISA-Studie, Bildung, Schule, Psychologie, Kinder, Familie;2026-09-08T09:33:03+02:00;2026-09-08T09:33:03+02:00;Martin Spiewak;;false
581132407f0a3d3673f7164383bbd74776b168600d76a66026d24ddc26efa142;Leistungen deutscher Schüler fallen auf neuen Tiefstand;https://www.zeit.de/bildung/2026-09/pisa-studie-2025;Lesen, Mathe, Naturwissenschaften: Noch nie haben deutsche Schüler bei einer Pisa-Studie so schlecht abgeschnitten. Vielen fehlen Grundkompetenzen für Beruf und Alltag.;"Z+ (abopflichtiger Inhalt);
        
    Pisa-Studie 2025";Gesellschaft, Pisa-Studie 2025, PISA-Studie, Bildungspolitik, Schule, Bildung, Kinder, Mathematik;2026-09-08T09:30:20+02:00;2026-09-08T09:30:20+02:00;Bernard  Darko;;false
3ea2ee6a22eac861bdd65c699b628cbef0286bebcf55f173a0ea68a6634d4dd6;Pisa-Studie: Deutsche Ergebnisse so schlecht wie nie;https://www.zeit.de/news/2026-09/08/pisa-studie-deutsche-ergebnisse-so-schlecht-wie-nie;Hier finden Sie Informationen zu dem Thema „Bildungsstudie“. Lesen Sie jetzt „Pisa-Studie: Deutsche Ergebnisse so schlecht wie nie“.;Bildungsstudie;News, Bildungsstudie, Bildungsstudie, PISA-Studie;2026-09-08T09:30:20+02:00;2026-09-08T09:30:20+02:00;;dpa;false
98836eb3ec4b74fa301d9ec435fe6655f5c6d0e6560d16bf857f5ed87e796f5a;Traubenvollernter kippt um - drei Verletzte;https://www.zeit.de/news/2026-09/08/traubenvollernter-kippt-um-drei-verletzte;Hier finden Sie Informationen zu dem Thema „Nächtlicher Verkehrsunfall“. Lesen Sie jetzt „Traubenvollernter kippt um - drei Verletzte“.;Nächtlicher Verkehrsunfall;News, Nächtlicher Verkehrsunfall, Undenheim, Verkehrsunfall, Transporter, Zusammenprall, Unfallstelle, Auto;2026-09-08T09:28:28+02:00;2026-09-08T09:28:28+02:00;;dpa Rheinland-Pfalz/Saarland;false
3ad690f4e5908bfe4bd3451ae0dd9c3828a687bab4085ca7441a65a070e215ff;Stromproduktion: Anteil der Erneuerbaren wächst;https://www.zeit.de/news/2026-09/08/stromproduktion-anteil-der-erneuerbaren-waechst;Hier finden Sie Informationen zu dem Thema „Wind bleibt vorn“. Lesen Sie jetzt „Stromproduktion: Anteil der Erneuerbaren wächst“.;Wind bleibt vorn;News, Wind bleibt vorn, Statistisches Bundesamt, Stromproduktion, Kilowattstunde, Strommenge, Biogas, Windkraft;2026-09-08T09:27:38+02:00;2026-09-08T09:27:38+02:00;;dpa;false
a52d1279223c2e2cc6bb75f2d7fb58110a156a9b1a7517bc2901448815f0fa09;Moderatorin Jess Schöne liest gerne Krimis;https://www.zeit.de/news/2026-09/08/moderatorin-jess-schoene-liest-gerne-krimis;Hier finden Sie Informationen zu dem Thema „Vorlesen“. Lesen Sie jetzt „Moderatorin Jess Schöne liest gerne Krimis“.;Vorlesen;News, Vorlesen, Jess Schöne, Jessica Schöne, Mainz, Krimi, Belletristik;2026-09-08T09:25:33+02:00;2026-09-08T09:25:33+02:00;;dpa Rheinland-Pfalz/Saarland;false
cb36bd9d77029d951919bb4e5c9cbb5da0beba33701a1054cdeb8f37a28e1e3a;Arbeiter stürzt 19 Meter tief in Aufzugschacht und stirbt;https://www.zeit.de/news/2026-09/08/arbeiter-stuerzt-19-meter-tief-in-aufzugschacht-und-stirbt;Hier finden Sie Informationen zu dem Thema „Tödlicher Arbeitsunfall“. Lesen Sie jetzt „Arbeiter stürzt 19 Meter tief in Aufzugschacht und stirbt“.;Tödlicher Arbeitsunfall;News, Tödlicher Arbeitsunfall, Aufzugschacht, Aufzugsschacht;2026-09-08T09:21:42+02:00;2026-09-08T09:21:42+02:00;;dpa Bayern;false
94bd0324ac253273a93d5ca49a278626834eb68c157e353b7bf51d396e97dbfb;Hakenkreuz an Berufsschule in Jena entdeckt;https://www.zeit.de/news/2026-09/08/hakenkreuz-an-berufsschule-in-jena-entdeckt;Hier finden Sie Informationen zu dem Thema „Kriminalität“. Lesen Sie jetzt „Hakenkreuz an Berufsschule in Jena entdeckt“.;Kriminalität;News, Kriminalität, Jena, Polizei, Hakenkreuz, Berufsschule;2026-09-08T09:17:19+02:00;2026-09-08T09:17:19+02:00;;dpa Thüringen;false
9db092fd564a3e7dd4b4df369424080c58f2259fae7a21745259bd08f956c085;Sexualisiertes Fehlverhalten alarmiert Bundeswehrgeneralinspekteur;https://www.zeit.de/politik/deutschland/2026-09/sexualisierte-gewalt-bundeswehr-carsten-breuer-dunkelfeldstudie-gxe;Bei der Bundeswehr werden mehr Fälle sexualisierten Fehlverhaltens gemeldet. General Carsten Breuer ermahnt die Truppe in einem internen Tagesbefehl.;Bundeswehr;Politik, Bundeswehr, Bundeswehr, Militär, Verteidigungspolitik, sexuelle Belästigung, Sexueller Missbrauch;2026-09-08T09:11:11+02:00;2026-09-08T09:11:11+02:00;mga;DIE ZEIT,        							mga;false
ddc14b0db38326af9d619628a612bcd477e76788e773160e3e11bbf00d6f284f;Müller: Es wird keine CDU-Überläufer zur AfD geben;https://www.zeit.de/news/2026-09/08/mueller-es-wird-keine-cdu-ueberlaeufer-zur-afd-geben;Hier finden Sie Informationen zu dem Thema „Nach der Landtagswahl“. Lesen Sie jetzt „Müller: Es wird keine CDU-Überläufer zur AfD geben“.;Nach der Landtagswahl;News, Nach der Landtagswahl, Sepp Müller, Sven Schulze, Sachsen-Anhalt, CDU, Alternative für Deutschland, CDU/CSU-Bundestagsfraktion, RTL;2026-09-08T09:02:07+02:00;2026-09-08T09:02:07+02:00;;dpa Sachsen;false
d50ecf3f317f348fa00b8e433bd94890fbdb3698b1ca8f9cd50e863d3aec2e28;Landmaschine brennt aus – Schaden über 100.000 Euro;https://www.zeit.de/news/2026-09/08/landmaschine-brennt-aus-schaden-ueber-100-000-euro;Hier finden Sie Informationen zu dem Thema „Unfälle“. Lesen Sie jetzt „Landmaschine brennt aus – Schaden über 100.000 Euro“.;Unfälle;News, Unfälle, Landmaschine, Unfall, Feldarbeit, Fahrzeug;2026-09-08T09:01:21+02:00;2026-09-08T09:01:21+02:00;;dpa Thüringen;false
dd8995c65a4eb13a5ebd3fa238d88a6239b86cee8a1f01676fa99bcc711dc570;Rangliste des Erfindungsgeists: Sieben deutsche Regionen top;https://www.zeit.de/news/2026-09/08/rangliste-des-erfindungsgeists-sieben-deutsche-regionen-top;Hier finden Sie Informationen zu dem Thema „Innovation“. Lesen Sie jetzt „Rangliste des Erfindungsgeists: Sieben deutsche Regionen top“.;Innovation;News, Innovation, USA, China, Schweiz, Österreich, Genf, München, Hamburg, Weltorganisation für geistiges Eigentum, Wirtschaftskrise, Weltregion;2026-09-08T09:00:04+02:00;2026-09-08T09:00:04+02:00;;dpa;false
87d13ca60fe224c41a4a58f4883f60402fcfb6659cb2586681ed4616ecb0c9f2;Feuer in Eisenhüttenstadt zerstört Pkw und Wohnhaus;https://www.zeit.de/news/2026-09/08/feuer-in-eisenhuettenstadt-zerstoert-pkw-und-wohnhaus;Hier finden Sie Informationen zu dem Thema „Brände“. Lesen Sie jetzt „Feuer in Eisenhüttenstadt zerstört Pkw und Wohnhaus“.;Brände;News, Brände, Eisenhüttenstadt, Polizei, Gebäudebrand, Brand;2026-09-08T08:58:08+02:00;2026-09-08T08:58:08+02:00;;dpa Berlin/Brandenburg;false
bd044b80c2b96288647288844a8b2cebb35b71bb57d6c73ea61064707c47d0cb;Betrunkener fährt mit platten Autoreifen;https://www.zeit.de/news/2026-09/08/betrunkener-faehrt-mit-platten-autoreifen;Hier finden Sie Informationen zu dem Thema „Verkehr“. Lesen Sie jetzt „Betrunkener fährt mit platten Autoreifen“.;Verkehr;News, Verkehr, Vorderreifen, Verkehr, Reifen, Auto;2026-09-08T08:50:23+02:00;2026-09-08T08:50:23+02:00;;dpa Bayern;false
b038c0e41b4f3a56514947f2032ad172bb768cee23b0bc658ab1b8cfc18d70d0;Zwei Leichen in Wohnung in Solingen gefunden;https://www.zeit.de/news/2026-09/08/zwei-leichen-in-wohnung-in-solingen-gefunden;Hier finden Sie Informationen zu dem Thema „Polizei“. Lesen Sie jetzt „Zwei Leichen in Wohnung in Solingen gefunden“.;Polizei;News, Polizei, Solingen, Polizei;2026-09-08T08:47:47+02:00;2026-09-08T08:47:47+02:00;;dpa Nordrhein-Westfalen;false
fd68e0177249e57b4a69174abf7611715500a6ea27d68a2172e892d977ff5b56;Die Comic-Eltern;https://www.zeit.de/2026/38/mira-kindercomic-sabine-lemire-rasmus-bregnhoi;Sabine Lemire und Rasmus Bregnhøi begeistern mit ihren »Mira«-Büchern Kinder in mehr als 20 Ländern – entgegen allen Erwartungen. Ein Besuch in Kopenhagen;"Z+ (abopflichtiger Inhalt);
        
    Kindercomic-Reihe »Mira«";Familie, Kindercomic-Reihe »Mira«, Comics, Kopenhagen, Kinder, Dänemark, Skandinavien, Kino;2026-09-08T08:47:20+02:00;2026-09-08T08:47:20+02:00;Katrin Hörnlein;Aus der        ZEIT Nr. 38/2026;false
bc8c593c1ad94ba6db208268067c210420a72da33db36eae128f9403f6cd75e8;Wagenknecht zeigt sich offen für Kooperation mit AfD;https://www.zeit.de/politik/deutschland/2026-09/bsw-afd-sachsen-anhalt-sahra-wagenknecht-tino-chrupalla-ulrich-siegmund-gxe;Das BSW ist in Sachsen-Anhalt zur Zusammenarbeit mit der AfD bereit, will aber einen »überparteilichen« Ministerpräsidenten. Darauf will sich die AfD nicht einlassen.;BSW und AfD in Sachsen-Anhalt;Politik, BSW und AfD in Sachsen-Anhalt, Sahra Wagenknecht, Ulrich Siegmund, Tino Chrupalla, Sachsen-Anhalt, Bündnis Sahra Wagenknecht, Alternative für Deutschland;2026-09-08T08:44:51+02:00;2026-09-08T08:44:51+02:00;mpisd;DIE ZEIT,        dpa,        							mp					,        							isd;false
3e567ab639100a63b13010dd8f5e2067e4877689ba8faceca1b897ddafe7df1a;Einfamilienhaus komplett abgebrannt - Mann verletzt;https://www.zeit.de/news/2026-09/08/einfamilienhaus-komplett-abgebrannt-mann-verletzt;Hier finden Sie Informationen zu dem Thema „Brände“. Lesen Sie jetzt „Einfamilienhaus komplett abgebrannt - Mann verletzt“.;Brände;News, Brände, Sommerfeld, Oberhavel, Einfamilienhaus, Brand, Feuer;2026-09-08T08:43:01+02:00;2026-09-08T08:43:01+02:00;;dpa Berlin/Brandenburg;false
37951a248002e96fff8b02868632bd87659c0d5858ea0d8748ff77502722a2e8;Hat sich Schiri verzählt? Wetzlar kündigt Einspruch an;https://www.zeit.de/news/2026-09/08/hat-sich-schiri-verzaehlt-wetzlar-kuendigt-einspruch-an;Hier finden Sie Informationen zu dem Thema „Handball-Bundesliga“. Lesen Sie jetzt „Hat sich Schiri verzählt? Wetzlar kündigt Einspruch an“.;Handball-Bundesliga;News, Handball-Bundesliga, Wetzlar, Eisenach, Allendorf, HSG Wetzlar, ThSV Eisenach, Einspruch, Spielwertung, Erfolg;2026-09-08T08:37:36+02:00;2026-09-08T08:37:36+02:00;;dpa Hessen;false
2de506dbb131ceaaefe009d3747562f8dc749af69564c8131795ba7de192a898;Pokalheld macht Politik: Sievers will Bürgermeister werden;https://www.zeit.de/news/2026-09/08/pokalheld-macht-politik-sievers-will-buergermeister-werden;Hier finden Sie Informationen zu dem Thema „Ex-Torwart von Hannover 96“. Lesen Sie jetzt „Pokalheld macht Politik: Sievers will Bürgermeister werden“.;Ex-Torwart von Hannover 96;News, Ex-Torwart von Hannover 96, Jörg Sievers, Colt Seavers, Martin Kind, George Weah, Hannover, Springe, Niedersachsen, Hannover 96, Borussia Mönchengladbach, Deutsche Presse-Agentur;2026-09-08T08:30:06+02:00;2026-09-08T08:30:06+02:00;;dpa Niedersachsen;false
05e03a18a4ede0dd408d4a44a5ef6bd6575881d322e25ec01e33d0c6d46cfe16;Sexpuppe treibt im Hafenbecken;https://www.zeit.de/news/2026-09/08/sexpuppe-treibt-im-hafenbecken;Hier finden Sie Informationen zu dem Thema „Bremerhaven“. Lesen Sie jetzt „Sexpuppe treibt im Hafenbecken“.;Bremerhaven;News, Bremerhaven, Bremerhaven, Polizei, Hafenbecken, Wasserschutzpolizei, Kaiserhafen;2026-09-08T08:22:49+02:00;2026-09-08T08:22:49+02:00;;dpa Niedersachsen;false
12702405a1605690c1609ad4d3f9beef0741259e2fab5e591afc3e8cb39375b3;Sabotage am Stromnetz: Suche nach Verdächtigem dauert an;https://www.zeit.de/news/2026-09/08/sabotage-am-stromnetz-suche-nach-verdaechtigem-dauert-an;Hier finden Sie Informationen zu dem Thema „Angriffe auf Energieversorgung“. Lesen Sie jetzt „Sabotage am Stromnetz: Suche nach Verdächtigem dauert an“.;Angriffe auf Energieversorgung;News, Angriffe auf Energieversorgung, Brandenburg, NRW, Aachen, Gevelsberg, Eschweiler, Köln, Polizei, Kraftwerk Weisweiler, Stromnetz, Sabotage;2026-09-08T08:19:24+02:00;2026-09-08T08:19:24+02:00;;dpa Berlin/Brandenburg;false
8a55865bd67aee99039da381784762d48531d99afde605bcd0efd933877bb275;Sie freuen sich, sie trauern, sie warten;https://www.zeit.de/video/2026-09/landtagswahl-sachsen-anhalt-afd;In Sachsen-Anhalt sind so viele Menschen wählen gegangen wie nie. Wir haben sechs von ihnen in unserem Talkbus mitgenommen und gefragt: Wie geht’s ihnen am Tag danach?;Plan D: Der Bustalk;Video, Plan D: Der Bustalk, Ulrich Siegmund, Sachsen-Anhalt, Alternative für Deutschland, Landtagswahl in Sachsen, Bustalk, Talkbus, Plan D;2026-09-08T08:15:31+02:00;2026-09-08T08:15:31+02:00;Max BoenkeJannis CarmesinNicolás Pablo GroneAlisa Schellenberg;;false
48a37f50c06ebc29969f0216cf0b3455a55b5fb28522d7bd20c3e6d9fc531948;Kanadische Gegenzölle auf US-Importe treten in Kraft;https://www.zeit.de/politik/ausland/2026-09/kanada-usa-gegendoelle-handelsstreit-mark-carney-gxe;Die kanadischen Zölle betreffen US-Waren im Wert von rund 20 Milliarden Dollar. Auf Stahl- und Aluminiumprodukte sowie Milchwaren werden bis zu 50 Prozent aufgeschlagen.;Handelsstreit;Politik, Handelsstreit, USA, Kanada, Gegenzölle, Mark Carney, Zoll;2026-09-08T08:13:49+02:00;2026-09-08T08:13:49+02:00;hell;DIE ZEIT,        AFP,        							hell;false
8cec8570450648d891ffc29ef06fe699906bc6201e9547b1ee1104cde5970ba5;2,2 Promille und zwei platte Reifen bei Verkehrskontrolle;https://www.zeit.de/news/2026-09/08/2-2-promille-und-zwei-platte-reifen-bei-verkehrskontrolle;Hier finden Sie Informationen zu dem Thema „Betrunken am Steuer“. Lesen Sie jetzt „2,2 Promille und zwei platte Reifen bei Verkehrskontrolle“.;Betrunken am Steuer;News, Betrunken am Steuer, Polizei, Verkehrskontrolle, Reifen;2026-09-08T08:11:02+02:00;2026-09-08T08:11:02+02:00;;dpa Baden-Württemberg;false
12a0b38e8630eda6d4dc7f59cbd1767ebe8fb4bbec5e7dcc2d4f76b6e064a2cb;BSW-Chefin Mohamed Ali: Wenig Gemeinsamkeiten mit AfD;https://www.zeit.de/news/2026-09/08/bsw-chefin-mohamed-ali-wenig-gemeinsamkeiten-mit-afd;Hier finden Sie Informationen zu dem Thema „Nach Wahl in Sachsen-Anhalt“. Lesen Sie jetzt „BSW-Chefin Mohamed Ali: Wenig Gemeinsamkeiten mit AfD“.;Nach Wahl in Sachsen-Anhalt;News, Nach Wahl in Sachsen-Anhalt, Mohamed Ali, Amira Mohamed Ali, Sachsen-Anhalt, Bündnis Sahra Wagenknecht, Alternative für Deutschland, Gemeinsamkeit;2026-09-08T08:10:55+02:00;2026-09-08T08:10:55+02:00;;dpa Sachsen;false
eae55a3d44345f4dabcf47e05f5313cfa1a2b02d3c4e2b0d4b8648430c3f2166;Deutsches Trio startet Jagd nach Europas Handball-Krone;https://www.zeit.de/news/2026-09/08/deutsches-trio-startet-jagd-nach-europas-handball-krone;Hier finden Sie Informationen zu dem Thema „Champions League“. Lesen Sie jetzt „Deutsches Trio startet Jagd nach Europas Handball-Krone“.;Champions League;News, Champions League, Bennet Wiegert, Europa, Kielce, SC Magdeburg, Füchse Berlin, MT Melsungen, Champions League, Endspiel;2026-09-08T08:10:48+02:00;2026-09-08T08:10:48+02:00;;dpa Sport;false
342bca6a1d20dd8adfe79ce96965e812aa22a4b10659300ec9c8384764fb8a13;Demonstration in Hamburg für Demokratie und gegen rechts;https://www.zeit.de/news/2026-09/08/demonstration-in-hamburg-fuer-demokratie-und-gegen-rechts;Hier finden Sie Informationen zu dem Thema „Menschen gehen auf die Straßen“. Lesen Sie jetzt „Demonstration in Hamburg für Demokratie und gegen rechts“.;Menschen gehen auf die Straßen;News, Menschen gehen auf die Straßen, Hamburg, Sachsen-Anhalt, Demonstration, Rechtsextremismus, Freiheit;2026-09-08T08:06:58+02:00;2026-09-08T08:06:58+02:00;;dpa Hamburg/Schleswig-Holstein;false
081f9d0a3296d57d4b6f3b6668ece0b0f748703972ddb8d5cbfc95498cd7ae2e;Nach AfD-Wahlerfolg: Krach fordert «soziale Wende»;https://www.zeit.de/news/2026-09/08/nach-afd-wahlerfolg-krach-fordert-soziale-wende;Hier finden Sie Informationen zu dem Thema „SPD“. Lesen Sie jetzt „Nach AfD-Wahlerfolg: Krach fordert «soziale Wende»“.;SPD;News, SPD, Steffen Krach, Berlin, Deutschlandfunk, Alternative für Deutschland, SPD, Bundesregierung, Landtagswahl in Sachsen, Erfolg, Rente;2026-09-08T08:01:05+02:00;2026-09-08T08:01:05+02:00;;dpa Berlin/Brandenburg;false
1015a2684e43f150b40af6c01cbbe270b0318a5c1fbac12091025e7defc329b6;Leica erstmals seit Jahren mit Umsatzrückgang;https://www.zeit.de/news/2026-09/08/leica-erstmals-seit-jahren-mit-umsatzrueckgang;Hier finden Sie Informationen zu dem Thema „Fotografie“. Lesen Sie jetzt „Leica erstmals seit Jahren mit Umsatzrückgang“.;Fotografie;News, Fotografie, Andreas Voll, Wetzlar, Leica, Leica Camera, Umsatzrückgang, Geschäftsjahr, Marktumfeld, Kamera;2026-09-08T08:00:05+02:00;2026-09-08T08:00:05+02:00;;dpa;false
f8de1ebbd8c1a0abab275d63ceb3caa491d27a9feeb8b07b2d77aea73471288d;Chinas Exporte ziehen an – Weiter Streit mit EU und USA;https://www.zeit.de/news/2026-09/08/chinas-exporte-ziehen-an-weiter-streit-mit-eu-und-usa;Hier finden Sie Informationen zu dem Thema „Welthandel“. Lesen Sie jetzt „Chinas Exporte ziehen an – Weiter Streit mit EU und USA“.;Welthandel;News, Welthandel, China, USA, Peking, Europäische Union, G20, Treffen, Importe, Export, Zollbehörde, Vorjahresmonat;2026-09-08T07:55:44+02:00;2026-09-08T07:55:44+02:00;;dpa;false
035900ec437ab56489115d79129ca2bb064fdb33e2274c94097827657bb82f37;Welche Reformvorhaben jetzt auf den Prüfstand kommen könnten;https://www.zeit.de/news/2026-09/08/welche-reformvorhaben-jetzt-auf-den-pruefstand-kommen-koennten;Hier finden Sie Informationen zu dem Thema „Was folgt aus der Wahl?“. Lesen Sie jetzt „Welche Reformvorhaben jetzt auf den Prüfstand kommen könnten“.;Was folgt aus der Wahl?;News, Was folgt aus der Wahl?, Bärbel Bas, Friedrich Merz, Thorsten Frei, Sachsen-Anhalt, Bundesregierung, SPD, Alternative für Deutschland, CDU, Landtagswahl in Sachsen, Landtagswahl;2026-09-08T07:36:36+02:00;2026-09-08T07:36:36+02:00;;dpa;false
5839f4cf711b4e89228008454fb9e66e7296d8ae88c6878e7c652d3df2f82c47;Maskierter bedroht Tankstellenangestellte mit Schusswaffe;https://www.zeit.de/news/2026-09/08/maskierter-bedroht-tankstellenangestellte-mit-schusswaffe;Hier finden Sie Informationen zu dem Thema „Kriminalität“. Lesen Sie jetzt „Maskierter bedroht Tankstellenangestellte mit Schusswaffe“.;Kriminalität;News, Kriminalität, Schusswaffe, Tankstelle, Bargeld, Zigarette;2026-09-08T07:36:34+02:00;2026-09-08T07:36:34+02:00;;dpa Niedersachsen;false
30aaf9a277eaf91f64d241d1906bcfe3d75f6699ba8cd2f348bfa78bf08d7925;Ab in die Bar? Zverev souverän vor Mitternacht weiter;https://www.zeit.de/news/2026-09/08/zverev-souveraen-ins-viertelfinale-becker-rekord-erreicht;Hier finden Sie Informationen zu dem Thema „Tennis bei den US Open“. Lesen Sie jetzt „Ab in die Bar? Zverev souverän vor Mitternacht weiter“.;Tennis bei den US Open;News, Tennis bei den US Open, Alexander Zverev, Karen Chatschanow, Alexander Blockx, New York, Niederlande, Russland, US Open, French Open, Grand-Slam-Turnier, Titelform;2026-09-08T07:33:01+02:00;2026-09-08T07:33:01+02:00;;dpa Sport;false
923e6ea7371863f70e01b250c565c9a668747a1abc8b973965c8758c9edcafa7;Wechselhaftes Wetter in den nächsten Tagen;https://www.zeit.de/news/2026-09/08/wechselhaftes-wetter-in-den-naechsten-tagen;Hier finden Sie Informationen zu dem Thema „Wetterbericht NRW“. Lesen Sie jetzt „Wechselhaftes Wetter in den nächsten Tagen“.;Wetterbericht NRW;News, Wetterbericht NRW, NRW, Nordrhein-Westfalen, DWD, Wetterbericht, Wetter;2026-09-08T07:32:15+02:00;2026-09-08T07:32:15+02:00;;dpa Nordrhein-Westfalen;false
9d0d34556acdd65f20a13ffafc7899a193a31e4026df23f3a06ff9e906b06f16;Feuerwehr löscht Dachbrand in Berlin-Steglitz;https://www.zeit.de/news/2026-09/08/feuerwehr-loescht-dachbrand-in-berlin-steglitz;Hier finden Sie Informationen zu dem Thema „Brände“. Lesen Sie jetzt „Feuerwehr löscht Dachbrand in Berlin-Steglitz“.;Brände;News, Brände, Berlin-Steglitz, Feuerwehr, Dachbrand, Großbrand, Brand;2026-09-08T07:30:54+02:00;2026-09-08T07:30:54+02:00;;dpa Berlin/Brandenburg;false
0ccf94d5be2e99eae855d6a58ca67f95582d2bced8900b9b751601be25ba2ca8;Bonn verhängt Haushaltssperre;https://www.zeit.de/news/2026-09/08/bonn-verhaengt-haushaltssperre;Hier finden Sie Informationen zu dem Thema „Schlechtere Prognose“. Lesen Sie jetzt „Bonn verhängt Haushaltssperre“.;Schlechtere Prognose;News, Schlechtere Prognose, Bonn, Haushaltssperre, Finanzlage, Ergebnisprognose, Quartalsbericht;2026-09-08T07:30:38+02:00;2026-09-08T07:30:38+02:00;;dpa Nordrhein-Westfalen;false
39ec4bd0a35af2235f7c1c5bbcbb5cc26220635f5debd608d8b8235bfc51486e;Verband warnt vor leeren Gasspeichern ab Februar;https://www.zeit.de/wirtschaft/2026-09/gasspeicher-deutschland-winter-leer-initiative-energien-speichern-gxe;Sind die Gasspeicher im November nur zu drei Viertel gefüllt, reichen diese Vorräte nicht, wenn der Winter kalt wird. Deutschland kann aber über andere Wege Gas bekommen.;Gasspeicher in Deutschland;Wirtschaft, Gasspeicher in Deutschland, Gasversorgung, Wirtschaftspolitik, Katherina Reiche, CDU, Winter, Gaspreis;2026-09-08T07:22:45+02:00;2026-09-08T07:22:45+02:00;hell;DIE ZEIT,        dpa,        							hell;false
9904d17f1a79ae15ce7681aa19623dfbd67b9e6f21fcf0c8a4f32ca128c027a5;Ganoven sprengen Geldautomaten und flüchten;https://www.zeit.de/news/2026-09/08/ganoven-sprengen-geldautomaten-und-fluechten;Hier finden Sie Informationen zu dem Thema „Kreis Bitburg-Prüm“. Lesen Sie jetzt „Ganoven sprengen Geldautomaten und flüchten“.;Kreis Bitburg-Prüm;News, Kreis Bitburg-Prüm, Bitburg-Prüm, Polizei, Geldautomat, Biersdorf;2026-09-08T07:22:32+02:00;2026-09-08T07:22:32+02:00;;dpa Rheinland-Pfalz/Saarland;false
d8593419b3f3f95d67721e13cdf4f2c823c0e7a67e9f0708e30adb7ac84f3008;Heute bis zu 32 Grad;https://www.zeit.de/news/2026-09/08/heute-bis-zu-32-grad;Hier finden Sie Informationen zu dem Thema „Wetterbericht“. Lesen Sie jetzt „Heute bis zu 32 Grad“.;Wetterbericht;News, Wetterbericht, Saarland, Pfalz, Rheinland-Pfalz, DWD, Wetterbericht, Hochsommer, Wetter;2026-09-08T07:16:02+02:00;2026-09-08T07:16:02+02:00;;dpa Rheinland-Pfalz/Saarland;false
59031c8f7311225d5704db611b474162368011da49ae1348848147add3f8e01f;Oscar-Gewinnerin schockiert mit Doku über ICE-Einsätze;https://www.zeit.de/news/2026-09/08/oscar-gewinnerin-schockiert-mit-doku-ueber-ice-einsaetze;Hier finden Sie Informationen zu dem Thema „Filmfestspiele Venedig“. Lesen Sie jetzt „Oscar-Gewinnerin schockiert mit Doku über ICE-Einsätze“.;Filmfestspiele Venedig;News, Filmfestspiele Venedig, Laura Poitras, Rachel Lauren Mueller, Donald Trump, Minneapolis, Venedig, Internationale Filmfestspiele Venedig, Filmmaterial, ICE, Winter, Fahrzeug;2026-09-08T07:15:04+02:00;2026-09-08T07:15:04+02:00;;dpa;false
0776d33b9bd292bc6474471bf82c94d9a4c9a3db95c7f0751bd34e9f6716d44b;Feuer in Lüneburg: Eine Million Euro Schaden;https://www.zeit.de/news/2026-09/08/feuer-in-lueneburg-eine-million-euro-schaden;Hier finden Sie Informationen zu dem Thema „Brände“. Lesen Sie jetzt „Feuer in Lüneburg: Eine Million Euro Schaden“.;Brände;News, Brände, Lüneburg, Brand;2026-09-08T07:10:39+02:00;2026-09-08T07:10:39+02:00;;dpa Niedersachsen;false
df555c0e5a2bf38353321a1da8ffe1d161dc0919fdaea53b1153b6c55f3298bf;Noch einmal sommerlich in Hessen;https://www.zeit.de/news/2026-09/08/noch-einmal-sommerlich-in-hessen;Hier finden Sie Informationen zu dem Thema „Vorhersage“. Lesen Sie jetzt „Noch einmal sommerlich in Hessen“.;Vorhersage;News, Vorhersage, Hessen, Vorhersage;2026-09-08T07:08:48+02:00;2026-09-08T07:08:48+02:00;;dpa Hessen;false
fdc34d078990f31a1792ee77d517684d42cbe1dc4402af22d0e4c59911ddb242;Am Donnerstag heulen in Sachsen-Anhalt die Sirenen - warum?;https://www.zeit.de/news/2026-09/08/am-donnerstag-heulen-in-sachsen-anhalt-die-sirenen-warum;Hier finden Sie Informationen zu dem Thema „Bevölkerungsschutz“. Lesen Sie jetzt „Am Donnerstag heulen in Sachsen-Anhalt die Sirenen - warum?“.;Bevölkerungsschutz;News, Bevölkerungsschutz, Sachsen-Anhalt, Innenministerium, Warntag, Bevölkerungsschutz, Handyalarm, Warnmeldung, Warnsystem, Brand, Unwetter;2026-09-08T07:04:30+02:00;2026-09-08T07:04:30+02:00;;dpa Sachsen;false
80083ad2cff20c9d32ff599e35df5d9b91d75d35a04efba11752b3bbc220ed66;Mistral sammelt 3 Milliarden Euro für KI-Expansion ein;https://www.zeit.de/news/2026-09/08/mistral-sammelt-3-milliarden-euro-fuer-ki-expansion-ein;Hier finden Sie Informationen zu dem Thema „KI aus Europa“. Lesen Sie jetzt „Mistral sammelt 3 Milliarden Euro für KI-Expansion ein“.;KI aus Europa;News, KI aus Europa, Europa, USA, ASML, OpenAI, Google Inc., Finanzierungsrunde, Wettlauf, Vorherrschaft;2026-09-08T07:00:04+02:00;2026-09-08T07:00:04+02:00;;dpa;false
f81f61e1fffebb05aff820b58b84fef94a41b84a9511ce3f94f92e5fb11c72df;Wo es ab Dienstag ungemütlich wird;https://www.zeit.de/news/2026-09/08/wo-es-ab-dienstag-ungemuetlich-wird;Hier finden Sie Informationen zu dem Thema „Wetter“. Lesen Sie jetzt „Wo es ab Dienstag ungemütlich wird“.;Wetter;News, Wetter, DWD, Wetter;2026-09-08T06:59:22+02:00;2026-09-08T06:59:22+02:00;;dpa Niedersachsen;false
5931b5c387cb69fa4f65a85c3e90ae81fd7398919fa82b893ef9f3ccc7ad7c83;Zverev zieht in drei Sätzen ins Viertelfinale der US-Open ein;https://www.zeit.de/sport/2026-09/iga-swiatek-us-open-aus-zheng-qinwen-gxe;Alexander Zverev erreicht bei den US-Open das Viertelfinale. Bei den Frauen unterliegt Iga Świątek der Olympiasiegerin Zheng Qinwen. Jelena Rybakina schlägt Naomi Osaka.;US-Open;Sport, US-Open, US Open, Profisport, Tennis, USA;2026-09-08T06:56:11+02:00;2026-09-08T06:56:11+02:00;manhell;DIE ZEIT,        dpa,        Reuters,        SID,        							man					,        							hell;false
2ff3385d67c9477469065da183fc9fbfa4ee227e7eab414927dcc6af833a52aa;Gescheitertes Überholmanöver - 4 Schwerverletzte;https://www.zeit.de/news/2026-09/08/gescheitertes-ueberholmanoever-4-schwerverletzte;Hier finden Sie Informationen zu dem Thema „Unfall Hochsauerlandkreis“. Lesen Sie jetzt „Gescheitertes Überholmanöver - 4 Schwerverletzte“.;Unfall Hochsauerlandkreis;News, Unfall Hochsauerlandkreis, Hochsauerlandkreis, Brilon, Polizei, Überholmanöver, Unfall, Verkehrsunfall;2026-09-08T06:54:29+02:00;2026-09-08T06:54:29+02:00;;dpa Nordrhein-Westfalen;false
fca8b835238db876b8329aa1c4f59348c5383a1fe4bc121fbb427658650180e5;Wetterumschwung im Norden - Wo es jetzt ungemütlich wird;https://www.zeit.de/news/2026-09/08/wetterumschwung-im-norden-wo-es-jetzt-ungemuetlich-wird;Hier finden Sie Informationen zu dem Thema „Wetter“. Lesen Sie jetzt „Wetterumschwung im Norden - Wo es jetzt ungemütlich wird“.;Wetter;News, Wetter, Hamburg, Schleswig-Holstein, Mecklenburg-Vorpommern, DWD, Wetterumschwung, Wetter;2026-09-08T06:52:03+02:00;2026-09-08T06:52:03+02:00;;dpa Hamburg/Schleswig-Holstein;false
dcf110f12c6b15e8580e4d69cabc5e0a0e8c07691902451b73b88643eb8c27c2;SPD-Fraktionsvize Zorn lehnt mehr Flugrechte für Emirates ab;https://www.zeit.de/news/2026-09/08/spd-fraktionsvize-zorn-lehnt-mehr-flugrechte-fuer-emirates-ab;Hier finden Sie Informationen zu dem Thema „Luftverkehr“. Lesen Sie jetzt „SPD-Fraktionsvize Zorn lehnt mehr Flugrechte für Emirates ab“.;Luftverkehr;News, Luftverkehr, Armand Zorn, SPD, Deutsche Presse-Agentur, Emirat, Landemöglichkeit;2026-09-08T06:40:50+02:00;2026-09-08T06:40:50+02:00;;dpa Berlin/Brandenburg;false
3bacf52798bb5e14114dcd52e817493d4a98f8864f80342dd14e3ccf063be54e;Evers schließt Zusammenarbeit mit der AfD aus;https://www.zeit.de/news/2026-09/08/evers-schliesst-zusammenarbeit-mit-der-afd-aus;Hier finden Sie Informationen zu dem Thema „Berlin-Wahl“. Lesen Sie jetzt „Evers schließt Zusammenarbeit mit der AfD aus“.;Berlin-Wahl;News, Berlin-Wahl, Stefan Evers, Berlin, Sachsen-Anhalt, RBB, Alternative für Deutschland, CDU, Zusammenarbeit, Grenze;2026-09-08T06:36:31+02:00;2026-09-08T06:36:31+02:00;;dpa Berlin/Brandenburg;false
54f5f63e3c10d02d946217b7d22c9e781a19d5e7f2177170e5a6d3d3af9c416d;Noch einmal heiß - dann kommen kräftige Gewitter;https://www.zeit.de/news/2026-09/08/noch-einmal-heiss-dann-kommen-kraeftige-gewitter;Hier finden Sie Informationen zu dem Thema „Wettervorhersage“. Lesen Sie jetzt „Noch einmal heiß - dann kommen kräftige Gewitter“.;Wettervorhersage;News, Wettervorhersage, Hochschwarzwald, Rhein, Baden-Württemberg, DWD, Gewitter, Wettervorhersage, Spätsommertag, Höchstwert, Wetter;2026-09-08T06:34:52+02:00;2026-09-08T06:34:52+02:00;;dpa Baden-Württemberg;false
17c22129ae16cd25bfe2d8d70c7acc74ea2eb67cfd39e3427c8fdbb739ac8a53;Der Sommer geht zu Ende - letzter heißer Tag;https://www.zeit.de/news/2026-09/08/der-sommer-geht-zu-ende-letzter-heisser-tag;Hier finden Sie Informationen zu dem Thema „Wettervorhersage“. Lesen Sie jetzt „Der Sommer geht zu Ende - letzter heißer Tag“.;Wettervorhersage;News, Wettervorhersage, Bayern, DWD, Wettervorhersage, Sommer;2026-09-08T06:29:06+02:00;2026-09-08T06:29:06+02:00;;dpa Bayern;false
44b2684532025869bf77759f55e4ac77eb00129a14776fe4819a3e557da41f98;»So richtig im Beruf angekommen bin ich erst mit 40«;https://www.zeit.de/arbeit/2026-08/berufswahl-job-arbeit-sinn-motivation;Sie stehen morgens auf und freuen sich auf ihren Job: Hier erzählen sechs Menschen, weshalb sie den besten Beruf überhaupt haben – und wie sie ihn gefunden haben.;"Z+ (abopflichtiger Inhalt);
        
    Berufswahl";Arbeit, Berufswahl, Berufswahl, Arbeitsplatz, Work-Life-Balance, Gehalt, Motivationsmittel;2026-09-08T06:20:05+02:00;2026-09-08T06:20:05+02:00;Lea Fischer;;false
19d872127e53bf823fe4fbd270739d3f9c22a986b6be166af1a84ad3944aeb3c;Meine Angst bekommt ihr nicht!;https://www.zeit.de/politik/deutschland/2026-09/alternative-fuer-deutschland-sachsen-anhalt-angst-sorge-5vor8;Man darf mit Sorge auf die AfD und Sachsen-Anhalt blicken, aber Furcht ist falsch. Sie befriedigt nur diese Partei, die ständig selbst die Hosen voll hat.;"Z+ (abopflichtiger Inhalt);
        
    Alternative für Deutschland";Politik, Alternative für Deutschland, Sachsen-Anhalt, Alternative für Deutschland, Landtagswahl, Ulrich Siegmund, Magdeburg;2026-09-08T06:16:17+02:00;2026-09-08T06:16:17+02:00;Ferdinand Otto;;false
cb5a697e69ee8565d3a73adc1b6fad2daeb26b1a0dfc58b3220e9a7a2cdd54c0;50 Jahre «Biene Maja»: «In einem unbekannten Land...»;https://www.zeit.de/news/2026-09/08/50-jahre-biene-maja-in-einem-unbekannten-land;Hier finden Sie Informationen zu dem Thema „Legendäre Zeichentrickserie“. Lesen Sie jetzt „50 Jahre «Biene Maja»: «In einem unbekannten Land...»“.;Legendäre Zeichentrickserie;News, Legendäre Zeichentrickserie, Eberhard Storeck, Waldemar Bonsels, Josef Göhlen, Japan, ZDF, Biene Maja, Zeichentrickserie, Gott, Erfolg;2026-09-08T06:13:05+02:00;2026-09-08T06:13:05+02:00;;dpa;false
09fb09ea5d75a65cbfb173eb4b06725b6a54bbc64211e55c04c3deb3be9f1d30;Sepp Müller revoltiert, trotz Kanzler-Rüge;https://www.zeit.de/politik/deutschland/2026-09/sven-schulze-cdu-sachsen-anhalt-landtagswahl;In Sachsen-Anhalts CDU bricht nach dem Wahldebakel ein Machtkampf aus, der viel über die Lage der Partei erzählt. Zentral geht es dabei um das Verhältnis zur AfD.;"Z+ (abopflichtiger Inhalt);
        
    CDU in Sachsen-Anhalt";Politik, CDU in Sachsen-Anhalt, CDU, Sven Schulze, Magdeburg, Sachsen-Anhalt, Alternative für Deutschland, Wahlkampf;2026-09-08T06:11:11+02:00;2026-09-08T06:11:11+02:00;Cornelius PollmerAugust Modersohn;;false
6fef8fe36511a4c6704491f51d8d83f956f09217e909e3159eec638b7a8a4b68;«Tatort»-Rückkehr mit Furtwängler: Ein Fall voller Zweifel;https://www.zeit.de/news/2026-09/08/tatort-rueckkehr-mit-furtwaengler-ein-fall-voller-zweifel;Hier finden Sie Informationen zu dem Thema „Tatort“. Lesen Sie jetzt „«Tatort»-Rückkehr mit Furtwängler: Ein Fall voller Zweifel“.;Tatort;News, Tatort, Maria Furtwängler, Gustav König, Matthias Vogel, Andreas Lust, Kleinhude, Lindholm, ARD, Tatort, Sonntagskrimi, Todesfall;2026-09-08T06:09:32+02:00;2026-09-08T06:09:32+02:00;;dpa Niedersachsen;false
efe25bf17bcae4145c37e7e9fe21d802514199e11026e05d5fceafdaa07d4dd2;Wenn die Welt zu viel wird;https://www.zeit.de/hamburg/2026-09/elbvertiefung-08-09-2026;Die Elbvertiefung am Dienstag – mit einer Warnung vor der AfD, einem ordentlichen Exportplus und einem kleinen Alcatraz in der Elbe;Elbvertiefung: Der tägliche Newsletter aus Hamburg;Hamburg, Elbvertiefung: Der tägliche Newsletter aus Hamburg, Annika Lasarzik, Andy Grote, Hamburg, Elbe, Sachsen-Anhalt, ZEIT, Alternative für Deutschland, SPD, Exportplus, Bahnhofscafé;2026-09-08T06:00:06+02:00;2026-09-08T06:00:06+02:00;Annika Lasarzik;;false
cff540195047a7c6040945e0d5b29e626a722f5f6e3534624c4282c4e3926285;Verband: Komplett leere Gasspeicher im Februar sind möglich;https://www.zeit.de/news/2026-09/08/verband-komplett-leere-gasspeicher-im-februar-sind-moeglich;Hier finden Sie Informationen zu dem Thema „Energieversorgung“. Lesen Sie jetzt „Verband: Komplett leere Gasspeicher im Februar sind möglich“.;Energieversorgung;News, Energieversorgung, Berlin, LNG, Gasspeicher, Energieversorgung, Branchenschätzung, Winter, Sommer;2026-09-08T06:00:05+02:00;2026-09-08T06:00:05+02:00;;dpa;false
fa87bd8db3d46e350a012113cb4773147365dcdcea5c0f7aa302c3b32ce2f68d;Was Rechenzentren sind und warum sich MV als Standort eignet;https://www.zeit.de/news/2026-09/08/was-rechenzentren-sind-und-warum-sich-mv-als-standort-eignet;Hier finden Sie Informationen zu dem Thema „Neubau bei Rostock“. Lesen Sie jetzt „Was Rechenzentren sind und warum sich MV als Standort eignet“.;Neubau bei Rostock;News, Neubau bei Rostock, Dennis Kipker, Rostock, Dummerstorf, Schwarz, Mecklenburg-Vorpommern, Bremen, Rechenzentrum, Neubau, Computer, Streaming;2026-09-08T06:00:05+02:00;2026-09-08T06:00:05+02:00;;dpa Mecklenburg-Vorpommern;false
ac65049ec52e2287f8a71dc1f5cf1437b16288222758a4713e28ff4add9feb79;Der Glaube wächst: Basketballerinnen gegen Südkorea;https://www.zeit.de/news/2026-09/08/der-glaube-waechst-basketballerinnen-gegen-suedkorea;Hier finden Sie Informationen zu dem Thema „WM der Frauen“. Lesen Sie jetzt „Der Glaube wächst: Basketballerinnen gegen Südkorea“.;WM der Frauen;News, WM der Frauen, Olaf Lange, Japan, Lyon, Südkorea, Minimalziel, Kantersieg, Magentasport;2026-09-08T05:56:04+02:00;2026-09-08T05:56:04+02:00;;dpa Berlin/Brandenburg;false
38b4f99e214d2616cfad23adeb99cd170c90398e8792e6511162407874dd7a1d;Auto brennt nach Papiertonnen-Brand in Radebeul aus;https://www.zeit.de/news/2026-09/08/auto-brennt-nach-papiertonnen-brand-in-radebeul-aus;Hier finden Sie Informationen zu dem Thema „Kriminalität“. Lesen Sie jetzt „Auto brennt nach Papiertonnen-Brand in Radebeul aus“.;Kriminalität;News, Kriminalität, Radebeul, Auto;2026-09-08T05:49:57+02:00;2026-09-08T05:49:57+02:00;;dpa Sachsen;false
ebc8453138cf0494a375aecaf504d92d3bbfed212ff3b8f9a4ec2ed6487477fa;Türkische Gemeinde hält Residenzpflicht nach AfD-Sieg für unzumutbar;https://www.zeit.de/politik/deutschland/2026-09/afd-sachsen-anhalt-landtagswahl-tuerkische-gemeinde-rechtsextremismus-residenzpflicht-gxe;Die Türkische Gemeinde fordert, keine Asylbewerber mehr nach Sachsen-Anhalt zu schicken. Niemand dürfe gezwungen werden, zur Zielscheibe von Rechtsextremen zu werden.;Sachsen-Anhalt;Politik, Sachsen-Anhalt, Sachsen-Anhalt, Alternative für Deutschland, Geflüchtete, Migration, Rechtsextremismus, Türkei;2026-09-08T05:37:56+02:00;2026-09-08T05:37:56+02:00;jj;DIE ZEIT,        dpa,        							jj;false
ce046c72ef55c928b5da53fb11a6aafdd2e17bbdabdfc5c1f947cb250fea3814;Landtag von Sachsen-Anhalt hat künftig den niedrigsten Frauenanteil;https://www.zeit.de/politik/deutschland/2026-09/frauen-anteil-landtag-sachsen-anhalt-abgeordnete-parteien-gxe;Mit dem hohen Wahlsieg der AfD in Sachsen-Anhalt sinkt der Frauenanteil im Parlament. In der Bundesversammlung können CDU, CSU und SPD ihre Mehrheit halten.;Sachsen-Anhalt;Politik, Sachsen-Anhalt, Sachsen-Anhalt, Frauen, Landtag, Alternative für Deutschland, SPD, Bündnis Sahra Wagenknecht, CDU;2026-09-08T05:37:26+02:00;2026-09-08T05:37:26+02:00;dar;DIE ZEIT,        dpa,        epd,        							dar;false
9334ea19db5f1512e0784e03530d8d0e4a5a9a064663def78ff84e276008f690;Annett Louisan singt mit viel Klarheit vom Ankommen;https://www.zeit.de/news/2026-09/08/annett-louisan-singt-mit-viel-klarheit-vom-ankommen;Hier finden Sie Informationen zu dem Thema „Pop-Sängerin“. Lesen Sie jetzt „Annett Louisan singt mit viel Klarheit vom Ankommen“.;Pop-Sängerin;News, Pop-Sängerin, Annett Louisan, Sängerin, St. Georg, Klarheit, Freiheit, Familie, Drama, Tournee;2026-09-08T05:30:06+02:00;2026-09-08T05:30:06+02:00;;dpa Hamburg/Schleswig-Holstein;false
f280e5d495c266b8c027bf8f136ec718d8a835790751e1f139fd871db886ae6f;Forscher: Radikalisierung der AfD nach Wahlerfolg fraglich;https://www.zeit.de/news/2026-09/08/forscher-radikalisierung-der-afd-nach-wahlerfolg-fraglich;Hier finden Sie Informationen zu dem Thema „Nach der Landtagswahl“. Lesen Sie jetzt „Forscher: Radikalisierung der AfD nach Wahlerfolg fraglich“.;Nach der Landtagswahl;News, Nach der Landtagswahl, Jan Philipp Thomeczek, Ulrich Siegmund, Thomeczek, Sachsen-Anhalt, Alternative für Deutschland, Deutsche Presse-Agentur, Bündnis Sahra Wagenknecht, Landtagswahl, Landtagswahl in Sachsen, Radikalisierung;2026-09-08T05:30:05+02:00;2026-09-08T05:30:05+02:00;;dpa Berlin/Brandenburg;false
7f999f86ba64322f5688159e2e27ef6d96f07b7ffb0a4f0bf38c5004a993087d;Sommer-Endspurt in Baden-Württemberg - ab morgen wird’s nass;https://www.zeit.de/news/2026-09/08/sommer-endspurt-in-baden-wuerttemberg-ab-morgen-wird-s-nass;Hier finden Sie Informationen zu dem Thema „Wetter-Vorhersage“. Lesen Sie jetzt „Sommer-Endspurt in Baden-Württemberg - ab morgen wird’s nass“.;Wetter-Vorhersage;News, Wetter-Vorhersage, Alpen, Baden-Württemberg, Sommer, Wetter;2026-09-08T05:30:04+02:00;2026-09-08T05:30:04+02:00;;dpa Baden-Württemberg;false
796424df1dd07ca972bfd5a45839d19524f1d9c8ea93d0b30d50020ee197147e;31 Grad und Starkregen: Nach Wechselwetter wird es kühler;https://www.zeit.de/news/2026-09/08/31-grad-und-starkregen-nach-wechselwetter-wird-es-kuehler;Hier finden Sie Informationen zu dem Thema „Wetter“. Lesen Sie jetzt „31 Grad und Starkregen: Nach Wechselwetter wird es kühler“.;Wetter;News, Wetter, Berlin, Brandenburg, Uckermark, DWD, Südosthälfte, Starkregen, Wetter;2026-09-08T05:28:13+02:00;2026-09-08T05:28:13+02:00;;dpa Berlin/Brandenburg;false
a35a2ecb15208ee6e086040d38dbcb92c9e250d3220834073ea9412e22f57dd7;Umfrage: Viele gegen AfD-Regierung mit anderen Parteien;https://www.zeit.de/news/2026-09/08/umfrage-viele-gegen-afd-regierung-mit-anderen-parteien;Hier finden Sie Informationen zu dem Thema „Landtagswahl“. Lesen Sie jetzt „Umfrage: Viele gegen AfD-Regierung mit anderen Parteien“.;Landtagswahl;News, Landtagswahl, Sachsen-Anhalt, Alternative für Deutschland, YouGov, CDU, Landtagswahl, Umfrage, Wahlsieg;2026-09-08T05:15:04+02:00;2026-09-08T05:15:04+02:00;;dpa Sachsen;false
31ebb2128480fe68faace8d5ebbcd31c78ef695ef7b6ae98b1e30090b12e2514;Sozialverband plädiert für Kurskorrektur bei Reformen;https://www.zeit.de/politik/deutschland/2026-09/afd-wahlsieg-sachsen-anhalt-sozialverband-deutschland-sozialkuerzungen-michaela-engelmeier-gxe;Die Regierung müsse Kürzungen bei Sozialleistungen überprüfen, fordert der Sozialverband Deutschland. Ein Wirtschaftsweiser warnt vor Änderungen an der Rentenreform.;AfD-Wahlsieg in Sachsen-Anhalt;Politik, AfD-Wahlsieg in Sachsen-Anhalt, Sachsen-Anhalt, Alternative für Deutschland, Bundesregierung, Reform, Rentenreform;2026-09-08T05:05:28+02:00;2026-09-08T05:05:28+02:00;mpdar;DIE ZEIT,        AFP,        Reuters,        							mp					,        							dar;false
51c3e26828634bb5a77f3b1f8f430ca5a9692757914aaa4a7481ed5f336b8055;ÖPNV-Streik: Was Fahrgäste im Norden wissen müssen;https://www.zeit.de/news/2026-09/08/oepnv-streik-was-fahrgaeste-im-norden-wissen-muessen;Hier finden Sie Informationen zu dem Thema „Tarifverhandlungen“. Lesen Sie jetzt „ÖPNV-Streik: Was Fahrgäste im Norden wissen müssen“.;Tarifverhandlungen;News, Tarifverhandlungen, Schleswig-Holstein, Lübeck, Flensburg, Neumünster, Kiel, Kreis Plön, Ver.di, Nahverkehr, Warnstreik, Pendler;2026-09-08T05:00:18+02:00;2026-09-08T05:00:18+02:00;;dpa Hamburg/Schleswig-Holstein;false
752b1bb434306b721a8ba2e72a17c13aa616073c3a5025b43d6c2bbff2648f7b;Elbchaussee erneut dicht – Welche Alternativen gibt es?;https://www.zeit.de/news/2026-09/08/elbchaussee-erneut-dicht-welche-alternativen-gibt-es;Hier finden Sie Informationen zu dem Thema „Verkehr“. Lesen Sie jetzt „Elbchaussee erneut dicht – Welche Alternativen gibt es?“.;Verkehr;News, Verkehr, Elbchaussee, LSBG, Klopstockstraße, Hohenzollernring, Verkehr;2026-09-08T05:00:17+02:00;2026-09-08T05:00:17+02:00;;dpa Hamburg/Schleswig-Holstein;false
56341581df69cececff4c23726eb6638d1f059e7c2b585893ee52d3b5fd84252;Flüchtlingsrat nach AfD-Erfolg in Sorge um MV-Landtagswahl;https://www.zeit.de/news/2026-09/08/fluechtlingsrat-nach-afd-erfolg-in-sorge-um-mv-landtagswahl;Hier finden Sie Informationen zu dem Thema „Vor der Landtagswahl“. Lesen Sie jetzt „Flüchtlingsrat nach AfD-Erfolg in Sorge um MV-Landtagswahl“.;Vor der Landtagswahl;News, Vor der Landtagswahl, Sachsen, Mecklenburg-Vorpommern, Sachsen-Anhalt, Alternative für Deutschland, Landtagswahl, Erfolg, Menschenrechte;2026-09-08T05:00:17+02:00;2026-09-08T05:00:17+02:00;;dpa Mecklenburg-Vorpommern;false
3cfe6ac607c06c0d0230fafe9a11088fb840480596cf5009a26cc39ffc3dd305;Wo sind die Kraniche? Wann die Grus grus kommen;https://www.zeit.de/news/2026-09/08/wo-sind-die-kraniche-wann-die-grus-grus-kommen;Hier finden Sie Informationen zu dem Thema „Vogelzug“. Lesen Sie jetzt „Wo sind die Kraniche? Wann die Grus grus kommen“.;Vogelzug;News, Vogelzug, Astrid Koschorreck, Kyffhäuser, Thüringen, Sachsen-Anhalt, Kranich, Vogelzug, Stausee, Winterquartier, Tiere, Herbst;2026-09-08T05:00:16+02:00;2026-09-08T05:00:16+02:00;;dpa Sachsen;false
71cd7c4d363cc19b9b97531a7f04d05d78b93496315d59d89cc1c2652b3153a6;Nach Rekordjahr 2025: Deutlich weniger Borreliose-Fälle;https://www.zeit.de/news/2026-09/08/nach-rekordjahr-2025-deutlich-weniger-borreliose-faelle;Hier finden Sie Informationen zu dem Thema „Zecken“. Lesen Sie jetzt „Nach Rekordjahr 2025: Deutlich weniger Borreliose-Fälle“.;Zecken;News, Zecken, Sachsen, Rekordjahr, Zecke, Zeckensaison, Borreliose;2026-09-08T05:00:13+02:00;2026-09-08T05:00:13+02:00;;dpa Sachsen;false
b9d67e3a3a534c8254b95d76658457fa965c319fa76910c402acb7220b5e8521;Maschinenbauer verlagern Forschung zunehmend ins Ausland;https://www.zeit.de/news/2026-09/08/maschinenbauer-verlagern-forschung-zunehmend-ins-ausland;Hier finden Sie Informationen zu dem Thema „«Alarmsignal für Deutschland»“. Lesen Sie jetzt „Maschinenbauer verlagern Forschung zunehmend ins Ausland“.;«Alarmsignal für Deutschland»;News, «Alarmsignal für Deutschland», VDMA, Alarmsignal, Forschungsaktivität, Anlagenbau;2026-09-08T05:00:06+02:00;2026-09-08T05:00:06+02:00;;dpa;false
6fc470efb68cdc103986728386e7dd0135ebe88451765d7425eaa073ca395978;Rettungsdienste protestieren gegen befürchteten Geldmangel;https://www.zeit.de/news/2026-09/08/rettungsdienste-protestieren-gegen-befuerchteten-geldmangel;Hier finden Sie Informationen zu dem Thema „Retter in Not“. Lesen Sie jetzt „Rettungsdienste protestieren gegen befürchteten Geldmangel“.;Retter in Not;News, Retter in Not, ADAC, Rotes Kreuz, Geldmangel, Luftrettung;2026-09-08T05:00:05+02:00;2026-09-08T05:00:05+02:00;;dpa Bayern;false
4ab655dd8c2b8c77eda5b8174ce44bc33bd49f9e35b10c5d3f32fb909c050cd8;Autofahrer stirbt bei Unfall auf A3 - Kind schwer verletzt;https://www.zeit.de/news/2026-09/08/autofahrer-stirbt-bei-unfall-auf-a3-kind-schwer-verletzt;Hier finden Sie Informationen zu dem Thema „Kreis Kleve“. Lesen Sie jetzt „Autofahrer stirbt bei Unfall auf A3 - Kind schwer verletzt“.;Kreis Kleve;News, Kreis Kleve, Kleve, Emmerich, Unfall, Auto;2026-09-08T04:45:19+02:00;2026-09-08T04:45:19+02:00;;dpa Nordrhein-Westfalen;false
d46b11fff86c9b357e22d0ac093d3e5a153feca970becf04064dfb13f22455f5;Vor 20 Jahren besuchte Benedikt XVI. seine bayerische Heimat;https://www.zeit.de/news/2026-09/08/vor-20-jahren-besuchte-benedikt-xvi-seine-bayerische-heimat;Hier finden Sie Informationen zu dem Thema „Jubel für den Gast aus Rom“. Lesen Sie jetzt „Vor 20 Jahren besuchte Benedikt XVI. seine bayerische Heimat“.;Jubel für den Gast aus Rom;News, Jubel für den Gast aus Rom, Benedikt XVI., Detlef Pollack, Papst Leo, Rom, Bayern, München, Freising, Altötting, Marktl, Regensburg;2026-09-08T04:45:07+02:00;2026-09-08T04:45:07+02:00;;dpa Bayern;false
996d12c2a44b56e7f6165fa6e6f075c5351a324ba43f18d01afc96ec928bd1bf;Glänzt Guirassy weiter? Der BVB und sein «Topstürmer»;https://www.zeit.de/news/2026-09/08/glaenzt-guirassy-weiter-der-bvb-und-sein-topstuermer;Hier finden Sie Informationen zu dem Thema „Champions League“. Lesen Sie jetzt „Glänzt Guirassy weiter? Der BVB und sein «Topstürmer»“.;Champions League;News, Champions League, Serhou Guirassy, Niko Kovač, Villarreal, Borussia Dortmund, FC Villarreal, Hamburger SV, TSG 1899 Hoffenheim, Prime Video, Champions League, Bundesliga;2026-09-08T04:37:04+02:00;2026-09-08T04:37:04+02:00;;dpa Nordrhein-Westfalen;false
22a2344e82e033d4a3611bd83166b119b02a852e70bbf92459769dfec8ad8589;Zweiwöchige A40-Sperrung startet - A2 am Wochenende dicht;https://www.zeit.de/news/2026-09/08/zweiwoechige-a40-sperrung-startet-a2-am-wochenende-dicht;Hier finden Sie Informationen zu dem Thema „Sperrungen im Ruhrgebiet“. Lesen Sie jetzt „Zweiwöchige A40-Sperrung startet - A2 am Wochenende dicht“.;Sperrungen im Ruhrgebiet;News, Sperrungen im Ruhrgebiet, Ruhrgebiet, Dortmund, Bochum, Bottrop, die Autobahn GmbH des Bundes, Sperrung, Fahrtrichtung;2026-09-08T04:30:04+02:00;2026-09-08T04:30:04+02:00;;dpa Nordrhein-Westfalen;false
09c31cfc7e2044025cf2179b9854b47572bdd0e15755c55eb20964a4d704bb9c;Türkische Gemeinde: Keine Residenzpflicht in Sachsen-Anhalt;https://www.zeit.de/news/2026-09/08/tuerkische-gemeinde-keine-residenzpflicht-in-sachsen-anhalt;Hier finden Sie Informationen zu dem Thema „Nach Wahlerfolg der AfD“. Lesen Sie jetzt „Türkische Gemeinde: Keine Residenzpflicht in Sachsen-Anhalt“.;Nach Wahlerfolg der AfD;News, Nach Wahlerfolg der AfD, Gökay Sofuoglu, Sachsen-Anhalt, Alternative für Deutschland, Türkische Gemeinde in Deutschland, Deutsche Presse-Agentur, Landtagswahl in Sachsen, Residenzpflicht, Wahlerfolg, Migrationsgeschichte, Erfolg;2026-09-08T04:15:04+02:00;2026-09-08T04:15:04+02:00;;dpa Sachsen;false
770994245d5d566f97fafff24baca82dd639d137b3c0c096487eda962a7cc2f2;Eiffelturm wegen Streiks geschlossen;https://www.zeit.de/gesellschaft/2026-09/eiffelturm-streik-paris-baps-indien-gxe;Eine hinduistische Besuchergruppe wollte am Pariser Wahrzeichen keinen Frauen begegnen. Die Anfrage wurde gewährt – und löste in Frankreichs Hauptstadt Empörung aus.;Paris;Gesellschaft, Paris, Streik, Paris, Frauen, Gleichstellung, Hinduismus, Frankreich;2026-09-08T04:13:43+02:00;2026-09-08T04:13:43+02:00;jj;DIE ZEIT,        AFP,        dpa,        							jj;false
c4d7b3aa480ce46fec4fa5c1025bb0732dcb068ac59a9db2423583b6c6ab9087;Start für Brückenabriss bei Wittenberge – Sperrung ab heute;https://www.zeit.de/news/2026-09/08/start-fuer-brueckenabriss-bei-wittenberge-sperrung-ab-heute;Hier finden Sie Informationen zu dem Thema „Verkehr“. Lesen Sie jetzt „Start für Brückenabriss bei Wittenberge – Sperrung ab heute“.;Verkehr;News, Verkehr, Wittenberge, Geestgottberg, Magdeburg, Sachsen-Anhalt, Landkreis Stendal, Brückenabriss, Sperrung, Elbebrücke, Abriss, Verkehr;2026-09-08T04:00:19+02:00;2026-09-08T04:00:19+02:00;;dpa Berlin/Brandenburg;false
2f585d1934a2b2abd00ad7d20d2ed75ba67ce7127620f465bc926e453d4b1906;Wie BW eine AfD-Regierung in Sachsen-Anhalt spüren könnte;https://www.zeit.de/news/2026-09/08/wie-bw-eine-afd-regierung-in-sachsen-anhalt-spueren-koennte;Hier finden Sie Informationen zu dem Thema „Landtagswahl in Sachsen-Anhalt“. Lesen Sie jetzt „Wie BW eine AfD-Regierung in Sachsen-Anhalt spüren könnte“.;Landtagswahl in Sachsen-Anhalt;News, Landtagswahl in Sachsen-Anhalt, Cem Özdemir, Danyal Bayaz, Ulrich Eith, Marc Debus, Ulrich Siegmund, Thomas König, Magdeburg, Stuttgart, Mannheim, Ungarn;2026-09-08T04:00:18+02:00;2026-09-08T04:00:18+02:00;;dpa Baden-Württemberg;false
508ca27deb3fc479814e8b9d478b3103511c690cdce2f5b6bc89b9b7fe5bfee0;Geflügel im Trend - Fleisch kommt zunehmend aus dem Ausland;https://www.zeit.de/news/2026-09/08/gefluegel-im-trend-fleisch-kommt-zunehmend-aus-dem-ausland;Hier finden Sie Informationen zu dem Thema „Fleischkonsum in Deutschland“. Lesen Sie jetzt „Geflügel im Trend - Fleisch kommt zunehmend aus dem Ausland“.;Fleischkonsum in Deutschland;News, Fleischkonsum in Deutschland, Roland Berger, Bundeslandwirtschaftsministerium, Geflügel, Fleischkonsum, Pute;2026-09-08T04:00:18+02:00;2026-09-08T04:00:18+02:00;;dpa;false
6434add7c1827ceaedebc79de677a7bc831527a8a2e2a93891fc872f2c3e2b4e;Was ein Besuch von Papst Leo in Deutschland bewirken könnte;https://www.zeit.de/news/2026-09/08/was-ein-besuch-von-papst-leo-in-deutschland-bewirken-koennte;Hier finden Sie Informationen zu dem Thema „20 Jahre nach Benedikts Reise“. Lesen Sie jetzt „Was ein Besuch von Papst Leo in Deutschland bewirken könnte“.;20 Jahre nach Benedikts Reise;News, 20 Jahre nach Benedikts Reise, Benedikt XVI., Papst Leo, Papst Franziskus;2026-09-08T04:00:16+02:00;2026-09-08T04:00:16+02:00;;dpa Bayern;false
36c1c90286fab8858d1c632a4117cf53bf74d4f60417b8b70b84c1418ad5a7a5;Zeugnis-Pannen in Niedersachsen bereits 2016;https://www.zeit.de/news/2026-09/08/zeugnis-pannen-in-niedersachsen-bereits-2016;Hier finden Sie Informationen zu dem Thema „Fehlerhafte Schulabschlüsse“. Lesen Sie jetzt „Zeugnis-Pannen in Niedersachsen bereits 2016“.;Fehlerhafte Schulabschlüsse;News, Fehlerhafte Schulabschlüsse, Vechta, Niedersachsen, Landkreis Schaumburg, Kultusministerium, Deutsche Presse-Agentur, Schulabschluss;2026-09-08T04:00:14+02:00;2026-09-08T04:00:14+02:00;;dpa Niedersachsen;false
b57062aad766f71421234eef1ab150cd40d7bf8582862b3ec860e30e854126c6;Puttrich: «So ein Flugunfall hinterlässt tiefe Spuren»;https://www.zeit.de/news/2026-09/08/puttrich-so-ein-flugunfall-hinterlaesst-tiefe-spuren;Hier finden Sie Informationen zu dem Thema „Fliegen als Hobby“. Lesen Sie jetzt „Puttrich: «So ein Flugunfall hinterlässt tiefe Spuren»“.;Fliegen als Hobby;News, Fliegen als Hobby, Lucia Puttrich, Viernheim, Nidda, CDU, Flugunfall, Flugzeugabsturz;2026-09-08T04:00:07+02:00;2026-09-08T04:00:07+02:00;;dpa Hessen;false
bfa5e9a4f1555d649d4cd5d1000bb63af1ca9461239ef1109ff289a8dafecf34;Mehr Fertighäuser genehmigt – besonders beliebt im Südwesten;https://www.zeit.de/news/2026-09/08/mehr-fertighaeuser-genehmigt-besonders-beliebt-im-suedwesten;Hier finden Sie Informationen zu dem Thema „Immobilien“. Lesen Sie jetzt „Mehr Fertighäuser genehmigt – besonders beliebt im Südwesten“.;Immobilien;News, Immobilien, Bundesverband Deutscher Fertigbau, Statistisches Bundesamt, Südwesten, Fertighaus, Zweifamilienhaus, Immobilie, Baugenehmigung;2026-09-08T04:00:06+02:00;2026-09-08T04:00:06+02:00;;dpa;false
5f468a93345ed0f765ea4273306a91551554366e548f885ae43059357017414b;BGH prüft: Zahlt Kaskoversicherer überhöhte Werkstattkosten?;https://www.zeit.de/news/2026-09/08/bgh-prueft-zahlt-kaskoversicherer-ueberhoehte-werkstattkosten;Hier finden Sie Informationen zu dem Thema „Autoversicherung“. Lesen Sie jetzt „BGH prüft: Zahlt Kaskoversicherer überhöhte Werkstattkosten?“.;Autoversicherung;News, Autoversicherung, Peter Grieble, Karlsruhe, Bundesgerichtshof, Werkstattkosten, Unfall, Werkstattrisiko, Autoversicherung, Werkstattrechnung, Fahrzeug;2026-09-08T04:00:05+02:00;2026-09-08T04:00:05+02:00;;dpa Baden-Württemberg;false
608e1c10ccc6df5666ad960f8b4b92a93fed217aa79f3c715b3f194080452f50;Wie Karlsruhe gleich zu Beginn den Südweststaat prägte;https://www.zeit.de/news/2026-09/08/wie-karlsruhe-gleich-zu-beginn-den-suedweststaat-praegte;Hier finden Sie Informationen zu dem Thema „75 Jahre Verfassungsgericht“. Lesen Sie jetzt „Wie Karlsruhe gleich zu Beginn den Südweststaat prägte“.;75 Jahre Verfassungsgericht;News, 75 Jahre Verfassungsgericht, Karlsruhe, Baden-Württemberg, Bundesverfassungsgericht, Volksabstimmung, Südweststaat, Südwesten;2026-09-08T04:00:04+02:00;2026-09-08T04:00:04+02:00;;dpa Baden-Württemberg;false
3e316122e92ab2b2b61578fdc02e7e3fcd26d087cc4f9c82bc4fbf501f00fa13;Ebling: Kommunen sollen Milliarden rasch investieren;https://www.zeit.de/news/2026-09/08/ebling-kommunen-sollen-milliarden-rasch-investieren;Hier finden Sie Informationen zu dem Thema „Wirtschaftslage“. Lesen Sie jetzt „Ebling: Kommunen sollen Milliarden rasch investieren“.;Wirtschaftslage;News, Wirtschaftslage, Michael Ebling, Rheinland-Pfalz, SPD, Kommune, Wirtschaftslage;2026-09-08T03:30:21+02:00;2026-09-08T03:30:21+02:00;;dpa Rheinland-Pfalz/Saarland;false
0dbba476e7b5faf32e980ce1a93f1a79b38b4648c6a5ad26222cacf7edc3d17f;48-Stunden-Warnstreik trifft Nahverkehr in vier Städten;https://www.zeit.de/news/2026-09/08/48-stunden-warnstreik-trifft-nahverkehr-in-vier-staedten;Hier finden Sie Informationen zu dem Thema „Schleswig-Holstein“. Lesen Sie jetzt „48-Stunden-Warnstreik trifft Nahverkehr in vier Städten“.;Schleswig-Holstein;News, Schleswig-Holstein, Schleswig-Holstein, Lübeck, Flensburg, Neumünster, Kiel, Ver.di, Nahverkehr, Warnstreik;2026-09-08T03:30:15+02:00;2026-09-08T03:30:15+02:00;;dpa Hamburg/Schleswig-Holstein;false
75a79a538aa53f3f07bd17e3e03061e700b7ff3185d6c3eca06127cbdcb21556;Dortmund startet gegen Villarreal in die Champions League;https://www.zeit.de/news/2026-09/08/dortmund-startet-gegen-villarreal-in-die-champions-league;Hier finden Sie Informationen zu dem Thema „Ligaphase“. Lesen Sie jetzt „Dortmund startet gegen Villarreal in die Champions League“.;Ligaphase;News, Ligaphase, Villarreal, Dortmund, FC Villarreal, Borussia Dortmund, Champions League, Ligaphase;2026-09-08T03:30:14+02:00;2026-09-08T03:30:14+02:00;;dpa Nordrhein-Westfalen;false
dea229183f02b87ff06383ae467b0964c68316ebfbecb53d1dbfb487467f30e1;Wie Handys und Drogen ins Gefängnis gelangen;https://www.zeit.de/news/2026-09/08/wie-handys-und-drogen-ins-gefaengnis-gelangen;Hier finden Sie Informationen zu dem Thema „Schmuggel in der JVA“. Lesen Sie jetzt „Wie Handys und Drogen ins Gefängnis gelangen“.;Schmuggel in der JVA;News, Schmuggel in der JVA, Helmut Martin, Stefan Wagner, Justizminister, NRW, Rheinland-Pfalz, Rheinbach, CDU, Schmuggel, Gefängnis, Drogen;2026-09-08T03:30:08+02:00;2026-09-08T03:30:08+02:00;;dpa Rheinland-Pfalz/Saarland;false
9bfc7121c7e90aa5f6a41c7c02ddfb98a2e538ecdb71b7b753684780ac90a7aa;Prozess um geplanten Mord an Ehemann - Urteil erwartet;https://www.zeit.de/news/2026-09/08/prozess-um-geplanten-mord-an-ehemann-urteil-erwartet;Hier finden Sie Informationen zu dem Thema „Prozesse“. Lesen Sie jetzt „Prozess um geplanten Mord an Ehemann - Urteil erwartet“.;Prozesse;News, Prozesse, Köln, Mord, Geld;2026-09-08T03:30:04+02:00;2026-09-08T03:30:04+02:00;;dpa Nordrhein-Westfalen;false
77701eccb8ff03c2eefcbcf3f16275dfacb68e2dfea350c274f0ca7909447122;«Kinzigtal Total»: Das müssen Radfahrer und Besucher wissen;https://www.zeit.de/news/2026-09/08/kinzigtal-total-das-muessen-radfahrer-und-besucher-wissen;Hier finden Sie Informationen zu dem Thema „Freizeitspaß für Familien“. Lesen Sie jetzt „«Kinzigtal Total»: Das müssen Radfahrer und Besucher wissen“.;Freizeitspaß für Familien;News, Freizeitspaß für Familien, Total S.A., Schlüchtern, Steinau, Wächtersbach, Gelnhausen, Langenselbold, Sinntal, Bad Soden, Biebergemünd, Gründau;2026-09-08T03:00:10+02:00;2026-09-08T03:00:10+02:00;;dpa Hessen;false
dd5057234b4ff1702998158447c5d0b1afdac9a9af93e35124698ce2425fcb30;«Jetzt bin ich Privatmensch» - Baerbock verlässt Weltbühne;https://www.zeit.de/news/2026-09/08/jetzt-bin-ich-privatmensch-baerbock-verlaesst-weltbuehne;Hier finden Sie Informationen zu dem Thema „Abschied von den UN“. Lesen Sie jetzt „«Jetzt bin ich Privatmensch» - Baerbock verlässt Weltbühne“.;Abschied von den UN;News, Abschied von den UN, Annalena Baerbock, Donald Trump, Russland, USA, Afrika, UN, Bundesregierung, Sicherheitsrat der Vereinten Nationen, Weltbühne, Krieg in der Ukraine;2026-09-08T03:00:08+02:00;2026-09-08T03:00:08+02:00;;dpa;false
80e3879263d4ec1691ebaac97156920d81784c8f3335c76fcae7a68931fffcb2;Tödlicher Verkehrsunfall bei Münchhausen;https://www.zeit.de/news/2026-09/08/toedlicher-verkehrsunfall-bei-muenchhausen;Hier finden Sie Informationen zu dem Thema „Unfälle“. Lesen Sie jetzt „Tödlicher Verkehrsunfall bei Münchhausen“.;Unfälle;News, Unfälle, Münchhausen, Marburg, Landkreis Marburg-Biedenkopf, Unfall, Verkehrsunfall, Auto;2026-09-08T02:52:23+02:00;2026-09-08T02:52:23+02:00;;dpa Hessen;false
2a0903be13a3105a05c813fb9be0ab8ba22f021ae6dc7900698fa644c9c61c88;Thüringer Verfassungsschutz erwägt eingeschränkten Informationsfluss;https://www.zeit.de/politik/deutschland/2026-09/verfassungsschutz-afd-regierung-sachsen-anhalt-stephan-kramer;Sollte die AfD in Sachsen-Anhalt mitregieren, könnten Geheimdienste bestimmte Informationen zurückhalten. Der Verfassungsschutz in Thüringen spricht von Risikomanagement.;Verfassungsschutz und AfD;Politik, Verfassungsschutz und AfD, Sachsen-Anhalt, Verfassungsschutz, Alternative für Deutschland, Landesamt für Verfassungsschutz, SPD, Rechtsextremismus;2026-09-08T02:39:59+02:00;2026-09-08T02:39:59+02:00;jj;DIE ZEIT,        Reuters,        							jj;false
17f158ad57cd6f5f52a67928267a05a681f98487a14f212520e1fdd79bed161c;Motorradfahrer von Traktor erfasst und tödlich verletzt;https://www.zeit.de/news/2026-09/08/motorradfahrer-von-traktor-erfasst-und-toedlich-verletzt;Hier finden Sie Informationen zu dem Thema „Unfall in Oberbayern“. Lesen Sie jetzt „Motorradfahrer von Traktor erfasst und tödlich verletzt“.;Unfall in Oberbayern;News, Unfall in Oberbayern, Oberbayern, Reichertshausen, Landkreis Pfaffenhofen, Polizei, Traktor, Unfall;2026-09-08T01:22:45+02:00;2026-09-08T01:22:45+02:00;;dpa Bayern;false
0c70e418b1774fb8d1436fac7c92b7c9f4d265ea2cd4ea2e88fdf09bf4047f0a;Am Wochenende für fünf Euro ins Kino;https://www.zeit.de/news/2026-09/08/am-wochenende-fuer-fuenf-euro-ins-kino;Hier finden Sie Informationen zu dem Thema „Aktion zum Kinofest“. Lesen Sie jetzt „Am Wochenende für fünf Euro ins Kino“.;Aktion zum Kinofest;News, Aktion zum Kinofest, Hessen, Kinofest, Kino;2026-09-08T01:22:05+02:00;2026-09-08T01:22:05+02:00;;dpa Hessen;false
e4c3d14850d8c6802c28f8c4391c2170476007ec80abd5a2cbad3f1a54c84b7f;Trump kündigt Verkaufsverbot für kanadische Flugzeugfirma in USA an;https://www.zeit.de/wirtschaft/2026-09/donald-trump-bombardier-kanadischer-flugzeugbauer-usa;Donald Trump droht Bombardier im Handelsstreit mit Kanada mit einem Verkaufsverbot. Er will den Konzern dazu bringen, seine Flugzeuge in den USA zu produzieren.;Handelsstreit;Wirtschaft, Handelsstreit, Donald Trump, USA, Kanada, Bombardier, Flugzeug, US-Zölle;2026-09-08T00:58:16+02:00;2026-09-08T00:58:16+02:00;man;DIE ZEIT,        Reuters,        dpa,        							man;false
f6b01f030d5a61af8aa03728b2a32085a4f8f80b969cef8233a863cb2335c128;Zwei Drittel der Deutschen besorgt über Wahlausgang in Sachsen-Anhalt;https://www.zeit.de/politik/deutschland/2026-09/ard-deutschlandtrend-afd-sachsen-anhalt-ulrich-siegmund-friedrich-merz;Jeder Zweite ist laut ARD-»Deutschlandtrend extra« gegen Ulrich Siegmund als Ministerpräsident. Eine Mehrheit wünscht sich jedoch, die AfD politisch stärker einzubinden.;ARD-»Deutschlandtrend extra«;Politik, ARD-»Deutschlandtrend extra«, ARD, Deutschlandtrend, Alternative für Deutschland, Ulrich Siegmund, Sachsen-Anhalt, Landtagswahl;2026-09-08T00:16:57+02:00;2026-09-08T00:16:57+02:00;jj;DIE ZEIT,        AFP,        							jj;false
cda9ec5cf3948f33a581864572ac5dd32a1de77109a9e02dea3de6523a877805;Direktor von Trumps Friedensrat fordert Israels Abzug aus Gazastreifen;https://www.zeit.de/politik/ausland/2025-10/krieg-gaza-israel-hamas-liveblog;Mehr als 50 Prozent des Gazastreifens stünden unter der Kontrolle der israelischen Armee, sagt Nikolaj Mladenow. UN-Kommissar Türk kritisiert die Gewalt. Das Liveblog;Liveblog:                     Gaza;Politik, Gaza, Israel, Gazastreifen, Nahost, Hamas, Benjamin Netanjahu, Militär;2026-09-08T11:15:03+00:00;2026-09-08T11:15:03+00:00;David RechSarah Vojta;;false
7750cecb1f599988d999cde1c205ccd6650ceb51be4aef914b8b6c48ca594497;SPD-Landrat fordert Gespräche mit AfD nach Wahlerfolg;https://www.zeit.de/news/2026-09/08/spd-landrat-fordert-gespraeche-mit-afd-nach-wahlerfolg;Hier finden Sie Informationen zu dem Thema „Nach der Landtagswahl“. Lesen Sie jetzt „SPD-Landrat fordert Gespräche mit AfD nach Wahlerfolg“.;Nach der Landtagswahl;News, Nach der Landtagswahl, Markus Bauer, Sachsen-Anhalt, SPD, Alternative für Deutschland, T-Online, Landtagswahl, Landtagswahl in Sachsen, Wahlerfolg, Salzlandkreis;2026-09-08T00:01:04+02:00;2026-09-08T00:01:04+02:00;;dpa Sachsen;false
d6ee2abe5a5aa27afbe35a9e53eb3192a8b8df06d02ae0316886f40111417018;56-Jähriger stirbt bei Unfall auf A93 in Oberfranken;https://www.zeit.de/news/2026-09/07/56-jaehriger-stirbt-bei-unfall-auf-a93-in-oberfranken;Hier finden Sie Informationen zu dem Thema „Unfälle“. Lesen Sie jetzt „56-Jähriger stirbt bei Unfall auf A93 in Oberfranken“.;Unfälle;News, Unfälle, Oberfranken, Polizei, Unfall, Auto;2026-09-07T23:59:39+02:00;2026-09-07T23:59:39+02:00;;dpa Bayern;false
71e8446ed937f165db84d22407024637fe662ed3896fda693a2c623e888482f9;Was geschah am 8. September?;https://www.zeit.de/news/2026-09/07/was-geschah-am-8-september;Hier finden Sie Informationen zu dem Thema „Kalenderblatt“. Lesen Sie jetzt „Was geschah am 8. September?“.;Kalenderblatt;News, Kalenderblatt, Kalenderblatt, Namenstag;2026-09-07T23:55:04+02:00;2026-09-07T23:55:04+02:00;;dpa;false
d574ad38ae63c7ea65ef856a6cbefdf7e75b387fcc9c2adc9272dc98e3c0a39d;Wagenknecht: Machen «mit jedem» Politik für Veränderung;https://www.zeit.de/news/2026-09/07/wagenknecht-machen-mit-jedem-politik-fuer-veraenderung;Hier finden Sie Informationen zu dem Thema „Landtagswahl Sachsen-Anhalt“. Lesen Sie jetzt „Wagenknecht: Machen «mit jedem» Politik für Veränderung“.;Landtagswahl Sachsen-Anhalt;News, Landtagswahl Sachsen-Anhalt, Sahra Wagenknecht, Ulrich Siegmund, Sachsen-Anhalt, Bündnis Sahra Wagenknecht, Alternative für Deutschland, CDU;2026-09-07T23:44:57+02:00;2026-09-07T23:44:57+02:00;;dpa Sachsen;false
8466428751def0b9c77eee126883e2c3c18c5379019c3c511316267d1be4ccdd;Autos kollidieren an Einmündung - Beifahrerin stirbt;https://www.zeit.de/news/2026-09/07/autos-kollidieren-an-einmuendung-beifahrerin-stirbt;Hier finden Sie Informationen zu dem Thema „Unfall“. Lesen Sie jetzt „Autos kollidieren an Einmündung - Beifahrerin stirbt“.;Unfall;News, Unfall, Einmündung, Unfall, Auto;2026-09-07T23:19:41+02:00;2026-09-07T23:19:41+02:00;;dpa Hessen;false
9adc2361de963463181cdaf2d904339f1a5ced673d0ea95031cc6e8511bcf75b;Zwei Frauen bei Frontalkollision lebensgefährlich verletzt;https://www.zeit.de/news/2026-09/07/zwei-frauen-bei-frontalkollision-lebensgefaehrlich-verletzt;Hier finden Sie Informationen zu dem Thema „Trier-Saarburg“. Lesen Sie jetzt „Zwei Frauen bei Frontalkollision lebensgefährlich verletzt“.;Trier-Saarburg;News, Trier-Saarburg, Trier-Saarburg, Reinsfeld, Landkreis Trier-Saarburg, Frontalkollision, Frontalzusammenstoß, Unfall, Fahrzeug, Auto;2026-09-07T22:35:55+02:00;2026-09-07T22:35:55+02:00;;dpa Rheinland-Pfalz/Saarland;false
200c3414e5a67d139e7eb8e36e318f55db535219864fee062b60baf00cdd7ec0;Tausende protestieren gegen die AfD;https://www.zeit.de/news/2026-09/07/grossprotest-am-brandenburger-tor-nach-afd-erfolg;Hier finden Sie Informationen zu dem Thema „Nach Wahl in Sachsen-Anhalt“. Lesen Sie jetzt „Tausende protestieren gegen die AfD“.;Nach Wahl in Sachsen-Anhalt;News, Nach Wahl in Sachsen-Anhalt, Luisa Neubauer, Potsdam, Brandenburger Tor, Sachsen-Anhalt, Alternative für Deutschland, Polizei, Landtagswahl in Sachsen, Großprotest, Veranstaltungsbeginn, Erfolg;2026-09-07T22:27:11+02:00;2026-09-07T22:27:11+02:00;;dpa;false
f8cb361ca6711f12c5d5377a5755d3e9ef77d42bfd4d2e5db60008030a61984e;Willingmann sieht kein Ende der Volksparteien;https://www.zeit.de/news/2026-09/07/willingmann-sieht-kein-ende-der-volksparteien;Hier finden Sie Informationen zu dem Thema „Aufarbeitung der Wahl“. Lesen Sie jetzt „Willingmann sieht kein Ende der Volksparteien“.;Aufarbeitung der Wahl;News, Aufarbeitung der Wahl, Armin Willingmann, Friedrich Merz, Sachsen-Anhalt, Alternative für Deutschland, SPD, CDU, Aufarbeitung;2026-09-07T22:23:44+02:00;2026-09-07T22:23:44+02:00;;dpa Sachsen;false
42a1fd47f6b7ed33bc6c15eb60bb2045f6b5b9c81ce2ff324216df5488bae6db;Rollerfahrer bei Auffahrunfall schwer verletzt;https://www.zeit.de/news/2026-09/07/rollerfahrer-bei-auffahrunfall-schwer-verletzt;Hier finden Sie Informationen zu dem Thema „Unfall“. Lesen Sie jetzt „Rollerfahrer bei Auffahrunfall schwer verletzt“.;Unfall;News, Unfall, Auffahrunfall, Unfall;2026-09-07T22:20:04+02:00;2026-09-07T22:20:04+02:00;;dpa Rheinland-Pfalz/Saarland;false
5a27c47b69e119034380c41e6ad1e0482ea52d7619b28d911986b40827bb50c7;Müller geht nach Merz-Kritik in die Offensive;https://www.zeit.de/news/2026-09/07/cdu-spitzenkandidat-schulze-kuendigt-konsequenzen-an;Hier finden Sie Informationen zu dem Thema „CDU in Sachsen-Anhalt“. Lesen Sie jetzt „Müller geht nach Merz-Kritik in die Offensive“.;CDU in Sachsen-Anhalt;News, CDU in Sachsen-Anhalt, Sven Schulze, Sachsen-Anhalt, CDU, Konsequenz, Wahlniederlage;2026-09-07T21:37:20+02:00;2026-09-07T21:37:20+02:00;;dpa;false
5321c834ecb3e30c6f3eb1b71289ac195ae4e8d5681e51ab9d7017471dee3e96;Es ist noch nicht vorbei;https://www.zeit.de/politik/2026-09/strategien-mitte-parteien-reaktion-landtagswahl-sachsen-anhalt-selbskritik-populismus-sachpolitik;Die Mitte soll mit Demut auf die Wahl reagieren, hört man jetzt. Wie wäre es stattdessen mit kämpfen? Die liberale Demokratie ist ihren autoritären Spielarten überlegen.;"Z+ (abopflichtiger Inhalt);
        
    Strategien der Mitte-Parteien";Politik, Strategien der Mitte-Parteien, Sachsen-Anhalt, Alternative für Deutschland, Deutscher Bundestag, Europäische Union, Demokratie, Friedrich Merz;2026-09-07T21:36:09+02:00;2026-09-07T21:36:09+02:00;Mark Schieritz;;false
c5d54496aeb9b85f7853da2b03aee1ddd2cd15f0a2653911f4562815e3e52789;Demonstrative Einigkeit: Merz bei den SPD-Seeheimern;https://www.zeit.de/news/2026-09/07/demonstrative-einigkeit-merz-bei-den-spd-seeheimern;Hier finden Sie Informationen zu dem Thema „Nach der Landtagswahl“. Lesen Sie jetzt „Demonstrative Einigkeit: Merz bei den SPD-Seeheimern“.;Nach der Landtagswahl;News, Nach der Landtagswahl, Friedrich Merz, Lars Klingbeil, Sachsen-Anhalt, SPD, CDU, Landtagswahl, Koalition;2026-09-07T21:25:12+02:00;2026-09-07T21:25:12+02:00;;dpa;false
4e902f2ce52e9d5ae57b75a4dc86ea17ac0a818e57cfa427d2d2018bc1ce3f76;Söder: «Größte Denkzettelwahl der Geschichte»;https://www.zeit.de/news/2026-09/07/soeder-groesste-denkzettelwahl-der-geschichte;Hier finden Sie Informationen zu dem Thema „Wahl in Sachsen-Anhalt“. Lesen Sie jetzt „Söder: «Größte Denkzettelwahl der Geschichte»“.;Wahl in Sachsen-Anhalt;News, Wahl in Sachsen-Anhalt, Markus Söder, Sachsen-Anhalt, CSU, SPD, ARD, Denkzettelwahl;2026-09-07T21:21:43+02:00;2026-09-07T21:21:43+02:00;;dpa Bayern;false
6e74244614dd1a2ac0f0fea81f5bd3c96cbf2d3bc722812f35169c2eec225989;Dos Santos-Wintz ist neue Unions-Fraktionsmanagerin;https://www.zeit.de/news/2026-09/07/dos-santos-wintz-ist-neue-unions-fraktionsmanagerin;Hier finden Sie Informationen zu dem Thema „Bundestag“. Lesen Sie jetzt „Dos Santos-Wintz ist neue Unions-Fraktionsmanagerin“.;Bundestag;News, Bundestag, Dos Santos-Wintz, Steffen Bilger, Deutscher Bundestag, CDU, Verkehrsministerium;2026-09-07T21:16:01+02:00;2026-09-07T21:16:01+02:00;;dpa Nordrhein-Westfalen;false
30ffed5109ff60bbf6e60b582c5753fb5bc16657f3a222322e6818937d02ad37;ThSV Eisenach erkämpft Remis in Wetzlar;https://www.zeit.de/news/2026-09/07/thsv-eisenach-erkaempft-remis-in-wetzlar;Hier finden Sie Informationen zu dem Thema „Handball-Bundesliga“. Lesen Sie jetzt „ThSV Eisenach erkämpft Remis in Wetzlar“.;Handball-Bundesliga;News, Handball-Bundesliga, Sebastian Hinze, Wetzlar, Eisenach, ThSV Eisenach, Handball-Bundesliga, HSG Wetzlar, Bundesliga;2026-09-07T21:11:27+02:00;2026-09-07T21:11:27+02:00;;dpa Sachsen;false
2f5cebe701b71cea9926fb41b4f630a6396f134f6407f3723c0e04f4ca0c87a1;Wer ist Sepp Müller?;https://www.zeit.de/news/2026-09/07/wer-ist-sepp-mueller;Hier finden Sie Informationen zu dem Thema „Sachsen-Anhalt“. Lesen Sie jetzt „Wer ist Sepp Müller?“.;Sachsen-Anhalt;News, Sachsen-Anhalt, Sepp Müller, Sven Schulze, Ulrich Siegmund, Friedrich Merz, Sachsen-Anhalt, CDU, Alternative für Deutschland, Deutscher Bundestag, Bundestag, Landtagswahl;2026-09-07T21:10:54+02:00;2026-09-07T21:10:54+02:00;;dpa Sachsen;false
bbe35c5476d61cbe2363cfecd114f096d863c55742a27706f75af571d7841ed9;»Ziel: Länger leben, als die AfD existiert«;https://www.zeit.de/feuilleton/2026-09/sachsen-anhalt-reaktionen-prominente-wahlergebnisse;Die AfD führt einen heftigen Kulturkampf gegen Kunst, Wissenschaft, Religion. Persönlichkeiten aus Sachsen-Anhalt erzählen, was der AfD-Sieg für sie verändern wird.;"Z+ (abopflichtiger Inhalt);
        
    Stimmen zu Sachsen-Anhalt";Feuilleton, Stimmen zu Sachsen-Anhalt, Sachsen-Anhalt, Alternative für Deutschland, Schriftstellerin, CDU, Wahlkampf;2026-09-07T21:09:34+02:00;2026-09-07T21:09:34+02:00;Aljoscha BegrichChristian FriedelAnnett GröschnerKai LangerMonika MaronBettina SchlauraffMatthias QuentKatarzyna Wielga-Skolimowska;;false
437f940a20a169a9414e7001e70c293ae185f3bc97c41cd914072108830c4919;Sepp Müller strebt CDU-Vorsitz in Sachsen-Anhalt an;https://www.zeit.de/politik/deutschland/2026-09/sepp-mueller-will-sich-fuer-cdu-vorsitz-in-sachsen-anhalt-bewerben;Nach der Wahlniederlage in Sachsen-Anhalt will die CDU ihren Landesvorsitz neu wählen lassen. Sepp Müller hat seine Kandidatur angekündigt.;Sachsen-Anhalt;Politik, Sachsen-Anhalt, Sachsen-Anhalt, CDU, Landtag, Landtagswahl, Alternative für Deutschland;2026-09-07T21:05:17+02:00;2026-09-07T21:05:17+02:00;yer;DIE ZEIT,        AFP,        dpa,        							yer;false
daf3fbf37e8ef1e60eb56f73b4ebb61cbfddab8cff717e59afda57f82f36a27a;Hornbach steigert Umsatz und operatives Ergebnis;https://www.zeit.de/news/2026-09/07/hornbach-steigert-umsatz-und-operatives-ergebnis;Hier finden Sie Informationen zu dem Thema „Baumarktkonzern“. Lesen Sie jetzt „Hornbach steigert Umsatz und operatives Ergebnis“.;Baumarktkonzern;News, Baumarktkonzern, Hornbach, Baumarktkonzern, Umsatz, Nettoumsatz;2026-09-07T21:02:12+02:00;2026-09-07T21:02:12+02:00;;dpa Rheinland-Pfalz/Saarland;false
9befb5f352aab450af9965a6b4b72f2456a1040f2397881a32b22f3c3b26d1bb;«Bild»: Deutschland sackt bei Pisa-Studie weiter ab;https://www.zeit.de/news/2026-09/07/bild-deutschland-sackt-bei-pisa-studie-weiter-ab;Hier finden Sie Informationen zu dem Thema „Internationaler Bildungstest“. Lesen Sie jetzt „«Bild»: Deutschland sackt bei Pisa-Studie weiter ab“.;Internationaler Bildungstest;News, Internationaler Bildungstest, Pisa, Bildungstest, PISA-Studie;2026-09-07T20:56:43+02:00;2026-09-07T20:56:43+02:00;;dpa;false
49ccf2609653d83bc598ea3eb4f1487c31446c828174fbac882b33a9f529c2fa;Finnland errichtet 200 Kilometer langen Grenzzaun zu Russland;https://www.zeit.de/politik/ausland/2026-09/finnland-grenzzaun-russland-ostgrenze-sicherheit;Ein neuer Zaun sichert mehrere Abschnitte der Grenze Finnlands zu Russland. Dadurch will das Land die »instrumentalisierte Einreise« von Migranten verhindern.;Grenzschutz;Politik, Grenzschutz, Finnland, Russland, Migration, Nato;2026-09-07T20:49:47+02:00;2026-09-07T20:49:47+02:00;man;DIE ZEIT,        AFP,        dpa,        							man;false
bbc9c88381d3eb9627903efa11243bc4a6dffb86f4662cdc9a11a3358e09f5a5;Hunderte demonstrieren in Hessen gegen die AfD;https://www.zeit.de/news/2026-09/07/hunderte-demonstrieren-in-hessen-gegen-die-afd;Hier finden Sie Informationen zu dem Thema „Proteste nach Wahlen“. Lesen Sie jetzt „Hunderte demonstrieren in Hessen gegen die AfD“.;Proteste nach Wahlen;News, Proteste nach Wahlen, Hessen, Alternative für Deutschland, Landtagswahl in Sachsen;2026-09-07T20:47:17+02:00;2026-09-07T20:47:17+02:00;;dpa Hessen;false
443d4d8a4ab0d283d94316c2034fcb745e5ec0f10f0ec1fa83d76dc883375fe6;Nach Gelb-Rot: Elversberg-Trainer für ein Spiel gesperrt;https://www.zeit.de/news/2026-09/07/nach-gelb-rot-elversberg-trainer-fuer-ein-spiel-gesperrt;Hier finden Sie Informationen zu dem Thema „Fußball-Bundesliga“. Lesen Sie jetzt „Nach Gelb-Rot: Elversberg-Trainer für ein Spiel gesperrt“.;Fußball-Bundesliga;News, Fußball-Bundesliga, Vincent Wagner, Martin Petersen, Mönchengladbach, Borussia Mönchengladbach, Deutscher Fußball-Bund, FC Bayern München, Fußball-Bundesliga, Bundesliga, Sportgericht;2026-09-07T20:44:41+02:00;2026-09-07T20:44:41+02:00;;dpa Rheinland-Pfalz/Saarland;false
91a0c04048797049bf44546470e3a2cc7bb18bae7e959be9d20f54b4df709d85;Feuer auf Mülldeponie gelöscht;https://www.zeit.de/news/2026-09/07/feuer-auf-muelldeponie-in-boden-ausgebrochen;Hier finden Sie Informationen zu dem Thema „Feuerwehreinsatz“. Lesen Sie jetzt „Feuer auf Mülldeponie gelöscht“.;Feuerwehreinsatz;News, Feuerwehreinsatz, Feuerwehr, Mülldeponie, Feuerwehreinsatz, Westerwaldkreis, Müll;2026-09-07T20:44:21+02:00;2026-09-07T20:44:21+02:00;;dpa Rheinland-Pfalz/Saarland;false
6b9b7f887b089fe3a05fdcf5e1f141d2a3f0b73d8d1fbd5fa6fd8883cf5cfd1c;Hier wird Literatur gerupft, skalpiert, entsorgt;https://www.zeit.de/2026/38/amazon-buecher-scan-ki-training-las-vegas;Amazon kauft seltene Bücher auf, um seine KI zu füttern. In einer ihrer Lagerhallen soll es zugehen wie in einem Schlachtbetrieb.;"Z+ (abopflichtiger Inhalt);
        
    Amazon";Feuilleton, Amazon, Amazon, künstliche Intelligenz, Literatur, Software, Las Vegas;2026-09-07T20:43:09+02:00;2026-09-07T20:43:09+02:00;Sven Behrisch;Aus der        ZEIT Nr. 38/2026;false
a3b797e4d12fa5ea05e4658951818f4901c57b68dab43fdc9d82755d5b5e35f7;»Da die Katastrophe nun da ist, könnte sie einen Aufbruch erzeugen«;https://www.zeit.de/feuilleton/2026-09/harmut-rosa-landtagswahl-sachsen-anhalt-afd-soziologie;Die demokratischen Parteien können die AfD auch wieder kleinkriegen, sagt der Soziologe Hartmut Rosa. Nur müssten sie an einer Sehnsucht der Menschen anknüpfen. ;"Z+ (abopflichtiger Inhalt);
        
    Hartmut Rosa";Feuilleton, Hartmut Rosa, Alternative für Deutschland, Sachsen-Anhalt, Wahlkampf, Ostdeutschland, Demokratie;2026-09-07T20:37:46+02:00;2026-09-07T20:37:46+02:00;Nils Markwardt;;false
d04804b5b12f0b15016765a3282afc5fadb23043147d032ec546ebe3865b405b;Schwesig: «Der Ton des Kanzlers muss anders werden»;https://www.zeit.de/news/2026-09/07/schwesig-der-ton-des-kanzlers-muss-anders-werden;Hier finden Sie Informationen zu dem Thema „Landtagswahl“. Lesen Sie jetzt „Schwesig: «Der Ton des Kanzlers muss anders werden»“.;Landtagswahl;News, Landtagswahl, Manuela Schwesig, Friedrich Merz, Mecklenburg-Vorpommern, ZDF, SPD, CDU, Landtagswahl, Kritik;2026-09-07T20:33:38+02:00;2026-09-07T20:33:38+02:00;;dpa Mecklenburg-Vorpommern;false
0b6014691649543b417a66a1c21f928c0e435ef7beeeee215272a534b47a2527;Rhein will enttäuschte Wähler zurückgewinnen;https://www.zeit.de/news/2026-09/07/rhein-will-enttaeuschte-waehler-zurueckgewinnen;Hier finden Sie Informationen zu dem Thema „Landtagswahl in Sachsen-Anhalt“. Lesen Sie jetzt „Rhein will enttäuschte Wähler zurückgewinnen“.;Landtagswahl in Sachsen-Anhalt;News, Landtagswahl in Sachsen-Anhalt, Hessen, Westdeutschland, Rhein, Sachsen-Anhalt, Alternative für Deutschland, CDU, Landtagswahl in Sachsen;2026-09-07T20:31:58+02:00;2026-09-07T20:31:58+02:00;;dpa Hessen;false
1d25f2456310ad88e6f21d7d6784bb21ab31ce3640bc453b932faddeadc52114;Sepp Müller will neuer CDU-Chef in Sachsen-Anhalt werden;https://www.zeit.de/news/2026-09/07/sepp-mueller-will-neuer-cdu-chef-in-sachsen-anhalt-werden;Hier finden Sie Informationen zu dem Thema „Wahlen“. Lesen Sie jetzt „Sepp Müller will neuer CDU-Chef in Sachsen-Anhalt werden“.;Wahlen;News, Wahlen, Sepp Müller, Sachsen-Anhalt, CDU, Wahlschlappe, Bundestagsabgeordnete;2026-09-07T20:30:13+02:00;2026-09-07T20:30:13+02:00;;dpa;false
9d8a3762f5ffff471b322041674ef60a4b034e8dec5bec2f307a51656b857fb4;Tausende protestieren in Berlin, Schwerin und Sachsen-Anhalt gegen AfD;https://www.zeit.de/politik/deutschland/2026-09/proteste-afd-berlin-brandenburger-tor-luisa-neubauer-manuela-schwesig;In Berlin und Mecklenburg-Vorpommern haben Tausende gegen den AfD-Wahlsieg in Sachsen-Anhalt protestiert. Allein am Brandenburger Tor fanden sich 5.000 Demonstranten ein.;AfD-Wahlsieg in Sachsen-Anhalt;Politik, AfD-Wahlsieg in Sachsen-Anhalt, Protest, Alternative für Deutschland, Brandenburger Tor, Mecklenburg-Vorpommern, Berlin;2026-09-07T20:18:17+02:00;2026-09-07T20:18:17+02:00;man;DIE ZEIT,        dpa,        epd,        							man;false
57f71c592407ccd2eb822af4fbd6f4950d6323a6cb6f297158468e83866241ed;Rund 1200 Menschen demonstrieren in Essen gegen Rechtsruck;https://www.zeit.de/news/2026-09/07/rund-1200-menschen-demonstrieren-in-essen-gegen-rechtsruck;Hier finden Sie Informationen zu dem Thema „Reaktion auf AfD-Wahlergebnis“. Lesen Sie jetzt „Rund 1200 Menschen demonstrieren in Essen gegen Rechtsruck“.;Reaktion auf AfD-Wahlergebnis;News, Reaktion auf AfD-Wahlergebnis, Ruhrgebiet, Alternative für Deutschland, Rechtsruck;2026-09-07T20:14:32+02:00;2026-09-07T20:14:32+02:00;;dpa Nordrhein-Westfalen;false
7c0e59c542256f0b20f747d4de52f6beca4bd2a9ee2c0f9a0236852b67744124;Weiter punktlos: Union-Frauen verlieren gegen Frankfurt;https://www.zeit.de/news/2026-09/07/weiter-puinktlos-union-frauen-verlieren-gegen-frankfurt;Hier finden Sie Informationen zu dem Thema „Fußball-Frauen“. Lesen Sie jetzt „Weiter punktlos: Union-Frauen verlieren gegen Frankfurt“.;Fußball-Frauen;News, Fußball-Frauen, Marie-Louise Eta, Laura Freigang, Hayley Raso, Frankfurt, Böhi, Stadion An der Alten Försterei, 1. FC Union Berlin, Eintracht Frankfurt, Fußball-Bundesliga, Bundesliga;2026-09-07T20:09:21+02:00;2026-09-07T20:09:21+02:00;;dpa Berlin/Brandenburg;false
849b858903c009dd7fd130baf5caa096925cec0af007baac0bd5cd7cf0b2b1a5;FDP-Landeschef im Südwesten für rote Linien gegen AfD;https://www.zeit.de/news/2026-09/07/fdp-landeschef-im-suedwesten-fuer-rote-linien-gegen-afd;Hier finden Sie Informationen zu dem Thema „Statt «Brandmauer»“. Lesen Sie jetzt „FDP-Landeschef im Südwesten für rote Linien gegen AfD“.;Statt «Brandmauer»;News, Statt «Brandmauer», Hans-Ulrich Rülke, Björn Höcke, FDP, Alternative für Deutschland, Die Linke, Landtagswahl in Sachsen, Südwesten, Brandmauer;2026-09-07T20:06:58+02:00;2026-09-07T20:06:58+02:00;;dpa Baden-Württemberg;false
d2c0aef53aef591f9b5ff02db1d7ad990518d50c13beea6ef7d3e202a44e1210;Freigang schießt Eintracht-Frauen zum Sieg gegen Union;https://www.zeit.de/news/2026-09/07/freigang-schiesst-eintracht-frauen-zum-sieg-gegen-union;Hier finden Sie Informationen zu dem Thema „Fußball“. Lesen Sie jetzt „Freigang schießt Eintracht-Frauen zum Sieg gegen Union“.;Fußball;News, Fußball, Laura Freigang, Nadine Böhi, Stadion An der Alten Försterei, CDU/CSU, Eintracht Frankfurt, Paris SG, 1. FC Union Berlin, Erfolgsspur, Fußball;2026-09-07T19:59:09+02:00;2026-09-07T19:59:09+02:00;;dpa Hessen;false
e195de90f07541f214ba78251f7de6f16ac7e92529c5baba4f25713d926c36dd;Keine Zeit für Party: Basketballerinnen nun gegen Südkorea;https://www.zeit.de/news/2026-09/07/klarer-sieg-gegen-mali-basketballerinnen-bei-heim-wm-weiter;Hier finden Sie Informationen zu dem Thema „WM in Berlin“. Lesen Sie jetzt „Keine Zeit für Party: Basketballerinnen nun gegen Südkorea“.;WM in Berlin;News, WM in Berlin, Olaf Lange, Dennis Schröder, Frieda Bühner, Berlin, Spanien, Japan, Südkorea, WNBA, Gruppenphase, Zwischenrunde;2026-09-07T19:58:56+02:00;2026-09-07T19:58:56+02:00;;dpa Berlin/Brandenburg;false
12c722a76132c83538d0d748c81382422b9a2f2d5b0d14eb64c9757c089f5a3a;Streik am Eiffelturm nach Ausschluss von Mitarbeiterinnen;https://www.zeit.de/news/2026-09/07/streik-am-eiffelturm-nach-ausschluss-von-mitarbeiterinnen;Hier finden Sie Informationen zu dem Thema „Religiöse Besuchergruppe“. Lesen Sie jetzt „Streik am Eiffelturm nach Ausschluss von Mitarbeiterinnen“.;Religiöse Besuchergruppe;News, Religiöse Besuchergruppe, Ariel Weil, Michel Barnier, Eiffelturm, Le Parisien, Streik;2026-09-07T19:56:14+02:00;2026-09-07T19:56:14+02:00;;dpa;false
e6a29736ac9176508e3ac9da7c3f4fe65ce48f7aa698240d07501206b8f1523f;EU-Außenbeauftragte: Russland nicht an Frieden interessiert;https://www.zeit.de/news/2026-09/07/eu-aussenbeauftragte-russland-nicht-an-frieden-interessiert;Hier finden Sie Informationen zu dem Thema „Ukraine-Krieg“. Lesen Sie jetzt „EU-Außenbeauftragte: Russland nicht an Frieden interessiert“.;Ukraine-Krieg;News, Ukraine-Krieg, Kaja Kalla, Russland, Litauen, Moskau, Kyjiw, Europäische Union, Krieg in der Ukraine;2026-09-07T19:56:12+02:00;2026-09-07T19:56:12+02:00;;dpa;false
8a886b83807a578d7214e4df489a3838574804320c383f9fa9e37e5ab8b693e8;Deutschland schlägt Mali bei Basketball-WM und steht in nächster Runde;https://www.zeit.de/sport/2026-09/basketball-wm-frauen-deutschland-mali-olaf-lange-berlin;Das Basketball-Nationalteam der Frauen beendet die Gruppenphase bei der Basketball-WM auf Platz zwei. Am Dienstag geht es gegen Südkorea um den Einzug ins Viertelfinale.;Basketball-Weltmeisterschaft der Frauen;Sport, Basketball-Weltmeisterschaft der Frauen, Basketball, Weltmeisterschaft, Berlin, Bundestrainer, Basketball-Nationalmannschaft;2026-09-07T19:52:03+02:00;2026-09-07T19:52:03+02:00;yer;DIE ZEIT,        							yer;false
f2d9e54039b184721b92534968646799f38c66ae2bfc962a369e168436bda787;Schwesig: «Machtfantasien der AfD gemeinsam stoppen»;https://www.zeit.de/news/2026-09/07/schwesig-machtfantasien-der-afd-gemeinsam-stoppen;Hier finden Sie Informationen zu dem Thema „Landtagswahl“. Lesen Sie jetzt „Schwesig: «Machtfantasien der AfD gemeinsam stoppen»“.;Landtagswahl;News, Landtagswahl, Manuela Schwesig, Schwerin, Sachsen-Anhalt, Mecklenburg-Vorpommern, Alternative für Deutschland, SPD, Landtagswahl, Machtfantasie, Wahlsieg;2026-09-07T19:47:30+02:00;2026-09-07T19:47:30+02:00;;dpa Mecklenburg-Vorpommern;false
5feaced5bcbb67a45a91366a93178cb3ac57e72887cd1c5126e79e89bc6dedde;Es wird persönlich;https://www.zeit.de/politik/deutschland/2026-09/cdu-sachsen-anhalt-landtagwahll-afd-folgen;Die CDU ist nach Sachsen-Anhalt demoralisiert. Hat sie mit Kanzler Merz noch eine Chance? Er sucht die Gründe für den AfD-Triumph auch bei sich – und hat noch eine Idee.;"Z+ (abopflichtiger Inhalt);
        
    CDU";Politik, CDU, Friedrich Merz, CDU, Bundesregierung, Alternative für Deutschland, Berlin, Sachsen-Anhalt;2026-09-07T19:47:16+02:00;2026-09-07T19:47:16+02:00;Fabian Reinbold;;false
f98172d474c890bdb2948e6c1f0123df17a3ecb89930bc6083c05422acc77ef9;Enerparc insolvent – Betrieb läuft vorerst weiter;https://www.zeit.de/news/2026-09/07/enerparc-insolvent-betrieb-laeuft-vorerst-weiter;Hier finden Sie Informationen zu dem Thema „Sonnenenergie“. Lesen Sie jetzt „Enerparc insolvent – Betrieb läuft vorerst weiter“.;Sonnenenergie;News, Sonnenenergie, Stefan Denkhaus, Enerparc, Hamburg, Amtsgericht, Sonnenenergie, Insolvenzbekanntmachung, Insolvenz;2026-09-07T19:22:54+02:00;2026-09-07T19:22:54+02:00;;dpa Hamburg/Schleswig-Holstein;false
85908a15d3df839ea59af7be324ac6ae6d01dc1cd3fed9a4cebba2585bae62ad;Woidke rechnet in Sachsen-Anhalt mit längerer Instabilität;https://www.zeit.de/news/2026-09/07/woidke-rechnet-mit-laengerer-instabilitaet-in-sachsen-anhalt;Hier finden Sie Informationen zu dem Thema „Nach der Landtagswahl“. Lesen Sie jetzt „Woidke rechnet in Sachsen-Anhalt mit längerer Instabilität“.;Nach der Landtagswahl;News, Nach der Landtagswahl, Dietmar Woidke, Brandenburg, Sachsen-Anhalt, SPD, Alternative für Deutschland, Landtagswahl, Landtagswahl in Sachsen, Instabilität;2026-09-07T19:09:57+02:00;2026-09-07T19:09:57+02:00;;dpa Berlin/Brandenburg;false
9dfaf8ece54dba363107e033ddd5b50ac84c88cbcde14e5b9758188b4cf3c72f;Mann verschwindet an Badesee - Leiche gefunden;https://www.zeit.de/news/2026-09/07/mann-verschwindet-an-badesee-leiche-gefunden;Hier finden Sie Informationen zu dem Thema „Freizeitunfälle“. Lesen Sie jetzt „Mann verschwindet an Badesee - Leiche gefunden“.;Freizeitunfälle;News, Freizeitunfälle, Landkreis Neu-Ulm, Polizei, Freizeitunfall;2026-09-07T19:09:22+02:00;2026-09-07T19:09:22+02:00;;dpa Baden-Württemberg;false
28b605a75b7714f51fe9e114b979d15d629928ef52073629d8d9974de821acc8;Wie das Ausland auf die Wahl blickt;https://www.zeit.de/politik/2026-09/sachsen-anhalt-landtagswahl-reaktionen-ausland;Noch nie hat eine Landtagswahl international so viel Aufmerksamkeit erzeugt. Unsere Korrespondenten erklären, wie Politik und Medien in ihren Ländern reagieren.;"Z+ (abopflichtiger Inhalt);
        
    Sachsen-Anhalt";Politik, Sachsen-Anhalt, Sachsen-Anhalt, Alternative für Deutschland, Marine Le Pen, Europäische Union, Jared Kushner, Giorgia Meloni, Friedrich Merz, Alice Weidel, Sahra Wagenknecht, Magdeburg;2026-09-07T19:08:44+02:00;2026-09-07T19:08:44+02:00;Matthias KrupaUlrich LadurnerJens MühlingJuliane SchäubleDenis TrubetskoyMichael ThumannJan Roß;;false
41616e0e5e4bbdb9729ae6eeda0b4d47cf49189012f02724306603eb7689544a;Staatsanwaltschaft ermittelt gegen früheren Bürgermeister von Ankara;https://www.zeit.de/politik/ausland/2026-09/melih-goekcek-ankara-akp-geldtransfers-ermittlungen;Wegen des Verdachts auf verdeckte Geldtransfers ins Ausland wird gegen Ankaras Ex-Bürgermeister ermittelt. Über eine deutsche Firma soll er Millionen Euro bewegt haben.;Geldtransfers über deutsche Firma;Politik, Geldtransfers über deutsche Firma, Ankara, Ermittlung, Türkei, AKP;2026-09-07T19:06:54+02:00;2026-09-07T19:06:54+02:00;man;DIE ZEIT,        dpa,        							man;false
03c5767fa8964cb0414b6b9cd7895d98d09bf0257b5598554ee2c2e47e112e6f;Zur Schule gehen? Die Hölle für Emily;https://www.zeit.de/familie/2026-09/angst-schule-kinder-schulabsentismus-schulpflicht;Emily ist 14 und hat die gesamte achte Klasse gefehlt, trotz Schulpflicht. Sie hat Angst vor der Schule. Dank der Eltern, Lehrer und Behörden kann sie heute wieder hin.;"Z+ (abopflichtiger Inhalt);
        
    Angst vor der Schule";Familie, Angst vor der Schule, Schule, Kinder, Jugendamt, Familie, ADHS;2026-09-07T18:50:13+02:00;2026-09-07T18:50:13+02:00;Franziska Wessel;;false
53f1f55ac79ce4ced694ca650541034dcd082a9bfef68b98c00ca4c338caf974;Merz und Frei kritisieren Unionsfraktionsvize Sepp Müller;https://www.zeit.de/news/2026-09/07/merz-und-frei-kritisieren-unionsfraktionsvize-sepp-mueller;Hier finden Sie Informationen zu dem Thema „Landtagswahl Sachsen-Anhalt“. Lesen Sie jetzt „Merz und Frei kritisieren Unionsfraktionsvize Sepp Müller“.;Landtagswahl Sachsen-Anhalt;News, Landtagswahl Sachsen-Anhalt, Sepp Müller, Friedrich Merz, Thorsten Frei, Sachsen-Anhalt, CDU, Landtagswahl, Querschuss, Landtagswahlkampf;2026-09-07T18:48:40+02:00;2026-09-07T18:48:40+02:00;;dpa Sachsen;false
abd819e275fcd8cdb4476e1d5eb22d15fd78d9242b45ff73cbb6c07ca8fe8c09;Beobachter: Massive Desinformation vor Sachsen-Anhalt-Wahl;https://www.zeit.de/news/2026-09/07/beobachter-massive-desinformation-vor-sachsen-anhalt-wahl;Hier finden Sie Informationen zu dem Thema „Landtagswahl Sachsen-Anhalt“. Lesen Sie jetzt „Beobachter: Massive Desinformation vor Sachsen-Anhalt-Wahl“.;Landtagswahl Sachsen-Anhalt;News, Landtagswahl Sachsen-Anhalt, Stefanie Schiffer, Sachsen-Anhalt, Landtagswahl, Landtagswahl in Sachsen, Plattform, Wahltag, Desinformation;2026-09-07T18:47:15+02:00;2026-09-07T18:47:15+02:00;;dpa Sachsen;false
ba17c2dd1512a329c4160ea401c15e4dcbe441bb55dfa3fa13689f8b3f84d938;Landeswahlleiter: Auch Demente dürfen wählen;https://www.zeit.de/news/2026-09/07/landeswahlleiter-auch-demente-duerfen-waehlen;Hier finden Sie Informationen zu dem Thema „Landtagswahl“. Lesen Sie jetzt „Landeswahlleiter: Auch Demente dürfen wählen“.;Landtagswahl;News, Landtagswahl, Christian Boden, NDR, Landtagswahl;2026-09-07T18:42:30+02:00;2026-09-07T18:42:30+02:00;;dpa Mecklenburg-Vorpommern;false
657b3420f3997e2b91fc72248942cea46fd8138121f50dc8929827438e9f1beb;Jens Spahn zurück in der Bundestagsfraktion;https://www.zeit.de/news/2026-09/07/jens-spahn-zurueck-in-der-bundestagsfraktion;Hier finden Sie Informationen zu dem Thema „Bundestag“. Lesen Sie jetzt „Jens Spahn zurück in der Bundestagsfraktion“.;Bundestag;News, Bundestag, Jens Spahn, Deutscher Bundestag, CDU, Bundestagsfraktion;2026-09-07T18:41:58+02:00;2026-09-07T18:41:58+02:00;;dpa;false
1fe5da3750a52e3444e24961f6430b297ae910ef2415b2db1c2e8883509b8839;Hubschrauber holt verängstigte Familie von steilem Bergpfad;https://www.zeit.de/news/2026-09/07/hubschrauber-holt-veraengstigte-familie-von-steilem-bergpfad;Hier finden Sie Informationen zu dem Thema „Wanderung wird zur Nervenprobe“. Lesen Sie jetzt „Hubschrauber holt verängstigte Familie von steilem Bergpfad“.;Wanderung wird zur Nervenprobe;News, Wanderung wird zur Nervenprobe, Alpen, Bad Reichenhall, Bergpfad, Hochstaufe, Nervenprobe, Rettungshubschrauber, Hubschrauber, Familie, Wandern;2026-09-07T18:36:37+02:00;2026-09-07T18:36:37+02:00;;dpa Bayern;false
eed2d83b3db844e95dafdc3359013477a43e7ae501bc6d91d955903fd0646eb9;Arheilger Mühlchen: Badeverbot wieder aufgehoben;https://www.zeit.de/news/2026-09/07/arheilger-muehlchen-badeverbot-wieder-aufgehoben;Hier finden Sie Informationen zu dem Thema „Blaualgen“. Lesen Sie jetzt „Arheilger Mühlchen: Badeverbot wieder aufgehoben“.;Blaualgen;News, Blaualgen, Darmstadt, Mühlchen, Badeverbot, Blaualge, Cyanobakterie, Badebetrieb;2026-09-07T18:34:36+02:00;2026-09-07T18:34:36+02:00;;dpa Hessen;false
d80d93cf1526dc16f40d2294a3d81ffaad24f5dd4e0d3941e7dd3168b8049083;Wo waren Sie, als das World Trade Center einstürzte?;https://www.zeit.de/politik/ausland/2026-09/erinnerungen-9-11-world-trade-center-anschlaege-gedenktag;Vor fast 25 Jahren erschütterten die Anschläge vom 11. September die Welt. Erzählen Sie uns, wie Sie den Tag erlebt haben und wie er Ihr Leben verändert hat.;Erinnerungen an 9/11;Politik, Erinnerungen an 9/11, 9/11, New York, Terrorismus, USA, Jahrestag;2026-09-07T18:32:25+02:00;2026-09-07T18:32:25+02:00;Janis Dietz;;false
5c64e46492cec77ee515d9de708f782f5b66a56dfd610aa11dff456172e7c268;»Spätestens jetzt gibt es keine AfD-Protestwähler mehr«;https://www.zeit.de/video/2026-09/afd-sachsen-anhalt-siegmund-kommentar;Wer den AfD-Wahlsieg verstehen will, braucht nicht auf die Ost-West-Debatte oder Simson-Mopeds zu schauen, sondern auf die Anfänge der Partei. Ein Erklärungsversuch;Wahl in Sachsen-Anhalt;Video, Wahl in Sachsen-Anhalt, Alternative für Deutschland, Sachsen-Anhalt, Landtagswahl, Ulrich Siegmund, Ostdeutschland, Rechtsextremismus;2026-09-07T18:30:33+02:00;2026-09-07T18:30:33+02:00;Anne HähnigSven Wolters Soto;;false
2191a73d94e95a1a0f1ec8d037d69a698b9ed1ec8713194ca7b3167f31f3ca3c;Blaualgen: Badeverbot für das Steinhuder Meer;https://www.zeit.de/news/2026-09/07/blaualgen-badeverbot-fuer-das-steinhuder-meer;Hier finden Sie Informationen zu dem Thema „Niedersachsen“. Lesen Sie jetzt „Blaualgen: Badeverbot für das Steinhuder Meer“.;Niedersachsen;News, Niedersachsen, Steinhuder Meer, Hannover, Niedersachsen, Blaualge, Badeverbot, Blaualgenkonzentration, Cyanobakterie, Gesundheitsamt;2026-09-07T18:23:38+02:00;2026-09-07T18:23:38+02:00;;dpa Niedersachsen;false
b30a112f7e25b33d258232c08aba54dde08fc1d8ea2921f9736090f50c79e06c;Steinwurf auf A67: Polizei sucht Zeugen nach Brücken-Vorfall;https://www.zeit.de/news/2026-09/07/steinwurf-auf-a67-polizei-sucht-zeugen-nach-bruecken-vorfall;Hier finden Sie Informationen zu dem Thema „Fahndung eingeleitet“. Lesen Sie jetzt „Steinwurf auf A67: Polizei sucht Zeugen nach Brücken-Vorfall“.;Fahndung eingeleitet;News, Fahndung eingeleitet, Südhessen, Polizei, Steinwurf, Windschutzscheibe, Auto;2026-09-07T18:16:37+02:00;2026-09-07T18:16:37+02:00;;dpa Hessen;false
eadc01d0fe76c411d8ee99b444954d57237119cdeccadff912be0b90017a6d59;Jetzt lasst sie halt mal machen? – Das geht nach hinten los;https://www.zeit.de/politik/deutschland/2026-09/rechte-regierungen-entzauberung-politikwissenschaft-heike-kluever;Rechte Parteien entzaubern sich nicht, wenn sie regieren. Da ist die Wissenschaft sehr klar. Wer den Satz sagt, hofft auf Regeln, die für die AfD nicht mehr gelten.;"Z+ (abopflichtiger Inhalt);
        
    Rechte Regierungen";Politik, Rechte Regierungen, Alternative für Deutschland, Rechtsextremismus, Landesregierung, Sachsen-Anhalt, FPÖ, Humboldt-Universität;2026-09-07T18:15:59+02:00;2026-09-07T18:15:59+02:00;Lenz Jacobsen;;false
313e563f1842265cc759fba5349bb81566f60ba646ca359980d6992f3f188b8b;Nach Sinnkrise: Lola Weippert zeigt sich befreit auf Ibiza;https://www.zeit.de/news/2026-09/07/nach-sinnkrise-lola-weippert-zeigt-sich-befreit-auf-ibiza;Hier finden Sie Informationen zu dem Thema „Leute“. Lesen Sie jetzt „Nach Sinnkrise: Lola Weippert zeigt sich befreit auf Ibiza“.;Leute;News, Leute, Lola Weippert, Ibiza, Instagram, Sinnkrise, Auszeit, Krise;2026-09-07T18:14:34+02:00;2026-09-07T18:14:34+02:00;;dpa Baden-Württemberg;false
59f8de63336b23346f8db92ccc5caf1828a86564f63b71405c0e613ced1cce3a;Russland schließt deutsches Generalkonsulat in St. Petersburg;https://www.zeit.de/politik/ausland/2026-09/russland-schliessung-generalkonsulat-leipzig-deutschland-diplomatie-gxe;Das deutsche Generalkonsulat in St. Petersburg muss bis zum 18. September schließen. Russland reagiert damit auf Maßnahmen wegen des Leipziger Drohnenvorfalls.;Drohnenvorfall in Leipzig;Politik, Drohnenvorfall in Leipzig, Russland, Diplomatie, Leipzig, St. Petersburg, Drohne;2026-09-07T18:12:24+02:00;2026-09-07T18:12:24+02:00;yer;DIE ZEIT,        Reuters,        dpa,        							yer;false
74117d2bbb8497d0e7addc185795d65aa0991a3ae5e643be2982056027cb1cab;Pyrotechnik-Attacke auf Polizisten bei Demo in Aachen;https://www.zeit.de/news/2026-09/07/pyrotechnik-attacke-auf-polizisten-bei-demo-in-aachen;Hier finden Sie Informationen zu dem Thema „Großer Polizeieinsatz“. Lesen Sie jetzt „Pyrotechnik-Attacke auf Polizisten bei Demo in Aachen“.;Großer Polizeieinsatz;News, Großer Polizeieinsatz, Aachen, Polizei, Polizeieinsatz, Pyrotechnik;2026-09-07T18:11:09+02:00;2026-09-07T18:11:09+02:00;;dpa Nordrhein-Westfalen;false
45410a2ca7b3d7a8978973d0632d43b101d15c1d4d57fedbc73218c292222bf8;Schwesig fordert Tankpreisdeckel und Festhalten an Rente mit 63;https://www.zeit.de/politik/deutschland/2026-09/abschlagsfreie-rente-manuela-schwesig-spd-rentenreform-gxe;Nach dem Sieg der AfD in Sachsen-Anhalt fordert Manuela Schwesig ein Umdenken der Bundesregierung. Unzufrieden ist sie mit der Rentenreform und den Kraftstoffpreisen.;Mecklenburg-Vorpommern;Politik, Mecklenburg-Vorpommern, Manuela Schwesig, Mecklenburg-Vorpommern, SPD, Bundesregierung, Rente;2026-09-07T18:09:49+02:00;2026-09-07T18:09:49+02:00;yer;DIE ZEIT,        AFP,        							yer;false
f9e1f6e9f6f58a37f2c5cb07e72d04596be3bf92473f0105b171a139493ab163;Polizei sucht Motiv nach Messerattacke auf 29-Jährigen;https://www.zeit.de/news/2026-09/07/polizei-sucht-motiv-nach-messerattacke-auf-29-jaehrigen;Hier finden Sie Informationen zu dem Thema „Schwerverletztes Opfer“. Lesen Sie jetzt „Polizei sucht Motiv nach Messerattacke auf 29-Jährigen“.;Schwerverletztes Opfer;News, Schwerverletztes Opfer, Polizei, Messerattacke;2026-09-07T18:07:59+02:00;2026-09-07T18:07:59+02:00;;dpa Baden-Württemberg;false
e2bc6cbee9d5d701c193344291e589f947508ab4a346977b83ed83dc9f92a9bf;Russland schließt Goethe-Institute und deutsches Konsulat;https://www.zeit.de/news/2026-09/07/moskau-schliesst-goethe-institute-konsulat-in-st-petersburg;Hier finden Sie Informationen zu dem Thema „Konflikt Moskau-Berlin“. Lesen Sie jetzt „Russland schließt Goethe-Institute und deutsches Konsulat“.;Konflikt Moskau-Berlin;News, Konflikt Moskau-Berlin, Moskau, Russland, Berlin, St. Petersburg, Konsulat, Generalkonsulat;2026-09-07T18:06:53+02:00;2026-09-07T18:06:53+02:00;;dpa;false
31fe252f2415be8a1342fd75ff41e6f7482aa13c5fdee5c7f3ac7798e98f5aed;Einer für Klopp? Ben Farhat entscheidet sich pro DFB;https://www.zeit.de/news/2026-09/07/einer-fuer-klopp-ben-farhat-entscheidet-sich-pro-dfb;Hier finden Sie Informationen zu dem Thema „Toptalent des Karlsruher SC“. Lesen Sie jetzt „Einer für Klopp? Ben Farhat entscheidet sich pro DFB“.;Toptalent des Karlsruher SC;News, Toptalent des Karlsruher SC, Ben Farhat, Louey Ben Farhat, Jürgen Klopp, Tunesien, Deutscher Fußball-Bund, Karlsruher SC, Deutsche Presse-Agentur;2026-09-07T18:02:20+02:00;2026-09-07T18:02:20+02:00;;dpa Baden-Württemberg;false
e85542776c2eeeb9c46f057ef7fee8bb57157b82b90a83863f7b0985ad6031d3;CDU-Landesvorstand berät über Konsequenzen nach Wahlpleite;https://www.zeit.de/news/2026-09/07/cdu-landesvorstand-beraet-ueber-konsequenzen-nach-wahlpleite;Hier finden Sie Informationen zu dem Thema „Landtagswahl in Sachsen-Anhalt“. Lesen Sie jetzt „CDU-Landesvorstand berät über Konsequenzen nach Wahlpleite“.;Landtagswahl in Sachsen-Anhalt;News, Landtagswahl in Sachsen-Anhalt, Sven Schulze, Magdeburg, CDU, Landtagswahl in Sachsen, Wahlpleite, Konsequenz;2026-09-07T17:58:59+02:00;2026-09-07T17:58:59+02:00;;dpa Sachsen;false
4b77b6bd5c2565978d18f1d61b79e844084447468ee4b1c96dc4948c859562c9;Bilder des Tages;https://www.zeit.de/news/2026-09/07/bilder-des-tages;Hier finden Sie Informationen zu dem Thema „Fotografie“. Lesen Sie jetzt „Bilder des Tages“.;Fotografie;News, Fotografie, News;2026-09-07T17:58:06+02:00;2026-09-07T17:58:06+02:00;;dpa;false
27a5ca4f2451196bed19f4edd4bf34475559fab3b5dc660b0fdfae9488060bad;König Charles stellt klar: Harry und Meghan nur Privatleute;https://www.zeit.de/news/2026-09/07/koenig-charles-stellt-klar-harry-und-meghan-nur-privatleute;Hier finden Sie Informationen zu dem Thema „Nach Rückkehr aus den USA“. Lesen Sie jetzt „König Charles stellt klar: Harry und Meghan nur Privatleute“.;Nach Rückkehr aus den USA;News, Nach Rückkehr aus den USA, König Charles III., Prinz Harry, Meghan Markle, USA;2026-09-07T17:57:30+02:00;2026-09-07T17:57:30+02:00;;dpa;false
3508d80f3e702bc7228b507b412a9d31204253bf34b5d4c2f23e549a47194c06;Passant rettet bewusstlosem Senior mit Reanimation das Leben;https://www.zeit.de/news/2026-09/07/passant-rettet-bewusstlosem-senior-mit-reanimation-das-leben;Hier finden Sie Informationen zu dem Thema „Mutmaßlicher Lebensretter“. Lesen Sie jetzt „Passant rettet bewusstlosem Senior mit Reanimation das Leben“.;Mutmaßlicher Lebensretter;News, Mutmaßlicher Lebensretter, Gengenbach, Polizei, Reanimation, Senioren;2026-09-07T17:47:04+02:00;2026-09-07T17:47:04+02:00;;dpa Baden-Württemberg;false
3b0e3e3039058d51f08fc71747c9dd9f88ec83a796f613aeb689c1527222ee7c;Institute: Wahl für große Mehrheit Denkzettel an Berlin;https://www.zeit.de/news/2026-09/07/institute-wahl-fuer-grosse-mehrheit-denkzettel-an-berlin;Hier finden Sie Informationen zu dem Thema „Landtagswahl in Sachsen-Anhalt“. Lesen Sie jetzt „Institute: Wahl für große Mehrheit Denkzettel an Berlin“.;Landtagswahl in Sachsen-Anhalt;News, Landtagswahl in Sachsen-Anhalt, Friedrich Merz, Berlin, Sachsen, Sachsen-Anhalt, Alternative für Deutschland, Bundesregierung, CDU, Infratest dimap, TNS Infratest, SPD;2026-09-07T17:44:58+02:00;2026-09-07T17:44:58+02:00;;dpa Sachsen;false
bebcbd2fa18460b8afa70c0ad83233843dedf21cabfdb516e370c033cc1895c9;Kleinflugzeug stürzt in Italien ab - drei Deutsche verletzt;https://www.zeit.de/news/2026-09/07/kleinflugzeug-stuerzt-in-italien-ab-drei-deutsche-verletzt;Hier finden Sie Informationen zu dem Thema „Unfälle“. Lesen Sie jetzt „Kleinflugzeug stürzt in Italien ab - drei Deutsche verletzt“.;Unfälle;News, Unfälle, Italien, Norditalien, Trentino, Kleinflugzeug, Unfall, Flugunfall;2026-09-07T17:41:43+02:00;2026-09-07T17:41:43+02:00;;dpa;false
76d6502b2036b76713546cd13870421d59424eb4314a458f4c2d49633bf8820c;Wrackteile sollen Ursache für Flugzeugabsturz vor 60 Jahren klären;https://www.zeit.de/gesellschaft/zeitgeschehen/2026-09/air-france-absturz-1968-caravelle-cote-d-azur-gxe;Um zu klären, was vor fast 60 Jahren zum Absturz eines Air-France-Fluges nach Nizza führte, soll nach Wrackteilen getaucht werden. Verdächtigt wird Frankreichs Militär.;Air-France-Absturz 1968;Gesellschaft, Air-France-Absturz 1968, Nizza, Flugzeug, Ermittlung, Mittelmeer, Côte d'Azur;2026-09-07T17:41:39+02:00;2026-09-07T17:41:39+02:00;iyf;DIE ZEIT,        dpa,        							iyf;false
8097cc1912a5b0de6b677b0a17c9987b23accd1ada12c4ad641c9c970d5c54b5;Kreis hebt Abkochempfehlung für Wasser in einigen Orten auf;https://www.zeit.de/news/2026-09/07/kreis-hebt-abkochempfehlung-fuer-wasser-in-einigen-orten-auf;Hier finden Sie Informationen zu dem Thema „Trinkwasser“. Lesen Sie jetzt „Kreis hebt Abkochempfehlung für Wasser in einigen Orten auf“.;Trinkwasser;News, Trinkwasser, Werbig, Märkisch-Oderland, Abkochempfehlung, Trinkwasser, Leitungswasser;2026-09-07T17:39:31+02:00;2026-09-07T17:39:31+02:00;;dpa Berlin/Brandenburg;false
98929a3afe669d01840e7b28573f41603df79ec911d31aa3c7c9dfea332f1170;VfL Bochum wochenlang ohne Mittelfeldspieler Cokaj;https://www.zeit.de/news/2026-09/07/vfl-bochum-wochenlang-ohne-mittelfeldspieler-cokaj;Hier finden Sie Informationen zu dem Thema „Verletzung“. Lesen Sie jetzt „VfL Bochum wochenlang ohne Mittelfeldspieler Cokaj“.;Verletzung;News, Verletzung, Enis Cokaj, VfL Bochum;2026-09-07T17:38:31+02:00;2026-09-07T17:38:31+02:00;;dpa Nordrhein-Westfalen;false
79f084de0ea7d7b82b0c4cc704396d980045fc7e71fc9dbfffe0097d12a3fb25;Uhren-Diebstähle an Bahnhöfen - Schaden von 20.000 Euro;https://www.zeit.de/news/2026-09/07/uhren-diebstaehle-an-bahnhoefen-schaden-von-20-000-euro;Hier finden Sie Informationen zu dem Thema „Zwei Diebstähle in kurzer Zeit“. Lesen Sie jetzt „Uhren-Diebstähle an Bahnhöfen - Schaden von 20.000 Euro“.;Zwei Diebstähle in kurzer Zeit;News, Zwei Diebstähle in kurzer Zeit, Böblingen, Bundespolizei, Bahnsteiguhr, Diebstahl, Bahnhof, Uhren;2026-09-07T17:33:00+02:00;2026-09-07T17:33:00+02:00;;dpa Baden-Württemberg;false
50eb60f2f3fe62907c4253e1b0ba283f6224d2807f6ffa5ce5b2c3160a253725;Finnland stellt Zaun an der russischen Grenze fertig;https://www.zeit.de/news/2026-09/07/finnland-stellt-zaun-an-der-russischen-grenze-fertig;Hier finden Sie Informationen zu dem Thema „Bedrohung durch Russland“. Lesen Sie jetzt „Finnland stellt Zaun an der russischen Grenze fertig“.;Bedrohung durch Russland;News, Bedrohung durch Russland, Mari Rantanen, Finnland, Russland, Bauzeit, Bedrohung, Grenze, Sicherheit;2026-09-07T17:29:41+02:00;2026-09-07T17:29:41+02:00;;dpa;false
c40d783c2282ecf2e73902b6bdebb71ae562f85a7eed7ff3e8a80278d5f20735;Ukraine-Krieg: Will Putin nach Duma-Wahl verhandeln?;https://www.zeit.de/news/2026-09/07/ukraine-krieg-will-putin-nach-duma-wahl-verhandeln;Hier finden Sie Informationen zu dem Thema „Russischer Angriffskrieg“. Lesen Sie jetzt „Ukraine-Krieg: Will Putin nach Duma-Wahl verhandeln?“.;Russischer Angriffskrieg;News, Russischer Angriffskrieg, Wladimir Putin, USA, Russland, Kyjiw, Angriffskrieg, Präsidentenpalast, Krieg in der Ukraine;2026-09-07T17:26:10+02:00;2026-09-07T17:26:10+02:00;;dpa;false
4d93684846c31b972389bb125651bb79821759a796bc7578ef23ca5d9f8bc60c;Bergmann-Klinikum sieht Fehler bei Verlegung von Stationen;https://www.zeit.de/news/2026-09/07/bergmann-klinikum-sieht-fehler-bei-verlegung-von-stationen;Hier finden Sie Informationen zu dem Thema „Gefäßchirurgie“. Lesen Sie jetzt „Bergmann-Klinikum sieht Fehler bei Verlegung von Stationen“.;Gefäßchirurgie;News, Gefäßchirurgie, Ernst von Bergmann, Tomislav Gmajnic, Potsdam, Gefäßchirurgie, Klinikum, Sparkurs, Todesfall;2026-09-07T17:24:32+02:00;2026-09-07T17:24:32+02:00;;dpa Berlin/Brandenburg;false
3660fd6bb412eb282d8e74545bca62003b5f2c79fe9a69270abad140468c9fb4;Reizgas in Regionalbahn – Polizei bittet um Hinweise;https://www.zeit.de/news/2026-09/07/reizgas-in-regionalbahn-polizei-bittet-um-hinweise;Hier finden Sie Informationen zu dem Thema „Frau in Klinik“. Lesen Sie jetzt „Reizgas in Regionalbahn – Polizei bittet um Hinweise“.;Frau in Klinik;News, Frau in Klinik, Polizei, Reizgas, Regionalbahn;2026-09-07T17:23:08+02:00;2026-09-07T17:23:08+02:00;;dpa Sachsen;false
fbf26885c7ff567b3088b4c690d30dd971ab9558800e9f7a49ee683550438dee;KI soll Risiko von gehackten Berliner Daten bewerten helfen;https://www.zeit.de/news/2026-09/07/ki-soll-risiko-von-gehackten-berliner-daten-bewerten-helfen;Hier finden Sie Informationen zu dem Thema „Cyberkriminalität“. Lesen Sie jetzt „KI soll Risiko von gehackten Berliner Daten bewerten helfen“.;Cyberkriminalität;News, Cyberkriminalität, Florian Hauer, Alexander Slotty, Berlin, Berliner Senat, LKA, Cyberkriminalität, Digitalisierungsausschuss, Ultimatum, Erpresser;2026-09-07T17:20:47+02:00;2026-09-07T17:20:47+02:00;;dpa Berlin/Brandenburg;false
7f5a8896750a7b12a4a2e14af1416fb1cc6fbd36885e9c8c858f2b0a2e3e5561;Wahlkreise: Halle gallisches Dorf - Eisleben AfD-Hochburg;https://www.zeit.de/news/2026-09/07/wahlkreise-halle-gallisches-dorf-eisleben-afd-hochburg;Hier finden Sie Informationen zu dem Thema „Landtagswahlen Sachsen-Anhalt“. Lesen Sie jetzt „Wahlkreise: Halle gallisches Dorf - Eisleben AfD-Hochburg“.;Landtagswahlen Sachsen-Anhalt;News, Landtagswahlen Sachsen-Anhalt, Reiner Kretschmann, Günter Schlufter, Magdeburg, Eisleben, Sachsen-Anhalt, Alternative für Deutschland, Landtagswahl, Landtagswahl in Sachsen, Wahlkreis, Erststimmenergebnis;2026-09-07T17:19:34+02:00;2026-09-07T17:19:34+02:00;;dpa Sachsen;false
8c83d0e18331f9b8194340dad82ba317e4e1475fec32c612065efa1c23a1b69b;Tod eines 15-Jährigen - Prozessstart kommende Woche;https://www.zeit.de/news/2026-09/07/tod-eines-15-jaehrigen-prozessstart-kommende-woche;Hier finden Sie Informationen zu dem Thema „Verhandlung zugelassen“. Lesen Sie jetzt „Tod eines 15-Jährigen - Prozessstart kommende Woche“.;Verhandlung zugelassen;News, Verhandlung zugelassen, Eckernförde, Bremen, Landgericht Kiel, Staatsanwaltschaft, Cannabis, Prozessstart, Ostseestadt, Verhandlung;2026-09-07T17:18:29+02:00;2026-09-07T17:18:29+02:00;;dpa Hamburg/Schleswig-Holstein;false
fe412f097eabe900260042a5693afac822ca74af60a545dd8af6e9b40a8ff6aa;Elfjähriger bei Unfall mit E-Scooter verletzt;https://www.zeit.de/news/2026-09/07/elfjaehriger-bei-unfall-mit-e-scooter-verletzt;Hier finden Sie Informationen zu dem Thema „Unfall“. Lesen Sie jetzt „Elfjähriger bei Unfall mit E-Scooter verletzt“.;Unfall;News, Unfall, Unfall, E-Scooter;2026-09-07T17:18:20+02:00;2026-09-07T17:18:20+02:00;;dpa Mecklenburg-Vorpommern;false
9f826e061b6da51a993478ad72a0b2908a9769e6826cbfef8f486a800c26dff4;62-Jähriger lebensgefährlich mit Messer verletzt;https://www.zeit.de/news/2026-09/07/62-jaehriger-lebensgefaehrlich-mit-messer-verletzt;Hier finden Sie Informationen zu dem Thema „Kriminalität“. Lesen Sie jetzt „62-Jähriger lebensgefährlich mit Messer verletzt“.;Kriminalität;News, Kriminalität, Polizei;2026-09-07T17:17:29+02:00;2026-09-07T17:17:29+02:00;;dpa Nordrhein-Westfalen;false
8fbe32f77aa402f339e409cde80af8467ccbc565b06de72345e903d1fd84b776;Russland und Nordkorea eröffnen erste direkte Straßenverbindung;https://www.zeit.de/gesellschaft/2026-09/russland-nordkorea-strassenbruecke-tumen-grenzuebergang-michail-mischustin-gxe;Russland und Nordkorea haben eine direkte Straßenverbindung eröffnet. Die beiden Länder wollen ihre Zusammenarbeit weiter verstärken, sagte Russlands Ministerpräsident.;Straßenbrücke zwischen Russland und Nordkorea;Gesellschaft, Straßenbrücke zwischen Russland und Nordkorea, Russland, Nordkorea, Moskau, Pjöngjang, Wladimir Putin, Kim Jong Un;2026-09-07T17:16:11+02:00;2026-09-07T17:16:11+02:00;svj;DIE ZEIT,        AFP,        dpa,        							svj;false
101ee93bcd43fa4033f70a290f873e2aa7400598ba240ba741f331da93427e1d;Linienbusse gekapert: Jugendliche tatverdächtig;https://www.zeit.de/news/2026-09/07/linienbusse-gekapert-jugendliche-tatverdaechtig;Hier finden Sie Informationen zu dem Thema „Ermittlungen“. Lesen Sie jetzt „Linienbusse gekapert: Jugendliche tatverdächtig“.;Ermittlungen;News, Ermittlungen, Hameln, Oldenburg, Linienbus, Spritztour, Betriebsgelände;2026-09-07T17:12:44+02:00;2026-09-07T17:12:44+02:00;;dpa Niedersachsen;false
160916ec58cfac4eb8f74b848fa093c35cb8926a31bb4471f9eba39b0ba2f5f9;128 Stunden Herzdruckmassage – Rekordversuch beendet;https://www.zeit.de/news/2026-09/07/128-stunden-herzdruckmassage-rekordversuch-geht-weiter;Hier finden Sie Informationen zu dem Thema „Verlängerung“. Lesen Sie jetzt „128 Stunden Herzdruckmassage – Rekordversuch beendet“.;Verlängerung;News, Verlängerung, Herzdruckmassage, Rekordversuch, Weltrekordversuch, Unterbrechung;2026-09-07T17:12:20+02:00;2026-09-07T17:12:20+02:00;;dpa Mecklenburg-Vorpommern;false
15744140a6ee825f885531da0797adab1012bb44e779e04390c036d8c6398934;Strom-Sabotage: Neue Abschussvorrichtungen in NRW entdeckt;https://www.zeit.de/news/2026-09/07/suche-nach-strom-saboteur-ausgeweitet-neue-sprengsaetze;Hier finden Sie Informationen zu dem Thema „Attacken auf Stromversorgung“. Lesen Sie jetzt „Strom-Sabotage: Neue Abschussvorrichtungen in NRW entdeckt“.;Attacken auf Stromversorgung;News, Attacken auf Stromversorgung, NRW, Brandenburg, Sachsen, Remscheid, Wuppertal, Nordrhein-Westfalen, Wesel, Niederrhein, Köln, Polizei;2026-09-07T17:11:19+02:00;2026-09-07T17:11:19+02:00;;dpa;false
1162078a6e714fe5330941a6cd731e2e6f777d6ba97a909fd247ab9cacfa3882;Investorensuche für Leuna Polyamid erfolglos;https://www.zeit.de/news/2026-09/07/bericht-investorensuche-fuer-leuna-polyamid-erfolglos;Hier finden Sie Informationen zu dem Thema „Chemiepark Leuna“. Lesen Sie jetzt „Investorensuche für Leuna Polyamid erfolglos“.;Chemiepark Leuna;News, Chemiepark Leuna, Martin Naundorf, Leuna, Domo, Caproleuna, Mitteldeutsche Zeitung, Investorensuche, Polyamid, Chemiepark, Insolvenz;2026-09-07T17:10:14+02:00;2026-09-07T17:10:14+02:00;;dpa Sachsen;false
63f0b41c5941e0131466b7200e581a28531074b1e8b741ca7be5dfa544b16b9d;Vollbremsung nach Auffahrunfall – vier Schwerverletzte;https://www.zeit.de/news/2026-09/07/vollbremsung-nach-auffahrunfall-vier-schwerverletzte;Hier finden Sie Informationen zu dem Thema „Rettungseinsatz der Feuerwehr“. Lesen Sie jetzt „Vollbremsung nach Auffahrunfall – vier Schwerverletzte“.;Rettungseinsatz der Feuerwehr;News, Rettungseinsatz der Feuerwehr, Feuerwehr, Vollbremsung, Auffahrunfall, Rettungseinsatz, Linienbus;2026-09-07T17:10:13+02:00;2026-09-07T17:10:13+02:00;;dpa Nordrhein-Westfalen;false
06ca4a1f3ffdb14b88bab7e52edc79fb8405abd26147d2f414ef88d8fc314d78;36-jähriger Mann stirbt nach Polizeieinsatz in Berlin;https://www.zeit.de/news/2026-09/07/36-jaehriger-mann-stirbt-nach-polizeieinsatz-in-berlin;Hier finden Sie Informationen zu dem Thema „Notfälle“. Lesen Sie jetzt „36-jähriger Mann stirbt nach Polizeieinsatz in Berlin“.;Notfälle;News, Notfälle, Berlin, Polizei, Polizeieinsatz, Notfall;2026-09-07T17:08:58+02:00;2026-09-07T17:08:58+02:00;;dpa Berlin/Brandenburg;false
d278a82f214db48c4fecac2244598cdc30200c0bb9eddf55683b209aff373bf4;40-Jähriger nach Sprung in den Neckar immer noch vermisst;https://www.zeit.de/news/2026-09/07/40-jaehriger-nach-sprung-in-den-neckar-vermisst;Hier finden Sie Informationen zu dem Thema „Rhein-Neckar-Kreis“. Lesen Sie jetzt „40-Jähriger nach Sprung in den Neckar immer noch vermisst“.;Rhein-Neckar-Kreis;News, Rhein-Neckar-Kreis, Neckar, Ladenburg, Rhein-Neckar-Kreis;2026-09-07T17:05:48+02:00;2026-09-07T17:05:48+02:00;;dpa Baden-Württemberg;false
032dd35ab9690d460df6f2852b9b664cbea2334344885ba85e8a90ff8f2c6d49;Feuer in Autowerkstatt verursacht sechsstelligen Schaden;https://www.zeit.de/news/2026-09/07/feuer-in-autowerkstatt-verursacht-sechsstelligen-schaden;Hier finden Sie Informationen zu dem Thema „Einsatz der Feuerwehr“. Lesen Sie jetzt „Feuer in Autowerkstatt verursacht sechsstelligen Schaden“.;Einsatz der Feuerwehr;News, Einsatz der Feuerwehr, Autowerkstatt;2026-09-07T17:02:58+02:00;2026-09-07T17:02:58+02:00;;dpa Bayern;false
0fd728677470302b8b2636e8262b547c3e7f1d0bbc9de0ebbcacfa6bd31af819;Palmer mahnt zu Sachlichkeit nach AfD-Wahlsieg;https://www.zeit.de/news/2026-09/07/palmer-mahnt-zu-sachlichkeit-nach-afd-wahlsieg;Hier finden Sie Informationen zu dem Thema „Landtagswahl Sachsen-Anhalt“. Lesen Sie jetzt „Palmer mahnt zu Sachlichkeit nach AfD-Wahlsieg“.;Landtagswahl Sachsen-Anhalt;News, Landtagswahl Sachsen-Anhalt, Boris Palmer, Tübingen, Sachsen-Anhalt, Alternative für Deutschland, Landtagswahl, Sachlichkeit, Faschismus;2026-09-07T17:02:57+02:00;2026-09-07T17:02:57+02:00;;dpa Baden-Württemberg;false
e751f5fe6c0338d86256ebc12cbd9937086dc59e7280bdd5668f726ee31d4198;Starke Bremsung – Vier Kinder in Bus leicht verletzt;https://www.zeit.de/news/2026-09/07/starke-bremsung-vier-kinder-in-bus-leicht-verletzt;Hier finden Sie Informationen zu dem Thema „Vorfahrt missachtet?“. Lesen Sie jetzt „Starke Bremsung – Vier Kinder in Bus leicht verletzt“.;Vorfahrt missachtet?;News, Vorfahrt missachtet?, Marburg, Polizei, Vorfahrt, Auto;2026-09-07T17:01:51+02:00;2026-09-07T17:01:51+02:00;;dpa Hessen;false
31461a27efd8cf812e2b2fa4deb46d78b2a592cca687dbb2ac1341b204965d25;Unfallhelfer wird von Fahrzeug erfasst und stirbt;https://www.zeit.de/news/2026-09/07/unfallhelfer-wird-von-fahrzeug-erfasst-und-stirbt;Hier finden Sie Informationen zu dem Thema „Fahrer mit 2,8 Promille“. Lesen Sie jetzt „Unfallhelfer wird von Fahrzeug erfasst und stirbt“.;Fahrer mit 2,8 Promille;News, Fahrer mit 2,8 Promille, Westerwald, Polizei, Unfall, Fahrzeug;2026-09-07T16:48:46+02:00;2026-09-07T16:48:46+02:00;;dpa Hessen;false
c04b21438c3f3bd4cec4470f9cd279176f65c3b545471bdff0d4118221aaf0da;Was nach dem Mittelfinger geschah;https://www.zeit.de/hamburg/2026-09/querdenker-demonstration-vorfall-anzeige-staatsanwaltschaft-hamburg;Vier Menschen streckten 2022 einer Querdenker-Demo den Mittelfinger entgegen. Sie wurden freigesprochen. Jetzt steht der Mann, der sie angezeigt hatte, vor Gericht.;"Z+ (abopflichtiger Inhalt);
        
    Querdenker-Demonstration";Hamburg, Querdenker-Demonstration, Querdenker, Demonstration, Gerichtsverfahren, Berlin, Polizei, Alternative für Deutschland;2026-09-07T16:48:09+02:00;2026-09-07T16:48:09+02:00;Elke Spanner;;false
8d284d8253e9b142379f70690ead66ab7e81806029e0d192e58225770845977f;Vandalismus in Schotterwerk – 100.000 Euro Schaden;https://www.zeit.de/news/2026-09/07/vandalismus-in-schotterwerk-100-000-euro-schaden;Hier finden Sie Informationen zu dem Thema „Fahrzeuge zerstört“. Lesen Sie jetzt „Vandalismus in Schotterwerk – 100.000 Euro Schaden“.;Fahrzeuge zerstört;News, Fahrzeuge zerstört, Böhmenkirch, Göppingen, Polizei, Schotterwerk, Vandalismus, Fahrzeug;2026-09-07T16:47:43+02:00;2026-09-07T16:47:43+02:00;;dpa Baden-Württemberg;false
8fb69df02bfe94a3da331126ab6c70733d8bfa4a70e41d53948a1602ec071adf;Street-Art-Festival in Riesa zählt fast 17.000 Besucher;https://www.zeit.de/news/2026-09/07/street-art-festival-in-riesa-zaehlt-fast-17-000-besucher;Hier finden Sie Informationen zu dem Thema „Doppelt so viele wie 2024“. Lesen Sie jetzt „Street-Art-Festival in Riesa zählt fast 17.000 Besucher“.;Doppelt so viele wie 2024;News, Doppelt so viele wie 2024, Riesa, Chemnitz, Ibug;2026-09-07T16:43:01+02:00;2026-09-07T16:43:01+02:00;;dpa Sachsen;false
4e780442b35f4bf94a2fc8da6f017d78c4a0dfa0b3a40c66287f03dac31a8ae8;CDU geht in die Opposition, Kanzler betont wehrhafte Demokratie;https://www.zeit.de/politik/deutschland/2026-09/sachsen-anhalt-landtagswahl-afd-cdu-bsw-live;Nach dem Absturz der CDU in Sachsen-Anhalt stellt Sven Schulze keinen Regierungsanspruch mehr. Kanzler Merz verspricht mehr Emotionalität. Das Liveblog zum Nachlesen;Sachsen-Anhalt;Politik, Sachsen-Anhalt, Sachsen-Anhalt, Alternative für Deutschland, Ulrich Siegmund, CDU, Landtagswahl;2026-09-07T14:39:31+00:00;2026-09-07T14:39:31+00:00;Alara  YılmazMathis GannBernard  DarkoLino WimmerAngelika FinkenwirthKatharina BenninghoffSybille Klormann;;false
70fccb42ae4b5649614fafa266bf69ced09c3e6cb63b3266e27237f79e07d7ec;Elversberg legt Einspruch gegen Wagner-Sperre ein;https://www.zeit.de/news/2026-09/07/elversberg-legt-einspruch-gegen-wagner-sperre-ein;Hier finden Sie Informationen zu dem Thema „Fußball-Bundesliga“. Lesen Sie jetzt „Elversberg legt Einspruch gegen Wagner-Sperre ein“.;Fußball-Bundesliga;News, Fußball-Bundesliga, Vincent Wagner, Mönchengladbach, SV Elversberg, Borussia Mönchengladbach, Deutscher Fußball-Bund, Deutsche Presse-Agentur, SR, Fußball-Bundesliga, Bundesliga, Einspruch;2026-09-07T16:38:21+02:00;2026-09-07T16:38:21+02:00;;dpa Rheinland-Pfalz/Saarland;false
f888462bd61f4a43679931d4c80b435f42827bc8cb8f1d03290a7212c2f547fe;Jusos wollen neuen Koalitionsvertrag;https://www.zeit.de/news/2026-09/07/jusos-wollen-neuen-koalitionsvertrag;Hier finden Sie Informationen zu dem Thema „Regierungskrise in Thüringen“. Lesen Sie jetzt „Jusos wollen neuen Koalitionsvertrag“.;Regierungskrise in Thüringen;News, Regierungskrise in Thüringen, Sophie Ringhand, Thüringen, Jusos, Bündnis Sahra Wagenknecht, CDU, SPD, Alternative für Deutschland, Regierungskrise, Zerfall, Koalitionsvertrag;2026-09-07T16:38:00+02:00;2026-09-07T16:38:00+02:00;;dpa Thüringen;false
5f5356136f0789a4e55c4f194f3f5045863a7afa0fbe6581cc9b2a492c5f3633;Streik bei der Saarbahn vorläufig beendet;https://www.zeit.de/news/2026-09/07/erneuter-warnstreik-bei-der-saarbahn;Hier finden Sie Informationen zu dem Thema „Nahverkehr“. Lesen Sie jetzt „Streik bei der Saarbahn vorläufig beendet“.;Nahverkehr;News, Nahverkehr, GDL, Saarbahn, Nahverkehr, Warnstreik;2026-09-07T16:34:11+02:00;2026-09-07T16:34:11+02:00;;dpa Rheinland-Pfalz/Saarland;false
f22859760b7377a705b63992f74de90bc2102a1dd8d00fa9179d07c51f2b4f81;Sie haben richtig was kaputt gemacht;https://www.zeit.de/politik/deutschland/2026-09/afd-waehler-empathie-mitgefuehl-sachsen-anhalt;AfD-Wähler in Sachsen-Anhalt kannten das Weltbild der Partei. Sie definieren Demokratie als ihr Recht, andere zu beherrschen. Dass das Menschen schadet, ist ihnen egal.;"Z+ (abopflichtiger Inhalt);
        
    AfD-Wähler";Politik, AfD-Wähler, Alternative für Deutschland, Sachsen-Anhalt, Landtagswahl, Ulrich Siegmund, Demokratie;2026-09-07T16:33:45+02:00;2026-09-07T16:33:45+02:00;Christian Bangel;;false
67ebf0da863f5c0b5615bd664ecf6d415b6f7c166cc7a13f233b4dbd68e3ee83;Norwegisches Gericht verlängert U-Haft für Marius Borg Høiby;https://www.zeit.de/gesellschaft/zeitgeschehen/2026-09/marius-borg-hoiby-mette-marit-untersuchungshaft-vergewaltigung-norwegen-gxe;Weitere vier Wochen soll der Sohn der norwegischen Königin in U-Haft bleiben. Die Polizei sieht Wiederholungsgefahr und will Høiby vorerst nicht auf freien Fuß lassen.;Marius Borg Høiby;Gesellschaft, Marius Borg Høiby, Norwegen, Vergewaltigung, Oslo, Polizei, Ermittlung, Marius Borg Høiby, Mette-Marit Tjessem Høiby;2026-09-07T16:32:25+02:00;2026-09-07T16:32:25+02:00;svj;DIE ZEIT,        dpa,        							svj;false
6c05d681066effa54dd69b5a50e70659fae0f0b45071ffe57d50ee68d3aac165;Mann attackiert Reinigungskräfte mit Hiebwaffe in Ahrensburg;https://www.zeit.de/news/2026-09/07/zwei-menschen-bei-angriff-in-ahrensburg-verletzt;Hier finden Sie Informationen zu dem Thema „Notfälle“. Lesen Sie jetzt „Mann attackiert Reinigungskräfte mit Hiebwaffe in Ahrensburg“.;Notfälle;News, Notfälle, Ahrensburg, Angriff, Notfall;2026-09-07T16:31:16+02:00;2026-09-07T16:31:16+02:00;;dpa Hamburg/Schleswig-Holstein;false
426263e6fbf5dcfb5b4bd126a79a9098fd8c60ae86d7e60251654580d6c1f733;15-Jähriger fährt betrunkenen Vater - Polizei stoppt Auto;https://www.zeit.de/news/2026-09/07/15-jaehriger-faehrt-betrunkenen-vater-polizei-stoppt-auto;Hier finden Sie Informationen zu dem Thema „«Ruckartige Lenkbewegungen»“. Lesen Sie jetzt „15-Jähriger fährt betrunkenen Vater - Polizei stoppt Auto“.;«Ruckartige Lenkbewegungen»;News, «Ruckartige Lenkbewegungen», Euskirchen, Polizei, Lenkbewegung, Auto;2026-09-07T16:30:48+02:00;2026-09-07T16:30:48+02:00;;dpa Nordrhein-Westfalen;false
d5e65cf79164441005eb316d0993d365df2ca7fb6b80566905392d99e808fcc2;Einsatzkräfte müssen Hornissen aus Streifenwagen locken;https://www.zeit.de/news/2026-09/07/einsatzkraefte-muessen-hornissen-aus-streifenwagen-locken;Hier finden Sie Informationen zu dem Thema „Tiere bei Polizeieinsatz“. Lesen Sie jetzt „Einsatzkräfte müssen Hornissen aus Streifenwagen locken“.;Tiere bei Polizeieinsatz;News, Tiere bei Polizeieinsatz, Polizei, Hornisse, Einsatzkraft, Streifenwagen, Polizeieinsatz, Tiere, Fahrzeug;2026-09-07T16:27:22+02:00;2026-09-07T16:27:22+02:00;;dpa Bayern;false
aa9bebbc0fb9e83ad5241f0df6470f5146ccf451faf3a0a08adec10da79b845e;Neunjähriger ertrunken: Betreuer im Fokus;https://www.zeit.de/news/2026-09/07/neunjaehriger-ertrunken-betreuer-im-fokus;Hier finden Sie Informationen zu dem Thema „Badeunfall“. Lesen Sie jetzt „Neunjähriger ertrunken: Betreuer im Fokus“.;Badeunfall;News, Badeunfall, Arolsen, Kassel, Staatsanwaltschaft, Badeunfall, Anfangsverdacht, Tötung;2026-09-07T16:24:36+02:00;2026-09-07T16:24:36+02:00;;dpa Hessen;false
911b695c7f6a29236f9290965a1aa2d6930332d4247bccf46f40d44b38658082;Kinder legen Steine auf Gleise – Polizei ermittelt;https://www.zeit.de/news/2026-09/07/kinder-legen-steine-auf-gleise-polizei-ermittelt;Hier finden Sie Informationen zu dem Thema „Gefährlicher Eingriff“. Lesen Sie jetzt „Kinder legen Steine auf Gleise – Polizei ermittelt“.;Gefährlicher Eingriff;News, Gefährlicher Eingriff, Göppingen, Polizei, Bundespolizei, Bahnstrecke, Auto;2026-09-07T16:21:48+02:00;2026-09-07T16:21:48+02:00;;dpa Baden-Württemberg;false
36995f0963d734c74727ab6b57b518dfe5bb0df1defb54b9a1f0e3969e648ee7;»Die AfD baut sich gerade eine Stammwählerschaft auf«;https://www.zeit.de/campus/2026-09/marcel-lewandowsky-landtagswahl-sachsen-anhalt-ergebnisse-alter;In Sachsen-Anhalt triumphiert die AfD auch bei jungen Wählern. Ein Politikwissenschaftler erklärt, warum das wenig mit dem Wahlprogramm zu tun hat.;"Z+ (abopflichtiger Inhalt);
        
    Marcel Lewandowsky";Campus, Marcel Lewandowsky, Alternative für Deutschland, Sachsen-Anhalt, Landtagswahl, CDU, Die Linke, Wehrpflicht, Ulrich Siegmund, Ostdeutschland;2026-09-07T16:20:39+02:00;2026-09-07T16:20:39+02:00;Theresa Tröndle;;false
ee4692edcea8d8df4f57a1fd25d7652c7fed39ffff5cf3246a3c9b1718f0825b;Weinlese in Rattey startet mit Hoffnung auf Rekordmenge;https://www.zeit.de/news/2026-09/07/weinlese-in-rattey-startet-mit-hoffnung-auf-rekordmenge;Hier finden Sie Informationen zu dem Thema „Lebensmittel“. Lesen Sie jetzt „Weinlese in Rattey startet mit Hoffnung auf Rekordmenge“.;Lebensmittel;News, Lebensmittel, Stefan Schmidt, Norddeutschland, Weinlese, Rekordmenge, Weingut, Seenplatte, Lebensmittel;2026-09-07T16:19:59+02:00;2026-09-07T16:19:59+02:00;;dpa Mecklenburg-Vorpommern;false
09bc663fc2f5da0b8de227808b31639041d528c22b290f59dc9b188616e56994;Kritik am Krisenmanagement nach Hackerangriff in Berlin;https://www.zeit.de/politik/deutschland/2026-09/hackerangriff-berlin-verwaltung-daten-leak-rhysida-kai-wegner-iris-spranger-gxe;Linke und Grüne werfen den Verantwortlichen »miserables Krisenmanagement« vor, die FDP fordert Rücktritte. Der Chaos Computer Club verlangt »maximale Transparenz«.;Hackerangriff auf Berliner Senat;Politik, Hackerangriff auf Berliner Senat, Hackerangriff, Berliner Senat, Chaos Computer Club, Kai Wegner, Berlin, CDU, FDP, SPD;2026-09-07T16:13:09+02:00;2026-09-07T16:13:09+02:00;svj;DIE ZEIT,        dpa,        							svj;false
a14a7916364657554157e01111c394c5c8f6d8af8abf99f539df19f3c6d4e6b4;U-Haft verlängert: Høiby bleibt mit Fußfessel zuhause;https://www.zeit.de/news/2026-09/07/u-haft-verlaengert-h-iby-bleibt-mit-fussfessel-zuhause;Hier finden Sie Informationen zu dem Thema „Norwegische Königsfamilie“. Lesen Sie jetzt „U-Haft verlängert: Høiby bleibt mit Fußfessel zuhause“.;Norwegische Königsfamilie;News, Norwegische Königsfamilie, Marius Borg Høiby, Oslo, Fußfessel, Untersuchungshaft, Königsfamilie;2026-09-07T16:09:50+02:00;2026-09-07T16:09:50+02:00;;dpa;false
8c3707f213f713ab4b1a0428878395a948a4fadf71277b4f89c14d6d1ac8a6e9;Zwei Männer in Hildburghausen mit Messer verletzt;https://www.zeit.de/news/2026-09/07/zwei-maenner-in-hildburghausen-mit-messer-verletzt;Hier finden Sie Informationen zu dem Thema „Eine Festnahme“. Lesen Sie jetzt „Zwei Männer in Hildburghausen mit Messer verletzt“.;Eine Festnahme;News, Eine Festnahme, Mann, Hildburghausen, Polizei, Festnahme;2026-09-07T16:05:42+02:00;2026-09-07T16:05:42+02:00;;dpa Thüringen;false
e304df082eac52b260bd6736b5fe55912f413e6d4f2f19115e92f10e7e2471e9;Russland und Nordkorea eröffnen erste Straßenverbindung;https://www.zeit.de/news/2026-09/07/russland-und-nordkorea-eroeffnen-erste-strassenverbindung;Hier finden Sie Informationen zu dem Thema „Ferner Osten“. Lesen Sie jetzt „Russland und Nordkorea eröffnen erste Straßenverbindung“.;Ferner Osten;News, Ferner Osten, Michail Mischustin, Russland, Nordkorea, Moskau, Pjöngjang, Straßenverbindung, Brückenbau;2026-09-07T16:01:26+02:00;2026-09-07T16:01:26+02:00;;dpa;false
3cc5d59b061469889cc69887bfff943d9f1d63b09f6e7276cae61ece729bc2a0;Schüsse auf Haus in Gropiusstadt – Polizei sucht Hinweise;https://www.zeit.de/news/2026-09/07/schuesse-auf-haus-in-gropiusstadt-polizei-sucht-hinweise;Hier finden Sie Informationen zu dem Thema „Kriminalität“. Lesen Sie jetzt „Schüsse auf Haus in Gropiusstadt – Polizei sucht Hinweise“.;Kriminalität;News, Kriminalität, Polizei, Gropiusstadt;2026-09-07T15:56:41+02:00;2026-09-07T15:56:41+02:00;;dpa Berlin/Brandenburg;false
befc724e15cd43ec154af53cc667c419a3ed5901e2f503b9dfa3d8ae950bf37c;Überläufer, Enthaltung, Neuwahl? Szenarien in Sachsen-Anhalt;https://www.zeit.de/news/2026-09/07/viele-fragen-offen-wie-geht-es-in-sachsen-anhalt-weiter;Hier finden Sie Informationen zu dem Thema „Landtagswahl“. Lesen Sie jetzt „Überläufer, Enthaltung, Neuwahl? Szenarien in Sachsen-Anhalt“.;Landtagswahl;News, Landtagswahl, Sven Schulze, Ulrich Siegmund, Sahra Wagenknecht, Sachsen-Anhalt, FDP, Alternative für Deutschland, CDU, Die Linke, SPD, Bündnis Sahra Wagenknecht;2026-09-07T15:56:09+02:00;2026-09-07T15:56:09+02:00;;dpa;false
d75bd71804d9348cf796950ed82d075ecd8e82b6afe61ed04474b21fefc31f4d;Dank Arzneimitteln: Hamburger Export steigt deutlich an;https://www.zeit.de/news/2026-09/07/dank-arzneimitteln-hamburger-export-steigt-deutlich-an;Hier finden Sie Informationen zu dem Thema „Statistik“. Lesen Sie jetzt „Dank Arzneimitteln: Hamburger Export steigt deutlich an“.;Statistik;News, Statistik, Frankreich, Hamburg, USA, Statistisches Amt für Hamburg und Schleswig-Holstein, Arzneimittel;2026-09-07T15:55:57+02:00;2026-09-07T15:55:57+02:00;;dpa Hamburg/Schleswig-Holstein;false
b17d1cea211bd826f993240ceabec89c2858e3235b1590b023a6b04f1013309a;«Nicht naiv sein»: Wüst warnt vor möglicher AfD-Regierung;https://www.zeit.de/news/2026-09/07/nicht-naiv-sein-wuest-warnt-vor-moeglicher-afd-regierung;Hier finden Sie Informationen zu dem Thema „Nach Wahl in Sachsen-Anhalt“. Lesen Sie jetzt „«Nicht naiv sein»: Wüst warnt vor möglicher AfD-Regierung“.;Nach Wahl in Sachsen-Anhalt;News, Nach Wahl in Sachsen-Anhalt, Stefan Evers, Hendrik Wüst, Berlin, Sachsen-Anhalt, Nordrhein-Westfalen, Alternative für Deutschland, CDU, Polizei, Regierungsübernahme, Sicherheit;2026-09-07T15:53:45+02:00;2026-09-07T15:53:45+02:00;;dpa Berlin/Brandenburg;false
a02b13bb3b3799f46600ae5cd6960f5cefbae1c8b93db9327a495c036e60beb9;Schwesig wirbt im Wahlkampf jetzt als «Frau gegen Blau»;https://www.zeit.de/news/2026-09/07/schwesig-wirbt-im-wahlkampf-jetzt-als-frau-gegen-blau;Hier finden Sie Informationen zu dem Thema „Landtagswahl MV“. Lesen Sie jetzt „Schwesig wirbt im Wahlkampf jetzt als «Frau gegen Blau»“.;Landtagswahl MV;News, Landtagswahl MV, Manuela Schwesig, Schwerin, Sachsen-Anhalt, Alternative für Deutschland, SPD, Landtagswahl, Wahlkampf;2026-09-07T15:52:33+02:00;2026-09-07T15:52:33+02:00;;dpa Mecklenburg-Vorpommern;false
e323c2b825ac1e99b9ba2e669da0dfaf100cbadd765703fdc2510f6af037b401;Tausende Handys in NRW-Gefängnissen entdeckt;https://www.zeit.de/news/2026-09/07/tausende-handys-in-nrw-gefaengnissen-entdeckt;Hier finden Sie Informationen zu dem Thema „Bericht des Justizministers“. Lesen Sie jetzt „Tausende Handys in NRW-Gefängnissen entdeckt“.;Bericht des Justizministers;News, Bericht des Justizministers, Justizminister, Mobiltelefon, Rechtsausschuss;2026-09-07T15:52:20+02:00;2026-09-07T15:52:20+02:00;;dpa Nordrhein-Westfalen;false
72e5eb6ed909f1469160a2438730cb1afe1ba954db3383ba85ae76dd51444a2d;Unfall von Polizeiauto bei Verfolgungsjagd - zwei Verletzte;https://www.zeit.de/news/2026-09/07/unfall-von-polizeiauto-bei-verfolgungsjagd-zwei-verletzte;Hier finden Sie Informationen zu dem Thema „Kreis Sigmaringen“. Lesen Sie jetzt „Unfall von Polizeiauto bei Verfolgungsjagd - zwei Verletzte“.;Kreis Sigmaringen;News, Kreis Sigmaringen, Sigmaringen, Krauchenwies, Polizei, Unfall, Polizeiauto, Verfolgungsjagd;2026-09-07T15:51:30+02:00;2026-09-07T15:51:30+02:00;;dpa Baden-Württemberg;false
9128603fa0f1124516f2e6f138753f4d30c7e3297f6b629395c62261954ea6c4;MV will digitalen Arbeitsplatz für Lehrkräfte schaffen;https://www.zeit.de/news/2026-09/07/mv-will-digitalen-arbeitsplatz-fuer-lehrkraefte-schaffen;Hier finden Sie Informationen zu dem Thema „Investitionen“. Lesen Sie jetzt „MV will digitalen Arbeitsplatz für Lehrkräfte schaffen“.;Investitionen;News, Investitionen, Heiko Geue, Schwerin, Schwarz, Mecklenburg-Vorpommern, Arbeitsplatz, Digit, Digitalsparte, Investition;2026-09-07T15:48:44+02:00;2026-09-07T15:48:44+02:00;;dpa Mecklenburg-Vorpommern;false
5e61ab44f77eeb84774f5f5d40b7d77cf881f428c74ece6b28031c108b4146ad;Verdächtige Person an Umspannwerk in Remscheid gesichtet;https://www.zeit.de/gesellschaft/zeitgeschehen/2026-09/angriffe-stromnetz-remscheid-wuppertal-polizei-fahndung-gxe;In NRW sucht die Polizei nach einer Person, die an einem Umspannwerk gesichtet wurde. Ob es einen Zusammenhang mit jüngsten Sabotageaktionen gibt, ist unklar.;Angriffe auf Stromnetz;Gesellschaft, Angriffe auf Stromnetz, Wuppertal, Polizei, Stromversorgung, Ermittlung, Köln, Fahndung;2026-09-07T15:48:38+02:00;2026-09-07T15:48:38+02:00;yer;DIE ZEIT,        dpa,        							yer;false
dfe8ec592de7f1d1d4f0215cae52e8cbfb95dd02393b3f94849a534bd6f8b5cf;Grüne suchen Wege gegen AfD-Regierung in Sachsen-Anhalt;https://www.zeit.de/news/2026-09/07/gruene-suchen-wege-gegen-afd-regierung-in-sachsen-anhalt;Hier finden Sie Informationen zu dem Thema „Nach der Landtagswahl“. Lesen Sie jetzt „Grüne suchen Wege gegen AfD-Regierung in Sachsen-Anhalt“.;Nach der Landtagswahl;News, Nach der Landtagswahl, Sven Schulze, Sachsen-Anhalt, Alternative für Deutschland, Bündnis 90/Die Grünen, CDU, Landtagswahl;2026-09-07T15:45:12+02:00;2026-09-07T15:45:12+02:00;;dpa Berlin/Brandenburg;false
e8f11e0ad622faa3d7bd043eff8bba672420f56c839dbaba1e5e57b2a4f6cd78;Brandenburger AfD will Ende der Geheimdienst-Beobachtung;https://www.zeit.de/news/2026-09/07/brandenburger-afd-will-ende-der-geheimdienst-beobachtung;Hier finden Sie Informationen zu dem Thema „Nach der Landtagswahl“. Lesen Sie jetzt „Brandenburger AfD will Ende der Geheimdienst-Beobachtung“.;Nach der Landtagswahl;News, Nach der Landtagswahl, René Springer, Dietmar Woidke, Friedrich Merz, Tim Brand, Brandenburg, Potsdam, Sachsen-Anhalt, Alternative für Deutschland, Geheimdienst, Verfassungsschutz;2026-09-07T15:42:50+02:00;2026-09-07T15:42:50+02:00;;dpa Berlin/Brandenburg;false
96c649845ed7063760211e53be7e40f1fa4bc20f4e988c0ef26114ad5e80bc8a;Fußgänger finden skelettierte Leiche in Waldgebiet;https://www.zeit.de/news/2026-09/07/fussgaenger-finden-skelettierte-leiche-in-waldgebiet;Hier finden Sie Informationen zu dem Thema „Polizei ermittelt“. Lesen Sie jetzt „Fußgänger finden skelettierte Leiche in Waldgebiet“.;Polizei ermittelt;News, Polizei ermittelt, Bitterfeld-Wolfen, Polizei, Waldgebiet;2026-09-07T15:35:44+02:00;2026-09-07T15:35:44+02:00;;dpa Sachsen;false
bc407957e7997ca0dfce54dfabd807ed89602fb560f121db980bbc84c48a7adb;Gerangel bei Protest gegen Bootsmigranten in Portsmouth;https://www.zeit.de/news/2026-09/07/gerangel-bei-protest-gegen-bootsmigranten-in-portsmouth;Hier finden Sie Informationen zu dem Thema „Migration über Ärmelkanal“. Lesen Sie jetzt „Gerangel bei Protest gegen Bootsmigranten in Portsmouth“.;Migration über Ärmelkanal;News, Migration über Ärmelkanal, Portsmouth, Ärmelkanal, Polizei, Gerangel, Migration;2026-09-07T15:31:16+02:00;2026-09-07T15:31:16+02:00;;dpa;false
6ed76f9e6924960857a3f21c8812abd31d0829aef74c074c51f69343445afb7d;Wenn das Geld in der Ausbildung knapp wird;https://www.zeit.de/news/2026-09/07/wenn-das-geld-in-der-ausbildung-knapp-wird;Hier finden Sie Informationen zu dem Thema „Arbeit“. Lesen Sie jetzt „Wenn das Geld in der Ausbildung knapp wird“.;Arbeit;News, Arbeit, Charlène Großmann, Susanne Wingertszahn, Caja Stübenrath, Mainz, Rheinland-Pfalz, DGB, Bundesregierung, Geld, Generation Z, Immobilienmarkt;2026-09-07T15:30:16+02:00;2026-09-07T15:30:16+02:00;;dpa Rheinland-Pfalz/Saarland;false
1c762af83e2bc5a42a380d1ebc04c9424bfca224890d592a9fd4434308be11b7;Illegales Fahrzeugrennen: 24-Jähriger flieht vor Polizei;https://www.zeit.de/news/2026-09/07/illegales-fahrzeugrennen-24-jaehriger-flieht-vor-polizei;Hier finden Sie Informationen zu dem Thema „Mit 210 Kilometern pro Stunde“. Lesen Sie jetzt „Illegales Fahrzeugrennen: 24-Jähriger flieht vor Polizei“.;Mit 210 Kilometern pro Stunde;News, Mit 210 Kilometern pro Stunde, Mecklenburg-Vorpommern, Polizei, Fahrzeugrennen;2026-09-07T15:29:31+02:00;2026-09-07T15:29:31+02:00;;dpa Mecklenburg-Vorpommern;false
5dfabbb86ceb1b195f3b2771e42e011b03693fc6bfa342a8dafbd7c2eb0d4efc;Brand in Küche – Bewohner leicht verletzt;https://www.zeit.de/news/2026-09/07/brand-in-kueche-bewohner-leicht-verletzt;Hier finden Sie Informationen zu dem Thema „Feuerwehreinsatz“. Lesen Sie jetzt „Brand in Küche – Bewohner leicht verletzt“.;Feuerwehreinsatz;News, Feuerwehreinsatz, Dietramszell, Feuerwehreinsatz;2026-09-07T15:29:09+02:00;2026-09-07T15:29:09+02:00;;dpa Bayern;false
bf1751e5d93052eb947f0277b0aba1cb6a429231e942ce8dc9837e3246559e2e;Fuest: AfD, Linke, BSW Standortnachteil für den Osten;https://www.zeit.de/news/2026-09/07/wahlausgang-alarmierend-verbaende-warnen-nach-afd-erfolg;Hier finden Sie Informationen zu dem Thema „Landtagswahl Sachsen-Anhalt“. Lesen Sie jetzt „Fuest: AfD, Linke, BSW Standortnachteil für den Osten“.;Landtagswahl Sachsen-Anhalt;News, Landtagswahl Sachsen-Anhalt, Peter Adrian, Alexander von Preen, Sachsen-Anhalt, Alternative für Deutschland, HDE, Landtagswahl in Sachsen, Wahlausgang, Wahlerfolg, Wirtschaftsverband, Erfolg;2026-09-07T15:21:31+02:00;2026-09-07T15:21:31+02:00;;dpa;false
18e362919ea897e705797199b3b922071db4c7ddf08ad6173cfbb2530b38de15;Merz: «Aufgeben ist für mich keine Option»;https://www.zeit.de/news/2026-09/07/merz-schockiert-ueber-afd-erfolg-institutionen-wehrhaft;Hier finden Sie Informationen zu dem Thema „Nach dem Wahl-Debakel“. Lesen Sie jetzt „Merz: «Aufgeben ist für mich keine Option»“.;Nach dem Wahl-Debakel;News, Nach dem Wahl-Debakel, Friedrich Merz, Berlin, Sachsen-Anhalt, Alternative für Deutschland, CDU, Erfolg, Wahlniederlage;2026-09-07T15:21:20+02:00;2026-09-07T15:21:20+02:00;;dpa;false
1151879dbfcf305ad43904b49d68742da3a9fc41bfc1e78986ab95226ba3d1c1;Wo in Hessen zuerst die Fachkräfte fehlen;https://www.zeit.de/news/2026-09/07/wo-in-hessen-zuerst-die-fachkraefte-fehlen;Hier finden Sie Informationen zu dem Thema „Analyse der Arbeitsagentur“. Lesen Sie jetzt „Wo in Hessen zuerst die Fachkräfte fehlen“.;Analyse der Arbeitsagentur;News, Analyse der Arbeitsagentur, Hessen, Bundesagentur für Arbeit, Fachkraft, Engpassanalyse, Gesundheitssparte;2026-09-07T15:19:19+02:00;2026-09-07T15:19:19+02:00;;dpa Hessen;false
220879b8f4ee5edef325a2e48e10aa4bf18dd8cc505a4e6104b35f903160b693;Bekannter Komponist: Retrospektive für Ryuichi Sakamoto;https://www.zeit.de/news/2026-09/07/bekannter-komponist-retrospektive-fuer-ryuichi-sakamoto;Hier finden Sie Informationen zu dem Thema „Ausstellung in Berlin“. Lesen Sie jetzt „Bekannter Komponist: Retrospektive für Ryuichi Sakamoto“.;Ausstellung in Berlin;News, Ausstellung in Berlin, Ryuichi Sakamoto, Ingrid Buschmann, David Bowie, Leonardo DiCaprio, Berlin, Europa, The Revenant, Retrospektive;2026-09-07T15:18:53+02:00;2026-09-07T15:18:53+02:00;;dpa Berlin/Brandenburg;false
6e62b77a914f66999e19b0b0806aefb9c4f0992f969cd61e129b5ea765bc1c28;Kane vor Champions-League-Start: «Es muss unser Jahr werden»;https://www.zeit.de/news/2026-09/07/kane-vor-champions-league-start-es-muss-unser-jahr-werden;Hier finden Sie Informationen zu dem Thema „Auftakt gegen Bodö/Glimt“. Lesen Sie jetzt „Kane vor Champions-League-Start: «Es muss unser Jahr werden»“.;Auftakt gegen Bodö/Glimt;News, Auftakt gegen Bodö/Glimt, Harry Kane, München, FC Bayern München, Champions League;2026-09-07T15:17:54+02:00;2026-09-07T15:17:54+02:00;;dpa Bayern;false
255444285d221a4d3bca746fc2dcb1079520c18034385a6c0d0c2791cefdb1f0;AfD an den Urnen deutlich stärker als bei Briefwählern;https://www.zeit.de/news/2026-09/07/afd-an-den-urnen-deutlich-staerker-als-bei-briefwaehlern;Hier finden Sie Informationen zu dem Thema „Sachsen-Anhalt“. Lesen Sie jetzt „AfD an den Urnen deutlich stärker als bei Briefwählern“.;Sachsen-Anhalt;News, Sachsen-Anhalt, Sachsen-Anhalt, Alternative für Deutschland, CDU, Landtagswahl in Sachsen, Landtagswahl, Urne, Urnenwahl, Briefwahl;2026-09-07T15:16:01+02:00;2026-09-07T15:16:01+02:00;;dpa Sachsen;false
a4b2fb5765a27bfe4415c6f319570971c101cd807bb7d09d2fd88e938bf4a87d;66-Jähriger stirbt nach Unfall mit Stadtbahn;https://www.zeit.de/news/2026-09/07/66-jaehriger-stirbt-nach-unfall-mit-stadtbahn;Hier finden Sie Informationen zu dem Thema „Im Krankenhaus gestorben“. Lesen Sie jetzt „66-Jähriger stirbt nach Unfall mit Stadtbahn“.;Im Krankenhaus gestorben;News, Im Krankenhaus gestorben, Polizei, Stadtbahn, Unfall;2026-09-07T15:15:12+02:00;2026-09-07T15:15:12+02:00;;dpa Baden-Württemberg;false
40dfc80e21562d76f88d33ca96fce716c884d63cb0bc5eb6c077f145b854b025;Von der Leyen kündigt Investitionspaket für Grönland an;https://www.zeit.de/politik/2026-09/eu-groenland-investitionspaket-ursula-von-der-leyen-jens-frederik-nielsen-mette-frederiksen-gxe;Bei ihrem Besuch in Nuuk hat die EU-Kommissionspräsidentin 200 Millionen Euro an Investitionen für Grönland angekündigt. Zudem sollen die Beziehungen vertieft werden.;EU-Investition in Grönland;Politik, EU-Investition in Grönland, Grönland, Europäische Union, Dänemark, Ursula von der Leyen, Mette Frederiksen;2026-09-07T15:15:03+02:00;2026-09-07T15:15:03+02:00;svj;DIE ZEIT,        AFP,        dpa,        							svj;false
bcafb54be10f648cbdf2425624de99a3b3f37464adb18e88219846a75a12fd82;Unbekannte beschädigen AfD-Gebäude in Wilhelmshaven;https://www.zeit.de/news/2026-09/07/unbekannte-beschaedigen-afd-gebaeude-in-wilhelmshaven;Hier finden Sie Informationen zu dem Thema „Kriminalität“. Lesen Sie jetzt „Unbekannte beschädigen AfD-Gebäude in Wilhelmshaven“.;Kriminalität;News, Kriminalität, Wilhelmshaven, Alternative für Deutschland, Veranstaltungsort;2026-09-07T15:13:58+02:00;2026-09-07T15:13:58+02:00;;dpa Niedersachsen;false
f26546f0518a1a74a203be40b90346c40bbab062c575c673e970cc89b73658b9;Wende im Fall eines 35-Jährigen mit Schussverletzung;https://www.zeit.de/news/2026-09/07/wende-im-fall-eines-35-jaehrigen-mit-schussverletzung;Hier finden Sie Informationen zu dem Thema „Notfälle“. Lesen Sie jetzt „Wende im Fall eines 35-Jährigen mit Schussverletzung“.;Notfälle;News, Notfälle, Seevetal, Hamburg, Polizei, Schussverletzung, Notfall;2026-09-07T15:12:05+02:00;2026-09-07T15:12:05+02:00;;dpa Niedersachsen;false
a118881130e93e3c77f67788c5889e8319bedb8cc038a8018aa7bb0e595c8690;Landgericht Mannheim eröffnet Verfahren gegen Xavier Naidoo;https://www.zeit.de/news/2026-09/07/landgericht-mannheim-eroeffnet-verfahren-gegen-xavier-naidoo;Hier finden Sie Informationen zu dem Thema „Wegen Volksverhetzung“. Lesen Sie jetzt „Landgericht Mannheim eröffnet Verfahren gegen Xavier Naidoo“.;Wegen Volksverhetzung;News, Wegen Volksverhetzung, Xavier Naidoo, Mannheim, Staatsanwaltschaft, Landgericht, Volksverhetzung;2026-09-07T15:10:44+02:00;2026-09-07T15:10:44+02:00;;dpa;false
9d682211ef02acf5cba5b3ec652b384992a5df9e7d4f1d244f9f25cbbc18db33;Polizist schießt mehrfach auf Messerangreifer;https://www.zeit.de/news/2026-09/07/polizist-schiesst-mehrfach-auf-messerangreifer;Hier finden Sie Informationen zu dem Thema „Bei Kontrolle in Hannover“. Lesen Sie jetzt „Polizist schießt mehrfach auf Messerangreifer“.;Bei Kontrolle in Hannover;News, Bei Kontrolle in Hannover, Hannover, Polizei;2026-09-07T15:10:26+02:00;2026-09-07T15:10:26+02:00;;dpa Niedersachsen;false
e9c483a40af92f683b8903e360fdf2ec6f73806108a779aa2a3e29b2c5f938ff;SPD führt nach CDU-Pleite keine Personaldebatte über Merz;https://www.zeit.de/news/2026-09/07/spd-fuehrt-nach-cdu-pleite-keine-personaldebatte-ueber-merz;Hier finden Sie Informationen zu dem Thema „Landtagswahl“. Lesen Sie jetzt „SPD führt nach CDU-Pleite keine Personaldebatte über Merz“.;Landtagswahl;News, Landtagswahl, Friedrich Merz, Lars Klingbeil, Sachsen-Anhalt, SPD, CDU, Alternative für Deutschland, Landtagswahl, Personaldebatte, Wahlerfolg, Gremium;2026-09-07T15:10:18+02:00;2026-09-07T15:10:18+02:00;;dpa Sachsen;false
1d8931725674da781da7e2c14f9cbcf64a003b6716056e6d9b43c54e14cdc7cd;Drittes Gratis-Kita-Jahr noch nicht politisch beerdigt;https://www.zeit.de/news/2026-09/07/drittes-gratis-kita-jahr-noch-nicht-politisch-beerdigt;Hier finden Sie Informationen zu dem Thema „Wünsche und Sparzwänge“. Lesen Sie jetzt „Drittes Gratis-Kita-Jahr noch nicht politisch beerdigt“.;Wünsche und Sparzwänge;News, Wünsche und Sparzwänge, NRW, Nordrhein-Westfalen, Finanzministerium, Sparzwang, Koalitionsvertrag, Koalition;2026-09-07T15:09:44+02:00;2026-09-07T15:09:44+02:00;;dpa Nordrhein-Westfalen;false
560692478134937e1b7c9adce6be40810eb0f3c6dc9f4d9c2a024dd7f03271d8;Mordprozess - Zehn Schüsse, sieben Treffer, kein Geständnis;https://www.zeit.de/news/2026-09/07/prozess-um-mordanschlag-auf-neffen-von-drogenboss-gestartet;Hier finden Sie Informationen zu dem Thema „Anschlag in Düsseldorf“. Lesen Sie jetzt „Mordprozess - Zehn Schüsse, sieben Treffer, kein Geständnis“.;Anschlag in Düsseldorf;News, Anschlag in Düsseldorf, Düsseldorf, Mordanschlag, Kugelhagel, Hochsicherheitstrakt, Maschinenpistole;2026-09-07T15:09:30+02:00;2026-09-07T15:09:30+02:00;;dpa;false
21f96b9a6071c78f70a0daf55f6b8f235afb91c010e13544cab2cda8f935f03e;Rübenkampagne: Minister erwartet gutes Ergebnis in MV;https://www.zeit.de/news/2026-09/07/ruebenkampagne-minister-erwartet-gutes-ergebnis-in-mv;Hier finden Sie Informationen zu dem Thema „Landwirtschaft“. Lesen Sie jetzt „Rübenkampagne: Minister erwartet gutes Ergebnis in MV“.;Landwirtschaft;News, Landwirtschaft, Till Backhaus, Landwirtschaftsminister, Anklam, Mecklenburg-Vorpommern, Landkreis Vorpommern-Greifswald, Rübenkampagne, Zuckerfabrik;2026-09-07T15:07:18+02:00;2026-09-07T15:07:18+02:00;;dpa Mecklenburg-Vorpommern;false
78f161c1c72bc3d2ec3dda48c8a4ed91252698beff838f72d6815fb43c7638d9;Auch Berlin testet am Donnerstag seine Warnsirenen;https://www.zeit.de/news/2026-09/07/auch-berlin-testet-am-donnerstag-seine-warnsirenen;Hier finden Sie Informationen zu dem Thema „Bundesweiter Warntag“. Lesen Sie jetzt „Auch Berlin testet am Donnerstag seine Warnsirenen“.;Bundesweiter Warntag;News, Bundesweiter Warntag, Berlin, Warntag;2026-09-07T15:06:36+02:00;2026-09-07T15:06:36+02:00;;dpa Berlin/Brandenburg;false
5174d55445b97bfdf55c99f790e489adbec126f727fdb053def51028fbd8e1b3;Wagenknecht-Partei als Königsmacherin?;https://www.zeit.de/news/2026-09/07/wagenknecht-partei-als-koenigsmacherin;Hier finden Sie Informationen zu dem Thema „Nach der Landtagswahl“. Lesen Sie jetzt „Wagenknecht-Partei als Königsmacherin?“.;Nach der Landtagswahl;News, Nach der Landtagswahl, Sahra Wagenknecht, Jan Philipp Thomeczek, Ulrich Siegmund, Magdeburg, Sachsen-Anhalt, Bündnis Sahra Wagenknecht, Alternative für Deutschland, Deutsche Presse-Agentur, Landtagswahl, Wahltag;2026-09-07T15:06:11+02:00;2026-09-07T15:06:11+02:00;;dpa;false
1bb400afb8d47740b8e6bc5b226a19e49b21014d36fa4b5be68913f450fe8980;AfD-Spitzenkandidat Siegmund vorerst ohne Ambitionen im Bund;https://www.zeit.de/news/2026-09/07/afd-spitzenkandidat-siegmund-vorerst-ohne-ambitionen-im-bund;Hier finden Sie Informationen zu dem Thema „AfD nach der Landtagswahl“. Lesen Sie jetzt „AfD-Spitzenkandidat Siegmund vorerst ohne Ambitionen im Bund“.;AfD nach der Landtagswahl;News, AfD nach der Landtagswahl, Ulrich Siegmund, Alice Weidel, Berlin, Sachsen-Anhalt, Alternative für Deutschland, Deutsche Presse-Agentur, Landtagswahl, Ambition;2026-09-07T15:05:38+02:00;2026-09-07T15:05:38+02:00;;dpa Sachsen;false
133e431f62992964afe57d82629fac3559e71629c289bc99fa4d8ae1a1b6033b;Botschaft an Trump: EU baut Zusammenarbeit mit Grönland aus;https://www.zeit.de/news/2026-09/07/botschaft-an-trump-eu-baut-zusammenarbeit-mit-groenland-aus;Hier finden Sie Informationen zu dem Thema „Begehrte Arktisinsel“. Lesen Sie jetzt „Botschaft an Trump: EU baut Zusammenarbeit mit Grönland aus“.;Begehrte Arktisinsel;News, Begehrte Arktisinsel, Donald Trump, Ursula von der Leyen, Kommissionspräsidentin, Grönland, Europäische Union, EU, Arktisinsel, Botschaft, Zusammenarbeit, Kontrollanspruch;2026-09-07T15:04:28+02:00;2026-09-07T15:04:28+02:00;;dpa;false
939fb086bccc60e8ab104fbc2403b1b6e1001839bd8d89c97ae5ae68a3ab3672;Erpressung mit Schuss auf Geschäft? 34-Jähriger vor Gericht;https://www.zeit.de/news/2026-09/07/erpressung-mit-schuss-auf-geschaeft-34-jaehriger-vor-gericht;Hier finden Sie Informationen zu dem Thema „Schusswaffenkriminalität“. Lesen Sie jetzt „Erpressung mit Schuss auf Geschäft? 34-Jähriger vor Gericht“.;Schusswaffenkriminalität;News, Schusswaffenkriminalität, Staatsanwaltschaft, Erpressung, Schusswaffenkriminalität, Friseursalon, Landgericht Berlin, Geld;2026-09-07T15:02:08+02:00;2026-09-07T15:02:08+02:00;;dpa Berlin/Brandenburg;false
543d300978b5a84e60eada061ef0a488101d614c736e001179c4aaf1a465e201;Kartoffelernte in Thüringen schwächelt nach Hitzeperiode;https://www.zeit.de/news/2026-09/07/kartoffelernte-in-thueringen-schwaechelt-nach-hitzeperiode;Hier finden Sie Informationen zu dem Thema „Ernteprognose“. Lesen Sie jetzt „Kartoffelernte in Thüringen schwächelt nach Hitzeperiode“.;Ernteprognose;News, Ernteprognose, Dietmar Barthel, Thüringen, Heichelheimer, BMELV, Kartoffelernte, Hitzeperiode, Ernteprognose, Trockenheit, Kartoffel, Ertrag;2026-09-07T15:00:22+02:00;2026-09-07T15:00:22+02:00;;dpa Thüringen;false
4b341a92e696a33cd127d1b641f552d9779a124e1f82026e703f67a7051c3c52;Wenn das die Mitte ist, dann gute Nacht;https://www.zeit.de/2026-09/wahl-sachsen-anhalt-ergebnisse-politische-kommunikation;Bei dieser historischen Wahl offenbarte sich die ganze Leere der politischen Kommunikation. Die Elite des Landes redet, als käme sie von einem anderen Stern.;"Z+ (abopflichtiger Inhalt);
        
    Wahl in Sachsen-Anhalt";Politik, Wahl in Sachsen-Anhalt, Sachsen-Anhalt, Landtagswahl, Alternative für Deutschland, Bärbel Bas, Felix Banaszak, SPD, CSU;2026-09-07T14:58:30+02:00;2026-09-07T14:58:30+02:00;Robert Pausch;;false
ce5dfc56aa3555cacaf44bd35404667c4f378b0117036f1b0356eab222f0fcbd;Kollision mit Sattelzug – Zwei Menschen schwer verletzt;https://www.zeit.de/news/2026-09/07/unfall-mit-lkw-zwei-menschen-schwer-verletzt;Hier finden Sie Informationen zu dem Thema „Hubschrauber im Einsatz“. Lesen Sie jetzt „Kollision mit Sattelzug – Zwei Menschen schwer verletzt“.;Hubschrauber im Einsatz;News, Hubschrauber im Einsatz, Unfall, Frontalzusammenstoß, Hubschrauber;2026-09-07T14:56:37+02:00;2026-09-07T14:56:37+02:00;;dpa Bayern;false
f6cab32e0cfafeb29a6927fe63b1506fb592f86d49927c6d8ce983b33e274b61;Gewerkschaft bestreikt Köllnflocken-Hersteller;https://www.zeit.de/news/2026-09/07/gewerkschaft-bestreikt-koellnflocken-hersteller;Hier finden Sie Informationen zu dem Thema „Lebensmittel“. Lesen Sie jetzt „Gewerkschaft bestreikt Köllnflocken-Hersteller“.;Lebensmittel;News, Lebensmittel, Peter Kölln, Elmshorn, Löhne, NGG, Arbeitsniederlegung, Warnstreik;2026-09-07T14:56:12+02:00;2026-09-07T14:56:12+02:00;;dpa;false
0ebfca2e610bc78a366deeddf6404fc5c87ff87c25494a98014786af94850434;Hacker-Angriff: Kritik am Krisenmanagement in Berlin;https://www.zeit.de/news/2026-09/07/experten-kritisieren-krisenmanagement-bei-it-leak-in-berlin;Hier finden Sie Informationen zu dem Thema „IT-Sicherheit“. Lesen Sie jetzt „Hacker-Angriff: Kritik am Krisenmanagement in Berlin“.;IT-Sicherheit;News, IT-Sicherheit, Joachim Selzer, Kai Wegner, Iris Spranger, Berlin, FDP, Deutsche Presse-Agentur, Krisenmanagement, Hackerangriff, Sicherheit, Computer;2026-09-07T14:55:23+02:00;2026-09-07T14:55:23+02:00;;dpa Berlin/Brandenburg;false
e52c829aae21e40589cb903dba6d1fb935a6db36a702442ff08ff6608a18a953;Israels Botschafter fordert Brandmauer gegen Antisemitismus;https://www.zeit.de/news/2026-09/07/israels-botschafter-fordert-brandmauer-gegen-antisemitismus;Hier finden Sie Informationen zu dem Thema „Landtagswahl in Sachsen-Anhalt“. Lesen Sie jetzt „Israels Botschafter fordert Brandmauer gegen Antisemitismus“.;Landtagswahl in Sachsen-Anhalt;News, Landtagswahl in Sachsen-Anhalt, Ron Prosor, Sachsen-Anhalt, Alternative für Deutschland, Landtagswahl in Sachsen, Brandmauer, Antisemitismus;2026-09-07T14:55:09+02:00;2026-09-07T14:55:09+02:00;;dpa Sachsen;false
7b5db32dd27d5381d89df70e1056fefe9b450fa9897ec618010c4394d61c14b7;137 Gemeinden klagen gegen Bevorzugung zentraler Orte;https://www.zeit.de/news/2026-09/07/137-gemeinden-klagen-gegen-bevorzugung-zentraler-orte;Hier finden Sie Informationen zu dem Thema „Finanzausgleich“. Lesen Sie jetzt „137 Gemeinden klagen gegen Bevorzugung zentraler Orte“.;Finanzausgleich;News, Finanzausgleich, Schleswig-Holstein, Bevorzugung, Finanzausgleich, Landesverfassungsgericht, Geld;2026-09-07T14:49:37+02:00;2026-09-07T14:49:37+02:00;;dpa Hamburg/Schleswig-Holstein;false
548d7404f1d6ad318f4b6d664efc6e4a27d9f34550ea20f2eb59a0f5e331302a;UN-Gericht: Deutschland verteidigt Waffenexporte nach Israel;https://www.zeit.de/news/2026-09/07/un-gericht-deutschland-verteidigt-waffenexporte-nach-israel;Hier finden Sie Informationen zu dem Thema „Internationales Recht“. Lesen Sie jetzt „UN-Gericht: Deutschland verteidigt Waffenexporte nach Israel“.;Internationales Recht;News, Internationales Recht, Israel Deutschland, Julia Monar, Den Haag, Nicaragua, Gazastreifen, UN, Internationaler Gerichtshof, Waffenexport, Rüstungsexport, Konflikt;2026-09-07T14:49:02+02:00;2026-09-07T14:49:02+02:00;;dpa;false
e2ebe0ac8d37d33078ae07d3dab628ec30811d1f0bd03c578e6fe6e839ca68af;Merz: Beide großen Volksparteien ernsthaft in Gefahr;https://www.zeit.de/news/2026-09/07/merz-beide-grossen-volksparteien-ernsthaft-in-gefahr;Hier finden Sie Informationen zu dem Thema „Parteien“. Lesen Sie jetzt „Merz: Beide großen Volksparteien ernsthaft in Gefahr“.;Parteien;News, Parteien, Friedrich Merz, Berlin, Sachsen-Anhalt, Alternative für Deutschland, SPD, CDU;2026-09-07T14:45:28+02:00;2026-09-07T14:45:28+02:00;;dpa Sachsen;false
efeb72828c9fb8bd843d3bd06819310c87a1245c0576d1f580d5b17989767bac;Jaguar Land Rover streicht 4.000 Arbeitsplätze;https://www.zeit.de/wirtschaft/2026-09/jaguar-land-rover-stellenabbau-autobauer-grossbritannien-sparpaket-gxe;Auch der britische Autobauer Jaguar Land Rover kämpft mit sinkendem Umsatz und will 4.000 Stellen abbauen. Das ist jeder zehnte Arbeitsplatz der Belegschaft weltweit.;Automobilindustrie;Wirtschaft, Automobilindustrie, Land Rover, Entlassung, Autoindustrie, Großbritannien, Sparpaket, Arbeitnehmer;2026-09-07T14:44:45+02:00;2026-09-07T14:44:45+02:00;hell;DIE ZEIT,        AFP,        dpa,        							hell;false
4954341fdbe11c70b83041623f47b80824937d69fbaf5a059d99b4cb3fa71223;Flugchaos wegen Vulkanausbruch in Indonesien hält an;https://www.zeit.de/gesellschaft/zeitgeschehen/2026-09/anak-krakatau-vulkanausbruch-indonesien-flugverkehr-jakarta-gxe;Hunderttausende Menschen sitzen nach dem Ausbruch des Anak Krakatau noch immer in Indonesien fest. Die Behörden wollen den Luftverkehr über Ausweichflughäfen umleiten.;Vulkanausbruch in Indonesien;Gesellschaft, Vulkanausbruch in Indonesien, Indonesien, Vulkan, Jakarta, Sumatra, Flugverkehr, Flughafen;2026-09-07T14:42:45+02:00;2026-09-07T14:42:45+02:00;svj;DIE ZEIT,        AFP,        dpa,        							svj;false
78a28636ad5fa02074716b2ee860cb56a627ba14eae9d0a4cadefa184be780cb;SPD schließt überparteilichen Ministerpräsidenten nicht aus;https://www.zeit.de/news/2026-09/07/spd-schliesst-ueberparteilichen-ministerpraesidenten-nicht-aus;Hier finden Sie Informationen zu dem Thema „Wahl in Sachsen-Anhalt“. Lesen Sie jetzt „SPD schließt überparteilichen Ministerpräsidenten nicht aus“.;Wahl in Sachsen-Anhalt;News, Wahl in Sachsen-Anhalt, Sachsen-Anhalt, SPD;2026-09-07T14:42:00+02:00;2026-09-07T14:42:00+02:00;;dpa Sachsen;false
6b7d057fecc168bf55abb777dbc1d5e43135cba23720b2c6a16ff705f00d1638;Poseck ruft Hessen zu mehr Krisenvorsorge auf;https://www.zeit.de/news/2026-09/07/krisenvorsorge-steht-eine-woche-im-fokus;Hier finden Sie Informationen zu dem Thema „Katastrophenschutz“. Lesen Sie jetzt „Poseck ruft Hessen zu mehr Krisenvorsorge auf“.;Katastrophenschutz;News, Katastrophenschutz, CDU, Feuerwehr, Krisenvorsorge, Krisenprävention, Katastrophenschutz, Resilienzwoche, Vorsorge, Belletristik;2026-09-07T14:41:38+02:00;2026-09-07T14:41:38+02:00;;dpa Hessen;false
c719faf2eea6586200c0128cab299ed0f05332a59ed275ffecec9eda4b523182;Stammspieler nicht beim BVB-Training: Das sagt Trainer Kovac;https://www.zeit.de/news/2026-09/07/stammspieler-nicht-beim-bvb-training-das-sagt-trainer-kovac;Hier finden Sie Informationen zu dem Thema „Champions League“. Lesen Sie jetzt „Stammspieler nicht beim BVB-Training: Das sagt Trainer Kovac“.;Champions League;News, Champions League, Daniel Svensson, Niko Kovač, Borussia Dortmund, Champions League;2026-09-07T14:39:49+02:00;2026-09-07T14:39:49+02:00;;dpa Nordrhein-Westfalen;false
e4b2738f3c78e00154978ccf308579b44926153f52e2d766ce9f301195525747;Einsatz bei Wuppertal im Zusammenhang mit Sabotage-Aktionen;https://www.zeit.de/news/2026-09/07/einsatz-bei-wuppertal-im-zusammenhang-mit-sabotage-aktionen;Hier finden Sie Informationen zu dem Thema „Attacken auf Stromversorgung“. Lesen Sie jetzt „Einsatz bei Wuppertal im Zusammenhang mit Sabotage-Aktionen“.;Attacken auf Stromversorgung;News, Attacken auf Stromversorgung, NRW, Brandenburg, Wuppertal, Remscheid, Köln, Gevelsberg, Ruhrgebiet, Polizei, Attacke, Stromversorgung;2026-09-07T14:39:19+02:00;2026-09-07T14:39:19+02:00;;dpa Nordrhein-Westfalen;false
7d6ec35066d1ee9c4f79f4d0648f65743ca651ab2d6ae95d0592fb63f25ac88d;Mathias Middelberg wird neuer Bundesschatzmeister der CDU;https://www.zeit.de/politik/deutschland/2026-09/mathias-middelberg-cdu-bundesschatzmeister-franziska-hoppermann-gxe;Seit der Personalrochade in der Bundesregierung ist der Posten des CDU-Schatzmeisters vakant. Ihn übernimmt der Haushaltsexperte Mathias Middelberg.;CDU;Politik, CDU, CDU, Deutscher Bundestag, Franziska Hoppermann, Jens Spahn, Finanzen, Mathias Middelberg;2026-09-07T14:36:07+02:00;2026-09-07T14:36:07+02:00;iyf;DIE ZEIT,        dpa,        							iyf;false
261d95e528113cb0449a5c4c9de65904022833163162206cf3b11a42368bac13;Polizei ermittelt wegen rechtsextremer Schmierereien;https://www.zeit.de/news/2026-09/07/polizei-ermittelt-wegen-rechtsextremer-schmierereien;Hier finden Sie Informationen zu dem Thema „Kriminalität“. Lesen Sie jetzt „Polizei ermittelt wegen rechtsextremer Schmierereien“.;Kriminalität;News, Kriminalität, Gelsenkirchen, Polizei, Schmiererei, Staatsschutz;2026-09-07T14:34:48+02:00;2026-09-07T14:34:48+02:00;;dpa Nordrhein-Westfalen;false
d39f27bf4c91baabec4a551dafc5677e5505ee761bf6b43f26d50dcf3cb525db;Jaguar Land Rover muss sparen: 4.000 Stellen fallen weg;https://www.zeit.de/news/2026-09/07/jaguar-land-rover-streicht-4-000-stellen;Hier finden Sie Informationen zu dem Thema „Krise bei Autobauer“. Lesen Sie jetzt „Jaguar Land Rover muss sparen: 4.000 Stellen fallen weg“.;Krise bei Autobauer;News, Krise bei Autobauer, Land Rover, Stellenstreichung, Sparpaket, Krise;2026-09-07T14:32:29+02:00;2026-09-07T14:32:29+02:00;;dpa;false
d78b4f6a2d113bd29b4a255c290cb2a220ea1b890ee472281404ab10b86b6c53;Forscher erkunden Lagerstätten im Erzgebirge aus der Luft;https://www.zeit.de/news/2026-09/07/forscher-erkunden-lagerstaetten-im-erzgebirge-aus-der-luft;Hier finden Sie Informationen zu dem Thema „Suche nach Rohstoffen“. Lesen Sie jetzt „Forscher erkunden Lagerstätten im Erzgebirge aus der Luft“.;Suche nach Rohstoffen;News, Suche nach Rohstoffen, Thomas Günther, Michael Schneider, Erzgebirge, Eibenstock, Jena, Bundesanstalt für Geowissenschaften und Rohstoffe, Lagerstatt, Rohstoff, Helikopter, Wald;2026-09-07T14:30:09+02:00;2026-09-07T14:30:09+02:00;;dpa Sachsen;false
cda2c04346fe11f90f86e74965e24c4707857ebbad44af6e3fc77aaa52b5224e;Berliner Parteien rüsten sich für Wahlkampf-Finale;https://www.zeit.de/news/2026-09/07/politologe-auswirkungen-der-sachsen-anhalt-wahl-auf-berlin;Hier finden Sie Informationen zu dem Thema „Nach Wahl in Sachsen-Anhalt“. Lesen Sie jetzt „Berliner Parteien rüsten sich für Wahlkampf-Finale“.;Nach Wahl in Sachsen-Anhalt;News, Nach Wahl in Sachsen-Anhalt, Thorsten Faas, Berlin, Sachsen-Anhalt, Alternative für Deutschland, Freie Universität Berlin, Wahlsieg, Wahlkampf;2026-09-07T14:29:15+02:00;2026-09-07T14:29:15+02:00;;dpa Berlin/Brandenburg;false
dcfde5d457887fe186e13f7037586622d8e63df590906e431a8c95ba25191bf6;IAEA-Chef: Assads Reaktor war für Atomwaffen konfiguriert;https://www.zeit.de/news/2026-09/07/iaea-chef-assads-reaktor-war-fuer-atomwaffen-konfiguriert;Hier finden Sie Informationen zu dem Thema „Geheimprojekt“. Lesen Sie jetzt „IAEA-Chef: Assads Reaktor war für Atomwaffen konfiguriert“.;Geheimprojekt;News, Geheimprojekt, Baschar al-Assad, Rafael Grossi, Syrien, Iran, IAEO, Reaktor, Atomwaffe, Geheimprojekt, Regierungszeit, Atomprogramm;2026-09-07T14:28:56+02:00;2026-09-07T14:28:56+02:00;;dpa;false
bfb36b2569dd192257ca84c0d46cd816e379f2a59208c709cadbaae897b23348;AfD Niedersachsen will Zahl kommunaler Mandate vervierfachen;https://www.zeit.de/news/2026-09/07/afd-niedersachsen-will-zahl-kommunaler-mandate-vervierfachen;Hier finden Sie Informationen zu dem Thema „Kommunalwahl in Niedersachsen“. Lesen Sie jetzt „AfD Niedersachsen will Zahl kommunaler Mandate vervierfachen“.;Kommunalwahl in Niedersachsen;News, Kommunalwahl in Niedersachsen, Stephan Bothe, Niedersachsen, Sachsen-Anhalt, Alternative für Deutschland, Kommunalwahl, Mandat, Wahlsieg;2026-09-07T14:26:51+02:00;2026-09-07T14:26:51+02:00;;dpa Niedersachsen;false
0d38e30c7202e3bf2a30fe959a8ff73d4f07c2b5bbe87eb1fcc37c0a647bf46a;Unfälle auf der A81: Zwei Schwerverletzte und Sperrungen;https://www.zeit.de/news/2026-09/07/unfaelle-auf-der-a81-zwei-schwerverletzte-und-sperrungen;Hier finden Sie Informationen zu dem Thema „Zwei Unfälle, viele Verletzte“. Lesen Sie jetzt „Unfälle auf der A81: Zwei Schwerverletzte und Sperrungen“.;Zwei Unfälle, viele Verletzte;News, Zwei Unfälle, viele Verletzte, Neuenstadt, Heilbronn, SWR, Polizei, Unfall, Sperrung, Überholmanöver, Auto;2026-09-07T14:22:45+02:00;2026-09-07T14:22:45+02:00;;dpa Baden-Württemberg;false
c420d6e7a9fa06e2a0bf790f99d780d62e3a5aed9d438f806b4576073e155aea;Was will die AfD in Hessen und wo steht sie?;https://www.zeit.de/news/2026-09/07/was-will-die-afd-in-hessen-und-wo-steht-sie;Hier finden Sie Informationen zu dem Thema „Parteien“. Lesen Sie jetzt „Was will die AfD in Hessen und wo steht sie?“.;Parteien;News, Parteien, Robert Lambrou, Wiesbaden, Hessen, Kassel, Alternative für Deutschland, Landesamt für Verfassungsschutz, Verwaltungsgericht, CDU, Kommunalwahl, Erfolg;2026-09-07T14:22:34+02:00;2026-09-07T14:22:34+02:00;;dpa Hessen;false
e216b7b7fdd5e04628803a5da36c6adad37495b0b18ea12432aede2c891caf52;Sparkassen in Hessen und Thüringen erwarten höheren Gewinn;https://www.zeit.de/news/2026-09/07/sparkassen-in-hessen-und-thueringen-erwarten-hoeheren-gewinn;Hier finden Sie Informationen zu dem Thema „Halbjahresbilanz“. Lesen Sie jetzt „Sparkassen in Hessen und Thüringen erwarten höheren Gewinn“.;Halbjahresbilanz;News, Halbjahresbilanz, Stefan G., Thüringen, Reuß, Hessen, Sparkasse, Halbjahresbilanz, Jahresbilanz;2026-09-07T14:20:18+02:00;2026-09-07T14:20:18+02:00;;dpa Hessen;false
dd71bf1ca17add6ea2fccfa3c93add10f35c257a03da30f345af1d5c73246bbf;AfD feiert Wahlerfolg – Kirche und Unternehmer warnen;https://www.zeit.de/news/2026-09/07/afd-feiert-wahlerfolg-kirche-und-unternehmer-warnen;Hier finden Sie Informationen zu dem Thema „Nach Wahl in Sachsen-Anhalt“. Lesen Sie jetzt „AfD feiert Wahlerfolg – Kirche und Unternehmer warnen“.;Nach Wahl in Sachsen-Anhalt;News, Nach Wahl in Sachsen-Anhalt, Deborah Schnabel, Frankfurt, Sachsen-Anhalt, Hessen, Alternative für Deutschland, CDU, Landtagswahl in Sachsen, Wahlerfolg, Wahlsieg, Rechtsextremisten;2026-09-07T14:18:14+02:00;2026-09-07T14:18:14+02:00;;dpa Hessen;false
b387f6c3a5eebd07a894fa3dc4c46a292a4a79990e9cea21d3391f7a5febcdc1;Fritz Fuchs feiert 20 Jahre im Bauwagen bei «Löwenzahn»;https://www.zeit.de/news/2026-09/07/fritz-fuchs-feiert-20-jahre-im-bauwagen-bei-loewenzahn;Hier finden Sie Informationen zu dem Thema „Kinderserie“. Lesen Sie jetzt „Fritz Fuchs feiert 20 Jahre im Bauwagen bei «Löwenzahn»“.;Kinderserie;News, Kinderserie, Fritz Fuchs, Guido Hammesfahr, Peter Lustig, Sanam Afrashteh, Bauwagen, Löwenzahn, Kinderserie, Bundesverdienstkreuz;2026-09-07T14:17:07+02:00;2026-09-07T14:17:07+02:00;;dpa Berlin/Brandenburg;false
1d0351dbc53015b5334220b630235464f46ace804e7ce4d2b3f9d0a8ac322793;Friedrich Merz »zutiefst schockiert« über Ergebnis in Sachsen-Anhalt;https://www.zeit.de/politik/2026-09/cdu-nach-landtagswahl-in-sachsen-anhalt-gxe;Der Kanzler spricht von der »schwersten Wahlniederlage« der CDU und kündigt Konsequenzen an. Sven Schulze sieht den Regierungsauftrag nicht mehr bei der CDU. ;CDU nach der Landtagswahl;Politik, CDU nach der Landtagswahl, Friedrich Merz, Sachsen-Anhalt, CDU, Landtagswahl, Alternative für Deutschland, Sven Schulze;2026-09-07T14:17:00+02:00;2026-09-07T14:17:00+02:00;Bernard  Darko;;false
80bd8b44f5bae3f437ab7e679b35a17f855e64c8b09fefed325a82ed43c7e742;Merz hält nach Wahldebakel an Reformkurs fest;https://www.zeit.de/news/2026-09/07/merz-haelt-nach-wahldebakel-an-reformkurs-fest;Hier finden Sie Informationen zu dem Thema „Landtagswahl“. Lesen Sie jetzt „Merz hält nach Wahldebakel an Reformkurs fest“.;Landtagswahl;News, Landtagswahl, Friedrich Merz, Berlin, Sachsen-Anhalt, CDU, Landtagswahl, Wahldebakel, Reformkurs, Reformplan, Wahlkampf;2026-09-07T14:15:10+02:00;2026-09-07T14:15:10+02:00;;dpa Sachsen;false
7aa84f0931d9f1f60f75cc0f3ea17333b674493f76d8df2ba6c31f6533dcc4a4;Deutsche Bank legt Millionenstreit mit Ex-Manager bei;https://www.zeit.de/wirtschaft/unternehmen/2026-09/deutsche-bank-schadenersatz-klage-ex-manager-monte-dei-paschi-gxe;Ein früherer Mitarbeiter hat die Deutsche Bank auf 152 Millionen Euro verklagt. Die Parteien einigten sich außergerichtlich. Vier weitere Verfahren sind noch offen.;Skandal bei Monte dei Paschi;Wirtschaft, Skandal bei Monte dei Paschi, Deutsche Bank, Gerichtsverfahren, Schadensersatz, Finanzen, London;2026-09-07T14:14:01+02:00;2026-09-07T14:14:01+02:00;edd;DIE ZEIT,        Reuters,        dpa,        							edd;false
0cc2b2cbc4c6a313ae4a5b2001e2ec3a0d926ceec81d462d9eb28091d8fc5796;VW-Werk Osnabrück soll Rüstungsstandort werden;https://www.zeit.de/news/2026-09/07/vw-werk-osnabrueck-soll-ruestungsstandort-werden;Hier finden Sie Informationen zu dem Thema „Produktion läuft aus“. Lesen Sie jetzt „VW-Werk Osnabrück soll Rüstungsstandort werden“.;Produktion läuft aus;News, Produktion läuft aus, Osnabrück, Niedersachsen, Volkswagen, VW, Wilhelm Karmann GmbH, Rüstungsstandort, Rüstungsauftrag, Auto, Beziehung;2026-09-07T14:09:06+02:00;2026-09-07T14:09:06+02:00;;dpa;false
af87a9baaacba556d81bc3d4a0503b862b64df023922da6d235fbccd98bc296e;AfD sieht nach Wahlsieg in Sachsen-Anhalt Durchbruch im Bund;https://www.zeit.de/news/2026-09/07/weidel-uns-geht-es-nicht-um-auslaender-oder-nicht;Hier finden Sie Informationen zu dem Thema „Wahlnachlese“. Lesen Sie jetzt „AfD sieht nach Wahlsieg in Sachsen-Anhalt Durchbruch im Bund“.;Wahlnachlese;News, Wahlnachlese, Alice Weidel, Bärbel Bas, Sachsen-Anhalt, Alternative für Deutschland, SPD, Landtagswahl in Sachsen, Migrationsgeschichte, Ordnung;2026-09-07T14:06:07+02:00;2026-09-07T14:06:07+02:00;;dpa;false
2b369f0486e6f0e9478d0fd27219c6b98e55965eaee0f19baf61df469b09fb00;Die BVG zieht um und führt Standorte zusammen;https://www.zeit.de/news/2026-09/07/die-bvg-zieht-um-und-fuehrt-standorte-zusammen;Hier finden Sie Informationen zu dem Thema „Verkehrsbetriebe“. Lesen Sie jetzt „Die BVG zieht um und führt Standorte zusammen“.;Verkehrsbetriebe;News, Verkehrsbetriebe, BVG, Verkehrsbetrieb, Standort;2026-09-07T14:00:22+02:00;2026-09-07T14:00:22+02:00;;dpa Berlin/Brandenburg;false
f7259b84ba372d9ece3088b3a86a6ba8a5967e0722d6392890972fa3bdb6cb68;Angeklagter gesteht Tötung seines Vaters vor Gericht;https://www.zeit.de/news/2026-09/07/angeklagter-gesteht-toetung-seines-vaters-vor-gericht;Hier finden Sie Informationen zu dem Thema „Landgericht Bremen“. Lesen Sie jetzt „Angeklagter gesteht Tötung seines Vaters vor Gericht“.;Landgericht Bremen;News, Landgericht Bremen, Bremen, Landgericht, Tötung;2026-09-07T13:56:12+02:00;2026-09-07T13:56:12+02:00;;dpa Niedersachsen;false
0bdb31ce760ad5c067f45f1998e9f068ba98e8aeea76f2559b03a15f5f6f80e9;Mädchen im Wald missbraucht - ZDF-Sendung sucht Zeugen;https://www.zeit.de/news/2026-09/07/maedchen-im-wald-missbraucht-zdf-sendung-sucht-zeugen;Hier finden Sie Informationen zu dem Thema „«Aktenzeichen XY... ungelöst»“. Lesen Sie jetzt „Mädchen im Wald missbraucht - ZDF-Sendung sucht Zeugen“.;«Aktenzeichen XY... ungelöst»;News, «Aktenzeichen XY... ungelöst», Polizei, Aktenzeichen XY, Oberdürenbach, Wald, Sexueller Missbrauch;2026-09-07T13:54:01+02:00;2026-09-07T13:54:01+02:00;;dpa Rheinland-Pfalz/Saarland;false
84ae6c13e6a37a62c61f9978b4ab312a31cca5abf4b0317554fd57addf8439f9;Zuglinie RE1: Baubedingte Ausfälle 2025 verdoppelt;https://www.zeit.de/news/2026-09/07/zuglinie-re1-baubedingte-ausfaelle-2025-verdoppelt;Hier finden Sie Informationen zu dem Thema „Zugausfälle“. Lesen Sie jetzt „Zuglinie RE1: Baubedingte Ausfälle 2025 verdoppelt“.;Zugausfälle;News, Zugausfälle, Verkehrsministerium, Zuglinie, Zugausfall, Ausfall, Streckenkilometer;2026-09-07T13:53:38+02:00;2026-09-07T13:53:38+02:00;;dpa Berlin/Brandenburg;false
f7d9c1f0fab8285c2a19e210d69a07ab50bcfa088a6830066d4bbf1892c35ea5;Flugzeugabsturz mit zwei Toten – «Sehr traurige Stunden»;https://www.zeit.de/news/2026-09/07/flugzeugabsturz-mit-zwei-toten-sehr-traurige-stunden;Hier finden Sie Informationen zu dem Thema „Tragödie“. Lesen Sie jetzt „Flugzeugabsturz mit zwei Toten – «Sehr traurige Stunden»“.;Tragödie;News, Tragödie, Mann, Weinheim, Viernheim, Baden-Württemberg, Staatsanwaltschaft, Polizei, Unglück, Kleinflugzeug, Luftsportverein, Flugzeugabsturz;2026-09-07T13:49:17+02:00;2026-09-07T13:49:17+02:00;;dpa Baden-Württemberg;false
958701ed7f177bfafe8833b44ead249d37dcf261dc62b7d85a5df977e451e07e;Vierjähriger in Pohlheim von Auto erfasst – Lebensgefahr;https://www.zeit.de/news/2026-09/07/vierjaehriger-in-pohlheim-von-auto-erfasst-lebensgefahr;Hier finden Sie Informationen zu dem Thema „Verkehrsunfall“. Lesen Sie jetzt „Vierjähriger in Pohlheim von Auto erfasst – Lebensgefahr“.;Verkehrsunfall;News, Verkehrsunfall, Lebensgefahr, Verkehrsunfall, Auto;2026-09-07T13:49:16+02:00;2026-09-07T13:49:16+02:00;;dpa Hessen;false
81bf832c32e392cdedb4afd09ec1516b7507fa6dfbd95943afca3d2ef0562cef;Liquidieren und neu: Wie Ex-BSWler weiter mitregieren wollen;https://www.zeit.de/news/2026-09/07/liquidieren-und-neu-wie-ex-bswler-weiter-mitregieren-wollen;Hier finden Sie Informationen zu dem Thema „BSW-Zerfall in Thüringen“. Lesen Sie jetzt „Liquidieren und neu: Wie Ex-BSWler weiter mitregieren wollen“.;BSW-Zerfall in Thüringen;News, BSW-Zerfall in Thüringen, Mario Voigt, Wiebke Muhsal, Thüringen, Sachsen-Anhalt, Bündnis Sahra Wagenknecht, CDU, SPD, Landtagswahl, Landtagswahl in Sachsen, Wölfe;2026-09-07T13:46:15+02:00;2026-09-07T13:46:15+02:00;;dpa;false
a10fcf7ec6ba4f77c9109cad215468eb04bf1594e4164b1e0a90a29429ce2886;Deutschland verteidigt Waffenexporte nach Israel vor UN-Gericht;https://www.zeit.de/politik/2026-09/igh-nicaragua-deutschland-ruestungsexporte-israel-voelkermord-gxe;Nicaragua wirft Deutschland Beihilfe zum Genozid vor, weil es Waffen an Israel liefert. Die deutsche Vertreterin bezeichnet den Vorwurf vor dem IGH als haltlos.;Internationaler Gerichtshof;Politik, Internationaler Gerichtshof, Waffenexport, Israel, UN, Völkermord, Nicaragua, Rüstungsindustrie;2026-09-07T13:44:49+02:00;2026-09-07T13:44:49+02:00;svj;DIE ZEIT,        dpa,        							svj;false
c601bb5f2a58377bf2a5f692f0d206581cc3ca7c4f6e5a87228129f001144186;Nach AfD-Erfolg: Sorge um Zusammenhalt und soziale Teilhabe;https://www.zeit.de/news/2026-09/07/nach-afd-erfolg-sorge-um-zusammenhalt-und-soziale-teilhabe;Hier finden Sie Informationen zu dem Thema „Landtagswahl“. Lesen Sie jetzt „Nach AfD-Erfolg: Sorge um Zusammenhalt und soziale Teilhabe“.;Landtagswahl;News, Landtagswahl, Verena Bentele, Lutz Schütte-Krietsch, Sachsen-Anhalt, Alternative für Deutschland, VdK, Landtagswahl, Teilhabe, Sozialverband, Regierungsbeteiligung, Wahlsieg;2026-09-07T13:40:58+02:00;2026-09-07T13:40:58+02:00;;dpa Sachsen;false
78e1798b47befb7d4e581233b8ceaefc2ffc88349dddc12ffd690520b9cfb0e1;Grüne Inseln im blauen Meer;https://www.zeit.de/politik/deutschland/2026-09/wahllokale-sachsen-anhalt-landtagswahl-staedte-magdeburg-halle;Die AfD hat fast überall in Sachsen-Anhalt gewonnen. Auf dem flachen Land sowieso, aber auch in großen Städten, wie unsere Karten zeigen.;"Z+ (abopflichtiger Inhalt);
        
    Wahllokale in Sachsen-Anhalt";Politik, Wahllokale in Sachsen-Anhalt, Sachsen-Anhalt, Landtagswahl, Alternative für Deutschland, Magdeburg, Wittenberg, Stendal, Wahlkreis;2026-09-07T13:38:16+02:00;2026-09-07T13:38:16+02:00;Marina GuldimannMichael SchliebenJulius TrögerBenja Zehr;;false
725ed17e3d3c886a86ff717f78036fe68c9aa693bb1af983f1c9e98b499e8927;Bahn-Mitarbeiter bei Unfall verletzt - Autofahrer flüchtet;https://www.zeit.de/news/2026-09/07/bahn-mitarbeiter-bei-unfall-verletzt-autofahrer-fluechtet;Hier finden Sie Informationen zu dem Thema „Polizei ermittelt“. Lesen Sie jetzt „Bahn-Mitarbeiter bei Unfall verletzt - Autofahrer flüchtet“.;Polizei ermittelt;News, Polizei ermittelt, Polizei, Unfall, Auto;2026-09-07T13:37:55+02:00;2026-09-07T13:37:55+02:00;;dpa Nordrhein-Westfalen;false
8e4dbafac92f4667036166174e31dd17c2dc1307c3dc93a4827ffdfe00b37f9e;Die AfD gegen alle, alle gegen die AfD: So war der Gillamoos;https://www.zeit.de/news/2026-09/07/wahlanalyse-auf-dem-volksfest-soeder-co-auf-dem-gillamoos;Hier finden Sie Informationen zu dem Thema „Politischer Frühschoppen“. Lesen Sie jetzt „Die AfD gegen alle, alle gegen die AfD: So war der Gillamoos“.;Politischer Frühschoppen;News, Politischer Frühschoppen, Markus Söder, Abensberg, Bayern, Sachsen-Anhalt, CSU, Alternative für Deutschland, Gillamoos, Landtagswahl in Sachsen, Wahlanalyse, Volksfest;2026-09-07T13:36:57+02:00;2026-09-07T13:36:57+02:00;;dpa Bayern;false
f0205c40709452c35806fc51d910744aa56c3a8b63dc516c9d29b0ea5c18c474;Innenausschuss berät in Sondersitzung über Bedrohung durch Russland;https://www.zeit.de/politik/deutschland/2026-09/hybride-bedrohung-russland-bundestag-innenausschuss-drohne-leipzig-gxe;Für Donnerstag hat der Innenausschuss des Bundestags eine Sondersitzung einberufen. Dabei will die Bundesregierung über die hybride Bedrohung durch Russland berichten.;Hybride Bedrohung durch Russland;Politik, Hybride Bedrohung durch Russland, Russland, Innenministerium, Militär, Deutscher Bundestag, Bundesregierung, Drohne;2026-09-07T13:36:42+02:00;2026-09-07T13:36:42+02:00;iyf;DIE ZEIT,        dpa,        							iyf;false
837bef7aba67602be4f5b0da1bd981446a9aabf31deea2ad76beda4fb0b75955;Polizei fasst seit acht Jahren gesuchten Mann bei Kontrolle;https://www.zeit.de/news/2026-09/07/polizei-fasst-seit-acht-jahren-gesuchten-mann-bei-kontrolle;Hier finden Sie Informationen zu dem Thema „Vor zehn Jahren verurteilt“. Lesen Sie jetzt „Polizei fasst seit acht Jahren gesuchten Mann bei Kontrolle“.;Vor zehn Jahren verurteilt;News, Vor zehn Jahren verurteilt, Weil am Rhein, Lörrach, Rhein, Polizei, Bundespolizei;2026-09-07T13:35:38+02:00;2026-09-07T13:35:38+02:00;;dpa Baden-Württemberg;false
0ff5f6d5c431fe7b679585905d6a3d1b9ed71a08d59dfbfc102095644b3ed723;Live: Friedrich Merz und Sven Schulze äußern sich zur Wahlniederlage;https://www.zeit.de/video/2026-09/sachsen-anhalt-wahl-friedrich-merz-sven-schulze-pressekonferenz;Die CDU hat ihren Stimmenanteil in Sachsen-Anhalt halbiert, viele geben dem Kanzler eine Mitschuld. Sehen Sie die Pressekonferenz von Merz und Sven Schulze im Livestream.;Livestream:CDU nach der Landtagswahl;Video, CDU nach der Landtagswahl, Sachsen-Anhalt, Landtagswahl, Friedrich Merz, Sven Schulze, CDU, Alternative für Deutschland;2026-09-07T13:35:17+02:00;2026-09-07T13:35:17+02:00;;;false
5b3749c87974099558d87a4014e260ad1586ab10ce7030deeed946cd45d72335;«Hat sich '33 eingemischt» - Protschka kritisiert Kirche;https://www.zeit.de/news/2026-09/07/hat-sich-33-eingemischt-protschka-kritisiert-kirche;Hier finden Sie Informationen zu dem Thema „Politischer Frühschoppen“. Lesen Sie jetzt „«Hat sich '33 eingemischt» - Protschka kritisiert Kirche“.;Politischer Frühschoppen;News, Politischer Frühschoppen, Stephan Protschka, Kardinal Marx, Abensberg, Sachsen-Anhalt, Alternative für Deutschland, Gillamoos, Frühschoppen;2026-09-07T13:34:45+02:00;2026-09-07T13:34:45+02:00;;dpa Bayern;false
9d249d4a6f40573b2662de3fedceb8ebe140c0ec2cfc453d4a0e205146d2eed3;Rapserdfloh sorgt für Ernteverluste in Brandenburg;https://www.zeit.de/news/2026-09/07/rapserdfloh-sorgt-fuer-ernteverluste-in-brandenburg;Hier finden Sie Informationen zu dem Thema „Neue Wirkstoffe gefordert“. Lesen Sie jetzt „Rapserdfloh sorgt für Ernteverluste in Brandenburg“.;Neue Wirkstoffe gefordert;News, Neue Wirkstoffe gefordert, Brandenburg, Rapserdfloh, Ernteverlust, Wirkstoff, Rapsfeld;2026-09-07T13:33:57+02:00;2026-09-07T13:33:57+02:00;;dpa Berlin/Brandenburg;false
623d55e2c58224135b8a3cc96caf335380207806bbc23a509a120ae8e1c1d048;Berliner SPD-Fraktionschef fordert Kurswechsel;https://www.zeit.de/news/2026-09/07/berliner-spd-fraktionschef-fordert-kurswechsel;Hier finden Sie Informationen zu dem Thema „Nach Wahl in Sachsen-Anhalt“. Lesen Sie jetzt „Berliner SPD-Fraktionschef fordert Kurswechsel“.;Nach Wahl in Sachsen-Anhalt;News, Nach Wahl in Sachsen-Anhalt, Raed Saleh, Berlin, Sachsen-Anhalt, SPD, Alternative für Deutschland, Bundesregierung, CDU, Kurswechsel, Politikwechsel;2026-09-07T13:32:48+02:00;2026-09-07T13:32:48+02:00;;dpa Berlin/Brandenburg;false
fcfba460d2a494c31da2419cce43c181c6857664d40ac903d7e7973b1d6e1ca2;SPD-Abgeordneter beleidigt Journalistin;https://www.zeit.de/news/2026-09/07/spd-abgeordneter-beleidigt-journalistin;Hier finden Sie Informationen zu dem Thema „Im WhatsApp-Status“. Lesen Sie jetzt „SPD-Abgeordneter beleidigt Journalistin“.;Im WhatsApp-Status;News, Im WhatsApp-Status, Frank Henning, Sandra Dorn, Louisa Riepe, Osnabrück, SPD, Neue Osnabrücker Zeitung, WhatsApp, Kritik;2026-09-07T13:29:11+02:00;2026-09-07T13:29:11+02:00;;dpa Niedersachsen;false
83165f82190c390bf7d08bc43dee617b975697d99d6c2cb5cb2c07ff74ea92a5;Bauforscher: Klimaneutrale Gasheizungen «nicht machbar»;https://www.zeit.de/news/2026-09/07/bauforscher-klimaneutrale-gasheizungen-nicht-machbar;Hier finden Sie Informationen zu dem Thema „Vor Start der Nordbau“. Lesen Sie jetzt „Bauforscher: Klimaneutrale Gasheizungen «nicht machbar»“.;Vor Start der Nordbau;News, Vor Start der Nordbau, Dietmar Walberg, Magdalena Finke, Neumünster, Bundesregierung, Gasheizung, Nordbau, Bauforschungsinstitut, Gebäudemodernisierungsgesetz;2026-09-07T13:26:57+02:00;2026-09-07T13:26:57+02:00;;dpa Hamburg/Schleswig-Holstein;false
a6a52c5a4cc42ab177cf7c2726599024522c97421e4587d3fe75d5c32f89d1ba;Frankreich erlebt eine der schwächsten Weinlesen seit Jahren;https://www.zeit.de/wirtschaft/2026-09/weinernte-frankreich-duerre-hitze-champagne-gxe;Frankreich ist der zweitgrößte Weinproduzent der Welt. Doch extreme Hitze und anhaltende Dürre schmälern die ​französische Ernte. Die Champagne trifft es besonders hart.;Weinernte in Frankreich;Wirtschaft, Weinernte in Frankreich, Frankreich, Landwirtschaft, Alkohol, Dürre, Hitze, Weinlese;2026-09-07T13:25:45+02:00;2026-09-07T13:25:45+02:00;hell;DIE ZEIT,        Reuters,        							hell;false
1e7fd521f6b8d3fee2934c009f6658bea8e2c668062259b901ca596b27a8d6f5;Zitat: Söder zur Landesliebe und Wehrpflicht in Deutschland;https://www.zeit.de/news/2026-09/07/zitat-soeder-zur-landesliebe-und-wehrpflicht-in-deutschland;Hier finden Sie Informationen zu dem Thema „Militär und Gesellschaft“. Lesen Sie jetzt „Zitat: Söder zur Landesliebe und Wehrpflicht in Deutschland“.;Militär und Gesellschaft;News, Militär und Gesellschaft, Markus Söder, Zitat, Wehrpflicht, Militär, Freiheit;2026-09-07T13:25:21+02:00;2026-09-07T13:25:21+02:00;;dpa Bayern;false
c22676473c5a716c8ec360edf77d54182d6c2a622e17a8e76f0815d602319b93;Feuer in Umspannwerk in Mitte - vermutlich Kurzschluss;https://www.zeit.de/news/2026-09/07/umspannwerk-nach-feuer-in-berlin-beschaedigt;Hier finden Sie Informationen zu dem Thema „Stromversorgung“. Lesen Sie jetzt „Feuer in Umspannwerk in Mitte - vermutlich Kurzschluss“.;Stromversorgung;News, Stromversorgung, Berlin, Berlin-Mitte, Polizei, Umspannwerk, Brand;2026-09-07T13:25:14+02:00;2026-09-07T13:25:14+02:00;;dpa Berlin/Brandenburg;false
2c46ea16d63b2716fba2422a6c502bd0cd61adfc889e9e32c5e57bb15ded39d3;Frau stürzt mit Gleitschirm aus 15 Metern Höhe ab;https://www.zeit.de/news/2026-09/07/frau-stuerzt-mit-gleitschirm-aus-15-metern-hoehe-ab;Hier finden Sie Informationen zu dem Thema „Freizeitunfall am Berg“. Lesen Sie jetzt „Frau stürzt mit Gleitschirm aus 15 Metern Höhe ab“.;Freizeitunfall am Berg;News, Freizeitunfall am Berg, Gleitschirm, Freizeitunfall;2026-09-07T13:23:08+02:00;2026-09-07T13:23:08+02:00;;dpa Bayern;false
327b727e9ac3baa9554c8771e075846505b952f2b234cc09e9430ae3dc676ed6;Türkei bekämpft Waldbrand im südwestlichen Mugla;https://www.zeit.de/news/2026-09/07/tuerkei-bekaempft-waldbrand-im-suedwestlichen-mugla;Hier finden Sie Informationen zu dem Thema „Notfälle“. Lesen Sie jetzt „Türkei bekämpft Waldbrand im südwestlichen Mugla“.;Notfälle;News, Notfälle, Türkei, Mugla, Feuerwehr, Anadolu, Südwesten, Notfall, Waldbrand, Brand;2026-09-07T13:21:09+02:00;2026-09-07T13:21:09+02:00;;dpa;false
52e33959517d88b3239644b3262ecbbd1c059f55eda3fdddf1212ba1e6c24c44;Deutsche Bank erzielt Vergleich: Millionen-Klage vom Tisch;https://www.zeit.de/news/2026-09/07/deutsche-bank-erzielt-vergleich-millionen-klage-vom-tisch;Hier finden Sie Informationen zu dem Thema „Schadenersatzforderungen“. Lesen Sie jetzt „Deutsche Bank erzielt Vergleich: Millionen-Klage vom Tisch“.;Schadenersatzforderungen;News, Schadenersatzforderungen, Frankfurt, Italien, Deutsche Bank, Monte dei Paschi di Siena, Schadenersatzforderung, Vergleich, Investmentbanker, Rechtsstreit;2026-09-07T13:20:54+02:00;2026-09-07T13:20:54+02:00;;dpa;false
53860509ce5d4d7d6f52b452193e9c124638bc37d7c1963d59429d1dcec92183;AfD-Sieg als Weckruf – Parteien verlangen Kurskorrektur;https://www.zeit.de/news/2026-09/07/afd-sieg-als-weckruf-parteien-verlangen-kurskorrektur;Hier finden Sie Informationen zu dem Thema „Wahl in Sachsen-Anhalt“. Lesen Sie jetzt „AfD-Sieg als Weckruf – Parteien verlangen Kurskorrektur“.;Wahl in Sachsen-Anhalt;News, Wahl in Sachsen-Anhalt, Michael Kretschmer, Petra Köpping, Sachsen, Sachsen-Anhalt, Alternative für Deutschland, CDU, Leipziger Volkszeitung, Sächsische Zeitung, SPD, Bundesregierung;2026-09-07T13:20:05+02:00;2026-09-07T13:20:05+02:00;;dpa Sachsen;false
420830081d30c7430781f0c40af5d82a3b8b57c7e8e7a6dabf9a6d5b48746923;Aiwanger und die «komischen Gestalten» in Talkshows;https://www.zeit.de/news/2026-09/07/aiwanger-und-die-komischen-gestalten-in-talkshows;Hier finden Sie Informationen zu dem Thema „Politischer Frühschoppen“. Lesen Sie jetzt „Aiwanger und die «komischen Gestalten» in Talkshows“.;Politischer Frühschoppen;News, Politischer Frühschoppen, Hubert Aiwanger, Abensberg, Sachsen-Anhalt, Gillamoos, Talkshow, Frühschoppen, Bundespolitik, Wehrpflicht;2026-09-07T13:18:39+02:00;2026-09-07T13:18:39+02:00;;dpa Bayern;false
7da7d14f9102703792621330c7b79ecb2c431f4b9196af0884d0c52aa088b843;EU kritisiert Beerdigung von Kriegsverbrecher Ratko Mladić in Serbien;https://www.zeit.de/politik/ausland/2026-09/ratko-mladic-beerdigung-serbien-kriegsverbrecher-srebrenica-gxe;Serbien erweist dem Völkermörder Ratko Mladić die letzte Ehre mit einer Gedenkzeremonie. Die EU distanziert sich von dem Land, das sich um einen Beitritt bemüht.;Massaker von Srebrenica;Politik, Massaker von Srebrenica , Serbien, Europäische Union, Kriegsverbrechen, Völkermord, Brüssel, Beerdigung;2026-09-07T13:15:31+02:00;2026-09-07T13:15:31+02:00;edd;DIE ZEIT,        AFP,        AP,        							edd;false
5e0f984633e8cc9e5bb20bff84a40e5f1662083d96ea648b09fe395264aeedd2;Anklage nach Angriff mit Axt;https://www.zeit.de/news/2026-09/07/anklage-nach-angriff-mit-axt;Hier finden Sie Informationen zu dem Thema „Anklage wegen Totschlags“. Lesen Sie jetzt „Anklage nach Angriff mit Axt“.;Anklage wegen Totschlags;News, Anklage wegen Totschlags, Mosbach, Staatsanwaltschaft, Anklage, Totschlag, Angriff;2026-09-07T13:12:11+02:00;2026-09-07T13:12:11+02:00;;dpa Baden-Württemberg;false
aeb838123485579754b9e429e56f95c286a43c6373e5b88301c5046dec28dcc0;Söder nennt Ausgaben für Bürgergeld einen Skandal;https://www.zeit.de/news/2026-09/07/soeder-nennt-ausgaben-fuer-buergergeld-einen-skandal;Hier finden Sie Informationen zu dem Thema „Debatte um Sozialleistungen“. Lesen Sie jetzt „Söder nennt Ausgaben für Bürgergeld einen Skandal“.;Debatte um Sozialleistungen;News, Debatte um Sozialleistungen, Markus Söder, CSU, Bürgergeld, Sozialleistung, Skandal;2026-09-07T13:11:39+02:00;2026-09-07T13:11:39+02:00;;dpa Bayern;false
c01ec84d55f24416983cee2d07bc6f5ec876910cf767afa7dd3acbdefb12ce18;Nach dem Wahl-Debakel: Was wird aus Merz?;https://www.zeit.de/news/2026-09/07/wie-gefaehrlich-wird-der-afd-kantersieg-fuer-merz;Hier finden Sie Informationen zu dem Thema „Sachsen-Anhalt“. Lesen Sie jetzt „Nach dem Wahl-Debakel: Was wird aus Merz?“.;Sachsen-Anhalt;News, Sachsen-Anhalt, Friedrich Merz, Thorsten Frei, Sven Schulze, Lars Klingbeil, Bärbel Bas, Tim Klüssendorf, Franziska Hoppermann, Berlin, Magdeburg, Sachsen-Anhalt;2026-09-07T13:11:16+02:00;2026-09-07T13:11:16+02:00;;dpa;false
d45c224d6810bff83111eb78b36aa1fd0eceb4c2dbaab26a31bc53ab1f5ec1f1;«So sehen Sieger aus!» AfD sorgt für Aufsehen bei CDU-Feier;https://www.zeit.de/news/2026-09/07/cdu-und-afd-treffen-nach-wahl-in-hotel-foyer-aufeinander;Hier finden Sie Informationen zu dem Thema „Landtagswahl Sachsen-Anhalt“. Lesen Sie jetzt „«So sehen Sieger aus!» AfD sorgt für Aufsehen bei CDU-Feier“.;Landtagswahl Sachsen-Anhalt;News, Landtagswahl Sachsen-Anhalt, Sachsen-Anhalt, CDU, Alternative für Deutschland, Landtagswahl, Wahlkampfparty;2026-09-07T13:00:01+02:00;2026-09-07T13:00:01+02:00;;dpa Sachsen;false
2f8262f3e49b842a0a1b13b6149437d2bb8a2e18dfe4472dae8a5a5a19f289eb;Feuer zerstört Wohnhaus – Nachbarn müssen Gebäude verlassen;https://www.zeit.de/news/2026-09/07/haus-in-bisingen-brennt-lichterloh-feuerwehr-im-einsatz;Hier finden Sie Informationen zu dem Thema „Brände“. Lesen Sie jetzt „Feuer zerstört Wohnhaus – Nachbarn müssen Gebäude verlassen“.;Brände;News, Brände, Bisingen, Feuerwehr, Ortsmitte, Brand;2026-09-07T12:58:52+02:00;2026-09-07T12:58:52+02:00;;dpa Baden-Württemberg;false
10929883a73181247d86a43efe46669c21f3450ea3fec831a015caae1a06af63;Hacker erbeuteten wohl keine hochsensiblen Daten in Berlin;https://www.zeit.de/digital/2026-09/hackerangriff-berlin-stadtverwaltung-daten-vs-nfd-florian-hauer-gxe;Beim Hackerangriff auf Berlins Verwaltung wurden keine Daten mit nationaler Sicherheitsrelevanz gestohlen. Die Prüfung der etwa 1,2 Millionen Dateien läuft aber noch.;Hackerangriff auf Berliner Verwaltung;Digital, Hackerangriff auf Berliner Verwaltung, Hackerangriff, Berliner Senat, Berlin, Digitalisierung, Technologie, Cyberkriminalität;2026-09-07T12:55:36+02:00;2026-09-07T12:55:36+02:00;hell;DIE ZEIT,        dpa,        							hell;false
1de1a96626dac7e060833c33e13ba78feb2305996a21f367b91fa55f2a70a7e9;Industrie-Verband: Fahrrad-Markt wächst wieder;https://www.zeit.de/news/2026-09/07/industrie-verband-fahrrad-markt-waechst-wieder;Hier finden Sie Informationen zu dem Thema „Halbjahreszahlen“. Lesen Sie jetzt „Industrie-Verband: Fahrrad-Markt wächst wieder“.;Halbjahreszahlen;News, Halbjahreszahlen, Halbjahreszahl, Fahrradmarkt, Herstellerverband, Jahreshälfte, Fahrrad, Coronavirus;2026-09-07T12:51:29+02:00;2026-09-07T12:51:29+02:00;;dpa;false
84d576450c94532bd5978686c667cdc9ad71f35a24ce9f4c8b7a425fc102b37e;ESC-Kommentator Schorn moderiert künftig im RTL-Radio;https://www.zeit.de/news/2026-09/07/esc-kommentator-schorn-moderiert-kuenftig-im-rtl-radio;Hier finden Sie Informationen zu dem Thema „Hörfunk“. Lesen Sie jetzt „ESC-Kommentator Schorn moderiert künftig im RTL-Radio“.;Hörfunk;News, Hörfunk, Thorsten Schorn, RTL, WDR, Hörfunk, Mittagsshow;2026-09-07T12:48:57+02:00;2026-09-07T12:48:57+02:00;;dpa Nordrhein-Westfalen;false
1114c0928694619f6033f99dd525b38d7edd7f001707606bb71827ff17aeb97a;Eurozone wächst im zweiten Quartal stärker als zunächst geschätzt;https://www.zeit.de/wirtschaft/2026-09/bruttoinlandsprodukt-euroraum-eurostat-wirtschaftswachstum-bip-irland-gxe;Dem EU-Statistikamt Eurostat zufolge wuchs das Bruttoinlandsprodukt der Euro-Länder zuletzt kräftiger. Grund ist ein besonders starkes Wachstum in Irland.;Bruttoinlandsprodukt im Euroraum;Wirtschaft, Bruttoinlandsprodukt im Euroraum, Bruttoinlandsprodukt, Europäische Union, Wirtschaftswachstum, Irland, Europa, Wirtschaftspolitik;2026-09-07T12:48:09+02:00;2026-09-07T12:48:09+02:00;iyf;DIE ZEIT,        AFP,        							iyf;false
00e24d9a308cd14e0dd03f1bbe95d4f986f3b8b33ea80d9f83c3ccede7bbf24a;Geteilte Zigaretten;https://www.zeit.de/2026/38/rauchen-soziale-ansteckung-mimikry-praevention;Wer sich mit Rauchern anfreundet, fängt eher selbst damit an. Doch warum eigentlich? Eine Studie hat entschlüsselt, wie sich Menschen durch Zigaretten näherkommen.;"Z+ (abopflichtiger Inhalt);
        
    Rauchen";Gesundheit, Rauchen, Zigarette, Drogen, Psychologie, Sucht, Freundschaft;2026-09-07T12:42:30+02:00;2026-09-07T12:42:30+02:00;Anaïs Kaluza;Aus der        ZEIT Nr. 38/2026;false
f99e915eb0c86d21c81551ab9a8e1e422601c001da96367dc15acf8d68530b99;Sicherheitsdienst soll Fahrgast in Zug angegriffen haben;https://www.zeit.de/news/2026-09/07/sicherheitsdienst-soll-fahrgast-in-zug-angegriffen-haben;Hier finden Sie Informationen zu dem Thema „Eine Treppe hinuntergestoßen“. Lesen Sie jetzt „Sicherheitsdienst soll Fahrgast in Zug angegriffen haben“.;Eine Treppe hinuntergestoßen;News, Eine Treppe hinuntergestoßen, Zug, Bundespolizei;2026-09-07T12:42:07+02:00;2026-09-07T12:42:07+02:00;;dpa Hamburg/Schleswig-Holstein;false
59bf7b9cccbede4f60d4668b058ac48684f793532a0eefea3ebd0c882e708dc0;Weitere Sprengsätze an Stromleitungen - Täter auf der Flucht;https://www.zeit.de/news/2026-09/07/suche-nach-48-jaehrigem-wegen-strom-sabotage-laeuft-weiter;Hier finden Sie Informationen zu dem Thema „Attacken auf Stromversorgung“. Lesen Sie jetzt „Weitere Sprengsätze an Stromleitungen - Täter auf der Flucht“.;Attacken auf Stromversorgung;News, Attacken auf Stromversorgung, Hambach, Hambacher Forst, Köln, Polizei, Attacke, Stromversorgung, Stromnetz, Großeinsatz;2026-09-07T12:40:49+02:00;2026-09-07T12:40:49+02:00;;dpa Berlin/Brandenburg;false
0df2dce2a5bd6235344ef7db9659650d9326bc6e4c34b5f476ee207dd58ee1d8;Temperaturen steigen auf über 30 Grad;https://www.zeit.de/news/2026-09/07/temperaturen-steigen-auf-ueber-30-grad;Hier finden Sie Informationen zu dem Thema „Wetter in NRW“. Lesen Sie jetzt „Temperaturen steigen auf über 30 Grad“.;Wetter in NRW;News, Wetter in NRW, NRW, Nordrhein-Westfalen, Temperatur, Wetter, Sommer;2026-09-07T12:39:28+02:00;2026-09-07T12:39:28+02:00;;dpa Nordrhein-Westfalen;false
1ac18b32f17f78f1357f9e11b6bebc6085876dbfb7d14f15574f32bb83672517;BSW in MV nach Sachsen-Anhalt-Wahl ermutigt;https://www.zeit.de/news/2026-09/07/bsw-in-mv-nach-sachsen-anhalt-wahl-ermutigt;Hier finden Sie Informationen zu dem Thema „Landtagswahl“. Lesen Sie jetzt „BSW in MV nach Sachsen-Anhalt-Wahl ermutigt“.;Landtagswahl;News, Landtagswahl, Peter Schabbel, Sachsen-Anhalt, Mecklenburg-Vorpommern, Bündnis Sahra Wagenknecht, Landtagswahl, Landtag;2026-09-07T12:38:14+02:00;2026-09-07T12:38:14+02:00;;dpa Mecklenburg-Vorpommern;false
f448f4f72f4621a5a0aefa73fd708b2e0554b4de0da73912cdd739c94e440211;83 Abgeordnete - wer auf welchem Weg in den Landtag kommt;https://www.zeit.de/news/2026-09/07/83-abgeordnete-wer-auf-welchem-weg-in-den-landtag-kommt;Hier finden Sie Informationen zu dem Thema „Landtagswahl Sachsen-Anhalt“. Lesen Sie jetzt „83 Abgeordnete - wer auf welchem Weg in den Landtag kommt“.;Landtagswahl Sachsen-Anhalt;News, Landtagswahl Sachsen-Anhalt, Sven Schulze, Sachsen-Anhalt, Alternative für Deutschland, CDU, Landtagswahl, Landtag, Wahlkreis;2026-09-07T12:33:38+02:00;2026-09-07T12:33:38+02:00;;dpa Sachsen;false
561dbd0507a412d12c6888c27d9f791e7510d6cb712b297252f988fddda68605;Kardinal Marx: Mehrheit soll für Demokratie eintreten;https://www.zeit.de/news/2026-09/07/kardinal-marx-mehrheit-soll-fuer-demokratie-eintreten;Hier finden Sie Informationen zu dem Thema „Landtagswahl“. Lesen Sie jetzt „Kardinal Marx: Mehrheit soll für Demokratie eintreten“.;Landtagswahl;News, Landtagswahl, Kardinal Marx, München-Freising, Sachsen-Anhalt, Alternative für Deutschland, Landtagswahl;2026-09-07T12:31:17+02:00;2026-09-07T12:31:17+02:00;;dpa Bayern;false
b1bf53f804a512a56a81ff2a1d81086e56d34194fcb99b64dd08690471b67ade;Senat zu Hackern: Keine Hochsicherheits-Daten betroffen;https://www.zeit.de/news/2026-09/07/senat-zu-hackern-keine-hochsicherheits-daten-betroffen;Hier finden Sie Informationen zu dem Thema „Cyberkriminalität“. Lesen Sie jetzt „Senat zu Hackern: Keine Hochsicherheits-Daten betroffen“.;Cyberkriminalität;News, Cyberkriminalität, Florian Hauer, Berlin, Cyberkriminalität, Senat, Senatsangabe, Hackerangriff, Sicherheit;2026-09-07T12:29:23+02:00;2026-09-07T12:29:23+02:00;;dpa Berlin/Brandenburg;false
e4ad8c9a92a314f4f081310ef251719b3cc315d98f563feb90e7830ebf32b9f8;HSV-Debakel gegen Mainz: Polzin ist gefordert;https://www.zeit.de/news/2026-09/07/hsv-debakel-gegen-mainz-polzin-ist-gefordert;Hier finden Sie Informationen zu dem Thema „Fußball-Bundesliga“. Lesen Sie jetzt „HSV-Debakel gegen Mainz: Polzin ist gefordert“.;Fußball-Bundesliga;News, Fußball-Bundesliga, Merlin Polzin, Fabio Vieira, David Möller, Nicolai Remberg, Mainz, Hamburger SV, 1. FSV Mainz, 1. FSV Mainz 05, Fußball-Bundesliga, Bundesliga;2026-09-07T12:29:05+02:00;2026-09-07T12:29:05+02:00;;dpa Hamburg/Schleswig-Holstein;false
66badb565532d911cd6228c41f333e04f7ed82d00a4a6f9a8ee73012f08e06d5;Sechs Richtige: Millionengewinn im Südwesten;https://www.zeit.de/news/2026-09/07/sechs-richtige-millionengewinn-im-suedwesten;Hier finden Sie Informationen zu dem Thema „Lotto“. Lesen Sie jetzt „Sechs Richtige: Millionengewinn im Südwesten“.;Lotto;News, Lotto, Lotto Baden-Württemberg, Südwesten, Millionengewinn;2026-09-07T12:28:18+02:00;2026-09-07T12:28:18+02:00;;dpa Baden-Württemberg;false
3f2fbcde9912328167e51e35ba799d41a6c40a813c77e078014d5c8b6a51dcd5;Niedersachsen hat zwei neue Lotto-Millionäre;https://www.zeit.de/news/2026-09/07/niedersachsen-hat-zwei-neue-lotto-millionaere;Hier finden Sie Informationen zu dem Thema „Glücksspiele“. Lesen Sie jetzt „Niedersachsen hat zwei neue Lotto-Millionäre“.;Glücksspiele;News, Glücksspiele, Niedersachsen, Glücksspiel, Samstagsziehung;2026-09-07T12:27:46+02:00;2026-09-07T12:27:46+02:00;;dpa Niedersachsen;false
546588ab4d17f3db16c3bf8dd6e77c81bc37139ddc214d9180702c84d6ddf9c4;Spielplan für die Eishockey-Heim-WM veröffentlicht;https://www.zeit.de/news/2026-09/07/spielplan-fuer-die-eishockey-heim-wm-veroeffentlicht;Hier finden Sie Informationen zu dem Thema „Eishockey-WM 2027“. Lesen Sie jetzt „Spielplan für die Eishockey-Heim-WM veröffentlicht“.;Eishockey-WM 2027;News, Eishockey-WM 2027, Claus Gröbner, Schweiz, USA, Düsseldorf, Schalke, Eishockey-WM, Eishockey-Weltmeisterschaft, Spielplan, Eröffnungsspektakel;2026-09-07T12:27:16+02:00;2026-09-07T12:27:16+02:00;;dpa Nordrhein-Westfalen;false
1ef5af6af32dddebeddfaf9feb1d5c0b6166e9d4ef99e0c9ae21796e2c899c69;Brandenburg versucht sich im Safran-Anbau;https://www.zeit.de/news/2026-09/07/brandenburg-versucht-sich-im-safran-anbau;Hier finden Sie Informationen zu dem Thema „Landwirtschaft“. Lesen Sie jetzt „Brandenburg versucht sich im Safran-Anbau“.;Landwirtschaft;News, Landwirtschaft, Hanka Mittelstädt, Brandenburg, Lausitz, SPD, Klimawandel, Anbau;2026-09-07T12:26:08+02:00;2026-09-07T12:26:08+02:00;;dpa Berlin/Brandenburg;false
1c8c79fe0359630fc3d4a3152e06fe015891f6be8c31e475280de6cba5d5ed4d;Daten-Leak in Berlin – Wegner war beim Basketballspiel;https://www.zeit.de/news/2026-09/07/daten-leak-in-berlin-wegner-war-beim-basketballspiel;Hier finden Sie Informationen zu dem Thema „IT-Sicherheit“. Lesen Sie jetzt „Daten-Leak in Berlin – Wegner war beim Basketballspiel“.;IT-Sicherheit;News, IT-Sicherheit, Kai Wegner, Friedrich Merz, Iris Spranger, Berlin, CDU, Basketball-Weltmeisterschaft, Basketballspiel, Senatskanzlei, Sicherheit;2026-09-07T12:24:09+02:00;2026-09-07T12:24:09+02:00;;dpa Berlin/Brandenburg;false
1b7c6fc85baf1ab2e4a9fd69686bcd3cd0671599baea990bbb665bbe2aeef8b0;Fahrradfahrer findet gestürzten E-Scooter-Fahrer;https://www.zeit.de/news/2026-09/07/fahrradfahrer-findet-gestuerzten-e-scooter-fahrer;Hier finden Sie Informationen zu dem Thema „Unfall“. Lesen Sie jetzt „Fahrradfahrer findet gestürzten E-Scooter-Fahrer“.;Unfall;News, Unfall, Polizei, Unfall, Straßengraben, E-Scooter;2026-09-07T12:22:23+02:00;2026-09-07T12:22:23+02:00;;dpa Hessen;false
f7f21b618f898ef7e672d1e07e2d104ebb4d8da4365b05c3443368dcdab97ddd;Wegen Hitze und Baustellen fast die Hälfte der Fernzüge unpünktlich;https://www.zeit.de/mobilitaet/2026-09/puenktlichkeit-deutsche-bahn-fernverkehr-statistik-august-gxe;Nur rund die Hälfte aller Fernzüge erreichte im August pünktlich ihr Ziel. Als einen Hauptgrund für die vielen Verspätungen nennt die Deutsche Bahn die Hitze.;Unpünktliche Fernzüge;Mobilitaet, Unpünktliche Fernzüge, Deutsche Bahn, Fernverkehr, Sanierung, Hitze, Verkehr;2026-09-07T12:21:55+02:00;2026-09-07T12:21:55+02:00;hell;DIE ZEIT,        dpa,        							hell;false
61c5728f28dcee0f0d36811792d35814f5d5623d0b10786ad7e8a59a0f23be09;Tote in Russland und auf annektierter Krim;https://www.zeit.de/news/2026-09/07/tote-in-russland-und-auf-annektierter-krim;Hier finden Sie Informationen zu dem Thema „Ukraine-Krieg“. Lesen Sie jetzt „Tote in Russland und auf annektierter Krim“.;Ukraine-Krieg;News, Ukraine-Krieg, Dmitri Machonin, Russland, Krim, Moskau, Gegenangriff, Krieg in der Ukraine, Drohne;2026-09-07T12:21:15+02:00;2026-09-07T12:21:15+02:00;;dpa;false
d475b22755833db898bdc4bca814faf45e8320aa65b08008b5da21263360d51e;Heil: SPD-Ergebnis in Sachsen-Anhalt ist «zu wenig»;https://www.zeit.de/news/2026-09/07/heil-spd-ergebnis-in-sachsen-anhalt-ist-zu-wenig;Hier finden Sie Informationen zu dem Thema „Politischer Frühschoppen“. Lesen Sie jetzt „Heil: SPD-Ergebnis in Sachsen-Anhalt ist «zu wenig»“.;Politischer Frühschoppen;News, Politischer Frühschoppen, Hubertus Heil, Abensberg, Sachsen-Anhalt, SPD, Landtagswahl in Sachsen, Gillamoos, Landtagswahl, Frühschoppen, Rente;2026-09-07T12:19:01+02:00;2026-09-07T12:19:01+02:00;;dpa Bayern;false
8130740ac9a037da1afe9bd770bef5360e19af22950b0fff23723c1e57e9834b;Heimatunion in Sachsen fordert Ende der Koalition mit SPD;https://www.zeit.de/news/2026-09/07/heimatunion-in-sachsen-fordert-ende-der-koalition-mit-spd;Hier finden Sie Informationen zu dem Thema „Landtagswahl“. Lesen Sie jetzt „Heimatunion in Sachsen fordert Ende der Koalition mit SPD“.;Landtagswahl;News, Landtagswahl, Michael Kretschmer, Sachsen, Sachsen-Anhalt, SPD, CDU, Alternative für Deutschland, Landtagswahl, Landtagswahl in Sachsen, Heimatunion, Koalition;2026-09-07T12:18:12+02:00;2026-09-07T12:18:12+02:00;;dpa Sachsen;false
4c2ca3f3ccee79358832d7d1d690de19324c8529f79fdd5c9072b87433241564;Markus Söder sieht Regierungsbildungsauftrag bei der AfD;https://www.zeit.de/politik/deutschland/2026-09/gillamoos-volksfest-abensberg-markus-soeder-hubert-aiwanger-gxe;Bayerns Ministerpräsident spricht nach der Wahl in Sachsen-Anhalt von einer »Zeitenwende«. Alexander Dobrindt sieht ein politisches Beben und will einen Politikwechsel.;Volksfest Gillamoos;Politik, Volksfest Gillamoos, Gillamoos, Volksfest, Markus Söder, Bayern, Sachsen-Anhalt, CDU;2026-09-07T12:16:34+02:00;2026-09-07T12:16:34+02:00;edd;DIE ZEIT,        AFP,        dpa,        							edd;false
b5ab8dd37585ebf62b9e2894e9cfc316da5e121289b2fa44572bb71d6b944a63;Schleswig-Holsteins Exporte steigen im ersten Halbjahr stark;https://www.zeit.de/news/2026-09/07/schleswig-holsteins-exporte-steigen-im-ersten-halbjahr-stark;Hier finden Sie Informationen zu dem Thema „Konjunktur“. Lesen Sie jetzt „Schleswig-Holsteins Exporte steigen im ersten Halbjahr stark“.;Konjunktur;News, Konjunktur, Schleswig-Holstein, USA, Dänemark, Statistisches Amt für Hamburg und Schleswig-Holstein, Export;2026-09-07T12:15:18+02:00;2026-09-07T12:15:18+02:00;;dpa Hamburg/Schleswig-Holstein;false
dffecd7ee584b39cef8a7a0c4190ef4652d4e56d865a9c55bf3f940f1d75ccf7;Lastwagen durchbricht Betonwand auf Autobahn;https://www.zeit.de/news/2026-09/07/lastwagen-durchbricht-betonwand-auf-autobahn;Hier finden Sie Informationen zu dem Thema „Fahrer im Krankenhaus“. Lesen Sie jetzt „Lastwagen durchbricht Betonwand auf Autobahn“.;Fahrer im Krankenhaus;News, Fahrer im Krankenhaus, Darmstadt, Polizei, Betonwand, Autobahn, Stau;2026-09-07T12:15:05+02:00;2026-09-07T12:15:05+02:00;;dpa Hessen;false
b1c8d5e6a1a8b9841595d4fb1806fbbf207369b1a9be5869fe3881fdbdc802f0;«Wind der Freiheit» oder «Schock»: Globales Echo auf Wahl;https://www.zeit.de/news/2026-09/07/internationale-pressestimmen-zur-wahl-in-sachsen-anhalt;Hier finden Sie Informationen zu dem Thema „Sachsen-Anhalt“. Lesen Sie jetzt „«Wind der Freiheit» oder «Schock»: Globales Echo auf Wahl“.;Sachsen-Anhalt;News, Sachsen-Anhalt, Friedrich Merz, Italien, Schweiz, Berlin, Sachsen-Anhalt, Alternative für Deutschland, Corriere della Sera, La Repubblica, La Stampa, Bundesregierung;2026-09-07T12:14:33+02:00;2026-09-07T12:14:33+02:00;;dpa;false
5330fd073412f790309f216d1ad45c292c2fd25787ce8dc3d85fb7795fbfccba;20 Verletzte nach Unfall auf A3;https://www.zeit.de/news/2026-09/07/20-verletzte-nach-unfall-auf-a3;Hier finden Sie Informationen zu dem Thema „Eine Person schwer verletzt“. Lesen Sie jetzt „20 Verletzte nach Unfall auf A3“.;Eine Person schwer verletzt;News, Eine Person schwer verletzt, Oberpfalz, Unfall, Auffahrunfall, Auto;2026-09-07T12:13:51+02:00;2026-09-07T12:13:51+02:00;;dpa Bayern;false
34d87712dff33ae2f406d988344756b635f64d05280a15319936672ff9057a47;Siegmund sieht Regierungsauftrag bei AfD – Suche nach Mehrheit läuft;https://www.zeit.de/politik/deutschland/2026-09/ulrich-siegmund-afd-ministerpraesident-sachsen-anhalt-gxe;Der Auftrag an die AfD zur Regierungsbildung in Sachsen-Anhalt könne »deutlicher kaum sein«, sagt Ulrich Siegmund. Nötig sei jedoch eine stabile Mehrheit im Landtag.;Sachsen-Anhalt;Politik, Sachsen-Anhalt, Ulrich Siegmund, Alternative für Deutschland, Sachsen-Anhalt, Landtagswahl, Alice Weidel, Tino Chrupalla;2026-09-07T12:12:03+02:00;2026-09-07T12:12:03+02:00;mga;DIE ZEIT,        							mga;false
2d1f6b0caddb177a91941f05d48f73eb3535e6e7d0ffdff4c7186d6adeb47e71;Flüchtlingsrat: Wahlergebnis löst Angst aus;https://www.zeit.de/news/2026-09/07/fluechtlingsrat-wahlergebnis-loest-angst-aus;Hier finden Sie Informationen zu dem Thema „Landtagswahl“. Lesen Sie jetzt „Flüchtlingsrat: Wahlergebnis löst Angst aus“.;Landtagswahl;News, Landtagswahl, Pascal Begrich, Christoph Maier, Sachsen-Anhalt, Alternative für Deutschland, Landtagswahl, Landtagswahl in Sachsen, Wahlergebnis, Erfolg, Geflüchtete;2026-09-07T12:11:21+02:00;2026-09-07T12:11:21+02:00;;dpa Sachsen;false
1bcd080c4c628eb5ea16c21cdbc784a0cb4486394322dadf0a0e276d9cae9b9d;Kalb aus Box gestohlen – Polizei ermittelt;https://www.zeit.de/news/2026-09/07/kalb-aus-box-gestohlen-polizei-ermittelt;Hier finden Sie Informationen zu dem Thema „Tierdiebstahl“. Lesen Sie jetzt „Kalb aus Box gestohlen – Polizei ermittelt“.;Tierdiebstahl;News, Tierdiebstahl, Warthausen, Biberach, Polizei, Tierdiebstahl;2026-09-07T12:07:33+02:00;2026-09-07T12:07:33+02:00;;dpa Baden-Württemberg;false
3687b1c5d87a812f00420494fcd4e7f77faa3d7523a7607afa4c56a7d15f91af;Volltrunken: Ladendieb schießt mutmaßlich Raketen auf Kunden;https://www.zeit.de/news/2026-09/07/volltrunken-ladendieb-schiesst-mutmasslich-raketen-auf-kunden;Hier finden Sie Informationen zu dem Thema „Angriff mit Feuerwerksraketen“. Lesen Sie jetzt „Volltrunken: Ladendieb schießt mutmaßlich Raketen auf Kunden“.;Angriff mit Feuerwerksraketen;News, Angriff mit Feuerwerksraketen, Polizei, Feuerwerksrakete, Rakete, Angriff;2026-09-07T12:05:48+02:00;2026-09-07T12:05:48+02:00;;dpa Baden-Württemberg;false
d5227fb2f7ddef40abf1a31b37cb1a15187822ac07faee53133441698a119887;Fußballspiel endet in Auseinandersetzung mit drei Verletzten;https://www.zeit.de/news/2026-09/07/fussballspiel-endet-in-auseinandersetzung-mit-drei-verletzten;Hier finden Sie Informationen zu dem Thema „Zeugensuche“. Lesen Sie jetzt „Fußballspiel endet in Auseinandersetzung mit drei Verletzten“.;Zeugensuche;News, Zeugensuche, Dortmund, Polizei, Kreisliga, Fußballspiel, Zeugensuche, Auseinandersetzung, Metallstuhl;2026-09-07T12:04:07+02:00;2026-09-07T12:04:07+02:00;;dpa Nordrhein-Westfalen;false
daa660709873b5895ee87b0ac346c828912da45a40405caf1107cdd85be780e8;Jeder Fünfte in Thüringen hat einen Hochschulabschluss;https://www.zeit.de/news/2026-09/07/jeder-fuenfte-in-thueringen-hat-einen-hochschulabschluss;Hier finden Sie Informationen zu dem Thema „Zahlen aus dem Mikrozensus“. Lesen Sie jetzt „Jeder Fünfte in Thüringen hat einen Hochschulabschluss“.;Zahlen aus dem Mikrozensus;News, Zahlen aus dem Mikrozensus, Thüringen, Jena, Weimar, Erfurt, Hochschulabschluss, Mikrozensus;2026-09-07T12:00:43+02:00;2026-09-07T12:00:43+02:00;;dpa Thüringen;false
0dcd1e95cc29127363348cfcdcbd9397dddcf62782b9ab361544ff7577b051a8;Zerstrittene BSW-Fraktion in Thüringen berät über Regierungskrise;https://www.zeit.de/politik/deutschland/2026-09/katja-wolf-bsw-thueringen-partei-fraktion;Nach den Parteiaustritten von 13 Abgeordneten ist der Status der BSW-Fraktion im Thüringer Landtag unsicher. Die Mitglieder beraten darüber, wie es weitergehen soll.;Landtag in Thüringen;Politik, Landtag in Thüringen, Thüringen, Bündnis Sahra Wagenknecht, Sahra Wagenknecht, Erfurt, Mario Voigt;2026-09-07T11:57:50+02:00;2026-09-07T11:57:50+02:00;hell;DIE ZEIT,        dpa,        							hell;false
92fbabf09dd512ca90d0495631f3901ad9fb7de86268df1fa07db4404c9efc9e;Innensenator Grote: Sicherheitsbehörden vor AfD schützen;https://www.zeit.de/news/2026-09/07/innensenator-grote-sicherheitsbehoerden-vor-afd-schuetzen;Hier finden Sie Informationen zu dem Thema „Nach Wahl in Sachsen-Anhalt“. Lesen Sie jetzt „Innensenator Grote: Sicherheitsbehörden vor AfD schützen“.;Nach Wahl in Sachsen-Anhalt;News, Nach Wahl in Sachsen-Anhalt, Andy Grote, Hamburg, Sachsen-Anhalt, Alternative für Deutschland, SPD, Innenministerkonferenz, Sicherheitsbehörde, Wahlsieg;2026-09-07T11:56:14+02:00;2026-09-07T11:56:14+02:00;;dpa Hamburg/Schleswig-Holstein;false
373ed80cd9e08183e9e5228f837e398d9b69e247ea29c5c872752fead4c8e3f8;Thüringer BSW-Fraktion will Auflösung - Neugründung geplant;https://www.zeit.de/news/2026-09/07/thueringer-bsw-fraktion-will-aufloesung-neugruendung-geplant;Hier finden Sie Informationen zu dem Thema „Zerfall Thüringer BSW“. Lesen Sie jetzt „Thüringer BSW-Fraktion will Auflösung - Neugründung geplant“.;Zerfall Thüringer BSW;News, Zerfall Thüringer BSW, Mario Voigt, Thüringen, Bündnis Sahra Wagenknecht, Die Partei, CDU, Neugründung, Parteiaustritt, Wölfe;2026-09-07T11:54:05+02:00;2026-09-07T11:54:05+02:00;;dpa;false
3aced12066eca47351e43ed5a191196bbac31982d23615107d416d3000730e65;»Überall Ausländer!«, sagt mein Schulfreund bei Bier und Würstchen;https://www.zeit.de/politik/2026-09/zusammenhalt-deutschland-sachsen-anhalt-afd-gemeinschaft;Unser Autor hat eine deutsche Mutter und einen iranischen Vater. Nach Sachsen-Anhalt fragt er sich: Zerfällt gerade die Grundlage für ein gemeinsames Land?;"Z+ (abopflichtiger Inhalt);
        
    Zusammenhalt in Deutschland";Politik, Zusammenhalt in Deutschland, Ausländerfeindlichkeit, Sachsen-Anhalt, Alternative für Deutschland, Berlin, Bundesregierung, Landtagswahl;2026-09-07T11:53:25+02:00;2026-09-07T11:53:25+02:00;Sasan Abdi-Herrle;;false
81a9bb6f99ac5779249d1ad6a8076133d34d372c377b9a0f5209643fffb44478;Forstarbeiter stirbt nach Unfall mit Seilwinde;https://www.zeit.de/news/2026-09/07/forstarbeiter-stirbt-nach-unfall-mit-seilwinde;Hier finden Sie Informationen zu dem Thema „Unfall bei Waldarbeiten“. Lesen Sie jetzt „Forstarbeiter stirbt nach Unfall mit Seilwinde“.;Unfall bei Waldarbeiten;News, Unfall bei Waldarbeiten, Landkreis Cham, Seilwinde, Unfall, Waldarbeit, Forstarbeit;2026-09-07T11:53:22+02:00;2026-09-07T11:53:22+02:00;;dpa Bayern;false
04374d90642ee78f2cd3584eed47180763ea0dee2af10fd3052340fee16c468c;Joggerin getötet: Polizei hofft auf neue Hinweise;https://www.zeit.de/news/2026-09/07/joggerin-getoetet-polizei-hofft-auf-neue-hinweise;Hier finden Sie Informationen zu dem Thema „Fahndung“. Lesen Sie jetzt „Joggerin getötet: Polizei hofft auf neue Hinweise“.;Fahndung;News, Fahndung, Polizei, Aktenzeichen XY, Tötung, Wald;2026-09-07T11:49:28+02:00;2026-09-07T11:49:28+02:00;;dpa Hessen;false
d45e54561c1d4e047edc203f0a286c0fe45bfdcc67ebde34b174ca02f9082fa9;Verurteilter Holocaustleugner erneut vor Gericht;https://www.zeit.de/news/2026-09/07/prozess-gegen-holocaustleugner;Hier finden Sie Informationen zu dem Thema „Justiz“. Lesen Sie jetzt „Verurteilter Holocaustleugner erneut vor Gericht“.;Justiz;News, Justiz, World Trade Center;2026-09-07T11:47:50+02:00;2026-09-07T11:47:50+02:00;;dpa Bayern;false
2d8c43fa7cae937c2c1960e057523045d2dedbb9f385adf9c95641c29608f0d5;Thüringer BSW-Landtagsfraktion will sich auflösen;https://www.zeit.de/politik/deutschland/2026-09/thueringer-bsw-landtagsfraktion-will-sich-aufloesen-gxe;Die ehemaligen Abgeordneten des BSW in Thüringen wollen eine neue Fraktion gründen. Damit wollen sie die Landesregierung von Mario Voigt stabilisieren.;Thüringen;Politik, Thüringen, Bündnis Sahra Wagenknecht, Thüringen, Erfurt, Mario Voigt, Alternative für Deutschland;2026-09-07T11:47:01+02:00;2026-09-07T11:47:01+02:00;svjisd;DIE ZEIT,        dpa,        AFP,        							svj					,        							isd;false
75523b555517abe42c23996e2b90c8b4bd9c4568d57ae34bdc225290d3ec2adb;Wegen Hitze und Sanierung: Bahn bleibt im August unpünktlich;https://www.zeit.de/news/2026-09/07/wegen-hitze-und-sanierung-bahn-bleibt-im-august-unpuenktlich;Hier finden Sie Informationen zu dem Thema „Fernverkehr“. Lesen Sie jetzt „Wegen Hitze und Sanierung: Bahn bleibt im August unpünktlich“.;Fernverkehr;News, Fernverkehr, Deutsche Bahn, Fernverkehr, Sanierung, Fernzug, Hitze;2026-09-07T11:46:38+02:00;2026-09-07T11:46:38+02:00;;dpa;false
2b7e58be341499e42367d0fdf35fc4863c80d0e2cb74b3cca45a68d620b784b3;Umspannwerk in Berlin durch Feuer beschädigt;https://www.zeit.de/politik/deutschland/2026-09/feuer-umspannwerk-berlin-bissingzeile-kriminalpolizei-gxe;Die Feuerwehr hat einen Brand an einem Umspannwerk in Berlin gelöscht. Dem Betreiber zufolge deutet vieles auf einen technischen Defekt hin. ;Stromversorgung;Politik, Stromversorgung, Berlin, Feuerwehr, Brand, Ermittlung, Polizei;2026-09-07T11:46:17+02:00;2026-09-07T11:46:17+02:00;helliyf;DIE ZEIT,        AFP,        dpa,        							hell					,        							iyf;false
317ee07947dec8e89c092aab9066329dc1b4b64dee8116d0204c1947150075a0;Wahlplakate verzögern Start von Videoüberwachung in Berlin;https://www.zeit.de/news/2026-09/07/wahlplakate-verzoegern-start-von-videoueberwachung-in-berlin;Hier finden Sie Informationen zu dem Thema „Kriminalität“. Lesen Sie jetzt „Wahlplakate verzögern Start von Videoüberwachung in Berlin“.;Kriminalität;News, Kriminalität, Berlin, Berlin-Kreuzberg, Wahlplakat, Videoüberwachung, Überwachungskamera;2026-09-07T11:46:06+02:00;2026-09-07T11:46:06+02:00;;dpa Berlin/Brandenburg;false
8ba82a6f652bf0e34078fa35e185ede94e7aeb8c245db07fb90c12d717620b53;Söder sieht AfD am Zuge bei Regierungsbildung in Magdeburg;https://www.zeit.de/news/2026-09/07/soeder-sieht-afd-am-zuge-bei-regierungsbildung-in-magdeburg;Hier finden Sie Informationen zu dem Thema „Landtagswahl Sachsen-Anhalt“. Lesen Sie jetzt „Söder sieht AfD am Zuge bei Regierungsbildung in Magdeburg“.;Landtagswahl Sachsen-Anhalt;News, Landtagswahl Sachsen-Anhalt, Markus Söder, Magdeburg, Sachsen-Anhalt, Alternative für Deutschland, CSU, CDU, Landtagswahl, Regierungsauftrag, Regierungsbildung;2026-09-07T11:44:44+02:00;2026-09-07T11:44:44+02:00;;dpa Bayern;false
b87749fe820ae729a992eb3161f5d48b3aa189970c6f54df95bfc16e0f0aa26e;Taxi-Schüsse in Düsseldorf: Polizei sucht neuen Verdächtigen;https://www.zeit.de/news/2026-09/07/taxi-schuesse-in-duesseldorf-polizei-sucht-neuen-verdaechtigen;Hier finden Sie Informationen zu dem Thema „Kugelhagel im Dezember 2025“. Lesen Sie jetzt „Taxi-Schüsse in Düsseldorf: Polizei sucht neuen Verdächtigen“.;Kugelhagel im Dezember 2025;News, Kugelhagel im Dezember 2025, Düsseldorf, Polizei, Kugelhagel, Taxi;2026-09-07T11:43:48+02:00;2026-09-07T11:43:48+02:00;;dpa Nordrhein-Westfalen;false
9a61d1d00358e6593f8e68859fd447de4de4e0c9eec6d6435a08d30fc838e66c;Ermittler finden weitere Sprengsätze an Umspannwerk in Sachsen;https://www.zeit.de/politik/deutschland/2026-09/sabotage-umspannwerk-stromversorgung-sprengvorrichtungen-saachsen-goerlitz-graustein-gxe;An einem Umspannwerk bei Görlitz hat die Polizei neun weitere Sprengsätze entdeckt. Der Tatverdächtige der jüngsten Sabotageserie ist weiter auf der Flucht.;Sabotage an Stromversorgung;Politik, Sabotage an Stromversorgung, Ermittlung, Sachsen, Stromversorgung, Polizei, Dresden;2026-09-07T11:43:01+02:00;2026-09-07T11:43:01+02:00;svj;DIE ZEIT,        AFP,        							svj;false
771c4b18174a306ce8cec9870a392ed169575ed1e3d7dbaa62ee00037b06fb5d;Iran: Neue Anti-Schiffs-Rakete im Einsatz;https://www.zeit.de/news/2026-09/07/iran-neue-anti-schiffs-rakete-im-einsatz;Hier finden Sie Informationen zu dem Thema „Iran-Krieg“. Lesen Sie jetzt „Iran: Neue Anti-Schiffs-Rakete im Einsatz“.;Iran-Krieg;News, Iran-Krieg, Donald Trump, Mohsen Resai, Iran, USA, Persischer Golf, Straße von Hormus, Südkorea, US-Militär, United States Central Command, AA;2026-09-07T11:42:07+02:00;2026-09-07T11:42:07+02:00;;dpa;false
77826b12da5f8b35f0889a7223ad86e90af25439b511ac6b055dd788a98df156;«Bild»: Mross teilt nach Show-Absetzung gegen den SWR aus;https://www.zeit.de/news/2026-09/07/bild-mross-teilt-nach-show-absetzung-gegen-den-swr-aus;Hier finden Sie Informationen zu dem Thema „«Immer wieder sonntags»“. Lesen Sie jetzt „«Bild»: Mross teilt nach Show-Absetzung gegen den SWR aus“.;«Immer wieder sonntags»;News, «Immer wieder sonntags», Stefan Mross, Clemens Bratzler, SWR, Südwestrundfunk, ARD, Schlagersendung;2026-09-07T11:41:55+02:00;2026-09-07T11:41:55+02:00;;dpa Baden-Württemberg;false
853f55941a9e728e6bab750f96da0a666e7453149b830bfa8ef19dc386693d6e;Regierungsbeteiligung der CDU trotz schwacher Umfragewerte?;https://www.zeit.de/news/2026-09/07/regierungsbeteiligung-der-cdu-trotz-schwacher-umfragewerte;Hier finden Sie Informationen zu dem Thema „Landtagswahl in MV“. Lesen Sie jetzt „Regierungsbeteiligung der CDU trotz schwacher Umfragewerte?“.;Landtagswahl in MV;News, Landtagswahl in MV, Wolfgang Muno, Daniel Peters, Mecklenburg-Vorpommern, Universität Rostock, CDU, Alternative für Deutschland, Landtagswahl, Bürgerschaftswahl, Regierungsbeteiligung, Umfragewert;2026-09-07T11:40:00+02:00;2026-09-07T11:40:00+02:00;;dpa Mecklenburg-Vorpommern;false
48afde6f69df741998b009e3f0dee1925d457f486e99a95b6ec6befbdc0d6fea;Nord- und Ostsee waren im Sommer deutlich zu warm;https://www.zeit.de/wissenschaft/umwelt/2026-09/meeresoberflaechentemperatur-nordsee-ostsee-erwaermung-klimawandel-gxe;Die Oberflächentemperatur der Meere vor der deutschen Küste war in den Sommermonaten deutlich zu hoch. Experten warnen vor den ökologischen Folgen.  ;Hitze;Wissenschaft, Hitze, Ostsee, Nordsee, Hitzewelle, Hitze, Hamburg, Klimawandel;2026-09-07T11:39:27+02:00;2026-09-07T11:39:27+02:00;iyf;DIE ZEIT,        AFP,        							iyf;false
33358004ac604812b5fd0fcf26b2dcf7a26a99036560f130119efc0b826e2c95;Zwei Tote bei Flugzeugabsturz - Suche nach der Ursache;https://www.zeit.de/news/2026-09/07/flugzeugabsturz-verletzte-ausser-lebensgefahr;Hier finden Sie Informationen zu dem Thema „Kleinflugzeug“. Lesen Sie jetzt „Zwei Tote bei Flugzeugabsturz - Suche nach der Ursache“.;Kleinflugzeug;News, Kleinflugzeug, Viernheim, Darmstadt, Weinheim, Staatsanwaltschaft, Polizei, Lebensgefahr, Unglück, Flugzeugabsturz;2026-09-07T11:39:02+02:00;2026-09-07T11:39:02+02:00;;dpa Baden-Württemberg;false
17ca10d5171f741d30f3a36aff9c0667be6816d56cc707657f615baf79b8d3c0;Abschied von König Harald V.: So läuft die Beisetzung ab;https://www.zeit.de/news/2026-09/07/abschied-von-koenig-harald-v-so-laeuft-die-beisetzung-ab;Hier finden Sie Informationen zu dem Thema „Thronwechsel in Norwegen“. Lesen Sie jetzt „Abschied von König Harald V.: So läuft die Beisetzung ab“.;Thronwechsel in Norwegen;News, Thronwechsel in Norwegen, Harald V., Carl XVI., König Charles III., Prinz William, Norwegen, Schlossplatz, Oslo, Beisetzung, Thronwechsel, Großvater;2026-09-07T11:38:13+02:00;2026-09-07T11:38:13+02:00;;dpa;false
17cc728371e9d69ad08514a738a72b66f8a1b0d80cea7c2abd877a297ea52421;Bildungsstätte Anne Frank: «Alarmsignal fürs ganze Land»;https://www.zeit.de/news/2026-09/07/bildungsstaette-anne-frank-alarmsignal-fuers-ganze-land;Hier finden Sie Informationen zu dem Thema „Nach Wahl in Sachsen-Anhalt“. Lesen Sie jetzt „Bildungsstätte Anne Frank: «Alarmsignal fürs ganze Land»“.;Nach Wahl in Sachsen-Anhalt;News, Nach Wahl in Sachsen-Anhalt, Anne Frank, Deborah Schnabel, Sachsen-Anhalt, Alternative für Deutschland, Bildungsstätte, Alarmsignal, Rechtsextremisten;2026-09-07T11:36:43+02:00;2026-09-07T11:36:43+02:00;;dpa Hessen;false
a902ebdb7df0f0a9d759833d7ea8ca29dbffb160c5a7f59742dd57d98485d78f;Volkswagen will Werk in Osnabrück verkaufen;https://www.zeit.de/wirtschaft/2026-09/volkswagen-will-werk-in-osnabrueck-verkaufen-gxe;Rüstung statt Autos: Das VW-Werk Osnabrück steht vor einer neuen Zukunft. Der Autohersteller hat den Verkauf an einen Investor und das Land Niedersachsen angekündigt.;Krise bei VW;Wirtschaft, Krise bei VW, Osnabrück, Volkswagen, Niedersachsen, Autoindustrie, Israel;2026-09-07T11:36:31+02:00;2026-09-07T11:36:31+02:00;isdsvj;DIE ZEIT,        AFP,        dpa,        Reuters,        							isd					,        							svj;false
2d8c43fa7cae937c2c1960e057523045d2dedbb9f385adf9c95641c29608f0d5;Thüringer BSW-Landtagsfraktion will sich auflösen;https://www.zeit.de/news/2026-09/07/thueringer-bsw-landtagsfraktion-will-sich-aufloesen;Hier finden Sie Informationen zu dem Thema „Zerfall Thüringer BSW“. Lesen Sie jetzt „Thüringer BSW-Landtagsfraktion will sich auflösen“.;Zerfall Thüringer BSW;News, Zerfall Thüringer BSW, Bündnis Sahra Wagenknecht, Parteiaustritt, Zerfall;2026-09-07T11:36:21+02:00;2026-09-07T11:36:21+02:00;;dpa Thüringen;false
9860982cba41ea8c775de15fe41383a3d338a9e09007075f514d74fe2cd5699b;AfD-Chefin: Union wird nie mehr eine Bundestagswahl gewinnen;https://www.zeit.de/news/2026-09/07/afd-chefin-union-wird-nie-mehr-eine-bundestagswahl-gewinnen;Hier finden Sie Informationen zu dem Thema „Landtagswahl in Sachsen-Anhalt“. Lesen Sie jetzt „AfD-Chefin: Union wird nie mehr eine Bundestagswahl gewinnen“.;Landtagswahl in Sachsen-Anhalt;News, Landtagswahl in Sachsen-Anhalt, Alice Weidel, Friedrich Merz, Berlin, Sachsen-Anhalt, Alternative für Deutschland, CDU, CSU, Bundestagswahl, Regierungsmacht, Wahlsieg;2026-09-07T11:34:37+02:00;2026-09-07T11:34:37+02:00;;dpa Sachsen;false
9b74f1e8aad1fb34d6a48f972d511ce439014e08d3d6f0b590e0d3f99369991e;Unangenehmer Prozess: Eintracht-Sorgen nach Saison-Fehlstart;https://www.zeit.de/news/2026-09/07/unangenehmer-prozess-eintracht-sorgen-nach-saison-fehlstart;Hier finden Sie Informationen zu dem Thema „Bundesliga“. Lesen Sie jetzt „Unangenehmer Prozess: Eintracht-Sorgen nach Saison-Fehlstart“.;Bundesliga;News, Bundesliga, Mario Götze, Adi Hütter, Markus Krösche, Jonathan Burkardt, Augsburg, Eintracht Frankfurt, FC Augsburg, Bundesliga;2026-09-07T11:34:31+02:00;2026-09-07T11:34:31+02:00;;dpa Hessen;false
be5ae24f1393754f1584074c45ac6b517133a994ceb8d8c830c4bb362f037e19;Türkische Gemeinde warnt vor mehr Gewalt nach AfD-Wahlsieg;https://www.zeit.de/news/2026-09/07/tuerkische-gemeinde-warnt-vor-mehr-gewalt-nach-afd-wahlsieg;Hier finden Sie Informationen zu dem Thema „Wahl“. Lesen Sie jetzt „Türkische Gemeinde warnt vor mehr Gewalt nach AfD-Wahlsieg“.;Wahl;News, Wahl, Alternative für Deutschland, Türkische Gemeinde in Deutschland, Landtagswahl in Sachsen, Wahlerfolg, Queerness;2026-09-07T11:33:58+02:00;2026-09-07T11:33:58+02:00;;dpa Sachsen;false
2bf59defd1e76e4d572dab5968b8afe6901be8fbcd7681b87f5d4fbab2fbb0a0;Rektoren fordern Wissenschaftsfreiheit jenseits von Politik;https://www.zeit.de/news/2026-09/07/rektoren-fordern-wissenschaftsfreiheit-jenseits-von-politik;Hier finden Sie Informationen zu dem Thema „Nach AfD-Wahlsieg“. Lesen Sie jetzt „Rektoren fordern Wissenschaftsfreiheit jenseits von Politik“.;Nach AfD-Wahlsieg;News, Nach AfD-Wahlsieg, Walter Rosenthal, Folker Roland, Sachsen-Anhalt, Alternative für Deutschland, Landtagswahl in Sachsen, Landtagswahl, Wissenschaftsfreiheit, Unabhängigkeit, Hochschulautonomie, Kunstfreiheit;2026-09-07T11:30:24+02:00;2026-09-07T11:30:24+02:00;;dpa Sachsen;false
da32961eedc69fc9abe8ccd72f6877b7bbbdedbef4aede6fa4ef3808c692220d;Schon wieder Millionengewinn in Schleswig-Holstein;https://www.zeit.de/news/2026-09/07/schon-wieder-millionengewinn-in-schleswig-holstein;Hier finden Sie Informationen zu dem Thema „Glücksspiel“. Lesen Sie jetzt „Schon wieder Millionengewinn in Schleswig-Holstein“.;Glücksspiel;News, Glücksspiel, Schleswig-Holstein, Kreis Dithmarschen, Millionengewinn, Glücksspiel;2026-09-07T11:29:23+02:00;2026-09-07T11:29:23+02:00;;dpa Hamburg/Schleswig-Holstein;false
760122a24554f045f941f1e38f9f7158d8fc0bd6cbf85ac4bc13c347bb86213b;Kurzes Sommer-Comeback – dann drohen Gewitter und Abkühlung;https://www.zeit.de/news/2026-09/07/noch-einmal-hitze-wo-es-danach-deutlich-kuehler-wird;Hier finden Sie Informationen zu dem Thema „Wetter-Vorhersage“. Lesen Sie jetzt „Kurzes Sommer-Comeback – dann drohen Gewitter und Abkühlung“.;Wetter-Vorhersage;News, Wetter-Vorhersage, DWD, Hitze, Sommer, Wetter;2026-09-07T11:28:43+02:00;2026-09-07T11:28:43+02:00;;dpa Baden-Württemberg;false
03bc6ab1b807dab1c31e845ced33d57775eceee8d3b2364ed3806fc858b26ca8;27-Jähriger durch Schüsse auf Sonnenallee getötet;https://www.zeit.de/news/2026-09/07/ein-toter-nach-schuessen-auf-der-sonnenallee-in-berlin;Hier finden Sie Informationen zu dem Thema „Kriminalität“. Lesen Sie jetzt „27-Jähriger durch Schüsse auf Sonnenallee getötet“.;Kriminalität;News, Kriminalität, Berlin, Berlin-Neukölln, Sonnenallee;2026-09-07T11:26:26+02:00;2026-09-07T11:26:26+02:00;;dpa Berlin/Brandenburg;false
8e286ebb65af64e248b4ca086fe9357db0c6817c7136871ab1daabe6ed6b0d22;Transperson in Kreuzberg mit Waffe bedroht;https://www.zeit.de/news/2026-09/07/transperson-in-kreuzberg-mit-waffe-bedroht;Hier finden Sie Informationen zu dem Thema „Am Mehringplatz“. Lesen Sie jetzt „Transperson in Kreuzberg mit Waffe bedroht“.;Am Mehringplatz;News, Am Mehringplatz, Mann, Kreuzberg, Mehringplatz, Berlin-Kreuzberg, Polizei, Geschlechtsidentität;2026-09-07T11:24:52+02:00;2026-09-07T11:24:52+02:00;;dpa Berlin/Brandenburg;false
b721d7ffaef200fcd59afb7375162930d65069b1c765ffc53711abb917fe1b3a;Schulze: «Gemeinsam kämpfen» für Demokratie und Freiheit;https://www.zeit.de/news/2026-09/07/schulze-gemeinsam-kaempfen-fuer-demokratie-und-freiheit;Hier finden Sie Informationen zu dem Thema „Gillamoos-Volksfest“. Lesen Sie jetzt „Schulze: «Gemeinsam kämpfen» für Demokratie und Freiheit“.;Gillamoos-Volksfest;News, Gillamoos-Volksfest, Katharina Schulze, Abensberg, Sachsen-Anhalt, Landkreis Kelheim, Alternative für Deutschland, Gillamoos, Freiheit;2026-09-07T11:24:20+02:00;2026-09-07T11:24:20+02:00;;dpa Bayern;false
cc00b61a0ca571ae4aab597ffdf5c64d444053d531fae716b4064043d1a87d06;Siegmund kündigt Gespräche mit Abgeordneten an;https://www.zeit.de/news/2026-09/07/siegmund-kuendigt-gespraeche-mit-abgeordneten-an;Hier finden Sie Informationen zu dem Thema „Landtagswahl“. Lesen Sie jetzt „Siegmund kündigt Gespräche mit Abgeordneten an“.;Landtagswahl;News, Landtagswahl, Ulrich Siegmund, Berlin, Sachsen-Anhalt, Alternative für Deutschland, Bündnis Sahra Wagenknecht, Landtagswahl, Landtagswahl in Sachsen, Landtag, Wahlsieg, Sicherheit;2026-09-07T11:24:07+02:00;2026-09-07T11:24:07+02:00;;dpa Sachsen;false
b2954c3e608a6a3d94e5807098b259859bf06d05c30c1a1d6f5480ac7b10d9f9;21 Sprengsätze an Stromleitungen entdeckt und entschärft;https://www.zeit.de/news/2026-09/07/21-sprengsaetze-an-stromleitungen-entdeckt-und-entschaerft;Hier finden Sie Informationen zu dem Thema „Anschläge auf Stromleitungen“. Lesen Sie jetzt „21 Sprengsätze an Stromleitungen entdeckt und entschärft“.;Anschläge auf Stromleitungen;News, Anschläge auf Stromleitungen, Ostsachsen, Graustein, Sachsen, Dresden, Görlitz, Brandenburg, Landkreis Görlitz, Polizei, LKA, Stromleitung;2026-09-07T11:21:15+02:00;2026-09-07T11:21:15+02:00;;dpa Berlin/Brandenburg;false
dbd3cf7033e9a925da4da9bb8ae96b3da5c6dc71a923e5bcf87856bdbd6aba64;Ampeln in Berlin nach Brand in Umspannwerk ausgefallen;https://www.zeit.de/news/2026-09/07/ampeln-in-berlin-nach-brand-in-umspannwerk-ausgefallen;Hier finden Sie Informationen zu dem Thema „Verkehr in der Hauptstadt“. Lesen Sie jetzt „Ampeln in Berlin nach Brand in Umspannwerk ausgefallen“.;Verkehr in der Hauptstadt;News, Verkehr in der Hauptstadt, Berlin, Berlin-Mitte, Umspannwerk, Senatsverkehrsverwaltung, Verkehr;2026-09-07T11:20:35+02:00;2026-09-07T11:20:35+02:00;;dpa Berlin/Brandenburg;false
f4570e3330f2a5df1618629408319ba6e29d89d7b59120c9721890dac96bc2e9;Kirchen besorgt über Wahlergebnis in Sachsen-Anhalt;https://www.zeit.de/news/2026-09/07/kirchen-besorgt-ueber-wahlergebnis-in-sachsen-anhalt;Hier finden Sie Informationen zu dem Thema „Landtagswahl“. Lesen Sie jetzt „Kirchen besorgt über Wahlergebnis in Sachsen-Anhalt“.;Landtagswahl;News, Landtagswahl, Friedrich Kramer, Gerhard Feige, Sachsen-Anhalt, Katholische Kirche, Alternative für Deutschland, Landtagswahl, Landtagswahl in Sachsen, Wahlergebnis;2026-09-07T11:19:15+02:00;2026-09-07T11:19:15+02:00;;dpa Sachsen;false
312ca9a172ae8ff693056ab7c9f5e34c5691b72e51e8eb9002dcd16491d7dd05;97-Jähriger verwechselt Gas und Bremse und fährt Hang runter;https://www.zeit.de/news/2026-09/07/97-jaehriger-verwechselt-gas-und-bremse-und-faehrt-hang-runter;Hier finden Sie Informationen zu dem Thema „Unfall beim Parken“. Lesen Sie jetzt „97-Jähriger verwechselt Gas und Bremse und fährt Hang runter“.;Unfall beim Parken;News, Unfall beim Parken, Unfall, Auto;2026-09-07T11:18:19+02:00;2026-09-07T11:18:19+02:00;;dpa Bayern;false
f673bc30f4b2d1f6f3e9b178ebee32d39e367884aaf6c56fd9a686475d3024b8;Chrupalla: Werden allen Parteien Gesprächsangebote machen;https://www.zeit.de/news/2026-09/07/chrupalla-werden-allen-parteien-gespraechsangebote-machen;Hier finden Sie Informationen zu dem Thema „Landtagswahl in Sachsen-Anhalt“. Lesen Sie jetzt „Chrupalla: Werden allen Parteien Gesprächsangebote machen“.;Landtagswahl in Sachsen-Anhalt;News, Landtagswahl in Sachsen-Anhalt, Ulrich Siegmund, Tino Chrupalla, Sachsen-Anhalt, Alternative für Deutschland, ARD, CDU, Landtagswahl in Sachsen, Landtagswahl, Gesprächsangebot, Wahlsieg;2026-09-07T11:17:53+02:00;2026-09-07T11:17:53+02:00;;dpa Sachsen;false
79a801909236526280880bdc1822767f1d582c7b0e2e1159135739011b8e28d3;SPD-Arbeitnehmerflügel: Merz mit Kurs «krachend gescheitert»;https://www.zeit.de/news/2026-09/07/spd-arbeitnehmerfluegel-merz-mit-kurs-krachend-gescheitert;Hier finden Sie Informationen zu dem Thema „Landtagswahl Sachsen-Anhalt“. Lesen Sie jetzt „SPD-Arbeitnehmerflügel: Merz mit Kurs «krachend gescheitert»“.;Landtagswahl Sachsen-Anhalt;News, Landtagswahl Sachsen-Anhalt, Cansel Kiziltepe, Sachsen-Anhalt, SPD, Bundesregierung, Alternative für Deutschland, Landtagswahl, Arbeitnehmerflügel, Kurswechsel;2026-09-07T11:16:18+02:00;2026-09-07T11:16:18+02:00;;dpa Sachsen;false
6af65895ac012957f9ab4b4c3aeed06424b3731158b935ed79768aa0763c2492;Erneut weniger Flüchtlinge in Sachsen angekommen;https://www.zeit.de/news/2026-09/07/erneut-weniger-fluechtlinge-in-sachsen-angekommen;Hier finden Sie Informationen zu dem Thema „Migration“. Lesen Sie jetzt „Erneut weniger Flüchtlinge in Sachsen angekommen“.;Migration;News, Migration, Sachsen, Aufnahmeeinrichtung, Landesdirektion, Migration, Flüchtlinge;2026-09-07T11:15:23+02:00;2026-09-07T11:15:23+02:00;;dpa Sachsen;false
a902ebdb7df0f0a9d759833d7ea8ca29dbffb160c5a7f59742dd57d98485d78f;Volkswagen will Werk in Osnabrück verkaufen;https://www.zeit.de/news/2026-09/07/volkswagen-will-werk-in-osnabrueck-verkaufen;Hier finden Sie Informationen zu dem Thema „Auto“. Lesen Sie jetzt „Volkswagen will Werk in Osnabrück verkaufen“.;Auto;News, Auto, Osnabrück, Volkswagen, Autoindustrie;2026-09-07T11:15:12+02:00;2026-09-07T11:15:12+02:00;;dpa;false
a3e1412fa735698d8a176faebbb42b5248d340507586932a2a2af5595831a740;Kollision mit Moselbrücke: Das ist Stand der Ermittlungen;https://www.zeit.de/news/2026-09/07/kollision-mit-moselbruecke-das-ist-stand-der-ermittlungen;Hier finden Sie Informationen zu dem Thema „Unfall eines Fahrgastschiffs“. Lesen Sie jetzt „Kollision mit Moselbrücke: Das ist Stand der Ermittlungen“.;Unfall eines Fahrgastschiffs;News, Unfall eines Fahrgastschiffs, Mosel, Moselbrücke, Kollision, Fahrgastschiff, Unfall, Ermittlung;2026-09-07T11:14:20+02:00;2026-09-07T11:14:20+02:00;;dpa Rheinland-Pfalz/Saarland;false
14bc22b7d0f29aeb16a1c13f1daff78d1dd30c41914ed6480b1ee8a646443dc8;Dobrindt drängt nach AfD-Wahlsieg auf mehr Reformen im Bund;https://www.zeit.de/news/2026-09/07/dobrindt-draengt-nach-afd-wahlsieg-auf-mehr-reformen-im-bund;Hier finden Sie Informationen zu dem Thema „Nach der Wahl“. Lesen Sie jetzt „Dobrindt drängt nach AfD-Wahlsieg auf mehr Reformen im Bund“.;Nach der Wahl;News, Nach der Wahl, Alexander Dobrindt, Abensberg, Sachsen-Anhalt, Alternative für Deutschland, CSU, Landtagswahl in Sachsen, Gillamoos;2026-09-07T11:12:19+02:00;2026-09-07T11:12:19+02:00;;dpa Bayern;false
647286c8b197af637ee8dda4018fc73e10e587424fb719760ef4395fd2071ad8;Ebner-Steiner: «Wir haben das Land verändert»;https://www.zeit.de/news/2026-09/07/ebner-steiner-wir-haben-das-land-veraendert;Hier finden Sie Informationen zu dem Thema „Politischer Frühschoppen“. Lesen Sie jetzt „Ebner-Steiner: «Wir haben das Land verändert»“.;Politischer Frühschoppen;News, Politischer Frühschoppen, Katrin Ebner-Steiner, Ulrich Siegmund, Abensberg, Sachsen-Anhalt, Alternative für Deutschland, Gillamoos, Frühschoppen, Regierungsanspruch;2026-09-07T11:08:03+02:00;2026-09-07T11:08:03+02:00;;dpa Bayern;false
f094c74802145cc297c792e423a39e4b6745496ad1a75da92d5955c57af2d93c;Jetzt gegen das Establishment;https://www.zeit.de/politik/deutschland/2026-09/die-linke-sachsen-anhalt-landtagswahl-ergebnis;Die Linke wollte in Sachsen-Anhalt die AfD verhindern. Dafür war sie zu großen Kompromissen bereit. In der Partei fragt man sich nun: War das ein Fehler? ;Die Linke in Sachsen-Anhalt;Politik, Die Linke in Sachsen-Anhalt, Die Linke, Landtagswahl, Alternative für Deutschland, Sachsen-Anhalt, Magdeburg;2026-09-07T11:04:52+02:00;2026-09-07T11:04:52+02:00;Fritz Zimmermann;;false
683269f5167b73835ca718f3f1c9a7d1f8166f6c18dbcb89efdfb972641d5bc3;Antisemitische Songzeilen bei Linken-Event? Polizei prüft;https://www.zeit.de/news/2026-09/07/antisemitische-songzeilen-bei-linken-event-polizei-prueft;Hier finden Sie Informationen zu dem Thema „Parteien“. Lesen Sie jetzt „Antisemitische Songzeilen bei Linken-Event? Polizei prüft“.;Parteien;News, Parteien, Iris Spranger, Berlin-Neukölln, Neukölln, Gazastreifen, Palästinensergebiet, Polizei, SPD, Staatsanwaltschaft, Songzeile, Gewaltaufruf;2026-09-07T11:04:31+02:00;2026-09-07T11:04:31+02:00;;dpa Berlin/Brandenburg;false
d67f04abe23a7fa493aca15a156e75ca31dea3e393ca0dd94e711162e256a1fb;Mann bietet «Taxi» an - Fahrt endet mit Schlägen und Tritten;https://www.zeit.de/news/2026-09/07/mann-bietet-taxi-an-fahrt-endet-mit-schlaegen-und-tritten;Hier finden Sie Informationen zu dem Thema „Suche nach Zeugen“. Lesen Sie jetzt „Mann bietet «Taxi» an - Fahrt endet mit Schlägen und Tritten“.;Suche nach Zeugen;News, Suche nach Zeugen, Rosenheim, Polizei, Taxi, Auto;2026-09-07T11:02:32+02:00;2026-09-07T11:02:32+02:00;;dpa Bayern;false
933e236487548891a92e4bbccfac0409e4e04477457adabdf7b9d4847a87daaa;Frau findet zwei Meter lange Anakonda in Niederbayern;https://www.zeit.de/news/2026-09/07/frau-findet-zwei-meter-lange-anakonda-in-niederbayern;Hier finden Sie Informationen zu dem Thema „Tierfund“. Lesen Sie jetzt „Frau findet zwei Meter lange Anakonda in Niederbayern“.;Tierfund;News, Tierfund, Niederbayern, Kirchroth, Polizei, Anakonda, Tierfund;2026-09-07T11:02:15+02:00;2026-09-07T11:02:15+02:00;;dpa Bayern;false
5e86ae21640f7114c923fb63fdc276e9874c938132ac85b33e86e6002ecd3b56;Armut in der Ausbildung - DGB warnt und stellt Forderungen;https://www.zeit.de/news/2026-09/07/armut-in-der-ausbildung-dgb-warnt-und-stellt-forderungen;Hier finden Sie Informationen zu dem Thema „Gesellschaft“. Lesen Sie jetzt „Armut in der Ausbildung - DGB warnt und stellt Forderungen“.;Gesellschaft;News, Gesellschaft, Saarland, Rheinland-Pfalz, DGB, Armutsrisiko, Geld;2026-09-07T11:00:06+02:00;2026-09-07T11:00:06+02:00;;dpa Rheinland-Pfalz/Saarland;false
48afde6f69df741998b009e3f0dee1925d457f486e99a95b6ec6befbdc0d6fea;Nord- und Ostsee waren im Sommer deutlich zu warm;https://www.zeit.de/news/2026-09/07/nord-und-ostsee-waren-im-sommer-deutlich-zu-warm;Hier finden Sie Informationen zu dem Thema „Klimawandel“. Lesen Sie jetzt „Nord- und Ostsee waren im Sommer deutlich zu warm“.;Klimawandel;News, Klimawandel, Ostsee, Nordsee, Ärmelkanal, Helgoland, BSH, Oberflächentemperatur, Hydrographie, Sommer, Schifffahrt;2026-09-07T10:59:39+02:00;2026-09-07T10:59:39+02:00;;dpa;false
f964766e663d5fde168661243fa870da36f2096a2090ef90729597e476c5b2eb;Tausende Menschen bei Trauerfeierlichkeit für Kriegsverbrecher Mladić;https://www.zeit.de/politik/ausland/2026-09/beisetzung-ratko-mladic-kriegsverbrecher-serbien-bosnien-srebrenica-gxe;In Belgrad hat die Trauerzeremonie für Ratko Mladić begonnen. Er wird trotz der Verbrechen im Bosnienkrieg von weiten Teilen der serbischen Bevölkerung verehrt.;Beisetzung von Ratko Mladić;Politik, Beisetzung von Ratko Mladić, Kriegsverbrechen, Belgrad, Serbien, Europäische Union, Bosnien;2026-09-07T10:59:18+02:00;2026-09-07T10:59:18+02:00;svj;DIE ZEIT,        AFP,        dpa,        							svj;false
f53f4d1d6db064fea9392db3485390d2391bde1f7cdb0d22a8cd30b03430f9cf;Verdi fordert klare Haltung gegen AfD-Zusammenarbeit;https://www.zeit.de/news/2026-09/07/verdi-fordert-klare-haltung-gegen-afd-zusammenarbeit;Hier finden Sie Informationen zu dem Thema „Wahl“. Lesen Sie jetzt „Verdi fordert klare Haltung gegen AfD-Zusammenarbeit“.;Wahl;News, Wahl, Frank Werneke, Ver.di, Alternative für Deutschland, Bündnis Sahra Wagenknecht, Landtagswahl in Sachsen;2026-09-07T10:56:49+02:00;2026-09-07T10:56:49+02:00;;dpa Sachsen;false
976057369ac092d1c7fc1a51a68a6c5977e22196d866e83b6b10cade90d384e7;Schnieder fordert klare Entscheidungen aus Berlin;https://www.zeit.de/news/2026-09/07/schnieder-fordert-klare-entscheidungen-aus-berlin;Hier finden Sie Informationen zu dem Thema „Reaktionen zur Landtagswahl“. Lesen Sie jetzt „Schnieder fordert klare Entscheidungen aus Berlin“.;Reaktionen zur Landtagswahl;News, Reaktionen zur Landtagswahl, Alexander Schweitzer, Susanne Wingertszahn, Gordon Schnieder, Berlin, Mainz, Sachsen-Anhalt, Rheinland-Pfalz, CDU, Bundesregierung, SPD;2026-09-07T10:56:21+02:00;2026-09-07T10:56:21+02:00;;dpa Rheinland-Pfalz/Saarland;false
e6e0a4b821314cc531f7e5534a2fd5ec89dc076c3d1968474eb6f775287530c6;Soll Vertrauen stärken: TÜV plant KI-Zertifikat;https://www.zeit.de/news/2026-09/07/soll-vertrauen-staerken-tuev-plant-ki-zertifikat;Hier finden Sie Informationen zu dem Thema „Künstliche Intelligenz“. Lesen Sie jetzt „Soll Vertrauen stärken: TÜV plant KI-Zertifikat“.;Künstliche Intelligenz;News, Künstliche Intelligenz, Berlin, künstliche Intelligenz;2026-09-07T10:56:15+02:00;2026-09-07T10:56:15+02:00;;dpa;false
3347ff4cfd50a91b2aac764f3651430a9956656701d31533cfe8e6f0a190e5e5;Eisbären-Coach Dubois: «Müssen besser werden»;https://www.zeit.de/news/2026-09/07/eisbaeren-coach-dubois-muessen-besser-werden;Hier finden Sie Informationen zu dem Thema „Champions Hockey League“. Lesen Sie jetzt „Eisbären-Coach Dubois: «Müssen besser werden»“.;Champions Hockey League;News, Champions Hockey League, Éric Dubois, Schweiz, Davos, Eisbären Berlin, Genève-Servette HC, HC Davos, Pflichtspielwochenende;2026-09-07T10:51:13+02:00;2026-09-07T10:51:13+02:00;;dpa Berlin/Brandenburg;false
9856aa067435f9fa53140d1cc0e1843987feb5daa7265f36084001e2eda25e72;Radikale Siedler sollen palästinensischen Studenten erschossen haben;https://www.zeit.de/politik/ausland/2026-09/westjordanland-siedler-palaestinensischer-student-benjamin-netanjahu-gxe;Im Westjordanland eskaliert die Gewalt zwischen Siedlern und der palästinensischen Bevölkerung. Israels Premier Benjamin Netanjahu reagiert offenbar auf Druck der USA.;Westjordanland;Politik, Westjordanland, Benjamin Netanjahu, Westjordanland, USA, Palästinensergebiet, Israel;2026-09-07T10:49:00+02:00;2026-09-07T10:49:00+02:00;pipisd;DIE ZEIT,        AFP,        dpa,        Reuters,        							pip					,        							isd;false
65c90299a583f4ed5645102cd21510871d4dd6308438aeefd972dc1479f014dc;Führende SPD-Politiker fordern Korrekturen an schwarz-rotem Reformkurs;https://www.zeit.de/politik/deutschland/2026-09/afd-wahlsieg-sachsen-anhalt-alexander-schweitzer-spd-rentenreform-friedrich-merz;Nach dem Wahlsieg der AfD in Sachsen-Anhalt lenken mehrere SPD-Politiker den Fokus auf die Bundespolitik. Die geplanten Sozialreformen müssten überarbeitet werden.;AfD-Wahlsieg in Sachsen-Anhalt;Politik, AfD-Wahlsieg in Sachsen-Anhalt, SPD, Bundesregierung, Reform, Alexander Schweitzer, Friedrich Merz, Sachsen-Anhalt, Alternative für Deutschland;2026-09-07T10:46:59+02:00;2026-09-07T10:46:59+02:00;mgayil;DIE ZEIT,        AFP,        dpa,        Reuters,        							mga					,        							yil;false
567cc9d096cc84156e5f5eba7010c5ea5b0e02b59db675e0ea714688991694fd;Stiftung fürchtet nach Wahlergebnis um Gedenkstättenarbeit;https://www.zeit.de/news/2026-09/07/stiftung-fuerchtet-nach-wahlergebnis-um-gedenkstaettenarbeit;Hier finden Sie Informationen zu dem Thema „Landtagswahl Sachsen-Anhalt“. Lesen Sie jetzt „Stiftung fürchtet nach Wahlergebnis um Gedenkstättenarbeit“.;Landtagswahl Sachsen-Anhalt;News, Landtagswahl Sachsen-Anhalt, Jens-Christian Wagner, Buchenwald, Sachsen-Anhalt, Alternative für Deutschland, Landtagswahl, Gedenkstättenarbeit, Wahlergebnis, Stiftung, Gedenkstätte, Wahlerfolg;2026-09-07T10:44:14+02:00;2026-09-07T10:44:14+02:00;;dpa Thüringen;false
ced056dc1c9bb5b42b1b2d07ab81f89bc2c428b876cc8b63675e3d333a57fffd;NS-Propaganda-Material auf Flohmarkt entdeckt;https://www.zeit.de/news/2026-09/07/ns-propaganda-material-auf-flohmarkt-entdeckt;Hier finden Sie Informationen zu dem Thema „Polizei ermittelt“. Lesen Sie jetzt „NS-Propaganda-Material auf Flohmarkt entdeckt“.;Polizei ermittelt;News, Polizei ermittelt, Oldenburg, Polizei, Flohmarkt, Propagandabuch;2026-09-07T10:44:09+02:00;2026-09-07T10:44:09+02:00;;dpa Niedersachsen;false
0befb201919cb82655551c5d6dc634890fc07d445d6a85e02e88bdc7f8776508;Vulkanausbruch legt Flugverkehr in Indonesien lahm;https://www.zeit.de/news/2026-09/07/vulkanausbruch-in-indonesien-flughaefen-weiter-geschlossen;Hier finden Sie Informationen zu dem Thema „Eruption des Anak Krakatau“. Lesen Sie jetzt „Vulkanausbruch legt Flugverkehr in Indonesien lahm“.;Eruption des Anak Krakatau;News, Eruption des Anak Krakatau, Indonesien, Jakarta, Sumatra, Krakatau, Anak Krakatau, Vulkanausbruch, Flughafen, Vulkan, Vulkanasche, Ausbruch;2026-09-07T10:42:37+02:00;2026-09-07T10:42:37+02:00;;dpa;false
839f253ed13977093575b13af5d3bcb4c09e9ed847baded7f87537388a96b82d;«Wie ein KI-Agent»: Antonelli-Sieg als WM-Vorentscheidung?;https://www.zeit.de/news/2026-09/07/wie-ein-ki-agent-antonelli-sieg-als-wm-vorentscheidung;Hier finden Sie Informationen zu dem Thema „Formel 1“. Lesen Sie jetzt „«Wie ein KI-Agent»: Antonelli-Sieg als WM-Vorentscheidung?“.;Formel 1;News, Formel 1, Kimi Antonelli, Toto Wolff, Ayrton Senna, Nico Rosberg, John Watson, Lewis Hamilton, George Russell, Michael Schumacher, Monza, Italien;2026-09-07T10:42:20+02:00;2026-09-07T10:42:20+02:00;;dpa Sport;false
72e98a7f2d620574097eccd0af94441082caec85e89949d53ebb84e06bb50abe;Unfall mit gestohlenem Pick-up – Trike-Fahrer stirbt;https://www.zeit.de/news/2026-09/07/unfall-mit-gestohlenem-pick-up-trike-fahrer-stirbt;Hier finden Sie Informationen zu dem Thema „Unfall“. Lesen Sie jetzt „Unfall mit gestohlenem Pick-up – Trike-Fahrer stirbt“.;Unfall;News, Unfall, Landkreis Schaumburg, Polizei, Unfall, Verkehrsunfall;2026-09-07T10:41:11+02:00;2026-09-07T10:41:11+02:00;;dpa Baden-Württemberg;false
77fe989622843d20eb7fb6c6f527a5a00d841a448fb6fd5ac327030058b8a825;FC Augsburg erstmals Spitzenreiter: Baum macht Screenshot;https://www.zeit.de/news/2026-09/07/fc-augsburg-erstmals-spitzenreiter-baum-macht-screenshot;Hier finden Sie Informationen zu dem Thema „Fußball-Bundesliga“. Lesen Sie jetzt „FC Augsburg erstmals Spitzenreiter: Baum macht Screenshot“.;Fußball-Bundesliga;News, Fußball-Bundesliga, Manuel Baum, Augsburg, Frankfurt, FC Augsburg, Eintracht Frankfurt, Fußball-Bundesliga, Bundesliga, Spitzenreiter;2026-09-07T10:39:50+02:00;2026-09-07T10:39:50+02:00;;dpa Bayern;false
ac27fae8bd32928d0aced2d84f860589487e691958d4e8d59d40dfdcebb3a61a;100 Jahre Zukunft;https://www.zeit.de/zeit-magazin/2026/38/metropolis-fritz-lang-film-1927-mode-vorhersagen;Fritz Langs Epos »Metropolis« von 1927 spielt im Jahr 2026. Was sah der Film richtig vorher – und wo bleibt er seiner Zeit verhaftet?;"Z+ (abopflichtiger Inhalt);
        
    »Metropolis« von Fritz Lang";Fritz Lang, Brigitte Helm, TikTok, Mode, Kino;2026-09-07T10:35:56+02:00;2026-09-07T10:35:56+02:00;Alard von Kittlitz;Aus dem        ZEITmagazin Nr. 38/2026;false
9b9d4cfc5b64ff5baaa094b6005feb678a5c13071aa5af1ffb03edf24ad146b8;In 99 Minuten zum Liebling: Adewumi verzaubert die Hertha;https://www.zeit.de/news/2026-09/07/in-99-minuten-zum-liebling-adewumi-verzaubert-die-hertha;Hier finden Sie Informationen zu dem Thema „2. Bundesliga“. Lesen Sie jetzt „In 99 Minuten zum Liebling: Adewumi verzaubert die Hertha“.;2. Bundesliga;News, 2. Bundesliga, Harry Kane, Benjamin Weber, Bayern, Magdeburg, Hertha BSC, 1. FC Magdeburg, Bundesliga;2026-09-07T10:35:41+02:00;2026-09-07T10:35:41+02:00;;dpa Berlin/Brandenburg;false
04d0573692b95a579f2a7532ee2355f27c4f44920372e01d95c150b09eba47d2;Tödliche Messerattacke in Gießen – 19-Jähriger stellt sich;https://www.zeit.de/news/2026-09/07/toedlicher-messerangriff-in-giessen-19-jaehriger-in-u-haft;Hier finden Sie Informationen zu dem Thema „Mutmaßlicher Täter in U-Haft“. Lesen Sie jetzt „Tödliche Messerattacke in Gießen – 19-Jähriger stellt sich“.;Mutmaßlicher Täter in U-Haft;News, Mutmaßlicher Täter in U-Haft, Staatsanwaltschaft, Polizei, Messerangriff, Attacke;2026-09-07T10:34:33+02:00;2026-09-07T10:34:33+02:00;;dpa Hessen;false
28ce00d9a7ca26207908f3da559add53d6f3c3850f19cc63d7688ddd941ca5f2;Bayern-Fußballerinnen froh über Comeback von Zadrazil;https://www.zeit.de/news/2026-09/07/bayern-fussballerinnen-froh-ueber-comeback-von-zadrazil;Hier finden Sie Informationen zu dem Thema „Frauen-Bundesliga“. Lesen Sie jetzt „Bayern-Fußballerinnen froh über Comeback von Zadrazil“.;Frauen-Bundesliga;News, Frauen-Bundesliga, José Barcala, Sarah Zadrazil, Giulia Gwinn, Lena Oberdorf, FC Bayern München, SC Freiburg, Bundesliga, Comeback, Herbst;2026-09-07T10:32:24+02:00;2026-09-07T10:32:24+02:00;;dpa Bayern;false
304cb23ac349665d3659fc167cfe3dba1b636cd141771f3dc4223a98df0b4aeb;Nach Explosion in Augsburg noch kein Verdächtiger ermittelt;https://www.zeit.de/news/2026-09/07/nach-explosion-in-augsburg-noch-kein-verdaechtiger-ermittelt;Hier finden Sie Informationen zu dem Thema „Handgranatenexplosion“. Lesen Sie jetzt „Nach Explosion in Augsburg noch kein Verdächtiger ermittelt“.;Handgranatenexplosion;News, Handgranatenexplosion, Augsburg, LKA, Explosion, Handgranatenexplosion, Ladenpassage, Landeskriminalamt;2026-09-07T10:30:59+02:00;2026-09-07T10:30:59+02:00;;dpa Bayern;false
61b8fead1f47a70ae325a1a5bdd1202d016ee75bb673b19ec334dbcdb4bfd9ac;45-Jähriger stirbt bei Freibad-Besuch;https://www.zeit.de/news/2026-09/07/45-jaehriger-stirbt-bei-freibad-besuch;Hier finden Sie Informationen zu dem Thema „Landkreis Kassel“. Lesen Sie jetzt „45-Jähriger stirbt bei Freibad-Besuch“.;Landkreis Kassel;News, Landkreis Kassel, Kassel, Landkreis;2026-09-07T10:30:14+02:00;2026-09-07T10:30:14+02:00;;dpa Hessen;false
5b3bb89af9033f5b0c9645c6da78715fc6f174a30f24bb72fdeb4a6a8fcfa6b5;Trump schlägt Umbenennung von New Mexico in »New America« vor;https://www.zeit.de/politik/ausland/2026-09/usa-donald-trump-umbenennung-new-mexico-america-vorschlag-gxe;Golf von Amerika, Lake America – und bald auch »New America«? Der US-Präsident stört sich an einem weiteren Eigennamen, der den Namen des Nachbarlandes enthält.;USA;Politik, USA, Donald Trump, New Mexico, USA, Ontario, Straße von Hormus;2026-09-07T10:28:29+02:00;2026-09-07T10:28:29+02:00;tw;DIE ZEIT,        AFP,        							tw;false
aeb068432d0b480b9a9460e3ff17d2c77228f7469a9bf72d31834892826835b7;Bahnstreik in Italien - Verspätungen und Ausfälle möglich;https://www.zeit.de/news/2026-09/07/bahnstreik-in-italien-verspaetungen-und-ausfaelle-moeglich;Hier finden Sie Informationen zu dem Thema „24-Stunden-Ausstand“. Lesen Sie jetzt „Bahnstreik in Italien - Verspätungen und Ausfälle möglich“.;24-Stunden-Ausstand;News, 24-Stunden-Ausstand, Italien, Ferrovie dello Stato, Bahnstreik, Verspätung, Ausfall, Bahnverkehr;2026-09-07T10:27:54+02:00;2026-09-07T10:27:54+02:00;;dpa;false
09173eabb8fbb47c0f715925f482f7a9bc4d1a5c85464a182ec74fa0505bc7d8;Deutscher Musikrat: Ergebnis in Sachsen-Anhalt ist Zäsur;https://www.zeit.de/news/2026-09/07/deutscher-musikrat-ergebnis-in-sachsen-anhalt-ist-zaesur;Hier finden Sie Informationen zu dem Thema „Landtagswahl“. Lesen Sie jetzt „Deutscher Musikrat: Ergebnis in Sachsen-Anhalt ist Zäsur“.;Landtagswahl;News, Landtagswahl, Sachsen-Anhalt, Deutscher Musikrat, Alternative für Deutschland, Landtagswahl, Zäsur, Wahlsieg, Kulturlandschaft;2026-09-07T10:25:34+02:00;2026-09-07T10:25:34+02:00;;dpa Berlin/Brandenburg;false
84eacf4fb72986ac079294b49c05aa40f69297427fc86d40ba341fd8e60a9b59;Köpping: Bundesregierung muss Lehren aus Wahlergebnis ziehen;https://www.zeit.de/news/2026-09/07/koepping-bundesregierung-muss-lehren-aus-wahlergebnis-ziehen;Hier finden Sie Informationen zu dem Thema „Landtagswahlen“. Lesen Sie jetzt „Köpping: Bundesregierung muss Lehren aus Wahlergebnis ziehen“.;Landtagswahlen;News, Landtagswahlen, Petra Köpping, Berlin, Sachsen, Sachsen-Anhalt, Bundesregierung, SPD, Alternative für Deutschland, Deutsche Presse-Agentur, Landtagswahl, Landtagswahl in Sachsen;2026-09-07T10:16:24+02:00;2026-09-07T10:16:24+02:00;;dpa Sachsen;false
87c1f5c1badbc3e9c599eabbe4bd3574732084ea2df1dd9360f1278b27db5975;Polizei: Kurzschluss führte zu Brand in Umspannwerk;https://www.zeit.de/news/2026-09/07/polizei-kurzschluss-fuehrte-zu-brand-in-umspannwerk;Hier finden Sie Informationen zu dem Thema „Feuer“. Lesen Sie jetzt „Polizei: Kurzschluss führte zu Brand in Umspannwerk“.;Feuer;News, Feuer, Berlin-Tiergarten, Polizei, Umspannwerk, Kurzschluss;2026-09-07T10:15:24+02:00;2026-09-07T10:15:24+02:00;;dpa Berlin/Brandenburg;false
7df7c10adb86c8a846a3017ec357021ecbe85078823fcfda8e4f64c611526fe8;Kanzleramtsministerin hält Personaldebatte über Merz für falsch;https://www.zeit.de/politik/deutschland/2026-09/nina-warken-friedrich-merz-cdu-sachsen-anhalt-personalfragen-gxe;Nina Warken hält es für falsch, nach der Wahl in Sachsen-Anhalt über Personal bei der CDU zu sprechen. Sie wirbt für Stabilität und die Reformen der Bundesregierung.;Kritik an Friedrich Merz;Politik, Kritik an Friedrich Merz, Nina Warken, Friedrich Merz, CDU, Sachsen-Anhalt, Bundesregierung;2026-09-07T10:13:40+02:00;2026-09-07T10:13:40+02:00;hell;DIE ZEIT,        AFP,        dpa,        Reuters,        							hell;false
320687c21c3d0c10b69da0c3317c5a66eb1e32d1c49b1ff145fed55e106dbe50;EU sagt Gründung von Verteidigungsinitiative kurzfristig ab;https://www.zeit.de/politik/2026-09/eu-verteidigungsinitiative-widerstand-gxe;Die für diesen Montag geplante Gründung einer EU-Verteidigungsinitiative findet nun doch nicht statt. Mehrere Medien berichten von Widerstand aus Deutschland und Italien.;Verteidigungspolitik;Politik, Verteidigungspolitik, Europäische Union, Verteidigungspolitik, Gründung, Italien;2026-09-07T10:08:52+02:00;2026-09-07T10:08:52+02:00;svj;DIE ZEIT,        dpa,        							svj;false
c4b27a5fdae3a7cf24e9ddddd66b9e9aa5eb122ea8678d70275455766c95f092;Landwirt verliert Zwiebeln auf Straße: Motorradfahrer stürzt;https://www.zeit.de/news/2026-09/07/landwirt-verliert-zwiebeln-auf-strasse-motorradfahrer-stuerzt;Hier finden Sie Informationen zu dem Thema „Rutschige Zwiebeln“. Lesen Sie jetzt „Landwirt verliert Zwiebeln auf Straße: Motorradfahrer stürzt“.;Rutschige Zwiebeln;News, Rutschige Zwiebeln, Niederrhein, Zwiebelernte;2026-09-07T10:05:35+02:00;2026-09-07T10:05:35+02:00;;dpa Nordrhein-Westfalen;false
65f3473f1a8b202d50155a3122a7f9081da2a1228e3d2fce176b36e0084d2360;Noch-Fraktion des BSW in Thüringen berät über ihre Zukunft;https://www.zeit.de/news/2026-09/07/noch-fraktion-des-bsw-in-thueringen-beraet-ueber-ihre-zukunft;Hier finden Sie Informationen zu dem Thema „Zerfall Thüringer BSW“. Lesen Sie jetzt „Noch-Fraktion des BSW in Thüringen berät über ihre Zukunft“.;Zerfall Thüringer BSW;News, Zerfall Thüringer BSW, Mario Voigt, Thüringen, Erfurt, Bündnis Sahra Wagenknecht, CDU, Zerfall, Wölfe;2026-09-07T10:00:15+02:00;2026-09-07T10:00:15+02:00;;dpa Thüringen;false
8feaa3c49e11f4eadb6b1414913e8ae54412dcb7a95b4101493c7803398d0134;Doppelgarage brennt - hoher Sachschaden;https://www.zeit.de/news/2026-09/07/doppelgarage-brennt-hoher-sachschaden;Hier finden Sie Informationen zu dem Thema „Großeinsatz der Feuerwehr“. Lesen Sie jetzt „Doppelgarage brennt - hoher Sachschaden“.;Großeinsatz der Feuerwehr;News, Großeinsatz der Feuerwehr, Feuerwehr, Doppelgarage, Sachschaden, Brandursache, Großeinsatz;2026-09-07T09:59:27+02:00;2026-09-07T09:59:27+02:00;;dpa Bayern;false
e6b3176aa0e088693cf21a11866670a6ca95521f1cd676b955a893e2cfc6f837;Frei: Kommen um Reformen nicht herum;https://www.zeit.de/news/2026-09/07/frei-kommen-um-reformen-nicht-herum;Hier finden Sie Informationen zu dem Thema „Landtagswahl Sachsen-Anhalt“. Lesen Sie jetzt „Frei: Kommen um Reformen nicht herum“.;Landtagswahl Sachsen-Anhalt;News, Landtagswahl Sachsen-Anhalt, Thorsten Frei, Berlin, Sachsen-Anhalt, Unionsfraktion, Deutscher Bundestag, Bundesregierung, CDU, Landtagswahl, Landtagswahl in Sachsen, Reformkurs;2026-09-07T09:55:23+02:00;2026-09-07T09:55:23+02:00;;dpa Sachsen;false
fac0b6d6c7f9f01eff89d425cb7a50e07f407eafb4d58cc38c42da3f031f1e1e;Schnieder zur Wahl: «Wir müssen bei uns selbst anfangen»;https://www.zeit.de/news/2026-09/07/schnieder-zur-wahl-wir-muessen-bei-uns-selbst-anfangen;Hier finden Sie Informationen zu dem Thema „Reaktionen zur Landtagswahl“. Lesen Sie jetzt „Schnieder zur Wahl: «Wir müssen bei uns selbst anfangen»“.;Reaktionen zur Landtagswahl;News, Reaktionen zur Landtagswahl, Gordon Schnieder, Mainz, CDU, Bundesregierung, Alternative für Deutschland, Landtagswahl, Landtagswahl in Sachsen;2026-09-07T09:54:41+02:00;2026-09-07T09:54:41+02:00;;dpa Rheinland-Pfalz/Saarland;false
cc9558e85bd0e408216d8a4787f6301f41dd78e58b26876b3434b04d79d7de52;Neues BVB-Hirn: Wie Book zwei schlagfertige Kader baute;https://www.zeit.de/news/2026-09/07/neues-bvb-hirn-wie-book-zwei-schlagfertige-kader-baute;Hier finden Sie Informationen zu dem Thema „Fußball“. Lesen Sie jetzt „Neues BVB-Hirn: Wie Book zwei schlagfertige Kader baute“.;Fußball;News, Fußball, Ole Book, Joey Veerman, Sebastian Kehl, Lars Ricken, Niko Kovač, Elversberg, Hoffenheim, Villarreal, Dortmund, Borussia Dortmund;2026-09-07T09:53:59+02:00;2026-09-07T09:53:59+02:00;;dpa Nordrhein-Westfalen;false
9670f963cf2f61ddbbed6a3dd194ad016dc014a6d439fde8a5c242222604d5b1;Linke: Wahlergebnis wird Deutschland verändern;https://www.zeit.de/news/2026-09/07/linke-wahlergebnis-wird-deutschland-veraendern;Hier finden Sie Informationen zu dem Thema „Landtagswahl“. Lesen Sie jetzt „Linke: Wahlergebnis wird Deutschland verändern“.;Landtagswahl;News, Landtagswahl, Sachsen-Anhalt, Alternative für Deutschland, Bundesregierung, Landtagswahl, Wahlergebnis, Kurskorrektur;2026-09-07T09:52:32+02:00;2026-09-07T09:52:32+02:00;;dpa Sachsen;false
1c24154fc0ff88143043c5236d65050456e6afec954cd22b10f4341775789c90;SPD-Vize Schweitzer sieht Gesprächsbedarf beim Reformkurs;https://www.zeit.de/news/2026-09/07/spd-vize-schweitzer-sieht-gespraechsbedarf-beim-reformkurs;Hier finden Sie Informationen zu dem Thema „Nach Wahl in Sachsen-Anhalt“. Lesen Sie jetzt „SPD-Vize Schweitzer sieht Gesprächsbedarf beim Reformkurs“.;Nach Wahl in Sachsen-Anhalt;News, Nach Wahl in Sachsen-Anhalt, Alexander Schweitzer, Sachsen-Anhalt, SPD, Alternative für Deutschland, Bundesregierung, Gesprächsbedarf, Reformkurs;2026-09-07T09:47:54+02:00;2026-09-07T09:47:54+02:00;;dpa Rheinland-Pfalz/Saarland;false
68d6db7de24c592ef3a61c6758a59ed7dc3e837ce12961e938001d4bbff3fcf4;Regierungsbildung in Sachsen-Anhalt nach AfD-Sieg ungewiss;https://www.zeit.de/news/2026-09/07/afd-siegt-in-sachsen-anhalt-debakel-fuer-die-cdu;Hier finden Sie Informationen zu dem Thema „Landtagswahl“. Lesen Sie jetzt „Regierungsbildung in Sachsen-Anhalt nach AfD-Sieg ungewiss“.;Landtagswahl;News, Landtagswahl, Ulrich Siegmund, Sven Schulze, Sylvia Hüskens, Magdeburg, Sachsen-Anhalt, FDP, Alternative für Deutschland, CDU, SPD, Bündnis 90/Die Grünen;2026-09-07T09:43:20+02:00;2026-09-07T09:43:20+02:00;;dpa;false
df179b8381130b4ad3d480932c9aeb6d41f0d5a7b787977c41b8f37a7b2537ec;Wirtschaftsvereinigung bestürzt über AfD-Sieg;https://www.zeit.de/news/2026-09/07/wirtschaftsvereinigung-bestuerzt-ueber-afd-sieg;Hier finden Sie Informationen zu dem Thema „Landtagswahl in Sachsen-Anhalt“. Lesen Sie jetzt „Wirtschaftsvereinigung bestürzt über AfD-Sieg“.;Landtagswahl in Sachsen-Anhalt;News, Landtagswahl in Sachsen-Anhalt, Bertram Brossardt, Bayern, Sachsen-Anhalt, Alternative für Deutschland, Vereinigung der Bayerischen Wirtschaft, Landtagswahl in Sachsen, Wirtschaftsvereinigung, Wahlsieg;2026-09-07T09:33:17+02:00;2026-09-07T09:33:17+02:00;;dpa Bayern;false
44c07eb65f9e3ac016c020cf5edc50c8b0daf0b3886da364762edb2dff3e31e3;Starrt nicht auf diese Wähler. Starrt darauf, was sie erzählt bekommen;https://www.zeit.de/politik/deutschland/2026-09/wahlkampf-sachsen-anhalt-landtagswahl-afd-2026;Der Rechtspopulismus ist schon mehrfach gescheitert. Warum verliert er nicht an Anziehungskraft? Ein Erklärversuch;"Z+ (abopflichtiger Inhalt);
        
    Wahlkampf in Sachsen-Anhalt";Politik, Wahlkampf in Sachsen-Anhalt, Sachsen-Anhalt, Alternative für Deutschland, Ostdeutschland, Rechtspopulismus, Wahlkampf, Rechtsextremismus;2026-09-07T09:30:19+02:00;2026-09-07T09:30:19+02:00;Anne Hähnig;;false
216f14ebfa874dcf2254e3df4135d8abe597575b96d7dd1a8f18a6609701702d;Suche nach Absturzursache in Südhessen dürfte lange dauern;https://www.zeit.de/news/2026-09/07/suche-nach-absturzursache-in-suedhessen-duerfte-lange-dauern;Hier finden Sie Informationen zu dem Thema „Notfälle“. Lesen Sie jetzt „Suche nach Absturzursache in Südhessen dürfte lange dauern“.;Notfälle;News, Notfälle, Südhessen, Viernheim, Weinheim, Polizei, BFU, Absturzursache, Unglück, Notfall, Flugzeugabsturz;2026-09-07T09:23:20+02:00;2026-09-07T09:23:20+02:00;;dpa Hessen;false
2000512a50c67eab2a6a901adae06af34d7be86668d6810d8e866ed997222efe;Endergebnis: AfD knapp ohne absolute Mehrheit, BSW im Landtag;https://www.zeit.de/politik/deutschland/2026-07/landtagswahl-sachsen-anhalt-2026-live;Nach dem vorläufigen Ergebnis der Landeswahlleitung kommt die AfD auf 43,8 Prozent der Stimmen. Die CDU verliert alle Direktmandate. Das Liveblog zum Nachlesen;Landtagswahl in Sachsen-Anhalt;Politik, Landtagswahl in Sachsen-Anhalt, Sachsen-Anhalt, Alternative für Deutschland, Landtagswahl in Sachsen, Wahllokal, Wahlzettel, Liveblog;2026-09-07T09:18:43+02:00;2026-09-07T09:18:43+02:00;David RechJulica JungehülsingAlena KammerMarlena WessollekLuis KumpfmüllerKatharina JamesSarah KohlerKatrin ScheibKatharina BenninghoffCarolin StröbeleMichael SchliebenSophia ReddigFrancesco  Schneider-EickeAlicia KleerChristoph HeinemannMariya MartiyenkoChristian ParthTilman SteffenFerdinand OttoLiam AdamsMartin Nejezchleba;;false
a58323a3ca2e17c14ee2a7626c6b995f790567b0f3afcb9d5687806c73eb24cf;Kinder im Kofferraum: Polizei stoppt Auto bei Grenzkontrolle;https://www.zeit.de/news/2026-09/07/kinder-im-kofferraum-polizei-stoppt-auto-bei-grenzkontrolle;Hier finden Sie Informationen zu dem Thema „Verkehr“. Lesen Sie jetzt „Kinder im Kofferraum: Polizei stoppt Auto bei Grenzkontrolle“.;Verkehr;News, Verkehr, Österreich, Polizei, Bundespolizei, Verkehr, Auto, Grenzkontrolle, Grenze;2026-09-07T09:18:30+02:00;2026-09-07T09:18:30+02:00;;dpa Bayern;false
7ce34570ded8596b5873cfe9eaee5984b11b3b9b8688cfae75e409ade229c03c;BSW würde AfD ins Ministerpräsidentenamt verhelfen;https://www.zeit.de/news/2026-09/07/bsw-wuerde-afd-ins-ministerpraesidentenamt-verhelfen;Hier finden Sie Informationen zu dem Thema „Nach Wahl in Sachsen-Anhalt“. Lesen Sie jetzt „BSW würde AfD ins Ministerpräsidentenamt verhelfen“.;Nach Wahl in Sachsen-Anhalt;News, Nach Wahl in Sachsen-Anhalt, Thomas Schulze, Sachsen-Anhalt, Bündnis Sahra Wagenknecht, Alternative für Deutschland, Landtag, Ministerpräsident;2026-09-07T09:15:53+02:00;2026-09-07T09:15:53+02:00;;dpa Sachsen;false
28e4b28ba7879e237f580f3c0c35b2ea025d074bff44aef4dfb0ac681e123be2;Büros und Parteitage zum Ziel: Bündnis kündigt Widerstand an;https://www.zeit.de/news/2026-09/07/bueros-und-parteitage-zum-ziel-buendnis-kuendigt-widerstand-an;Hier finden Sie Informationen zu dem Thema „Nach der Landtagswahl“. Lesen Sie jetzt „Büros und Parteitage zum Ziel: Bündnis kündigt Widerstand an“.;Nach der Landtagswahl;News, Nach der Landtagswahl, Elvan Akdeniz, Alternative für Deutschland, Landtagswahl, Ministerpräsidentenwahl, Aktionsbündnis, Parteitag;2026-09-07T09:12:59+02:00;2026-09-07T09:12:59+02:00;;dpa Sachsen;false
90572cd9b98b3cafd2513906dd60466f12becb92d3bf114e9dca072e5a0672dc;DGB-Chefin: Abschneiden der AfD ist Warnsignal für alle;https://www.zeit.de/news/2026-09/07/dgb-chefin-abschneiden-der-afd-ist-warnsignal-fuer-alle;Hier finden Sie Informationen zu dem Thema „Reaktionen auf die Wahl“. Lesen Sie jetzt „DGB-Chefin: Abschneiden der AfD ist Warnsignal für alle“.;Reaktionen auf die Wahl;News, Reaktionen auf die Wahl, Susanne Wingertszahn, Saarland, Rheinland-Pfalz, DGB, Alternative für Deutschland, Demokraten (USA), Landtagswahl in Sachsen, Warnsignal;2026-09-07T09:10:19+02:00;2026-09-07T09:10:19+02:00;;dpa Rheinland-Pfalz/Saarland;false
cf80f68c216e9e73f5cbad7ab9dd1b4b63f1d430fe263f138160dbdcae70dff7;Frau soll Partner mit Messer schwer verletzt haben;https://www.zeit.de/news/2026-09/07/frau-soll-partner-mit-messer-schwer-verletzt-haben;Hier finden Sie Informationen zu dem Thema „Versuchter Totschlag“. Lesen Sie jetzt „Frau soll Partner mit Messer schwer verletzt haben“.;Versuchter Totschlag;News, Versuchter Totschlag, Würzburg, Polizei, Totschlag;2026-09-07T09:06:34+02:00;2026-09-07T09:06:34+02:00;;dpa Bayern;false
ae21684613751f3ba9ed9be2a57ecec3036a43f22ed574c0f77fd26837fa2e1f;Industrieproduktion im Juli unerwartet deutlich gesunken;https://www.zeit.de/wirtschaft/2026-09/industrieproduktion-deutschland-autoindustrie-produzierendes-gewerbe-maschinenbau-gxe;In Deutschland sind im Juli weniger Güter hergestellt worden als im Monat davor. Vor allem in der Autoindustrie ging die Produktion stark zurück.;Industrie;Wirtschaft, Industrie, Statistisches Bundesamt, Maschinenbau, Unternehmen, Autoindustrie, Wiesbaden;2026-09-07T09:05:52+02:00;2026-09-07T09:05:52+02:00;edd;DIE ZEIT,        AFP,        Reuters,        							edd;false
492110bbb38ca95aec725060cd98b84b57ef16b5976afed5c30571efc282332a;Zwei Schwerverletzte nach Frontalzusammenstoß auf B442;https://www.zeit.de/news/2026-09/07/zwei-schwerverletzte-nach-frontalzusammenstoss-auf-b442;Hier finden Sie Informationen zu dem Thema „Unfälle“. Lesen Sie jetzt „Zwei Schwerverletzte nach Frontalzusammenstoß auf B442“.;Unfälle;News, Unfälle, Frontalzusammenstoß, Unfall, Bundesstraße, Auto;2026-09-07T09:02:05+02:00;2026-09-07T09:02:05+02:00;;dpa Niedersachsen;false
6e6026aaf1681593f8978792f78ec1dcce433d295c9f3221c5631cc7e6d264c7;«Du, lass dich nicht verhärten»: Wolf Biermanns beste Lieder;https://www.zeit.de/news/2026-09/07/du-lass-dich-nicht-verhaerten-wolf-biermanns-beste-lieder;Hier finden Sie Informationen zu dem Thema „Neues Album“. Lesen Sie jetzt „«Du, lass dich nicht verhärten»: Wolf Biermanns beste Lieder“.;Neues Album;News, Neues Album, DDR, Hamburg, Köln, Wölfe;2026-09-07T09:00:05+02:00;2026-09-07T09:00:05+02:00;;dpa;false
c78bb4e95726af7afe969994371de78e8ceb463561579d88332eaaeed389f3b5;Spuk auf dem Ausflugsschiff - Neuer Passau-Krimi;https://www.zeit.de/news/2026-09/07/spuk-auf-dem-ausflugsschiff-neuer-passau-krimi;Hier finden Sie Informationen zu dem Thema „Fernsehreihe“. Lesen Sie jetzt „Spuk auf dem Ausflugsschiff - Neuer Passau-Krimi“.;Fernsehreihe;News, Fernsehreihe, Frederike Bader, Ferdinand Zankl, Marie Leuenberger, Michael Ostrowski, Michael Vershinin, Bettina Mittendorfer, Stefan Rudolf, Xenia Tiling, Passau, Donau;2026-09-07T09:00:05+02:00;2026-09-07T09:00:05+02:00;;dpa Bayern;false
df4da5f237e06e82301e53f6acbab2c9c0c8a23e91b05f1f8518e4112debffb2;16-jähriger Mofafahrer stirbt bei Zusammenstoß mit Auto;https://www.zeit.de/news/2026-09/07/16-jaehriger-mofafahrer-stirbt-bei-zusammenstoss-mit-auto;Hier finden Sie Informationen zu dem Thema „Unfall im Münsterland“. Lesen Sie jetzt „16-jähriger Mofafahrer stirbt bei Zusammenstoß mit Auto“.;Unfall im Münsterland;News, Unfall im Münsterland, Münsterland, Polizei, Zusammenstoß, Unfall, Auto;2026-09-07T08:59:20+02:00;2026-09-07T08:59:20+02:00;;dpa Nordrhein-Westfalen;false
d61c3a373616746f33ef433800ca1ee57f4eefe99afc846e960fb05a71cfce5b;Nordkorea will Marine mit Atomwaffen aufrüsten;https://www.zeit.de/politik/ausland/2026-09/kim-jong-un-nordkorea-marine-nuklearwaffen-zerstoerer-usa-suedkorea-japan-gxe;Nordkoreas Machthaber Kim Jong-un weiht den zweiten Zerstörer der Marine ein. Südkoreas Militär absolviert unterdessen eine Übung mit den USA und Japan.;Kim Jong-un;Politik, Kim Jong-un, Kim Jong Un, Nordkorea, Südkorea, Militär, USA, Japan;2026-09-07T08:59:10+02:00;2026-09-07T08:59:10+02:00;tw;DIE ZEIT,        dpa,        							tw;false
6e6c26accc005739d79df33abc6d2aa9ba81f03e82ef13a2ea4fa7d422cba8b4;Iran will nahe Straße von Hormus »Sperrzone« einrichten;https://www.zeit.de/politik/ausland/2026-09/strasse-von-hormus-iran-sperrzone-us-marine-schifffahrt-gxe;Der Iran hat eine Sperrzone außerhalb der Straße von Hormus angekündigt. Damit erweitert sich die Sperrung des für den Welthandel mit Öl und Gas wichtigen Gebiets.;Straße von Hormus;Politik, Straße von Hormus, Straße von Hormus, Iran, Teheran, USA, Schifffahrt;2026-09-07T08:57:29+02:00;2026-09-07T08:57:29+02:00;pip;DIE ZEIT,        AFP,        Reuters,        							pip;false
55393733bdd938a74a7d96a561f9b6d8b309f444b1913385952c5796de963a2a;Zwei Festnahmen nach großangelegter Fahndung in Bernau;https://www.zeit.de/news/2026-09/07/zwei-festnahmen-nach-grossangelegter-fahndung-in-bernau;Hier finden Sie Informationen zu dem Thema „Kriminalität“. Lesen Sie jetzt „Zwei Festnahmen nach großangelegter Fahndung in Bernau“.;Kriminalität;News, Kriminalität, Mann, Bernau, Biesenthal, Landkreis Barnim, Polizei, Fahndung, Polizeimitteilung, Tankstelle;2026-09-07T08:56:44+02:00;2026-09-07T08:56:44+02:00;;dpa Berlin/Brandenburg;false
d864fb008daa93a57f578dde94a6ab24410a8ed588b1c02d43779936b62087e3;Warken: «Die Regierung ist für vier Jahre gewählt»;https://www.zeit.de/news/2026-09/07/warken-die-regierung-ist-fuer-vier-jahre-gewaehlt;Hier finden Sie Informationen zu dem Thema „Wie weiter nach der Wahl?“. Lesen Sie jetzt „Warken: «Die Regierung ist für vier Jahre gewählt»“.;Wie weiter nach der Wahl?;News, Wie weiter nach der Wahl?, Nina Warken, Friedrich Merz, CDU, Bundesregierung, Landtagswahl in Sachsen;2026-09-07T08:50:02+02:00;2026-09-07T08:50:02+02:00;;dpa Sachsen;false
03bd1d65b9206584e44df293d41f931f83860be24caa8850c0c2d79584051f8f;Von Ast erschlagen? Jäger tot auf Hochsitz gefunden;https://www.zeit.de/news/2026-09/07/von-ast-erschlagen-jaeger-tot-auf-hochsitz-gefunden;Hier finden Sie Informationen zu dem Thema „Polizei ermittelt“. Lesen Sie jetzt „Von Ast erschlagen? Jäger tot auf Hochsitz gefunden“.;Polizei ermittelt;News, Polizei ermittelt, Polizei;2026-09-07T08:46:23+02:00;2026-09-07T08:46:23+02:00;;dpa Niedersachsen;false
128f3b54dfc29de8d3c9abf0a9b411001eaff57d0b058cff0155fb9feb70469e;Wie geht es jetzt nach der Wahl weiter?;https://www.zeit.de/politik/deutschland/2026-09/wahl-sachsen-anhalt-afd-cdu-regierungsbildung-faq;Wann muss der Landtag erstmals zusammentreten? Und welche Mehrheiten sind bei der Wahl des Ministerpräsidenten nötig? Fragen und Antworten zur Wahl in Sachsen-Anhalt;Wahl in Sachsen-Anhalt;Politik, Wahl in Sachsen-Anhalt, Sachsen-Anhalt, Alternative für Deutschland, Ulrich Siegmund, CDU, SPD, Bündnis Sahra Wagenknecht, Landtag;2026-09-07T08:44:05+02:00;2026-09-07T08:44:05+02:00;mgaWie wird der Ministerpräsident in Sachsen-Anhalt gewählt?Könnte es eine CDU-geführte Landesregierung geben?Könnte es eine AfD-geführte Landesregierung geben?Könnte es Überläufer aus der CDU zur AfD geben?Könnten AfD und BSW kooperieren?Wie geht es nun weiter?Welche Regeln und Fristen gelten im Parlament in Magdeburg?;DIE ZEIT,        dpa,        							mga;false
eb03b7b16a0695cc6202794758a69346137ca5639b87247eba903b8cb3015277;Industrieproduktion geht überraschend zurück;https://www.zeit.de/news/2026-09/07/industrieproduktion-geht-ueberraschend-zurueck;Hier finden Sie Informationen zu dem Thema „Konjunktur“. Lesen Sie jetzt „Industrieproduktion geht überraschend zurück“.;Konjunktur;News, Konjunktur, Industrieproduktion;2026-09-07T08:39:11+02:00;2026-09-07T08:39:11+02:00;;dpa;false
ad32f8b4b7076cb7e883eb5b2a990bec72606718f2841b4bf929d2ef63f2fa09;CDU-Kandidat in MV: «Friedrich Merz steht nicht zur Wahl»;https://www.zeit.de/news/2026-09/07/cdu-kandidat-in-mv-friedrich-merz-steht-nicht-zur-wahl;Hier finden Sie Informationen zu dem Thema „Landtagswahlen“. Lesen Sie jetzt „CDU-Kandidat in MV: «Friedrich Merz steht nicht zur Wahl»“.;Landtagswahlen;News, Landtagswahlen, Friedrich Merz, Daniel Peters, Mecklenburg-Vorpommern, CDU, SPD, Alternative für Deutschland, Landtagswahl;2026-09-07T08:33:39+02:00;2026-09-07T08:33:39+02:00;;dpa Mecklenburg-Vorpommern;false
d12c94faeabbfd9e5dcce1b46ffa005c9016b85d652194e9692b180d76bf0418;Politologe: AfD ähnelt Volkspartei;https://www.zeit.de/news/2026-09/07/politologe-afd-aehnelt-volkspartei;Hier finden Sie Informationen zu dem Thema „Landtagswahl“. Lesen Sie jetzt „Politologe: AfD ähnelt Volkspartei“.;Landtagswahl;News, Landtagswahl, Oliver Lembcke, Sachsen-Anhalt, Alternative für Deutschland;2026-09-07T08:28:06+02:00;2026-09-07T08:28:06+02:00;;dpa Sachsen;false
172b3c7a2e36deb9fcb213ac5d7a851392ce2362d0f9fe45e94956daea1cdb28;Amthor hält am Reformkurs der Bundesregierung fest;https://www.zeit.de/news/2026-09/07/amthor-haelt-am-reformkurs-der-bundesregierung-fest;Hier finden Sie Informationen zu dem Thema „Landtagswahl Sachsen-Anhalt“. Lesen Sie jetzt „Amthor hält am Reformkurs der Bundesregierung fest“.;Landtagswahl Sachsen-Anhalt;News, Landtagswahl Sachsen-Anhalt, Philipp Amthor, Sachsen-Anhalt, Deutschlandfunk, Bundesregierung, Alternative für Deutschland, CDU, Landtagswahl, Reformkurs, Wahlsieg, Bundeskanzleramt;2026-09-07T08:24:40+02:00;2026-09-07T08:24:40+02:00;;dpa Sachsen;false
c1afe1a213e12d51a2e9f90e6b2b307e8577df52fd83ffe809904fe368489921;Betrunkener verursacht Autounfall in Erfurt;https://www.zeit.de/news/2026-09/07/betrunkener-verursacht-autounfall-in-erfurt;Hier finden Sie Informationen zu dem Thema „Überholmanöver“. Lesen Sie jetzt „Betrunkener verursacht Autounfall in Erfurt“.;Überholmanöver;News, Überholmanöver, Erfurt, Polizei, Autounfall, Überholmanöver, Sachschaden, Verkehrsunfall;2026-09-07T08:16:50+02:00;2026-09-07T08:16:50+02:00;;dpa Thüringen;false
9a6dd2e60c80f83153d3a49d893a1a0544d37b5f265a623f1cb0556e14439cb1;Wer nicht für uns ist, der wurde wohl manipuliert;https://www.zeit.de/feuilleton/2026-09/landtagswahl-sachsen-anhalt-ergebnisse-afd-fernsehen;Am Wahlabend kapert die AfD die Phrasen der Mitte, beklagt Polarisierung und beschwört die Vernunft. Das kann passieren, wenn Medien Politik ohne Inhalt erzählen.;"Z+ (abopflichtiger Inhalt);
        
    AfD";Feuilleton, AfD, Alternative für Deutschland, Sachsen-Anhalt, Ulrich Siegmund, Tino Chrupalla, Magdeburg, Bündnis Sahra Wagenknecht;2026-09-07T08:08:42+02:00;2026-09-07T08:08:42+02:00;Johannes Schneider;;false
876dd6ea8c31bc5ba4b1d97aaed73dfee905fb89d7bbecb29967526e84952f6c;Bundestrainer Lange kritisiert engen Spielplan bei Basketball-WM;https://www.zeit.de/sport/2026-09/basketball-wm-frauen-olaf-lange-spielplan-fiba-deutschland-gxe;Die deutschen Spielerinnen müssen bei der Basketball-WM in Berlin drei Spiele in vier Tagen absolvieren. Bundestrainer Olaf Lange warnt vor Verletzungsgefahr.;Basketball-WM der Frauen;Sport, Basketball-WM der Frauen, Basketball, Bundestrainer, Berlin, Weltmeisterschaft, Profisport;2026-09-07T08:08:20+02:00;2026-09-07T08:08:20+02:00;hell;DIE ZEIT,        dpa,        SID,        							hell;false
150a7b5f6b97e26dc2169c69b2f9b5bc3286565e70b2010ea87f2f01e8b0edc9;Bis zu 28 Grad zum Wochenstart – dann kühlt es deutlich ab;https://www.zeit.de/news/2026-09/07/bis-zu-28-grad-zum-wochenstart-dann-kuehlt-es-deutlich-ab;Hier finden Sie Informationen zu dem Thema „Wetter“. Lesen Sie jetzt „Bis zu 28 Grad zum Wochenstart – dann kühlt es deutlich ab“.;Wetter;News, Wetter, Niedersachsen, Bremen, DWD, Wetter;2026-09-07T08:04:23+02:00;2026-09-07T08:04:23+02:00;;dpa Niedersachsen;false
d691dbb7e9577600add9497a00cab46ff62cf94f71c1e46b0fcbe0ba98e6139f;So wird ein Land so blau;https://www.zeit.de/politik/deutschland/2026-09/wahlergebnisse-sachsen-anhalt-landtagswahl-gemeinden-karte;Fast überall in Sachsen-Anhalt hat die AfD gewonnen, aber nicht überall gleich stark. Eine Datenauswertung zeigt, was diese Orte verbindet.;"Z+ (abopflichtiger Inhalt);
        
    Wahlergebnisse in Sachsen-Anhalt";Politik, Wahlergebnisse in Sachsen-Anhalt, Sachsen-Anhalt, Alternative für Deutschland, Landtagswahl, CDU, SPD, Bündnis Sahra Wagenknecht;2026-09-07T07:59:47+02:00;2026-09-07T07:59:47+02:00;Paul BlickleAnnick EhmannDana Hajek;;false
029dfbd6a1db268a354dece1e9ec74920d653cbfeb67fec961ceda6185a4195d;Dieb kehrt zum Tatort zurück und wird gefasst;https://www.zeit.de/news/2026-09/07/dieb-kehrt-zum-tatort-zurueck-und-wird-gefasst;Hier finden Sie Informationen zu dem Thema „Kriminalität“. Lesen Sie jetzt „Dieb kehrt zum Tatort zurück und wird gefasst“.;Kriminalität;News, Kriminalität, Landau, Polizei, Tatort, Fahrrad;2026-09-07T07:55:40+02:00;2026-09-07T07:55:40+02:00;;dpa Rheinland-Pfalz/Saarland;false
8c2b919404af8756ec1abae45377800411eb0e15a159c37d0f79b9278d332830;Der Hochsommer kommt kurz zurück;https://www.zeit.de/news/2026-09/07/der-hochsommer-kommt-kurz-zurueck;Hier finden Sie Informationen zu dem Thema „Wetteraussicht“. Lesen Sie jetzt „Der Hochsommer kommt kurz zurück“.;Wetteraussicht;News, Wetteraussicht, Saarland, Rheinland-Pfalz, DWD, Hochsommer, Wetteraussicht, Wetter;2026-09-07T07:54:25+02:00;2026-09-07T07:54:25+02:00;;dpa Rheinland-Pfalz/Saarland;false
574f444f4fdc285d107e1912e98024127960151c8ebebdfab71cad01bdc3a533;Söder spricht nach AfD-Wahlsieg von «Epochenbruch»;https://www.zeit.de/news/2026-09/07/soeder-spricht-nach-afd-wahlsieg-von-epochenbruch;Hier finden Sie Informationen zu dem Thema „Landtagswahl in Sachsen-Anhalt“. Lesen Sie jetzt „Söder spricht nach AfD-Wahlsieg von «Epochenbruch»“.;Landtagswahl in Sachsen-Anhalt;News, Landtagswahl in Sachsen-Anhalt, Markus Söder, Bayern, Sachsen-Anhalt, Alternative für Deutschland, CSU, Bundesregierung, Landtagswahl, Gillamoos, Epochenbruch, Einschnitt;2026-09-07T07:54:07+02:00;2026-09-07T07:54:07+02:00;;dpa Bayern;false
efcae743acfb35c0bed7eaa409be164cf66d71e422f5429c7c8a46a598c2c266;Softair-Spieler löst größeren Polizeieinsatz aus;https://www.zeit.de/news/2026-09/07/softair-spieler-loest-groesseren-polizeieinsatz-aus;Hier finden Sie Informationen zu dem Thema „Taktisches Geländespiel“. Lesen Sie jetzt „Softair-Spieler löst größeren Polizeieinsatz aus“.;Taktisches Geländespiel;News, Taktisches Geländespiel, Vilseck, Polizei, Polizeieinsatz, Geländespiel, Softairwaffe;2026-09-07T07:50:44+02:00;2026-09-07T07:50:44+02:00;;dpa Bayern;false
c2890ac7b663b6ee0e54d2ce52964a8ebd41700e74d5079baab6d510d2912f48;Hitzewellen und Brände verstärken Luftverschmutzung;https://www.zeit.de/wissenschaft/umwelt/2026-09/luftverschmutzung-hitzewellen-waldbraende-feinstaub-ozon-gxe;Luftverschmutzung und Klimawandel hängen eng miteinander zusammen. Höhere Ozon- und Feinstaubwerte durch extreme Temperaturen und Brände verschlechtern die Luftqualität. ;Weltwetterorganisation;Wissenschaft, Weltwetterorganisation, Hitzewelle, Luftverschmutzung, Waldbrand, Europa, Brand;2026-09-07T07:43:45+02:00;2026-09-07T07:43:45+02:00;pip;DIE ZEIT,        dpa,        							pip;false
8e1fd521e72c84b90fb25b30e42a8d67e4986c194c0833ff03c3c06da78e1a32;»Eigentümer schätzen ihre Immobilien oft Hunderttausende Euro zu hoch«;https://www.zeit.de/geld/2026-06/immobiliengutachten-haus-eigenheim-hauskauf-wert;Was ist eine Immobilie wirklich wert? Drei Gutachter erklären, warum Verkäufer oft utopische Preisvorstellungen haben und welche Warnsignale Käufer nie ignorieren dürfen.;"Z+ (abopflichtiger Inhalt);
        
    Immobiliengutachten";Geld, Immobiliengutachten, Immobilienmarkt, Eigentumswohnung, Eigenheim, Berlin, Familie;2026-09-07T07:42:45+02:00;2026-09-07T07:42:45+02:00;Gerrit-Freya Klebe;;false
28850c9ba702318d54f35e314178218f6e36cd12cc15ebdbae93d246463af50c;Banaszak sieht alle demokratischen Parteien in Verantwortung;https://www.zeit.de/news/2026-09/07/banaszak-sieht-alle-demokratischen-parteien-in-verantwortung;Hier finden Sie Informationen zu dem Thema „Landtagswahl Sachsen-Anhalt“. Lesen Sie jetzt „Banaszak sieht alle demokratischen Parteien in Verantwortung“.;Landtagswahl Sachsen-Anhalt;News, Landtagswahl Sachsen-Anhalt, Felix Banaszak, Sachsen-Anhalt, Alternative für Deutschland, Landtagswahl, Vertrauenskrise, Wahlsieg;2026-09-07T07:41:05+02:00;2026-09-07T07:41:05+02:00;;dpa Sachsen;false
2f9f2580a9e75021fb87adf39e64530f5d50c6f45c4a3bb1cc85cbe9262d3243;»Ich bin alt, aber ich werde ihre faschistische Rhetorik bekämpfen«;https://www.zeit.de/politik/2026-09/italien-meloni-monti-vannacci;Mario Monti war italienischer Premierminister. Auf einer Konferenz trifft er auf den Star der Rechtsextremen seines Landes.;"Z+ (abopflichtiger Inhalt);
        
    Italien";Politik, Italien, Mario Monti, D. Roberto, Giorgia Meloni, Italien, Frankreich, Österreich, Cernobbio, Confindustria, Europäische Union, Rechtsextrem;2026-09-07T07:31:40+02:00;2026-09-07T07:31:40+02:00;Ulrich Ladurner;;false
5dd1b133fc5037a9eea21b9ae5af17f0bc370317ee2ce77367c5366bcad4466a;Ralf Stegner warnt vor Infragestellen der Bundesregierung;https://www.zeit.de/politik/deutschland/2026-09/landtagswahl-sachsen-anhalt-afd-ralf-stegner-spd-cdu-gxe;Der SPD-Politiker Stegner mahnt seine Partei, die schwarz-rote Koalition im Bund nicht anzuzweifeln. Die Union will eine Debatte über Bundeskanzler Merz verhindern.;Reaktionen auf Landtagswahl;Politik, Reaktionen auf Landtagswahl, Alternative für Deutschland, Ralf Stegner, Ulrich Siegmund, Sahra Wagenknecht, SPD, CDU, Bündnis Sahra Wagenknecht;2026-09-07T07:31:21+02:00;2026-09-07T07:31:21+02:00;mga;DIE ZEIT,        AFP,        dpa,        Reuters,        							mga;false
c2b147ea2a5397f497b8c82d6be960d8b41ad557403dacbe2f8eea9e8246ac1e;»Ein Kopftuch für junge Mädchen widerspricht islamischen Prinzipien«;https://www.zeit.de/bildung/2026-09/kopftuchverbot-oesterreich-schulen-muslimische-maedchen;Seit dieser Woche gilt an Österreichs Schulen ein Kopftuchverbot. Was hält der islamische Theologe Mouhanad Khorchide davon – und wäre das auch in Deutschland denkbar?;"Z+ (abopflichtiger Inhalt);
        
    Kopftuchverbot in Österreich";Bildung, Kopftuchverbot in Österreich, Kopftuch, Österreich, Mouhanad Khorchide, Westfälische Wilhelms-Universität, Soziale Medien, Islam;2026-09-07T07:30:19+02:00;2026-09-07T07:30:19+02:00;Arnfrid Schenk;;false
94b13412f72ec46f30c53383133f70d8d9ed0cdf74da2b7efcfe138dcfcbe905;Wenn Männer Frauen töten: Wann ist es ein Femizid?;https://www.zeit.de/news/2026-09/07/wenn-maenner-frauen-toeten-wann-ist-es-ein-femizid;Hier finden Sie Informationen zu dem Thema „Gosen-Neu Zittau und Erkner“. Lesen Sie jetzt „Wenn Männer Frauen töten: Wann ist es ein Femizid?“.;Gosen-Neu Zittau und Erkner;News, Gosen-Neu Zittau und Erkner, Laura Kapp, Mann, Gosen-Neu Zittau, Brandenburg, Berlin, Hohen Neuendorf, Erkner, Opferschutzorganisation, Femizid, Tötung;2026-09-07T07:30:05+02:00;2026-09-07T07:30:05+02:00;;dpa Berlin/Brandenburg;false
3ed29142ee079e117f2159335a32b1b8f145a40180c0df4e2701dda0f8f9eba7;Nach Landtagswahl: «Wut, Angst und Trauer waren greifbar»;https://www.zeit.de/news/2026-09/07/nach-landtagswahl-wut-angst-und-trauer-waren-greifbar;Hier finden Sie Informationen zu dem Thema „Proteste nach Wahl“. Lesen Sie jetzt „Nach Landtagswahl: «Wut, Angst und Trauer waren greifbar»“.;Proteste nach Wahl;News, Proteste nach Wahl, Vera Schulze, Leipzig, Sachsen, Sachsen-Anhalt, Alternative für Deutschland, Landtagswahl, Landtagswahl in Sachsen, Steintor, Trauer, Erfolg;2026-09-07T07:30:01+02:00;2026-09-07T07:30:01+02:00;;dpa Sachsen;false
b399860fdc79016780b1fe6224b6ba0cafa5c722c30cb393163a69c666ad6d46;Wie gibt man jemandem einen Korb (den man mag)?;https://www.zeit.de/zeit-wissen/2026/05/freundschaft-gefuehle-beziehung-abfuhr-kraenkung-psychologie;Eben noch ein guter Freund, die beste Freundin, nun: ein Problem. Über die Kunst des Bis-hierhin-und-leider-nicht-weiter;"Z+ (abopflichtiger Inhalt);
        
    Freundschaft und Gefühle";Wissenschaft, Freundschaft und Gefühle, Liebe, Freundschaft, Beziehung, Emotion, Kommunikation, Psychologie;2026-09-07T07:29:10+02:00;2026-09-07T07:29:10+02:00;Sven Stillich;Aus        ZEIT Wissen Nr. 05/2026;false
25f78959de579aa4b277eaaf5b72eec9ef70900f4c83c9b31fbc1524ee35f57c;Wo einst die Welt geschah;https://www.zeit.de/zeit-magazin/2026-09/freibad-diepholz-abriss-kindheitserinnerungen-nostalgie;Das Freibad in der Heimatstadt unseres Autors wird abgerissen. Kann er die Erinnerungen an seine Kindertage vor den anrückenden Baggern retten?;"Z+ (abopflichtiger Inhalt);
        
    Freibad in Diepholz";Familie, schwimmen, Freibad, Kinder;2026-09-07T07:28:12+02:00;2026-09-07T07:28:12+02:00;Dirk GieselmannMario Wezel;;false
fc785d6871cc01e4470aefa65c406787233b424a02a876cf372beb69778c376d;Sonniger Wochenstart in Hessen;https://www.zeit.de/news/2026-09/07/sonniger-wochenstart-in-hessen;Hier finden Sie Informationen zu dem Thema „Wetterbericht“. Lesen Sie jetzt „Sonniger Wochenstart in Hessen“.;Wetterbericht;News, Wetterbericht, Hessen, Wetterbericht, Hochsommer, Wetter;2026-09-07T07:27:41+02:00;2026-09-07T07:27:41+02:00;;dpa Hessen;false
3b17a03186b967830c6c0c1519c5c466d86be3157909ad56fcd436ed894a796e;Bayern ist jetzt Elversberg-Jäger;https://www.zeit.de/sport/2026-09/bundesliga-rueckschau-elversberg-bayern-jaeger-oliver-baumann;Zweijährige kennen das noch gar nicht: Erstmals nach 67 Spieltagen heißt der Tabellenführer nicht Bayern München. Alles Wichtige zum 2. Spieltag;Bundesliga-Rückschau;Sport, Bundesliga-Rückschau, FC Bayern München, Champions League, Fußball, Manuel Neuer, Oliver Baumann, Harry Kane;2026-09-07T07:26:13+02:00;2026-09-07T07:26:13+02:00;Nico Horn;;false
4c86e14f3b41eaa2b783ceda4cae55abc3448aa266462eecb909976d5baa3747;Ein Endgegner für Berlin;https://www.zeit.de/feuilleton/2026-09/cdu-wahlplakat-berlin-schlendrian;Der CDU-Politiker Stefan Evers will Bürgermeister von Berlin werden, er gibt sich als »Endgegner vom Schlendrian«. Wie Großstadt geht, hat er wohl nicht verstanden.;"Z+ (abopflichtiger Inhalt);
        
    Stefan Evers";Feuilleton, Stefan Evers, Stefan Evers, CDU, Berlin, Landtagswahl, Wahlkampf;2026-09-07T07:25:38+02:00;2026-09-07T07:25:38+02:00;Georg Diez;;false
a650535b1f6a1a0fdcf34a1725c369f3ef96d0c818cf6e720da7eee30c2ba911;Warum Ryan Reynolds Geburtstagsfeiern lieber meidet;https://www.zeit.de/news/2026-09/07/warum-ryan-reynolds-geburtstagsfeiern-lieber-meidet;Hier finden Sie Informationen zu dem Thema „Leute“. Lesen Sie jetzt „Warum Ryan Reynolds Geburtstagsfeiern lieber meidet“.;Leute;News, Leute, Ryan Reynolds, Geburtstagsfeiern, Hollywood;2026-09-07T07:25:29+02:00;2026-09-07T07:25:29+02:00;;dpa;false
5b7fba1a85b4e84a72ac7344391472ec1663a476519ffde0ec0ad28e16fed2f1;70 Heuballen brennen – Polizei prüft Brandstiftung;https://www.zeit.de/news/2026-09/07/70-heuballen-brennen-polizei-prueft-brandstiftung;Hier finden Sie Informationen zu dem Thema „Feuerwehr im Einsatz“. Lesen Sie jetzt „70 Heuballen brennen – Polizei prüft Brandstiftung“.;Feuerwehr im Einsatz;News, Feuerwehr im Einsatz, Heilbronn, Polizei, Feuerwehr, Heuballen, Brandstiftung;2026-09-07T07:23:23+02:00;2026-09-07T07:23:23+02:00;;dpa Baden-Württemberg;false
3ab1166ffcb49bc1df2fe5299ae82a66fe4eaba8133685b4c0bbe0ba740aef1d;Stuttgarter Fernsehturm ist 70 - zwölf überraschende Fakten;https://www.zeit.de/news/2026-09/07/stuttgarter-fernsehturm-ist-70-zwoelf-ueberraschende-fakten;Hier finden Sie Informationen zu dem Thema „Tag des offenen Denkmals“. Lesen Sie jetzt „Stuttgarter Fernsehturm ist 70 - zwölf überraschende Fakten“.;Tag des offenen Denkmals;News, Tag des offenen Denkmals, Fritz Leonhardt, Stuttgart, Tag des offenen Denkmals, Fernsehturm, Stadtkessel, Wahrzeichen, Gastronomie;2026-09-07T07:22:24+02:00;2026-09-07T07:22:24+02:00;;dpa Baden-Württemberg;false
5161c1446b81d8ee5fdfc8aa1628e3ee3a2c380c183605f802a75ec790baa385;Auch im Spätsommer gehen alle zur Reisdiele;https://www.zeit.de/zeit-magazin/wochenmarkt/2025-04/italienisch-reissalat-rezept-wochenmarkt;Dieser Reissalat ist die neueste Interpretation eines italienischen Sommerhits. Mit Thunfisch, Tomaten, Bohnen, Artischocken und – und einem Hauch Intrige.;"Z+ (abopflichtiger Inhalt);
        
    Italienischen Reissalat";Italienische Küche;2026-09-07T07:22:01+02:00;2026-09-07T07:22:01+02:00;Rachel Roddy;;false
1bdffa57c342bc43a9194514417f63d6b91107735d3d769a040f638cb0acc68b;Rettungseinsatz vor Juist: Hubschrauber birgt Kajakfahrer;https://www.zeit.de/news/2026-09/07/rettungseinsatz-vor-juist-hubschrauber-birgt-kajakfahrer;Hier finden Sie Informationen zu dem Thema „Notfälle“. Lesen Sie jetzt „Rettungseinsatz vor Juist: Hubschrauber birgt Kajakfahrer“.;Notfälle;News, Notfälle, Mann, Juist, DGzRS, Rettungseinsatz, Rettungshubschrauber, Seenot, Brandung, Hubschrauber, Sicherheit;2026-09-07T07:21:12+02:00;2026-09-07T07:21:12+02:00;;dpa Niedersachsen;false
3f435e02ffabe6bdaa689170f5522b845e894a08f99255f05b0a0e6ceb01eddb;«Verrückt»? Debatte um Tennis-Nachtspiele in New York;https://www.zeit.de/news/2026-09/07/verrueckt-debatte-um-tennis-nachtspiele-in-new-york;Hier finden Sie Informationen zu dem Thema „Späte Partien bei den US Open“. Lesen Sie jetzt „«Verrückt»? Debatte um Tennis-Nachtspiele in New York“.;Späte Partien bei den US Open;News, Späte Partien bei den US Open, Venus Williams, Martina Navratilova, Alexander Zverev, Mann, New York, Arthur Ashe Stadium, Louis Armstrong Stadium, US Open, Grand-Slam-Turnier, Erstrundenmatch;2026-09-07T07:16:59+02:00;2026-09-07T07:16:59+02:00;;dpa Sport;false
646dc64048b85c9f3abcc8834313bd73f1c3bb1820dea5e4f26d914226bea02d;»Meine Gefühlswelt ist irrsinnig aufgemöbelt«;https://www.zeit.de/politik/deutschland/2026-09/dieter-hallervorden-sachsen-anhalt-wahl-cdu-reaktion;Dieter Hallervorden wollte die CDU in Sachsen-Anhalt nach vorne bringen. Dann verließ er niedergeschlagen die Wahlparty. War alles umsonst?;"Z+ (abopflichtiger Inhalt);
        
    Dieter Hallervorden";Politik, Dieter Hallervorden, Sachsen-Anhalt, CDU, Alternative für Deutschland, Sven Schulze, Magdeburg, Wahlkampf;2026-09-07T07:09:52+02:00;2026-09-07T07:09:52+02:00;Anna Mayr;;false
abec5c44f6b4cc1b89f7973658581202f7f2a45bb79ae48a8d715ea8c98d2907;Demokratische Gouverneurskandidatin in den USA angegriffen;https://www.zeit.de/politik/ausland/2026-09/amy-acton-angriff-ohio-canfield-gouverneurswahl-gxe;Bei einer Wahlkampfveranstaltung in Ohio hat ein Bewaffneter die Demokratin Amy Acton angegriffen. Mehrere Menschen wurden verletzt, die Politikerin blieb unverletzt.;Amy Acton;Politik, Amy Acton, Ohio, Demokraten (USA), USA, Republikaner (USA), Vivek Ramaswamy;2026-09-07T07:03:47+02:00;2026-09-07T07:03:47+02:00;hoe;DIE ZEIT,        dpa,        Reuters,        							hoe;false
91e0424590606029af8d26cdd2b4ce13e473777056ca27d48fa945bd5522ce60;Kretschmer: Dürfen nicht zur Tagesordnung übergehen;https://www.zeit.de/news/2026-09/07/kretschmer-duerfen-nicht-zur-tagesordnung-uebergehen;Hier finden Sie Informationen zu dem Thema „Wahl in Sachsen-Anhalt“. Lesen Sie jetzt „Kretschmer: Dürfen nicht zur Tagesordnung übergehen“.;Wahl in Sachsen-Anhalt;News, Wahl in Sachsen-Anhalt, Michael Kretschmer, Sachsen, Sachsen-Anhalt, CDU, Tagesordnung;2026-09-07T07:00:36+02:00;2026-09-07T07:00:36+02:00;;dpa Sachsen;false
df4fdc5bc556f3156e2ae57bbd4e22b50f12d84c8955a6c02c23046a2c7b901c;«Verdächtige Wahrnehmung» - Flughafen München kurz gesperrt;https://www.zeit.de/news/2026-09/07/verdaechtige-wahrnehmung-flughafen-muenchen-kurz-gesperrt;Hier finden Sie Informationen zu dem Thema „Luftverkehr“. Lesen Sie jetzt „«Verdächtige Wahrnehmung» - Flughafen München kurz gesperrt“.;Luftverkehr;News, Luftverkehr, Flughafen München, Wahrnehmung, Landebahn, Luftverkehr;2026-09-07T07:00:29+02:00;2026-09-07T07:00:29+02:00;;dpa Bayern;false
9170ca2dc156bc05caea01476877fc8eee99e40b6ad15094d5d40b88783772e2;Ein letzter Sommertag? Wetterumschwung ab Dienstag im Norden;https://www.zeit.de/news/2026-09/07/ein-letzter-sommertag-wetterumschwung-ab-dienstag-im-norden;Hier finden Sie Informationen zu dem Thema „Wetter“. Lesen Sie jetzt „Ein letzter Sommertag? Wetterumschwung ab Dienstag im Norden“.;Wetter;News, Wetter, Hamburg, Schleswig-Holstein, Mecklenburg-Vorpommern, DWD, Wetterumschwung, Sommertag, Wetter;2026-09-07T06:53:28+02:00;2026-09-07T06:53:28+02:00;;dpa Hamburg/Schleswig-Holstein;false
4ae12a18a3eb7947b5a226256f949646572e0377194d807c53872c0f7ef626f7;Flugverkehr in Indonesien nach Vulkanausbruch weiterhin gestört;https://www.zeit.de/gesellschaft/2026-09/anak-krakatau-vulkanausbruch-indonesien-jakarta-asche-gxe;Aschewolken des indonesischen Vulkans Anak Krakatau haben den Flugverkehr in Jakarta lahmgelegt. Auch sechs kleinere indonesische Flughäfen sind betroffen.;Anak Krakatau;Gesellschaft, Anak Krakatau, Indonesien, Jakarta, Flugverkehr, Vulkan, Aschewolke;2026-09-07T06:48:34+02:00;2026-09-07T06:48:34+02:00;htgtw;DIE ZEIT,        Reuters,        dpa,        							htg					,        							tw;false
65b68f989be635dd2da8993be59bd0da35dea5aa22ac827cff567a168a101b7d;Elon Musk gratuliert AfD zum Wahlsieg;https://www.zeit.de/politik/deutschland/2026-09/elon-musk-afd-ulrich-siegmund-sachsen-anhalt-gxe;Der Billionär Elon Musk hat die AfD zu ihrem Wahlsieg in Sachsen-Anhalt beglückwünscht. Siegmund bedankte sich für die »Unterstützung« des Techunternehmers.;Nach der Wahl in Sachsen-Anhalt;Politik, Nach der Wahl in Sachsen-Anhalt, Elon Musk, Alternative für Deutschland, Sachsen-Anhalt, Ulrich Siegmund, Alice Weidel, X;2026-09-07T06:42:08+02:00;2026-09-07T06:42:08+02:00;yil;DIE ZEIT,        dpa,        							yil;false
d2cbf38cb1a03d14f8a47b35c453fd42327e48de490d2b1c058cb4688d011c97;Nach Hass im Netz: Königsdörffer jubelt und ärgert HSV-Fans;https://www.zeit.de/news/2026-09/07/nach-hass-im-netz-koenigsdoerffer-jubelt-und-aergert-hsv-fans;Hier finden Sie Informationen zu dem Thema „Fußball-Bundesliga“. Lesen Sie jetzt „Nach Hass im Netz: Königsdörffer jubelt und ärgert HSV-Fans“.;Fußball-Bundesliga;News, Fußball-Bundesliga, Ransford Königsdörffer, Merlin Polzin, Nicolai Remberg, Phillip Tietz, Mainz, Hamburger SV, 1. FSV Mainz, Fußball-Bundesliga;2026-09-07T06:25:04+02:00;2026-09-07T06:25:04+02:00;;dpa Hamburg/Schleswig-Holstein;false
41b039067fdc0a6a7f06c1efe72e495d60d650f7c592392289719d88374faa0e;Deutschen Unternehmen könnten 2029 mehr als 700.000 Fachkräfte fehlen;https://www.zeit.de/politik/deutschland/2026-09/fachkraeftemangel-deutschland-iw-studie-arbeitsmarkt-verkauf-pflege-gxe;Der deutschen Wirtschaft fehlen in vielen Branchen Fachkräfte. In den kommenden Jahren wird der Fachkräftemangel laut einer Studie noch deutlich zunehmen.;Studie;Politik, Studie, Fachkräftemangel, Arbeitsmarkt, Pflege, Studie, Bildung;2026-09-07T06:21:29+02:00;2026-09-07T06:21:29+02:00;hoe;DIE ZEIT,        dpa,        							hoe;false
6bbf16346fcb534d35e2ecc2a8ce15920d9d52ef717bb0006df8b0b7d0addc15;A7 und Elbtunnel in Hamburg wieder frei;https://www.zeit.de/news/2026-09/07/a7-und-elbtunnel-in-hamburg-wieder-frei;Hier finden Sie Informationen zu dem Thema „Verkehr“. Lesen Sie jetzt „A7 und Elbtunnel in Hamburg wieder frei“.;Verkehr;News, Verkehr, Hamburg, Hamburg-Stellingen, Hamburg-Heimfeld, Elbtunnel, Verkehr, Sperrung;2026-09-07T06:20:43+02:00;2026-09-07T06:20:43+02:00;;dpa Hamburg/Schleswig-Holstein;false
532d3a10ade23686fddefff3cbc2dfd592846f74ddb100576f7346a5bed5e967;Ein Mensch nach Wohnungsbrand in Berlin in Lebensgefahr;https://www.zeit.de/news/2026-09/07/ein-mensch-nach-wohnungsbrand-in-berlin-in-lebensgefahr;Hier finden Sie Informationen zu dem Thema „Brände“. Lesen Sie jetzt „Ein Mensch nach Wohnungsbrand in Berlin in Lebensgefahr“.;Brände;News, Brände, Berlin, Spandau, Feuerwehr, Wohnungsbrand, Lebensgefahr, Brand;2026-09-07T06:15:39+02:00;2026-09-07T06:15:39+02:00;;dpa Berlin/Brandenburg;false
71cbd7c60f463bfc4c7fd57ab3529850a8f04d93f9883f6934996b2f7ce29322;Menschen bei Wohnungsbrand an Fenstern und auf Balkonen;https://www.zeit.de/news/2026-09/07/menschen-bei-wohnungsbrand-an-fenstern-und-auf-balkonen;Hier finden Sie Informationen zu dem Thema „Brände“. Lesen Sie jetzt „Menschen bei Wohnungsbrand an Fenstern und auf Balkonen“.;Brände;News, Brände, Berlin-Wilmersdorf, Feuerwehr, Wohnungsbrand, Fenster, Balkon, Brand;2026-09-07T06:10:57+02:00;2026-09-07T06:10:57+02:00;;dpa Berlin/Brandenburg;false
906608d4fe39fb3354d7f9c198b3d53e248e1e8edc57ebf86526276588c3f8bc;Das Merz-Problem. Und das Problem dahinter;https://www.zeit.de/politik/deutschland/2026-09/friedrich-merz-landtagswahl-cdu-sachsen-anhalt;Die CDU ist halbiert und demoralisiert. Die Brandmauer allein hilft ihr nicht. Den Nationalisten muss sie anderes entgegensetzen – und zwar heiß und laut.;"Z+ (abopflichtiger Inhalt);
        
    CDU nach der Landtagswahl";Politik, CDU nach der Landtagswahl, Friedrich Merz, CDU, Sven Schulze, Ulrich Siegmund, Sachsen-Anhalt, Alternative für Deutschland, Landtagswahl;2026-09-07T06:03:21+02:00;2026-09-07T06:03:21+02:00;Georg Löwisch;;false
f255e2a3724e1bde8a9ebe17adf2498d9e846c374ea8f2fba4a54f660329383a;Der Kunstdoktor, der rostige Skulpturen rettet;https://www.zeit.de/hamburg/2026-09/elbvertiefung-07-09-2026;Die Elbvertiefung am Montag – Mit Reaktionen auf die Wahl in Sachsen-Anhalt, Markus Lanz im Interview und einer Väter-WG;Elbvertiefung: Der tägliche Newsletter aus Hamburg;Hamburg, Elbvertiefung: Der tägliche Newsletter aus Hamburg, Markus Lanz, Markus Lohmann, Franz Erhard Walther, Oskar Piegsa, Andrea Möller, Enver Hirsch, Süleyman Taşköprü, Bettina Meyer, Malte Renius, Marc Lüdtke;2026-09-07T06:00:09+02:00;2026-09-07T06:00:09+02:00;Oskar Piegsa;;false
af0d0db07e4478448a755236e5020f715ea3491decb69451a086be71705f60de;Hitzewellen und Brände verschärfen Luftverschmutzung;https://www.zeit.de/news/2026-09/07/hitzewellen-und-braende-verschaerfen-luftverschmutzung;Hier finden Sie Informationen zu dem Thema „Klima und Luft“. Lesen Sie jetzt „Hitzewellen und Brände verschärfen Luftverschmutzung“.;Klima und Luft;News, Klima und Luft, Europa, Hitzewelle, Luftverschmutzung, Weltwetterorganisation, Waldbrand, Brand;2026-09-07T06:00:08+02:00;2026-09-07T06:00:08+02:00;;dpa;false
14ee714ef05708f20b8c479c6b58d53f288d6fecd3aa4e4b6f54d143cf9dadc0;Wer berät die Kunden, wenn 39.000 Verkäufer fehlen?;https://www.zeit.de/news/2026-09/07/wer-beraet-die-kunden-wenn-39-000-verkaeufer-fehlen;Hier finden Sie Informationen zu dem Thema „Fachkräfte“. Lesen Sie jetzt „Wer berät die Kunden, wenn 39.000 Verkäufer fehlen?“.;Fachkräfte;News, Fachkräfte, Alexander Burstedde, Ulrike Witt, Institut der deutschen Wirtschaft, Fachkraft, Fachkräftelücke, Fachkräftemangel, Rente;2026-09-07T06:00:06+02:00;2026-09-07T06:00:06+02:00;;dpa;false
2fbf4d622ae8c30a4b55acb4a343b625e848dd7350c71c2c0ee8880a18d2c35f;TU Berlin plant Teile des Hauptgebäudes zu öffnen;https://www.zeit.de/news/2026-09/07/tu-berlin-plant-teile-des-hauptgebaeudes-zu-oeffnen;Hier finden Sie Informationen zu dem Thema „Wegen Baumängeln geschlossen“. Lesen Sie jetzt „TU Berlin plant Teile des Hauptgebäudes zu öffnen“.;Wegen Baumängeln geschlossen;News, Wegen Baumängeln geschlossen, Berlin, TU Berlin, TU, Deutsche Presse-Agentur, Hauptgebäude, Baumangel, Teilnutzung, Pressestatement;2026-09-07T06:00:04+02:00;2026-09-07T06:00:04+02:00;;dpa Berlin/Brandenburg;false
08944e6b96e1e707dc86e124abca55011b3fbbc06fb13721b8cea5f270730d8f;Bundestrainer Lange kritisiert Spielplan bei Basketball-WM;https://www.zeit.de/news/2026-09/07/bundestrainer-lange-kritisiert-spielplan-bei-basketball-wm;Hier finden Sie Informationen zu dem Thema „Basketball-WM der Frauen“. Lesen Sie jetzt „Bundestrainer Lange kritisiert Spielplan bei Basketball-WM“.;Basketball-WM der Frauen;News, Basketball-WM der Frauen, Olaf Lange, Berlin, Japan, ProSieben, WNBA, Bundestrainer, Spielplan;2026-09-07T05:57:04+02:00;2026-09-07T05:57:04+02:00;;dpa Berlin/Brandenburg;false
2f0e7c757937aafe8aeada21812283a31f123253ee70544679e255e6f4e5795a;Wetterwechsel in Bayern: Auf Sonne folgen Wolken und Regen;https://www.zeit.de/news/2026-09/07/wetterwechsel-in-bayern-auf-sonne-folgen-wolken-und-regen;Hier finden Sie Informationen zu dem Thema „Wettervorhersage“. Lesen Sie jetzt „Wetterwechsel in Bayern: Auf Sonne folgen Wolken und Regen“.;Wettervorhersage;News, Wettervorhersage, Bayern, DWD, Wetterwechsel, Wettervorhersage;2026-09-07T05:43:44+02:00;2026-09-07T05:43:44+02:00;;dpa Bayern;false
5d88ac6652145d0987e7e8eaf696530bd648c86f87dae21fc22ceab153c42049;Auf milden Wochenstart folgt Regen in Berlin und Brandenburg;https://www.zeit.de/news/2026-09/07/auf-milden-wochenstart-folgt-regen-in-berlin-und-brandenburg;Hier finden Sie Informationen zu dem Thema „Wetter“. Lesen Sie jetzt „Auf milden Wochenstart folgt Regen in Berlin und Brandenburg“.;Wetter;News, Wetter, Berlin, Brandenburg, DWD, Höchsttemperatur, Wetter;2026-09-07T05:38:13+02:00;2026-09-07T05:38:13+02:00;;dpa Berlin/Brandenburg;false
801fe2d12c80786060ea5f345ebffda24a34a1fead1e8506443173d55a11e1ac;Es rollt die Siegmund-Show;https://www.zeit.de/politik/deutschland/2026-09/ulrich-siegmund-sachsen-anhalt-landtagswahl-reportage;Man hätte fast denken können, Ulrich Siegmund will so etwas wie ein AfD-Maskottchen werden – ohne regieren zu müssen. Doch dann gewinnt er tatsächlich die Landtagswahl.;"Z+ (abopflichtiger Inhalt);
        
    Ulrich Siegmund";Politik, Ulrich Siegmund, Ulrich Siegmund, Sachsen-Anhalt, Alternative für Deutschland, Landtagswahl, Wahlkampf, Magdeburg;2026-09-07T05:32:55+02:00;2026-09-07T05:32:55+02:00;Martin NejezchlebaThomas Victor;;false
db98fba834df0ea533023d7055e28deaac38aa6c23a67dab0deb5200d4d2e79b;Augsburg-Premiere als Liga-Primus: Trainer macht Screenshot;https://www.zeit.de/news/2026-09/07/augsburg-premiere-als-liga-primus-trainer-macht-screenshot;Hier finden Sie Informationen zu dem Thema „Historische Momentaufnahme“. Lesen Sie jetzt „Augsburg-Premiere als Liga-Primus: Trainer macht Screenshot“.;Historische Momentaufnahme;News, Historische Momentaufnahme, Manuel Baum, Augsburg, Frankfurt, FC Augsburg, Eintracht Frankfurt, Bundesliga, Momentaufnahme;2026-09-07T05:26:04+02:00;2026-09-07T05:26:04+02:00;;dpa Bayern;false
b119be16e9fc1ed5376c1655d1982a9d44c827428e367aa7f69c327c7aba16ed;Auto kracht gegen Felswand - Fahrer schwer verletzt;https://www.zeit.de/news/2026-09/07/auto-kracht-gegen-felswand-fahrer-schwer-verletzt;Hier finden Sie Informationen zu dem Thema „Unfall im Kreis Mainz-Bingen“. Lesen Sie jetzt „Auto kracht gegen Felswand - Fahrer schwer verletzt“.;Unfall im Kreis Mainz-Bingen;News, Unfall im Kreis Mainz-Bingen, Felswand, Unfall, Auto;2026-09-07T05:14:37+02:00;2026-09-07T05:14:37+02:00;;dpa Rheinland-Pfalz/Saarland;false
a7aa0c091d8ea57a47f32d42e6c69bb6edd41e045431c727e190e08e9487b80a;USA hoffen auf direkte Gespräche zwischen Moskau und Kiew;https://www.zeit.de/news/2026-09/07/usa-hoffen-auf-direkte-gespraeche-zwischen-moskau-und-kiew;Hier finden Sie Informationen zu dem Thema „Ukraine-Krieg“. Lesen Sie jetzt „USA hoffen auf direkte Gespräche zwischen Moskau und Kiew“.;Ukraine-Krieg;News, Ukraine-Krieg, Steve Witkoff, Jared Kushner, Donald Trump, Wladimir Putin, USA, Moskau, Russland, Schweiz, Washington, Kyjiw;2026-09-07T05:03:59+02:00;2026-09-07T05:03:59+02:00;;dpa;false
455056c1482ea09c2ff9a63b1b224cacfca695010fd3144a2023d2ef92bf2e6e;Sinkendes Grundwasser setzt Wäldern und Trinkwasser zu;https://www.zeit.de/news/2026-09/07/sinkendes-grundwasser-setzt-waeldern-und-trinkwasser-zu;Hier finden Sie Informationen zu dem Thema „Wasserversorgung“. Lesen Sie jetzt „Sinkendes Grundwasser setzt Wäldern und Trinkwasser zu“.;Wasserversorgung;News, Wasserversorgung, Andy Philipp, Brandis, Sachsen, Deutsche Presse-Agentur, Grundwasser, Trinkwasser, Grundwasserstand, Wasserversorgung, Messstelle, Winter;2026-09-07T05:00:20+02:00;2026-09-07T05:00:20+02:00;;dpa Sachsen;false
238c2228db94bf2d7e3817fe97a9197ad2d8c5dc710832d35d1217a8e7623c65;Ministerium: Engpass bei Schulplätzen in Gera überwunden;https://www.zeit.de/news/2026-09/07/ministerium-engpass-bei-schulplaetzen-in-gera-ueberwunden;Hier finden Sie Informationen zu dem Thema „Schulpflicht“. Lesen Sie jetzt „Ministerium: Engpass bei Schulplätzen in Gera überwunden“.;Schulpflicht;News, Schulpflicht, Gera, Bildungsministerium, Deutsche Presse-Agentur, Schulplatz, Engpass;2026-09-07T05:00:20+02:00;2026-09-07T05:00:20+02:00;;dpa Thüringen;false
3caf2f9ad1667fd40727637e492b3f3b8b87e88b69faaa88cb8cb2eae6f395e6;NRW-Gefängnisse testen Internetzugang für Häftlinge;https://www.zeit.de/news/2026-09/07/nrw-gefaengnisse-testen-internetzugang-fuer-haeftlinge;Hier finden Sie Informationen zu dem Thema „«Digitale Sozialräume»“. Lesen Sie jetzt „NRW-Gefängnisse testen Internetzugang für Häftlinge“.;«Digitale Sozialräume»;News, «Digitale Sozialräume», NRW, Justizministerium, Sozialraum, Justizvollzugsanstalt, Computer;2026-09-07T05:00:08+02:00;2026-09-07T05:00:08+02:00;;dpa Nordrhein-Westfalen;false
a32458685a6cfcbb22b667f495d0e2b85bf54dde59c35aa3784bd864e47fdf84;AfD gewinnt Landtagswahl in Sachsen-Anhalt, verfehlt absolute Mehrheit;https://www.zeit.de/politik/deutschland/2026-09/landtagswahl-sachsen-anhalt-afd-cdu-koop-positionen-gxe;Die AfD hat die Wahlen deutlich vor der regierenden CDU gewonnen, das BSW hat den Einzug in den Landtag geschafft. Die Regierungsbildung dürfte schwierig werden.;Vorläufiges Wahlergebnis;Politik, Vorläufiges Wahlergebnis, Sachsen-Anhalt, Landtagswahl, Alternative für Deutschland, Ulrich Siegmund, Sven Schulze, CDU, SPD;2026-09-07T04:52:51+02:00;2026-09-07T04:52:51+02:00;hoe;DIE ZEIT,        AFP,        dpa,        							hoe;false
be46584a71ab34ac82094ccd9062be50aaea7eb23c0f55f04e83069dd84a3503;Wiesnzelt-Vergabe vor Gericht;https://www.zeit.de/news/2026-09/07/wiesnzelt-vergabe-vor-gericht;Hier finden Sie Informationen zu dem Thema „Oktoberfestzelte“. Lesen Sie jetzt „Wiesnzelt-Vergabe vor Gericht“.;Oktoberfestzelte;News, Oktoberfestzelte, Wirt Alexander Egger, Bayerisches Oberstes Landesgericht, Verwaltungsgericht, SZ, Oktoberfest, Oktoberfestzelt, Millionengeschäft;2026-09-07T04:15:04+02:00;2026-09-07T04:15:04+02:00;;dpa Bayern;false
3c80d7e7b0306fdfed599cc8a683ca9b8748cc1496a0698bcf20a1d79fbf93f5;Motorradfahrer prallt gegen Baum - schwer verletzt;https://www.zeit.de/news/2026-09/07/motorradfahrer-prallt-gegen-baum-schwer-verletzt;Hier finden Sie Informationen zu dem Thema „Unfälle“. Lesen Sie jetzt „Motorradfahrer prallt gegen Baum - schwer verletzt“.;Unfälle;News, Unfälle, Polizei, Unfall;2026-09-07T04:09:14+02:00;2026-09-07T04:09:14+02:00;;dpa Nordrhein-Westfalen;false
748887a6458cff5613fff46b7c911931858c891c3825defd4ad9f2a104127b6b;Wagenknecht für «politischen Neubeginn» in Magdeburg;https://www.zeit.de/news/2026-09/07/wagenknecht-fuer-politischen-neubeginn-in-magdeburg;Hier finden Sie Informationen zu dem Thema „Landtagswahl Sachsen-Anhalt“. Lesen Sie jetzt „Wagenknecht für «politischen Neubeginn» in Magdeburg“.;Landtagswahl Sachsen-Anhalt;News, Landtagswahl Sachsen-Anhalt, Sahra Wagenknecht, Magdeburg, Sachsen-Anhalt, Bündnis Sahra Wagenknecht, Deutsche Presse-Agentur, Alternative für Deutschland, Landtagswahl, Neubeginn, Wahlerfolg, Koalition;2026-09-07T04:05:04+02:00;2026-09-07T04:05:04+02:00;;dpa Sachsen;false
b76c8a189cd5c592dd3ea971804c35575544bd623ab7229c777a2520094c5dad;Alpakas im Garten: Ein Traum zwischen zwei Behörden;https://www.zeit.de/news/2026-09/07/alpakas-im-garten-ein-traum-zwischen-zwei-behoerden;Hier finden Sie Informationen zu dem Thema „Ärger um Tierzucht“. Lesen Sie jetzt „Alpakas im Garten: Ein Traum zwischen zwei Behörden“.;Ärger um Tierzucht;News, Ärger um Tierzucht, Patrick Stellmach, Vaihingen an der Enz, Vaihingen, Alpaka, Tierzucht, Tiere;2026-09-07T04:00:12+02:00;2026-09-07T04:00:12+02:00;;dpa Baden-Württemberg;false
6da320cb05022acf7d50a700513a6b78bb2de09da2a09ee3d46509af707416d9;ADHS-Neudiagnosen bei jungen Hessen deutlich gestiegen;https://www.zeit.de/news/2026-09/07/adhs-neudiagnosen-bei-jungen-hessen-deutlich-gestiegen;Hier finden Sie Informationen zu dem Thema „Neudiagnose“. Lesen Sie jetzt „ADHS-Neudiagnosen bei jungen Hessen deutlich gestiegen“.;Neudiagnose;News, Neudiagnose, Ralf Moebus, Hessen, DAK-Gesundheit, DAK, Neudiagnose, Jugendreport, ADHS;2026-09-07T04:00:10+02:00;2026-09-07T04:00:10+02:00;;dpa Hessen;false
fa1da23e228c3abff0e495f486d45c74bfaf5e26cf4010abc330122cf971d2c0;European Peace Ride lebt fort - mit neuer Mission;https://www.zeit.de/news/2026-09/07/european-peace-ride-lebt-fort-mit-neuer-mission;Hier finden Sie Informationen zu dem Thema „Nach dem Kulturhauptstadtjahr“. Lesen Sie jetzt „European Peace Ride lebt fort - mit neuer Mission“.;Nach dem Kulturhauptstadtjahr;News, Nach dem Kulturhauptstadtjahr, Peace Ride, Kai Winkler, Zittau, Tschechien, Chemnitz, Meerane, Tour de France, Kulturhauptstadtjahr, Sportkultur;2026-09-07T04:00:10+02:00;2026-09-07T04:00:10+02:00;;dpa Sachsen;false
664d2491e75a98c77e9263c7287c22b07cd2dd2bbb28844f481147665b76af1e;Vermisstensuche im TV - So viele Hinweise bekam die Polizei;https://www.zeit.de/news/2026-09/07/vermisstensuche-im-tv-so-viele-hinweise-bekam-die-polizei;Hier finden Sie Informationen zu dem Thema „Vermisster Vater“. Lesen Sie jetzt „Vermisstensuche im TV - So viele Hinweise bekam die Polizei“.;Vermisster Vater;News, Vermisster Vater, Offenburg, Rastatt, Landkreis Rastatt, ZDF, Polizei, Aktenzeichen XY, Vermisstensuche, Familie;2026-09-07T04:00:08+02:00;2026-09-07T04:00:08+02:00;;dpa Baden-Württemberg;false
da7e64997599d935e6fd5a89b2d54533af8309343b0f279a7bdce02ddfb7cd45;Bundesweiter Warntag: Was muss ich beachten?;https://www.zeit.de/news/2026-09/07/bundesweiter-warntag-was-muss-ich-beachten;Hier finden Sie Informationen zu dem Thema „Katastrophenschutz“. Lesen Sie jetzt „Bundesweiter Warntag: Was muss ich beachten?“.;Katastrophenschutz;News, Katastrophenschutz, Koblenz, Rheinland-Pfalz, Innenministerium, Warntag, Katastrophenschutz, Warnmeldung, Probealarm;2026-09-07T04:00:06+02:00;2026-09-07T04:00:06+02:00;;dpa Rheinland-Pfalz/Saarland;false
4d3bf085a4e06595e3be026c2e3e20acf9a32f619fa892a3b93e2a8200f253a5;Freifahrt und Familienfest zum Schwebebahn-Jubiläum;https://www.zeit.de/news/2026-09/07/freifahrt-und-familienfest-zum-schwebebahn-jubilaeum;Hier finden Sie Informationen zu dem Thema „Einzigartiges Verkehrsmittel“. Lesen Sie jetzt „Freifahrt und Familienfest zum Schwebebahn-Jubiläum“.;Einzigartiges Verkehrsmittel;News, Einzigartiges Verkehrsmittel, Wuppertal, Wupper, WSW Wuppertaler Stadtwerke, Feuerwehr, Polizei, Familienfest, Schwebebahn, Hauptbahnhof, Verkehrsmittel, Fahrzeug;2026-09-07T04:00:05+02:00;2026-09-07T04:00:05+02:00;;dpa Nordrhein-Westfalen;false
c2949f5ebac20a598d08d1fb009478f1daba6d435699f8d33aaa92f0164df5d5;Wagen überschlägt sich auf Autobahn: Mann schwer verletzt;https://www.zeit.de/news/2026-09/07/wagen-ueberschlaegt-sich-auf-autobahn-mann-schwer-verletzt;Hier finden Sie Informationen zu dem Thema „Unfälle“. Lesen Sie jetzt „Wagen überschlägt sich auf Autobahn: Mann schwer verletzt“.;Unfälle;News, Unfälle, Hilzingen, Unfall, Autobahn, Auto;2026-09-07T03:58:48+02:00;2026-09-07T03:58:48+02:00;;dpa Baden-Württemberg;false
a85622f64cb91bb3d68b24b8b4fb97e42f11725b101b7ed12ce2df6703273e5f;Alpakas zwischen Nachbarn und Behörden;https://www.zeit.de/news/2026-09/07/alpakas-zwischen-nachbarn-und-behoerden;Hier finden Sie Informationen zu dem Thema „Ärger um Tierzucht“. Lesen Sie jetzt „Alpakas zwischen Nachbarn und Behörden“.;Ärger um Tierzucht;News, Ärger um Tierzucht, Patrick Stellmach, Alpaka, Tierzucht, Tiere;2026-09-07T03:55:05+02:00;2026-09-07T03:55:05+02:00;;dpa Baden-Württemberg;false
e0707e624ad0dbc1e1aa12750e8f370ca8f00b7db8e069beb2cfc010a5c8a2a1;Alle Ergebnisse der Landtagswahl in Sachsen-Anhalt;https://www.zeit.de/politik/deutschland/2026-09/landtagswahl-sachsen-anhalt-ergebnisse-wahlkreise-live;Welche Koalitionen sind im Landtag in Magdeburg möglich? Welche Kandidierenden gewinnen welchen Wahlkreis? Alle Daten zur Landtagswahl in Sachsen-Anhalt;Wahlergebnisse in Sachsen-Anhalt;Politik, Wahlergebnisse in Sachsen-Anhalt, Minderheitsregierung, Landtagswahl, Sachsen-Anhalt, Ulrich Siegmund, Alternative für Deutschland, CDU, SPD, Sven Schulze;2026-09-07T03:27:18+02:00;2026-09-07T03:27:18+02:00;Gregor AischDavid SchachJulian Stahnke;;false
3c26dad1ec0eae072b4b6c55666d48725c851b20d1aee240aa0f0ba3565adc9f;Arbeitgeber warnen nach Wahl vor «Klima der Abschottung»;https://www.zeit.de/news/2026-09/07/arbeitgeber-warnen-nach-wahl-vor-klima-der-abschottung;Hier finden Sie Informationen zu dem Thema „Wahl“. Lesen Sie jetzt „Arbeitgeber warnen nach Wahl vor «Klima der Abschottung»“.;Wahl;News, Wahl, Steffen Kampeter, Sachsen-Anhalt, Alternative für Deutschland, Bundesvereinigung der Deutschen Arbeitgeberverbände, Deutsche Presse-Agentur, Abschottung;2026-09-07T03:30:08+02:00;2026-09-07T03:30:08+02:00;;dpa;false
055db008240cba3624dc9ff93011dfd33322bc497aae328bd593fafc62817377;Prozess um Mordanschlag auf Neffen von Drogenboss startet;https://www.zeit.de/news/2026-09/07/prozess-um-mordanschlag-auf-neffen-von-drogenboss-startet;Hier finden Sie Informationen zu dem Thema „Kugelhagel in Düsseldorf“. Lesen Sie jetzt „Prozess um Mordanschlag auf Neffen von Drogenboss startet“.;Kugelhagel in Düsseldorf;News, Kugelhagel in Düsseldorf, Düsseldorf, Mordanschlag, Kugelhagel, Strafkammer;2026-09-07T03:30:07+02:00;2026-09-07T03:30:07+02:00;;dpa Nordrhein-Westfalen;false
df65cac625df742016617d74590f6205e5b883e1fc405628b3898eb099167c95;AfD-Chef Münzenmaier: Brandmauer wird Geschichte sein;https://www.zeit.de/news/2026-09/07/afd-chef-muenzenmaier-brandmauer-wird-geschichte-sein;Hier finden Sie Informationen zu dem Thema „Nach Landtagswahl in Magdeburg“. Lesen Sie jetzt „AfD-Chef Münzenmaier: Brandmauer wird Geschichte sein“.;Nach Landtagswahl in Magdeburg;News, Nach Landtagswahl in Magdeburg, Magdeburg, Sachsen-Anhalt, Rheinland-Pfalz, Alternative für Deutschland, Landtagswahl, Landtagswahl in Sachsen, Brandmauer;2026-09-07T03:30:05+02:00;2026-09-07T03:30:05+02:00;;dpa Rheinland-Pfalz/Saarland;false
f73fdaee4633edde1c655d70a728d4ba361f05a93b8552a9d9595e196e6d3f68;Asterix uff Pälzisch - Großes Gezeter bei den Galliern;https://www.zeit.de/news/2026-09/07/asterix-uff-paelzisch-grosses-gezeter-bei-den-galliern;Hier finden Sie Informationen zu dem Thema „Comic-Klassiker“. Lesen Sie jetzt „Asterix uff Pälzisch - Großes Gezeter bei den Galliern“.;Comic-Klassiker;News, Comic-Klassiker, Christian « Chako » Habekost, Deutsche Presse-Agentur, Gezeter, Comics, Erfolg;2026-09-07T03:30:04+02:00;2026-09-07T03:30:04+02:00;;dpa Rheinland-Pfalz/Saarland;false
cd48060a66f8874374ae9df83f2f59ffb059bfaf5e6601e7d3564d334d7c3e75;AfD verpasst in Sachsen-Anhalt absolute Mehrheit;https://www.zeit.de/news/2026-09/07/afd-verpasst-in-sachsen-anhalt-absolute-mehrheit;Hier finden Sie Informationen zu dem Thema „Landtagswahl“. Lesen Sie jetzt „AfD verpasst in Sachsen-Anhalt absolute Mehrheit“.;Landtagswahl;News, Landtagswahl, Sachsen-Anhalt, Alternative für Deutschland, Landtagswahl;2026-09-07T03:08:25+02:00;2026-09-07T03:08:25+02:00;;dpa;false
5fe2cf9f9c7591f6b013f8725353b7a6fe05ef2310b3e5e7393b1f3d0f9de0ac;Trumps Namensidee für Bundesstaat New Mexico: «New America»;https://www.zeit.de/news/2026-09/07/trumps-namensidee-fuer-bundesstaat-new-mexico-new-america;Hier finden Sie Informationen zu dem Thema „US-Regierung“. Lesen Sie jetzt „Trumps Namensidee für Bundesstaat New Mexico: «New America»“.;US-Regierung;News, US-Regierung, Donald Trump, New Mexico, Golf von Mexiko, Kanada, Mexico, America, USA, Namensidee, Südwesten, Grenze;2026-09-07T03:06:02+02:00;2026-09-07T03:06:02+02:00;;dpa;false
c0785ef1133782d3fe961de36e9884694422ad235808d3498fdceadffe25c388;CDU gewinnt kein einziges Direktmandat;https://www.zeit.de/news/2026-09/07/cdu-gewinnt-kein-einziges-direktmandat;Hier finden Sie Informationen zu dem Thema „Landtagswahl in Sachsen-Anhalt“. Lesen Sie jetzt „CDU gewinnt kein einziges Direktmandat“.;Landtagswahl in Sachsen-Anhalt;News, Landtagswahl in Sachsen-Anhalt, CDU, Alternative für Deutschland, Landtagswahl in Sachsen, Landtagswahl, Direktmandat, Wahlkreis, Landeswahlleitung;2026-09-07T02:01:47+02:00;2026-09-07T02:01:47+02:00;;dpa Sachsen;false
f0f53bd070e3f8898e363fa7db0e361e102292b942ff9ddf0d3986374b62ba79;Siegmund auch im Wahlkreis erfolgreich - Direktmandat geholt;https://www.zeit.de/news/2026-09/07/siegmund-auch-im-wahlkreis-erfolgreich-direktmandat-geholt;Hier finden Sie Informationen zu dem Thema „Landtagswahl in Sachsen-Anhalt“. Lesen Sie jetzt „Siegmund auch im Wahlkreis erfolgreich - Direktmandat geholt“.;Landtagswahl in Sachsen-Anhalt;News, Landtagswahl in Sachsen-Anhalt, Ulrich Siegmund, Thomas Staudt, Genthin, Alternative für Deutschland, Landtagswahl in Sachsen, Landtagswahl, Direktmandat, Wahlkreis;2026-09-07T01:53:51+02:00;2026-09-07T01:53:51+02:00;;dpa Sachsen;false
b117cba595f6b644dc83ddb36dfeddfd13a6a79b887299b1b6a202e12f32b6c7;Fünf Tote bei Unfall mit Amazon-Frachtflugzeug in Miami;https://www.zeit.de/news/2026-09/06/unfall-mit-frachtflugzeug-nach-landung-am-flughafen-miami;Hier finden Sie Informationen zu dem Thema „Notfälle“. Lesen Sie jetzt „Fünf Tote bei Unfall mit Amazon-Frachtflugzeug in Miami“.;Notfälle;News, Notfälle, Miami, Puerto Rico, Florida, Feuerwehr, X, Unfall, Frachtflugzeug, Flughafen, Notfall;2026-09-07T01:36:06+02:00;2026-09-07T01:36:06+02:00;;dpa;false
8b1c4905714ac125462a3537e96770bff4c12823187c2588381406033553da54;Widerstand aus Berlin: EU bläst Verteidigungsinitiative ab;https://www.zeit.de/news/2026-09/07/widerstand-aus-berlin-eu-blaest-verteidigungsinitiative-ab;Hier finden Sie Informationen zu dem Thema „Zoff um Zuständigkeiten“. Lesen Sie jetzt „Widerstand aus Berlin: EU bläst Verteidigungsinitiative ab“.;Zoff um Zuständigkeiten;News, Zoff um Zuständigkeiten, Kaja Kalla, Berlin, Brüssel, Europa, Europäische Union, Verteidigungsinitiative, Zuständigkeit, Expertengruppe;2026-09-07T01:20:10+02:00;2026-09-07T01:20:10+02:00;;dpa;false
08e53eae336b2b59dfdc2512194b51c145967f707596a7c987e6766d148813ca;Die einen zünden Feuerwerk, den anderen kommen die Tränen;https://www.zeit.de/politik/deutschland/2026-09/demonstration-sachsen-anhalt-landtagswahl-demokratie;AfD-Fans feiern, bei den Gegnern der Partei herrscht Trauer, aber auch Entschlossenheit. Unterwegs in einem zerrissenen Bundesland, wo sich die Demokratie verändert hat.;"Z+ (abopflichtiger Inhalt);
        
    Demonstration in Sachsen-Anhalt";Politik, Demonstration in Sachsen-Anhalt, Landtagswahl, Sachsen-Anhalt, Alternative für Deutschland, Wahlkampf, Demonstration, Magdeburg;2026-09-07T00:44:21+02:00;2026-09-07T00:44:21+02:00;Marina GuldimannMagdalena InouFrancesco  Schneider-EickeChristoph HeinemannAlicia KleerMariya MartiyenkoChristian ParthValerie Schönian;;false
fae4f3bbcb5fe2917c68600ea684814dd993166a2a461d866daa02b729d82d37;Fünf Tote nach Unfall von Amazon-Frachtflugzeug;https://www.zeit.de/gesellschaft/2026-09/amazon-frachtflugzeug-boeing-767-miami-flughafen-unfall;In Miami ist ein Frachtflugzeug von Amazon über die Startbahn hinausgerollt und in Brand geraten. Es gibt Tote und Verletzte. Zu den Umständen wird ermittelt.;Miami;Gesellschaft, Miami, Amazon, Miami, Flugzeug, Florida, Feuerwehr, Flughafen;2026-09-07T00:30:25+02:00;2026-09-07T00:30:25+02:00;hoe;DIE ZEIT,        dpa,        Reuters,        AFP,        							hoe;false
8ffe4cd27c8e68dcd9257bb1e585fbcae8900ca79651a2a40fbefa91b2eead07;Schulze auch im Kampf um Direktmandat geschlagen;https://www.zeit.de/news/2026-09/07/schulze-auch-im-kampf-um-direktmandat-geschlagen;Hier finden Sie Informationen zu dem Thema „Landtagswahl in Sachsen-Anhalt“. Lesen Sie jetzt „Schulze auch im Kampf um Direktmandat geschlagen“.;Landtagswahl in Sachsen-Anhalt;News, Landtagswahl in Sachsen-Anhalt, Sven Schulze, Christian Mertens, Sachsen-Anhalt, CDU, Landtagswahl in Sachsen, Landtagswahl, Direktmandat, Wahlkreis;2026-09-07T00:16:11+02:00;2026-09-07T00:16:11+02:00;;dpa Sachsen;false
8c0276300173b2f24ce4d983393c1a44fccd336c20a1d828276a3fe79dff665c;AfD strebt nach Wahl-Triumph an die Macht in Sachsen-Anhalt;https://www.zeit.de/news/2026-09/06/eine-wahl-wie-keine-andere-alle-gucken-auf-sachsen-anhalt;Hier finden Sie Informationen zu dem Thema „Sachsen-Anhalt“. Lesen Sie jetzt „AfD strebt nach Wahl-Triumph an die Macht in Sachsen-Anhalt“.;Sachsen-Anhalt;News, Sachsen-Anhalt, Ulrich Siegmund, Sven Schulze, Magdeburg, Sachsen, Sachsen-Anhalt, FDP, ZDF, Alternative für Deutschland, Verfassungsschutz, CDU;2026-09-07T00:00:13+02:00;2026-09-07T00:00:13+02:00;;dpa;false
0c15203024a5a1e2477ea41bf606a35e4bf3279f22b59ad55b15878b4ca853e1;Was geschah am 7. September?;https://www.zeit.de/news/2026-09/06/was-geschah-am-7-september;Hier finden Sie Informationen zu dem Thema „Kalenderblatt“. Lesen Sie jetzt „Was geschah am 7. September?“.;Kalenderblatt;News, Kalenderblatt, Jaroslawl, Russland, China, Lokomotive Jaroslawl, Kalenderblatt, Namenstag, Flugzeugabsturz;2026-09-06T23:55:04+02:00;2026-09-06T23:55:04+02:00;;dpa;false
7cb5c608964f5f167964357ea2792a30ee2cecdffe22d8fa5ba2ce46dbdfc832;Schock! Schwere! Not!;https://www.zeit.de/politik/deutschland/2026-09/sven-schulze-sachsen-anhalt-landtagswahl-reportage;Bei der CDU herrscht nach dem Wahldebakel erschütternde Stille und Ratlosigkeit. Zugleich wächst die Furcht vor AfD-Avancen, die die Partei zerreißen könnten.;"Z+ (abopflichtiger Inhalt);
        
    Sven Schulze";Politik, Sven Schulze, Sven Schulze, Ulrich Siegmund, Friedrich Merz, Magdeburg, Sachsen-Anhalt, CDU, Alternative für Deutschland;2026-09-06T23:51:51+02:00;2026-09-06T23:51:51+02:00;August ModersohnCornelius PollmerMartin Steger;;false
b117cba595f6b644dc83ddb36dfeddfd13a6a79b887299b1b6a202e12f32b6c7;Fünf Tote bei Unfall mit Amazon-Frachtflugzeug in Miami;https://www.zeit.de/news/2026-09/06/fuenf-tote-bei-unfall-mit-amazon-frachtflugzeug-in-miami;Hier finden Sie Informationen zu dem Thema „Notfälle“. Lesen Sie jetzt „Fünf Tote bei Unfall mit Amazon-Frachtflugzeug in Miami“.;Notfälle;News, Notfälle, Miami, Unfall, Notfall, Behördenangabe;2026-09-06T23:48:49+02:00;2026-09-06T23:48:49+02:00;;dpa;false
606a52e0b4dc0ddadd1228176eb1a82fcaf57991cf884bf5e6ea956e19809a76;Schulze will im Parteivorstand über Konsequenzen sprechen;https://www.zeit.de/news/2026-09/06/schulze-will-im-parteivorstand-ueber-konsequenzen-sprechen;Hier finden Sie Informationen zu dem Thema „Landtagswahl in Sachsen-Anhalt“. Lesen Sie jetzt „Schulze will im Parteivorstand über Konsequenzen sprechen“.;Landtagswahl in Sachsen-Anhalt;News, Landtagswahl in Sachsen-Anhalt, Sven Schulze, Berlin, Sachsen-Anhalt, CDU, Landtagswahl in Sachsen, Parteivorstand, Konsequenz, Wahlniederlage;2026-09-06T23:24:31+02:00;2026-09-06T23:24:31+02:00;;dpa Sachsen;false
4e1aea751500a9c32513559eaa71a0b9ad9b1c024fdd46afc65e0504e2abbd89;Das sind Siegmunds Machtoptionen;https://www.zeit.de/politik/deutschland/2026-09/landtagswahl-sachsen-anhalt-afd-wahlergebnis-ulrich-siegmund;Die AfD erzielt in Sachsen-Anhalt ein historisches Ergebnis, verfehlt aber die absolute Mehrheit. In der Partei setzt man nun auf das BSW – oder das CDU-Frust-Szenario.;"Z+ (abopflichtiger Inhalt);
        
    AfD in Sachsen-Anhalt";Politik, AfD in Sachsen-Anhalt, Alternative für Deutschland, Ulrich Siegmund, Magdeburg, Sachsen-Anhalt, Bündnis Sahra Wagenknecht, CDU, Landtagswahl;2026-09-06T23:21:39+02:00;2026-09-06T23:21:39+02:00;Tilman Steffen;;false
9494052df5f362e6303fac5145d08bb7cc49542d198fb07d48bb30757ca1cfcf;BSW-Spitzenkandidat sieht «Schnittmengen» mit AfD;https://www.zeit.de/news/2026-09/06/bsw-spitzenkandidat-sieht-schnittmengen-mit-afd;Hier finden Sie Informationen zu dem Thema „Landtagswahl Sachsen-Anhalt“. Lesen Sie jetzt „BSW-Spitzenkandidat sieht «Schnittmengen» mit AfD“.;Landtagswahl Sachsen-Anhalt;News, Landtagswahl Sachsen-Anhalt, Thomas Schulze, Sachsen-Anhalt, Bündnis Sahra Wagenknecht, Alternative für Deutschland, Deutsche Presse-Agentur, Landtagswahl, Landtagswahl in Sachsen, Schnittmenge;2026-09-06T23:15:42+02:00;2026-09-06T23:15:42+02:00;;dpa;false
c8ee67805b35421a3c9ce02054f052326152ac343be2f6f2f5200fd4692caca8;Hoppermann: Schulze wird schwierige Gespräche führen;https://www.zeit.de/news/2026-09/06/hoppermann-schulze-wird-schwierige-gespraeche-fuehren;Hier finden Sie Informationen zu dem Thema „Landtagswahl Sachsen-Anhalt“. Lesen Sie jetzt „Hoppermann: Schulze wird schwierige Gespräche führen“.;Landtagswahl Sachsen-Anhalt;News, Landtagswahl Sachsen-Anhalt, Sven Schulze, Franziska Hoppermann, Sachsen-Anhalt, CDU, Landtagswahl, Landtagswahl in Sachsen;2026-09-06T22:49:23+02:00;2026-09-06T22:49:23+02:00;;dpa Sachsen;false
0f1d9fc14e29c5e72ad4883f51cf1cf9f1482801cb15f88c24ee3790e9806b76;Zehn Tote bei Feuerwerksexplosion in Kirche in Mexiko;https://www.zeit.de/news/2026-09/06/zehn-tote-bei-feuerwerksexplosion-in-kirche-in-mexiko;Hier finden Sie Informationen zu dem Thema „Unglücke“. Lesen Sie jetzt „Zehn Tote bei Feuerwerksexplosion in Kirche in Mexiko“.;Unglücke;News, Unglücke, Mexiko, Feuerwerksexplosion, Unglück;2026-09-06T22:46:28+02:00;2026-09-06T22:46:28+02:00;;dpa;false
21f591296a20c17d53f9af1ae56bf75499e80bde2e43d58a6bd98f724c240cc7;US-Basketballerinnen mit knappem Sieg gegen Italien;https://www.zeit.de/news/2026-09/06/us-basketballerinnen-mit-knappem-sieg-gegen-italien;Hier finden Sie Informationen zu dem Thema „Basketball-WM der Frauen“. Lesen Sie jetzt „US-Basketballerinnen mit knappem Sieg gegen Italien“.;Basketball-WM der Frauen;News, Basketball-WM der Frauen, Italien, USA, Berlin, Basketball-Weltmeisterschaft, Gruppenspiel;2026-09-06T22:39:35+02:00;2026-09-06T22:39:35+02:00;;dpa Berlin/Brandenburg;false
a81e1475d85ad66225a825d49cec729dd82534e8f9e0a9e3fa64f2edcf102ba1;Zwei Tote und zwei Schwerstverletzte bei Flugzeugabsturz;https://www.zeit.de/news/2026-09/06/kleinflugzeug-stuerzt-beim-anflug-in-suedhessen-ab;Hier finden Sie Informationen zu dem Thema „Notfälle“. Lesen Sie jetzt „Zwei Tote und zwei Schwerstverletzte bei Flugzeugabsturz“.;Notfälle;News, Notfälle, Südhessen, Weinheim, Kleinflugzeug, Anflug, Notfall;2026-09-06T22:38:33+02:00;2026-09-06T22:38:33+02:00;;dpa;false
db70c7e579c774e8e61dcf6aeacee089c46919f5ca79c5bc309871339f9bd4c5;Berliner Landesparteien schockiert über AfD-Wahlsieg in Sachsen-Anhalt;https://www.zeit.de/politik/deutschland/2026-09/afd-sachsen-anhalt-landtagswahl-reaktionen-berlin-gxe;Zwei Wochen vor der Wahl in Berlin zeigen sich die Landesparteien mehrheitlich besorgt über den AfD-Wahlsieg in Sachsen-Anhalt. Die AfD-Landeschefin gratuliert. ;Sachsen-Anhalt;Politik, Sachsen-Anhalt, Berlin, Sachsen-Anhalt, Alternative für Deutschland, CDU, SPD, Wahlkampf;2026-09-06T22:29:35+02:00;2026-09-06T22:29:35+02:00;man;DIE ZEIT,        AFP,        							man;false
e9a87e03b9f53ed1add5638725c3972a64b55f3219ac7bfb61ad1b845f23cd30;Özdemir fordert nach AfD-Sieg radikalen Politikwechsel;https://www.zeit.de/news/2026-09/06/oezdemir-fordert-nach-afd-sieg-radikalen-politikwechsel;Hier finden Sie Informationen zu dem Thema „Landtagswahl Sachsen-Anhalt“. Lesen Sie jetzt „Özdemir fordert nach AfD-Sieg radikalen Politikwechsel“.;Landtagswahl Sachsen-Anhalt;News, Landtagswahl Sachsen-Anhalt, Cem Özdemir, Sachsen-Anhalt, Alternative für Deutschland, Landtagswahl, Landtagswahl in Sachsen, Politikwechsel;2026-09-06T22:25:24+02:00;2026-09-06T22:25:24+02:00;;dpa Baden-Württemberg;false
bc73c0f04a41b38310869a73e10e1838f864d67bb066382cdfa3d69b533eba1b;AfD-Spitzenkandidat Siegmund: Im Notfall Neuwahlen;https://www.zeit.de/news/2026-09/06/afd-spitzenkandidat-siegmund-im-notfall-neuwahlen;Hier finden Sie Informationen zu dem Thema „Landtagswahl Sachsen-Anhalt“. Lesen Sie jetzt „AfD-Spitzenkandidat Siegmund: Im Notfall Neuwahlen“.;Landtagswahl Sachsen-Anhalt;News, Landtagswahl Sachsen-Anhalt, Ulrich Siegmund, Sachsen-Anhalt, Alternative für Deutschland, Landtagswahl, Notfall, Neuwahl;2026-09-06T22:14:46+02:00;2026-09-06T22:14:46+02:00;;dpa Sachsen;false
675e3040f20b7cc360b25351e93da59c80edc4aa5093b5c8aa88178380641e37;AfD Hessen bejubelt Wahlsieg - Rhein dankt Sven Schulze;https://www.zeit.de/news/2026-09/06/afd-hessen-spricht-von-vertrauensvorschuss-und-spd-von-zaesur;Hier finden Sie Informationen zu dem Thema „Wahlen“. Lesen Sie jetzt „AfD Hessen bejubelt Wahlsieg - Rhein dankt Sven Schulze“.;Wahlen;News, Wahlen, Robert Lambrou, Hessen, Sachsen-Anhalt, Alternative für Deutschland, SPD, Landtagswahl in Sachsen, Vertrauensvorschuss, Zäsur, Wahlsieg, Erfolg;2026-09-06T22:13:45+02:00;2026-09-06T22:13:45+02:00;;dpa Hessen;false
433d72f0bbc2442636a0db0de6b6a446d132cbb14acb7eddb02c75be055a9fde;Der Wahlabend im Video;https://www.zeit.de/video/2026-09/hochrechnungen-sachsen-anhalt-afd-reakionen-landtagswahl;Die erste Hochrechnung zur Landtagswahl in Sachsen-Anhalt sieht die AfD klar vorn. Sehen Sie den Wahltag und erste Reaktionen auf den Wahlausgang im Video. ;Landtagswahl in Sachsen-Anhalt;Video,  Landtagswahl in Sachsen-Anhalt, Alternative für Deutschland, Landtagswahl, Sachsen-Anhalt, CDU, Ulrich Siegmund;2026-09-06T22:12:22+02:00;2026-09-06T22:12:22+02:00;;;false
eac5af7fce3f044c5578b7673e4e97fb1bb105982461a3fd129a3b32cde0cdf5;Internationale Presse sieht Zäsur und zieht historische Vergleiche;https://www.zeit.de/politik/ausland/2026-09/afd-regierungsbeteiligung-bundesland-rechtsaussenpartei;Zum ersten Mal seit dem Ende der NS-Zeit könnten Rechtsextreme in einem Bundesland die Macht übernehmen, schreibt die »New York Times«. Auch in Brasilien ist man besorgt.;Wahltag in Sachsen-Anhalt;Politik, Wahltag in Sachsen-Anhalt, Landtagswahl, Sachsen-Anhalt, Alternative für Deutschland;2026-09-06T22:12:11+02:00;2026-09-06T22:12:11+02:00;jsp;DIE ZEIT,        dpa,        							jsp;false
8c5c722eb0034578b9840dfba9eaa1d5ba2d9d48f9177bf9e66e0cb495186816;"Lies: Wahlergebnis in Sachsen-Anhalt ""dramatisch""";https://www.zeit.de/news/2026-09/06/lies-wahlergebnis-in-sachsen-anhalt-dramatisch;"Hier finden Sie Informationen zu dem Thema „Landtagswahl Sachsen-Anhalt“. Lesen Sie jetzt „Lies: Wahlergebnis in Sachsen-Anhalt ""dramatisch""“.";Landtagswahl Sachsen-Anhalt;News, Landtagswahl Sachsen-Anhalt, Olaf Lie, Niedersachsen, Sachsen-Anhalt, Landtagswahl, Landtagswahl in Sachsen, Wahlergebnis;2026-09-06T22:06:53+02:00;2026-09-06T22:06:53+02:00;;dpa Niedersachsen;false
14d92e5a654a9d55e7698d58f3b8cec073c07d8b5293c70a41715c58f5a4b682;Schweitzer warnt nach Wahl vor Vertrauensverlust in Politik;https://www.zeit.de/news/2026-09/06/schweitzer-warnt-nach-wahl-vor-vertrauensverlust-in-politik;Hier finden Sie Informationen zu dem Thema „Wahlen“. Lesen Sie jetzt „Schweitzer warnt nach Wahl vor Vertrauensverlust in Politik“.;Wahlen;News, Wahlen, Alexander Schweitzer, Rheinland-Pfalz, Sachsen-Anhalt, SPD, Alternative für Deutschland, Vertrauensverlust;2026-09-06T21:58:09+02:00;2026-09-06T21:58:09+02:00;;dpa Rheinland-Pfalz/Saarland;false
958c417674731bb21666eb9258eb2af1be819763ecad540604d51c54ec8ac783;Willingmann hält wechselnde Mehrheiten für «verrückt»;https://www.zeit.de/news/2026-09/06/willingmann-haelt-wechselnde-mehrheiten-fuer-verrueckt;Hier finden Sie Informationen zu dem Thema „Landtagswahl Sachsen-Anhalt“. Lesen Sie jetzt „Willingmann hält wechselnde Mehrheiten für «verrückt»“.;Landtagswahl Sachsen-Anhalt;News, Landtagswahl Sachsen-Anhalt, Armin Willingmann, Sachsen-Anhalt, SPD, Landtagswahl;2026-09-06T21:54:56+02:00;2026-09-06T21:54:56+02:00;;dpa Sachsen;false
d2613c2e4b46e796d3cf85d403e433c5d662146184b1069938666febc899fe43;Zentralratspräsident Schuster zeigt sich entsetzt über AfD-Wahlerfolg;https://www.zeit.de/politik/deutschland/2026-09/zentralrat-der-juden-sachsen-anhalt-wahl-charlotte-knobloch;Vertreter jüdischer Organisationen reagieren schockiert auf den AfD-Sieg. Die Kirchen sind besorgt. Bischof Kramer sagt, es gehe ein Riss tief durch die Gesellschaft.;Zentralrat der Juden;Politik, Zentralrat der Juden, Charlotte Knobloch, Sachsen-Anhalt, Alternative für Deutschland, Zentralrat der Juden in Deutschland, Landtagswahl in Sachsen;2026-09-06T21:52:05+02:00;2026-09-06T21:52:05+02:00;svj;DIE ZEIT,        dpa,        epd,        							svj;false
2a54bdbc4d418150557eff7f818cea792aa91f3a86a8490156da1b04d4b5c7a3;Tusk: Nur Idioten erfreut über AfD-Triumph;https://www.zeit.de/news/2026-09/06/tusk-nur-idioten-erfreut-ueber-afd-triumph;Hier finden Sie Informationen zu dem Thema „Internationale Reaktionen“. Lesen Sie jetzt „Tusk: Nur Idioten erfreut über AfD-Triumph“.;Internationale Reaktionen;News, Internationale Reaktionen, Donald Tusk, Warschau, Prag, Polen, Tschechien, Sachsen-Anhalt, Alternative für Deutschland, X, Recht und Gerechtigkeit (PiS), SPD;2026-09-06T21:51:58+02:00;2026-09-06T21:51:58+02:00;;dpa Sachsen;false
b508eb7abce7a6d5a8a12dfcf0e630f75d42970dfa9cfba4339c5f2b22a372f6;Iranisches Regime erhöht Benzinpreise;https://www.zeit.de/politik/ausland/2026-05/iran-krieg-donald-trump-hormus-live;Im Iran sollen erhöhte Benzinpreise die Kriegskosten mildern. Das Regime kündigt harte Reaktion auf mögliche Angriffe an. Das Liveblog;Liveblog:                     Irankrieg;Politik, Irankrieg, USA, Donald Trump, Iran, Israel, Atomabkommen, Nahost, Militär;2026-09-08T04:35:41+00:00;2026-09-08T04:35:41+00:00;Thordis SchreiberIven Yorick FenkerPia  Packmohr;;false
6631a844743f3eebe8de64d73348c00efaa9ed3b4e968debd2594c068623369d;Im Zweifel für die AfD;https://www.zeit.de/politik/deutschland/2026-09/buendnis-sarah-wagenknecht-sachsen-anhalt-landtagswahl-wahlergebnis;Das BSW in Sachsen-Anhalt lehnt eine Koalition mit der CDU ebenso ab wie eine Brandmauer nach rechts. Jetzt könnte die Wagenknecht-Partei der AfD den Weg bereiten.;"Z+ (abopflichtiger Inhalt);
        
    BSW in Sachsen-Anhalt";Politik, BSW in Sachsen-Anhalt, Bündnis Sahra Wagenknecht, Ulrich Siegmund, Sachsen-Anhalt, Tino Chrupalla, Landtagswahl, Alternative für Deutschland, CDU, SPD;2026-09-06T21:49:17+02:00;2026-09-06T21:49:17+02:00;Ferdinand Otto;;false
db2f5b0f31a705de138267cefcdea962c1bf60978b1a5a6ad19f59f56e2bdd62;57-Jähriger stirbt bei Unfall auf der A7;https://www.zeit.de/news/2026-09/06/a7-auto-kommt-von-fahrbahn-ab-und-ueberschlaegt-sich;Hier finden Sie Informationen zu dem Thema „Tödlicher Unfall“. Lesen Sie jetzt „57-Jähriger stirbt bei Unfall auf der A7“.;Tödlicher Unfall;News, Tödlicher Unfall, Fahrbahn, Verkehr, Auto;2026-09-06T21:41:52+02:00;2026-09-06T21:41:52+02:00;;dpa Bayern;false
5a7bfefdb6ad1e6e9852fac53e2da0f06683738f4eb5676e2dddfdf769fd3e63;Dies ist ein Alles-muss-anders-Moment;https://www.zeit.de/politik/deutschland/2026-09/landtagswahl-sachsen-anhalt-wahlergebnis-kommentar;Die Republik wird nach dieser Wahl nicht mehr dieselbe sein. Aber sie wird auch eines verstehen: Politik muss wieder für eine Sache gemacht werden, nicht gegen sie.;"Z+ (abopflichtiger Inhalt);
        
    Landtagswahl in Sachsen-Anhalt";Politik, Landtagswahl in Sachsen-Anhalt, Alternative für Deutschland, Sachsen-Anhalt, Landtagswahl, Bündnis 90/Die Grünen, CDU;2026-09-06T21:40:29+02:00;2026-09-06T21:40:29+02:00;Martin Machowecz;;false
aa2c81fa55245e3cc2829e14119f4d9b337f952c617282c3f4efb87e5e07a197;Unternehmensverband MV: AfD-Sieg Rückschlag für Wirtschaft;https://www.zeit.de/news/2026-09/06/unternehmensverband-mv-afd-sieg-rueckschlag-fuer-wirtschaft;Hier finden Sie Informationen zu dem Thema „Landtagswahl in Sachsen-Anhalt“. Lesen Sie jetzt „Unternehmensverband MV: AfD-Sieg Rückschlag für Wirtschaft“.;Landtagswahl in Sachsen-Anhalt;News, Landtagswahl in Sachsen-Anhalt, Mecklenburg-Vorpommern, Alternative für Deutschland, Landtagswahl in Sachsen, Landtagswahl, Unternehmensverband;2026-09-06T21:39:36+02:00;2026-09-06T21:39:36+02:00;;dpa Mecklenburg-Vorpommern;false
3fdcdbedc627c1b139a6d4444d582961a1ca2c04e8d744c3e3cab292a9247616;Motorradfahrer stirbt bei Unfall nahe Bretterschachten;https://www.zeit.de/news/2026-09/06/motorradfahrer-stirbt-bei-unfall-nahe-bretterschachten;Hier finden Sie Informationen zu dem Thema „Sturz beim Überholen“. Lesen Sie jetzt „Motorradfahrer stirbt bei Unfall nahe Bretterschachten“.;Sturz beim Überholen;News, Sturz beim Überholen, Landkreis Regen, Staatsstraße, Bretterschachten, Unfall, Gegenfahrbahn, Motorrad;2026-09-06T21:32:00+02:00;2026-09-06T21:32:00+02:00;;dpa Bayern;false
777386db1e8339d3f80955643a539b6879bbc8cad8d254580f245b5d3ea8296a;Ehemaliger CDU-Chef in Sachsen-Anhalt legt Schulze Rücktritt nah;https://www.zeit.de/politik/deutschland/2026-09/holger-stahlknecht-cdu-sachsen-anhalt-afd-sven-schulze;Wegen der Wahlniederlage der CDU in Sachsen-Anhalt will Ex-Landesparteichef Stahlknecht, dass Sven Schulze einen Rücktritt erwägt. Er zweifelt die Ausgrenzung der AfD an.;Holger Stahlknecht;Politik, Holger Stahlknecht, Landtagswahl, Holger Stahlknecht, Sven Schulze, Sachsen-Anhalt, CDU, Alternative für Deutschland;2026-09-06T21:28:17+02:00;2026-09-06T21:28:17+02:00;Martin MachoweczMaxim Nägele;;false
409e7572f0f7fdbf0386bb2be019c8cc4a7ee9008a8e141304d546fd83960149;Wer in den Abgrund geblickt hat, wird demütig;https://www.zeit.de/politik/deutschland/2026-09/spd-sachsen-anhalt-landtagswahl-2026-ergebnis;Den Einzug in den Landtag hat die SPD geschafft. Fraglich nur, ob das für die Regierung in Magdeburg reicht. Und für die Bundes-SPD in Berlin.;SPD in Sachsen-Anhalt;Politik, SPD in Sachsen-Anhalt, Landtagswahl, SPD, Sachsen-Anhalt, Lars Klingbeil, Sigmar Gabriel, Bundesregierung, Landtag;2026-09-06T21:26:05+02:00;2026-09-06T21:26:05+02:00;Michael SchliebenAlisa Schellenberg;;false
63ee5a51c114cc3178080cf3301a9ed67a78ba6b45c67ed37a1a7fd7dbf868b4;Neustart im Eiltempo: Thüringer Ex-BSWler gründen Partei;https://www.zeit.de/news/2026-09/06/parteineugruendung-von-thueringer-ex-bswlern-im-eilverfahren;Hier finden Sie Informationen zu dem Thema „Zerfall Thüringer BSW“. Lesen Sie jetzt „Neustart im Eiltempo: Thüringer Ex-BSWler gründen Partei“.;Zerfall Thüringer BSW;News, Zerfall Thüringer BSW, Thüringen, Erfurt, Bündnis Sahra Wagenknecht, Parteineugründung, Eilverfahren, Zerfall, Austritt, Wölfe;2026-09-06T21:23:52+02:00;2026-09-06T21:23:52+02:00;;dpa;false
35c878360c2d051a9f31b00f9957cafaa44f0bebfdad471ef420dabfae29f885;»Sachsen-Anhalt könnte zur Warnung werden«;https://www.zeit.de/politik/deutschland/2026-09/landtagswahl-sachsen-anhalt-pressestimmen;Die FAZ schreibt nach der Landtagswahl von einem Deutschland, das zum »Spielball eines romantisch-neurotischen Volksglaubens« werden könne. Die SZ blickt auf den Kanzler.;Deutsche Medien zu Sachsen-Anhalt;Politik, Deutsche Medien zu Sachsen-Anhalt, Sachsen-Anhalt, Alternative für Deutschland, Landtagswahl, Deutscher Bundestag;2026-09-06T21:23:15+02:00;2026-09-06T21:23:15+02:00;Sarah Vojta;;false
c790d6467933a1fbef2e57241f9b56bd58682dd6731670b0903d485e23bd673d;Trump postet Hochrechnung zur Sachsen-Anhalt-Wahl;https://www.zeit.de/news/2026-09/06/trump-postet-hochrechnung-zur-sachsen-anhalt-wahl;Hier finden Sie Informationen zu dem Thema „Landtagswahl Sachsen-Anhalt“. Lesen Sie jetzt „Trump postet Hochrechnung zur Sachsen-Anhalt-Wahl“.;Landtagswahl Sachsen-Anhalt;News, Landtagswahl Sachsen-Anhalt, Donald Trump, Sachsen-Anhalt, Alternative für Deutschland, Landtagswahl, Landtagswahl in Sachsen, Hochrechnung;2026-09-06T21:22:40+02:00;2026-09-06T21:22:40+02:00;;dpa Sachsen;false
25af02b9fda9a89c7b4f12c1c74ddbeace0020555fd58828d1cf926f19cfca0e;AfD kann auf absolute Mehrheit hoffen;https://www.zeit.de/politik/deutschland/2026-09/sachsen-anhalt-afd-deutlich-vor-der-cdu-gruene-wohl-im-landtag;Die AfD hat die Landtagswahl deutlich gewonnen. Die CDU verzeichnet herbe Verluste. Die Grünen und wohl auch das BSW sind im Landtag vertreten.;Hochrechnung zur Landtagswahl in Sachsen-Anhalt;Politik, Hochrechnung zur Landtagswahl in Sachsen-Anhalt, Landtagswahl, Sachsen-Anhalt, Alternative für Deutschland, CDU, Landtag, Sven Schulze, Ulrich Siegmund;2026-09-06T21:21:30+02:00;2026-09-06T21:21:30+02:00;jsp;DIE ZEIT,        							jsp;false
17eca84e9360324f09372c85d328b7047cfe01a883f916d916d611e58da1a704;BSW nun auch in ZDF-Hochrechnung bei fünf Prozent;https://www.zeit.de/news/2026-09/06/bsw-nun-auch-in-zdf-hochrechnung-bei-fuenf-prozent;Hier finden Sie Informationen zu dem Thema „Landtagswahl“. Lesen Sie jetzt „BSW nun auch in ZDF-Hochrechnung bei fünf Prozent“.;Landtagswahl;News, Landtagswahl, Sachsen-Anhalt, ZDF, Bündnis Sahra Wagenknecht, ARD, Landtagswahl;2026-09-06T21:17:28+02:00;2026-09-06T21:17:28+02:00;;dpa Sachsen;false
48ba1d71dad86a147924e0f4e4db84eafce7a2f78a2e2e1906029d2b2a62bff0;Ein Taktiksieg macht noch keinen grünen Frühling;https://www.zeit.de/politik/deutschland/2026-09/die-gruenen-sachsen-anhalt-landtagswahl-wahlergebnis;Die Grünen freuen sich über ihr bestes Ergebnis in Sachsen-Anhalt. Doch in zwei Wochen droht Ernüchterung in Berlin und Schwerin. Dort fehlt, was hier zum Sieg führte.;Grüne in Sachsen-Anhalt;Politik, Grüne in Sachsen-Anhalt, Landtagswahl, Sachsen-Anhalt, Bündnis 90/Die Grünen;2026-09-06T21:17:26+02:00;2026-09-06T21:17:26+02:00;Peter DausendFerdinand Otto;;false
c0ddea24dba716ce7b64eec8f24e00e7cbb37e052293c03fc99b70492c2bfdb6;CDU Brandenburg: «Müssen Wahlabend in Partei aufarbeiten»;https://www.zeit.de/news/2026-09/06/cdu-brandenburg-muessen-wahlabend-in-partei-aufarbeiten;Hier finden Sie Informationen zu dem Thema „Landtagswahl Sachsen-Anhalt“. Lesen Sie jetzt „CDU Brandenburg: «Müssen Wahlabend in Partei aufarbeiten»“.;Landtagswahl Sachsen-Anhalt;News, Landtagswahl Sachsen-Anhalt, Julian Brüning, Brandenburg, Sachsen-Anhalt, CDU, Deutsche Presse-Agentur, Alternative für Deutschland, SPD, Landtagswahl, Landtagswahl in Sachsen, Wahlabend;2026-09-06T21:14:15+02:00;2026-09-06T21:14:15+02:00;;dpa Berlin/Brandenburg;false
5cdeeb133066af9709493fe100a8454839c354a5358d5100fdd561e996834fde;Wie gefährlich wird der AfD-Kantersieg für Merz?;https://www.zeit.de/news/2026-09/06/ob-afd-beben-oder-zerreissprobe-fuer-merz-wird-es-brenzlig;Hier finden Sie Informationen zu dem Thema „Sachsen-Anhalt“. Lesen Sie jetzt „Wie gefährlich wird der AfD-Kantersieg für Merz?“.;Sachsen-Anhalt;News, Sachsen-Anhalt, Sven Schulze, Friedrich Merz, Sepp Müller, Lars Klingbeil, Bärbel Bas, Berlin, Sachsen-Anhalt, Mecklenburg-Vorpommern, Alternative für Deutschland, CDU;2026-09-06T21:04:08+02:00;2026-09-06T21:04:08+02:00;;dpa;false
b5d9fd1217f580487af405425936fd4e53b85b49039d0c2b7acf9f6c844abf25;Krach: «Der Feind der Demokratie ist die AfD»;https://www.zeit.de/news/2026-09/06/krach-der-feind-der-demokratie-ist-die-afd;Hier finden Sie Informationen zu dem Thema „Wahl in Sachsen-Anhalt“. Lesen Sie jetzt „Krach: «Der Feind der Demokratie ist die AfD»“.;Wahl in Sachsen-Anhalt;News, Wahl in Sachsen-Anhalt, Steffen Krach, Berlin, Sachsen-Anhalt, Alternative für Deutschland, SPD, CDU, Die Linke;2026-09-06T21:04:06+02:00;2026-09-06T21:04:06+02:00;;dpa Berlin/Brandenburg;false
24c841d8faba56dea5c235f03208333d373cf51aca90b579e2018283d466ff00;Wie die AfD so stark werden konnte;https://www.zeit.de/politik/deutschland/2025-09/wahlprognose-sachsen-anhalt-landtagswahl-parteien-alter-geschlecht;Ob aus Zorn über die Regierung oder aus Angst um den Arbeitsplatz: Die AfD ist in Sachsen-Anhalt in allen Gruppen Volkspartei – nur bei einer tut sie sich schwer.;"Z+ (abopflichtiger Inhalt);
        
    Wahlverhalten in Sachsen-Anhalt";Politik, Wahlverhalten in Sachsen-Anhalt, Landtagswahl, Alternative für Deutschland, Sachsen-Anhalt, Bündnis 90/Die Grünen, SPD, CDU;2026-09-06T20:52:15+02:00;2026-09-06T20:52:15+02:00;Dana HajekPaul BlickleAnnick Ehmann;;false
36554984be30c23c5c234d8024fd490eb19c8edab3dc8289e337495b3a68c2d2;Proteste in Berlin und Frankfurt gegen AfD-Triumph;https://www.zeit.de/news/2026-09/06/proteste-in-berlin-und-frankfurt-gegen-afd-triumph;Hier finden Sie Informationen zu dem Thema „Landtagswahl in Sachsen-Anhalt“. Lesen Sie jetzt „Proteste in Berlin und Frankfurt gegen AfD-Triumph“.;Landtagswahl in Sachsen-Anhalt;News, Landtagswahl in Sachsen-Anhalt, Berlin, Frankfurt, Frankfurt am Main, Mainz, Sachsen-Anhalt, Brandenburger Tor, Alternative für Deutschland, Polizei, Landtagswahl in Sachsen, Verbotsverfahren;2026-09-06T20:51:52+02:00;2026-09-06T20:51:52+02:00;;dpa Sachsen;false
3c8f95e0596023b4e2139d0ffb0d81d8833797b26371a095b25430ae61725b08;Berichte: Fünf Tote nach Gebäudeeinsturz in Neu-Delhi;https://www.zeit.de/news/2026-09/06/berichte-drei-tote-nach-gebaeudeeinsturz-in-neu-delhi;Hier finden Sie Informationen zu dem Thema „Hauseinsturz“. Lesen Sie jetzt „Berichte: Fünf Tote nach Gebäudeeinsturz in Neu-Delhi“.;Hauseinsturz;News, Hauseinsturz, Neu-Delhi, Delhi, Polizei, Gebäudeeinsturz, Hauseinsturz, Einsturz, Trümmer;2026-09-06T20:42:57+02:00;2026-09-06T20:42:57+02:00;;dpa;false
860e512c58616c97dd67dc3011636fa8ce870b224cb66c939bf2e92705d84532;Merz mobilisiert – für die AfD;https://www.zeit.de/politik/deutschland/2026-09/wahlergebnis-sachsen-anhalt-landtagswahl-friedrich-merz;Mit »Merkel muss weg« wurde die AfD groß. Friedrich Merz versprach, die Dynamik umzukehren – und erlebt nun, dass er ein noch besseres Feindbild für die Rechten abgibt.;"Z+ (abopflichtiger Inhalt);
        
    Wahlergebnis in Sachsen-Anhalt";Politik, Wahlergebnis in Sachsen-Anhalt, Landtagswahl, Sachsen-Anhalt, CDU, Alternative für Deutschland, Friedrich Merz;2026-09-06T20:39:08+02:00;2026-09-06T20:39:08+02:00;Fabian Reinbold;;false
5443a2ab90be991f1f1c74954a110f80d9e542f9c2bdebbe94471f6e98cde78a;Internationale Pressestimmen zur Wahl in Sachsen-Anhalt;https://www.zeit.de/news/2026-09/06/internationale-pressestimmen-zur-wahl-in-sachsen-anhalt;Hier finden Sie Informationen zu dem Thema „Sachsen-Anhalt-Wahl“. Lesen Sie jetzt „Internationale Pressestimmen zur Wahl in Sachsen-Anhalt“.;Sachsen-Anhalt-Wahl;News, Sachsen-Anhalt-Wahl, Friedrich Merz, Großbritannien, Ostdeutschland, Sachsen-Anhalt, Al-Dschasira, The Times, Alternative für Deutschland, CDU, BBC, Polizei;2026-09-06T20:37:42+02:00;2026-09-06T20:37:42+02:00;;dpa;false
39f4ebadbb57718b57433db1993d3ca63f882c6a4c83b2827a09bfd747b64cf4;Strom-Sabotage: Tätersuche am Hambacher Forst erfolglos;https://www.zeit.de/news/2026-09/06/suche-nach-mutmasslichem-strom-saboteur-geht-weiter;Hier finden Sie Informationen zu dem Thema „Attacken auf Stromversorgung“. Lesen Sie jetzt „Strom-Sabotage: Tätersuche am Hambacher Forst erfolglos“.;Attacken auf Stromversorgung;News, Attacken auf Stromversorgung, Attacke, Sabotageaktion, Stromversorgung, Stromnetz;2026-09-06T20:34:58+02:00;2026-09-06T20:34:58+02:00;;dpa;false
8e858cf0191005a816bf7ce63d59739e4d8305581fa7468b2153b76632041e51;Menschen protestieren in Berlin gegen AfD nach Wahl-Triumph;https://www.zeit.de/news/2026-09/06/menschen-protestieren-in-berlin-gegen-afd-nach-wahl-triumph;Hier finden Sie Informationen zu dem Thema „Landtagswahl in Sachsen-Anhalt“. Lesen Sie jetzt „Menschen protestieren in Berlin gegen AfD nach Wahl-Triumph“.;Landtagswahl in Sachsen-Anhalt;News, Landtagswahl in Sachsen-Anhalt, Steffen Krach, Berlin, Sachsen-Anhalt, Brandenburger Tor, Alternative für Deutschland, Polizei, SPD, Landtagswahl in Sachsen, Protestzug;2026-09-06T20:34:38+02:00;2026-09-06T20:34:38+02:00;;dpa Berlin/Brandenburg;false
87a79ebd234e6214f1dd2665d13c836cddd0ccea789f529cb6f10fe5a84bd1de;Polizei beendet Suche am Hambacher Forst erfolglos;https://www.zeit.de/politik/deutschland/2026-09/hambacher-forst-sabotage-stromnetz-polizei-fahndung;"Die Polizei sucht nach der mutmaßlichen Sabotage an mehreren Umspannwerken nicht mehr im Hambacher Forst nach einem Tatverdächtigen. Die generelle Fahndung geht weiter.
";Sabotageangriff;Politik, Sabotageangriff, Stromversorgung, Hambacher Forst, Polizei;2026-09-06T20:32:53+02:00;2026-09-06T20:32:53+02:00;jfw;DIE ZEIT,        dpa,        							jfw;false
ed2db2b3ebbf8dbd2e718a3f035306a5d0d7dd298d6822d5a6cce093e8a2817c;Demos in Frankfurt und Mainz nach AfD-Wahlsieg;https://www.zeit.de/news/2026-09/06/demos-in-frankfurt-und-mainz-nach-afd-wahlsieg;Hier finden Sie Informationen zu dem Thema „Wahlen“. Lesen Sie jetzt „Demos in Frankfurt und Mainz nach AfD-Wahlsieg“.;Wahlen;News, Wahlen, Frankfurt, Mainz, Sachsen-Anhalt, Alternative für Deutschland, Polizei, Landtagswahl in Sachsen, Verbotsverfahren, Kundgebung;2026-09-06T20:31:00+02:00;2026-09-06T20:31:00+02:00;;dpa Hessen;false
6ef40e60fd61e0568c1cc26808719120ccb2dcf648403768660503423c91be9f;Italiens Außenminister: AfD-Erfolg «schlechte Nachricht»;https://www.zeit.de/news/2026-09/06/italiens-aussenminister-afd-erfolg-schlechte-nachricht;Hier finden Sie Informationen zu dem Thema „Landtagswahl Sachsen-Anhalt“. Lesen Sie jetzt „Italiens Außenminister: AfD-Erfolg «schlechte Nachricht»“.;Landtagswahl Sachsen-Anhalt;News, Landtagswahl Sachsen-Anhalt, Antonio Tajani, Italien, Sachsen-Anhalt, Alternative für Deutschland, Forza Italia, Landtagswahl, Landtagswahl in Sachsen, Erfolg;2026-09-06T20:27:37+02:00;2026-09-06T20:27:37+02:00;;dpa Sachsen;false
31d7c8dfe2505aeae60e93d1f29325423783fb3574c1495df52f1c27637279ca;Schulze unter Druck – Wie geht die CDU mit Wahl-Debakel um?;https://www.zeit.de/news/2026-09/06/experimentierfeld-ostdeutschland-nun-in-sachsen-anhalt;Hier finden Sie Informationen zu dem Thema „Was bedeutet das Wahlergebnis?“. Lesen Sie jetzt „Schulze unter Druck – Wie geht die CDU mit Wahl-Debakel um?“.;Was bedeutet das Wahlergebnis?;News, Was bedeutet das Wahlergebnis?, Ulrich Siegmund, Sven Schulze, Ostdeutschland, Magdeburg, Sachsen, Sachsen-Anhalt, FDP, Alternative für Deutschland, CDU, SPD;2026-09-06T20:26:39+02:00;2026-09-06T20:26:39+02:00;;dpa;false
fc65051661d73ebc3d9b5c0482903f4c0266fc26a4e4662bab86f6ad74da0df6;Charlotte Knobloch: «Das macht mir Angst»;https://www.zeit.de/news/2026-09/06/charlotte-knobloch-das-macht-mir-angst;Hier finden Sie Informationen zu dem Thema „Landtagswahl“. Lesen Sie jetzt „Charlotte Knobloch: «Das macht mir Angst»“.;Landtagswahl;News, Landtagswahl, Charlotte Knobloch, Sachsen-Anhalt, Israelitische Kultusgemeinde München und Oberbayern, Alternative für Deutschland, Landtagswahl;2026-09-06T20:19:07+02:00;2026-09-06T20:19:07+02:00;;dpa Bayern;false
1e841b8fc9404a20697f714f0e00ef64d4053ebea70999d5642985098cc905ee;CDU-Nachwuchs fordert Rücktritt der Landesparteiführung;https://www.zeit.de/news/2026-09/06/cdu-nachwuchs-fordert-ruecktritt-der-landesparteifuehrung;Hier finden Sie Informationen zu dem Thema „Landtagswahl Sachsen-Anhalt“. Lesen Sie jetzt „CDU-Nachwuchs fordert Rücktritt der Landesparteiführung“.;Landtagswahl Sachsen-Anhalt;News, Landtagswahl Sachsen-Anhalt, Sachsen-Anhalt, CDU, Landtagswahl, Landtagswahl in Sachsen, Landesparteiführung, Rücktritt;2026-09-06T20:18:13+02:00;2026-09-06T20:18:13+02:00;;dpa Sachsen;false
35a3865059c541f960f31185fbaa6208869839aa4431d5ff682b284abf7cfeb9;Schulze: Ergebnis «richtig niederschmetternd»;https://www.zeit.de/news/2026-09/06/schulze-ergebnis-richtig-niederschmetternd;Hier finden Sie Informationen zu dem Thema „Landtagswahl Sachsen-Anhalt“. Lesen Sie jetzt „Schulze: Ergebnis «richtig niederschmetternd»“.;Landtagswahl Sachsen-Anhalt;News, Landtagswahl Sachsen-Anhalt, Sven Schulze, Sachsen-Anhalt, CDU, Landtagswahl, Landtagswahl in Sachsen;2026-09-06T20:17:44+02:00;2026-09-06T20:17:44+02:00;;dpa Sachsen;false
dfc1cd2a5fea993c910c77e5c83efaf97c97abb804a9b9bdd942691e49d57efe;Schulze: «Habe nicht vor, mit AfD zusammenzuarbeiten»;https://www.zeit.de/news/2026-09/06/schulze-habe-nicht-vor-mit-afd-zusammenzuarbeiten;Hier finden Sie Informationen zu dem Thema „Landtagswahl Sachsen-Anhalt“. Lesen Sie jetzt „Schulze: «Habe nicht vor, mit AfD zusammenzuarbeiten»“.;Landtagswahl Sachsen-Anhalt;News, Landtagswahl Sachsen-Anhalt, Sven Schulze, Sachsen-Anhalt, MDR, Alternative für Deutschland, CDU, Landtagswahl;2026-09-06T20:14:36+02:00;2026-09-06T20:14:36+02:00;;dpa Sachsen;false
0e14fc2e2e869555bc4a16e3a7579683d5436cfd76732b24fe9640d9a27ca8ed;Manuela Schwesig warnt vor Gefahren durch AfD;https://www.zeit.de/politik/deutschland/2026-09/manuela-schwesig-afd-landtagswahl-sachsen-anhalt;Die Ministerpräsidentin von Mecklenburg-Vorpommern nennt den Wahlsieg der AfD in Sachsen-Anhalt bedrohlich für Deutschland. Einen weiteren Wahlerfolg will sie verhindern.;Landtagswahlen in Sachsen-Anhalt;Politik, Landtagswahlen in Sachsen-Anhalt, Manuela Schwesig, Mecklenburg-Vorpommern, Sachsen-Anhalt, SPD, Alternative für Deutschland, Landtagswahl in Sachsen, Landtagswahl;2026-09-06T20:13:41+02:00;2026-09-06T20:13:41+02:00;iyf;DIE ZEIT,        dpa,        							iyf;false
cf57614426a236d4fdc4695c3243d0a9bcae675752a89c128ea418eb0fad80e2;Hochrechnungen: Rekord-Beteiligung bei Sachsen-Anhalt-Wahl;https://www.zeit.de/news/2026-09/06/hochrechnungen-rekord-beteiligung-bei-sachsen-anhalt-wahl;Hier finden Sie Informationen zu dem Thema „Landtagswahl“. Lesen Sie jetzt „Hochrechnungen: Rekord-Beteiligung bei Sachsen-Anhalt-Wahl“.;Landtagswahl;News, Landtagswahl, Sachsen-Anhalt, ZDF, ARD, Landtagswahl, Hochrechnung, Rekordniveau;2026-09-06T20:13:28+02:00;2026-09-06T20:13:28+02:00;;dpa Sachsen;false
d8007622eb6fb3755fe2dacdc0915b7c737c632a4caad53a955d45f807b5c71f;Baden-Württembergs CDU-Chef Hagel warnt vor Personaldebatte;https://www.zeit.de/news/2026-09/06/baden-wuerttembergs-cdu-chef-hagel-warnt-vor-personaldebatte;Hier finden Sie Informationen zu dem Thema „Landtagswahl Sachsen-Anhalt“. Lesen Sie jetzt „Baden-Württembergs CDU-Chef Hagel warnt vor Personaldebatte“.;Landtagswahl Sachsen-Anhalt;News, Landtagswahl Sachsen-Anhalt, Manuel Hagel, Friedrich Merz, Sachsen-Anhalt, CDU, Landtagswahl, Personaldebatte, Personaldiskussion;2026-09-06T20:12:53+02:00;2026-09-06T20:12:53+02:00;;dpa Baden-Württemberg;false
a6da8af4ae1fdb10369713e16c629586e468271188533338337e8f77e802189b;FDP-Spitzenkandidatin Hüskens kündigt Rücktritt an;https://www.zeit.de/news/2026-09/06/fdp-spitzenkandidatin-hueskens-kuendigt-ruecktritt-an;Hier finden Sie Informationen zu dem Thema „Landtagswahl Sachsen-Anhalt“. Lesen Sie jetzt „FDP-Spitzenkandidatin Hüskens kündigt Rücktritt an“.;Landtagswahl Sachsen-Anhalt;News, Landtagswahl Sachsen-Anhalt, Lydia Hüskens, Sachsen-Anhalt, FDP, Landtagswahl, Rücktritt, Wiedereinzug, Landtag;2026-09-06T20:12:37+02:00;2026-09-06T20:12:37+02:00;;dpa Sachsen;false
416183e1b536ef29f982aea31fbfcde356e5e132c3569d31a61057052bd16568;Großeinsatz der Polizei am Hambacher Forst endet erfolglos;https://www.zeit.de/news/2026-09/06/grosseinsatz-der-polizei-am-hambacher-forst-endet-erfolglos;Hier finden Sie Informationen zu dem Thema „Tätersuche nach Strom-Sabotage“. Lesen Sie jetzt „Großeinsatz der Polizei am Hambacher Forst endet erfolglos“.;Tätersuche nach Strom-Sabotage;News, Tätersuche nach Strom-Sabotage, Hambacher Forst, Kerpen, Köln, Polizei, Tätersuche, Suchmaßnahme, Großaufgebot, Stromnetz, Großeinsatz, Erfolg;2026-09-06T20:10:22+02:00;2026-09-06T20:10:22+02:00;;dpa;false
20c4b902c5c382d21457830b5dbb3cd2819c46c1363a9bad226dfc628fde3c10;Zum Glück gibt es Peter Zumthor;https://www.zeit.de/feuilleton/film/2026-09/from-inside-out-wim-wenders-filmfestspiele-venedig-dokumentarfilm;Über 14 Jahre hat Wim Wenders an seinem Dokumentarfilm über den Schweizer Architekten gearbeitet. Nun feiert der Film in Venedig Weltpremiere. Wie ist er geworden?;"Z+ (abopflichtiger Inhalt);
        
    »From Inside Out« von Wim Wenders";Feuilleton, »From Inside Out« von Wim Wenders, Wim Wenders, Venedig, Dokumentarfilm, Kino, Peter Zumthor;2026-09-06T20:10:13+02:00;2026-09-06T20:10:13+02:00;Anke Leweke;;false
6a01fca55c63fcd80f924746b5c08e8ef9897a50e8ddb9c40b8e78ce2b655e65;Mit Carajo nach rechts;https://www.zeit.de/politik/ausland/2026-09/rechte-suedamerika-foro-de-madrid-chile-jose-antonio-kast-argentinien-javier-milei;In Chile treffen sich iberoamerikanische Rechtsregierungen mit Gleichgesinnten aus Europa, um sich zu vernetzen. Doch sie geben sich stärker, als sie tatsächlich sind.;Rechte in Südamerika;Politik, Rechte in Südamerika, Chile, Südamerika, Rechtsextremismus, Javier Milei, Augusto Pinochet, Santiago de Chile, Argentinien;2026-09-06T20:08:38+02:00;2026-09-06T20:08:38+02:00;Sophia Boddenberg;;false
7999d9b953b0960875cd1a0e447e24333fcc5f61302bdeb9e163fbb017ef475d;«Wir gehen hier durch die Decke» - AfD feiert Rekordergebnis;https://www.zeit.de/news/2026-09/06/absolute-mehrheit-knapp-verfehlt-was-das-fuer-die-afd-hiesse;Hier finden Sie Informationen zu dem Thema „Landtagswahl“. Lesen Sie jetzt „«Wir gehen hier durch die Decke» - AfD feiert Rekordergebnis“.;Landtagswahl;News, Landtagswahl, Alice Weidel, Ulrich Siegmund, Magdeburg, Sachsen-Anhalt, ZDF, Alternative für Deutschland, CDU, Landtagswahl, Landtagswahl in Sachsen, Bundestagswahl;2026-09-06T20:07:01+02:00;2026-09-06T20:07:01+02:00;;dpa;false
81489bbef91d12735329c7c3fcb7552e7450889de7a8cf342a5e7877f9fa727a;Sekundensache: Magdeburg knackt Aufsteiger Balingen spät;https://www.zeit.de/news/2026-09/06/sekundensache-magdeburg-knackt-aufsteiger-balingen-spaet;Hier finden Sie Informationen zu dem Thema „Handball“. Lesen Sie jetzt „Sekundensache: Magdeburg knackt Aufsteiger Balingen spät“.;Handball;News, Handball, Felix Claar, Magdeburg, Balingen, SC Magdeburg, HBW Balingen-Weilstetten, Sekundensache, Handball, Punktverlust;2026-09-06T20:04:15+02:00;2026-09-06T20:04:15+02:00;;dpa Sachsen;false
4416b8890b9f8efba2e4cc7c683fb66fb6f5671cffd0194b7e354b00eecd7e90;Lydia Hüskens kündigt Rücktritt von FDP-Landesvorsitz an;https://www.zeit.de/news/2026-09/06/lydia-hueskens-kuendigt-ruecktritt-von-fdp-landesvorsitz-an;Hier finden Sie Informationen zu dem Thema „Wahlen“. Lesen Sie jetzt „Lydia Hüskens kündigt Rücktritt von FDP-Landesvorsitz an“.;Wahlen;News, Wahlen, Lydia Hüskens, FDP, Rücktritt, Wiedereinzug;2026-09-06T20:03:18+02:00;2026-09-06T20:03:18+02:00;;dpa;false
5a605a71a4bec2fc2e5a8485351ca80566d36d0b334abec5a41abfbf8ef6802e;Günther sieht in AfD-Erfolg «Zäsur für Deutschland»;https://www.zeit.de/news/2026-09/06/guenther-sieht-in-afd-erfolg-zaesur-fuer-deutschland;Hier finden Sie Informationen zu dem Thema „Wahl in Sachsen-Anhalt“. Lesen Sie jetzt „Günther sieht in AfD-Erfolg «Zäsur für Deutschland»“.;Wahl in Sachsen-Anhalt;News, Wahl in Sachsen-Anhalt, Daniel Günther, Schleswig-Holstein, Sachsen-Anhalt, Alternative für Deutschland, CDU, Landtagswahl in Sachsen, Zweiter Weltkrieg, Zäsur, Erfolg;2026-09-06T20:02:23+02:00;2026-09-06T20:02:23+02:00;;dpa Hamburg/Schleswig-Holstein;false
