Hash;Title;Link;Description;Category;KeyWords;Published;LastUpdated;Author;Source;Paywall
3729a7cf81153a65d732317dd5a8516ca7ac0e9c1a7b486c7a7a9e44b16d0f69;Sieht aus wie ein Immo-Schnäppchen. Ist es aber (oft) nicht;https://www.zeit.de/geld/2026-07/erbbaurecht-eigentum-haus-grundstueck-immobilienmarkt-kaeufer-gxe;Das Haus gehört Ihnen, das Grundstück nicht. So funktioniert das Erbbaurecht. Für Käufer kann das zum Problem werden. Etwa, wenn die Erbpacht um 1.500 Prozent steigt.;"Z+ (abopflichtiger Inhalt);
        
    Erbbaurecht";Geld, Erbbaurecht, Grundstück, Immobilienmarkt, Erbschaft, Pachtvertrag;2026-08-11T11:51:07+02:00;2026-08-11T11:51:07+02:00;Felicitas Wilke;;false
3e7c06942dd2f9f2bdcffb00fcca7ddcd156aefbaf5dc5ad18b2c2092eec48b6;Taucher entdecken vor Sizilien Schiffswrack aus Römerzeit;https://www.zeit.de/gesellschaft/2026-08/schiffswrack-sizilien-mazara-del-vallo-roemisches-reich-amphoren;Hunderte antike Gefäße türmen sich vor Sizilien in einem Schiffswrack. Italiens Kulturminister spricht von einem der bedeutendsten Unterwasserfunde der letzten Jahre.;Schiffswrack vor Sizilien;Gesellschaft, Schiffswrack vor Sizilien, Sizilien, Schiffswrack, Römerzeit, Schiff;2026-08-11T11:50:53+02:00;2026-08-11T11:50:53+02:00;bda;DIE ZEIT,        AFP,        							bda;false
ad3a08d381031a8794c8f4cc42080bb7149dcfb567c832de40ce5d31dc62c67c;Syriens Ex-Machthaber Baschar al-Assad zum Tode verurteilt;https://www.zeit.de/politik/ausland/2026-08/baschar-al-assad-todesurteil-syrien-kriegsverbrechen;Ein syrisches Gericht hat den früheren Machthaber Baschar al-Assad zum Tode verurteilt. Ihm wurden Kriegsverbrechen und Verbrechen gegen die Menschlichkeit vorgeworfen. ;Baschar al-Assad;Politik, Baschar al-Assad, Baschar al-Assad;2026-08-11T11:49:35+02:00;2026-08-11T11:49:35+02:00;edd;DIE ZEIT,        AFP,        dpa,        							edd;false
612089e3d8aebcde2a2b60786c22f99a106deaf06af9deaf9e3af698f752ee3e;Betrunkener Radfahrer schläft nach Unfall ein;https://www.zeit.de/news/2026-08/11/betrunkener-radfahrer-schlaeft-nach-unfall-ein;Hier finden Sie Informationen zu dem Thema „In Straßengraben gestürzt“. Lesen Sie jetzt „Betrunkener Radfahrer schläft nach Unfall ein“.;In Straßengraben gestürzt;News, In Straßengraben gestürzt, Unfall, Straßengraben;2026-08-11T11:46:39+02:00;2026-08-11T11:46:39+02:00;;dpa Bayern;false
453aa94fc7e413523ce876cd27636700f56429137c66d9d6dc27c55983c3eef0;BSW-Minister: Voigt hat Recht auf juristische Überprüfung;https://www.zeit.de/news/2026-08/11/bsw-minister-voigt-hat-recht-auf-juristische-ueberpruefung;Hier finden Sie Informationen zu dem Thema „Entzug der Doktorarbeit“. Lesen Sie jetzt „BSW-Minister: Voigt hat Recht auf juristische Überprüfung“.;Entzug der Doktorarbeit;News, Entzug der Doktorarbeit, Mario Voigt, Thüringen, TU Chemnitz, Bündnis Sahra Wagenknecht, Doktorarbeit, Überprüfung, Entzug;2026-08-11T11:45:44+02:00;2026-08-11T11:45:44+02:00;;dpa Thüringen;false
214154fc0aaf10e759efdba8a33b45a8ec539201237e974ca8d5dd8afb71b204;Weniger Unterrichtsausfall und Modernisierung der Lehrpläne;https://www.zeit.de/news/2026-08/11/weniger-unterrichtsausfall-und-modernisierung-der-lehrplaene;Hier finden Sie Informationen zu dem Thema „Schulen“. Lesen Sie jetzt „Weniger Unterrichtsausfall und Modernisierung der Lehrpläne“.;Schulen;News, Schulen, Conrad Clemens, Sachsen, CDU, Unterrichtsausfall, Modernisierung, Lehrplan;2026-08-11T11:43:50+02:00;2026-08-11T11:43:50+02:00;;dpa Sachsen;false
20b06e46c9181ddc51ceed92d7013ab8e3cb32529aa7f9abcb2799b7f465ac39;Bazooka-Rakete und Granate im Rhein erfolgreich gesprengt;https://www.zeit.de/news/2026-08/11/bazooka-rakete-und-granate-im-rhein-erfolgreich-gesprengt;Hier finden Sie Informationen zu dem Thema „Kampfmittel“. Lesen Sie jetzt „Bazooka-Rakete und Granate im Rhein erfolgreich gesprengt“.;Kampfmittel;News, Kampfmittel, Koblenz, Pfaffendorf, Rhein, Zweiter Weltkrieg, Kampfmittel, Wallersheim;2026-08-11T11:43:17+02:00;2026-08-11T11:43:17+02:00;;dpa Rheinland-Pfalz/Saarland;false
888f29302e7d8dbd572cc61780946e4961c0d23fde304e54b41e2e9817cc5860;Mario Voigt scheitert mit Einspruch gegen Entzug des Doktortitels;https://www.zeit.de/politik/deutschland/2026-08/mario-voigt-doktortitel-aberkennung-tu-chemnitz-plagiat;Die TU Chemnitz hat den Einspruch von Thüringens Ministerpräsident Mario Voigt gegen die Aberkennung seines Doktorgrades abgelehnt. Voigt will gegen den Beschluss klagen.;Thüringen;Politik, Thüringen, Mario Voigt, Thüringen, Technisch Universität Chemnitz, TU Chemnitz, CDU, Doktortitel, Aberkennung, Einspruch;2026-08-11T11:42:39+02:00;2026-08-11T11:42:39+02:00;man;DIE ZEIT,        dpa,        							man;false
9a95a875311770fd72f967c8c1fc5cbf51c883cf1b2fb4f434a10433f2a9707a;Saarbahn-Streik auch am Mittwoch und Donnerstag;https://www.zeit.de/news/2026-08/11/saarbahn-streik-auch-am-mittwoch-und-donnerstag;Hier finden Sie Informationen zu dem Thema „GDL“. Lesen Sie jetzt „Saarbahn-Streik auch am Mittwoch und Donnerstag“.;GDL;News, GDL, GDL, Streik;2026-08-11T11:39:39+02:00;2026-08-11T11:39:39+02:00;;dpa Rheinland-Pfalz/Saarland;false
287a510c3f4f610ece9762717a01b29b43f64f5a0a4f9b59c93e32ec731a9023;UN sehen eskalierende Gewalt gegen Zivilbevölkerung in Myanmar;https://www.zeit.de/politik/ausland/2026-08/myanmar-militaer-junta-angriffe-zivilbevoelkerung-wahl-un;Insbesondere seit den Parlamentswahlen im Januar verzeichnen die UN mehr Angriffe gegen myanmarische Zivilisten. Die Militärjunta greife etwa Schulen und Wohnhäuser an.;Myanmar;Politik, Myanmar, Myanmar, UN, Parlamentswahl, Zivilbevölkerung, Angriff;2026-08-11T11:38:44+02:00;2026-08-11T11:38:44+02:00;ljk;DIE ZEIT,        Reuters,        epd,        							ljk;false
2794a7a48f5cfb5bbe4e5c4c299aeff4e12c81814faed74389445906322a48e9;Unbekannte verwüsten Grundschule – hoher Schaden;https://www.zeit.de/news/2026-08/11/unbekannte-verwuesten-grundschule-hoher-schaden;Hier finden Sie Informationen zu dem Thema „Kriminalität“. Lesen Sie jetzt „Unbekannte verwüsten Grundschule – hoher Schaden“.;Kriminalität;News, Kriminalität, Troisdorf, Rhein-Sieg-Kreis, Polizei, Grundschule, Klassenraum;2026-08-11T11:35:59+02:00;2026-08-11T11:35:59+02:00;;dpa Nordrhein-Westfalen;false
06a413982e804ffeb816d4968e1d06cfa896f251fed3a70e96cbd3aea49deafb;Maschinenbau im Osten: Aufträge steigen um gut ein Viertel;https://www.zeit.de/news/2026-08/11/maschinenbau-im-osten-auftraege-steigen-um-gut-ein-viertel;Hier finden Sie Informationen zu dem Thema „Konjunktur“. Lesen Sie jetzt „Maschinenbau im Osten: Aufträge steigen um gut ein Viertel“.;Konjunktur;News, Konjunktur, VDMA, Maschinenbau, Anlagenbau;2026-08-11T11:34:32+02:00;2026-08-11T11:34:32+02:00;;dpa Berlin/Brandenburg;false
db7663609206f824062a0b3ba6047dcf88b2df44ba4f515ebfd5556d3202b54a;Schon mehr als 2.000 Ebola-Tote im Kongo;https://www.zeit.de/news/2026-08/11/schon-mehr-als-2-000-ebola-tote-im-kongo;Hier finden Sie Informationen zu dem Thema „Ebola im Kongo“. Lesen Sie jetzt „Schon mehr als 2.000 Ebola-Tote im Kongo“.;Ebola im Kongo;News, Ebola im Kongo, Jean Kaseya, Kongo, Africa, CDC, Ausbruch, Ebola;2026-08-11T11:33:09+02:00;2026-08-11T11:33:09+02:00;;dpa;false
7a64420ecff35efe7127a5f18fe64db00ad7a128438d20961d890a6c6876a5cb;Wieder die Muskulatur: VfB-Profi Zagadou fällt länger aus;https://www.zeit.de/news/2026-08/11/wieder-die-muskulatur-vfb-profi-zagadou-faellt-laenger-aus;Hier finden Sie Informationen zu dem Thema „Bundesliga-Vorbereitung“. Lesen Sie jetzt „Wieder die Muskulatur: VfB-Profi Zagadou fällt länger aus“.;Bundesliga-Vorbereitung;News, Bundesliga-Vorbereitung, Dan-Axel Zagadou, VfB Stuttgart, Bundesliga, Muskulatur, Verletzungspech;2026-08-11T11:32:37+02:00;2026-08-11T11:32:37+02:00;;dpa Baden-Württemberg;false
037a87683297c90e4a95c3bd61666ab7066f49ac9a16b44ad64a37a0049ba692;Zwei Neunjährige ohne Führerschein auf Quads unterwegs;https://www.zeit.de/news/2026-08/11/zwei-neunjaehrige-ohne-fuehrerschein-auf-quads-unterwegs;Hier finden Sie Informationen zu dem Thema „Verkehrskontrolle“. Lesen Sie jetzt „Zwei Neunjährige ohne Führerschein auf Quads unterwegs“.;Verkehrskontrolle;News, Verkehrskontrolle, Polizei, Führerschein, Verkehrskontrolle, Quad, Fahrzeug;2026-08-11T11:30:43+02:00;2026-08-11T11:30:43+02:00;;dpa Bayern;false
e947c23c271a6d770786f95b4d4fbe5c96be950c54e86daf4bc824ee4fe41586;Unternehmen in Sachsen-Anhalt sehen weiter keine Trendwende;https://www.zeit.de/news/2026-08/11/unternehmen-in-sachsen-anhalt-sehen-weiter-keine-trendwende;Hier finden Sie Informationen zu dem Thema „Konjunktur“. Lesen Sie jetzt „Unternehmen in Sachsen-Anhalt sehen weiter keine Trendwende“.;Konjunktur;News, Konjunktur, Magdeburg, Sachsen-Anhalt, IHK, Geschäftslage;2026-08-11T11:30:04+02:00;2026-08-11T11:30:04+02:00;;dpa Sachsen;false
dc625855ceac7399e3b197d4a6b6c224bb8a37f517b086f010680777c3576202;Uniper will Rechenzentren an Kraftwerksstandorten ansiedeln;https://www.zeit.de/news/2026-08/11/uniper-will-rechenzentren-an-kraftwerksstandorten-ansiedeln;Hier finden Sie Informationen zu dem Thema „Stromanschluss inklusive“. Lesen Sie jetzt „Uniper will Rechenzentren an Kraftwerksstandorten ansiedeln“.;Stromanschluss inklusive;News, Stromanschluss inklusive, Michael Lewis, Großbritannien, Düsseldorf, Uniper, Kraftwerksstandort, Rechenzentrum, Stromanschluss, Energiekonzern, Geld;2026-08-11T11:28:08+02:00;2026-08-11T11:28:08+02:00;;dpa;false
3e737e9c5d249188e88c08750d3595a7addd097b61769495afa0e4e0db85cbbb;A6 in Richtung Heilbronn gesperrt - Hubschrauber im Einsatz;https://www.zeit.de/news/2026-08/11/a6-in-richtung-heilbronn-gesperrt-hubschrauber-im-einsatz;Hier finden Sie Informationen zu dem Thema „Polizeieinsatz“. Lesen Sie jetzt „A6 in Richtung Heilbronn gesperrt - Hubschrauber im Einsatz“.;Polizeieinsatz;News, Polizeieinsatz, Heilbronn, Polizei, Unfall, Polizeieinsatz, Hubschrauber;2026-08-11T11:25:02+02:00;2026-08-11T11:25:02+02:00;;dpa Baden-Württemberg;false
adb2ddcd324a1d76099e2793119e151e03d5e0bee27efbb0dd218e431fba93c0;Sebastian Bezzel: Franz Eberhofer bis ins hohe Alter?;https://www.zeit.de/news/2026-08/11/sebastian-bezzel-franz-eberhofer-bis-ins-hohe-alter;Hier finden Sie Informationen zu dem Thema „Krimikomödie“. Lesen Sie jetzt „Sebastian Bezzel: Franz Eberhofer bis ins hohe Alter?“.;Krimikomödie;News, Krimikomödie, Franz Eberhofer, Simon Schwarz, Lisa Maria Potthoff, Sebastian Bezzel, München, Deutsche Presse-Agentur, Krimikomödie, Steckerlfischfiasko, Kino;2026-08-11T11:22:43+02:00;2026-08-11T11:22:43+02:00;;dpa Bayern;false
032a8be60715922efbf6bbb404cb9f1f3a32b34bb61ffda5c853dbb7311a01db;Mehr als 2.000 Ebola-Tote im Kongo;https://www.zeit.de/news/2026-08/11/mehr-als-2-000-ebola-tote-im-kongo;Hier finden Sie Informationen zu dem Thema „Gesundheit“. Lesen Sie jetzt „Mehr als 2.000 Ebola-Tote im Kongo“.;Gesundheit;News, Gesundheit, Kongo, Ebola;2026-08-11T11:21:12+02:00;2026-08-11T11:21:12+02:00;;dpa;false
e14b506f8a13806ac27bec1cbc5b57f4c1e120bd0c7d50b22ff956de3e5b238f;Mindestens fünf Tote bei russischen Angriffen auf die Ukraine;https://www.zeit.de/politik/ausland/ukraine-krieg-news-liveblog;Russland soll Kyjiw, Saporischschja und andere Großstädte angegriffen haben. Selenskyj geht von weiteren Soldaten aus Nordkorea in der Ukraine aus. Das Liveblog;Liveblog:                     Krieg gegen die Ukraine;Politik, Krieg gegen die Ukraine, Krieg in der Ukraine, Wolodymyr Selenskyj, Russland, Militär, Kyjiw;2026-08-11T11:19:10+02:00;2026-08-11T11:19:10+02:00;Petrina EngelkeEric Voigt;;false
b059cb02fc69e776e7ec0d3df80d0166af5eb4611ca46249a064879334b60389;18-jähriger Aachener stirbt bei Radunfall in Tirol;https://www.zeit.de/news/2026-08/11/18-jaehriger-aachener-stirbt-bei-radunfall-in-tirol;Hier finden Sie Informationen zu dem Thema „Gegen Felswand geprallt“. Lesen Sie jetzt „18-jähriger Aachener stirbt bei Radunfall in Tirol“.;Gegen Felswand geprallt;News, Gegen Felswand geprallt, Tirol, Aachen, Polizei, Radunfall, Felswand, Rennradfahren;2026-08-11T11:17:13+02:00;2026-08-11T11:17:13+02:00;;dpa;false
4e30cfbd70cc2e79e0b6982855398d00b9a439291abd926e392e68616d1a2d70;Südkorea nimmt zwei mutmaßliche chinesische Spione fest;https://www.zeit.de/politik/ausland/2026-08/spionage-china-suedkorea-volksbefreiungsarmee-usa-gxe;Zwei chinesischen Staatsbürgern wird die Spionage von US-südkoreanischen Militärinformationen vorgeworfen. Sie wurden in Südkorea verhaftet, ihnen droht lebenslange Haft.;Spionageverdacht;Politik, Spionageverdacht, Südkorea, China, Spionage, USA, Festnahme;2026-08-11T11:16:33+02:00;2026-08-11T11:16:33+02:00;man;DIE ZEIT,        dpa,        							man;false
ed57b71602ed019f57dc01eefb9d9a0cf44f9d0b15cf87c0c2f7ea2cbf597f20;Wirt bewirft Kundin mit Pizza;https://www.zeit.de/news/2026-08/11/wirt-bewirft-kundin-mit-pizza;Hier finden Sie Informationen zu dem Thema „Streit wegen falschem Belag“. Lesen Sie jetzt „Wirt bewirft Kundin mit Pizza“.;Streit wegen falschem Belag;News, Streit wegen falschem Belag, Osnabrück, Polizei, Belag, Pizza, Pizzeria, Restaurant;2026-08-11T11:15:56+02:00;2026-08-11T11:15:56+02:00;;dpa Niedersachsen;false
9124d529ccf143be92cc9a488987244f2477e0cc4361e3852db7c7988caba15d;Syrien verhängt Todesstrafe gegen Baschar al-Assad;https://www.zeit.de/news/2026-08/11/syrien-verhaengt-todesstrafe-gegen-baschar-al-assad;Hier finden Sie Informationen zu dem Thema „Aufarbeitung des Bürgerkriegs“. Lesen Sie jetzt „Syrien verhängt Todesstrafe gegen Baschar al-Assad“.;Aufarbeitung des Bürgerkriegs;News, Aufarbeitung des Bürgerkriegs, Baschar al-Assad, Mahir al-Assad, Syrien, Russland, Damaskus, Daraa, Todesstrafe, Aufarbeitung, Mord, Bürgerkrieg;2026-08-11T11:14:38+02:00;2026-08-11T11:14:38+02:00;;dpa;false
490878c3897c83d8563f61e10a9b6ed691bc956ba186f1d5990446ce2cc7cd7d;Südkorea nimmt zwei Chinesen wegen Militär-Spionage fest;https://www.zeit.de/news/2026-08/11/suedkorea-nimmt-zwei-chinesen-wegen-militaer-spionage-fest;Hier finden Sie Informationen zu dem Thema „Spionage“. Lesen Sie jetzt „Südkorea nimmt zwei Chinesen wegen Militär-Spionage fest“.;Spionage;News, Spionage, Mann, Südkorea, Yonhap News Agency, Spionageverdacht, Staatsbürger, Volksbefreiungsarmee, Militär, Spionage;2026-08-11T11:11:29+02:00;2026-08-11T11:11:29+02:00;;dpa;false
78c3150b3d540a71b3dfe8e1d6634511558a6e57d50aab7bdeabb7ee1687f999;Täuschend echtes Skelett löst Einsatz an der Kinzig aus;https://www.zeit.de/news/2026-08/11/taeuschend-echtes-skelett-loest-einsatz-an-der-kinzig-aus;Hier finden Sie Informationen zu dem Thema „Halloween-Überbleibsel?“. Lesen Sie jetzt „Täuschend echtes Skelett löst Einsatz an der Kinzig aus“.;Halloween-Überbleibsel?;News, Halloween-Überbleibsel?, Kinzig, Steinau an der Straße, Polizei, Skelett, Niedrigwasser, Trockenheit;2026-08-11T11:11:11+02:00;2026-08-11T11:11:11+02:00;;dpa Hessen;false
0431fb95741a8daa8b94a14ffd77dd647c69486b7e592a923a3cbbe232bb9dac;Anhänger überrollt Mensch - schwer verletzt;https://www.zeit.de/news/2026-08/11/anhaenger-ueberrollt-mensch-schwer-verletzt;Hier finden Sie Informationen zu dem Thema „Arbeitsunfall“. Lesen Sie jetzt „Anhänger überrollt Mensch - schwer verletzt“.;Arbeitsunfall;News, Arbeitsunfall, Arbeitsunfall;2026-08-11T11:09:26+02:00;2026-08-11T11:09:26+02:00;;dpa Baden-Württemberg;false
ca071a1f3c7e94ed3153621c76bd633cdd91dbbe659c10f126c41f73c2c1bc9c;Karlsruher SC verleiht Müller an Drittligist Düsseldorf;https://www.zeit.de/news/2026-08/11/karlsruher-sc-verleiht-mueller-an-drittligist-duesseldorf;Hier finden Sie Informationen zu dem Thema „2. Fußball-Bundesliga“. Lesen Sie jetzt „Karlsruher SC verleiht Müller an Drittligist Düsseldorf“.;2. Fußball-Bundesliga;News, 2. Fußball-Bundesliga, Andreas Müller, Karlsruhe, Düsseldorf, Karlsruher SC, Fortuna Düsseldorf, Fußball-Bundesliga, Saisonstart;2026-08-11T11:08:58+02:00;2026-08-11T11:08:58+02:00;;dpa Baden-Württemberg;false
ed1af26abe6ebaa30898aba3fe59a62b7d3206cc9748e89ff619e560ba392d63;Uni weist Voigts Einspruch gegen Entzug des Doktortitels ab;https://www.zeit.de/news/2026-08/11/uni-weist-voigts-einspruch-gegen-entzug-des-doktortitels-ab;Hier finden Sie Informationen zu dem Thema „Entscheidung der TU Chemnitz“. Lesen Sie jetzt „Uni weist Voigts Einspruch gegen Entzug des Doktortitels ab“.;Entscheidung der TU Chemnitz;News, Entscheidung der TU Chemnitz, Mario Voigt, Thüringen, TU Chemnitz, Technisch Universität Chemnitz, CDU, Alternative für Deutschland, Doktortitel, Entzug, Einspruch, Wahlkampf;2026-08-11T11:08:04+02:00;2026-08-11T11:08:04+02:00;;dpa;false
0f5202eceedc2a014f84579153d082faed2cf1eeaee006da3ece453b69132383;Großteil deutscher Unternehmen ist abhängig von US-Digitalanbietern;https://www.zeit.de/wirtschaft/unternehmen/2026-08/unternehmen-digitale-dienste-abhaengigkeit-us-anbieter-ifo-gxe;Das ifo Institut hat Unternehmen nach ihrer Abhängigkeit von US-Digitaldiensten befragt. Viele halten sie für groß, die Risikobewertung dessen fällt unterschiedlich aus.;Abhängigkeit von US-Diensten;Wirtschaft, Abhängigkeit von US-Diensten, USA, Technologie, Unternehmen, Datenschutz;2026-08-11T11:07:00+02:00;2026-08-11T11:07:00+02:00;yer;DIE ZEIT,        							yer;false
825a1784fbc64ed91d384d28ec0c4ad51fc96dc4999af0b760523d60351d966d;Tatverdächtiger drei Jahre nach schwerem Raub ermittelt;https://www.zeit.de/news/2026-08/11/tatverdaechtiger-drei-jahre-nach-schwerem-raub-ermittelt;Hier finden Sie Informationen zu dem Thema „Kriminalität“. Lesen Sie jetzt „Tatverdächtiger drei Jahre nach schwerem Raub ermittelt“.;Kriminalität;News, Kriminalität, Trier-Saarburg, Trier, Polizei, LKA, Raub;2026-08-11T11:05:09+02:00;2026-08-11T11:05:09+02:00;;dpa Rheinland-Pfalz/Saarland;false
b861572bbeb4e1f9a94a2e27cafa8b60fad015a5d27337db26f95729788eb488;Voigts Widerspruch gegen Entzug des Doktortitels gescheitert;https://www.zeit.de/news/2026-08/11/voigts-widerspruch-gegen-entzug-des-doktortitels-gescheitert;Hier finden Sie Informationen zu dem Thema „Regierung“. Lesen Sie jetzt „Voigts Widerspruch gegen Entzug des Doktortitels gescheitert“.;Regierung;News, Regierung, Doktortitel, Entzug;2026-08-11T11:01:12+02:00;2026-08-11T11:01:12+02:00;;dpa;false
12080cb051aa7aee0611b7db7812d8b4d57734f72655bd6e9262c15e40c6e229;Melanie Müller: Prozess wegen Urkundenfälschung abgesagt;https://www.zeit.de/news/2026-08/11/melanie-mueller-prozess-wegen-urkundenfaelschung-abgesagt;Hier finden Sie Informationen zu dem Thema „Amtsgericht Leipzig“. Lesen Sie jetzt „Melanie Müller: Prozess wegen Urkundenfälschung abgesagt“.;Amtsgericht Leipzig;News, Amtsgericht Leipzig, Melanie Müller, Sängerin, Leipzig, Amtsgericht, Deutsche Presse-Agentur, RTL, Staatsanwaltschaft, Urkundenfälschung, Hitlergruß;2026-08-11T11:00:51+02:00;2026-08-11T11:00:51+02:00;;dpa Sachsen;false
b29f33dc4c44004f7537f46f2c7e0e4014960fc8c1395ec10ca1dcb2d2ba8712;Brand verursacht höheren Schaden - Festnahme;https://www.zeit.de/news/2026-08/11/brand-verursacht-hoeheren-schaden-festnahme;Hier finden Sie Informationen zu dem Thema „Feuer“. Lesen Sie jetzt „Brand verursacht höheren Schaden - Festnahme“.;Feuer;News, Feuer, Einfamilienhaus, Festnahme;2026-08-11T11:00:15+02:00;2026-08-11T11:00:15+02:00;;dpa Hessen;false
3d8756298fdf6b72f937d60d5948f2747e532d80688a35060a2cbd3615f6b19d;Feuer in Wohnhaus: Rund 25 Menschen verbringen Nacht in Bus;https://www.zeit.de/news/2026-08/11/fast-30-menschen-bei-hausbrand-in-leipzig-evakuiert;Hier finden Sie Informationen zu dem Thema „Brände“. Lesen Sie jetzt „Feuer in Wohnhaus: Rund 25 Menschen verbringen Nacht in Bus“.;Brände;News, Brände, Leipzig, Hausbrand, Brand;2026-08-11T10:59:19+02:00;2026-08-11T10:59:19+02:00;;dpa Sachsen;false
a1b6ffa42787eb5b173a31aafb54ad70ae5f00ed3abb3db2c12c4f2adcc0fc72;Syrisches Gericht: Todesstrafe gegen Baschar al-Assad;https://www.zeit.de/news/2026-08/11/syrisches-gericht-todesstrafe-gegen-baschar-al-assad;Hier finden Sie Informationen zu dem Thema „Konflikte“. Lesen Sie jetzt „Syrisches Gericht: Todesstrafe gegen Baschar al-Assad“.;Konflikte;News, Konflikte, Baschar al-Assad, Todesstrafe;2026-08-11T10:57:11+02:00;2026-08-11T10:57:11+02:00;;dpa;false
6e696e2bb4536aa7c2b11d6bc7f5c813c2ab18af6913e75cbe9acbe242527dea;So viele Firmenpleiten in Hessen wie seit 20 Jahren nicht;https://www.zeit.de/news/2026-08/11/so-viele-firmenpleiten-in-hessen-wie-seit-20-jahren-nicht;Hier finden Sie Informationen zu dem Thema „Halbjahreszahlen“. Lesen Sie jetzt „So viele Firmenpleiten in Hessen wie seit 20 Jahren nicht“.;Halbjahreszahlen;News, Halbjahreszahlen, Hessen, Firmenpleite, Halbjahreszahl, Unternehmensinsolvenz;2026-08-11T10:55:35+02:00;2026-08-11T10:55:35+02:00;;dpa Hessen;false
bf796750ef389ee70c9819b0390bab85da0009d1de7efd334e22c6f6151a3afd;Ramelow für Zusammenarbeit Linke und CDU in Sachsen-Anhalt;https://www.zeit.de/news/2026-08/11/ramelow-fuer-zusammenarbeit-linke-und-cdu-in-sachsen-anhalt;Hier finden Sie Informationen zu dem Thema „Wahlen“. Lesen Sie jetzt „Ramelow für Zusammenarbeit Linke und CDU in Sachsen-Anhalt“.;Wahlen;News, Wahlen, Bodo Ramelow, Thüringen, Sachsen-Anhalt, CDU, Alternative für Deutschland, Zusammenarbeit;2026-08-11T10:55:13+02:00;2026-08-11T10:55:13+02:00;;dpa Sachsen;false
e69d2214035cd33b9991adfcbdad05796700fd9e8aee6e99406f75bd39d5cbd6;Ermittlungen zu tödlichen Schüssen am Bahnhof Zoo dauern an;https://www.zeit.de/news/2026-08/11/ermittlungen-zu-toedlichen-schuessen-am-bahnhof-zoo-dauern-an;Hier finden Sie Informationen zu dem Thema „Kriminalität“. Lesen Sie jetzt „Ermittlungen zu tödlichen Schüssen am Bahnhof Zoo dauern an“.;Kriminalität;News, Kriminalität, Berlin, Staatsanwaltschaft, Ermittlung, Bahnhof;2026-08-11T10:51:34+02:00;2026-08-11T10:51:34+02:00;;dpa Berlin/Brandenburg;false
4e4b639c8d88dead0dafc6179eeb833783ab9b8ff4f674e299e73d356d5e5ecb;Fahrradfahrer stürzt in Baugrube - schwer verletzt;https://www.zeit.de/news/2026-08/11/fahrradfahrer-stuerzt-in-baugrube-schwer-verletzt;Hier finden Sie Informationen zu dem Thema „Ermittlungen laufen“. Lesen Sie jetzt „Fahrradfahrer stürzt in Baugrube - schwer verletzt“.;Ermittlungen laufen;News, Ermittlungen laufen, Landkreis Rhön-Grabfeld, Polizei, Baugrube;2026-08-11T10:51:07+02:00;2026-08-11T10:51:07+02:00;;dpa Bayern;false
f589dd4f1d166f5153edede63bbea7642055c9a5d4d3c3b9af24e735e3483579;Sabotageversuch an Marineschiff: Verfahren eingestellt;https://www.zeit.de/news/2026-08/11/sabotageversuch-an-marineschiff-verfahren-eingestellt;Hier finden Sie Informationen zu dem Thema „Verteidigung“. Lesen Sie jetzt „Sabotageversuch an Marineschiff: Verfahren eingestellt“.;Verteidigung;News, Verteidigung, Mia Sperling-Karsten, Hamburg, NDR, Deutsche Marine, Deutsche Presse-Agentur, Sabotageversuch, Marineschiff, Korvette, Generalstaatsanwaltschaft, Ermittlungsverfahren;2026-08-11T10:50:12+02:00;2026-08-11T10:50:12+02:00;;dpa Hamburg/Schleswig-Holstein;false
4ce337324f83f03f116116265c1e4fda34d4fb3cff3e60a9e2998c6802a426e2;Städtetagspräsident warnt vor »explosiver« Stimmung in den Kommunen;https://www.zeit.de/politik/deutschland/2026-08/finanznot-kommunen-burkhard-jung-deutscher-staedtetag-spd-gxe;Der Finanzdruck der Kommunen wächst: Laut Burkhard Jung verzeichnen sie jährlich 30 Milliarden Euro Minus. Die Stimmung in den Rathäusern sei so schlecht wie noch nie.;Finanznot der Kommunen;Politik, Finanznot der Kommunen, Bundesregierung, Kommunen, Reform, Finanzen;2026-08-11T10:49:30+02:00;2026-08-11T10:49:30+02:00;ljk;DIE ZEIT,        KNA,        epd,        dpa,        							ljk;false
4d2184032b4474a75645858a9523b9e59092c09320416341f827080a52ce6ead;Knapp 15.000 Geschwindigkeitsverstöße in Schleswig-Holstein;https://www.zeit.de/news/2026-08/11/knapp-15-000-geschwindigkeitsverstoesse-in-schleswig-holstein;Hier finden Sie Informationen zu dem Thema „Speedweek“. Lesen Sie jetzt „Knapp 15.000 Geschwindigkeitsverstöße in Schleswig-Holstein“.;Speedweek;News, Speedweek, Schleswig-Holstein, Kiel, Innenministerium, Geschwindigkeitsverstoß, Blitzermarathon;2026-08-11T10:48:28+02:00;2026-08-11T10:48:28+02:00;;dpa Hamburg/Schleswig-Holstein;false
4478b69af1fb1d129bfdd85c2bcd83a1950dac73e08d4ac46ad514e77fc7641e;Schleswig-Holstein setzt Sonntagsfahrverbot für Lkw aus;https://www.zeit.de/news/2026-08/11/schleswig-holstein-setzt-sonntagsfahrverbot-fuer-lkw-aus;Hier finden Sie Informationen zu dem Thema „Niedrigwasser“. Lesen Sie jetzt „Schleswig-Holstein setzt Sonntagsfahrverbot für Lkw aus“.;Niedrigwasser;News, Niedrigwasser, Susanne Henckel, Schleswig-Holstein, Kiel, Sonntagsfahrverbot, Niedrigwasser, Feiertagsverbot, Binnenschifffahrt;2026-08-11T10:48:03+02:00;2026-08-11T10:48:03+02:00;;dpa;false
a6355d89c452e558930bc7985680e6d8ab3a1c216b60f87c3360f6d637b8b43c;Hype um Humanoide Roboter: Ansturm auf Aktien von Unitree;https://www.zeit.de/news/2026-08/11/hype-um-humanoide-roboter-ansturm-auf-aktien-von-unitree;Hier finden Sie Informationen zu dem Thema „Geplanter Börsengang“. Lesen Sie jetzt „Hype um Humanoide Roboter: Ansturm auf Aktien von Unitree“.;Geplanter Börsengang;News, Geplanter Börsengang, China, Unitree, Hype, Börsengang, Aktien;2026-08-11T10:43:38+02:00;2026-08-11T10:43:38+02:00;;dpa;false
4909f3118305813424c227cab9f3b8d09efe8782a553e79fbf593bd85efb631e;Mehrere Pkw-Brände in Köln-Westhoven;https://www.zeit.de/news/2026-08/11/mehrere-pkw-braende-in-koeln-westhoven;Hier finden Sie Informationen zu dem Thema „Brände“. Lesen Sie jetzt „Mehrere Pkw-Brände in Köln-Westhoven“.;Brände;News, Brände, Köln, Brand;2026-08-11T10:43:17+02:00;2026-08-11T10:43:17+02:00;;dpa Nordrhein-Westfalen;false
4b77b6bd5c2565978d18f1d61b79e844084447468ee4b1c96dc4948c859562c9;Bilder des Tages;https://www.zeit.de/news/2026-08/11/bilder-des-tages;Hier finden Sie Informationen zu dem Thema „Fotografie“. Lesen Sie jetzt „Bilder des Tages“.;Fotografie;News, Fotografie, News;2026-08-11T10:39:29+02:00;2026-08-11T10:39:29+02:00;;dpa;false
75b1793314795352ab4deca1268c905a5521f74554dbd7d96f189e7417055df5;Fahrer stirbt nach Unfall - weiteres Motorrad beteiligt;https://www.zeit.de/news/2026-08/11/fahrer-stirbt-nach-unfall-weiteres-motorrad-beteiligt;Hier finden Sie Informationen zu dem Thema „Zeuge gesucht“. Lesen Sie jetzt „Fahrer stirbt nach Unfall - weiteres Motorrad beteiligt“.;Zeuge gesucht;News, Zeuge gesucht, Hamm, Unfall, Motorrad;2026-08-11T10:35:39+02:00;2026-08-11T10:35:39+02:00;;dpa Nordrhein-Westfalen;false
b6c485e4724fb1221a4c9887a90c39d15b5be42ce315509d2f30538d25f7cae7;Raubüberfall auf Supermarkt - Polizei sucht flüchtigen Täter;https://www.zeit.de/news/2026-08/11/raubueberfall-auf-supermarkt-polizei-sucht-fluechtigen-taeter;Hier finden Sie Informationen zu dem Thema „Einsatz mit Hubschrauber“. Lesen Sie jetzt „Raubüberfall auf Supermarkt - Polizei sucht flüchtigen Täter“.;Einsatz mit Hubschrauber;News, Einsatz mit Hubschrauber, Polizei, Raubüberfall, Supermarkt, Hubschrauber;2026-08-11T10:30:48+02:00;2026-08-11T10:30:48+02:00;;dpa Baden-Württemberg;false
9d7e12bf42ed9237916bf3ffb9e7268345aadbb04dab49e38395fa54d7b62980;Tödliche Zwangsräumung - Zehn Jahre Haft wegen Mordes;https://www.zeit.de/news/2026-08/11/toedliche-zwangsraeumung-zehn-jahre-haft-wegen-mordes;Hier finden Sie Informationen zu dem Thema „Tat im November 2025“. Lesen Sie jetzt „Tödliche Zwangsräumung - Zehn Jahre Haft wegen Mordes“.;Tat im November 2025;News, Tat im November 2025, Saarbrücken, Mord, Zwangsräumung;2026-08-11T10:29:56+02:00;2026-08-11T10:29:56+02:00;;dpa;false
5f5799436ae2b74c5d06d7eefe92f13e193aec2a64a23565b994c68eb8cbcb9e;17 Autorinnen und Autoren zum ersten Mal auf der Buchpreis-Longlist;https://www.zeit.de/politik/ausland/2026-08/deutscher-buchpreis-2026-longlist-romane-cornelia-geissler-gxe;Auf der diesjährigen Longlist finden sich 17 Autorinnen und Autoren, die zum ersten Mal für den Deutschen Buchpreis nominiert sind. Sechs Bücher sind Romandebüts.;Deutscher Buchpreis 2026;Politik, Deutscher Buchpreis 2026, Deutscher Buchpreis, Literatur, Belletristik;2026-08-11T10:29:26+02:00;2026-08-11T10:29:26+02:00;edd;DIE ZEIT,        dpa,        							edd;false
a173acf6069af7c9eacfa15863bebc9f1b90a0ac6d4b55e521a9058d51bb5e95;Zwei Jungwölfe im Lahn-Dill-Kreis dürfen getötet werden;https://www.zeit.de/news/2026-08/11/zwei-jungwoelfe-im-lahn-dill-kreis-duerfen-getoetet-werden;Hier finden Sie Informationen zu dem Thema „Tierschutz-Debatte“. Lesen Sie jetzt „Zwei Jungwölfe im Lahn-Dill-Kreis dürfen getötet werden“.;Tierschutz-Debatte;News, Tierschutz-Debatte, Lahn-Dill-Kreis, Kassel, Hessen, Verwaltungsgericht, Jungwolf, Gerichtsentscheidung, Eilantrag, Wölfe;2026-08-11T10:25:20+02:00;2026-08-11T10:25:20+02:00;;dpa Hessen;false
1fa84c2f078bf42a9111f79509c70da0f8a26f8dfc2daaba51af9c0cb0c5209f;Waldbrand: «Bitte verzichten Sie möglichst aufs Duschen»;https://www.zeit.de/news/2026-08/11/wegen-waldbrandes-bevoelkerung-zum-wassersparen-aufgerufen;Hier finden Sie Informationen zu dem Thema „Feuer unter Kontrolle“. Lesen Sie jetzt „Waldbrand: «Bitte verzichten Sie möglichst aufs Duschen»“.;Feuer unter Kontrolle;News, Feuer unter Kontrolle, Südosthessen, Bruchköbel, Langenselbold, Rodenbach, Main-Kinzig, Wassersparen, Waldbrand, Wasserbedarf, Wasserreserve, Wald;2026-08-11T10:24:43+02:00;2026-08-11T10:24:43+02:00;;dpa;false
15e26d10ecca5997177ff150382b799305b30ba594f1a8664897cf58d394f03e;Mehr als 21.000 Abschlüsse an sächsischen Hochschulen 2025;https://www.zeit.de/news/2026-08/11/mehr-als-21-000-abschluesse-an-saechsischen-hochschulen-2025;Hier finden Sie Informationen zu dem Thema „Viele aus China und Indien“. Lesen Sie jetzt „Mehr als 21.000 Abschlüsse an sächsischen Hochschulen 2025“.;Viele aus China und Indien;News, Viele aus China und Indien, News;2026-08-11T10:23:10+02:00;2026-08-11T10:23:10+02:00;;dpa Sachsen;false
53d5ded07a5d05cab04deac3f85e4bac9c982c670a103c6b43e24640fc672875;Grünen-Chef Banaszak für Demokratenbündnis in Sachsen-Anhalt;https://www.zeit.de/news/2026-08/11/gruenen-chef-banaszak-fuer-demokratenbuendnis-in-sachsen-anhalt;Hier finden Sie Informationen zu dem Thema „Landtagswahl in Sachsen-Anhalt“. Lesen Sie jetzt „Grünen-Chef Banaszak für Demokratenbündnis in Sachsen-Anhalt“.;Landtagswahl in Sachsen-Anhalt;News, Landtagswahl in Sachsen-Anhalt, Felix Banaszak, Bodo Ramelow, Sachsen-Anhalt, CDU, Demokraten (USA), Landtagswahl in Sachsen, Demokratenbündnis, Bundesvorsitzende;2026-08-11T10:23:02+02:00;2026-08-11T10:23:02+02:00;;dpa Sachsen;false
6f0542fa2d6409e9e98728252c4c614d4c6e1e1a9d88b6d9eeeaf01d71230797;Ätna spuckt weiter Asche – Tausende Urlauber betroffen;https://www.zeit.de/news/2026-08/11/aetna-spuckt-weiter-asche-tausende-urlauber-betroffen;Hier finden Sie Informationen zu dem Thema „Vulkan“. Lesen Sie jetzt „Ätna spuckt weiter Asche – Tausende Urlauber betroffen“.;Vulkan;News, Vulkan, Ätna, Catania, Europa, Palermo, Hauptreisezeit, Mittelmeerinsel, Aschewolke, Vulkan;2026-08-11T10:21:48+02:00;2026-08-11T10:21:48+02:00;;dpa;false
50dffae44f459260766ab3201c463de692dda1e0a8448a8e1ef5b6fae6f224f5;Nach tödlichen Faustschlägen - Polizei bittet um Hinweise;https://www.zeit.de/news/2026-08/11/nach-toedlichen-faustschlaegen-polizei-bittet-um-hinweise;Hier finden Sie Informationen zu dem Thema „Kriminalität“. Lesen Sie jetzt „Nach tödlichen Faustschlägen - Polizei bittet um Hinweise“.;Kriminalität;News, Kriminalität, Bremen, Polizei, Faustschlag;2026-08-11T10:13:16+02:00;2026-08-11T10:13:16+02:00;;dpa Niedersachsen;false
62a158e9f432577084384869db611aa6b08e4a59bf26210f4adbeb48eedd8a25;Fans von Dynamo Dresden beschädigen Zug;https://www.zeit.de/news/2026-08/11/fans-von-dynamo-dresden-beschaedigen-zug;Hier finden Sie Informationen zu dem Thema „2. Fußball-Bundesliga“. Lesen Sie jetzt „Fans von Dynamo Dresden beschädigen Zug“.;2. Fußball-Bundesliga;News, 2. Fußball-Bundesliga, Nürnberg, Dynamo Dresden, 1. FC Nürnberg, Fußball-Bundesliga, Bundespolizeiinspektion;2026-08-11T10:13:11+02:00;2026-08-11T10:13:11+02:00;;dpa Bayern;false
a2d0af8f86e4a4bddc177cf35ab137a309989e602741d233dca7f13b0502a9a2;Woran Fahrradparkhäuser scheitern;https://www.zeit.de/mobilitaet/2026-08/verkehrswende-strassenverkehr-fahrrad-parkhaus-kosten;Viele Fahrradparkhäuser an Bahnhöfen sind kaum ausgelastet. Eine Betreiberfirma hat nun Insolvenz angemeldet. Dabei müsste die Nachfrage groß sein. Was läuft falsch?;"Z+ (abopflichtiger Inhalt);
        
    Verkehrswende";Mobilitaet, Verkehrswende, Verkehr, Deutsche Bahn, Verkehrswende, Pendler, Fahrrad;2026-08-11T10:09:55+02:00;2026-08-11T10:09:55+02:00;Tim Neumann;;false
239aaad330ff55343879227c49c1a1e1874b87e329990852d442b1805b562dec;Niedrigwasser bremst Freizeitboote an Schleusen;https://www.zeit.de/news/2026-08/11/niedrigwasser-bremst-freizeitboote-an-schleusen;Hier finden Sie Informationen zu dem Thema „Trockenheit und Tourismus“. Lesen Sie jetzt „Niedrigwasser bremst Freizeitboote an Schleusen“.;Trockenheit und Tourismus;News, Trockenheit und Tourismus, Havel, Niedrigwasser, Freizeitboot, Schleuse, Trockenheit, Sportboot, Wartezeit, Urlaubszeit;2026-08-11T10:02:25+02:00;2026-08-11T10:02:25+02:00;;dpa Berlin/Brandenburg;false
0926e9d47dfc5b8836a715bc2688cf2e61dd84c71ea6fce3ff41415648c7ceb0;Das sind die Nominierten für den Deutschen Buchpreis;https://www.zeit.de/news/2026-08/11/das-sind-die-nominierten-fuer-den-deutschen-buchpreis;Hier finden Sie Informationen zu dem Thema „Preisverdächtige Literatur“. Lesen Sie jetzt „Das sind die Nominierten für den Deutschen Buchpreis“.;Preisverdächtige Literatur;News, Preisverdächtige Literatur, Frankfurt, Börsenverein des Deutschen Buchhandels, Deutscher Buchpreis, Frankfurter Buchmesse, Longlist, Belletristik;2026-08-11T10:00:05+02:00;2026-08-11T10:00:05+02:00;;dpa;false
c54846c12b778d8d88c00253f51ed93bfae385dbd78bb597d56e343d306b2091;Kolumbien ruft nach Erdbeben landesweiten Notstand aus;https://www.zeit.de/gesellschaft/zeitgeschehen/2026-08/erdbeben-kolumbien-notstand-praesident;In Kolumbien hat die Suche nach Überlebenden eines Erdbebens begonnen, bei dem es mindestens 130 Tote gab. Mehr als 2.000 Menschen werden vermisst.;Erdbeben in Kolumbien;Gesellschaft, Erdbeben in Kolumbien, Kolumbien, Erdbeben, Naturkatastrophe, Europäische Union, Hilfsangebot, Notstand;2026-08-11T09:55:52+02:00;2026-08-11T09:55:52+02:00;pengjtredd;DIE ZEIT,        AFP,        AP,        dpa,        KNA,        							peng					,        							jtr					,        							edd;false
0f209aed40a9885542a2b85219d4226021c885dae3a08f35ae56bd09b3710965;Immer mehr Mädchen wegen Essstörungen im Krankenhaus;https://www.zeit.de/gesellschaft/2026-08/essstoerungen-maedchen-jugendliche-magersucht-bulimie-statistik-gxe;Magersucht, Bulimie, Binge-Eating – immer mehr Mädchen werden wegen Essstörungen stationär behandelt. Fachleute sehen auch gesellschaftliche Faktoren.;Essstörungen bei Mädchen;Gesellschaft, Essstörungen bei Mädchen, Jugendliche, Essstörung, Bulimie, Magersucht;2026-08-11T09:52:22+02:00;2026-08-11T09:52:22+02:00;bda;DIE ZEIT,        KNA,        AFP,        							bda;false
c7801def01a74f4da2ae7f89028ceffadeb0b8df3e1633f2ed745f11dfbe3d30;Extremschwimmerin – Durch Main und Rhein gegen das Ertrinken;https://www.zeit.de/news/2026-08/11/main-rhein-mission-extremsportlerin-schwimmt-200-kilometer;Hier finden Sie Informationen zu dem Thema „Von Frankfurt nach Köln“. Lesen Sie jetzt „Extremschwimmerin – Durch Main und Rhein gegen das Ertrinken“.;Von Frankfurt nach Köln;News, Von Frankfurt nach Köln, Nathalie Pohl, Frankfurt, Rhein, Köln, Auto;2026-08-11T09:49:15+02:00;2026-08-11T09:49:15+02:00;;dpa;false
f369984cc0db32e6533ade06e8397b8c4113c83c77904dee3987159009067e37;Israels Militär sperrt palästinensisches Dorf im Westjordanland;https://www.zeit.de/politik/ausland/2025-10/krieg-gaza-israel-hamas-liveblog;Soldaten wollen das palästinensische Dorf Taybeh vor Siedlergewalt schützen. Israels Regierungschef Netanjahu knüpft den Rückzug aus Gaza an Bedingungen. Das Liveblog;Liveblog:                     Gaza;Politik, Gaza, Israel, Gazastreifen, Nahost, Hamas, Benjamin Netanjahu, Militär;2026-08-11T09:47:16+02:00;2026-08-11T09:47:16+02:00;Julica JungehülsingEric Voigt;;false
fb376dcad8511f8a57ac73f5ebb4a96b11193ccd31448e32934b03d71b01ed66;55 Hektar Wald in Flammen - Kampf gegen Glutnester;https://www.zeit.de/news/2026-08/11/feuerwehr-bekaempft-glutnester-nach-waldbrand-bei-rodenbach;Hier finden Sie Informationen zu dem Thema „Mehrere Einsätze“. Lesen Sie jetzt „55 Hektar Wald in Flammen - Kampf gegen Glutnester“.;Mehrere Einsätze;News, Mehrere Einsätze, Niederrodenbach, Aschaffenburg, Rodenbach, Main-Kinzig, Feuerwehr, Polizei, Glutnest, Löschzug, Nachlöscharbeit, Waldgebiet;2026-08-11T09:45:43+02:00;2026-08-11T09:45:43+02:00;;dpa Hessen;false
7a8d02a4ca7c5a637b6d723127e5154e4297ed513c2db02e657aaaefc989cf90;Toter an See in Biebesheim gefunden;https://www.zeit.de/news/2026-08/11/toter-an-see-in-biebesheim-gefunden;Hier finden Sie Informationen zu dem Thema „Notfälle“. Lesen Sie jetzt „Toter an See in Biebesheim gefunden“.;Notfälle;News, Notfälle, Biebesheim, Groß-Gerau, Polizei, Notfall;2026-08-11T09:44:28+02:00;2026-08-11T09:44:28+02:00;;dpa Hessen;false
fc5a5ad599fbc9adab183793fe2ba3baa6a0f5a9667d54d893100fc12e1560d4;Messerangriff in Pankow - Opfer schwer verletzt;https://www.zeit.de/news/2026-08/11/messerangriff-in-pankow-opfer-schwer-verletzt;Hier finden Sie Informationen zu dem Thema „Waffengewalt“. Lesen Sie jetzt „Messerangriff in Pankow - Opfer schwer verletzt“.;Waffengewalt;News, Waffengewalt, Pankow, Berlin-Pankow, Polizei, Messerangriff, Waffengewalt;2026-08-11T09:34:36+02:00;2026-08-11T09:34:36+02:00;;dpa Berlin/Brandenburg;false
4765e7c1fe09df935174db44e1731fbe29c33da4afcca72894a3233d29e7d5a2;Trump stützt Infantino: «Er ist fantastisch»;https://www.zeit.de/news/2026-08/11/trump-stuetzt-infantino-er-ist-fantastisch;Hier finden Sie Informationen zu dem Thema „FIFA-Präsident in der Kritik“. Lesen Sie jetzt „Trump stützt Infantino: «Er ist fantastisch»“.;FIFA-Präsident in der Kritik;News, FIFA-Präsident in der Kritik, Gianni Infantino, Donald Trump, Fifa, Investorenplan, Kritik;2026-08-11T09:32:06+02:00;2026-08-11T09:32:06+02:00;;dpa Sport;false
515abac6c4254ce9093389b357d1b727decf3623edb84ac4c61cf1a83db29c95;Polanski: Kleindienst noch nicht bereit für 90 Minuten;https://www.zeit.de/news/2026-08/11/polanski-kleindienst-noch-nicht-bereit-fuer-90-minuten;Hier finden Sie Informationen zu dem Thema „Fußball-Bundesliga“. Lesen Sie jetzt „Polanski: Kleindienst noch nicht bereit für 90 Minuten“.;Fußball-Bundesliga;News, Fußball-Bundesliga, Eugen Polanski, Tim Kleindienst, Mönchengladbach, Rheinische Post, Fußball-Bundesliga, Bundesliga, Kritik;2026-08-11T09:31:46+02:00;2026-08-11T09:31:46+02:00;;dpa Nordrhein-Westfalen;false
e94c78c5ebaa68d45ea3798c718fc6f7fd8c53f1521e565876e8637077502a5e;Polizeieinsatz bei Sommerfest von rechtsextremer Partei;https://www.zeit.de/news/2026-08/11/polizeieinsatz-bei-sommerfest-von-rechtsextremer-partei;Hier finden Sie Informationen zu dem Thema „Kriminalität“. Lesen Sie jetzt „Polizeieinsatz bei Sommerfest von rechtsextremer Partei“.;Kriminalität;News, Kriminalität, Berlin-Köpenick, Tagesspiegel, Die Heimat, Polizei, Sommerfest, Polizeieinsatz;2026-08-11T09:30:58+02:00;2026-08-11T09:30:58+02:00;;dpa Berlin/Brandenburg;false
af14e531234b454fa8c53da3d9c222fe9a6deda40c8ae532cfd1437b137da7d9;Neuer Übernachtungsrekord in Deutschland aufgestellt;https://www.zeit.de/wirtschaft/2026-08/tourismus-deutschland-uebernachtungen-rekord-deutscher-tourismusverband-gxe;223,8 Millionen Übernachtungen hat es im ersten Halbjahr in Deutschland gegeben: ein neuer Rekord. Die meisten Buchungen kamen von Gästen aus dem Inland.;Tourismus;Wirtschaft, Tourismus, Statistisches Bundesamt, Urlaub, Tourismus, Camping;2026-08-11T09:28:59+02:00;2026-08-11T09:28:59+02:00;man;DIE ZEIT,        Reuters,        dpa,        							man;false
1ffd60be9f96b6f0edce4f8c75af006c40053cdbd82a021a5715beb029b25f47;Kunststoff-Kaiman löst Polizeieinsatz in Glücksburg aus;https://www.zeit.de/news/2026-08/11/kunststoff-kaiman-loest-polizeieinsatz-in-gluecksburg-aus;Hier finden Sie Informationen zu dem Thema „Kurioses“. Lesen Sie jetzt „Kunststoff-Kaiman löst Polizeieinsatz in Glücksburg aus“.;Kurioses;News, Kurioses, Glücksburg, Polizei, Polizeieinsatz, Krokodil, Kunststoff;2026-08-11T09:27:44+02:00;2026-08-11T09:27:44+02:00;;dpa Hamburg/Schleswig-Holstein;false
aa818c111f5c8772b40f839aa07ef4b470c68f1d05a2b78c966155f59e90e98b;Wasserhahn nicht abgedreht: Kompletter Keller geflutet;https://www.zeit.de/news/2026-08/11/wasserhahn-nicht-abgedreht-kompletter-keller-geflutet;Hier finden Sie Informationen zu dem Thema „Feuerwehreinsatz“. Lesen Sie jetzt „Wasserhahn nicht abgedreht: Kompletter Keller geflutet“.;Feuerwehreinsatz;News, Feuerwehreinsatz, Weyhe, Landkreis Diepholz, Feuerwehr, Wasserhahn, Feuerwehreinsatz;2026-08-11T09:26:28+02:00;2026-08-11T09:26:28+02:00;;dpa Niedersachsen;false
79b87f3b7ea3c0dd98a3b87900f200b7e37abb36ee38e4c43e3cab77533a95aa;»Heißt das, wir stören nur?«;https://www.zeit.de/2026/34/afd-sachsen-anhalt-landtagswahl-bildungspolitik-schule;Die AfD in Sachsen-Anhalt hat radikale Ideen für Schulen. Betroffen wären Kinder mit ADHS, Autismus oder Fluchtgeschichte. Wie sich eine Schule in Salzwedel vorbereitet. ;"Z+ (abopflichtiger Inhalt);
        
    AfD in Sachsen-Anhalt";Bildung, AfD in Sachsen-Anhalt, Sachsen-Anhalt, Bildungspolitik, Schule, Alternative für Deutschland, Menschen mit Behinderung, ADHS;2026-08-11T09:17:54+02:00;2026-08-11T09:17:54+02:00;Jeannette Otto;Aus der        ZEIT Nr. 34/2026;false
542a88d1f3831395bbebfe68a7640e24b9f7db791c9e3c727e7cab9f248104b8;Polizei warnt vor gefälschten Bankanschreiben;https://www.zeit.de/news/2026-08/11/polizei-warnt-vor-gefaelschten-bankanschreiben;Hier finden Sie Informationen zu dem Thema „Kriminalität“. Lesen Sie jetzt „Polizei warnt vor gefälschten Bankanschreiben“.;Kriminalität;News, Kriminalität, Landkreis Offenbach, Polizei, Bankanschreiben, Betrugsversuch;2026-08-11T09:16:41+02:00;2026-08-11T09:16:41+02:00;;dpa Hessen;false
cc39e0e6d81f16d5b2c65523f8ca70f77d34c3cf00e240157bbfd9b2ffbc181b;Elektrobranche mit starkem Auftragsplus - Zuversicht wächst;https://www.zeit.de/news/2026-08/11/elektrobranche-mit-starkem-auftragsplus-zuversicht-waechst;Hier finden Sie Informationen zu dem Thema „Halbjahresbilanz“. Lesen Sie jetzt „Elektrobranche mit starkem Auftragsplus - Zuversicht wächst“.;Halbjahresbilanz;News, Halbjahresbilanz, Frankfurt, ZVEI, Elektrobranche, Auftragsplus, Halbjahresbilanz, Zuversicht, Digitalindustrie;2026-08-11T09:13:34+02:00;2026-08-11T09:13:34+02:00;;dpa;false
4a2fc8fc8c278c11502e566e3b1f15fd8e15491962f9305302675af7957927dd;Deutsche im Ego-Kampf;https://www.zeit.de/2026/34/unhoeflichkeit-alltag-berlin-maniere-debatte;Schlechte Manieren sind unpraktisch, deprimierend und belastend. Auch in Debatten. Vielleicht können viele nicht mehr Streit und Diskussion voneinander unterscheiden.;"Z+ (abopflichtiger Inhalt);
        
    Unhöflichkeit";Feuilleton, Unhöflichkeit, Kommunikation, Berlin, Alltag, Bundesrepublik Deutschland;2026-08-11T09:05:07+02:00;2026-08-11T09:05:07+02:00;Maxim Biller;Aus der        ZEIT Nr. 34/2026;false
7799c63c3273e3fab31989fab7beba45affe6a7adf64d7445a6ee74587643907;Feuer in Weingarten - zwei Menschen verletzt;https://www.zeit.de/news/2026-08/11/feuer-in-weingarten-drei-menschen-medizinisch-versorgt;Hier finden Sie Informationen zu dem Thema „Wohnungsbrand“. Lesen Sie jetzt „Feuer in Weingarten - zwei Menschen verletzt“.;Wohnungsbrand;News, Wohnungsbrand, Weingarten, Polizei, Wohnungsbrand;2026-08-11T09:02:41+02:00;2026-08-11T09:02:41+02:00;;dpa Baden-Württemberg;false
05995ccb5e94c2aaeb4ad2b3888438e499bdccc9df7291df927a4877104e1341;13 Strafverfahren nach kreativem Drogen-Schmuggel per Post;https://www.zeit.de/news/2026-08/11/13-strafverfahren-nach-kreativem-drogen-schmuggel-per-post;Hier finden Sie Informationen zu dem Thema „Kriminalität“. Lesen Sie jetzt „13 Strafverfahren nach kreativem Drogen-Schmuggel per Post“.;Kriminalität;News, Kriminalität, Regensburg, Tschechien, Ecstasy, Strafverfahren, Hauptzollamt, Kontrollaktion, Drogen, Grenze;2026-08-11T09:01:58+02:00;2026-08-11T09:01:58+02:00;;dpa Bayern;false
6691d89eef47892e41055f59a42359b79cb9b84d1a4363779080d564f4ba306b;Betrüger erbeuten in Chemnitz Gold durch Schockanruf;https://www.zeit.de/news/2026-08/11/betrueger-erbeuten-in-chemnitz-gold-durch-schockanruf;Hier finden Sie Informationen zu dem Thema „Kriminalität in Sachsen“. Lesen Sie jetzt „Betrüger erbeuten in Chemnitz Gold durch Schockanruf“.;Kriminalität in Sachsen;News, Kriminalität in Sachsen, Chemnitz, Sachsen, Schockanruf, Gold;2026-08-11T08:57:57+02:00;2026-08-11T08:57:57+02:00;;dpa Sachsen;false
5b746d1e633e34415d41068923acc1c1105d0209bf02a0fa64e6dca6598ba2b9;Menschen sollen wegen Waldbrand auf Duschen verzichten;https://www.zeit.de/gesellschaft/zeitgeschehen/2026-08/waldbrand-main-kinzig-kreis-rodenbach-wassersparen-gxe;Weil für Löscharbeiten an einem Waldbrand so viel Wasser benötigt wird, ruft der Main-Kinzig-Kreis Bewohner mehrerer Gemeinden zum Wassersparen auf. Jeder Liter zähle.;Waldbrand im Main-Kinzig-Kreis;Gesellschaft, Waldbrand im Main-Kinzig-Kreis, Waldbrand, Wasserversorgung, Feuerwehr;2026-08-11T08:55:16+02:00;2026-08-11T08:55:16+02:00;yer;DIE ZEIT,        dpa,        							yer;false
5987acdc28687c209feeaeb6e44c350178dbe58cd33f79677fe2b1d1e69eac04;Niedrigwasser am Rhein lässt Spritpreise regional steigen;https://www.zeit.de/mobilitaet/2026-08/niedrigwasser-rhein-spritpreise-schifffahrt-logistik-gxe;Wegen des niedrigen Pegels im Rhein können Benzin und Diesel nicht mehr wie gewohnt transportiert werden. Das führt teils zu höheren Spritpreisen – vor allem im Westen.;Öltransport;Mobilitaet, Öltransport, Rhein, Spritpreis, Logistik, Schifffahrt, ADAC;2026-08-11T08:54:07+02:00;2026-08-11T08:54:07+02:00;edd;DIE ZEIT,        dpa,        							edd;false
86f284c29e8450567fe56fdeb977f22ee1b0864fe450bb03ebb04ff0b426efae;Großes Hakenkreuz in Asphalt gebrannt - Ermittlungen laufen;https://www.zeit.de/news/2026-08/11/grosses-hakenkreuz-in-asphalt-gebrannt-ermittlungen-laufen;Hier finden Sie Informationen zu dem Thema „Kriminalität“. Lesen Sie jetzt „Großes Hakenkreuz in Asphalt gebrannt - Ermittlungen laufen“.;Kriminalität;News, Kriminalität, Gudensberg, Polizei, Hakenkreuz, Asphalt, Asphaltfläche, Sportanlage, Ermittlung;2026-08-11T08:39:54+02:00;2026-08-11T08:39:54+02:00;;dpa Hessen;false
eda034c1f42735e449dded376b22bec696bf83491fd9d7ab01718a65dc3d9628;Dämpfer im Juni: Übernachtungszahlen gesunken;https://www.zeit.de/news/2026-08/11/daempfer-im-juni-uebernachtungszahlen-gesunken;Hier finden Sie Informationen zu dem Thema „Statistisches Bundesamt“. Lesen Sie jetzt „Dämpfer im Juni: Übernachtungszahlen gesunken“.;Statistisches Bundesamt;News, Statistisches Bundesamt, Statistisches Bundesamt, Übernachtungszahl, Jahresstart, Beherbergungsbetrieb;2026-08-11T08:38:25+02:00;2026-08-11T08:38:25+02:00;;dpa;false
72801074de613d3e3fec8bc24c98fd36ff8d9f9fa3ba72560431a7612d188ba3;Großeinsatz in der Städteregion Aachen gegen Drogenhandel;https://www.zeit.de/news/2026-08/11/grosseinsatz-in-der-staedteregion-aachen-gegen-drogenhandel;Hier finden Sie Informationen zu dem Thema „Kriminalität“. Lesen Sie jetzt „Großeinsatz in der Städteregion Aachen gegen Drogenhandel“.;Kriminalität;News, Kriminalität, Aachen, Polizei, Städteregion, Drogenhandel, Eigentumskriminalität, Großeinsatz;2026-08-11T08:33:03+02:00;2026-08-11T08:33:03+02:00;;dpa Nordrhein-Westfalen;false
a81663ee38df18a74d7fd74a0e26a0a540d35de5fb829cc25d45ed5a02293f25;E-Scooter-Unfall: 14-Jähriger lebensgefährlich verletzt;https://www.zeit.de/news/2026-08/11/e-scooter-unfall-14-jaehriger-lebensgefaehrlich-verletzt;Hier finden Sie Informationen zu dem Thema „Schwäbisch Hall“. Lesen Sie jetzt „E-Scooter-Unfall: 14-Jähriger lebensgefährlich verletzt“.;Schwäbisch Hall;News, Schwäbisch Hall, Schwäbisch Hall, Scooter, E-Scooter;2026-08-11T08:30:58+02:00;2026-08-11T08:30:58+02:00;;dpa Baden-Württemberg;false
998e5b422a823ed5023639442783fcee544923597ea5280cf6614f31806a5ac8;Trumps Medienfirma meldet hohen Millionenverlust;https://www.zeit.de/wirtschaft/2026-08/trump-media-technology-donald-trump-verlust-q2-truth-social-gxe;Mit 238,1 Millionen US-Dollar hat Trump Media seinen Verlust verzehnfacht. Das Unternehmen will sich nun stärker auf die Plattform Truth Social fokussieren.;Trump Media & Technology;Wirtschaft, Trump Media & Technology, Unternehmen, Donald Trump, Medienbranche, Quartalsbericht;2026-08-11T08:20:20+02:00;2026-08-11T08:20:20+02:00;man;DIE ZEIT,        AP,        dpa,        							man;false
be0442ba8ecf3a8d52e85eb11b57dfb9a698931d15243b5c85de32eb17918394;Trainerlos zur Turn-EM: Helen Kevric erklärt ihre Situation;https://www.zeit.de/news/2026-08/11/trainerlos-zur-turn-em-helen-kevric-erklaert-ihre-situation;Hier finden Sie Informationen zu dem Thema „Vor den Titelkämpfen in Zagreb“. Lesen Sie jetzt „Trainerlos zur Turn-EM: Helen Kevric erklärt ihre Situation“.;Vor den Titelkämpfen in Zagreb;News, Vor den Titelkämpfen in Zagreb, Helen Kevric, Silja Stöhr, Tatjana Bachmayer, Zagreb, Leipzig, Stuttgart, Hannover, Chemnitz, Olympia;2026-08-11T08:17:05+02:00;2026-08-11T08:17:05+02:00;;dpa Baden-Württemberg;false
35af4ee5983829544808a051446d0b77b5a371174e8459f79496a980e9c5b774;Souvenir aus Pythonleder beschlagnahmt – Zoll warnt Reisende;https://www.zeit.de/news/2026-08/11/souvenir-aus-pythonleder-beschlagnahmt-zoll-warnt-reisende;Hier finden Sie Informationen zu dem Thema „Geschützte Tierart“. Lesen Sie jetzt „Souvenir aus Pythonleder beschlagnahmt – Zoll warnt Reisende“.;Geschützte Tierart;News, Geschützte Tierart, München, Pythonleder, Hauptzollamt, Tierart, Souvenir, Tiere;2026-08-11T08:14:33+02:00;2026-08-11T08:14:33+02:00;;dpa Bayern;false
99df33cb9d8efd18a960639cd7d4c4953d7536e015248999cb2aaf1d33b57580;Bahn meldet Hitzeschäden - diese Strecke ist betroffen;https://www.zeit.de/news/2026-08/11/bahn-meldet-hitzeschaeden-diese-strecke-ist-betroffen;Hier finden Sie Informationen zu dem Thema „Fernverkehr“. Lesen Sie jetzt „Bahn meldet Hitzeschäden - diese Strecke ist betroffen“.;Fernverkehr;News, Fernverkehr, Stuttgart, Nürnberg, Hitzeschaden, Fernverkehr, Fernverkehrsstrecke;2026-08-11T08:07:01+02:00;2026-08-11T08:07:01+02:00;;dpa Baden-Württemberg;false
045552630740497568ed53fd7a61fa32cecb6fa1fd194fb40100d4b6ecb31db0;Gefahr von Waldbränden etwas gesunken;https://www.zeit.de/news/2026-08/11/gefahr-von-waldbraenden-etwas-gesunken;Hier finden Sie Informationen zu dem Thema „Waldbrandgefahr“. Lesen Sie jetzt „Gefahr von Waldbränden etwas gesunken“.;Waldbrandgefahr;News, Waldbrandgefahr, Brandenburg, Prignitz, Waldbrandgefahr, Waldbrand, Waldbrandgefahrenstufe, Gefahrenstufe;2026-08-11T08:06:33+02:00;2026-08-11T08:06:33+02:00;;dpa Berlin/Brandenburg;false
a0f0e26eed3d62adf2222d889982ab0745c3c57312daa5291b5e5282974eeedc;Lkw brennt bei Nempitz komplett aus - 400.000 Euro Schaden;https://www.zeit.de/news/2026-08/11/lkw-brennt-bei-nempitz-komplett-aus-400-000-euro-schaden;Hier finden Sie Informationen zu dem Thema „Mit schwerem Gerät beladen“. Lesen Sie jetzt „Lkw brennt bei Nempitz komplett aus - 400.000 Euro Schaden“.;Mit schwerem Gerät beladen;News, Mit schwerem Gerät beladen, Nempitz, Saalekreis, Polizei;2026-08-11T08:00:05+02:00;2026-08-11T08:00:05+02:00;;dpa Sachsen;false
495b31771e81f114533087a488c6c207c30f62903f8b7d1d0604d37ffd81add5;Versicherung: Immer mehr Autofahrer wechseln zum Elektroauto;https://www.zeit.de/news/2026-08/11/versicherung-immer-mehr-autofahrer-wechseln-zum-elektroauto;Hier finden Sie Informationen zu dem Thema „Elektromobilität“. Lesen Sie jetzt „Versicherung: Immer mehr Autofahrer wechseln zum Elektroauto“.;Elektromobilität;News, Elektromobilität, Coburg, HUK, Elektroauto, Gebrauchtwagenbereich, Elektromobilität, Auto;2026-08-11T07:55:29+02:00;2026-08-11T07:55:29+02:00;;dpa;false
26862d942b5bb7b22e42a043cb9cc1149cfca271240f3588cff229370478b1ad;20-Jähriger bei Unfall lebensgefährlich verletzt;https://www.zeit.de/news/2026-08/11/20-jaehriger-bei-unfall-lebensgefaehrlich-verletzt;Hier finden Sie Informationen zu dem Thema „In der Nacht“. Lesen Sie jetzt „20-Jähriger bei Unfall lebensgefährlich verletzt“.;In der Nacht;News, In der Nacht, Polizei, Unfall, Verkehrsunfall;2026-08-11T07:53:57+02:00;2026-08-11T07:53:57+02:00;;dpa Niedersachsen;false
bb87a5e8c0d301cb9f3498c97891189e69f6d21d24c773614cca838a1113cb74;Badenberg: «Müssen Tätern ihre Spielzeuge wegnehmen»;https://www.zeit.de/news/2026-08/11/badenberg-muessen-taetern-ihre-spielzeuge-wegnehmen;Hier finden Sie Informationen zu dem Thema „Organisierte Kriminalität“. Lesen Sie jetzt „Badenberg: «Müssen Tätern ihre Spielzeuge wegnehmen»“.;Organisierte Kriminalität;News, Organisierte Kriminalität, Berlin, Spielzeug, Revierkampf, Waffengewalt, Organisierte Kriminalität;2026-08-11T07:51:10+02:00;2026-08-11T07:51:10+02:00;;dpa Berlin/Brandenburg;false
7044b8800fe5c45bf65cea92799dd9cdd2f1d7219423db7fc117c6b5ef5078be;Niedrigwasser am Rhein macht Tanken teurer;https://www.zeit.de/news/2026-08/11/niedrigwasser-am-rhein-macht-tanken-teurer;Hier finden Sie Informationen zu dem Thema „Spritpreise“. Lesen Sie jetzt „Niedrigwasser am Rhein macht Tanken teurer“.;Spritpreise;News, Spritpreise, Christian Laberer, NRW, Rhein, Hessen, ADAC, Niedrigwasser, Spritpreis;2026-08-11T07:43:28+02:00;2026-08-11T07:43:28+02:00;;dpa;false
5ae28281f4fbf0f6058a7edefc9fc8d7cdd8dc44997e9f48c82f5ea612491ab8;Unfall beim Äste sägen: Mann schwer verletzt;https://www.zeit.de/news/2026-08/11/unfall-beim-aeste-saegen-mann-schwer-verletzt;Hier finden Sie Informationen zu dem Thema „Rettungsdienst im Einsatz“. Lesen Sie jetzt „Unfall beim Äste sägen: Mann schwer verletzt“.;Rettungsdienst im Einsatz;News, Rettungsdienst im Einsatz, Gangkofen, Unfall, Frontladerschaufel;2026-08-11T07:37:59+02:00;2026-08-11T07:37:59+02:00;;dpa Bayern;false
7ddeda361844f78ab6ae8291b25047b95daf53b23dec330a1db4e59023d45f91;Korallen am Great Barrier Reef erholen sich nach Abkühlung;https://www.zeit.de/news/2026-08/11/korallen-am-great-barrier-reef-erholen-sich-nach-abkuehlung;Hier finden Sie Informationen zu dem Thema „Naturwunder in Australien“. Lesen Sie jetzt „Korallen am Great Barrier Reef erholen sich nach Abkühlung“.;Naturwunder in Australien;News, Naturwunder in Australien, Australien, Great Barrier Reef, Koralle, Abkühlung, Sommermonsun, Korallenriff, Korallenbleiche, Hitze;2026-08-11T07:35:05+02:00;2026-08-11T07:35:05+02:00;;dpa;false
71ce4df7a85fab54b744274bfb3227f0eb89689287960aa1b28b64ec527d99eb;Suche nach vermisstem Mann im Moritzsee wird fortgesetzt;https://www.zeit.de/news/2026-08/11/suche-nach-vermisstem-mann-im-moritzsee-wird-fortgesetzt;Hier finden Sie Informationen zu dem Thema „Notfall“. Lesen Sie jetzt „Suche nach vermisstem Mann im Moritzsee wird fortgesetzt“.;Notfall;News, Notfall, Naundorf, Landkreis Leipzig, Notfall;2026-08-11T07:34:46+02:00;2026-08-11T07:34:46+02:00;;dpa Sachsen;false
9e03023ac76377970a26984bb1fb0072328bc95b69613040b634c9c47881301e;Wie nah ist zu nah …?;https://www.zeit.de/2026/34/cdu-linke-verhaeltnis-ostdeutschland-landtagwahlen;Das Verhältnis von CDU und Linken ist vor den Ostwahlen so schwierig wie nie. Warum der CDU zweierlei Ärger droht. Und linke Pragmatiker unter Druck stehen. ;"Z+ (abopflichtiger Inhalt);
        
    CDU und Linke";Politik, CDU und Linke, Landtagswahl, Ostdeutschland, Parteitag, CDU, Die Linke;2026-08-11T07:34:22+02:00;2026-08-11T07:34:22+02:00;Mariam LauFritz Zimmermann;Aus der        ZEIT Nr. 34/2026;false
b9e272dd1ea22cf16e26a8eb3e2dc00f236082c488103921e8d30d493111b275;Donald Trump sieht Straße von Hormus als frei von Minen an;https://www.zeit.de/politik/ausland/2026-08/usa-ueberblick-donald-trump-visa-impfungen-air-force-one;Laut dem US-Präsidenten sollen alle Minen aus der Straße von Hormus geräumt sein. Vom Iran fordert Trump Entschädigungszahlungen. Der Nachtüberblick;Der US-Überblick am Morgen;Politik, Der US-Überblick am Morgen, USA, Donald Trump, Straße von Hormus, Schifffahrt, Iran;2026-08-11T07:30:20+02:00;2026-08-11T07:30:20+02:00;sprpengkmi;DIE ZEIT,        dpa,        Reuters,        AFP,        							spr					,        							peng					,        							kmi;false
59072ed37a4814604b8848257f41459637f8fe5b6bef1b5c959f94e200366059;Weiterhin Einschränkungen auf A45 nach Lkw-Brand;https://www.zeit.de/news/2026-08/11/weiterhin-einschraenkungen-auf-a45-nach-lkw-brand;Hier finden Sie Informationen zu dem Thema „Verkehr“. Lesen Sie jetzt „Weiterhin Einschränkungen auf A45 nach Lkw-Brand“.;Verkehr;News, Verkehr, Lahn-Dill-Kreis, Einschränkung, Fahrstreifen, Fahrbahnschaden, Fahrtrichtung, Verkehr;2026-08-11T07:23:40+02:00;2026-08-11T07:23:40+02:00;;dpa Hessen;false
14cd395396bc647a6e73e11691c9cf7cf8ce9d5ed2dd68a9cabdc170e9a790f9;Nach kurzer Hitzepause: Bis zu 38 Grad in NRW erwartet;https://www.zeit.de/news/2026-08/11/nach-kurzer-hitzepause-bis-zu-38-grad-in-nrw-erwartet;Hier finden Sie Informationen zu dem Thema „Wetter“. Lesen Sie jetzt „Nach kurzer Hitzepause: Bis zu 38 Grad in NRW erwartet“.;Wetter;News, Wetter, NRW, Nordrhein-Westfalen, Hitzepause, Wetter;2026-08-11T07:21:39+02:00;2026-08-11T07:21:39+02:00;;dpa Nordrhein-Westfalen;false
4683d596b19bf7066c3c907742a301adcdac0fbe8f55a6e67b162903a55f4f86;Löschhubschrauber stoppen Flammen-Ausbreitung in Bayern;https://www.zeit.de/news/2026-08/11/loeschhubschrauber-stoppen-flammen-ausbreitung-in-bayern;Hier finden Sie Informationen zu dem Thema „Waldbrand“. Lesen Sie jetzt „Löschhubschrauber stoppen Flammen-Ausbreitung in Bayern“.;Waldbrand;News, Waldbrand, Bayern, Hessen, Alzenau, Landkreis Aschaffenburg, Löschhubschrauber, Waldbrand;2026-08-11T07:20:59+02:00;2026-08-11T07:20:59+02:00;;dpa Bayern;false
e98310730b21b5207f145b68bacf0fa571cc211a29e628099273530db517cf88;63-Jährige nach Wohnungsbrand lebensgefährlich verletzt;https://www.zeit.de/news/2026-08/11/63-jaehrige-nach-wohnungsbrand-lebensgefaehrlich-verletzt;Hier finden Sie Informationen zu dem Thema „Elmshorn“. Lesen Sie jetzt „63-Jährige nach Wohnungsbrand lebensgefährlich verletzt“.;Elmshorn;News, Elmshorn, Elmshorn, Wohnungsbrand, Einsatzkraft;2026-08-11T07:20:42+02:00;2026-08-11T07:20:42+02:00;;dpa Hamburg/Schleswig-Holstein;false
476b73639da03d06767c1cfccd651f3acf2812283a719d3f7f11b78f64b1acb8;Niedersachsen will strengere Regeln für Kinder-Influencer;https://www.zeit.de/news/2026-08/11/niedersachsen-will-strengere-regeln-fuer-kinder-influencer;Hier finden Sie Informationen zu dem Thema „Bundesratsinitiative“. Lesen Sie jetzt „Niedersachsen will strengere Regeln für Kinder-Influencer“.;Bundesratsinitiative;News, Bundesratsinitiative, Andreas Philippi, Niedersachsen, Arbeitsministerium, Bundesrat, Bundesratsinitiative, Jugendschutz, Influencer;2026-08-11T07:19:14+02:00;2026-08-11T07:19:14+02:00;;dpa Niedersachsen;false
0199c6f57cbd283ef348118c81311266b1a361f6b3f394cabeddb88689386b29;Tunnel Flughafen Tegel nach Sperrung wieder frei;https://www.zeit.de/news/2026-08/11/tunnel-flughafen-tegel-gesperrt;Hier finden Sie Informationen zu dem Thema „Zu hohes Fahrzeug“. Lesen Sie jetzt „Tunnel Flughafen Tegel nach Sperrung wieder frei“.;Zu hohes Fahrzeug;News, Zu hohes Fahrzeug, Flughafen Tegel, Tunnel, Verkehrsinformationszentrale, Höhenkontrolle, Fahrzeug;2026-08-11T07:15:06+02:00;2026-08-11T07:15:06+02:00;;dpa Berlin/Brandenburg;false
ddd1dce357e6158e791294ecb1dd089646860385c7672a88742c8fe4bd82005d;Brand auf Baustelle auf Sylt – Schaden in Millionenhöhe;https://www.zeit.de/news/2026-08/11/brand-auf-baustelle-auf-sylt-schaden-in-millionenhoehe;Hier finden Sie Informationen zu dem Thema „Feuer auf Sylt“. Lesen Sie jetzt „Brand auf Baustelle auf Sylt – Schaden in Millionenhöhe“.;Feuer auf Sylt;News, Feuer auf Sylt, Sylt, Polizei, Baustelle, Millionenhöhe, Eurobereich;2026-08-11T07:01:53+02:00;2026-08-11T07:01:53+02:00;;dpa Hamburg/Schleswig-Holstein;false
ba80813ecedbc7c54b7e61f747b6dc069339427f35ab49ee1592212e39cc4d04;Retter in Kolumbien suchen nach Überlebenden des Erdbebens;https://www.zeit.de/news/2026-08/11/kolumbien-ruft-nach-erdbeben-landesweiten-notstand-aus;Hier finden Sie Informationen zu dem Thema „Naturkatastrophe“. Lesen Sie jetzt „Retter in Kolumbien suchen nach Überlebenden des Erdbebens“.;Naturkatastrophe;News, Naturkatastrophe, Kolumbien, Notstand, Erdbeben, Naturkatastrophe;2026-08-11T06:57:15+02:00;2026-08-11T06:57:15+02:00;;dpa;false
b8c8fbae1ff38c9c07f7f45078c507b559d04784ca21becaccabf272e91d0d94;Hessen erwartet bis zu 38 Grad am Freitag;https://www.zeit.de/news/2026-08/11/hessen-erwartet-bis-zu-38-grad-am-freitag;Hier finden Sie Informationen zu dem Thema „Wetter“. Lesen Sie jetzt „Hessen erwartet bis zu 38 Grad am Freitag“.;Wetter;News, Wetter, Hessen, Wetter, Hitze;2026-08-11T06:54:55+02:00;2026-08-11T06:54:55+02:00;;dpa Hessen;false
15c427221c7cdf6362a3224f845f7e7159513c788ff2a5cb2cabf3dec4f7aa33;Polizei setzt Hubschrauber mit Löschsack bei Waldbrand ein;https://www.zeit.de/news/2026-08/11/polizei-setzt-hubschrauber-mit-loeschsack-bei-waldbrand-ein;Hier finden Sie Informationen zu dem Thema „Rhein-Sieg-Kreis“. Lesen Sie jetzt „Polizei setzt Hubschrauber mit Löschsack bei Waldbrand ein“.;Rhein-Sieg-Kreis;News, Rhein-Sieg-Kreis, Rhein-Sieg-Kreis, Polizei, Löschsack, Wiesenfläche, Hubschrauber, Waldbrand, Wald;2026-08-11T06:53:07+02:00;2026-08-11T06:53:07+02:00;;dpa Nordrhein-Westfalen;false
35bcab9439b526eeff0b620e2a1f46eabdf45a7e614a566e097d16ae52ad80ac;Trump streicht Empfehlungen für Kinderimpfungen zusammen;https://www.zeit.de/news/2026-08/11/trump-streicht-empfehlungen-fuer-kinderimpfungen-zusammen;Hier finden Sie Informationen zu dem Thema „Umstrittene Gesundheitspolitik“. Lesen Sie jetzt „Trump streicht Empfehlungen für Kinderimpfungen zusammen“.;Umstrittene Gesundheitspolitik;News, Umstrittene Gesundheitspolitik, Donald Trump, Robert F. Kennedy Jr, USA, Weltgesundheitsorganisation, WHO, Impfung, Gesundheitspolitik, Autismus, Kinderimpfungen, Hepatitis B;2026-08-11T06:50:01+02:00;2026-08-11T06:50:01+02:00;;dpa;false
bd5e9902998356175a1d4f15cf13ed430c65ed74bcde98843717b0e4e9fc2b09;Schulze verteidigt abschlagsfreie Rente nach 45 Jahren;https://www.zeit.de/news/2026-08/11/schulze-verteidigt-abschlagsfreie-rente-nach-45-jahren;Hier finden Sie Informationen zu dem Thema „Landtagswahl“. Lesen Sie jetzt „Schulze verteidigt abschlagsfreie Rente nach 45 Jahren“.;Landtagswahl;News, Landtagswahl, Sven Schulze, Ostdeutschland, Berlin, Sachsen-Anhalt, MDR, CDU, Alternative für Deutschland, Landtagswahl, Rente;2026-08-11T06:41:33+02:00;2026-08-11T06:41:33+02:00;;dpa Sachsen;false
3af794b53d1804135678aa3a3c1f4c69789c74913f1716f00b455d9719e310df;Erneut bis zu 38 Grad in Rheinland-Pfalz und dem Saarland;https://www.zeit.de/news/2026-08/11/erneut-bis-zu-38-grad-in-rheinland-pfalz-und-dem-saarland;Hier finden Sie Informationen zu dem Thema „Wetter“. Lesen Sie jetzt „Erneut bis zu 38 Grad in Rheinland-Pfalz und dem Saarland“.;Wetter;News, Wetter, Saarland, Rheinland-Pfalz, Wetter, Hitze;2026-08-11T06:38:51+02:00;2026-08-11T06:38:51+02:00;;dpa Rheinland-Pfalz/Saarland;false
7ee2d56b525b1ed497e9e2e35bc43a7b3e9414b64adaee6550b8a8f418b99b40;Kaffeemaschine gerät in Brand - 100.000 Euro Schaden;https://www.zeit.de/news/2026-08/11/kaffeemaschine-geraet-in-brand-100-000-euro-schaden;Hier finden Sie Informationen zu dem Thema „Feuer im Malerbetrieb“. Lesen Sie jetzt „Kaffeemaschine gerät in Brand - 100.000 Euro Schaden“.;Feuer im Malerbetrieb;News, Feuer im Malerbetrieb, Kaffeemaschine, Malerbetrieb, Küchenbrand;2026-08-11T06:34:21+02:00;2026-08-11T06:34:21+02:00;;dpa Niedersachsen;false
8b2f8381f3f0b80f69bcc994e1f610ccdad0338e2d4cfed4628181ab983ab710;Sinnstiftend oder sinnlos? Frankfurt streitet über ein Netz;https://www.zeit.de/news/2026-08/11/sinnstiftend-oder-sinnlos-frankfurt-streitet-ueber-ein-netz;Hier finden Sie Informationen zu dem Thema „Debatten“. Lesen Sie jetzt „Sinnstiftend oder sinnlos? Frankfurt streitet über ein Netz“.;Debatten;News, Debatten, Janet Echelman, Mike Josef, Frankfurt, Konstablerwache, Kassel, WDC, SPD, Facebook, documenta, Geldverschwendung;2026-08-11T06:31:01+02:00;2026-08-11T06:31:01+02:00;;dpa Hessen;false
fc2513a037c21373ad683ba2745c57e9ac07952dbd6aa5cc268930a325892260;Vom Kinostar zur Ärztin - Marianne Koch wird 95;https://www.zeit.de/news/2026-08/11/vom-kinostar-zur-aerztin-marianne-koch-wird-95;Hier finden Sie Informationen zu dem Thema „Medien und Medizin“. Lesen Sie jetzt „Vom Kinostar zur Ärztin - Marianne Koch wird 95“.;Medien und Medizin;News, Medien und Medizin, Marianne Koch, Clint Eastwood, Curd Jürgens, Starnberger See, München, Deutsche Presse-Agentur, Kamera, Hollywood, Großmutter, Familie;2026-08-11T06:30:06+02:00;2026-08-11T06:30:06+02:00;;dpa Bayern;false
34714a9398991c1f3814e1e80d7e248caa6a9964335bcd5dc7ed97a303d50b0c;Sonne satt in Sachsen, Sachsen-Anhalt und Thüringen;https://www.zeit.de/news/2026-08/11/sonne-satt-in-sachsen-sachsen-anhalt-und-thueringen;Hier finden Sie Informationen zu dem Thema „Wetter“. Lesen Sie jetzt „Sonne satt in Sachsen, Sachsen-Anhalt und Thüringen“.;Wetter;News, Wetter, Sachsen, Thüringen, Sachsen-Anhalt, DWD, Wetter;2026-08-11T06:15:28+02:00;2026-08-11T06:15:28+02:00;;dpa Sachsen;false
e9a8cbb53cd5fe007761bcc5c86b9e7b7b6151cc280d9cecb17a1f5e13791737;Sonne und wohl kein Regen in Berlin und Brandenburg;https://www.zeit.de/news/2026-08/11/sonne-und-wohl-kein-regen-in-berlin-und-brandenburg;Hier finden Sie Informationen zu dem Thema „Sommerwetter“. Lesen Sie jetzt „Sonne und wohl kein Regen in Berlin und Brandenburg“.;Sommerwetter;News, Sommerwetter, Berlin, Brandenburg, Uckermark, DWD, Höchsttemperatur, Wetter;2026-08-11T06:10:32+02:00;2026-08-11T06:10:32+02:00;;dpa Berlin/Brandenburg;false
87a5716881cba311eee2d28421dd88c7214f323c2bc19e4a2625f7809b61c1e5;Schulbegleitung: Wie viel Hilfe bekommt Hanna?;https://www.zeit.de/hamburg/2026-08/elbvertiefung-11-08-2026;Die Elbvertiefung am Dienstag – Mit Protesten gegen Abriss in der Holstenstraße, der Sorge vor Besucherschwund auf der Elphi-Plaza und einer Erinnerung an eine Indieband;Elbvertiefung: Der tägliche Newsletter aus Hamburg;Hamburg, Elbvertiefung: Der tägliche Newsletter aus Hamburg, Ksenija Bekeris, Hannas Fall, Hannas Mutter, Annika Lasarzik, Torsten Voß, Lars Osburg, Susanna Wamala, Hamburg, Fintel, Rote Flora;2026-08-11T06:00:07+02:00;2026-08-11T06:00:07+02:00;Annika Lasarzik;;false
1351feb63de1891d6e7da3684b44ed009fc43082d35d7aa8be12ae219f434c6e;Warum es kein Online-Voting gibt und andere Fragen zur Wahl;https://www.zeit.de/news/2026-08/11/warum-es-kein-online-voting-gibt-und-andere-fragen-zur-wahl;Hier finden Sie Informationen zu dem Thema „Noch 40 Tage bis zur MV-Wahl“. Lesen Sie jetzt „Warum es kein Online-Voting gibt und andere Fragen zur Wahl“.;Noch 40 Tage bis zur MV-Wahl;News, Noch 40 Tage bis zur MV-Wahl, Christian Boden, Mecklenburg-Vorpommern, Landtagswahl, Briefwahlunterlage;2026-08-11T06:00:06+02:00;2026-08-11T06:00:06+02:00;;dpa Mecklenburg-Vorpommern;false
9b1df50ae4d1d21aae7a7f51116f337888f9aef13483b91e3b5655bdc78d026d;Oranienburg und der Dauereinsatz wegen Weltkriegs-Bomben;https://www.zeit.de/news/2026-08/11/oranienburg-und-der-dauereinsatz-wegen-weltkriegs-bomben;Hier finden Sie Informationen zu dem Thema „Kampfmittelbeseitigung“. Lesen Sie jetzt „Oranienburg und der Dauereinsatz wegen Weltkriegs-Bomben“.;Kampfmittelbeseitigung;News, Kampfmittelbeseitigung, Oranienburg, Berlin, Innenministerium, Zweiter Weltkrieg, Dauereinsatz, Kampfmittelbeseitigung, Schiffscontainer, Splitterschutzwand, Weltkriegsbombe, Fundstelle;2026-08-11T06:00:05+02:00;2026-08-11T06:00:05+02:00;;dpa Berlin/Brandenburg;false
7f5b2d111e498ca3d33d916ae98f2279040fb3d40b9668d1787d3a86fbc6dbbe;Apple-Datenbrille: Flop im Wohnzimmer - Siegeszug im OP-Saal;https://www.zeit.de/news/2026-08/11/apple-datenbrille-flop-im-wohnzimmer-siegeszug-im-op-saal;Hier finden Sie Informationen zu dem Thema „Apple Vision Pro“. Lesen Sie jetzt „Apple-Datenbrille: Flop im Wohnzimmer - Siegeszug im OP-Saal“.;Apple Vision Pro;News, Apple Vision Pro, Ronny Grunert, Tim Cook, Dirk Winkler, David S. Baskin, Sachsen, Leipzig, Apple, Universitätsklinikum Leipzig, MRT, Siegeszug;2026-08-11T06:00:04+02:00;2026-08-11T06:00:04+02:00;;dpa;false
8e770aeda8ad242f8ffe096799c2979b6a8eef6d004e5f68353f4a04e93b701b;Hochsommer bleibt - auch am Dienstag über 30 Grad erwartet;https://www.zeit.de/news/2026-08/11/hochsommer-bleibt-auch-am-dienstag-ueber-30-grad-erwartet;Hier finden Sie Informationen zu dem Thema „Wetter“. Lesen Sie jetzt „Hochsommer bleibt - auch am Dienstag über 30 Grad erwartet“.;Wetter;News, Wetter, Bayern, Alpen, Bayerischer Wald, DWD, Hochsommer, Abkühlung, Wetter, Hitze;2026-08-11T05:57:33+02:00;2026-08-11T05:57:33+02:00;;dpa Bayern;false
96492733e5c628ac8004857481652575898a76ef10e01700d307959fb219928e;Wo die Gefahren durch UV-Strahlung und für Brände zunehmen;https://www.zeit.de/news/2026-08/11/wo-die-gefahren-durch-uv-strahlung-und-fuer-braende-zunehmen;Hier finden Sie Informationen zu dem Thema „Wetterbericht“. Lesen Sie jetzt „Wo die Gefahren durch UV-Strahlung und für Brände zunehmen“.;Wetterbericht;News, Wetterbericht, Baden-Württemberg, Rhein, Landkreis Karlsruhe, DWD, Wetterbericht, Landesteil, Waldbrand, Schattenseite, Brand;2026-08-11T05:51:45+02:00;2026-08-11T05:51:45+02:00;;dpa Baden-Württemberg;false
b8472ecddf709ca8bb8d93b1e1e33ea176dda026e79f554d9d0ffeade8cb68c2;Oberstes Gericht Russlands schließt Oppositionspartei von Wahl aus;https://www.zeit.de/politik/ausland/2026-08/partei-jabloko-russland-parlamentswahl-ausschluss;Die Oppositionspartei Jabloko wird wegen angeblicher Wahlrechtsverstöße von der russischen Parlamentswahl ausgeschlossen. Der Parteichef kündigte Berufung an.;Partei Jabloko;Politik, Partei Jabloko, Russland, Moskau, Opposition, Parlamentswahl, Krieg in der Ukraine;2026-08-11T05:46:26+02:00;2026-08-11T05:46:26+02:00;voijtr;DIE ZEIT,        dpa,        Reuters,        							voi					,        							jtr;false
fc1b53869d797c3869a02223b31959ffb639219344650a0ca8a661a651936788;Trump soll Türkei heimlich in Militärflugzeug verlassen haben;https://www.zeit.de/politik/ausland/2026-08/donald-trump-nato-gipfel-flugzeug-iran-morddrohung-gxe;Donald Trumps Flugzeugtausch in Ankara hat für Diskussionen gesorgt. Medien zufolge soll er ein ganz anderes Flugzeug bestiegen haben – versteckt in einem Container.;Air Force One;Politik, Air Force One, Air Force One, Flugzeug, Donald Trump, Türkei, Ankara;2026-08-11T05:35:39+02:00;2026-08-11T05:35:39+02:00;spr;DIE ZEIT,        AFP,        							spr;false
c2511c7a0851fe77f53486327aff119fed928fbb818787d9ea1c7cfff2c75037;Polizei schnappt Raser nach einem Jahr;https://www.zeit.de/news/2026-08/11/polizei-schnappt-raser-nach-einem-jahr;Hier finden Sie Informationen zu dem Thema „Kennzeichen weggeklappt“. Lesen Sie jetzt „Polizei schnappt Raser nach einem Jahr“.;Kennzeichen weggeklappt;News, Kennzeichen weggeklappt, Hunsrück, Polizei, Verfolgungsfahrt, Nummernschild;2026-08-11T05:33:10+02:00;2026-08-11T05:33:10+02:00;;dpa Rheinland-Pfalz/Saarland;false
2a80ac5580283ab29ba2abcf4927e77450b812943afa666b859ff66354de9d8d;Sängerin Inga Rumpf: Habe nie in Geschlechterrollen gedacht;https://www.zeit.de/news/2026-08/11/saengerin-inga-rumpf-habe-nie-in-geschlechterrollen-gedacht;Hier finden Sie Informationen zu dem Thema „Geburtstagskonzert“. Lesen Sie jetzt „Sängerin Inga Rumpf: Habe nie in Geschlechterrollen gedacht“.;Geburtstagskonzert;News, Geburtstagskonzert, Inga Rumpf, Sängerin, Hamburg, Geschlechterrolle, Geburtstagskonzert;2026-08-11T05:30:06+02:00;2026-08-11T05:30:06+02:00;;dpa Hamburg/Schleswig-Holstein;false
77145ae843b16eed18b4c3dafeb15b96a9078e1404aca69172b843e247ee771c;Techno-Parade im Zeichen des CSD-Anschlags;https://www.zeit.de/news/2026-08/11/techno-parade-im-zeichen-des-csd-anschlags;Hier finden Sie Informationen zu dem Thema „Musik-Demo“. Lesen Sie jetzt „Techno-Parade im Zeichen des CSD-Anschlags“.;Musik-Demo;News, Musik-Demo, Ellen Dosch-Roeingh, Dr. Motte, Berlin, Brandenburger Tor, Deutsche Presse-Agentur, Polizei, Christopher Street Day, Schweigeminute;2026-08-11T05:30:05+02:00;2026-08-11T05:30:05+02:00;;dpa Berlin/Brandenburg;false
37048805dfddc97d70dc55eede6fb4dd4177b105e72fd57151d6e220042fe006;Natur und Erfolgserlebnis: Zahl der Anglerinnen steigt;https://www.zeit.de/news/2026-08/11/natur-und-erfolgserlebnis-zahl-der-anglerinnen-steigt;Hier finden Sie Informationen zu dem Thema „Frauenanteil beim Angeln“. Lesen Sie jetzt „Natur und Erfolgserlebnis: Zahl der Anglerinnen steigt“.;Frauenanteil beim Angeln;News, Frauenanteil beim Angeln, Lilli Langbein, André Pleikies, Thüringen, Erfolgserlebnis, Angel, Lieblingsfisch, Schleie, Frauenanteil, Tiere, Erfolg;2026-08-11T05:27:38+02:00;2026-08-11T05:27:38+02:00;;dpa Thüringen;false
40f5a246790327d3f05735af85abcb38be34bb361755416f496a36280d35e99e;Jetzt müssen sie sogar  ihre Parteizentrale verpfänden;https://www.zeit.de/2026/34/us-demokraten-parteizentrale-schulden-wahlkampf;Die Wahlpleite von Kamala Harris hat viele Großspender der US-Demokraten verprellt. Nun könnte die finanzielle Schieflage sogar den Sieg bei den Kongresswahlen gefährden.;"Z+ (abopflichtiger Inhalt);
        
    US-Demokraten";Wirtschaft, US-Demokraten, Kamala Harris, USA, Demokraten (USA), Parteispende, Wahlkampf, Spende;2026-08-11T05:24:47+02:00;2026-08-11T05:24:47+02:00;Heike Buchter;Aus der        ZEIT Nr. 34/2026;false
3bf190e2223a99cc54dddf0e4d393254c4c05ded3b351516e16b486977a587f9;»Mein Konto war leer, aber innerlich war ich reicher«;https://www.zeit.de/arbeit/2026-07/sabbatical-arbeitsplatz-auszeit-karriere-erfahrung;Mit dem Van durch Südamerika, mit dem Rucksack durch Asien: Hier erzählen Menschen, wie sie sich ihr Sabbatical finanziert haben – und was sie unterwegs gelernt haben.;"Z+ (abopflichtiger Inhalt);
        
    Sabbatical";Arbeit, Sabbatical, Sabbatical, Arbeitsplatz;2026-08-11T05:21:24+02:00;2026-08-11T05:21:24+02:00;Christine Frischke;;false
01e698a65a7fc6768a85815273a686869940c8f06ce457d2e2c38ed421cc6c7f;Stundenlange Sperrung wegen Waldbrands - A7 wieder frei;https://www.zeit.de/news/2026-08/11/stundenlange-sperrung-wegen-waldbrands-a7-wieder-frei;Hier finden Sie Informationen zu dem Thema „Rauchschwaden über Autobahn“. Lesen Sie jetzt „Stundenlange Sperrung wegen Waldbrands - A7 wieder frei“.;Rauchschwaden über Autobahn;News, Rauchschwaden über Autobahn, Niedersachsen, Göttingen, Sperrung, Waldbrand, Rauchschwaden, Autobahn;2026-08-11T05:15:34+02:00;2026-08-11T05:15:34+02:00;;dpa Hessen;false
a2eb74b9f8c56487416e6dc5132e6b139576a60d87194ddfb80db4728d15fde8;Bericht: Trump heimlich im Catering-Wagen aus Jet geschleust;https://www.zeit.de/news/2026-08/11/bericht-trump-heimlich-im-catering-wagen-aus-jet-geschleust;Hier finden Sie Informationen zu dem Thema „Sicherheit des US-Präsidenten“. Lesen Sie jetzt „Bericht: Trump heimlich im Catering-Wagen aus Jet geschleust“.;Sicherheit des US-Präsidenten;News, Sicherheit des US-Präsidenten, Donald Trump, Türkei, Iran, Ankara, Großbritannien, Katar, USA, The Washington Post, New York Times, Weißes Haus;2026-08-11T05:13:00+02:00;2026-08-11T05:13:00+02:00;;dpa;false
24b97a35e013502a83aea212f806695c4f03b44ae1bb085a171e92178c199063;Jugendliche von Auto erfasst und schwer verletzt;https://www.zeit.de/news/2026-08/11/jugendliche-von-auto-erfasst-und-schwer-verletzt;Hier finden Sie Informationen zu dem Thema „Unfall im Kreis Offenbach“. Lesen Sie jetzt „Jugendliche von Auto erfasst und schwer verletzt“.;Unfall im Kreis Offenbach;News, Unfall im Kreis Offenbach, Offenbach, Unfall, Auto;2026-08-11T05:03:38+02:00;2026-08-11T05:03:38+02:00;;dpa Hessen;false
ba648812b21acaf29193d27c4173bbb37a836a9279c3b1cf90ee3005733c7fa2;Gute Chancen auf klaren Himmel zur Sonnenfinsternis;https://www.zeit.de/news/2026-08/11/gute-chancen-auf-klaren-himmel-zur-sonnenfinsternis;Hier finden Sie Informationen zu dem Thema „Sonnenfinsternis und Perseiden“. Lesen Sie jetzt „Gute Chancen auf klaren Himmel zur Sonnenfinsternis“.;Sonnenfinsternis und Perseiden;News, Sonnenfinsternis und Perseiden, Helga Schee, Berlin, Brandenburg, Spanien, DWD, Sonnenfinsternis, Wetter;2026-08-11T05:00:28+02:00;2026-08-11T05:00:28+02:00;;dpa Berlin/Brandenburg;false
6b7541c644e13047133a24007f11b413f11d11017bd470a37c5ee53f0453aa52;375 Menschen in Schleswig-Holstein als vermisst gemeldet;https://www.zeit.de/news/2026-08/11/375-menschen-in-schleswig-holstein-als-vermisst-gemeldet;Hier finden Sie Informationen zu dem Thema „Fakten zu Vermisstenfällen“. Lesen Sie jetzt „375 Menschen in Schleswig-Holstein als vermisst gemeldet“.;Fakten zu Vermisstenfällen;News, Fakten zu Vermisstenfällen, Schleswig-Holstein, Kiel, LKA, Polizei, Vermisstenfall, Landeskriminalamt;2026-08-11T05:00:28+02:00;2026-08-11T05:00:28+02:00;;dpa Hamburg/Schleswig-Holstein;false
f829d3ff348632633daebb9ec9fc125534bb1d0cdd5074410668f8f3203b2e04;Bislang kein Fischesterben - doch kein Grund zur Entwarnung;https://www.zeit.de/news/2026-08/11/bislang-kein-fischesterben-doch-kein-grund-zur-entwarnung;Hier finden Sie Informationen zu dem Thema „Hitzestress und Niedrigwasser“. Lesen Sie jetzt „Bislang kein Fischesterben - doch kein Grund zur Entwarnung“.;Hitzestress und Niedrigwasser;News, Hitzestress und Niedrigwasser, Martin Schwabe, Sachsen-Anhalt, Deutsche Presse-Agentur, Fischesterben, Hitzestress, Flusspegelstand, Niedrigwasser;2026-08-11T05:00:26+02:00;2026-08-11T05:00:26+02:00;;dpa Sachsen;false
abb3d43062f8f636e8e40888a2b350076067296cb9a4a8fee4e08736095ef7e0;Für Trump ist die Straße von Hormus wieder offen;https://www.zeit.de/news/2026-08/11/fuer-trump-ist-die-strasse-von-hormus-wieder-offen;Hier finden Sie Informationen zu dem Thema „Lage im Überblick“. Lesen Sie jetzt „Für Trump ist die Straße von Hormus wieder offen“.;Lage im Überblick;News, Lage im Überblick, Donald Trump, Johann Wadephul, USA, Iran, Teheran, Straße von Hormus, X, Meerenge, Minenräumung, Öffnung;2026-08-11T05:00:20+02:00;2026-08-11T05:00:20+02:00;;dpa;false
97c1fc34fa58ce63012e1ae81a14f3f4c595f8a7bc07a302c23d173a8b45b0e5;«Hochmodern»: Warum Christliche Religion ein neues Fach wird;https://www.zeit.de/news/2026-08/11/hochmodern-warum-christliche-religion-ein-neues-fach-wird;Hier finden Sie Informationen zu dem Thema „Schule“. Lesen Sie jetzt „«Hochmodern»: Warum Christliche Religion ein neues Fach wird“.;Schule;News, Schule, Julia Willie Hamburg, Niedersachsen, Kultusministerium, Fächer, Religionsunterricht, Schuljahr;2026-08-11T05:00:06+02:00;2026-08-11T05:00:06+02:00;;dpa Niedersachsen;false
88c032269a931842d058612cb06a4b21cda74fd5b81be522e66b92981c97d79e;Pegel, Kaub, Fahrverbot: Was zum Niedrigwasser wichtig ist;https://www.zeit.de/news/2026-08/11/pegel-kaub-fahrverbot-was-zum-niedrigwasser-wichtig-ist;Hier finden Sie Informationen zu dem Thema „Lange Trockenheit“. Lesen Sie jetzt „Pegel, Kaub, Fahrverbot: Was zum Niedrigwasser wichtig ist“.;Lange Trockenheit;News, Lange Trockenheit, Kaub, Rhein, Mittelrhein, Bundesumweltamt, Niedrigwasser, Fahrverbot, Wasserstand, Trockenheit, Pegelstand, Schifffahrt;2026-08-11T05:00:05+02:00;2026-08-11T05:00:05+02:00;;dpa;false
04a264fb748facf8083560376700e311ed95bbbbe52120764c94b9010d1678d1;Bauern mit Gerstenernte zufrieden - Schädlinge im Raps;https://www.zeit.de/news/2026-08/11/bauern-mit-gerstenernte-zufrieden-schaedlinge-im-raps;Hier finden Sie Informationen zu dem Thema „Ernte“. Lesen Sie jetzt „Bauern mit Gerstenernte zufrieden - Schädlinge im Raps“.;Ernte;News, Ernte, Süddeutschland, Mecklenburg-Vorpommern, Deutsche Presse-Agentur, Gerstenernte, Schädling, Ernte, Hitze;2026-08-11T05:00:04+02:00;2026-08-11T05:00:04+02:00;;dpa Mecklenburg-Vorpommern;false
6747cb5d475d8b7b4cd0909a857853153188962e659644f4e68d2360eb073b3d;Hamburgs Störche ziehen wieder in den Süden;https://www.zeit.de/news/2026-08/11/hamburgs-stoerche-ziehen-wieder-in-den-sueden;Hier finden Sie Informationen zu dem Thema „Storchenhochburg“. Lesen Sie jetzt „Hamburgs Störche ziehen wieder in den Süden“.;Storchenhochburg;News, Storchenhochburg, Jürgen Pelch, Hamburg, Elbe, Naturschutzbund Deutschland, NABU, Deutsche Presse-Agentur, Storch, Storchenhochburg, Rekordbrutsaison, Altstorch;2026-08-11T04:52:04+02:00;2026-08-11T04:52:04+02:00;;dpa Hamburg/Schleswig-Holstein;false
5e6a8bf994a1fc0ae5d3ed661aaf7b2a0522d4bae572a211f988994f1d9641af;Wahl-Ausschluss: Russische Oppositionspartei will kämpfen;https://www.zeit.de/news/2026-08/11/wahl-ausschluss-russische-oppositionspartei-will-kaempfen;Hier finden Sie Informationen zu dem Thema „Die Lage im Überblick“. Lesen Sie jetzt „Wahl-Ausschluss: Russische Oppositionspartei will kämpfen“.;Die Lage im Überblick;News, Die Lage im Überblick, Nikolai Rybakow, Wjatscheslaw Kirillow, Julia Nawalnaja, Russland, Moskau, Jabloko, Die Partei, Parlamentswahl, Abstimmung, Telegram;2026-08-11T04:45:04+02:00;2026-08-11T04:45:04+02:00;;dpa;false
b69755cd0b3be9ac46bfede292f2a463d80c27a112433e0bdaf7065c906b9905;Braucht Rheinland-Pfalz größere Kommunen?;https://www.zeit.de/news/2026-08/11/braucht-rheinland-pfalz-groessere-kommunen;Hier finden Sie Informationen zu dem Thema „Groß oder Klein“. Lesen Sie jetzt „Braucht Rheinland-Pfalz größere Kommunen?“.;Groß oder Klein;News, Groß oder Klein, Martin Junkernheinrich, Lisa Diener, Moritz Petry, Gordon Schnieder, Kaiserslautern, Rheinland-Pfalz, Nordrhein-Westfalen, Rheinland, Kommune;2026-08-11T04:30:10+02:00;2026-08-11T04:30:10+02:00;;dpa Rheinland-Pfalz/Saarland;false
b9123aba13bef9425f9af00a536d9d15d81f2329010e041464430a22dc3c8547;Thüringens SPD-Chef Maier gegen Sonderparteitag;https://www.zeit.de/news/2026-08/11/thueringens-spd-chef-maier-gegen-sonderparteitag;Hier finden Sie Informationen zu dem Thema „Sozialdemokraten“. Lesen Sie jetzt „Thüringens SPD-Chef Maier gegen Sonderparteitag“.;Sozialdemokraten;News, Sozialdemokraten, Georg Maier, Erfurt, SPD, Sonderparteitag, Bundesspitze, Selbstbeschäftigung;2026-08-11T04:30:09+02:00;2026-08-11T04:30:09+02:00;;dpa Thüringen;false
1806597c30c55e8f628696d3ca472a3288d24ce5c817b445e7832498ed439794;Naturphänomen im Norden - Wichtiges zur Sonnenfinsternis;https://www.zeit.de/news/2026-08/11/naturphaenomen-im-norden-wichtiges-zur-sonnenfinsternis;Hier finden Sie Informationen zu dem Thema „12. August“. Lesen Sie jetzt „Naturphänomen im Norden - Wichtiges zur Sonnenfinsternis“.;12. August;News, 12. August, Salzgitter, Hamburg, Hannover, Mecklenburg-Vorpommern, Bremen, Bundesamt für Strahlenschutz, Sonnenfinsternis, Abendstunde;2026-08-11T04:30:08+02:00;2026-08-11T04:30:08+02:00;;dpa Hamburg/Schleswig-Holstein;false
b30d6ca61fd0fc821cd278e6895526ac9f0ee503017674f84f26ca28e78dbbb4;Experte: Detektion von Drohnen technisch kein Problem;https://www.zeit.de/news/2026-08/11/experte-detektion-von-drohnen-technisch-kein-problem;Hier finden Sie Informationen zu dem Thema „Droniq“. Lesen Sie jetzt „Experte: Detektion von Drohnen technisch kein Problem“.;Droniq;News, Droniq, Frankfurt am Main, Leipzig, Drohnenangriff, Flugobjekt, Drohne;2026-08-11T04:30:08+02:00;2026-08-11T04:30:08+02:00;;dpa Hessen;false
a7a7ec8ce50b20d059d6c104065c7c2ff2054bf37a16d750ac61cab69a6ea0ec;Warum Sonnenbrille bei der Sonnenfinsternis nicht ausreicht;https://www.zeit.de/news/2026-08/11/warum-sonnenbrille-bei-der-sonnenfinsternis-nicht-ausreicht;Hier finden Sie Informationen zu dem Thema „12. August“. Lesen Sie jetzt „Warum Sonnenbrille bei der Sonnenfinsternis nicht ausreicht“.;12. August;News, 12. August, Björn Voss, Norddeutschland, Sonnenfinsternis;2026-08-11T04:30:08+02:00;2026-08-11T04:30:08+02:00;;dpa Hamburg/Schleswig-Holstein;false
40fda45a8c3e3cddade4f8b490f7db021084fc25157eadd6a501fca07f409d91;Bahnlinie Augsburg-Ulm wegen Bombenentschärfung gesperrt;https://www.zeit.de/news/2026-08/11/bahnlinie-augsburg-ulm-wegen-bombenentschaerfung-gesperrt;Hier finden Sie Informationen zu dem Thema „80 Jahre alte Blindgänger“. Lesen Sie jetzt „Bahnlinie Augsburg-Ulm wegen Bombenentschärfung gesperrt“.;80 Jahre alte Blindgänger;News, 80 Jahre alte Blindgänger, Augsburg-Ulm, Augsburg, Ulm, Neu-Ulm, Zweiter Weltkrieg, Bombenentschärfung, Bahnlinie, Entschärfung;2026-08-11T04:30:07+02:00;2026-08-11T04:30:07+02:00;;dpa Baden-Württemberg;false
6d589c634e4d81a703a25f6c783a31710a6fec3f1a82c772d5777ef4acd69fe0;Togostämmige Familie wartet auf Aufenthaltserlaubnis;https://www.zeit.de/news/2026-08/11/togostaemmige-familie-wartet-auf-aufenthaltserlaubnis;Hier finden Sie Informationen zu dem Thema „Siegen“. Lesen Sie jetzt „Togostämmige Familie wartet auf Aufenthaltserlaubnis“.;Siegen;News, Siegen, Siegen, Karlsruhe, Togo, Siegen-Wittgenstein, Bundesregierung, Togostämmige, Aufenthaltserlaubnis, Flüchtlingsaufnahme, Familie;2026-08-11T04:30:05+02:00;2026-08-11T04:30:05+02:00;;dpa Nordrhein-Westfalen;false
ddd89b7f780097e9446e662b4e005374ac44dc9dc547124a8349d7f2b190f973;USA haben Trump zufolge Minen in Straße von Hormus geräumt;https://www.zeit.de/politik/ausland/2026-08/strasse-von-hormus-minen-usa-donald-trump-iran-schifffahrt-gxe;Die Meerenge ist nach Angaben von Donald Trump vollständig unter Kontrolle der USA. Nach neuen Forderungen des Iran verlangt der US-Präsident ebenfalls Reparationen. ;Straße von Hormus;Politik, Straße von Hormus, USA, Donald Trump, Straße von Hormus, Schifffahrt, Iran, Minenräumung;2026-08-11T04:21:08+02:00;2026-08-11T04:21:08+02:00;spr;DIE ZEIT,        dpa,        Reuters,        AFP,        							spr;false
747617684b1176ac537b1f2cbc696f9e1c98a8d991842979f9f7f9b9a1c970ae;Wird Trinkwasser im Südwesten knapp? Das sagen die Versorger;https://www.zeit.de/news/2026-08/11/wird-trinkwasser-im-suedwesten-knapp-das-sagen-die-versorger;Hier finden Sie Informationen zu dem Thema „Trockenheit und Hitze“. Lesen Sie jetzt „Wird Trinkwasser im Südwesten knapp? Das sagen die Versorger“.;Trockenheit und Hitze;News, Trockenheit und Hitze, Stuttgart, Karlsruhe, Schwarzwald, Südbaden, Bodensee, Baden-Württemberg, Netze BW, Bodensee-Wasserversorgung, Südwesten, Trinkwasser;2026-08-11T04:15:05+02:00;2026-08-11T04:15:05+02:00;;dpa Baden-Württemberg;false
89782c1f99950e488d7d4969959bec0e7605be8afcf3698c0d0970fb2bfaa1ad;Gutes Wetter bei Sonnenfinsternis und Sternschnuppen;https://www.zeit.de/news/2026-08/11/gutes-wetter-bei-sonnenfinsternis-und-sternschnuppen;Hier finden Sie Informationen zu dem Thema „Himmelsschauspiel“. Lesen Sie jetzt „Gutes Wetter bei Sonnenfinsternis und Sternschnuppen“.;Himmelsschauspiel;News, Himmelsschauspiel, Nils Damke, Daniel Müller, Spanien, Mallorca, Nordrhein-Westfalen, Niedersachsen, DWD, Sonnenfinsternis, Sternschnuppe, Himmelsschauspiel;2026-08-11T04:06:04+02:00;2026-08-11T04:06:04+02:00;;dpa;false
88b81bb86319662755928e7dc95541b058deb04b2f7404c350c1d755404814ad;Wildfische am Limit – Forelle bald teurer im Handel?;https://www.zeit.de/news/2026-08/11/wildfische-am-limit-forelle-bald-teurer-im-handel;Hier finden Sie Informationen zu dem Thema „Fisch in Not“. Lesen Sie jetzt „Wildfische am Limit – Forelle bald teurer im Handel?“.;Fisch in Not;News, Fisch in Not, Carsten Nolting, Nordrhein-Westfalen, Rhein, Westfalen, BMU, Wildfisch, Forelle, Hitzetod, Zuchtfisch, Wassertemperatur;2026-08-11T04:00:38+02:00;2026-08-11T04:00:38+02:00;;dpa Nordrhein-Westfalen;false
2a607aeabe436c6f5b07437aa0be767e64a564dc150b0df9c3a10cca2a7315d5;DGB nimmt Landesregierung bei Pflege in die Pflicht;https://www.zeit.de/news/2026-08/11/dgb-nimmt-landesregierung-bei-pflege-in-die-pflicht;Hier finden Sie Informationen zu dem Thema „Pflege“. Lesen Sie jetzt „DGB nimmt Landesregierung bei Pflege in die Pflicht“.;Pflege;News, Pflege, Susanne Wingertszahn, Mainz, Rheinland-Pfalz, DGB, Deutsche Presse-Agentur, Bundesregierung, Pflege, Landesregierung, Pflegebedürftige, Eigenanteil;2026-08-11T04:00:35+02:00;2026-08-11T04:00:35+02:00;;dpa Rheinland-Pfalz/Saarland;false
041e5b3c66f672aa25c9f485084fe7583680d977fd82f0f50e5ed2d9168acc1d;So steht es um die Trinkwasserversorgung im Südwesten;https://www.zeit.de/news/2026-08/11/so-steht-es-um-die-trinkwasserversorgung-im-suedwesten;Hier finden Sie Informationen zu dem Thema „Versorgung im Land“. Lesen Sie jetzt „So steht es um die Trinkwasserversorgung im Südwesten“.;Versorgung im Land;News, Versorgung im Land, Karlsruhe, Stuttgart, Baden-Württemberg, Netze BW, Bodensee-Wasserversorgung, Südwesten, Trinkwasserversorgung, Versorgung;2026-08-11T04:00:35+02:00;2026-08-11T04:00:35+02:00;;dpa Baden-Württemberg;false
09402ee9bd70807e35fb4280aef02c4986f8befe0b31b9e5e73614dc15aeda1f;Historischer Rekordjackpot zieht Lottospieler an;https://www.zeit.de/news/2026-08/11/historischer-rekordjackpot-zieht-lottospieler-an;Hier finden Sie Informationen zu dem Thema „Rekordjackpot“. Lesen Sie jetzt „Historischer Rekordjackpot zieht Lottospieler an“.;Rekordjackpot;News, Rekordjackpot, Sachsen, Rekordjackpot, Jackpot;2026-08-11T04:00:29+02:00;2026-08-11T04:00:29+02:00;;dpa Sachsen;false
56d9577b049f569bdcc99b81f5d06efae58a479341147521ae905cfb87d206d8;Darum freuen sich manche Einzelhändler am Marienfeiertag;https://www.zeit.de/news/2026-08/11/darum-freuen-sich-manche-einzelhaendler-am-marienfeiertag;Hier finden Sie Informationen zu dem Thema „Nicht überall frei“. Lesen Sie jetzt „Darum freuen sich manche Einzelhändler am Marienfeiertag“.;Nicht überall frei;News, Nicht überall frei, Bernd Ohlmann, Oberpfalz, Nürnberg, Mariä Himmelfahrt, Marienfeiertag, Feiertag;2026-08-11T04:00:28+02:00;2026-08-11T04:00:28+02:00;;dpa Bayern;false
ad88d3ce8ed03b3c6dd379b9e42d4fef9cd94424dd75a6c7c771cfee8f48f2f7;Verletzte Ehre? - Mann wegen Mordes an Ehefrau vor Gericht;https://www.zeit.de/news/2026-08/11/verletzte-ehre-mann-wegen-mordes-an-ehefrau-vor-gericht;Hier finden Sie Informationen zu dem Thema „Eifersucht und verletzte Ehre“. Lesen Sie jetzt „Verletzte Ehre? - Mann wegen Mordes an Ehefrau vor Gericht“.;Eifersucht und verletzte Ehre;News, Eifersucht und verletzte Ehre, Schrozberg, Ellwangen, Schwäbisch Hall, Staatsanwaltschaft, Mord, Besitzdenken, Eifersucht, Ehrgefühl, Dönerimbiss;2026-08-11T04:00:26+02:00;2026-08-11T04:00:26+02:00;;dpa;false
258aaa9cf8ff7137373fbf4fe32e3b4f843c2f738fafa80923b012a570c6607a;ADAC warnt vor mehr Staus durch Lkw am Wochenende;https://www.zeit.de/news/2026-08/11/adac-warnt-vor-mehr-staus-durch-lkw-am-wochenende;Hier finden Sie Informationen zu dem Thema „Kein Lkw-Sonntagsfahrverbot“. Lesen Sie jetzt „ADAC warnt vor mehr Staus durch Lkw am Wochenende“.;Kein Lkw-Sonntagsfahrverbot;News, Kein Lkw-Sonntagsfahrverbot, Holger Bach, ADAC, Feiertagsfahrverbot;2026-08-11T04:00:19+02:00;2026-08-11T04:00:19+02:00;;dpa Baden-Württemberg;false
50166edd38d12b242d20966fdb7f551a3b39787eab7302093d6ef9f3a2162630;Erster Schultag für die Erstklässler;https://www.zeit.de/news/2026-08/11/erster-schultag-fuer-die-erstklaessler;Hier finden Sie Informationen zu dem Thema „Erstklässler“. Lesen Sie jetzt „Erster Schultag für die Erstklässler“.;Erstklässler;News, Erstklässler, Rheinland-Pfalz, Schultag, Schuljahr, Erstklässler, Schultüte;2026-08-11T04:00:18+02:00;2026-08-11T04:00:18+02:00;;dpa Rheinland-Pfalz/Saarland;false
c886a4947136c9c9e8cb2bacf37b641bbe72ea3623d84571faf8cdd82f705d7b;Hitzefrei an Hessens Schulen? – Welche Regelungen gelten;https://www.zeit.de/news/2026-08/11/hitzefrei-an-hessens-schulen-welche-regelungen-gelten;Hier finden Sie Informationen zu dem Thema „Klima“. Lesen Sie jetzt „Hitzefrei an Hessens Schulen? – Welche Regelungen gelten“.;Klima;News, Klima, Wiesbaden, Hessen, Bildungsministerium, Deutsche Presse-Agentur, Sommerferien, Hitze;2026-08-11T04:00:09+02:00;2026-08-11T04:00:09+02:00;;dpa Hessen;false
aad69bc2ce62571446afed956d5311205196124051849af05dc59df840e1d08a;Gibt es am Mittwoch klare Sicht auf die Sonnenfinsternis?;https://www.zeit.de/news/2026-08/11/gibt-es-am-mittwoch-klare-sicht-auf-die-sonnenfinsternis;Hier finden Sie Informationen zu dem Thema „Wetter“. Lesen Sie jetzt „Gibt es am Mittwoch klare Sicht auf die Sonnenfinsternis?“.;Wetter;News, Wetter, Bergland, Baden-Württemberg, Sonnenfinsternis, Wetter;2026-08-11T04:00:08+02:00;2026-08-11T04:00:08+02:00;;dpa Baden-Württemberg;false
4e1526d1d62239ccc78afc3b45c8e57760bd61ef92948b5d3d654420e343dded;Paulaner Spezi geht nach Österreich;https://www.zeit.de/news/2026-08/11/paulaner-spezi-geht-nach-oesterreich;Hier finden Sie Informationen zu dem Thema „Getränke“. Lesen Sie jetzt „Paulaner Spezi geht nach Österreich“.;Getränke;News, Getränke, Österreich, Paulaner Brauerei, Lizenzvereinbarung, Getränk, Brauerei;2026-08-11T04:00:07+02:00;2026-08-11T04:00:07+02:00;;dpa Bayern;false
708f898245fd53ee74a98aa085ce836e2cffddab2a8d56acd8fc02aecd044425;US-Gericht weist Anklage gegen indischen Milliardär Adani ab;https://www.zeit.de/politik/ausland/2026-08/gautam-adani-korruption-usa-justizministerium-klageabweisung-gxe;Einer der reichsten Männer der Welt ist einem Korruptionsverfahren in den USA entgangen. Das Justizministerium hatte darauf gedrungen, die Klage abzuweisen.;Gautam Adani;Politik, Gautam Adani, USA, Gerichtsverfahren, Justizministerium, Korruption, Indien, Gautam Adani;2026-08-11T03:52:02+02:00;2026-08-11T03:52:02+02:00;peng;DIE ZEIT,        AFP,        Reuters,        							peng;false
66653ec7a67b48d62d6845e9c2155886d428df7a4d5461605c749036078f11d3;Verbände wollen Hitzeschutz in die Verfassung aufnehmen;https://www.zeit.de/politik/deutschland/2026-08/hitzeschutz-gemeinschaftsaufgabe-grundgesetz-kommunen-deutscher-staedtetag-vdk;Der Schutz vor Hitze soll als Gemeinschaftsaufgabe im Grundgesetz verankert werden, fordert der Deutsche Städtetag. Der VdK verlangt Maßnahmen für besonders Gefährdete.;Hitze;Politik, Hitze, Bundesregierung, VdK, Grundgesetz, Hitze, Hitzewelle;2026-08-11T03:51:11+02:00;2026-08-11T03:51:11+02:00;jtr;DIE ZEIT,        AFP,        							jtr;false
2a64384b766dce13490dbd7250357977d28d50e99cb99c16b224f28cf8258ca6;Über zehn Kunden für früheren Zugang zu Trumps Online-Posts;https://www.zeit.de/news/2026-08/11/ueber-zehn-kunden-fuer-frueheren-zugang-zu-trumps-online-posts;Hier finden Sie Informationen zu dem Thema „US-Präsident“. Lesen Sie jetzt „Über zehn Kunden für früheren Zugang zu Trumps Online-Posts“.;US-Präsident;News, US-Präsident, Donald Trump, Kevin Mcgurn;2026-08-11T03:48:12+02:00;2026-08-11T03:48:12+02:00;;dpa;false
80b7b08e84eb84c510ae606bd0ca7c9956ac2d9c63bfaf4049c5e10517f0b10e;Melanie Müller: Prozess um gefälschten Behindertenausweis;https://www.zeit.de/news/2026-08/11/melanie-mueller-prozess-um-gefaelschten-behindertenausweis;Hier finden Sie Informationen zu dem Thema „Prozess gegen Sängerin“. Lesen Sie jetzt „Melanie Müller: Prozess um gefälschten Behindertenausweis“.;Prozess gegen Sängerin;News, Prozess gegen Sängerin, Melanie Müller, Sängerin, Leipzig, RTL, Amtsgericht, Staatsanwaltschaft, Behindertenausweis, Hitlergruß;2026-08-11T03:30:07+02:00;2026-08-11T03:30:07+02:00;;dpa Sachsen;false
933f14c54b8df57b17a8879b47714b4d9abb96f203be8dc5000869285d8fa77a;Pfleger soll demenzkranke Heimbewohnerin vergewaltigt haben;https://www.zeit.de/news/2026-08/11/pfleger-soll-demenzkranke-heimbewohnerin-vergewaltigt-haben;Hier finden Sie Informationen zu dem Thema „Prozess in Braunschweig“. Lesen Sie jetzt „Pfleger soll demenzkranke Heimbewohnerin vergewaltigt haben“.;Prozess in Braunschweig;News, Prozess in Braunschweig, Braunschweig, Gifhorn, Seniorenheim;2026-08-11T03:30:06+02:00;2026-08-11T03:30:06+02:00;;dpa Niedersachsen;false
59710840f75e7bb41ec4707681ce40338d3f497d932e657ca4b4a0ca07c3b822;Urteil im Prozess um getöteten Gerichtsvollzieher erwartet;https://www.zeit.de/news/2026-08/11/urteil-im-prozess-um-getoeteten-gerichtsvollzieher-erwartet;Hier finden Sie Informationen zu dem Thema „Tat im November 2025“. Lesen Sie jetzt „Urteil im Prozess um getöteten Gerichtsvollzieher erwartet“.;Tat im November 2025;News, Tat im November 2025, Saarbrücken;2026-08-11T03:30:06+02:00;2026-08-11T03:30:06+02:00;;dpa Rheinland-Pfalz/Saarland;false
9034cb3a87f7614fd777267d20a85353b5142853aedd6a952ace08ba84fd6fb0;Abgeordnetenhaus startet Kampagne für hohe Wahlbeteiligung;https://www.zeit.de/news/2026-08/11/abgeordnetenhaus-startet-kampagne-fuer-hohe-wahlbeteiligung;Hier finden Sie Informationen zu dem Thema „Vor der Berlin-Wahl“. Lesen Sie jetzt „Abgeordnetenhaus startet Kampagne für hohe Wahlbeteiligung“.;Vor der Berlin-Wahl;News, Vor der Berlin-Wahl, Cornelia Seibeld, Berlin, Wahlbeteiligung, Abgeordnetenhaus, Kampagne;2026-08-11T03:30:05+02:00;2026-08-11T03:30:05+02:00;;dpa Berlin/Brandenburg;false
0c534b383917c475da1dfc07966ebf9934f9dba2e025272dbb0eeb2388cd275d;Mordprozess nach Pkw-Kollision mit drei Toten beginnt;https://www.zeit.de/news/2026-08/11/mordprozess-nach-pkw-kollision-mit-drei-toten-beginnt;Hier finden Sie Informationen zu dem Thema „Verfahren“. Lesen Sie jetzt „Mordprozess nach Pkw-Kollision mit drei Toten beginnt“.;Verfahren;News, Verfahren, Offenbach, Mordprozess;2026-08-11T03:30:04+02:00;2026-08-11T03:30:04+02:00;;dpa Hessen;false
87c4ed49ab325069257aea520c4e416f8d7dd5dbd94c9d09f6d98b01c577dba8;Schulstart für die Erstklässler;https://www.zeit.de/news/2026-08/11/schulstart-fuer-die-erstklaessler;Hier finden Sie Informationen zu dem Thema „Bildung“. Lesen Sie jetzt „Schulstart für die Erstklässler“.;Bildung;News, Bildung, Armin Schwarz, Wiesbaden, Hessen, Schulstart, Erstklässler;2026-08-11T03:03:04+02:00;2026-08-11T03:03:04+02:00;;dpa Hessen;false
1e9b0ce0d142c6e5d6b87f8fc9c5be5e5e072c1b792bb5bd13a5c9a70c028782;Liegt Afghanistans Zukunft in der Arbeit der Frauen?;https://www.zeit.de/news/2026-08/11/liegt-afghanistans-zukunft-in-der-arbeit-der-frauen;Hier finden Sie Informationen zu dem Thema „Kleinunternehmer“. Lesen Sie jetzt „Liegt Afghanistans Zukunft in der Arbeit der Frauen?“.;Kleinunternehmer;News, Kleinunternehmer, Mann, Kabul, Herat, Pakistan, Afghanistan, Weltbank, Taliban, Silikonform, Seifenmanufaktur, Kurkuma;2026-08-11T03:00:08+02:00;2026-08-11T03:00:08+02:00;;dpa;false
3b4d213d4075e1fe071b2d51f1f8f11fe2282a39d41ed59bc7274bec90ee7dcc;Auto kracht gegen Baum - Fahrer lebensgefährlich verletzt;https://www.zeit.de/news/2026-08/11/auto-kracht-gegen-baum-fahrer-lebensgefaehrlich-verletzt;Hier finden Sie Informationen zu dem Thema „Unfälle“. Lesen Sie jetzt „Auto kracht gegen Baum - Fahrer lebensgefährlich verletzt“.;Unfälle;News, Unfälle, Unfall, Auto;2026-08-11T02:50:24+02:00;2026-08-11T02:50:24+02:00;;dpa Niedersachsen;false
7e176e626772e36752d2d7ec31987c674871468f150dbe9354606c0ad3b39058;Trump ordnet grundlegende Änderungen bei Kinderimpfungen an;https://www.zeit.de/politik/ausland/2026-08/impfungen-kinder-usa-donald-trump-mmr-autismus;Der US-Präsident will weniger Kinderimpfungen empfehlen und bisherige Kombinationsimpfungen aufteilen. Fachleute warnen vor der Rückkehr potenziell tödlicher Krankheiten.;Impfungen;Politik, Impfungen, USA, Donald Trump, Impfung, Kinder, Autismus;2026-08-11T02:08:37+02:00;2026-08-11T02:08:37+02:00;jtr;DIE ZEIT,        dpa,        AP,        							jtr;false
2cf1bcf27266699d7a64d263f4366e68e5e8519e98d5c5ac21304ddbb4516195;Ramelow für Kooperation der CDU mit Linken in Sachsen-Anhalt;https://www.zeit.de/politik/deutschland/2026-08/bodo-ramelow-cdu-linke-afd-sachsen-anhalt;Man müsse miteinander sprechen, um »das Erpressungspotenzial der AfD« zu reduzieren, mahnt Bundestagsvizepräsident Bodo Ramelow. »Es ist die CDU, die rumeiert«, sagte er.;Wahl in Sachsen-Anhalt;Politik, Wahl in Sachsen-Anhalt, Sachsen-Anhalt, CDU, Ines Schwerdtner, Die Linke, Bodo Ramelow;2026-08-11T01:27:44+02:00;2026-08-11T01:27:44+02:00;spr;DIE ZEIT,        							spr;false
08fbceafbe55ab2bfa590df24e58ab423f7829252eb12233b2322b3bc97dae88;Russland startet erneut Luftangriffe auf ukrainische Städte;https://www.zeit.de/news/2026-08/11/russland-startet-erneut-luftangriffe-auf-ukrainische-staedte;Hier finden Sie Informationen zu dem Thema „Ukraine-Krieg“. Lesen Sie jetzt „Russland startet erneut Luftangriffe auf ukrainische Städte“.;Ukraine-Krieg;News, Ukraine-Krieg, Iwan Fedorow, Russland, Saporischschja, Kyjiw, Luftangriff, Telegram, Krieg in der Ukraine;2026-08-11T01:25:40+02:00;2026-08-11T01:25:40+02:00;;dpa;false
fa7e3ae7bde5cc05f1dd2e0914ba8d0b680026c2dfe9f7762d8e3312573b4255;Lastwagen fährt auf Camper auf - Zwei Schwerverletzte;https://www.zeit.de/news/2026-08/11/lastwagen-faehrt-auf-camper-auf-zwei-schwerverletzte;Hier finden Sie Informationen zu dem Thema „Unfall an Stauende“. Lesen Sie jetzt „Lastwagen fährt auf Camper auf - Zwei Schwerverletzte“.;Unfall an Stauende;News, Unfall an Stauende, Unfall, Auffahrunfall;2026-08-11T00:51:38+02:00;2026-08-11T00:51:38+02:00;;dpa Mecklenburg-Vorpommern;false
a60a34a9cd2b2982d9c9e9cddde289bd2ae2b32d2943270805872bcf3caaf98f;CDU-Politiker fordert mehr Rechte für Nachrichtendienste;https://www.zeit.de/politik/deutschland/2026-08/gesetzesreform-bnd-verfassungsschutz-nachrichtendienste-marc-henrichmann-cdu;Das Bundeskabinett will über die geplante Nachrichtendienstreform beraten. Marc Henrichmann von der CDU verlangt insbesondere nach dem Drohnenvorfall mehr Befugnisse.;BND und Verfassungsschutz;Politik, BND und Verfassungsschutz, CDU, BND, Verfassungsschutz, Reform;2026-08-11T00:51:29+02:00;2026-08-11T00:51:29+02:00;peng;DIE ZEIT,        AFP,        dpa,        							peng;false
b1cddbfdd40d341585a981962c0e18e9256e38a6dfe50bbf36469a977702314b;Mutmaßlicher Auftraggeber im Fall Sigfrido Ranucci festgenommen;https://www.zeit.de/gesellschaft/2026-08/sigfrido-ranucci-anschlag-valter-lavitola-italien-journalist;Zehn Monate nach dem Anschlag auf den italienischen Journalisten haben Ermittler einen Vertrauten Silvio Berlusconis festgenommen. Er soll Auftraggeber gewesen sein.;Italien;Gesellschaft, Italien, Italien, Sigfrido Ranucci, Journalismus, Polizei, Silvio Berlusconi, Festnahme;2026-08-11T00:31:13+02:00;2026-08-11T00:31:13+02:00;jtr;DIE ZEIT,        AFP,        							jtr;false
9f1f3d8593da5647f43f8af8d01d506cca1177b3e5a2d3bbf3f3d9baa0ac2191;Piloten und Lufthansa einigen sich vorerst im Tarifstreit;https://www.zeit.de/wirtschaft/2026-08/lufthansa-vereinigung-cockpit-piloten-schlichtung-tarifstreit;Durch die Einigung zwischen der Vereinigung Cockpit und der Lufthansa soll es zunächst keine weiteren Streiks geben. Stattdessen ist ein Schlichtungsverfahren geplant.;Lufthansa;Wirtschaft, Lufthansa, Deutsche Lufthansa, Flugverkehr, Tarifkonflikt, Vereinigung Cockpit, Streik;2026-08-11T00:02:12+02:00;2026-08-11T00:02:12+02:00;iyf;DIE ZEIT,        dpa,        							iyf;false
43fdcea68e4467940cb91d85741ca24fb9f2cc1269733b07c64d328689c1cb9b;Städtetags-Präsident: «Stimmung in den Rathäusern explosiv»;https://www.zeit.de/news/2026-08/11/staedtetags-praesident-stimmung-in-den-rathaeusern-explosiv;Hier finden Sie Informationen zu dem Thema „Kommunen in Finanznot“. Lesen Sie jetzt „Städtetags-Präsident: «Stimmung in den Rathäusern explosiv»“.;Kommunen in Finanznot;News, Kommunen in Finanznot, Burkhard Jung, Bundesregierung, SPD, RedaktionsNetzwerk Deutschland, Finanznot, Rathaus, Städtetag, Kommune;2026-08-11T00:01:06+02:00;2026-08-11T00:01:06+02:00;;dpa Sachsen;false
99c755b8460dd388e8cf497cbc35b518aa744e4c2e4f42413e9c8c34e1676da8;Schritt zum Frieden? - Türkei bringt PKK-Gesetz auf den Weg;https://www.zeit.de/news/2026-08/11/schritt-zum-frieden-tuerkei-bringt-pkk-gesetz-auf-den-weg;Hier finden Sie Informationen zu dem Thema „Kurdenkonflikt“. Lesen Sie jetzt „Schritt zum Frieden? - Türkei bringt PKK-Gesetz auf den Weg“.;Kurdenkonflikt;News, Kurdenkonflikt, Abdullah Öcalan, Devlet Bahceli, Recep Tayyip Erdogan, Türkei, Ankara, Imrali, PKK, Anadolu, AKP, Kurdenkonflikt;2026-08-11T00:01:05+02:00;2026-08-11T00:01:05+02:00;;dpa;false
730ade57157a953cf2acedb7dfc6cfb9d78d4e259e083621b128e58b97eb4597;Was geschah am 11. August?;https://www.zeit.de/news/2026-08/10/was-geschah-am-11-august;Hier finden Sie Informationen zu dem Thema „Kalenderblatt“. Lesen Sie jetzt „Was geschah am 11. August?“.;Kalenderblatt;News, Kalenderblatt, Donald Trump, Pam Bondi, Washington, Polizei, Kalenderblatt, Namenstag;2026-08-10T23:55:04+02:00;2026-08-10T23:55:04+02:00;;dpa;false
55ea96da7149dacf922b176a7e621bf5a8f91b896da616578b2223fe5342e7c4;Waldbrand: Bürger sollen möglichst nicht duschen oder baden;https://www.zeit.de/news/2026-08/10/waldbrand-buerger-sollen-moeglichst-nicht-duschen-oder-baden;Hier finden Sie Informationen zu dem Thema „Wasserreserven zum Löschen“. Lesen Sie jetzt „Waldbrand: Bürger sollen möglichst nicht duschen oder baden“.;Wasserreserven zum Löschen;News, Wasserreserven zum Löschen, Rodenbach, Main-Kinzig, Wasserreserve, Lösche, Wasserbedarf, Wassersparen, Waldbrand;2026-08-10T23:46:53+02:00;2026-08-10T23:46:53+02:00;;dpa Bayern;false
cecda3a55aa4507610551b01eb607723f19a260879d8222eb2f4c1f1207754a4;Drohnenabwehreinheit der Bundespolizei wird deutlich größer;https://www.zeit.de/news/2026-08/10/drohnenabwehreinheit-der-bundespolizei-soll-groesser-werden;Hier finden Sie Informationen zu dem Thema „Mehr Standorte“. Lesen Sie jetzt „Drohnenabwehreinheit der Bundespolizei wird deutlich größer“.;Mehr Standorte;News, Mehr Standorte, Alexander Dobrindt, Flughafen Leipzig/Halle, Bundespolizei, CSU, Bundesregierung, Drohnenabwehreinheit, Drohne;2026-08-10T23:39:53+02:00;2026-08-10T23:39:53+02:00;;dpa;false
d82bd46acd39e5b9eae718b1dd443f13857c18ad0413359266fdb5180c30b8ca;Nvidia und Wall Street sammeln halbe Billion Dollar für KI;https://www.zeit.de/news/2026-08/10/nvidia-und-wall-street-sammeln-halbe-billion-dollar-fuer-ki;Hier finden Sie Informationen zu dem Thema „Künstliche Intelligenz“. Lesen Sie jetzt „Nvidia und Wall Street sammeln halbe Billion Dollar für KI“.;Künstliche Intelligenz;News, Künstliche Intelligenz, Jensen Huang, Wall Street, Goldman Sachs, KKR, ZF Sachs, Nvidia, Chipkonzern, Chipsystem, Investorengeld, künstliche Intelligenz;2026-08-10T23:18:57+02:00;2026-08-10T23:18:57+02:00;;dpa;false
67d9d0308d44d115c2d87c0c5efb950caa7970ace4accc3dff1de2984657c673;Brand auf Baustelle auf Sylt – Gasflaschen explodiert;https://www.zeit.de/news/2026-08/10/brand-auf-baustelle-auf-sylt-gasflaschen-explodiert;Hier finden Sie Informationen zu dem Thema „Brände“. Lesen Sie jetzt „Brand auf Baustelle auf Sylt – Gasflaschen explodiert“.;Brände;News, Brände, Sylt, Feuerwehr, Baustelle, Brand;2026-08-10T22:54:26+02:00;2026-08-10T22:54:26+02:00;;dpa Hamburg/Schleswig-Holstein;false
4c02a3da1ed2fbd4dee86eb204ba9b4d1985a97a628ad2b9a22eea848bd1bdda;Flughafen Leipzig/Halle stellt Besucherangebote vorerst ein;https://www.zeit.de/politik/deutschland/2026-08/drohne-flughafen-leipzig-halle-sprengstoff-bundespolizei-besucher;Am Flughafen Leipzig/Halle werden keine Führungen für Besucher mehr angeboten. Eine Drohnenabwehreinheit der Bundespolizei ist auf der Besucherplattform im Einsatz.;Anschlag in Leipzig;Politik, Anschlag in Leipzig, Leipzig, Flughafen, Bundespolizei, Drohne, Sprengstoff;2026-08-10T22:49:54+02:00;2026-08-10T22:49:54+02:00;iyf;DIE ZEIT,        dpa,        							iyf;false
e8a5f793ade2a3400df8632ece0a5fcf67a22d0166f79e7c268c85ac02b2d0a6;Türkisches Parlament beschließt Gesetz zur Auflösung der PKK;https://www.zeit.de/politik/ausland/2026-08/tuerkei-pkk-gesetz-parlament-friedensprozess-kurdenkonflikt;Die türkischen Abgeordneten haben den Weg für die Auflösung der kurdischen Arbeiterpartei PKK freigemacht. Dies ermöglicht Straferleichterungen für ehemalige Militante.;Türkei;Politik, Türkei, Türkei, Recep Tayyip Erdoğan, PKK, Kurden;2026-08-10T22:40:58+02:00;2026-08-10T22:40:58+02:00;spr;DIE ZEIT,        AFP,        dpa,        Reuters,        							spr;false
c30d333290fa6b64435cf29286d9154c952b9261a9b5b9a4c55a754a89761fbb;Bremm mit Silber-Spurt - Mabry sorgt für bronzenen EM-Start;https://www.zeit.de/news/2026-08/10/hammerwerfer-hummel-mit-tofu-und-soja-zum-naechsten-coup;Hier finden Sie Informationen zu dem Thema „Leichtathletik“. Lesen Sie jetzt „Bremm mit Silber-Spurt - Mabry sorgt für bronzenen EM-Start“.;Leichtathletik;News, Leichtathletik, Merlin Hummel, Birmingham, Tokio, Leichtathletik-EM, Vegetarische Ernährung;2026-08-10T22:30:59+02:00;2026-08-10T22:30:59+02:00;;dpa Sport;false
3fb64f0d24b17f73bf569048733a7746fdb03bfe927e1a33f1d74468aaba7986;Rod Stewart sagt Auftritt ab - «medizinischer Eingriff»;https://www.zeit.de/news/2026-08/10/rod-stewart-sagt-auftritt-ab-medizinischer-eingriff;Hier finden Sie Informationen zu dem Thema „Konzertabsage“. Lesen Sie jetzt „Rod Stewart sagt Auftritt ab - «medizinischer Eingriff»“.;Konzertabsage;News, Konzertabsage, Rod Stewart, Ohio, Riverbend, USA, Cincinnati, Konzertabsage;2026-08-10T22:23:26+02:00;2026-08-10T22:23:26+02:00;;dpa;false
93a692482ad54dd2a9e30bffdaa6d875ee50fe23bdef4dbd9d2848e67ba75bc5;Bremm gewinnt Silber über 5.000 Meter;https://www.zeit.de/news/2026-08/10/bremm-gewinnt-silber-ueber-5-000-meter;Hier finden Sie Informationen zu dem Thema „Leichtathletik-EM“. Lesen Sie jetzt „Bremm gewinnt Silber über 5.000 Meter“.;Leichtathletik-EM;News, Leichtathletik-EM, Florian Bremm, Jakob Ingebrigtsen, Birmingham, Norwegen, Europa, Leichtathletik-EM, Schlussspurt;2026-08-10T22:12:14+02:00;2026-08-10T22:12:14+02:00;;dpa Sport;false
ed605fe59c30a91523b6a288af7e2be5138131ff235e0622ebb3f38e7f336e0a;Erde bebt in Kolumbien: Mehr als 100 Tote;https://www.zeit.de/news/2026-08/10/erdbeben-der-staerke-7-4-erschuettert-kolumbien;Hier finden Sie Informationen zu dem Thema „Naturkatastrophe“. Lesen Sie jetzt „Erde bebt in Kolumbien: Mehr als 100 Tote“.;Naturkatastrophe;News, Naturkatastrophe, Nubia Carolina Córdoba, Kolumbien, San José, Cali, Pereira, Manizales, Gebäudeschaden, Epizentrum, Erdbeben, Naturkatastrophe;2026-08-10T22:12:10+02:00;2026-08-10T22:12:10+02:00;;dpa;false
7f1798896d2054e2cd57684879946316f42ff67ee7f7bf60a78c6e779def89e5;Bewaffneter beraubt Tankstelle in Dinslaken;https://www.zeit.de/news/2026-08/10/bewaffneter-beraubt-tankstelle-in-dinslaken;Hier finden Sie Informationen zu dem Thema „Mit Geldscheine geflohen“. Lesen Sie jetzt „Bewaffneter beraubt Tankstelle in Dinslaken“.;Mit Geldscheine geflohen;News, Mit Geldscheine geflohen, Dinslaken, Polizei, Geldschein, Tankstelle, Geld;2026-08-10T22:09:32+02:00;2026-08-10T22:09:32+02:00;;dpa Nordrhein-Westfalen;false
5b86f67ad55d8972f390b0de58f16b7dd5aa0897d636351ed90a4a6636cd65da;Parlament in Türkei verabschiedet Gesetz für Frieden mit PKK;https://www.zeit.de/news/2026-08/10/parlament-in-tuerkei-verabschiedet-gesetz-fuer-frieden-mit-pkk;Hier finden Sie Informationen zu dem Thema „Jahrzehntelanger Konflikt“. Lesen Sie jetzt „Parlament in Türkei verabschiedet Gesetz für Frieden mit PKK“.;Jahrzehntelanger Konflikt;News, Jahrzehntelanger Konflikt, Türkei, PKK, Konflikt;2026-08-10T22:05:53+02:00;2026-08-10T22:05:53+02:00;;dpa;false
5cdf629e8c598c75c43a07aed22fad0d5ae10f45f6aea47a29ed26d84f6dad63;200 Einsatzkräfte löschen Waldbrand im Westerwald;https://www.zeit.de/news/2026-08/10/200-einsatzkraefte-kaempfen-im-westerwald-gegen-waldbrand;Hier finden Sie Informationen zu dem Thema „Waldbrand“. Lesen Sie jetzt „200 Einsatzkräfte löschen Waldbrand im Westerwald“.;Waldbrand;News, Waldbrand, Westerwald, Einsatzkraft, Waldbrand;2026-08-10T21:56:13+02:00;2026-08-10T21:56:13+02:00;;dpa Rheinland-Pfalz/Saarland;false
4b77b6bd5c2565978d18f1d61b79e844084447468ee4b1c96dc4948c859562c9;Bilder des Tages;https://www.zeit.de/news/2026-08/10/bilder-des-tages;Hier finden Sie Informationen zu dem Thema „Fotografie“. Lesen Sie jetzt „Bilder des Tages“.;Fotografie;News, Fotografie, News;2026-08-10T21:55:19+02:00;2026-08-10T21:55:19+02:00;;dpa;false
0fe4c03b949cf08f0c873af497f51b3e6741017aab06a746aaaa1487f10aa7eb;Gegen Transporter geprallt - Motorradfahrer schwer verletzt;https://www.zeit.de/news/2026-08/10/gegen-transporter-geprallt-motorradfahrer-schwer-verletzt;Hier finden Sie Informationen zu dem Thema „Altes Land“. Lesen Sie jetzt „Gegen Transporter geprallt - Motorradfahrer schwer verletzt“.;Altes Land;News, Altes Land, Transporter;2026-08-10T21:52:22+02:00;2026-08-10T21:52:22+02:00;;dpa Niedersachsen;false
7a99211b41290e206380d7376f6b544afcbf5ba5e62476e841c2ba5b0b9d767f;Mehr als 70 Prozent Englands sind von Dürre betroffen;https://www.zeit.de/gesellschaft/zeitgeschehen/2026-08/duerre-england-wasserknappheit-hitzewelle-regen;Dem britischen Umweltministerium zufolge hat sich der Dürrezustand in England weiter verschlechtert. Im Land herrsche »nirgendwo« mehr der Normalzustand.;Klimakrise;Gesellschaft, Klimakrise, Klimawandel, England, Dürre, Hitzewelle, Regenfall, Dürrezustand;2026-08-10T21:50:30+02:00;2026-08-10T21:50:30+02:00;iyf;DIE ZEIT,        AFP,        							iyf;false
9f69effabe7b0cc6a5beff89484c9409b672a1579cb1ebbd30629cc49b4c2123;Airport Leipzig/Halle: Angebote für Besucher ausgesetzt;https://www.zeit.de/news/2026-08/10/airport-leipzig-halle-angebote-fuer-besucher-ausgesetzt;Hier finden Sie Informationen zu dem Thema „Sprengstoff-Drohne“. Lesen Sie jetzt „Airport Leipzig/Halle: Angebote für Besucher ausgesetzt“.;Sprengstoff-Drohne;News, Sprengstoff-Drohne, Leipzig, Flughafen Leipzig/Halle, Bundespolizei, Besucherführung, Besucherterrasse, Liebe, Drohne;2026-08-10T21:43:31+02:00;2026-08-10T21:43:31+02:00;;dpa Sachsen;false
7c5988c23629b2693bff4614124e9a34a8a53f7a99baadb4f0c9baa61c84204c;Einbruch auf Kardashian-Anwesen: Verdächtiger festgenommen;https://www.zeit.de/news/2026-08/10/einbruch-auf-kardashian-anwesen-verdaechtiger-festgenommen;Hier finden Sie Informationen zu dem Thema „Verdacht auf Diebstahl“. Lesen Sie jetzt „Einbruch auf Kardashian-Anwesen: Verdächtiger festgenommen“.;Verdacht auf Diebstahl;News, Verdacht auf Diebstahl, Kim Kardashian, Kalifornien, Einbruch, Diebstahl, Anwesen;2026-08-10T21:26:11+02:00;2026-08-10T21:26:11+02:00;;dpa;false
05753772f62bf27445d85621fdf102b0c75993876aeae0012fe3b431502cfb48;Waldbrand in Hessen an Bayerns Grenze - 30.000 Quadratmeter;https://www.zeit.de/news/2026-08/10/waldbraende-rauch-aus-hessen-und-loeschhilfe-aus-guellefaessern;Hier finden Sie Informationen zu dem Thema „Brände“. Lesen Sie jetzt „Waldbrand in Hessen an Bayerns Grenze - 30.000 Quadratmeter“.;Brände;News, Brände, Dominik Lehmeier, Güllefässern, Bayern, Würzburg, Aschaffenburg, Oberpfalz, Hessen, Rodenbach, Main-Kinzig, Alzenau;2026-08-10T21:16:07+02:00;2026-08-10T21:16:07+02:00;;dpa Bayern;false
62ba366efa8cd1b85b05adfcc7a3bbe6ccbed225f1dbdd64775bf0535b89c6a0;Märtens ist «so stolz»: Deutsche Staffel schwimmt zu Bronze;https://www.zeit.de/news/2026-08/10/erste-deutsche-becken-medaille-maenner-staffel-mit-em-bronze;Hier finden Sie Informationen zu dem Thema „Schwimm-EM“. Lesen Sie jetzt „Märtens ist «so stolz»: Deutsche Staffel schwimmt zu Bronze“.;Schwimm-EM;News, Schwimm-EM, Lukas Märtens, Cornelius Jahn, Mann, Paris, schwimmen, Finale;2026-08-10T21:02:26+02:00;2026-08-10T21:02:26+02:00;;dpa Sport;false
3b8d632e005b1696176290c6a434cdda45c9426377ce3ee44aa513f80777aa5f;Wir sind nicht wehrlos;https://www.zeit.de/politik/deutschland/2026-08/anschlag-leipzig-russland-resilienz-abschreckung;Neue Erkenntnisse zum Anschlag in Leipzig zeigen: Die Angriffe auf Deutschland erreichen eine neue Dimension. In dieser Lage braucht es Resilienz, aber auch Abschreckung.;"Z+ (abopflichtiger Inhalt);
        
    Anschlag in Leipzig";Politik, Anschlag in Leipzig, Didi Hallervorden, Leipzig, Russland, Berlin, Litauen, Bundesregierung, DHL, BND, Anschlag, Angriff;2026-08-10T20:43:27+02:00;2026-08-10T20:43:27+02:00;Fabian Reinbold;;false
69dbc99d77ba3f397fffdd62665685714e511b588dbbb9f88bdfd4fe39c69d1a;Über 100 Tote nach schwerem Erdbeben in Kolumbien;https://www.zeit.de/news/2026-08/10/ueber-100-tote-nach-schwerem-erdbeben-in-kolumbien;Hier finden Sie Informationen zu dem Thema „Erdbeben“. Lesen Sie jetzt „Über 100 Tote nach schwerem Erdbeben in Kolumbien“.;Erdbeben;News, Erdbeben, Kolumbien, Erdbeben;2026-08-10T20:41:13+02:00;2026-08-10T20:41:13+02:00;;dpa;false
33547ad6e3f15dfb0d11b379b786a7e3d04618d61ed1f26d2b2b5c0573279bd3;Mehr als 100 Tote und zahlreiche Verletzte nach Erdbeben in Kolumbien;https://www.zeit.de/wissenschaft/umwelt/2026-08/erdbeben-kolumbien-choco-bogota-nubia-carolina-cordoba-curi;Im Nordwesten von Kolumbien hat ein Erdbeben das Land erschüttert. Es gibt mindestens 111 Tote, viele Verletzte sowie Schäden. Der Präsident richtet einen Krisenstab ein.;Erdbeben in Kolumbien;Wissenschaft, Erdbeben in Kolumbien, Kolumbien, Bogotá, Erdbeben, Südamerika;2026-08-10T20:38:44+02:00;2026-08-10T20:38:44+02:00;skoiyf;DIE ZEIT,        AP,        Reuters,        							sko					,        							iyf;false
ebf7f68aef517b664bd6de6ab37f383c3411784bf5d9940e595bcbf460f17fe0;Waldbrände in Hessen: Hitze und Wind erschweren Löscheinsatz;https://www.zeit.de/news/2026-08/10/wald-bei-rodenbach-brennt-mehrere-brandherde;Hier finden Sie Informationen zu dem Thema „Mehrere Einsätze“. Lesen Sie jetzt „Waldbrände in Hessen: Hitze und Wind erschweren Löscheinsatz“.;Mehrere Einsätze;News, Mehrere Einsätze, Niederrodenbach, Rodenbach, Main-Kinzig, Feuerwehr, Brandherd, Feuerwehreinsatz, Wald, Waldbrand;2026-08-10T20:35:00+02:00;2026-08-10T20:35:00+02:00;;dpa Hessen;false
a9dffbac518b621786b9e34d52fe7b52d7725e3930b2616f15e3a99d9d99b6f3;Traktor erfasst Rollerfahrerin – Frau kämpft um ihr Leben;https://www.zeit.de/news/2026-08/09/traktor-ueberfaehrt-rollerfahrerin-frau-kaempft-um-ihr-leben;Hier finden Sie Informationen zu dem Thema „Lebensgefährlich verletzt“. Lesen Sie jetzt „Traktor erfasst Rollerfahrerin – Frau kämpft um ihr Leben“.;Lebensgefährlich verletzt;News, Lebensgefährlich verletzt, Traktor;2026-08-10T20:27:51+02:00;2026-08-10T20:27:51+02:00;;dpa Bayern;false
5be8e71a23807fbd9b6c5130c6029cd019f74731f78b3c4b780d1ffed9028b94;»Wir denken in einem zu engen Lösungsraum«;https://www.zeit.de/feuilleton/2026-08/klimawandel-wirtschaftssystem-unternehmen-planung-guenther-thallinger;Der Klimawandel könnte in Zukunft unser Wirtschaftssystem untergraben, sagt Allianz-Vorstand Günther Thallinger. Unternehmen sollten deshalb langfristige Pläne machen.;"Z+ (abopflichtiger Inhalt);
        
    Klimawandel";Feuilleton, Klimawandel, Europa, Klimawandel, Unternehmen, Waldbrand, Trockenheit;2026-08-10T20:27:12+02:00;2026-08-10T20:27:12+02:00;Christiane Grefe;;false
e35408fe29dc612415881332572bf7165b567e59fbfb90a43a53f5d8abbb1af2;»Ein nackter Körper in der Landschaft wirkt aufregend auf mich«;https://www.zeit.de/zeit-magazin/2026/34/ryan-mcginley-fotografie-new-york-night-shift-nacktheit;Ryan McGinley fotografiert wieder nachts in New York – also dort, wo vor zwei Jahrzehnten jene Bilder entstanden, die ihn weltberühmt gemacht haben.;"Z+ (abopflichtiger Inhalt);
        
    Ryan McGinley";Fotografie, New York, New Jersey, USA, Reisen;2026-08-10T20:26:13+02:00;2026-08-10T20:26:13+02:00;Anna-Elisa Jakob;Aus dem        ZEITmagazin Nr. 34/2026;false
25e54fb6f29c5e9acc78117e7b955c40ccbea6593d6152802bd7aa292ee9bf1e;Was die Demos dieses Sommers über die Jugend im Osten erzählen;https://www.zeit.de/2026/34/jugendproteste-afd-erfurt-linke-generation-schwerin;Linke widersetzen sich in Erfurt, Rechte marschieren in Schwerin auf. Warum sich junge Menschen im Osten gerade vor allem für die politischen Ränder begeistern.;Jugendproteste;Campus, Jugendproteste, Erfurt, Schwerin, Alternative für Deutschland, Generation Deutschland;2026-08-10T20:23:31+02:00;2026-08-10T20:23:31+02:00;Katharina Osterhammer;Aus der        ZEIT Nr. 34/2026;false
95c56106dd34988b1ef38109b52fa12b749bd6fb3a853f844546947e653396f7;Landkreis Harz schränkt die Wasserentnahme ein;https://www.zeit.de/news/2026-08/10/landkreis-harz-schraenkt-die-wasserentnahme-ein;Hier finden Sie Informationen zu dem Thema „Niedrigwasser“. Lesen Sie jetzt „Landkreis Harz schränkt die Wasserentnahme ein“.;Niedrigwasser;News, Niedrigwasser, Landkreis Harz, Wasserentnahme, Niedrigwasser, Beregnungszwecke, Oberflächenwasser;2026-08-10T20:15:19+02:00;2026-08-10T20:15:19+02:00;;dpa Sachsen;false
4f166b53e2648269f8d4e09efdb7822880b1616e398f7df1e7f5d09d596ba4ad;Großeinsatz in Ochtendung – Brand auf Firmengelände;https://www.zeit.de/news/2026-08/10/grosseinsatz-in-ochtendung-brand-auf-firmengelaende;Hier finden Sie Informationen zu dem Thema „Feuerwehreinsatz“. Lesen Sie jetzt „Großeinsatz in Ochtendung – Brand auf Firmengelände“.;Feuerwehreinsatz;News, Feuerwehreinsatz, Ochtendung, Feuerwehr, Firmengelände, Feuerwehreinsatz, Großeinsatz;2026-08-10T20:12:25+02:00;2026-08-10T20:12:25+02:00;;dpa Rheinland-Pfalz/Saarland;false
a5d742f309fc8038813deacf62a89f28dae318f93d6c31e099cd43d4c3fd5fef;Lkw-Brand auf A45: Mehrere Kilometer Stau nach Sperrung;https://www.zeit.de/news/2026-08/10/lkw-brand-auf-a45-mehrere-kilometer-stau-nach-sperrung;Hier finden Sie Informationen zu dem Thema „Unfälle“. Lesen Sie jetzt „Lkw-Brand auf A45: Mehrere Kilometer Stau nach Sperrung“.;Unfälle;News, Unfälle, Polizei, Sperrung, Unfall, Stau, Verkehrsbehinderung;2026-08-10T20:12:15+02:00;2026-08-10T20:12:15+02:00;;dpa Hessen;false
22571af33fb58bd79699d51a3b772274840b8c4e7b2d08e636872ca959d86007;Schwesig startet Wahlkampftour in MV - Streit um Plakate;https://www.zeit.de/news/2026-08/10/schwesig-startet-wahlkampftour-in-mv-streit-um-plakate;Hier finden Sie Informationen zu dem Thema „Landtagswahl“. Lesen Sie jetzt „Schwesig startet Wahlkampftour in MV - Streit um Plakate“.;Landtagswahl;News, Landtagswahl, Manuela Schwesig, Mecklenburg-Vorpommern, CDU, Alternative für Deutschland, SPD, Landtagswahl, Wahlkampftour, Plakat, Kompetenzteam, Wahlkampf;2026-08-10T20:07:48+02:00;2026-08-10T20:07:48+02:00;;dpa Mecklenburg-Vorpommern;false
eb056fbe7d9d291c8fd2278333d39f7628e03b2c66428778f2f784f406a34c86;Bilger zu Verkehrsprojekten: «Das Geld muss verbaut werden»;https://www.zeit.de/news/2026-08/10/bilger-zu-verkehrsprojekten-das-geld-muss-verbaut-werden;Hier finden Sie Informationen zu dem Thema „Infrastruktur“. Lesen Sie jetzt „Bilger zu Verkehrsprojekten: «Das Geld muss verbaut werden»“.;Infrastruktur;News, Infrastruktur, Steffen Bilger, Schleswig-Holstein, Rader Hochbrücke, Nord-Ostsee-Kanal, CDU, Verkehrsprojekt, Infrastruktur, Geld, Fahrzeug;2026-08-10T20:07:08+02:00;2026-08-10T20:07:08+02:00;;dpa Hamburg/Schleswig-Holstein;false
72193e70a78b9bccc6dbe5ed2ae9e6fdab18ffcf57c560f4a912a59aa551996b;Palästinensischer Fußballverband will wieder Wettbewerbe austragen;https://www.zeit.de/sport/2026-08/palaestinensischer-fussballverband-liga-spielbetrieb-israel-jibril-rajoub;Der palästinensische Fußballverband will den Spielbetrieb nach drei Jahren wieder aufnehmen. Das erste Turnier soll den im Gazakrieg getöteten Sportlern gewidmet werden.;Palästinensischer Fußballverband;Sport, Palästinensischer Fußballverband, Palästinensergebiet, Gazastreifen, Westjordanland, Fußball, Israel;2026-08-10T20:02:21+02:00;2026-08-10T20:02:21+02:00;iyf;DIE ZEIT,        SID,        							iyf;false
7c505277b0036970b3dcca5538fb551a25758862422f99256734724b013f0e1d;USA widerrufen unter Trump mehr als 175.000 Visa;https://www.zeit.de/politik/ausland/2026-08/us-visa-entzug-donald-trump-regierung-verstoesse-geburtstourismus;Menschen, die Straftaten begangen haben, sollen in den USA ihre Visa verlieren. Nach Angaben des Außenministeriums geht es um mehr als 175.000 Personen.;US-Visa-Entzug;Politik, US-Visa-Entzug, USA, Donald Trump, US-Regierung, Straftat, Visum;2026-08-10T19:52:51+02:00;2026-08-10T19:52:51+02:00;sko;DIE ZEIT,        Reuters,        							sko;false
3d4aef9c6e9ff0e077eba23cad3710144da5930e7b94e864ba121861bc721900;Brad Pitt schwärmt von Kate Winslet;https://www.zeit.de/news/2026-08/10/brad-pitt-schwaermt-von-kate-winslet;Hier finden Sie Informationen zu dem Thema „Hollywood“. Lesen Sie jetzt „Brad Pitt schwärmt von Kate Winslet“.;Hollywood;News, Hollywood, Kate Winslet, Brad Pitt, Hollywood;2026-08-10T19:50:39+02:00;2026-08-10T19:50:39+02:00;;dpa;false
cd4cd4cc91648ebc8838bcce8e8b9c7586adf45de30f9efa386740ae02ce1821;Betrügerin verspricht Kontakt zu Verstorbenen – Festnahme;https://www.zeit.de/news/2026-08/10/betruegerin-verspricht-kontakt-zu-verstorbenen-festnahme;Hier finden Sie Informationen zu dem Thema „Betrug in München“. Lesen Sie jetzt „Betrügerin verspricht Kontakt zu Verstorbenen – Festnahme“.;Betrug in München;News, Betrug in München, München, Polizei, Festnahme;2026-08-10T19:39:30+02:00;2026-08-10T19:39:30+02:00;;dpa Bayern;false
df472609ab74e2b84cb5ed8f622f4c1a8ee067ddd5c56c2c8286dcc29ef92f68;Weitere Bundesländer wollen Lkw-Sonntagsfahrverbot aussetzen;https://www.zeit.de/wirtschaft/2026-08/lkw-fahrverbot-baden-wuerttemberg-niedrigwasser-aussetzung-lieferengpaesse-gxe;Auch Baden-Württemberg, Bayern und Mecklenburg-Vorpommern setzen das Sonntagsfahrverbot für Lkw aus. Laut Logistikverband entlastet das jedoch nicht die Wasserstraßen.;Niedrigwasser;Wirtschaft, Niedrigwasser, Baden-Württemberg, CDU, Logistik, Rhein, Wasserstraße;2026-08-10T19:37:23+02:00;2026-08-10T19:37:23+02:00;eddiyf;DIE ZEIT,        dpa,        							edd					,        							iyf;false
1e2156373a5740f8c6fe19aa5aac889040f3e7cf796acd68eb9dc87f900633ac;Hier können Sie die Sonnenfinsternis sehen;https://www.zeit.de/wissen/2026-08/sonnenfinsternis-naturspektakel-europa-deutschland-orte;Am Mittwoch steht Europa eine Sonnenfinsternis bevor, die spektakulärste seit 20 Jahren. Was Sie dazu wissen sollten – und wo man das Ganze am besten beobachten kann.;"Z+ (abopflichtiger Inhalt);
        
    Sonnenfinsternis";Wissenschaft, Sonnenfinsternis, Europa, Sonnenfinsternis, Freiburg, Sonnenuntergang;2026-08-10T19:32:18+02:00;2026-08-10T19:32:18+02:00;Gregor AischRobert GastDr. Stefan Schmitt;;false
d3ce1ef43f41af1e1543130ff27002044b3725562dc013c83b9d9a6ab0ba40d6;Belastungstest an zentraler Dresdner Brücke begonnen;https://www.zeit.de/news/2026-08/10/belastungstest-an-zentraler-dresdner-bruecke-begonnen;Hier finden Sie Informationen zu dem Thema „Brücke Budapester Straße“. Lesen Sie jetzt „Belastungstest an zentraler Dresdner Brücke begonnen“.;Brücke Budapester Straße;News, Brücke Budapester Straße, Oliver Mosig, A. Al, Dresdener Brücke, Budapester Straße, Bad Schandau, Belastungstest, Hauptbahnhof, Spanndrahtbruch, Spannstahlbau;2026-08-10T19:27:54+02:00;2026-08-10T19:27:54+02:00;;dpa Sachsen;false
6bdf5633978abec75e30f2334fa12109e61e5ddfec006466447b878f3885a09c;Nach Alarm an Uniklinik 58 Menschen evakuiert – keine Gefahr;https://www.zeit.de/news/2026-08/10/nach-alarm-an-uniklinik-58-menschen-evakuiert-keine-gefahr;Hier finden Sie Informationen zu dem Thema „Großeinsatz der Feuerwehr“. Lesen Sie jetzt „Nach Alarm an Uniklinik 58 Menschen evakuiert – keine Gefahr“.;Großeinsatz der Feuerwehr;News, Großeinsatz der Feuerwehr, Mark Berninger, Würzburg, Feuerwehr, Uniklinik, Alarm, Gasaustritt, Universitätsklinikum, Gebäudebereich, Uniklinikum, Großeinsatz;2026-08-10T19:16:55+02:00;2026-08-10T19:16:55+02:00;;dpa Bayern;false
09561fa094229231f1953e43fef2cd93a20cb7d64610d49e48252031afebfda7;Deutscher springt in Brunnen in Rom - Geldstrafe;https://www.zeit.de/news/2026-08/10/deutscher-springt-in-brunnen-in-rom-geldstrafe;Hier finden Sie Informationen zu dem Thema „Hitzewelle“. Lesen Sie jetzt „Deutscher springt in Brunnen in Rom - Geldstrafe“.;Hitzewelle;News, Hitzewelle, Rom, Repubblica, Polizei, Geldstrafe;2026-08-10T19:10:40+02:00;2026-08-10T19:10:40+02:00;;dpa;false
232b5df5f72e862dd5f57fc7cb1d3a50451486082f0580dec15defbc3dff1bb1;Hotel-Randale: Freiberger OB darf Amt vorerst nicht ausüben;https://www.zeit.de/news/2026-08/10/hotel-randale-freiberger-ob-darf-amt-vorerst-nicht-ausueben;Hier finden Sie Informationen zu dem Thema „Kriminalität“. Lesen Sie jetzt „Hotel-Randale: Freiberger OB darf Amt vorerst nicht ausüben“.;Kriminalität;News, Kriminalität, Philipp Preißler, Sven Krüger, Martin Seltmann, Freiberg, Mittelsachsen, Leipzig, Freie Wähler, Polizei, Dienstgeschäft;2026-08-10T19:07:20+02:00;2026-08-10T19:07:20+02:00;;dpa Sachsen;false
ad2afd29bda306609f29958b3239b6f65359c27eeee4531fb611824a5a8504e9;Mann greift Ehefrau mit Messer an – Zeugen greifen ein;https://www.zeit.de/news/2026-08/10/mann-greift-ehefrau-mit-messer-an-zeugen-greifen-ein;Hier finden Sie Informationen zu dem Thema „Messerattacke“. Lesen Sie jetzt „Mann greift Ehefrau mit Messer an – Zeugen greifen ein“.;Messerattacke;News, Messerattacke, Düsseldorf, Polizei, Messerattacke;2026-08-10T19:05:27+02:00;2026-08-10T19:05:27+02:00;;dpa Nordrhein-Westfalen;false
c4148b791982dda7ef1573bd1bc1f2060845063407eba579fe1242cb8c722a70;Siegmund sieht Sparpotenzial bei Asyl und Integration;https://www.zeit.de/news/2026-08/10/siegmund-sieht-sparpotenzial-bei-asyl-und-integration;Hier finden Sie Informationen zu dem Thema „Landtagswahl“. Lesen Sie jetzt „Siegmund sieht Sparpotenzial bei Asyl und Integration“.;Landtagswahl;News, Landtagswahl, Ulrich Siegmund, Sachsen-Anhalt, MDR, Alternative für Deutschland, Innenministerium, Sparpotenzial, Einsparpotenzial, Asyl, Geld, Krieg in der Ukraine;2026-08-10T19:03:42+02:00;2026-08-10T19:03:42+02:00;;dpa Sachsen;false
883ad25e4c33b7dae34799c3480964fd8e36353830b6445516440b0637a75a4a;Feuerwehr stoppt Flammen – Bauern helfen mit Güllefässern;https://www.zeit.de/news/2026-08/10/wald-brennt-nahe-der-a93-500-meter-von-ortschaft-entfernt;Hier finden Sie Informationen zu dem Thema „Waldbrand“. Lesen Sie jetzt „Feuerwehr stoppt Flammen – Bauern helfen mit Güllefässern“.;Waldbrand;News, Waldbrand, Dominik Lehmeier, Oberpfalz, Polizei, Ortschaft, Landkreis, Wald;2026-08-10T18:57:52+02:00;2026-08-10T18:57:52+02:00;;dpa Bayern;false
c10595b5e7dce7fcc81c82c046ec8b2cc21da64ddec9d07b275d038c967bf1b8;Wer ist für und wer gegen Gianni Infantino?;https://www.zeit.de/sport/2026-08/fifa-wahl-gianni-infantino-faq;Einige Fußballverbände fordern den Rücktritt des Fifa-Präsidenten Gianni Infantino, andere halten zu ihm. Wer unterstützt oder boykottiert den Schweizer? Eine Übersicht;Fifa-Präsident in der Kritik;Sport, Fifa-Präsident in der Kritik, Gianni Infantino, Fifa, Uefa, Fußball-WM;2026-08-10T18:57:18+02:00;2026-08-10T18:57:18+02:00;voi;DIE ZEIT,        dpa,        SID,        							voi;false
a3a6a737c00779019a24b98890db03cec0099e1b98714aaa6a8bb22dd85fc72c;Erdbeben in Kolumbien: Zahl der Toten steigt auf mehr als 50;https://www.zeit.de/news/2026-08/10/erdbeben-in-kolumbien-zahl-der-toten-steigt-auf-mehr-als-50;Hier finden Sie Informationen zu dem Thema „Erdbeben“. Lesen Sie jetzt „Erdbeben in Kolumbien: Zahl der Toten steigt auf mehr als 50“.;Erdbeben;News, Erdbeben, Kolumbien, Erdbeben;2026-08-10T18:56:13+02:00;2026-08-10T18:56:13+02:00;;dpa;false
e6d25e51b0f9ee97b2072c1ff8bf6f41e53bb71c60e5f343486e3d42ba3cdeb4;Russland: Gericht schließt Oppositionspartei von Wahl aus;https://www.zeit.de/news/2026-08/10/russland-gericht-schliesst-oppositionspartei-von-wahl-aus;Hier finden Sie Informationen zu dem Thema „Gerichtsprozess“. Lesen Sie jetzt „Russland: Gericht schließt Oppositionspartei von Wahl aus“.;Gerichtsprozess;News, Gerichtsprozess, Wjatscheslaw Kirillow, Nikolai Rybakow, Russland, Moskau, USA, Jabloko, Staatsanwaltschaft, Die Partei, Parlamentswahl, Kommunalwahl;2026-08-10T18:56:07+02:00;2026-08-10T18:56:07+02:00;;dpa;false
c45008b3b3a68df7fe60cf4c9a081cdfc51d5c1354bd608d25f89c775ec1ee70;Moskau: Gericht schließt Oppositionspartei von Wahl aus;https://www.zeit.de/news/2026-08/10/moskau-gericht-schliesst-oppositionspartei-von-wahl-aus;Hier finden Sie Informationen zu dem Thema „Wahlen“. Lesen Sie jetzt „Moskau: Gericht schließt Oppositionspartei von Wahl aus“.;Wahlen;News, Wahlen, Moskau;2026-08-10T18:52:12+02:00;2026-08-10T18:52:12+02:00;;dpa;false
2299ef0f0170d7beda9f65e48b85a32c366a4a204fab5fc8e436dab2446c417e;Alarmierung per Fax - Großübung in ICE-Tunnel mit Problemen;https://www.zeit.de/news/2026-08/10/grossuebung-im-ice-tunnel-offenbart-probleme;Hier finden Sie Informationen zu dem Thema „Katastrophenschutzübung“. Lesen Sie jetzt „Alarmierung per Fax - Großübung in ICE-Tunnel mit Problemen“.;Katastrophenschutzübung;News, Katastrophenschutzübung, Georg Maier, Thüringen, SPD, Feuerwehr, Großübung, Sandbergtunnel, Katastrophenschutz, Alarmierungskette, ICE, Großeinsatz;2026-08-10T18:39:39+02:00;2026-08-10T18:39:39+02:00;;dpa;false
628d9a48f3ceddfbb2856719e3b8671f91261edda256e21dd9f09c532d9e206a;Nach Übung im ICE-Tunnel - Schwächen bei Alarmierung;https://www.zeit.de/news/2026-08/10/nach-uebung-im-ice-tunnel-schwaechen-bei-alarmierung;Hier finden Sie Informationen zu dem Thema „Katastrophenschutz“. Lesen Sie jetzt „Nach Übung im ICE-Tunnel - Schwächen bei Alarmierung“.;Katastrophenschutz;News, Katastrophenschutz, Georg Maier, Thüringen, Innenministerium, SPD, Feuerwehr, Alarmierung, Übungseinsatz, Sandbergtunnel, Katastrophenschutz, Alarmierungskette;2026-08-10T18:27:44+02:00;2026-08-10T18:27:44+02:00;;dpa Thüringen;false
efc0ac1ae10dacd090b863d15b361918569c36bc5563ae500935a3b24dd839be;Niedrigwasser: Lkw-Fahrverbot wird weiter gelockert;https://www.zeit.de/news/2026-08/10/niedrigwasser-lkw-fahrverbot-wird-weiter-gelockert;Hier finden Sie Informationen zu dem Thema „Extremwetter“. Lesen Sie jetzt „Niedrigwasser: Lkw-Fahrverbot wird weiter gelockert“.;Extremwetter;News, Extremwetter, Oliver Krischer, Dirk Engelhardt, Jens Schwanen, Saarland, Rotterdam, Rhein, Baden-Württemberg, Nordrhein-Westfalen, Niedersachsen, Rheinland-Pfalz;2026-08-10T18:22:42+02:00;2026-08-10T18:22:42+02:00;;dpa Nordrhein-Westfalen;false
0dfe73e760cfdf8c26e8dfe430ede97f8e47658e55a8e9de832a96ab0cadd695;Neuzugang aus Köln: Ouro-Tagba verstärkt Bochumer Angriff;https://www.zeit.de/news/2026-08/10/neuzugang-aus-koeln-ouro-tagba-verstaerkt-bochumer-angriff;Hier finden Sie Informationen zu dem Thema „Fußball“. Lesen Sie jetzt „Neuzugang aus Köln: Ouro-Tagba verstärkt Bochumer Angriff“.;Fußball;News, Fußball, Köln, VfL Bochum, 1. FC Köln, Neuzugang, Angriff, Fußball;2026-08-10T18:21:30+02:00;2026-08-10T18:21:30+02:00;;dpa Nordrhein-Westfalen;false
fe64e824063714b1304b4cb9bcd22d79cbecb2865f56c15eaae7b4caf44b719c;Russland: Viele Tote nach ukrainischem Drohnenangriff;https://www.zeit.de/news/2026-08/10/russland-viele-tote-nach-ukrainischem-drohnenangriff;Hier finden Sie Informationen zu dem Thema „Drohnenkrieg“. Lesen Sie jetzt „Russland: Viele Tote nach ukrainischem Drohnenangriff“.;Drohnenkrieg;News, Drohnenkrieg, Russland, Nischnekamsk, Tatarstan, Drohnenangriff, Drohnenkrieg, Teilrepublik, Drohne;2026-08-10T18:17:47+02:00;2026-08-10T18:17:47+02:00;;dpa;false
38c6fe486003668793807f5557735bbe211a3a97e0cb5f149238d263436a777e;Radfahrerin stirbt nach Zusammenstoß mit Auto;https://www.zeit.de/news/2026-08/10/radfahrerin-stirbt-nach-zusammenstoss-mit-auto;Hier finden Sie Informationen zu dem Thema „Unfall an einer Kreuzung“. Lesen Sie jetzt „Radfahrerin stirbt nach Zusammenstoß mit Auto“.;Unfall an einer Kreuzung;News, Unfall an einer Kreuzung, Zusammenstoß, Unfall, Auto;2026-08-10T18:16:21+02:00;2026-08-10T18:16:21+02:00;;dpa Baden-Württemberg;false
f3de1c11552361ee6fb60177214986a62f106d56fe6778c960a6641cb00edcde;Bandscheibenvorfall in 170 Metern Höhe - Rettung von Windrad;https://www.zeit.de/news/2026-08/10/bandscheibenvorfall-in-170-metern-hoehe-rettung-von-windrad;Hier finden Sie Informationen zu dem Thema „Spektakulärer Einsatz“. Lesen Sie jetzt „Bandscheibenvorfall in 170 Metern Höhe - Rettung von Windrad“.;Spektakulärer Einsatz;News, Spektakulärer Einsatz, Calw, Landkreis Calw, Bandscheibenvorfall, Windrad;2026-08-10T18:11:44+02:00;2026-08-10T18:11:44+02:00;;dpa Baden-Württemberg;false
26fadfa56ce91cf18ba2fc2be14b9c707579e965af9859bea8ffee730ee574b6;Motorradfahrer erfasst Streckenposten – Zwei Schwerverletzte;https://www.zeit.de/news/2026-08/10/motorradfahrer-erfasst-streckenposten-zwei-schwerverletzte;Hier finden Sie Informationen zu dem Thema „Unfall am bei Oldtimer-Show“. Lesen Sie jetzt „Motorradfahrer erfasst Streckenposten – Zwei Schwerverletzte“.;Unfall am bei Oldtimer-Show;News, Unfall am bei Oldtimer-Show, Mann, Unfall;2026-08-10T18:07:37+02:00;2026-08-10T18:07:37+02:00;;dpa Baden-Württemberg;false
684bd1848f7123ffd086681e66cb1354744bda67da3c3cd2b8103b40f7f8ec8d;MV lockert Lkw-Sonntagsfahrverbot;https://www.zeit.de/news/2026-08/10/mv-lockert-lkw-sonntagsfahrverbot;Hier finden Sie Informationen zu dem Thema „Extremwetter“. Lesen Sie jetzt „MV lockert Lkw-Sonntagsfahrverbot“.;Extremwetter;News, Extremwetter, Rhein, Mecklenburg-Vorpommern, Niedrigwasser, Feiertagsfahrverbot, Ausnahmeregelung, Extremwetter;2026-08-10T18:02:54+02:00;2026-08-10T18:02:54+02:00;;dpa Mecklenburg-Vorpommern;false
5c91936d99335fc6cfe412dc54aa1289cab7ab2e41fa6884eb4759cb92db5459;FC Bayern und Google arbeiten künftig zusammen;https://www.zeit.de/news/2026-08/10/fc-bayern-und-google-arbeiten-kuenftig-zusammen;Hier finden Sie Informationen zu dem Thema „Fußball-Bundesliga“. Lesen Sie jetzt „FC Bayern und Google arbeiten künftig zusammen“.;Fußball-Bundesliga;News, Fußball-Bundesliga, FC Bayern München, Google Inc., Fußball-Bundesliga, Technologieunternehmen, Beziehung;2026-08-10T17:56:05+02:00;2026-08-10T17:56:05+02:00;;dpa Bayern;false
ff32208bb42a66511527cf1c02144b3867482e8c4419425e629eaef1c0496afb;Feuer in Entsorgungsfirma löst Großeinsatz aus;https://www.zeit.de/news/2026-08/10/feuer-in-entsorgungsfirma-loest-grosseinsatz-aus;Hier finden Sie Informationen zu dem Thema „Schaden bei 2.000 Euro“. Lesen Sie jetzt „Feuer in Entsorgungsfirma löst Großeinsatz aus“.;Schaden bei 2.000 Euro;News, Schaden bei 2.000 Euro, Polizei, Entsorgungsfirma, Entsorgungsunternehmen, Großeinsatz;2026-08-10T17:53:28+02:00;2026-08-10T17:53:28+02:00;;dpa Niedersachsen;false
aef0264a8e04136f13760ad0c0a2f0d5a5864e4d51515bf96bd66d7a81680cbb;Die Börse ist übermütig, Anleger sollten es nicht sein;https://www.zeit.de/geld/2026-08/finanzmarkt-boerse-krise-aktienkurse-geldanlage-gxe;Krisen und Kriege? Lassen die Börse weitgehend kalt. Immer neue Rekorde locken Anleger in riskante Strategien – womöglich mit fatalen Folgen für eine ganze Generation.;Finanzmarkt;Geld, Finanzmarkt, Finanzmarkt, Aktien, Geldanlage, ETF, Finanzkrise, Aktienkurs;2026-08-10T17:48:11+02:00;2026-08-10T17:48:11+02:00;Felicitas Wilke;;false
113d3d51452c3e4b6c3e691ad84d82a98a25d748465f64cdfbed7296f445860e;Wer geht denn noch auf Livekonzerte?;https://www.zeit.de/2026/34/konzertabsagen-musiker-ticketverkaeufe-preise-loi-festivals;Musiker verdienen vor allem an Konzerten. Jetzt müssen selbst Stars sie wegen schlechter Ticketverkäufe absagen. Was das für Newcomer bedeutet.;"Z+ (abopflichtiger Inhalt);
        
    Konzertabsagen von Musikern";Wirtschaft, Konzertabsagen von Musikern, Musik, Gema, Instagram, Spotify, TikTok, Soziale Medien;2026-08-10T17:47:15+02:00;2026-08-10T17:47:15+02:00;Ursula Freudling;Aus der        ZEIT Nr. 34/2026;false
1ff7b18755fa2e080e2f70b7631b433af66db2f12babc22dd9f10b931fc157d5;Niedrigwasser: Lkw-Fahrverbot auch in Bayern ausgesetzt;https://www.zeit.de/news/2026-08/10/niedrigwasser-lkw-fahrverbot-auch-in-bayern-ausgesetzt;Hier finden Sie Informationen zu dem Thema „Trockenheit“. Lesen Sie jetzt „Niedrigwasser: Lkw-Fahrverbot auch in Bayern ausgesetzt“.;Trockenheit;News, Trockenheit, Joachim Herrmann, Bayern, CSU, Niedrigwasser, Trockenheit, Feiertagsfahrverbot, Wasserstraße, Fahrverbot;2026-08-10T17:46:20+02:00;2026-08-10T17:46:20+02:00;;dpa Bayern;false
62ed9f0dc34ef42abbb0f5d32eb5595306f833bf550c67948d910d7a0cda74df;Tollwut bei Fledermaus nachgewiesen;https://www.zeit.de/news/2026-08/10/tollwut-bei-fledermaus-nachgewiesen;Hier finden Sie Informationen zu dem Thema „Zwergfledermaus“. Lesen Sie jetzt „Tollwut bei Fledermaus nachgewiesen“.;Zwergfledermaus;News, Zwergfledermaus, Rhein, Rheinland-Pfalz, Rheinland, Tollwut, Zwergfledermaus, Fledermaus, Fledermaustollwutvirus, Landesuntersuchungsamt, Tiere;2026-08-10T17:43:48+02:00;2026-08-10T17:43:48+02:00;;dpa Rheinland-Pfalz/Saarland;false
c41a57392f16b6b66c7bcfc886524182a548b97ccd58b58a13569eeeaa6d001d;Friedberg als ein Standort für neuen Wehrdienst im Blick;https://www.zeit.de/news/2026-08/10/friedberg-als-ein-standort-fuer-neuen-wehrdienst-im-blick;Hier finden Sie Informationen zu dem Thema „Bundeswehr“. Lesen Sie jetzt „Friedberg als ein Standort für neuen Wehrdienst im Blick“.;Bundeswehr;News, Bundeswehr, Ray Barrack, Friedberg, Berlin, Ockstadt, Bundeswehr, Wehrdienst, Standort;2026-08-10T17:42:45+02:00;2026-08-10T17:42:45+02:00;;dpa Hessen;false
a99368caf4b48a9529326ac8d23b62b9401c70041e40c30b9bf9cc0ccecfa14b;Gedenkstätten sollen 2027 zehn Millionen Euro zusätzlich erhalten;https://www.zeit.de/politik/deutschland/2026-08/gedenkstaetten-foerderung-bund-wolfram-weimer-nationalsozialismus-sed;Der Kulturstaatsminister will Gedenkstätten zur Erinnerung an NS- und SED-Verbrechen stärken. Die Hälfte der zusätzlichen Mittel ist für die Projektförderung vorgesehen.;Gedenkstättenförderung;Politik, Gedenkstättenförderung, Wolfram Weimer, Gedenkstätte, Verbrechen, Nationalsozialismus;2026-08-10T17:42:02+02:00;2026-08-10T17:42:02+02:00;voi;DIE ZEIT,        dpa,        epd,        							voi;false
fc4293c53b20b69e6ce927e93c32acf417993df0e1619b43b083b0ebefab23a3;Anwalt von Lina E. kündigt Verfassungsbeschwerde gegen Beugehaft an;https://www.zeit.de/politik/deutschland/2026-08/beugehaft-lina-e-erkan-zuenbuel-olg-dresden-bgh;Ein Gericht hatte Beugehaft gegen die verurteilte Linksextremistin Lina E. verhängt, weil diese nicht als Zeugin aussagen wollte. Ihr Anwalt will Beschwerde einlegen.;Beugehaft für Lina E.;Politik, Beugehaft für Lina E., Gerichtsverfahren, Dresden, Bundesverfassungsgericht, Bundesgerichtshof;2026-08-10T17:41:13+02:00;2026-08-10T17:41:13+02:00;sko;DIE ZEIT,        dpa,        							sko;false
dcea79f59b98f18dc704cf49bc85248307432bc0c9dfee7a44c7b1670d6785e6;Gericht: AfD-Mitgliedschaft kann zu Waffenentzug führen;https://www.zeit.de/news/2026-08/10/gericht-afd-mitgliedschaft-kann-zu-waffenentzug-fuehren;Hier finden Sie Informationen zu dem Thema „Entscheidung in Sachsen-Anhalt“. Lesen Sie jetzt „Gericht: AfD-Mitgliedschaft kann zu Waffenentzug führen“.;Entscheidung in Sachsen-Anhalt;News, Entscheidung in Sachsen-Anhalt, Sachsen-Anhalt, Alternative für Deutschland, OVG, Deutsche Presse-Agentur, Waffenentzug, Parteimitgliedschaft;2026-08-10T17:40:27+02:00;2026-08-10T17:40:27+02:00;;dpa;false
63aca25737abde4246935d01b5669fdbd522ba1a07f70504f9c4fe95ec53d16e;Baden-Württemberg macht Ausnahme bei Lkw-Fahrverboten;https://www.zeit.de/news/2026-08/10/baden-wuerttemberg-will-lkw-sonntagsfahrverbot-aussetzen;Hier finden Sie Informationen zu dem Thema „Reaktion auf Niedrigwasser“. Lesen Sie jetzt „Baden-Württemberg macht Ausnahme bei Lkw-Fahrverboten“.;Reaktion auf Niedrigwasser;News, Reaktion auf Niedrigwasser, Nicole Razavi, Baden-Württemberg, Verkehrsministerium, CDU, Niedrigwasser, Feiertagsfahrverbot, Wasserstraße;2026-08-10T17:38:02+02:00;2026-08-10T17:38:02+02:00;;dpa Baden-Württemberg;false
be6d70da5b25685451737cff1a769f62f2c88d6a35a4ea019f6092d4f0f53402;Wo die Lese für den Federweißen im Südwesten begonnen hat;https://www.zeit.de/news/2026-08/10/wo-die-lese-fuer-den-federweissen-im-suedwesten-begonnen-hat;Hier finden Sie Informationen zu dem Thema „Weinbauverband informiert“. Lesen Sie jetzt „Wo die Lese für den Federweißen im Südwesten begonnen hat“.;Weinbauverband informiert;News, Weinbauverband informiert, Holger Klein, Staufen-Wettelbrunn, Freiburg, Württemberg, Baden-Württemberg, Breisgau, Südwesten, Federweiße, Weinbauverband, Verbandsangabe;2026-08-10T17:37:46+02:00;2026-08-10T17:37:46+02:00;;dpa Baden-Württemberg;false
be597ca599935b8f1e0482c981740aa371155cc5a1a774b96d6435a2e92f698e;Erdbeben in Kolumbien: Mindestens 20 Tote;https://www.zeit.de/news/2026-08/10/erdbeben-in-kolumbien-mindestens-20-tote;Hier finden Sie Informationen zu dem Thema „Erdbeben“. Lesen Sie jetzt „Erdbeben in Kolumbien: Mindestens 20 Tote“.;Erdbeben;News, Erdbeben, Kolumbien, Erdbeben;2026-08-10T17:36:37+02:00;2026-08-10T17:36:37+02:00;;dpa;false
398a7f3f6431ce6ada580de4f1f479b874f7f2d9a57b354cc9873fff9698f188;Feldbrand im Landkreis Greiz – Zwei Verletzte;https://www.zeit.de/news/2026-08/10/feldbrand-im-landkreis-greiz-zwei-verletzte;Hier finden Sie Informationen zu dem Thema „Feuer“. Lesen Sie jetzt „Feldbrand im Landkreis Greiz – Zwei Verletzte“.;Feuer;News, Feuer, Hohenleuben, Landkreis Greiz, Polizei, Feldbrand;2026-08-10T17:33:11+02:00;2026-08-10T17:33:11+02:00;;dpa Thüringen;false
114b28c4b8bfdd901901c2cf353c52584db1022e2edf693d826c868c8fa27b00;Innenministerium: Russisches Haus «im Blick»;https://www.zeit.de/news/2026-08/10/innenministerium-russisches-haus-im-blick;Hier finden Sie Informationen zu dem Thema „Umstrittene Institution“. Lesen Sie jetzt „Innenministerium: Russisches Haus «im Blick»“.;Umstrittene Institution;News, Umstrittene Institution, Russland, Moskau, Berlin, Berlin-Mitte, Goethe-Institut, Innenministerium, AA, WDR, Kulturzentrum;2026-08-10T17:29:02+02:00;2026-08-10T17:29:02+02:00;;dpa;false
82426011e343addc3b23bd6bc08ad729998d669c1e1d11fed7609522207e2860;Dynamo klagt weiter gegen Zuschauer-Teilausschluss;https://www.zeit.de/news/2026-08/10/dynamo-klagt-weiter-gegen-zuschauer-teilausschluss;Hier finden Sie Informationen zu dem Thema „2. Fußball-Bundesliga“. Lesen Sie jetzt „Dynamo klagt weiter gegen Zuschauer-Teilausschluss“.;2. Fußball-Bundesliga;News, 2. Fußball-Bundesliga, Darmstadt, Dresden, Dynamo Dresden, SV Darmstadt 98, Deutscher Fußball-Bund, Rudolf-Harbig-Stadion, Hertha BSC Berlin, Fußball-Bundesliga, Saisonheimspiel, Schiedsgericht;2026-08-10T17:25:30+02:00;2026-08-10T17:25:30+02:00;;dpa Sachsen;false
bab349a6794c1952970b2f427ddd8655cff43164fac0930f135105cda37f5d7f;Bis 2031: FC Bayern gibt senegalesischem Talent Profivertrag;https://www.zeit.de/news/2026-08/10/bis-2031-fc-bayern-gibt-senegalesischem-talent-profivertrag;Hier finden Sie Informationen zu dem Thema „Fußball-Bundesliga“. Lesen Sie jetzt „Bis 2031: FC Bayern gibt senegalesischem Talent Profivertrag“.;Fußball-Bundesliga;News, Fußball-Bundesliga, Bara Sapoko Ndiaye, Christoph Freund, Africa, Gambia, Los Angeles, München, FC Bayern München, Fußball-Bundesliga, Profivertrag, Gold;2026-08-10T17:24:59+02:00;2026-08-10T17:24:59+02:00;;dpa Bayern;false
f2509414c6538965f8b6627f80580ee29b7d7c24bf6ec7d7cb34cdd7f870a5b6;Brände in Titting – Polizei vermutet Brandstiftung;https://www.zeit.de/news/2026-08/10/braende-in-titting-polizei-vermutet-brandstiftung;Hier finden Sie Informationen zu dem Thema „Feuerwehreinsatz am Morgen“. Lesen Sie jetzt „Brände in Titting – Polizei vermutet Brandstiftung“.;Feuerwehreinsatz am Morgen;News, Feuerwehreinsatz am Morgen, Titting, Landkreis Eichstätt, Polizei, Brandstiftung, Feuerwehreinsatz, Brand;2026-08-10T17:19:53+02:00;2026-08-10T17:19:53+02:00;;dpa Bayern;false
7cefdc720d83d113dcc2684c07b92ecd1070d5fab7c3ec718fd974ec82b882f7;Ex-Profi von St. Pauli: Osnabrück verpflichtet Kyereh;https://www.zeit.de/news/2026-08/10/ex-profi-von-st-pauli-osnabrueck-verpflichtet-kyereh;Hier finden Sie Informationen zu dem Thema „Fußball“. Lesen Sie jetzt „Ex-Profi von St. Pauli: Osnabrück verpflichtet Kyereh“.;Fußball;News, Fußball, Daniel Kofi Kyereh, Timo Schultz, St. Pauli, Osnabrück, Freiburg, Niedersachsen, VfL Osnabrück, SC Freiburg, Fußball;2026-08-10T17:15:34+02:00;2026-08-10T17:15:34+02:00;;dpa Baden-Württemberg;false
e77a46eba77027fd1813bc181534ab7f9d4dedb647357da1dad8840a2fff12cc;Beugehaft für Lina E. – Verfassungsbeschwerde angekündigt;https://www.zeit.de/news/2026-08/10/beugehaft-fuer-lina-e-verfassungsbeschwerde-angekuendigt;Hier finden Sie Informationen zu dem Thema „Prozess“. Lesen Sie jetzt „Beugehaft für Lina E. – Verfassungsbeschwerde angekündigt“.;Prozess;News, Prozess, Lina E., Erkan Zünbül, Dresden, OLG, Bundesgerichtshof, Antifa, Verfassungsbeschwerde;2026-08-10T17:15:16+02:00;2026-08-10T17:15:16+02:00;;dpa Sachsen;false
bd4d74c7484f05e3248b2fe77e2561de364a83f92d212fc991fb5d36ed534bc7;Niedrigwasser: Fähre Kaub stellt Betrieb vorübergehend ein;https://www.zeit.de/news/2026-08/10/niedrigwasser-faehre-kaub-stellt-betrieb-voruebergehend-ein;Hier finden Sie Informationen zu dem Thema „Schifffahrt eingeschränkt“. Lesen Sie jetzt „Niedrigwasser: Fähre Kaub stellt Betrieb vorübergehend ein“.;Schifffahrt eingeschränkt;News, Schifffahrt eingeschränkt, Kaub, SWR, Niedrigwasser, Schifffahrt, Fährgemeinschaft, Fährbetrieb, Wasserstand, Betriebsende, Fähre;2026-08-10T17:12:23+02:00;2026-08-10T17:12:23+02:00;;dpa Rheinland-Pfalz/Saarland;false
fb4044a6ed6295be4448c1dfe37c9a9144393c5ad4bf62fa13a077d87ca1b61d;Okay, Doomer;https://www.zeit.de/2026/34/ki-singularitaet-superintelligenz-silicon-valley;Sie halten es für möglich, dass die Superintelligenz die Menschheit auslöscht – und arbeiten trotzdem daran. Wie KI-Forscher und Gründer nach Überlebensstrategien suchen.;"Z+ (abopflichtiger Inhalt);
        
    KI-Singularität";Digital, KI-Singularität, künstliche Intelligenz, Silicon Valley, San Francisco, USA, OpenAI, Technologie;2026-08-10T17:01:55+02:00;2026-08-10T17:01:55+02:00;Nicolas Killian;Aus der        ZEIT Nr. 34/2026;false
59a6f10fc81f48e9fd76c5ecf9bd05d1b9f2ef836a0348ab33fd31b1c9d78be2;Behörden in Polen warnen vor freilaufender Raubkatze;https://www.zeit.de/news/2026-08/10/behoerden-in-polen-warnen-vor-freilaufender-raubkatze;Hier finden Sie Informationen zu dem Thema „Aufregung im Nachbarland“. Lesen Sie jetzt „Behörden in Polen warnen vor freilaufender Raubkatze“.;Aufregung im Nachbarland;News, Aufregung im Nachbarland, Polen, Osiek-Wolka, Warschau, Raubkatze, Nachbarland, Tiere;2026-08-10T17:01:48+02:00;2026-08-10T17:01:48+02:00;;dpa;false
12a70b67d4f94186763044031ad3572a92aaa754794fa96f68675d7cccf14da9;Trüffelplantagen in Thüringen sollen schneller Pilze liefern;https://www.zeit.de/news/2026-08/10/trueffelplantagen-in-thueringen-sollen-schneller-pilze-liefern;Hier finden Sie Informationen zu dem Thema „Trüffel“. Lesen Sie jetzt „Trüffelplantagen in Thüringen sollen schneller Pilze liefern“.;Trüffel;News, Trüffel, Thüringen, Schönewerda, Trüffelplantage, Pilz, Trüffel, Freilandpilz, Delikatesse, Anbauform;2026-08-10T17:01:24+02:00;2026-08-10T17:01:24+02:00;;dpa Thüringen;false
3f1fc429ae0ce6bee6ce7265d1f89b9041a9940d5e4b052d4d3c42b5a51b6b49;Mit rund 3,5 Promille in Schlangenlinien auf A96 unterwegs;https://www.zeit.de/news/2026-08/10/mit-rund-3-5-promille-in-schlangenlinien-auf-a96-unterwegs;Hier finden Sie Informationen zu dem Thema „Betrunken auf der Autobahn“. Lesen Sie jetzt „Mit rund 3,5 Promille in Schlangenlinien auf A96 unterwegs“.;Betrunken auf der Autobahn;News, Betrunken auf der Autobahn, Schlangenlinie;2026-08-10T16:55:20+02:00;2026-08-10T16:55:20+02:00;;dpa Baden-Württemberg;false
8697d2f4f7aebceb0f22273d5507288ec4679bf7ad56e7734068dd2a86310952;Rapper Bushido hat Tumor-OP «gut überstanden»;https://www.zeit.de/news/2026-08/10/rapper-bushido-hat-tumor-op-gut-ueberstanden;Hier finden Sie Informationen zu dem Thema „Tumor am Ohr“. Lesen Sie jetzt „Rapper Bushido hat Tumor-OP «gut überstanden»“.;Tumor am Ohr;News, Tumor am Ohr, Anis Mohamed, Bushido, Anna-Maria Ferchichi, Instagram, Ohrspeicheldrüse, Tumor;2026-08-10T16:53:59+02:00;2026-08-10T16:53:59+02:00;;dpa Bayern;false
0b75a5076e03cad3242e13a6c26850bfec7610930b086fa0e17c296a0a3cf6e7;Günther bei Edelkrebs-Artenschutzprojekt im Kieswerk;https://www.zeit.de/news/2026-08/10/guenther-bei-edelkrebs-artenschutzprojekt-im-kieswerk;Hier finden Sie Informationen zu dem Thema „Hilfe für bedrohte Tierart“. Lesen Sie jetzt „Günther bei Edelkrebs-Artenschutzprojekt im Kieswerk“.;Hilfe für bedrohte Tierart;News, Hilfe für bedrohte Tierart, Daniel Günther, Tobias Goldschmidt, Schleswig-Holstein, Kreis Rendsburg-Eckernförde, CDU, Tierart, Artenschutzprojekt, Edelkrebs;2026-08-10T16:52:11+02:00;2026-08-10T16:52:11+02:00;;dpa Hamburg/Schleswig-Holstein;false
310442293ba0ea6f03067a9c48ca4a20c6dee4f61a2730f7ab2b8df55b30cfe7;AfD baut Vorsprung aus – BSW könnte Machtfaktor werden;https://www.zeit.de/news/2026-08/10/afd-baut-vorsprung-aus-bsw-koennte-machtfaktor-werden;Hier finden Sie Informationen zu dem Thema „Landtagswahl“. Lesen Sie jetzt „AfD baut Vorsprung aus – BSW könnte Machtfaktor werden“.;Landtagswahl;News, Landtagswahl, Sven Schulze, Ulrich Siegmund, Sahra Wagenknecht, Sachsen-Anhalt, FDP, Alternative für Deutschland, Bündnis Sahra Wagenknecht, CDU, Infratest dimap, SPD;2026-08-10T16:48:03+02:00;2026-08-10T16:48:03+02:00;;dpa Sachsen;false
9071c0bafd6c9fe43c51f98a7cb8a5d2490c279870a7fb2ce491c99a3b03181b;A8 wird im Osten zunächst nur kleiner ausgebaut;https://www.zeit.de/news/2026-08/10/verwirrung-um-ausbau-der-a8-im-osten;Hier finden Sie Informationen zu dem Thema „Verkehr“. Lesen Sie jetzt „A8 wird im Osten zunächst nur kleiner ausgebaut“.;Verkehr;News, Verkehr, Christian Bernreiter, Steffen Bilger, Chiemsee, Salzburg, die Autobahn GmbH des Bundes, Münchner Merkur, Verwirrung, Standstreifen, Sechsstreifige, Ausbau;2026-08-10T16:47:44+02:00;2026-08-10T16:47:44+02:00;;dpa Bayern;false
0c3349b2bb39ec60d86aa7d4d67860d2bc46e0fdaf31fd94945cbcf3e3680f8a;Bayer gewinnt knapp 1,5 Millionen Euro im Lotto;https://www.zeit.de/news/2026-08/10/bayer-gewinnt-knapp-1-5-millionen-euro-im-lotto;Hier finden Sie Informationen zu dem Thema „Glücksspiel“. Lesen Sie jetzt „Bayer gewinnt knapp 1,5 Millionen Euro im Lotto“.;Glücksspiel;News, Glücksspiel, Glücksspiel;2026-08-10T16:39:17+02:00;2026-08-10T16:39:17+02:00;;dpa Bayern;false
06649ba22e2634969b726284d8d71abf2946d1207ba4b3845f2064ae5035efc0;Wechsel perfekt: VfB verpflichtet Wolfsburgs Pejcinovic;https://www.zeit.de/news/2026-08/10/wechsel-perfekt-vfb-verpflichtet-wolfsburgs-pejcinovic;Hier finden Sie Informationen zu dem Thema „Transfer“. Lesen Sie jetzt „Wechsel perfekt: VfB verpflichtet Wolfsburgs Pejcinovic“.;Transfer;News, Transfer, Dzenan Pejcinovic, Fabian Wohlgemuth, Wolfsburg, Niedersachsen, VfB Stuttgart, VfL Wolfsburg, Deutscher Fußball-Bund, Bundesliga;2026-08-10T16:38:19+02:00;2026-08-10T16:38:19+02:00;;dpa Baden-Württemberg;false
ca55c593999a0adb6b94d7f68a5e4e333eda879dd92c3718141db0dec1ff784c;Großer Waldbrand in Andalusien breitet sich aus;https://www.zeit.de/news/2026-08/10/erster-todesfall-bei-verheerendem-feuer-im-westen-kanadas;Hier finden Sie Informationen zu dem Thema „Feuer im Südwesten Spaniens“. Lesen Sie jetzt „Großer Waldbrand in Andalusien breitet sich aus“.;Feuer im Südwesten Spaniens;News, Feuer im Südwesten Spaniens, Westen Kanada, Penticton, Britisch-Kolumbien, Polizei, Summerland, Todesfall, Waldbrand, Evakuierung;2026-08-10T16:33:22+02:00;2026-08-10T16:33:22+02:00;;dpa;false
f29c1ca8783a449506605d3e464ce4e891995145c12f17207aeb6c0482c5a9f7;Klingbeil nimmt Steuerpläne für Vereine zurück;https://www.zeit.de/news/2026-08/10/klingbeil-nimmt-steuerplaene-fuer-vereine-zurueck;Hier finden Sie Informationen zu dem Thema „Reaktion auf heftige Kritik“. Lesen Sie jetzt „Klingbeil nimmt Steuerpläne für Vereine zurück“.;Reaktion auf heftige Kritik;News, Reaktion auf heftige Kritik, Lars Klingbeil, SPD, Deutsche Presse-Agentur, Steuer, Kritik;2026-08-10T16:32:38+02:00;2026-08-10T16:32:38+02:00;;dpa;false
659edefc61494608a5be1e6445593345714175d2d8a3012970c74ddcee4a5689;Wald bei Rodenbach in Hessen brennt: Rauch zieht nach Bayern;https://www.zeit.de/news/2026-08/10/wald-bei-rodenbach-in-hessen-brennt-rauch-zieht-nach-bayern;Hier finden Sie Informationen zu dem Thema „Feuerwehreinsatz“. Lesen Sie jetzt „Wald bei Rodenbach in Hessen brennt: Rauch zieht nach Bayern“.;Feuerwehreinsatz;News, Feuerwehreinsatz, Rodenbach, Hessen, Main-Kinzig, Alzenau, Feuerwehr, Feuerwehreinsatz, Wald, Waldbrand;2026-08-10T16:31:22+02:00;2026-08-10T16:31:22+02:00;;dpa Bayern;false
9d459b0e7b5dc6d79fe92cb0582f319a06a69e2ed430a3c9ee259d7fe0d8540f;Elbe in Magdeburg: Wasserstand fällt auf 39 Zentimeter;https://www.zeit.de/news/2026-08/10/elbe-in-magdeburg-wasserstand-faellt-auf-39-zentimeter;Hier finden Sie Informationen zu dem Thema „Niedrigwasser“. Lesen Sie jetzt „Elbe in Magdeburg: Wasserstand fällt auf 39 Zentimeter“.;Niedrigwasser;News, Niedrigwasser, Elbe, Magdeburg, Wasserstand, Niedrigwasser, Strombrücke, Sommer;2026-08-10T16:27:52+02:00;2026-08-10T16:27:52+02:00;;dpa Sachsen;false
c1a95540bd0ecc4a42b3d364d50f951cf9d6bbe7bbb0fa8c119d69402d485bb2;Polizei schnappt 17-jährigen Raser nach längerer Verfolgung;https://www.zeit.de/news/2026-08/10/polizei-schnappt-17-jaehrigen-raser-nach-laengerer-verfolgung;Hier finden Sie Informationen zu dem Thema „Flucht vor der Polizei“. Lesen Sie jetzt „Polizei schnappt 17-jährigen Raser nach längerer Verfolgung“.;Flucht vor der Polizei;News, Flucht vor der Polizei, Bad Bramstedt, Hamburg, Neumünster, Kreis Segeberg, Polizei, Verfolgung, Auto;2026-08-10T16:27:04+02:00;2026-08-10T16:27:04+02:00;;dpa Hamburg/Schleswig-Holstein;false
81069f378515669a72518a8579b37d637a271eeaba42bc58f91787c4362f50bf;Abgebrannte Berghütte - Schaden niedriger als befürchtet;https://www.zeit.de/news/2026-08/10/abgebrannte-berghuette-schaden-niedriger-als-befuerchtet;Hier finden Sie Informationen zu dem Thema „Brand im Oberallgäu“. Lesen Sie jetzt „Abgebrannte Berghütte - Schaden niedriger als befürchtet“.;Brand im Oberallgäu;News, Brand im Oberallgäu, Oberallgäu, Berghütte;2026-08-10T16:25:57+02:00;2026-08-10T16:25:57+02:00;;dpa Bayern;false
3ed27d92d2c6315101dd2770c7c32d480f4a5c07a49d082725267b04a30e28f6;Weimer plant mit zehn Millionen Euro mehr für Gedenkstätten;https://www.zeit.de/news/2026-08/10/weimer-plant-mit-zehn-millionen-euro-mehr-fuer-gedenkstaetten;Hier finden Sie Informationen zu dem Thema „Geschichte und Bildung“. Lesen Sie jetzt „Weimer plant mit zehn Millionen Euro mehr für Gedenkstätten“.;Geschichte und Bildung;News, Geschichte und Bildung, Wolfram Weimer, Gedenkstätte, Nationalsozialismus, SED-Diktatur, Geld;2026-08-10T16:25:40+02:00;2026-08-10T16:25:40+02:00;;dpa Bayern;false
50c7a787148b790bcb431465e9eac7c6da8f795e8b396caee620944a9929197d;Marius Borg Høiby bleibt mit Fußfessel im Hausarrest;https://www.zeit.de/news/2026-08/10/marius-borg-h-iby-bleibt-mit-fussfessel-im-hausarrest;Hier finden Sie Informationen zu dem Thema „Norwegische Königsfamilie“. Lesen Sie jetzt „Marius Borg Høiby bleibt mit Fußfessel im Hausarrest“.;Norwegische Königsfamilie;News, Norwegische Königsfamilie, Marius Borg Høiby, Mette-Marit Tjessem Høiby, Oslo, Fußfessel, Hausarrest, Königsfamilie;2026-08-10T16:21:14+02:00;2026-08-10T16:21:14+02:00;;dpa;false
77e735e7dd05b0d6ffd5cb409462ea96199e3c9c2374c5c3646b6f85e6b0e60f;Auto brennt nach Zusammenstoß - Verletzte außer Lebensgefahr;https://www.zeit.de/news/2026-08/09/auto-brennt-nach-zusammenstoss-lebensgefaehrlich-verletzte;Hier finden Sie Informationen zu dem Thema „Schwerer Unfall“. Lesen Sie jetzt „Auto brennt nach Zusammenstoß - Verletzte außer Lebensgefahr“.;Schwerer Unfall;News, Schwerer Unfall, Unfall, Zusammenstoß, Frontalzusammenstoß, Auto;2026-08-10T16:20:04+02:00;2026-08-10T16:20:04+02:00;;dpa Baden-Württemberg;false
e399fdfe48c99d39455e4f4386a78320ccf49885939ac0123405aac4162aef51;SEK-Einsatz: Pyrotechnik und Waffen gefunden;https://www.zeit.de/news/2026-08/10/sek-einsatz-pyrotechnik-und-waffen-gefunden;Hier finden Sie Informationen zu dem Thema „42-Jähriger überwältigt“. Lesen Sie jetzt „SEK-Einsatz: Pyrotechnik und Waffen gefunden“.;42-Jähriger überwältigt;News, 42-Jähriger überwältigt, Wittenberge, Landkreis Prignitz, Polizei, Pyrotechnik;2026-08-10T16:19:28+02:00;2026-08-10T16:19:28+02:00;;dpa Berlin/Brandenburg;false
d1bc16fe145b3f1d11f27949bfd28593b257caf2e4080ca093f8584257bc6f49;Gefährliches Überholmanöver: Ein Toter, ein Schwerverletzter;https://www.zeit.de/news/2026-08/10/gefaehrliches-ueberholmanoever-ein-toter-ein-schwerverletzter;Hier finden Sie Informationen zu dem Thema „Unfall im Ammerland“. Lesen Sie jetzt „Gefährliches Überholmanöver: Ein Toter, ein Schwerverletzter“.;Unfall im Ammerland;News, Unfall im Ammerland, Ammerland, Überholmanöver, Auto;2026-08-10T16:19:21+02:00;2026-08-10T16:19:21+02:00;;dpa Niedersachsen;false
a32005589aec47dec43ecf9e9eb5e9b920c661c365af123a19937b525ebb76b0;Marius Borg Høiby bleibt weitere Wochen mit Fußfessel im Hausarrest;https://www.zeit.de/politik/ausland/2026-08/marius-borg-hoiby-untersuchungshaft-norwegen-mette-marit;Die norwegische Polizei sieht die Gefahr, dass Høiby weitere Straftaten begeht. Deshalb muss er weiterhin im Hausarrest bleiben, hat ein Gericht entschieden.;Norwegen;Politik, Norwegen, Norwegen, Oslo, Polizei, Straftat, Vergewaltigung;2026-08-10T16:17:12+02:00;2026-08-10T16:17:12+02:00;edd;DIE ZEIT,        dpa,        							edd;false
e69e8f3445156177e9102d09cbcf7b0a7fe97f4a817f3b0baf14779fb6470857;Klimaschutz oder Arbeitsplätze?;https://www.zeit.de/2026/34/emissionshandel-eu-co2-preis-industrie-olaf-lies-michael-bloss;Um Jobs zu retten, sollten wir mehr CO₂-Ausstoß erlauben, sagt Niedersachsens Ministerpräsident Olaf Lies (SPD). Der Grüne Michael Bloss kontert: Das hilft den Falschen.;"Z+ (abopflichtiger Inhalt);
        
    Emissionshandel der EU";Gesellschaft, Emissionshandel der EU, Emissionshandel, Klimaschutz, Arbeitsplatz, Arbeitsmarkt, Europäische Union, Energieversorgung;2026-08-10T16:14:28+02:00;2026-08-10T16:14:28+02:00;Petra PinzlerMark Schieritz;Aus der        ZEIT Nr. 34/2026;false
108813ccf3e084edab4f4b996bedad6e7907a62c3dcbb8de412059c9bc7fa7eb;Kampf gegen Windräder;https://www.zeit.de/politik/deutschland/2026-08/energiepolitik-windenergie-afd-windkraftanlagen-ablehnung;Die AfD gibt sich als Teil der Anti-Windkraft-Bewegung und verspricht den Schutz von Heimat und Kultur. Doch ihre Energiepolitik hätte weitreichende Folgen für das Land.;Energiepolitik;Politik, Energiepolitik, Windenergie, Alternative für Deutschland, Energiepolitik, Claudia Kemfert, Deutscher Bundestag, Energiewende;2026-08-10T16:14:06+02:00;2026-08-10T16:14:06+02:00;Sebastian Beer;;false
8b5d75add2f1b6c31b4387042c1a151e1363b71bc017d662a39d0c66169cc4b6;Ein Geist aus Sonne und Luft;https://www.zeit.de/2026/34/gruenes-methanol-sonnenlicht-energietraeger-chemieindustrie;Was, wenn’s gelingt? Stellen Sie sich vor, Solarzellen erzeugen künftig einen unverzichtbaren Stoff, der heute oft noch aus Kohle, Öl oder gar Torf gewonnen wird.;"Z+ (abopflichtiger Inhalt);
        
    Grünes Methanol";Wissenschaft, Grünes Methanol, Chemikalie, Chemische Industrie, Chemieprodukt, Solarenergie, Energiewende;2026-08-10T16:13:39+02:00;2026-08-10T16:13:39+02:00;Petra PinzlerDr. Stefan Schmitt;Aus der        ZEIT Nr. 34/2026;false
4646fc55fb57fa87e89f81d348ecf68ffa96b9dba7195a2d14f54242bdd39a55;Sonnenfinsternis - Wo könnte es noch Schutzbrillen geben?;https://www.zeit.de/news/2026-08/10/sonnenfinsternis-wo-koennte-es-noch-schutzbrillen-geben;Hier finden Sie Informationen zu dem Thema „Naturspektakel“. Lesen Sie jetzt „Sonnenfinsternis - Wo könnte es noch Schutzbrillen geben?“.;Naturspektakel;News, Naturspektakel, Sonnenfinsternis, Schutzbrille, Naturspektakel, Himmelsschauspiel, Augenschutz;2026-08-10T16:13:38+02:00;2026-08-10T16:13:38+02:00;;dpa;false
f5ffce7efe7ea8a5db3d9a048ccc453db236dc99eee09b81e244025117cc29d6;Bundeswehrrückkehr nach Speyer und Kusel nimmt Gestalt an;https://www.zeit.de/news/2026-08/10/bundeswehrrueckkehr-nach-speyer-und-kusel-nimmt-gestalt-an;Hier finden Sie Informationen zu dem Thema „«Intensive Gespräche»“. Lesen Sie jetzt „Bundeswehrrückkehr nach Speyer und Kusel nimmt Gestalt an“.;«Intensive Gespräche»;News, «Intensive Gespräche», Speyer, Kusel, Bundesverteidigungsministerium, Bundeswehr, Bundeswehrrückkehr;2026-08-10T16:12:35+02:00;2026-08-10T16:12:35+02:00;;dpa Rheinland-Pfalz/Saarland;false
d956ebd45cb1d0ba974c167e5381a5a80f11445d44b542a58890cc218b8d99bd;Schlägerei in Düren – mehrere Verletzte;https://www.zeit.de/news/2026-08/10/schlaegerei-in-dueren-mehrere-verletzte;Hier finden Sie Informationen zu dem Thema „Streit eskaliert“. Lesen Sie jetzt „Schlägerei in Düren – mehrere Verletzte“.;Streit eskaliert;News, Streit eskaliert, Düren, Schlägerei;2026-08-10T16:12:01+02:00;2026-08-10T16:12:01+02:00;;dpa Nordrhein-Westfalen;false
0ae35f08de81ea6f8fc04f7a8aee429db3226d1078bb07d76333f665edbab01a;Rhein-Niedrigwasser trifft Binnenschifffahrt erheblich;https://www.zeit.de/news/2026-08/10/rhein-niedrigwasser-trifft-binnenschifffahrt-erheblich;Hier finden Sie Informationen zu dem Thema „Binnenschifffahrt stockt stark“. Lesen Sie jetzt „Rhein-Niedrigwasser trifft Binnenschifffahrt erheblich“.;Binnenschifffahrt stockt stark;News, Binnenschifffahrt stockt stark, Thorsten Hölser, Rhein, Hessen, Rheinland-Pfalz, Binnenschifffahrt, Sonntagsfahrverbot, Logistikverband;2026-08-10T16:03:59+02:00;2026-08-10T16:03:59+02:00;;dpa Hessen;false
d77e64b095ae8e8d294abf9b1b8624e5750ab05bacba7b5536562b5e62495a29;Sexueller Übergriff von Fahrdienst - Frau flieht aus Auto;https://www.zeit.de/news/2026-08/10/sexueller-uebergriff-von-fahrdienst-frau-flieht-aus-auto;Hier finden Sie Informationen zu dem Thema „Regensburg“. Lesen Sie jetzt „Sexueller Übergriff von Fahrdienst - Frau flieht aus Auto“.;Regensburg;News, Regensburg, Regensburg, Polizei, Übergriff, Sexuelle Übergriffe, Auto;2026-08-10T15:58:11+02:00;2026-08-10T15:58:11+02:00;;dpa Bayern;false
211b2ab899987392261c4bba4d40120cd44cd82cc4a3aff2207d0cba93b5d7a8;Waldbrand: A7 in Südniedersachsen voll gesperrt;https://www.zeit.de/news/2026-08/10/waldbrand-a7-in-suedniedersachsen-richtung-sueden-gesperrt;Hier finden Sie Informationen zu dem Thema „Rauschschwaden“. Lesen Sie jetzt „Waldbrand: A7 in Südniedersachsen voll gesperrt“.;Rauschschwaden;News, Rauschschwaden, Südniedersachsen, Hessen, Polizei, Rauschschwaden, Waldbrand, Grenze, Wald;2026-08-10T15:57:30+02:00;2026-08-10T15:57:30+02:00;;dpa Hessen;false
459cf581dbf59fb1ef84304ec3f4c4e73571949b80f1dc3ea2808af5b842ae49;LKA und Kampfmittelräumdienst in Kieler Wohnung im Einsatz;https://www.zeit.de/news/2026-08/10/lka-und-kampfmittelraeumdienst-in-kieler-wohnung-im-einsatz;Hier finden Sie Informationen zu dem Thema „Fund verdächtiger Gegenstände“. Lesen Sie jetzt „LKA und Kampfmittelräumdienst in Kieler Wohnung im Einsatz“.;Fund verdächtiger Gegenstände;News, Fund verdächtiger Gegenstände, LKA, Polizei;2026-08-10T15:55:41+02:00;2026-08-10T15:55:41+02:00;;dpa Hamburg/Schleswig-Holstein;false
42ca2166aa43da5ca55883a44c21a30dd2b0f89250a6cb910073235fa086d2e8;Bundesfinanzminister Klingbeil nimmt Steuerpläne für Vereine zurück;https://www.zeit.de/politik/deutschland/2026-08/steuern-vereine-lars-klingbeil-spd-freibetrag;Auch in Zukunft soll der Steuerfreibetrag für steuerpflichtige Vereine bei 5.000 Euro liegen. Der Plan von Lars Klingbeil, diese Grenze abzusenken, ist damit vom Tisch.;Steuerreform;Politik, Steuerreform, Lars Klingbeil, SPD, Steuerreform, Steuer;2026-08-10T15:43:15+02:00;2026-08-10T15:43:15+02:00;tlf;DIE ZEIT,        AFP,        dpa,        							tlf;false
668068d1a7d4662d436ef5475f292eb24904a44ab6cc481a56fb0257cf8efad5;Kriminalpolizei zerschlägt Autodiebesbande;https://www.zeit.de/news/2026-08/10/kriminalpolizei-zerschlaegt-autodiebesbande;Hier finden Sie Informationen zu dem Thema „Kriminalität“. Lesen Sie jetzt „Kriminalpolizei zerschlägt Autodiebesbande“.;Kriminalität;News, Kriminalität, Heilbronn, Baden-Württemberg, Kripo, Autodiebesbande, Diebesbande, Autodiebstahl, Auto;2026-08-10T15:42:06+02:00;2026-08-10T15:42:06+02:00;;dpa Baden-Württemberg;false
a23a2d1e2ad92718e843a5ea1eded6550dcb597321f4611f82f0b019fa4474de;Polizei kontrolliert zehntausende Autofahrer in Hessen;https://www.zeit.de/news/2026-08/10/polizei-kontrolliert-zehntausende-autofahrer-in-hessen;Hier finden Sie Informationen zu dem Thema „Kontrollwoche «Speed»“. Lesen Sie jetzt „Polizei kontrolliert zehntausende Autofahrer in Hessen“.;Kontrollwoche «Speed»;News, Kontrollwoche «Speed», Theodor-Heuss-Brücke, Mainz, Wiesbaden, Hessen, Polizei, Kontrollwoche, Fahrzeug, Auto;2026-08-10T15:39:43+02:00;2026-08-10T15:39:43+02:00;;dpa Hessen;false
881d69de5a55584b31335a29afbf13bc51ae8f411e5b0ec0049ef0ad398e62db;Soest soll Ausbildungsstandort der Bundeswehr werden;https://www.zeit.de/news/2026-08/10/soest-soll-ausbildungsstandort-der-bundeswehr-werden;Hier finden Sie Informationen zu dem Thema „Neuer Wehrdienst“. Lesen Sie jetzt „Soest soll Ausbildungsstandort der Bundeswehr werden“.;Neuer Wehrdienst;News, Neuer Wehrdienst, Soest, Bundeswehr, Verteidigungsministerium, Ausbildungsstandort, Wehrdienst, Unterbringung, Geflüchtete;2026-08-10T15:32:26+02:00;2026-08-10T15:32:26+02:00;;dpa Nordrhein-Westfalen;false
9f9bfb8a25dffb0eb5f572d12c14c4018717b7cec05070ebb902c338af1ebf7b;Paderborn leiht Angreifer Zeitler von Hoffenheim aus;https://www.zeit.de/news/2026-08/10/paderborn-leiht-angreifer-zeitler-von-hoffenheim-aus;Hier finden Sie Informationen zu dem Thema „Bundesliga“. Lesen Sie jetzt „Paderborn leiht Angreifer Zeitler von Hoffenheim aus“.;Bundesliga;News, Bundesliga, Deniz Zeitler, Hoffenheim, Paderborn, SC Paderborn, Bundesliga;2026-08-10T15:29:18+02:00;2026-08-10T15:29:18+02:00;;dpa Baden-Württemberg;false
b30c274e19a83783a454832f5675876c839665ba58a49b78f29e3070ac1da784;Zweijähriges Mädchen bei Unfall lebensgefährlich verletzt;https://www.zeit.de/news/2026-08/10/zweijaehriges-maedchen-bei-unfall-lebensgefaehrlich-verletzt;Hier finden Sie Informationen zu dem Thema „Unfall in Stuttgart“. Lesen Sie jetzt „Zweijähriges Mädchen bei Unfall lebensgefährlich verletzt“.;Unfall in Stuttgart;News, Unfall in Stuttgart, Stuttgart, Polizei, Unfall, Verkehrsunfall, Auto;2026-08-10T15:28:59+02:00;2026-08-10T15:28:59+02:00;;dpa Baden-Württemberg;false
0a14ce73602fa337f3163584419c4e01e11fb3f1b97fa318eed085fa8e0fcdbc;31-Jähriger fährt mit E-Scooter auf der Autobahn;https://www.zeit.de/news/2026-08/10/31-jaehriger-faehrt-mit-e-scooter-auf-der-autobahn;Hier finden Sie Informationen zu dem Thema „E-Scooter-Fahrt“. Lesen Sie jetzt „31-Jähriger fährt mit E-Scooter auf der Autobahn“.;E-Scooter-Fahrt;News, E-Scooter-Fahrt, Autobahn, Standstreifen, E-Scooter;2026-08-10T15:26:18+02:00;2026-08-10T15:26:18+02:00;;dpa Baden-Württemberg;false
e66ae37fa08a7dbf5d91877628006f19c1c7a9003c1b7f5b39dd59e4de67daac;Bundeswehr plant Ausbildung in Sigmaringen;https://www.zeit.de/news/2026-08/10/bundeswehr-plant-ausbildung-in-sigmaringen;Hier finden Sie Informationen zu dem Thema „Aufbau Bundeswehrstandort“. Lesen Sie jetzt „Bundeswehr plant Ausbildung in Sigmaringen“.;Aufbau Bundeswehrstandort;News, Aufbau Bundeswehrstandort, Mann, Sigmaringen, Berlin, Baden-Württemberg, Graf-Stauffenberg-Kaserne, Zollernalbkreis, Bundeswehr, Bundeswehrstandort;2026-08-10T15:20:18+02:00;2026-08-10T15:20:18+02:00;;dpa Baden-Württemberg;false
f898d20a93a8cb497bb732a011cc3765b3fbb6c7aae240cd730d17e012ab0e80;Wendorff will große «Wassercent»-Erhöhung nicht mitmachen;https://www.zeit.de/news/2026-08/10/wendorff-will-grosse-wassercent-erhoehung-nicht-mitmachen;Hier finden Sie Informationen zu dem Thema „Debatte um Wasserknappheit“. Lesen Sie jetzt „Wendorff will große «Wassercent»-Erhöhung nicht mitmachen“.;Debatte um Wasserknappheit;News, Debatte um Wasserknappheit, Henrik Wendorff, Brandenburg, Wassercent, Wasserknappheit, Wassernutzentgelt, Agrarbereich, Wasserpreis, Geld;2026-08-10T15:19:09+02:00;2026-08-10T15:19:09+02:00;;dpa Berlin/Brandenburg;false
bec21ea496c3b2e1cbf853ecd8327155de69d450f4f5d21aa24fcb090eb61463;Tourismus-Hochsaison: Jeder zweite Anbieter zufrieden;https://www.zeit.de/news/2026-08/10/tourismus-hochsaison-jeder-zweite-anbieter-zufrieden;Hier finden Sie Informationen zu dem Thema „Tourismus“. Lesen Sie jetzt „Tourismus-Hochsaison: Jeder zweite Anbieter zufrieden“.;Tourismus;News, Tourismus, Peter Kranz, Mecklenburg-Vorpommern, Hauptsaison, Sommerferien, Ferienhimmel, Sommer;2026-08-10T15:17:10+02:00;2026-08-10T15:17:10+02:00;;dpa Mecklenburg-Vorpommern;false
de5899df9c2d68301d8e4339db44a7b6e148c1e07df594f7b705cdc48f44af07;Leichenteile im Müll: War es Satanismus?;https://www.zeit.de/news/2026-08/10/leichenteile-im-muell-war-es-satanismus;Hier finden Sie Informationen zu dem Thema „Toten zerstückelt“. Lesen Sie jetzt „Leichenteile im Müll: War es Satanismus?“.;Toten zerstückelt;News, Toten zerstückelt, Heusenstamm, Offenbach, Rhein-Main-Gebiet, Staatsanwaltschaft, Leichenteil, Satanismus, Müll, Leichenteilen;2026-08-10T15:16:28+02:00;2026-08-10T15:16:28+02:00;;dpa;false
d5556a69b1a733904ad59e8d11087e0fe5a75a21851f37761f52166e3244ca29;»Ich bin heute pünktlich, zuverlässig und konstant leistungsfähig«;https://www.zeit.de/arbeit/2026-05/leben-adhs-alltag-psychologie-arbeitsleben;Lange war ADHS für sie ein Kampf. Dann lernten Sarah Kuttner, Kathrin Weßling und Michael Fritz, damit im Job umzugehen – und trotzdem erfolgreich zu sein.;"Z+ (abopflichtiger Inhalt);
        
    Leben mit ADHS";Arbeit, Leben mit ADHS, Sarah Kuttner, Michael Fritz, Weßling, VIVA Media, ADHS, Grenze, Alltag, Lebensstil, Arbeitsplatz, Psychologie;2026-08-10T15:12:29+02:00;2026-08-10T15:12:29+02:00;Torben Becker;;false
47db901c7cf6511991fec829a84f261203ee231fb15a6371fa2be349babe7188;»Da gilt die Devise: immer feste druff«;https://www.zeit.de/zeit-verbrechen/2026/39/sabine-rueckert-rechtsstaat-gesetze-kurzer-prozess;ZEIT-Kriminalreporterin Sabine Rückert kennt Gesetze, »die verströmen eine tiefe Menschlichkeit«. Doch seit Jahrzehnten gebe es fast ausschließlich Verschärfungen.;"Z+ (abopflichtiger Inhalt);
        
    Sabine Rückert";Gesellschaft, Sabine Rückert, Körperverletzung, Sachbeschädigung, Liebe, Familie, Gesetzesänderung;2026-08-10T15:12:05+02:00;2026-08-10T15:12:05+02:00;Stephan Lebert;Aus        ZEIT Verbrechen Nr. 39/2026;false
875b385928b82cdc8aa06985fc35459f4ad5ff7f8fb16e3c46212b8ca55a70e9;Victor Kløve wechselt 2027 zur SG Flensburg-Handewitt;https://www.zeit.de/news/2026-08/10/victor-kl-ve-wechselt-2027-zur-sg-flensburg-handewitt;Hier finden Sie Informationen zu dem Thema „Handball-Bundesliga“. Lesen Sie jetzt „Victor Kløve wechselt 2027 zur SG Flensburg-Handewitt“.;Handball-Bundesliga;News, Handball-Bundesliga, SG Flensburg-Handewitt, Handball-Bundesliga, Frisch Auf Göppingen, Neuzugang, Grenze;2026-08-10T15:11:42+02:00;2026-08-10T15:11:42+02:00;;dpa Hamburg/Schleswig-Holstein;false
e66ed1518684cf28aa47f932fd012ac99769c2fb8d5cc50fb85ede813b7f32d1;Der Preis des taktischen Wählens;https://www.zeit.de/politik/deutschland/2026-08/taktisches-waehlen-landtagswahl-sachsen-anhalt-afd-fuenf-prozent-huerde;Je mehr Parteien es über die Fünf-Prozent-Hürde schaffen, desto geringer sind die Chancen der AfD auf eine Mehrheit. Über die Chancen und Schwächen der Strategie;Landtagswahlen;Politik, Landtagswahlen, Alternative für Deutschland, Sachsen-Anhalt, Landtag, Landtagswahl, CDU, Politikwissenschaft;2026-08-10T15:10:49+02:00;2026-08-10T15:10:49+02:00;Julius Kölzer;;false
84fbdecda753cc21f6450b9e5f556ced5fc9edd49834257f5e2cd10dfa28d4c5;Niedrigwasser legt historische Brücke in Lehnmühle frei;https://www.zeit.de/news/2026-08/10/niedrigwasser-legt-historische-bruecke-in-lehnmuehle-frei;Hier finden Sie Informationen zu dem Thema „Niedrigwasser“. Lesen Sie jetzt „Niedrigwasser legt historische Brücke in Lehnmühle frei“.;Niedrigwasser;News, Niedrigwasser, Osterzgebirge, Niedrigwasser, Lehnmühle, Talsperre;2026-08-10T15:10:18+02:00;2026-08-10T15:10:18+02:00;;dpa Sachsen;false
cda2606b066ffd047136e32b4f6c9d3fb193e0793e19b1af4414aceca724d631;Schon wieder tödliche Schüsse in Berlin - Sorge wächst;https://www.zeit.de/news/2026-08/10/schuesse-auf-eine-person-in-berlin-polizei-im-einsatz;Hier finden Sie Informationen zu dem Thema „Schusswaffengewalt“. Lesen Sie jetzt „Schon wieder tödliche Schüsse in Berlin - Sorge wächst“.;Schusswaffengewalt;News, Schusswaffengewalt, Berlin, Polizei;2026-08-10T15:07:34+02:00;2026-08-10T15:07:34+02:00;;dpa;false
ae89bbd22850f289fe99e8e638019dd927a5dede2e8f06d826d5d27e097bfbb5;Rüstet Deutschland falsch auf? Kritik an Pistorius;https://www.zeit.de/news/2026-08/10/top-oekonom-wirft-pistorius-falsche-investitionen-vor;Hier finden Sie Informationen zu dem Thema „Drohnen statt Panzer“. Lesen Sie jetzt „Rüstet Deutschland falsch auf? Kritik an Pistorius“.;Drohnen statt Panzer;News, Drohnen statt Panzer, Boris Pistorius, Moritz Schularick, IfW, SPD, SZ, Bundeswehr, Verteidigungsfähigkeit, Investition, Bundeskanzleramt, Geld;2026-08-10T15:06:15+02:00;2026-08-10T15:06:15+02:00;;dpa;false
5f7926908fa1b2117f85bad5ec4e50e81e4deb8ec3057db75dccd2f2a8a83bf1;EU-Kommission: Mercedes-Benz darf Autohäuser verkaufen;https://www.zeit.de/news/2026-08/10/eu-kommission-mercedes-benz-darf-autohaeuser-verkaufen;Hier finden Sie Informationen zu dem Thema „Autobauer“. Lesen Sie jetzt „EU-Kommission: Mercedes-Benz darf Autohäuser verkaufen“.;Autobauer;News, Autobauer, Berlin, Brandenburg, Mercedes-Benz, Europäische Union, Autohaus, Auto;2026-08-10T15:04:36+02:00;2026-08-10T15:04:36+02:00;;dpa Berlin/Brandenburg;false
0dd3d88f99431268dd650a95dcba4f7b955cc9041a7a5ebd2e9ecad52390ac00;Tod bei Zwangsräumung - Anklage fordert elf Jahre Gefängnis;https://www.zeit.de/news/2026-08/10/tod-bei-zwangsraeumung-anklage-fordert-elf-jahre-gefaengnis;Hier finden Sie Informationen zu dem Thema „Plädoyers im Mordprozess“. Lesen Sie jetzt „Tod bei Zwangsräumung - Anklage fordert elf Jahre Gefängnis“.;Plädoyers im Mordprozess;News, Plädoyers im Mordprozess, Sirin Özfirat, Dirk Gerlach, Saarland, Saarbrücken, Bexbach, Staatsanwaltschaft, Zwangsräumung, Anklage, Mordprozess, Plädoyer;2026-08-10T15:01:22+02:00;2026-08-10T15:01:22+02:00;;dpa Rheinland-Pfalz/Saarland;false
91bafad51f85cddce6f8c7b2409080c50beec6d2b674c1072c338b4eaa6a8558;Fleischproduktion sinkt – Geflügel mit größtem Rückgang;https://www.zeit.de/news/2026-08/07/fleischproduktion-sinkt-gefluegel-mit-groesstem-rueckgang;Hier finden Sie Informationen zu dem Thema „Halbjahreszahlen“. Lesen Sie jetzt „Fleischproduktion sinkt – Geflügel mit größtem Rückgang“.;Halbjahreszahlen;News, Halbjahreszahlen, Fleischproduktion, Geflügel, Halbjahreszahl, Rückgang;2026-08-10T14:59:41+02:00;2026-08-10T14:59:41+02:00;;dpa;false
9fa862d96b0ebeb213ff38fd518a5b7c89518879343b2c774f33cf91829f87de;«Avocado-Hand»-Fälle am UKSH steigen – Mehr Frauen betroffen;https://www.zeit.de/news/2026-08/10/avocado-hand-faelle-am-uksh-steigen-mehr-frauen-betroffen;Hier finden Sie Informationen zu dem Thema „Notaufnahmedaten“. Lesen Sie jetzt „«Avocado-Hand»-Fälle am UKSH steigen – Mehr Frauen betroffen“.;Notaufnahmedaten;News, Notaufnahmedaten, Lübeck, Kiel, Universitätsklinikum Schleswig-Holstein, Notaufnahmedaten, Avocado;2026-08-10T14:59:12+02:00;2026-08-10T14:59:12+02:00;;dpa Hamburg/Schleswig-Holstein;false
6395fccdfb8ec3996ee6358bea5544511d04fdf1ce5b97aaf3bcd0f7ca63bcc0;Nach tödlichem Feuer kein Hinweis auf technischen Defekt;https://www.zeit.de/news/2026-08/10/nach-toedlichem-feuer-kein-hinweis-auf-technischen-defekt;Hier finden Sie Informationen zu dem Thema „Brände“. Lesen Sie jetzt „Nach tödlichem Feuer kein Hinweis auf technischen Defekt“.;Brände;News, Brände, Schwerin, Staatsanwaltschaft, Explosion, Brand;2026-08-10T14:58:01+02:00;2026-08-10T14:58:01+02:00;;dpa Mecklenburg-Vorpommern;false
4f9b78b0f1f646df7c0a984b2cad6ac8fe0ad4f4bc1d1c235d033fa17738eee1;Neumünsters Oberbürgermeister ist aus SPD ausgetreten;https://www.zeit.de/news/2026-08/10/neumuensters-oberbuergermeister-ist-aus-spd-ausgetreten;Hier finden Sie Informationen zu dem Thema „Sozialdemokratische Partei“. Lesen Sie jetzt „Neumünsters Oberbürgermeister ist aus SPD ausgetreten“.;Sozialdemokratische Partei;News, Sozialdemokratische Partei, Tobias Bergmann, Neumünster, SPD, Instagram;2026-08-10T14:57:56+02:00;2026-08-10T14:57:56+02:00;;dpa Hamburg/Schleswig-Holstein;false
8165b3869303b4b598eb08cac65432d08f85e6dc71f8449ecb50b0275b1ed701;Landwirt gesteht Tötung von Frau - «Tut mir unfassbar leid»;https://www.zeit.de/news/2026-08/10/landwirt-wegen-mordes-an-ehefrau-vor-gericht;Hier finden Sie Informationen zu dem Thema „Prozesse“. Lesen Sie jetzt „Landwirt gesteht Tötung von Frau - «Tut mir unfassbar leid»“.;Prozesse;News, Prozesse, Uelzen, Mord;2026-08-10T14:55:45+02:00;2026-08-10T14:55:45+02:00;;dpa Hamburg/Schleswig-Holstein;false
aad8643ca6543bad7b56b0b803325d8fb7e2ab4ceae4f6bd7a3cd2d3f7feb1a6;Ex-Freund soll Frau getötet haben – Untersuchungshaft;https://www.zeit.de/news/2026-08/10/ex-freund-soll-frau-getoetet-haben-haftpruefung-am-montag;Hier finden Sie Informationen zu dem Thema „Kriminalität“. Lesen Sie jetzt „Ex-Freund soll Frau getötet haben – Untersuchungshaft“.;Kriminalität;News, Kriminalität, Werther, Bielefeld, Polizei, Haftprüfung;2026-08-10T14:54:07+02:00;2026-08-10T14:54:07+02:00;;dpa Nordrhein-Westfalen;false
5dba0bcff4dde114803179bb98b72f07f331c684f640cbb67721dce7f048ea55;FC Augsburg erweitert Geschäftsleitung;https://www.zeit.de/news/2026-08/10/fc-augsburg-erweitert-geschaeftsleitung;Hier finden Sie Informationen zu dem Thema „Fußball-Bundesliga“. Lesen Sie jetzt „FC Augsburg erweitert Geschäftsleitung“.;Fußball-Bundesliga;News, Fußball-Bundesliga, Claudio Dopatka, Pierre Lemmermeyer, Felix Jäckle, FC Augsburg, Fußball-Bundesliga, Geschäftsleitung;2026-08-10T14:51:11+02:00;2026-08-10T14:51:11+02:00;;dpa Bayern;false
dc533264950a008cb29b2e6ca86301a9fd87be4716ad2f068f2689bb92f70035;Linke: Kürzungspläne träfen acht Millionen Menschen;https://www.zeit.de/news/2026-08/10/linke-kuerzungsplaene-traefen-acht-millionen-menschen;Hier finden Sie Informationen zu dem Thema „Sozialleistungen“. Lesen Sie jetzt „Linke: Kürzungspläne träfen acht Millionen Menschen“.;Sozialleistungen;News, Sozialleistungen, Ulrich Schneider, Karin Prien, Kürzungsplan, Sozialleistung, Kindersofortzuschlag, Elterngeld, Pflegeleistung, Unterhaltsvorschluss, Wohngeld, Koalition;2026-08-10T14:49:51+02:00;2026-08-10T14:49:51+02:00;;dpa;false
65ff459ed1301f1b53e6281fe8f072bb607670b401e78f9716597187e9b81035;Bazooka-Rakete und Granate im Rhein: Sprengung geplant;https://www.zeit.de/news/2026-08/10/bazooka-rakete-und-granate-im-rhein-sprengung-geplant;Hier finden Sie Informationen zu dem Thema „Kampfmittelräumdienst“. Lesen Sie jetzt „Bazooka-Rakete und Granate im Rhein: Sprengung geplant“.;Kampfmittelräumdienst;News, Kampfmittelräumdienst, Koblenz, Pfaffendorf, Rhein, Ordnungsamt, Zweiter Weltkrieg, Sprengung, Kampfmittel, Wallersheim;2026-08-10T14:49:15+02:00;2026-08-10T14:49:15+02:00;;dpa Rheinland-Pfalz/Saarland;false
74ccea007d33ef32758ed9859561c46d3cb713786038daf19a18b08622a5aef0;85-Jähriger fährt gegen Wand, Laterne und fünf Autos;https://www.zeit.de/news/2026-08/10/85-jaehriger-faehrt-gegen-wand-laterne-und-fuenf-autos;Hier finden Sie Informationen zu dem Thema „Unfallfahrt in Wunsiedel“. Lesen Sie jetzt „85-Jähriger fährt gegen Wand, Laterne und fünf Autos“.;Unfallfahrt in Wunsiedel;News, Unfallfahrt in Wunsiedel, Wunsiedel, Unfallfahrt, Unfall, Auto;2026-08-10T14:48:00+02:00;2026-08-10T14:48:00+02:00;;dpa Bayern;false
53a54d73e8621644f4abf628d2e5b13ad4211421093c2e1439db7f4489640ee3;Tod nach Festnahme: Obduktionsergebnis steht noch aus;https://www.zeit.de/news/2026-08/10/tod-nach-festnahme-obduktionsergebnis-steht-noch-aus;Hier finden Sie Informationen zu dem Thema „Todesermittlungen“. Lesen Sie jetzt „Tod nach Festnahme: Obduktionsergebnis steht noch aus“.;Todesermittlungen;News, Todesermittlungen, München, Staatsanwaltschaft München, Polizei, Staatsanwaltschaft, Obduktionsergebnis, Todesermittlung, Festnahme;2026-08-10T14:44:14+02:00;2026-08-10T14:44:14+02:00;;dpa Bayern;false
769f75f621b841f2806bf31d1d148e76434e8ff78c72e53126b11d0863117fde;Immer mehr E-Scooter - aber weniger Leihgeräte;https://www.zeit.de/news/2026-08/10/immer-mehr-e-scooter-aber-weniger-leihgeraete;Hier finden Sie Informationen zu dem Thema „Mobilität“. Lesen Sie jetzt „Immer mehr E-Scooter - aber weniger Leihgeräte“.;Mobilität;News, Mobilität, Anja Käfer-Rohrbach, Leihgerät, Versicherungsverband, E-Scooter;2026-08-10T14:41:11+02:00;2026-08-10T14:41:11+02:00;;dpa;false
6e6d634da17f5855fe8ecdbbbec12a8c2cc77ee9d97e1445c5e5cd6d02886839;Mann wegen Kindesmissbrauchs via Internet zu Haft verurteilt;https://www.zeit.de/news/2026-08/10/mann-wegen-kindesmissbrauchs-via-internet-zu-haft-verurteilt;Hier finden Sie Informationen zu dem Thema „Opfer auf den Philippinen“. Lesen Sie jetzt „Mann wegen Kindesmissbrauchs via Internet zu Haft verurteilt“.;Opfer auf den Philippinen;News, Opfer auf den Philippinen, Philippinen, Bamberg, WhatsApp, Kindesmissbrauch;2026-08-10T14:39:21+02:00;2026-08-10T14:39:21+02:00;;dpa Bayern;false
0b2ce7bd1eeec05aa418eb9dd9adf4137c4ec3de7e029e7a30a58448b6e26412;Was über die Sprengstoffdrohne am Flughafen Leipzig/Halle bekannt ist;https://www.zeit.de/politik/2026-08/leipziger-flughafen-drohne-anschlag;Zum versuchten Drohnenanschlag in Leipzig liefern Aufnahmen und DNA-Spuren neue Erkenntnisse. Laut US-Medien verdichten sich die Hinweise, wer dahinterstehen könnte. ;Flughafen Leipzig/Halle;Politik, Flughafen Leipzig/Halle, Leipzig, Russland, DHL, Drohne, Flughafen;2026-08-10T14:38:49+02:00;2026-08-10T14:38:49+02:00;Bernard  DarkoAnne HähnigWas die Aufnahmen zeigenWas über die Drohne und das Flugzeug bekannt istWas nach dem Fund der Sprengstoffdrohne geschahWas noch nicht gesichert ist;;false
193f92c3bca5e837b54bcf126bdb60c362d7eb7a682c187e799942cf134a79de;Filmfestival Locarno: Regisseurin Stever mit Preischancen;https://www.zeit.de/news/2026-08/10/filmfestival-locarno-regisseurin-stever-mit-preischancen;Hier finden Sie Informationen zu dem Thema „Starker Eindruck beim Publikum“. Lesen Sie jetzt „Filmfestival Locarno: Regisseurin Stever mit Preischancen“.;Starker Eindruck beim Publikum;News, Starker Eindruck beim Publikum, Felix Kersten, Locarno, Stever, Internationales Filmfestival von Locarno, Preischance, Wetter, Drama, Krieg in der Ukraine, Kino;2026-08-10T14:36:44+02:00;2026-08-10T14:36:44+02:00;;dpa;false
024c357251416612deb9c45ae0126549dec894d1ffad54abdec04d2434f4471f;Mann verletzt sich bei Sprung in Sylvensteinsee schwer;https://www.zeit.de/news/2026-08/10/mann-verletzt-sich-bei-sprung-in-sylvensteinsee-schwer;Hier finden Sie Informationen zu dem Thema „Brückenspringer“. Lesen Sie jetzt „Mann verletzt sich bei Sprung in Sylvensteinsee schwer“.;Brückenspringer;News, Brückenspringer, Sylvensteinsee, Lenggries;2026-08-10T14:33:57+02:00;2026-08-10T14:33:57+02:00;;dpa Bayern;false
b14567eed5b58bdec694f13e10fde1136cf9e584cd5fd91f267e414c72cdc5d5;Russland-Wahl: Oppositionspartei kämpft gegen Ausschluss;https://www.zeit.de/news/2026-08/10/russlands-liberaler-partei-jabloko-droht-ausschluss-von-wahl;Hier finden Sie Informationen zu dem Thema „Gerichtsprozess“. Lesen Sie jetzt „Russland-Wahl: Oppositionspartei kämpft gegen Ausschluss“.;Gerichtsprozess;News, Gerichtsprozess, Russland, Moskau, Jabloko, Parlamentswahl, Krieg in der Ukraine;2026-08-10T14:33:06+02:00;2026-08-10T14:33:06+02:00;;dpa;false
e248bd00d0d3c0366eec6a4b5c0dea529cfd22e5806434344ce5707a39a6c02e;Brand im Kompostwerk – drei Mitarbeiter verletzt;https://www.zeit.de/news/2026-08/10/brand-im-kompostwerk-drei-menschen-verletzt;Hier finden Sie Informationen zu dem Thema „Feuer unter Kontrolle“. Lesen Sie jetzt „Brand im Kompostwerk – drei Mitarbeiter verletzt“.;Feuer unter Kontrolle;News, Feuer unter Kontrolle, Heidelberg, Kompostwerk;2026-08-10T14:32:35+02:00;2026-08-10T14:32:35+02:00;;dpa Baden-Württemberg;false
1abacacf9d756f8ca46351bdf8096acaf865f60b30285ab305e91f4c8ee7c258;Bundesinnenminister Dobrindt will Drohnenabwehreinheit verdoppeln;https://www.zeit.de/politik/deutschland/2026-08/drohnenabwehr-bundespolizei-alexander-dobrindt-sprengstoff-drohne-flughafen-leipzig-halle-gxe;Alexander Dobrindt möchte die Drohnenabwehr der Bundespolizei auf 300 Kräfte vergrößern. Hintergrund ist der mutmaßliche Anschlagsversuch am Flughafen Leipzig/Halle.;Bundespolizei;Politik, Bundespolizei, Alexander Dobrindt, Daniel Günther, Bundespolizei, CSU, Drohnenabwehr, Drohne;2026-08-10T14:31:09+02:00;2026-08-10T14:31:09+02:00;tlf;DIE ZEIT,        dpa,        Reuters,        AFP,        							tlf;false
8257cb3415f1c6bc9d96065fddbcc647334e04e601a4f87b0f3a4281c23811de;Werder startet in zweites Trainingscamp - Schmid vor Wechsel;https://www.zeit.de/news/2026-08/10/werder-startet-in-zweites-trainingscamp-schmid-vor-wechsel;Hier finden Sie Informationen zu dem Thema „Fußball-Bundesliga“. Lesen Sie jetzt „Werder startet in zweites Trainingscamp - Schmid vor Wechsel“.;Fußball-Bundesliga;News, Fußball-Bundesliga, Romano Schmid, Frosinone, Österreich, Ostwestfalen, SV Werder Bremen, Fußball-Bundesliga, Trainingscamp, Trainingslager;2026-08-10T14:28:54+02:00;2026-08-10T14:28:54+02:00;;dpa Niedersachsen;false
ae6526c8b3c5de06ade41c734700e20b086c7cb3183f046d3776922346db1821;Siegmund lehnt BSW-Vorschlag zu wechselnden Mehrheiten ab;https://www.zeit.de/news/2026-08/10/siegmund-lehnt-bsw-vorschlag-zu-wechselnden-mehrheiten-ab;Hier finden Sie Informationen zu dem Thema „Landtagswahl Sachsen-Anhalt“. Lesen Sie jetzt „Siegmund lehnt BSW-Vorschlag zu wechselnden Mehrheiten ab“.;Landtagswahl Sachsen-Anhalt;News, Landtagswahl Sachsen-Anhalt, Ulrich Siegmund, Sachsen-Anhalt, Bündnis Sahra Wagenknecht, Alternative für Deutschland, Landtagswahl, Wahlkampf;2026-08-10T14:26:01+02:00;2026-08-10T14:26:01+02:00;;dpa Sachsen;false
e3df4388662d7a7ca647d47d3533c9ad7db3dec6c25f4193d13c55944babcd53;DNA auf Drohne am Leipziger Flughafen gefunden;https://www.zeit.de/politik/2026-08/dna-auf-drohne-am-leipziger-flughafen-gefunden;Die Ermittler am Leipziger Flughafen sind einen Schritt weiter: Auf der Drohne sind DNA-Spuren gefunden worden, die bereits in Litauen registriert worden sind.;Hybride Kriegsführung;Politik, Hybride Kriegsführung, Flughafen, Leipzig, Litauen, DHL, Drohne;2026-08-10T14:21:03+02:00;2026-08-10T14:21:03+02:00;Sophia ReddigAnne Hähnig;;false
7e9edc3938881b46a7b579738e456e4018b24aa2432947ec2dc0e2ca64c4685d;Mehr Übergriffe auf Bahn-Personal in Regionalzügen;https://www.zeit.de/news/2026-08/10/mehr-uebergriffe-auf-bahn-personal-in-regionalzuegen;Hier finden Sie Informationen zu dem Thema „Sicherheit“. Lesen Sie jetzt „Mehr Übergriffe auf Bahn-Personal in Regionalzügen“.;Sicherheit;News, Sicherheit, DB, Deutsche Bahn, Übergriff, Konzernangabe, Regionalverkehr, Sicherheit, Körperverletzung;2026-08-10T14:19:47+02:00;2026-08-10T14:19:47+02:00;;dpa;false
6e87b76103c09cd6eeb0e67845183898d2da1c6702fb997c487968b064da2910;Schnieder: Bin frisch eingeschult als Chef des Landes;https://www.zeit.de/news/2026-08/10/schnieder-bin-frisch-eingeschult-als-chef-des-landes;Hier finden Sie Informationen zu dem Thema „Schule“. Lesen Sie jetzt „Schnieder: Bin frisch eingeschult als Chef des Landes“.;Schule;News, Schule, Gordon Schnieder, Mainz, Rheinland-Pfalz, CDU, Reisen, Ferienjob, Sommerferien, Erstklässler, Familie;2026-08-10T14:15:22+02:00;2026-08-10T14:15:22+02:00;;dpa Rheinland-Pfalz/Saarland;false
80f129cd28c755eb601a453ac31668719b60df96fed54bd129e59d87b1fb0593;Spielautomat zeigt Jackpot – war es nur ein Softwarefehler?;https://www.zeit.de/news/2026-08/10/spielautomat-zeigt-jackpot-war-es-nur-ein-softwarefehler;Hier finden Sie Informationen zu dem Thema „Streit um Gewinn“. Lesen Sie jetzt „Spielautomat zeigt Jackpot – war es nur ein Softwarefehler?“.;Streit um Gewinn;News, Streit um Gewinn, Frankfurt, Bad Homburg, Jackpot, Softwarefehler, Spielbank, Spielautomat, Automat;2026-08-10T14:15:12+02:00;2026-08-10T14:15:12+02:00;;dpa Hessen;false
e8394a2d6377a18fef53b36a1302194f7ba91a6704f198115032dd00e0c8624f;Nach Absturz eines Kleinflugzeuges - Toter identifiziert;https://www.zeit.de/news/2026-08/10/nach-absturz-eines-kleinflugzeuges-toter-identifiziert;Hier finden Sie Informationen zu dem Thema „Flugunglück“. Lesen Sie jetzt „Nach Absturz eines Kleinflugzeuges - Toter identifiziert“.;Flugunglück;News, Flugunglück, Hamburg, Kreis Pinneberg, Kleinflugzeug, Absturz, Flugunglück;2026-08-10T14:14:06+02:00;2026-08-10T14:14:06+02:00;;dpa Hamburg/Schleswig-Holstein;false
e6d8d94ae4c10e49bd2b96a11a896c56dde40ffedee4eb583199b8b6a1afc430;Ex-BND-Chef Kahl erneut als Zeuge im Spionage-Prozess;https://www.zeit.de/news/2026-08/10/ex-bnd-chef-kahl-erneut-als-zeuge-im-spionage-prozess;Hier finden Sie Informationen zu dem Thema „Spionage-Prozess“. Lesen Sie jetzt „Ex-BND-Chef Kahl erneut als Zeuge im Spionage-Prozess“.;Spionage-Prozess;News, Spionage-Prozess, Bruno Kahl, Rom, BND, Spionage, Vatikan;2026-08-10T14:11:21+02:00;2026-08-10T14:11:21+02:00;;dpa Berlin/Brandenburg;false
8d587a10259507bded0da20f64c82fe9e53fb087f783616dfa0125f696489bce;Electrisize-Festival mit Besucherrekord beendet;https://www.zeit.de/news/2026-08/10/electrisize-festival-mit-besucherrekord-beendet;Hier finden Sie Informationen zu dem Thema „Festival in Erkelenz“. Lesen Sie jetzt „Electrisize-Festival mit Besucherrekord beendet“.;Festival in Erkelenz;News, Festival in Erkelenz, Erkelenz, Niederrhein, Aachen, Besucherrekord;2026-08-10T14:08:59+02:00;2026-08-10T14:08:59+02:00;;dpa Nordrhein-Westfalen;false
48dc454d0ef11efd0c1a98ddc269e9279ce99160d58cec600dda23af0ef60a36;Hirscheber im Tierpark Berlin geboren;https://www.zeit.de/news/2026-08/10/hirscheber-im-tierpark-berlin-geboren;Hier finden Sie Informationen zu dem Thema „Seltene Art“. Lesen Sie jetzt „Hirscheber im Tierpark Berlin geboren“.;Seltene Art;News, Seltene Art, Tierpark Berlin, Hirscheber, Tierpark;2026-08-10T14:05:23+02:00;2026-08-10T14:05:23+02:00;;dpa Berlin/Brandenburg;false
4211cc467c4c90be27b3bc8208b289f45cca7f07bd6aa1e1413f4a205aa725e2;Rauchwolke über Stuttgart: Brandort zu heiß für Ermittlungen;https://www.zeit.de/news/2026-08/10/raetselraten-nach-feuer-mit-grosser-rauchwolke;Hier finden Sie Informationen zu dem Thema „Feuerwehreinsatz“. Lesen Sie jetzt „Rauchwolke über Stuttgart: Brandort zu heiß für Ermittlungen“.;Feuerwehreinsatz;News, Feuerwehreinsatz, Neuhausen auf den Fildern, Stuttgart, Esslingen, Polizei, Rätselraten, Rauchwolke, Feuerwehreinsatz, Lebensmittel, Discounter;2026-08-10T14:04:02+02:00;2026-08-10T14:04:02+02:00;;dpa Baden-Württemberg;false
c5ef6b17bacbfb7232c3073960f371390be87489a8b932bbf1e2359f91714051;Lange Haftstrafe für Mord an Gerichtsvollzieher gefordert;https://www.zeit.de/news/2026-08/10/lange-haftstrafe-fuer-mord-an-gerichtsvollzieher-gefordert;Hier finden Sie Informationen zu dem Thema „Bei Wohnungsräumung erstochen“. Lesen Sie jetzt „Lange Haftstrafe für Mord an Gerichtsvollzieher gefordert“.;Bei Wohnungsräumung erstochen;News, Bei Wohnungsräumung erstochen, Bexbach, Staatsanwaltschaft, Mord, Haftstrafe, Wohnungsräumung;2026-08-10T13:58:54+02:00;2026-08-10T13:58:54+02:00;;dpa Rheinland-Pfalz/Saarland;false
3e00e05a53a59cc885abe04408536293dbb119b5fb64cfac66f294652c19018e;Mindestlohn-Betrug: DGB berechnet 64 Milliarden Euro Schaden;https://www.zeit.de/news/2026-08/10/mindestlohn-betrug-dgb-berechnet-64-milliarden-euro-schaden;Hier finden Sie Informationen zu dem Thema „Binnen zehn Jahren“. Lesen Sie jetzt „Mindestlohn-Betrug: DGB berechnet 64 Milliarden Euro Schaden“.;Binnen zehn Jahren;News, Binnen zehn Jahren, DGB, Deutsche Presse-Agentur, Bundesvereinigung der Deutschen Arbeitgeberverbände, Sozialkasse, Umgehung, Fiskus, Mindestlohn;2026-08-10T13:57:07+02:00;2026-08-10T13:57:07+02:00;;dpa;false
5737e687912c6d3825d7393b448480257fef6cd64ba525632e29de97118ce453;Bäckertradition zum Schulanfang: Einblicke in die Backstube;https://www.zeit.de/news/2026-08/10/baeckertradition-zum-schulanfang-einblicke-in-die-backstube;Hier finden Sie Informationen zu dem Thema „Erstklässler“. Lesen Sie jetzt „Bäckertradition zum Schulanfang: Einblicke in die Backstube“.;Erstklässler;News, Erstklässler, Udo Becker, Hochtaunuskreis, Eschbach, Bäckertradition, Backstube, Brezel, Einblick, Schulanfang, Erstklässler, Bäckerei;2026-08-10T13:54:26+02:00;2026-08-10T13:54:26+02:00;;dpa Hessen;false
f50a951adc3c5fccfad2c2f615acc5be52cae341acd3d7f8d1f2b028ae7e9ebe;Brennender Lastwagen auf A45 - Vollsperrung dauert an;https://www.zeit.de/news/2026-08/10/brennender-lastwagen-auf-a45-vollsperrung-dauert-an;Hier finden Sie Informationen zu dem Thema „Autobahnsperrung“. Lesen Sie jetzt „Brennender Lastwagen auf A45 - Vollsperrung dauert an“.;Autobahnsperrung;News, Autobahnsperrung, Vollsperrung, Autobahn;2026-08-10T13:53:03+02:00;2026-08-10T13:53:03+02:00;;dpa Bayern;false
321016dbc50dc783e47ccf7c3ad5ad1e29723fc29994ed090c0c6e8baf657a7f;Kultursenat kritisiert Haushaltsentwurf: «fatales Signal»;https://www.zeit.de/news/2026-08/10/kultursenat-kritisiert-haushaltsentwurf-fatales-signal;Hier finden Sie Informationen zu dem Thema „Finanzen“. Lesen Sie jetzt „Kultursenat kritisiert Haushaltsentwurf: «fatales Signal»“.;Finanzen;News, Finanzen, Dresden, Sachsen, Kultursenat, Haushaltsentwurf, Finanzen, Doppelhaushalt, Mittelkürzung, Regierungsentwurf;2026-08-10T13:52:12+02:00;2026-08-10T13:52:12+02:00;;dpa Sachsen;false
d4a40707368c25e2c0702b131a7e8458e45671e392dc3a7c5ff97c0ac5015cb0;Mehr Lkw auf Autobahnen nach Fahrverbot-Lockerung;https://www.zeit.de/news/2026-08/10/mehr-lkw-auf-autobahnen-nach-fahrverbot-lockerung;Hier finden Sie Informationen zu dem Thema „Binnenschifffahrt“. Lesen Sie jetzt „Mehr Lkw auf Autobahnen nach Fahrverbot-Lockerung“.;Binnenschifffahrt;News, Binnenschifffahrt, Oliver Krischer, Rhein, Nordrhein-Westfalen, Düsseldorf, Verkehrsministerium, Binnenschifffahrt, Autobahn;2026-08-10T13:51:07+02:00;2026-08-10T13:51:07+02:00;;dpa Nordrhein-Westfalen;false
f7381a34488f6f578dc2f7388bacab617164a94b3a2366d58cbe6f500384917f;Niedrigwasser: Weitere Elbfähre stellt Betrieb ein;https://www.zeit.de/news/2026-08/10/niedrigwasser-weitere-elbfaehre-stellt-betrieb-ein;Hier finden Sie Informationen zu dem Thema „Niedrigwasser“. Lesen Sie jetzt „Niedrigwasser: Weitere Elbfähre stellt Betrieb ein“.;Niedrigwasser;News, Niedrigwasser, Elbe, Bleckede, Neu-Bleckede, Lüneburg, Niedersachsen, Niedrigwasser, Elbfähre, Frachtschiff;2026-08-10T13:48:31+02:00;2026-08-10T13:48:31+02:00;;dpa Mecklenburg-Vorpommern;false
e843f0a4e371d0f06d05f55c9ec027da4970d8eb311198ecc78a30b5758b8c81;Jugendanteil an Bevölkerung bleibt gering – gerade im Osten;https://www.zeit.de/news/2026-08/10/jugendanteil-an-bevoelkerung-bleibt-gering-gerade-im-osten;Hier finden Sie Informationen zu dem Thema „Demografie“. Lesen Sie jetzt „Jugendanteil an Bevölkerung bleibt gering – gerade im Osten“.;Demografie;News, Demografie, Ostdeutschland, Brandenburg, Mecklenburg-Vorpommern, Sachsen-Anhalt, Statistisches Bundesamt, Jugendanteil, Demografie;2026-08-10T13:48:03+02:00;2026-08-10T13:48:03+02:00;;dpa;false
7779a28c7f19bf388c3b196551235abfa569dda443ce3ecef45149005eadf11d;Mit Musiala und Saibari: FC Bayern setzt Vorbereitung fort;https://www.zeit.de/news/2026-08/10/mit-musiala-und-saibari-fc-bayern-setzt-vorbereitung-fort;Hier finden Sie Informationen zu dem Thema „Fußball-Bundesliga“. Lesen Sie jetzt „Mit Musiala und Saibari: FC Bayern setzt Vorbereitung fort“.;Fußball-Bundesliga;News, Fußball-Bundesliga, Jamal Musiala, Lennart Karl, Alphonso Davies, Serge Gnabry, Hongkong, Asien, Südkorea, FC Bayern München, Fußball-Bundesliga, Supercup;2026-08-10T13:47:47+02:00;2026-08-10T13:47:47+02:00;;dpa Bayern;false
34496ae95eedbf1c0e9c0576168ec9bbe8a3b897cd894f861549217e84edc989;Wecker klingeln früher - Schulstart mit Ersatzbussen;https://www.zeit.de/news/2026-08/10/wecker-klingeln-frueher-schulstart-mit-ersatzbussen;Hier finden Sie Informationen zu dem Thema „Ferienende“. Lesen Sie jetzt „Wecker klingeln früher - Schulstart mit Ersatzbussen“.;Ferienende;News, Ferienende, Wiesbaden, Eltville, Troisdorf, Nordrhein-Westfalen, Rhein, Deutsche Bahn, Ersatzbus, Schulstart, Ferienende, Bushaltestelle;2026-08-10T13:36:43+02:00;2026-08-10T13:36:43+02:00;;dpa Hessen;false
edde196a513958bf740becf273f4c605237174ce0b9e148b7fc8971a2131fcdf;Bootsverleiher im Oberspreewald: Können Fließe befahren;https://www.zeit.de/news/2026-08/10/bootsverleiher-im-oberspreewald-koennen-fliesse-befahren;Hier finden Sie Informationen zu dem Thema „Bootstouren“. Lesen Sie jetzt „Bootsverleiher im Oberspreewald: Können Fließe befahren“.;Bootstouren;News, Bootstouren, Oberspreewald, Spreewald, Bootstour, Niedrigwasser, Bootsverleih;2026-08-10T13:36:21+02:00;2026-08-10T13:36:21+02:00;;dpa Berlin/Brandenburg;false
28a790bc6a56ee1bbfa625a24968001a12bd5245a48cc287f5234afb5bdb504d;Sollte sich Deutschland noch auf die USA verlassen?;https://www.zeit.de/politik/deutschland/2026-08/deutschland-usa-verlaesslichkeit-transatlantische-beziehungen-deutschland-spricht;Auf Donald Trump wären wir lieber nicht angewiesen. Aber wir sind es, nicht nur militärisch. Was geschehen müsste, damit sich das ändert. ;"Z+ (abopflichtiger Inhalt);
        
    Deutschland und die USA";Politik, Deutschland und die USA , Deutschland spricht, Donald Trump, USA, Nato, Europa, EU, Militär;2026-08-10T13:33:16+02:00;2026-08-10T13:33:16+02:00;Heinrich Wefing;;false
a6347444ff70d945924024217888194885e29aa7470322494a022d20f40a6033;Wegen Dobby: Harry-Potter-Fans werfen Stromprojekt-Pläne um;https://www.zeit.de/news/2026-08/10/wegen-dobby-harry-potter-fans-werfen-stromprojekt-plaene-um;Hier finden Sie Informationen zu dem Thema „Beliebte Filmreihe“. Lesen Sie jetzt „Wegen Dobby: Harry-Potter-Fans werfen Stromprojekt-Pläne um“.;Beliebte Filmreihe;News, Beliebte Filmreihe, Simon Ludlam, Großbritannien, Irland, Wexford, Freshwater, BBC, Filmreihe, Stromverbindung, Kino, Gedenkstätte;2026-08-10T13:33:05+02:00;2026-08-10T13:33:05+02:00;;dpa;false
5967fce33d6a45d5f4fb4b536750e86d4e1bf605893fdf14fb2cbc4afdd06f1d;SPD-Gruppe fordert Sonderparteitag zur Wahl einer neuen Parteispitze;https://www.zeit.de/politik/deutschland/2026-08/spd-gruppe-parteitag-wahl-parteispitze-baerbel-bas-lars-klingbeil;Noch in diesem Jahr brauche es einen Wechsel an der Parteispitze, sagen die Vorsitzenden einer SPD-Arbeitsgemeinschaft. Die jetzige Führung sei gescheitert.;SPD-Parteitag;Politik, SPD-Parteitag, Bärbel Bas, Lars Klingbeil, SPD, SPD-Parteitag, Sonderparteitag, Parteitag;2026-08-10T13:32:34+02:00;2026-08-10T13:32:34+02:00;voi;DIE ZEIT,        dpa,        							voi;false
ad11c3c9ba568f55f1082af6bd526ca3d403121359853bbcc02f65e3687a553b;Sachsen hält am Lkw-Fahrverbot trotz Niedrigwasser fest;https://www.zeit.de/news/2026-08/10/sachsen-haelt-am-lkw-fahrverbot-trotz-niedrigwasser-fest;Hier finden Sie Informationen zu dem Thema „Folgen des Niedrigwassers“. Lesen Sie jetzt „Sachsen hält am Lkw-Fahrverbot trotz Niedrigwasser fest“.;Folgen des Niedrigwassers;News, Folgen des Niedrigwassers, Saarland, Oberelbe, Nordrhein-Westfalen, Niedersachsen, Rheinland-Pfalz, Niedrigwasser, Feiertagsfahrverbot;2026-08-10T13:30:04+02:00;2026-08-10T13:30:04+02:00;;dpa Sachsen;false
1210b488c64b7a1d5cb64563190755b586c8912fb5f966175f1b77cd97797f33;Skorpion in Goslar entdeckt;https://www.zeit.de/news/2026-08/10/skorpion-in-goslar-entdeckt;Hier finden Sie Informationen zu dem Thema „Herkunft unbekannt“. Lesen Sie jetzt „Skorpion in Goslar entdeckt“.;Herkunft unbekannt;News, Herkunft unbekannt, Goslar, Skorpion, Tiere;2026-08-10T13:26:29+02:00;2026-08-10T13:26:29+02:00;;dpa Niedersachsen;false
dda0b3521d02d6d9eb0b1aff83619bc8b2a3f64b859f691eb3a5da768d317364;Union Berlin beim Pflichtspiel-Auftakt wohl ohne Quartett;https://www.zeit.de/news/2026-08/10/union-berlin-beim-pflichtspiel-auftakt-wohl-ohne-quartett;Hier finden Sie Informationen zu dem Thema „Fußball“. Lesen Sie jetzt „Union Berlin beim Pflichtspiel-Auftakt wohl ohne Quartett“.;Fußball;News, Fußball, Frederik Rönnow, Andrej Ilic, Oliver Burke, Mauro Lustrinelli, Berlin, Raab, Limassol, Braunschweig, 1. FC Union Berlin, Eintracht Braunschweig;2026-08-10T13:25:00+02:00;2026-08-10T13:25:00+02:00;;dpa Berlin/Brandenburg;false
76ec1c77ed5964e550a4e8acd4bfe156f446ce4bc9145db5b6a7a6ea5ea47cf7;Bauern fordern mehr und schnellere Hilfen im Klimawandel;https://www.zeit.de/news/2026-08/10/bauern-fordern-mehr-und-schnellere-hilfen-im-klimawandel;Hier finden Sie Informationen zu dem Thema „Forderungen an Politik“. Lesen Sie jetzt „Bauern fordern mehr und schnellere Hilfen im Klimawandel“.;Forderungen an Politik;News, Forderungen an Politik, Stefanie Sabet, Deutscher Bauernverband, Bundesregierung, Klimawandel, Trockenheit, Hitzewelle, Instrumentenkasten;2026-08-10T13:20:25+02:00;2026-08-10T13:20:25+02:00;;dpa;false
1b3a78e92d7f498bae6a63b764635e697abc831ee81e92b196282c5af193cdce;Fahrrad-Gruppe stellt Insolvenzantrag;https://www.zeit.de/news/2026-08/10/fahrrad-gruppe-stellt-insolvenzantrag;Hier finden Sie Informationen zu dem Thema „Insolvenz bei Fahrradbauer“. Lesen Sie jetzt „Fahrrad-Gruppe stellt Insolvenzantrag“.;Insolvenz bei Fahrradbauer;News, Insolvenz bei Fahrradbauer, Engelbert Wiener, Stefan Debus, Bayern, Schweinfurt, Amtsgericht, Accell, Accell Group, Insolvenzantrag, Fahrradfirma, Eigenverwaltung;2026-08-10T13:15:13+02:00;2026-08-10T13:15:13+02:00;;dpa;false
4142534385f12a0e57d1a0692339c691ae8a910f8fd1ba088d6691f4032e0cbb;Auto stürzt 40 Meter tief – Feuerwehr rettet Schwerverletzte;https://www.zeit.de/news/2026-08/10/auto-stuerzt-40-meter-tief-feuerwehr-rettet-schwerverletzte;Hier finden Sie Informationen zu dem Thema „Autounfall“. Lesen Sie jetzt „Auto stürzt 40 Meter tief – Feuerwehr rettet Schwerverletzte“.;Autounfall;News, Autounfall, Schömberg, Unterreichenbach, Landkreis Calw, Feuerwehr, Autounfall, Kreisfeuerwehrverband, Absturz, Auto;2026-08-10T13:14:53+02:00;2026-08-10T13:14:53+02:00;;dpa Baden-Württemberg;false
cb167111a9ca1ac0a92a3a7a3bf63ff88748b8fea96f406ba997535a6278f5a4;Deutlich mehr Kinder sterben im Straßenverkehr;https://www.zeit.de/news/2026-08/10/mehr-kinder-im-strassenverkehr-verunglueckt;Hier finden Sie Informationen zu dem Thema „Kinder und Verkehr“. Lesen Sie jetzt „Deutlich mehr Kinder sterben im Straßenverkehr“.;Kinder und Verkehr;News, Kinder und Verkehr, Statistisches Bundesamt, Straßenverkehr, Verkehr;2026-08-10T13:13:22+02:00;2026-08-10T13:13:22+02:00;;dpa;false
a0b5c0e6d36b5ff4197465ed10ce26b067dba40cfbcb9ab2f13b0b2d23369803;Schwarzpulver-Explosion in Wohnhaus: Acht Verletzte;https://www.zeit.de/news/2026-08/10/schwarzpulver-explosion-in-wohnhaus-acht-verletzte;Hier finden Sie Informationen zu dem Thema „Hintergründe unklar“. Lesen Sie jetzt „Schwarzpulver-Explosion in Wohnhaus: Acht Verletzte“.;Hintergründe unklar;News, Hintergründe unklar, Sauerland, Feuerwehr, Explosion, Böllerclub, Schwarzpulver, Hintergrund;2026-08-10T13:12:43+02:00;2026-08-10T13:12:43+02:00;;dpa Nordrhein-Westfalen;false
2f578012e4ac357dd30e72595f81a559ca7586e89dfeddfeddf10251c327a1b6;Erste Lufthansa-Maschine mit Starlink-Wifi hebt ab;https://www.zeit.de/mobilitaet/2026-08/lufthansa-starlink-internet-flugzeug-spacex-elon-musk;Die Lufthansa will ihre gesamte Flotte mit Satelliteninternet von Elon Musks Unternehmen Starlink ausstatten. Die erste aufgerüstete Maschine soll diese Woche abheben.;Flugverkehr;Mobilitaet, Flugverkehr, Deutsche Lufthansa, Elon Musk, Internet, Flugzeug, SpaceX;2026-08-10T13:12:09+02:00;2026-08-10T13:12:09+02:00;tlf;DIE ZEIT,        dpa,        							tlf;false
29347e546056537edb8c353c05f1a4f82981c6d3d018c2beeeab57836d82daf2;17-Jähriger wegen mutmaßlichen Mords an Freundin angeklagt;https://www.zeit.de/news/2026-08/10/17-jaehriger-wegen-mutmasslichen-mords-an-freundin-angeklagt;Hier finden Sie Informationen zu dem Thema „Jugendkammer“. Lesen Sie jetzt „17-Jähriger wegen mutmaßlichen Mords an Freundin angeklagt“.;Jugendkammer;News, Jugendkammer, Mannheim, Staatsanwaltschaft, Mord, Asthieb, Faustschlag;2026-08-10T13:11:41+02:00;2026-08-10T13:11:41+02:00;;dpa Baden-Württemberg;false
987055e2cde58502292b85d0c53eeb58c1d5bf51c3a34d09a15d63525ee324d9;Münchner Torjäger Kane erhält «Goldenen Schuh»;https://www.zeit.de/news/2026-08/10/muenchner-torjaeger-kane-erhaelt-goldenen-schuh;Hier finden Sie Informationen zu dem Thema „Fußball-Bundesliga“. Lesen Sie jetzt „Münchner Torjäger Kane erhält «Goldenen Schuh»“.;Fußball-Bundesliga;News, Fußball-Bundesliga, Harry Kane, Kylian Mbappé, Europa, München, FC Bayern München, Goldener Schuh, Fußball-Bundesliga, Bundesliga;2026-08-10T13:09:20+02:00;2026-08-10T13:09:20+02:00;;dpa Bayern;false
f07b58691a924ef60e0c150aac8b1dec3ba68c4cd4f1a6f3bd7cfec577bed2bd;«Avocado-Hand»-Fälle steigen – Mehr Frauen betroffen;https://www.zeit.de/news/2026-08/10/avocado-hand-faelle-steigen-mehr-frauen-betroffen;Hier finden Sie Informationen zu dem Thema „Notaufnahmedaten“. Lesen Sie jetzt „«Avocado-Hand»-Fälle steigen – Mehr Frauen betroffen“.;Notaufnahmedaten;News, Notaufnahmedaten, Norddeutschland, Schleswig-Holstein, Lübeck, Kiel, Notaufnahmedaten, Schnittverletzung, Klinikum, Avocado;2026-08-10T13:05:59+02:00;2026-08-10T13:05:59+02:00;;dpa;false
7099ec25768cfbe1f4de98e09fdaccee3e01761f69e0b5d99a1594d931e3738d;38-Jähriger mit Messer schwer verletzt;https://www.zeit.de/news/2026-08/10/38-jaehriger-mit-messer-schwer-verletzt;Hier finden Sie Informationen zu dem Thema „Kriminalität“. Lesen Sie jetzt „38-Jähriger mit Messer schwer verletzt“.;Kriminalität;News, Kriminalität, Berlin-Neukölln, Polizei;2026-08-10T13:05:56+02:00;2026-08-10T13:05:56+02:00;;dpa Berlin/Brandenburg;false
cbe029714361acd1fef7b1dc1417b0d44b820c744e46b3b5f61635ccb5abc199;Hochhauswohnung für Flüchtlinge kostet 8.500 Euro pro Monat;https://www.zeit.de/news/2026-08/10/hochhauswohnung-fuer-fluechtlinge-kostet-8-500-euro-pro-monat;Hier finden Sie Informationen zu dem Thema „Öffentliche Unterbringung“. Lesen Sie jetzt „Hochhauswohnung für Flüchtlinge kostet 8.500 Euro pro Monat“.;Öffentliche Unterbringung;News, Öffentliche Unterbringung, Hamburg, CDU, Hochhauswohnung, Unterbringung, Flüchtlinge;2026-08-10T13:01:40+02:00;2026-08-10T13:01:40+02:00;;dpa Hamburg/Schleswig-Holstein;false
2633f0a44d3d2dcf732055beda1835c0e9c5e561e8de82f7555152dc039fc63d;Anteil junger Menschen in Deutschland auf historischem Tief;https://www.zeit.de/gesellschaft/zeitgeschehen/2026-08/jugendliche-15-24-deutschland-ost-eu-anteil;In den 1980er-Jahren war jede sechste Person zwischen 15 und 24 Jahre alt. Seitdem gibt es immer weniger junge Menschen. In Ostdeutschland ist der Trend besonders stark.;Demografie;Gesellschaft, Demografie, Jugendliche, Ostdeutschland, Statistisches Bundesamt, Europäische Union, Statistik;2026-08-10T12:57:36+02:00;2026-08-10T12:57:36+02:00;edd;DIE ZEIT,        Reuters,        							edd;false
1771830be820bdc5aad03b7dea6d1490ea70549802d57cb2202d3cb150bcf04b;Hitze pausiert in Niedersachsen nur kurz;https://www.zeit.de/news/2026-08/10/sonne-und-wolken-zum-wochenstart-in-niedersachsen-und-bremen;Hier finden Sie Informationen zu dem Thema „Wetter“. Lesen Sie jetzt „Hitze pausiert in Niedersachsen nur kurz“.;Wetter;News, Wetter, Göttingen, Niedersachsen, Bremen, DWD, Nordhälfte, Wetter;2026-08-10T12:54:32+02:00;2026-08-10T12:54:32+02:00;;dpa Niedersachsen;false
a6910dd80a15e6f24ef7f0ff553c8fcae2db6efde8adfc6829ed9dab097e1da3;Feuer am indonesischen Vulkan Bromo breitet sich aus;https://www.zeit.de/wissenschaft/umwelt/2026-08/waldbrand-indonesien-java-bromo-tengger-semeru-nationalpark-sumatra;Der bei Touristen beliebte Bromo-Nationalpark auf der Insel Java wurde geschlossen. Dort breiten sich Waldbrände aus, die bereits mehr als 700 Hektar Land zerstört haben.;Waldbrände auf Java;Wissenschaft, Waldbrände auf Java, Indonesien, Sumatra, Waldbrand, Vulkan, Nationalpark;2026-08-10T12:51:15+02:00;2026-08-10T12:51:15+02:00;edd;DIE ZEIT,        AP,        dpa,        							edd;false
b56604b207834fb5a4d54fb9a1f2c41f5803e3cb1180d75ed57569cd81a22332;ICE-Panne bei Sommerreise von Verkehrsminister Bilger;https://www.zeit.de/mobilitaet/2026-08/steffen-bilger-bahn-klimaanlage-ice-deutsche-bahn;Auf seiner Sommerreise will sich der neue Bundesverkehrsminister Bilger über den Zustand der Deutschen Bahn informieren. Zum Start fiel die Klimaanlage aus.;Steffen Bilger;Mobilitaet, Steffen Bilger, Deutsche Bahn, Steffen Bilger, Patrick Schnieder, Berlin, Hamburg;2026-08-10T12:47:58+02:00;2026-08-10T12:47:58+02:00;yerhm;DIE ZEIT,        AFP,        							yer					,        							hm;false
84995784126aaf9e9cd0bd00bdf16b86573d28c5cbbbe491cc7ef8d19a7c816a;Misslungenes Drift-Manöver: Drei Verletzte;https://www.zeit.de/news/2026-08/10/misslungenes-drift-manoever-drei-verletzte;Hier finden Sie Informationen zu dem Thema „Fahrer unverletzt“. Lesen Sie jetzt „Misslungenes Drift-Manöver: Drei Verletzte“.;Fahrer unverletzt;News, Fahrer unverletzt, Dassel, Polizei, Schotterfläche;2026-08-10T12:45:34+02:00;2026-08-10T12:45:34+02:00;;dpa Niedersachsen;false
4977065cc1d09fbfacae82995a2c95bc99dbac1972b7ec7930b221b0a793e507;Ifo: Irankrieg trifft ärmere Haushalte und Rentner besonders;https://www.zeit.de/news/2026-08/10/ifo-irankrieg-trifft-aermere-haushalte-und-rentner-besonders;Hier finden Sie Informationen zu dem Thema „Preise“. Lesen Sie jetzt „Ifo: Irankrieg trifft ärmere Haushalte und Rentner besonders“.;Preise;News, Preise, Irankrieg, Haushalt;2026-08-10T12:45:06+02:00;2026-08-10T12:45:06+02:00;;dpa;false
4d34a3e734464a30fbedc70538b956e1b1a194ed34afdbf0585a266339c8bfd4;Hochalpiner Ausflug mit Kinderwägen: 36 Personen gerettet;https://www.zeit.de/news/2026-08/10/hochalpiner-ausflug-mit-kinderwaegen-36-personen-gerettet;Hier finden Sie Informationen zu dem Thema „Mit Kindern unterwegs“. Lesen Sie jetzt „Hochalpiner Ausflug mit Kinderwägen: 36 Personen gerettet“.;Mit Kindern unterwegs;News, Mit Kindern unterwegs, Österreich, Polizei, Kinderwägen, Ausflug, Bergnot, Wandern, Familie, Kleinkinder;2026-08-10T12:40:46+02:00;2026-08-10T12:40:46+02:00;;dpa Bayern;false
b33b3c98aca001801ea423a1a6d4078b9e79df06c1cfa5750899eb24a340ea46;Steuern: Sachsen will Betriebsprüfungen deutlich verkürzen;https://www.zeit.de/news/2026-08/10/steuern-sachsen-will-betriebspruefungen-deutlich-verkuerzen;Hier finden Sie Informationen zu dem Thema „Finanzverwaltung“. Lesen Sie jetzt „Steuern: Sachsen will Betriebsprüfungen deutlich verkürzen“.;Finanzverwaltung;News, Finanzverwaltung, Sachsen, Finanzministerium, Betriebsprüfung, Finanzverwaltung, Steuer, Prüfungsdauer, Steuerverwaltung;2026-08-10T12:39:05+02:00;2026-08-10T12:39:05+02:00;;dpa Sachsen;false
d5f16abe372c59c19b3d448109a736f383d9c374fe48670ac6b2cdb5eda0b590;Steinwurf auf A59 - Verdächtiger in U-Haft;https://www.zeit.de/news/2026-08/10/steinwurf-auf-a59-verdaechtiger-in-u-haft;Hier finden Sie Informationen zu dem Thema „Noch am selben Tag“. Lesen Sie jetzt „Steinwurf auf A59 - Verdächtiger in U-Haft“.;Noch am selben Tag;News, Noch am selben Tag, Duisburg, Polizei, Steinwurf, Auto;2026-08-10T12:38:13+02:00;2026-08-10T12:38:13+02:00;;dpa Nordrhein-Westfalen;false
cd381aff611b092bc4993f5a268e5acd554d5669c86acda410f4627859d7c46c;SPD fordert klares Konzept für Schulen in Schleswig-Holstein;https://www.zeit.de/news/2026-08/10/spd-fordert-klares-konzept-fuer-schulen-in-schleswig-holstein;Hier finden Sie Informationen zu dem Thema „Start des Schuljahrs 26/27“. Lesen Sie jetzt „SPD fordert klares Konzept für Schulen in Schleswig-Holstein“.;Start des Schuljahrs 26/27;News, Start des Schuljahrs 26/27, Martin Habersaat, Schleswig-Holstein, Kiel, SPD, Schuljahr, Schulkonzept;2026-08-10T12:37:25+02:00;2026-08-10T12:37:25+02:00;;dpa Hamburg/Schleswig-Holstein;false
13b4533874c4379af4e01bfaef7dea721df005adcb282d896caaad8433f34ecb;Hohe Waldbrandgefahr nach mehreren Bränden im Land;https://www.zeit.de/news/2026-08/10/hohe-waldbrandgefahr-nach-mehreren-braenden-im-land;Hier finden Sie Informationen zu dem Thema „Trockenheit“. Lesen Sie jetzt „Hohe Waldbrandgefahr nach mehreren Bränden im Land“.;Trockenheit;News, Trockenheit, Harz, Anhalt-Bitterfeld, Wittenberg, Sachsen-Anhalt, Waldbrandgefahr, Feldbrand, Trockenheit, Gefahrenstufe, Wald, Brand;2026-08-10T12:37:00+02:00;2026-08-10T12:37:00+02:00;;dpa Sachsen;false
51628fb5725235368970cdeb61d85a1454c5e75c40861dceb2c2c8bc8e655050;Waldbrand im Landkreis Hildburghausen unter Kontrolle;https://www.zeit.de/news/2026-08/10/waldbrand-im-landkreis-hildburghausen-unter-kontrolle;Hier finden Sie Informationen zu dem Thema „Hohe Waldbrandgefahr im Land“. Lesen Sie jetzt „Waldbrand im Landkreis Hildburghausen unter Kontrolle“.;Hohe Waldbrandgefahr im Land;News, Hohe Waldbrandgefahr im Land, Haina, Landkreis Hildburghausen, Waldbrandgefahr, Löscharbeit, Waldbrand;2026-08-10T12:35:38+02:00;2026-08-10T12:35:38+02:00;;dpa Thüringen;false
9a7af055cfc92ba518d66d0cdf000c924e134162d7d35697dae602b1309fc3a1;Drei Frauen sterben bei Zusammenstoß - Fahrlässige Tötung?;https://www.zeit.de/news/2026-08/09/schwerer-unfall-auf-bundesstrasse-in-mittelfranken;Hier finden Sie Informationen zu dem Thema „Unfälle“. Lesen Sie jetzt „Drei Frauen sterben bei Zusammenstoß - Fahrlässige Tötung?“.;Unfälle;News, Unfälle, Mittelfranken, Unfall, Bundesstraße, Verkehrsunfall, Verkehr;2026-08-10T12:32:22+02:00;2026-08-10T12:32:22+02:00;;dpa Bayern;false
b083321c0dbb40194970dc2611c5a25817c328f7ed6ae18f387f9ff74d2a6dd7;Insa: AfD in Sachsen-Anhalt bei 42 Prozent – BSW legt zu;https://www.zeit.de/news/2026-08/10/insa-afd-in-sachsen-anhalt-bei-42-prozent-bsw-legt-zu;Hier finden Sie Informationen zu dem Thema „Landtagswahl“. Lesen Sie jetzt „Insa: AfD in Sachsen-Anhalt bei 42 Prozent – BSW legt zu“.;Landtagswahl;News, Landtagswahl, Thomas Schulze, Sven Schulze, Sahra Wagenknecht, Ulrich Siegmund, Sachsen-Anhalt, Alternative für Deutschland, Bündnis Sahra Wagenknecht, CDU, SPD, Landtagswahl;2026-08-10T12:32:13+02:00;2026-08-10T12:32:13+02:00;;dpa;false
b86ae08d9356d71bf10ddfe5907968dafe4d467d6df2e9f71bc72b9c69f1a463;Gewerkschaft fordert Hitzeschutz-Ampel für Schulen;https://www.zeit.de/news/2026-08/10/gewerkschaft-fordert-hitzeschutz-ampel-fuer-schulen;Hier finden Sie Informationen zu dem Thema „Vor neuem Schuljahr“. Lesen Sie jetzt „Gewerkschaft fordert Hitzeschutz-Ampel für Schulen“.;Vor neuem Schuljahr;News, Vor neuem Schuljahr, Stefan Störmer, Niedersachsen, GEW, Bildungsgewerkschaft, Schuljahr, Klimakrise, Hitzewelle;2026-08-10T12:29:10+02:00;2026-08-10T12:29:10+02:00;;dpa Niedersachsen;false
fadf84b1a7d119a43b0d9575a1198543623d85ad6b34b6943cc3954727928bc4;Gebt Müttern in der Wissenschaft mehr Hilfskräfte!;https://www.zeit.de/2026/34/wissenschaftlerinnen-karriere-akademische-laufbahn-professur-care-arbeit;Frauen mit Kindern haben weniger Zeit, müssen aber dasselbe leisten. Deshalb sollten sie stärker unterstützt werden.;"Z+ (abopflichtiger Inhalt);
        
    Wissenschaftlerinnen";Bildung, Wissenschaftlerinnen, Mütter, Hochschule, Professor, Forschung, Teilzeitarbeit, Care-Arbeit;2026-08-10T12:17:39+02:00;2026-08-10T12:17:39+02:00;Okka Zimmermann;Aus der        ZEIT Nr. 34/2026;false
431e4847d17c82eec130fd4e588f7f46f96ca7f0c252f1294da05a5204cfb4d2;Falsche Pflegekräfte erbeuten 10.000 Euro teuren Schmuck;https://www.zeit.de/news/2026-08/10/falsche-pflegekraefte-erbeuten-10-000-euro-teuren-schmuck;Hier finden Sie Informationen zu dem Thema „Kriminalität“. Lesen Sie jetzt „Falsche Pflegekräfte erbeuten 10.000 Euro teuren Schmuck“.;Kriminalität;News, Kriminalität, Polizei, Pflegekraft, Schmuck;2026-08-10T12:16:03+02:00;2026-08-10T12:16:03+02:00;;dpa Thüringen;false
b01104a80b55a6e2efe1e1f26daa23d1754e9bb3b88442d213b54b2ce760f74c;Polizei warnt: Starker Rauch bei Hausbrand in Sprendlingen;https://www.zeit.de/news/2026-08/10/polizei-warnt-starker-rauch-bei-hausbrand-in-sprendlingen;Hier finden Sie Informationen zu dem Thema „Brände“. Lesen Sie jetzt „Polizei warnt: Starker Rauch bei Hausbrand in Sprendlingen“.;Brände;News, Brände, Sprendlingen, Polizei, Hausbrand, Rauchentwicklung, Brand;2026-08-10T12:15:51+02:00;2026-08-10T12:15:51+02:00;;dpa Rheinland-Pfalz/Saarland;false
993169da551eef88f5b94c208b37c90af60199c27fb78d590efbac85ff63e6cf;Lottospieler aus dem Saarland gewinnt fast 1,5 Millionen;https://www.zeit.de/news/2026-08/10/lottospieler-aus-dem-saarland-gewinnt-fast-1-5-millionen;Hier finden Sie Informationen zu dem Thema „Glücksspiel“. Lesen Sie jetzt „Lottospieler aus dem Saarland gewinnt fast 1,5 Millionen“.;Glücksspiel;News, Glücksspiel, Saarland, Saarbrücken, Glücksspiel, Samstagsziehung;2026-08-10T12:12:45+02:00;2026-08-10T12:12:45+02:00;;dpa Rheinland-Pfalz/Saarland;false
922c560652ebd8b0feb231dfc64170639e8700afba9da6c6b1918ff251c618f7;Stichflamme bei Grillabend: Zwei Menschen verletzt;https://www.zeit.de/news/2026-08/10/stichflamme-bei-grillabend-zwei-menschen-verletzt;Hier finden Sie Informationen zu dem Thema „Brände“. Lesen Sie jetzt „Stichflamme bei Grillabend: Zwei Menschen verletzt“.;Brände;News, Brände, Voerde, Rhein, Polizei, Grillabend, Rheinufer, Brand;2026-08-10T12:09:27+02:00;2026-08-10T12:09:27+02:00;;dpa Nordrhein-Westfalen;false
a5968ab644481ba38c28af2215bece8308dde58a1dad40b40171cde19e8ea45a;Studie zum Glücksspiel: Mehr Automaten in Gaststätten;https://www.zeit.de/news/2026-08/10/studie-zum-gluecksspiel-mehr-automaten-in-gaststaetten;Hier finden Sie Informationen zu dem Thema „Spielhallen und Co.“. Lesen Sie jetzt „Studie zum Glücksspiel: Mehr Automaten in Gaststätten“.;Spielhallen und Co.;News, Spielhallen und Co., NRW, Nordrhein-Westfalen, Spielhalle, Glücksspiel, Gaststätte, Glücksspielangebot, Landesfachstelle, Pferdewette, Glücksspielsucht, Automat;2026-08-10T12:04:30+02:00;2026-08-10T12:04:30+02:00;;dpa Nordrhein-Westfalen;false
fb46fbec22b774d3a73d7932b1268e2b3bdaa564f7ff48ad881e625a085fb54d;EVP-Chef Weber fordert Einführung von Abschiebezentren in Afrika;https://www.zeit.de/politik/ausland/2026-08/abschiebezentren-afrika-eu-migration-manfred-weber-ceuta-gxe;Manfred Weber will Abschiebezentren außerhalb der EU einführen. Laut dem EVP-Chef darf die Migrationspolitik nicht »vom Willen einzelner Mitgliedstaaten abhängen«.;EU-Migrationspolitik;Politik, EU-Migrationspolitik, Europäische Volkspartei, Manfred Weber, Ceuta, Migration, Afrika, Abschiebung;2026-08-10T12:03:30+02:00;2026-08-10T12:03:30+02:00;manvoi;DIE ZEIT,        dpa,        KNA,        							man					,        							voi;false
c33968384802812a2b9fc8a598b5fbe2ea1d54e854b0ad9241a8cfdc097e94c3;Weniger Touristen in Berlin im ersten Halbjahr;https://www.zeit.de/news/2026-08/10/weniger-touristen-in-berlin-im-ersten-halbjahr;Hier finden Sie Informationen zu dem Thema „Hauptstadt-Tourismus“. Lesen Sie jetzt „Weniger Touristen in Berlin im ersten Halbjahr“.;Hauptstadt-Tourismus;News, Hauptstadt-Tourismus, Berlin, Amt für Statistik Berlin-Brandenburg;2026-08-10T12:03:30+02:00;2026-08-10T12:03:30+02:00;;dpa Berlin/Brandenburg;false
d6bf82a05fe9bee41daa7fc3d0e31956e75f298d53f752274a12903d435fc9f7;Keiner will mehr essen, alle wollen sich nur noch ernähren;https://www.zeit.de/zeit-magazin/wochenmarkt/2026-08/funktionale-snacks-protein-bars-trinkmahlzeiten;»Crunchy-Protein-Riegel«, laborgezüchtete Trinkmahlzeiten – die Industrie sagt: Iss dich schön! Und wir fallen darauf herein. Dabei verlernen wir etwas Wichtiges.;"Z+ (abopflichtiger Inhalt);
        
    Funktionale Snacks";Ernährung, Fitness, Protein, Lebensmittel;2026-08-10T12:03:29+02:00;2026-08-10T12:03:29+02:00;Marlon Schröder;;false
71e9564f6857bfe61dfd9a375d8a3e0daf410e29b456a60c9fe4eed67b2ac4b7;Ausfälle und weniger Fahrten bei Weser-Fähren;https://www.zeit.de/news/2026-08/10/ausfaelle-und-weniger-fahrten-bei-weser-faehren;Hier finden Sie Informationen zu dem Thema „Niedrigwasser“. Lesen Sie jetzt „Ausfälle und weniger Fahrten bei Weser-Fähren“.;Niedrigwasser;News, Niedrigwasser, Elbe, Bleckede, Neu-Bleckede, Lüneburg, Weser, Niedrigwasser, Ausfall, Frachtschiff, Fahrzeug;2026-08-10T12:02:36+02:00;2026-08-10T12:02:36+02:00;;dpa Niedersachsen;false
c192bca4271819bb34264484eccf46bae7aae9eee1d05dff37dacef434a97bd1;Fußballverbände Europas, Asiens und Nordamerikas kritisieren Infantino;https://www.zeit.de/sport/2026-08/gianni-infantino-fifa-uefa-afc-concacaf;Der Druck auf Fifa-Präsident Gianni Infantino steigt. In einem offenen Brief werfen ihm Uefa, AFC und Concacaf »Täuschung« vor und fordern Aufklärung. ;Druck auf Gianni Infantino;Sport, Druck auf Gianni Infantino, Fußball, Gianni Infantino, Fifa, Uefa, Concacaf;2026-08-10T12:01:21+02:00;2026-08-10T12:01:21+02:00;yer;DIE ZEIT,        dpa,        							yer;false
8b8e9e4a442872c39fb7e468d7871b0330c43b82c5a48ac5e9ef6cc060429606;Ungarn fährt Leistung seines Atomkraftwerks wieder hoch;https://www.zeit.de/wissenschaft/umwelt/2026-08/akw-paks-ungarn-donau-niedrigwasser-stromproduktion-peter-magyar;Das AKW Paks in Ungarn wurde zuletzt wegen des Donau-Niedrigwassers heruntergefahren. Weil die Pegelstände gerade leicht steigen, soll die Stromproduktion wieder starten.;Wassermangel;Wissenschaft, Wassermangel, Ungarn, Peter Magyar, Donau, Atomkraftwerk, Energieversorgung;2026-08-10T11:59:15+02:00;2026-08-10T11:59:15+02:00;tlf;DIE ZEIT,        Reuters,        							tlf;false
4901af1eec27c54b528b0b092f8d17d5c4e0c6527bbf16025f2a2129653bb91c;Zwei neue Investoren erweitern die Löwen-Runde bei Vox;https://www.zeit.de/news/2026-08/10/zwei-neue-investoren-erweitern-die-loewen-runde-bei-vox;Hier finden Sie Informationen zu dem Thema „TV-Show“. Lesen Sie jetzt „Zwei neue Investoren erweitern die Löwen-Runde bei Vox“.;TV-Show;News, TV-Show, Johannes Kliesch, Andreas W. Herb, Höhle, Gründungsidee;2026-08-10T11:55:32+02:00;2026-08-10T11:55:32+02:00;;dpa Nordrhein-Westfalen;false
ddb59083dd8c85b346bb8eb6d9381348a972fe33beb8e99c23f2c7f1b6c983ab;Polizei rettet hilflose Kaninchenbabys aus Sandkasten;https://www.zeit.de/news/2026-08/10/polizei-rettet-hilflose-kaninchenbabys-aus-sandkasten;Hier finden Sie Informationen zu dem Thema „Einsatz mit Herz“. Lesen Sie jetzt „Polizei rettet hilflose Kaninchenbabys aus Sandkasten“.;Einsatz mit Herz;News, Einsatz mit Herz, Freiburg, Polizei, Sandkasten;2026-08-10T11:53:21+02:00;2026-08-10T11:53:21+02:00;;dpa Baden-Württemberg;false
e4908cf8a61a9d6106172ee8184f7ea0d3a96eec0dafd7cf60fb5bc0ce9df138;Klagen gegen Mindestpreise für Uber und Co.;https://www.zeit.de/news/2026-08/10/klagen-gegen-mindestpreise-fuer-uber-und-co;Hier finden Sie Informationen zu dem Thema „München“. Lesen Sie jetzt „Klagen gegen Mindestpreise für Uber und Co.“.;München;News, München, München, Verwaltungsgericht, Mindestpreis, Allgemeinverfügung, Taxi;2026-08-10T11:47:24+02:00;2026-08-10T11:47:24+02:00;;dpa Bayern;false
7426efc113e50d781fd3d6ade60cb07782c283a1cc54acd0ad000b966431433d;GdP fordert mehr Bundeshilfe für Hafensicherheit in Hamburg;https://www.zeit.de/news/2026-08/10/gdp-fordert-mehr-bundeshilfe-fuer-hafensicherheit-in-hamburg;Hier finden Sie Informationen zu dem Thema „Hamburger Hafen“. Lesen Sie jetzt „GdP fordert mehr Bundeshilfe für Hafensicherheit in Hamburg“.;Hamburger Hafen;News, Hamburger Hafen, Lars Osburg, Hamburg, Hamburger Hafen, GDP, Hafensicherheit, Bundeshilfe, Wasserschutzpolizei, Ausspähung, Drohne;2026-08-10T11:46:13+02:00;2026-08-10T11:46:13+02:00;;dpa Hamburg/Schleswig-Holstein;false
4033c7486d79e26bcdb6d79815e84456c871e8510c44b0591dff543bbd7cb545;Tatverdächtiger nach versuchtem Tötungsdelikt festgenommen;https://www.zeit.de/news/2026-08/10/tatverdaechtiger-nach-versuchtem-toetungsdelikt-festgenommen;Hier finden Sie Informationen zu dem Thema „Kriminalität“. Lesen Sie jetzt „Tatverdächtiger nach versuchtem Tötungsdelikt festgenommen“.;Kriminalität;News, Kriminalität, Ludwigshafen, Polizei, Staatsanwaltschaft, Tötungsdelikt, Schnittverletzung;2026-08-10T11:41:45+02:00;2026-08-10T11:41:45+02:00;;dpa Rheinland-Pfalz/Saarland;false
de9b18d0dd0a43866aa97278a79c7806007742f5dca9d33e650634d027bbc21b;Toter aus dem Halensee identifiziert;https://www.zeit.de/news/2026-08/10/toter-aus-dem-halensee-identifiziert;Hier finden Sie Informationen zu dem Thema „Badeunfall im Halensee“. Lesen Sie jetzt „Toter aus dem Halensee identifiziert“.;Badeunfall im Halensee;News, Badeunfall im Halensee, Halensee, Badeunfall;2026-08-10T11:38:49+02:00;2026-08-10T11:38:49+02:00;;dpa Berlin/Brandenburg;false
9ee0b554fca90ca8b3c07f1f17e5cd6b6646f6f3f8bff2cd0d7ce1e5a40ecf70;Preisanstieg durch Irankrieg belastet arme Haushalte besonders stark;https://www.zeit.de/wirtschaft/2026-08/preissteigerungen-irankrieg-energiepreise-deutschland-einkommen-gxe;Arme Haushalte sind laut ifo Institut stärker von hohen Inflationsraten infolge des Irankriegs betroffen. Seither haben sie durchschnittlich 2,87 Prozent weniger Budget.;Inflation;Wirtschaft, Inflation, Iran, Haushalt, Lebensmittel, Energiekosten, Inflation;2026-08-10T11:35:50+02:00;2026-08-10T11:35:50+02:00;man;DIE ZEIT,        Reuters,        KNA,        dpa,        							man;false
2be6a037a1fbd5b54ac9346165a8076664a3994adbfb80a21e91ebf9ab9d2ec7;Bundespolizei hilft 170 Urlaubern ohne Pass an der Grenze;https://www.zeit.de/news/2026-08/10/bundespolizei-hilft-170-urlaubern-ohne-pass-an-der-grenze;Hier finden Sie Informationen zu dem Thema „Urlaub“. Lesen Sie jetzt „Bundespolizei hilft 170 Urlaubern ohne Pass an der Grenze“.;Urlaub;News, Urlaub, Flensburg, Schleswig-Holstein, Skandinavien, Bundespolizei, Passersatz, Sommerferienwoche, Grenze, Säugling;2026-08-10T11:35:04+02:00;2026-08-10T11:35:04+02:00;;dpa Hamburg/Schleswig-Holstein;false
df4cf2d6cebebe6c182fd41db64791682c0a0a14e15ecf2110a986c3ecbbf6fb;Verschiebung der Klimaziele? Grüne kontern Lies;https://www.zeit.de/news/2026-08/10/verschiebung-der-klimaziele-gruene-kontern-lies;Hier finden Sie Informationen zu dem Thema „Landesregierung“. Lesen Sie jetzt „Verschiebung der Klimaziele? Grüne kontern Lies“.;Landesregierung;News, Landesregierung, Olaf Lie, Christian Meyer, Niedersachsen, Hannoversche Allgemeine Zeitung, Klimaziel, Landesregierung, Aufweichung;2026-08-10T11:32:26+02:00;2026-08-10T11:32:26+02:00;;dpa Niedersachsen;false
7ad8ef902efb7e02ded0747b8caae98f4ad04454fbc6584a2e4881be109dd51c;Binnenschifffahrt warnt vor Zweiteilung des Rheins;https://www.zeit.de/mobilitaet/2026-08/niedrigwasser-rhein-pegel-kaub-schifffahrt-bdb;Der Pegel in der wichtigen Messstation Kaub dürfte erstmals auf einen einstelligen Wert sinken. Ab Mitte der Woche könnte der Fluss nicht mehr durchgängig befahrbar sein.;Niedrigwasser;Politik, Niedrigwasser, Rhein, Schifffahrt, Binnenschifffahrt, Logistik;2026-08-10T11:27:10+02:00;2026-08-10T11:27:10+02:00;jj;DIE ZEIT,        AFP,        Reuters,        							jj;false
bd86bc901bbb736d366d4ece285f67ea29e170ccb40512774ac634ab6d1a313a;Suchaktion auf See nach Fund von Kleidung abgebrochen;https://www.zeit.de/news/2026-08/10/suchaktion-an-see-nach-fund-von-kleidung-am-strand;Hier finden Sie Informationen zu dem Thema „Einsatz“. Lesen Sie jetzt „Suchaktion auf See nach Fund von Kleidung abgebrochen“.;Einsatz;News, Einsatz, Jarmen, Polizei, Suchaktion;2026-08-10T11:26:53+02:00;2026-08-10T11:26:53+02:00;;dpa Mecklenburg-Vorpommern;false
5ca047f6b986fed855942dc60885ed0e71274fbaeef1f2048082174062d28ed2;Innenausschuss des Landtages tagt zu Drohnen-Vorfall;https://www.zeit.de/news/2026-08/10/innenausschuss-des-landtages-tagt-zu-drohnen-vorfall;Hier finden Sie Informationen zu dem Thema „Drohnenfund“. Lesen Sie jetzt „Innenausschuss des Landtages tagt zu Drohnen-Vorfall“.;Drohnenfund;News, Drohnenfund, Leipzig, Flughafen Leipzig/Halle, Alternative für Deutschland, Innenausschuss, Drohnenfund, Landtag, Drohne, Sondersitzung;2026-08-10T11:26:09+02:00;2026-08-10T11:26:09+02:00;;dpa Sachsen;false
6924f3895975278aba45f8d1dc31af2b7ad01e4a71a2dd80b6bfacff5a3e1cab;Staatsschutz ermittelt: Grünen-Büro in Eberswalde beschmiert;https://www.zeit.de/news/2026-08/10/staatsschutz-ermittelt-gruenen-buero-in-eberswalde-beschmiert;Hier finden Sie Informationen zu dem Thema „Sachbeschädigung“. Lesen Sie jetzt „Staatsschutz ermittelt: Grünen-Büro in Eberswalde beschmiert“.;Sachbeschädigung;News, Sachbeschädigung, Eberswalde, Staatsschutz, Schmiererei, Sachbeschädigung;2026-08-10T11:24:17+02:00;2026-08-10T11:24:17+02:00;;dpa Berlin/Brandenburg;false
ec686018eb73988b44a1079b3d4760c37a2f485542697a20e71411e1f00d2b1e;Polen warnt künftig seine Bürger per SMS bei aufsteigenden Kampfjets;https://www.zeit.de/politik/ausland/2026-08/polen-luftwaffe-ukraine-angriffe-sms-informationen-lublin-gxe;Nach dem Absturz eines Flugobjekts bei Lublin Ende Juli wurde Kritik an fehlenden Informationen laut. Polens Regierung will nun per SMS aufsteigende Kampfjets melden.;Polen;Politik, Polen, Polen, Smartphone, Luftwaffe, Krieg in der Ukraine, Lublin;2026-08-10T11:22:23+02:00;2026-08-10T11:22:23+02:00;tlf;DIE ZEIT,        dpa,        							tlf;false
e6c059fe63a8792fa6c6af233034d10f952a1862a701eca29852869f4d5f5af9;Huthi-Milizen töten 58 jemenitische Soldaten;https://www.zeit.de/politik/ausland/2026-08/huthi-miliz-jemen-angriff-drohnen-raketen-marib-hadramaut;Im Jemen sind die Kämpfe zwischen Milizen und von Saudi-Arabien unterstützten Truppen eskaliert. Die Huthis griffen der Regierung zufolge mehrere Militärlager an.;Huthi-Miliz im Jemen;Politik, Huthi-Miliz im Jemen, Huthi, Jemen, Iran, Rakete, Angriff;2026-08-10T11:21:24+02:00;2026-08-10T11:21:24+02:00;yilmp;DIE ZEIT,        AFP,        dpa,        AP,        							yil					,        							mp;false
2d6a9fd1547159fa21668c0359f69538a27c147cc6cf8c4535a89a7b46cea781;Schnieder bei «Einschulung» als Regierungschef aufgeregt;https://www.zeit.de/news/2026-08/10/schnieder-bei-einschulung-als-regierungschef-aufgeregt;Hier finden Sie Informationen zu dem Thema „Schule“. Lesen Sie jetzt „Schnieder bei «Einschulung» als Regierungschef aufgeregt“.;Schule;News, Schule, Gordon Schnieder, Mainz, CDU, Schultag, Sommerferien, Einschulung, Familie;2026-08-10T11:18:58+02:00;2026-08-10T11:18:58+02:00;;dpa Rheinland-Pfalz/Saarland;false
9a57eb944cb968af35dede12bcd42f7a3f015f2f0acc494bba8c23401611ceb7;Jungs fahren auf E-Scooter gegen Laster - zwei Verletzte;https://www.zeit.de/news/2026-08/10/jungs-fahren-auf-e-scooter-gegen-laster-zwei-verletzte;Hier finden Sie Informationen zu dem Thema „Unfall mit E-Scooter“. Lesen Sie jetzt „Jungs fahren auf E-Scooter gegen Laster - zwei Verletzte“.;Unfall mit E-Scooter;News, Unfall mit E-Scooter, Unfall, E-Scooter;2026-08-10T11:18:17+02:00;2026-08-10T11:18:17+02:00;;dpa Bayern;false
ba7285aebfaf358a1c4624ede94e296685fd9ce224b71c04f4254635b21fe2c8;Autofahrer fährt betrunken mitten in Wald und bleibt stecken;https://www.zeit.de/news/2026-08/10/autofahrer-faehrt-betrunken-mitten-in-wald-und-bleibt-stecken;Hier finden Sie Informationen zu dem Thema „Verkehrsunfall“. Lesen Sie jetzt „Autofahrer fährt betrunken mitten in Wald und bleibt stecken“.;Verkehrsunfall;News, Verkehrsunfall, Verkehrsunfall, Wald, Auto;2026-08-10T11:16:41+02:00;2026-08-10T11:16:41+02:00;;dpa Bayern;false
3e5280c7404ab2b46c24f584bd8ef4f0f8df319c0a36f46215fdf7da0fc4f663;«Um jeden Euro kämpfen»: BVB bei El Mala zurückhaltend;https://www.zeit.de/news/2026-08/10/um-jeden-euro-kaempfen-bvb-bei-el-mala-zurueckhaltend;Hier finden Sie Informationen zu dem Thema „Fußball-Bundesliga“. Lesen Sie jetzt „«Um jeden Euro kämpfen»: BVB bei El Mala zurückhaltend“.;Fußball-Bundesliga;News, Fußball-Bundesliga, El Mala, Lars Ricken, Köln, Borussia Dortmund, 1. FC Köln, FC Arsenal, Fußball-Bundesliga;2026-08-10T11:16:36+02:00;2026-08-10T11:16:36+02:00;;dpa Nordrhein-Westfalen;false
b40251772feaa34d3ec03ebf798eaf9a8ba2655142775451af592e3e9076d477;Prozess im Mordfall Tupac Shakur beginnt drei Jahrzehnte nach der Tat;https://www.zeit.de/feuilleton/musik/2026-08/tupac-shakur-mord-duane-keffe-d-davis-prozess-gxe;1996 wurde der Rapper Tupac Shakur angeschossen und erlag seinen Verletzungen. Jetzt beginnt der Prozess gegen einen Mann, der der Drahtzieher gewesen sein soll. ;Tupac Shakur;Feuilleton, Tupac Shakur, USA, Gerichtsverfahren, Musik, Hip-Hop, Rapmusik, Tupac Shakur, Mordfall;2026-08-10T11:16:07+02:00;2026-08-10T11:16:07+02:00;yer;DIE ZEIT,        AP,        dpa,        							yer;false
82683dfc27cfd3ef65d18f2bf7b2db7cad6f3258d8857e83c986601c8322cbc0;Risiko E-Scooter? – Jugendtrend mit Folgen;https://www.zeit.de/news/2026-08/07/risiko-e-scooter-jugendtrend-mit-folgen;Hier finden Sie Informationen zu dem Thema „Hohe Unfallgefahr“. Lesen Sie jetzt „Risiko E-Scooter? – Jugendtrend mit Folgen“.;Hohe Unfallgefahr;News, Hohe Unfallgefahr, Sören Groth, Kirstin Zeidler, Rainer Wirtz, Dortmund, Statistisches Bundesamt, Polizei, Gesamtverband der Deutschen Versicherungswirtschaft, Jugendtrend, Leihfahrzeug, Scooter;2026-08-10T11:14:16+02:00;2026-08-10T11:14:16+02:00;;dpa;false
37509d72168bc80e94194383cdb8d61bfaceeaf8626db2d4b0c5f761124bfe13;Offener Brief: Verbände werfen Infantino «Täuschung» vor;https://www.zeit.de/news/2026-08/10/offener-brief-verbaende-werfen-infantino-taeuschung-vor;Hier finden Sie Informationen zu dem Thema „FIFA-Krise“. Lesen Sie jetzt „Offener Brief: Verbände werfen Infantino «Täuschung» vor“.;FIFA-Krise;News, FIFA-Krise, Gianni Infantino, Aleksander Ceferin, Europa, Asien, Mittelamerika, Karibik, Fifa, Uefa, Dachverband, Krise;2026-08-10T11:10:22+02:00;2026-08-10T11:10:22+02:00;;dpa Sport;false
1d6f02fae3877a790ddb31c03818706952be98100f8bce411dc17d7ba4b98e1b;Bombe in Oranienburg gefunden;https://www.zeit.de/news/2026-08/10/bombe-in-oranienburg-gefunden;Hier finden Sie Informationen zu dem Thema „Blindgänger“. Lesen Sie jetzt „Bombe in Oranienburg gefunden“.;Blindgänger;News, Blindgänger, Oranienburg, Adolf-Damaschke-Straße, Fundort, Sperrbereich, Splitterschutzwand;2026-08-10T11:07:45+02:00;2026-08-10T11:07:45+02:00;;dpa Berlin/Brandenburg;false
5ee740e60694fce80d1e81e442bebfbcf8f938afaa9f4d743bea69355a92908c;»Das ist volkswirtschaftlich absoluter Nonsens«;https://www.zeit.de/wirtschaft/2026-08/baerbel-heidebroek-erneuerbare-energien-katherina-reiche;Windenergielobbyistin Bärbel Heidebroek kritisiert die Reformen von Ministerin Katherina Reiche. Es drohe ein Ausbaustopp bei Windstrom und eine Jobkrise in der Branche.;"Z+ (abopflichtiger Inhalt);
        
    Erneuerbare Energien";Wirtschaft, Erneuerbare Energien, Windenergie, Erneuerbare Energien, Katherina Reiche, Ökostrom, Energiewende, Strompreis;2026-08-10T11:03:39+02:00;2026-08-10T11:03:39+02:00;Marlies Uken;;false
2913d5dab6751b66bb3aede265fb535c0ea86ef0e5a46cc1d657d469f32ac1be;30 Jahre nach Mord an Tupac Shakur: Prozess startet;https://www.zeit.de/news/2026-08/10/30-jahre-nach-mord-an-tupac-shakur-prozess-startet;Hier finden Sie Informationen zu dem Thema „US-Rapper“. Lesen Sie jetzt „30 Jahre nach Mord an Tupac Shakur: Prozess startet“.;US-Rapper;News, US-Rapper, News;2026-08-10T10:53:47+02:00;2026-08-10T10:53:47+02:00;;dpa;false
41c2907f5adc4173dd213605420b7672888e5332dbe0193d452ccf33fbcc951c;Online-Check vergleicht Positionen von Wahlkandidaten;https://www.zeit.de/news/2026-08/10/online-check-vergleicht-positionen-von-wahlkandidaten;Hier finden Sie Informationen zu dem Thema „Portal von Abgeordnetenwatch“. Lesen Sie jetzt „Online-Check vergleicht Positionen von Wahlkandidaten“.;Portal von Abgeordnetenwatch;News, Portal von Abgeordnetenwatch, Sachsen-Anhalt, Landtagswahl in Sachsen, Landtagswahl, Vergleichsportal, Plattform, Kandidierendencheck;2026-08-10T10:50:45+02:00;2026-08-10T10:50:45+02:00;;dpa Sachsen;false
84f307f33bbf734f0475bf0173d232f7137103b224dd114e7ceef9bd6cf2a488;Elvis-Song als Kammermusik: Moritzburg blickt nach Amerika;https://www.zeit.de/news/2026-08/10/elvis-song-als-kammermusik-moritzburg-blickt-nach-amerika;Hier finden Sie Informationen zu dem Thema „Musik“. Lesen Sie jetzt „Elvis-Song als Kammermusik: Moritzburg blickt nach Amerika“.;Musik;News, Musik, Elvis Presley, Jan Vogler, Moritzburg, Amerika, Hudson River, Mississippi, Moritzburg Festival, Kammermusik, Neuentdeckung;2026-08-10T10:47:48+02:00;2026-08-10T10:47:48+02:00;;dpa Sachsen;false
e3082c860fea666879818ccd76e6a82ece22651727371e03ea5cdb3648a69c05;Schulstart wird teurer: Preise für Hefte und Bücher steigen;https://www.zeit.de/news/2026-08/10/schulstart-wird-teurer-preise-fuer-hefte-und-buecher-steigen;Hier finden Sie Informationen zu dem Thema „Schulstart“. Lesen Sie jetzt „Schulstart wird teurer: Preise für Hefte und Bücher steigen“.;Schulstart;News, Schulstart, Sachsen-Anhalt, Schulstart, Zeichenmaterial, Familie, Schreibwaren;2026-08-10T10:45:09+02:00;2026-08-10T10:45:09+02:00;;dpa Sachsen;false
e8a8b234c293c4ac94af457b7f4869cd3385a0cd3f617bcc0cdb4961e1cc6b40;Knapp 30.000 Kinder verunglückten 2025 im Straßenverkehr;https://www.zeit.de/mobilitaet/2026-08/kinder-strassenverkehr-unfaelle-statistik-bundesamt-gxe;Im Schnitt wurde im vergangenen Jahr alle 18 Minuten ein Kind im Straßenverkehr verletzt oder getötet. Die Behördenzahlen zeigen einen Anstieg von sieben Prozent.;Verkehrssicherheit;Mobilitaet, Verkehrssicherheit, Statistisches Bundesamt, Kinder, Straßenverkehr, Fahrrad, Unfall, Schulweg;2026-08-10T10:41:46+02:00;2026-08-10T10:41:46+02:00;tlf;DIE ZEIT,        Reuters,        dpa,        KNA,        AFP,        							tlf;false
a896705e3b8ef59981cbddcabf982ebe2823f52864be03e1f5d9bab80f1fce76;Mehr Einser-Uni-Abschlüsse in Rheinland-Pfalz;https://www.zeit.de/news/2026-08/10/mehr-einser-uni-abschluesse-in-rheinland-pfalz;Hier finden Sie Informationen zu dem Thema „Studium“. Lesen Sie jetzt „Mehr Einser-Uni-Abschlüsse in Rheinland-Pfalz“.;Studium;News, Studium, Rheinland-Pfalz, Hochschulprüfung, Abschlussprüfung, Studium;2026-08-10T10:39:46+02:00;2026-08-10T10:39:46+02:00;;dpa Rheinland-Pfalz/Saarland;false
110b1767ccf8a3fec9facb72c56aa358636a0768b77882f4fc3b2c188ad08513;21-Jähriger auf fahrendem Güterzug entdeckt;https://www.zeit.de/news/2026-08/10/21-jaehriger-auf-fahrendem-gueterzug-entdeckt;Hier finden Sie Informationen zu dem Thema „Blinder Passagier“. Lesen Sie jetzt „21-Jähriger auf fahrendem Güterzug entdeckt“.;Blinder Passagier;News, Blinder Passagier, Polizei, Güterzug, Güterbahnhof;2026-08-10T10:38:09+02:00;2026-08-10T10:38:09+02:00;;dpa Sachsen;false
13c9e18024373b124156e12a74d8c4ca086c78b2af66ec308665b1ab5a8997fd;Versand der Wahlbenachrichtigungen beginnt;https://www.zeit.de/news/2026-08/10/versand-der-wahlbenachrichtigungen-beginnt;Hier finden Sie Informationen zu dem Thema „Berlin-Wahl am 20. September“. Lesen Sie jetzt „Versand der Wahlbenachrichtigungen beginnt“.;Berlin-Wahl am 20. September;News, Berlin-Wahl am 20. September, Wahlbenachrichtigung, Landeswahlleitung, Briefwahl, Abgeordnetenhaus;2026-08-10T10:36:35+02:00;2026-08-10T10:36:35+02:00;;dpa Berlin/Brandenburg;false
d577f9aa257dc14ffd3fdd9a2317070646e35a723e787bd95d8ebca0c4370f4f;Doch kein Streik bei der Saarbahn heute - aber ab Dienstag;https://www.zeit.de/news/2026-08/10/doch-kein-streik-bei-der-saarbahn-heute-aber-ab-dienstag;Hier finden Sie Informationen zu dem Thema „Arbeitskampf“. Lesen Sie jetzt „Doch kein Streik bei der Saarbahn heute - aber ab Dienstag“.;Arbeitskampf;News, Arbeitskampf, GDL, Saarbahn, Streik, Warnstreik;2026-08-10T10:30:48+02:00;2026-08-10T10:30:48+02:00;;dpa Rheinland-Pfalz/Saarland;false
577e202ae48b2f287e7750259c531c1c096fe667e9139abb96c59fdfe66876d3;Londoner Polizei beschlagnahmt Dutzende Luxusautos;https://www.zeit.de/news/2026-08/10/londoner-polizei-beschlagnahmt-dutzende-luxusautos;Hier finden Sie Informationen zu dem Thema „Großbritannien“. Lesen Sie jetzt „Londoner Polizei beschlagnahmt Dutzende Luxusautos“.;Großbritannien;News, Großbritannien, Großbritannien, London, Polizei, Luxusauto, Gesamtwert, Razzia, Fahrzeug;2026-08-10T10:30:29+02:00;2026-08-10T10:30:29+02:00;;dpa;false
d1df46f3fdfa53bedfed24e91baa9197dbb4a5ff7a339d3ac8f8a5a3287a98dd;Rätselhafter Fund auf Gehöft: Knochen werden untersucht;https://www.zeit.de/news/2026-08/10/raetselhafter-fund-auf-gehoeft-knochen-werden-untersucht;Hier finden Sie Informationen zu dem Thema „Ermittlungen der Polizei“. Lesen Sie jetzt „Rätselhafter Fund auf Gehöft: Knochen werden untersucht“.;Ermittlungen der Polizei;News, Ermittlungen der Polizei, Polizei, Gehöft;2026-08-10T10:26:59+02:00;2026-08-10T10:26:59+02:00;;dpa Berlin/Brandenburg;false
01fcd424c03f1ad2047ba7f544fe9e9c02cd5419bc1aca17376c52049b6585c7;Zusammenstoß zweier Flugzeuge am Flughafen Sydney knapp verhindert;https://www.zeit.de/gesellschaft/zeitgeschehen/2026-08/flughafen-sydney-beinahe-zusammenstoss-jetstar-qatar-airways-gxe;Das zweite Mal binnen zwei Wochen ist es beinahe zu einer Kollision von Flugzeugen am Flughafen Sydney gekommen. Nun wurden zwei Mitarbeiter suspendiert. ;Australien;Gesellschaft, Australien, Flughafen, Sydney, Flugzeug, Flugverkehr, Zusammenstoß, Qatar Airways;2026-08-10T10:26:13+02:00;2026-08-10T10:26:13+02:00;man;DIE ZEIT,        dpa,        AFP,        							man;false
dd082967f871432ebe82e7d5338577c87286ed8e34128d2606d6491d107af697;Bauernverband fordert mehr Hilfen angesichts des Klimawandels;https://www.zeit.de/politik/deutschland/2026-08/bauernverband-trockenheit-ernte-klimawandel-landwirtschaft-gxe;Aufgrund des Klimawandels werden Ernteausfälle wahrscheinlicher. Die Landwirtschaft fordert daher stärkere Unterstützung von der Bundesregierung.;Hitzewelle und Dürre;Politik, Hitzewelle und Dürre, Deutscher Bauernverband, Landwirtschaft, Klimawandel, Bundesregierung, Trockenheit;2026-08-10T10:18:45+02:00;2026-08-10T10:18:45+02:00;edd;DIE ZEIT,        dpa,        							edd;false
afc53ee3343b02aeee5b4b76f06dfd927703b5cddbd0c7e1e4a0f33082e2e75e;»Damals war ich naiv«;https://www.zeit.de/politik/deutschland/2026-08/medizinstudium-landarztquote-verpflichtung-klage-aerztemangel;Junge Menschen haben einen Medizinstudienplatz bekommen, weil sie sich verpflichteten, später zehn Jahre als Landarzt zu arbeiten. Jetzt reichen manche Klagen ein.;"Z+ (abopflichtiger Inhalt);
        
    Landarztquote";Politik, Landarztquote, Arzt, Medizin, Klage;2026-08-10T10:17:24+02:00;2026-08-10T10:17:24+02:00;Kaja Klapsa;;false
3f9137dbdf91e97320347c073278c494eaf39ff2625b9c0c66a401b1dc9f6f8b;Futtermangel: Katastrophenfall für Bio-Bauern ausgerufen;https://www.zeit.de/news/2026-08/10/futtermangel-katastrophenfall-fuer-bio-bauern-ausgerufen;Hier finden Sie Informationen zu dem Thema „Folgen der Trockenheit“. Lesen Sie jetzt „Futtermangel: Katastrophenfall für Bio-Bauern ausgerufen“.;Folgen der Trockenheit;News, Folgen der Trockenheit, Baden-Württemberg, Futtermangel, Katastrophenfall, Trockenheit, Ökorecht;2026-08-10T10:16:28+02:00;2026-08-10T10:16:28+02:00;;dpa Baden-Württemberg;false
0645d1b86153b9b8cfea15ae436a5ecc3f46fc1569a35233db4370bab94e06f7;»Die Probleme betreffen nicht nur queere Paare«;https://www.zeit.de/familie/2026-07/leihmutterschaft-kinderrechte-abstammung-lucy-chebout;Jens Spahn darf sofort rechtlicher Vater sein, während Zwei-Mütter-Paare ihr legales Kind adoptieren müssen? Die Familienrechtlerin Lucy Chebout fordert eine Neuregelung.;"Z+ (abopflichtiger Inhalt);
        
    Leihmutterschaft";Familie, Leihmutterschaft, Leihmutterschaft, Justiz, Kinder, Bundesverfassungsgericht, Familie, Jens Spahn;2026-08-10T10:04:02+02:00;2026-08-10T10:04:02+02:00;Johanna Schoener;;false
668836b9c975482ea9f6555df1f9ac60000cdd7f3e305fd3c34db6c0677bb6b1;Hamburgs neue Lehrkräfte sollen Haltung gegen Hetze zeigen;https://www.zeit.de/news/2026-08/10/hamburgs-neue-lehrkraefte-sollen-haltung-gegen-hetze-zeigen;Hier finden Sie Informationen zu dem Thema „Vereidigung“. Lesen Sie jetzt „Hamburgs neue Lehrkräfte sollen Haltung gegen Hetze zeigen“.;Vereidigung;News, Vereidigung, Hamburg, Fintel, Vereidigung, Schulbehörde, Menschenrechte;2026-08-10T10:00:05+02:00;2026-08-10T10:00:05+02:00;;dpa Hamburg/Schleswig-Holstein;false
ad7a3c29561364c309bcb7303dc5114723f4797eab7d969bd94fbc2386309e24;Friedensrat: Gaza-Fahrplan als Ausweg aus Gewaltspirale;https://www.zeit.de/news/2026-08/10/friedensrat-gaza-fahrplan-als-ausweg-aus-gewaltspirale;Hier finden Sie Informationen zu dem Thema „Nahost“. Lesen Sie jetzt „Friedensrat: Gaza-Fahrplan als Ausweg aus Gewaltspirale“.;Nahost;News, Nahost, Nikolaj Mladenow, Benjamin Netanjahu, Bassem Naim, Nahost, Jerusalem, Gazastreifen, Hamas, Gewaltspirale, Ausweg;2026-08-10T09:47:54+02:00;2026-08-10T09:47:54+02:00;;dpa;false
2761046cc66cee144bc747893411cc9ba115cd79f2f3ce5220c64f1821c6641e;Vier ostdeutsche Kandidaten bei der Wahl als Naturwunder;https://www.zeit.de/news/2026-08/10/vier-ostdeutsche-kandidaten-bei-der-wahl-als-naturwunder;Hier finden Sie Informationen zu dem Thema „Tourismus“. Lesen Sie jetzt „Vier ostdeutsche Kandidaten bei der Wahl als Naturwunder“.;Tourismus;News, Tourismus, Thüringen, Sachsen, Zittauer Gebirge, Sachsen-Anhalt, Heinz Sielmann Stiftung, Deutscher Wanderverband, Naturwunder, Feengrotte, Naturlandschaft, Steinzoo;2026-08-10T09:36:24+02:00;2026-08-10T09:36:24+02:00;;dpa Sachsen;false
6a2da206315f573a5680f418395a9005068d29d7682999b5066d661338f1804b;Mieten in Deutschland steigen deutlich;https://www.zeit.de/wirtschaft/2026-08/mieten-deutschland-wohnungsmarkt-mehrfamilienhaeuser-wohnungsmangel-gxe;Die Neuvertragsmieten in Mehrfamilienhäusern sind um mehr als drei Prozent gestiegen. Besonders stark ist der Anstieg in Düsseldorf, in Berlin legten sie dagegen kaum zu.;Mieten in Deutschland;Wirtschaft, Mieten in Deutschland, Statistik, Miete, Immobilienmarkt, Wohnungsmangel, Mehrfamilienwohnhaus;2026-08-10T09:32:48+02:00;2026-08-10T09:32:48+02:00;yer;DIE ZEIT,        dpa,        							yer;false
647bd1262dbdd94c8a6d0b8ae1bb73ddb6f933e4de8ab52153985205f8dff85b;Ukrainische Vorstöße in der Region Charkiw;https://www.zeit.de/politik/ausland/ukraine-russland-frontverlauf-krieg-karte-aktuell;Nahe Kupjansk und Borowa sind ukrainische Einheiten herangerückt. Russische Soldaten versuchten mit Drohnenangriffen die ukrainische Logistik zu behindern.;Ukrainekarte aktuell;Politik, Ukrainekarte aktuell, Krieg in der Ukraine, Donezk, Charkiw, Streitkräfte, Russland, Militär;2026-08-10T09:30:34+02:00;2026-08-10T09:30:34+02:00;Elizabeth RushtonChristina FelschenJustus WilkeMaline HofmannJulius TrögerBenja Zehr;;false
3b96f12ac98dbc63d1dc1e8ae285f94df1dd0f02afed0e5bf4cae232074a38e9;Millionenschaden nach Brand in ehemaligem Bahnhofsgebäude;https://www.zeit.de/news/2026-08/10/millionenschaden-nach-brand-in-ehemaligem-bahnhofsgebaeude;Hier finden Sie Informationen zu dem Thema „Auch Bahnstrecke war gesperrt“. Lesen Sie jetzt „Millionenschaden nach Brand in ehemaligem Bahnhofsgebäude“.;Auch Bahnstrecke war gesperrt;News, Auch Bahnstrecke war gesperrt, Polizei, Millionenschaden, Bahnhofsgebäude, Pfinztal, Kleinsteinbach;2026-08-10T09:28:47+02:00;2026-08-10T09:28:47+02:00;;dpa Baden-Württemberg;false
747ecff5263b490853ca947f0d0d61077de90cd123222405cb4c4317c77678c8;Schusswaffen-Gewalt: GdP setzt auf neue digitale Technik;https://www.zeit.de/news/2026-08/10/schusswaffen-gewalt-gdp-setzt-auf-neue-digitale-technik;Hier finden Sie Informationen zu dem Thema „Gewaltkriminalität“. Lesen Sie jetzt „Schusswaffen-Gewalt: GdP setzt auf neue digitale Technik“.;Gewaltkriminalität;News, Gewaltkriminalität, Berlin, London, GDP, Polizei, Gewaltkriminalität, Schusswaffe, Sicherheit;2026-08-10T09:27:43+02:00;2026-08-10T09:27:43+02:00;;dpa Berlin/Brandenburg;false
0fcd1ef438af55ed37c3bbbfa60860ab03619e393a5162122d336d54c9f9d369;Trotz quälender Ungewissheit: Ansah greift nach EM-Medaille;https://www.zeit.de/news/2026-08/10/trotz-quaelender-ungewissheit-ansah-greift-nach-em-medaille;Hier finden Sie Informationen zu dem Thema „Leichtathletik“. Lesen Sie jetzt „Trotz quälender Ungewissheit: Ansah greift nach EM-Medaille“.;Leichtathletik;News, Leichtathletik, Marcell Jacob, Birmingham, Alexander Stadium, Europa, Italien, ZDF, Eurosport, Olympia, Ungewissheit, Leichtathletik;2026-08-10T09:20:04+02:00;2026-08-10T09:20:04+02:00;;dpa Hamburg/Schleswig-Holstein;false
1800960889fad258696c480d2686f2f9dd79df77c8bf3110373cadc6ea83688d;Mit Sturmgewehr zum Imbiss? Mutmaßlicher Anschlag gestoppt;https://www.zeit.de/news/2026-08/10/mit-sturmgewehr-zum-imbiss-mutmasslicher-anschlag-gestoppt;Hier finden Sie Informationen zu dem Thema „Mord durch Zufall verhindert?“. Lesen Sie jetzt „Mit Sturmgewehr zum Imbiss? Mutmaßlicher Anschlag gestoppt“.;Mord durch Zufall verhindert?;News, Mord durch Zufall verhindert?, Göppingen, Staatsanwaltschaft, Sturmgewehr, Mord, Anschlag, Auto;2026-08-10T09:18:36+02:00;2026-08-10T09:18:36+02:00;;dpa Baden-Württemberg;false
308e5da4e415c7b6997af010aa77a8673d61b7ac06788be1938a56bec767958e;Dreifache Mutter getötet – Ehemann steht vor Gericht;https://www.zeit.de/news/2026-08/05/dreifache-mutter-getoetet-ehemann-steht-vor-gericht;Hier finden Sie Informationen zu dem Thema „Landgericht Osnabrück“. Lesen Sie jetzt „Dreifache Mutter getötet – Ehemann steht vor Gericht“.;Landgericht Osnabrück;News, Landgericht Osnabrück, Osnabrück, Wallenhorst, Landkreis Osnabrück, Staatsanwaltschaft, Landgericht;2026-08-10T09:15:00+02:00;2026-08-10T09:15:00+02:00;;dpa Niedersachsen;false
70007c85b79f3eff8d8195c734fdd4b575a45dc8cd33d78dd03532c76dcec1ce;Dreifache Mutter im Schuppen erstochen - Mordprozess startet;https://www.zeit.de/news/2026-08/05/dreifache-mutter-im-schuppen-erstochen-mordprozess-startet;Hier finden Sie Informationen zu dem Thema „Landgericht Osnabrück“. Lesen Sie jetzt „Dreifache Mutter im Schuppen erstochen - Mordprozess startet“.;Landgericht Osnabrück;News, Landgericht Osnabrück, Osnabrück, Wallenhorst, Landkreis Osnabrück, Staatsanwaltschaft, Mordprozess, Landgericht;2026-08-10T09:14:32+02:00;2026-08-10T09:14:32+02:00;;dpa Niedersachsen;false
91d45a394737a01a1c71fe89a407694d13da970361a8bed3aff32fae738be42f;Daniel Günther fordert Bundeswehr an Flughäfen zum Schutz vor Drohnen;https://www.zeit.de/politik/deutschland/2026-08/drohnenabwehr-flughaefen-bundeswehr-einsaetze-grundgesetz-gxe;Schleswig-Holsteins Ministerpräsident will mehr Befugnisse für die Bundeswehr in der Abwehr von Drohnen. Dafür bringt er auch eine Grundgesetzänderung ins Gespräch.;Hybride Kriegsführung;Politik, Hybride Kriegsführung, Schleswig-Holstein, Daniel Günther, Flughafen, Drohne, Bundeswehr;2026-08-10T09:12:59+02:00;2026-08-10T09:12:59+02:00;edd;DIE ZEIT,        dpa,        							edd;false
b097837533ae47925190c2b32fa8ba9f6d6036d8a9c243445d4d8109fd199096;50 Jahre Bowie in Berlin: Er kam zum Cleanwerden;https://www.zeit.de/news/2026-08/10/50-jahre-bowie-in-berlin-er-kam-zum-cleanwerden;Hier finden Sie Informationen zu dem Thema „Spätsommer 1976“. Lesen Sie jetzt „50 Jahre Bowie in Berlin: Er kam zum Cleanwerden“.;Spätsommer 1976;News, Spätsommer 1976, David Bowie, Christiane F., Bert Brecht, Kurt Weill, Christopher Isherwood, Conny Plank, Ziggy Stardust, Diamond Dogs, John Lennon, Nicolas Roeg;2026-08-10T09:12:55+02:00;2026-08-10T09:12:55+02:00;;dpa;false
0571ccc04f6da969f60e5341501cb7de0cb8abe5c93b5664d9f45f496ece81b2;Begegnung mit einem Phantom;https://www.zeit.de/2026/34/tony-tulathimutte-fiasko-kurzgeschichten-identitaet-literatur;Die Werke des US-amerikanischen Schriftstellers Tony Tulathimutte handeln von den Irrwegen der Identitätspolitik. Und sie sind oft große Kunst.;"Z+ (abopflichtiger Inhalt);
        
    Tony Tulathimutte";Feuilleton, Tony Tulathimutte, Autor, Belletristik, Literatur, USA, Identität, New York;2026-08-10T09:11:46+02:00;2026-08-10T09:11:46+02:00;Berit Dießelkämper;Aus der        ZEIT Nr. 34/2026;false
0d82446e9f04a8deadbe8818136c070ac12cc6670f8b77a99558b4d1cd29ec79;Wenig jetzt, viel später;https://www.zeit.de/2026/34/verena-hubertz-bundesbauministerin-schwarz-rote-koalition;Bundesbauministerin Verena Hubertz hat zum Start großen Eindruck gemacht – auch in der Bauwirtschaft. Umso erstaunlicher, dass seitdem so wenig von ihr zu hören ist.;"Z+ (abopflichtiger Inhalt);
        
    Verena Hubertz";Wirtschaft, Verena Hubertz, Verena Hubertz, Wohnungsbau, SPD, Bauindustrie, Friedrich Merz, Lars Klingbeil;2026-08-10T08:59:46+02:00;2026-08-10T08:59:46+02:00;Jurik Caspar Iser;Aus der        ZEIT Nr. 34/2026;false
dfa6d62073dd78c337cb98b6410a6a8da10d61c1a9977fc5cca7b2c7a84cc470;Koffer-Leiche in Australien entpuppt sich als Sexpuppe;https://www.zeit.de/news/2026-08/10/koffer-leiche-in-australien-entpuppt-sich-als-sexpuppe;Hier finden Sie Informationen zu dem Thema „Großeinsatz nahe Canberra“. Lesen Sie jetzt „Koffer-Leiche in Australien entpuppt sich als Sexpuppe“.;Großeinsatz nahe Canberra;News, Großeinsatz nahe Canberra, Australien, Canberra, New South Wales, American Broadcasting Company, Polizei, Mordfall, Großeinsatz;2026-08-10T08:54:05+02:00;2026-08-10T08:54:05+02:00;;dpa;false
c06804e61eb031d4417197929719e9ad98b6b2f68d13a70e2ac58027b13bc682;Romance statt Bromance? Neue Komödie mit Kross und Ullmann;https://www.zeit.de/news/2026-08/10/romance-statt-bromance-neue-komoedie-mit-kross-und-ullmann;Hier finden Sie Informationen zu dem Thema „Neuer deutscher Netflix-Film“. Lesen Sie jetzt „Romance statt Bromance? Neue Komödie mit Kross und Ullmann“.;Neuer deutscher Netflix-Film;News, Neuer deutscher Netflix-Film, Kostja Ullmann, David Kross, Janina Uhse, Köln, Netflix, Kino;2026-08-10T08:49:18+02:00;2026-08-10T08:49:18+02:00;;dpa Nordrhein-Westfalen;false
f539bf470a7d375a527276c9fd9060935b08c791e9a219c66089d7bc7b75feed;Es bleibt heiß und trocken in NRW – Rheinpegel sehr niedrig;https://www.zeit.de/news/2026-08/10/es-bleibt-heiss-und-trocken-in-nrw-rheinpegel-sehr-niedrig;Hier finden Sie Informationen zu dem Thema „Hitze und Trockenheit“. Lesen Sie jetzt „Es bleibt heiß und trocken in NRW – Rheinpegel sehr niedrig“.;Hitze und Trockenheit;News, Hitze und Trockenheit, NRW, Nordrhein-Westfalen, Rhein, DWD, Rheinpegel, Trockenheit, Hitze;2026-08-10T08:44:51+02:00;2026-08-10T08:44:51+02:00;;dpa Nordrhein-Westfalen;false
2774f5ffe72f096d25e38ede5c20dd8ab176a595632824afc46c2e5f0f02b750;Verband warnt: Rhein bald nicht mehr durchgängig befahrbar;https://www.zeit.de/news/2026-08/10/verband-warnt-rhein-bald-nicht-mehr-durchgaengig-befahrbar;Hier finden Sie Informationen zu dem Thema „Niedrigwasser“. Lesen Sie jetzt „Verband warnt: Rhein bald nicht mehr durchgängig befahrbar“.;Niedrigwasser;News, Niedrigwasser, Jens Schwanen, Kaub, Rhein, Niedrigwasser, Schifffahrt;2026-08-10T08:42:21+02:00;2026-08-10T08:42:21+02:00;;dpa Hessen;false
70613763ebe8a44e07b1486b4f0a5a95ef447794b244f5e1fb579b84e6e6dc59;»Ich weiß nicht, wie wir als Familie noch funktionieren sollen«;https://www.zeit.de/hamburg/2026-07/kuerzung-schulbegleitung-eimsbuettel-rellinger-strasse-schule;Hanna hat Autismus und braucht intensive Betreuung. Doch im Zug einer umstrittenen Reform kürzt Hamburg die Schulbegleitung drastisch. Ihre Mutter erzählt von den Folgen.;"Z+ (abopflichtiger Inhalt);
        
    Kürzung der Schulbegleitung";Hamburg, Kürzung der Schulbegleitung, Autismus, Schule, Kinder, Hamburg, Inklusion, Familie;2026-08-10T08:39:01+02:00;2026-08-10T08:39:01+02:00;Annika Lasarzik;;false
9bc8d288ef57818aa53367aa65d693389cf2c58228b39da26aef17ae8d7c258b;Motorradfahrer prallt gegen Leitplanke und stirbt;https://www.zeit.de/news/2026-08/10/motorradfahrer-prallt-gegen-leitplanke-und-stirbt;Hier finden Sie Informationen zu dem Thema „Unfall“. Lesen Sie jetzt „Motorradfahrer prallt gegen Leitplanke und stirbt“.;Unfall;News, Unfall, Leitplanke, Unfall;2026-08-10T08:37:45+02:00;2026-08-10T08:37:45+02:00;;dpa Baden-Württemberg;false
79127a542547b89dc45edcd768fafedd41fa47eba6de098631836934c7abc480;»Elternliebe ist zerstörbar«;https://www.zeit.de/zeit-magazin/2026/34/wolfgang-joop-ratschlaege-leben;Der Modedesigner Wolfgang Joop verrät, was er gerne früher gewusst hätte. Zum Beispiel, wie sehr Abba mit ihrem Titel »The Winner Takes It All« recht haben.;"Z+ (abopflichtiger Inhalt);
        
    Wolfgang Joop";Wolfgang Joop, Modedesign, Beziehung, Familie, Eltern, Liebe;2026-08-10T08:31:47+02:00;2026-08-10T08:31:47+02:00;Lea Henkel;Aus dem        ZEITmagazin Nr. 34/2026;false
53c0f30e279795a3c6e41bd4adc359ea5574f07e40d3f12bf2fb3542c751db12;Wohnungsmangel: Mieten in Deutschland steigen deutlich;https://www.zeit.de/news/2026-08/10/wohnungsmangel-mieten-in-deutschland-steigen-deutlich;Hier finden Sie Informationen zu dem Thema „Wohnen“. Lesen Sie jetzt „Wohnungsmangel: Mieten in Deutschland steigen deutlich“.;Wohnen;News, Wohnen, Berlin, Düsseldorf, Wohnungsmangel, Miete, Neuvertragsmiete, Pfandbriefbank, Immobilienpreise;2026-08-10T08:30:05+02:00;2026-08-10T08:30:05+02:00;;dpa;false
9bddadede9e864508f06bfe0a137800076addacb34e798bcd2dbbf9d0a4b5937;Sonnenfinsternis am Mittwoch – wie gut ist die Sicht?;https://www.zeit.de/news/2026-08/10/sonnenfinsternis-am-mittwoch-wie-gut-ist-die-sicht;Hier finden Sie Informationen zu dem Thema „Wetter und Sonnenfinsternis“. Lesen Sie jetzt „Sonnenfinsternis am Mittwoch – wie gut ist die Sicht?“.;Wetter und Sonnenfinsternis;News, Wetter und Sonnenfinsternis, Sonnenfinsternis, Wetter;2026-08-10T08:27:44+02:00;2026-08-10T08:27:44+02:00;;dpa Rheinland-Pfalz/Saarland;false
29e5f9f8496b04abfffde58ded75158b176155e6a52e4b1b0a8dcefc8b6e5f1c;Günther: Bundeswehr im Inneren bei Drohnenabwehr einsetzen;https://www.zeit.de/news/2026-08/10/guenther-bundeswehr-im-inneren-bei-drohnenabwehr-einsetzen;Hier finden Sie Informationen zu dem Thema „Innere Sicherheit“. Lesen Sie jetzt „Günther: Bundeswehr im Inneren bei Drohnenabwehr einsetzen“.;Innere Sicherheit;News, Innere Sicherheit, Daniel Günther, Schleswig-Holstein, Bundeswehr, CDU, Drohnenabwehr, Bedrohungslage, Bundeswehreinsatz, Sicherheit, Drohne;2026-08-10T08:26:36+02:00;2026-08-10T08:26:36+02:00;;dpa;false
841f8b497d5075d18a84cc7c032e596c01fa61776636e1ad38326a0ae8dbecb9;Ölpreise steigen wieder;https://www.zeit.de/wirtschaft/2026-08/oelpreise-strasse-von-hormus-iran-usa-gxe;In der Hoffnung auf eine baldige Öffnung der Straße von Hormus waren die Ölpreise zuletzt deutlich gesunken. Nach neuen iranischen Forderungen steigen die Preise wieder.;Ölpreise;Wirtschaft, Ölpreise, Ölpreis, Straße von Hormus, Iran, Huthi, Saudi-Arabien;2026-08-10T08:22:09+02:00;2026-08-10T08:22:09+02:00;yer;DIE ZEIT,        Reuters,        							yer;false
924af54b9a3817c9e1042ce481725a4b6b865e62def1dce6a4ca2888d2846cd1;Nach Böschungsbrand: Sperrung an A4 bei Kerpen aufgehoben;https://www.zeit.de/news/2026-08/10/boeschungsbrand-a4-bei-kerpen-gesperrt;Hier finden Sie Informationen zu dem Thema „Richtung Köln“. Lesen Sie jetzt „Nach Böschungsbrand: Sperrung an A4 bei Kerpen aufgehoben“.;Richtung Köln;News, Richtung Köln, Kerpen, Köln, Böschungsbrand, Autobahnkreuz;2026-08-10T08:17:59+02:00;2026-08-10T08:17:59+02:00;;dpa Nordrhein-Westfalen;false
5b0beea3639740bbeaa3b1e6d8853221a72e1d9383a2487f30d3c52bba49204f;Superlativ-Projekt: Peenebrücke wächst teils schon nach oben;https://www.zeit.de/news/2026-08/10/superlativ-projekt-peenebruecke-waechst-teils-schon-nach-oben;Hier finden Sie Informationen zu dem Thema „Großprojekt“. Lesen Sie jetzt „Superlativ-Projekt: Peenebrücke wächst teils schon nach oben“.;Großprojekt;News, Großprojekt, Wolgast, Usedom, Mecklenburg-Vorpommern, Peenebrücke, Peenestrombrücke, Festlandseite, Baustart, Großprojekt, Landesstraßenbauamt, Tiere;2026-08-10T08:17:14+02:00;2026-08-10T08:17:14+02:00;;dpa Mecklenburg-Vorpommern;false
954ab76bce573b771b96a7be38c6787a40d1a6a24c3f83a9295e5d6fb7254015;Tödlicher Angriff in Bremen - Eine zufällige Begegnung?;https://www.zeit.de/news/2026-08/10/toedlicher-angriff-in-bremen-eine-zufaellige-begegnung;Hier finden Sie Informationen zu dem Thema „Kriminalität“. Lesen Sie jetzt „Tödlicher Angriff in Bremen - Eine zufällige Begegnung?“.;Kriminalität;News, Kriminalität, Bremen, Angriff;2026-08-10T08:17:04+02:00;2026-08-10T08:17:04+02:00;;dpa;false
d0749a458f8c98e90cde314be96792dfd6298717e9c34df412ffe8cd8df0fdaf;Bahnstrecke im Main-Kinzig-Kreis ist wieder frei;https://www.zeit.de/news/2026-08/10/bahnstrecke-im-main-kinzig-kreis-ist-wieder-frei;Hier finden Sie Informationen zu dem Thema „Züge rollen“. Lesen Sie jetzt „Bahnstrecke im Main-Kinzig-Kreis ist wieder frei“.;Züge rollen;News, Züge rollen, Friedberg, Main-Kinzig, Hanau, Bahnstrecke;2026-08-10T08:11:20+02:00;2026-08-10T08:11:20+02:00;;dpa Hessen;false
109abca13d33d04457645a4f72c013eda68f548504175bc6e90c87fe53ad2db0;Warum die Hoffnung auf mehr Fischadler-Nachwuchs wächst;https://www.zeit.de/news/2026-08/10/warum-die-hoffnung-auf-mehr-fischadler-nachwuchs-waechst;Hier finden Sie Informationen zu dem Thema „Jungvogel des Jahres 2024“. Lesen Sie jetzt „Warum die Hoffnung auf mehr Fischadler-Nachwuchs wächst“.;Jungvogel des Jahres 2024;News, Jungvogel des Jahres 2024, Daniel Schmidt-Rothmund, Oberrhein, Afrika, Baden-Württemberg, Naturschutzbund Deutschland, NABU, Fischadler;2026-08-10T08:11:05+02:00;2026-08-10T08:11:05+02:00;;dpa Baden-Württemberg;false
3efe8cf825c8e5568d63accc89e036f1769fc898d5c2ea58f0f15b714ed87014;Waldbrandgefahr: Zweithöchste Stufe im Süden Brandenburgs;https://www.zeit.de/news/2026-08/10/waldbrandgefahr-zweithoechste-stufe-im-sueden-brandenburgs;Hier finden Sie Informationen zu dem Thema „Trockenheit“. Lesen Sie jetzt „Waldbrandgefahr: Zweithöchste Stufe im Süden Brandenburgs“.;Trockenheit;News, Trockenheit, Brandenburg, Dahme-Spreewald, Oberspreewald-Lausitz, Spree-Neiße, Waldbrandgefahr, Trockenheit, Brandgefahr, Waldbrand;2026-08-10T08:07:34+02:00;2026-08-10T08:07:34+02:00;;dpa Berlin/Brandenburg;false
dd4eb36b7f9100487129a06a647776ca07a37f24540d802da5837d2edc455e55;Sonnenfinsternis am Mittwoch – wie wird das Wetter?;https://www.zeit.de/news/2026-08/10/sonnenfinsternis-am-mittwoch-wie-wird-das-wetter;Hier finden Sie Informationen zu dem Thema „Wetter“. Lesen Sie jetzt „Sonnenfinsternis am Mittwoch – wie wird das Wetter?“.;Wetter;News, Wetter, Hessen, Sonnenfinsternis, Wetter;2026-08-10T08:01:35+02:00;2026-08-10T08:01:35+02:00;;dpa Hessen;false
bddc115a9cd0fb76121dbf28f37140053a58e3f5c313687bd4c1fa7728f0e3b2;Stress bei Bestattern wegen vieler Hitzetoter;https://www.zeit.de/news/2026-08/10/stress-bei-bestattern-wegen-vieler-hitzetoter;Hier finden Sie Informationen zu dem Thema „Tödliche Hitze“. Lesen Sie jetzt „Stress bei Bestattern wegen vieler Hitzetoter“.;Tödliche Hitze;News, Tödliche Hitze, Hessen, Deutsche Presse-Agentur, Stress, Bestattungsinstitut, Hitze, Grenze, Sommer;2026-08-10T08:00:04+02:00;2026-08-10T08:00:04+02:00;;dpa Hessen;false
3e5f575f60f348db929a193e6b5e58af283f78f53f747e9a48af42d94a17057d;Auto prallt gegen Bäume – mehrere Verletzte bei Unfall;https://www.zeit.de/news/2026-08/10/auto-prallt-gegen-baeume-mehrere-verletzte-bei-unfall;Hier finden Sie Informationen zu dem Thema „Zu schnell unterwegs?“. Lesen Sie jetzt „Auto prallt gegen Bäume – mehrere Verletzte bei Unfall“.;Zu schnell unterwegs?;News, Zu schnell unterwegs?, Unterreichenbach, Calw, Kreisstraße, Polizei, Unfall, Auto;2026-08-10T07:59:47+02:00;2026-08-10T07:59:47+02:00;;dpa Baden-Württemberg;false
f8cc0563e57f21efffe06dc68190cada1baa1e760dec2a63fddf50aead9cad57;Tote auf den Philippinen durch Tropenstürme und Monsun;https://www.zeit.de/news/2026-08/10/tote-auf-den-philippinen-durch-tropenstuerme-und-monsun;Hier finden Sie Informationen zu dem Thema „Unwetter“. Lesen Sie jetzt „Tote auf den Philippinen durch Tropenstürme und Monsun“.;Unwetter;News, Unwetter, Philippinen, Tropensturm, Monsun, Erdrutsche, Katastrophenschutzbehörde, Unwetter, Überschwemmung;2026-08-10T07:58:03+02:00;2026-08-10T07:58:03+02:00;;dpa;false
840c76bfa2d30b47941cb97efdd7bdf9983af82f18814c1ad6a4509f34afc86f;Die zersplitterten Staaten von Amerika;https://www.zeit.de/politik/ausland/2026-08/republikaner-demokraten-usa-parteien-bewegungen-5vor8;Die USA könnten vor großen Veränderungen stehen. Während bei den Republikanern ein Ende Trumps zur Spaltung führen kann, streiten bei den Demokraten Linke und Zentristen.;"Z+ (abopflichtiger Inhalt);
        
    USA";Politik, USA, USA, Demokratie, Demokraten (USA), Republikaner (USA), Donald Trump;2026-08-10T07:55:27+02:00;2026-08-10T07:55:27+02:00;Johanna Roth;;false
1fa4480dc412e57cf41515102f160d4c2db5c02d7fec9bf88b4ef413d686f1aa;Wetterdienst warnt vor Hitze in weiten Teilen Süddeutschlands;https://www.zeit.de/wissenschaft/umwelt/2026-08/hitzewarnung-sueddeutschland-dwd-gewitter-schulstart-gxe;In Süddeutschland bleibt es heiß, der Wetterdienst warnt. In Hessen, Rheinland-Pfalz und dem Saarland müssen Kinder trotzdem wieder in die Schule, die Ferien sind vorbei.;Hitzewarnung in Süddeutschland;Wissenschaft, Hitzewarnung in Süddeutschland, DWD, Hitze, Gewitter, Süddeutschland, Hitzewarnung;2026-08-10T07:37:56+02:00;2026-08-10T07:37:56+02:00;yer;DIE ZEIT,        dpa,        							yer;false
560c1aa4d9fd9a66dc2927f641a2d33107e212df678b4349a5aa52e57cac2dbb;Mehr als 400.000 Menschen vor Taifun in China in Sicherheit gebracht;https://www.zeit.de/gesellschaft/zeitgeschehen/2026-08/taifun-dolphin-china-evakuierungen-shanghai-zhejiang-fluege-gxe;Der Taifun Dolphin erhöht an Chinas Ostküste die Gefahr von Überschwemmungen und Erdrutschen. Hunderttausende Menschen mussten ihre Häuser verlassen.;Taifun;Gesellschaft, Taifun, China, Shanghai, Taifun, Naturkatastrophe, Evakuierung;2026-08-10T07:22:29+02:00;2026-08-10T07:22:29+02:00;man;DIE ZEIT,        AP,        AFP,        							man;false
af87d86cdd9424529f0c82e8a33db7f6dd6e1139504ebdc6f2fb0005b36589d8;Unbeständiger Wochenstart – ab Dienstag wird es sonniger;https://www.zeit.de/news/2026-08/10/unbestaendiger-wochenstart-ab-dienstag-wird-es-sonniger;Hier finden Sie Informationen zu dem Thema „Wetter“. Lesen Sie jetzt „Unbeständiger Wochenstart – ab Dienstag wird es sonniger“.;Wetter;News, Wetter, Mecklenburg-Vorpommern, DWD, Wetter;2026-08-10T07:16:55+02:00;2026-08-10T07:16:55+02:00;;dpa Mecklenburg-Vorpommern;false
8746a5ef88e7a868cd3f57a1a8a0c0f40df3e6772d7462b6bf7690a2c8eef454;Mindestlohnbetrug erzeugt laut Studie 64 Milliarden Euro Schaden;https://www.zeit.de/wirtschaft/2026-08/mindestlohn-umgehung-zoll-dgb-arbeitgeber-gxe;Wegen Verstößen gegen den Mindestlohn dürften Beschäftigten und dem Staat seit 2015 Milliarden Euro entgangen sein. Das hat der Deutsche Gewerkschaftsbund berechnet.;Beschäftigung;Arbeit, Beschäftigung, DGB, Bundesvereinigung der Deutschen Arbeitgeberverbände, Arbeitgeber, Mindestlohn, Zoll;2026-08-10T07:13:57+02:00;2026-08-10T07:13:57+02:00;jtrvsp;DIE ZEIT,        dpa,        							jtr					,        							vsp;false
c5132ea3d0299c4311baada12891f5124c387854604014b9ae2c20c2493c9902;Nach wechselhaftem Start wird die Woche sonnig und trocken;https://www.zeit.de/news/2026-08/10/nach-wechselhaftem-start-wird-die-woche-sonnig-und-trocken;Hier finden Sie Informationen zu dem Thema „Wetter-Ausblick“. Lesen Sie jetzt „Nach wechselhaftem Start wird die Woche sonnig und trocken“.;Wetter-Ausblick;News, Wetter-Ausblick, DWD, Wetter;2026-08-10T07:11:38+02:00;2026-08-10T07:11:38+02:00;;dpa Berlin/Brandenburg;false
26f696d6d06652e10df42a00dc6092ab57a8294c5fb8a352d6f0abd3ee5fc20e;Fahrgastverband Pro Bahn fordert strengere Ziele für die Bahn;https://www.zeit.de/mobilitaet/2026-08/bahn-puenktlichkeit-definition-pro-bahn-verspaetung-schweiz-gxe;Die Bonuszahlungen für Bahnmanager sollen künftig an konkrete Ziele gekoppelt werden. Der Fahrgastverband Pro Bahn fordert etwa, die Pünktlichkeit strenger zu definieren.;Bahn-Pünktlichkeit;Mobilitaet, Bahn-Pünktlichkeit, Bundesregierung, Steffen Bilger, CDU, Deutsche Bahn, Unternehmensziel, Führungsebene;2026-08-10T07:02:06+02:00;2026-08-10T07:02:06+02:00;yer;DIE ZEIT,        							yer;false
9d850becbd3382df0f7a459bbeafd95563126d7942b03657e932b0eb12a78b62;Neun Verletzte bei Zusammenstoß in Schwaben;https://www.zeit.de/news/2026-08/10/neun-verletzte-bei-zusammenstoss-in-schwaben;Hier finden Sie Informationen zu dem Thema „Verkehr“. Lesen Sie jetzt „Neun Verletzte bei Zusammenstoß in Schwaben“.;Verkehr;News, Verkehr, Zusammenstoß, Unfall, Sekundenschlaf, Verkehr, Auto;2026-08-10T07:00:08+02:00;2026-08-10T07:00:08+02:00;;dpa Bayern;false
699af011c7936ecd0a861b599a8d014d0f367fd68dd51e0e6a676101e55957f8;Bis zu 36 Grad - vereinzelt kräftige Gewitter für Bayern;https://www.zeit.de/news/2026-08/10/bis-zu-36-grad-vereinzelt-kraeftige-gewitter-fuer-bayern;Hier finden Sie Informationen zu dem Thema „Wetter“. Lesen Sie jetzt „Bis zu 36 Grad - vereinzelt kräftige Gewitter für Bayern“.;Wetter;News, Wetter, Bayern, Alpen, DWD, Gewitter, Wetter;2026-08-10T06:57:58+02:00;2026-08-10T06:57:58+02:00;;dpa Bayern;false
f187f29041cfd5e80ebfe6ef322548b62287d80e5756585e01abb03453f0e6ca;350 humanitäre Helfer starben im vergangenen Jahr im Einsatz;https://www.zeit.de/gesellschaft/zeitgeschehen/2026-08/humanitaere-helfer-tote-gazastreifen-sudan-awsd-gxe;Das Völkerrecht schützt Helfer in Krisenregionen, dennoch sind sie oft Angriffen ausgesetzt. Mehr als die Hälfte der 2025 getöteten Hilfskräfte starb im Gazastreifen.;Krisengebiete;Gesellschaft, Krisengebiete, Hilfsorganisation, Gazastreifen, Sudan, Völkerrecht;2026-08-10T06:53:56+02:00;2026-08-10T06:53:56+02:00;jj;DIE ZEIT,        AFP,        epd,        							jj;false
ee0bdf83466f953b16ff328b68fc3bf9f0da105535ad8f598978cd767d1c6e95;TV-Star hat fernsehfreies Wohnzimmer;https://www.zeit.de/news/2026-08/10/tv-star-hat-fernsehfreies-wohnzimmer;Hier finden Sie Informationen zu dem Thema „Erziehung“. Lesen Sie jetzt „TV-Star hat fernsehfreies Wohnzimmer“.;Erziehung;News, Erziehung, Bildschirmzeit, Familie;2026-08-10T06:40:04+02:00;2026-08-10T06:40:04+02:00;;dpa Nordrhein-Westfalen;false
18739ffcc737e501de6780a5a0e5acc56214aeab9fbde6321d92a99186acd3c4;Zwei Beinahe-Kollisionen: Flughafen Sydney unter Druck;https://www.zeit.de/news/2026-08/10/zwei-beinahe-kollisionen-flughafen-sydney-unter-druck;Hier finden Sie Informationen zu dem Thema „Australiens größter Flughafen“. Lesen Sie jetzt „Zwei Beinahe-Kollisionen: Flughafen Sydney unter Druck“.;Australiens größter Flughafen;News, Australiens größter Flughafen, Rob Sharp, Catherine King, Australien, Flughafen, Rollfeld;2026-08-10T06:16:18+02:00;2026-08-10T06:16:18+02:00;;dpa;false
e3ace4153b9b2eb91a3559c95303a0a993bd7c9545a288a0c0899a60b33d7e07;Trüber Wochenstart im Norden;https://www.zeit.de/news/2026-08/10/trueber-wochenstart-im-norden;Hier finden Sie Informationen zu dem Thema „Wetter“. Lesen Sie jetzt „Trüber Wochenstart im Norden“.;Wetter;News, Wetter, Hamburg, DWD, Bewölkung, Wetter;2026-08-10T06:15:06+02:00;2026-08-10T06:15:06+02:00;;dpa Hamburg/Schleswig-Holstein;false
3485c9d720950ea5f419f33661dffdee74d22ca707c01381a37b6b4528dcaa05;Mehr Gitarren, weniger Glitzer: Hamburgs neues Rockfestival;https://www.zeit.de/hamburg/2026-08/elbvertiefung-10-08-2026;Die Elbvertiefung am Montag – Mit einem Ausflug mit Bosse nach Amrum und einer Rückschau auf das neue Hamburger Rockfestival »Amplifire«;Elbvertiefung: Der tägliche Newsletter aus Hamburg;Hamburg, Elbvertiefung: Der tägliche Newsletter aus Hamburg, Annika Lasarzik, Peter Tschentscher, Andreas Dressel, Axel Bosse, Hamburg, Amrum, Wilhelmsburg, Nordfriesland, Moshpit, Norddorf;2026-08-10T06:00:06+02:00;2026-08-10T06:00:06+02:00;Annika Lasarzik;;false
a20c6242e856e78096e4f4cd0ac902ae9e4c05cdc4d6b443a0e011250f8f7f7e;Generationenaufgabe Wasser: Reicht der Vorrat noch?;https://www.zeit.de/news/2026-08/10/generationenaufgabe-wasser-reicht-der-vorrat-noch;Hier finden Sie Informationen zu dem Thema „Wasserversorgung“. Lesen Sie jetzt „Generationenaufgabe Wasser: Reicht der Vorrat noch?“.;Wasserversorgung;News, Wasserversorgung, Daniel Hertel, Andy Philipp, Elbe, Dresden, Sachsen, Ostdeutschland, Atlantik, Erzgebirge, Ostsachsen, Lausitz;2026-08-10T06:00:05+02:00;2026-08-10T06:00:05+02:00;;dpa Sachsen;false
0ee69f3cdcd4b4c3157ec2eb65ac8ed3021b30e5425eea6b4d2fcd7317bf8ebc;Appetit auf einen Aperitif? Probieren Sie doch mal diesen Kuchen!;https://www.zeit.de/zeit-magazin/wochenmarkt/2026-08/olivenoelkuchen-rezept-campari-nektarinen-wochenmarkt;Aperitifs wie Campari glänzen im Glas, aber haben Sie ihn mal im Kuchen probiert? In diesem Rezept liefert er die nötige Herbe zur Süße der pochierten Nektarinen.  ;"Z+ (abopflichtiger Inhalt);
        
    Olivenölkuchen";vegetarische Rezepte, backen, Sommer, Desserts;2026-08-10T05:51:01+02:00;2026-08-10T05:51:01+02:00;Yelda Yilmaz;;false
23f983bbcb7aa4cc27dcc68707ebf4abd73a1f0e4487225194e49ae058903904;Wem gehört Bali? - Wie digitale Nomaden eine Insel verändern;https://www.zeit.de/news/2026-08/10/wem-gehoert-bali-wie-digitale-nomaden-eine-insel-veraendern;Hier finden Sie Informationen zu dem Thema „Bauboom statt Reisfelder“. Lesen Sie jetzt „Wem gehört Bali? - Wie digitale Nomaden eine Insel verändern“.;Bauboom statt Reisfelder;News, Bauboom statt Reisfelder, Mann, Canggu, Europa, Russland, Australien, Bauboom, Sonnenaufgang, Influencer;2026-08-10T05:50:08+02:00;2026-08-10T05:50:08+02:00;;dpa;false
5542ecc4bc77d675825149b9c4f43a467fc56d40497f1963cec3443a3697bd82;Westeuropa erlebte heißesten Juni und Juli seit Aufzeichnungsbeginn;https://www.zeit.de/wissenschaft/umwelt/2026-08/westeuropa-erlebt-heissesten-juni-und-juli-seit-aufzeichnungsbeginn-gxe;Im Schnitt lag die Temperatur in beiden Sommermonaten bei 21,62 Grad. Auch die Weltmeere sind so warm wie nie. Das zeigen neue Daten des EU-Klimadienstes Copernicus.;Klimawandel;Wissenschaft, Klimawandel, Klimawandel, Westeuropa, Hitze, Statistik, Aufzeichnungsbeginn;2026-08-10T05:43:56+02:00;2026-08-10T05:43:56+02:00;jj;DIE ZEIT,        dpa,        							jj;false
8fd2268eb1b06e499e11d05bc50aeb61680a2b440f53ef3ad55d515e8fcb7c3f;»Abfindungen sind keine Dankeszahlung«;https://www.zeit.de/arbeit/2026-08/wolfgang-lipinski-anwalt-abfindungen-arbeitsrecht;Wolfgang Lipinski berät Firmen, die Abteilungen schließen. Hier erzählt der Anwalt, wie Chefs Abfindungen drücken und wann Angestellte ein Angebot annehmen sollten.;"Z+ (abopflichtiger Inhalt);
        
    Wolfgang Lipinski";Arbeit, Wolfgang Lipinski, Abfindung, Personalabbau, Kündigung, Arbeitsrecht, Unternehmen, Betriebsrat;2026-08-10T05:42:29+02:00;2026-08-10T05:42:29+02:00;David Gutensohn;;false
c64492afa7f4905fcd0ec5ee22ec93abea20a667d8048cd32d2ab9a8fcbb9530;Das war keine Warnung, das war ein Angriff;https://www.zeit.de/politik/deutschland/2026-08/drohne-leipzig-flughafen-sprengstoff-kameraaufnahmen;Der Flughafen Leipzig ist wohl noch knapper einer Katastrophe entgangen als bislang bekannt. Die bewaffnete Drohne schlug nach ZEIT-Informationen auf einem Flugzeug ein.;"Z+ (abopflichtiger Inhalt);
        
    Drohne am Leipziger Flughafen";Politik, Drohne am Leipziger Flughafen, Leipzig, Flughafen, Drohne, Bundesregierung, Sicherheitspolitik;2026-08-10T05:38:06+02:00;2026-08-10T05:38:06+02:00;Anne Hähnig;;false
dadf5892cc34e8821f9a96273241647a885969ad569bfbfde3f1b3e33e78925f;Fünf Euro für Elphi-Plaza: Stadt erwartet Besucherrückgang;https://www.zeit.de/news/2026-08/10/fuenf-euro-fuer-elphi-plaza-stadt-erwartet-besucherrueckgang;Hier finden Sie Informationen zu dem Thema „Konzerthaus an der Elbe“. Lesen Sie jetzt „Fünf Euro für Elphi-Plaza: Stadt erwartet Besucherrückgang“.;Konzerthaus an der Elbe;News, Konzerthaus an der Elbe, Marie Kleinert, Elbe, Deutsche Presse-Agentur, Besucherrückgang, Elbphilharmonie, Aussichtsplattform, Eintritt, Laeiszhalle;2026-08-10T05:30:06+02:00;2026-08-10T05:30:06+02:00;;dpa Hamburg/Schleswig-Holstein;false
3a7eaf21125e109a99f7ea7180a21a8385c49df8199291223f1fb048387e4e32;Verfassungsschutz sieht Bedeutungsverlust der Roten Flora;https://www.zeit.de/news/2026-08/10/verfassungsschutz-sieht-bedeutungsverlust-der-roten-flora;Hier finden Sie Informationen zu dem Thema „Linksextremismus“. Lesen Sie jetzt „Verfassungsschutz sieht Bedeutungsverlust der Roten Flora“.;Linksextremismus;News, Linksextremismus, Torsten Voß, Hamburg, Berlin, Leipzig, Rote Flora, Schanzenviertel, Verfassungsschutz, Landesamt für Verfassungsschutz, Deutsche Presse-Agentur, Polizei;2026-08-10T05:30:05+02:00;2026-08-10T05:30:05+02:00;;dpa Hamburg/Schleswig-Holstein;false
974b4caac8fd9a3db1a0db73fcc502213e6d770b924cd8581dd33f75fa4ef350;Großbrand in ehemaliger Schleifmittelfabrik;https://www.zeit.de/news/2026-08/10/grossbrand-in-ehemaliger-schleifmittelfabrik;Hier finden Sie Informationen zu dem Thema „Dutzende Anwohner evakuiert“. Lesen Sie jetzt „Großbrand in ehemaliger Schleifmittelfabrik“.;Dutzende Anwohner evakuiert;News, Dutzende Anwohner evakuiert, Lutz Hannemann, Göttingen, Schleifmittelfabrik, Großbrand, Sicherheit;2026-08-10T05:29:43+02:00;2026-08-10T05:29:43+02:00;;dpa Hessen;false
00bf9798004e9fd2481f2a2357abd5cc624657bce009c30b699b4c2e8b864012;Rente, Pflege, Wahlen - volles Programm für Merz im Herbst;https://www.zeit.de/news/2026-08/10/rente-pflege-wahlen-volles-programm-fuer-merz-im-herbst;Hier finden Sie Informationen zu dem Thema „Nach der Sommerpause“. Lesen Sie jetzt „Rente, Pflege, Wahlen - volles Programm für Merz im Herbst“.;Nach der Sommerpause;News, Nach der Sommerpause, Friedrich Merz, Jens Spahn, Christiane Schenderlein, Steffen Bilger, Lars Klingbeil, Bärbel Bas, Berlin, Sachsen-Anhalt, Mecklenburg-Vorpommern, CDU;2026-08-10T05:27:05+02:00;2026-08-10T05:27:05+02:00;;dpa;false
9c94b0fb2e00f373a1bb8e2743060e9c47a9edf05a8c11c77309c39db4b3af0c;Reit-Ikone Werth über soziale Medien: «Wir haben da Stalker»;https://www.zeit.de/news/2026-08/10/reit-ikone-werth-ueber-soziale-medien-wir-haben-da-stalker;Hier finden Sie Informationen zu dem Thema „Pferdesport“. Lesen Sie jetzt „Reit-Ikone Werth über soziale Medien: «Wir haben da Stalker»“.;Pferdesport;News, Pferdesport, Werth, Aachen, FAZ, Pferdesport, Diskussionskultur, Stalker, Soziale Medien;2026-08-10T05:20:04+02:00;2026-08-10T05:20:04+02:00;;dpa Nordrhein-Westfalen;false
bced6bcabab3e25883b4d71dd3a046aebb9459f603397790580e41610dec1c41;19-Jährige bei Unfall auf Bundesstraße tödlich verletzt;https://www.zeit.de/news/2026-08/10/19-jaehrige-bei-unfall-auf-bundesstrasse-toedlich-verletzt;Hier finden Sie Informationen zu dem Thema „Verkehr“. Lesen Sie jetzt „19-Jährige bei Unfall auf Bundesstraße tödlich verletzt“.;Verkehr;News, Verkehr, Rastatt, Polizei, Unfall, Bundesstraße, Verkehr, Auto;2026-08-10T05:11:19+02:00;2026-08-10T05:11:19+02:00;;dpa Baden-Württemberg;false
2f84a5c8c7f5c051e59c0e1030d994db5a11d5581bf00e8650952fd0d4349afe;Trump zu Iran-Diplomatie: «Es ist wie eine Schachpartie»;https://www.zeit.de/news/2026-08/10/trump-zu-iran-diplomatie-es-ist-wie-eine-schachpartie;Hier finden Sie Informationen zu dem Thema „Lage im Überblick“. Lesen Sie jetzt „Trump zu Iran-Diplomatie: «Es ist wie eine Schachpartie»“.;Lage im Überblick;News, Lage im Überblick, Donald Trump, Iran, Teheran, USA, Oman, Jemen, Straße von Hormus, X, Huthi, Schachpartie;2026-08-10T05:10:06+02:00;2026-08-10T05:10:06+02:00;;dpa;false
65473ce900040d14ce985bc85eb71530aeb8559d8b92728aa8d024612cea934b;Umfrage: Bei Direktwahl läge CDU-Kandidat vorne;https://www.zeit.de/news/2026-08/10/umfrage-bei-direktwahl-laege-cdu-kandidat-vorne;Hier finden Sie Informationen zu dem Thema „Wahlen in Berlin“. Lesen Sie jetzt „Umfrage: Bei Direktwahl läge CDU-Kandidat vorne“.;Wahlen in Berlin;News, Wahlen in Berlin, Stefan Evers, Kristin Brinker, Berlin, Tagesspiegel, CDU, Civey, Alternative für Deutschland, Direktwahl, Umfrage;2026-08-10T05:01:04+02:00;2026-08-10T05:01:04+02:00;;dpa Berlin/Brandenburg;false
a13362e5e1440086a5db245d9ec86b6cd65da8fb3113120dde5f2331cab4f043;Auszeit mit der Knolle im kuscheligen Kartoffel-Hotel;https://www.zeit.de/news/2026-08/10/auszeit-mit-der-knolle-im-kuscheligen-kartoffel-hotel;Hier finden Sie Informationen zu dem Thema „Besondere Orte“. Lesen Sie jetzt „Auszeit mit der Knolle im kuscheligen Kartoffel-Hotel“.;Besondere Orte;News, Besondere Orte, Olaf Stehr, Angelika Offermann, Renate Mitulla, Lübeln, Hitzacker, Japan, Elbe, Stade, Niedersachsen, Auszeit;2026-08-10T05:00:42+02:00;2026-08-10T05:00:42+02:00;;dpa Niedersachsen;false
7765b21771efee5aedbadf29693f6d6654fdb15038442f68047df18de2b3949f;Was die anhaltende Trockenheit mit den Bäumen macht;https://www.zeit.de/news/2026-08/10/was-die-anhaltende-trockenheit-mit-den-baeumen-macht;Hier finden Sie Informationen zu dem Thema „Herbst im Sommer“. Lesen Sie jetzt „Was die anhaltende Trockenheit mit den Bäumen macht“.;Herbst im Sommer;News, Herbst im Sommer, Elbe, Donau, Europa, NRW, Rhein, Wuppertal, Technische Universität München, Trockenheit, Hitzerekord, Niedrigwasserstand;2026-08-10T05:00:39+02:00;2026-08-10T05:00:39+02:00;;dpa;false
aef694f7d9d25620da82fad759fbf39f54f71ba91a318bd297d223255f159601;Wie ein KZ-Überlebender und ein Ex-Nazi ein Mahnmal schufen;https://www.zeit.de/news/2026-08/10/wie-ein-kz-ueberlebender-und-ein-ex-nazi-ein-mahnmal-schufen;Hier finden Sie Informationen zu dem Thema „80 Jahre Mahnmal Itzehoe“. Lesen Sie jetzt „Wie ein KZ-Überlebender und ein Ex-Nazi ein Mahnmal schufen“.;80 Jahre Mahnmal Itzehoe;News, 80 Jahre Mahnmal Itzehoe, Oliver Auge, Michael Legband, Gyula Trebitsch, Johann Friedrich, Itzehoe, Wöbbelin, Chile-Haus, Schleswig-Holstein, SPD, Mahnmal;2026-08-10T05:00:30+02:00;2026-08-10T05:00:30+02:00;;dpa Hamburg/Schleswig-Holstein;false
9498d5dfb8b93f063dcb976443e1482bf647e3351b4fb666f781efad8602a997;Im Mond-Schatten: Wie Forscher die Sonnenfinsternis nutzen;https://www.zeit.de/news/2026-08/10/im-mond-schatten-wie-forscher-die-sonnenfinsternis-nutzen;Hier finden Sie Informationen zu dem Thema „Zur Sonnenfinsternis am 12.8.“. Lesen Sie jetzt „Im Mond-Schatten: Wie Forscher die Sonnenfinsternis nutzen“.;Zur Sonnenfinsternis am 12.8.;News, Zur Sonnenfinsternis am 12.8., Daniel Müller, Albert Einstein, Grönland, Island, Spanien, Soho, NASA, Sonnenfinsternis, Himmelsspektakel;2026-08-10T05:00:28+02:00;2026-08-10T05:00:28+02:00;;dpa;false
07f4cb247747b3a98eb16aecb437c83739c6357eff08bdaf79eeb42cd7b035e4;Stand-up-Paddling: Was auf dem Wasser zu beachten ist;https://www.zeit.de/news/2026-08/10/stand-up-paddling-was-auf-dem-wasser-zu-beachten-ist;Hier finden Sie Informationen zu dem Thema „Freizeit“. Lesen Sie jetzt „Stand-up-Paddling: Was auf dem Wasser zu beachten ist“.;Freizeit;News, Freizeit, Nicole Schubert, Harald Keller, Bayern, Abendsonne, Kanu, Coronavirus, Schiff;2026-08-10T05:00:21+02:00;2026-08-10T05:00:21+02:00;;dpa Bayern;false
871d17b947f6470baaeeb0577d68f76799a9e4c51470dfb9e9c5003f8584cd0f;Hoch hinaus: Wie kann man Pilot in Thüringen werden?;https://www.zeit.de/news/2026-08/10/hoch-hinaus-wie-kann-man-pilot-in-thueringen-werden;Hier finden Sie Informationen zu dem Thema „Flugschulen“. Lesen Sie jetzt „Hoch hinaus: Wie kann man Pilot in Thüringen werden?“.;Flugschulen;News, Flugschulen, Bernd Pulzer, Andreas Litzba, Thüringen, Flugschule, Heißluftballon, Motorflugzeug, Luftsportverband;2026-08-10T05:00:19+02:00;2026-08-10T05:00:19+02:00;;dpa Thüringen;false
870adb8595432cce68ee66b7aa6258306c32a2d587c336db651ed898e0abe700;Gedenken und Installation zum Jahrestag des Mauerbaus;https://www.zeit.de/news/2026-08/10/gedenken-und-installation-zum-jahrestag-des-mauerbaus;Hier finden Sie Informationen zu dem Thema „13. August 1961“. Lesen Sie jetzt „Gedenken und Installation zum Jahrestag des Mauerbaus“.;13. August 1961;News, 13. August 1961, Westen Berlin, Berlin, DDR, Brandenburger Tor, Berliner Mauer, CDU, Mauerbau, Museumsangebot, Gedenkveranstaltung, Jahrestag;2026-08-10T05:00:05+02:00;2026-08-10T05:00:05+02:00;;dpa Berlin/Brandenburg;false
88ab3b032f957cc2c8cb817dd1c3e4d83d754f739e40fa7f16944b5bf945d6a8;Naturschauspiele am Himmel;https://www.zeit.de/news/2026-08/10/naturschauspiele-am-himmel;Hier finden Sie Informationen zu dem Thema „Sonnenfinsternis am 12. August“. Lesen Sie jetzt „Naturschauspiele am Himmel“.;Sonnenfinsternis am 12. August;News, Sonnenfinsternis am 12. August, Monika Staesche, Berlin, Brandenburg, Naturschauspiel, Sonnenfinsternis, Planetarium;2026-08-10T05:00:04+02:00;2026-08-10T05:00:04+02:00;;dpa Berlin/Brandenburg;false
e9b0037e7b5f974adf143382db661893867ffbce5827e1f0110c6079e646f06f;Todespfleger: Ermittlungen in mehr als 120 weiteren Fällen;https://www.zeit.de/news/2026-08/10/todespfleger-ermittlungen-in-mehr-als-120-weiteren-faellen;Hier finden Sie Informationen zu dem Thema „Exhumierungen“. Lesen Sie jetzt „Todespfleger: Ermittlungen in mehr als 120 weiteren Fällen“.;Exhumierungen;News, Exhumierungen, Würselen, Köln, Staatsanwaltschaft, Deutsche Presse-Agentur, Exhumierung, Ermittlung, Mord, Verdachtsfall;2026-08-10T04:30:07+02:00;2026-08-10T04:30:07+02:00;;dpa;false
e0e917898be7c50177205958aeb94ddb2c7d32d3e97f98a8c880e763f154242d;Mann flieht mit getuntem E-Scooter vor Polizeikontrolle;https://www.zeit.de/news/2026-08/10/mann-flieht-mit-getuntem-e-scooter-vor-polizeikontrolle;Hier finden Sie Informationen zu dem Thema „Verfolgungsfahrt“. Lesen Sie jetzt „Mann flieht mit getuntem E-Scooter vor Polizeikontrolle“.;Verfolgungsfahrt;News, Verfolgungsfahrt, Oberbayern, Piding, Berchtesgadener Land, Polizei, Polizeikontrolle, Verfolgungsfahrt, Verfolgungsjagd, E-Scooter;2026-08-10T04:26:17+02:00;2026-08-10T04:26:17+02:00;;dpa Bayern;false
8a4565040872144e7e195af3fe55f017ee08729027b8a363eb5be35524e066e9;Wollitz-Kritik trotz Sieg: Keine Berechtigung für 2. Liga;https://www.zeit.de/news/2026-08/10/wollitz-kritik-trotz-sieg-keine-berechtigung-fuer-2-liga;Hier finden Sie Informationen zu dem Thema „2. Fußball-Bundesliga“. Lesen Sie jetzt „Wollitz-Kritik trotz Sieg: Keine Berechtigung für 2. Liga“.;2. Fußball-Bundesliga;News, 2. Fußball-Bundesliga, Claus-Dieter Wollitz, Hannover, FC Energie Cottbus, Hannover 96, Fußball-Bundesliga, Bundesliga, Kritik;2026-08-10T04:21:04+02:00;2026-08-10T04:21:04+02:00;;dpa Berlin/Brandenburg;false
ee358272ba2d7706b2bb37f9ac6c1e900ae40d63eb68e9eefc5ebbbd037b8436;Gefälschte Auto-Inserate: So gehen Betrüger vor;https://www.zeit.de/news/2026-08/10/gefaelschte-auto-inserate-so-gehen-betrueger-vor;Hier finden Sie Informationen zu dem Thema „Kriminelle Autoangebote“. Lesen Sie jetzt „Gefälschte Auto-Inserate: So gehen Betrüger vor“.;Kriminelle Autoangebote;News, Kriminelle Autoangebote, Stefan Obert, Süddeutschland, Baden-Württemberg, Polizei, Instagram, Autoangebot, Internetplattform, Täuschungsversuch, Unfallfahrzeug, Schnäppchenpreis;2026-08-10T04:15:05+02:00;2026-08-10T04:15:05+02:00;;dpa;false
b6bc53f9cbc15d2e45d4419c6fee33a180b5b0a5165e205bf80e075e6103135b;Juni und Juli waren in Westeuropa so warm wie noch nie;https://www.zeit.de/news/2026-08/10/juni-und-juli-waren-in-westeuropa-so-warm-wie-noch-nie;Hier finden Sie Informationen zu dem Thema „Hitze und Trockenheit“. Lesen Sie jetzt „Juni und Juli waren in Westeuropa so warm wie noch nie“.;Hitze und Trockenheit;News, Hitze und Trockenheit, Westeuropa;2026-08-10T04:02:32+02:00;2026-08-10T04:02:32+02:00;;dpa;false
3bbd02fe6be3f7ed898479a4abbbdcf423f26de211a084eed93615555240aab0;Göttinger Schule baut Gleitzeitmodell aus;https://www.zeit.de/news/2026-08/10/goettinger-schule-baut-gleitzeitmodell-aus;Hier finden Sie Informationen zu dem Thema „Erfolgreiche Testphase“. Lesen Sie jetzt „Göttinger Schule baut Gleitzeitmodell aus“.;Erfolgreiche Testphase;News, Erfolgreiche Testphase, Rinteln, Göttingen, Niedersachsen, Gleitzeitmodell, Testphase, Unterrichtsbeginn, Schuljahr, Gleitzeitregelung;2026-08-10T04:00:24+02:00;2026-08-10T04:00:24+02:00;;dpa Niedersachsen;false
f6a30538331ca045d197aa16a7a3c445c1d278cc2b127cf5fed8cfd09c3c49bd;Die Schule geht wieder los;https://www.zeit.de/news/2026-08/10/die-schule-geht-wieder-los;Hier finden Sie Informationen zu dem Thema „Ferienende“. Lesen Sie jetzt „Die Schule geht wieder los“.;Ferienende;News, Ferienende, Ute Eiling-Hütig, Rheinland-Pfalz, Reisen, Ferienende, Ferienjob, Sommerferien, Erstklässler;2026-08-10T04:00:15+02:00;2026-08-10T04:00:15+02:00;;dpa Rheinland-Pfalz/Saarland;false
ebdbba479b5d24962c503fba5d0c05cdc157c7fc98bd072075447361082519b2;Betrugswelle beim Autokauf: Polizei warnt vor Fake-Angeboten;https://www.zeit.de/news/2026-08/10/betrugswelle-beim-autokauf-polizei-warnt-vor-fake-angeboten;Hier finden Sie Informationen zu dem Thema „Kriminalität“. Lesen Sie jetzt „Betrugswelle beim Autokauf: Polizei warnt vor Fake-Angeboten“.;Kriminalität;News, Kriminalität, Polizei, Instagram, Betrugswelle, Autokauf, Fahrzeugangebot, Betrugsfall, Auto, Fahrzeug, Geld;2026-08-10T04:00:15+02:00;2026-08-10T04:00:15+02:00;;dpa Baden-Württemberg;false
0ec40efcd3f971e324db4150c1e0a5683231fcb3d2cd149625f0af1843fa4960;Zurück ins Klassenzimmer: Schulstart für Hunderttausende;https://www.zeit.de/news/2026-08/10/zurueck-ins-klassenzimmer-schulstart-fuer-hunderttausende;Hier finden Sie Informationen zu dem Thema „Ende der Ferien“. Lesen Sie jetzt „Zurück ins Klassenzimmer: Schulstart für Hunderttausende“.;Ende der Ferien;News, Ende der Ferien, Schulstart, Klassenzimmer;2026-08-10T04:00:14+02:00;2026-08-10T04:00:14+02:00;;dpa Hessen;false
a215ae6379d6a8a0084732ecf693437d780a5bb76602edd867e82900ee5661ca;Wärme und Trockenheit treiben Eichenprozessionsspinner an;https://www.zeit.de/news/2026-08/10/waerme-und-trockenheit-treiben-eichenprozessionsspinner-an;Hier finden Sie Informationen zu dem Thema „Raupe mit giftigen Brennhaaren“. Lesen Sie jetzt „Wärme und Trockenheit treiben Eichenprozessionsspinner an“.;Raupe mit giftigen Brennhaaren;News, Raupe mit giftigen Brennhaaren, Frankfurt, Wiesbaden, Fulda, Hessen, Kassel, Trockenheit, Brennhaar, Wärme, Raupe, Bekämpfungsmaßnahme;2026-08-10T04:00:14+02:00;2026-08-10T04:00:14+02:00;;dpa Hessen;false
802099f439f3cb00fcd8a3ab546e6a6c84717466482bb01499b1ef4badec12e2;Zäune, Litzen und Kettenvorhänge gegen Wölfe;https://www.zeit.de/news/2026-08/10/zaeune-litzen-und-kettenvorhaenge-gegen-woelfe;Hier finden Sie Informationen zu dem Thema „Herdenschutz“. Lesen Sie jetzt „Zäune, Litzen und Kettenvorhänge gegen Wölfe“.;Herdenschutz;News, Herdenschutz, Julian Sandrini, Marie-Luise Schmitt, Alsenz, Pfalz, Kluwo, Münchweiler, Rheinland-Pfalz, Westerwald, Kettenvorhang, Litze;2026-08-10T04:00:11+02:00;2026-08-10T04:00:11+02:00;;dpa Rheinland-Pfalz/Saarland;false
9bced4f3d2492e8c8faffe41e50f772839fa3bb64b72fe2f40719bf9416ec9ff;Trotz gestrichener Milliarden: Eli-Lilly-Werk Alzey im Plan;https://www.zeit.de/news/2026-08/10/trotz-gestrichener-milliarden-eli-lilly-werk-alzey-im-plan;Hier finden Sie Informationen zu dem Thema „Pharma“. Lesen Sie jetzt „Trotz gestrichener Milliarden: Eli-Lilly-Werk Alzey im Plan“.;Pharma;News, Pharma, Alzey, Eli Lilly, Deutsche Presse-Agentur, Bundesregierung, Milliardeninvestition, Produktionsstätte, Pharma;2026-08-10T04:00:09+02:00;2026-08-10T04:00:09+02:00;;dpa Rheinland-Pfalz/Saarland;false
eb77b0df186e036b1eceb63c9773ba110be00e0c053df39c05e5dfa91dc5a078;Warum sich Störche in Sachsen-Anhalt wohlfühlen;https://www.zeit.de/news/2026-08/10/warum-sich-stoerche-in-sachsen-anhalt-wohlfuehlen;Hier finden Sie Informationen zu dem Thema „Tiere“. Lesen Sie jetzt „Warum sich Störche in Sachsen-Anhalt wohlfühlen“.;Tiere;News, Tiere, Michael Arens, Altmark, Elbe, Sachsen-Anhalt, Naturschutzbund Deutschland, Storch, Weißstorch, Tiere, Storchenjahr;2026-08-10T04:00:07+02:00;2026-08-10T04:00:07+02:00;;dpa Sachsen;false
cb0ff740d8b6d2fdb6461e2deab1015dc7dd9fdcaa50bb58dc81c93471281022;«Schicksalstag» - als der Krieg in Rheinsberg einschlug;https://www.zeit.de/news/2026-08/10/schicksalstag-als-der-krieg-in-rheinsberg-einschlug;Hier finden Sie Informationen zu dem Thema „Kriegsende in einer Kleinstadt“. Lesen Sie jetzt „«Schicksalstag» - als der Krieg in Rheinsberg einschlug“.;Kriegsende in einer Kleinstadt;News, Kriegsende in einer Kleinstadt, Knut Elstermann, Karl Recke, Rheinsberg, Brandenburg, Sachsenhausen, Schicksalstag, Kriegsende;2026-08-10T04:00:07+02:00;2026-08-10T04:00:07+02:00;;dpa Berlin/Brandenburg;false
e81bf3bcc8037c3d43ccfd08266c3661200c5391018d76227f03c877c698be59;Unternehmer Stihl: 35-Stunden-Woche nicht mehr zeitgemäß;https://www.zeit.de/news/2026-08/10/unternehmer-stihl-35-stunden-woche-nicht-mehr-zeitgemaess;Hier finden Sie Informationen zu dem Thema „Streit um Arbeitszeit“. Lesen Sie jetzt „Unternehmer Stihl: 35-Stunden-Woche nicht mehr zeitgemäß“.;Streit um Arbeitszeit;News, Streit um Arbeitszeit, Nikolas Stihl, Waiblingen, IG Metall, Mercedes-Benz, Deutsche Presse-Agentur, Elektroindustrie, Metall;2026-08-10T04:00:06+02:00;2026-08-10T04:00:06+02:00;;dpa;false
af9fdfca04a12fc9ac9b2314b6e92a528393cd45a886b62e51a35dfe21cb1f39;Zeckenstiche: Zahl von FSME-Erkrankungen leicht erhöht;https://www.zeit.de/news/2026-08/10/zeckenstiche-zahl-von-fsme-erkrankungen-leicht-erhoeht;Hier finden Sie Informationen zu dem Thema „Zeckengefahr“. Lesen Sie jetzt „Zeckenstiche: Zahl von FSME-Erkrankungen leicht erhöht“.;Zeckengefahr;News, Zeckengefahr, Judith Gerlach, Bayern, CSU, Zeckenstich, Zeckengefahr, Zecke, FSME;2026-08-10T04:00:05+02:00;2026-08-10T04:00:05+02:00;;dpa Bayern;false
3efda702063f3e62b559e0aa60e73d0d6ce0cc02052aacf455dfb38e5de617f4;Mann in Berlin auf offener Straße durch Schüsse getötet;https://www.zeit.de/news/2026-08/10/mann-in-berlin-auf-offener-strasse-durch-schuesse-getoetet;Hier finden Sie Informationen zu dem Thema „Kriminalität“. Lesen Sie jetzt „Mann in Berlin auf offener Straße durch Schüsse getötet“.;Kriminalität;News, Kriminalität, Berlin;2026-08-10T03:37:20+02:00;2026-08-10T03:37:20+02:00;;dpa;false
e1ff0a0127116796750884f98995e7124b5463198f1dc51ce7e1b4f11adfea1e;Prozess um getöteten Gerichtsvollzieher geht dem Ende zu;https://www.zeit.de/news/2026-08/10/prozess-um-getoeteten-gerichtsvollzieher-geht-dem-ende-zu;Hier finden Sie Informationen zu dem Thema „Tat im November 2025“. Lesen Sie jetzt „Prozess um getöteten Gerichtsvollzieher geht dem Ende zu“.;Tat im November 2025;News, Tat im November 2025, Saarbrücken;2026-08-10T03:30:05+02:00;2026-08-10T03:30:05+02:00;;dpa Rheinland-Pfalz/Saarland;false
23631b0d4617e3c1103d67585cf7605dad0bcc9eef962b854be277e2fad0f915;Eichenprozessionsspinner: Befall nimmt in Hessen deutlich zu;https://www.zeit.de/news/2026-08/10/eichenprozessionsspinner-befall-nimmt-in-hessen-deutlich-zu;Hier finden Sie Informationen zu dem Thema „Raupe mit giftigen Brennhaaren“. Lesen Sie jetzt „Eichenprozessionsspinner: Befall nimmt in Hessen deutlich zu“.;Raupe mit giftigen Brennhaaren;News, Raupe mit giftigen Brennhaaren, Hessen, Befall, Brennhaar, Raupe, Landesbetrieb, Eichenprozessionsspinner, Wald;2026-08-10T03:30:04+02:00;2026-08-10T03:30:04+02:00;;dpa Hessen;false
7f74d0a7c7b12850d248a9875e6afa0bce4eb9ff867fb25ec10b46b080c8cb86;Zwei Unfälle kurz nacheinander auf A7 - mehrere Verletzte;https://www.zeit.de/news/2026-08/10/zwei-unfaelle-kurz-nacheinander-auf-a7-mehrere-verletzte;Hier finden Sie Informationen zu dem Thema „Verkehr“. Lesen Sie jetzt „Zwei Unfälle kurz nacheinander auf A7 - mehrere Verletzte“.;Verkehr;News, Verkehr, Neumünster, Unfall, Verkehr, Fahrzeug;2026-08-10T03:18:19+02:00;2026-08-10T03:18:19+02:00;;dpa Hamburg/Schleswig-Holstein;false
58cf9b01318e37d39aeff00914be804dc6b1a31899daf9c6ff150cbfa0f08233;Huthis verstärken Angriffe auf Saudi-Arabiens Waffenlager;https://www.zeit.de/politik/ausland/2026-08/jemen-huthi-saudi-arabien-drohnenangriff-aramco-dschasan;Die Huthi-Miliz hat Jemens Hafenstadt Mokka am Roten Meer erneut beschossen, um dort saudische Truppen zu treffen. Durch den Irankrieg spitzt sich der Konflikt zu.;Jemen;Politik, Jemen, Jemen, Huthi, Saudi-Arabien, Drohne;2026-08-10T03:02:30+02:00;2026-08-10T03:02:30+02:00;iyfvsp;DIE ZEIT,        dpa,        Reuters,        							iyf					,        							vsp;false
09fd9cac8b2e275e5163846c0b01d4738f514f4dba7e5128b0c47c8b0cf9ff4c;Iran erteilt direkten Gesprächen mit den USA eine Absage;https://www.zeit.de/politik/ausland/2026-05/iran-krieg-donald-trump-hormus-live;Solange die USA gegen die Vereinbarungen verstießen, werde man keine Verhandlungen führen, sagt Irans Außenminister. Die Huthis verstärken Angriffe im Jemen. Das Liveblog;Liveblog:                     Irankrieg;Politik, Irankrieg, USA, Donald Trump, Iran, Israel, Atomabkommen, Nahost, Militär;2026-08-11T00:19:10+00:00;2026-08-11T00:19:10+00:00;Sven CrefeldVera SprothenIven Yorick Fenker;;false
c0ae34f07142d3c6493ac28a7c3dd35b9a10cccadaa2eafcda183da2a7e6a112;Ehemaliges Bahnhofsgebäude in Flammen - Bahnstrecke gesperrt;https://www.zeit.de/news/2026-08/10/ehemaliges-bahnhofsgebaeude-in-flammen-bahnstrecke-gesperrt;Hier finden Sie Informationen zu dem Thema „Brände“. Lesen Sie jetzt „Ehemaliges Bahnhofsgebäude in Flammen - Bahnstrecke gesperrt“.;Brände;News, Brände, Karlsruhe, Pforzheim, Bahnhofsgebäude, Bahnstrecke, Pfinztal, Brand;2026-08-10T02:16:49+02:00;2026-08-10T02:16:49+02:00;;dpa Baden-Württemberg;false
73338cdc8f32309f5360c1f6a6d613afe8c79899c41d8b0302f3b74a23165105;Führender IfW-Ökonom kritisiert deutsche Rüstung;https://www.zeit.de/politik/deutschland/2026-08/moritz-schularick-bundeswehr-modernisierung-beschaffung-boris-pistorius-gxe;Deutschland setzt auf veraltete Waffensysteme, sagt der Präsident des Kieler Instituts für Weltwirtschaft. Statt in Panzer sollte mehr Geld in Drohnen und KI fließen.;Verteidigung;Politik, Verteidigung, Bundeswehr, Boris Pistorius, SPD, Panzer, Drohne, Modernisierung;2026-08-10T02:15:29+02:00;2026-08-10T02:15:29+02:00;jtr;DIE ZEIT,        AFP,        dpa,        							jtr;false
7535657e7bd7e214a4cacc339a42fbb6fc76952d534ef3ac466e00af57a08774;DGB-Vorständin Piel warnt vor »gesetzlichem 13-Stunden-Tag«;https://www.zeit.de/politik/deutschland/2026-08/arbeitszeitgesetz-dgb-wochenhoecharbeitszeit-tarifvertraege-acht-stunden-tag;Die Koalition plant eine flexible Wochenarbeitszeit statt einer täglichen Höchstarbeitszeit. Gewerkschaften warnen vor den Folgen der Reform.;Arbeitszeitgesetz;Politik, Arbeitszeitgesetz, DGB, Bundesregierung, Arbeitsplatz, Tarifvertrag, Arbeitszeitgesetz, Arbeitstag;2026-08-10T00:58:27+02:00;2026-08-10T00:58:27+02:00;jtr;DIE ZEIT,        dpa,        							jtr;false
96d5f92734178da763620590fc5b109158f933213b2de88ad64e44fb2280feb0;Bund der Steuerzahler nennt Klingbeils Reformpläne einen »Scherz«;https://www.zeit.de/politik/deutschland/2026-08/steuerreform-lars-klingbeil-einkommensteuer-bund-der-steuerzahler-kritik;Die Kritik an der geplanten Steuerreform von Bundesfinanzminister Lars Klingbeil nimmt zu. Der Entwurf lese sich wie eine Giftliste, sagt der Steuerzahlerbund.;Einkommensteuer;Politik, Einkommensteuer, Bundesregierung, Lars Klingbeil, SPD, Steuerreform, Bund der Steuerzahler;2026-08-10T00:45:43+02:00;2026-08-10T00:45:43+02:00;vsp;DIE ZEIT,        Reuters,        							vsp;false
a3d7a80e66ac1012c531a925fd16cc89cbcec0b68db00716124406f2a660acf6;Scheune bei Brand zerstört - Halbe Million Euro Schaden;https://www.zeit.de/news/2026-08/10/scheune-bei-brand-zerstoert-halbe-million-euro-schaden;Hier finden Sie Informationen zu dem Thema „Feuerwehr im Einsatz“. Lesen Sie jetzt „Scheune bei Brand zerstört - Halbe Million Euro Schaden“.;Feuerwehr im Einsatz;News, Feuerwehr im Einsatz, Bad Staffelstein, Landkreis Lichtenfels;2026-08-10T00:21:24+02:00;2026-08-10T00:21:24+02:00;;dpa Bayern;false
876b547854c74d37b5464bb01fcfb0744bf4d14ab6b43f62a9783f04836677ed;Hitze-Warnung im Süden - Schulstart in ersten Bundesländern;https://www.zeit.de/news/2026-08/10/hitze-warnung-im-sueden-schulstart-in-ersten-bundeslaendern;Hier finden Sie Informationen zu dem Thema „Heißer Sommer“. Lesen Sie jetzt „Hitze-Warnung im Süden - Schulstart in ersten Bundesländern“.;Heißer Sommer;News, Heißer Sommer, Bayern, Saarland, Baden-Württemberg, Hessen, Rheinland-Pfalz, DWD, Schulstart, Südhälfte, Schulbeginn, Hitze;2026-08-10T00:21:04+02:00;2026-08-10T00:21:04+02:00;;dpa;false
9f67c46cef298045d73620d39b53359a61d1505ddc02bc8a203aff92740687c8;Irlands gefährlichster Gangster? 49-Jähriger in Haft;https://www.zeit.de/news/2026-08/10/irlands-gefaehrlichster-gangster-49-jaehriger-in-haft;Hier finden Sie Informationen zu dem Thema „Organisierte Kriminalität“. Lesen Sie jetzt „Irlands gefährlichster Gangster? 49-Jähriger in Haft“.;Organisierte Kriminalität;News, Organisierte Kriminalität, Irland, Dubai, Dublin, Großbritannien, BBC, Sonderstrafgericht, Organisierte Kriminalität, Herbst;2026-08-10T00:03:04+02:00;2026-08-10T00:03:04+02:00;;dpa;false
27ba6d1848f99d063c1262a92df938a3e73e7a95f748674e41ed4d721f03395e;Was geschah am 10. August?;https://www.zeit.de/news/2026-08/09/was-geschah-am-10-august;Hier finden Sie Informationen zu dem Thema „Kalenderblatt“. Lesen Sie jetzt „Was geschah am 10. August?“.;Kalenderblatt;News, Kalenderblatt, Kalenderblatt, Wiederaufbau, Namenstag, Hochwassergebiet;2026-08-09T23:55:04+02:00;2026-08-09T23:55:04+02:00;;dpa;false
a0b5c0e6d36b5ff4197465ed10ce26b067dba40cfbcb9ab2f13b0b2d23369803;Schwarzpulver-Explosion in Wohnhaus: Acht Verletzte;https://www.zeit.de/news/2026-08/09/schwarzpulver-explosion-in-wohnhaus-fuenf-verletzte;Hier finden Sie Informationen zu dem Thema „Hintergründe unklar“. Lesen Sie jetzt „Schwarzpulver-Explosion in Wohnhaus: Acht Verletzte“.;Hintergründe unklar;News, Hintergründe unklar, Sauerland, Polizei, Verpuffung, Schwarzpulver, Hintergrund;2026-08-09T23:50:43+02:00;2026-08-09T23:50:43+02:00;;dpa Nordrhein-Westfalen;false
2a3e3d80535b5e2aca704565ba98a6be2b5e2d428f598c0aec26792815bbe71c;Zwei Tote und drei Schwerverletzte bei Frontalzusammenstoß;https://www.zeit.de/news/2026-08/09/zwei-tote-und-drei-schwerverletzte-bei-frontalzusammenstoss;Hier finden Sie Informationen zu dem Thema „Unfälle“. Lesen Sie jetzt „Zwei Tote und drei Schwerverletzte bei Frontalzusammenstoß“.;Unfälle;News, Unfälle, Frontalzusammenstoß, Unfall, Seenplatte;2026-08-09T23:16:46+02:00;2026-08-09T23:16:46+02:00;;dpa Mecklenburg-Vorpommern;false
c81d3aa31c9529a9531a294a83f38e24cb9bcb891296b60337d93d7c6f4ad250;Mann mit Waffe - SEK stürmt Wohnung in Wittenberge;https://www.zeit.de/news/2026-08/09/mann-mit-waffe-sek-stuermt-wohnung-in-wittenberge;Hier finden Sie Informationen zu dem Thema „Keine Gefahr“. Lesen Sie jetzt „Mann mit Waffe - SEK stürmt Wohnung in Wittenberge“.;Keine Gefahr;News, Keine Gefahr, Wittenberge;2026-08-09T22:28:55+02:00;2026-08-09T22:28:55+02:00;;dpa Berlin/Brandenburg;false
55baece9d7b154f0d71a1987e63fbd21f77794176b7c80acb289eb8cc7bda1ee;Auto prallt gegen Baum – 78-Jähriger stirbt;https://www.zeit.de/news/2026-08/09/auto-prallt-gegen-baum-78-jaehriger-stirbt;Hier finden Sie Informationen zu dem Thema „Tödlicher Unfall“. Lesen Sie jetzt „Auto prallt gegen Baum – 78-Jähriger stirbt“.;Tödlicher Unfall;News, Tödlicher Unfall, Fulda, Polizei, Unfall, Auto;2026-08-09T22:15:28+02:00;2026-08-09T22:15:28+02:00;;dpa Hessen;false
e355b2c979a9f440d8713968bfcef4ebf358aba0a80ed3c403820f90e4a31e43;Drei Verletzte durch Schüsse in Dänemark;https://www.zeit.de/news/2026-08/09/mehrere-verletzte-durch-schuesse-in-daenemark;Hier finden Sie Informationen zu dem Thema „Notfälle“. Lesen Sie jetzt „Drei Verletzte durch Schüsse in Dänemark“.;Notfälle;News, Notfälle, Dänemark, Holbæk, Polizei, Notfall;2026-08-09T22:00:25+02:00;2026-08-09T22:00:25+02:00;;dpa;false
2a3a49954e9e1797a1eb67772ddfeb5f55906f014a85bd022ef3a70c8fd5970c;Handball-Junioren im Goldrausch: U18 ist Europameister;https://www.zeit.de/news/2026-08/09/handball-junioren-im-goldrausch-u18-ist-europameister;Hier finden Sie Informationen zu dem Thema „DHB“. Lesen Sie jetzt „Handball-Junioren im Goldrausch: U18 ist Europameister“.;DHB;News, DHB, Erik Wudtke, Belgrad, Slowenien, DHB, Bundestrainer, Finale, Gold;2026-08-09T21:55:05+02:00;2026-08-09T21:55:05+02:00;;dpa Sport;false
376b4c2d6d0cf20c459736571bc695d0f6a4751a22a450771b5e60e9562f903b;Regionalexpress mit Fußballfans bleibt liegen;https://www.zeit.de/news/2026-08/09/regionalexpress-mit-fussballfans-bleibt-liegen;Hier finden Sie Informationen zu dem Thema „Bahnverkehr“. Lesen Sie jetzt „Regionalexpress mit Fußballfans bleibt liegen“.;Bahnverkehr;News, Bahnverkehr, Königs Wusterhausen, Bundespolizei, Regionalexpress, Bahnverkehr;2026-08-09T21:49:58+02:00;2026-08-09T21:49:58+02:00;;dpa Berlin/Brandenburg;false
89f30457b73b6f20924bfdba232d095f9192b618cbd2732819616523cde32388;Tote und Verletzte bei Angriff auf russische Stadt Belgorod;https://www.zeit.de/news/2026-08/09/verletzte-bei-angriff-auf-russische-grenzstadt-belgorod;Hier finden Sie Informationen zu dem Thema „Ukraine-Krieg“. Lesen Sie jetzt „Tote und Verletzte bei Angriff auf russische Stadt Belgorod“.;Ukraine-Krieg;News, Ukraine-Krieg, Alexander Schuwajew, Belgorod, Grenzstadt, Drohnenangriff, Angriff, Behördenangabe, Telegram, Krieg in der Ukraine;2026-08-09T21:27:54+02:00;2026-08-09T21:27:54+02:00;;dpa;false
90dda50955724e7c0212ed782653bedb51ba74affa9bfd4140a62e69db50023b;Fehler beim Abbiegen: Zwei Tote bei Unfall;https://www.zeit.de/news/2026-08/09/fehler-beim-abbiegen-zwei-tote-bei-unfall;Hier finden Sie Informationen zu dem Thema „Verkehrsunfall“. Lesen Sie jetzt „Fehler beim Abbiegen: Zwei Tote bei Unfall“.;Verkehrsunfall;News, Verkehrsunfall, Koblenz, Polizei, Unfall, Verkehrsunfall;2026-08-09T21:27:54+02:00;2026-08-09T21:27:54+02:00;;dpa Nordrhein-Westfalen;false
daf8c56b8e89c8f368e7045c2b89d548d8b691dd3dd03686a8debb4a37c4d663;Mit Wut zum Toursieg;https://www.zeit.de/sport/2026-08/tour-de-france-femmes-demi-vollering-gesamtsieg;Ihre größte Konkurrentin warf ihrem Team Unfairness vor, doch auf der letzten Touretappe fährt Demi Vollering allen davon. Und beweist wieder, wer die Beste der Welt ist.;Tour de France Femmes;Sport, Tour de France Femmes, Tour de France, Radsport, Nizza;2026-08-09T21:25:38+02:00;2026-08-09T21:25:38+02:00;Tom Mustroph;;false
f5fdf992c6bd23ed0b2fcf1cdec7fa4ac5be4726a533608724d2abaed8785584;Nowitzkis erster NBA-Trainer: Don Nelson ist tot;https://www.zeit.de/news/2026-08/09/nowitzkis-erster-nba-trainer-don-nelson-ist-tot;Hier finden Sie Informationen zu dem Thema „Basketball“. Lesen Sie jetzt „Nowitzkis erster NBA-Trainer: Don Nelson ist tot“.;Basketball;News, Basketball, Don Nelson, Dirk Nowitzki, Marc Stein, Dallas, Texas, NBA, Dallas Mavericks, Basketball, Familie, Todesfall;2026-08-09T20:58:53+02:00;2026-08-09T20:58:53+02:00;;dpa Sport;false
7bcb0746dcdd4a279f1bbd3770fd5322dedca18f5d8c0e14826131440b64dec2;Vermisster Kajakfahrer tot gefunden;https://www.zeit.de/news/2026-08/09/gekenterter-kajakfahrer-vermisst-suchaktion-laeuft;Hier finden Sie Informationen zu dem Thema „Notfälle“. Lesen Sie jetzt „Vermisster Kajakfahrer tot gefunden“.;Notfälle;News, Notfälle, Suchaktion, Einsatzkraft, Notfall, Kajak;2026-08-09T20:53:00+02:00;2026-08-09T20:53:00+02:00;;dpa Hamburg/Schleswig-Holstein;false
28e4efae0381ac60fef4055ba3ebf5d58878b6ee73591c9f6926a3a592c63712;Mutmaßlicher Gangster-Boss nach Irland ausgeflogen;https://www.zeit.de/news/2026-08/09/mutmasslicher-gangster-boss-nach-irland-ausgeflogen;Hier finden Sie Informationen zu dem Thema „Organisierte Kriminalität“. Lesen Sie jetzt „Mutmaßlicher Gangster-Boss nach Irland ausgeflogen“.;Organisierte Kriminalität;News, Organisierte Kriminalität, Irland, Dubai, Organisierte Kriminalität;2026-08-09T20:49:01+02:00;2026-08-09T20:49:01+02:00;;dpa;false
aabb83ed63d78688e704b51ed627ab803fa6d4da1cdea04f49abb7d20a684622;Neuer Waldbrand in Frankreich, Hunderte fliehen in Spanien vor Feuer;https://www.zeit.de/gesellschaft/zeitgeschehen/2026-08/waldbrand-suedfrankreich-lozere-feuerwehr-evakuierung-trockenheit;In Südfrankreich sind Hunderte Feuerwehrleute gegen Waldbrände im Einsatz. In Spanien gab es seit Jahresbeginn mehr als doppelt so viele Großbrände wie 2025.;Waldbrand in Südfrankreich;Gesellschaft, Waldbrand in Südfrankreich, Frankreich, Feuerwehr, Waldbrand, Spanien, Evakuierung;2026-08-09T20:42:03+02:00;2026-08-09T20:42:03+02:00;iyf;DIE ZEIT,        AFP,        							iyf;false
415b2e88ec85fdbbe2533fc91f1191b974d23a54376386bd9f514328c3518e1d;Der weibliche Incel heißt Femcel;https://www.zeit.de/2026/34/femosphere-onlineforen-frauen-manosphere-maennerhass;Manosphere: ist bekannt. Aber Femosphere? Unterwegs in einer Onlinewelt, in der Frauen über ihr Leben ohne Sex, Liebe, Intimität reden – und über den Hass auf Männer.;"Z+ (abopflichtiger Inhalt);
        
    Femosphere";Entdecken, Femosphere, Frauen, Beziehung, Reddit, Liebe, sexuelle Belästigung, Soziale Medien;2026-08-09T20:40:57+02:00;2026-08-09T20:40:57+02:00;Helena Weise;Aus der        ZEIT Nr. 34/2026;false
62e0f1c3095bca8aacbc8b327ac5fc9794fe3c40a202d07603e27ba01fc199ae;US-Verteidigungsministerium fordert schnellere Waffenproduktion;https://www.zeit.de/politik/ausland/2026-08/usa-pentagon-waffenproduktion-krieg-iran;Durch den Krieg gegen den Iran schwinden die Waffenreserven der USA. Das Verteidigungsministerium fordert nun die Rüstungsindustrie auf, die Produktion zu beschleunigen.;USA;Politik, USA, USA, Pentagon, Pete Hegseth, Rüstungsindustrie, Munition;2026-08-09T20:24:17+02:00;2026-08-09T20:24:17+02:00;sc;DIE ZEIT,        dpa,        							sc;false
e6ef680c675acf649fecbbcc560bdb71db9c01058188d601a74d0cc75a826c08;Ehlers und Ersatzpartner Wüst: Nach Hamburg-Sieg EM-Favorit;https://www.zeit.de/news/2026-08/09/ehlers-und-ersatzpartner-wuest-nach-hamburg-sieg-em-favorit;Hier finden Sie Informationen zu dem Thema „Beach-Volleyball“. Lesen Sie jetzt „Ehlers und Ersatzpartner Wüst: Nach Hamburg-Sieg EM-Favorit“.;Beach-Volleyball;News, Beach-Volleyball, Nils Ehlers, Anders Mol, Hamburg, Olympia, Favoritenkreis, Finale, Galopprennbahn;2026-08-09T20:18:31+02:00;2026-08-09T20:18:31+02:00;;dpa Hamburg/Schleswig-Holstein;false
5c04750ed5d66feac9287ed80c739bed858cf5b475c8f8a990358ca5fe70d625;Hunderte fliehen vor Waldbrand im Südwesten Spaniens;https://www.zeit.de/news/2026-08/09/hunderte-fliehen-vor-waldbrand-im-suedwesten-spaniens;Hier finden Sie Informationen zu dem Thema „Feuer in Andalusien“. Lesen Sie jetzt „Hunderte fliehen vor Waldbrand im Südwesten Spaniens“.;Feuer in Andalusien;News, Feuer in Andalusien, Spanien, Andalusien, Huelva, Südwesten, Waldbrand, Sicherheit, Wald;2026-08-09T19:57:04+02:00;2026-08-09T19:57:04+02:00;;dpa;false
bb4a28ea58af20b6eb16f0cecf84ddd085be5075b90b4c445e4850f02f81eff5;Ein Toter bei Absturz von Kleinflugzeug bei Hamburg;https://www.zeit.de/news/2026-08/09/kleinflugzeug-westlich-von-hamburg-abgestuerzt;Hier finden Sie Informationen zu dem Thema „Flugunglück“. Lesen Sie jetzt „Ein Toter bei Absturz von Kleinflugzeug bei Hamburg“.;Flugunglück;News, Flugunglück, Hamburg, Polizei, Kleinflugzeug, Flugunglück, Sportflugplatz;2026-08-09T19:46:55+02:00;2026-08-09T19:46:55+02:00;;dpa Hamburg/Schleswig-Holstein;false
d3eaa05e827c0c232a124bad38baa16795241e7f178ee426bb278c43dba90fb2;Die Anatomie der Verbrecher;https://www.zeit.de/zeit-verbrechen/2026/39/vermessung-straftaeter-anatomie-systematische-beschreibung-merkmalen;Im Paris des 19. Jahrhunderts begann die Vermessung von Straftätern. Ein Professor aus Sachsen setzt sie heute digital fort.;"Z+ (abopflichtiger Inhalt);
        
    Vermessung von Straftätern";Gesellschaft, Vermessung von Straftätern, Paris, Forschung, Sachsen, Anatomie, Gesichtserkennung, Alphonse Bertillon;2026-08-09T19:42:51+02:00;2026-08-09T19:42:51+02:00;Tom Gath;Aus        ZEIT Verbrechen Nr. 39/2026;false
249b1c1ee3e18d71558f21475b629fe585ffaf50f3002e76fbbc329e188e454b;Tausende Menschen bei queerer Demo in Köln;https://www.zeit.de/news/2026-08/09/tausende-menschen-bei-queerer-demo-in-koeln;Hier finden Sie Informationen zu dem Thema „Solidaritätsmarsch“. Lesen Sie jetzt „Tausende Menschen bei queerer Demo in Köln“.;Solidaritätsmarsch;News, Solidaritätsmarsch, Deutz, Berlin, Köln, Polizei, Christopher Street Day, Cologne Pride, Solidaritätsmarsch, Solidarität;2026-08-09T19:19:47+02:00;2026-08-09T19:19:47+02:00;;dpa Nordrhein-Westfalen;false
2f36e8f843dc0211ccabf09de9c05d3c0742564905e1fed372cb008543c4799f;Niederländerin Demi Vollering gewinnt die Tour de France der Frauen;https://www.zeit.de/sport/2026-08/tour-de-france-femmes-demi-vollering-antonia-niedermaier-gelbes-trikot;Bei der Tour de France Femmes war Demi Vollering nach einer Attacke 15 Kilometer vor dem Ziel nicht mehr einzuholen. Der dritte Tagessieg führt zu ihrem zweiten Titel.;Tour de France Femmes;Sport, Tour de France Femmes, Tour de France, Radsport, Demi Vollering, Antonia Niedermaier;2026-08-09T19:16:28+02:00;2026-08-09T19:16:28+02:00;iyf;DIE ZEIT,        SID,        							iyf;false
91068eb4c26eca735677ae80374a2e10f31410095abe2ca968b64c51b4171526;Revanche im Sekundenkrimi: Vollering gewinnt Tour;https://www.zeit.de/news/2026-08/09/tour-sieg-fuer-vollering-niedermaier-holt-weisses-trikot;Hier finden Sie Informationen zu dem Thema „Radsport“. Lesen Sie jetzt „Revanche im Sekundenkrimi: Vollering gewinnt Tour“.;Radsport;News, Radsport, Demi Vollering, Antonia Niedermaier, Nizza, Tour de France, Trikot, Tour-Sieg;2026-08-09T19:15:19+02:00;2026-08-09T19:15:19+02:00;;dpa Sport;false
1be33b8d7871ecbece3d30718c80bc48bcbd9c5e866699b0c37b8919a6e9e01a;Motorradfahrer stirbt nach Zusammenstoß mit Auto auf B300;https://www.zeit.de/news/2026-08/09/motorradfahrer-stirbt-nach-zusammenstoss-mit-auto-auf-b300;Hier finden Sie Informationen zu dem Thema „Tödlicher Unfall“. Lesen Sie jetzt „Motorradfahrer stirbt nach Zusammenstoß mit Auto auf B300“.;Tödlicher Unfall;News, Tödlicher Unfall, Zusammenstoß, Unfall, Motorrad, Auto;2026-08-09T19:00:35+02:00;2026-08-09T19:00:35+02:00;;dpa Bayern;false
3ef89be2bf5063eefead2c14159a08b1560c829093b29ed43f6261e9dcaf299e;Ihre Zukunft soll in Flammen stehen;https://www.zeit.de/politik/ausland/2026-08/drohnenangriff-wildberries-ukraine-russland-onlinehaendler;Seit Wochen greift die Ukraine Russlands größten Onlinehändler Wildberries an. Offiziell, weil dort militärische Waren verkauft werden. Doch es steckt mehr dahinter.;"Z+ (abopflichtiger Inhalt);
        
    Drohnenangriffe auf Wildberries";Politik, Drohnenangriffe auf Wildberries, Krieg in der Ukraine, Russland, Drohnenangriff, Drohne, Logistik, Onlinehandel;2026-08-09T18:30:58+02:00;2026-08-09T18:30:58+02:00;Maxim Kireev;;false
da616a2d5f574d14cbbbfb57e82a14734c440b3444db51cd0e55bc4224d03688;Die CDU hat ein Rendezvous mit der Realität;https://www.zeit.de/politik/deutschland/2026-08/steuerreform-klingbeil-mecklenburgvorpommern-landtagswahlen;Die Union kritisiert eine Steuerreform, die sie selbst mitbeschlossen hat. So gewinnt man keine Landtagswahlen;Steuerreform;Wirtschaft, Steuerreform, Landtagswahl, Steuerreform, CDU, Friedrich Merz, SPD, Lars Klingbeil;2026-08-09T18:30:48+02:00;2026-08-09T18:30:48+02:00;Mark Schieritz;;false
59b4a86fe08345fc0e7bef1447caa699e5bc5ba3b2f09a4ea3b48bf30ead8c85;Unions Problemzonen: Hohe Ausfallquote im Tor und Angriff;https://www.zeit.de/news/2026-08/09/unions-problemzonen-hohe-ausfallquote-im-tor-und-angriff;Hier finden Sie Informationen zu dem Thema „Fußball“. Lesen Sie jetzt „Unions Problemzonen: Hohe Ausfallquote im Tor und Angriff“.;Fußball;News, Fußball, Duje Sliskovic, Marvin Friedrich, Carl Klaus, Irdning, Salzburg, Steiermark, Aigen im Ennstal, Berlin, Raab, Braunschweig;2026-08-09T18:21:13+02:00;2026-08-09T18:21:13+02:00;;dpa Berlin/Brandenburg;false
f1ab0b9594900bd43e3fc8f3859bada5f67a8938024f94cb4dfeaece425b390d;Linken-Chef schließt Unterstützung für CDU nicht aus;https://www.zeit.de/news/2026-08/09/linken-chef-schliesst-unterstuetzung-fuer-cdu-nicht-aus;Hier finden Sie Informationen zu dem Thema „Wahl in Sachsen-Anhalt“. Lesen Sie jetzt „Linken-Chef schließt Unterstützung für CDU nicht aus“.;Wahl in Sachsen-Anhalt;News, Wahl in Sachsen-Anhalt, Luigi Pantisano, Sachsen-Anhalt, CDU, Alternative für Deutschland;2026-08-09T18:18:40+02:00;2026-08-09T18:18:40+02:00;;dpa;false
e1e3f5546a01eddeb209742a74f2ca8fc5e6305bd0f786c8a0b05fa1457fd17c;Union-Frauen verlieren Test gegen Inter Mailand;https://www.zeit.de/news/2026-08/09/union-frauen-verlieren-test-gegen-inter-mailand;Hier finden Sie Informationen zu dem Thema „Fußball-“. Lesen Sie jetzt „Union-Frauen verlieren Test gegen Inter Mailand“.;Fußball-;News, Fußball-, Inter Mailand, 1. FC Union Berlin, Saisoneröffnung, Testspiel;2026-08-09T18:14:07+02:00;2026-08-09T18:14:07+02:00;;dpa Berlin/Brandenburg;false
3efd1911167f0e29c7f66ea60d889486aacb746604620767412475869cb76b2f;Boot kentert nahe Freiheitsstatue - Frau und Kind sterben;https://www.zeit.de/news/2026-08/09/boot-kentert-nahe-freiheitsstatue-frau-und-kind-sterben;Hier finden Sie Informationen zu dem Thema „Tragödie nahe Sehenswürdigkeit“. Lesen Sie jetzt „Boot kentert nahe Freiheitsstatue - Frau und Kind sterben“.;Tragödie nahe Sehenswürdigkeit;News, Tragödie nahe Sehenswürdigkeit, Freiheitsstatue, Sehenswürdigkeit;2026-08-09T18:12:39+02:00;2026-08-09T18:12:39+02:00;;dpa;false
98b8747ed68c9aab5ad55d016ce144c71095ce0dba295517bd8ce82a5952134e;Viele Brände in Bayern: Alten-Wohnheim wegen Feuer evakuiert;https://www.zeit.de/news/2026-08/09/senioren-wohnanlage-wegen-feuer-evakuiert;Hier finden Sie Informationen zu dem Thema „Brände“. Lesen Sie jetzt „Viele Brände in Bayern: Alten-Wohnheim wegen Feuer evakuiert“.;Brände;News, Brände, Bayern, Rednitzhembach, Nürnberg, Landkreis Roth, Polizei, Sachschaden, Wohnanlage, Senioren, Brand;2026-08-09T18:01:59+02:00;2026-08-09T18:01:59+02:00;;dpa Bayern;false
a58494f342ef14aefb2bcc7a38ea717c10842c94cc38503b7a812e22c7bb9e1a;50-Jährige erhält Millionengewinn der Fernsehlotterie;https://www.zeit.de/news/2026-08/09/50-jaehrige-erhaelt-millionengewinn-der-fernsehlotterie;Hier finden Sie Informationen zu dem Thema „Glücksspiel“. Lesen Sie jetzt „50-Jährige erhält Millionengewinn der Fernsehlotterie“.;Glücksspiel;News, Glücksspiel, Bad Fallingbostel, Fernsehlotterie, Millionengewinn, Heidekreis, Glücksspiel, Hauptpreis;2026-08-09T18:00:05+02:00;2026-08-09T18:00:05+02:00;;dpa Niedersachsen;false
5778753d0dfa97d8df38cf37f9758e5b6459deac4f265bc5901ea77f904d77b3;Erdinger-Brauerei-Pionier Werner Brombach gestorben;https://www.zeit.de/news/2026-08/09/erdinger-brauerei-pionier-werner-brombach-gestorben;Hier finden Sie Informationen zu dem Thema „Bier-Manager“. Lesen Sie jetzt „Erdinger-Brauerei-Pionier Werner Brombach gestorben“.;Bier-Manager;News, Bier-Manager, Werner Brombach, Erding, Münchner Merkur, Weißbräu, Brauerei, Grenze, Familie;2026-08-09T17:57:36+02:00;2026-08-09T17:57:36+02:00;;dpa;false
d161e2780d0791afb17f84934170f283ab25e1c1ab097626a728eda8862941c9;Tödlicher Badeunfall im Halensee;https://www.zeit.de/news/2026-08/09/toedlicher-badeunfall-im-halensee;Hier finden Sie Informationen zu dem Thema „Reanimation erfolglos“. Lesen Sie jetzt „Tödlicher Badeunfall im Halensee“.;Reanimation erfolglos;News, Reanimation erfolglos, Berlin, Halensee, Feuerwehr, Badeunfall, Reanimation, Reanimationsversuch;2026-08-09T17:50:05+02:00;2026-08-09T17:50:05+02:00;;dpa Berlin/Brandenburg;false
f83cae81904b3f60ee9e50854ef56b6e7f62e1661c00388deb4a674a4542f60a;Pferde rasen durchs Watt - Duhner Wattrennen feiert Jubiläum;https://www.zeit.de/news/2026-08/09/pferde-rasen-durchs-watt-duhner-wattrennen-feiert-jubilaeum;Hier finden Sie Informationen zu dem Thema „Wettkampf“. Lesen Sie jetzt „Pferde rasen durchs Watt - Duhner Wattrennen feiert Jubiläum“.;Wettkampf;News, Wettkampf, Wattrennen, Wettkampf, Jubiläum;2026-08-09T17:31:14+02:00;2026-08-09T17:31:14+02:00;;dpa Niedersachsen;false
f67931152b7c76b499cecedf8547227e8f857d8ddfacd5fb98edb1e6a3e4f44d;Schlechte Eltern haben auch ihr Gutes;https://www.zeit.de/familie/2026-08/traumatische-erlebnisse-kinder-eltern-psychologie-verletzung-staerke;Traumatische Erfahrungen hinterlassen Narben. Aber sie legen nicht fest, wer wir sind. Warum manche Menschen gerade aus schwersten Verletzungen größte Kraft schöpfen.;"Z+ (abopflichtiger Inhalt);
        
    Traumatische Erlebnisse";Familie, Traumatische Erlebnisse, Familie, Psychologie, Schriftstellerin, Arundhati Roy, Kinder;2026-08-09T17:30:43+02:00;2026-08-09T17:30:43+02:00;Wolfgang Schmidbauer;;false
6fc6446a27d1a6b5268643fe88ddd80bda7438047977ec5e023c9e7d92070d08;Haflinger-Zucht in Thüringen mit langer Tradition;https://www.zeit.de/news/2026-08/09/haflinger-zucht-in-thueringen-mit-langer-tradition;Hier finden Sie Informationen zu dem Thema „Pferdezucht“. Lesen Sie jetzt „Haflinger-Zucht in Thüringen mit langer Tradition“.;Pferdezucht;News, Pferdezucht, Anke Sendig, Thüringen, Ostthüringen, Pferdezucht, Meura, Schauprogramm, Tradition;2026-08-09T17:29:02+02:00;2026-08-09T17:29:02+02:00;;dpa Thüringen;false
ece5379f83b611d066baab7d7b65935239a4c6c887df131dd84766e0dbe74b4c;Acht Verletzte bei Zusammenstoß von drei Autos;https://www.zeit.de/news/2026-08/09/acht-verletzte-bei-zusammenstoss-von-drei-autos;Hier finden Sie Informationen zu dem Thema „Schwerer Unfall“. Lesen Sie jetzt „Acht Verletzte bei Zusammenstoß von drei Autos“.;Schwerer Unfall;News, Schwerer Unfall, Bad Tölz, Landkreis Bad Tölz-Wolfratshausen, Polizei, Unfall, Zusammenstoß, Auto;2026-08-09T17:27:20+02:00;2026-08-09T17:27:20+02:00;;dpa Bayern;false
e241757eaabc5b80ea6864c262780812a5de4dd026d1f520994482f8624f97af;Hunderte Lehrer fallen wegen Krankheit dauerhaft aus;https://www.zeit.de/news/2026-08/09/hunderte-lehrer-fallen-wegen-krankheit-dauerhaft-aus;Hier finden Sie Informationen zu dem Thema „Bildung“. Lesen Sie jetzt „Hunderte Lehrer fallen wegen Krankheit dauerhaft aus“.;Bildung;News, Bildung, Berlin, Marzahn-Hellersdorf, Berliner Morgenpost, Bündnis Sahra Wagenknecht, Deutsche Presse-Agentur;2026-08-09T17:21:54+02:00;2026-08-09T17:21:54+02:00;;dpa Berlin/Brandenburg;false
404622ec58adc71db8680403bc091f4b93aa7a7b4ed8bb1ede897992b5bc8002;Wal vor Polens Ostseeküste gesichtet;https://www.zeit.de/news/2026-08/09/wal-vor-polens-ostseekueste-gesichtet;Hier finden Sie Informationen zu dem Thema „Walsichtung“. Lesen Sie jetzt „Wal vor Polens Ostseeküste gesichtet“.;Walsichtung;News, Walsichtung, Miedzyzdroje, Ostsee, Mecklenburg-Vorpommern, WWF, Deutsche Presse-Agentur, Ostseeküste, Walsichtung, Badeort;2026-08-09T17:13:27+02:00;2026-08-09T17:13:27+02:00;;dpa;false
4ca922a98b90e0c717c9a205976c2afa18b92465c69ffb4e2376c41b4d5bd371;Tausende zeigen in Köln ihre Solidarität mit queerer Community;https://www.zeit.de/gesellschaft/zeitgeschehen/2026-08/demo-koeln-queere-solidaritaet-cologne-pride-anschlag-csd-berlin;Motiviert durch den Anschlag auf den CSD, gehen in Köln Tausende auf die Straße. Die Veranstaltenden fordern mehr Schutz für queeres Leben: »Worte allein reichen nicht«.;Nach dem CSD-Anschlag;Gesellschaft, Nach dem CSD-Anschlag, Berlin, Köln, Polizei, Christopher Street Day, Cologne Pride;2026-08-09T17:07:26+02:00;2026-08-09T17:07:26+02:00;iyf;DIE ZEIT,        dpa,        							iyf;false
38e8163ae1d108e336bdeaa06f1f705bd856efb47dc676ff505b227504987e4c;Tunnelsperre nach Unfall – Mann lebensgefährlich verletzt;https://www.zeit.de/news/2026-08/08/fahrlachtunnel-in-mannheim-nach-unfall-gesperrt;Hier finden Sie Informationen zu dem Thema „Rettungsdienst im Einsatz.“. Lesen Sie jetzt „Tunnelsperre nach Unfall – Mann lebensgefährlich verletzt“.;Rettungsdienst im Einsatz.;News, Rettungsdienst im Einsatz., Mannheim, Polizei, Fahrlachtunnel, Unfall, Verkehrsunfall;2026-08-09T17:07:19+02:00;2026-08-09T17:07:19+02:00;;dpa Baden-Württemberg;false
63b2b5ae6369521fb2c97e2a259db635161981b06e2ffdf2900dbeb3f056ab85;Jungstars schießen Dortmund zum Testspielsieg bei Arsenal;https://www.zeit.de/news/2026-08/09/jungstars-schiessen-dortmund-zum-testspielsieg-bei-arsenal;Hier finden Sie Informationen zu dem Thema „Fußball“. Lesen Sie jetzt „Jungstars schießen Dortmund zum Testspielsieg bei Arsenal“.;Fußball;News, Fußball, Samuele Inacio, Niko Kovač, London, Dortmund, Borussia Dortmund, FC Arsenal, Testspielsieg, Testspiel, Fußball, Sommer;2026-08-09T17:02:27+02:00;2026-08-09T17:02:27+02:00;;dpa Nordrhein-Westfalen;false
7c0cf7000e8e237ed67e9d466eb78c598a70304b5f82af0f474885811463ed3c;»Er ist Maschine«;https://www.zeit.de/zeit-magazin/2026/34/piter-minnemann-hanau-mma-kaempfer-anschlag;Piter Minnemann hat den Anschlag in Hanau überlebt, fand danach nur schwer ins Leben zurück. Doch jetzt hat er einen Plan: eine Karriere als Mixed-Martial-Arts-Kämpfer.;"Z+ (abopflichtiger Inhalt);
        
    Piter Minnemann";Hanau, Kampfsport, Kamerun, Polizei, Instagram, Rechtsextremismus;2026-08-09T16:59:13+02:00;2026-08-09T16:59:13+02:00;Johannes Dudziak;Aus dem        ZEITmagazin Nr. 34/2026;false
463662a0b7af9ba15e5af9d7de9d5e22383790fb7a77f98cbb0f2650402e8c67;Die vermeidbare Katastrophe;https://www.zeit.de/zeit-geschichte/2026/04/reichsbanner-weimarer-republik-jubilaeum-gold;Die Nationalsozialisten verloren Stimmen, Hindenburg hätte Hitler nicht zum Reichskanzler ernennen müssen: Warum Weimar nicht hätte scheitern müssen und trotzdem zerfiel.;"Z+ (abopflichtiger Inhalt);
        
    Reichsbanner";Wissenschaft, Reichsbanner, Friedrich Ebert, Gustav Stresemann, Paul von Hindenburg, Weimar, Weimarer Republik, Adolf Hitler;2026-08-09T16:58:48+02:00;2026-08-09T16:58:48+02:00;Heinrich August Winkler;Aus        ZEIT Geschichte Nr. 04/2026;false
d4aa749bd318907cfc0beafa630c9ac73afc22031b4f5e9e50929a45d0970715;Studie: Europa nicht gut auf Drohnenangriffe vorbereitet;https://www.zeit.de/news/2026-08/09/studie-europa-nicht-gut-auf-drohnenangriffe-vorbereitet;Hier finden Sie Informationen zu dem Thema „Gefahr durch Drohnen“. Lesen Sie jetzt „Studie: Europa nicht gut auf Drohnenangriffe vorbereitet“.;Gefahr durch Drohnen;News, Gefahr durch Drohnen, Europa, Russland, CSU, Hanns-Seidel-Stiftung, Drohnenangriff, Drohne;2026-08-09T16:58:47+02:00;2026-08-09T16:58:47+02:00;;dpa Bayern;false
6ff97c1a67fdc1ae03fb25d69fcec8641a778f289db387686102416fd9b45bbb;Und, schon lange hier?;https://www.zeit.de/2026/34/altersbestimmung-universum-mensch-wale-erdalter-bernstein;Mit den Zähnen, Ohrenschmalz oder aus Mineralien: Forscher haben kreative Methoden entwickelt, um das Alter von Dingen und Lebewesen zu bestimmen. Und, schon lange hier?;"Z+ (abopflichtiger Inhalt);
        
    Altersbestimmung";Wissenschaft, Altersbestimmung, Alter, Tiere, Naturwissenschaft, Forschung;2026-08-09T16:56:50+02:00;2026-08-09T16:56:50+02:00;Dr. Dirk AsendorpfRobert GastViola KielLisa PauschDr. Stefan SchmittUlrich SchnabelDr. Claudia VallentinMaciek Łazowski;Aus der        ZEIT Nr. 34/2026;false
2a126dadd6d675a78a88e2e29cab84dd99faa497e55da7f39c3a10e0d1a35043;Iran verknüpft Öffnung von Hormus mit US-Zugeständnissen;https://www.zeit.de/news/2026-08/09/iran-stellt-neue-forderungen-an-usa-zur-strasse-von-hormus;Hier finden Sie Informationen zu dem Thema „Lage im Überblick“. Lesen Sie jetzt „Iran verknüpft Öffnung von Hormus mit US-Zugeständnissen“.;Lage im Überblick;News, Lage im Überblick, Modschtaba Chamenei, Iran, USA, Straße von Hormus, Wiedereröffnung;2026-08-09T16:54:28+02:00;2026-08-09T16:54:28+02:00;;dpa;false
439fe739b1c45898593fa9679634ddd899ceb10e51f937ffb5cc9984b6e10848;Zehntausende bei Techno-Festival - Besondere «Mitbringsel»;https://www.zeit.de/news/2026-08/09/zehntausende-bei-techno-festival-besondere-mitbringsel;Hier finden Sie Informationen zu dem Thema „Festival“. Lesen Sie jetzt „Zehntausende bei Techno-Festival - Besondere «Mitbringsel»“.;Festival;News, Festival, Saalburg, Polizei, Techno-Festival, SonneMondSterne, Mitbringsel, Bleilochstausee, Drogen;2026-08-09T16:51:08+02:00;2026-08-09T16:51:08+02:00;;dpa Thüringen;false
c21a06e7e4a4c0c02d3400be18649e51eff356f9db0a4e0117e4c169ca34a6a9;Voll rettet St. Pauli Punkt: «Bester Torwart der Liga»;https://www.zeit.de/news/2026-08/09/voll-rettet-st-pauli-punkt-bester-torwart-der-liga;Hier finden Sie Informationen zu dem Thema „2. Fußball-Bundesliga“. Lesen Sie jetzt „Voll rettet St. Pauli Punkt: «Bester Torwart der Liga»“.;2. Fußball-Bundesliga;News, 2. Fußball-Bundesliga, Ben Voll, Eric Smith, Felix Klaus, Marcus Mathisen, Marcel Rapp, Jannis Heuer, Ricky-Jade Jones, St. Pauli, Fürth, FC St. Pauli;2026-08-09T16:50:57+02:00;2026-08-09T16:50:57+02:00;;dpa Hamburg/Schleswig-Holstein;false
04e7c60e7f6c03696079e98ea0e646999fb6dfe3780c8e0be90c2c2a7d61ef60;Perfekter Einstand: Torhüter ter Stegen siegt mit Ajax;https://www.zeit.de/news/2026-08/09/perfekter-einstand-torhueter-ter-stegen-siegt-mit-ajax;Hier finden Sie Informationen zu dem Thema „Fußball in den Niederlanden“. Lesen Sie jetzt „Perfekter Einstand: Torhüter ter Stegen siegt mit Ajax“.;Fußball in den Niederlanden;News, Fußball in den Niederlanden, Julian Brandt, Marc-André ter Stegen, Niederlande, Ajax Amsterdam, Fußball-Meisterschaft, Einstand, Fußball;2026-08-09T16:49:30+02:00;2026-08-09T16:49:30+02:00;;dpa Sport;false
4b77b6bd5c2565978d18f1d61b79e844084447468ee4b1c96dc4948c859562c9;Bilder des Tages;https://www.zeit.de/news/2026-08/09/bilder-des-tages;Hier finden Sie Informationen zu dem Thema „Fotografie“. Lesen Sie jetzt „Bilder des Tages“.;Fotografie;News, Fotografie, News;2026-08-09T16:47:28+02:00;2026-08-09T16:47:28+02:00;;dpa;false
42efaa144691e25d45eb7387a92e28d4da1660d722abd93db6c666658b0369e0;Falscher Stromzählerableser – Trickbetrug gescheitert;https://www.zeit.de/news/2026-08/09/falscher-stromzaehlerableser-trickbetrug-gescheitert;Hier finden Sie Informationen zu dem Thema „Trickbetrug“. Lesen Sie jetzt „Falscher Stromzählerableser – Trickbetrug gescheitert“.;Trickbetrug;News, Trickbetrug, Berlin-Mitte, Trickbetrug, Trickdiebstahl;2026-08-09T16:46:26+02:00;2026-08-09T16:46:26+02:00;;dpa Berlin/Brandenburg;false
a9807d117919da47acdc6ac1fdd77d33c84597ab41d3f3a3a782e23bc7e0d37b;Nürnberger Zoma befeuert mit Dreierpack Spekulationen;https://www.zeit.de/news/2026-08/09/nuernberger-zoma-befeuert-mit-dreierpack-spekulationen;Hier finden Sie Informationen zu dem Thema „2. Fußball-Bundesliga“. Lesen Sie jetzt „Nürnberger Zoma befeuert mit Dreierpack Spekulationen“.;2. Fußball-Bundesliga;News, 2. Fußball-Bundesliga, Miroslav Klose, Zoma, Nürnberg, 1. FC Nürnberg, Dynamo Dresden, Fußball-Bundesliga, Dreierpack, Spekulation, Traumstart, Ehrenrunde;2026-08-09T16:45:46+02:00;2026-08-09T16:45:46+02:00;;dpa Bayern;false
74432942fc0ee0c421c78c1b5eac131a1aac441b866f9172656927e0960df56d;Tiffany gewinnt den Westminster 136. Großen Preis von Berlin;https://www.zeit.de/news/2026-08/09/tiffany-gewinnt-den-westminster-136-grossen-preis-von-berlin;Hier finden Sie Informationen zu dem Thema „Galopprennen“. Lesen Sie jetzt „Tiffany gewinnt den Westminster 136. Großen Preis von Berlin“.;Galopprennen;News, Galopprennen, Luke Morris, Westminster, Berlin, England, Galopprennbahn Hoppegarten, Tiffany, Galopprennen;2026-08-09T16:43:50+02:00;2026-08-09T16:43:50+02:00;;dpa Berlin/Brandenburg;false
dde3a1efe04aef8dab33151f0380187564975e3d6bc002190d52b47272ab4a6c;Bei Dynamo läuft vorn und hinten nicht viel;https://www.zeit.de/news/2026-08/09/bei-dynamo-laeuft-vorn-und-hinten-nicht-viel;Hier finden Sie Informationen zu dem Thema „2. Fußball-Bundesliga“. Lesen Sie jetzt „Bei Dynamo läuft vorn und hinten nicht viel“.;2. Fußball-Bundesliga;News, 2. Fußball-Bundesliga, Mohamed Ali, Sören Gonther, Thomas Stamm, Jakob Lemmer, Jonas Sterner, Franken, Zoma, Dynamo Dresden, SpVgg Greuther Fürth, 1. FC Nürnberg;2026-08-09T16:42:38+02:00;2026-08-09T16:42:38+02:00;;dpa Sachsen;false
4ac2cf69a142fe9cdef43fec02ceab683f61b1603fae51e64fd5ce83b60a23bd;Zwei Tote nach Motorrad-Crash in Köln – Verdacht auf Rennen;https://www.zeit.de/news/2026-08/09/zwei-tote-nach-motorradunfall-in-koeln;Hier finden Sie Informationen zu dem Thema „Unfälle“. Lesen Sie jetzt „Zwei Tote nach Motorrad-Crash in Köln – Verdacht auf Rennen“.;Unfälle;News, Unfälle, Mann, Köln, Motorradunfall, Unfall, Zusammenstoß;2026-08-09T16:39:28+02:00;2026-08-09T16:39:28+02:00;;dpa Nordrhein-Westfalen;false
00f4833f27e06618aa014d75b7c2eb4dcdab919a0946b0e4c0712078b647d222;Gefahrenbremsung eines Linienbusses - mehrere Verletzte;https://www.zeit.de/news/2026-08/09/gefahrenbremsung-eines-linienbusses-mehrere-verletzte;Hier finden Sie Informationen zu dem Thema „Unfälle“. Lesen Sie jetzt „Gefahrenbremsung eines Linienbusses - mehrere Verletzte“.;Unfälle;News, Unfälle, Gefahrenbremsung, Linienbus, Unfall;2026-08-09T16:38:49+02:00;2026-08-09T16:38:49+02:00;;dpa Hamburg/Schleswig-Holstein;false
b0d40cf6165f8f3529c4ce99102bad4f0587bbacd2bbae84161b5aa70055c601;Eintracht Frankfurt erhöht Stadionkapazität;https://www.zeit.de/news/2026-08/09/eintracht-frankfurt-erhoeht-stadionkapazitaet;Hier finden Sie Informationen zu dem Thema „Bundesliga“. Lesen Sie jetzt „Eintracht Frankfurt erhöht Stadionkapazität“.;Bundesliga;News, Bundesliga, Eintracht Frankfurt, Bundesliga, Stadionkapazität, Zuschauerkapazität;2026-08-09T16:38:06+02:00;2026-08-09T16:38:06+02:00;;dpa Hessen;false
a6586f30e4487a1ad9eb9b96534973400170aa137df58e0e9acdd148de771c04;Erst Funkstille, dann Stromausfall: Pannen bei Cottbus-Sieg;https://www.zeit.de/news/2026-08/09/technikpanne-im-schiri-team-energie-rueckkehr-verzoegert-sich;Hier finden Sie Informationen zu dem Thema „2. Fußball-Bundesliga“. Lesen Sie jetzt „Erst Funkstille, dann Stromausfall: Pannen bei Cottbus-Sieg“.;2. Fußball-Bundesliga;News, 2. Fußball-Bundesliga, Fußball-Bundesliga, Technikpanne;2026-08-09T16:36:16+02:00;2026-08-09T16:36:16+02:00;;dpa Berlin/Brandenburg;false
f01c8ff2469e4354b4a45f23b24dccc0f3347bc66742e43df50aa86fe6545edd;«Spektakulärer Unfall»: Auto fährt durch mehrere Vorgärten;https://www.zeit.de/news/2026-08/09/spektakulaerer-unfall-auto-faehrt-durch-mehrere-vorgaerten;Hier finden Sie Informationen zu dem Thema „Westerwald“. Lesen Sie jetzt „«Spektakulärer Unfall»: Auto fährt durch mehrere Vorgärten“.;Westerwald;News, Westerwald, Altenkirchen, Westerwald, Polizei, Unfall, Vorgarten, Auto;2026-08-09T16:33:57+02:00;2026-08-09T16:33:57+02:00;;dpa Rheinland-Pfalz/Saarland;false
bd80fe97fa40146c0e54eb6e882151208bf710a7c763e12356a9a3abb55520ae;Linken-Chef schließt CDU-Unterstützung in Sachsen-Anhalt nicht aus;https://www.zeit.de/politik/deutschland/2026-08/luigi-pantisano-sven-schulze-cdu-linke-afd-landtagswahl-sachsen-anhalt;Luigi Pantisano sieht seine Partei in der Pflicht, eine Machtübernahme der AfD zu verhindern. Er zeigt sich offen für einen CDU-Ministerpräsidenten in Sachsen-Anhalt.;Landtagswahl in Sachsen-Anhalt;Politik, Landtagswahl in Sachsen-Anhalt, Die Linke, Luigi Pantisano, Sachsen-Anhalt, Landtagswahl, CDU, Alternative für Deutschland, Sven Schulze;2026-08-09T16:27:18+02:00;2026-08-09T16:27:18+02:00;voi;DIE ZEIT,        dpa,        AFP,        							voi;false
503b3ee5426117b876d1dca75fd435b7c03c7f08ceb7da03e68978a81c272133;Mehrere Verletzte bei Frontalzusammenstoß;https://www.zeit.de/news/2026-08/09/mehrere-verletzte-bei-frontalzusammenstoss;Hier finden Sie Informationen zu dem Thema „Bundesstraße 10“. Lesen Sie jetzt „Mehrere Verletzte bei Frontalzusammenstoß“.;Bundesstraße 10;News, Bundesstraße 10, Frontalzusammenstoß, Bundesstraße, Enzkreis;2026-08-09T16:21:13+02:00;2026-08-09T16:21:13+02:00;;dpa Baden-Württemberg;false
f1f5ebc181621955db643785d0d49864bd02a22f94058116bef60a481c4496da;Bayer-Saisonstart ohne Culbreath - Entwarnung bei Andrich;https://www.zeit.de/news/2026-08/09/bayer-saisonstart-ohne-culbreath-entwarnung-bei-andrich;Hier finden Sie Informationen zu dem Thema „Fußball-Bundesliga“. Lesen Sie jetzt „Bayer-Saisonstart ohne Culbreath - Entwarnung bei Andrich“.;Fußball-Bundesliga;News, Fußball-Bundesliga, Robert Andrich, FC Sevilla, Bayer 04 Leverkusen, Fußball-Bundesliga, Saisoneröffnung;2026-08-09T16:17:20+02:00;2026-08-09T16:17:20+02:00;;dpa Nordrhein-Westfalen;false
a58d1cfbd0f4ee2c37c42889a5b68c8b30a6a999d86fd3c8346413f7c80f7495;Huthi-Rebellen melden Angriffe in Saudi-Arabien und im Jemen;https://www.zeit.de/news/2026-08/09/huthi-rebellen-melden-angriffe-in-saudi-arabien-und-im-jemen;Hier finden Sie Informationen zu dem Thema „Nahost“. Lesen Sie jetzt „Huthi-Rebellen melden Angriffe in Saudi-Arabien und im Jemen“.;Nahost;News, Nahost, Saudi-Arabien, Jemen, Nahost, Iran, Dschasan, Huthi, Saudi Aramco, Angriff, Südwesten, Drohne;2026-08-09T16:14:32+02:00;2026-08-09T16:14:32+02:00;;dpa;false
462c76c3008d83374073529c64e257297f2ff2a36e3150193a85ccaebcc63370;Berliner SPD-Kandidat Krach greift Enteignungs-Streit mit Linken auf;https://www.zeit.de/politik/deutschland/2026-08/enteignungen-berlin-steffen-krach-spd-russisches-haus;Mit einem Pappschild ruft Steffen Krach zur Enteignung des Russischen Hauses auf. Er spielt damit auf Forderungen der Linken zu Immobilienkonzernen an. ;Enteignungen in Berlin;Politik, Enteignungen in Berlin, Berlin, Enteignung, SPD, Die Linke, Wohnen, Wahlkampf;2026-08-09T16:08:51+02:00;2026-08-09T16:08:51+02:00;pip;DIE ZEIT,        dpa,        							pip;false
b89fe2a4f5e231c93974b9f120f05df6dc4bcfc0d472b07b2941c0c54db30375;Herthas Fußballerinnen feiern historischen Zweitliga-Sieg;https://www.zeit.de/news/2026-08/09/herthas-fussballerinnen-feiern-historischen-zweitliga-sieg;Hier finden Sie Informationen zu dem Thema „2. Bundesliga der Frauen“. Lesen Sie jetzt „Herthas Fußballerinnen feiern historischen Zweitliga-Sieg“.;2. Bundesliga der Frauen;News, 2. Bundesliga der Frauen, Hertha BSC, Hertha BSC Berlin, Bundesliga, Vereinsgeschichte;2026-08-09T16:06:47+02:00;2026-08-09T16:06:47+02:00;;dpa Berlin/Brandenburg;false
7494c6e1cc388652886150373b8258bf66008fff928443555c562bffce6b9c0a;Hoher Sachschaden bei Feuer in Reitstall;https://www.zeit.de/news/2026-08/09/hoher-sachschaden-bei-feuer-in-reitstall;Hier finden Sie Informationen zu dem Thema „Reiterhof“. Lesen Sie jetzt „Hoher Sachschaden bei Feuer in Reitstall“.;Reiterhof;News, Reiterhof, Bad Liebenstein, Sachschaden, Reitstall, Reiterhof, Tiere;2026-08-09T16:05:34+02:00;2026-08-09T16:05:34+02:00;;dpa Thüringen;false
6ee727230a2a8ab2ae1c66a5ac8d0ad1a9fae356f438016264ba87b0fee2faa2;Autofahrer bei Unfall mit Rettungswagen verletzt;https://www.zeit.de/news/2026-08/09/autofahrer-bei-unfall-mit-rettungswagen-verletzt;Hier finden Sie Informationen zu dem Thema „Mainz“. Lesen Sie jetzt „Autofahrer bei Unfall mit Rettungswagen verletzt“.;Mainz;News, Mainz, Mainz, Mainz-Ebersheim, Unfall, Rettungswagen, Auto;2026-08-09T16:02:39+02:00;2026-08-09T16:02:39+02:00;;dpa Rheinland-Pfalz/Saarland;false
74ac269429e079bf0087a6350c7845b82ca30db1a632ee35580063336ddef1fa;Mann in Düsseldorfer Altstadt lebensgefährlich verletzt;https://www.zeit.de/news/2026-08/09/mann-in-duesseldorfer-altstadt-lebensgefaehrlich-verletzt;Hier finden Sie Informationen zu dem Thema „Kriminalität“. Lesen Sie jetzt „Mann in Düsseldorfer Altstadt lebensgefährlich verletzt“.;Kriminalität;News, Kriminalität, Polizei;2026-08-09T15:56:30+02:00;2026-08-09T15:56:30+02:00;;dpa Nordrhein-Westfalen;false
7407b3bfb80c510e6b1a2719eba717aeb7abf6ed4bca9c16b4328cdf5878a780;Rauch im Maschinenraum - Zug mit 500 Fahrgästen evakuiert;https://www.zeit.de/news/2026-08/09/rauch-im-maschinenraum-zug-mit-500-fahrgaesten-evakuiert;Hier finden Sie Informationen zu dem Thema „Getränke wegen Hitze verteilt“. Lesen Sie jetzt „Rauch im Maschinenraum - Zug mit 500 Fahrgästen evakuiert“.;Getränke wegen Hitze verteilt;News, Getränke wegen Hitze verteilt, Oberbayern, Nürnberg, Maschinenraum, Rauchentwicklung;2026-08-09T15:52:51+02:00;2026-08-09T15:52:51+02:00;;dpa Bayern;false
6d3bb2b1aa99df278782822b1ad7dda0539599f39e4f2ac1a345e547a95e91af;Tatort Wahlkampf: Plakate beschädigt, Helfer attackiert;https://www.zeit.de/news/2026-08/09/tatort-wahlkampf-plakate-beschaedigt-helfer-attackiert;Hier finden Sie Informationen zu dem Thema „Wahlen“. Lesen Sie jetzt „Tatort Wahlkampf: Plakate beschädigt, Helfer attackiert“.;Wahlen;News, Wahlen, Berlin, Schöneberg, Polizei, Tatort, Plakat, Wahlkampf;2026-08-09T15:51:42+02:00;2026-08-09T15:51:42+02:00;;dpa Berlin/Brandenburg;false
f252bb89162b57ae7999c34eca418e936d2d61ddeb6a597b5c28d8e5f9d8be6b;WDR verteidigt Restle gegen den Vorwurf des Antisemitismus;https://www.zeit.de/politik/deutschland/2026-08/georg-restle-wdr-ceuta-posting-the-nation;Mit einem Post zur Krise in Ceuta zog der Journalist Georg Restle Antisemitismusvorwürfe auf sich. Der WDR nimmt ihn in Schutz: Die Vorwürfe seien »ehrverletzend«.;Ceuta;Politik, Ceuta, WDR, Ceuta, Journalismus, Antisemitismus, Migration, Spanien;2026-08-09T15:49:19+02:00;2026-08-09T15:49:19+02:00;sc;DIE ZEIT,        dpa,        epd,        							sc;false
42ef0e0fd1036306686b22b9aa48e6c1ec2a66eba6b843bcb0f6e0d28bccba8e;KSC-Coach Senft schwärmt von Doppelpacker Broschinski;https://www.zeit.de/news/2026-08/09/ksc-coach-senft-schwaermt-von-doppelpacker-broschinski;Hier finden Sie Informationen zu dem Thema „2. Fußball-Bundesliga“. Lesen Sie jetzt „KSC-Coach Senft schwärmt von Doppelpacker Broschinski“.;2. Fußball-Bundesliga;News, 2. Fußball-Bundesliga, Moritz Broschinski, Maximilian Senft, Marvin Wanitzek, Danyal Zor, FC Basel, Arminia Bielefeld, Karlsruher SC, Fußball-Bundesliga, Stadionflur, Wildpark;2026-08-09T15:47:40+02:00;2026-08-09T15:47:40+02:00;;dpa Baden-Württemberg;false
ec6d0cd19fe428098af21a8f1270349bbfe1b3afdb2333e1be0ee619b7ac6aa7;Hanse Sail lockt 500.000 Besucher nach Rostock;https://www.zeit.de/news/2026-08/09/hanse-sail-lockt-500-000-besucher-nach-rostock;Hier finden Sie Informationen zu dem Thema „35. Auflage“. Lesen Sie jetzt „Hanse Sail lockt 500.000 Besucher nach Rostock“.;35. Auflage;News, 35. Auflage, Eva-Maria Kröger, Rostock, Hanse Sail, Veranstaltungsformat, Schiff;2026-08-09T15:40:28+02:00;2026-08-09T15:40:28+02:00;;dpa Mecklenburg-Vorpommern;false
681627bba62a4a8a5d28f92927b7f2c613b3fc1dcbbe6b8b7997195bd89860dc;Verdacht: Nach Streit greift Schwiegervater zum Messer;https://www.zeit.de/news/2026-08/09/verdacht-nach-streit-greift-schwiegervater-zum-messer;Hier finden Sie Informationen zu dem Thema „Familienstreit“. Lesen Sie jetzt „Verdacht: Nach Streit greift Schwiegervater zum Messer“.;Familienstreit;News, Familienstreit, Landkreis Karlsruhe, Polizei, Familienstreit, Messerangriff;2026-08-09T15:39:36+02:00;2026-08-09T15:39:36+02:00;;dpa Baden-Württemberg;false
baa3fe85e08c6e9a3187256afd80b43d96ddb7f08295306ad39e4e33bc27c1f9;Iran stellt neue Bedingungen für Öffnung der Straße von Hormus;https://www.zeit.de/politik/ausland/2026-08/strasse-von-hormus-iran-usa-blockade-bedingungen;Der Nationale Sicherheitsrat des Iran knüpft die Aufhebung der Blockade in der Straße von Hormus an sechs Forderungen. Diese gehen über zuvor genannte Bedingungen hinaus.;Straße von Hormus;Politik, Straße von Hormus, Straße von Hormus, Iran, USA, Donald Trump, Atomprogramm, Nahost;2026-08-09T15:39:00+02:00;2026-08-09T15:39:00+02:00;voi;DIE ZEIT,        dpa,        AFP,        							voi;false
14b6f249bcc9035e86167b3e0f1f37fe40e0b6d136f8476f3e7340969bb1baf3;Hansa Rostock startet mit Sieg in neue Saison;https://www.zeit.de/news/2026-08/09/hansa-rostock-startet-mit-sieg-in-neue-saison;Hier finden Sie Informationen zu dem Thema „Saisonstart 3. Liga“. Lesen Sie jetzt „Hansa Rostock startet mit Sieg in neue Saison“.;Saisonstart 3. Liga;News, Saisonstart 3. Liga, Hansa Rostock, TSG 1899 Hoffenheim, Saisonstart, Doppelpack, Auswärtssieg;2026-08-09T15:36:02+02:00;2026-08-09T15:36:02+02:00;;dpa Mecklenburg-Vorpommern;false
76ee7fca9e8b65db8baf2929e7b7fc54074b27c94a078ecd49eeca82cbba6892;SpVgg Greuther Fürth trotzt FC St. Pauli Remis ab;https://www.zeit.de/news/2026-08/09/spvgg-greuther-fuerth-trotzt-fc-st-pauli-remis-ab;Hier finden Sie Informationen zu dem Thema „2. Fußball-Bundesliga“. Lesen Sie jetzt „SpVgg Greuther Fürth trotzt FC St. Pauli Remis ab“.;2. Fußball-Bundesliga;News, 2. Fußball-Bundesliga, Marcel Rapp, Marcus Mathisen, Felix Klaus, St. Pauli, SpVgg Greuther Fürth, FC St. Pauli, Fußball-Bundesliga, Bundesliga, Pflichtspiel;2026-08-09T15:35:37+02:00;2026-08-09T15:35:37+02:00;;dpa Hamburg/Schleswig-Holstein;false
c06633a7a594cde3d447e916a0272b31748353684fadda07d5f771ed773d9473;Zoma mit Dreierpack: Traumstart für Kloses Nürnberger;https://www.zeit.de/news/2026-08/09/zoma-mit-dreierpack-traumstart-fuer-kloses-nuernberger;Hier finden Sie Informationen zu dem Thema „2. Fußball-Bundesliga“. Lesen Sie jetzt „Zoma mit Dreierpack: Traumstart für Kloses Nürnberger“.;2. Fußball-Bundesliga;News, 2. Fußball-Bundesliga, Miroslav Klose, 1. FC Nürnberg, Dynamo Dresden, Fußball-Bundesliga, Dreierpack, Traumstart;2026-08-09T15:35:28+02:00;2026-08-09T15:35:28+02:00;;dpa Bayern;false
c0e959ec3a8a97679018a78e0cbe3de264b96c6b9c4364ae4a6e01d8f634bd50;Fürth erkämpft Remis zum Auftakt bei St. Pauli;https://www.zeit.de/news/2026-08/09/fuerth-erkaempft-remis-zum-auftakt-bei-st-pauli;Hier finden Sie Informationen zu dem Thema „2. Fußball-Bundesliga“. Lesen Sie jetzt „Fürth erkämpft Remis zum Auftakt bei St. Pauli“.;2. Fußball-Bundesliga;News, 2. Fußball-Bundesliga, Heiko Vogel, Felix Klaus, Marcus Mathisen, Florian Hellstern, Martijn Kaar, Jannis Heuer, Fürth, St. Pauli, Millerntor-Stadion, SpVgg Greuther Fürth;2026-08-09T15:34:09+02:00;2026-08-09T15:34:09+02:00;;dpa Bayern;false
85a70789fa8ec66d468b9229569d3d92930c1fffed52d24f295e02e8fd11242a;Polizei findet Knochen und Munition auf altem Gehöft;https://www.zeit.de/news/2026-08/09/polizei-findet-knochen-und-munition-auf-altem-gehoeft;Hier finden Sie Informationen zu dem Thema „Menschliche Knochen?“. Lesen Sie jetzt „Polizei findet Knochen und Munition auf altem Gehöft“.;Menschliche Knochen?;News, Menschliche Knochen?, Brandenburg an der Havel, Polizei, Gehöft, Munition, Sprengstoff;2026-08-09T15:25:58+02:00;2026-08-09T15:25:58+02:00;;dpa Berlin/Brandenburg;false
373475af4443e3cd3c06be4f41e02805facf614bb10cd0140ff64dfb44c8c576;Mann nach Verfolgung festgenommen - zwei Polizisten verletzt;https://www.zeit.de/news/2026-08/09/mann-nach-verfolgung-festgenommen-zwei-polizisten-verletzt;Hier finden Sie Informationen zu dem Thema „Kriminalität“. Lesen Sie jetzt „Mann nach Verfolgung festgenommen - zwei Polizisten verletzt“.;Kriminalität;News, Kriminalität, Parchim, Polizei, Verfolgung, Verfolgungsfahrt, Festnahme;2026-08-09T15:25:53+02:00;2026-08-09T15:25:53+02:00;;dpa Berlin/Brandenburg;false
8ace28243f36d3b6b3ce4e7ca965c7b6f632d9ae8d5db33c6b76d066e2518d68;«Dramatisches Bild» – Pferd stürzt im Anhänger;https://www.zeit.de/news/2026-08/09/dramatisches-bild-pferd-stuerzt-im-anhaenger;Hier finden Sie Informationen zu dem Thema „Tier-Unfall“. Lesen Sie jetzt „«Dramatisches Bild» – Pferd stürzt im Anhänger“.;Tier-Unfall;News, Tier-Unfall, Osthessen, Eisenach, Herleshausen, Feuerwehr, Polizei, Tiere;2026-08-09T15:24:24+02:00;2026-08-09T15:24:24+02:00;;dpa Hessen;false
9d5590d277b8beb7190fb89eb8c6e415aea757c31d16a5e65e19f6e16724ad44;Brand in der Nähe von Erfurt ausgebrochen;https://www.zeit.de/news/2026-08/09/brand-in-der-naehe-von-erfurt-ausgebrochen;Hier finden Sie Informationen zu dem Thema „Feuer“. Lesen Sie jetzt „Brand in der Nähe von Erfurt ausgebrochen“.;Feuer;News, Feuer, Erfurt, Töttelstädt;2026-08-09T15:15:26+02:00;2026-08-09T15:15:26+02:00;;dpa Thüringen;false
ba9d49f9ce8d6a1cbb3b15183d3e14cc649bb97c838d709a4331b042fb3a1e48;Pangea Festival zieht positives Fazit;https://www.zeit.de/news/2026-08/09/pangea-festival-zieht-positives-fazit;Hier finden Sie Informationen zu dem Thema „Vorverkauf für 2027 läuft“. Lesen Sie jetzt „Pangea Festival zieht positives Fazit“.;Vorverkauf für 2027 läuft;News, Vorverkauf für 2027 läuft, Alexander Seifert, Deutsche Presse-Agentur;2026-08-09T15:14:51+02:00;2026-08-09T15:14:51+02:00;;dpa Mecklenburg-Vorpommern;false
c4fa3c2564a31d8ac97965c510cd6e3fd1abe4f8dc0f8065f2ddf0d60541442d;Linken-Chef pocht auf Enteignung großer Wohnungskonzerne;https://www.zeit.de/news/2026-08/09/linken-chef-pocht-auf-enteignung-grosser-wohnungskonzerne;Hier finden Sie Informationen zu dem Thema „Wahlkampf“. Lesen Sie jetzt „Linken-Chef pocht auf Enteignung großer Wohnungskonzerne“.;Wahlkampf;News, Wahlkampf, Luigi Pantisano, Berlin, Vonovia, Wohnungskonzern, Enteignung, Wahlkampf;2026-08-09T15:10:24+02:00;2026-08-09T15:10:24+02:00;;dpa Berlin/Brandenburg;false
377392d3557de34015dde5aafd09635eed0748697fb0212cc2a0121c8c39fe71;Boot brennt vor Insel Mainau – Familie gerettet;https://www.zeit.de/news/2026-08/09/boot-brennt-vor-insel-mainau-drei-menschen-gerettet;Hier finden Sie Informationen zu dem Thema „Feuer auf dem Bodensee“. Lesen Sie jetzt „Boot brennt vor Insel Mainau – Familie gerettet“.;Feuer auf dem Bodensee;News, Feuer auf dem Bodensee, Mainau, Bodensee, Motorraum;2026-08-09T15:10:08+02:00;2026-08-09T15:10:08+02:00;;dpa Baden-Württemberg;false
e5f3fa340b79cda9d006a2ae8cf7c2fcc0a31caa67076752551cd71e041a2670;Leerstehendes Haus im Harz in Flammen - 120.000 Euro Schaden;https://www.zeit.de/news/2026-08/09/leerstehendes-haus-im-harz-in-flammen-120-000-euro-schaden;Hier finden Sie Informationen zu dem Thema „Großeinsatz“. Lesen Sie jetzt „Leerstehendes Haus im Harz in Flammen - 120.000 Euro Schaden“.;Großeinsatz;News, Großeinsatz, Großeinsatz;2026-08-09T15:04:52+02:00;2026-08-09T15:04:52+02:00;;dpa Sachsen;false
727fdc22d303b321f85669681f69ba6ec91ad4d0efdbb7543e7ecb399559cbac;Ihre Arznei könnte Leben retten. Doch bei Patienten kommt sie nicht an;https://www.zeit.de/wirtschaft/2026-08/biotechnologie-unternehmen-medikamente-forschung-preis;Biotech-Firmen entwickeln Mittel gegen Krebs oder Sepsis. Die Regierung will sie gezielt fördern. Doch anders als in den USA scheitern viele in Deutschland. Warum?;"Z+ (abopflichtiger Inhalt);
        
    Biotechnologie";Wirtschaft, Biotechnologie, Unternehmen, Biotechnologie, Forschung, Medikament;2026-08-09T15:04:37+02:00;2026-08-09T15:04:37+02:00;Felix Schmidtner;;false
3a8b7a07f219808e0cfa8850f4c6163b66aef8c08373d52ac2534f8e91424882;Er hört zwar schlecht, aber schwimmt dafür umso besser;https://www.zeit.de/arbeit/2026-07/rettungsschwimmer-alter-reinhard-gall-badetote;Reinhard Gall ist mit 81 der älteste Rettungsschwimmer Deutschlands. Er macht weiter, weil der Nachwuchs fehlt – und verrät auf seinem Turm die größte Gefahr des Meeres.;"Z+ (abopflichtiger Inhalt);
        
    Rettungsschwimmer im Alter";Arbeit, Rettungsschwimmer im Alter, DLRG, Badeunfall, schwimmen, Ostsee;2026-08-09T15:01:23+02:00;2026-08-09T15:01:23+02:00;Henrik RampeMartin Pauer;;false
d037c8d2c6f403b75c7c73fbdc0cef037b03ba1d8d3a578518aa0b73fee9bb4d;»Ich bin fasziniert davon, dass es keinen Sinn ergibt«;https://www.zeit.de/video/2026-08/dreamcore-aesthetik-internet-explorer-ijoma-mangold;Auf Social Media erzielen »Dreamcore«-Inhalte Millionen von Aufrufen. Wir haben den ZEIT-Feuilletonisten Ijoma Mangold gebeten, sich einen Reim auf die Clips zu machen.  ;Dreamcore;Video, Dreamcore, Soziale Medien, Internet, Schlaf;2026-08-09T15:01:20+02:00;2026-08-09T15:01:20+02:00;Thilo Adam;;false
d1059fa5addf168a707a67417d90cefe897bf745819fec2784ecf244cd36524b;Vier Verletzte bei Ammoniakaustritt in Großbäckerei;https://www.zeit.de/news/2026-08/09/vier-verletzte-bei-ammoniakaustritt-in-grossbaeckerei;Hier finden Sie Informationen zu dem Thema „Feuerwehr im Großaufgebot“. Lesen Sie jetzt „Vier Verletzte bei Ammoniakaustritt in Großbäckerei“.;Feuerwehr im Großaufgebot;News, Feuerwehr im Großaufgebot, Haßfurt, Feuerwehr, Ammoniakaustritt, Großbäckerei, Gasaustritt, Großaufgebot, Haßberg, Atemwegsreizung;2026-08-09T14:56:32+02:00;2026-08-09T14:56:32+02:00;;dpa Bayern;false
318f363906c35108a32e2057339a68b0ec1de28a9774c0bff29c865a4c0b9f8f;Streit um Enteignung: Krach stichelt gegen Linke;https://www.zeit.de/news/2026-08/09/streit-um-enteignung-krach-stichelt-gegen-linke;Hier finden Sie Informationen zu dem Thema „Wahlkampf“. Lesen Sie jetzt „Streit um Enteignung: Krach stichelt gegen Linke“.;Wahlkampf;News, Wahlkampf, Steffen Kracht, Berlin, Friedrichstraße, SPD, Enteignung, Enteignungsdebatte, Wirtschaftszentrum, Wahlkampf, Kritik;2026-08-09T14:55:24+02:00;2026-08-09T14:55:24+02:00;;dpa Berlin/Brandenburg;false
105ede6c930d96afdfc54c95000bcf89929b777b063c69883525c89239effcbd;Papst fordert Schutz für Zivilisten in der Ukraine und Russland;https://www.zeit.de/politik/ausland/2026-08/papst-leo-xiv-ukrainekrieg-sudan-humanitaeres-voelkerrecht;Papst Leo XIV. hat im sonntäglichen Mittagsgebet zum sofortigen Ende der Kampfhandlungen im Ukrainekrieg aufgerufen. Auch beklagte er die Opfer der Kämpfe im Sudan.;Papst Leo XIV.;Politik, Papst Leo XIV., Papst Leo, Katholische Kirche, Krieg in der Ukraine, Russland, Sudan, Vatikanstadt;2026-08-09T14:53:27+02:00;2026-08-09T14:53:27+02:00;fgl;DIE ZEIT,        KNA,        							fgl;false
dc21b9c6c39e635564e58c10a85b30414d07a4ac3a39df12d122f5fd54d70d7d;Minister will Bonuszahlungen an Bahn-Ziele koppeln;https://www.zeit.de/news/2026-08/09/minister-will-bonuszahlungen-an-bahn-ziele-koppeln;Hier finden Sie Informationen zu dem Thema „Unpünktliche Bahn“. Lesen Sie jetzt „Minister will Bonuszahlungen an Bahn-Ziele koppeln“.;Unpünktliche Bahn;News, Unpünktliche Bahn, Steffen Bilger, Deutsche Bahn, CDU, Bild am Sonntag, Bonuszahlung, Pünktlichkeitskrise, Führungsebene, Millionenzahlung, Kritik;2026-08-09T14:47:21+02:00;2026-08-09T14:47:21+02:00;;dpa;false
7cafc9f5fac114567d332c905db48582b54bc45cb6ab154a1e1534d9146b1b99;Motorradfahrer im Landkreis Zwickau schwer verletzt;https://www.zeit.de/news/2026-08/09/motorradfahrer-im-landkreis-zwickau-schwer-verletzt;Hier finden Sie Informationen zu dem Thema „Verkehrsunfall“. Lesen Sie jetzt „Motorradfahrer im Landkreis Zwickau schwer verletzt“.;Verkehrsunfall;News, Verkehrsunfall, Gersdorf, Zwickau, Landkreis Zwickau, Verkehrsunfall, Auto;2026-08-09T14:46:37+02:00;2026-08-09T14:46:37+02:00;;dpa Sachsen;false
1beb1e7ec94e2f1f370d7619c8bee22f70cad1a388e75206f310a084a26e1d11;Streit eskaliert - Männer von Auto angefahren;https://www.zeit.de/news/2026-08/09/streit-eskaliert-maenner-von-auto-angefahren;Hier finden Sie Informationen zu dem Thema „Kriminalität“. Lesen Sie jetzt „Streit eskaliert - Männer von Auto angefahren“.;Kriminalität;News, Kriminalität, Mann, Altglienicke, Polizei, Auto;2026-08-09T14:44:01+02:00;2026-08-09T14:44:01+02:00;;dpa Berlin/Brandenburg;false
46cf6c6b740312843d509786e816d97c6ea9e9b1f305ae8d3bf970cdc5ef8a77;Kompany «beeindruckt» von Asien-Tour - Freude auf Kane & Co.;https://www.zeit.de/news/2026-08/09/kompany-beeindruckt-von-asien-tour-freude-auf-kane-co;Hier finden Sie Informationen zu dem Thema „Fußball-Bundesliga“. Lesen Sie jetzt „Kompany «beeindruckt» von Asien-Tour - Freude auf Kane & Co.“.;Fußball-Bundesliga;News, Fußball-Bundesliga, Vincent Kompany, Michael Olise, Harry Kane, Joshua Kimmich, Rouven Kasper, Max Eberl, Manuel Neuer, Hongkong, Jeju, Asien;2026-08-09T14:41:51+02:00;2026-08-09T14:41:51+02:00;;dpa Bayern;false
16879949314f1db51c90ed441cf1201b6c53b2c2ca85402a18dbd0405c6913b0;Zwei Verletzte bei Hubschrauberunfall;https://www.zeit.de/news/2026-08/09/zwei-verletzte-bei-hubschrauberunfall;Hier finden Sie Informationen zu dem Thema „Unfälle“. Lesen Sie jetzt „Zwei Verletzte bei Hubschrauberunfall“.;Unfälle;News, Unfälle, Ganderkesee, Landkreis Oldenburg, Polizei, Hubschrauberunfall, Unfall, Flugplatz, Hubschrauber;2026-08-09T14:36:26+02:00;2026-08-09T14:36:26+02:00;;dpa Niedersachsen;false
d6bd9c702b1a3d47c2f0ccdb4a5e71d66ccb915d7f953fbef7fd6e64dd331a07;Fußgänger stirbt nach Schlägen - Fahnder suchen Autofahrer;https://www.zeit.de/news/2026-08/09/fussgaenger-stirbt-nach-schlaegen-fahnder-suchen-autofahrer;Hier finden Sie Informationen zu dem Thema „Kriminalität“. Lesen Sie jetzt „Fußgänger stirbt nach Schlägen - Fahnder suchen Autofahrer“.;Kriminalität;News, Kriminalität, Mann, Bremen, Polizei;2026-08-09T14:34:04+02:00;2026-08-09T14:34:04+02:00;;dpa;false
f4ae856ece5fe0b2236d0b704eacec72e8038f44914419ac04d4caf011e9902e;Konjunkturflaute setzt Kommunen zu – aber nicht allen;https://www.zeit.de/news/2026-08/09/konjunkturflaute-setzt-thueringer-kommunen-zu;Hier finden Sie Informationen zu dem Thema „Kommunalfinanzen“. Lesen Sie jetzt „Konjunkturflaute setzt Kommunen zu – aber nicht allen“.;Kommunalfinanzen;News, Kommunalfinanzen, Carsten Rieder, Erfurt, Thüringen, Eisenach, Deutsche Presse-Agentur, Konjunkturflaute, Kommunalfinanzen, Kommune, Konjunkturschwäche, Gewerbesteuereinnahme;2026-08-09T14:33:24+02:00;2026-08-09T14:33:24+02:00;;dpa Thüringen;false
acb754bd244456fd2c8d11122aa7ed4460b3a9038d021906548355b20bb36623;Reiserückkehrer sorgen für Stau auf Autobahnen im Norden;https://www.zeit.de/news/2026-08/09/reiserueckkehrer-sorgen-fuer-stau-auf-autobahnen-im-norden;Hier finden Sie Informationen zu dem Thema „Verkehr“. Lesen Sie jetzt „Reiserückkehrer sorgen für Stau auf Autobahnen im Norden“.;Verkehr;News, Verkehr, Hamburg, Schleswig-Holstein, Flensburg, Mecklenburg-Vorpommern, ADAC, Stau, Verkehr, Autobahn;2026-08-09T14:32:38+02:00;2026-08-09T14:32:38+02:00;;dpa Hamburg/Schleswig-Holstein;false
81f294aa26e4552dfe93e4f7b3623feb27d83c04fa5154ddb77705c6b58c9bb1;81-Jähriger nach Unfall auf der A3 reanimiert;https://www.zeit.de/news/2026-08/09/81-jaehriger-nach-unfall-auf-der-a3-reanimiert;Hier finden Sie Informationen zu dem Thema „Bei Seligenstadt“. Lesen Sie jetzt „81-Jähriger nach Unfall auf der A3 reanimiert“.;Bei Seligenstadt;News, Bei Seligenstadt, Seligenstadt, Unfall, Auto;2026-08-09T14:24:30+02:00;2026-08-09T14:24:30+02:00;;dpa Hessen;false
67f6c9661193ba6cb1f881ab18d078400b29971538f6cb75f24629659600247a;EM als Lernprozess für Trio aus Rostock;https://www.zeit.de/news/2026-08/09/em-als-lernprozess-fuer-trio-aus-rostock;Hier finden Sie Informationen zu dem Thema „Leichtathletik“. Lesen Sie jetzt „EM als Lernprozess für Trio aus Rostock“.;Leichtathletik;News, Leichtathletik, Johanna Martin, Julia Ulbricht, Lia Flotow, Ralf Skopnik, Rostock, Birmingham, Alexander Stadium, Leichtathletik-EM, Lernprozess, Leichtathletik;2026-08-09T14:16:18+02:00;2026-08-09T14:16:18+02:00;;dpa Mecklenburg-Vorpommern;false
55a360fe2f634de370eb802f96523fc1e49e835f5b86fff0aa3f25a07372658b;Spanien weist erste Reisende aus Italien zurück;https://www.zeit.de/politik/ausland/2026-08/grenzkontrollen-spanien-italien-ceuta;Nach Einführung der Grenzkontrollen haben spanische Behörden mehrere Reisende aus Italien zurückgewiesen. Zuvor hatte Italien seinerseits Kontrollen eingeführt.;Migrationsstreit;Politik, Migrationsstreit, Spanien, Migration, Italien, Ceuta, Europäische Union, Schengener Abkommen;2026-08-09T14:14:38+02:00;2026-08-09T14:14:38+02:00;wil;DIE ZEIT,        dpa,        Reuters,        AFP,        							wil;false
307ce704d195bd075ad0e5dd67bea044533f5a86318dde3e44423e9699aa08fa;Unstrut in Karsdorf mehrere Tage gesperrt;https://www.zeit.de/news/2026-08/09/unstrut-in-karsdorf-mehrere-tage-gesperrt;Hier finden Sie Informationen zu dem Thema „Wegen Brückenneubau“. Lesen Sie jetzt „Unstrut in Karsdorf mehrere Tage gesperrt“.;Wegen Brückenneubau;News, Wegen Brückenneubau, Unstrut, Karsdorf, Burgenlandkreis, Brückenneubau, Landesverwaltungsamt, Schiffsverkehr;2026-08-09T14:13:32+02:00;2026-08-09T14:13:32+02:00;;dpa Sachsen;false
a1b0a711fd394473b60f7f2fab742ff9426c597f0488a139af1338bb507fdf48;«Verrat ans Volk» – Grünen-Büro in Eberswalde beschmiert;https://www.zeit.de/news/2026-08/09/verrat-ans-volk-gruenen-buero-in-eberswalde-beschmiert;Hier finden Sie Informationen zu dem Thema „Büro des Kreisverbandes“. Lesen Sie jetzt „«Verrat ans Volk» – Grünen-Büro in Eberswalde beschmiert“.;Büro des Kreisverbandes;News, Büro des Kreisverbandes, Eberswalde, Verrat, Kreisverband;2026-08-09T14:08:36+02:00;2026-08-09T14:08:36+02:00;;dpa Berlin/Brandenburg;false
bdc7833b50a0bf4c8735f7ce2363924483ab4a293861b92303d41ac32b05968f;Niedrigwasser bringt Hungerstein in der Elbe zum Vorschein;https://www.zeit.de/news/2026-08/09/niedrigwasser-bringt-hungerstein-in-der-elbe-zum-vorschein;Hier finden Sie Informationen zu dem Thema „Flüsse“. Lesen Sie jetzt „Niedrigwasser bringt Hungerstein in der Elbe zum Vorschein“.;Flüsse;News, Flüsse, Elbe, Sachsen, Pirna, Hungerstein, Niedrigwasser, Dürrejahr;2026-08-09T14:07:25+02:00;2026-08-09T14:07:25+02:00;;dpa Sachsen;false
9ad7559141a9c1fa0ac38da15bddf4f27bcf59b7f833d38546660e9c281b21d8;Israel lehnt Friedensplan für den Gazastreifen ab;https://www.zeit.de/politik/ausland/2026-08/gaza-friedensrat-israel-hamas-benjamin-netanjahu;Benjamin Netanjahu stellt den vollständigen Abzug aus Gaza unter Bedingungen. Die israelische Armee werde nicht abziehen, solange die Hamas nicht entwaffnet sei, sagt er.;Gaza-Friedensrat;Politik, Gaza-Friedensrat, Israel, Gazastreifen, Hamas, Benjamin Netanjahu, Nahostkonflikt, Jerusalem;2026-08-09T14:05:27+02:00;2026-08-09T14:05:27+02:00;voi;DIE ZEIT,        dpa,        Reuters,        							voi;false
751e931772ef8eb9b8f50d6794c770a340fa18b790b555f39034aa7bf89abb82;Nackt auf dem Rad durch die Hauptstadt;https://www.zeit.de/news/2026-08/09/nackt-auf-dem-rad-durch-die-hauptstadt;Hier finden Sie Informationen zu dem Thema „Demonstration“. Lesen Sie jetzt „Nackt auf dem Rad durch die Hauptstadt“.;Demonstration;News, Demonstration, Berlin, Polizei, Demonstration;2026-08-09T13:58:45+02:00;2026-08-09T13:58:45+02:00;;dpa Berlin/Brandenburg;false
eac836923d71dbd07544babeeff5418d8bd0840f9adc81f5003aa87bf928f9bb;Schüsse bei Hochzeitskorso – Polizei stoppt mehrere Autos;https://www.zeit.de/news/2026-08/09/schuesse-bei-hochzeitskorso-polizei-stoppt-mehrere-autos;Hier finden Sie Informationen zu dem Thema „Polizeieinsatz“. Lesen Sie jetzt „Schüsse bei Hochzeitskorso – Polizei stoppt mehrere Autos“.;Polizeieinsatz;News, Polizeieinsatz, Ingolstadt, Polizei, Hochzeitskorso, Polizeieinsatz, Zeugenhinweis, Einsatzzentrale, Auto, Fahrzeug;2026-08-09T13:58:16+02:00;2026-08-09T13:58:16+02:00;;dpa Bayern;false
b1a46f49470c77faacab715ab432d1fe9c8f61d660d5cb33531fc4168b24745a;Einfach mal weniger teilen;https://www.zeit.de/gesellschaft/2026-08/georg-restle-ard-ceuta-theorie-journalismus;Der ARD-Journalist Georg Restle hat eine unbelegte Theorie zur Ceuta-Krise geteilt. Das ist nicht antisemitisch, wie Kritiker behaupten. Weise ist es aber auch nicht.;Georg Restle;Gesellschaft, Georg Restle, Ceuta, Journalismus, ARD, X, Antisemitismus, Migration;2026-08-09T13:56:52+02:00;2026-08-09T13:56:52+02:00;Sasan Abdi-Herrle;;false
bae451c30fae419390d0daff2584a4fb87732e1659c74a240dbe5ce1ec6b3c13;Gestohlenes Krokodil und Hitlergrüße beim Gäubodenvolksfest;https://www.zeit.de/news/2026-08/09/gestohlenes-krokodil-und-hitlergruesse-beim-gaeubodenvolksfest;Hier finden Sie Informationen zu dem Thema „Gäubodenvolksfest“. Lesen Sie jetzt „Gestohlenes Krokodil und Hitlergrüße beim Gäubodenvolksfest“.;Gäubodenvolksfest;News, Gäubodenvolksfest, Mann, Gäubodenvolksfest, Straubing, Bayern, Polizei, Hitlergruß, Krokodil, Diebstahl, sexuelle Belästigung;2026-08-09T13:49:49+02:00;2026-08-09T13:49:49+02:00;;dpa Bayern;false
a57291493539fefc81ed8689da7c3498a9a83b8cf7255f59cbc1ef3043b03be9;Bis zu 32 Grad in NRW – Rheinpegel bleibt historisch niedrig;https://www.zeit.de/news/2026-08/09/bis-zu-32-grad-in-nrw-rheinpegel-bleibt-historisch-niedrig;Hier finden Sie Informationen zu dem Thema „Heißer Sommer“. Lesen Sie jetzt „Bis zu 32 Grad in NRW – Rheinpegel bleibt historisch niedrig“.;Heißer Sommer;News, Heißer Sommer, NRW, Nordrhein-Westfalen, Rhein, DWD, Rheinpegel, Höchsttemperatur, Sommer;2026-08-09T13:48:42+02:00;2026-08-09T13:48:42+02:00;;dpa Nordrhein-Westfalen;false
f4bc2d0acb52dbf44045e6aa3c9e856dc34f71c08963f502a48db4e126303677;SPD kritisiert Regelung zu Familiennachzug als zu streng;https://www.zeit.de/politik/deutschland/2026-08/familiennachzug-subsidiaer-schutzberechtigte-aussetzung-spd-holger-reichardt;Angehörige von Menschen mit eingeschränktem Schutzstatus können seit einem Jahr nur noch in Härtefällen nachziehen. Die SPD kritisiert die Regelung als zu restriktiv.;Familiennachzug;Politik, Familiennachzug, Geflüchtete, Migration, Asylpolitik, SPD, Familie;2026-08-09T13:43:10+02:00;2026-08-09T13:43:10+02:00;pip;DIE ZEIT,        dpa,        							pip;false
faa6a6cf04831558e3f0bb26052d46a470ea38206242d37a850a998428d76128;Mann zielt mit Softair-Pistole auf Passanten und Autos;https://www.zeit.de/news/2026-08/09/mann-zielt-mit-softair-pistole-auf-passanten-und-autos;Hier finden Sie Informationen zu dem Thema „Frankfurt“. Lesen Sie jetzt „Mann zielt mit Softair-Pistole auf Passanten und Autos“.;Frankfurt;News, Frankfurt, Frankfurt, Polizei, Auto;2026-08-09T13:41:27+02:00;2026-08-09T13:41:27+02:00;;dpa Hessen;false
86f93585ada6b5d86b6296dd5406d289e803e44145102ba3d9026f55a2af6aab;Waldbrandgefahr in Brandenburg steigt;https://www.zeit.de/news/2026-08/09/waldbrandgefahr-in-brandenburg-steigt;Hier finden Sie Informationen zu dem Thema „Trockenheit“. Lesen Sie jetzt „Waldbrandgefahr in Brandenburg steigt“.;Trockenheit;News, Trockenheit, Brandenburg, Oberspreewald-Lausitz, Oberhavel, Waldbrandgefahr, Trockenheit, Landkreis, Warnstufe, Wald;2026-08-09T13:41:23+02:00;2026-08-09T13:41:23+02:00;;dpa Berlin/Brandenburg;false
5d3cc8c9522a43bfcf73368936a0acbd27956f4ebeb601feced95f64133d00b8;Netanjahu: Israel lehnt Gaza-Fahrplan ab;https://www.zeit.de/news/2026-08/09/netanjahu-israel-lehnt-gaza-fahrplan-ab;Hier finden Sie Informationen zu dem Thema „Nahost“. Lesen Sie jetzt „Netanjahu: Israel lehnt Gaza-Fahrplan ab“.;Nahost;News, Nahost, Benjamin Netanjahu, Nahost, Jerusalem, Gazastreifen, Hamas, Entwaffnung, Fahrplan, Terrororganisation;2026-08-09T13:41:09+02:00;2026-08-09T13:41:09+02:00;;dpa;false
035d44cf42419acafa4cbf7c6af41856e6abaf40a16c6eb4d5f4904710d96535;Kommt eine Härtefall-Regelung im Streit um die Rente mit 63?;https://www.zeit.de/news/2026-08/09/kommt-eine-haertefall-regelung-im-streit-um-die-rente-mit-63;Hier finden Sie Informationen zu dem Thema „Rentenpaket“. Lesen Sie jetzt „Kommt eine Härtefall-Regelung im Streit um die Rente mit 63?“.;Rentenpaket;News, Rentenpaket, Thorsten Frei, Dirk Wiese, Friedrich Merz, Mario Voigt, Martin Werding, SPD, CDU, Funke Mediengruppe, Deutscher Bundestag, Bundesregierung;2026-08-09T13:35:20+02:00;2026-08-09T13:35:20+02:00;;dpa;false
883331ad7d270acfb15a8b3f34dbeb742cff0f7635c4fcaaa9381a51b9fbfd9c;«Jesus Christ Superstar» - Rockoper feierte Premiere;https://www.zeit.de/news/2026-08/09/jesus-christ-superstar-rockoper-feierte-premiere;Hier finden Sie Informationen zu dem Thema „Open-Air-Festival“. Lesen Sie jetzt „«Jesus Christ Superstar» - Rockoper feierte Premiere“.;Open-Air-Festival;News, Open-Air-Festival, Peter Lund, Erfurt, Ensemble, Rockoper;2026-08-09T13:32:26+02:00;2026-08-09T13:32:26+02:00;;dpa Thüringen;false
dfb2b2bf6e182d9a604b4243a1e94c487809d2aaa347a211430875968638dc0c;Rasante Flucht vor Polizei endet an Straßenlaterne;https://www.zeit.de/news/2026-08/09/rasante-flucht-vor-polizei-endet-an-strassenlaterne;Hier finden Sie Informationen zu dem Thema „Flucht über Land“. Lesen Sie jetzt „Rasante Flucht vor Polizei endet an Straßenlaterne“.;Flucht über Land;News, Flucht über Land, Polizei, Straßenlaterne, Drogen;2026-08-09T13:29:59+02:00;2026-08-09T13:29:59+02:00;;dpa Sachsen;false
9f8a3ec5c61226e7702ca056ed8e470ee98813bfcfbb51004e34efa98ae35e5d;Wohnungsbrand in Birkenfeld: Ein Toter und hoher Sachschaden;https://www.zeit.de/news/2026-08/09/wohnungsbrand-in-birkenfeld-tote-person-entdeckt;Hier finden Sie Informationen zu dem Thema „Brände“. Lesen Sie jetzt „Wohnungsbrand in Birkenfeld: Ein Toter und hoher Sachschaden“.;Brände;News, Brände, Tote Person, Birkenfeld, Wohnungsbrand, Brand;2026-08-09T13:25:26+02:00;2026-08-09T13:25:26+02:00;;dpa Rheinland-Pfalz/Saarland;false
eacffacbdda7b8b814b3a2b0fb77928ea5cae00cef0955ce8544ace5b98c7a70;Obdachlosenunterkunft in Brand - Polizei ermittelt;https://www.zeit.de/news/2026-08/09/obdachlosenunterkunft-in-brand-polizei-ermittelt;Hier finden Sie Informationen zu dem Thema „Zimmerbrand“. Lesen Sie jetzt „Obdachlosenunterkunft in Brand - Polizei ermittelt“.;Zimmerbrand;News, Zimmerbrand, Potsdam, Polizei, Obdachlosenunterkunft, Zimmerbrand;2026-08-09T13:24:50+02:00;2026-08-09T13:24:50+02:00;;dpa Berlin/Brandenburg;false
d351d1cd0a8156d57ce7771be6b877bea06f728a048638331fb6c83205953d2c;Auto stürzt zwei Meter tief und landet auf Terrasse;https://www.zeit.de/news/2026-08/09/auto-stuerzt-zwei-meter-tief-und-landet-auf-terrasse;Hier finden Sie Informationen zu dem Thema „Glimpflicher Ausgang“. Lesen Sie jetzt „Auto stürzt zwei Meter tief und landet auf Terrasse“.;Glimpflicher Ausgang;News, Glimpflicher Ausgang, Kreis Paderborn, Feuerwehr, Auto;2026-08-09T13:22:29+02:00;2026-08-09T13:22:29+02:00;;dpa Nordrhein-Westfalen;false
1e7d9bcad2bcf970a1947c47e704fb2f4ea9ddc925a1a1f99e3d4b8a7d14f1da;Polizisten überwältigen Hotelgast in Berlin mit Taser;https://www.zeit.de/news/2026-08/09/polizisten-ueberwaeltigen-hotelgast-in-berlin-mit-taser;Hier finden Sie Informationen zu dem Thema „Berlin-Mitte“. Lesen Sie jetzt „Polizisten überwältigen Hotelgast in Berlin mit Taser“.;Berlin-Mitte;News, Berlin-Mitte, Berlin, Berlin-Mitte, Polizei;2026-08-09T13:22:05+02:00;2026-08-09T13:22:05+02:00;;dpa Berlin/Brandenburg;false
acf5a296284bce483db772636c1996c65a324727b1753a6973dade03af53a41c;Die Seelsorgerin der Winzer;https://www.zeit.de/2026/34/winzer-seelsorge-rheinhessen-evangelische-kirche-krise;Der deutsche Weinbau steckt in einer schweren Krise – viele Unternehmer sind verzweifelt. Darauf reagiert nun: die Kirche.;"Z+ (abopflichtiger Inhalt);
        
    Weinbauern";Sinn, Weinbauern, Rheinhessen, Familie, Evangelische Kirche, Weingut;2026-08-09T13:21:43+02:00;2026-08-09T13:21:43+02:00;Benjamin Emonts;Erschienen in Christ & Welt;false
1b7b94df8582b1a8b656586b433a8c5ad033bdfe742126aaf04ccef422198e87;Brandstiftung am Rheinufer;https://www.zeit.de/news/2026-08/09/brandstiftung-am-rheinufer;Hier finden Sie Informationen zu dem Thema „Nahe Bahnstrecke“. Lesen Sie jetzt „Brandstiftung am Rheinufer“.;Nahe Bahnstrecke;News, Nahe Bahnstrecke, Nahe, Polizei, Rheinufer, Brandstiftung, Bahnstrecke, Lachebrücke;2026-08-09T13:21:14+02:00;2026-08-09T13:21:14+02:00;;dpa Hessen;false
abee7e2fe2609bbbde6e9617208b070a59df6c250b1d0b074374647f2b7c9f18;Tonnenweise Kunststoff in Flammen;https://www.zeit.de/news/2026-08/09/tonnenweise-kunststoff-in-flammen;Hier finden Sie Informationen zu dem Thema „Lagerhalle brennt“. Lesen Sie jetzt „Tonnenweise Kunststoff in Flammen“.;Lagerhalle brennt;News, Lagerhalle brennt, Max Kraushaar, Bad Sobernheim, Feuerwehr, Polizei, Lagerhalle, Bundeswehrflughafen, Einsatzkraft, Pferdsfeld, Kunststoff;2026-08-09T13:20:38+02:00;2026-08-09T13:20:38+02:00;;dpa Rheinland-Pfalz/Saarland;false
7ba62013978a60a6a98c5ee12de66fb49630cb7776a1b1e2e87098ac774f9e85;Sonnige Woche in Rheinland-Pfalz und Saarland erwartet;https://www.zeit.de/news/2026-08/09/sonnige-woche-in-rheinland-pfalz-und-saarland-erwartet;Hier finden Sie Informationen zu dem Thema „Heißer Sommer“. Lesen Sie jetzt „Sonnige Woche in Rheinland-Pfalz und Saarland erwartet“.;Heißer Sommer;News, Heißer Sommer, Saarland, Rheinland-Pfalz, Höchsttemperatur, Sommer;2026-08-09T13:17:58+02:00;2026-08-09T13:17:58+02:00;;dpa Rheinland-Pfalz/Saarland;false
d3b74d067fba21e889ac69f46a9193c9acb9ac94bf1354ec2d793b499b2bd18c;Mann sperrt Fremden stundenlang ein und schlägt ihn;https://www.zeit.de/news/2026-08/09/mann-sperrt-fremden-stundenlang-ein-und-schlaegt-ihn;Hier finden Sie Informationen zu dem Thema „SEK-Einsatz“. Lesen Sie jetzt „Mann sperrt Fremden stundenlang ein und schlägt ihn“.;SEK-Einsatz;News, SEK-Einsatz, Landkreis Fürth, Polizei, Zivilkraft;2026-08-09T13:17:46+02:00;2026-08-09T13:17:46+02:00;;dpa Bayern;false
35db8fceccd5617efbcd05f50db0cc53b79a912d86f5b6bf6c0fb7dc8b60c7c0;Fast 10.000 Menschen demonstrieren bundesweit für AfD-Verbotsverfahren;https://www.zeit.de/politik/deutschland/2026-08/proteste-afd-verbot-verbotsverfahren-buergerinitiative-pruef;In Berlin und zehn weiteren Städten hat die Initiative Prüf Proteste gegen die AfD organisiert. Sie fordert eine Prüfung der Partei durch das Bundesverfassungsgericht.;Proteste gegen die AfD;Politik, Proteste gegen die AfD, Alternative für Deutschland, Berlin, Bundesverfassungsgericht, Parteiverbot, Protest, Demonstration;2026-08-09T13:15:41+02:00;2026-08-09T13:15:41+02:00;voi;DIE ZEIT,        epd,        							voi;false
7150c006b73541367ef96357d53c1cb7ff987bd7090def1130a7ae15d91b8b71;Hitze, Feuer, Wassermangel: Warum schweigt ihr?;https://www.zeit.de/politik/deutschland/2026-08/hitzeschutz-politik-klimawandel-felix-banaszak-thomas-heilmann-nina-scheer;Europa brennt, Hitzewellen kosten Menschenleben, und trotzdem ist das Klima in der Politik nur Randthema. Warum? Ein Gespräch mit Vertretern von CDU, SPD und Grünen;"Z+ (abopflichtiger Inhalt);
        
    Hitzeschutz";Politik, Hitzeschutz, Klimawandel, Klimapolitik, Hitze, Felix Banaszak, Thomas Heilmann, Hitzeschutz, Nina Scheer;2026-08-09T13:12:36+02:00;2026-08-09T13:12:36+02:00;Petra PinzlerMagdalena Inou;;false
c15009cd012364b8d347b06a7318790e3504e324dabd878c81414139babcd8da;Mountainbiker bei Sturz auf Trail lebensgefährlich verletzt;https://www.zeit.de/news/2026-08/09/mountainbiker-bei-sturz-auf-trail-lebensgefaehrlich-verletzt;Hier finden Sie Informationen zu dem Thema „Unfall im Wald“. Lesen Sie jetzt „Mountainbiker bei Sturz auf Trail lebensgefährlich verletzt“.;Unfall im Wald;News, Unfall im Wald, Unfall, Wald;2026-08-09T13:11:15+02:00;2026-08-09T13:11:15+02:00;;dpa Baden-Württemberg;false
2eddaf9348a02e53136d4296c921c9f329a89b53d0fa75e04a8545b44fb75950;DWD warnt vor Hitze, Gewittern und Hagel in Bayern;https://www.zeit.de/news/2026-08/09/dwd-warnt-vor-hitze-gewittern-und-hagel-in-bayern;Hier finden Sie Informationen zu dem Thema „Wetter im Freistaat“. Lesen Sie jetzt „DWD warnt vor Hitze, Gewittern und Hagel in Bayern“.;Wetter im Freistaat;News, Wetter im Freistaat, Bayern, DWD, Gewitter, Freistaat, Mainfranken, Temperatur, Hitze, Wetter, Starkregen;2026-08-09T13:10:12+02:00;2026-08-09T13:10:12+02:00;;dpa Bayern;false
9e529d03706cc7f7a83a46d13fbed8d35bca7db9464fee8728fb32310452fdb1;Drei Verletzte bei Auseinandersetzungen in Schwerin;https://www.zeit.de/news/2026-08/09/drei-verletzte-bei-auseinandersetzungen-in-schwerin;Hier finden Sie Informationen zu dem Thema „Kriminalität“. Lesen Sie jetzt „Drei Verletzte bei Auseinandersetzungen in Schwerin“.;Kriminalität;News, Kriminalität, Schwerin, Polizei, Auseinandersetzung;2026-08-09T13:07:24+02:00;2026-08-09T13:07:24+02:00;;dpa Mecklenburg-Vorpommern;false
aa9854bf481b7c8bb1200b235c407c3b798067477b205a2ebb30bafa726e50dd;Windbeutel auf Französisch;https://www.zeit.de/zeit-magazin/wochenmarkt/2025-11/schoko-profiteroles-rezept-wochenmarkt;Profiteroles sind am Ende auch nur Brandteig. Mit Vanillecreme. Und Schokoladensoße. Na gut, die Franzosen haben mal wieder eins draufgesetzt.;"Z+ (abopflichtiger Inhalt);
        
    Schoko-Profiteroles";vegetarische Rezepte, Desserts, backen, Fingerfood, Französische Küche;2026-08-09T13:05:08+02:00;2026-08-09T13:05:08+02:00;Jeremy Lee;;false
3db3efbeb3a31afe49e716cd078d67f88ec174df157dbf342ea130e688e1c896;In voller Zucchiniblüte!;https://www.zeit.de/zeit-magazin/wochenmarkt/2026-08/zucchiniblueten-tarte-ricotta-tegernsee-kitchen-sonntagsessen;Was ist in dieser Hitze besser als eine Tarte, die warm oder kalt gegessen werden kann? Gut, dass die schmackhafteste Blüte überhaupt gerade Saison hat. ;"Z+ (abopflichtiger Inhalt);
        
    Zucchiniblüten-Tarte mit Ricotta";vegetarische Rezepte, Gemüse, backen, Fingerfood;2026-08-09T13:05:00+02:00;2026-08-09T13:05:00+02:00;Eva Biringer;;false
36aecd2464f36d3fe38634234e97c70b33e4c56d118c03d41f93fda54095bb25;Auf Usedom ist tote Hose? Nichts wie hin da!;https://www.zeit.de/2026/34/ostsee-usedom-insel-kaiserbaeder-heringsdorf-ahlbeck;Es gibt nichts Langweiligeres als die Ostsee, hatte unsere Autorin gehört. Wirklich? Sie fuhr hin und fand neben Standkörben und Softeis das Glück der Langsamkeit.;"Z+ (abopflichtiger Inhalt);
        
    Urlaub an der Ostsee";Entdecken, Urlaub an der Ostsee, Urlaub, Ostsee, Usedom, Entspannung, Reisen, Nordsee;2026-08-09T13:01:51+02:00;2026-08-09T13:01:51+02:00;Ilona Hartmann;Aus der        ZEIT Nr. 34/2026;false
47873cbef2c4c6ab78cac66a3ddb2ca6c4cab1162438f28c4b4213da3e79fc58;«Sehr wildes Spiel»: Heidenheim vorn hui, hinten pfui;https://www.zeit.de/news/2026-08/09/sehr-wildes-spiel-heidenheim-vorn-hui-hinten-pfui;Hier finden Sie Informationen zu dem Thema „2. Fußball-Bundesliga“. Lesen Sie jetzt „«Sehr wildes Spiel»: Heidenheim vorn hui, hinten pfui“.;2. Fußball-Bundesliga;News, 2. Fußball-Bundesliga, Jan Schöppner, Frank Schmidt, Heidenheim, VfL Osnabrück, Fußball-Bundesliga, Bundesliga;2026-08-09T13:01:05+02:00;2026-08-09T13:01:05+02:00;;dpa Baden-Württemberg;false
4838b6600c1f809cdd0b4cec05ea7e027f25004b608fbff1032260e460d3574d;Leiche in Stichkanal in Wallenhorst gefunden;https://www.zeit.de/news/2026-08/09/leiche-in-stichkanal-in-wallenhorst-gefunden;Hier finden Sie Informationen zu dem Thema „Notfälle“. Lesen Sie jetzt „Leiche in Stichkanal in Wallenhorst gefunden“.;Notfälle;News, Notfälle, Wallenhorst, Polizei, Stichkanal, Notfall;2026-08-09T12:57:06+02:00;2026-08-09T12:57:06+02:00;;dpa Niedersachsen;false
3b7227f6b25c5361abe2afca6e4537685e4cadfd6772d2bfe037255fb3fe3010;Auto überschlägt sich zweimal – fünf Insassen verletzt;https://www.zeit.de/news/2026-08/09/auto-ueberschlaegt-sich-zweimal-fuenf-insassen-verletzt;Hier finden Sie Informationen zu dem Thema „Verkehrsunfall“. Lesen Sie jetzt „Auto überschlägt sich zweimal – fünf Insassen verletzt“.;Verkehrsunfall;News, Verkehrsunfall, Polizei, Verkehrsunfall, Auto;2026-08-09T12:56:10+02:00;2026-08-09T12:56:10+02:00;;dpa Baden-Württemberg;false
65c9a2a9754596269055ef11f54b64c99d8b280d1790497b6ef385724c5ff5f2;Muskelverletzung: Verteidiger Sebulonsen fehlt Köln vorerst;https://www.zeit.de/news/2026-08/09/muskelverletzung-verteidiger-sebulonsen-fehlt-koeln-vorerst;Hier finden Sie Informationen zu dem Thema „Fußball-Bundesliga“. Lesen Sie jetzt „Muskelverletzung: Verteidiger Sebulonsen fehlt Köln vorerst“.;Fußball-Bundesliga;News, Fußball-Bundesliga, Sebastian Sebulonsen, Köln, Fußball-Bundesliga, Muskelverletzung;2026-08-09T12:54:25+02:00;2026-08-09T12:54:25+02:00;;dpa Nordrhein-Westfalen;false
d1942713da5abe7b8418e117dd7ba52bbcd6028bb5dbd1c4993809d347384c8b;Mobiles Bollwerk für Leib und Seele;https://www.zeit.de/zeit-magazin/2026-08/strandkorb-meer-sommer-urlaub-reise;Er schafft Ruhe vor Gewusel, einen Platz an der Sonne und Schutz vor jeglichem Angriff. Unser Autor weiß, was es heißt, am Strand einen Korb zu bekommen. ;Strandkorb;Urlaub, Reisen, Ostsee, Möbel, Entspannung;2026-08-09T12:53:50+02:00;2026-08-09T12:53:50+02:00;Mark Spörrle;;false
0f8078ca1318f09b473444dfdc4cdf081d7d85c3697f6f62c604b9827689a67d;33-jähriger Autofahrer gerät in Gegenverkehr und stirbt;https://www.zeit.de/news/2026-08/09/33-jaehriger-autofahrer-geraet-in-gegenverkehr-und-stirbt;Hier finden Sie Informationen zu dem Thema „Tödlicher Unfall“. Lesen Sie jetzt „33-jähriger Autofahrer gerät in Gegenverkehr und stirbt“.;Tödlicher Unfall;News, Tödlicher Unfall, Gegenverkehr, Unfall, Rechtskurve;2026-08-09T12:45:33+02:00;2026-08-09T12:45:33+02:00;;dpa Niedersachsen;false
ee12fcf82c70274dada51e9c6e707fb2d70c6ab00425cd41917e1f8f8a4637dc;Vier Promille: Frau zieht Betrunkenem den Schlüssel ab;https://www.zeit.de/news/2026-08/09/vier-promille-frau-zieht-betrunkenem-den-schluessel-ab;Hier finden Sie Informationen zu dem Thema „Alkohol am Steuer“. Lesen Sie jetzt „Vier Promille: Frau zieht Betrunkenem den Schlüssel ab“.;Alkohol am Steuer;News, Alkohol am Steuer, Polizei, Fahrzeugschlüssel;2026-08-09T12:44:59+02:00;2026-08-09T12:44:59+02:00;;dpa Baden-Württemberg;false
09854436190c27fb4209fa6d049361d3d7aaa1fa1fcfc47838a9fedba2a81c1b;Familiennachzug: SPD kritisiert Regelung als zu streng;https://www.zeit.de/news/2026-08/09/familiennachzug-spd-kritisiert-regelung-als-zu-streng;Hier finden Sie Informationen zu dem Thema „Migration“. Lesen Sie jetzt „Familiennachzug: SPD kritisiert Regelung als zu streng“.;Migration;News, Migration, Rasha Nasr, SPD, RedaktionsNetzwerk Deutschland, Familiennachzug, Geflüchtete, Familie;2026-08-09T12:37:47+02:00;2026-08-09T12:37:47+02:00;;dpa;false
b5ade16a6495260916ce95bbac54a22f115b9cfaada089a57ca33915b1e56604;Staatsanwaltschaft ermittelt erneut gegen Aiwangers ehemaligen Lehrer;https://www.zeit.de/gesellschaft/2026-08/flugblatt-affaire-hubert-aiwanger-lehrer-dienstgeheimnis-disziplinarverfahren;Drei Jahre nach der Flugblattaffäre ermittelt die Staatsanwaltschaft Regensburg wieder gegen Hubert Aiwangers Ex-Lehrer. Er soll Dienstgeheimnisse weitergegeben haben.;Flugblatt-Affäre um Hubert Aiwanger;Gesellschaft, Flugblatt-Affäre um Hubert Aiwanger, Hubert Aiwanger, Regensburg, Bayern, Ermittlung, Antisemitismus;2026-08-09T12:33:58+02:00;2026-08-09T12:33:58+02:00;fgl;DIE ZEIT,        dpa,        							fgl;false
d36dffeffa82b4ffa363e038e98c0c840b5af72b5e1fc96df1849667234991b8;Brand in Berlin-Lichtenrade: Helfer können Frau nicht retten;https://www.zeit.de/news/2026-08/09/brand-in-berlin-lichtenrade-helfer-koennen-frau-nicht-retten;Hier finden Sie Informationen zu dem Thema „Wohnung in Flammen“. Lesen Sie jetzt „Brand in Berlin-Lichtenrade: Helfer können Frau nicht retten“.;Wohnung in Flammen;News, Wohnung in Flammen, Berlin-Lichtenrade, Lichtenrade, Wohnhausbrand;2026-08-09T12:31:16+02:00;2026-08-09T12:31:16+02:00;;dpa Berlin/Brandenburg;false
fd0cd2b724fd53a12e968140b114fbc905fa327ed68e78551d1176ccb6c92760;Viel Arbeit bis zum Start: RB Leipzig überzeugt noch nicht;https://www.zeit.de/news/2026-08/09/viel-arbeit-bis-zum-start-rb-leipzig-ueberzeugt-noch-nicht;Hier finden Sie Informationen zu dem Thema „Fußball-Bundesliga“. Lesen Sie jetzt „Viel Arbeit bis zum Start: RB Leipzig überzeugt noch nicht“.;Fußball-Bundesliga;News, Fußball-Bundesliga, Yan Diomande, Martin Demichelis, Saalfelden, Real Madrid, RB Leipzig, Fußball-Bundesliga, Verletzungsmeldung, Transfermarkt;2026-08-09T12:30:48+02:00;2026-08-09T12:30:48+02:00;;dpa Sachsen;false
bc432d458b815c9a550abf645c42ce00136a0954496da8cf8996b03ed7e5f879;Einigung erzielt: VfB-Wunschstürmer Pejcinovic vor Wechsel;https://www.zeit.de/news/2026-08/09/einigung-erzielt-vfb-wunschstuermer-pejcinovic-vor-wechsel;Hier finden Sie Informationen zu dem Thema „Transfer“. Lesen Sie jetzt „Einigung erzielt: VfB-Wunschstürmer Pejcinovic vor Wechsel“.;Transfer;News, Transfer, Dzenan Pejcinovic, Ermedin Demirovic, Sebastian Hoeneß, Wolfsburg, VfB Stuttgart, VfL Wolfsburg, 1. FC Kaiserslautern, Bundesliga, Poker;2026-08-09T12:25:52+02:00;2026-08-09T12:25:52+02:00;;dpa Baden-Württemberg;false
c8d10d2de637d672becaebc2110009ce99805d6eddcf949a042df9b8cab1de5e;Polizei räumt Party mit 1.000 Gästen nach Auseinandersetzung;https://www.zeit.de/news/2026-08/09/polizei-raeumt-party-mit-1-000-gaesten-nach-auseinandersetzung;Hier finden Sie Informationen zu dem Thema „Feier eskaliert“. Lesen Sie jetzt „Polizei räumt Party mit 1.000 Gästen nach Auseinandersetzung“.;Feier eskaliert;News, Feier eskaliert, Bielefeld, Polizei, Auseinandersetzung, Gaststätte;2026-08-09T12:22:09+02:00;2026-08-09T12:22:09+02:00;;dpa Nordrhein-Westfalen;false
a3a206da7819e85f5713505a344a39304d4ce52ea465a18470e6dd36c26f5884;Das Seitwärtstreppensteigen;https://www.zeit.de/sport/2026-08/seitliches-aufsteigen-fitnessuebung-personal-trainer;Auf die Treppe, fertig, los: In dieser Woche trainieren wir mit Ihnen Ihre Koordination. Dafür brauchen Sie nur eine Treppe oder eine Stiege.;"Z+ (abopflichtiger Inhalt);
        
    Unser Personal Trainer";Sport, Unser Personal Trainer, Fitness, Ausdauer;2026-08-09T12:19:02+02:00;2026-08-09T12:19:02+02:00;;;false
6bbb5ad82e5c1fb599f7c8c15cd17750d22a180ceaca97e90efce62a2fefa953;Union attackiert Klingbeils Steuerpläne;https://www.zeit.de/news/2026-08/09/union-attackiert-klingbeils-steuerplaene;Hier finden Sie Informationen zu dem Thema „Streit um Entlastungen“. Lesen Sie jetzt „Union attackiert Klingbeils Steuerpläne“.;Streit um Entlastungen;News, Streit um Entlastungen, Lars Klingbeil, Mecklenburg-Vorpommern, SPD, CDU, CSU, Finanzministerium, Bundesregierung, Bild am Sonntag, Landtagswahl, Entlastung;2026-08-09T12:18:42+02:00;2026-08-09T12:18:42+02:00;;dpa;false
e1b088c3a34a3dd5a1fa95df8e22eecc3867bf0a65825db0de1a3c004958e9cc;Streit eskaliert - zwei Verletzte am Dortmunder Bahnhof;https://www.zeit.de/news/2026-08/09/streit-eskaliert-zwei-verletzte-am-dortmunder-bahnhof;Hier finden Sie Informationen zu dem Thema „Mordkommission eingesetzt“. Lesen Sie jetzt „Streit eskaliert - zwei Verletzte am Dortmunder Bahnhof“.;Mordkommission eingesetzt;News, Mordkommission eingesetzt, Mann, Dortmund, Hauptbahnhof;2026-08-09T12:10:29+02:00;2026-08-09T12:10:29+02:00;;dpa Nordrhein-Westfalen;false
c7f5ff67995c61a1bc9811092827a0121af82c41fec9a0f2511420837318ccbe;Müder FC Augsburg gewinnt Härtetest - Kabadayi nach Kroatien;https://www.zeit.de/news/2026-08/09/mueder-fc-augsburg-gewinnt-haertetest-kabadayi-nach-kroatien;Hier finden Sie Informationen zu dem Thema „Testspiele“. Lesen Sie jetzt „Müder FC Augsburg gewinnt Härtetest - Kabadayi nach Kroatien“.;Testspiele;News, Testspiele, Anton Kade, Manuel Baum, Hennes Behrens, Yusuf Kabadayi, Kroatien, Österreich, Sassuolo, Augsburg, FC Augsburg, US Sassuolo Calcio;2026-08-09T12:03:16+02:00;2026-08-09T12:03:16+02:00;;dpa Bayern;false
e182ce7e2a4aa44d3665009a58c8cda71ffa7efb4e12c4761d437fd73bd27255;22-Jähriger stirbt in Badesee;https://www.zeit.de/news/2026-08/09/22-jaehriger-stirbt-in-badesee;Hier finden Sie Informationen zu dem Thema „Notfälle“. Lesen Sie jetzt „22-Jähriger stirbt in Badesee“.;Notfälle;News, Notfälle, Polizei, Notfall, Schwimmbereich;2026-08-09T12:01:44+02:00;2026-08-09T12:01:44+02:00;;dpa Niedersachsen;false
b882643b7d00fab5b7ed111fbf6480fc7f24a0f2c5df7ed2cf57ffdb333407e4;Kosovos Ministerpräsident im Parlament mit Eiern beworfen;https://www.zeit.de/politik/ausland/2026-08/albin-kurti-angriff-parlament-kosovo-time-kadrijaj-eier;Eine Abgeordnete hat Kosovos Ministerpräsidenten Albin Kurti mit Eiern beworfen. Es ist der vorläufige Höhepunkt einer lang andauernden politischen Blockade.;Politische Blockade;Politik, Politische Blockade, Kosovo, Parlament, Parlamentswahl;2026-08-09T12:01:39+02:00;2026-08-09T12:01:39+02:00;wil;DIE ZEIT,        dpa,        AFP,        KNA,        							wil;false
3ed83d3c4ef6bc33b383aacb18c1f4316031191d78a766ece81dbf5da086b313;Zwei Unfälle beim Flughafen – Kind und Busfahrgäste verletzt;https://www.zeit.de/news/2026-08/09/zwei-unfaelle-beim-flughafen-kind-und-busfahrgaeste-verletzt;Hier finden Sie Informationen zu dem Thema „Airport“. Lesen Sie jetzt „Zwei Unfälle beim Flughafen – Kind und Busfahrgäste verletzt“.;Airport;News, Airport, Frankfurt, Unfall, Flughafen;2026-08-09T12:01:36+02:00;2026-08-09T12:01:36+02:00;;dpa Hessen;false
34bf407b79cc5c1ae2f0bfcef555e43835b54294ee5a712bb10079c2d7d270de;Mann fährt gegen Stuttgarter Stadtbahn - leicht verletzt;https://www.zeit.de/news/2026-08/09/mann-faehrt-gegen-stuttgarter-stadtbahn-leicht-verletzt;Hier finden Sie Informationen zu dem Thema „Unfall in Stuttgart“. Lesen Sie jetzt „Mann fährt gegen Stuttgarter Stadtbahn - leicht verletzt“.;Unfall in Stuttgart;News, Unfall in Stuttgart, Stuttgart, Stadtbahn, Unfall;2026-08-09T11:58:36+02:00;2026-08-09T11:58:36+02:00;;dpa Baden-Württemberg;false
fb072fd9780e8dc45556e2c5cd687104699bbf6d32ccfbc72f45b7b095bc2cd1;Favorit Wolfsburg stolpert - und der Erzrivale feiert;https://www.zeit.de/news/2026-08/09/favorit-wolfsburg-stolpert-und-der-erzrivale-feiert;Hier finden Sie Informationen zu dem Thema „Saisonstart 2. Bundesliga“. Lesen Sie jetzt „Favorit Wolfsburg stolpert - und der Erzrivale feiert“.;Saisonstart 2. Bundesliga;News, Saisonstart 2. Bundesliga, Pirmin Schwegler, Tobias Strobl, Fabian Reese, Dieter Hecking, Wolfsburg, Kaiserslautern, Niedersachsen, Volkswagen, VW, House of Commons;2026-08-09T11:57:15+02:00;2026-08-09T11:57:15+02:00;;dpa Niedersachsen;false
e11e936f8d5244ab8a2556967aa986b1547b6c2d3fc5d197130644a41a8f4fce;Motorradfahrer fährt auf Stauende – Lastwagen erfasst ihn;https://www.zeit.de/news/2026-08/09/motorradfahrer-faehrt-auf-stauende-lastwagen-erfasst-ihn;Hier finden Sie Informationen zu dem Thema „Unfall auf der A8“. Lesen Sie jetzt „Motorradfahrer fährt auf Stauende – Lastwagen erfasst ihn“.;Unfall auf der A8;News, Unfall auf der A8, Unfall, Auto;2026-08-09T11:50:28+02:00;2026-08-09T11:50:28+02:00;;dpa Baden-Württemberg;false
7ef2354c2aee2ea8368ac155caee9fbdc8ed26c10e3d57cbee6c96d01e837c0d;Wasserstand der Elbe in Magdeburg bei 41 Zentimeter;https://www.zeit.de/news/2026-08/09/wasserstand-der-elbe-in-magdeburg-bei-41-zentimeter;Hier finden Sie Informationen zu dem Thema „Niedrigwasser“. Lesen Sie jetzt „Wasserstand der Elbe in Magdeburg bei 41 Zentimeter“.;Niedrigwasser;News, Niedrigwasser, Elbe, Magdeburg, Wasserstand, Niedrigwasser, Sommer;2026-08-09T11:46:14+02:00;2026-08-09T11:46:14+02:00;;dpa Sachsen;false
1b7ae65dc007bf2f66fd3ae5ed154f5545ce3e5c841fbeebe28c52d1748426f0;Hitzewarnung in Hessen – keine Abkühlung in Sicht;https://www.zeit.de/news/2026-08/09/hitzewarnung-in-hessen-keine-abkuehlung-in-sicht;Hier finden Sie Informationen zu dem Thema „Wetter“. Lesen Sie jetzt „Hitzewarnung in Hessen – keine Abkühlung in Sicht“.;Wetter;News, Wetter, Hessen, Hitzewarnung, Abkühlung, Wetter;2026-08-09T11:41:41+02:00;2026-08-09T11:41:41+02:00;;dpa Hessen;false
c5edfad57b34de489302fad0b1279cf3b5a83f935769418bb35687d085c7feff;Fahrverbot ausgesetzt - erste Laster rollen am Sonntag;https://www.zeit.de/news/2026-08/09/fahrverbot-ausgesetzt-erste-laster-rollen-am-sonntag;Hier finden Sie Informationen zu dem Thema „Wegen Niedrigwassers“. Lesen Sie jetzt „Fahrverbot ausgesetzt - erste Laster rollen am Sonntag“.;Wegen Niedrigwassers;News, Wegen Niedrigwassers, NRW, Nordrhein-Westfalen, Rhein, Verkehrsministerium, Fahrverbot, Niedrigwasser, Logistik;2026-08-09T11:41:39+02:00;2026-08-09T11:41:39+02:00;;dpa;false
9b99c859d5c454a8917a0cf878a8d167ba5ea65cf80154814fc67c8c4593429b;Schmutzkampagne gegen Infantino? FIFA schaltet auf Angriff;https://www.zeit.de/news/2026-08/09/schmutzkampagne-gegen-infantino-fifa-schaltet-auf-angriff;Hier finden Sie Informationen zu dem Thema „FIFA-Krise“. Lesen Sie jetzt „Schmutzkampagne gegen Infantino? FIFA schaltet auf Angriff“.;FIFA-Krise;News, FIFA-Krise, Gianni Infantino, Fifa, Uefa, Schmutzkampagne, Angriff, Giftschrank, Angriffsmodus, Krise, Studium;2026-08-09T11:38:45+02:00;2026-08-09T11:38:45+02:00;;dpa Sport;false
353a04829b5637faabc48afb035730ac8ddc488a2c33823b80d951d2b44540ea;350.000 Euro Schaden bei Brand in Wohnhaus;https://www.zeit.de/news/2026-08/09/350-000-euro-schaden-bei-brand-in-wohnhaus;Hier finden Sie Informationen zu dem Thema „Brände“. Lesen Sie jetzt „350.000 Euro Schaden bei Brand in Wohnhaus“.;Brände;News, Brände, Polizei, Zweifamilienhaus, Obergeschoss, Brand;2026-08-09T11:30:05+02:00;2026-08-09T11:30:05+02:00;;dpa Niedersachsen;false
b0fe5f81b5cba578310bd37c5874dbfe261fc682d2172d4f9b3dec3c615d1075;Hitzealarm am Sonntag - keine Abkühlung in Sicht;https://www.zeit.de/news/2026-08/09/hitzealarm-am-sonntag-wo-es-wieder-heiss-wird;Hier finden Sie Informationen zu dem Thema „Wetter“. Lesen Sie jetzt „Hitzealarm am Sonntag - keine Abkühlung in Sicht“.;Wetter;News, Wetter, Süddeutschland, Bayern, Baden-Württemberg, Hessen, Rheinland-Pfalz, DWD, Hitzealarm, Sommer, Hitze, Wetter;2026-08-09T11:24:28+02:00;2026-08-09T11:24:28+02:00;;dpa;false
c64dea75c2f00f837dca22e9dac89daac36b58b8097dd72ac996669544a74392;Fast tragische Figur: Vukotic stellt «Karma wieder auf null»;https://www.zeit.de/news/2026-08/09/fast-tragische-figur-vukotic-stellt-karma-wieder-auf-null;Hier finden Sie Informationen zu dem Thema „SV Darmstadt 98“. Lesen Sie jetzt „Fast tragische Figur: Vukotic stellt «Karma wieder auf null»“.;SV Darmstadt 98;News, SV Darmstadt 98, Aleksandar Vukotic, Florian Kohfeldt, Guillermo Balzi, Phil Harres, Matej Maglica, SV Darmstadt 98, Holstein Kiel;2026-08-09T11:22:01+02:00;2026-08-09T11:22:01+02:00;;dpa Hamburg/Schleswig-Holstein;false
69c1c513c8ad4b6218565574388d781a94f092a31b24611a205b0e1703ba4ef7;Motorradfahrer stirbt nach Sturz auf dem Jochpass;https://www.zeit.de/news/2026-08/09/motorradfahrer-stirbt-nach-sturz-auf-dem-jochpass;Hier finden Sie Informationen zu dem Thema „Hubschraubereinsatz“. Lesen Sie jetzt „Motorradfahrer stirbt nach Sturz auf dem Jochpass“.;Hubschraubereinsatz;News, Hubschraubereinsatz, Jochpass, Hubschraubereinsatz, Motorradsturz;2026-08-09T11:21:51+02:00;2026-08-09T11:21:51+02:00;;dpa Bayern;false
d8adf2d0988406f30562d9a924726a2214dad58ff6d160a171ea2314635f530a;Blaualgen an der Ostsee - Gesundheitsamt rät vom Baden ab;https://www.zeit.de/news/2026-08/09/blaualgen-an-der-ostsee-gesundheitsamt-raet-vom-baden-ab;Hier finden Sie Informationen zu dem Thema „Sommerferien“. Lesen Sie jetzt „Blaualgen an der Ostsee - Gesundheitsamt rät vom Baden ab“.;Sommerferien;News, Sommerferien, Ostsee, Warnemünde, Rostock, Landkreis Rostock, Blaualge, Gesundheitsamt, Sommerferien, Algenteppich, Wetter;2026-08-09T11:13:11+02:00;2026-08-09T11:13:11+02:00;;dpa Mecklenburg-Vorpommern;false
5ba570628761aa574dc955debd8f69a466068337d80fbc5b17244925aa262c70;Erneut Schüsse in Berlin – weiter Fahndung nach Täter;https://www.zeit.de/news/2026-08/09/erneut-schuesse-in-berlin-weiter-fahndung-nach-taeter;Hier finden Sie Informationen zu dem Thema „Kriminalität“. Lesen Sie jetzt „Erneut Schüsse in Berlin – weiter Fahndung nach Täter“.;Kriminalität;News, Kriminalität, Berlin, Marzahn-Hellersdorf, Polizei, Fahndung;2026-08-09T11:10:13+02:00;2026-08-09T11:10:13+02:00;;dpa Berlin/Brandenburg;false
ccef6adb5e9202007bd9461a5db9145d12d227967898399c8482db7d2f871cee;Nationalsegler feiern Sieg bei Olympia-Test in Los Angeles;https://www.zeit.de/news/2026-08/09/nationalsegler-feiern-sieg-bei-olympia-test-in-los-angeles;Hier finden Sie Informationen zu dem Thema „Segeln“. Lesen Sie jetzt „Nationalsegler feiern Sieg bei Olympia-Test in Los Angeles“.;Segeln;News, Segeln, Richard Schultheis, Fabian Rieger, Los Angeles, San Pedro, Verein Seglerhaus am Wannsee, Olympia, Segel, Regatta, Weltklassefeld;2026-08-09T11:01:03+02:00;2026-08-09T11:01:03+02:00;;dpa Hamburg/Schleswig-Holstein;false
4ac38ffce59c05758e94de4725780ab9853ebda0feb9ccfbb1dfaf3b60692400;25-Jähriger streamt Reanimation auf Social Media;https://www.zeit.de/news/2026-08/09/25-jaehriger-streamt-reanimation-auf-social-media;Hier finden Sie Informationen zu dem Thema „In den Main gestürzt“. Lesen Sie jetzt „25-Jähriger streamt Reanimation auf Social Media“.;In den Main gestürzt;News, In den Main gestürzt, Würzburg, Polizei, Reanimation, Rettungseinsatz, Soziale Medien;2026-08-09T10:59:49+02:00;2026-08-09T10:59:49+02:00;;dpa Bayern;false
1c4c2a8ce7e78cc237596edf714992884674a179c6b24f02114f079f783f2cec;18-Jähriger in Merseburg lebensgefährlich verletzt;https://www.zeit.de/news/2026-08/09/18-jaehriger-in-merseburg-lebensgefaehrlich-verletzt;Hier finden Sie Informationen zu dem Thema „Nach Streit“. Lesen Sie jetzt „18-Jähriger in Merseburg lebensgefährlich verletzt“.;Nach Streit;News, Nach Streit, Merseburg, Polizei, Rettungskraft;2026-08-09T10:58:04+02:00;2026-08-09T10:58:04+02:00;;dpa Sachsen;false
48d97271887e62b1037512681608d571abd5f7d02303397d70131cf0f35945c7;Chryssanthi Kavazi und Tom Beck bekommen drittes Kind;https://www.zeit.de/news/2026-08/09/chryssanthi-kavazi-und-tom-beck-bekommen-drittes-kind;Hier finden Sie Informationen zu dem Thema „Nachwuchs“. Lesen Sie jetzt „Chryssanthi Kavazi und Tom Beck bekommen drittes Kind“.;Nachwuchs;News, Nachwuchs, Chryssanthi Kavazi, Tom Beck, RTL, Instagram;2026-08-09T10:53:55+02:00;2026-08-09T10:53:55+02:00;;dpa;false
3fd52714bfe29fb34d54b9303a2bb6f99e44de35a2c31686a6fd2f6301a96a84;Kind auf Fahrrad vor eigenem Haus von Auto angefahren;https://www.zeit.de/news/2026-08/09/kind-auf-fahrrad-vor-eigenem-haus-von-auto-angefahren;Hier finden Sie Informationen zu dem Thema „Osthessen“. Lesen Sie jetzt „Kind auf Fahrrad vor eigenem Haus von Auto angefahren“.;Osthessen;News, Osthessen, Osthessen, Ronshausen, Fahrrad, Auto;2026-08-09T10:51:27+02:00;2026-08-09T10:51:27+02:00;;dpa Hessen;false
62fb0adf951883333420190a126379255df5eeda5498a0b5fe1cdc39aeb08cb3;Polizei schickt Ausweichler wieder auf Autobahn zurück;https://www.zeit.de/news/2026-08/09/polizei-schickt-ausweichler-wieder-auf-autobahn-zurueck;Hier finden Sie Informationen zu dem Thema „Durchfahrtsverbote“. Lesen Sie jetzt „Polizei schickt Ausweichler wieder auf Autobahn zurück“.;Durchfahrtsverbote;News, Durchfahrtsverbote, München, Salzburg, Polizei, Durchfahrtsverbot, Ausweichverkehr, Autobahn, Fahrzeug;2026-08-09T10:49:51+02:00;2026-08-09T10:49:51+02:00;;dpa Bayern;false
02f58fa50b5e89406debef6c01c051ed797b9bd2ee4ba935f95daa1f3df54693;Partielle Sonnenfinsternis 2026: Was der Bayer wissen muss;https://www.zeit.de/news/2026-08/09/partielle-sonnenfinsternis-2026-was-der-bayer-wissen-muss;Hier finden Sie Informationen zu dem Thema „Himmelsereignis“. Lesen Sie jetzt „Partielle Sonnenfinsternis 2026: Was der Bayer wissen muss“.;Himmelsereignis;News, Himmelsereignis, Bayer, Bayern, Bodensee, Nürnberg, München, Lindau, NASA, DWD, Sonnenfinsternis, Himmelsereignis;2026-08-09T10:44:37+02:00;2026-08-09T10:44:37+02:00;;dpa Bayern;false
82e72a85b855c48eca6384c4b3b35da3017c313722d686e89dcd4f5381c56462;ADHS-Erstdiagnosen bei Kindern stiegen 2024 im Vergleich zum Vorjahr;https://www.zeit.de/gesundheit/2026-08/adhs-kinder-jugendliche-diagnose-maedchen-jungen-dak-gxe;2024 wurden in Deutschland nach Daten der DAK-Krankenkasse mehr ADHS-Erstdiagnosen bei Kindern gestellt als im Vorjahr. Besonders bei Schulkindern stieg der Anteil.;ADHS bei Kindern;Gesundheit, ADHS bei Kindern, ADHS, Kinder, Jugendliche, Gesundheitswesen, Grundschule, Statistik;2026-08-09T10:44:26+02:00;2026-08-09T10:44:26+02:00;pip;DIE ZEIT,        AFP,        							pip;false
892a9f74bd9f7a521d71e8673d8a92eaf7b5f140b23b490961324e27b6043afc;84-Jähriger stirbt bei Auffahrunfall auf der A6;https://www.zeit.de/news/2026-08/09/84-jaehriger-stirbt-bei-auffahrunfall-auf-der-a6;Hier finden Sie Informationen zu dem Thema „Landkreis Bad Dürkheim“. Lesen Sie jetzt „84-Jähriger stirbt bei Auffahrunfall auf der A6“.;Landkreis Bad Dürkheim;News, Landkreis Bad Dürkheim, Landkreis Bad Dürkheim, Auffahrunfall;2026-08-09T10:44:08+02:00;2026-08-09T10:44:08+02:00;;dpa Rheinland-Pfalz/Saarland;false
e38d371e6b86dd50d2d62834af7ca61efdf8ff217a8d68b3807b1aeff4551e1c;Kein «Arschtritt» nötig: Märtens und die Rückkehr nach Paris;https://www.zeit.de/news/2026-08/09/kein-arschtritt-noetig-maertens-und-die-rueckkehr-nach-paris;Hier finden Sie Informationen zu dem Thema „Schwimm-EM“. Lesen Sie jetzt „Kein «Arschtritt» nötig: Märtens und die Rückkehr nach Paris“.;Schwimm-EM;News, Schwimm-EM, Florian Wellbrock, Lukas Märtens, Bernd Berkhahn, Oliver Klemet, Isabel Gose, Paris, Los Angeles, Eiffelturm, Schwimm-EM, Olympia;2026-08-09T10:41:36+02:00;2026-08-09T10:41:36+02:00;;dpa Sport;false
cb63c6a80f136e297abb7ad2122739d68b38ede0979dfd03920823caf5731ddc;Mit Mut und Intensität: FCK holt einen Punkt in Wolfsburg;https://www.zeit.de/news/2026-08/09/mit-mut-und-intensitaet-fck-holt-einen-punkt-in-wolfsburg;Hier finden Sie Informationen zu dem Thema „2. Fußball-Bundesliga“. Lesen Sie jetzt „Mit Mut und Intensität: FCK holt einen Punkt in Wolfsburg“.;2. Fußball-Bundesliga;News, 2. Fußball-Bundesliga, Karl-Heinz Feldkamp, Torsten Lieberknecht, Naatan Skyttä, Jakub Zielinski, Wolfsburg, 1. FC Kaiserslautern, VfL Wolfsburg, Fußball-Bundesliga, Intensität, Saisonstart;2026-08-09T10:40:30+02:00;2026-08-09T10:40:30+02:00;;dpa Rheinland-Pfalz/Saarland;false
42183c1dc08d6265b46d312d23b54211e348d8288792b3e2d7e0c4c5b63cdb7b;Feueralarm am Gardasee: 250 Menschen evakuiert;https://www.zeit.de/news/2026-08/09/feueralarm-am-gardasee-250-menschen-evakuiert;Hier finden Sie Informationen zu dem Thema „Feuer in Urlaubsgebiet“. Lesen Sie jetzt „Feueralarm am Gardasee: 250 Menschen evakuiert“.;Feuer in Urlaubsgebiet;News, Feuer in Urlaubsgebiet, Vito Cristino, Gardasee, Italien, Tignale, Feuerwehr, Feueralarm, Urlaubsgebiet, Hochsommer, Sicherheit, Hubschrauber;2026-08-09T10:39:56+02:00;2026-08-09T10:39:56+02:00;;dpa;false
3ff157b8e2e710f55f24e34e1fe290a5dd62af715ba8f9376c87ca78d87ac60c;Kradfahrer stirbt - Auto fährt weiter;https://www.zeit.de/news/2026-08/09/kradfahrer-stirbt-auto-faehrt-weiter;Hier finden Sie Informationen zu dem Thema „Mittelhessen“. Lesen Sie jetzt „Kradfahrer stirbt - Auto fährt weiter“.;Mittelhessen;News, Mittelhessen, Polizei, Kradfahrer, Unfall, Bundesstraße, Unfallflucht, Auto;2026-08-09T10:38:26+02:00;2026-08-09T10:38:26+02:00;;dpa Hessen;false
d880f4e570cc1864adf16d7db8499c79e5b008b5e395e1a377b3f7483904f67f;Polizei ermittelt nach Auseinandersetzung bei Grillfest;https://www.zeit.de/news/2026-08/09/polizei-ermittelt-nach-auseinandersetzung-bei-grillfest;Hier finden Sie Informationen zu dem Thema „Polizeieinsatz wegen Streit“. Lesen Sie jetzt „Polizei ermittelt nach Auseinandersetzung bei Grillfest“.;Polizeieinsatz wegen Streit;News, Polizeieinsatz wegen Streit, Nettetal, Viersen, Polizei, Grillfest, Grillfeier, Auseinandersetzung, Polizeieinsatz;2026-08-09T10:38:17+02:00;2026-08-09T10:38:17+02:00;;dpa Nordrhein-Westfalen;false
985a877238547cf3f98a49a8999e9a42b55b4b1ac0a7d83b79b2da79e420bff7;Wie Bonuselternschaft wirklich gelingt;https://www.zeit.de/familie/2026-08/bonuselternschaft-patchworkfamilie-stiefeltern-rollen;Wer Partner oder Partnerin eines Elternteils wird, muss mit Rollen, Gefühlen und Wertvorstellungen umgehen. Experten erklären, wie man das Beste daraus macht.;"Z+ (abopflichtiger Inhalt);
        
    Patchworkfamilien";Familie, Patchworkfamilien, Kindererziehung, Eltern, Familie, Beziehung, Liebe;2026-08-09T10:37:36+02:00;2026-08-09T10:37:36+02:00;Desireé Oostland;;false
b0a8aafe41c007663a2c8beb5bdf58afa4f496c549652b97612c6e4204e13291;Nach Drohnenvorfall: BSW warnt vor voreiligen Schlüssen;https://www.zeit.de/news/2026-08/09/nach-drohnenvorfall-bsw-warnt-vor-voreiligen-schluessen;Hier finden Sie Informationen zu dem Thema „Hybrider Angriff“. Lesen Sie jetzt „Nach Drohnenvorfall: BSW warnt vor voreiligen Schlüssen“.;Hybrider Angriff;News, Hybrider Angriff, Bernd Rudolph, Russland, Flughafen Leipzig/Halle, Bündnis Sahra Wagenknecht, Polizei, Drohnenvorfall, Krieg in der Ukraine, Drohne;2026-08-09T10:36:18+02:00;2026-08-09T10:36:18+02:00;;dpa Sachsen;false
006bffd57b989567ba80d8fbd7be476c7f362a9d680bf97b6a466e22135e4484;Steigende Zahl an Seiteneinsteigern unter Lehrern;https://www.zeit.de/news/2026-08/09/steigende-zahl-an-seiteneinsteigern-unter-lehrern;Hier finden Sie Informationen zu dem Thema „Schulen“. Lesen Sie jetzt „Steigende Zahl an Seiteneinsteigern unter Lehrern“.;Schulen;News, Schulen, Thüringen, Erfurt, MDR, Bildungsministerium, Lehramtsstudium;2026-08-09T10:35:08+02:00;2026-08-09T10:35:08+02:00;;dpa Thüringen;false
11cf8cf712446420b71432659f8bf21fd972e4a3fa93fdac858f79cfe94b6acc;»Der Baum hat diejenige in der Familie getroffen, die dieses Schicksal tragen konnte«;https://www.zeit.de/2026/34/resilienz-schicksalsschlaege-psychologie;Manche Menschen verlieren alles – aber sie zerbrechen nicht daran. Forscher sagen: Das hat auch mit einem Blick auf die Welt zu tun, den man lernen kann.;"Z+ (abopflichtiger Inhalt);
        
    Resilienz";Gesundheit, Resilienz, Psychologie, Familie, Menschen mit Behinderung, Beziehung;2026-08-09T10:34:39+02:00;2026-08-09T10:34:39+02:00;Tanja Stelzer;Aus der        ZEIT Nr. 34/2026;false
2812b959f8c8a1fca1a11478154021129bf702fe4993761657a71098779ca23e;Freigang hofft in Doping-Causa auf Freispruch;https://www.zeit.de/news/2026-08/09/freigang-hofft-in-doping-causa-auf-freispruch;Hier finden Sie Informationen zu dem Thema „Offener Fall“. Lesen Sie jetzt „Freigang hofft in Doping-Causa auf Freispruch“.;Offener Fall;News, Offener Fall, Laura Freigang, Malmö, Eintracht Frankfurt, Malmö FF, Hessischer Rundfunk, Freispruch;2026-08-09T10:30:22+02:00;2026-08-09T10:30:22+02:00;;dpa Hessen;false
92e0d56f3966ab9c78dc7e865b1d37db89acf0a94f2daafec123c751050a93f4;Badegäste retten 65-Jährigem am See das Leben;https://www.zeit.de/news/2026-08/09/badegaeste-retten-65-jaehrigem-am-see-das-leben;Hier finden Sie Informationen zu dem Thema „Schweinfurter Baggersee“. Lesen Sie jetzt „Badegäste retten 65-Jährigem am See das Leben“.;Schweinfurter Baggersee;News, Schweinfurter Baggersee, Schweinfurt;2026-08-09T10:30:16+02:00;2026-08-09T10:30:16+02:00;;dpa Bayern;false
25cb5640f8279661639613b410be90be8fce80dedd61d787937a081f2f00e167;Vertrag ausgesetzt: Geiselsöder direkt beim Nationalteam;https://www.zeit.de/news/2026-08/09/vertrag-ausgesetzt-geiselsoeder-direkt-beim-nationalteam;Hier finden Sie Informationen zu dem Thema „Basketball-WM der Frauen“. Lesen Sie jetzt „Vertrag ausgesetzt: Geiselsöder direkt beim Nationalteam“.;Basketball-WM der Frauen;News, Basketball-WM der Frauen, Portland, WNBA, Nationalteam;2026-08-09T10:22:55+02:00;2026-08-09T10:22:55+02:00;;dpa Baden-Württemberg;false
9b65b4bce7cb308344fa076dbe0c047c7872644cb6d441ceb82f9c0a0914edd8;Ballonglühen in Warendorf – Montgolfiade feiert Höhepunkt;https://www.zeit.de/news/2026-08/09/ballongluehen-in-warendorf-montgolfiade-feiert-hoehepunkt;Hier finden Sie Informationen zu dem Thema „54. Ausgabe“. Lesen Sie jetzt „Ballonglühen in Warendorf – Montgolfiade feiert Höhepunkt“.;54. Ausgabe;News, 54. Ausgabe, Nils Boelmann, Berlin, Frankfurt, Warendorf, Münsterland, Münster, Ballonglühen, Montgolfiade, Heißluftballon;2026-08-09T10:22:21+02:00;2026-08-09T10:22:21+02:00;;dpa Nordrhein-Westfalen;false
d845d71f15c3208f6fc486665c663ac08b965962725b2b54f92db6ed882b1189;Wow-Effekt des Alls - Warum Himmelsphänomene so faszinieren;https://www.zeit.de/news/2026-08/09/wow-effekt-des-alls-warum-himmelsphaenomene-so-faszinieren;Hier finden Sie Informationen zu dem Thema „Sonnenfinsternis am 12. August“. Lesen Sie jetzt „Wow-Effekt des Alls - Warum Himmelsphänomene so faszinieren“.;Sonnenfinsternis am 12. August;News, Sonnenfinsternis am 12. August, Guido Thimm, Peter Walschburger, Ruprecht-Karls-Universität Heidelberg, Sonnenfinsternis, Sonnenrand, Einkerbung;2026-08-09T10:18:27+02:00;2026-08-09T10:18:27+02:00;;dpa;false
ac27af106eae13f3fa779574c19aebb74b9ee9c4573dc9fb07a3a5ca72317918;Israels Botschafter unterstützt deutsche Olympia-Bewerbung;https://www.zeit.de/news/2026-08/09/israels-botschafter-unterstuetzt-deutsche-olympia-bewerbung;Hier finden Sie Informationen zu dem Thema „Olympische Spiele“. Lesen Sie jetzt „Israels Botschafter unterstützt deutsche Olympia-Bewerbung“.;Olympische Spiele;News, Olympische Spiele, Ron Prosor, Berlin, X, Instagram, Olympia, Olympische Spiele, Paralympics, Senatsinnenverwaltung, Erfolg;2026-08-09T10:17:57+02:00;2026-08-09T10:17:57+02:00;;dpa Berlin/Brandenburg;false
6c29b0db176193d1e9ecca59474e85a266313bb989a6999b37f6ffd9562849cd;Kontrollen bei Rocker-Veranstaltung - Waffen sichergestellt;https://www.zeit.de/news/2026-08/09/kontrollen-bei-rocker-veranstaltung-waffen-sichergestellt;Hier finden Sie Informationen zu dem Thema „Kriminalität“. Lesen Sie jetzt „Kontrollen bei Rocker-Veranstaltung - Waffen sichergestellt“.;Kriminalität;News, Kriminalität, Kreis Herzogtum Lauenburg, Polizei;2026-08-09T10:16:59+02:00;2026-08-09T10:16:59+02:00;;dpa Hamburg/Schleswig-Holstein;false
9071eb02d50e7eeab828b2d06bf5c0f12f4428671a7f6a39e509d5f488e0cbd5;«Die können das»: Sander mahnt trotz Klatsche zur Ruhe;https://www.zeit.de/news/2026-08/09/die-koennen-das-sander-mahnt-trotz-klatsche-zur-ruhe;Hier finden Sie Informationen zu dem Thema „Fußball“. Lesen Sie jetzt „«Die können das»: Sander mahnt trotz Klatsche zur Ruhe“.;Fußball;News, Fußball, Peer Jaekel, Petrik Sander, Magdeburg, Eintracht Braunschweig, Klatsche, Fußball;2026-08-09T10:13:40+02:00;2026-08-09T10:13:40+02:00;;dpa Sachsen;false
bf2dfa04140cf490aaf2b3d785db384a231c65f6c1e330bf29a8535278da2d7d;80.000 Besucher bei «Rhein in Flammen»;https://www.zeit.de/news/2026-08/09/80-000-besucher-bei-rhein-in-flammen;Hier finden Sie Informationen zu dem Thema „Spektakel“. Lesen Sie jetzt „80.000 Besucher bei «Rhein in Flammen»“.;Spektakel;News, Spektakel, Koblenz, Rhein, Polizei, Rhein in Flammen, Spektakel, Waldbrandgefahr, Trockenheit;2026-08-09T10:06:28+02:00;2026-08-09T10:06:28+02:00;;dpa Rheinland-Pfalz/Saarland;false
eab13397f9901b589630220d36add83f5cad668f42df16b8889551c9961580a8;Trotz Trockenheit: kein Engpass an Kühlwasser für Kraftwerke;https://www.zeit.de/news/2026-08/09/trotz-trockenheit-kein-engpass-an-kuehlwasser-fuer-kraftwerke;Hier finden Sie Informationen zu dem Thema „Dürre & Hitze“. Lesen Sie jetzt „Trotz Trockenheit: kein Engpass an Kühlwasser für Kraftwerke“.;Dürre & Hitze;News, Dürre & Hitze, Thoralf Schirmer, Sachsen, Leag, Trockenheit, Kühlwasser, Engpass, Kraftwerk, Kühlwasserversorgung, Hitze;2026-08-09T10:05:04+02:00;2026-08-09T10:05:04+02:00;;dpa Sachsen;false
97d91cb926a2a146824fc46f24f41d3784c009d36b0018ddb02d7eefbf426181;Skandal im Sperrbezirk;https://www.zeit.de/feuilleton/2026-08/wissenschaft-soziologie-links-armin-nassehi-irmhild-saake;Ist die Soziologie zu links? Wer das behauptet, wie Armin Nassehi und Irmhild Saake in der ZEIT, verkennt das eigene Fach und betreibt das Geschäft seiner Gegner.;"Z+ (abopflichtiger Inhalt);
        
    Wissenschaft";Feuilleton, Wissenschaft, Soziologie, Politische Linke, Forschung, Hochschule, Ungleichheit, München;2026-08-09T10:03:25+02:00;2026-08-09T10:03:25+02:00;Stephan LessenichSarah Nies;;false
87665dce1197a0783ecce874ff33b6e61a4c18692451d75b5b0d9646313b4ca0;Streit über Arbeitszeitreform geht weiter;https://www.zeit.de/arbeit/2026-08/arbeitszeitgesetz-reform-gewerkschaften-arbeitgeber-streit-gxe;Arbeitgeber und Gewerkschaften streiten über eine Reform des Arbeitszeitgesetzes. Der Arbeitgeberpräsident verlangt eine Neuregelung des Acht-Stunden-Tags, der DGB warnt.;Reform des Arbeitszeitgesetzes;Arbeit, Reform des Arbeitszeitgesetzes, Arbeitszeit, Arbeitsrecht, Gewerkschaft, DGB, Bärbel Bas, Koalitionsvertrag;2026-08-09T10:02:17+02:00;2026-08-09T10:02:17+02:00;voi;DIE ZEIT,        dpa,        							voi;false
5fea2f9e2249126183c81b00b1f74e7cadbeb275041d175a906ba34d974661d2;Sechs Autos brennen in Garage - eine Million Euro Schaden;https://www.zeit.de/news/2026-08/09/sechs-autos-brennen-in-garage-eine-million-euro-schaden;Hier finden Sie Informationen zu dem Thema „Feuerwehreinsatz Ludwigsburg“. Lesen Sie jetzt „Sechs Autos brennen in Garage - eine Million Euro Schaden“.;Feuerwehreinsatz Ludwigsburg;News, Feuerwehreinsatz Ludwigsburg, Ludwigsburg, Polizei, Feuerwehreinsatz, Auto;2026-08-09T10:01:14+02:00;2026-08-09T10:01:14+02:00;;dpa Baden-Württemberg;false
c2a657a2ecef3c9a2df31378ab007ae3e594bb93da8e86a1681fcc45feb21d86;Das ist die Frau hinter den Wahlen in Sachsen-Anhalt;https://www.zeit.de/news/2026-08/09/das-ist-die-frau-hinter-den-wahlen-in-sachsen-anhalt;Hier finden Sie Informationen zu dem Thema „Landtagswahl“. Lesen Sie jetzt „Das ist die Frau hinter den Wahlen in Sachsen-Anhalt“.;Landtagswahl;News, Landtagswahl, Christa Dieckmann, Sachsen-Anhalt, Niedersachsen, Innenministerium, Landtagswahl, Bundestagswahl, Wahllokal;2026-08-09T10:00:06+02:00;2026-08-09T10:00:06+02:00;;dpa Sachsen;false
bbccd3ed0fa11c64aa5f7f87564ee1b7a07ed09b460c0d39398ec65877842061;Junger Mann fällt betrunken in Baugrube;https://www.zeit.de/news/2026-08/09/junger-mann-faellt-betrunken-in-baugrube;Hier finden Sie Informationen zu dem Thema „Notfall in der Nacht“. Lesen Sie jetzt „Junger Mann fällt betrunken in Baugrube“.;Notfall in der Nacht;News, Notfall in der Nacht, Ulm, Polizei, Baugrube, Notfall;2026-08-09T09:57:17+02:00;2026-08-09T09:57:17+02:00;;dpa Baden-Württemberg;false
81e0905363c85352d3858448d79e88db7206bff7350e3fe805f566bf304d8e74;1860 nach Enttäuschung bei Heimpremiere: «Brauchen Geduld»;https://www.zeit.de/news/2026-08/09/1860-nach-enttaeuschung-bei-heimpremiere-brauchen-geduld;Hier finden Sie Informationen zu dem Thema „Fußball-Regionalliga“. Lesen Sie jetzt „1860 nach Enttäuschung bei Heimpremiere: «Brauchen Geduld»“.;Fußball-Regionalliga;News, Fußball-Regionalliga, Vitus Eicher, Felix Weber, Michael Eberwein, Alper Kayabunar, Augsburg, Fußball-Regionalliga, TSV 1860 München, FC Augsburg, Bundesliga, Heimpremiere;2026-08-09T09:56:31+02:00;2026-08-09T09:56:31+02:00;;dpa Bayern;false
88a17a1c3cba8032916ea547cbb18cc42e20bdc5f6de1263e90345bcbdb37851;Teilnehmerrekord beim CSD in Nürnberg;https://www.zeit.de/news/2026-08/09/teilnehmerrekord-beim-csd-in-nuernberg;Hier finden Sie Informationen zu dem Thema „Christopher Street Day“. Lesen Sie jetzt „Teilnehmerrekord beim CSD in Nürnberg“.;Christopher Street Day;News, Christopher Street Day, Nürnberg, Polizei, CSU, Christopher Street Day, Teilnehmerrekord;2026-08-09T09:53:28+02:00;2026-08-09T09:53:28+02:00;;dpa Bayern;false
b339c4a5c6c4ba1da1e53bc2c27de6d74a818e46a626b98a51ea4cd2ba715231;Radfahrer stürzt über Kabelbrücke und wird schwer verletzt;https://www.zeit.de/news/2026-08/09/radfahrer-stuerzt-ueber-kabelbruecke-und-wird-schwer-verletzt;Hier finden Sie Informationen zu dem Thema „Unfälle“. Lesen Sie jetzt „Radfahrer stürzt über Kabelbrücke und wird schwer verletzt“.;Unfälle;News, Unfälle, Polizei, Kabelbrücke, Unfall, Kabelabdeckung;2026-08-09T09:46:56+02:00;2026-08-09T09:46:56+02:00;;dpa Niedersachsen;false
ce8d6816a070b45e9dea350eb580a0051f8d0cb13a92efd03ebd84279eb25473;Der Luchs streift durch NRW - wann wird er heimisch?;https://www.zeit.de/news/2026-08/09/der-luchs-streift-durch-nrw-wann-wird-er-heimisch;Hier finden Sie Informationen zu dem Thema „Seltenes Wildtier“. Lesen Sie jetzt „Der Luchs streift durch NRW - wann wird er heimisch?“.;Seltenes Wildtier;News, Seltenes Wildtier, Christine Thiel-Bender, Ole Anders, Wilhelm Deitermann, NRW, Harz, Nordrhein-Westfalen, Weser, Wuppertal, BUND, Luchs;2026-08-09T09:39:51+02:00;2026-08-09T09:39:51+02:00;;dpa Nordrhein-Westfalen;false
86cff1f9d3857f4ed73d5bb7527d90cb0aa4ac0c920c20c3fb2193445826ef6e;Ekel und Schäden: Autobahn-Toiletten werden zum Problemfall;https://www.zeit.de/news/2026-08/09/ekel-und-schaeden-autobahn-toiletten-werden-zum-problemfall;Hier finden Sie Informationen zu dem Thema „Autobahnen“. Lesen Sie jetzt „Ekel und Schäden: Autobahn-Toiletten werden zum Problemfall“.;Autobahnen;News, Autobahnen, Via Solutions Südwest, die Autobahn GmbH des Bundes, Problemfall, Vandalismus, Autobahnparkplatz, Müllentsorgung, Reinigung;2026-08-09T09:38:55+02:00;2026-08-09T09:38:55+02:00;;dpa Baden-Württemberg;false
8e49aba61d98690a49a85efab48a7b1d5985c70d12e4edaeac092ec0c4dbce1a;Müll, Vandalismus und Ekel-Toiletten an Autobahnen;https://www.zeit.de/news/2026-08/09/muell-vandalismus-und-ekel-toiletten-an-autobahnen;Hier finden Sie Informationen zu dem Thema „Autobahnen“. Lesen Sie jetzt „Müll, Vandalismus und Ekel-Toiletten an Autobahnen“.;Autobahnen;News, Autobahnen, Mannheim, Malsch, Offenburg, Baden-Württemberg, die Autobahn GmbH des Bundes, ADAC, Vandalismus, Müll, Toilettentüre, Autobahn;2026-08-09T09:37:58+02:00;2026-08-09T09:37:58+02:00;;dpa Baden-Württemberg;false
21ef5ab99b5a5e891a9639e1d4e819dde6a6df680a4cf08933418d215a2fd2c8;Unfall nach Überholmanöver: 34-Jährige schwer verletzt;https://www.zeit.de/news/2026-08/09/unfall-nach-ueberholmanoever-34-jaehrige-schwer-verletzt;Hier finden Sie Informationen zu dem Thema „Führerschein beschlagnahmt“. Lesen Sie jetzt „Unfall nach Überholmanöver: 34-Jährige schwer verletzt“.;Führerschein beschlagnahmt;News, Führerschein beschlagnahmt, Eckersdorf, Polizei, Unfall, Überholmanöver, Betäubungsmitteleinfluss, Auto;2026-08-09T09:37:53+02:00;2026-08-09T09:37:53+02:00;;dpa Bayern;false
bd02d42d0e48166f64e813cf0da2f5e6aeff31d4979cc075c1ff7b0677d131b7;Altes Museum in Berlin soll umfassend saniert werden;https://www.zeit.de/politik/deutschland/2026-08/altes-museum-berlin-generalsanierung-museumsinsel-pergamonmuseum-gxe;Das Alte Museum hat Risse in den Wänden. Während das Pergamonmuseum 2027 teilweise wieder öffnen soll, ist die Sanierung des Alten Museums für die 2030er-Jahre geplant.;Museumsinsel;Politik, Museumsinsel, Museumsinsel, Berlin, Sanierung, Ausstellung;2026-08-09T09:24:31+02:00;2026-08-09T09:24:31+02:00;fgl;DIE ZEIT,        dpa,        							fgl;false
6290496b549d417906122fe468ad4b282ce2f5e636eb30e27295cc3f0a9ffd49;Wagen überschlägt sich auf A1 – Autobahn voll gesperrt;https://www.zeit.de/news/2026-08/09/wagen-ueberschlaegt-sich-auf-a1-autobahn-voll-gesperrt;Hier finden Sie Informationen zu dem Thema „Unfälle“. Lesen Sie jetzt „Wagen überschlägt sich auf A1 – Autobahn voll gesperrt“.;Unfälle;News, Unfälle, Barsbüttel, Kreis Stormarn, Polizei, Unfall, Autobahn, Fahrzeug;2026-08-09T09:24:04+02:00;2026-08-09T09:24:04+02:00;;dpa Hamburg/Schleswig-Holstein;false
f30fa2c29b24675aff512a416b6db8e431286869b3884908e95ccfd101565870;Feuer in Wohnhaus breitet sich auf angrenzendes Haus aus;https://www.zeit.de/news/2026-08/09/feuer-in-wohnhaus-breitet-sich-auf-angrenzendes-haus-aus;Hier finden Sie Informationen zu dem Thema „Feuerwehreinsatz“. Lesen Sie jetzt „Feuer in Wohnhaus breitet sich auf angrenzendes Haus aus“.;Feuerwehreinsatz;News, Feuerwehreinsatz, Feuerwehreinsatz;2026-08-09T09:08:28+02:00;2026-08-09T09:08:28+02:00;;dpa Baden-Württemberg;false
c3cdd4d5acda059dbc8ddf7a53964b38753b8241f6815f27b10d1a8a00d960e8;Ackermann: Bei Trump halte ich vieles für möglich;https://www.zeit.de/news/2026-08/09/ackermann-bei-trump-halte-ich-vieles-fuer-moeglich;Hier finden Sie Informationen zu dem Thema „Kultur als Politikum“. Lesen Sie jetzt „Ackermann: Bei Trump halte ich vieles für möglich“.;Kultur als Politikum;News, Kultur als Politikum, Donald Trump, Marion Ackermann, Berlin, USA, Amerika, Museumsinsel, Sachsen-Anhalt, Smithsonian Institute, Stiftung Preußischer Kulturbesitz, Alternative für Deutschland;2026-08-09T09:00:06+02:00;2026-08-09T09:00:06+02:00;;dpa;false
71a925d7ed887dc52ff9c9e6d65bb65deb5bc560db62ac21de8d6534e30697a6;Wird das der nächste Rentensturm?;https://www.zeit.de/politik/deutschland/2026-08/renten-debatte-abschaffung-abschlag-ministerpraesidenten-kritik;Im Streit über die Rentenreform widersprechen immer mehr Ministerpräsidenten der Bundesregierung. Warum der Konflikt sich zu einer echten Krise auswachsen könnte.;Rentendebatte;Politik, Rentendebatte, Rente, Rentenreform, Ostdeutschland, Bundesregierung, Wahlkampf, CDU, Manuela Schwesig;2026-08-09T08:54:20+02:00;2026-08-09T08:54:20+02:00;Jana HenselMichael SchliebenFabian Reinbold;;false
2d03f81802184e99a9f327a484d8647b69ef4f7e1a61365c1181bdaec6edb85e;Peter Tschentscher fordert Kurswechsel in der Steuerpolitik;https://www.zeit.de/politik/deutschland/2026-08/peter-tschentscher-steuern-fiskalpolitik-bundesregierung-digitalsteuer-koerperschaftsteuer-gxe;Hamburgs Erster Bürgermeister Tschentscher kritisiert die geplanten Steuersenkungen der Bundesregierung. Er spricht von »Steuergeschenken aus der Gießkanne«. ;Fiskalpolitik;Politik, Fiskalpolitik, Peter Tschentscher, Steuerpolitik, Steuer, Hamburg, Bundesregierung, Schulden;2026-08-09T08:48:36+02:00;2026-08-09T08:48:36+02:00;voi;DIE ZEIT,        dpa,        							voi;false
de55e0e15abd4a17d6005110a0bb0df226ee7a7aa47a39d02fa74b918d61d108;Deutlich weniger Geldautomatensprengungen;https://www.zeit.de/news/2026-08/09/deutlich-weniger-geldautomatensprengungen;Hier finden Sie Informationen zu dem Thema „Nur zwei Fälle“. Lesen Sie jetzt „Deutlich weniger Geldautomatensprengungen“.;Nur zwei Fälle;News, Nur zwei Fälle, Brandenburg, Polizei, Geldautomatensprengung, Geldautomat, Geld;2026-08-09T08:45:12+02:00;2026-08-09T08:45:12+02:00;;dpa Berlin/Brandenburg;false
88d8a370ecbbefd0f9c77674ed2b34a48a0fb4099a6d23e10f55e3588fcb8910;Zwei Schwerverletzte bei Überschlag in Jettingen;https://www.zeit.de/news/2026-08/09/zwei-schwerverletzte-bei-ueberschlag-in-jettingen;Hier finden Sie Informationen zu dem Thema „Unfall Landkreis Böblingen“. Lesen Sie jetzt „Zwei Schwerverletzte bei Überschlag in Jettingen“.;Unfall Landkreis Böblingen;News, Unfall Landkreis Böblingen, Jettingen, Landkreis Böblingen, Unfall, Auto;2026-08-09T08:28:34+02:00;2026-08-09T08:28:34+02:00;;dpa Baden-Württemberg;false
98e46a1524bc74a846c90a811d027201a7280d94efbb899ac58b2178e40826a1;Der Sohn «kackt», der Vater trifft: Grönnings Traumstart;https://www.zeit.de/news/2026-08/09/der-sohn-kackt-der-vater-trifft-groennings-traumstart;Hier finden Sie Informationen zu dem Thema „2. Fußball-Bundesliga“. Lesen Sie jetzt „Der Sohn «kackt», der Vater trifft: Grönnings Traumstart“.;2. Fußball-Bundesliga;News, 2. Fußball-Bundesliga, Stefan Leitl, Luca Schuler, Bochum, Hertha BSC, Fußball-Bundesliga, Traumstart, Familie;2026-08-09T08:21:04+02:00;2026-08-09T08:21:04+02:00;;dpa Berlin/Brandenburg;false
63c2ef46280f635143a7e3876fceb3b0b50d6aa95e901169cb1da60bdd5f03d2;Sommerwetter im Norden – Temperaturen bis 31 Grad erwartet;https://www.zeit.de/news/2026-08/09/sommerwetter-im-norden-temperaturen-bis-31-grad-erwartet;Hier finden Sie Informationen zu dem Thema „Wetter“. Lesen Sie jetzt „Sommerwetter im Norden – Temperaturen bis 31 Grad erwartet“.;Wetter;News, Wetter, Hamburg, Schleswig-Holstein, Mecklenburg-Vorpommern, DWD, Temperatur, Wetter;2026-08-09T08:20:13+02:00;2026-08-09T08:20:13+02:00;;dpa Hamburg/Schleswig-Holstein;false
c955eb7f0f7a9418da467c5a43ece539be78c6a468fe7b7f659bde11f952efb1;Kleintransporter kracht gegen Baum – Zwei Menschen sterben;https://www.zeit.de/news/2026-08/09/kleintransporter-kracht-gegen-baum-zwei-menschen-sterben;Hier finden Sie Informationen zu dem Thema „Unfall auf der B466“. Lesen Sie jetzt „Kleintransporter kracht gegen Baum – Zwei Menschen sterben“.;Unfall auf der B466;News, Unfall auf der B466, Unfall;2026-08-09T08:18:24+02:00;2026-08-09T08:18:24+02:00;;dpa Bayern;false
7ddf59d1588ea63ed9058e3ecb88b64d158f02e8204f6682c2fff9dc55d35d47;Zwei Schwerverletzte bei Frontalzusammenstoß;https://www.zeit.de/news/2026-08/09/zwei-schwerverletzte-bei-frontalzusammenstoss;Hier finden Sie Informationen zu dem Thema „Unfall“. Lesen Sie jetzt „Zwei Schwerverletzte bei Frontalzusammenstoß“.;Unfall;News, Unfall, Heilbronn, Frontalzusammenstoß, Unfall, Bundesstraße, Auto;2026-08-09T08:13:52+02:00;2026-08-09T08:13:52+02:00;;dpa Baden-Württemberg;false
cb4a95fe7bb72beb6067db97d4a9e999af28ffd3dc0b2fc0a9025202e0b0f6b0;Gewerkschaften fordern Erhalt der Rente mit 63;https://www.zeit.de/wirtschaft/2026-08/rente-mit-63-gewerkschaften-cdu-spd-abschaffung-gxe;Die Bundesregierung plant die Abschaffung des vorzeitigen Renteneintritts nach 45 Beitragsjahren. Die Kritik an diesem Vorhaben wächst weiter an, die Union verteidigt es.;Vorzeitiger Renteneintritt;Wirtschaft, Vorzeitiger Renteneintritt, Rentenreform, Rente, Ruhestand, Bundesregierung, Arbeitnehmer, Unionsfraktion;2026-08-09T08:08:00+02:00;2026-08-09T08:08:00+02:00;yer;DIE ZEIT,        AFP,        epd,        							yer;false
102d922bc247c9910feac0a70fd48be4a0f22866329a178ff993eae78ca7e801;Sommerwetter in Niedersachsen – Bis zu 33 Grad erwartet;https://www.zeit.de/news/2026-08/09/sommerwetter-in-niedersachsen-bis-zu-33-grad-erwartet;Hier finden Sie Informationen zu dem Thema „Wetter“. Lesen Sie jetzt „Sommerwetter in Niedersachsen – Bis zu 33 Grad erwartet“.;Wetter;News, Wetter, Niedersachsen, DWD, Wetter;2026-08-09T07:51:36+02:00;2026-08-09T07:51:36+02:00;;dpa Niedersachsen;false
e2256a6688e36e35c9676c2c6fe861b8d2861203727e11df9879d0042132cd44;Neue Hitzewelle erwartet – Gewitterrisiko bleibt hoch;https://www.zeit.de/news/2026-08/09/neue-hitzewelle-erwartet-gewitterrisiko-bleibt-hoch;Hier finden Sie Informationen zu dem Thema „Wetter“. Lesen Sie jetzt „Neue Hitzewelle erwartet – Gewitterrisiko bleibt hoch“.;Wetter;News, Wetter, Baden-Württemberg, DWD, Gewitterrisiko, Regenschirm, Gewitter, Hitzewelle, Wetter;2026-08-09T07:47:49+02:00;2026-08-09T07:47:49+02:00;;dpa Baden-Württemberg;false
01a320d68afc34b6e203b0f5fb3c0529f05dcee106f807e83bdd159069b810ab;Stellwerksstörung zwischen Bremen und Hamburg behoben;https://www.zeit.de/news/2026-08/09/stellwerksstoerung-zwischen-bremen-und-hamburg-behoben;Hier finden Sie Informationen zu dem Thema „Züge fahren wieder regulär“. Lesen Sie jetzt „Stellwerksstörung zwischen Bremen und Hamburg behoben“.;Züge fahren wieder regulär;News, Züge fahren wieder regulär, Hamburg, Bremen, Stellwerksstörung, Verkehrsunternehmen;2026-08-09T07:33:01+02:00;2026-08-09T07:33:01+02:00;;dpa Hamburg/Schleswig-Holstein;false
e9b6e8181ba7c772d27071141e6b1dbe5a99b489a60e9a157cbc7c3b5f65216e;Wasserarme Donau wird zur Asservatenkammer der Geschichte;https://www.zeit.de/news/2026-08/09/wasserarme-donau-wird-zur-asservatenkammer-der-geschichte;Hier finden Sie Informationen zu dem Thema „Flaches Gewässer“. Lesen Sie jetzt „Wasserarme Donau wird zur Asservatenkammer der Geschichte“.;Flaches Gewässer;News, Flaches Gewässer, Donau, Budapest, Szob, Prahovo, Serbien, Volksbund Deutsche Kriegsgräberfürsorge, Feuerwehr, Opel, Zweiter Weltkrieg, Flusskreuzfahrtschiff;2026-08-09T07:30:06+02:00;2026-08-09T07:30:06+02:00;;dpa;false
6772264dcd9a43e2fcfd2252e26d89fd8283ae6a42aa22e3f183bdca26d86c09;Bayern stöhnen wieder über Hitze;https://www.zeit.de/news/2026-08/09/bayern-stoehnen-wieder-ueber-hitze;Hier finden Sie Informationen zu dem Thema „Wetter“. Lesen Sie jetzt „Bayern stöhnen wieder über Hitze“.;Wetter;News, Wetter, Bayern, Donau, Hitze, Wetter;2026-08-09T07:25:43+02:00;2026-08-09T07:25:43+02:00;;dpa Bayern;false
9327fab9927918f15eb17aef9d9b22edf456b24f1cdfb1251bf87218b12e43ae;Als Vagnoman-Konkurrent: Nartey überzeugt VfB in neuer Rolle;https://www.zeit.de/news/2026-08/09/als-vagnoman-konkurrent-nartey-ueberzeugt-vfb-in-neuer-rolle;Hier finden Sie Informationen zu dem Thema „Bundesliga-Vorbereitung“. Lesen Sie jetzt „Als Vagnoman-Konkurrent: Nartey überzeugt VfB in neuer Rolle“.;Bundesliga-Vorbereitung;News, Bundesliga-Vorbereitung, Sebastian Hoeneß, Nikolas Nartey, Premier Lease & Loan Services Insurance Agency, FC Everton, VfB Stuttgart, Bundesliga, Fußball-Bundesliga;2026-08-09T07:14:05+02:00;2026-08-09T07:14:05+02:00;;dpa Baden-Württemberg;false
687d8046560452045024561785abfa31f28edd7da619bee68d872af8f6364223;Berliner Museumsinsel: Altes Museum muss saniert werden;https://www.zeit.de/news/2026-08/09/berliner-museumsinsel-altes-museum-muss-saniert-werden;Hier finden Sie Informationen zu dem Thema „Baustelle“. Lesen Sie jetzt „Berliner Museumsinsel: Altes Museum muss saniert werden“.;Baustelle;News, Baustelle, Marion Ackermann, Berlin, Museumsinsel, Stiftung Preußischer Kulturbesitz, Deutsche Presse-Agentur, Pergamonmuseum, Baustelle;2026-08-09T07:00:07+02:00;2026-08-09T07:00:07+02:00;;dpa;false
09a5d78f85c0afb021955b818bc42deaae5ddde23c58396d61c9e1cff541a8c5;Schloss Meseberg: Nachnutzung noch nicht unter Dach und Fach;https://www.zeit.de/news/2026-08/09/schloss-meseberg-nachnutzung-noch-nicht-unter-dach-und-fach;Hier finden Sie Informationen zu dem Thema „Regierung gibt Gästehaus auf“. Lesen Sie jetzt „Schloss Meseberg: Nachnutzung noch nicht unter Dach und Fach“.;Regierung gibt Gästehaus auf;News, Regierung gibt Gästehaus auf, Heinrich von Srbik, Bundesregierung, Nachnutzung, Gästehaus;2026-08-09T07:00:05+02:00;2026-08-09T07:00:05+02:00;;dpa Berlin/Brandenburg;false
aacd865befc07e12a300165aeab4493718dfc2b54c0863857bca0dea7ed5fadd;Blutreserven knapp – MV kämpft mit Engpässen;https://www.zeit.de/news/2026-08/09/blutreserven-knapp-mv-kaempft-mit-engpaessen;Hier finden Sie Informationen zu dem Thema „Blutspende“. Lesen Sie jetzt „Blutreserven knapp – MV kämpft mit Engpässen“.;Blutspende;News, Blutspende, Markus Baulke, Mecklenburg-Vorpommern, DRK, Blutreserve, Engpass, Blutspende, Blutpräparat;2026-08-09T07:00:04+02:00;2026-08-09T07:00:04+02:00;;dpa Mecklenburg-Vorpommern;false
dd37c441733fcf5097407ce10eb7389aff229139272b99591dcc6b3e0eb13418;85 Meter tief – Apnoetaucher verpasst trotzdem knapp Rekord;https://www.zeit.de/news/2026-08/09/85-meter-tief-apnoetaucher-verpasst-trotzdem-knapp-rekord;Hier finden Sie Informationen zu dem Thema „Extremsport“. Lesen Sie jetzt „85 Meter tief – Apnoetaucher verpasst trotzdem knapp Rekord“.;Extremsport;News, Extremsport, Extremsport, Rekord, Tiefenrekord, Familie;2026-08-09T06:11:04+02:00;2026-08-09T06:11:04+02:00;;dpa Bayern;false
bbd66d8b24b5ec37a6a92c72920df3122ae60441eb3cf5b7d399b7b405c7f658;»Wir legen nicht viel Geld zurück und wollen im Hier und Jetzt leben«;https://www.zeit.de/arbeit/2026-08/pilot-rettungshubschrauber-gehalt-ausbildung-kontoauszug;Maurice, 45, fliegt einen Rettungshubschrauber. Er verdient 7.000 Euro im Monat plus Zulagen. Doch er hat viel Geld in seinen Traumberuf investiert. Der Kontoauszug;"Z+ (abopflichtiger Inhalt);
        
    Pilot eines Rettungshubschraubers";Arbeit, Pilot eines Rettungshubschraubers, Einkommen, Gehalt, Flugverkehr, Lebensstil, Finanzen;2026-08-09T06:10:41+02:00;2026-08-09T06:10:41+02:00;Vincent Suppé;;false
e4f01c33d66073a5de6b3497feff876e3a4ff25c61db5237c0dd4dbfd6f32329;»Das geht nicht«;https://www.zeit.de/2026-08/buckelwal-dokumente-till-backhaus-mecklenburg-vorpommern-rettungsaktion;Mitarbeiter warnten Till Backhaus vor der Rettung des Buckelwals Timmy, ein Abteilungsleiter meldete sich am Ende gar krank. Hat der Minister sein Haus ignoriert?;"Z+ (abopflichtiger Inhalt);
        
    Buckelwal";Politik, Buckelwal, Buckelwal, Till Backhaus, Mecklenburg-Vorpommern, Nordsee, Ostsee;2026-08-09T06:07:36+02:00;2026-08-09T06:07:36+02:00;Christoph HeinemannHannah KnuthTom Kroll;;false
9d3fcbcb0990a317acd15e5028be145dae3da330927fe4f965a3acd2acc3b360;Tschentscher: schwarz-rote Steuerpolitik führt in Sackgasse;https://www.zeit.de/news/2026-08/09/tschentscher-schwarz-rote-steuerpolitik-fuehrt-in-sackgasse;Hier finden Sie Informationen zu dem Thema „Finanzen“. Lesen Sie jetzt „Tschentscher: schwarz-rote Steuerpolitik führt in Sackgasse“.;Finanzen;News, Finanzen, Peter Tschentscher, Hamburg, Flensburg, Bodensee, Bundesregierung, SPD, Deutsche Presse-Agentur, Steuerpolitik, Finanzen, Sackgasse;2026-08-09T06:00:18+02:00;2026-08-09T06:00:18+02:00;;dpa Hamburg/Schleswig-Holstein;false
898849f08a6d43bb18e8af170b43d64e5837ddeb9f9327db2b14aff1eb87234d;NRW steuert Lehrkräfte um – G9-Rückkehr bringt Lücken;https://www.zeit.de/news/2026-08/09/nrw-steuert-lehrkraefte-um-g9-rueckkehr-bringt-luecken;Hier finden Sie Informationen zu dem Thema „Neuverteilung“. Lesen Sie jetzt „NRW steuert Lehrkräfte um – G9-Rückkehr bringt Lücken“.;Neuverteilung;News, Neuverteilung, NRW, Nordrhein-Westfalen, Neuverteilung, Lehrkräfteversorgung, Schulministerium;2026-08-09T06:00:12+02:00;2026-08-09T06:00:12+02:00;;dpa Nordrhein-Westfalen;false
50f962e5f30af8378e6c5ebdf0236a57ed83dc8cb82dc3542de8da102e571646;Barfuß in Schlappen und Sandalen: Sind nackte Füße eklig?;https://www.zeit.de/news/2026-08/09/barfuss-in-schlappen-und-sandalen-sind-nackte-fuesse-eklig;Hier finden Sie Informationen zu dem Thema „Sommerstreitthema“. Lesen Sie jetzt „Barfuß in Schlappen und Sandalen: Sind nackte Füße eklig?“.;Sommerstreitthema;News, Sommerstreitthema, Michael Michalsky, Mallorca, Berlin, Flip-Flops, Schlappen, Sandale, Sommerstreitthema, Sommer;2026-08-09T06:00:12+02:00;2026-08-09T06:00:12+02:00;;dpa;false
d0423bb324596ceaf4749f0a6f3efa578e40f90d6f3ca789d700cb6be2fb9e45;Sonnenfinsternis: Fünf Tipps, um nicht im Dunkeln zu tappen;https://www.zeit.de/news/2026-08/09/sonnenfinsternis-fuenf-tipps-um-nicht-im-dunkeln-zu-tappen;Hier finden Sie Informationen zu dem Thema „Seltenes Event richtig angehen“. Lesen Sie jetzt „Sonnenfinsternis: Fünf Tipps, um nicht im Dunkeln zu tappen“.;Seltenes Event richtig angehen;News, Seltenes Event richtig angehen, Carolin Liefke, Hunsrück, Rheinland-Pfalz, Rhein, Rheinland, Sonnenfinsternis, Himmelsschauspiel;2026-08-09T06:00:08+02:00;2026-08-09T06:00:08+02:00;;dpa Rheinland-Pfalz/Saarland;false
e403dfc958cce8d3ff3bbe46dc0c25438bb000943905c8b81bac82d27bc4a93f;Minister: Banden sehen Brandenburg als Rückzugsraum;https://www.zeit.de/news/2026-08/09/minister-banden-sehen-brandenburg-als-rueckzugsraum;Hier finden Sie Informationen zu dem Thema „Organisierte Kriminalität“. Lesen Sie jetzt „Minister: Banden sehen Brandenburg als Rückzugsraum“.;Organisierte Kriminalität;News, Organisierte Kriminalität, Jan Redmann, Brandenburg, Berlin, Ludwigsfelde, Potsdam, CDU, Polizei, Deutsche Presse-Agentur, Rückzugsraum, Drogenlabor;2026-08-09T06:00:06+02:00;2026-08-09T06:00:06+02:00;;dpa Berlin/Brandenburg;false
938152dcd7959ee209663d968028f3ec3e591b615b243092b1a35633134deee8;Aus drei mach viele: Türkei will neuen Militärpakt erweitern;https://www.zeit.de/news/2026-08/09/aus-drei-mach-viele-tuerkei-will-neuen-militaerpakt-erweitern;Hier finden Sie Informationen zu dem Thema „Verteidigungsbündnis“. Lesen Sie jetzt „Aus drei mach viele: Türkei will neuen Militärpakt erweitern“.;Verteidigungsbündnis;News, Verteidigungsbündnis, Recep Tayyip Erdogan, Hakan Fidan, Türkei, Pakistan, Saudi-Arabien, Ägypten, Nato, Anadolu, Militärpakt, Verteidigungsbündnis;2026-08-09T05:55:58+02:00;2026-08-09T05:55:58+02:00;;dpa;false
0971e341bec9fabba6a0f1f736c1c9ca790cee92c6a7ec348923fdacc5929977;Geheime Chat-Dienste geknackt - rund 350 Anklagen;https://www.zeit.de/news/2026-08/09/geheime-chat-dienste-geknackt-rund-350-anklagen;Hier finden Sie Informationen zu dem Thema „Kriminalität“. Lesen Sie jetzt „Geheime Chat-Dienste geknackt - rund 350 Anklagen“.;Kriminalität;News, Kriminalität, Staatsanwaltschaft, Deutsche Presse-Agentur, Polizei, Anklage, Entschlüsselung, Drogen;2026-08-09T05:30:05+02:00;2026-08-09T05:30:05+02:00;;dpa Berlin/Brandenburg;false
fb3eb5139af7c88771723737b6945a1e9c1aefaafb5afe1bf30f6d8803f3b483;Berlin streitet über die Enteignung von Immobilienkonzernen;https://www.zeit.de/news/2026-08/09/berlin-streitet-ueber-die-enteignung-von-immobilienkonzernen;Hier finden Sie Informationen zu dem Thema „Wahlen in Berlin“. Lesen Sie jetzt „Berlin streitet über die Enteignung von Immobilienkonzernen“.;Wahlen in Berlin;News, Wahlen in Berlin, Kai Wegner, Stefan Evers, Markus Söder, Alexander Schirp, Elif Eralp, Berlin, Bayern, CDU, CSU, SPD;2026-08-09T05:01:05+02:00;2026-08-09T05:01:05+02:00;;dpa Berlin/Brandenburg;false
daa099217667cd4b9187cef459837def889c275e21bd3b6d9e3bcc6852398001;Land will über Ganztagsanträge bis Jahresende entscheiden;https://www.zeit.de/news/2026-08/09/land-will-ueber-ganztagsantraege-bis-jahresende-entscheiden;Hier finden Sie Informationen zu dem Thema „Förderung für Schulträger“. Lesen Sie jetzt „Land will über Ganztagsanträge bis Jahresende entscheiden“.;Förderung für Schulträger;News, Förderung für Schulträger, Dorit Stenke, Schleswig-Holstein, CDU, Ganztagsantrag, Ganztag, Ganztagsausbau, Jahresende, Investitionsantrag, Landesregierung;2026-08-09T05:00:16+02:00;2026-08-09T05:00:16+02:00;;dpa Hamburg/Schleswig-Holstein;false
