Hash;Title;Link;Description;Category;KeyWords;Published;LastUpdated;Author;Source;Paywall
240dc2736762784c603fa1f59db0b8bff2e325eb61d453cbb57965aea2b849e2;Unternehmer Klaus-Michael Kühne ist tot;https://www.zeit.de/news/2026-08/24/unternehmer-klaus-michael-kuehne-ist-tot;Hier finden Sie Informationen zu dem Thema „Schifffahrt“. Lesen Sie jetzt „Unternehmer Klaus-Michael Kühne ist tot“.;Schifffahrt;News, Schifffahrt, Klaus-Michael Kühne, Schifffahrt;2026-08-24T11:36:20+02:00;2026-08-24T11:36:20+02:00;;dpa;false
a0abcf311099de2bc072d1b2003c2fafd650964b822080b899d35993f43ab81d;Spüre den Schmerz!;https://www.zeit.de/2026/36/entzuendung-schmerz-ablenkung-immunsystem-haut;Klingt eine Entzündung schneller ab, wenn wir uns auf sie konzentrieren? Das legt eine neue Studie nahe. Mitunter lässt sich das Immunsystem bewusst steuern.;"Z+ (abopflichtiger Inhalt);
        
    Entzündungen";Gesundheit, Entzündungen, Immunsystem, Infektion, Forschung, Studie, Schmerz;2026-08-24T11:35:19+02:00;2026-08-24T11:35:19+02:00;Tom Kattwinkel;Aus der        ZEIT Nr. 36/2026;false
42e08791667069bb832230d2416db146c767e0e529eb5351b660550907779b03;Wie Sie dank schlechter TikToker zu einem guten Investor werden;https://www.zeit.de/geld/2026-08/geld-sparen-investition-tiktok-anlage-ratgeber;Auf TikTok kann man lernen, zum exzellenten Anleger zu werden: Indem man die schrägsten Ratgeber ansieht und einfach das Gegenteil tut. Eine Anleitung in sechs Schritten;"Z+ (abopflichtiger Inhalt);
        
    Geld sparen";Geld, Geld sparen, Geld sparen, TikTok, Soziale Medien, Finanzen;2026-08-24T11:35:00+02:00;2026-08-24T11:35:00+02:00;Johannes Gernert;;false
b8e64695eda8d8c3b2ea500bab1c653c4c6fb301df8778363cd273473a6d35d1;Revival für die Leinwand: Kinos verkaufen mehr Tickets;https://www.zeit.de/news/2026-08/24/revival-fuer-die-leinwand-kinos-verkaufen-mehr-tickets;Hier finden Sie Informationen zu dem Thema „Filmtheater“. Lesen Sie jetzt „Revival für die Leinwand: Kinos verkaufen mehr Tickets“.;Filmtheater;News, Filmtheater, Revival, Sommer, Erfolg, Kino, Coronavirus;2026-08-24T11:33:36+02:00;2026-08-24T11:33:36+02:00;;dpa;false
93077448f9f2306860109fbc5b5b2e158900e7f9e21fad26ffca72b5d72824d8;Feste Barrieren am Tiergarten? Vorschlag von Senatorin;https://www.zeit.de/news/2026-08/24/feste-barrieren-am-tiergarten-vorschlag-von-senatorin;Hier finden Sie Informationen zu dem Thema „Schutz von Demos vor Angriffen“. Lesen Sie jetzt „Feste Barrieren am Tiergarten? Vorschlag von Senatorin“.;Schutz von Demos vor Angriffen;News, Schutz von Demos vor Angriffen, Iris Spranger, Berlin, SPD, Polizei, Christopher Street Day, Angriff;2026-08-24T11:33:24+02:00;2026-08-24T11:33:24+02:00;;dpa Berlin/Brandenburg;false
34f4d7850fba80b1b904a1be486c5d6dd3e3a56b4bde3e0e30f6d40876bb6d64;Seniorin nach Balkonbrand in Dresden tot aufgefunden;https://www.zeit.de/news/2026-08/24/seniorin-nach-balkonbrand-in-dresden-tot-aufgefunden;Hier finden Sie Informationen zu dem Thema „Brände“. Lesen Sie jetzt „Seniorin nach Balkonbrand in Dresden tot aufgefunden“.;Brände;News, Brände, Dresden, Balkonbrand, Brand;2026-08-24T11:31:12+02:00;2026-08-24T11:31:12+02:00;;dpa Sachsen;false
921e94a64abde2fefabc2ff6caf6cea99b05ac57ade32c77626a7fb012205c17;Meth, Erpressung und Menschenraub: Rocker vor Gericht;https://www.zeit.de/news/2026-08/24/meth-erpressung-und-menschenraub-rocker-vor-gericht;Hier finden Sie Informationen zu dem Thema „Prozess“. Lesen Sie jetzt „Meth, Erpressung und Menschenraub: Rocker vor Gericht“.;Prozess;News, Prozess, Meiningen, Schleusingen, Menschenraub, Erpressung, Anklagepunkt, Drogenhandel, Rockerclub;2026-08-24T11:28:43+02:00;2026-08-24T11:28:43+02:00;;dpa Thüringen;false
886b873d40b2aacf7e53c995b0dd07802cba5c404af2c11855cda66e5997d6c2;Schwerer Busunfall - Schüler aus Schleswig-Holstein an Bord;https://www.zeit.de/news/2026-08/24/schwerer-busunfall-schueler-aus-schleswig-holstein-an-bord;Hier finden Sie Informationen zu dem Thema „Niederlande“. Lesen Sie jetzt „Schwerer Busunfall - Schüler aus Schleswig-Holstein an Bord“.;Niederlande;News, Niederlande, Schleswig-Holstein, Niederlande, Wezep, Polizei, Busunfall, Oberstufenklasse;2026-08-24T11:28:20+02:00;2026-08-24T11:28:20+02:00;;dpa Hamburg/Schleswig-Holstein;false
95f934b6ea06f69e6091b182733645aa67a76b33d0d501ff216d4b08d68beff3;Klaus-Michael Kühne ist gestorben;https://www.zeit.de/wirtschaft/2026-08/klaus-michael-kuehne-tod-unternehmer-kuhne-nagel-logistik;Mehrere Jahrzehnte prägte Klaus-Michael Kühne die Logistikbranche in Deutschland. Nun ist der zweitreichste Mann Deutschlands im Alter von 89 Jahren gestorben.;Unternehmer Klaus-Michael Kühne;Wirtschaft, Unternehmer Klaus-Michael Kühne, Klaus-Michael Kühne;2026-08-24T11:27:42+02:00;2026-08-24T11:27:42+02:00;voikmi;DIE ZEIT,        							voi					,        							kmi;false
3c824ea9f1e6695bd45b38ee24ef15324d29efa37a31ce920822711ee3342ceb;Selenskyj ruft zu weiterem Widerstand gegen Russland auf;https://www.zeit.de/politik/ausland/2026-08/eu-militaerhilfe-ukraine-ursula-von-der-leyen-90-milliarden-euro;In seiner Rede zum Unabhängigkeitstag lehnt Selenskyj Gebietsabtretungen erneut ab. Putin habe sich mit seinen Plänen für die Ukraine grundlegend geirrt.;Krieg in der Ukraine;Politik, Krieg in der Ukraine, Europäische Union, Darlehen, Krieg in der Ukraine, Geld;2026-08-24T11:26:24+02:00;2026-08-24T11:26:24+02:00;lk;DIE ZEIT,        AFP,        							lk;false
fe3a45a61acc2009cfe8462f8e65ce34338661d915b06888ea5875501b2959c8;Busunfall mit Verletzten - deutsche Schüler an Bord;https://www.zeit.de/news/2026-08/24/busunfall-mit-verletzten-deutsche-schueler-an-bord;Hier finden Sie Informationen zu dem Thema „Niederlande“. Lesen Sie jetzt „Busunfall mit Verletzten - deutsche Schüler an Bord“.;Niederlande;News, Niederlande, Niederlande, Polizei, Busunfall;2026-08-24T11:24:23+02:00;2026-08-24T11:24:23+02:00;;dpa;false
4ce0bb77c9ea46ff91bcda373a68f1f81e98118ddf4415ff889377e685a44a0c;Wieder Schüsse in Berlin - Barbier-Salon betroffen;https://www.zeit.de/news/2026-08/24/erneut-schuesse-auf-geschaeft-in-berlin;Hier finden Sie Informationen zu dem Thema „Nächtliche Attacke in Berlin“. Lesen Sie jetzt „Wieder Schüsse in Berlin - Barbier-Salon betroffen“.;Nächtliche Attacke in Berlin;News, Nächtliche Attacke in Berlin, Berlin, Steglitz-Zehlendorf, Osdorfer Straße, Attacke, Einsatzkraft, Tatort;2026-08-24T11:23:49+02:00;2026-08-24T11:23:49+02:00;;dpa Berlin/Brandenburg;false
f8eeaa1f7f563cb5e51b52732ce6fb9c18adf5a7b66e0967560c883be103f211;82-Jähriger stirbt nach Fahrradunfall im Krankenhaus;https://www.zeit.de/news/2026-08/24/82-jaehriger-stirbt-nach-fahrradunfall-im-krankenhaus;Hier finden Sie Informationen zu dem Thema „Schwerer Verkehrsunfall“. Lesen Sie jetzt „82-Jähriger stirbt nach Fahrradunfall im Krankenhaus“.;Schwerer Verkehrsunfall;News, Schwerer Verkehrsunfall, Fahrradunfall, Verkehrsunfall, Fahrrad;2026-08-24T11:23:45+02:00;2026-08-24T11:23:45+02:00;;dpa Baden-Württemberg;false
82fd2f7fb2819aef93d90693fbe996b720fe597def0bff74b374d3c893a8a2a4;Sachsen-Anhalt setzt KI-Chatbot an Schulen ein;https://www.zeit.de/news/2026-08/24/sachsen-anhalt-setzt-ki-chatbot-an-schulen-ein;Hier finden Sie Informationen zu dem Thema „Künstliche Intelligenz“. Lesen Sie jetzt „Sachsen-Anhalt setzt KI-Chatbot an Schulen ein“.;Künstliche Intelligenz;News, Künstliche Intelligenz, Magdeburg, Sachsen-Anhalt, Bildungsministerium, Chatbot, Schulklasse, Bildungsbereich, künstliche Intelligenz;2026-08-24T11:23:08+02:00;2026-08-24T11:23:08+02:00;;dpa Sachsen;false
abe05cc998e1ff346ed2b4d0b9e9f4b9d0efa9b722850f317792b0bda5b11b5a;Neuseelands Regierungspartei plant Altersgrenze für soziale Medien;https://www.zeit.de/politik/ausland/2026-08/neuseeland-soziale-medien-jugendliche-christopher-luxon-erica-stanford;Neuseeland will ein Mindestalter von 16 Jahren für soziale Medien einführen. Bei Verstößen sollen Digitalkonzerne hohe Strafen zahlen. Ob das Gesetz kommt, ist offen.;Social-Media-Verbot;Politik, Social-Media-Verbot, Neuseeland, Die Partei;2026-08-24T11:23:02+02:00;2026-08-24T11:23:02+02:00;liw;DIE ZEIT,        dpa,        							liw;false
c31d82617eae9412140fc75725a22c1bddd6ebdb091a5888608b09ceaa6b25b0;Bauernverband: Dürre bringt Höfe in Existenznöte;https://www.zeit.de/news/2026-08/24/bauernverband-duerre-bringt-hoefe-in-existenznoete;Hier finden Sie Informationen zu dem Thema „Hitze auf den Feldern“. Lesen Sie jetzt „Bauernverband: Dürre bringt Höfe in Existenznöte“.;Hitze auf den Feldern;News, Hitze auf den Feldern, Joachim Rukwied, Baden-Württemberg, Deutscher Bauernverband, Dürre, Bauernverband, Existenznot, Hitze, Tiere;2026-08-24T11:20:08+02:00;2026-08-24T11:20:08+02:00;;dpa;false
a98040a695e4eb636c1d34566308320184947a5ab092cece61360fd342b953a0;Angeklagte im Fall Fabian macht erste Aussage vor Gericht;https://www.zeit.de/gesellschaft/zeitgeschehen/2026-08/mordfall-fabian-rostock-prozess-gina-h-landgericht;Im Gerichtsprozess um den ermordeten Fabian ist erstmals die Angeklagte zu Wort gekommen. Sie berichtete unter anderem von ihrer Beziehung zu dem Achtjährigen.;Mordfall Fabian;Gesellschaft, Mordfall Fabian, Rostock, Mordfall, Mord;2026-08-24T11:19:10+02:00;2026-08-24T11:19:10+02:00;edd;DIE ZEIT,        dpa,        							edd;false
e2646f847d14e52a02404523e32bd4e64077ce42a545037a7fdd23becfff6dd1;Eder: «100 Tage politische Siesta» in Rheinland-Pfalz;https://www.zeit.de/news/2026-08/24/eder-100-tage-politische-siesta-in-rheinland-pfalz;Hier finden Sie Informationen zu dem Thema „100 Tage Schwarz-Rot im Land“. Lesen Sie jetzt „Eder: «100 Tage politische Siesta» in Rheinland-Pfalz“.;100 Tage Schwarz-Rot im Land;News, 100 Tage Schwarz-Rot im Land, Mainz, Eder, Rheinland-Pfalz, Bündnis 90/Die Grünen, CDU, Siesta, Landesregierung, Hitze;2026-08-24T11:18:00+02:00;2026-08-24T11:18:00+02:00;;dpa Rheinland-Pfalz/Saarland;false
de5965482859fbb67fcf64c867ab1c1f7b317dedb92468ed613046d5c3fad494;Zahl der angemeldeten Prostituierten im Land gesunken;https://www.zeit.de/news/2026-08/24/zahl-der-angemeldeten-prostituierten-im-land-gesunken;Hier finden Sie Informationen zu dem Thema „Prostitution in Sachsen-Anhalt“. Lesen Sie jetzt „Zahl der angemeldeten Prostituierten im Land gesunken“.;Prostitution in Sachsen-Anhalt;News, Prostitution in Sachsen-Anhalt, Sachsen-Anhalt;2026-08-24T11:17:34+02:00;2026-08-24T11:17:34+02:00;;dpa Sachsen;false
798b96dfb00a1b42225204b5ec2a4c663f8f84a9c48671c9f4e157fe94876856;Angeklagte im Fall Fabian berichtet von Pflaster;https://www.zeit.de/news/2026-08/24/angeklagte-im-fall-fabian-berichtet-von-pflaster;Hier finden Sie Informationen zu dem Thema „22. Verhandlungstag“. Lesen Sie jetzt „Angeklagte im Fall Fabian berichtet von Pflaster“.;22. Verhandlungstag;News, 22. Verhandlungstag, Rostock, Mord;2026-08-24T11:16:18+02:00;2026-08-24T11:16:18+02:00;;dpa Mecklenburg-Vorpommern;false
ab737f461410d7126999b76af7b4fad55d0ac97589a18b1ec15bdc6631340bfb;Jobangebot im Netz: Frau verliert 52.000 Euro an Betrüger;https://www.zeit.de/news/2026-08/24/jobangebot-im-netz-frau-verliert-52-000-euro-an-betrueger;Hier finden Sie Informationen zu dem Thema „Oberpfalz“. Lesen Sie jetzt „Jobangebot im Netz: Frau verliert 52.000 Euro an Betrüger“.;Oberpfalz;News, Oberpfalz, Oberpfalz, Polizei, Jobangebot;2026-08-24T11:14:39+02:00;2026-08-24T11:14:39+02:00;;dpa Bayern;false
6f6edfb6fef0fb5ee49659e44cc549ada3a73f5f94720546dd644b049425e429;Drei Autos brennen in Erfurt – Kripo sucht Zeugen;https://www.zeit.de/news/2026-08/24/drei-autos-brennen-in-erfurt-kripo-sucht-zeugen;Hier finden Sie Informationen zu dem Thema „Brände“. Lesen Sie jetzt „Drei Autos brennen in Erfurt – Kripo sucht Zeugen“.;Brände;News, Brände, Erfurt, Kripo, Stielerstraße, Auto, Brand;2026-08-24T11:14:30+02:00;2026-08-24T11:14:30+02:00;;dpa Thüringen;false
62354470be136a003b69b27c9a361e6777866212b2908ca2c5074f4aeaf9ccaa;Ceferins Verzicht aus Kalkül: Maximaler Druck auf Infantino;https://www.zeit.de/news/2026-08/24/uefa-chef-ceferin-will-nicht-gegen-infantino-kandidieren;Hier finden Sie Informationen zu dem Thema „FIFA-Machtkampf“. Lesen Sie jetzt „Ceferins Verzicht aus Kalkül: Maximaler Druck auf Infantino“.;FIFA-Machtkampf;News, FIFA-Machtkampf, Aleksander Ceferin, Gianni Infantino, Uefa, Fifa, UEFA, Fußball, Podcast;2026-08-24T11:13:40+02:00;2026-08-24T11:13:40+02:00;;dpa Sport;false
09574b377200be4e9530119f1fe1bbd697ee478918fe50de94a9dc00db7bdef1;Staatsanwaltschaft klagt GdP-Vertreter an;https://www.zeit.de/news/2026-08/24/staatsanwaltschaft-klagt-gdp-vertreter-an;Hier finden Sie Informationen zu dem Thema „Anklage“. Lesen Sie jetzt „Staatsanwaltschaft klagt GdP-Vertreter an“.;Anklage;News, Anklage, Erfurt, Staatsanwaltschaft, Deutsche Presse-Agentur, Anklage, Polizeigewerkschaft, Landesverband;2026-08-24T11:12:05+02:00;2026-08-24T11:12:05+02:00;;dpa Thüringen;false
bd744b7679d30f3e5625089edcaab23153f898c0536749dc9b258e54aecf3700;U18-Landtagswahl in Sachsen-Anhalt gestartet;https://www.zeit.de/news/2026-08/24/u18-landtagswahl-in-sachsen-anhalt-gestartet;Hier finden Sie Informationen zu dem Thema „Politische Beteiligung“. Lesen Sie jetzt „U18-Landtagswahl in Sachsen-Anhalt gestartet“.;Politische Beteiligung;News, Politische Beteiligung, Sachsen-Anhalt, Landtagswahl in Sachsen, Landtagswahl;2026-08-24T11:03:47+02:00;2026-08-24T11:03:47+02:00;;dpa Sachsen;false
c6673c706adbc1ddcf56d9eb97c18c38d453eea69094291b61e37290e9f62476;Heidenheim verpflichtet Heule von Schweizer Meister Thun;https://www.zeit.de/news/2026-08/24/heidenheim-verpflichtet-heule-von-schweizer-meister-thun;Hier finden Sie Informationen zu dem Thema „2. Fußball-Bundesliga“. Lesen Sie jetzt „Heidenheim verpflichtet Heule von Schweizer Meister Thun“.;2. Fußball-Bundesliga;News, 2. Fußball-Bundesliga, Michael Heule, Heidenheim, Thun, SSV Jeddeloh, 1. FC Heidenheim, Fußball-Bundesliga, Bundesliga, Pokaldebakel;2026-08-24T11:02:48+02:00;2026-08-24T11:02:48+02:00;;dpa Baden-Württemberg;false
9ddf78dcadec6b854f92c77d881084ad2049394ea355e9309e6be6fef719c763;Mehr als 23.000 Erstklässler: Polizei kontrolliert Schulwege;https://www.zeit.de/news/2026-08/24/mehr-als-23-000-erstklaessler-polizei-kontrolliert-schulwege;Hier finden Sie Informationen zu dem Thema „Neues Schuljahr in Brandenburg“. Lesen Sie jetzt „Mehr als 23.000 Erstklässler: Polizei kontrolliert Schulwege“.;Neues Schuljahr in Brandenburg;News, Neues Schuljahr in Brandenburg, Brandenburg, Polizei, Schulweg, Schuljahr, Erstklässler;2026-08-24T11:02:08+02:00;2026-08-24T11:02:08+02:00;;dpa Berlin/Brandenburg;false
aa8790d2c5dcea7dad3a9160ceb6f6851234cb5b33611b47ec5ffc68d3e260e5;Angeklagter räumt Leichenschändung im Krankenhaus ein;https://www.zeit.de/news/2026-08/24/angeklagter-raeumt-leichenschaendung-im-krankenhaus-ein;Hier finden Sie Informationen zu dem Thema „Landgericht Bielefeld“. Lesen Sie jetzt „Angeklagter räumt Leichenschändung im Krankenhaus ein“.;Landgericht Bielefeld;News, Landgericht Bielefeld, Bielefeld, Kreis Herford, Hiddenhausen, Leichenschändung, Landgericht, Hauptanklagepunkt, Sexualisierte Gewalt an Kindern, Freiheitsstrafe, Sexueller Missbrauch;2026-08-24T11:01:29+02:00;2026-08-24T11:01:29+02:00;;dpa Nordrhein-Westfalen;false
abd81ab861414e4285d6c6efc5d62373d404bda64f76242e0e2acc14887625d9;Uefa-Chef verzichtet auf Kandidatur für das Amt des Fifa-Präsidenten;https://www.zeit.de/sport/2026-08/aleksander-ceferin-gianni-infantino-fifa-praesident-uefa-gxe;Aleksander Čeferin hat wiederholt bekräftigt, dass er einen Wechsel an der Spitze der Fifa will. Er selbst will Gianni Infantino aber nicht als Präsident ablösen.;Aleksander Čeferin;Sport, Aleksander Čeferin, Uefa, Fifa, Fußball, Gianni Infantino, Fußball-WM;2026-08-24T10:56:55+02:00;2026-08-24T10:56:55+02:00;voi;DIE ZEIT,        dpa,        SID,        Reuters,        							voi;false
26ab1c1555b9a3d4d56b30e8336f3e5a1767889d6e56190506611973d2d9ec0c;Verbraucherschützer fürchten Beeinflussung beim Trinkgeld per Karte;https://www.zeit.de/wirtschaft/2026-08/trinkgeld-kartenzahlung-gastronomie-lesegeraet-verbraucherzentrale-ramona-pop-gxe;Die Verbraucherzentrale warnt vor Gasttäuschung beim Geben von Trinkgeld per Karte. Sie fordert ein Ende »manipulativer Designtricks« bei vorprogrammierten Lesegeräten.;Trinkgeld per Karte;Wirtschaft, Trinkgeld per Karte, Verbraucherschutz, Gastronomie, Betrug, Studie, Forsa;2026-08-24T10:56:16+02:00;2026-08-24T10:56:16+02:00;yil;DIE ZEIT,        dpa,        							yil;false
a2961f0923fd8ab0b05993c82f59b8e3b3632c389abca57c7eaed64871f65fa4;Motorradfahrer stirbt beim Überholen - Verdacht auf Rennen;https://www.zeit.de/news/2026-08/24/motorradfahrer-stirbt-beim-ueberholen-verdacht-auf-rennen;Hier finden Sie Informationen zu dem Thema „Tödliches Überholmanöver“. Lesen Sie jetzt „Motorradfahrer stirbt beim Überholen - Verdacht auf Rennen“.;Tödliches Überholmanöver;News, Tödliches Überholmanöver, Niederbayern, Polizei, Überholmanöver, Mittelschutzleitplanke, Auto;2026-08-24T10:53:23+02:00;2026-08-24T10:53:23+02:00;;dpa Nordrhein-Westfalen;false
c03ed766d9e0ab68d311512d349a2eec960ce2e26eb61d47c42c7d2e19940388;Vier Autos brennen in Berlin – Polizei ermittelt;https://www.zeit.de/news/2026-08/24/vier-autos-brennen-in-berlin-polizei-ermittelt;Hier finden Sie Informationen zu dem Thema „Feuerwehreinsatz“. Lesen Sie jetzt „Vier Autos brennen in Berlin – Polizei ermittelt“.;Feuerwehreinsatz;News, Feuerwehreinsatz, Berlin, Polizei, Feuerwehr, Feuerwehreinsatz, Auto;2026-08-24T10:50:17+02:00;2026-08-24T10:50:17+02:00;;dpa Berlin/Brandenburg;false
f33ea4d3be7ed15de73b1372165add23fe5375f970cafa8e11ec4799d25409f3;Selenskyj begeht Unabhängigkeitstag mit Kampfansage an Putin;https://www.zeit.de/news/2026-08/24/eu-genehmigt-milliardenschwere-ruestungshilfe-fuer-die-ukraine;Hier finden Sie Informationen zu dem Thema „Kampf gegen Russlands Krieg“. Lesen Sie jetzt „Selenskyj begeht Unabhängigkeitstag mit Kampfansage an Putin“.;Kampf gegen Russlands Krieg;News, Kampf gegen Russlands Krieg, Europäische Union, Unabhängigkeitstag, Flugabwehrsystem, Krieg in der Ukraine, Feiertag, Drohne;2026-08-24T10:48:20+02:00;2026-08-24T10:48:20+02:00;;dpa;false
e2c0230ac4cbf589883e8228f81c7a5e99929eaaa454c54dff9baf6f110499a2;Clankriminalität: Fallzahlen sinken zum dritten Mal in Folge;https://www.zeit.de/news/2026-08/24/clankriminalitaet-fallzahlen-sinken-zum-dritten-mal-in-folge;Hier finden Sie Informationen zu dem Thema „In Niedersachsen“. Lesen Sie jetzt „Clankriminalität: Fallzahlen sinken zum dritten Mal in Folge“.;In Niedersachsen;News, In Niedersachsen, Daniela Behrens, Kathrin Wahlmann, Niedersachsen, Polizei, SPD, Clankriminalität, Fallzahl, Straftat;2026-08-24T10:45:16+02:00;2026-08-24T10:45:16+02:00;;dpa Niedersachsen;false
56930cfdaf1633d5f55bd6ea0716940cc570ad52c90b3150bd13763759de13d0;Zehn Jahre nach Erdbeben: Amatrice gedenkt der Opfer;https://www.zeit.de/news/2026-08/24/zehn-jahre-nach-erdbeben-amatrice-gedenkt-der-opfer;Hier finden Sie Informationen zu dem Thema „Erdbeben“. Lesen Sie jetzt „Zehn Jahre nach Erdbeben: Amatrice gedenkt der Opfer“.;Erdbeben;News, Erdbeben, Amatrice, Rom, Erdbebenserie, Erdbeben;2026-08-24T10:42:09+02:00;2026-08-24T10:42:09+02:00;;dpa;false
31073a8a545a702c5c6e89bfff8b5a8116a52f3a9032bb3e4b3cc0396d523d73;Pferd geht durch - Siebenjährige fällt von Kutsche;https://www.zeit.de/news/2026-08/24/pferd-geht-durch-siebenjaehrige-faellt-von-kutsche;Hier finden Sie Informationen zu dem Thema „In Waldstück“. Lesen Sie jetzt „Pferd geht durch - Siebenjährige fällt von Kutsche“.;In Waldstück;News, In Waldstück, News;2026-08-24T10:42:07+02:00;2026-08-24T10:42:07+02:00;;dpa Bayern;false
522dc9492e2c8cc8541c9028d45f5ab7be9862aba9890810bc6ecd356ecc88d3;Wie gut beherrschen Sie die deutsche Rechtschreibung?;https://www.zeit.de/wissenschaft/2026-08/rechtschreibtest-neue-rechtschreibung-reform-30-jahre;Vor 30 Jahren wurde die Rechtschreibung reformiert. Doch daraus entstanden auch neue komplizierte Regeln, die heute noch verwirren. Sie kennen die? Machen Sie den Test!;"Z+ (abopflichtiger Inhalt);
        
    Rechtschreibtest";Wissenschaft, Rechtschreibtest, Rechtschreibung, Reform, Bildung;2026-08-24T10:35:31+02:00;2026-08-24T10:35:31+02:00;Linda FischerTamara FlemischLisa Hölzke;;false
6e7625e29330d36ff7c72b52ac1ef33654fc50ca20f8b231c503e281d6f73b1f;Wie Hospize in Rheinland-Pfalz aufgestellt sind;https://www.zeit.de/news/2026-08/24/wie-hospize-in-rheinland-pfalz-aufgestellt-sind;Hier finden Sie Informationen zu dem Thema „Sterbebegleitung“. Lesen Sie jetzt „Wie Hospize in Rheinland-Pfalz aufgestellt sind“.;Sterbebegleitung;News, Sterbebegleitung, Mainz, Rheinland-Pfalz, Gesundheitsministerium, AOK, Hospiz, Sterbebegleitung;2026-08-24T10:34:59+02:00;2026-08-24T10:34:59+02:00;;dpa Rheinland-Pfalz/Saarland;false
80b7bd47f5b5e7104bf3a7caae595eeac34526a4c724f8ed0c2b1026131f40a9;Armbrust-Angriff auf Ex-Vermieter: Prozess in Kiel startet;https://www.zeit.de/news/2026-08/24/armbrust-angriff-auf-ex-vermieter-prozess-in-kiel-startet;Hier finden Sie Informationen zu dem Thema „Versuchter Mord?“. Lesen Sie jetzt „Armbrust-Angriff auf Ex-Vermieter: Prozess in Kiel startet“.;Versuchter Mord?;News, Versuchter Mord?, Achim Hackethal, Kiel, Kreis Rendsburg-Eckernförde, Staatsanwaltschaft, Mord;2026-08-24T10:31:46+02:00;2026-08-24T10:31:46+02:00;;dpa Hamburg/Schleswig-Holstein;false
6849d688ae7a507167cd96ebf1d1c0ca9202a2c247f822ec5de43fca592e6e05;Fehlerhafte Polizei-Schutzwesten: Vorwürfe gegen Hersteller;https://www.zeit.de/news/2026-08/24/fehlerhafte-polizei-schutzwesten-vorwuerfe-gegen-hersteller;Hier finden Sie Informationen zu dem Thema „Polizei Berlin“. Lesen Sie jetzt „Fehlerhafte Polizei-Schutzwesten: Vorwürfe gegen Hersteller“.;Polizei Berlin;News, Polizei Berlin, Iris Spranger, Berlin, Polizei, SPD, Rheinmetall, Schutzplatte, Polizeiwesten;2026-08-24T10:31:14+02:00;2026-08-24T10:31:14+02:00;;dpa Berlin/Brandenburg;false
118d0f285cd11315cff94b2d5bf81f4d34b262101038709f2df0a12dc939e3a2;Lotto-Spieler aus dem Südwesten räumt Millionengewinn ab;https://www.zeit.de/news/2026-08/24/lotto-spieler-aus-dem-suedwesten-raeumt-millionengewinn-ab;Hier finden Sie Informationen zu dem Thema „Erfolg beim Spiel 77“. Lesen Sie jetzt „Lotto-Spieler aus dem Südwesten räumt Millionengewinn ab“.;Erfolg beim Spiel 77;News, Erfolg beim Spiel 77, Karlsruhe, Baden-Württemberg, Lotto Baden-Württemberg, Südwesten, Millionengewinn, Zusatzlotterie, Erfolg;2026-08-24T10:30:59+02:00;2026-08-24T10:30:59+02:00;;dpa Baden-Württemberg;false
a965d75977d888fac0fe0cc11bae5de819d716b4e3d8bc57474cc5d165c6c159;Vater freut sich: HSV holt Wunschstürmer Moffi;https://www.zeit.de/news/2026-08/24/vater-freut-sich-hsv-holt-wunschstuermer-moffi;Hier finden Sie Informationen zu dem Thema „Fußball-Bundesliga“. Lesen Sie jetzt „Vater freut sich: HSV holt Wunschstürmer Moffi“.;Fußball-Bundesliga;News, Fußball-Bundesliga, Moffi, Nizza, OGC Nizza, FC Porto, Hamburger SV, Fußball-Bundesliga;2026-08-24T10:30:54+02:00;2026-08-24T10:30:54+02:00;;dpa Hamburg/Schleswig-Holstein;false
85f7b27a45fbaa6db8e28273596b983ae8d6ad6631a8fc7e939b6dd405ae38c1;Magdeburgs Sander schimpft über Rasen nach Sieg in Bahlingen;https://www.zeit.de/news/2026-08/24/magdeburgs-sander-schimpft-ueber-rasen-nach-sieg-in-bahlingen;Hier finden Sie Informationen zu dem Thema „DFB-Pokal“. Lesen Sie jetzt „Magdeburgs Sander schimpft über Rasen nach Sieg in Bahlingen“.;DFB-Pokal;News, DFB-Pokal, Petrik Sander, Marco Schneider, Magdeburg, Bahlingen, Deutscher Fußball-Bund, Bahlinger SC, Erstrundenspiel, Oberligist, Kaiserstuhlstadion, Fußball;2026-08-24T10:17:56+02:00;2026-08-24T10:17:56+02:00;;dpa Baden-Württemberg;false
9fa800c2d32b27ea89216fe633711097c53f159d75d92f17076f534f1e54f77a;Prozess: Angeklagte spricht über Beziehung zu Fabians Vater;https://www.zeit.de/news/2026-08/24/fall-fabian-im-mordprozess-hat-die-angeklagte-das-wort;Hier finden Sie Informationen zu dem Thema „22. Verhandlungstag“. Lesen Sie jetzt „Prozess: Angeklagte spricht über Beziehung zu Fabians Vater“.;22. Verhandlungstag;News, 22. Verhandlungstag, Rostock, Staatsanwaltschaft, Mordprozess;2026-08-24T10:12:02+02:00;2026-08-24T10:12:02+02:00;;dpa;false
086bcd9e734527480a7465e518f7005f3093823fa1ce5edc81e3ca5ffc7c7add;Tötung in Verden - Polizei nimmt zweiten Verdächtigen fest;https://www.zeit.de/news/2026-08/24/toetung-in-verden-polizei-nimmt-zweiten-verdaechtigen-fest;Hier finden Sie Informationen zu dem Thema „Tötungsdelikt“. Lesen Sie jetzt „Tötung in Verden - Polizei nimmt zweiten Verdächtigen fest“.;Tötungsdelikt;News, Tötungsdelikt, Polizei, Tötungsdelikt, Tötung;2026-08-24T10:05:01+02:00;2026-08-24T10:05:01+02:00;;dpa Niedersachsen;false
0efa0088bab24d76b5c1e6761b4da4abea8dcfbd96d471ed4b66f76b1a574cf5;Pfarrer gibt nach 37 Jahren auf - wegen Beziehung mit Frau;https://www.zeit.de/news/2026-08/24/pfarrer-gibt-nach-37-jahren-auf-wegen-beziehung-mit-frau;Hier finden Sie Informationen zu dem Thema „Kirche“. Lesen Sie jetzt „Pfarrer gibt nach 37 Jahren auf - wegen Beziehung mit Frau“.;Kirche;News, Kirche, Georg Bätzing, Stephan Schnelle, Taunus, St. Ursula, Oberursel, Steinbach, Liebesbeziehung, Pfarrei, Liebe;2026-08-24T10:02:25+02:00;2026-08-24T10:02:25+02:00;;dpa;false
c6cc4015a2e9ae4197c4453af1787a2e737284099dfad310cfe9f9844b5678ae;Neue, alte Prince-Songs: Archiv-Perlen auf «Timeless»;https://www.zeit.de/news/2026-08/24/neue-alte-prince-songs-archiv-perlen-auf-timeless;Hier finden Sie Informationen zu dem Thema „Unveröffentlichte Tracks“. Lesen Sie jetzt „Neue, alte Prince-Songs: Archiv-Perlen auf «Timeless»“.;Unveröffentlichte Tracks;News, Unveröffentlichte Tracks, Chris James, Paisley, Minnesota, Tournee;2026-08-24T10:00:05+02:00;2026-08-24T10:00:05+02:00;;dpa;false
8da2d2e9f3fed8418ebf6cdfa4bf8390667e59152c8b0876ec1ee5f17e8d9bb4;Sind ihre Lehrer wirklich zu blöd?;https://www.zeit.de/2026/36/hagenow-abitur-robert-stock-gymnasium-lehrermangel;Ein Drittel eines Abiturjahrgangs fällt durch die Prüfung. Lange nimmt kaum jemand davon Notiz – bis die Wutrede einer Schülerin plötzlich die Landespolitik beschäftigt. ;"Z+ (abopflichtiger Inhalt);
        
    Abitur";Politik, Abitur, Bildungspolitik, Bildung, Abitur, TikTok, Landespolitik, Mecklenburg-Vorpommern;2026-08-24T10:00:00+02:00;2026-08-24T10:00:00+02:00;Eliana Berger;Aus der        ZEIT Nr. 36/2026;false
b4dc9dccbd380f72be217f50f238d559cb27410b18539223a2a09a5217112823;»Bei manchen Fehlern bin ich gnadenlos«;https://www.zeit.de/wirtschaft/2026-08/heiner-thorborg-headhunter-fuehrungskraft-personalberatung-chef;Heiner Thorborg ist einer der bekanntesten Headhunter Deutschlands und findet: Viele Konzerne werden von Nieten geleitet. Hier erklärt er, wie er echte Talente entdeckt.;"Z+ (abopflichtiger Inhalt);
        
    Heiner Thorborg";Wirtschaft, Heiner Thorborg, Chef, Arbeitsmarkt, künstliche Intelligenz, Frankfurt am Main, Mercedes-Benz;2026-08-24T09:55:30+02:00;2026-08-24T09:55:30+02:00;Jens Tönnesmann;;false
d1f5a9e1adfa261ae9ce76840c7bcd8e418a843e6b1e49192b737d25863ef721;Hackerangriff: Staatssekretär fordert mehr Abwehrmaßnahmen;https://www.zeit.de/news/2026-08/24/hackerangriff-staatssekretaer-fordert-mehr-abwehrmassnahmen;Hier finden Sie Informationen zu dem Thema „IT-Sicherheit“. Lesen Sie jetzt „Hackerangriff: Staatssekretär fordert mehr Abwehrmaßnahmen“.;IT-Sicherheit;News, IT-Sicherheit, Florian Hauer, Berlin, Hackerangriff, Abwehrmaßnahme, Senatsverwaltung, Ursachenanalyse, Sicherheit, Digitalisierung;2026-08-24T09:52:36+02:00;2026-08-24T09:52:36+02:00;;dpa Berlin/Brandenburg;false
cc391a6a703dec24a12609a4db6c029213a2809efaf5200a72130d9daa935309;Norwegen sorgt sich um kranken König;https://www.zeit.de/news/2026-08/24/norwegen-sorgt-sich-um-kranken-koenig;Hier finden Sie Informationen zu dem Thema „Norwegisches Königshaus“. Lesen Sie jetzt „Norwegen sorgt sich um kranken König“.;Norwegisches Königshaus;News, Norwegisches Königshaus, Harald V., Norwegen, Cortison, Anämie, Gesundheitszustand;2026-08-24T09:44:19+02:00;2026-08-24T09:44:19+02:00;;dpa;false
56ac14fde4517009ed64881cf0762f00e64acad308cff60ba6a317e477ebeb27;Keine Feigheit vorm Ende des Sommers!;https://www.zeit.de/zeit-magazin/wochenmarkt/2025-09/polenta-feigen-rezept-wochenmarkt;Irgendwann muss jeder Sommer enden. Wenigstens gibt es dann die besten Feigen. Als Topping auf einer wärmenden Polenta, machen sie den Abschied nur halb so schwer.;"Z+ (abopflichtiger Inhalt);
        
    Polenta mit süßsauren Feigen";Sommer, Beilage, vegetarische Rezepte;2026-08-24T09:42:52+02:00;2026-08-24T09:42:52+02:00;Ben Lippett;;false
ff5449f28402cb690669e4bb8bbcec8e86a8255e37767bf2789bc59e129a2ef6;VW-Belegschaft wirft Management »desaströse Kommunikation« vor;https://www.zeit.de/wirtschaft/2026-08/vw-betriebsrat-oliver-blume-kommunikation-sparpaket-werke-gxe;Der VW-Chef schätzte die Lage bei Volkswagen jüngst als »mehr als kritisch« ein. Der Betriebsrat kritisiert die Aussage und sieht Verunsicherung bei den Beschäftigten.;Volkwagen;Wirtschaft, Volkwagen, Volkswagen, Autohersteller, Betriebsrat, Kommunikation, Sparpaket;2026-08-24T09:37:55+02:00;2026-08-24T09:37:55+02:00;voi;DIE ZEIT,        Reuters,        dpa,        							voi;false
7202afa27f14d68aefccdccb084b8fd81a089ab119514826ba1a4fdece0b35a0;Russische Soldaten rücken östlich von Slowjansk deutlich vor;https://www.zeit.de/politik/ausland/ukraine-russland-frontverlauf-krieg-karte-aktuell;Die russische Armee nähert sich Slowjansk ganz im Norden der Region Donezk. Sie ist jetzt noch etwa 20 Kilometer entfernt.;Ukrainekarte aktuell;Politik, Ukrainekarte aktuell, Krieg in der Ukraine, Donezk, Charkiw, Streitkräfte, Russland, Militär;2026-08-24T09:30:46+02:00;2026-08-24T09:30:46+02:00;Christina FelschenMaline HofmannElizabeth RushtonJustus WilkeJulius TrögerBenja Zehr;;false
88c9f8e7cef6bff10ace50b23d928316b28a74fc237b61ab815a03a59fcca68e;Neuseelands Regierungspartei plant Social-Media-Mindestalter;https://www.zeit.de/news/2026-08/24/neuseelands-regierungspartei-plant-social-media-mindestalter;Hier finden Sie Informationen zu dem Thema „Internet“. Lesen Sie jetzt „Neuseelands Regierungspartei plant Social-Media-Mindestalter“.;Internet;News, Internet, Christopher Luxon, Erica Stanford, Neuseeland, Die Partei, Sicherheit;2026-08-24T09:29:25+02:00;2026-08-24T09:29:25+02:00;;dpa;false
2ea183b6eee4c2662f8f95b60b3fa61ceba1eaa04864c1092996aca0f6ab176c;36-Jähriger stürzt betrunken ins Gleis – Reisende retten ihn;https://www.zeit.de/news/2026-08/24/36-jaehriger-stuerzt-betrunken-ins-gleis-reisende-retten-ihn;Hier finden Sie Informationen zu dem Thema „Notfälle“. Lesen Sie jetzt „36-Jähriger stürzt betrunken ins Gleis – Reisende retten ihn“.;Notfälle;News, Notfälle, Hamburg-Harburg, Polizei, Gleisbereich, Notfall;2026-08-24T09:24:02+02:00;2026-08-24T09:24:02+02:00;;dpa Hamburg/Schleswig-Holstein;false
e6853b6816d942d2d2c72aba772e51ca2b6ede8de9b3108f58a2f8bbdec7c1b7;Vier Festnahmen nach Tod von 18 Elefanten in Kenia;https://www.zeit.de/news/2026-08/24/vier-festnahmen-nach-tod-von-18-elefanten-in-kenia;Hier finden Sie Informationen zu dem Thema „Vergiftete Elefanten“. Lesen Sie jetzt „Vier Festnahmen nach Tod von 18 Elefanten in Kenia“.;Vergiftete Elefanten;News, Vergiftete Elefanten, Kenia, Elefant, Naturschutzbehörde;2026-08-24T09:23:43+02:00;2026-08-24T09:23:43+02:00;;dpa;false
a7a644400ddc9b0cf0c5bf1c1b34f798f39daf43497a0d7e19fdea47901f1af9;Sommerliche Familienbande;https://www.zeit.de/zeit-magazin/wochenmarkt/2026-08/kalte-gurkensuppe-bulgarien-rezept-wochenmarkt;Joghurt, Gurken, Gewürze: Fast überall im östlichen Mittelmeerraum kommt diese Kombination auf den Tisch. Die bulgarische Variante Tarator ist besonders erfrischend.;Kalte Gurkensuppe aus Bulgarien;vegetarische Rezepte, Sommer, Vorspeisen;2026-08-24T09:15:38+02:00;2026-08-24T09:15:38+02:00;Angelika Schwaff;;false
ea1c52d0ec8c877465b35dda7b0c640c4837aa267f0b559c6060548e5aaf9119;Nach Unfall am Sonntag: Motorradfahrer verstorben;https://www.zeit.de/news/2026-08/24/nach-unfall-am-sonntag-motorradfahrer-verstorben;Hier finden Sie Informationen zu dem Thema „Schwerer Verkehrsunfall“. Lesen Sie jetzt „Nach Unfall am Sonntag: Motorradfahrer verstorben“.;Schwerer Verkehrsunfall;News, Schwerer Verkehrsunfall, Schlüchtern, Main-Kinzig, Polizei, Unfall, Verkehrsunfall;2026-08-24T09:15:16+02:00;2026-08-24T09:15:16+02:00;;dpa Hessen;false
18485a362c1e1d80d1a0891638f6b17a884f7ec863388710df8cbf3b4f01d7b9;Trotz 0:9 gegen Mainz 05: Krieschow feiert Krieschow;https://www.zeit.de/news/2026-08/24/trotz-0-9-gegen-mainz-05-krieschow-feiert-krieschow;Hier finden Sie Informationen zu dem Thema „DFB-Pokal“. Lesen Sie jetzt „Trotz 0:9 gegen Mainz 05: Krieschow feiert Krieschow“.;DFB-Pokal;News, DFB-Pokal, Robert Koch, Phillip Tietz, Urs Fischer, Mainz, 1. FSV Mainz 05, Deutscher Fußball-Bund, 1. FSV Mainz, Dynamo Dresden, 1. FC Nürnberg, Gegentor;2026-08-24T09:12:05+02:00;2026-08-24T09:12:05+02:00;;dpa Berlin/Brandenburg;false
7b9f6d3c1bae32ca31a43ff2f318a2a39d133c2eb0af684fd8371f98a8d08bf0;Beschädigter Luxuswagen – vermutlich durch Wasserbombe;https://www.zeit.de/news/2026-08/24/beschaedigter-luxuswagen-vermutlich-durch-wasserbombe;Hier finden Sie Informationen zu dem Thema „Schäden an Auto“. Lesen Sie jetzt „Beschädigter Luxuswagen – vermutlich durch Wasserbombe“.;Schäden an Auto;News, Schäden an Auto, Polizei, Luxuswagen, Wasserbombe, Auto;2026-08-24T09:06:41+02:00;2026-08-24T09:06:41+02:00;;dpa Hessen;false
1646f8a5dec94006ba4c48d3795b02683e33dbc3fe7616a45c8f1d04a6f3873c;»Das war wohl das Rockstarmäßigste, was ich je gemacht habe«;https://www.zeit.de/feuilleton/literatur/2026-08/dirk-von-lowtzow-musik-gitarrist-tocotronic-indie-detektive;Der Sänger von Tocotronic bringt seine gesammelten Kunstkritiken heraus. Ein guter Anlass, um über Süßstoff, Champagner von der Tanke und Putzen auf Sicht zu sprechen.;Dirk von Lowtzow;Feuilleton, Dirk von Lowtzow, Tocotronic, Musik, Gitarre, Putzen, Hotel;2026-08-24T09:04:31+02:00;2026-08-24T09:04:31+02:00;Juliane Liebert;;false
f08780872c6441b17410d4c6a6f78dad786e811a82760c91679c422e590f50ad;Gas und Bremse verwechselt? Auto kracht in Hauswand;https://www.zeit.de/news/2026-08/24/gas-und-bremse-verwechselt-auto-kracht-in-hauswand;Hier finden Sie Informationen zu dem Thema „Ungewöhnlicher Unfall“. Lesen Sie jetzt „Gas und Bremse verwechselt? Auto kracht in Hauswand“.;Ungewöhnlicher Unfall;News, Ungewöhnlicher Unfall, Bamberg, Polizei, Hauswand, Unfall, Auto;2026-08-24T08:59:05+02:00;2026-08-24T08:59:05+02:00;;dpa Bayern;false
956d698b86c714f50dade30a40c040ee5cff1b3484e13e422018bf0ae791603a;Notlandung missglückt - Kleinflugzeug überschlägt sich;https://www.zeit.de/news/2026-08/24/notlandung-missglueckt-kleinflugzeug-ueberschlaegt-sich;Hier finden Sie Informationen zu dem Thema „Unfall in Waltenhofen“. Lesen Sie jetzt „Notlandung missglückt - Kleinflugzeug überschlägt sich“.;Unfall in Waltenhofen;News, Unfall in Waltenhofen, Waltenhofen, Oberallgäu, Notlandung, Kleinflugzeug, Unfall, Landreis, Motorflugzeug;2026-08-24T08:54:35+02:00;2026-08-24T08:54:35+02:00;;dpa Baden-Württemberg;false
d81d819d2dd104cd4d2522adafe68a87795257c150ee7a0cacd0663333324a0c;Mittelstandsverband warnt Merz vor Scheitern der Koalition;https://www.zeit.de/politik/deutschland/2026-08/christoph-ahlhaus-bvmw-friedrich-merz-schwarz-rote-koalition-gxe;Der Mittelstand übt starke Kritik an Bundeskanzler Friedrich Merz. Nach der Sommerpause könnte der Koalition der Bruch drohen, sagt Verbandschef Christoph Ahlhaus.;Regression;Politik, Regression, Christoph Ahlhaus, Friedrich Merz, CDU, Landtagswahl, Bundesregierung;2026-08-24T08:54:06+02:00;2026-08-24T08:54:06+02:00;edd;DIE ZEIT,        dpa,        AFP,        							edd;false
2719bed0ca4f47b6fe2885bb41649af01647c46dea857fccffc09efdaccc154e;Explosion an Mehrfamilienhaus – vier Verletzte;https://www.zeit.de/news/2026-08/24/explosion-an-mehrfamilienhaus-vier-verletzte;Hier finden Sie Informationen zu dem Thema „Kriminalität“. Lesen Sie jetzt „Explosion an Mehrfamilienhaus – vier Verletzte“.;Kriminalität;News, Kriminalität, Hötensleben, Explosion, Börde;2026-08-24T08:49:47+02:00;2026-08-24T08:49:47+02:00;;dpa Niedersachsen;false
066aa6ba61351298c0921f23cf7c43de23919bf006d85a15148b5bde87b98f0e;EU-Kommission genehmigt weitere Finanzmittel für Ukraine;https://www.zeit.de/politik/ausland/ukraine-krieg-news-liveblog;Für Raketenabwehr und Munition erhält die Ukraine 6,1 Milliarden Euro von der EU. In Kyjiw empfängt Selenskyj zum Nationalfeiertag Besuch aus Europa. Das Liveblog;Liveblog:                     Krieg gegen die Ukraine;Politik, Krieg gegen die Ukraine, Krieg in der Ukraine, Wolodymyr Selenskyj, Russland, Militär, Kyjiw;2026-08-24T07:44:32+00:00;2026-08-24T07:44:32+00:00;Sophia ReddigLuis KumpfmüllerPia  Packmohr;;false
59c772684d81723aadbe8ef94a2e15ddab3b19a7e865d89297d5a6b6654551d3;Sonnige Tage im Norden – Donnerstag Gewitter möglich;https://www.zeit.de/news/2026-08/24/sonnige-tage-im-norden-donnerstag-gewitter-moeglich;Hier finden Sie Informationen zu dem Thema „Wetter“. Lesen Sie jetzt „Sonnige Tage im Norden – Donnerstag Gewitter möglich“.;Wetter;News, Wetter, Niedersachsen, Bremen, DWD, Gewitter, Wetter;2026-08-24T08:32:06+02:00;2026-08-24T08:32:06+02:00;;dpa Niedersachsen;false
ff6cc2a2894316deb19fab172c295416977c9028b326c2e4b04e1490fdbe8321;VW-Belegschaft äußert Kritik an Kommunikation des Vorstands;https://www.zeit.de/news/2026-08/24/vw-belegschaft-aeussert-kritik-an-kommunikation-des-vorstands;Hier finden Sie Informationen zu dem Thema „Autobranche in der Krise“. Lesen Sie jetzt „VW-Belegschaft äußert Kritik an Kommunikation des Vorstands“.;Autobranche in der Krise;News, Autobranche in der Krise, Oliver Blume, Hannover, Neckarsulm, Zwickau, VW, Volkswagen, Deutsche Presse-Agentur, Betriebsrat, Autobranche, Außendarstellung;2026-08-24T08:30:05+02:00;2026-08-24T08:30:05+02:00;;dpa;false
7bfc30fb517cdb639fcda2c770e64417d45921d61fbe014f1c3926afdbf3ffff;Greenpeace: Hitzefolgen kosten Wirtschaft 36 Milliarden Euro;https://www.zeit.de/news/2026-08/24/greenpeace-hitzefolgen-kosten-wirtschaft-36-milliarden-euro;Hier finden Sie Informationen zu dem Thema „Extreme Trockenheit“. Lesen Sie jetzt „Greenpeace: Hitzefolgen kosten Wirtschaft 36 Milliarden Euro“.;Extreme Trockenheit;News, Extreme Trockenheit, Mauricio Vargas, Greenpeace, Hitzefolge, Trockenheit, Hitze, Naturkatastrophe;2026-08-24T08:20:07+02:00;2026-08-24T08:20:07+02:00;;dpa;false
82aad82d2de24ad5764e0eb81313466ce123694a2c80ca4ea540c9a7c804c652;Erdgas aus Norwegen: Uniper und Equinor schließen Vertrag;https://www.zeit.de/news/2026-08/24/erdgas-aus-norwegen-uniper-und-equinor-schliessen-vertrag;Hier finden Sie Informationen zu dem Thema „Energiehandel“. Lesen Sie jetzt „Erdgas aus Norwegen: Uniper und Equinor schließen Vertrag“.;Energiehandel;News, Energiehandel, Norwegen, Europa, Düsseldorf, Equinor, Uniper, Erdgas, Energiehandel, Terawattstunde, Energiekonzern;2026-08-24T08:15:04+02:00;2026-08-24T08:15:04+02:00;;dpa;false
f68013a116c1e3d7b437ac5c3f50033c63a4870a357c5e8c41a56755dadbbcda;16-jährige Motorradfahrerin schwer verletzt;https://www.zeit.de/news/2026-08/24/16-jaehrige-motorradfahrerin-schwer-verletzt;Hier finden Sie Informationen zu dem Thema „Verkehrsunfall“. Lesen Sie jetzt „16-jährige Motorradfahrerin schwer verletzt“.;Verkehrsunfall;News, Verkehrsunfall, Verkehrsunfall, Landkreis;2026-08-24T08:14:18+02:00;2026-08-24T08:14:18+02:00;;dpa Bayern;false
8782cf8058daf286ab8a1291bcca3f25d587b8e974cb40e1e3c7e022c6936e0e;Sonniger Montag – im Laufe der Woche Schauer und Gewitter;https://www.zeit.de/news/2026-08/24/sonniger-montag-im-laufe-der-woche-schauer-und-gewitter;Hier finden Sie Informationen zu dem Thema „Regen und Gewitter“. Lesen Sie jetzt „Sonniger Montag – im Laufe der Woche Schauer und Gewitter“.;Regen und Gewitter;News, Regen und Gewitter, Nordrhein-Westfalen, Gewitter;2026-08-24T08:08:51+02:00;2026-08-24T08:08:51+02:00;;dpa Nordrhein-Westfalen;false
5505f246f42b5ed79450aabf1e9054fca944898aa61c5a8ff410a23090af88c3;Paul von 01099: «Ich gebe Sachsen nicht auf»;https://www.zeit.de/news/2026-08/24/paul-von-01099-ich-gebe-sachsen-nicht-auf;Hier finden Sie Informationen zu dem Thema „Erfolgreich im Osten“. Lesen Sie jetzt „Paul von 01099: «Ich gebe Sachsen nicht auf»“.;Erfolgreich im Osten;News, Erfolgreich im Osten, Sachsen, Ostdeutschland, Postleitzahl, Musikwelt, Soloalbum, Soziale Medien;2026-08-24T08:08:27+02:00;2026-08-24T08:08:27+02:00;;dpa Berlin/Brandenburg;false
03af7c767c4f412f289025dd953dca4891c4c4b99dbd578c17ff368ee6367db1;70-Jähriger stirbt bei Unfall auf B495;https://www.zeit.de/news/2026-08/24/70-jaehriger-stirbt-bei-unfall-auf-b495;Hier finden Sie Informationen zu dem Thema „Unfall“. Lesen Sie jetzt „70-Jähriger stirbt bei Unfall auf B495“.;Unfall;News, Unfall, Landkreis Cuxhaven, Polizei, Unfall;2026-08-24T08:01:08+02:00;2026-08-24T08:01:08+02:00;;dpa Niedersachsen;false
478bccceed269e230823d1f6a8a528ffaca02e325a3efa6df93e829622ff2bf3;Kaum zu glauben, Clafoutis mit Trauben;https://www.zeit.de/zeit-magazin/wochenmarkt/2025-12/clafoutis-trauben-rezept-wochenmarkt;Weintrauben und Kuchenteig? Das ist oft zu viel des Süßen. In diesem französischen Dessertklassiker wird die Süße der Früchte durch Mandeln und Thymian ausbalanciert.;"Z+ (abopflichtiger Inhalt);
        
    Rote-Trauben-Clafoutis";vegetarische Rezepte, Kuchen, Desserts, Französische Küche;2026-08-24T07:52:22+02:00;2026-08-24T07:52:22+02:00;Ravneet Gill;;false
a8fe7bfcc8563184227f2755134eba451a0642e3534b06dc6930b98cc9e1457c;Er nannte ihn einen Märchenerzähler;https://www.zeit.de/bildung/2026-08/fall-arday-nathan-cofnas-cambridge-suspendierung-gent;Der Philosoph Nathan Cofnas hat die Plagiatsvorwürfe gegen den kürzlich tot aufgefundenen Cambridge-Professor Jason Arday ins Rollen gebracht. Was treibt diesen Mann an?;"Z+ (abopflichtiger Inhalt);
        
    Jason Arday";Bildung, Jason Arday, Jason Arday, Cambridge, England, Plagiat, Forschung;2026-08-24T07:49:52+02:00;2026-08-24T07:49:52+02:00;Martin Spiewak;;false
4b77b6bd5c2565978d18f1d61b79e844084447468ee4b1c96dc4948c859562c9;Bilder des Tages;https://www.zeit.de/news/2026-08/24/bilder-des-tages;Hier finden Sie Informationen zu dem Thema „Fotografie“. Lesen Sie jetzt „Bilder des Tages“.;Fotografie;News, Fotografie, News;2026-08-24T07:40:51+02:00;2026-08-24T07:40:51+02:00;;dpa;false
db18014ef0d2dfd3da22a4718ee4bf4c0ef6007020baf5e3c60b96694c9ef14a;Studierende und Vertretungen sollen Lehrerlücke schließen;https://www.zeit.de/news/2026-08/24/studierende-und-vertretungen-sollen-lehrerluecke-schliessen;Hier finden Sie Informationen zu dem Thema „Schulstart“. Lesen Sie jetzt „Studierende und Vertretungen sollen Lehrerlücke schließen“.;Schulstart;News, Schulstart, Katharina Günther-Wünsch, Berlin, Lehrerlücke, Schulstart;2026-08-24T07:33:14+02:00;2026-08-24T07:33:14+02:00;;dpa Berlin/Brandenburg;false
fcb611dd9e1bca659c238f3f7c88b2d02a00830100f7a261865e6b877a746c77;Mercedes war ihre Familie. Jetzt ist sie raus und bereut nichts;https://www.zeit.de/2026/36/autoindustrie-stellenabbau-vw-mercedes-abfindungen;Die Autoindustrie erlebt eine Entlassungswelle. In Firmen gibt es oft nur ein Thema: Wer muss gehen? Und wie viel Geld gibt es? Was die sagen, die die Abfindung nahmen.;"Z+ (abopflichtiger Inhalt);
        
    Stellenabbau in der Autoindustrie";Wirtschaft, Stellenabbau in der Autoindustrie, Mercedes-Benz, Autoindustrie, Verband der Automobilindustrie, Volkswagen, BMW, Abfindung;2026-08-24T07:29:39+02:00;2026-08-24T07:29:39+02:00;Anja Stehle;Aus der        ZEIT Nr. 36/2026;false
c1b059c3dddb45f3e5b484d39b50e7f84aa7ca97eac30677515d446d206cde37;Niemand lehnt die AfD so stark ab wie die Wähler über 70;https://www.zeit.de/politik/deutschland/2026-08/wahlverhalten-aelterer-menschen-afd-senioren-landtagswahlen;Überall ist vom Erstarken der autoritären Rechten die Rede. Doch in einer Bevölkerungsgruppe kommt die AfD nicht gut an: bei alten Menschen. Woran liegt das?;"Z+ (abopflichtiger Inhalt);
        
    Wahlverhalten älterer Menschen";Politik, Wahlverhalten älterer Menschen, Landtagswahl, Sachsen-Anhalt, Alternative für Deutschland, Senioren, Bevölkerungsgruppe;2026-08-24T07:29:24+02:00;2026-08-24T07:29:24+02:00;Clara Libovsky;;false
b9fbbcea523ab00a94346c76050622f57f28a7698f5d5f50b6a95f74574d04ec;Mehrheit der Deutschen besorgt wegen Sprengstoff-Drohne;https://www.zeit.de/news/2026-08/24/mehrheit-der-deutschen-besorgt-wegen-sprengstoff-drohne;Hier finden Sie Informationen zu dem Thema „Umfrage“. Lesen Sie jetzt „Mehrheit der Deutschen besorgt wegen Sprengstoff-Drohne“.;Umfrage;News, Umfrage, Leipzig, Russland, Flughafen Leipzig/Halle, YouGov, Deutsche Presse-Agentur, Alternative für Deutschland, Umfrage, Sicherheitsbehörde, Drohne;2026-08-24T07:27:43+02:00;2026-08-24T07:27:43+02:00;;dpa;false
b78913eb0f1c6e6aed6739079e5e806fe776975972dd27115ab7d2172949ee29;AOK-Chefin spricht sich für telefonische Krankschreibung aus;https://www.zeit.de/gesundheit/2026-08/telefonische-krankschreibung-infektionsschutz-carola-reimann-aok-gxe;AOK-Chefin Carola Reimann hat den Vorstoß zur Abschaffung der telefonischen Krankschreibung kritisiert. Missbrauch könne man nicht feststellen, die Vorteile überwiegten.;Debatte um AU;Gesundheit, Debatte um AU, Carola Reimann, AOK, Infektion, Reform, Arzt;2026-08-24T07:26:49+02:00;2026-08-24T07:26:49+02:00;edd;DIE ZEIT,        dpa,        AFP,        							edd;false
6116b1d36688622e699ee2d359612ebb66cf1e28d711587541dc2b50b4288e88;Sommer legt nach: Bis zu 28 Grad in Hamburg erwartet;https://www.zeit.de/news/2026-08/24/sommer-legt-nach-bis-zu-28-grad-in-hamburg-erwartet;Hier finden Sie Informationen zu dem Thema „Wetter“. Lesen Sie jetzt „Sommer legt nach: Bis zu 28 Grad in Hamburg erwartet“.;Wetter;News, Wetter, Hamburg, Schleswig-Holstein, Helgoland, DWD, Sommer, Wetter;2026-08-24T07:22:30+02:00;2026-08-24T07:22:30+02:00;;dpa Hamburg/Schleswig-Holstein;false
265356090f1a9fede03e111a779523c47a6813743c5b42bce5a86c6b8388d357;Im Tarifkonflikt der Saarbahn rollt wieder Ersatzverkehr;https://www.zeit.de/news/2026-08/24/im-tarifkonflikt-der-saarbahn-rollt-wieder-ersatzverkehr;Hier finden Sie Informationen zu dem Thema „Bahnverkehr“. Lesen Sie jetzt „Im Tarifkonflikt der Saarbahn rollt wieder Ersatzverkehr“.;Bahnverkehr;News, Bahnverkehr, GDL, Saarbahn, Ersatzverkehr, Bahnverkehr, Ersatzkonzept, Tarifkonflikt, Warnstreik;2026-08-24T07:21:06+02:00;2026-08-24T07:21:06+02:00;;dpa Rheinland-Pfalz/Saarland;false
3b03805692a451186136be03749fd9212fecb6dfc21ea7ab01df995af4b00265;Verletzter nach Streit zwischen Brüdern in Wuppertal;https://www.zeit.de/news/2026-08/24/verletzter-nach-streit-zwischen-bruedern-in-wuppertal;Hier finden Sie Informationen zu dem Thema „Streit“. Lesen Sie jetzt „Verletzter nach Streit zwischen Brüdern in Wuppertal“.;Streit;News, Streit, Wuppertal, Polizei;2026-08-24T07:17:11+02:00;2026-08-24T07:17:11+02:00;;dpa Nordrhein-Westfalen;false
2d816f0ddfdb2ea7980a6f5b42442c570e112223f4e9d14e0b143329a03ae12d;Motorradfahrer bei Sturz in Kurve schwer verletzt;https://www.zeit.de/news/2026-08/24/motorradfahrer-bei-sturz-in-kurve-schwer-verletzt;Hier finden Sie Informationen zu dem Thema „Verkehrsunfall“. Lesen Sie jetzt „Motorradfahrer bei Sturz in Kurve schwer verletzt“.;Verkehrsunfall;News, Verkehrsunfall, Unfall, Verkehrsunfall;2026-08-24T07:09:54+02:00;2026-08-24T07:09:54+02:00;;dpa Bayern;false
66a6c615edeee8e6fb8e0977bc3a28d46bca0079355544057391dc8d324d8365;Sonne am Montag – viel Regen und Gewitter die nächsten Tage;https://www.zeit.de/news/2026-08/24/sonne-am-montag-viel-regen-und-gewitter-die-naechsten-tage;Hier finden Sie Informationen zu dem Thema „Teils starke Gewitter“. Lesen Sie jetzt „Sonne am Montag – viel Regen und Gewitter die nächsten Tage“.;Teils starke Gewitter;News, Teils starke Gewitter, Saarland, Pfalz, Rheinland-Pfalz, Gewitter, Starkregen;2026-08-24T07:01:24+02:00;2026-08-24T07:01:24+02:00;;dpa Rheinland-Pfalz/Saarland;false
b19e62f3360c06a57b80a86cc68d87496c699cec9b53156ded393a0c01878fe4;Brosius-Gersdorf nach der Krise: Nicht einschüchtern lassen;https://www.zeit.de/news/2026-08/24/brosius-gersdorf-nach-der-krise-nicht-einschuechtern-lassen;Hier finden Sie Informationen zu dem Thema „Gescheiterte Richterwahl“. Lesen Sie jetzt „Brosius-Gersdorf nach der Krise: Nicht einschüchtern lassen“.;Gescheiterte Richterwahl;News, Gescheiterte Richterwahl, Frauke Brosius-Gersdorf, Oliver W. Lembcke, Armin Laschet, Bundesverfassungsgericht, Bundesregierung, Alternative für Deutschland, Deutsche Presse-Agentur, CDU, SPD, Unionsfraktion;2026-08-24T07:00:05+02:00;2026-08-24T07:00:05+02:00;;dpa Berlin/Brandenburg;false
198f631b797d722411d2a5ed0258615efd109d9392bee8ae389f692e8a842328;China verschiebt Start von Mondsonde Chang'e 7;https://www.zeit.de/wissenschaft/2026-08/china-mondsonde-change-7-start-verschiebung-gxe;Die unbemannte Chang'e-7-Mission sollte in dieser Woche zum Mond aufbrechen. Nun hat China den Abflug verschoben: In der Region kreiste zuletzt ein Tropensturm.;Raumfahrt;Wissenschaft, Raumfahrt, China, Raumfahrt, Weltraum, Forschung, Studie;2026-08-24T06:55:57+02:00;2026-08-24T06:55:57+02:00;lk;DIE ZEIT,        dpa,        Reuters,        							lk;false
5d946c238e4158e8a149aab7673d53fa872f81b5bdcf04c8327bb81c1ac928c1;Zwei Unfälle binnen Stunden - Großeinsatz für Rettungsdienst;https://www.zeit.de/news/2026-08/24/zwei-unfaelle-binnen-stunden-grosseinsatz-fuer-rettungsdienst;Hier finden Sie Informationen zu dem Thema „Unfälle auf der A7“. Lesen Sie jetzt „Zwei Unfälle binnen Stunden - Großeinsatz für Rettungsdienst“.;Unfälle auf der A7;News, Unfälle auf der A7, Bockenem, Hildesheim, Polizei, Unfall, Großeinsatz, Auto;2026-08-24T06:52:25+02:00;2026-08-24T06:52:25+02:00;;dpa Niedersachsen;false
65beae4abddd990d698534ed2e700725ae8746c1e52ac82752414642c4140b67;Irans Präsident räumt wirtschaftliche Schwierigkeiten des Landes ein;https://www.zeit.de/politik/ausland/2026-08/us-sanktionen-iran-donald-trump-nathaniel-bessent-strasse-von-hormus-gxe;Massud Peseschkian spricht von »erheblichen Ungleichgewichten« im Iran. Parlamentspräsident Ghalibaf warnt die USA vor Konsequenzen ihres angekündigten Wirtschaftskriegs.;US-Sanktionen gegen Iran;Politik, US-Sanktionen gegen Iran, Iran, USA, Washington, Teheran, Straße von Hormus, Sanktion;2026-08-24T06:50:25+02:00;2026-08-24T06:50:25+02:00;eca;DIE ZEIT,        dpa,        							eca;false
00c6025e448586acde7de1613b6d67653202326e818fbd865292ee9075f32b1b;USA: Endphase des Iran-Kriegs beginnt - Teheran droht;https://www.zeit.de/news/2026-08/24/iran-warnt-usa-vor-wirtschaftskrieg-und-droht-golfstaaten;Hier finden Sie Informationen zu dem Thema „Die Lage im Überblick“. Lesen Sie jetzt „USA: Endphase des Iran-Kriegs beginnt - Teheran droht“.;Die Lage im Überblick;News, Die Lage im Überblick, Mohammed Bagher, Scott Bessent, Mohsen Resai, Iran, USA, Washington, Teheran, Straße von Hormus, Persischer Golf, X;2026-08-24T06:45:48+02:00;2026-08-24T06:45:48+02:00;;dpa;false
a0bdb8684500f23f54b1522d1798721c1435450e3a0c3a7499f03c3943cc7859;Montag sonnig – sonst immer wieder Schauer und Gewitter;https://www.zeit.de/news/2026-08/24/montag-sonnig-sonst-immer-wieder-schauer-und-gewitter;Hier finden Sie Informationen zu dem Thema „Regen und Gewitter“. Lesen Sie jetzt „Montag sonnig – sonst immer wieder Schauer und Gewitter“.;Regen und Gewitter;News, Regen und Gewitter, Hessen, Gewitter;2026-08-24T06:40:08+02:00;2026-08-24T06:40:08+02:00;;dpa Hessen;false
e8b34dff6c91875800b119c80ceef5b5ca7673a28daf6857c3bc6654f543b87c;Weinanbau in Berlin: Warum Trockenheit ein Vorteil ist;https://www.zeit.de/news/2026-08/24/weinanbau-in-berlin-warum-trockenheit-ein-vorteil-ist;Hier finden Sie Informationen zu dem Thema „Winzer in der Großstadt“. Lesen Sie jetzt „Weinanbau in Berlin: Warum Trockenheit ein Vorteil ist“.;Winzer in der Großstadt;News, Winzer in der Großstadt, Kevin Köstner, Günter Röder, Berlin, Wedding, Weingarten, Kreuzberg, Neukölln, Pankow, Weinanbau, Trockenheit;2026-08-24T06:40:06+02:00;2026-08-24T06:40:06+02:00;;dpa Berlin/Brandenburg;false
944b7fca5ad5c079f355328765fc93f437c91fd45edc1f48da09b0488baabf5a;Auto zwischen Bäumen verkeilt – Person in Lebensgefahr;https://www.zeit.de/news/2026-08/24/auto-zwischen-baeumen-verkeilt-person-in-lebensgefahr;Hier finden Sie Informationen zu dem Thema „Unfall in Spandau“. Lesen Sie jetzt „Auto zwischen Bäumen verkeilt – Person in Lebensgefahr“.;Unfall in Spandau;News, Unfall in Spandau, Spandau, Unfall, Lebensgefahr, Verkehrsunfall, Auto;2026-08-24T06:35:29+02:00;2026-08-24T06:35:29+02:00;;dpa Berlin/Brandenburg;false
995bd291cd7b5df1b032c1d48aed3077489a7e044ab83352b61742eec7919c25;Fritz zu Kritik: «Musste ein bisschen schlucken»;https://www.zeit.de/news/2026-08/24/fritz-zu-kritik-musste-ein-bisschen-schlucken;Hier finden Sie Informationen zu dem Thema „Vor dem Saisonstart“. Lesen Sie jetzt „Fritz zu Kritik: «Musste ein bisschen schlucken»“.;Vor dem Saisonstart;News, Vor dem Saisonstart, Clemens Fritz, Victor Boniface, Niclas Füllkrug, Weser, Deutsche Presse-Agentur, Kritik, Grenze, Familie, Transfermarkt;2026-08-24T06:35:05+02:00;2026-08-24T06:35:05+02:00;;dpa Niedersachsen;false
985053550c1b02f0a1beb44ca49e94d1fdac146ac00f386e3f2d79e013f61756;Sachsen zeigt auf Messe Gamescom «spielerische Kompetenz»;https://www.zeit.de/news/2026-08/24/sachsen-zeigt-auf-messe-gamescom-spielerische-kompetenz;Hier finden Sie Informationen zu dem Thema „Messen“. Lesen Sie jetzt „Sachsen zeigt auf Messe Gamescom «spielerische Kompetenz»“.;Messen;News, Messen, Sachsen, Köln, Gamescom, Entwicklerteam, Kompetenz, Computer, Videospiel;2026-08-24T06:32:11+02:00;2026-08-24T06:32:11+02:00;;dpa Sachsen;false
4bc3d737300f4f6c0fb34e353f55209c0f87ce24e9cc37de1594b55b51518c37;Manta-Wrack aus der Donau zieht Besucher in Neu-Ulm an;https://www.zeit.de/news/2026-08/24/manta-wrack-aus-der-donau-zieht-besucher-in-neu-ulm-an;Hier finden Sie Informationen zu dem Thema „Angler entdeckt Auto“. Lesen Sie jetzt „Manta-Wrack aus der Donau zieht Besucher in Neu-Ulm an“.;Angler entdeckt Auto;News, Angler entdeckt Auto, Peter Wirsching, Donau, Neu-Ulm, Opel, Auto, Reifen, Gold, Fahrzeug;2026-08-24T06:19:16+02:00;2026-08-24T06:19:16+02:00;;dpa Baden-Württemberg;false
f74440ce13388e5eb6b6326cf5f0d73e141f4f8dd804e1f70b876fe3983f8a88;Sonne satt und 28 Grad zum Wochenstart;https://www.zeit.de/news/2026-08/24/sonne-satt-und-28-grad-zum-wochenstart;Hier finden Sie Informationen zu dem Thema „Wetterbericht“. Lesen Sie jetzt „Sonne satt und 28 Grad zum Wochenstart“.;Wetterbericht;News, Wetterbericht, Bergland, Oberrhein, DWD, Wetterbericht, Südwesten, Rheingraben, Wetter;2026-08-24T06:08:27+02:00;2026-08-24T06:08:27+02:00;;dpa Baden-Württemberg;false
88fe9b5566efb8073104b0083dee0e24911996a77d69863fef86bb2420cc54c4;Sonne, Wolken und am Dienstag Regen – auf der Zugspitze kühl;https://www.zeit.de/news/2026-08/24/sonne-wolken-und-am-dienstag-regen-auf-der-zugspitze-kuehl;Hier finden Sie Informationen zu dem Thema „Wetter in Bayern“. Lesen Sie jetzt „Sonne, Wolken und am Dienstag Regen – auf der Zugspitze kühl“.;Wetter in Bayern;News, Wetter in Bayern, Zugspitze, Bayern, Franken, Südbayern, Nordbayern, DWD, Südwesten, Wetter;2026-08-24T06:00:51+02:00;2026-08-24T06:00:51+02:00;;dpa Bayern;false
86b868384a96f8566dcc455b4ea375d3813477aff33711f33a1e6a259bf4047d;Hamburgs graues Regenwetter – wirkt heute attraktiver denn je;https://www.zeit.de/hamburg/2026-08/elbvertiefung-24-08-2026;Die Elbvertiefung am Montag – mit der Frage, wie die Insellage Wilhelmsburg prägt, dem drohenden Aus des Naturkundemuseums im Elbtower und wunderbar strengen Lehrern;Elbvertiefung: Der tägliche Newsletter aus Hamburg;Hamburg, Elbvertiefung: Der tägliche Newsletter aus Hamburg, Hamburg, Wilhelmsburg, Coulanges-lès-Nevers, Frankreich, Elbe, ZEIT, BUND, Polizei, CDU, Elbvertiefung;2026-08-24T06:00:06+02:00;2026-08-24T06:00:06+02:00;Maria Rossbauer;;false
1c54d8a96524026132d1a46bded48e8fd25fcd239d060e4b6a29a0a82393b697;Brosius-Gersdorf: Frau als Bundespräsidentin starkes Zeichen;https://www.zeit.de/news/2026-08/24/brosius-gersdorf-frau-als-bundespraesidentin-starkes-zeichen;Hier finden Sie Informationen zu dem Thema „Bundespräsidentenamt“. Lesen Sie jetzt „Brosius-Gersdorf: Frau als Bundespräsidentin starkes Zeichen“.;Bundespräsidentenamt;News, Bundespräsidentenamt, Frauke Brosius-Gersdorf, Bundesverfassungsgericht, Deutsche Presse-Agentur, SPD, Bundespräsidentenamt, Koalition;2026-08-24T06:00:06+02:00;2026-08-24T06:00:06+02:00;;dpa Berlin/Brandenburg;false
e1b51454076cbf34ad8f802dfc4d455bb13a418f654f247cfd5f9d4b1277815e;Shein will mit Börsengang Milliardenbetrag einsammeln;https://www.zeit.de/news/2026-08/24/shein-will-mit-boersengang-milliardenbetrag-einsammeln;Hier finden Sie Informationen zu dem Thema „Onlineshopping“. Lesen Sie jetzt „Shein will mit Börsengang Milliardenbetrag einsammeln“.;Onlineshopping;News, Onlineshopping, China, Singapur, Milliardenbetrag, Börsengang, Onlineshopping, Onlineplattform;2026-08-24T05:44:09+02:00;2026-08-24T05:44:09+02:00;;dpa;false
d785bbdb2c6840ba2158a397906f8770c6efc668f6f6c828d31c37a17b6aa54b;Sommerliche Aussichten für Berlin und Brandenburg;https://www.zeit.de/news/2026-08/24/sommerliche-aussichten-fuer-berlin-und-brandenburg;Hier finden Sie Informationen zu dem Thema „Wetter“. Lesen Sie jetzt „Sommerliche Aussichten für Berlin und Brandenburg“.;Wetter;News, Wetter, Berlin, Brandenburg, Wetter;2026-08-24T05:41:06+02:00;2026-08-24T05:41:06+02:00;;dpa Berlin/Brandenburg;false
1fe1b47d8b1dc473acc22563249f5e0b04841bbdcee0650884ba3a1711ffc88d;Schuster sieht Frankfurt als «Möglichkeit» für Atubolu;https://www.zeit.de/news/2026-08/24/schuster-sieht-frankfurt-als-moeglichkeit-fuer-atubolu;Hier finden Sie Informationen zu dem Thema „DFB-Pokal“. Lesen Sie jetzt „Schuster sieht Frankfurt als «Möglichkeit» für Atubolu“.;DFB-Pokal;News, DFB-Pokal, Noah Atubolu, Julian Schuster, Frankfurt, Freiburg, Deutscher Fußball-Bund, Eintracht Frankfurt, Erfolg;2026-08-24T05:40:04+02:00;2026-08-24T05:40:04+02:00;;dpa Baden-Württemberg;false
65713d8353228a0322b369c2ab043adfd02dcf3dbe5b6a80777fad0eee9bff46;Paderborns Trainer kritisiert Auftritt: «defensiv nicht gut»;https://www.zeit.de/news/2026-08/24/paderborns-trainer-kritisiert-auftritt-defensiv-nicht-gut;Hier finden Sie Informationen zu dem Thema „DFB-Pokal“. Lesen Sie jetzt „Paderborns Trainer kritisiert Auftritt: «defensiv nicht gut»“.;DFB-Pokal;News, DFB-Pokal, Ralf Kettemann, Paderborn, Ostwestfalen, Deutscher Fußball-Bund, Bundesliga;2026-08-24T05:34:04+02:00;2026-08-24T05:34:04+02:00;;dpa Nordrhein-Westfalen;false
7d5a19865813e0c327ee114c564b1ec1e36b3abe672a305708d3a11c5cb4251e;Mehr als 40.000 Menschen fliehen vor Feuern in Nevada;https://www.zeit.de/wissenschaft/umwelt/2026-08/waldbrand-feuer-reno-nevada-evakuierung-gxe;Hunderte Einsatzkräfte kämpfen gegen Waldbrände nahe der Stadt Reno. 42.000 Menschen mussten ihre Häuser verlassen, weitere sollen sich auf eine Evakuierung vorbereiten.;Waldbrände;Wissenschaft, Waldbrände , Brand, Waldbrand, Nevada, Feuerwehr, Evakuierung, USA;2026-08-24T05:33:04+02:00;2026-08-24T05:33:04+02:00;jtr;DIE ZEIT,        AFP,        dpa,        							jtr;false
1c8cfe6621d8a1f83b1e619be891519ae8fe138b5ab916c8a6f9a75d1c9dd3eb;Juristin Brosius-Gersdorf fordert besseren Schutz vor Hass im Netz;https://www.zeit.de/digital/internet/2026-08/frauke-brosius-gersdorf-klarnamenpflicht-internet-auskunftsanspruch-soziale-medien;Wer in sozialen Netzwerken beleidigt oder verleumdet wird, soll sich leichter wehren können. Frauke Brosius-Gersdorf hält dafür einen Auskunftsanspruch für sinnvoll.;Social Media;Digital, Social Media, Frauke Brosius-Gersdorf, Soziale Medien, Mobbing, Internet, Gerichtsverfahren, Bundesverfassungsgericht;2026-08-24T05:33:04+02:00;2026-08-24T05:33:04+02:00;jtr;DIE ZEIT,        KNA,        							jtr;false
15d820374daa25940003137e40d5a12123febc0f4f0983a0d325caca8c9c4384;Der talentierte Mr. Zischler;https://www.zeit.de/2026/36/hanns-zischler-schauspiel-thomas-mann-film-vaterland;Er schreibt, fotografiert, übersetzt. Nun spielt der Schauspieler Hanns Zischler auch noch Thomas Mann. Ein Hausbesuch im Berliner Westend;Hanns Zischler;Feuilleton, Hanns Zischler, Thomas Mann, Klaus Mann, Berlin, Cannes, Kino, Belletristik;2026-08-24T05:32:13+02:00;2026-08-24T05:32:13+02:00;Alexander Cammann;Aus der        ZEIT Nr. 36/2026;false
3f86fbf1551a6e366091a2897928622261f7bc3c746b8916613ccdd71b03633f;CDU für Sanktionen bei Antisemitismus an Hochschulen;https://www.zeit.de/news/2026-08/24/cdu-fuer-sanktionen-bei-antisemitismus-an-hochschulen;Hier finden Sie Informationen zu dem Thema „Gesetz gefordert“. Lesen Sie jetzt „CDU für Sanktionen bei Antisemitismus an Hochschulen“.;Gesetz gefordert;News, Gesetz gefordert, Hamburg, CDU, Deutsche Presse-Agentur, Sanktion, Antisemitismus, Hochschulordnungsrecht, Sanktionsmöglichkeit, Hamburgische Bürgerschaft;2026-08-24T05:30:08+02:00;2026-08-24T05:30:08+02:00;;dpa Hamburg/Schleswig-Holstein;false
b3b22357b5d6c329161de3abb442b6062143088d40b03b8d8cc531991a82007b;14,1 Millionen Euro aus Straftaten eingezogen;https://www.zeit.de/news/2026-08/24/14-1-millionen-euro-aus-straftaten-eingezogen;Hier finden Sie Informationen zu dem Thema „Vermögensabschöpfung“. Lesen Sie jetzt „14,1 Millionen Euro aus Straftaten eingezogen“.;Vermögensabschöpfung;News, Vermögensabschöpfung, Jacqueline Bernhardt, Justizminister, Mecklenburg-Vorpommern, Justizministerium, Straftat, Vermögensabschöpfung, Staatsanwaltschaft;2026-08-24T05:30:08+02:00;2026-08-24T05:30:08+02:00;;dpa Mecklenburg-Vorpommern;false
9a01e44cf3fbe424ebf4a74655d8dc1f3edc3ff2a3f6893295851c6e592c3ca8;Mette-Marit und Haakon: Seit 25 Jahren durch Dick und Dünn;https://www.zeit.de/news/2026-08/24/mette-marit-und-haakon-seit-25-jahren-durch-dick-und-duenn;Hier finden Sie Informationen zu dem Thema „Norwegisches Königshaus“. Lesen Sie jetzt „Mette-Marit und Haakon: Seit 25 Jahren durch Dick und Dünn“.;Norwegisches Königshaus;News, Norwegisches Königshaus, Jeffrey Epstein, Mette-Marit Tjessem Høiby, Marius Borg Høiby, Haakon von Norwegen, Prinz Sverre Magnus, Norwegen, Paris, Dick und Dünn, Sommer, Liebe;2026-08-24T05:30:06+02:00;2026-08-24T05:30:06+02:00;;dpa;false
a9d9620b29897fb6c23624570e8bcbd387e1a3be23c42796810a95b4a9f92943;Hitze? Welche Hitze?;https://www.zeit.de/politik/ausland/2026-08/wetter-veraenderung-bundesregierung-hitzewelle-klimapolitik-5vor8;Feuer, Dürren, Tausende Tote: Die Menschen spüren, dass in diesem Sommer etwas Bedrohliches passiert ist. Die Bundesregierung wirkt dagegen seltsam entrückt.;"Z+ (abopflichtiger Inhalt);
        
    Wetterveränderungen";Politik, Wetterveränderungen, Friedrich Merz, Bundesregierung, Klimapolitik, Dürre, Hitze, Waldbrand;2026-08-24T05:25:01+02:00;2026-08-24T05:25:01+02:00;Samiha Shafy;;false
826e5cc203bb3821d3a3e4beaeecb946229e840ddb1b64f554d5116a1a29b0cd;So optimieren Sie – Stand heute – das Altersvorsorgedepot;https://www.zeit.de/geld/2026-08/altersvorsorgedepot-etf-sparplan-rente-geldverbesserer;Ab 2027 fördert der Staat Ihren ETF-Sparplan. Aber schon heute wollen Anbieter an Ihr Geld. Wir erklären, wie das Depot funktioniert – und was Sie jetzt tun müssen.;"Z+ (abopflichtiger Inhalt);
        
    Altersvorsorgedepot";Geld, Altersvorsorgedepot, Altersvorsorge, Rente, ETF, Einkommensteuer;2026-08-24T05:23:05+02:00;2026-08-24T05:23:05+02:00;Laura StädtlerThomas Kehl;;false
f8e5c88520a14154e0445d0dc14a1f50e1e9b685a2503ece5c1ce98b71de427f;Irans Präsident spricht über wirtschaftliche Schwierigkeiten;https://www.zeit.de/politik/ausland/2026-05/iran-krieg-donald-trump-hormus-live;Massud Peseschkian räumt »Ungleichgewicht« im Iran ein. Parlamentspräsident Ghalibaf warnt die USA vor einem Bumerangeffekt durch neue Wirtschaftssanktionen. Das Liveblog;Liveblog:                     Irankrieg;Politik, Irankrieg, USA, Donald Trump, Iran, Israel, Atomabkommen, Nahost, Militär;2026-08-24T08:37:16+00:00;2026-08-24T08:37:16+00:00;Jana TrietschMaxim Nägele;;false
87637ead56cb79d8a1880a7ed91b4a513e4c0ea62ca51a9d3c3f72c1381daf67;Was Kinder nach den Ferien in der Ganztagsschule erwartet;https://www.zeit.de/news/2026-08/24/was-kinder-nach-den-ferien-in-der-ganztagsschule-erwartet;Hier finden Sie Informationen zu dem Thema „Anspruch und Wirklichkeit“. Lesen Sie jetzt „Was Kinder nach den Ferien in der Ganztagsschule erwartet“.;Anspruch und Wirklichkeit;News, Anspruch und Wirklichkeit, NRW, Nordrhein-Westfalen, Düsseldorf, CDU, Ganztagsschule, Rechtsanspruch, Realitätscheck, Ganztagsversprechen, Sommerferien, Erstklässler;2026-08-24T05:15:06+02:00;2026-08-24T05:15:06+02:00;;dpa Nordrhein-Westfalen;false
78f2d9694b0478ed0e4e2b0eacbfc6ab8c00e4c17aabecd8cb74b1997e78a9ac;«Ein richtig guter Junge»: Bolin macht Gladbach Spaß;https://www.zeit.de/news/2026-08/24/ein-richtig-guter-junge-bolin-macht-gladbach-spass;Hier finden Sie Informationen zu dem Thema „DFB-Pokal 1. Runde“. Lesen Sie jetzt „«Ein richtig guter Junge»: Bolin macht Gladbach Spaß“.;DFB-Pokal 1. Runde;News, DFB-Pokal 1. Runde, Hugo Bolin, Rouven Schröder, Eugen Polanski, Mainz, Gladbach, Deutscher Fußball-Bund, Winter;2026-08-24T05:05:04+02:00;2026-08-24T05:05:04+02:00;;dpa Nordrhein-Westfalen;false
a3d5e4f71f82953452f2ab52ecb898bad4aafa4e993f2f53aaef0987da0a37fa;Klimawandel im Norden - Wie Städte auf Stadtgrün setzen;https://www.zeit.de/news/2026-08/24/klimawandel-im-norden-wie-staedte-auf-stadtgruen-setzen;Hier finden Sie Informationen zu dem Thema „Klimaschutz“. Lesen Sie jetzt „Klimawandel im Norden - Wie Städte auf Stadtgrün setzen“.;Klimaschutz;News, Klimaschutz, Frank Schoppa, Schleswig-Holstein, Kiel, Lübeck, Klimawandel, Stadtgrün, Trockenheit, Starkregen, Hitze, Extremwetter;2026-08-24T05:00:41+02:00;2026-08-24T05:00:41+02:00;;dpa Hamburg/Schleswig-Holstein;false
a8f413444c3e9dca8f1afdee05692f79d2edfb0b0c005d82f4bb52354913cc2c;Thüringens Sparziel 2026 - noch ist viel offen;https://www.zeit.de/news/2026-08/24/thueringens-sparziel-2026-noch-ist-viel-offen;Hier finden Sie Informationen zu dem Thema „Finanzen“. Lesen Sie jetzt „Thüringens Sparziel 2026 - noch ist viel offen“.;Finanzen;News, Finanzen, Thüringen, Bildungsministerium, Innenministerium, Sparziel, Finanzen, Doppelhaushalt, Landtag, Minderausgabe, Geld;2026-08-24T05:00:39+02:00;2026-08-24T05:00:39+02:00;;dpa Thüringen;false
d7cd8ff71a10c21ce27e04fc61afc56fed18cf58f98ff9f060bdf2ac8b5d1be7;Welche Spuren der Hitzesommer im Südwest-Forst hinterlässt;https://www.zeit.de/news/2026-08/24/welche-spuren-der-hitzesommer-im-suedwest-forst-hinterlaesst;Hier finden Sie Informationen zu dem Thema „Bäume leiden“. Lesen Sie jetzt „Welche Spuren der Hitzesommer im Südwest-Forst hinterlässt“.;Bäume leiden;News, Bäume leiden, Alexander Abt, Andrea Hölscher, Sho Kawano, Tübingen, Forst, Baden-Württemberg, BMELV, Hitzesommer, Trockenheit, Hitze;2026-08-24T05:00:24+02:00;2026-08-24T05:00:24+02:00;;dpa Baden-Württemberg;false
ef2ec071cb18516c242e7a3099e8b4b9204e426daa056180f1441714cd9506a1;IG Metall Mitte macht sich für harte Tarifrunde bereit;https://www.zeit.de/news/2026-08/24/ig-metall-mitte-macht-sich-fuer-harte-tarifrunde-bereit;Hier finden Sie Informationen zu dem Thema „Industrie in der Krise“. Lesen Sie jetzt „IG Metall Mitte macht sich für harte Tarifrunde bereit“.;Industrie in der Krise;News, Industrie in der Krise, Jörg Köhlinger, IG Metall, Tarifrunde, Elektroindustrie, Metall, Krise, Herbst, Autoindustrie;2026-08-24T05:00:22+02:00;2026-08-24T05:00:22+02:00;;dpa Hessen;false
4a455b0cfadb8c29d0e3249d4b02d4d34aab987ea38e9f5bbd96b2ca1c9bb796;Recht auf Ganztagsschule: Kommunen prüfen Verfassungsklage;https://www.zeit.de/news/2026-08/24/recht-auf-ganztagsschule-kommunen-pruefen-verfassungsklage;Hier finden Sie Informationen zu dem Thema „Rechtsstreit“. Lesen Sie jetzt „Recht auf Ganztagsschule: Kommunen prüfen Verfassungsklage“.;Rechtsstreit;News, Rechtsstreit, Nordrhein-Westfalen, Düsseldorf, Deutsche Presse-Agentur, Verwaltungsgericht, Verfassungsklage, Ganztagsschule, Kommune, Rechtsstreit, Rechtsanspruch, Ganztagsbetreuung;2026-08-24T05:00:20+02:00;2026-08-24T05:00:20+02:00;;dpa Nordrhein-Westfalen;false
9a5c6a042c494825e7cf2668b37c290f8c3f4357947ae986f2893ee121756a69;Siemens-Healthineers-Chef: «Brauchen keine KI-Strategie»;https://www.zeit.de/news/2026-08/24/siemens-healthineers-chef-brauchen-keine-ki-strategie;Hier finden Sie Informationen zu dem Thema „KI in der Medizintechnik“. Lesen Sie jetzt „Siemens-Healthineers-Chef: «Brauchen keine KI-Strategie»“.;KI in der Medizintechnik;News, KI in der Medizintechnik, Bernd Montag, Siemens AG, Siemens Healthineers, Deutsche Presse-Agentur, Selbstzweck, Medizintechnik, künstliche Intelligenz;2026-08-24T05:00:14+02:00;2026-08-24T05:00:14+02:00;;dpa;false
170a58554c5c02df017006d8cdadcf1d3f8e9b12b58c19263944b33b6638e867;Diese Familie ist seit 122 Generation im Harz verwurzelt;https://www.zeit.de/news/2026-08/24/diese-familie-ist-seit-122-generation-im-harz-verwurzelt;Hier finden Sie Informationen zu dem Thema „Längster Stammbaum“. Lesen Sie jetzt „Diese Familie ist seit 122 Generation im Harz verwurzelt“.;Längster Stammbaum;News, Längster Stammbaum, Manfred Huchthausen, Volker Huchthausen, Niedersachsen, Lichtensteinhöhle, Stammbaum, Stammbaumgeschichte, Familie;2026-08-24T05:00:13+02:00;2026-08-24T05:00:13+02:00;;dpa Niedersachsen;false
3699b69e44cbed835ff95b126fd62dec8be1a8a0d4388a99f19d413537b7cb75;Verbraucherschützer monieren Tricks bei Trinkgeld per Karte;https://www.zeit.de/news/2026-08/24/verbraucherschuetzer-monieren-tricks-bei-trinkgeld-per-karte;Hier finden Sie Informationen zu dem Thema „Gastronomie“. Lesen Sie jetzt „Verbraucherschützer monieren Tricks bei Trinkgeld per Karte“.;Gastronomie;News, Gastronomie, Ramona Pop, Jürgen Benad, Verbraucherzentrale, Deutsche Presse-Agentur, Trinkgeld, Verbraucherschützer, Familienessen, Gastronomie, Restaurant, Bargeld;2026-08-24T05:00:05+02:00;2026-08-24T05:00:05+02:00;;dpa;false
52398118dd583ca0dda441bcbab18cae8f08774ca1f22f37bb8d57c795594443;Darum ist die Suche nach Steuerberatern mancherorts knifflig;https://www.zeit.de/news/2026-08/24/darum-ist-die-suche-nach-steuerberatern-mancherorts-knifflig;Hier finden Sie Informationen zu dem Thema „Stadt-Land-Gefälle“. Lesen Sie jetzt „Darum ist die Suche nach Steuerberatern mancherorts knifflig“.;Stadt-Land-Gefälle;News, Stadt-Land-Gefälle, Arne Hundertmark, Niedersachsen, Steuerberatung, Steuerberaterkammer;2026-08-24T04:30:07+02:00;2026-08-24T04:30:07+02:00;;dpa Niedersachsen;false
cadeabee1331a2aae17ad207f51a19d3293e4c9f0a4e8978fb061aafc0d280ee;Krise und große Sorgen - Was ist bei VW los?;https://www.zeit.de/news/2026-08/24/krise-und-grosse-sorgen-was-ist-bei-vw-los;Hier finden Sie Informationen zu dem Thema „Auto-Industrie“. Lesen Sie jetzt „Krise und große Sorgen - Was ist bei VW los?“.;Auto-Industrie;News, Auto-Industrie, Oliver Blume, Thomas Schäfer, Olaf Lie, Hannover, Zwickau, Neckarsulm, Europa, Niedersachsen, Persischer Golf, VW;2026-08-24T04:30:06+02:00;2026-08-24T04:30:06+02:00;;dpa;false
45a15c94e101288329579f82258a02fc8636480fb16654b09025bba36515588f;China verschiebt Start der Mondsonde «Chang'e 7»;https://www.zeit.de/news/2026-08/24/china-verschiebt-start-der-mondsonde-chang-e-7;Hier finden Sie Informationen zu dem Thema „Raumfahrt“. Lesen Sie jetzt „China verschiebt Start der Mondsonde «Chang'e 7»“.;Raumfahrt;News, Raumfahrt, China, Hainan, Xinhua, Mondsonde, Abflug;2026-08-24T04:09:27+02:00;2026-08-24T04:09:27+02:00;;dpa;false
1947eb13dad09eb4c403f26827c906a6f09906a4a97c58209c7776de5fdfaa76;Auto kracht gegen Baum - Fahrerin schwer verletzt;https://www.zeit.de/news/2026-08/24/auto-kracht-gegen-baum-fahrerin-schwer-verletzt;Hier finden Sie Informationen zu dem Thema „Landkreis Gütersloh“. Lesen Sie jetzt „Auto kracht gegen Baum - Fahrerin schwer verletzt“.;Landkreis Gütersloh;News, Landkreis Gütersloh, Gütersloh, Landkreis, Unfall, Auto;2026-08-24T04:06:37+02:00;2026-08-24T04:06:37+02:00;;dpa Nordrhein-Westfalen;false
ed318e0ef8cb20bef59188d527d92a2ba938479ee17de80932a7de66de9ac03a;Neue Bäume trotzen Trockenheit - Waldumbau zeigt Wirkung;https://www.zeit.de/news/2026-08/24/neue-baeume-trotzen-trockenheit-waldumbau-zeigt-wirkung;Hier finden Sie Informationen zu dem Thema „Folgen des Sommers“. Lesen Sie jetzt „Neue Bäume trotzen Trockenheit - Waldumbau zeigt Wirkung“.;Folgen des Sommers;News, Folgen des Sommers, Baden-Württemberg, Waldumbau, Trockenheit, Hitzestress, Sommer, Wald, Hitze;2026-08-24T04:00:25+02:00;2026-08-24T04:00:25+02:00;;dpa Baden-Württemberg;false
c098253299dca7523a0f2995faa047c107b2753df15bcd6cf37466252a046b86;Minister motiviert Schüler: «Nicht aufgeben, dranbleiben!»;https://www.zeit.de/news/2026-08/24/minister-motiviert-schueler-nicht-aufgeben-dranbleiben;Hier finden Sie Informationen zu dem Thema „Erster Schultag“. Lesen Sie jetzt „Minister motiviert Schüler: «Nicht aufgeben, dranbleiben!»“.;Erster Schultag;News, Erster Schultag, Gordon Hoffmann, Brandenburg, CDU, Deutsche Presse-Agentur, Schultag;2026-08-24T04:00:22+02:00;2026-08-24T04:00:22+02:00;;dpa Berlin/Brandenburg;false
25d9a4d8bd360f44603ba224969a9ee0b0aab037f92029d9a3286f94162601e1;Heißer Sommer: Massenandrang und braune Wiesen in Freibädern;https://www.zeit.de/news/2026-08/24/heisser-sommer-massenandrang-und-braune-wiesen-in-freibaedern;Hier finden Sie Informationen zu dem Thema „Freizeit“. Lesen Sie jetzt „Heißer Sommer: Massenandrang und braune Wiesen in Freibädern“.;Freizeit;News, Freizeit, Wiesbaden, Darmstadt, Hessen, Hanau, Massenandrang, Freibad, Einlassstopp, Sommer;2026-08-24T04:00:21+02:00;2026-08-24T04:00:21+02:00;;dpa Hessen;false
f3f1a4f111b97e0de139cf8428b8703c5e4cc28457b3208ada9a3bd9855ea578;Hopfenernte rund um Tettnang fällt wegen Hitze geringer aus;https://www.zeit.de/news/2026-08/24/hopfenernte-rund-um-tettnang-faellt-wegen-hitze-geringer-aus;Hier finden Sie Informationen zu dem Thema „Trockenheit“. Lesen Sie jetzt „Hopfenernte rund um Tettnang fällt wegen Hitze geringer aus“.;Trockenheit;News, Trockenheit, Teresa Locher, Tettnang, Bodensee, Bodenseekreis, Hopfenernte, Trockenheit, Hopfenanbaugebiet, Hitze;2026-08-24T04:00:15+02:00;2026-08-24T04:00:15+02:00;;dpa Baden-Württemberg;false
f7d624aaaaac0c3749d5b531effee1f88b1087dce42b4b4fd86b9248449dd3b3;Viele Rauchmelder müssen ausgetauscht werden;https://www.zeit.de/news/2026-08/24/viele-rauchmelder-muessen-ausgetauscht-werden;Hier finden Sie Informationen zu dem Thema „Sie können Leben retten“. Lesen Sie jetzt „Viele Rauchmelder müssen ausgetauscht werden“.;Sie können Leben retten;News, Sie können Leben retten, Walter Eilert, NRW, Nordrhein-Westfalen, Haus & Grund, Rauchmelder, Rauchmelderpflicht, Lebensdauer, Austauschwelle;2026-08-24T04:00:14+02:00;2026-08-24T04:00:14+02:00;;dpa Nordrhein-Westfalen;false
630c567fc052e8193f3adeb2fe247a6c3142f69ead5f8508f20a00b416e07744;Pazifikregion heizt auf – sehr starker El Niño erwartet;https://www.zeit.de/news/2026-08/24/pazifikregion-heizt-auf-sehr-starker-el-ni-o-erwartet;Hier finden Sie Informationen zu dem Thema „Klima“. Lesen Sie jetzt „Pazifikregion heizt auf – sehr starker El Niño erwartet“.;Klima;News, Klima, El Niño, Europa, Pazifik, DWD, Pazifikregion, Messbeginn, Expertenschätzung;2026-08-24T04:00:14+02:00;2026-08-24T04:00:14+02:00;;dpa;false
81ca1b7403025e0bdc415c29a80443f66126859fb5970bca7b606b7faab4a6e7;Trockenheit: Beim Tierfutter geht es schon an die Reserven;https://www.zeit.de/news/2026-08/24/trockenheit-beim-tierfutter-geht-es-schon-an-die-reserven;Hier finden Sie Informationen zu dem Thema „Wiesen vertrocknet“. Lesen Sie jetzt „Trockenheit: Beim Tierfutter geht es schon an die Reserven“.;Wiesen vertrocknet;News, Wiesen vertrocknet, Bitburg-Prüm, Rheinland-Pfalz, Rheinland, Trockenheit, Tierfutter, Grünland, Tiere, Wetter;2026-08-24T04:00:12+02:00;2026-08-24T04:00:12+02:00;;dpa Rheinland-Pfalz/Saarland;false
9fa5d8303518ce9d3207a5e029f07d2f4e3c04b2292a1e5da0b7522a7121456c;Frauen und Kinder bleiben länger in Schutzhäusern;https://www.zeit.de/news/2026-08/24/frauen-und-kinder-bleiben-laenger-in-schutzhaeusern;Hier finden Sie Informationen zu dem Thema „Soziales“. Lesen Sie jetzt „Frauen und Kinder bleiben länger in Schutzhäusern“.;Soziales;News, Soziales, Sarah Schulze, Sachsen-Anhalt, Schutzhaus, Frauenschutzhaus;2026-08-24T04:00:09+02:00;2026-08-24T04:00:09+02:00;;dpa Sachsen;false
6066ab4b444bed20e62f53e964564633c7779067e0cb919b99d8f3edc7b8fc99;Studie: 7,2 Millionen Jobs hängen an Export in die EU;https://www.zeit.de/news/2026-08/24/studie-7-2-millionen-jobs-haengen-an-export-in-die-eu;Hier finden Sie Informationen zu dem Thema „Außenhandel“. Lesen Sie jetzt „Studie: 7,2 Millionen Jobs hängen an Export in die EU“.;Außenhandel;News, Außenhandel, Bertram Brossardt, Europäische Union, Prognos, Vereinigung der Bayerischen Wirtschaft, Außenhandel, Maschinenbau;2026-08-24T04:00:08+02:00;2026-08-24T04:00:08+02:00;;dpa;false
1be3d1b02bed192f38f83215cf7cd1dd2c6f83935b0029da2dc6bc5fcbe79e77;Hitze begünstigt Borkenkäfer - trotzdem droht keine Plage;https://www.zeit.de/news/2026-08/24/hitze-beguenstigt-borkenkaefer-trotzdem-droht-keine-plage;Hier finden Sie Informationen zu dem Thema „Borkenkäfer“. Lesen Sie jetzt „Hitze begünstigt Borkenkäfer - trotzdem droht keine Plage“.;Borkenkäfer;News, Borkenkäfer, Borkenkäfer, Sachsenforst, Hitzewelle, Populationszunahme, Hitze, Sommer;2026-08-24T04:00:06+02:00;2026-08-24T04:00:06+02:00;;dpa Sachsen;false
15c1f4eb7489f430b0c4d896c657585e7d46893bc294cb68f28f3424b9087436;Bürgerbegehren will grüneres Frankfurt erreichen;https://www.zeit.de/news/2026-08/24/buergerbegehren-will-grueneres-frankfurt-erreichen;Hier finden Sie Informationen zu dem Thema „Vorbereitungen laufen“. Lesen Sie jetzt „Bürgerbegehren will grüneres Frankfurt erreichen“.;Vorbereitungen laufen;News, Vorbereitungen laufen, Frankfurt, Bürgerbegehren, Entsiegelung, Begrünung, Klimakrise;2026-08-24T04:00:05+02:00;2026-08-24T04:00:05+02:00;;dpa Hessen;false
cc69ab84bf694214a76bc575722fcc1810de66a828dc4ad3a85ad38ff6d36ecb;Landkreistag stellt sich gegen Hitzeschutz im Grundgesetz;https://www.zeit.de/politik/deutschland/2026-08/klimaanpassung-grundgesetz-gemeinschaftsaufgabe-hitzeschutz-deutscher-landkreistag;Vor den Beratungen der Regierung hält der Landkreistag eine Grundgesetzänderung für den falschen Weg. Nötig seien klare Regeln und eine verlässliche Finanzierung.;Gemeinschaftsaufgabe Klimaanpassung;Politik, Gemeinschaftsaufgabe Klimaanpassung, Grundgesetz, Hitze, Klimawandel, Klimaschutz, Hitzewelle;2026-08-24T03:40:08+02:00;2026-08-24T03:40:08+02:00;jtr;DIE ZEIT,        AFP,        							jtr;false
0f37f25ac3bf1088a1328b2c84707a8a081bb1e8597f3faa16ed9a7bc721d03e;Hitzesommer verursacht laut Greenpeace 36 Milliarden Euro Schäden;https://www.zeit.de/wissenschaft/umwelt/2026-08/hitzesommer-deutschland-greenpeace-schaeden-klimakrise;Die Umweltorganisation Greenpeace sieht hohe Einbußen in der Arbeitswelt durch den heißen Sommer. Auch Niedrigwasser, Ernteausfälle und Brände kosten Milliarden Euro.;Klimakrise;Wissenschaft, Klimakrise, Greenpeace, Klimakrise, Bundesregierung, Hitzewelle, Waldbrand, Hitze;2026-08-24T03:32:59+02:00;2026-08-24T03:32:59+02:00;jj;DIE ZEIT,        epd,        							jj;false
add57e1751be362cb2ace541fc2882575f6c15e3a8ac7681044cc1fed74a2742;Banküberfall mit zehn Euro Beute - Prozess beginnt;https://www.zeit.de/news/2026-08/24/bankueberfall-mit-zehn-euro-beute-prozess-beginnt;Hier finden Sie Informationen zu dem Thema „Kurios?“. Lesen Sie jetzt „Banküberfall mit zehn Euro Beute - Prozess beginnt“.;Kurios?;News, Kurios?, Hannover, Banküberfall, Überfall, Geld;2026-08-24T03:30:15+02:00;2026-08-24T03:30:15+02:00;;dpa Niedersachsen;false
440643b3d1082fa399d372a8d477c419197c9c60493118168e0f237a874ce9b6;Erster Schultag nach den Sommerferien;https://www.zeit.de/news/2026-08/24/erster-schultag-nach-den-sommerferien;Hier finden Sie Informationen zu dem Thema „Schulen“. Lesen Sie jetzt „Erster Schultag nach den Sommerferien“.;Schulen;News, Schulen, Mecklenburg-Vorpommern, Schultag, Sommerferien;2026-08-24T03:30:14+02:00;2026-08-24T03:30:14+02:00;;dpa Mecklenburg-Vorpommern;false
c085de07f6fb0c2ae3caa7284c4fb0c98847cd09fd3437a5d349d8aaa53104b9;Große Koalition in Rheinland-Pfalz zieht erste Bilanz;https://www.zeit.de/news/2026-08/24/grosse-koalition-in-rheinland-pfalz-zieht-erste-bilanz;Hier finden Sie Informationen zu dem Thema „100 Tage“. Lesen Sie jetzt „Große Koalition in Rheinland-Pfalz zieht erste Bilanz“.;100 Tage;News, 100 Tage, Gordon Schnieder, Mainz, Rheinland-Pfalz, CDU, SPD, Große Koalition;2026-08-24T03:30:09+02:00;2026-08-24T03:30:09+02:00;;dpa Rheinland-Pfalz/Saarland;false
453767ed859b1d0fbe34b77a2c8fdd444e78c5334fdcf016b20aea65e5aac8ea;Tödliche Raubüberfälle auf Rentner: Weiterer Prozess beginnt;https://www.zeit.de/news/2026-08/24/toedliche-raubueberfaelle-auf-rentner-weiterer-prozess-beginnt;Hier finden Sie Informationen zu dem Thema „Brutale Raubserie“. Lesen Sie jetzt „Tödliche Raubüberfälle auf Rentner: Weiterer Prozess beginnt“.;Brutale Raubserie;News, Brutale Raubserie, Berlin, Sachsen-Anhalt, Raubüberfall, Raubserie, Raubmord;2026-08-24T03:30:09+02:00;2026-08-24T03:30:09+02:00;;dpa Berlin/Brandenburg;false
3e6663882e11e2f762a18c77107a6bb50350bbde2fa96cabae1f4c77903ad01b;Würzburger Kickers empfangen im DFB-Pokal 1. FC Köln;https://www.zeit.de/news/2026-08/24/wuerzburger-kickers-empfangen-im-dfb-pokal-1-fc-koeln;Hier finden Sie Informationen zu dem Thema „Mit Jungstürmer Said El Mala“. Lesen Sie jetzt „Würzburger Kickers empfangen im DFB-Pokal 1. FC Köln“.;Mit Jungstürmer Said El Mala;News, Mit Jungstürmer Said El Mala, Said El, Würzburger Kickers, Deutscher Fußball-Bund, 1. FC Köln;2026-08-24T03:30:08+02:00;2026-08-24T03:30:08+02:00;;dpa Bayern;false
7b0c68a299edcdc5c0bbe13d46873e0f52a21bec919be3211feb09cf26989183;Lagebild Clankriminalität - wie sehen die Fallzahlen aus?;https://www.zeit.de/news/2026-08/24/lagebild-clankriminalitaet-wie-sehen-die-fallzahlen-aus;Hier finden Sie Informationen zu dem Thema „Innere Sicherheit“. Lesen Sie jetzt „Lagebild Clankriminalität - wie sehen die Fallzahlen aus?“.;Innere Sicherheit;News, Innere Sicherheit, Daniela Behrens, Niedersachsen, Polizei, Clankriminalität, Lagebild, Fallzahl, Straftat, Sicherheit;2026-08-24T03:30:07+02:00;2026-08-24T03:30:07+02:00;;dpa Niedersachsen;false
6ccbda05fdace964993244d9dbbe75d1a7d36381d1eb512df6a7832968208dab;VW-Krise: Landesregierung trifft Betriebsrat;https://www.zeit.de/news/2026-08/24/vw-krise-landesregierung-trifft-betriebsrat;Hier finden Sie Informationen zu dem Thema „Auto“. Lesen Sie jetzt „VW-Krise: Landesregierung trifft Betriebsrat“.;Auto;News, Auto, Olaf Lie, Niedersachsen, Hannover, VW, Betriebsrat, SPD, Landesregierung, Krise, Auto;2026-08-24T03:30:04+02:00;2026-08-24T03:30:04+02:00;;dpa Niedersachsen;false
084eb5ae7e5d7aace0d1e2e73bc941ff8eeffe07eb975e5210099593a9324bd2;Motorradfahrer gerät in Gegenverkehr und verunglückt tödlich;https://www.zeit.de/news/2026-08/24/motorradfahrer-geraet-in-gegenverkehr-und-verunglueckt-toedlich;Hier finden Sie Informationen zu dem Thema „Unfall im Landkreis Eichstätt“. Lesen Sie jetzt „Motorradfahrer gerät in Gegenverkehr und verunglückt tödlich“.;Unfall im Landkreis Eichstätt;News, Unfall im Landkreis Eichstätt, Landkreis Eichstätt, Gegenverkehr, Unfall;2026-08-24T02:31:45+02:00;2026-08-24T02:31:45+02:00;;dpa Bayern;false
e2be3c19fa653246eda21a861a100eb04d3de49de5cfecdcc60d1a848aa7ddc7;Brände im US-Bundesstaat Nevada: Zehntausende müssen fliehen;https://www.zeit.de/news/2026-08/24/braende-im-us-bundesstaat-nevada-zehntausende-muessen-fliehen;Hier finden Sie Informationen zu dem Thema „Katastrophen“. Lesen Sie jetzt „Brände im US-Bundesstaat Nevada: Zehntausende müssen fliehen“.;Katastrophen;News, Katastrophen, Nevada, Reno, Facebook, Feuerwehr, Katastrophe, Einsatzkraft, Brand, Evakuierung;2026-08-24T02:22:27+02:00;2026-08-24T02:22:27+02:00;;dpa;false
6fb0a3bcc6946474b5b7f3d8ae70e43ab60e730c7f49473483dd12702c87d70e;Premier Burnham macht erste Auslandsreise: Besuch in Kiew;https://www.zeit.de/news/2026-08/24/premier-burnham-macht-erste-auslandsreise-besuch-in-kiew;Hier finden Sie Informationen zu dem Thema „Russlands Angriffskrieg“. Lesen Sie jetzt „Premier Burnham macht erste Auslandsreise: Besuch in Kiew“.;Russlands Angriffskrieg;News, Russlands Angriffskrieg, Andy Burnham, Russland, Großbritannien, Frankreich, Kyjiw, Auslandsreise, Premierminister, Krieg in der Ukraine, Sicherheit;2026-08-24T02:16:27+02:00;2026-08-24T02:16:27+02:00;;dpa;false
bc5dd5616970682d0c2aa0c0288313f20d249e2a77bad5773564a828cdb60467;Motorradfahrer verletzt sich bei Sturz lebensgefährlich;https://www.zeit.de/news/2026-08/24/motorradfahrer-verletzt-sich-bei-sturz-lebensgefaehrlich;Hier finden Sie Informationen zu dem Thema „Unfall im Landkreis Fulda“. Lesen Sie jetzt „Motorradfahrer verletzt sich bei Sturz lebensgefährlich“.;Unfall im Landkreis Fulda;News, Unfall im Landkreis Fulda, Landkreis Fulda, Unfall;2026-08-24T01:40:13+02:00;2026-08-24T01:40:13+02:00;;dpa Hessen;false
16b699fd520d035e8d91d8e77fb0096ea156ef6d88559999de0690341d7e0107;Syrien und Israel sprechen über Deeskalation;https://www.zeit.de/politik/ausland/2026-08/israel-syrien-treffen-asaad-al-schaibani-roman-gofman-amman;In einem ersten direkten Treffen wollen Syriens Außenminister und hochrangige Israelis Spannungen abbauen. Die Gespräche in Jordanien wurden von den USA vermittelt.;Israel und Syrien;Politik, Israel und Syrien, Syrien, Israel, USA, Amman, Jordanien, Türkei, Damaskus;2026-08-24T01:32:08+02:00;2026-08-24T01:32:08+02:00;jj;DIE ZEIT,        dpa,        Reuters,        							jj;false
2ed439d3c011740cfec1e7d20b2bdf3bb24f0717e54e933c96686e1f8398afba;Regierungspartei siegt bei Parlamentswahl in Kasachstan;https://www.zeit.de/politik/ausland/2026-08/parlamentswahl-kasachstan-adilet-qassym-schomart-tokajew-verfassungsreform;Hochrechnungen zufolge kommt die Präsidentenpartei Adilet bei der Wahl auf 70 bis 72 Prozent der Stimmen. Fünf weitere Parteien ziehen ins erste Einkammerparlament ein.;Kasachstan;Politik, Kasachstan, Kasachstan, Parlamentswahl, Russland, China, Europäische Union;2026-08-24T00:28:51+02:00;2026-08-24T00:28:51+02:00;jtr;DIE ZEIT,        AFP,        Reuters,        							jtr;false
6d4b68fe49cdbcd3183b4be8952f584947ce6ef8bcd69967c2c02aa742cfb9a2;Raphaël Glucksmann will in Frankreich für Präsidentschaft kandidieren;https://www.zeit.de/politik/ausland/2026-08/raphael-glucksmann-praesidentschaft-frankreich-place-publique-ps;Der EU-Politiker wolle Frankreich nicht den »extremen Rechten« überlassen. Die Linke könne die Wahl gewinnen, »wenn sie an ihren Prinzipien festhält«, sagte Glucksmann.;Präsidentschaftswahl in Frankreich;Politik, Präsidentschaftswahl in Frankreich, Frankreich, Präsidentschaft, Europäisches Parlament, Europäische Union, Rassemblement National, Marine Le Pen;2026-08-24T00:20:27+02:00;2026-08-24T00:20:27+02:00;jj;DIE ZEIT,        AFP,        Reuters,        							jj;false
648a2636747332481fa44d4563801876ebaa3160f8ce88c544eb21e0d6fb3209;Rot-Weiss Essen wirft St. Pauli raus, Freiburg besiegt Düsseldorf;https://www.zeit.de/sport/2026-08/dfb-pokal-1-fc-heidenheim-ssv-jeddeloh-ii-frank-schmidt;Die Drittligisten aus Essen schlagen die Hamburger aus der Zweiten Bundesliga. Freiburg und Paderborn sind eine Runde weiter. Die Spielberichte;DFB-Pokal, 1. Runde;Sport, DFB-Pokal, 1. Runde, Deutscher Fußball-Bund, 1. FC Heidenheim, SpVgg Greuther Fürth, VfL Bochum, Hamburger SV, Fußball;2026-08-24T00:15:13+02:00;2026-08-24T00:15:13+02:00;twiyf;DIE ZEIT,        SID,        							tw					,        							iyf;false
3d0c2b40866651c62dfd35ae266ee76179fb6a8fe25de9c474cb37fe0503c6cd;Klimaforscher: Europa wird häufiger Wetterextreme erleben;https://www.zeit.de/news/2026-08/24/klimaforscher-europa-wird-haeufiger-wetterextreme-erleben;Hier finden Sie Informationen zu dem Thema „Menschengemachter Klimawandel“. Lesen Sie jetzt „Klimaforscher: Europa wird häufiger Wetterextreme erleben“.;Menschengemachter Klimawandel;News, Menschengemachter Klimawandel, Stefan Rahmstorf, Europa, Potsdam-Institut für Klimafolgenforschung, Rheinische Post, Klimawandel, Erwärmung, Extremwetter, Sommer;2026-08-24T00:05:06+02:00;2026-08-24T00:05:06+02:00;;dpa;false
75d3657ffe0dbee693310f8793254b0195e372a784a456420138bea99e3ffe85;Barbesitzer von Crans-Montana wegen häuslicher Gewalt festgenommen;https://www.zeit.de/gesellschaft/zeitgeschehen/2026-08/crans-montana-bar-brand-besitzer-festnahme-gewalt-ehefrau;Berichten zufolge sitzt einer der Barbesitzer des Crans-Montana-Brandes wegen häuslicher Gewalt in Untersuchungshaft. Demnach wurde er bereits vor Tagen festgenommen.;Crans-Montana;Gesellschaft, Crans-Montana, Crans-Montana, Häusliche Gewalt, Untersuchungshaft, Schweiz, Brand;2026-08-23T23:58:57+02:00;2026-08-23T23:58:57+02:00;man;DIE ZEIT,        AFP,        							man;false
9e97a6af26f0c607a43e7dacfa837fb57e9913c6d7ce848b1080b39081d0cbd8;Was geschah am 24. August?;https://www.zeit.de/news/2026-08/23/was-geschah-am-24-august;Hier finden Sie Informationen zu dem Thema „Kalenderblatt“. Lesen Sie jetzt „Was geschah am 24. August?“.;Kalenderblatt;News, Kalenderblatt, Rieti, Amatrice, Kalenderblatt, Namenstag, Trümmer, Erdbeben;2026-08-23T23:55:04+02:00;2026-08-23T23:55:04+02:00;;dpa;false
6e0b1f2b4a924996ac3ca7ad1f5b5cf56fe3fd33726cc42a7a21c1de7adbb116;Wie Betroffene in Solingen bis heute mit dem Trauma leben;https://www.zeit.de/news/2026-08/23/die-tat-hat-die-menschen-veraendert-erinnern-in-solingen;Hier finden Sie Informationen zu dem Thema „Folgen von Terrorismus“. Lesen Sie jetzt „Wie Betroffene in Solingen bis heute mit dem Trauma leben“.;Folgen von Terrorismus;News, Folgen von Terrorismus, Ilka Werner, Simon Rampp, Sebastian Wagner, Mareike Wilke, Berlin, Solingen, Feuerwehr, Christopher Street Day, Gedenkstein, Terrorismus;2026-08-23T23:23:57+02:00;2026-08-23T23:23:57+02:00;;dpa Nordrhein-Westfalen;false
d22b71b3e20840e41b8689634a465701820748e2e11f07a50f231bd5245f9c57;Mindestens 30 Tote nach Erdrutsch an Mülldeponie in Guinea;https://www.zeit.de/gesellschaft/zeitgeschehen/2026-08/erdrutsch-guinea-muellkippe-conakry;Ein Müllberg hat nach starkem Regen eine Siedlung am Rand von Guineas Hauptstadt verschüttet. Mindestens 30 Menschen starben, 22 weitere wurden verletzt.;Westafrika;Gesellschaft, Westafrika, Guinea, Erdrutsch, Opfer, Rettungseinsatz;2026-08-23T23:23:28+02:00;2026-08-23T23:23:28+02:00;man;DIE ZEIT,        dpa,        AFP,        Reuters,        							man;false
f320014de02a8094fe107070232218d7d1aaa0bee53c659ecdccea14d190e75b;Frühere Schwimm-Weltmeisterin Beck beendet Karriere;https://www.zeit.de/news/2026-08/23/fruehere-schwimm-weltmeisterin-beck-beendet-karriere;Hier finden Sie Informationen zu dem Thema „Dreimal WM-Gold gewonnen“. Lesen Sie jetzt „Frühere Schwimm-Weltmeisterin Beck beendet Karriere“.;Dreimal WM-Gold gewonnen;News, Dreimal WM-Gold gewonnen, Leonie Beck, Budapest, Fukuoka, BR, Schwimm-WM, Olympische Spiele, Freiwasser, Leistungssport, Gold;2026-08-23T23:03:24+02:00;2026-08-23T23:03:24+02:00;;dpa Bayern;false
e15bc7aaa5d6938e2ce3af8a40102cde22289904b0ed00c59a65cb32115434bd;Wüst: Solingen setzt Terroranschlag Solidarität entgegen;https://www.zeit.de/news/2026-08/23/wuest-zusammenhalt-in-solingen-staerker-als-der-hass;Hier finden Sie Informationen zu dem Thema „Stadt gedenkt der Opfer“. Lesen Sie jetzt „Wüst: Solingen setzt Terroranschlag Solidarität entgegen“.;Stadt gedenkt der Opfer;News, Stadt gedenkt der Opfer, Daniel Flemm, Hendrik Wüst, Solingen, CDU, X, Stadtfest, Terroranschlag;2026-08-23T22:52:20+02:00;2026-08-23T22:52:20+02:00;;dpa Nordrhein-Westfalen;false
9a99acb2b24f4ad927f9e2999dae9787df6fddb0227032fa2cf6acf420616d2c;Die Grünen fordern Merz zu Kurswechsel in der Klimapolitik auf;https://www.zeit.de/politik/deutschland/2026-08/klima-notfallplan-gruene-friedrich-merz-cdu-klimapolitik-waldbrand-huertgenwald;Die Grünenfraktionschefin Dröge verlangt eine Kehrtwende in der Klimapolitik der Bundesregierung. Sie fordert Gesetzesänderungen und mehr Schutz für die Bevölkerung.;Klimaschutz;Politik, Klimaschutz, Klimapolitik, Friedrich Merz, Bündnis 90/Die Grünen, CDU, Bundesregierung, Waldbrand;2026-08-23T22:08:49+02:00;2026-08-23T22:08:49+02:00;man;DIE ZEIT,        dpa,        KNA,        							man;false
a423e1ba1e5a95119dc905061963321d16d01db8cb2999c19fa31d679a3abb90;30 Tote nach Erdrutsch an Müllkippe in Guinea;https://www.zeit.de/news/2026-08/23/30-tote-nach-erdrutsch-an-muellkippe-in-guinea;Hier finden Sie Informationen zu dem Thema „Erdrutsch“. Lesen Sie jetzt „30 Tote nach Erdrutsch an Müllkippe in Guinea“.;Erdrutsch;News, Erdrutsch, Guinea, Conakry, Erdrutsch, Müllkippe;2026-08-23T21:45:26+02:00;2026-08-23T21:45:26+02:00;;dpa;false
c9e560ca2fa764c2c42358a4e6972158d2f3bda94423c32e4e20ccf8c494aefe;Lächelt sie etwa?;https://www.zeit.de/politik/deutschland/2026-08/afd-sommerinterviews-ard-tino-chrupalla-alice-weidel;Alice Weidel ist plötzlich ganz herzlich, Tino Chrupalla gibt den Beruhigungskünstler: In ihren Sommerinterviews läuten die AfD-Vorsitzenden eine neue Phase ein.;"Z+ (abopflichtiger Inhalt);
        
    AfD-Sommerinterviews";Politik, AfD-Sommerinterviews, Alternative für Deutschland, Alice Weidel, Tino Chrupalla, ARD, Sachsen-Anhalt, Bundesregierung;2026-08-23T21:42:35+02:00;2026-08-23T21:42:35+02:00;Lenz Jacobsen;;false
6f6556a8802c008fc59807fdadbd19a0fc3f1f9c436967c1fe7e316e5826e7fe;Modegeschäft in Heidelberg brennt - Hoher Sachschaden;https://www.zeit.de/news/2026-08/23/modegeschaeft-in-heidelberg-brennt-hoher-sachschaden;Hier finden Sie Informationen zu dem Thema „Feuerwehr-Einsatz“. Lesen Sie jetzt „Modegeschäft in Heidelberg brennt - Hoher Sachschaden“.;Feuerwehr-Einsatz;News, Feuerwehr-Einsatz, Heidelberg, Feuerwehr, Sachschaden, Modegeschäft;2026-08-23T21:14:45+02:00;2026-08-23T21:14:45+02:00;;dpa Baden-Württemberg;false
a630e5a136fc03811885dae89f748d4f1cb17caa057f390da3c7d01a29a07b67;Erneuter Rückschlag für St. Pauli: «Müssen es besser machen»;https://www.zeit.de/news/2026-08/23/erneuter-rueckschlag-fuer-st-pauli-muessen-es-besser-machen;Hier finden Sie Informationen zu dem Thema „Pokal-Enttäuschung“. Lesen Sie jetzt „Erneuter Rückschlag für St. Pauli: «Müssen es besser machen»“.;Pokal-Enttäuschung;News, Pokal-Enttäuschung, Marcel Rapp, Marek Janssen, St. Pauli, FC St. Pauli, Deutscher Fußball-Bund, Rot-Weiss Essen;2026-08-23T20:57:31+02:00;2026-08-23T20:57:31+02:00;;dpa Hamburg/Schleswig-Holstein;false
71def76ee868720ff14bc6ef88d2a81bc80ea8d4620cd5652ba0824eea690d39;Flieger gen Freiburg wartet: Höler zwischen Tor und Geburt;https://www.zeit.de/news/2026-08/23/flieger-gen-freiburg-wartet-hoeler-zwischen-tor-und-geburt;Hier finden Sie Informationen zu dem Thema „DFB-Pokal“. Lesen Sie jetzt „Flieger gen Freiburg wartet: Höler zwischen Tor und Geburt“.;DFB-Pokal;News, DFB-Pokal, Freiburg, Deutscher Fußball-Bund, Fortuna Düsseldorf, Geburt, Hubschrauber;2026-08-23T20:54:41+02:00;2026-08-23T20:54:41+02:00;;dpa Baden-Württemberg;false
d35043eaaacd5e6adae39d532a92c69bf0dd3635123f644dd95e6f8511fcceae;Iran warnt USA vor Bumerang-Effekt bei Wirtschaftskrieg;https://www.zeit.de/news/2026-08/23/iran-warnt-usa-vor-bumerang-effekt-bei-wirtschaftskrieg;Hier finden Sie Informationen zu dem Thema „Iran-Krieg“. Lesen Sie jetzt „Iran warnt USA vor Bumerang-Effekt bei Wirtschaftskrieg“.;Iran-Krieg;News, Iran-Krieg, Mohammed Bagher, Donald Trump, Iran, USA, X, Wirtschaftskrieg, Comics;2026-08-23T20:36:51+02:00;2026-08-23T20:36:51+02:00;;dpa;false
373b0fa41b4360527c02ca23355ba663a6103b69ac8856949760a70e6d4c10ad;Erfahrene Meerjungfrau, männlich, 66 Jahre. Gibt auch Unterricht;https://www.zeit.de/2026/36/mermaiding-meerjungfrau-monoflosse-wismar-rostock;Der gelernte Elektriker Gerd Schiller fand in einer Truhe der Familie eine Monoflosse. Seitdem schwimmt er begeistert darin herum und gibt sogar Kurse in Mermaiding.;"Z+ (abopflichtiger Inhalt);
        
    Mermaiding";Entdecken, Mermaiding, schwimmen, Freizeit, Freibad, Unterricht, Wassersport, Rostock, Wismar;2026-08-23T20:34:22+02:00;2026-08-23T20:34:22+02:00;Laura Ewert;Aus der        ZEIT Nr. 36/2026;false
3b062158af08280e60d3d2f09f6a43d4bd837a2ed5d90e0c133dbca88d12f14c;Polin Karczewska rettet HSV-Frauen ein Remis zum Saisonstart;https://www.zeit.de/news/2026-08/23/polin-karczewska-rettet-hsv-frauen-ein-remis-zum-saisonstart;Hier finden Sie Informationen zu dem Thema „Bundesliga-Start“. Lesen Sie jetzt „Polin Karczewska rettet HSV-Frauen ein Remis zum Saisonstart“.;Bundesliga-Start;News, Bundesliga-Start, Rodolfo Cardoso, Nikola Karczewska, Hamburger SV, SC Freiburg, Bundesliga, Saisonstart, Volksparkstadion;2026-08-23T20:32:23+02:00;2026-08-23T20:32:23+02:00;;dpa Hamburg/Schleswig-Holstein;false
deed5cb1e5ba3cbaf7d00a436953f448e5a30c97ae55976bcd93b6a2f28dd4ef;Der Wald, der ihr Gefängnis wurde;https://www.zeit.de/zeit-magazin/2026/36/belarus-polen-grenze-fluechtlinge-wald;Flüchtlinge geistern durch eine Todeszone zwischen Polen und Belarus. Die Gefahren: Wachhunde, Bären, Sümpfe. Wie Helfer Leben retten wollten und sich darüber entzweiten.;"Z+ (abopflichtiger Inhalt);
        
    Belarus–Polen-Grenze";Belarus, Polen, Geflüchtete, Asyl, Grenzschutz, Europa, Mittelmeer, NGO, Europäische Union, PiS;2026-08-23T20:32:07+02:00;2026-08-23T20:32:07+02:00;Emilia SmechowskiSimona Supino;Aus dem        ZEITmagazin Nr. 36/2026;false
6f89174212358b439418065460e845eebc996032dbd7ed0fb16db78eecb4b6e8;Auto in Bamberg kracht in Haus - zwei Menschen verletzt;https://www.zeit.de/news/2026-08/23/auto-in-bamberg-kracht-in-haus-zwei-menschen-verletzt;Hier finden Sie Informationen zu dem Thema „Ungewöhnlicher Unfall“. Lesen Sie jetzt „Auto in Bamberg kracht in Haus - zwei Menschen verletzt“.;Ungewöhnlicher Unfall;News, Ungewöhnlicher Unfall, Bamberg, Polizei, Unfall, Außenwand, Auto;2026-08-23T20:30:31+02:00;2026-08-23T20:30:31+02:00;;dpa Bayern;false
298efe3f22423ba4e36c9cc6918fa4d79f7d9f3389c6ae4011dcd7c75fa9e6a5;Nina Mittelham gewinnt Turnierpremiere in Berlin;https://www.zeit.de/news/2026-08/23/nina-mittelham-gewinnt-turnierpremiere-in-berlin;Hier finden Sie Informationen zu dem Thema „Tischtennis“. Lesen Sie jetzt „Nina Mittelham gewinnt Turnierpremiere in Berlin“.;Tischtennis;News, Tischtennis, Nina Mittelham, Berlin, Turnierpremiere, Feeder, Kotomi, Tischtennis;2026-08-23T20:29:38+02:00;2026-08-23T20:29:38+02:00;;dpa Berlin/Brandenburg;false
d023576d5954b0800b48c7ea2cace03f2d647648136151445fba9575df0a15eb;Heidenheims Beck wechselt nach Osnabrück;https://www.zeit.de/news/2026-08/23/heidenheims-beck-wechselt-nach-osnabrueck;Hier finden Sie Informationen zu dem Thema „2. Fußball-Bundesliga“. Lesen Sie jetzt „Heidenheims Beck wechselt nach Osnabrück“.;2. Fußball-Bundesliga;News, 2. Fußball-Bundesliga, Adrian Beck, Heidenheim, Osnabrück, Fußball-Bundesliga;2026-08-23T20:27:28+02:00;2026-08-23T20:27:28+02:00;;dpa Baden-Württemberg;false
1de6924b44af2a1b4a83276cbe693c92bcb2ac81abb61f8d9828f0ab82d00d47;Zustand verschlechtert: Sorgen um Norwegens König Harald;https://www.zeit.de/news/2026-08/23/zustand-verschlechtert-sorgen-um-norwegens-koenig-harald;Hier finden Sie Informationen zu dem Thema „Norwegisches Königshaus“. Lesen Sie jetzt „Zustand verschlechtert: Sorgen um Norwegens König Harald“.;Norwegisches Königshaus;News, Norwegisches Königshaus, Harald V., Norwegen, Palastmitteilung, Gesundheitszustand;2026-08-23T20:21:39+02:00;2026-08-23T20:21:39+02:00;;dpa;false
38093cde7983f8ce1d5d9da61e716d5824d3491910440e247a5c3ac8fcb040f2;»Für Christen nicht wählbar«;https://www.zeit.de/2026/36/kirchen-afd-sachsen-anhalt-landtagswahl-hans-thomas-tillschneider;Wie kann christlicher Widerstand aussehen? Vor der Wahl in Sachsen-Anhalt stellen sich die Kirchen gegen die AfD – und ermutigen Christen zum Konflikt mit der Partei.;"Z+ (abopflichtiger Inhalt);
        
    Kirchen gegen die AfD";Politik, Kirchen gegen die AfD, Sachsen-Anhalt, Alternative für Deutschland, Katholische Kirche, Landtagswahl, Wahlkampf, Magdeburg;2026-08-23T20:18:02+02:00;2026-08-23T20:18:02+02:00;Liam Adams;Aus der        ZEIT Nr. 36/2026;false
0d83d3c1592acba4c8adfe77f960984c3fb3f929686f7adb9d38a561ddbaa03e;Rot-Weiss Essen wirft St. Pauli aus dem Pokal;https://www.zeit.de/news/2026-08/23/rot-weiss-essen-wirft-st-pauli-aus-dem-pokal;Hier finden Sie Informationen zu dem Thema „DFB-Pokal“. Lesen Sie jetzt „Rot-Weiss Essen wirft St. Pauli aus dem Pokal“.;DFB-Pokal;News, DFB-Pokal, Marek Janssen, St. Pauli, Rot-Weiss Essen, Deutscher Fußball-Bund, FC St. Pauli, Pokal;2026-08-23T20:02:07+02:00;2026-08-23T20:02:07+02:00;;dpa Hamburg/Schleswig-Holstein;false
1f9a8d1ddb5bed4eea0e91143b0f3dc2d5595fa7decaec43a617a34223ba337b;Bundesligist Paderborn siegt bei Viertligist Lübeck mit 4:2;https://www.zeit.de/news/2026-08/23/bundesligist-paderborn-siegt-bei-viertligist-luebeck-mit-4-2;Hier finden Sie Informationen zu dem Thema „DFB-Pokal“. Lesen Sie jetzt „Bundesligist Paderborn siegt bei Viertligist Lübeck mit 4:2“.;DFB-Pokal;News, DFB-Pokal, Lübeck, Paderborn, Ostwestfalen, SCP, Deutscher Fußball-Bund, SC Paderborn, Bundesliga, Pflichtspielsaison;2026-08-23T19:59:18+02:00;2026-08-23T19:59:18+02:00;;dpa Hamburg/Schleswig-Holstein;false
ed788c39e737b1b73db46aef0a14500579c54f394c22fb4fa839cfd7ab74354d;Gladbach, Mainz und Freiburg locker weiter - Union mit Mühe;https://www.zeit.de/news/2026-08/23/gladbach-und-mainz-im-pokal-locker-weiter-union-mit-muehe;Hier finden Sie Informationen zu dem Thema „Fußball“. Lesen Sie jetzt „Gladbach, Mainz und Freiburg locker weiter - Union mit Mühe“.;Fußball;News, Fußball, Hugo Bolin, Phillip Tietz, Mainz, Fünftligisten, Berlin, Viertligisten, Heidenheim, Gladbach, Borussia Mönchengladbach, 1. FSV Mainz;2026-08-23T19:59:14+02:00;2026-08-23T19:59:14+02:00;;dpa Sport;false
ac8681e4442db6cbd1d9433ce1447d6d9db47fb980eb72df7fd130b99e474845;Freiburg lässt Düsseldorf im Pokal keine Chance;https://www.zeit.de/news/2026-08/23/freiburg-laesst-duesseldorf-im-pokal-keine-chance;Hier finden Sie Informationen zu dem Thema „DFB-Pokal“. Lesen Sie jetzt „Freiburg lässt Düsseldorf im Pokal keine Chance“.;DFB-Pokal;News, DFB-Pokal, Igor Matanovic, Fabian Schleusener, Tim Oberdorf, Louis Lord, Freiburg, Düsseldorf, Deutscher Fußball-Bund, SC Freiburg, Fortuna Düsseldorf, Pokal;2026-08-23T19:58:04+02:00;2026-08-23T19:58:04+02:00;;dpa Baden-Württemberg;false
5b711fda6737b5422ebe9368714161a223d11dfbccaf6dd289037411a2614efa;Darf ein Richter vom Gesetz abweichen, wenn es zutiefst ungerecht ist?;https://www.zeit.de/2026/36/radbruchsche-formel-gustav-radbruch-nationalsozialismus-recht-justiz;"Das sollte bei der Aufarbeitung des Nationalsozialismus die Radbruchsche Formel klären. Wirksam wurde sie erst Jahrzehnte später – gegen die eigenen Richter nie.
";"Z+ (abopflichtiger Inhalt);
        
    Radbruchsche Formel";Wissenschaft, Radbruchsche Formel, Gustav Radbruch, Geschichte, Nationalsozialismus, Weimarer Republik, Justiz, Bundesverfassungsgericht;2026-08-23T19:57:14+02:00;2026-08-23T19:57:14+02:00;Philipp Glahé;Aus der        ZEIT Nr. 36/2026;false
1ee7c38a61ef9c0ebd94f307434308805c9a9e4ee4435eed2d2777d5a3bc2b17;Das Ende der Luftmatratze;https://www.zeit.de/2026/36/luftmatratze-strand-aufblasbare-tiere-sommerurlaub;Von den Stränden ist sie verschwunden, bald gehört sie zu den vergessenen Gegenständen. Haben die SUPs die Luftmatratze verdrängt, oder hat Taylor Swift Schuld?;Luftmatratze;Entdecken, Luftmatratze, Urlaub, schwimmen, Freizeit, Reisen, Entspannung, Freibad;2026-08-23T19:55:50+02:00;2026-08-23T19:55:50+02:00;Francesco Giammarco;Aus der        ZEIT Nr. 36/2026;false
06b9f8fa0fad52a96abdd437c3a52c98cbce60d142e01b0bfa720febea1ae65d;Deutsche Basketballerinnen verlieren gegen Ungarn;https://www.zeit.de/news/2026-08/23/deutsche-basketballerinnen-verlieren-gegen-ungarn;Hier finden Sie Informationen zu dem Thema „WM-Vorbereitung“. Lesen Sie jetzt „Deutsche Basketballerinnen verlieren gegen Ungarn“.;WM-Vorbereitung;News, WM-Vorbereitung, Alexis Peterson, Olaf Lange, Leonie Fiebich, Ungarn, Göttingen, Spanien, Berlin, WNBA;2026-08-23T19:50:19+02:00;2026-08-23T19:50:19+02:00;;dpa Niedersachsen;false
20685eba7c3ccd305fc2897cc29c50a247f257e1d56ef3524fd6d52f26815733;Medien: Hertha findet neuen Linksverteidiger aus Bundesliga;https://www.zeit.de/news/2026-08/23/medien-hertha-findet-neuen-linksverteidiger-aus-bundesliga;Hier finden Sie Informationen zu dem Thema „2. Fußball-Bundesliga“. Lesen Sie jetzt „Medien: Hertha findet neuen Linksverteidiger aus Bundesliga“.;2. Fußball-Bundesliga;News, 2. Fußball-Bundesliga, Mads Pedersen, Hertha BSC, Hertha BSC Berlin, Bundesliga, Fußball-Bundesliga;2026-08-23T19:39:58+02:00;2026-08-23T19:39:58+02:00;;dpa Bayern;false
ce1f078c66a63a04ba2df19b8c1ef6e02f396937d9838218da7934d3b1875271;Und plötzlich ist der Handelskrieg zurück;https://www.zeit.de/wirtschaft/2026-08/usa-kanada-zollstreit-wirtschaft-zusammenarbeit;Nach geplatzten Verhandlungen überziehen sich die USA und Kanada gegenseitig mit Zöllen. Was das für die Wirtschaft bedeutet.;USA und Kanada;Wirtschaft, USA und Kanada, USA, Kanada, US-Zölle, Donald Trump, Gegenzölle, Mark Carney, Zoll;2026-08-23T19:17:23+02:00;2026-08-23T19:17:23+02:00;Carla Neuhaus;;false
8a9e28b42a18bb6d2967b3ee1c4358e62eb654acf286d6b46f3514fe5ed2b706;HC Hamburg erreicht mühelos zweite DHB-Pokalrunde;https://www.zeit.de/news/2026-08/23/hc-hamburg-erreicht-muehelos-zweite-dhb-pokalrunde;Hier finden Sie Informationen zu dem Thema „Handball“. Lesen Sie jetzt „HC Hamburg erreicht mühelos zweite DHB-Pokalrunde“.;Handball;News, Handball, Torsten Jansen, Nicolaj Jörgensen, Robin Haug, HC Hamburg, MTV Braunschweig, DHB, DHB-Pokal, Handball;2026-08-23T18:47:06+02:00;2026-08-23T18:47:06+02:00;;dpa Hamburg/Schleswig-Holstein;false
ffe8a5ba104d32e3b13cd4d806fb06398a467d00cfb8ee1a33772984552d43bc;»Wir sind eher Take That als Tic Tac Toe«;https://www.zeit.de/digital/games/2026-06/rocket-beans-produktionsfirma-umstrukturierung-finanzen-streaming;Kaum eine Truppe hat Internetdeutschland so geprägt wie die Rocket Beans. Vor Kurzem trennten sie sich von einem Gründungsmitglied. War’s das? Ein Treffen in Hamburg;"Z+ (abopflichtiger Inhalt);
        
    Rocket Beans";Digital, Rocket Beans, YouTube, Gaming, Streaming, Videospiel, Hamburg;2026-08-23T18:38:52+02:00;2026-08-23T18:38:52+02:00;Lisa Hölzke;;false
4b77b6bd5c2565978d18f1d61b79e844084447468ee4b1c96dc4948c859562c9;Bilder des Tages;https://www.zeit.de/news/2026-08/23/bilder-des-tages;Hier finden Sie Informationen zu dem Thema „Fotografie“. Lesen Sie jetzt „Bilder des Tages“.;Fotografie;News, Fotografie, News;2026-08-23T18:38:51+02:00;2026-08-23T18:38:51+02:00;;dpa;false
ac261ba8f5fdd87b385803587a5e73b7c13f00e454ba3516eaa4084158237d35;Rapper in Kreuzberg: Hunderte folgen Aufruf von Capital Bra;https://www.zeit.de/news/2026-08/23/rapper-in-kreuzberg-hunderte-folgen-aufruf-von-capital-bra;Hier finden Sie Informationen zu dem Thema „Leute“. Lesen Sie jetzt „Rapper in Kreuzberg: Hunderte folgen Aufruf von Capital Bra“.;Leute;News, Leute, Kreuzberg, Berlin, Oranienplatz, Berliner Zeitung, Polizei, Instagram, Aufruf;2026-08-23T18:38:06+02:00;2026-08-23T18:38:06+02:00;;dpa Berlin/Brandenburg;false
4486091a87e8eb92e80711cc3d5cc82556f70a806b3ad7f65603d120fe3c3713;Polizisten auf Ziegenjagd statt auf Verbrecherjagd;https://www.zeit.de/news/2026-08/23/polizisten-auf-ziegenjagd-statt-auf-verbrecherjagd;Hier finden Sie Informationen zu dem Thema „Ungewöhnlicher Einsatz“. Lesen Sie jetzt „Polizisten auf Ziegenjagd statt auf Verbrecherjagd“.;Ungewöhnlicher Einsatz;News, Ungewöhnlicher Einsatz, Pirmasens, Ziegenjagd, Verbrecherjagd, Ziegenherde, Landschaftspark, Tiere;2026-08-23T18:29:36+02:00;2026-08-23T18:29:36+02:00;;dpa Rheinland-Pfalz/Saarland;false
0f70e42fc691bf00fc3afd1808ccad6110ad026d5b811810b3afdeadc967adc4;Motorradfahrer nach Kollision über Böschung geschleudert;https://www.zeit.de/news/2026-08/23/motorradfahrer-nach-kollision-ueber-boeschung-geschleudert;Hier finden Sie Informationen zu dem Thema „Schwerer Unfall“. Lesen Sie jetzt „Motorradfahrer nach Kollision über Böschung geschleudert“.;Schwerer Unfall;News, Schwerer Unfall, Böschung, Kollision, Auto;2026-08-23T18:22:05+02:00;2026-08-23T18:22:05+02:00;;dpa Bayern;false
a75460dd0a9d1b26781c2890c403429942e628e555b8989fd0cf082d3ce7524a;Eisbären Berlin gewinnen Test gegen Augsburg mit 7:0;https://www.zeit.de/news/2026-08/23/eisbaeren-berlin-gewinnen-test-gegen-augsburg-mit-7-0;Hier finden Sie Informationen zu dem Thema „Deutsche Eishockey Liga“. Lesen Sie jetzt „Eisbären Berlin gewinnen Test gegen Augsburg mit 7:0“.;Deutsche Eishockey Liga;News, Deutsche Eishockey Liga, Éric Dubois, Liam Kirk, Ty Ronning, Tobias Krestan, Eric Hördler, Augsburg, Neumarkt, Südtirol, Eisbären Berlin, Augsburger Panther;2026-08-23T18:21:09+02:00;2026-08-23T18:21:09+02:00;;dpa Berlin/Brandenburg;false
c4c647a8ee45659de1d9293ac723a1c8155112f79e7fa7e6bf086b9820783258;Leiche auf Parkplatz in Oberbayern entdeckt;https://www.zeit.de/news/2026-08/23/leiche-auf-parkplatz-in-oberbayern-entdeckt;Hier finden Sie Informationen zu dem Thema „Fundort abgesichert“. Lesen Sie jetzt „Leiche auf Parkplatz in Oberbayern entdeckt“.;Fundort abgesichert;News, Fundort abgesichert, Oberbayern, Fundort, Grenze;2026-08-23T18:20:38+02:00;2026-08-23T18:20:38+02:00;;dpa Bayern;false
51036223805d30d388c5c8477d120bbb9cd1c4679eb36c134f857493e51ecfa9;Ljubicic entscheidet: Union dreht Rückstand in Braunschweig;https://www.zeit.de/news/2026-08/23/ljubicic-entscheidet-union-dreht-rueckstand-in-braunschweig;Hier finden Sie Informationen zu dem Thema „4:2-Sieg im DFB-Pokal“. Lesen Sie jetzt „Ljubicic entscheidet: Union dreht Rückstand in Braunschweig“.;4:2-Sieg im DFB-Pokal;News, 4:2-Sieg im DFB-Pokal, Max Marie, Tom Rothe, Marin Ljubicic, Mauro Lustrinelli, Braunschweig, Berlin, Robert Bosch, Deutscher Fußball-Bund, 1. FC Union Berlin, Eintracht Braunschweig;2026-08-23T18:19:37+02:00;2026-08-23T18:19:37+02:00;;dpa Berlin/Brandenburg;false
e54e1c134b61f5eab2d4b309362fac3e0d91043e5581be536efdda18f47b06bd;Leichenfund in Berlin: Ermittler starten Zeugenaufruf;https://www.zeit.de/news/2026-08/23/leichenfund-in-berlin-ermittler-starten-zeugenaufruf;Hier finden Sie Informationen zu dem Thema „Kriminalfall“. Lesen Sie jetzt „Leichenfund in Berlin: Ermittler starten Zeugenaufruf“.;Kriminalfall;News, Kriminalfall, Berlin, Prenzlauer Berg, Staatsanwaltschaft, LKA, Leichenfund, Zeugenaufruf, Kriminalfall, Planetarium;2026-08-23T18:09:24+02:00;2026-08-23T18:09:24+02:00;;dpa;false
ad5ca8c88cbd5c3aadcbd7eda5c87e44973e43786f315802d523ed9bab41a422;Ausgerechnet beim WM-Finale: Blech für Springreiter;https://www.zeit.de/news/2026-08/23/ausgerechnet-beim-wm-finale-blech-fuer-springreiter;Hier finden Sie Informationen zu dem Thema „Reit-WM in Aachen“. Lesen Sie jetzt „Ausgerechnet beim WM-Finale: Blech für Springreiter“.;Reit-WM in Aachen;News, Reit-WM in Aachen, Daniel Deußer, Marcus Ehning, Sophie Hinners, Steve Guerdat, Aachen, WM-Finale, Medaillenplatz, Springreiter, Finale, Gold;2026-08-23T18:08:55+02:00;2026-08-23T18:08:55+02:00;;dpa Sport;false
794f0f460a3753027ee01fb9a4a456ef3f86b454491b7553e3ffac8b51d80a5e;49-Jähriger getötet - 15-jähriger Sohn kommt in U-Haft;https://www.zeit.de/news/2026-08/23/49-jaehriger-getoetet-15-jaehriger-sohn-kommt-in-u-haft;Hier finden Sie Informationen zu dem Thema „Kriminalität“. Lesen Sie jetzt „49-Jähriger getötet - 15-jähriger Sohn kommt in U-Haft“.;Kriminalität;News, Kriminalität, Hörde, Dortmund-Hörde, Dortmund;2026-08-23T18:05:24+02:00;2026-08-23T18:05:24+02:00;;dpa Nordrhein-Westfalen;false
3c3c2bb8c52b9326f0b9fa8c30ca48f1f8b4ee4815276ef19227a9d30b228e88;Nach XXL-Umbruch: RB-Frauen verlieren zum Saisonstart;https://www.zeit.de/news/2026-08/23/nach-xxl-umbruch-rb-frauen-verlieren-zum-saisonstart;Hier finden Sie Informationen zu dem Thema „Frauen-Bundesliga“. Lesen Sie jetzt „Nach XXL-Umbruch: RB-Frauen verlieren zum Saisonstart“.;Frauen-Bundesliga;News, Frauen-Bundesliga, Cornelia Kramer, Maja Sternad, Leverkusen, RB Leipzig, Bayer 04 Leverkusen, Bundesliga, Saisonstart;2026-08-23T18:02:17+02:00;2026-08-23T18:02:17+02:00;;dpa Sachsen;false
0500a010be013c87c2fc27f8e005f1e9adea00b13f008e3664575631d3be8144;Schützenfest in Münster: Dynamo problemlos in 2. Runde;https://www.zeit.de/news/2026-08/23/schuetzenfest-in-muenster-dynamo-problemlos-in-2-runde;Hier finden Sie Informationen zu dem Thema „DFB-Pokal“. Lesen Sie jetzt „Schützenfest in Münster: Dynamo problemlos in 2. Runde“.;DFB-Pokal;News, DFB-Pokal, Jonas Sterner, Robert Wagner, Münster, Rhynern, Deutscher Fußball-Bund, Dynamo Dresden, Schützenfest;2026-08-23T17:56:13+02:00;2026-08-23T17:56:13+02:00;;dpa Sachsen;false
d9a842b787d0d90c5bf42a8840b3cfe0747b185d1ce8cc162103cd2d75581e52;Speedrekord vor Sassnitz und siegreiche «Fliegende Kängurus»;https://www.zeit.de/news/2026-08/23/fliegende-kaengurus-gewinnen-sailgp-in-sassnitz;Hier finden Sie Informationen zu dem Thema „SailGP“. Lesen Sie jetzt „Speedrekord vor Sassnitz und siegreiche «Fliegende Kängurus»“.;SailGP;News, SailGP, Sassnitz, Australien, Kanada, Spanien, Northstar, Känguru, Segel;2026-08-23T17:48:02+02:00;2026-08-23T17:48:02+02:00;;dpa Hamburg/Schleswig-Holstein;false
844ec00f8f94191997142e79c2f9ce6c500e7444ed2c08a7b48900157d877fa1;Kampf in vollem Gange: Norris-Triumph bei Verstappen-Drama;https://www.zeit.de/news/2026-08/23/norris-verewigt-sich-nach-verstappen-crash-in-zandvoort;Hier finden Sie Informationen zu dem Thema „Formel 1“. Lesen Sie jetzt „Kampf in vollem Gange: Norris-Triumph bei Verstappen-Drama“.;Formel 1;News, Formel 1, Lando Norris, Max Verstappen, Kimi Antonelli, George Russell, Lewis Hamilton, Nico Hülkenberg, Zandvoort, Niederlande, Budapest, Italien;2026-08-23T17:43:26+02:00;2026-08-23T17:43:26+02:00;;dpa Sport;false
aa556cad7f928dda803eede13791d61f5a9b3470380417ee3af69aad1f865438;»Ich besaß nur ein Foto meiner Großmutter. Und ich habe es geliebt«;https://www.zeit.de/hamburg/2026-08/haus-holstenstrasse-hamburg-hausbewohner-besitztuemer;Ihr Haus wurde schnell evakuiert, ein Teil davon abgerissen. Nun durchsuchten die Mieter der Holstenstraße 197 die Trümmer – um zu bergen, was der Bagger nicht zerstörte.;"Z+ (abopflichtiger Inhalt);
        
    Haus in der Hambuger Holstenstraße";Hamburg, Haus in der Hambuger Holstenstraße, Hamburg, Haushalt, Familie, Möbel;2026-08-23T17:39:05+02:00;2026-08-23T17:39:05+02:00;Tom Kroll;;false
343f8d944563d9cfc9fc3298b77f4fe95bb240a6f3fb6a2b75e494b4e0d849c0;Nach Hackerangriff: Senatsverwaltungen wieder am Netz;https://www.zeit.de/news/2026-08/23/nach-hackerangriff-senatsverwaltungen-wieder-am-netz;Hier finden Sie Informationen zu dem Thema „Berliner Verwaltung“. Lesen Sie jetzt „Nach Hackerangriff: Senatsverwaltungen wieder am Netz“.;Berliner Verwaltung;News, Berliner Verwaltung, Kai Wegner, Berlin, CDU, Hackerangriff, Senatsverwaltung, Landesnetz, Cyberattacke;2026-08-23T17:35:26+02:00;2026-08-23T17:35:26+02:00;;dpa Berlin/Brandenburg;false
f4b8440529e025003a3036fee4df21d8b55e9349a14085c0fbdeb3adcc1bd0fa;Tödlicher Unfall im Ortenaukreis: Mann kollidiert mit Auto;https://www.zeit.de/news/2026-08/23/toedlicher-unfall-im-ortenaukreis-mann-kollidiert-mit-auto;Hier finden Sie Informationen zu dem Thema „Motorradunfall endet tödlich“. Lesen Sie jetzt „Tödlicher Unfall im Ortenaukreis: Mann kollidiert mit Auto“.;Motorradunfall endet tödlich;News, Motorradunfall endet tödlich, Ortenaukreis, Unfall, Motorradunfall, Auto;2026-08-23T17:32:07+02:00;2026-08-23T17:32:07+02:00;;dpa Baden-Württemberg;false
5fc3747e9e83c2bde5e6559a6619d4117919ca7f1778f6dc0ff52067ce4489b7;1. FC Magdeburg souverän weiter – Zukowski trifft traumhaft;https://www.zeit.de/news/2026-08/23/1-fc-magdeburg-souveraen-weiter-zukowski-trifft-traumhaft;Hier finden Sie Informationen zu dem Thema „DFB-Pokal“. Lesen Sie jetzt „1. FC Magdeburg souverän weiter – Zukowski trifft traumhaft“.;DFB-Pokal;News, DFB-Pokal, Mateusz Zukowski, Falko Michel, Petrik Sander, Dominik Reimann, 1. FC Magdeburg, Deutscher Fußball-Bund, Bahlinger SC, Oberligist;2026-08-23T17:27:28+02:00;2026-08-23T17:27:28+02:00;;dpa Baden-Württemberg;false
b796702d525d891c13411db7c8ba3a6e707b7dedf4fd7afad8fc5d6d04c45a5c;Rückstand gedreht: Union mit Glück in Braunschweig weiter;https://www.zeit.de/news/2026-08/23/rueckstand-gedreht-union-mit-glueck-in-braunschweig-weiter;Hier finden Sie Informationen zu dem Thema „4:2-Sieg in Braunschweig“. Lesen Sie jetzt „Rückstand gedreht: Union mit Glück in Braunschweig weiter“.;4:2-Sieg in Braunschweig;News, 4:2-Sieg in Braunschweig, Max Marie, Tom Rothe, Marin Ljubicic, Aaron Opoku, Braunschweig, Berlin, Robert Bosch, 1. FC Union Berlin, Deutscher Fußball-Bund, Eintracht Braunschweig;2026-08-23T17:27:11+02:00;2026-08-23T17:27:11+02:00;;dpa Berlin/Brandenburg;false
359accfe6cea61ecbb303c86b27376d37cdd9ce33fdd38ac336d35cde7cd1088;Jetzt mal was anderes;https://www.zeit.de/2026/36/berliner-abgeordnetenhauswahl-wahlentscheidung-volt-afd-wahlplakate;Unser Kolumnist fragt sich bei jeder Wahl in der Hauptstadt die immer drei gleichen Fragen. Dieses Mal außerdem dabei: die AfD, München und Wahlplakate.;"Z+ (abopflichtiger Inhalt);
        
    Berliner Abgeordnetenhauswahl";Politik, Berliner Abgeordnetenhauswahl, Berlin, Wahlkampf, CDU, SPD, Die Linke, Bündnis 90/Die Grünen, Alternative für Deutschland;2026-08-23T17:26:26+02:00;2026-08-23T17:26:26+02:00;Peter Dausend;Aus der        ZEIT Nr. 36/2026;false
19442df57a814691874884017e2a81d7d1a7c0c6a31622c9ff7cfe04e3aac753;SV Darmstadt mit Arbeitssieg beim Viertligisten Jena;https://www.zeit.de/news/2026-08/23/sv-darmstadt-mit-arbeitssieg-beim-viertligisten-jena;Hier finden Sie Informationen zu dem Thema „DFB-Pokal“. Lesen Sie jetzt „SV Darmstadt mit Arbeitssieg beim Viertligisten Jena“.;DFB-Pokal;News, DFB-Pokal, Milan Smit, Viertligisten, Darmstadt, Ernst-Abbe-Sportfeld, SV Darmstadt, Deutscher Fußball-Bund, SV Darmstadt 98, FC Carl Zeiss Jena, Bundesliga, Arbeitssieg;2026-08-23T17:26:15+02:00;2026-08-23T17:26:15+02:00;;dpa Hessen;false
48e1d5c0cc0cc7fd8f2e6d88ae4c00c23613683d9824fbedcb05722891963d9c;Comfort-Food gibt’s auch im Sommer;https://www.zeit.de/zeit-magazin/wochenmarkt/2025-07/fischauflauf-harissa-gnocchi-rezept-wochenmarkt;An kühleren Spätsommerabenden verlangt das Herz nach Warmem! Dieser Kabeljau-Auflauf mit Harissa und Gnocchi ist die würzige Variante eines britischen Klassikers.;"Z+ (abopflichtiger Inhalt);
        
    Fischauflauf mit Harissa und Gnocchi";Fischgerichte, Hauptgerichte, Britische Küche;2026-08-23T17:24:59+02:00;2026-08-23T17:24:59+02:00;Rukmini Iyer;;false
fcc7e6a939932cc86a67f04f406fd04731ac7f98338b8987c4493bea95596d59;Keine Mühe bei Fünftligist: Gladbach zieht in 2. Runde ein;https://www.zeit.de/news/2026-08/23/keine-muehe-bei-fuenftligist-gladbach-zieht-in-2-runde-ein;Hier finden Sie Informationen zu dem Thema „DFB-Pokal“. Lesen Sie jetzt „Keine Mühe bei Fünftligist: Gladbach zieht in 2. Runde ein“.;DFB-Pokal;News, DFB-Pokal, Hugo Bolin, Daiki Hashioka, Lukas Ullrich, Eugen Polanski, Tim Kleindienst, Fünftligist, Mainz, Gladbach, Deutscher Fußball-Bund, Borussia Mönchengladbach;2026-08-23T17:24:02+02:00;2026-08-23T17:24:02+02:00;;dpa Nordrhein-Westfalen;false
4594831ab796f0b846b3fb04e73ddab93e5d1a5eac15484b1caad3320fdfcc23;Weidmann: Bund soll vorerst Aktionär bei Commerzbank bleiben;https://www.zeit.de/news/2026-08/23/weidmann-bund-soll-vorerst-aktionaer-bei-commerzbank-bleiben;Hier finden Sie Informationen zu dem Thema „Commerzbank-Aufsichtsratschef“. Lesen Sie jetzt „Weidmann: Bund soll vorerst Aktionär bei Commerzbank bleiben“.;Commerzbank-Aufsichtsratschef;News, Commerzbank-Aufsichtsratschef, Jens Weidmann, Commerzbank, SZ, Unicredit, Rettungsmaßnahme, Aktien;2026-08-23T17:23:43+02:00;2026-08-23T17:23:43+02:00;;dpa;false
ca76f4a5eaced67efde47108fe0064cf96fcc66c9edfde3ceaf6d03242c16132;Kein Pokal-Coup von Krieschow: Mainz locker in zweiter Runde;https://www.zeit.de/news/2026-08/23/kein-pokal-coup-von-krieschow-mainz-locker-in-zweiter-runde;Hier finden Sie Informationen zu dem Thema „DFB-Pokal“. Lesen Sie jetzt „Kein Pokal-Coup von Krieschow: Mainz locker in zweiter Runde“.;DFB-Pokal;News, DFB-Pokal, Urs Fischer, Philipp Tietz, Mainz, Deutscher Fußball-Bund, 1. FSV Mainz;2026-08-23T17:22:55+02:00;2026-08-23T17:22:55+02:00;;dpa Berlin/Brandenburg;false
804ccaa3bac8acf3611fb7c2889b28fab19b90422867ae65528377c71a3df4de;Dynamo Dresden zieht souverän in die zweite Pokalrunde ein;https://www.zeit.de/news/2026-08/23/dynamo-dresden-zieht-souveraen-in-die-zweite-pokalrunde-ein;Hier finden Sie Informationen zu dem Thema „DFB-Pokal“. Lesen Sie jetzt „Dynamo Dresden zieht souverän in die zweite Pokalrunde ein“.;DFB-Pokal;News, DFB-Pokal, Dynamo Dresden, Deutscher Fußball-Bund, Pokalrunde, Pflichtaufgabe;2026-08-23T17:22:40+02:00;2026-08-23T17:22:40+02:00;;dpa Nordrhein-Westfalen;false
550413d1086ea8d91654c60ab71fe1f2935a39801e3034796bd678e8f3f80331;Haalands neue Frisur bringt Glück: Man City siegt gegen Rose;https://www.zeit.de/news/2026-08/23/neue-frisur-haaland-trennt-sich-von-blonder-maehne;Hier finden Sie Informationen zu dem Thema „Neuer Look“. Lesen Sie jetzt „Haalands neue Frisur bringt Glück: Man City siegt gegen Rose“.;Neuer Look;News, Neuer Look, Erling Haaland, Manchester City, YouTube, Frisur;2026-08-23T17:08:49+02:00;2026-08-23T17:08:49+02:00;;dpa Sport;false
dfee24cd0a0ff3a9234dce1bc295a807c9df4e4db9e2fed23e4ee947f2c04eb3;Was die Hängepartie im Iran-Krieg für Autofahrer bedeutet;https://www.zeit.de/news/2026-08/23/was-die-haengepartie-im-iran-krieg-fuer-autofahrer-bedeutet;Hier finden Sie Informationen zu dem Thema „Ölpreis steigt weiter“. Lesen Sie jetzt „Was die Hängepartie im Iran-Krieg für Autofahrer bedeutet“.;Ölpreis steigt weiter;News, Ölpreis steigt weiter, Donald Trump, Thomas Puls, USA, Iran, Teheran, China, Straße von Hormus, D-Day, Hängepartie, Wirtschaftskrieg;2026-08-23T17:04:48+02:00;2026-08-23T17:04:48+02:00;;dpa;false
7f5e1242828f460caa528fe65b1241ced0a43e80d92f48f9b493e25a9788dd79;Ukraine-Besuch: Wadephul wagt sich in die Nähe der Front;https://www.zeit.de/news/2026-08/23/wadephul-erwartet-sieg-und-putin-eine-niederlage-kiews;Hier finden Sie Informationen zu dem Thema „Russischer Angriffskrieg“. Lesen Sie jetzt „Ukraine-Besuch: Wadephul wagt sich in die Nähe der Front“.;Russischer Angriffskrieg;News, Russischer Angriffskrieg, Wladimir Putin, Johann Wadephul, Dmitri Medwedew, Kiew, Russland, Moskau, Europa, Krywyj, Kyjiw, CDU;2026-08-23T17:03:25+02:00;2026-08-23T17:03:25+02:00;;dpa;false
0810bfde8d6d5fb87a8db08102150a127e47136a9c8ee93bf274b779cf681a96;Sorry, gerade alles ein bisschen viel;https://www.zeit.de/2026/36/spider-man-brand-new-day-film-peter-parker-superhelden;Die modernen Kino-Superhelden stecken in der Sinnkrise. Statt die Welt zu retten, verzweifeln sie daran. Ihr Genre könnte damit einen Schlusspunkt erreichen. ;Spider-Man: Brand New Day;Feuilleton, Spider-Man: Brand New Day, Kino, Spiderman, Instagram, Comics;2026-08-23T17:00:39+02:00;2026-08-23T17:00:39+02:00;Daniel Gerhardt;Aus der        ZEIT Nr. 36/2026;false
45f93432649a77fdc9707e43ce256bcf80ee579c2f9cbeded1d4e66dff84995e;So verlängert Familie das Leben;https://www.zeit.de/familie/2026-08/longevity-familie-beziehung-gesundheit-altern;Wer lange leben will, setzt oft auf den eigenen Körper. Doch auch unsere engsten Beziehungen sind wichtig. Die aktuelle Studienlage zeigt, auf welche Faktoren es ankommt.;"Z+ (abopflichtiger Inhalt);
        
    Longevity";Familie, Longevity, Lebenserwartung, Familie, Beziehung, Alter, Gesundheitsrisiko, Studie;2026-08-23T16:58:42+02:00;2026-08-23T16:58:42+02:00;Eser Aktay;;false
024ac03ed41b122b2f61ce4d3167361bb128e309084417351cdef12c6c5fef0f;Nach Kollision mit Motorradkoffer: Mann stirbt auf A81;https://www.zeit.de/news/2026-08/23/nach-kollision-mit-motorradkoffer-mann-stirbt-auf-a81;Hier finden Sie Informationen zu dem Thema „Tödlicher Unfall auf A81“. Lesen Sie jetzt „Nach Kollision mit Motorradkoffer: Mann stirbt auf A81“.;Tödlicher Unfall auf A81;News, Tödlicher Unfall auf A81, Möckmühl, Würzburg, Landkreis Heilbronn, Motorradkoffer, Kollision, Unfall, Kofferanbau;2026-08-23T16:56:06+02:00;2026-08-23T16:56:06+02:00;;dpa Baden-Württemberg;false
c1387c78ed042e202731b44fa654e8eb306227123be66b23bf73f1e60db0eb83;Gute Stimmung auch ohne Heimsieg: Del Toro gewinnt D-Tour;https://www.zeit.de/news/2026-08/23/mexikaner-del-toro-gewinnt-die-deutschland-tour;Hier finden Sie Informationen zu dem Thema „Radsport“. Lesen Sie jetzt „Gute Stimmung auch ohne Heimsieg: Del Toro gewinnt D-Tour“.;Radsport;News, Radsport, Tour de France, Radsport;2026-08-23T16:49:01+02:00;2026-08-23T16:49:01+02:00;;dpa Baden-Württemberg;false
7c869795e81002c58e1ebefa4c837dc4598a01c08532285af54fc8d663780bc7;Neue Kunstfest-Leitung mit Start des Festivals zufrieden;https://www.zeit.de/news/2026-08/23/neue-kunstfest-leitung-mit-start-des-festivals-zufrieden;Hier finden Sie Informationen zu dem Thema „Kultur“. Lesen Sie jetzt „Neue Kunstfest-Leitung mit Start des Festivals zufrieden“.;Kultur;News, Kultur, Katharina Germo, Ilm, Weimar, Kunstfest, Auto, Wetter;2026-08-23T16:48:10+02:00;2026-08-23T16:48:10+02:00;;dpa Sachsen;false
0114cdd918a8f257be1f2932fac3fcdedec55c997d24079005db6d4970375a95;Radfahrer von Auto angefahren - 67-Jähriger schwer verletzt;https://www.zeit.de/news/2026-08/23/radfahrer-von-auto-angefahren-67-jaehriger-schwer-verletzt;Hier finden Sie Informationen zu dem Thema „Unfälle“. Lesen Sie jetzt „Radfahrer von Auto angefahren - 67-Jähriger schwer verletzt“.;Unfälle;News, Unfälle, Unfall, Zusammenprall, Auto;2026-08-23T16:48:04+02:00;2026-08-23T16:48:04+02:00;;dpa Niedersachsen;false
77bf60b54268be6161cc18cbdb5700b9d4d65ca02ed2c61ba688d42cd1928ac5;Deutsche Pfadfinder stranden in Italien;https://www.zeit.de/news/2026-08/23/deutsche-pfadfinder-stranden-in-italien;Hier finden Sie Informationen zu dem Thema „Nach Sardinien-Ferienlager“. Lesen Sie jetzt „Deutsche Pfadfinder stranden in Italien“.;Nach Sardinien-Ferienlager;News, Nach Sardinien-Ferienlager, Italien, Sardinien, Schwarzwald, Ferienlager, Rückreise;2026-08-23T16:38:41+02:00;2026-08-23T16:38:41+02:00;;dpa Baden-Württemberg;false
0260f18ab50a82741967961af83a901b7e5268009166add9e58b597e0b384a3c;Linnemann will Angriffe auf medizinisches Personal härter bestrafen;https://www.zeit.de/politik/deutschland/2026-08/uebergriffe-notaufnahmen-medizinisches-personal-carsten-linnemann-gesetz;Die Strafverfolgung von Übergriffen auf Mitarbeiter im Krankenhaus soll verschärft werden. Bundesgesundheitsminister Linnemann will dafür ein neues Gesetz verabschieden.;Gewalt im Gesundheitssystem;Politik, Gewalt im Gesundheitssystem, Carsten Linnemann, Alexander Dobrindt, Gesundheitswesen, Arzt, CDU;2026-08-23T16:38:35+02:00;2026-08-23T16:38:35+02:00;man;DIE ZEIT,        KNA,        							man;false
d2ee8f800077bb30b3398e559fd1d42adf9a71748b30ef8bf002a68f0cae0a2e;Alice Weidel will aus Euro aussteigen und deutsche Grenzen schließen;https://www.zeit.de/politik/deutschland/2026-08/alice-weidel-afd-sachsen-anhalt-cdu-brandmauer-umfragen;Im Sommerinterview forderte Alice Weidel einen Ausstieg aus dem Euro und dem Schengenraum. Vor den Landtagswahlen zeigte sich auch Tino Chrupalla siegessicher.;ZDF-Sommerinterview;Politik, ZDF-Sommerinterview, Alice Weidel, Sachsen-Anhalt, Alternative für Deutschland, Landtagswahl, Berlin, Schengener Abkommen;2026-08-23T16:31:07+02:00;2026-08-23T16:31:07+02:00;vha;DIE ZEIT,        dpa,        Reuters,        							vha;false
4539c12b65645dea3c99a87910060ef1ba283d1889ed5f8848cdb69d50942399;Motorradfahrer bei Unfall lebensbedrohlich verletzt;https://www.zeit.de/news/2026-08/23/motorradfahrer-bei-unfall-lebensbedrohlich-verletzt;Hier finden Sie Informationen zu dem Thema „Crash mit Auto“. Lesen Sie jetzt „Motorradfahrer bei Unfall lebensbedrohlich verletzt“.;Crash mit Auto;News, Crash mit Auto, Schlüchtern, Main-Kinzig, Polizei, Unfall, Verkehrsunfall, Auto;2026-08-23T16:26:31+02:00;2026-08-23T16:26:31+02:00;;dpa Hessen;false
f1cc8d602e95104e16bd3f0f855e0e43987458461ab276945f9d833f7d59563e;Tourismusbranche freut sich über Interesse an Ausbildungen;https://www.zeit.de/news/2026-08/23/tourismusbranche-freut-sich-ueber-interesse-an-ausbildungen;Hier finden Sie Informationen zu dem Thema „Dresden“. Lesen Sie jetzt „Tourismusbranche freut sich über Interesse an Ausbildungen“.;Dresden;News, Dresden, Hilton Dresden, Gastronomiebetrieb, Tourismusbranche, Gastronomie;2026-08-23T16:26:12+02:00;2026-08-23T16:26:12+02:00;;dpa Sachsen;false
1e3f531fa4dd82d18f83ccdb2160adeb2a41abf64a9ddea6a625f697e05aceda;Rom und Berlin streiten über Bootsflüchtlinge;https://www.zeit.de/news/2026-08/23/rom-und-berlin-streiten-ueber-bootsfluechtlinge;Hier finden Sie Informationen zu dem Thema „Migration“. Lesen Sie jetzt „Rom und Berlin streiten über Bootsflüchtlinge“.;Migration;News, Migration, Giorgia Meloni, Alexander Dobrindt, Matteo Salvini, Rom, Berlin, Italien, Mittelmeer, Bundesregierung, Europäische Union, NGO;2026-08-23T16:26:08+02:00;2026-08-23T16:26:08+02:00;;dpa;false
eac3626272c0026ea53f9238cab45401570f96b6845dea4549dc0cdee6989712;»Ich kann Pluralität ertragen und darin Schönheit sehen«;https://www.zeit.de/feuilleton/musik/2026-08/anna-handler-dirigentin-hollywood-bowl-los-angeles;Als Dirigentin macht Anna Handler vieles anders. Wir haben mit der 30-Jährigen über Beethoven und Hollywood gesprochen – und über Männer in der klassischen Musik.;"Z+ (abopflichtiger Inhalt);
        
    Anna Handler";Feuilleton, Anna Handler, Orchester, klassische Musik, Hollywood, Deutsche Oper, Salzburger Festspiele, Elias Canetti, Belfast, Berlin, Anna Handler, Dirigent;2026-08-23T16:25:07+02:00;2026-08-23T16:25:07+02:00;Magdalena Inou;;false
27b903577e413a8c2eb1be6f169e079a17ca28c57234e0f3c4ccaba910d340a6;Junge Waldrappe meistern erste Etappe nach Andalusien;https://www.zeit.de/news/2026-08/23/junge-waldrappe-meistern-erste-etappe-nach-andalusien;Hier finden Sie Informationen zu dem Thema „Etappenziel erreicht“. Lesen Sie jetzt „Junge Waldrappe meistern erste Etappe nach Andalusien“.;Etappenziel erreicht;News, Etappenziel erreicht, Andalusien, Spanien, Facebook, Waldrappe, Etappe, Etappenziel, Waldrappteam;2026-08-23T16:20:47+02:00;2026-08-23T16:20:47+02:00;;dpa Baden-Württemberg;false
4418e9a46bccd419c0f5e59dac29b6280a288f86e98ffdf9f2c3510ad6c620d3;Herthas Aufsteigerinnen gewinnen in Potsdam;https://www.zeit.de/news/2026-08/23/herthas-aufsteigerinnen-gewinnen-in-potsdam;Hier finden Sie Informationen zu dem Thema „2. Bundesliga“. Lesen Sie jetzt „Herthas Aufsteigerinnen gewinnen in Potsdam“.;2. Bundesliga;News, 2. Bundesliga, Potsdam, Hertha BSC, Hertha BSC Berlin, Bundesliga, Saisonsieg, Jokertor;2026-08-23T16:18:08+02:00;2026-08-23T16:18:08+02:00;;dpa Berlin/Brandenburg;false
e0a6df7ed90a67f1c8998f9816e4b2b63f280992b5f918c1df6ac59e71d0b07e;Tore fehlen: Fürther hadern und klagen nach Pokal-Aus;https://www.zeit.de/news/2026-08/23/tore-fehlen-fuerther-hadern-und-klagen-nach-pokal-aus;Hier finden Sie Informationen zu dem Thema „Fußball“. Lesen Sie jetzt „Tore fehlen: Fürther hadern und klagen nach Pokal-Aus“.;Fußball;News, Fußball, Felix Klaus, Christian Rasmussen, Heiko Vogel, Paul Will, Bochum, 1. FC Nürnberg, Deutscher Fußball-Bund, VfL Bochum, Frankenderby, Fußball;2026-08-23T16:07:21+02:00;2026-08-23T16:07:21+02:00;;dpa Bayern;false
54368728a32a38443ae6b6af58a081aa980f6f8cc92e1223bc7021889af5b0f1;100.000 Besucher beim 25. Schwedenfest in Wismar;https://www.zeit.de/news/2026-08/23/100-000-besucher-beim-25-schwedenfest-in-wismar;Hier finden Sie Informationen zu dem Thema „Volksfeste“. Lesen Sie jetzt „100.000 Besucher beim 25. Schwedenfest in Wismar“.;Volksfeste;News, Volksfeste, Wismar, Schwedenfest, Volksfest;2026-08-23T16:06:30+02:00;2026-08-23T16:06:30+02:00;;dpa Mecklenburg-Vorpommern;false
11de432d69658468bb9c9bf53d426f63319e436280116c76c68e57758fc2b7ee;Schlotterbeck zu Verletzungsstand: «Langwierige Geschichte»;https://www.zeit.de/news/2026-08/23/schlotterbeck-zu-verletzungsstand-langwierige-geschichte;Hier finden Sie Informationen zu dem Thema „Fußball-Bundesliga“. Lesen Sie jetzt „Schlotterbeck zu Verletzungsstand: «Langwierige Geschichte»“.;Fußball-Bundesliga;News, Fußball-Bundesliga, Nico Schlotterbeck, Fußball-Bundesliga, Verletzungsstand;2026-08-23T16:05:32+02:00;2026-08-23T16:05:32+02:00;;dpa Nordrhein-Westfalen;false
94ca821769e38ae0e6761b05bb21e928aaa044b059e3ccf75579a7a213c8dbea;Hamburgerin ist neue Heidekönigin von Amelinghausen;https://www.zeit.de/news/2026-08/23/hamburgerin-ist-neue-heidekoenigin-von-amelinghausen;Hier finden Sie Informationen zu dem Thema „Brauchtum“. Lesen Sie jetzt „Hamburgerin ist neue Heidekönigin von Amelinghausen“.;Brauchtum;News, Brauchtum, Amelinghausen, Brauchtum;2026-08-23T15:52:54+02:00;2026-08-23T15:52:54+02:00;;dpa Hamburg/Schleswig-Holstein;false
f6f71e4b51ba1f2fd594fef9b1a0a07593a2d89c3ba39d40b8d432352cbfc70e;Mann nach tätlichen Angriffen in Untersuchungshaft;https://www.zeit.de/news/2026-08/23/mann-nach-taetlichen-angriffen-in-untersuchungshaft;Hier finden Sie Informationen zu dem Thema „Angriff auf Menschen“. Lesen Sie jetzt „Mann nach tätlichen Angriffen in Untersuchungshaft“.;Angriff auf Menschen;News, Angriff auf Menschen, Ilmenau, Polizei, Untersuchungshaft, Angriff;2026-08-23T15:43:58+02:00;2026-08-23T15:43:58+02:00;;dpa Thüringen;false
9b026e48af62ed43d29c4a1ce64ff1c16a55fd02ae52c5b9ce358bed3ae9b02e;«Hochgradig peinlich»: Heidenheim-Debakel beim Viertligisten;https://www.zeit.de/news/2026-08/23/coup-fuer-jeddeloh-heidenheim-mit-debakel-beim-viertligisten;Hier finden Sie Informationen zu dem Thema „DFB-Pokal“. Lesen Sie jetzt „«Hochgradig peinlich»: Heidenheim-Debakel beim Viertligisten“.;DFB-Pokal;News, DFB-Pokal, Haris Hyseni, Frank Schmidt, Heidenheim, Viertligisten, Deutscher Fußball-Bund, 1. FC Heidenheim, SSV Jeddeloh, Bundesliga, Debakel, Demontage;2026-08-23T15:40:31+02:00;2026-08-23T15:40:31+02:00;;dpa Baden-Württemberg;false
0c74179afcdcee8a1bb60cca7b1f9d42be3a3e0bcd538306073cea0c82b48b98;Teures Tanken: Preis für E10 kurz vor Rekordhoch;https://www.zeit.de/news/2026-08/23/teures-tanken-preis-fuer-e10-kurz-vor-rekordhoch;Hier finden Sie Informationen zu dem Thema „Spritpreise“. Lesen Sie jetzt „Teures Tanken: Preis für E10 kurz vor Rekordhoch“.;Spritpreise;News, Spritpreise, ADAC, E10, Rekordhoch, Spritpreis, Superbenzin;2026-08-23T15:35:52+02:00;2026-08-23T15:35:52+02:00;;dpa;false
33fa1e744e6c4399008e50c6a502421e7870eda834925e8daf0eb2c7c9dd73bb;Etwa 100 Menschen demonstrieren nach Schuss auf 14-Jährigen in München;https://www.zeit.de/gesellschaft/zeitgeschehen/2026-08/polizei-muenchen-schuesse-14-jaehriger-softair-pistole;In München ist ein Schüler durch einen Polizeischuss verletzt worden. Demonstranten sprechen von einem Fall rassistischer Polizeigewalt. Der genaue Hergang ist unklar.;Polizeieinsatz in München;Gesellschaft, Polizeieinsatz in München, München, Polizei, Demonstration, Polizeigewalt, Körperverletzung;2026-08-23T15:33:39+02:00;2026-08-23T15:33:39+02:00;mga;DIE ZEIT,        dpa,        							mga;false
bc673395556064ebf9444dfad1394ec9f1be8de509f2cf1edd91a1ea97346c01;Heftiger Verstappen-Unfall beim Heimrennen;https://www.zeit.de/news/2026-08/23/heftiger-verstappen-unfall-beim-heimrennen;Hier finden Sie Informationen zu dem Thema „Formel 1“. Lesen Sie jetzt „Heftiger Verstappen-Unfall beim Heimrennen“.;Formel 1;News, Formel 1, Max Verstappen, Formel 1, Großer Preis der Niederlande, Heimrennen, Unfall, Steilkurve, Formel-1-Weltmeister;2026-08-23T15:19:19+02:00;2026-08-23T15:19:19+02:00;;dpa Sport;false
42503188c0fbb3ef22c550d72a7344aacc72f6823a07c4603ff14b539acc3e33;Meeresmuseum in Stralsund sieht sich weiterhin Drohungen ausgesetzt;https://www.zeit.de/wissenschaft/umwelt/2026-08/buckelwal-timmy-deutsches-meeresmuseum-stralsund-shitstorm-influencer;Wissenschaftler des Deutschen Meeresmuseums berichten Monate nach dem Tod des Buckelwals Timmy von Anfeindungen und Drohungen. Die Polizei prüft mehrere Fälle.;Buckelwal Timmy;Wissenschaft, Buckelwal Timmy, Buckelwal, Stralsund, Meeresforschung, Social Media;2026-08-23T15:16:17+02:00;2026-08-23T15:16:17+02:00;vha;DIE ZEIT,        dpa,        							vha;false
27a4872c26041bdd32f81b6d4e88c9dd65df50d44080feed50d3c02d694318cb;«Es ist unfassbar»: Jeddeloh II schafft Pokal-Sensation;https://www.zeit.de/news/2026-08/23/5-2-gegen-heidenheim-jeddeloh-ii-schafft-pokal-coup;Hier finden Sie Informationen zu dem Thema „DFB-Pokal“. Lesen Sie jetzt „«Es ist unfassbar»: Jeddeloh II schafft Pokal-Sensation“.;DFB-Pokal;News, DFB-Pokal, Haris Hyseni, Frank Schmidt, Heidenheim, Ammerland, Marschwegstadion, Deutscher Fußball-Bund, SSV Jeddeloh, 1. FC Heidenheim, Bundesliga;2026-08-23T15:13:31+02:00;2026-08-23T15:13:31+02:00;;dpa Niedersachsen;false
7215b442e5ba6f5f2054e413035d0e08527f5413dfa78489c9ae20f48f185c19;Drei Menschen bei Motorradunfällen erheblich verletzt;https://www.zeit.de/news/2026-08/23/drei-menschen-bei-motorradunfaellen-erheblich-verletzt;Hier finden Sie Informationen zu dem Thema „Westerwaldkreis und Koblenz“. Lesen Sie jetzt „Drei Menschen bei Motorradunfällen erheblich verletzt“.;Westerwaldkreis und Koblenz;News, Westerwaldkreis und Koblenz, Koblenz, Metternich, Polizei, Motorradunfall, Westerwaldkreis, Unfall, Motorrad, Auto;2026-08-23T15:12:46+02:00;2026-08-23T15:12:46+02:00;;dpa Rheinland-Pfalz/Saarland;false
5c7144d0815da3a63b1e84410f2076356a304a4b1998d7b130b19e63383fab95;Bayerns Ex-Landwirtschaftsminister Hans Maurer ist tot;https://www.zeit.de/news/2026-08/23/bayerns-ex-landwirtschaftsminister-hans-maurer-ist-tot;Hier finden Sie Informationen zu dem Thema „Früherer Minister gestorben“. Lesen Sie jetzt „Bayerns Ex-Landwirtschaftsminister Hans Maurer ist tot“.;Früherer Minister gestorben;News, Früherer Minister gestorben, Hans Maurer, Landwirtschaftsminister, Bayern, Klinikum Ansbach, CSU, Familie;2026-08-23T15:11:04+02:00;2026-08-23T15:11:04+02:00;;dpa Bayern;false
83cac84d9c017c8a247a13ea6b0aa9a189cfa5f39af80ca0fb86cf486ce6aaba;Schweden unter Schock: 17-Jährige stirbt bei Schwertangriff;https://www.zeit.de/news/2026-08/23/schweden-unter-schock-17-jaehrige-stirbt-bei-schwertangriff;Hier finden Sie Informationen zu dem Thema „Attacke an einer Schule“. Lesen Sie jetzt „Schweden unter Schock: 17-Jährige stirbt bei Schwertangriff“.;Attacke an einer Schule;News, Attacke an einer Schule, Ulf Kristersson, Tommy Alriksson, Fagersta, Stockholm, Polizei, Schwertangriff, Attacke, Familie;2026-08-23T15:10:00+02:00;2026-08-23T15:10:00+02:00;;dpa;false
29021889617105dedb3ae05cc39e2ced243e17aa5f694491cfa8d82446532758;Erneut Wahlplakate in Berlin zerstört;https://www.zeit.de/news/2026-08/23/erneut-wahlplakate-in-berlin-zerstoert;Hier finden Sie Informationen zu dem Thema „Vandalismus“. Lesen Sie jetzt „Erneut Wahlplakate in Berlin zerstört“.;Vandalismus;News, Vandalismus, Berlin, Schöneberg, Polizei, Alternative für Deutschland, Wahlplakat, Vandalismus, Abgeordnetenhaus;2026-08-23T15:08:12+02:00;2026-08-23T15:08:12+02:00;;dpa Berlin/Brandenburg;false
f941a95fed20812158aa77dadd0b1b28154eec5c3f25be58544b704eeefe438d;Wegen Buckelwal: Meeresmuseum erhält weiter Hassnachrichten;https://www.zeit.de/news/2026-08/23/wegen-buckelwal-meeresmuseum-erhaelt-weiter-hassnachrichten;Hier finden Sie Informationen zu dem Thema „Immer noch Shitstorm“. Lesen Sie jetzt „Wegen Buckelwal: Meeresmuseum erhält weiter Hassnachrichten“.;Immer noch Shitstorm;News, Immer noch Shitstorm, Stralsund, NGO, Deutsches Meeresmuseum, Deutsche Presse-Agentur, Buckelwal, Meeresmuseum, Hassnachricht, Ostseeküste, Bergung, Anfeindung;2026-08-23T15:04:52+02:00;2026-08-23T15:04:52+02:00;;dpa;false
79a4bf82e6a6766851a7150d0148496452a36f958be3faacd61e2c66538cdfaf;Effektive Bochumer gewinnen Zweitliga-Pokalduell in Fürth;https://www.zeit.de/news/2026-08/23/effektive-bochumer-gewinnen-zweitliga-pokalduell-in-fuerth;Hier finden Sie Informationen zu dem Thema „Fußball“. Lesen Sie jetzt „Effektive Bochumer gewinnen Zweitliga-Pokalduell in Fürth“.;Fußball;News, Fußball, Christian Rasmussen, Philipp Hofmann, Uwe Rösler, Timo Horn, Fürth, Franken, VfL Bochum, Deutscher Fußball-Bund, SpVgg Greuther Fürth, Fußball;2026-08-23T15:04:13+02:00;2026-08-23T15:04:13+02:00;;dpa Bayern;false
9338aaabdf78760793ba26b89ee13fa823a77ac0c60b520b4f6b25abbff8a952;»Sie wird uns nicht alle umbringen«;https://www.zeit.de/2026/36/ki-schauspielerin-tilly-norwood-filmindustrie-oscar-eline-van-der-velden;Die Produzentin und ehemalige Schauspielerin Eline van der Velden hat Tilly Norwood erfunden, die erste KI-Schauspielerin der Welt. Den Kollegen gefällt das gar nicht.;"Z+ (abopflichtiger Inhalt);
        
    KI-Schauspielerin";Digital, KI-Schauspielerin, Filmindustrie, Schauspieler, künstliche Intelligenz, Tilly Norwood;2026-08-23T15:02:33+02:00;2026-08-23T15:02:33+02:00;Amrai CoenEva Wolfangel;Aus der        ZEIT Nr. 36/2026;false
9b14bb42bc5c52c4dcdf108dc986ba2f40f08ed25857a36347abacff5e77c1e7;Helge Schneider bricht Konzert genervt ab – und kehrt zurück;https://www.zeit.de/news/2026-08/23/helge-schneider-bricht-konzert-genervt-ab-und-kehrt-zurueck;Hier finden Sie Informationen zu dem Thema „Kurioses Konzert“. Lesen Sie jetzt „Helge Schneider bricht Konzert genervt ab – und kehrt zurück“.;Kurioses Konzert;News, Kurioses Konzert, Helge Schneider, Ellwangen, Instagram, Landesgartenschau;2026-08-23T14:58:56+02:00;2026-08-23T14:58:56+02:00;;dpa Baden-Württemberg;false
4256295a2dd2822e5f2c9c2c73404b7312b26560491165ec3fcc3953ff541337;Streit zwischen USA und Kanada schürt Sorge vor Handelskrieg;https://www.zeit.de/news/2026-08/23/experte-warnt-vor-handelskrieg-zwischen-kanada-und-usa;Hier finden Sie Informationen zu dem Thema „Zollstreit eskaliert“. Lesen Sie jetzt „Streit zwischen USA und Kanada schürt Sorge vor Handelskrieg“.;Zollstreit eskaliert;News, Zollstreit eskaliert, Richard Fontaine, Donald Trump, Mark Carney, Doug Ford, Kanada, USA, Ottawa, X, Zollstreit, Handelskonflikt;2026-08-23T14:46:24+02:00;2026-08-23T14:46:24+02:00;;dpa;false
98af80294932eedff440f90063df55dd8ad75ba2c264a3a07ab01a32724bd47a;Unbekannter verletzt Pferd;https://www.zeit.de/news/2026-08/23/unbekannter-verletzt-pferd;Hier finden Sie Informationen zu dem Thema „Kriminalität“. Lesen Sie jetzt „Unbekannter verletzt Pferd“.;Kriminalität;News, Kriminalität, Polizei;2026-08-23T14:46:06+02:00;2026-08-23T14:46:06+02:00;;dpa Niedersachsen;false
49baa4a92cbb44c90cdce6d829b81a42b938039098c32ba2b3fe0a741c95b346;Mutmaßlicher Täter nach Angriff auf schwedische Schule in U-Haft;https://www.zeit.de/gesellschaft/2026-08/schwertangriff-fagersta-schweden-gymnasium-schuelerin;Nach dem Schwertangriff auf eine Schule in Schweden befindet sich der mutmaßliche Täter in Untersuchungshaft. Die Ermittlungen stehen laut Staatsanwaltschaft am Anfang.;Schwertangriff in Fagersta;Gesellschaft, Schwertangriff in Fagersta, Schweden, Untersuchungshaft, Polizei, Gewaltkriminalität, Schule;2026-08-23T14:45:43+02:00;2026-08-23T14:45:43+02:00;psc;DIE ZEIT,        AFP,        							psc;false
de667b6223ee678ed4c7a13e34dabb38f29b719d19f048fb4dd27a6c03e98a60;Iranischer Präsident Peseschkian will auf Konfliktlösung hinarbeiten;https://www.zeit.de/politik/ausland/2026-08/nahost-abkommen-iran-massud-peseschkian-donald-trump-usa;Weder Krieg noch Frieden: Massud Peseschkian spricht von einer »Pattsituation« im Nahen Osten. Die Absichtserklärung mit den USA biete einen Ausweg aus dieser Situation.;Naher Osten;Politik, Naher Osten, Iran, USA, Waffenruhe, Nahost, Donald Trump, Atomprogramm;2026-08-23T14:39:37+02:00;2026-08-23T14:39:37+02:00;mga;DIE ZEIT,        AFP,        AP,        dpa,        							mga;false
d21260ce108de83cb06036f7d864c2e0795a805cd66968cef67f814c1e4a29b9;Wieso ich plötzlich wieder mit meinem Handy spreche;https://www.zeit.de/digital/mobil/2026-08/google-pixel-11-smartphone-funktion-ki;Die neuen Pixel-Smartphones von Google erhalten ein neues, blinkendes HiLight. Aber das eigentliche Highlight ist eine andere, unscheinbare Funktion.;"Z+ (abopflichtiger Inhalt);
        
    Google Pixel 11";Digital, Google Pixel 11, Google, Smartphone, künstliche Intelligenz, Android, Technologie;2026-08-23T14:38:57+02:00;2026-08-23T14:38:57+02:00;Eike Kühl;;false
eafaca5fe5857f2afaf55901805b16e80d7f618f7ef5345d5f87e93f0140437d;Unfall auf der A12 - Frau und Kinder schwer verletzt;https://www.zeit.de/news/2026-08/23/unfall-auf-der-a12-frau-und-kinder-schwer-verletzt;Hier finden Sie Informationen zu dem Thema „Autobahn-Unfall“. Lesen Sie jetzt „Unfall auf der A12 - Frau und Kinder schwer verletzt“.;Autobahn-Unfall;News, Autobahn-Unfall, Polizei, Unfall, Auto;2026-08-23T14:34:26+02:00;2026-08-23T14:34:26+02:00;;dpa Berlin/Brandenburg;false
cb13435553835808700751d193b9cd0e019e21ba62e16e77a0d77a65888852aa;Badewarnung nach Fischsterben in Weiher bei Kulmbach;https://www.zeit.de/news/2026-08/23/badewarnung-nach-fischsterben-in-weiher-bei-kulmbach;Hier finden Sie Informationen zu dem Thema „Lieber nicht baden“. Lesen Sie jetzt „Badewarnung nach Fischsterben in Weiher bei Kulmbach“.;Lieber nicht baden;News, Lieber nicht baden, Kulmbach, Oberfranken, Badewarnung, Fischsterben;2026-08-23T14:24:04+02:00;2026-08-23T14:24:04+02:00;;dpa Bayern;false
804305cdf650a69ee16255513590c873d9711cd061dcc7d1ab50d0682da8d7f7;Handy-Ortung wurde Wohnmobil-Dieb zum Verhängnis;https://www.zeit.de/news/2026-08/23/handy-ortung-wurde-wohnmobil-dieb-zum-verhaengnis;Hier finden Sie Informationen zu dem Thema „Diebstähle“. Lesen Sie jetzt „Handy-Ortung wurde Wohnmobil-Dieb zum Verhängnis“.;Diebstähle;News, Diebstähle, Mühlhausen, Unstrut-Hainich-Kreis, Polizei, Verhängnis, Diebstahl, Fahrzeug;2026-08-23T14:21:03+02:00;2026-08-23T14:21:03+02:00;;dpa Thüringen;false
3734b3aba8e709e1041bacbfdd7f8a2c69321063805a52512fed344f2eba5b12;Würzburger Kickers hoffen auf Sensation gegen Köln;https://www.zeit.de/news/2026-08/23/wuerzburger-kickers-hoffen-auf-sensation-gegen-koeln;Hier finden Sie Informationen zu dem Thema „DFB-Pokal“. Lesen Sie jetzt „Würzburger Kickers hoffen auf Sensation gegen Köln“.;DFB-Pokal;News, DFB-Pokal, Said El, Michael Schiele, El Mala, Köln, Würzburger Kickers, Deutscher Fußball-Bund, 1. FC Köln, RTL, Erstrundenspiel, Hype;2026-08-23T14:20:01+02:00;2026-08-23T14:20:01+02:00;;dpa Bayern;false
341d0d7a67385538ad2b88456a6931ba148471aa554e7fe9b7795577fe28536b;Bedrohung mit Messer? Polizei nimmt Verdächtigen fest;https://www.zeit.de/news/2026-08/23/bedrohung-mit-messer-polizei-nimmt-verdaechtigen-fest;Hier finden Sie Informationen zu dem Thema „Bedrohungslage in München“. Lesen Sie jetzt „Bedrohung mit Messer? Polizei nimmt Verdächtigen fest“.;Bedrohungslage in München;News, Bedrohungslage in München, München, Polizei, Bedrohung, Bedrohungslage;2026-08-23T14:07:48+02:00;2026-08-23T14:07:48+02:00;;dpa Bayern;false
548a91ff50106ee476d104c09fbcbade4c72779651cc35ee3e5571b679f39867;64-Jährige kollidiert mit Baum und wird schwer verletzt;https://www.zeit.de/news/2026-08/23/64-jaehrige-kollidiert-mit-baum-und-wird-schwer-verletzt;Hier finden Sie Informationen zu dem Thema „Schwerer Unfall“. Lesen Sie jetzt „64-Jährige kollidiert mit Baum und wird schwer verletzt“.;Schwerer Unfall;News, Schwerer Unfall, Unfall;2026-08-23T14:00:49+02:00;2026-08-23T14:00:49+02:00;;dpa Hamburg/Schleswig-Holstein;false
fb0d611733d604b8e75eacfb14aa0e360b9fc6a3be98e6b3534289458bf6b6dd;Traktor weicht Auto aus und kippt um;https://www.zeit.de/news/2026-08/23/traktor-weicht-auto-aus-und-kippt-um;Hier finden Sie Informationen zu dem Thema „Unfallflucht“. Lesen Sie jetzt „Traktor weicht Auto aus und kippt um“.;Unfallflucht;News, Unfallflucht, Unterfranken, Traktor, Unfallflucht, Auto;2026-08-23T13:59:47+02:00;2026-08-23T13:59:47+02:00;;dpa Bayern;false
9a14ba577c8ab9993b474d598edd01c9402c07f382466179efe73a9c705b83e3;Betrunkener schneidet fremde Hecke;https://www.zeit.de/news/2026-08/23/betrunkener-schneidet-fremde-hecke;Hier finden Sie Informationen zu dem Thema „Sachbeschädigung“. Lesen Sie jetzt „Betrunkener schneidet fremde Hecke“.;Sachbeschädigung;News, Sachbeschädigung, Polizei, Schneide;2026-08-23T13:58:44+02:00;2026-08-23T13:58:44+02:00;;dpa Niedersachsen;false
91585c7702977e2351d75667ece6ef4ad709054f5fab4da61229cbfe6b7e9666;Unbekannte attackieren Räume der Linkspartei in Dinslaken;https://www.zeit.de/news/2026-08/23/unbekannte-attackieren-raeume-der-linkspartei-in-dinslaken;Hier finden Sie Informationen zu dem Thema „Staatsschutz ermittelt“. Lesen Sie jetzt „Unbekannte attackieren Räume der Linkspartei in Dinslaken“.;Staatsschutz ermittelt;News, Staatsschutz ermittelt, Dinslaken, Wesel, Die Linke, Staatsschutz, Farbschmiererei;2026-08-23T13:58:43+02:00;2026-08-23T13:58:43+02:00;;dpa Nordrhein-Westfalen;false
c670a7113c5761748e9deb7e15c77e1d047a9b8ab2f5b6dfd924cba1acf2cdee;Mann verfolgt Passanten in Kempten mit Messer;https://www.zeit.de/news/2026-08/23/mann-verfolgt-passanten-in-kempten-mit-messer;Hier finden Sie Informationen zu dem Thema „Stark alkoholisiert“. Lesen Sie jetzt „Mann verfolgt Passanten in Kempten mit Messer“.;Stark alkoholisiert;News, Stark alkoholisiert, Kempten, Allgäu, Polizei;2026-08-23T13:57:15+02:00;2026-08-23T13:57:15+02:00;;dpa Bayern;false
08eb6619051f312ddfb5ad3e83729554780f40579b8f5a319ae78547a7e63478;Zwei Deutsche bei Flugzeugabsturz in Kroatien getötet;https://www.zeit.de/news/2026-08/23/zwei-deutsche-bei-flugzeugabsturz-in-kroatien-getoetet;Hier finden Sie Informationen zu dem Thema „Flugunfall“. Lesen Sie jetzt „Zwei Deutsche bei Flugzeugabsturz in Kroatien getötet“.;Flugunfall;News, Flugunfall, Kroatien, Velebit-Gebirge, Tschechien, Zadar, Flugunfall, Fluggemeinschaft, Kleinflugzeug, Absturz, Flugzeugabsturz;2026-08-23T13:55:21+02:00;2026-08-23T13:55:21+02:00;;dpa Hamburg/Schleswig-Holstein;false
875568b7777c452fcddb55be4af0d326c96a7c631eed0db8081e4b2f8a7cc3c4;Hackerangriff legt britische Energieanlage tagelang lahm;https://www.zeit.de/digital/internet/2026-08/hackerangriff-grossbritannien-iran-energie-cybersecurity;Mutmaßlich iranische Hacker haben erstmals eine kleinere Energieanlage in Großbritannien angegriffen. Auswirkungen auf die allgemeine Stromversorgung gab es aber nicht.;Hackerangriff in Großbritannien;Digital, Hackerangriff in Großbritannien, Großbritannien, Iran, Hackerangriff, Stromversorgung, Cybersicherheit;2026-08-23T13:52:16+02:00;2026-08-23T13:52:16+02:00;psc;DIE ZEIT,        dpa,        							psc;false
0b569618a3e26e8f1d769228f2abe4eeae14519cd91ca9c34f8558d7ed3c0df4;Mann in Berlin geschlagen und rassistisch beleidigt;https://www.zeit.de/news/2026-08/23/mann-in-berlin-geschlagen-und-rassistisch-beleidigt;Hier finden Sie Informationen zu dem Thema „Attacke in Berlin“. Lesen Sie jetzt „Mann in Berlin geschlagen und rassistisch beleidigt“.;Attacke in Berlin;News, Attacke in Berlin, Berlin, Berlin-Friedrichshain, Attacke;2026-08-23T13:45:58+02:00;2026-08-23T13:45:58+02:00;;dpa Berlin/Brandenburg;false
e9c146d6a58d36c0a23f7ed3ff2093456d7a63b3e2e3d72f8a97072a3726aa32;86-Jähriger rammt Transporter – zwei Schwerverletzte;https://www.zeit.de/news/2026-08/23/86-jaehriger-rammt-transporter-zwei-schwerverletzte;Hier finden Sie Informationen zu dem Thema „Unfall im Vogtlandkreis“. Lesen Sie jetzt „86-Jähriger rammt Transporter – zwei Schwerverletzte“.;Unfall im Vogtlandkreis;News, Unfall im Vogtlandkreis, Falkenstein, Vogtlandkreis, Transporter, Unfall, Verkehrsunfall;2026-08-23T13:44:47+02:00;2026-08-23T13:44:47+02:00;;dpa Sachsen;false
8a18406ed284527065a8f035c19888109706ca8684c8737bc1c66887ddcbf662;Hamburger Teenager stürzt in Tirol vor Freunden in den Tod;https://www.zeit.de/news/2026-08/23/mann-aus-darmstadt-stuerzt-in-tirol-80-meter-in-den-tod;Hier finden Sie Informationen zu dem Thema „Unglück am Großglockner“. Lesen Sie jetzt „Hamburger Teenager stürzt in Tirol vor Freunden in den Tod“.;Unglück am Großglockner;News, Unglück am Großglockner, Darmstadt, Tirol, Österreich, Olperer, Alpen, Landkreis Darmstadt, Polizei, Bergunfall;2026-08-23T13:44:02+02:00;2026-08-23T13:44:02+02:00;;dpa;false
36e580b69bc5dd2aa1e11357632c7bec3e33d9c4518976bfc85558039250c6a1;Lage in Spanien nach Waldbrand und Starkregen stabilisiert;https://www.zeit.de/news/2026-08/23/lage-in-spanien-nach-waldbrand-und-starkregen-stabilisiert;Hier finden Sie Informationen zu dem Thema „Waldbrand und Unwetter“. Lesen Sie jetzt „Lage in Spanien nach Waldbrand und Starkregen stabilisiert“.;Waldbrand und Unwetter;News, Waldbrand und Unwetter, Spanien, Gátova, Goldküste, Segorbe, Mittelmeerküste, Blitzeinschlag, Waldbrand, Starkregen, Unwetter, Überschwemmung;2026-08-23T13:43:05+02:00;2026-08-23T13:43:05+02:00;;dpa;false
d568fe2111f58e11b30024104875a326b119ea6890ffb2b9fb71f945882f2b30;Rebellen und Regierung beschließen Plan für Waffenruhe im Ostkongo;https://www.zeit.de/politik/ausland/2026-08/m23-rebellen-ostkongo-waffenruhe-ruanda-monusco;Die M23-Rebellen und die kongolesische Regierung haben nächste Schritte in Richtung Frieden vereinbart. Zuletzt ging es mit der Waffenruhe im Kongo nur langsam voran.;DR Kongo;Politik, DR Kongo, Republik Kongo, Waffenruhe, Ruanda, Genf, Vereinte Nationen;2026-08-23T13:42:43+02:00;2026-08-23T13:42:43+02:00;tw;DIE ZEIT,        epd,        							tw;false
56adc0b729765b33699618945604deb3c2d3de1c2f564e89252d008dbcd7147c;Aggressiver Fahrer versucht Anhaltertrick – Führerschein weg;https://www.zeit.de/news/2026-08/23/aggressiver-fahrer-versucht-anhaltertrick-fuehrerschein-weg;Hier finden Sie Informationen zu dem Thema „Unfallflucht“. Lesen Sie jetzt „Aggressiver Fahrer versucht Anhaltertrick – Führerschein weg“.;Unfallflucht;News, Unfallflucht, Oberfranken, Anhaltertrick, Führerschein, Unfallflucht, Unfall;2026-08-23T13:42:08+02:00;2026-08-23T13:42:08+02:00;;dpa Bayern;false
8d0e87f76e11a91b020c20575d1f7dc8a0efe6a8557e1a4a3b273b020963d1f5;Autofahrer bedroht Fahrradfahrer nach Unfall;https://www.zeit.de/news/2026-08/23/autofahrer-bedroht-fahrradfahrer-nach-unfall;Hier finden Sie Informationen zu dem Thema „Hitzige Auseinandersetzung“. Lesen Sie jetzt „Autofahrer bedroht Fahrradfahrer nach Unfall“.;Hitzige Auseinandersetzung;News, Hitzige Auseinandersetzung, Frankfurt, Polizei, Unfall, Auseinandersetzung, Verkehrsunfall, Auto, Fahrrad;2026-08-23T13:40:49+02:00;2026-08-23T13:40:49+02:00;;dpa Hessen;false
19eb5cf334e39093ac68de0209e6e2d978557b582af3dea37b9c9db70940ec44;Roboter in China knacken Weltrekorde beim Sprint;https://www.zeit.de/news/2026-08/23/roboter-in-china-knacken-weltrekorde-beim-sprint;Hier finden Sie Informationen zu dem Thema „Roboter-Wettkampf“. Lesen Sie jetzt „Roboter in China knacken Weltrekorde beim Sprint“.;Roboter-Wettkampf;News, Roboter-Wettkampf, Usain Bolt, China, Peking, Rio de Janeiro, Olympische Spiele, Weltrekord, Halbmarathon;2026-08-23T13:39:24+02:00;2026-08-23T13:39:24+02:00;;dpa;false
bd373ed060eef6bfb1c4c6bca5dceaf73d8c15a44570249267a3c6d03f68d1fc;Hoher Sachschaden bei Brand im Landkreis Trier-Saarburg;https://www.zeit.de/news/2026-08/23/hoher-sachschaden-bei-brand-im-landkreis-trier-saarburg;Hier finden Sie Informationen zu dem Thema „Brände“. Lesen Sie jetzt „Hoher Sachschaden bei Brand im Landkreis Trier-Saarburg“.;Brände;News, Brände, Kenn, Landkreis Trier-Saarburg, Sachschaden, Gebäudebrand, Brand;2026-08-23T13:36:55+02:00;2026-08-23T13:36:55+02:00;;dpa Rheinland-Pfalz/Saarland;false
07f5803724e1cfb8f674dbb854eb78df9dd991580df7e85fc0631d53504c8625;Literatur, Kunst und Musik: Brandenburg vergibt Stipendien;https://www.zeit.de/news/2026-08/23/literatur-kunst-und-musik-brandenburg-vergibt-stipendien;Hier finden Sie Informationen zu dem Thema „Förderung der Kultur“. Lesen Sie jetzt „Literatur, Kunst und Musik: Brandenburg vergibt Stipendien“.;Förderung der Kultur;News, Förderung der Kultur, Brandenburg, Stipendium;2026-08-23T13:36:30+02:00;2026-08-23T13:36:30+02:00;;dpa Berlin/Brandenburg;false
2ea2ce4b1300eb09a79cf08190a9d6fd4c200950d1185736d8a98d0bfea7ee6f;Autofahrer kollidiert mit zehn geparkten Wagen;https://www.zeit.de/news/2026-08/23/autofahrer-kollidiert-mit-zehn-geparkten-wagen;Hier finden Sie Informationen zu dem Thema „Folgenreiche Fahrt“. Lesen Sie jetzt „Autofahrer kollidiert mit zehn geparkten Wagen“.;Folgenreiche Fahrt;News, Folgenreiche Fahrt, News;2026-08-23T13:35:45+02:00;2026-08-23T13:35:45+02:00;;dpa Bayern;false
03a617651661ab9080eaa1edf2847d7480e930e8ee95c2435e1988fbb69a93af;Vorfahrt genommen - 81-jähriger Autofahrer schwer verletzt;https://www.zeit.de/news/2026-08/23/vorfahrt-genommen-81-jaehriger-autofahrer-schwer-verletzt;Hier finden Sie Informationen zu dem Thema „Unfall“. Lesen Sie jetzt „Vorfahrt genommen - 81-jähriger Autofahrer schwer verletzt“.;Unfall;News, Unfall, Vorfahrt, Unfall, Auto;2026-08-23T13:30:21+02:00;2026-08-23T13:30:21+02:00;;dpa Sachsen;false
4cc5b7246eb7a690612c3a1895b13f6a1a5dfe22a15b4e70012d27c8ba18a0fe;Großeinsatz wegen Spielzeugpistolen – Würzburg in Aufregung;https://www.zeit.de/news/2026-08/23/grosseinsatz-wegen-spielzeugpistolen-wuerzburg-in-aufregung;Hier finden Sie Informationen zu dem Thema „Polizeieinsatz mit Entwarnung“. Lesen Sie jetzt „Großeinsatz wegen Spielzeugpistolen – Würzburg in Aufregung“.;Polizeieinsatz mit Entwarnung;News, Polizeieinsatz mit Entwarnung, Mann, Würzburg, Polizei, Spielzeugpistole, Polizeieinsatz, Großeinsatz;2026-08-23T13:29:12+02:00;2026-08-23T13:29:12+02:00;;dpa Bayern;false
5b426ad15964dc3611649721f23535c03e2f910a9006a236113f93cc58b39f97;Wetter in NRW: Montag trocken und etwas wärmer;https://www.zeit.de/news/2026-08/23/wetter-in-nrw-montag-trocken-und-etwas-waermer;Hier finden Sie Informationen zu dem Thema „Vorhersage“. Lesen Sie jetzt „Wetter in NRW: Montag trocken und etwas wärmer“.;Vorhersage;News, Vorhersage, NRW, Nordrhein-Westfalen, DWD, Vorhersage, Wetter, Starkregen;2026-08-23T13:24:04+02:00;2026-08-23T13:24:04+02:00;;dpa Nordrhein-Westfalen;false
5bb93efbb0e67785fd5ee0ae60b642d9015a3e63e6d5b1eadaacf3ada1d20036;«ZDF-Fernsehgarten» feiert Weihnachtsparty im August;https://www.zeit.de/news/2026-08/23/zdf-fernsehgarten-feiert-weihnachtsparty-im-august;Hier finden Sie Informationen zu dem Thema „Mit Plätzchen und Geschenken“. Lesen Sie jetzt „«ZDF-Fernsehgarten» feiert Weihnachtsparty im August“.;Mit Plätzchen und Geschenken;News, Mit Plätzchen und Geschenken, Andrea Kiewel, ZDF, Weihnachten, Weihnachtsparty, Plätzchen;2026-08-23T13:22:29+02:00;2026-08-23T13:22:29+02:00;;dpa Rheinland-Pfalz/Saarland;false
3dacc07f4ff0a9fd666c56db60368fe462aec36c273e21bf9a57881961fe2ba0;Heute ist alles politisch – aber ist das gut?;https://www.zeit.de/politik/deutschland/2026-08/politisierung-hyperpolitik-institutionen-demokratie-anton-jaeger;Der Ideenhistoriker Anton Jäger sagt, wir leben in einer Zeit der »Hyperpolitik«. Hier erklärt er, wer davon profitiert und was das für Sachsen-Anhalt bedeutet. ;Politisierung;Politik, Politisierung, Politikwissenschaft, Demokratie, Sachsen-Anhalt, Europa, Wirtschaftskrise;2026-08-23T13:19:43+02:00;2026-08-23T13:19:43+02:00;August ModersohnMarina Guldimann;;false
c9a5e5691e7eead6b3d0df81facb0b8d800f61566218ca9334c90c013b36389f;Harry Kane und Giulia Gwinn sind Deutschlands Fußballer des Jahres;https://www.zeit.de/sport/2026-08/harry-kane-fussballer-des-jahres-vincent-kompany-giulia-gwinn-bayern-muenchen;Bayern-Star Harry Kane ist Deutschlands Fußballer des Jahres. Mit Giulia Gwinn und Vincent Kompany kommen auch die Fußballerin und der Trainer des Jahres aus München.;FC Bayern München;Sport, FC Bayern München, Harry Kane, Vincent Kompany, Giulia Gwinn, FC Bayern München, Deniz Undav, Julian Schuster, VfB Stuttgart;2026-08-23T13:18:58+02:00;2026-08-23T13:18:58+02:00;mga;DIE ZEIT,        dpa,        SID,        							mga;false
0d20bba68a7fc90092148d00d3a773d0aff96573886f305c22fa3f205891d143;Rottweiler beißt 16-Jährige in den Arm;https://www.zeit.de/news/2026-08/23/rottweiler-beisst-16-jaehrige-in-den-arm;Hier finden Sie Informationen zu dem Thema „Angriff auf Feldweg“. Lesen Sie jetzt „Rottweiler beißt 16-Jährige in den Arm“.;Angriff auf Feldweg;News, Angriff auf Feldweg, Rottweiler, Angriff;2026-08-23T13:18:04+02:00;2026-08-23T13:18:04+02:00;;dpa Baden-Württemberg;false
fd0927aba20840f0307107cb02c1624f08fbe293ef3376349fab37b3ca6b95c1;Wir bauen uns eine Sonne;https://www.zeit.de/2026/36/kernfusion-energiequelle-reaktor-proxima-fusion-iter;Ein bayerisches Start-up will mit Kernfusion die Energieversorgung revolutionieren. Wer dessen Chef begleitet, stellt fest: Das ist weniger verrückt, als es klingt.;"Z+ (abopflichtiger Inhalt);
        
    Kernfusion";Wissenschaft, Kernfusion, Kernfusion, Energieversorgung, Physik, Forschung, Italien;2026-08-23T13:15:10+02:00;2026-08-23T13:15:10+02:00;Robert Gast;Aus der        ZEIT Nr. 36/2026;false
7c6d34cfa97c5e79d7e77403f98da7bc8eb86dfa96696e26dd5fbd3d8ec17224;Nach Supercup-Schlappe: BVB-Neuzugänge sorgen für Zuversicht;https://www.zeit.de/news/2026-08/23/nach-supercup-schlappe-bvb-neuzugaenge-sorgen-fuer-zuversicht;Hier finden Sie Informationen zu dem Thema „Fußball-Bundesliga“. Lesen Sie jetzt „Nach Supercup-Schlappe: BVB-Neuzugänge sorgen für Zuversicht“.;Fußball-Bundesliga;News, Fußball-Bundesliga, Ole Book, Niko Kovač, München, Dortmund, Borussia Dortmund, FC Bayern München, Supercup, Fußball-Bundesliga, Zuversicht, Heimniederlage;2026-08-23T13:14:36+02:00;2026-08-23T13:14:36+02:00;;dpa Nordrhein-Westfalen;false
207732c50330d0dff50c2177b79b6127c4850d6b543476214f692c9991e2eaf4;Mal wieder nicht zu stoppen? Bayern zeigen starke Frühform;https://www.zeit.de/news/2026-08/23/brown-glaenzt-in-neuer-rolle-unfassbar-schlauer-spieler;Hier finden Sie Informationen zu dem Thema „Fußball-Bundesliga“. Lesen Sie jetzt „Mal wieder nicht zu stoppen? Bayern zeigen starke Frühform“.;Fußball-Bundesliga;News, Fußball-Bundesliga, Nathaniel Brown, Bayern, Dortmund, Borussia Dortmund, FC Bayern München, Supercup, Fußball, Erfolg;2026-08-23T13:11:38+02:00;2026-08-23T13:11:38+02:00;;dpa Bayern;false
89ebebba0977dee4a86c230127f57961864259fb33cfd4a90d0e0a3ca4363b7f;Reaktionen des FC Bayern zur Wahl der «Fußballer des Jahres»;https://www.zeit.de/news/2026-08/23/reaktionen-des-fc-bayern-zur-wahl-der-fussballer-des-jahres;Hier finden Sie Informationen zu dem Thema „Fußball-Bundesliga“. Lesen Sie jetzt „Reaktionen des FC Bayern zur Wahl der «Fußballer des Jahres»“.;Fußball-Bundesliga;News, Fußball-Bundesliga, Herbert Hainer, Harry Kane, Giulia Gwinn, Vincent Kompany, München, FC Bayern München, Fußball-Bundesliga, Erfolg;2026-08-23T13:00:45+02:00;2026-08-23T13:00:45+02:00;;dpa Bayern;false
f477ac595e58cb2b6cd820c2a438c1274c0a022348ce85937c98c814998fd2d9;Mann in Verden angeschossen - im Krankenhaus gestorben;https://www.zeit.de/news/2026-08/23/mann-in-verden-angeschossen-im-krankenhaus-gestorben;Hier finden Sie Informationen zu dem Thema „Kriminalität“. Lesen Sie jetzt „Mann in Verden angeschossen - im Krankenhaus gestorben“.;Kriminalität;News, Kriminalität, Polizei;2026-08-23T12:57:47+02:00;2026-08-23T12:57:47+02:00;;dpa Niedersachsen;false
b70fa8694271045c16d2705f4db6fb36689fdd454b0e174fbe931b321fa24aa5;Kane ist Fußballer des Jahres - Auch Kompany und Gwinn vorne;https://www.zeit.de/news/2026-08/23/kane-ist-fussballer-des-jahres-auch-kompany-und-gwinn-vorne;Hier finden Sie Informationen zu dem Thema „Prestigeträchtige Wahl“. Lesen Sie jetzt „Kane ist Fußballer des Jahres - Auch Kompany und Gwinn vorne“.;Prestigeträchtige Wahl;News, Prestigeträchtige Wahl, Harry Kane, Vincent Kompany, Giulia Gwinn, Michael Olise, Deniz Undav, Julian Schuster, Bayern, VfB Stuttgart, Verband Deutscher Sportjournalisten, VDS;2026-08-23T12:51:00+02:00;2026-08-23T12:51:00+02:00;;dpa Baden-Württemberg;false
b88e07e36c0b8c01b73fdcb11eccaacc0dcf511463408516970358c43c1d6d88;Linnemann gegen Rentenkürzungen für pflegende Angehörige;https://www.zeit.de/news/2026-08/23/linnemann-will-rentenansprueche-fuer-pflegende-sichern;Hier finden Sie Informationen zu dem Thema „Pflege“. Lesen Sie jetzt „Linnemann gegen Rentenkürzungen für pflegende Angehörige“.;Pflege;News, Pflege, Carsten Linnemann, Karl Lauterbach, CDU, Bild am Sonntag, Rentenanspruch, Rente;2026-08-23T12:49:11+02:00;2026-08-23T12:49:11+02:00;;dpa;false
651036d770f92b2fccf146f165a8f7de0b36b339e73b2cc8df67948f44f70e0d;Wechsel von Goretzka zu Aston Villa angeblich perfekt;https://www.zeit.de/news/2026-08/23/wechsel-von-goretzka-zu-aston-villa-angeblich-perfekt;Hier finden Sie Informationen zu dem Thema „Vom FC Bayern nach England“. Lesen Sie jetzt „Wechsel von Goretzka zu Aston Villa angeblich perfekt“.;Vom FC Bayern nach England;News, Vom FC Bayern nach England, Leon Goretzka, England, München, Aston Villa, FC Bayern München, Sommer;2026-08-23T12:44:06+02:00;2026-08-23T12:44:06+02:00;;dpa Bayern;false
87c8fff97a57f173f20f4697374a837c685c42a0e1e81d37d8de0fc73520b3ad;Betrunkener Fahrer übersieht Polizei trotz Blaulicht;https://www.zeit.de/news/2026-08/23/betrunkener-fahrer-uebersieht-polizei-trotz-blaulicht;Hier finden Sie Informationen zu dem Thema „Kriminalität“. Lesen Sie jetzt „Betrunkener Fahrer übersieht Polizei trotz Blaulicht“.;Kriminalität;News, Kriminalität, Neuwied, Polizei, Blaulicht, Martinshorn, Polizeifahrzeug, Einsatzfahrt;2026-08-23T12:43:15+02:00;2026-08-23T12:43:15+02:00;;dpa Rheinland-Pfalz/Saarland;false
0cc392d1e17fa04d15f03d215cb97199f902a7693123c9e08a19fb551f5c6e43;Zwei Jugendliche bei Sturz mit Moped verletzt;https://www.zeit.de/news/2026-08/23/zwei-jugendliche-bei-sturz-mit-moped-verletzt;Hier finden Sie Informationen zu dem Thema „Unfall“. Lesen Sie jetzt „Zwei Jugendliche bei Sturz mit Moped verletzt“.;Unfall;News, Unfall, Unfall, Erzgebirgskreis;2026-08-23T12:40:31+02:00;2026-08-23T12:40:31+02:00;;dpa Sachsen;false
7079fc1a0b3a1802f25dfeff0c2235caa0351cecca309957092adcd6bc5d2d82;Rekord-Schülerzahlen verschärfen Platz- und Lehrermangel;https://www.zeit.de/news/2026-08/23/rekord-schuelerzahlen-verschaerfen-platz-und-lehrermangel;Hier finden Sie Informationen zu dem Thema „Start ins neue Schuljahr“. Lesen Sie jetzt „Rekord-Schülerzahlen verschärfen Platz- und Lehrermangel“.;Start ins neue Schuljahr;News, Start ins neue Schuljahr, Gordon Hoffmann, Katharina Günther-Wünsch, Berlin, Brandenburg, CDU, Lehrermangel, Schuljahr, Sommerferien, Klassenzimmer;2026-08-23T12:40:10+02:00;2026-08-23T12:40:10+02:00;;dpa Berlin/Brandenburg;false
eef1554cbad5827e914a2bf481d31c5e7c8f17e791deb5137b2ebdb2f6561cc5;Unbekannter schießt auf Kater;https://www.zeit.de/news/2026-08/23/unbekannter-schiesst-auf-kater;Hier finden Sie Informationen zu dem Thema „Tier verletzt“. Lesen Sie jetzt „Unbekannter schießt auf Kater“.;Tier verletzt;News, Tier verletzt, Polizei, Schusswaffe, Tiere;2026-08-23T12:39:55+02:00;2026-08-23T12:39:55+02:00;;dpa Bayern;false
5f0bff12d6c8b31c9f3016248da4b2d109ee672414ab655978bc8cd9228d824d;Großbrand in Bergheim nach 37 Stunden gelöscht;https://www.zeit.de/news/2026-08/23/grossbrand-in-bergheim-nach-37-stunden-geloescht;Hier finden Sie Informationen zu dem Thema „Feuerwehr-Dauereinsatz“. Lesen Sie jetzt „Großbrand in Bergheim nach 37 Stunden gelöscht“.;Feuerwehr-Dauereinsatz;News, Feuerwehr-Dauereinsatz, Bergheim, Köln, Feuerwehr, Großbrand, Gewerbegebiet, Gitterboxen;2026-08-23T12:39:20+02:00;2026-08-23T12:39:20+02:00;;dpa Nordrhein-Westfalen;false
c8880b326c7cc2f30413c248cd36111d914b3426b0ea76672753eb6de039f09f;Nächtliche Sperrung der A1 Richtung Lübeck startet Montag;https://www.zeit.de/news/2026-08/23/naechtliche-sperrung-der-a1-richtung-luebeck-startet-montag;Hier finden Sie Informationen zu dem Thema „Vollsperrung“. Lesen Sie jetzt „Nächtliche Sperrung der A1 Richtung Lübeck startet Montag“.;Vollsperrung;News, Vollsperrung, Lübeck, Sperrung, Vollsperrung, Autobahnkreuz;2026-08-23T12:36:42+02:00;2026-08-23T12:36:42+02:00;;dpa Hamburg/Schleswig-Holstein;false
81996e17692f21e0bea29720871632a45da16355cb982337f8ec1112372e394f;Sonne und milde Temperaturen – dann folgt Regen im Südwesten;https://www.zeit.de/news/2026-08/23/sonne-und-milde-temperaturen-dann-folgt-regen-im-suedwesten;Hier finden Sie Informationen zu dem Thema „Wetterbericht“. Lesen Sie jetzt „Sonne und milde Temperaturen – dann folgt Regen im Südwesten“.;Wetterbericht;News, Wetterbericht, Schwarzwald, Baden-Württemberg, DWD, Südwesten, Temperatur, Wetterbericht, Sonntagsausflug, Wetter;2026-08-23T12:36:18+02:00;2026-08-23T12:36:18+02:00;;dpa Baden-Württemberg;false
8a1f5b1d03f08f55b26878cdeb7016d5b1b1c4eed89dc03d79934ae48ab0df17;Brand in Garagenkomplex in Havelberg;https://www.zeit.de/news/2026-08/23/brand-in-garagenkomplex-in-havelberg;Hier finden Sie Informationen zu dem Thema „Feuerwehreinsatz“. Lesen Sie jetzt „Brand in Garagenkomplex in Havelberg“.;Feuerwehreinsatz;News, Feuerwehreinsatz, Havelberg, Polizei, Garagenkomplex, Feuerwehreinsatz;2026-08-23T12:35:46+02:00;2026-08-23T12:35:46+02:00;;dpa Sachsen;false
df4a98e7f191d7a42ac3bb1ba16ebe5bdffb1a73119bf74c267f7b6409733a86;Schwelendes Handtuch löst Großeinsatz bei Hochzeitsfeier aus;https://www.zeit.de/news/2026-08/23/schwelendes-handtuch-loest-grosseinsatz-bei-hochzeitsfeier-aus;Hier finden Sie Informationen zu dem Thema „Feuer“. Lesen Sie jetzt „Schwelendes Handtuch löst Großeinsatz bei Hochzeitsfeier aus“.;Feuer;News, Feuer, Heroldstatt, Hochzeitsfeier, Feuerwehreinsatz, Großeinsatz, Ort;2026-08-23T12:35:07+02:00;2026-08-23T12:35:07+02:00;;dpa Baden-Württemberg;false
98c3c1cbcde05940bbb55150ed2821795facdd18e527520649d17d3523591d69;Alte Handgranate am Starnberger See - wohl aus Kriegszeiten;https://www.zeit.de/news/2026-08/23/alte-handgranate-am-starnberger-see-wohl-aus-kriegszeiten;Hier finden Sie Informationen zu dem Thema „Granatenfund“. Lesen Sie jetzt „Alte Handgranate am Starnberger See - wohl aus Kriegszeiten“.;Granatenfund;News, Granatenfund, Starnberger See, Starnberg, Polizei, Granatenfund, Kriegszeit;2026-08-23T12:34:42+02:00;2026-08-23T12:34:42+02:00;;dpa Bayern;false
82da7a51bd9347f83a8282c24f4a159438b02b5a68806d8f18ef91765027b191;CDU-Abgeordneter offen für Gespräche mit Linken in Sachsen-Anhalt;https://www.zeit.de/politik/deutschland/2026-08/cdu-linke-sachsen-anhalt-zusammenarbeit-unvereinbarkeitsbeschluss-landtagswahl;Angesichts der potenziell schwierigen Regierungsbildung in Sachsen-Anhalt befürwortet ein CDU-Politiker Gespräche mit der Linken. Eine Koalition schließt er jedoch aus.;Landtagswahl in Sachsen-Anhalt;Politik, Landtagswahl in Sachsen-Anhalt, CDU, Sachsen-Anhalt, Die Linke, Alternative für Deutschland, Magdeburg, Landtagswahl;2026-08-23T12:34:28+02:00;2026-08-23T12:34:28+02:00;tw;DIE ZEIT,        dpa,        							tw;false
0453229f6d6e36e1560641cda40cb9b655cc9207587de1f323fb2305a85c3fdb;Bewohner stirbt bei Wohnungsbrand;https://www.zeit.de/news/2026-08/23/bewohner-stirbt-bei-wohnungsbrand;Hier finden Sie Informationen zu dem Thema „Ursache unklar“. Lesen Sie jetzt „Bewohner stirbt bei Wohnungsbrand“.;Ursache unklar;News, Ursache unklar, Feuerwehr, Wohnungsbrand, Dachgeschosswohnung;2026-08-23T12:32:53+02:00;2026-08-23T12:32:53+02:00;;dpa Nordrhein-Westfalen;false
a3376bc4733757f11328a4d8fe5ca12c7fcb55eaccf3bc2a2c2649f9a1d54940;Wo ab Dienstag die Sonne am meisten scheint;https://www.zeit.de/news/2026-08/23/wo-ab-dienstag-die-sonne-am-meisten-scheint;Hier finden Sie Informationen zu dem Thema „Wetter im Norden“. Lesen Sie jetzt „Wo ab Dienstag die Sonne am meisten scheint“.;Wetter im Norden;News, Wetter im Norden, Schleswig-Holstein, Ostsee, Mecklenburg-Vorpommern, DWD, Wetter, Sommer;2026-08-23T12:32:32+02:00;2026-08-23T12:32:32+02:00;;dpa Hamburg/Schleswig-Holstein;false
0499feab9bd4c8a1aa525b69660bf7edb830960f0669079a88093b0ab4e44e68;Sieben Verletzte bei Autounfall in Aurich;https://www.zeit.de/news/2026-08/23/sieben-verletzte-bei-autounfall-in-aurich;Hier finden Sie Informationen zu dem Thema „Unfälle“. Lesen Sie jetzt „Sieben Verletzte bei Autounfall in Aurich“.;Unfälle;News, Unfälle, Aurich, Unfall, Autounfall, Auto;2026-08-23T12:30:20+02:00;2026-08-23T12:30:20+02:00;;dpa Niedersachsen;false
406d520aacd5f3779b86d4bc5d20f5f28fb05f85bb5264a7b4c76cf1ddbd5ba6;Finale: Beim Moritzburg Festival ist «alles im Fluss»;https://www.zeit.de/news/2026-08/23/finale-beim-moritzburg-festival-ist-alles-im-fluss;Hier finden Sie Informationen zu dem Thema „Musik“. Lesen Sie jetzt „Finale: Beim Moritzburg Festival ist «alles im Fluss»“.;Musik;News, Musik, Josep Caballé, Bedrich Smetana, Richard Wagner, Robert Schumann, Johann Strauss, Jan Vogler, Moritzburg, Moldau, Donau, Dresden;2026-08-23T12:29:22+02:00;2026-08-23T12:29:22+02:00;;dpa Sachsen;false
19ae22cc70bb4f6268f40eaa632439e51f29f6c81a7d56c5f052a12bd5da2ba3;Roboter unterbietet laut chinesischen Medien 100-Meter-Weltrekord;https://www.zeit.de/digital/mobil/2026-08/world-humanoid-robot-games-peking-humanoide-roboter-china;In China soll ein humanoider Roboter über 100 Meter schneller gelaufen sein als Usain Bolt. Der Sprint endete für den Roboter abrupt vor einer Schutzmatte.;World Humanoid Robot Games;Digital, World Humanoid Robot Games, Roboter, China, Leichtathletik, Weltrekord, Usain Bolt, Peking;2026-08-23T12:28:25+02:00;2026-08-23T12:28:25+02:00;psc;DIE ZEIT,        dpa,        							psc;false
cc0c885b4717cf5b1b5c2140aa5d7f8d887a1107dfc2ce451510665f9d97fabf;Schwierige Berufswahl: Schüler nutzen Praktika mit Prämie;https://www.zeit.de/news/2026-08/23/schwierige-berufswahl-schueler-nutzen-praktika-mit-praemie;Hier finden Sie Informationen zu dem Thema „Thüringer Handwerk“. Lesen Sie jetzt „Schwierige Berufswahl: Schüler nutzen Praktika mit Prämie“.;Thüringer Handwerk;News, Thüringer Handwerk, Thomas Malcherek, Thüringen, Berufswahl, Praktikumsprämie, Praktika, Praktikumswoche, Prämie, Handwerkstag, Sommer;2026-08-23T12:20:26+02:00;2026-08-23T12:20:26+02:00;;dpa Thüringen;false
0e2b3b51e60baefbae13d91a263d978a214ee6d2ca02fc93ebf0e32cbe40e6be;Wollitz warnt weiter trotz Cottbuser Leidenschaft;https://www.zeit.de/news/2026-08/23/wollitz-warnt-weiter-trotz-cottbuser-leidenschaft;Hier finden Sie Informationen zu dem Thema „DFB-Pokal“. Lesen Sie jetzt „Wollitz warnt weiter trotz Cottbuser Leidenschaft“.;DFB-Pokal;News, DFB-Pokal, Claus-Dieter Wollitz, Augsburg, Cottbus, Deutscher Fußball-Bund, Energie Cottbus, FC Augsburg, Leidenschaft, Ungerechtigkeit, Gott;2026-08-23T12:13:49+02:00;2026-08-23T12:13:49+02:00;;dpa Berlin/Brandenburg;false
411683c7a1604860a8ee2f8415d04819f60b1ae171ac2543567347659a65c590;Rot im Supercup: Diese Strafe droht Dortmunds Bensebaini;https://www.zeit.de/news/2026-08/23/rot-im-supercup-diese-strafe-droht-dortmunds-bensebaini;Hier finden Sie Informationen zu dem Thema „Fußball“. Lesen Sie jetzt „Rot im Supercup: Diese Strafe droht Dortmunds Bensebaini“.;Fußball;News, Fußball, Ramy Bensebaini, Dortmund, Borussia Dortmund, FC Bayern München, Deutscher Fußball-Bund, Supercup, Fußball;2026-08-23T12:13:32+02:00;2026-08-23T12:13:32+02:00;;dpa Bayern;false
a0b9917e40adb9e52001a54d78a7efd61016bb322aac6e32c0e714692087deb4;Polen kämpft gegen Ausbreitung der giftigen Goldalge;https://www.zeit.de/wissenschaft/umwelt/2026-08/fischsterben-gleiwitzer-kanal-oder-goldalge-polen-gxe;Erneut sterben in polnischen Gewässern Fische, und wieder ist eine Alge schuld: Polnische Behörden gehen in einem Nebengewässer der Oder gegen die Goldalge vor.;Fischsterben;Wissenschaft, Fischsterben, Polen, Fischsterben, Meeresforschung, Fisch, Tierschutz, Alge;2026-08-23T12:06:59+02:00;2026-08-23T12:06:59+02:00;mga;DIE ZEIT,        dpa,        							mga;false
8b28792d4f211f1953f32d2c740b57be5fdeeb3dd7b52c6c76c36d4236699c37;Mit Gullydeckel: Männer brechen in Supermarkt ein;https://www.zeit.de/news/2026-08/23/mit-gullydeckel-maenner-brechen-in-supermarkt-ein;Hier finden Sie Informationen zu dem Thema „Berlin“. Lesen Sie jetzt „Mit Gullydeckel: Männer brechen in Supermarkt ein“.;Berlin;News, Berlin, Mann, Berlin, Gullydeckel, Supermarkt;2026-08-23T12:06:24+02:00;2026-08-23T12:06:24+02:00;;dpa Berlin/Brandenburg;false
3cb6b475c15f4449ccc3a76b1018310ed7b113091957982adbd194a53f1ecc79;Motorradfahrer stürzt bei Stuntversuch;https://www.zeit.de/news/2026-08/23/motorradfahrer-stuerzt-bei-stuntversuch;Hier finden Sie Informationen zu dem Thema „«Wheelie»“. Lesen Sie jetzt „Motorradfahrer stürzt bei Stuntversuch“.;«Wheelie»;News, «Wheelie», Stuntversuch, Motorrad;2026-08-23T12:01:23+02:00;2026-08-23T12:01:23+02:00;;dpa Baden-Württemberg;false
f0f7c500a44e74a05076084772b24c2df32faf8c24091a699bc5ab421dd17de6;Darmkeim-Infektionen in Kinderklinik: Frühchen gestorben;https://www.zeit.de/news/2026-08/23/darmkeim-infektionen-in-kinderklinik-fruehchen-gestorben;Hier finden Sie Informationen zu dem Thema „Aufnahmestopp“. Lesen Sie jetzt „Darmkeim-Infektionen in Kinderklinik: Frühchen gestorben“.;Aufnahmestopp;News, Aufnahmestopp, St. Louise, St. Vincenz, Kinderklinik, Aufnahmestopp, Darmbakterium, Intensivstation;2026-08-23T12:00:56+02:00;2026-08-23T12:00:56+02:00;;dpa;false
45869a47c74c741fea3cf8be0cb2abab693aea4fdb04f456d46e66231f8d0bc5;Harry Kane ist Fußballer des Jahres - Kompany bester Coach;https://www.zeit.de/news/2026-08/23/harry-kane-ist-fussballer-des-jahres-kompany-bester-coach;Hier finden Sie Informationen zu dem Thema „Fußball“. Lesen Sie jetzt „Harry Kane ist Fußballer des Jahres - Kompany bester Coach“.;Fußball;News, Fußball, News;2026-08-23T12:00:15+02:00;2026-08-23T12:00:15+02:00;;dpa;false
4b26f11f21d9ec279d22fd91af35723497d98eadb0ae63c4802d17772c8a0a94;Missglücktes Überholmanöver - Biker außer Lebensgefahr;https://www.zeit.de/news/2026-08/23/missgluecktes-ueberholmanoever-biker-ausser-lebensgefahr;Hier finden Sie Informationen zu dem Thema „Zu schnell unterwegs“. Lesen Sie jetzt „Missglücktes Überholmanöver - Biker außer Lebensgefahr“.;Zu schnell unterwegs;News, Zu schnell unterwegs, Kronach, Überholmanöver, Lebensgefahr, Motorradunfall;2026-08-23T11:57:25+02:00;2026-08-23T11:57:25+02:00;;dpa Bayern;false
697e783571a84aad78077e94a6b301ce8796e309b435374e78ef7d399edac346;Sonne und bis 28 Grad - schönes Sommerwetter zu Wochenbeginn;https://www.zeit.de/news/2026-08/23/sonne-und-bis-28-grad-schoenes-sommerwetter-zu-wochenbeginn;Hier finden Sie Informationen zu dem Thema „Wetter-Vorhersage“. Lesen Sie jetzt „Sonne und bis 28 Grad - schönes Sommerwetter zu Wochenbeginn“.;Wetter-Vorhersage;News, Wetter-Vorhersage, Nico Bauer, DWD, Südwesten, Sommertag, Wetter;2026-08-23T11:53:23+02:00;2026-08-23T11:53:23+02:00;;dpa;false
510a456a6c022c85fd06ddf71a30d0ad01cb56d0cf1dc357f979c680985b5f53;Warum sagen jetzt alle »Wir gehen rein«?;https://www.zeit.de/feuilleton/2026-08/internetsprache-ausdruck-worte-spziale-medien;Ein kleiner Satz macht Karriere. Na, dann gehen wir mal rein. In einen Satz, der viel mehr über unser Verhältnis zur Welt verrät, als es auf den ersten Blick scheint.;"Z+ (abopflichtiger Inhalt);
        
    Internetsprache";Feuilleton, Internetsprache, Soziale Medien, Sprache, Instagram, Internet, Jugendliche;2026-08-23T11:52:49+02:00;2026-08-23T11:52:49+02:00;Rabea Weihser;;false
da4c3c2121a846a278c9919039fff0bb497398da363266ca092bd49891b653f1;Die blaue China-Connection;https://www.zeit.de/2026/36/fpoe-china-mario-kunasek-udo-landbauer-kontakte-wirtschaft;Die FPÖ baut ihre Kontakte zu China aus. Hintertreibt sie damit die Bemühungen der EU-Länder um eine härtere Gangart gegenüber Peking?;"Z+ (abopflichtiger Inhalt);
        
    FPÖ-Politiker in China";Politik, FPÖ-Politiker in China, China, Peking, Österreich, FPÖ, Europäische Union;2026-08-23T11:52:16+02:00;2026-08-23T11:52:16+02:00;Simone Brunner;Aus der        ZEIT Nr. 36/2026;false
368b0b8f5eefdcfd2e30c4f125d1c2b4d21dbe56a36ef2edfa1a97ae40cb67d1;Das ist doch völliger Quark;https://www.zeit.de/zeit-magazin/wochenmarkt/2026-08/quarkboard-oelvariation-sonntagsessen;Fett ist zu Unrecht verteufelt. Es ist Geschmacksträger und in Maßen sogar gesund. Hier kommen gleich zweierlei Fette zusammen zu einem köstlichen Ganzen.;"Z+ (abopflichtiger Inhalt);
        
    Quarkboard mit Ölvariation";vegetarische Rezepte, Aufstriche, Brot, Party-Rezept;2026-08-23T11:51:46+02:00;2026-08-23T11:51:46+02:00;Eva Biringer;;false
81d127b37e195304921140681ef33e87c4ff918a1904816132875debef9161ab;27-jähriger Motorradfahrer gerät in Gegenverkehr - tot;https://www.zeit.de/news/2026-08/23/27-jaehriger-motorradfahrer-geraet-in-gegenverkehr-tot;Hier finden Sie Informationen zu dem Thema „Tragischer Tod“. Lesen Sie jetzt „27-jähriger Motorradfahrer gerät in Gegenverkehr - tot“.;Tragischer Tod;News, Tragischer Tod, Balve, Dortmund, Polizei, Gegenverkehr, Motorradunfall, Rechtskurve;2026-08-23T11:48:27+02:00;2026-08-23T11:48:27+02:00;;dpa Nordrhein-Westfalen;false
34f21b732ffe4672a891545d6199e78acb102b112069fd8bb37510ee2a361c2e;VW-Chef beschwört Zusammenhalt: «Alle müssen mitziehen»;https://www.zeit.de/news/2026-08/23/vw-chef-beschwoert-zusammenhalt-alle-muessen-mitziehen;Hier finden Sie Informationen zu dem Thema „Vor Betriebsversammlungen“. Lesen Sie jetzt „VW-Chef beschwört Zusammenhalt: «Alle müssen mitziehen»“.;Vor Betriebsversammlungen;News, Vor Betriebsversammlungen, Oliver Blume, VW, Volkswagen, Bild am Sonntag, Betriebsversammlung, Branchenkrise;2026-08-23T11:46:43+02:00;2026-08-23T11:46:43+02:00;;dpa Hessen;false
6d4461e1e12a61b625152cb432c6cdbdd2e41195f8fad9f338639d69e5671806;Nürnberger Nervenspiel: Reichert rettet Zittersieg;https://www.zeit.de/news/2026-08/23/nuernberger-nervenspiel-reichert-rettet-zittersieg;Hier finden Sie Informationen zu dem Thema „DFB-Pokal“. Lesen Sie jetzt „Nürnberger Nervenspiel: Reichert rettet Zittersieg“.;DFB-Pokal;News, DFB-Pokal, Jan Reichert, Miroslav Klose, Pascal Fallmann, Nürnberg, Köln, Viktoria Köln, Deutscher Fußball-Bund, Nervenspiel, Zittersieg, Glanztat;2026-08-23T11:46:39+02:00;2026-08-23T11:46:39+02:00;;dpa Bayern;false
12aa029c03575f547b18301e9de2752f2c735d593ecf519e1b48210ce2bf37c4;Demo nach Polizeischuss auf Schüler;https://www.zeit.de/news/2026-08/23/demo-nach-polizeischuss-auf-schueler;Hier finden Sie Informationen zu dem Thema „München“. Lesen Sie jetzt „Demo nach Polizeischuss auf Schüler“.;München;News, München, München, Polizei, Polizeischuss, Polizeigewalt, Spielzeug;2026-08-23T11:46:02+02:00;2026-08-23T11:46:02+02:00;;dpa Bayern;false
b6dc51e29d1268bec2cb64b491fc53a475d76811bf70881cf1340a7a6bb91072;Fahrer rast mit Tempo 169 auf Autobahn zu;https://www.zeit.de/news/2026-08/23/fahrer-rast-mit-tempo-169-auf-autobahn-zu;Hier finden Sie Informationen zu dem Thema „Polizeikontrolle“. Lesen Sie jetzt „Fahrer rast mit Tempo 169 auf Autobahn zu“.;Polizeikontrolle;News, Polizeikontrolle, Polizei, Polizeikontrolle, Autobahn;2026-08-23T11:40:52+02:00;2026-08-23T11:40:52+02:00;;dpa Berlin/Brandenburg;false
a334a0b86ac1d9e42d27cef7b28b9db1743aa10c1fa63ca57d7eacbe1606326d;Uhu auf der Straße: 14-Jähriger überschlägt sich mit Auto;https://www.zeit.de/news/2026-08/23/uhu-auf-der-strasse-14-jaehriger-ueberschlaegt-sich-mit-auto;Hier finden Sie Informationen zu dem Thema „Nächtliche Spritztour“. Lesen Sie jetzt „Uhu auf der Straße: 14-Jähriger überschlägt sich mit Auto“.;Nächtliche Spritztour;News, Nächtliche Spritztour, Polizei, Uhu, Spritztour, Auto;2026-08-23T11:40:43+02:00;2026-08-23T11:40:43+02:00;;dpa Baden-Württemberg;false
7d81e72cde205d2f0e4eb42b7ccde575580541e4a4fd5959ed11eca92cb243ae;Schauer und Gewitter zum Wochenbeginn in Hessen möglich;https://www.zeit.de/news/2026-08/23/schauer-und-gewitter-zum-wochenbeginn-in-hessen-moeglich;Hier finden Sie Informationen zu dem Thema „Wetter“. Lesen Sie jetzt „Schauer und Gewitter zum Wochenbeginn in Hessen möglich“.;Wetter;News, Wetter, Hessen, DWD, Gewitter, Wetter;2026-08-23T11:35:18+02:00;2026-08-23T11:35:18+02:00;;dpa Hessen;false
8a05b19b7a82e2b2dc705261c8ba81e9f028eb56c1559a62db83b46d797db80c;Regen und Gewitter ab Dienstag;https://www.zeit.de/news/2026-08/23/regen-und-gewitter-ab-dienstag;Hier finden Sie Informationen zu dem Thema „Wetter“. Lesen Sie jetzt „Regen und Gewitter ab Dienstag“.;Wetter;News, Wetter, Saarland, Rheinland-Pfalz, DWD, Gewitter, Wetter;2026-08-23T11:34:46+02:00;2026-08-23T11:34:46+02:00;;dpa Rheinland-Pfalz/Saarland;false
f356385cff8441b127dee0375cda4bbea8e0786c6fec710321b9f37ad04f1484;In Leitplanke gefahren: Schwerverletzte Autofahrerin auf A4;https://www.zeit.de/news/2026-08/23/in-leitplanke-gefahren-schwerverletzte-autofahrerin-auf-a4;Hier finden Sie Informationen zu dem Thema „Unfall“. Lesen Sie jetzt „In Leitplanke gefahren: Schwerverletzte Autofahrerin auf A4“.;Unfall;News, Unfall, Leitplanke, Auto;2026-08-23T11:34:09+02:00;2026-08-23T11:34:09+02:00;;dpa Sachsen;false
b5e30215ab9854a4de5842586bcf36a7dcf9a47241b87323000a27449198bc08;Güterzug prallt gegen Auto - Fahrer befreit sich selbst;https://www.zeit.de/news/2026-08/23/gueterzug-prallt-gegen-auto-fahrer-befreit-sich-selbst;Hier finden Sie Informationen zu dem Thema „Unfall an Bahnübergang“. Lesen Sie jetzt „Güterzug prallt gegen Auto - Fahrer befreit sich selbst“.;Unfall an Bahnübergang;News, Unfall an Bahnübergang, Ratingen, Feuerwehr, Güterzug, Unfall, Auto;2026-08-23T11:33:02+02:00;2026-08-23T11:33:02+02:00;;dpa Nordrhein-Westfalen;false
baf0294cbe8839b25a586e1de697e60dcbb6900ea2d670dbf6a227cd414c26e0;Erneut brennen zahlreiche Mülltonnen in Wiesbaden;https://www.zeit.de/news/2026-08/23/erneut-brennen-zahlreiche-muelltonnen-in-wiesbaden;Hier finden Sie Informationen zu dem Thema „Zusätzliches Personal nötig“. Lesen Sie jetzt „Erneut brennen zahlreiche Mülltonnen in Wiesbaden“.;Zusätzliches Personal nötig;News, Zusätzliches Personal nötig, Wiesbaden, Feuerwehr, Mülltonne, Brandserie, Brand;2026-08-23T11:29:14+02:00;2026-08-23T11:29:14+02:00;;dpa Hessen;false
cb851d392e3ecc44c6aaf5d23f7f9e3787041d473affd93956d218dcd96ae97b;Selenskyj warnt vor »großem Risiko« durch Wahlen während des Krieges;https://www.zeit.de/politik/ausland/2026-08/neuwahlen-ukraine-wolodymyr-selenskyj-verbot-krieg-mychailo-federow;Der ukrainische Präsident weist Forderungen seines früheren Verteidigungsministers zurück: Wahlen im Kriegszustand kämen einem Tsunami gleich, der das Land spalten könne.;Ukraine;Politik, Ukraine, Wolodymyr Selenskyj, Krieg in der Ukraine, Neuwahl, Parlamentswahl, Russland;2026-08-23T11:28:44+02:00;2026-08-23T11:28:44+02:00;mga;DIE ZEIT,        AFP,        							mga;false
837ce82e9c846fd044e8a02589065d69349cc9f373e9c2b4e42326c474a0748d;Senior nach Unfall auf Usedom schwer verletzt;https://www.zeit.de/news/2026-08/23/senior-nach-unfall-auf-usedom-schwer-verletzt;Hier finden Sie Informationen zu dem Thema „Abbiegeunfall“. Lesen Sie jetzt „Senior nach Unfall auf Usedom schwer verletzt“.;Abbiegeunfall;News, Abbiegeunfall, Usedom, Unfall, Abbiegeunfall, Abbiegefehler;2026-08-23T11:25:57+02:00;2026-08-23T11:25:57+02:00;;dpa Mecklenburg-Vorpommern;false
1fb7fac2f88ecb34773d67d22c5569f4a3d748ae3a5d8040ca1ef5ebfea85937;Landesregierung: High-Tech-Firma beendet Pläne bei Magdeburg;https://www.zeit.de/news/2026-08/23/landesregierung-high-tech-firma-beendet-plaene-bei-magdeburg;Hier finden Sie Informationen zu dem Thema „Wirtschaft“. Lesen Sie jetzt „Landesregierung: High-Tech-Firma beendet Pläne bei Magdeburg“.;Wirtschaft;News, Wirtschaft, Sven Schulze, Magdeburg, Sachsen-Anhalt, CDU, Landesregierung;2026-08-23T11:22:12+02:00;2026-08-23T11:22:12+02:00;;dpa Sachsen;false
cff82cb08e7fa5d1129a8da37b4c82a7ce3cfdd2a25274b43e9fa8bb884d7185;Auto fährt gegen Ampel - fünf Verletzte;https://www.zeit.de/news/2026-08/23/auto-faehrt-gegen-ampel-fuenf-verletzte;Hier finden Sie Informationen zu dem Thema „Unfall in Berlin“. Lesen Sie jetzt „Auto fährt gegen Ampel - fünf Verletzte“.;Unfall in Berlin;News, Unfall in Berlin, Berlin, Unfall, Ampelmast, Auto;2026-08-23T11:21:56+02:00;2026-08-23T11:21:56+02:00;;dpa Berlin/Brandenburg;false
c228c9f9ac1ea42f0ee1d01c00ecf3f20980cbac88ef5722836bf5048fc09a86;Ladendieb verletzt Polizisten bei Durchsuchung;https://www.zeit.de/news/2026-08/23/ladendieb-verletzt-polizisten-bei-durchsuchung;Hier finden Sie Informationen zu dem Thema „Kriminalität“. Lesen Sie jetzt „Ladendieb verletzt Polizisten bei Durchsuchung“.;Kriminalität;News, Kriminalität, Polizei, Durchsuchung, Einkaufsmarkt, Festnahme;2026-08-23T11:20:35+02:00;2026-08-23T11:20:35+02:00;;dpa Hessen;false
b56cc7b21add374601fb677384bd0853be191a23aedb5e887a9e73593ed28d52;Schaden durch Brand in Stralsunder Mehrfamilienhaus;https://www.zeit.de/news/2026-08/23/schaden-durch-brand-in-stralsunder-mehrfamilienhaus;Hier finden Sie Informationen zu dem Thema „Kellerbrand“. Lesen Sie jetzt „Schaden durch Brand in Stralsunder Mehrfamilienhaus“.;Kellerbrand;News, Kellerbrand, Stralsund, Kellerbrand;2026-08-23T11:15:07+02:00;2026-08-23T11:15:07+02:00;;dpa Mecklenburg-Vorpommern;false
8d0e42f225f719110b9eb01e41b440ad17e787132fceb56aa533105c1cdc4762;Zollstreit USA-Kanada: Wirtschaft fordert neue Verhandlungen;https://www.zeit.de/news/2026-08/23/zollstreit-usa-kanada-wirtschaft-fordert-neue-verhandlungen;Hier finden Sie Informationen zu dem Thema „Handelskrieg“. Lesen Sie jetzt „Zollstreit USA-Kanada: Wirtschaft fordert neue Verhandlungen“.;Handelskrieg;News, Handelskrieg, Joshua Bolten, Dennis Darby, Mark Carney, USA-Kanada, USA, Kanada, Zollstreit, Verhandlung, Eskalation, Wirtschaftsverband;2026-08-23T11:13:58+02:00;2026-08-23T11:13:58+02:00;;dpa;false
661c87daf408f1f8f1dcdb3309853329514202351c4332c89d2c419ccf57a77a;Ein Schwerverletzter nach Wildunfall in Osnabrück;https://www.zeit.de/news/2026-08/23/ein-schwerverletzter-nach-wildunfall-in-osnabrueck;Hier finden Sie Informationen zu dem Thema „Verkehrsunfall“. Lesen Sie jetzt „Ein Schwerverletzter nach Wildunfall in Osnabrück“.;Verkehrsunfall;News, Verkehrsunfall, Osnabrück, Wildunfall, Verkehrsunfall;2026-08-23T11:13:02+02:00;2026-08-23T11:13:02+02:00;;dpa Niedersachsen;false
2d66735f376d5da90b4fac80c498f545008fa75c16905a95f8f50b335a87b177;Gersbecks Elferparaden als Herthas Glücksmoment;https://www.zeit.de/news/2026-08/23/gersbecks-elferparaden-als-herthas-gluecksmoment;Hier finden Sie Informationen zu dem Thema „DFB-Pokal“. Lesen Sie jetzt „Gersbecks Elferparaden als Herthas Glücksmoment“.;DFB-Pokal;News, DFB-Pokal, Marius Gersbeck, Paul Seguin, Stefan Leitl, Saarbrücken, Hertha BSC, Deutscher Fußball-Bund, 1. FC Saarbrücken, Elferparade, Glücksmoment;2026-08-23T11:10:44+02:00;2026-08-23T11:10:44+02:00;;dpa Berlin/Brandenburg;false
63b3ddfab7d4048c0439d88b57d2947d695e5538cabf758138e7bb7915badb96;Umwege für Autofahrer durch Autobahn-Baustellen;https://www.zeit.de/news/2026-08/23/umwege-fuer-autofahrer-durch-autobahn-baustellen;Hier finden Sie Informationen zu dem Thema „Bauarbeiten“. Lesen Sie jetzt „Umwege für Autofahrer durch Autobahn-Baustellen“.;Bauarbeiten;News, Bauarbeiten, Behringen, München, die Autobahn GmbH des Bundes;2026-08-23T11:10:43+02:00;2026-08-23T11:10:43+02:00;;dpa Thüringen;false
f9d27461b5f160e9f7570841a4c639cf48deeda943ca5f055571abb5c73a0048;Prüfung Zebrastreifen? Dauer: 35 Jahre;https://www.zeit.de/2026/36/zebrastreifen-lychen-brandenburg-landesstrasse-buerokratie;Die Stadt Lychen hätte gern zwei Zebrastreifen. Als sie nach Jahrzehnten kommen sollen, wechselt die Sachbearbeiterin. Einblicke in ein deutsches Behördendrama;"Z+ (abopflichtiger Inhalt);
        
    Lychen";Wirtschaft, Lychen, Friedrich Merz, Brandenburg, Rente, Bürokratie;2026-08-23T11:09:57+02:00;2026-08-23T11:09:57+02:00;Johanna Jürgens;Aus der        ZEIT Nr. 36/2026;false
c1975598bdf091769ffa4c55da0acd2eb8b6a1fd0aadcf84863ed86263c9ff66;Iran richtet Mann wegen Beteiligung an Massenprotesten hin;https://www.zeit.de/politik/ausland/2026-08/madschid-adineh-iran-hinrichtung-proteste-albors-gxe;Im Iran wurde erneut ein Mann hingerichtet, weil er an regierungskritischen Protesten teilgenommen hatte. Die Justiz warf ihm zudem Unterstützung Israels und der USA vor.;Todesstrafe im Iran;Politik, Todesstrafe im Iran, Iran, Todesstrafe, Protest, Israel, USA;2026-08-23T11:07:48+02:00;2026-08-23T11:07:48+02:00;tw;DIE ZEIT,        AFP,        							tw;false
ab41b4bcdf26364dd52438a29f386a669e50f8454bfeca2fcb695bad4b07860b;Bahngewerkschaft droht mit bundesweiten Streiks ab Januar;https://www.zeit.de/news/2026-08/23/bahngewerkschaft-droht-mit-bundesweiten-streiks-ab-januar;Hier finden Sie Informationen zu dem Thema „Sicherheit für Zugbegleiter“. Lesen Sie jetzt „Bahngewerkschaft droht mit bundesweiten Streiks ab Januar“.;Sicherheit für Zugbegleiter;News, Sicherheit für Zugbegleiter, Martin Burkert, EVG, Bundesregierung, Deutscher Bundestag, Bild am Sonntag, Bahngewerkschaft, Streik, Regionalverkehr, Strafmaß, Sicherheit;2026-08-23T11:03:22+02:00;2026-08-23T11:03:22+02:00;;dpa;false
bd8adffff10234949cb6e0dd33f85ac134fb211fa6d1e5c2145ff84f2ea03301;«Pure Ekstase» - «Dorfclub» Großaspach feiert Coup;https://www.zeit.de/news/2026-08/23/pure-ekstase-dorfclub-grossaspach-feiert-coup;Hier finden Sie Informationen zu dem Thema „Außenseiter im DFB-Pokal“. Lesen Sie jetzt „«Pure Ekstase» - «Dorfclub» Großaspach feiert Coup“.;Außenseiter im DFB-Pokal;News, Außenseiter im DFB-Pokal, Maximilian Reule, Tim Rossmann, Pascal Reinhardt, Großaspach, Deutscher Fußball-Bund, SG Sonnenhof Großaspach, Arminia Bielefeld, Dorfclub, Ekstase, Mannschaftssprint;2026-08-23T11:00:59+02:00;2026-08-23T11:00:59+02:00;;dpa Baden-Württemberg;false
c7d1d235cca219bb147139b7842fb062923c3facb02c442d0e58c80bd75d2e92;Drei Verdächtige nach nächtlichem Einbruch in Schmuckmuseum;https://www.zeit.de/news/2026-08/23/drei-verdaechtige-nach-naechtlichem-einbruch-in-schmuckmuseum;Hier finden Sie Informationen zu dem Thema „Einbruch“. Lesen Sie jetzt „Drei Verdächtige nach nächtlichem Einbruch in Schmuckmuseum“.;Einbruch;News, Einbruch, Polizei, Schmuckmuseum, Einbruch;2026-08-23T10:59:11+02:00;2026-08-23T10:59:11+02:00;;dpa Baden-Württemberg;false
4394a1a97c8f3a42fcdedfc2cd492aae1c0edd92163db6132058afeabbe9feb3;11.000 Unternehmen von Corona-Rückzahlungen befreit;https://www.zeit.de/news/2026-08/23/11-000-unternehmen-von-corona-rueckzahlungen-befreit;Hier finden Sie Informationen zu dem Thema „Corona-Hilfen“. Lesen Sie jetzt „11.000 Unternehmen von Corona-Rückzahlungen befreit“.;Corona-Hilfen;News, Corona-Hilfen, Sachsen, Rückzahlung, Coronavirus;2026-08-23T10:58:01+02:00;2026-08-23T10:58:01+02:00;;dpa Sachsen;false
2de8912117e784c48c40e4a1782126918712b7a47c1167833beaa1350e0671d9;Tote Frau in Hamburg gefunden - 22-Jährige festgenommen;https://www.zeit.de/news/2026-08/23/tote-frau-in-hamburg-gefunden-22-jaehrige-festgenommen;Hier finden Sie Informationen zu dem Thema „Tötungsdelikt“. Lesen Sie jetzt „Tote Frau in Hamburg gefunden - 22-Jährige festgenommen“.;Tötungsdelikt;News, Tötungsdelikt, Hamburg, Poppenbüttel, Polizei, Tötungsdelikt;2026-08-23T10:57:26+02:00;2026-08-23T10:57:26+02:00;;dpa Hamburg/Schleswig-Holstein;false
b34563d65daa7116d8e9dfc6a2a699e29eb3821137487c018e31dd01b8ab68d0;Umfrage: Jeder Zweite hat keine Angst vor der AfD;https://www.zeit.de/news/2026-08/23/umfrage-jeder-zweite-hat-keine-angst-vor-der-afd;Hier finden Sie Informationen zu dem Thema „Vor den Landtagswahlen“. Lesen Sie jetzt „Umfrage: Jeder Zweite hat keine Angst vor der AfD“.;Vor den Landtagswahlen;News, Vor den Landtagswahlen, Sachsen-Anhalt, Alternative für Deutschland, Landtagswahl, Umfrage, Meinungsforschungsinstitut;2026-08-23T10:56:11+02:00;2026-08-23T10:56:11+02:00;;dpa Berlin/Brandenburg;false
95817b3f76c33757fb7a5f341c3f0532ae26521cba24a435f9cbd4d02cda4169;Münchner Nachwuchskraft Binder verletzt;https://www.zeit.de/news/2026-08/23/muenchner-nachwuchskraft-binder-verletzt;Hier finden Sie Informationen zu dem Thema „Fußball-Bundesliga“. Lesen Sie jetzt „Münchner Nachwuchskraft Binder verletzt“.;Fußball-Bundesliga;News, Fußball-Bundesliga, Tim Binder, FC Bayern München, Fußball-Bundesliga, Nachwuchskraft, Muskelfaserriss;2026-08-23T10:52:58+02:00;2026-08-23T10:52:58+02:00;;dpa Bayern;false
bde9f27f01b1fe0a1703ac26ae5ed1ee12bc9dadbc24fe2dc47bbbd6b5530b3e;Motorradfahrer bei Unfall schwer verletzt;https://www.zeit.de/news/2026-08/23/motorradfahrer-bei-unfall-schwer-verletzt;Hier finden Sie Informationen zu dem Thema „Landkreis Cochem-Zell“. Lesen Sie jetzt „Motorradfahrer bei Unfall schwer verletzt“.;Landkreis Cochem-Zell;News, Landkreis Cochem-Zell, Cochem, Landkreis Cochem-Zell, Polizei, Unfall;2026-08-23T10:51:50+02:00;2026-08-23T10:51:50+02:00;;dpa Rheinland-Pfalz/Saarland;false
7d565f10b4b588cc87aa43ad75a6c6e0ebf93b5fb61f1f8c26afd4ca04af4e62;Mutig, aber nicht clever: Auer hadern mit Schiedsrichter;https://www.zeit.de/news/2026-08/23/mutig-aber-nicht-clever-auer-hadern-mit-schiedsrichter;Hier finden Sie Informationen zu dem Thema „DFB-Pokal“. Lesen Sie jetzt „Mutig, aber nicht clever: Auer hadern mit Schiedsrichter“.;DFB-Pokal;News, DFB-Pokal, Khvicha Shubitidze, Patrick Wimmer, Marcel Bär, Christian Ilzer, Aue, Deutscher Fußball-Bund, TSG 1899 Hoffenheim, Endeffekt;2026-08-23T10:51:38+02:00;2026-08-23T10:51:38+02:00;;dpa Sachsen;false
304ee13fcda9fde0a262180b39db503a4e8b2fba6973a0f06cbcd157f86a4377;BER erwartet 90.000 Passagiere – Heimkehrer füllen Straßen;https://www.zeit.de/news/2026-08/23/ber-erwartet-90-000-passagiere-heimkehrer-fuellen-strassen;Hier finden Sie Informationen zu dem Thema „Ende der Sommerferien“. Lesen Sie jetzt „BER erwartet 90.000 Passagiere – Heimkehrer füllen Straßen“.;Ende der Sommerferien;News, Ende der Sommerferien, Frankfurt (Oder), BER, ADAC, Sommerferien, Schulbeginn, Flughafen BER;2026-08-23T10:49:01+02:00;2026-08-23T10:49:01+02:00;;dpa Berlin/Brandenburg;false
713852b164542c7cae0042ce81a47fff80d2443751a708ae16868ff4cd2c4999;Hütter zwischen Eintracht-Euphorie und Realität;https://www.zeit.de/news/2026-08/23/huetter-zwischen-eintracht-euphorie-und-realitaet;Hier finden Sie Informationen zu dem Thema „DFB-Pokal“. Lesen Sie jetzt „Hütter zwischen Eintracht-Euphorie und Realität“.;DFB-Pokal;News, DFB-Pokal, Adi Hütter, Fünftligisten, Berlin, Deutscher Fußball-Bund, 1. FC Union Berlin, Bundesliga, Erfolg;2026-08-23T10:48:20+02:00;2026-08-23T10:48:20+02:00;;dpa Hessen;false
b22c505983c17d5781a8006324bed0cbdf089ae5b921271d9de98b197b30f3c6;Zwei für Klopp? Füllkrug und Pejcinovic werben für sich;https://www.zeit.de/news/2026-08/23/zwei-fuer-klopp-fuellkrug-und-pejcinovic-werben-fuer-sich;Hier finden Sie Informationen zu dem Thema „DFB-Pokal“. Lesen Sie jetzt „Zwei für Klopp? Füllkrug und Pejcinovic werben für sich“.;DFB-Pokal;News, DFB-Pokal, Jürgen Klopp, Sebastian Hoeneß, Niclas Füllkrug, Rostock, Stuttgart, West Ham, Bremen, AC Mailand, Deutscher Fußball-Bund, SV Werder Bremen;2026-08-23T10:46:23+02:00;2026-08-23T10:46:23+02:00;;dpa Niedersachsen;false
d3188ea8ddd28a52816a0a7099c28a0efb59ab6e91d6ba67901c77e2d0e0f0f3;14-Jährige verletzen sich bei Pyrotechnik-Versuch;https://www.zeit.de/news/2026-08/23/14-jaehrige-verletzen-sich-bei-pyrotechnik-versuch;Hier finden Sie Informationen zu dem Thema „Mit Chemikalien hantiert“. Lesen Sie jetzt „14-Jährige verletzen sich bei Pyrotechnik-Versuch“.;Mit Chemikalien hantiert;News, Mit Chemikalien hantiert, Chemikalie, Pyrotechnik;2026-08-23T10:40:09+02:00;2026-08-23T10:40:09+02:00;;dpa Bayern;false
573c05547f5ed9066a5142f791140981be5172be4191e3cf3e40073858435df1;Leiden statt Leichtigkeit: Augsburgs Arbeitssieg als Lektion;https://www.zeit.de/news/2026-08/23/leiden-statt-leichtigkeit-augsburgs-arbeitssieg-als-lektion;Hier finden Sie Informationen zu dem Thema „DFB-Pokal“. Lesen Sie jetzt „Leiden statt Leichtigkeit: Augsburgs Arbeitssieg als Lektion“.;DFB-Pokal;News, DFB-Pokal, Manuel Baum, Augsburg, Lausitz, Schalke, Deutscher Fußball-Bund, FC Augsburg, FC Energie Cottbus, Bundesliga, Arbeitssieg, Lektion;2026-08-23T10:38:35+02:00;2026-08-23T10:38:35+02:00;;dpa Bayern;false
0c1f4d4d97e63253bb06be212d68cb20d693a9b151c35351dfd5327d54eb377b;Kienscherf fordert AfD-Verbot: «Genau das Richtige»;https://www.zeit.de/news/2026-08/23/kienscherf-fordert-afd-verbot-genau-das-richtige;Hier finden Sie Informationen zu dem Thema „Vor den Wahlen“. Lesen Sie jetzt „Kienscherf fordert AfD-Verbot: «Genau das Richtige»“.;Vor den Wahlen;News, Vor den Wahlen, Dirk Kienscherf, Hamburg, Hamburger Abendblatt, NSDAP, Alternative für Deutschland, SPD, Verfassungsschutz;2026-08-23T10:35:49+02:00;2026-08-23T10:35:49+02:00;;dpa Hamburg/Schleswig-Holstein;false
72cdb3df3819d13e826433d19962b8cad8742f60d537f8466c2746fffa28b7c5;Ein Toter bei schwerem Verkehrsunfall im Westerwald;https://www.zeit.de/news/2026-08/23/ein-toter-bei-schwerem-verkehrsunfall-im-westerwald;Hier finden Sie Informationen zu dem Thema „Unfälle“. Lesen Sie jetzt „Ein Toter bei schwerem Verkehrsunfall im Westerwald“.;Unfälle;News, Unfälle, Westerwald, Verkehrsunfall, Unfall, Westerwaldkreis;2026-08-23T10:33:53+02:00;2026-08-23T10:33:53+02:00;;dpa Rheinland-Pfalz/Saarland;false
9e842e6a4ddbab104673a621b4f7b45b52eb411dfaf6993d93a253b9f096efa9;«Großes Kino» von 1860 München: DFB-Pokal-Aus als Mutmacher;https://www.zeit.de/news/2026-08/23/grosses-kino-von-1860-muenchen-dfb-pokal-aus-als-mutmacher;Hier finden Sie Informationen zu dem Thema „Comeback nach vier Jahren“. Lesen Sie jetzt „«Großes Kino» von 1860 München: DFB-Pokal-Aus als Mutmacher“.;Comeback nach vier Jahren;News, Comeback nach vier Jahren, Vitus Eicher, Hasan Ismaik, Alper Kayabunar, TSV 1860 München, Deutscher Fußball-Bund, Holstein Kiel, Mutmacherauftritt, Comeback;2026-08-23T10:32:56+02:00;2026-08-23T10:32:56+02:00;;dpa Bayern;false
615a16af65d04a6d6f33eb81e2f8c670327ba1355f99ad15b4bdea9c5d70209e;Torwart-Debatte 2.0: Wer wird Martínez' Nummer eins?;https://www.zeit.de/news/2026-08/23/torwart-debatte-2-0-wer-wird-mart-nez-nummer-eins;Hier finden Sie Informationen zu dem Thema „DFB-Pokal“. Lesen Sie jetzt „Torwart-Debatte 2.0: Wer wird Martínez' Nummer eins?“.;DFB-Pokal;News, DFB-Pokal, Carles Martínez, Wiesbaden, Leverkusen, Deutscher Fußball-Bund, Bayer 04 Leverkusen, Pflichtspieldebüt, Erfolg;2026-08-23T10:30:15+02:00;2026-08-23T10:30:15+02:00;;dpa Nordrhein-Westfalen;false
61c527604965bfa4969650e9d208600d8e6d951b6e634e882c623593b93847f4;Mann fährt über Gehweg an Bus vorbei und verletzt Anwohner;https://www.zeit.de/news/2026-08/23/mann-faehrt-ueber-gehweg-an-bus-vorbei-und-verletzt-anwohner;Hier finden Sie Informationen zu dem Thema „Verkehr“. Lesen Sie jetzt „Mann fährt über Gehweg an Bus vorbei und verletzt Anwohner“.;Verkehr;News, Verkehr, St. Ingbert, Polizei, Verkehr, Auto, Fahrzeug;2026-08-23T10:29:02+02:00;2026-08-23T10:29:02+02:00;;dpa Rheinland-Pfalz/Saarland;false
5d7b35b30a2ebe8f40dec00dd5c74f35b60aa1a15b5accaa16969c62537fd3a2;Magdeburger CDU-Abgeordneter offen für Gespräche mit Linken;https://www.zeit.de/news/2026-08/23/magdeburger-cdu-abgeordneter-offen-fuer-gespraeche-mit-linken;Hier finden Sie Informationen zu dem Thema „Landtagswahl Sachsen-Anhalt“. Lesen Sie jetzt „Magdeburger CDU-Abgeordneter offen für Gespräche mit Linken“.;Landtagswahl Sachsen-Anhalt;News, Landtagswahl Sachsen-Anhalt, Tobias Krull, André Schröder, Magdeburg, Sachsen, Sachsen-Anhalt, CDU, Alternative für Deutschland, Landtagswahl, Landtagswahl in Sachsen, Christopher Street Day;2026-08-23T10:28:55+02:00;2026-08-23T10:28:55+02:00;;dpa Sachsen;false
3b371dfef64c29a4f509f4a5027cc7114dfb1a65529c225cd57dbd268a9b7d25;Kein Platz im Auto? Junger Mann fährt auf dem Dach mit;https://www.zeit.de/news/2026-08/23/kein-platz-im-auto-junger-mann-faehrt-auf-dem-dach-mit;Hier finden Sie Informationen zu dem Thema „Polizeieinsatz“. Lesen Sie jetzt „Kein Platz im Auto? Junger Mann fährt auf dem Dach mit“.;Polizeieinsatz;News, Polizeieinsatz, Polizei, Polizeieinsatz, Auto, Fahrzeug;2026-08-23T10:28:51+02:00;2026-08-23T10:28:51+02:00;;dpa Baden-Württemberg;false
ad7d61bf87fc7a462f24effc2f47039e813be08bc4516f873207761c1902a4ac;Merz in Waldbrandgebiet: «Das ist Klimawandel»;https://www.zeit.de/news/2026-08/23/merz-in-waldbrandgebiet-das-ist-klimawandel;Hier finden Sie Informationen zu dem Thema „Nach Waldbrand“. Lesen Sie jetzt „Merz in Waldbrandgebiet: «Das ist Klimawandel»“.;Nach Waldbrand;News, Nach Waldbrand, Friedrich Merz, Ralf Nolten, Hürtgenwald, Gey, CDU, Feuerwehr, Bundeswehr, Waldbrandgebiet, Klimawandel, Eifelgemeinde;2026-08-23T10:24:07+02:00;2026-08-23T10:24:07+02:00;;dpa Nordrhein-Westfalen;false
9fed08832bfd310e25043add64ef49b5302293f47fe4763bef21c4773b2323c1;Fahrer nach Crash schwer verletzt aus Auto geschnitten;https://www.zeit.de/news/2026-08/23/fahrer-nach-crash-schwer-verletzt-aus-auto-geschnitten;Hier finden Sie Informationen zu dem Thema „Unfälle“. Lesen Sie jetzt „Fahrer nach Crash schwer verletzt aus Auto geschnitten“.;Unfälle;News, Unfälle, Neubrandenburg, Unfall, Auto;2026-08-23T10:23:19+02:00;2026-08-23T10:23:19+02:00;;dpa Mecklenburg-Vorpommern;false
97327bd2f6449272aabf5a6dff3f16b708175f2a002df60db2407699a2a864ca;Krawalle beim Südwest-Derby: Clubs suchen nach Antworten;https://www.zeit.de/news/2026-08/23/krawalle-beim-suedwest-derby-clubs-suchen-nach-antworten;Hier finden Sie Informationen zu dem Thema „Ausschreitungen in Mannheim“. Lesen Sie jetzt „Krawalle beim Südwest-Derby: Clubs suchen nach Antworten“.;Ausschreitungen in Mannheim;News, Ausschreitungen in Mannheim, Manuel Hagel, Thomas Hengen, Gerhard Zuber, Marlon Ritter, Thomas Mohr, Mannheim, Waldhof, Kaiserslautern, CDU, SV Waldhof Mannheim;2026-08-23T10:20:42+02:00;2026-08-23T10:20:42+02:00;;dpa Baden-Württemberg;false
c541e59bc4ee3b3c8d0270f94b1cf9fbb8ff13ee8f369e42bb14645013153b51;Mann verletzt Mutter und bedroht sie mit Spielzeugwaffe;https://www.zeit.de/news/2026-08/23/mann-verletzt-mutter-und-bedroht-sie-mit-spielzeugwaffe;Hier finden Sie Informationen zu dem Thema „Kriminalität“. Lesen Sie jetzt „Mann verletzt Mutter und bedroht sie mit Spielzeugwaffe“.;Kriminalität;News, Kriminalität, Grolsheim, Landkreis Mainz-Bingen, Polizei, Spielzeugwaffe;2026-08-23T10:18:41+02:00;2026-08-23T10:18:41+02:00;;dpa Rheinland-Pfalz/Saarland;false
7646dbab0bf2c4b8aa20752f362a8810811f31a0a7e621bef1dd75cc986fef51;Alibaba kündigt milliardenschwere KI-Offensive an;https://www.zeit.de/digital/internet/2026-08/alibaba-kapitalerhoehung-hongkong-aktienemission-ki-gxe;Der chinesische Techkonzern Alibaba will in künstliche Intelligenz investieren. Um das zu finanzieren, will das Unternehmen neue Aktien ausgeben – in Milliardenhöhe.;Chinesischer Techkonzern;Digital, Chinesischer Techkonzern, künstliche Intelligenz, Unternehmen, Aktien, Hongkong, Intel, Alibaba;2026-08-23T10:09:22+02:00;2026-08-23T10:09:22+02:00;psc;DIE ZEIT,        Reuters,        							psc;false
cbbec443ede5a14949afa7898cd219a529e98d29d4f51d878f2f8018dab76c6c;CSD in Magdeburg verläuft störungsfrei - 3.000 Teilnehmer;https://www.zeit.de/news/2026-08/23/csd-in-magdeburg-verlaeuft-stoerungsfrei-3-000-teilnehmer;Hier finden Sie Informationen zu dem Thema „Queere Community“. Lesen Sie jetzt „CSD in Magdeburg verläuft störungsfrei - 3.000 Teilnehmer“.;Queere Community;News, Queere Community, Magdeburg, Polizei, Christopher Street Day, Liebe;2026-08-23T10:07:00+02:00;2026-08-23T10:07:00+02:00;;dpa Sachsen;false
43e615b8dd47f4c806360ca9860266a930cdc88317daa94782c6900c15a75b80;Junger Mann auf E-Scooter bei Unfall schwer verletzt;https://www.zeit.de/news/2026-08/23/junger-mann-auf-e-scooter-bei-unfall-schwer-verletzt;Hier finden Sie Informationen zu dem Thema „Frankfurter Innenstadt“. Lesen Sie jetzt „Junger Mann auf E-Scooter bei Unfall schwer verletzt“.;Frankfurter Innenstadt;News, Frankfurter Innenstadt, Frankfurt, Unfall, Innenstadt, E-Scooter;2026-08-23T09:58:33+02:00;2026-08-23T09:58:33+02:00;;dpa Hessen;false
ba17b791c9992a7f776a4c9d98c435adf7d5c4527d80450814f101e3dce38fb4;«Haken dran»: Magdeburger Machtdemonstration im Supercup;https://www.zeit.de/news/2026-08/23/haken-dran-magdeburger-machtdemonstration-im-supercup;Hier finden Sie Informationen zu dem Thema „Handball“. Lesen Sie jetzt „«Haken dran»: Magdeburger Machtdemonstration im Supercup“.;Handball;News, Handball, Bennet Wiegert, Yves Grafenhorst, Gísli Kristjánsson, Berlin, Magdeburg, Gummersbach, SC Magdeburg, Füchse Berlin, Supercup, Bundesliga;2026-08-23T09:58:03+02:00;2026-08-23T09:58:03+02:00;;dpa Bayern;false
df21b54fd808316de934d225edfd727340cfb9236a5e3386dd1ce079bf4c3c99;Auch ohne viele Stars: Basketballer gewinnen Supercup;https://www.zeit.de/news/2026-08/23/auch-ohne-viele-stars-basketballer-gewinnen-supercup;Hier finden Sie Informationen zu dem Thema „Basketball-Supercup“. Lesen Sie jetzt „Auch ohne viele Stars: Basketballer gewinnen Supercup“.;Basketball-Supercup;News, Basketball-Supercup, Alex Mumbrú, Dennis Schröder, Isaiah Hartenstein, Katar, Manila, Hamburg, Kroatien, NBA, Supercup, Titelverteidigung;2026-08-23T09:57:09+02:00;2026-08-23T09:57:09+02:00;;dpa Hamburg/Schleswig-Holstein;false
4a2321e40b85fecd1bfa1a961a67792bee5cb85ca704fe8820a782e824fddae0;Kollision mit Auto - Motorradfahrer fliegt über Leitplanke;https://www.zeit.de/news/2026-08/23/kollision-mit-auto-motorradfahrer-fliegt-ueber-leitplanke;Hier finden Sie Informationen zu dem Thema „Riskant überholt“. Lesen Sie jetzt „Kollision mit Auto - Motorradfahrer fliegt über Leitplanke“.;Riskant überholt;News, Riskant überholt, Schwieberdingen, Kollision, Leitplanke, Auto;2026-08-23T09:55:23+02:00;2026-08-23T09:55:23+02:00;;dpa Baden-Württemberg;false
f8f7f7360d8d4ca4457755057958efd13b94d85b149a4f6bda1e4eb85eef4c71;Ilzer lobt Hoffenheimer nach 4:0 und sieht noch Aufgaben;https://www.zeit.de/news/2026-08/23/ilzer-lobt-hoffenheimer-nach-4-0-und-sieht-noch-aufgaben;Hier finden Sie Informationen zu dem Thema „DFB-Pokal“. Lesen Sie jetzt „Ilzer lobt Hoffenheimer nach 4:0 und sieht noch Aufgaben“.;DFB-Pokal;News, DFB-Pokal, Patrick Wimmer, Martin Männel, Christian Ilzer, Aue, Deutscher Fußball-Bund, FC Erzgebirge Aue, 1. FC Köln, Pokalaufgabe;2026-08-23T09:51:24+02:00;2026-08-23T09:51:24+02:00;;dpa Baden-Württemberg;false
c8dd7859c1db0195542845c502d03102a094e11296d8ec6658e1e5dc2bc196e9;Frau wird beim Ausparken angefahren;https://www.zeit.de/news/2026-08/23/frau-wird-beim-ausparken-angefahren;Hier finden Sie Informationen zu dem Thema „Unfall beim Ausparken“. Lesen Sie jetzt „Frau wird beim Ausparken angefahren“.;Unfall beim Ausparken;News, Unfall beim Ausparken, Schleusingen, Landkreis Hildburghausen, Polizei, Unfall;2026-08-23T09:48:51+02:00;2026-08-23T09:48:51+02:00;;dpa Thüringen;false
dac4fb78d1037085440dfa9ec44ded7a6af8a9068c0c1a6f5d07e8275bb300dc;Mit kalter Klinge;https://www.zeit.de/2026/36/in-die-schweiz-emma-cline-roman-assistierter-suizid-psyche;Die US-amerikanische Schriftstellerin Emma Cline schreibt gnadenlose Literatur. Ihr Roman »In die Schweiz« ist eine Reise ans Ende des Bewusstseins.;»In die Schweiz« von Emma Cline;Feuilleton, »In die Schweiz« von Emma Cline, Literatur, Schriftstellerin, Belletristik, Schweiz;2026-08-23T09:47:27+02:00;2026-08-23T09:47:27+02:00;Ronald Düker;Aus der        ZEIT Nr. 36/2026;false
328fd5a7ecd952cfb914977ead061cbe2035446a678994e1349f5c12e2f3e34e;Füchse nach Supercup auf Formsuche: «Sind noch im Prozess»;https://www.zeit.de/news/2026-08/23/fuechse-nach-supercup-auf-formsuche-sind-noch-im-prozess;Hier finden Sie Informationen zu dem Thema „Handball-Bundesliga“. Lesen Sie jetzt „Füchse nach Supercup auf Formsuche: «Sind noch im Prozess»“.;Handball-Bundesliga;News, Handball-Bundesliga, Nicolej Krickau, München, Magdeburg, Melsungen, Handball-Bundesliga, Füchse Berlin, SC Magdeburg, MT Melsungen, Supercup, Formsuche;2026-08-23T09:47:18+02:00;2026-08-23T09:47:18+02:00;;dpa Berlin/Brandenburg;false
a8b5c4d87fd2e52a3bd04c1c41b2562cd82feb1fa4fce70a6218c72aa5f3530c;Eine Liebeserklärung an das runde Wunder;https://www.zeit.de/zeit-magazin/wochenmarkt/2026-08/tomate-gemuese-pflanze-entwicklung-kueche;Die Tomate kann erbsenklein sein und kegelkugeldick und farbig wie ein Monet. Und sie wird ständig weiterentwickelt. Auch damit sie die zunehmende Hitze übersteht.;"Z+ (abopflichtiger Inhalt);
        
    Tomate";Gemüse, Österreich, Südtirol, Hamburg, Südamerika, Italien, Tomate;2026-08-23T09:46:51+02:00;2026-08-23T09:46:51+02:00;Oliver ZeltAlexandra Polina;;false
1a5a77880f9a6f4dc020a4beef2a5e962d647b18298539523b86f5f991f10d16;Nachbar bei Löschversuch in Hemmingstedt verletzt;https://www.zeit.de/news/2026-08/23/nachbar-bei-loeschversuch-in-hemmingstedt-verletzt;Hier finden Sie Informationen zu dem Thema „Brände“. Lesen Sie jetzt „Nachbar bei Löschversuch in Hemmingstedt verletzt“.;Brände;News, Brände, Hemmingstedt, Polizei, Löschversuch, Brand;2026-08-23T09:46:39+02:00;2026-08-23T09:46:39+02:00;;dpa Hamburg/Schleswig-Holstein;false
a0273f3ecc2cb634b2de162e530250ad5170d0677554a61e177295a83b4f4322;Pyramiden, 1 Stern: »Eigentlich nur eine bisschen größere Sandburg«;https://www.zeit.de/2026/36/google-maps-bewertungen-sehenswuerdigkeiten-louvre-eiffelturm-akropolis;Ihr Urlaubsziel hatten Sie sich schöner vorgestellt? Sie sind nicht allein! Eine kleine Sammlung mieser Bewertungen zu den größten Sehenswürdigkeiten der Welt;"Z+ (abopflichtiger Inhalt);
        
    Google-Maps-Bewertungen";Entdecken, Google-Maps-Bewertungen, Reisen, Tourismus, Urlaubsziel, Paris, Moskau, Berlin, Grand Canyon;2026-08-23T09:44:25+02:00;2026-08-23T09:44:25+02:00;Paul Lütge;Aus der        ZEIT Nr. 36/2026;false
3f9183159340ce4fcac966e6eaa8ed5d98a90e21f595aa722d6d7cdfea7489db;Kanadas Premierminister Mark Carney spricht von Handelskrieg mit USA;https://www.zeit.de/politik/ausland/2026-08/kanada-gegendoelle-usa-mark-carney-zollstreit;Der kanadische Premierminister kündigt Gegenzölle auf US-Produkte an. Zuvor waren Verhandlungen mit den USA gescheitert.;Zollstreit zwischen USA und Kanada;Politik, Zollstreit zwischen USA und Kanada, USA, Kanada, Mark Carney, US-Zölle, Gegenzölle, Premierminister;2026-08-23T09:41:43+02:00;2026-08-23T09:41:43+02:00;iyfhoe;DIE ZEIT,        dpa,        AFP,        							iyf					,        							hoe;false
89afdb6bba4deb35eff63598e75a6af05b1d53089f5541a7c3e13533cdb03800;US-Konzerne wollen neue Verhandlungen zwischen USA und Kanada;https://www.zeit.de/politik/ausland/2026-08/us-zoelle-kanada-business-roundtable-donald-trump-mark-carney-gxe;US-Firmenchefs fürchten nach dem Scheitern der Zollverhandlungen Einbußen und fordern weitere Gespräche. Donald Trump reagiert erbost auf die kanadischen Zölle.;Zollstreit;Politik, Zollstreit, Kanada, USA, US-Zölle, Donald Trump, Gegenzölle, Mark Carney;2026-08-23T09:40:48+02:00;2026-08-23T09:40:48+02:00;htg;DIE ZEIT,        AFP,        							htg;false
8f0b33c88861f19e663fc39aa28936a9725c629d669592adeb4d732ae0f01dc3;Match in Allianz Arena? Zverev skeptisch: Bin nicht Federer;https://www.zeit.de/news/2026-08/23/match-in-allianz-arena-zverev-skeptisch-bin-nicht-federer;Hier finden Sie Informationen zu dem Thema „Traum des Tennisstars“. Lesen Sie jetzt „Match in Allianz Arena? Zverev skeptisch: Bin nicht Federer“.;Traum des Tennisstars;News, Traum des Tennisstars, Alexander Zverev, Roger Federer, Rafael Nadal, Novak Djokovic, Allianz Arena, FC Bayern München;2026-08-23T09:35:28+02:00;2026-08-23T09:35:28+02:00;;dpa Bayern;false
c0768ea566d6e29ec2005b977dbc496884028a3da85bc05aec5a71fe50ac3838;Viele Verletzte durch Erdbeben nahe Tokio;https://www.zeit.de/gesellschaft/zeitgeschehen/2026-08/erdbeben-japan-tokio-ibaraki-gxe;Bei einem Erdstoß in der Nähe von Tokio wurden mindestens 37 Menschen verletzt. Das Beben der Stärke 5,9 war bis in die japanische Hauptstadt zu spüren.;Japan;Gesellschaft, Japan, Japan, Erdstoß, Erdbeben, Tokio, Naturkatastrophe;2026-08-23T09:24:01+02:00;2026-08-23T09:24:01+02:00;tw;DIE ZEIT,        AFP,        							tw;false
013de22513e56afd3925a4afbe9d08e0ef92f7d745077844755720eabb226493;Radfahrer in Salzgitter von Auto erfasst;https://www.zeit.de/news/2026-08/23/radfahrer-in-salzgitter-von-auto-erfasst;Hier finden Sie Informationen zu dem Thema „Schwerer Unfall“. Lesen Sie jetzt „Radfahrer in Salzgitter von Auto erfasst“.;Schwerer Unfall;News, Schwerer Unfall, Salzgitter, Unfall, Auto;2026-08-23T09:19:39+02:00;2026-08-23T09:19:39+02:00;;dpa Niedersachsen;false
355772c87ab8f4c6bbd39a5c098c2f48f1ca5259d06e02671302ef237176d5a3;Überladenes Auto mit sechs ungesicherten Kindern gestoppt;https://www.zeit.de/news/2026-08/23/ueberladenes-auto-mit-sechs-ungesicherten-kindern-gestoppt;Hier finden Sie Informationen zu dem Thema „Grenzkontrolle auf der A3“. Lesen Sie jetzt „Überladenes Auto mit sechs ungesicherten Kindern gestoppt“.;Grenzkontrolle auf der A3;News, Grenzkontrolle auf der A3, Niederbayern, Polizei, Auto, Grenzkontrolle;2026-08-23T09:19:29+02:00;2026-08-23T09:19:29+02:00;;dpa Bayern;false
70addbabfae72ddddc632a6615a972fada379e9dfd85cc1089a66a3548daa619;Der Sommer kehrt zurück – doch für wie lange?;https://www.zeit.de/news/2026-08/23/der-sommer-kehrt-zurueck-doch-fuer-wie-lange;Hier finden Sie Informationen zu dem Thema „Wetter“. Lesen Sie jetzt „Der Sommer kehrt zurück – doch für wie lange?“.;Wetter;News, Wetter, Niedersachsen, Bremen, DWD, Sommergefühl, Sommer, Wetter;2026-08-23T09:13:50+02:00;2026-08-23T09:13:50+02:00;;dpa Niedersachsen;false
7e39d29f9c37ce620a7f82785150eaa8e0ab8182e9806758749a0346884e3ac0;Allianz Arena auf Sydney-Marathon-Medaille sorgt für Lacher;https://www.zeit.de/news/2026-08/23/allianz-arena-auf-sydney-marathon-medaille-sorgt-fuer-lacher;Hier finden Sie Informationen zu dem Thema „Kuriose Verwechslung“. Lesen Sie jetzt „Allianz Arena auf Sydney-Marathon-Medaille sorgt für Lacher“.;Kuriose Verwechslung;News, Kuriose Verwechslung, Sydney, Allianz Arena, FC Bayern München, Verwechslung, Plakette;2026-08-23T09:11:06+02:00;2026-08-23T09:11:06+02:00;;dpa Bayern;false
bf7ab2ff9661446c7da4e3f53f133a2ba6249e82707613dda52498a7e5c30cab;Iran droht Unterstützern von US-Wirtschaftsmaßnahmen;https://www.zeit.de/politik/ausland/2026-08/iran-usa-donald-trump-wirtschaftskrieg-sanktionen-gxe;Wer sich dem »Wirtschaftskrieg« der USA anschließe, werde als Feind betrachtet, heißt es aus dem Iran. Donald Trump hatte zuvor einen wirtschaftlichen »D-Day« angedroht.;»Wirtschaftskrieg« der USA;Politik, »Wirtschaftskrieg« der USA, Iran, USA, Sanktion, Donald Trump, Teheran;2026-08-23T09:08:36+02:00;2026-08-23T09:08:36+02:00;mga;DIE ZEIT,        AFP,        dpa,        							mga;false
c567eb61c58af8e19a25a4edc7e00d17d78430d77bf764d11216b424600d87be;«Seriöses» Leipzig bereit für die Liga: Was ist mit Nkunku?;https://www.zeit.de/news/2026-08/23/serioeses-leipzig-bereit-fuer-die-liga-was-ist-mit-nkunku;Hier finden Sie Informationen zu dem Thema „DFB-Pokal 1. Runde“. Lesen Sie jetzt „«Seriöses» Leipzig bereit für die Liga: Was ist mit Nkunku?“.;DFB-Pokal 1. Runde;News, DFB-Pokal 1. Runde, Martín Demichelis, Brajan Gruda, Christopher Nkunku, Leipzig, Sachsen, Trier, Niederrhein, Moselstadion, Deutscher Fußball-Bund, RB Leipzig;2026-08-23T09:06:25+02:00;2026-08-23T09:06:25+02:00;;dpa Sachsen;false
9b3c1ef243a18a72002636ad2b2e7fc0f457e66825b4d3f58741ac595832727f;Linnemann will Rentenansprüche für Pflegende sichern;https://www.zeit.de/politik/deutschland/2026-08/carsten-linnemann-pflege-anhaeliege-rentenansprueche-cdu-gxe;Seine Vorgängerin Nina Warken wollte bei den Rentenansprüchen pflegender Angehöriger sparen. Nun nimmt der neue Bundesgesundheitsminister Carsten Linnemann Abstand davon.;Bundesgesundheitsminister;Politik, Bundesgesundheitsminister, Pflegereform, Carsten Linnemann, Rente, CDU, Nina Warken;2026-08-23T09:03:41+02:00;2026-08-23T09:03:41+02:00;psc;DIE ZEIT,        dpa,        AFP,        							psc;false
31b90b121a976e8cfbf0aa7391aa65d3d8acc4dac740809b722d889eb52ab7f9;Nach Parkhausbrand: Abschleppfirma bringt Autos zu Besitzern;https://www.zeit.de/news/2026-08/23/nach-parkhausbrand-abschleppfirma-bringt-autos-zu-besitzern;Hier finden Sie Informationen zu dem Thema „Karlsruher Innenstadt“. Lesen Sie jetzt „Nach Parkhausbrand: Abschleppfirma bringt Autos zu Besitzern“.;Karlsruher Innenstadt;News, Karlsruher Innenstadt, Polizei, Parkhausbrand, Abschleppfirma, Parkhaus, Innenstadt, Auto, Fahrzeug;2026-08-23T09:00:18+02:00;2026-08-23T09:00:18+02:00;;dpa Baden-Württemberg;false
cf4ce8bbd7d6014fb4219a848a9cf7752f62aecfa8e342ebe0778c1327cfc732;ARD-Reihe «Nord bei Nordwest»: Lebendig begraben;https://www.zeit.de/news/2026-08/23/ard-reihe-nord-bei-nordwest-lebendig-begraben;Hier finden Sie Informationen zu dem Thema „Streaming und Fernsehen“. Lesen Sie jetzt „ARD-Reihe «Nord bei Nordwest»: Lebendig begraben“.;Streaming und Fernsehen;News, Streaming und Fernsehen, Hauke Jacob, Hannah Wagner, Olaf Dannenberg, Nordwest, ARD, Kriminalfall, Streaming, Kino, Beziehung;2026-08-23T09:00:05+02:00;2026-08-23T09:00:05+02:00;;dpa Hamburg/Schleswig-Holstein;false
66a1c44edf3bdd11b1af39a2f39bfe5182d7b8586ef824bf7c3c5cdec03722e0;Mourinho sieht Real-Star Vinícius Júnior als Mobbing-Opfer;https://www.zeit.de/news/2026-08/23/mourinho-sieht-real-star-vin-cius-j-nior-als-mobbing-opfer;Hier finden Sie Informationen zu dem Thema „Fußball“. Lesen Sie jetzt „Mourinho sieht Real-Star Vinícius Júnior als Mobbing-Opfer“.;Fußball;News, Fußball, Vinícius Júnior, José Mourinho, Madrid, Espanyol Barcelona, Real Madrid, Fußball;2026-08-23T08:59:50+02:00;2026-08-23T08:59:50+02:00;;dpa Sport;false
a0b9917e40adb9e52001a54d78a7efd61016bb322aac6e32c0e714692087deb4;Polen kämpft gegen Ausbreitung der giftigen Goldalge;https://www.zeit.de/news/2026-08/23/polen-kaempft-gegen-ausbreitung-der-giftigen-goldalge;Hier finden Sie Informationen zu dem Thema „Nebengewässer der Oder“. Lesen Sie jetzt „Polen kämpft gegen Ausbreitung der giftigen Goldalge“.;Nebengewässer der Oder;News, Nebengewässer der Oder, Gleiwitz, Goldalge, Nebengewässer, Ausbreitung, Fischsterben, Sommer;2026-08-23T08:46:27+02:00;2026-08-23T08:46:27+02:00;;dpa Berlin/Brandenburg;false
8b5278279d46457cec6f816c7b0bf6a0020fa8e1128712ca4134359b008c0ff8;Sonne zeigt sich zum Wochenstart;https://www.zeit.de/news/2026-08/23/sonne-zeigt-sich-zum-wochenstart;Hier finden Sie Informationen zu dem Thema „Wetteraussichten“. Lesen Sie jetzt „Sonne zeigt sich zum Wochenstart“.;Wetteraussichten;News, Wetteraussichten, Sachsen, Thüringen, Sachsen-Anhalt, DWD, Wetteraussicht;2026-08-23T08:41:51+02:00;2026-08-23T08:41:51+02:00;;dpa Sachsen;false
1a0a7f499999c89276c75a8500b176a1a41306bd800852db745b9e238168b41e;Friedrich Merz will Reformvorhaben »so schnell wie möglich« umsetzen;https://www.zeit.de/politik/deutschland/2026-08/klausur-schloss-neuhardenberg-friedrich-merz-reformen-wirtschaft-mittelstand-gxe;Die schwarz-rote Koalition trifft sich in der kommenden Woche zur Kabinettsklausur. Als wichtigste Themen nennt der Kanzler Wirtschaftswachstum und Beschäftigung.;Klausur in Schloss Neuhardenberg;Politik, Klausur in Schloss Neuhardenberg, Friedrich Merz, Reform, CDU, Wirtschaftswachstum, Rente, Digitalisierung;2026-08-23T08:23:06+02:00;2026-08-23T08:23:06+02:00;psc;DIE ZEIT,        AFP,        dpa,        							psc;false
886233b6641f6fdfe796cc3ae88e97a0a26420cc8c2973b50a1e2e38d92cbb68;Der Traum von der perfekten Vollnarkose;https://www.zeit.de/2026/36/vollnarkose-bewusstsein-gehirn-operationsnarkose;Anästhesisten wissen nicht genau, was im Gehirn geschieht, wenn sie Patienten das Bewusstsein nehmen. Neue Forschung zeigt: Das Hirn bekommt viel mehr mit als gedacht.;"Z+ (abopflichtiger Inhalt);
        
    Vollnarkose";Gesundheit, Vollnarkose, Gehirn, EEG, Medizin, Arzt;2026-08-23T08:17:58+02:00;2026-08-23T08:17:58+02:00;Dr.  Anna Carthaus;Aus der        ZEIT Nr. 36/2026;false
d16913c6825ea7f0e9940d1fcb1ed1f70a8bc7559303e22fa13bf571235307b9;Rollerfahrer prallt gegen Straßenlaterne;https://www.zeit.de/news/2026-08/23/rollerfahrer-prallt-gegen-strassenlaterne;Hier finden Sie Informationen zu dem Thema „Unfälle“. Lesen Sie jetzt „Rollerfahrer prallt gegen Straßenlaterne“.;Unfälle;News, Unfälle, Straßenlaterne, Unfall;2026-08-23T07:58:38+02:00;2026-08-23T07:58:38+02:00;;dpa Baden-Württemberg;false
f9b47751b404e48a9b53628b5f586ae4ad3a09e982b5ad812a2fc554f2ba68ee;Neue Woche mit sonnigen Aussichten;https://www.zeit.de/news/2026-08/23/neue-woche-mit-sonnigen-aussichten;Hier finden Sie Informationen zu dem Thema „Wetteraussichten“. Lesen Sie jetzt „Neue Woche mit sonnigen Aussichten“.;Wetteraussichten;News, Wetteraussichten, Berlin, Brandenburg, Wetteraussicht;2026-08-23T07:56:34+02:00;2026-08-23T07:56:34+02:00;;dpa Berlin/Brandenburg;false
88848089b5382bf072defb268fd3c5d23741ba60806cc550f40976632b5ee31e;Sonne statt Regen: Jacke kann bei Ausflügen zu Hause bleiben;https://www.zeit.de/news/2026-08/23/sonne-statt-regen-jacke-kann-bei-ausfluegen-zu-hause-bleiben;Hier finden Sie Informationen zu dem Thema „Dauerregen vorbei“. Lesen Sie jetzt „Sonne statt Regen: Jacke kann bei Ausflügen zu Hause bleiben“.;Dauerregen vorbei;News, Dauerregen vorbei, Alpen, DWD, Dauerregen, Jacke, Höchsttemperatur, Ausflug;2026-08-23T07:35:37+02:00;2026-08-23T07:35:37+02:00;;dpa Bayern;false
6cdd313b48cebfe808d4b357093ad4ca7197d2422ca294e8bb961b5d4ff05f69;Bielefeld-Coach kritisiert Pokal-Aus: «Vom Kopf nicht da»;https://www.zeit.de/news/2026-08/23/bielefeld-coach-kritisiert-pokal-aus-vom-kopf-nicht-da;Hier finden Sie Informationen zu dem Thema „Niederlage beim Außenseiter“. Lesen Sie jetzt „Bielefeld-Coach kritisiert Pokal-Aus: «Vom Kopf nicht da»“.;Niederlage beim Außenseiter;News, Niederlage beim Außenseiter, Oliver Kirch, Maximilian Bauer, Großaspach, Bielefeld, Arminia Bielefeld, Deutscher Fußball-Bund, SG Sonnenhof Großaspach;2026-08-23T07:15:04+02:00;2026-08-23T07:15:04+02:00;;dpa Baden-Württemberg;false
6fe25de47c00dc4d32af3445d5a9f1c02535772cd755222efcff24f6e4a1fb85;21-Jähriger fährt in Garagengebäude und wird schwer verletzt;https://www.zeit.de/news/2026-08/23/21-jaehriger-faehrt-in-garagengebaeude-und-wird-schwer-verletzt;Hier finden Sie Informationen zu dem Thema „Unfall in der Nacht“. Lesen Sie jetzt „21-Jähriger fährt in Garagengebäude und wird schwer verletzt“.;Unfall in der Nacht;News, Unfall in der Nacht, Wiesbaden, Garagengebäude, Unfall;2026-08-23T07:12:59+02:00;2026-08-23T07:12:59+02:00;;dpa Hessen;false
903f64ddead1a5f2b757c2f18124534b266d8db5fdfb18427922915e9ff6b53c;Der beste Ort für Kinderkunst? Die Mülltonne;https://www.zeit.de/familie/2026-08/familie-kinder-leistung-wuerdigen;Kinder sind oft produktive Künstler, nur selten außergewöhnlich gute. Wie der Bilderflut beikommen – ohne schlechtes Gewissen? Unsere Autorin hat sich eine Regel gesetzt.;"Z+ (abopflichtiger Inhalt);
        
    Kunstwerke der Kinder";Familie, Kunstwerke der Kinder, Eltern, Kinder, Familie, Familienleben, Forschung;2026-08-23T07:05:17+02:00;2026-08-23T07:05:17+02:00;Wlada Kolosowa;;false
4c863b3067347b9c48cc0e8e4fb7066846062b8545180d09ba3ea2c849d2e959;Er ist zurück: Was auf Merz nun zukommt;https://www.zeit.de/news/2026-08/23/er-ist-zurueck-was-auf-merz-nun-zukommt;Hier finden Sie Informationen zu dem Thema „Kanzler unter Druck“. Lesen Sie jetzt „Er ist zurück: Was auf Merz nun zukommt“.;Kanzler unter Druck;News, Kanzler unter Druck, Friedrich Merz, Gordon Schnieder, Berlin, Eifel, Hürtgenwald, Sachsen-Anhalt, Mecklenburg-Vorpommern, YouGov, Deutsche Presse-Agentur, CDU;2026-08-23T07:00:07+02:00;2026-08-23T07:00:07+02:00;;dpa;false
d62c122eb8b4273090017e7281f037dc43277bc95b857dc69f269bb37fae2547;Das sind die Spitzenkandidatinnen und -kandidaten in MV;https://www.zeit.de/news/2026-08/23/das-sind-die-spitzenkandidatinnen-und-kandidaten-in-mv;Hier finden Sie Informationen zu dem Thema „Landtagswahl am 20. September“. Lesen Sie jetzt „Das sind die Spitzenkandidatinnen und -kandidaten in MV“.;Landtagswahl am 20. September;News, Landtagswahl am 20. September, Manuela Schwesig, Leif-Erik Holm, Enrico Schult, Simone Oldenburg, Daniel Peters, Claudia Müller, Jakob Schirmer, Lisa Paus, Mecklenburg-Vorpommern, Frankfurt (Oder);2026-08-23T07:00:06+02:00;2026-08-23T07:00:06+02:00;;dpa Mecklenburg-Vorpommern;false
2e454302eae5081b8e16d865b10d78413f35e1fbad3e087dc327c135dcfd8b36;Linke und AfD in Niedersachsen wachsen stark;https://www.zeit.de/news/2026-08/23/linke-und-afd-in-niedersachsen-wachsen-stark;Hier finden Sie Informationen zu dem Thema „Mitgliederentwicklung“. Lesen Sie jetzt „Linke und AfD in Niedersachsen wachsen stark“.;Mitgliederentwicklung;News, Mitgliederentwicklung, Niedersachsen, Alternative für Deutschland, CDU, SPD, Die Linke, Kommunalwahl, Mitgliederentwicklung, Parteibindung, Mitgliederzuwachs;2026-08-23T06:00:05+02:00;2026-08-23T06:00:05+02:00;;dpa Niedersachsen;false
1025c9c1ca954e4597a9962d54792d87ce71f064e83785f8a0ea9acd498f59b7;Minute in Unterzahl: Leverkusen erlebt neue DFB-Regel;https://www.zeit.de/news/2026-08/23/minute-in-unterzahl-leverkusen-erlebt-neue-dfb-regel;Hier finden Sie Informationen zu dem Thema „DFB-Pokal“. Lesen Sie jetzt „Minute in Unterzahl: Leverkusen erlebt neue DFB-Regel“.;DFB-Pokal;News, DFB-Pokal, Patrik Schick, Carles Martínez, Leverkusen, Deutscher Fußball-Bund, Bayer 04 Leverkusen, Pflichtspiel, Unterzahl;2026-08-23T05:55:04+02:00;2026-08-23T05:55:04+02:00;;dpa Hessen;false
4f2ede2c36d43a9935fde3f9804f858e4f6eabe6bfa09684639cda8d96a42365;Bauernverband: Futterversorgung in Thüringen angespannt;https://www.zeit.de/news/2026-08/23/bauernverband-futterversorgung-in-thueringen-angespannt;Hier finden Sie Informationen zu dem Thema „Tierfutter“. Lesen Sie jetzt „Bauernverband: Futterversorgung in Thüringen angespannt“.;Tierfutter;News, Tierfutter, André Rathgeber, Thüringen, Erfurt, Bayern, Deutsche Presse-Agentur, Futterversorgung, Bauernverband, Tierfutter, Trockenheit, Tiere;2026-08-23T05:30:06+02:00;2026-08-23T05:30:06+02:00;;dpa Thüringen;false
97f5fc535c294a1cdb59ec3f8f76b45f0ad27da96d7fde38fe9cbf9856afb683;Natur und Mini-Dörfer - Warum ein Trip ins Wendland lohnt;https://www.zeit.de/news/2026-08/23/natur-und-mini-doerfer-warum-ein-trip-ins-wendland-lohnt;Hier finden Sie Informationen zu dem Thema „Entdeckungen vor der Haustür“. Lesen Sie jetzt „Natur und Mini-Dörfer - Warum ein Trip ins Wendland lohnt“.;Entdeckungen vor der Haustür;News, Entdeckungen vor der Haustür, Karl der Große, Niedersachsen, Norddeutschland, Waddeweitz, Gorleben, Bleckede, Dahlenburg, Elbe, Lübeln, Lüchow;2026-08-23T05:30:06+02:00;2026-08-23T05:30:06+02:00;;dpa Niedersachsen;false
803a2d640563e721221b8928ac16e458e0fd9d37d3ca9df77893faff95dcd682;Alte Freunde scheint Trump nicht zu brauchen. Das hat einen Preis;https://www.zeit.de/politik/2026-08/allianzen-usa-internationale-beziehung-us-regierung-donald-trump;Zum Weltmachtarsenal der USA gehörte es, treue Verbündete zu haben. Nun umschmeichelt der US-Präsident deren Feinde. Beziehungskrisen gab es immer. Diese ist anders. ;"Z+ (abopflichtiger Inhalt);
        
    Allianzen der USA";Politik, Allianzen der USA, Internationale Beziehungen, Donald Trump, USA, Russland, China, Iran;2026-08-23T05:29:25+02:00;2026-08-23T05:29:25+02:00;Dr. Anna Sauerbrey;;false
145a54fe5de3f3d0d8d20a68b2491d35df5fe6bbc71c12e8771712676d4b369f;Mit 82;https://www.zeit.de/2026/36/82-jahre-alter-werner-herzog-instagram-lebenserwartung;In unserer Kolumne nehmen wir uns jede Woche ein Lebensjahr vor. In diesem absolvierte die »Eiserne Nonne« ihren letzten Ironman.;"Z+ (abopflichtiger Inhalt);
        
    82 Jahre";Entdecken, 82 Jahre, Alter, Werner Herzog, Ironman, Laufen;2026-08-23T05:29:06+02:00;2026-08-23T05:29:06+02:00;Rebecca Stegmann;Aus der        ZEIT Nr. 36/2026;false
dc2c231238bd7968459ea0d98f0ee0cbf1ae0973c1729d7fbdef9fa21a82de9d;Das Treppen-Skaten;https://www.zeit.de/sport/2026-08/eisskaterin-treppe-fitnessuebung-personal-trainer;In Eisschnelllaufmanier Treppensteigen? Was irre klingen mag, ist eine Übung für Hobby-Sportlerinnen und -Sportler. Unser Trainer erklärt, wie Sie nach oben skaten.;Unser Personal Trainer;Sport, Unser Personal Trainer, Fitness, Ausdauer;2026-08-23T05:28:39+02:00;2026-08-23T05:28:39+02:00;;;false
d634d6dc1fd2d20967d11b3c3fd57884dcbdf6adee4a1e1d0f51d165f9e6f98a;»Meine Frau kann sich derzeit keinen Vollzeitjob vorstellen«;https://www.zeit.de/arbeit/2026-08/pharmabranche-job-vollzeit-gehalt-kontoauszug;Tilmann, 39, verdient als Anlagenbauer 11.600 Euro im Monat. Seine Frau übernimmt zuhause die Care-Arbeit. Ein Modell, das für das Paar funktioniert. Der Kontoauszug;"Z+ (abopflichtiger Inhalt);
        
    Pharmabranche";Arbeit, Pharmabranche, Pharmakonzern, Arbeitsmarkt, Familie, Kinder;2026-08-23T05:28:07+02:00;2026-08-23T05:28:07+02:00;Gerrit-Freya Klebe;;false
bb027fef119c000f3b419f0b4298860712bab4d3cea4e0ab7a5374df5a5c82cf;Abwrackplan für die Republik;https://www.zeit.de/zeit-geschichte/2026/04/bankenkrise-ersparter-banken-republik-berlin;Nicht einmal zwei Jahre lang war Heinrich Brüning Reichskanzler der Weimarer Republik. Er arbeitete auf eine autoritäre Wende hin – und ebnete so Adolf Hitler den Weg.;"Z+ (abopflichtiger Inhalt);
        
    Bankenkrise";Wissenschaft, Bankenkrise, Weimarer Republik, Heinrich Brüning, Bankenkrise, Geschichte, SPD, Adolf Hitler, Benito Mussolini, NSDAP, Erster Weltkrieg, Revolution;2026-08-23T05:27:35+02:00;2026-08-23T05:27:35+02:00;Ute Daniel;Aus        ZEIT Geschichte Nr. 04/2026;false
fff98aadcffaf119baa986ffd2bda6f74157f7f405dd83d3c709f22424581e21;Südkoreanischer Frachter soll erstmals über Arktis nach Europa fahren;https://www.zeit.de/wirtschaft/2026-08/nordostpassage-suede-korea-containerschiff-arktisroute;Südkorea schickt einen Frachter durch die Nordostpassage nach Europa. Das Land will sich so als Drehkreuz für den Welthandel in Zeiten des Klimawandels positionieren.;Nordostpassage;Wirtschaft, Nordostpassage, Südkorea, Arktis, Europa, Schifffahrt, Klimawandel, Asien;2026-08-23T05:25:19+02:00;2026-08-23T05:25:19+02:00;htg;DIE ZEIT,        dpa,        AFP,        							htg;false
981e31565c978e0c94f9996d94090f36cb3de0151b555c7bbe672bfc63f5abdc;Evers will mehr KI-basierte Videoüberwachung;https://www.zeit.de/news/2026-08/23/evers-will-mehr-ki-basierte-videoueberwachung;Hier finden Sie Informationen zu dem Thema „KI-Einsatz“. Lesen Sie jetzt „Evers will mehr KI-basierte Videoüberwachung“.;KI-Einsatz;News, KI-Einsatz, Stefan Evers, Berlin, CDU, Deutsche Presse-Agentur, Polizei, Videoüberwachung, Polizeirecht, Sicherheit;2026-08-23T05:02:05+02:00;2026-08-23T05:02:05+02:00;;dpa Berlin/Brandenburg;false
784ca9d7142416824d484a8824f89acbe642821a8cf4309f603075e321aec296;Hamburger Jobcenter registrieren mehr Widersprüche;https://www.zeit.de/news/2026-08/23/hamburger-jobcenter-registrieren-mehr-widersprueche;Hier finden Sie Informationen zu dem Thema „Arbeitslosigkeit“. Lesen Sie jetzt „Hamburger Jobcenter registrieren mehr Widersprüche“.;Arbeitslosigkeit;News, Arbeitslosigkeit, Hamburg, Arbeitsamt, Bundesagentur für Arbeit, künstliche Intelligenz;2026-08-23T05:00:42+02:00;2026-08-23T05:00:42+02:00;;dpa Hamburg/Schleswig-Holstein;false
d9dd74063e3c1b77b893060ef60eb66392bcb26917c172c624e7a073dcb18e73;Landwirte melden Ernteverluste: «Pflanzen unterversorgt»;https://www.zeit.de/news/2026-08/23/landwirte-melden-ernteverluste-pflanzen-unterversorgt;Hier finden Sie Informationen zu dem Thema „Finanzielle Engpässe“. Lesen Sie jetzt „Landwirte melden Ernteverluste: «Pflanzen unterversorgt»“.;Finanzielle Engpässe;News, Finanzielle Engpässe, Jan-Malte Wichern, NRW, Nordrhein-Westfalen, Jülich, Köln, Aachen, Ernteverlust, Gussen, Engpass, Wetter;2026-08-23T05:00:30+02:00;2026-08-23T05:00:30+02:00;;dpa Nordrhein-Westfalen;false
eb82c116929db0bfe2c0db47b6b0337409cae1aa1c40f529651281b1bd64349c;Bewerbungsrunde zum «NRW-Pressefoto 2026» startet;https://www.zeit.de/news/2026-08/23/bewerbungsrunde-zum-nrw-pressefoto-2026-startet;Hier finden Sie Informationen zu dem Thema „Das Jahr in Bildern“. Lesen Sie jetzt „Bewerbungsrunde zum «NRW-Pressefoto 2026» startet“.;Das Jahr in Bildern;News, Das Jahr in Bildern, NRW, Düsseldorf, Bewerbungsrunde, Landtag;2026-08-23T05:00:27+02:00;2026-08-23T05:00:27+02:00;;dpa Nordrhein-Westfalen;false
57265d75fff9e2ee4c49d680bd45e67ceab4734e33c80dc5279b4f27bdaafec6;Trauer, Trauma, Stigma - Ebola-Waisen im Kongo;https://www.zeit.de/news/2026-08/23/trauer-trauma-stigma-ebola-waisen-im-kongo;Hier finden Sie Informationen zu dem Thema „Ebola im Kongo“. Lesen Sie jetzt „Trauer, Trauma, Stigma - Ebola-Waisen im Kongo“.;Ebola im Kongo;News, Ebola im Kongo, Kongo, Africa, CDC, UNICEF, Trauma, Zwangsrekrutierung, Trauer, Ebola, Sicherheit, Familie;2026-08-23T05:00:13+02:00;2026-08-23T05:00:13+02:00;;dpa;false
c9d84d846952d2e5a4a273fae19ca7f38c677b6255713be60ececeb994e42e76;Was man zur Kürbissaison in Baden-Württemberg wissen sollte;https://www.zeit.de/news/2026-08/23/was-man-zur-kuerbissaison-in-baden-wuerttemberg-wissen-sollte;Hier finden Sie Informationen zu dem Thema „Es wird herbstlich“. Lesen Sie jetzt „Was man zur Kürbissaison in Baden-Württemberg wissen sollte“.;Es wird herbstlich;News, Es wird herbstlich, Dennis Ruf, Hokkaido, Baden-Württemberg, Kürbissaison, Kürbis, Haupternte, Herbst, Sommer, Hitze;2026-08-23T05:00:12+02:00;2026-08-23T05:00:12+02:00;;dpa Baden-Württemberg;false
2b643fd5a11bd5fbe9b414a4479e5a56dedc400982e15f9f48e69e64dac08948;Keltereien erwarten unterdurchschnittliche Apfelernte;https://www.zeit.de/news/2026-08/23/keltereien-erwarten-unterdurchschnittliche-apfelernte;Hier finden Sie Informationen zu dem Thema „Früchte klein und verbrannt“. Lesen Sie jetzt „Keltereien erwarten unterdurchschnittliche Apfelernte“.;Früchte klein und verbrannt;News, Früchte klein und verbrannt, Kathleen Kitsche, Matthias Schulz, Sachsen, Thüringen, Brandenburg, Oberlausitz, Sachsen-Anhalt, Kelterei, Apfelernte, Fruchtsaftverband;2026-08-23T05:00:10+02:00;2026-08-23T05:00:10+02:00;;dpa Sachsen;false
701d3911fe3bd9037a9f8bc3a8278836b05ddddc2952bfb6a93518c9e663ae9b;Up ewig ungedeelt - Schleswig-Holstein wird 80;https://www.zeit.de/news/2026-08/23/up-ewig-ungedeelt-schleswig-holstein-wird-80;Hier finden Sie Informationen zu dem Thema „Schleswig-Holsteins Jubiläum“. Lesen Sie jetzt „Up ewig ungedeelt - Schleswig-Holstein wird 80“.;Schleswig-Holsteins Jubiläum;News, Schleswig-Holsteins Jubiläum, Björn Engholm, Uwe Barschel, Schleswig-Holstein, Holstein, Schleswig, Lübeck, Dänemark, Flensburg, Tønder, Russland;2026-08-23T05:00:09+02:00;2026-08-23T05:00:09+02:00;;dpa Hamburg/Schleswig-Holstein;false
262208a1feb635cde3b2947b95d7ae4270e0d0edbd395437257d7516462f5a92;US-Botschafter in Belgien kritisiert Suspendierung von US-Forscher;https://www.zeit.de/politik/ausland/2026-08/jason-arday-plagiat-vorwurf-usa-botschafter-belgien-forscher-kritik-suspendierung;Eine belgische Universität hat einen Forscher suspendiert, der Cambridge-Professor Jason Arday ein Plagiat unterstellt hatte. Jetzt wollen die USA eingreifen.;Fall Jason Arday;Politik, Fall Jason Arday, Jason Arday, Belgien, USA, Plagiat, Washington, Forschung;2026-08-23T04:58:04+02:00;2026-08-23T04:58:04+02:00;hoe;DIE ZEIT,        AFP,        							hoe;false
477eaf4c71dc789494231d1e868e89a7f21ba26b487eabe05664d02f672721f0;Käsehersteller, Anwalt, Arzt: Mehr Quereinsteiger im Weinbau;https://www.zeit.de/news/2026-08/23/kaesehersteller-anwalt-arzt-mehr-quereinsteiger-im-weinbau;Hier finden Sie Informationen zu dem Thema „Weinbau“. Lesen Sie jetzt „Käsehersteller, Anwalt, Arzt: Mehr Quereinsteiger im Weinbau“.;Weinbau;News, Weinbau, Urban Kaufmann, Florian Wecker, Ernst Büscher, Eva Raps, Elmar Koeller, Günther Jauch, Rheingau, Mosel, Kanzem, Italien;2026-08-23T04:30:08+02:00;2026-08-23T04:30:08+02:00;;dpa Hessen;false
394e7c2d891e57b14b0712b0a71d011b51a374394b6cacf67fe5f1e892a4dc9c;Operation Marriage: Briten gründen vor 80 Jahren NRW;https://www.zeit.de/news/2026-08/23/operation-marriage-briten-gruenden-vor-80-jahren-nrw;Hier finden Sie Informationen zu dem Thema „Nach dem Zweiten Weltkrieg“. Lesen Sie jetzt „Operation Marriage: Briten gründen vor 80 Jahren NRW“.;Nach dem Zweiten Weltkrieg;News, Nach dem Zweiten Weltkrieg, NRW, Schlossplatz, Nordrhein-Westfalen, Münster, Zweiter Weltkrieg;2026-08-23T04:30:04+02:00;2026-08-23T04:30:04+02:00;;dpa Nordrhein-Westfalen;false
88a953904e00b5e652170844ffcce562e49f3007d31232250b54af66e0541f9b;Auch TV-Moderator Günther Jauch hat ein Weingut;https://www.zeit.de/news/2026-08/23/auch-tv-moderator-guenther-jauch-hat-ein-weingut;Hier finden Sie Informationen zu dem Thema „Weinbau“. Lesen Sie jetzt „Auch TV-Moderator Günther Jauch hat ein Weingut“.;Weinbau;News, Weinbau, Günther Jauch, Kanzem, Rheinland-Pfalz, Weingut, Weinbranche, Weinbau, Quereinsteiger;2026-08-23T04:15:04+02:00;2026-08-23T04:15:04+02:00;;dpa Hessen;false
8d1bd07009f40c5ffbd0f43125b68c95dbeb16aae5e273f34665fce275190527;Entenfamilie überfahren – Verstoß gegen Tierschutzgesetz?;https://www.zeit.de/news/2026-08/23/entenfamilie-ueberfahren-verstoss-gegen-tierschutzgesetz;Hier finden Sie Informationen zu dem Thema „Tiere im Verkehr“. Lesen Sie jetzt „Entenfamilie überfahren – Verstoß gegen Tierschutzgesetz?“.;Tiere im Verkehr;News, Tiere im Verkehr, Kemnath, Polizei, Entenfamilie, Tierschutzgesetz, Verkehr, Tiere;2026-08-23T04:00:53+02:00;2026-08-23T04:00:53+02:00;;dpa Bayern;false
7871f071fb6fac7faab94e646a985132eebe2832c326207cadf70e3c4ca0394e;Das macht das Festspielorchester nach Ende der Spielzeit;https://www.zeit.de/news/2026-08/23/das-macht-das-festspielorchester-nach-ende-der-spielzeit;Hier finden Sie Informationen zu dem Thema „Barcelona statt Bayreuth“. Lesen Sie jetzt „Das macht das Festspielorchester nach Ende der Spielzeit“.;Barcelona statt Bayreuth;News, Barcelona statt Bayreuth, Barcelona, Bayreuth, Spanien, Santander, Sevilla, Madrid, Reisen, Festspielorchester;2026-08-23T04:00:29+02:00;2026-08-23T04:00:29+02:00;;dpa Bayern;false
dcb6413c7928e0f1d40c96080860bf76acc854e06d03944572e3c8803745d804;Wie Özdemir im Kanzleramt mit dem Lichtschalter kämpfte;https://www.zeit.de/news/2026-08/23/wie-oezdemir-im-kanzleramt-mit-dem-lichtschalter-kaempfte;Hier finden Sie Informationen zu dem Thema „Schwäbische Angewohnheit“. Lesen Sie jetzt „Wie Özdemir im Kanzleramt mit dem Lichtschalter kämpfte“.;Schwäbische Angewohnheit;News, Schwäbische Angewohnheit, Cem Özdemir, Angela Merkel, FDP, CDU, Angewohnheit, Bundeskanzleramt;2026-08-23T04:00:27+02:00;2026-08-23T04:00:27+02:00;;dpa Baden-Württemberg;false
ac191525f2e82c93510ef217d699aeb822601d1b43c84c5907215bad943be9ef;Brotgetreide: gute Qualität trotz starker Ertragsverluste;https://www.zeit.de/news/2026-08/23/brotgetreide-gute-qualitaet-trotz-starker-ertragsverluste;Hier finden Sie Informationen zu dem Thema „Ernte in Bayern“. Lesen Sie jetzt „Brotgetreide: gute Qualität trotz starker Ertragsverluste“.;Ernte in Bayern;News, Ernte in Bayern, Josef Rampl, Maria Lena Hohenester, Bayern, Brotgetreide, Ertragsverlust, Pflanzenbauspiegel, Junihälfte, Trockenheit, Landesanstalt, Hitzewelle;2026-08-23T04:00:16+02:00;2026-08-23T04:00:16+02:00;;dpa Bayern;false
92b00159b966f680a33f692badc262455be05f4fe176eedce37edf726aa33a6b;Das bringt Betrieben Tariftreue;https://www.zeit.de/news/2026-08/23/das-bringt-betrieben-tariftreue;Hier finden Sie Informationen zu dem Thema „Wirtschaftsstandort“. Lesen Sie jetzt „Das bringt Betrieben Tariftreue“.;Wirtschaftsstandort;News, Wirtschaftsstandort, Sabine Bätzing-Lichtenthäler, Mainz, Rheinland-Pfalz, Arbeitsministerium, SPD, Deutsche Presse-Agentur, CDU, Tariftreue, Landestariftreuegesetz, Kommune;2026-08-23T04:00:14+02:00;2026-08-23T04:00:14+02:00;;dpa Rheinland-Pfalz/Saarland;false
6be3c240edd655408111f9b68ba119be02150ea68ed2dbc61f6d142863f5b793;Trockenheit setzt neuen Weihnachtsbaumkulturen stark zu;https://www.zeit.de/news/2026-08/23/trockenheit-setzt-neuen-weihnachtsbaumkulturen-stark-zu;Hier finden Sie Informationen zu dem Thema „Bäume an Weihnachten in Gefahr“. Lesen Sie jetzt „Trockenheit setzt neuen Weihnachtsbaumkulturen stark zu“.;Bäume an Weihnachten in Gefahr;News, Bäume an Weihnachten in Gefahr, Sebastian Fertig, Mudau, Baden-Württemberg, Neckar-Odenwald-Kreis, Weihnachten, Weihnachtsbaumkultur, Trockenheit, Christbaumverband, Sommer, Hitze;2026-08-23T04:00:13+02:00;2026-08-23T04:00:13+02:00;;dpa Baden-Württemberg;false
52d5cf21c83c93498fdd0a2e08a3b3e4c1225420eec612918c50496cd4c575ea;Baugenehmigungen steigen – Baden-Württemberg setzt Zeichen;https://www.zeit.de/news/2026-08/23/baugenehmigungen-steigen-baden-wuerttemberg-setzt-zeichen;Hier finden Sie Informationen zu dem Thema „Wohnungsbau“. Lesen Sie jetzt „Baugenehmigungen steigen – Baden-Württemberg setzt Zeichen“.;Wohnungsbau;News, Wohnungsbau, Theresa Schopper, Stuttgart, Baden-Württemberg, Baugenehmigung, Wohnungsbau, Aufwärtstrend;2026-08-23T04:00:06+02:00;2026-08-23T04:00:06+02:00;;dpa Baden-Württemberg;false
f68a5301b91fe22200e4331d5d81fba76b9ad3259e0dcdf0d06bf31d4c9ce0e5;Verbandschef: Aufrüstung nicht zulasten sozialer Sicherheit;https://www.zeit.de/news/2026-08/23/verbandschef-aufruestung-nicht-zulasten-sozialer-sicherheit;Hier finden Sie Informationen zu dem Thema „Soziale Stabilität“. Lesen Sie jetzt „Verbandschef: Aufrüstung nicht zulasten sozialer Sicherheit“.;Soziale Stabilität;News, Soziale Stabilität, Markus Juch, Wiesbaden, Hessen, Deutsche Presse-Agentur, Aufrüstung, Wohlfahrtsverband, Beeinträchtigung, Verteidigungsfähigkeit, Sicherheit;2026-08-23T04:00:05+02:00;2026-08-23T04:00:05+02:00;;dpa Hessen;false
ba56393667c7f0e051d4e10243575ee8eb42206b75e1c6672e4f6933f9b4dd3a;Südkorea schickt erstmals Frachter über Arktis nach Europa;https://www.zeit.de/news/2026-08/23/suedkorea-schickt-erstmals-frachter-ueber-arktis-nach-europa;Hier finden Sie Informationen zu dem Thema „Neue Handelsroute“. Lesen Sie jetzt „Südkorea schickt erstmals Frachter über Arktis nach Europa“.;Neue Handelsroute;News, Neue Handelsroute, Arktis, Europa, Russland, China, Busan, Felixstowe, Großbritannien, Niederlande, Polen, Südkorea;2026-08-23T03:46:36+02:00;2026-08-23T03:46:36+02:00;;dpa;false
188293375c28a22eb3a27a02ff6bf93788664406385228496a9422044fd72f1c;Bahngewerkschaft will mit Streiks Gesetz für mehr Sicherheit erzwingen;https://www.zeit.de/politik/deutschland/2026-08/evg-bahnstreik-janur-angriffe-zugbegleiter-martin-burkert;Vor einem halben Jahr wurde ein Bahnmitarbeiter von einem Fahrgast tödlich verletzt. Jetzt droht die Bahngewerkschaft mit Streiks, falls das Gesetz nicht verschärft wird.;EVG;Politik, EVG, Deutsche Bahn, Streik, Gewerkschaft, Arbeitnehmer, Deutscher Bundestag;2026-08-23T03:38:26+02:00;2026-08-23T03:38:26+02:00;htg;DIE ZEIT,        dpa,        							htg;false
3d49f204e4d40e930991a1eaba309d08392146573a1d93f3ad7b13a6de18f324;76. Heidekönigin in Amelinghausen gesucht;https://www.zeit.de/news/2026-08/23/76-heidekoenigin-in-amelinghausen-gesucht;Hier finden Sie Informationen zu dem Thema „Brauchtum“. Lesen Sie jetzt „76. Heidekönigin in Amelinghausen gesucht“.;Brauchtum;News, Brauchtum, Emma Kremer, Amelinghausen, Jura, Heideblütenfest, Brauchtum, Repräsentationstermin;2026-08-23T03:30:16+02:00;2026-08-23T03:30:16+02:00;;dpa Niedersachsen;false
340efaa351f360bf389fe45271974e05aa0e9fd3ec6160109ef0c873fb5f30d1;Christine Schneider arbeitet mit anderen Schneiders zusammen;https://www.zeit.de/news/2026-08/23/christine-schneider-arbeitet-mit-anderen-schneiders-zusammen;Hier finden Sie Informationen zu dem Thema „Namensgleichheit“. Lesen Sie jetzt „Christine Schneider arbeitet mit anderen Schneiders zusammen“.;Namensgleichheit;News, Namensgleichheit, Christine Schneider, Namensgleichheit, Aufgabenfeld;2026-08-23T03:30:08+02:00;2026-08-23T03:30:08+02:00;;dpa Rheinland-Pfalz/Saarland;false
7020537b602f2367c1eddde95b190ea2628513566812cc6ee182722dc368f5f9;Immer rauf und runter – wo kann man noch Paternoster fahren?;https://www.zeit.de/news/2026-08/23/immer-rauf-und-runter-wo-kann-man-noch-paternoster-fahren;Hier finden Sie Informationen zu dem Thema „Historische Aufzüge“. Lesen Sie jetzt „Immer rauf und runter – wo kann man noch Paternoster fahren?“.;Historische Aufzüge;News, Historische Aufzüge, Frankfurt, Wiesbaden, Hessen, Johann Wolfgang Goethe-Universität Frankfurt am Main, Aufzug;2026-08-23T03:30:07+02:00;2026-08-23T03:30:07+02:00;;dpa Hessen;false
24d2677459f0b7e8e2dca183781a7fef60d95e55e4d1633fc9e5f22f76079a8b;Ministerin: «Pflegeeltern sind nicht Eltern zweiter Klasse»;https://www.zeit.de/news/2026-08/23/ministerin-pflegeeltern-sind-nicht-eltern-zweiter-klasse;Hier finden Sie Informationen zu dem Thema „Pflegefamilien stärken“. Lesen Sie jetzt „Ministerin: «Pflegeeltern sind nicht Eltern zweiter Klasse»“.;Pflegefamilien stärken;News, Pflegefamilien stärken, Sabine Bätzing-Lichtenthäler, SPD, Deutsche Presse-Agentur, Pflegefamilie, Pflegeeltern, Familie, Pflegekinder;2026-08-23T03:30:05+02:00;2026-08-23T03:30:05+02:00;;dpa Rheinland-Pfalz/Saarland;false
c6ce82eee6c5ac752fc2afb792490887d4e1d69c555129ff2e642ea1711b2765;Union in Braunschweig gefordert - Fußball-Fest in Krieschow;https://www.zeit.de/news/2026-08/23/union-in-braunschweig-gefordert-fussball-fest-in-krieschow;Hier finden Sie Informationen zu dem Thema „DFB-Pokal“. Lesen Sie jetzt „Union in Braunschweig gefordert - Fußball-Fest in Krieschow“.;DFB-Pokal;News, DFB-Pokal, Mauro Lustrinelli, Braunschweig, Krieschow, Deutscher Fußball-Bund, 1. FC Union Berlin, Pflichtspiel, Hauptrunde;2026-08-23T03:30:04+02:00;2026-08-23T03:30:04+02:00;;dpa Berlin/Brandenburg;false
22a72b45ebdd5bd33854f1e9a8326ffb9a7cb9febb31c3f7cea6910546371674;Fünf Verletzte nach Unfall in Heidenheim – Ampel zerstört;https://www.zeit.de/news/2026-08/23/fuenf-verletzte-nach-unfall-in-heidenheim-ampel-zerstoert;Hier finden Sie Informationen zu dem Thema „Vorfahrt missachtet“. Lesen Sie jetzt „Fünf Verletzte nach Unfall in Heidenheim – Ampel zerstört“.;Vorfahrt missachtet;News, Vorfahrt missachtet, Heidenheim, Unfall, Vorfahrt, Frontalzusammenstoß, Auto;2026-08-23T02:17:55+02:00;2026-08-23T02:17:55+02:00;;dpa Baden-Württemberg;false
da0226d81b52e327cf88606b8d87a3680cd762d817f3e5e4fb54214f4ba88bc7;Antisemitismusbeauftragter nennt Siedlungspolitik »völkerrechtswidrig«;https://www.zeit.de/politik/ausland/2026-08/antisemitismus-beauftragter-felix-klein-israel-voelkermord-siedlungspolitik-benjamin-netanjahu;Der Antisemitismusbeauftragte der Bundesregierung, Felix Klein, kritisiert den Bau von Siedlungen im Westjordanland. Seine Vorwürfe richten sich gegen Israels Regierung.;Felix Klein;Politik, Felix Klein, Israel, Westjordanland, Siedlungspolitik, Bundesregierung, Benjamin Netanjahu, Antisemitismus, Felix Klein;2026-08-23T02:12:48+02:00;2026-08-23T02:12:48+02:00;hoe;DIE ZEIT,        AFP,        							hoe;false
a59b59fb831e5321ccddcd232ad822b2e2f888fa39873d0b423af4a9f99e1961;Gefangenentransport in Unfall verwickelt;https://www.zeit.de/news/2026-08/23/gefangenentransport-in-unfall-verwickelt;Hier finden Sie Informationen zu dem Thema „Polizei“. Lesen Sie jetzt „Gefangenentransport in Unfall verwickelt“.;Polizei;News, Polizei, Hamburg-Hohenfelde, Polizei, Unfall, Gefangenentransport, Gefangenentransporter, Auto;2026-08-23T00:26:19+02:00;2026-08-23T00:26:19+02:00;;dpa Hamburg/Schleswig-Holstein;false
0794e5155ca10cfae00321d0d0c6c2f6a4ca6b2331ac7f8fa726c4ed8ee23749;Putin droht Ukraine nach Angriffen auf Logistikzentren mit Vergeltung;https://www.zeit.de/politik/ausland/2026-08/wladimir-putin-ukraine-vergeltungsschlaege-luftabwehr-oelraffinerien;Die Ukraine hat in den vergangenen Wochen Russlands wirtschaftliche Infrastruktur schwer getroffen. Damit habe die Ukraine die »Büchse der Pandora« geöffnet, warnt Putin.;Russland;Politik, Russland, Krieg in der Ukraine, Russland, Wladimir Putin, Infrastruktur, Militär, Luftwaffe;2026-08-23T00:19:42+02:00;2026-08-23T00:19:42+02:00;htg;DIE ZEIT,        dpa,        							htg;false
123a4756189e74abad02ebb1522107cbd4782c76717879bb63ab201ecfb32ab2;Serena Williams und Alcaraz im Mixed-Doppel der US Open;https://www.zeit.de/news/2026-08/22/serena-williams-und-alcarez-im-mixed-doppel-der-us-open;Hier finden Sie Informationen zu dem Thema „Tennis“. Lesen Sie jetzt „Serena Williams und Alcaraz im Mixed-Doppel der US Open“.;Tennis;News, Tennis, Serena Williams, Carlos Alcaraz, USA, New York, Wimbledon, US Open, Grand-Slam-Turnier, Hauptfeld, Wildcard;2026-08-23T00:01:40+02:00;2026-08-23T00:01:40+02:00;;dpa Sport;false
9be4b438971fcf174821048c181a86a70e534587eb2059b9b409acd612be83f0;Kimmich über Musiala: «Jamal kann ein großes Vorbild sein»;https://www.zeit.de/news/2026-08/23/kimmich-ueber-musiala-jamal-kann-ein-grosses-vorbild-sein;Hier finden Sie Informationen zu dem Thema „FC Bayern München“. Lesen Sie jetzt „Kimmich über Musiala: «Jamal kann ein großes Vorbild sein»“.;FC Bayern München;News, FC Bayern München, Joshua Kimmich, Jamal Musiala, FC Bayern München, Deutscher Fußball-Bund;2026-08-23T00:01:07+02:00;2026-08-23T00:01:07+02:00;;dpa Bayern;false
c0eabaf3122e4e7cbf89c69a0670be936710cb2e85fd50d3cc10db12233ed4e1;Was geschah am 23. August?;https://www.zeit.de/news/2026-08/22/was-geschah-am-23-august;Hier finden Sie Informationen zu dem Thema „Kalenderblatt“. Lesen Sie jetzt „Was geschah am 23. August?“.;Kalenderblatt;News, Kalenderblatt, Österreich, Kalenderblatt, Namenstag, Coronavirus, 3G-Regel;2026-08-22T23:55:04+02:00;2026-08-22T23:55:04+02:00;;dpa;false
a78471e55a4c79d0b91fa2af3d2e3a650244ad60c7813678daa70e03def9d2f2;Jugendliche bei Pyrotechnik-Versuch teils schwer verletzt;https://www.zeit.de/news/2026-08/22/jugendliche-bei-pyrotechnik-versuch-teils-schwer-verletzt;Hier finden Sie Informationen zu dem Thema „Rettungseinsatz“. Lesen Sie jetzt „Jugendliche bei Pyrotechnik-Versuch teils schwer verletzt“.;Rettungseinsatz;News, Rettungseinsatz, Rettungseinsatz, Chemikalie, Pyrotechnik;2026-08-22T23:29:08+02:00;2026-08-22T23:29:08+02:00;;dpa Bayern;false
bd61e7da7694d749dd66088694b889a0e560492bc549342b95a5ba13303c2143;VfB Stuttgart muss erneut auf Nartey verzichten;https://www.zeit.de/news/2026-08/22/vfb-stuttgart-muss-erneut-auf-nartey-verzichten;Hier finden Sie Informationen zu dem Thema „Fußball“. Lesen Sie jetzt „VfB Stuttgart muss erneut auf Nartey verzichten“.;Fußball;News, Fußball, Nikolas Nartey, VfB Stuttgart, Fußball;2026-08-22T22:50:15+02:00;2026-08-22T22:50:15+02:00;;dpa Baden-Württemberg;false
c35f05cee05ffe20fd56638ae7e7c1c3ead511ef115264eed15248e56f3e613c;Deutsche Basketballer gewinnen Supercup;https://www.zeit.de/news/2026-08/22/deutsche-basketballer-gewinnen-supercup;Hier finden Sie Informationen zu dem Thema „Basketball-Supercup“. Lesen Sie jetzt „Deutsche Basketballer gewinnen Supercup“.;Basketball-Supercup;News, Basketball-Supercup, Alex Mumbrú, Hamburg, Kroatien, Niederlande, Polen, Tschechien, Köln, Barclays, FC Bayern München, Supercup;2026-08-22T22:46:07+02:00;2026-08-22T22:46:07+02:00;;dpa Hamburg/Schleswig-Holstein;false
b53e7a995d6cb7837961310c3acac925bb39f2f4cc53dde22211ac05bef442d7;Bayern gewinnt Supercup gegen den BVB;https://www.zeit.de/sport/2026-08/supercup-bayern-muenchen-borussia-dortmund-franz-beckenbauer;Bayern München hat den ersten Titel der Saison gewonnen. Im Supercup-Finale siegte der FCB in Dortmund.;Franz-Beckenbauer-Supercup;Sport, Franz-Beckenbauer-Supercup, Borussia Dortmund, FC Bayern München, Franz Beckenbauer, Jürgen Klopp, Fußball;2026-08-22T22:45:32+02:00;2026-08-22T22:45:32+02:00;iyf;DIE ZEIT,        SID,        							iyf;false
64dd0e6c31a954de237bbae7d355a12e83d212acea828980bb3e833b6b8e98ad;Bayern feiern Supercup-Sieg in Dortmund: «So weitermachen»;https://www.zeit.de/news/2026-08/22/brown-trifft-klopp-schaut-zu-fc-bayern-gewinnt-supercup;Hier finden Sie Informationen zu dem Thema „Fußball“. Lesen Sie jetzt „Bayern feiern Supercup-Sieg in Dortmund: «So weitermachen»“.;Fußball;News, Fußball, Vincent Kompany, Nathaniel Brown, Michael Olise, Fabio Silva, Joshua Kimmich, Jürgen Klopp, Manuel Neuer, Dortmund, Borussia Dortmund, FC Bayern München;2026-08-22T22:38:17+02:00;2026-08-22T22:38:17+02:00;;dpa;false
effe17921fd3f813fcc56d1566149f47cadff4075d1a181347784e6b8515d6ca;«Büchse der Pandora» geöffnet - Putin droht Kiew mit Schlag;https://www.zeit.de/news/2026-08/22/todeszahl-steigt-in-krywyj-rih-ukraine-schlaegt-zurueck;Hier finden Sie Informationen zu dem Thema „Russischer Angriffskrieg“. Lesen Sie jetzt „«Büchse der Pandora» geöffnet - Putin droht Kiew mit Schlag“.;Russischer Angriffskrieg;News, Russischer Angriffskrieg, Krywyj, Russland, Kyjiw, Todeszahl, Drohnenkrieg, Drohnenangriff, Einkaufszentrum, Krieg in der Ukraine, Drohne;2026-08-22T22:34:36+02:00;2026-08-22T22:34:36+02:00;;dpa;false
9476a92a59675fab9c71dcb07e91de36ecddb08edab7de73717071f23813fe1a;FC Bayern gewinnt den Supercup gegen Borussia Dortmund;https://www.zeit.de/news/2026-08/22/fc-bayern-gewinnt-den-supercup-gegen-borussia-dortmund;Hier finden Sie Informationen zu dem Thema „Fußball“. Lesen Sie jetzt „FC Bayern gewinnt den Supercup gegen Borussia Dortmund“.;Fußball;News, Fußball, Borussia Dortmund, FC Bayern München, Supercup, Fußball, Bundesligastart;2026-08-22T22:24:44+02:00;2026-08-22T22:24:44+02:00;;dpa;false
c6a5851b156522125356d605fb494853a46001f4ae149ac3524ff0c8a34d1fbd;Motorradfahrer bei Unfall im Schwarzwald schwer verletzt;https://www.zeit.de/news/2026-08/22/motorradfahrer-bei-unfall-im-schwarzwald-schwer-verletzt;Hier finden Sie Informationen zu dem Thema „Polizei-Einsatz“. Lesen Sie jetzt „Motorradfahrer bei Unfall im Schwarzwald schwer verletzt“.;Polizei-Einsatz;News, Polizei-Einsatz, Schwarzwald, Polizei, Unfall;2026-08-22T22:22:47+02:00;2026-08-22T22:22:47+02:00;;dpa Baden-Württemberg;false
c8601de9d3b38bde6ad14d0577eeb0f1375917f94c025462b1530faf6b74aca0;Biker nach missglücktem Überholmanöver in Lebensgefahr;https://www.zeit.de/news/2026-08/22/biker-nach-missgluecktem-ueberholmanoever-in-lebensgefahr;Hier finden Sie Informationen zu dem Thema „Zu schnell unterwegs“. Lesen Sie jetzt „Biker nach missglücktem Überholmanöver in Lebensgefahr“.;Zu schnell unterwegs;News, Zu schnell unterwegs, Kronach, Polizei, Überholmanöver, Lebensgefahr;2026-08-22T22:05:43+02:00;2026-08-22T22:05:43+02:00;;dpa Bayern;false
59381bdda3c066da2508c7bcb61a0bc2b2a01689bae6fd78b71d10fbfcb9bc25;Matteo Salvini schürt Konflikt mit Deutschland um Sekundärmigranten;https://www.zeit.de/politik/ausland/2026-08/italien-migration-matteo-salvini-migranten-eu-migrationspakt;Italiens Vizeregierungschef droht, dass sein Land keine Geflüchteten aufnehmen werde, die Deutschland zurückschickt. Zur Begründung kritisiert er deutsche Seenotretter.;Migration;Politik, Migration, Italien, Migration, Matteo Salvini, Europäische Union, Mittelmeer, Rom;2026-08-22T21:53:43+02:00;2026-08-22T21:53:43+02:00;iyf;DIE ZEIT,        dpa,        							iyf;false
3b98302d22ab7f78b8554bb8e3e5d12ac01497715e5efde15d4a83f5633fe8bf;Schulze: Keine Bürgerwehren in Sachsen-Anhalt;https://www.zeit.de/news/2026-08/22/schulze-keine-buergerwehren-in-sachsen-anhalt;Hier finden Sie Informationen zu dem Thema „Innere Sicherheit“. Lesen Sie jetzt „Schulze: Keine Bürgerwehren in Sachsen-Anhalt“.;Innere Sicherheit;News, Innere Sicherheit, Sven Schulze, Chris Schulenburg, Sachsen-Anhalt, CDU, Alternative für Deutschland, Bürgerwehr, Sicherheit;2026-08-22T21:24:07+02:00;2026-08-22T21:24:07+02:00;;dpa Sachsen;false
711584c32ee058ae27a548e1dd069498bfd186ba288ac260a7241b7b95a5690b;Bielefeld scheidet überraschend bei SG Großaspach aus;https://www.zeit.de/news/2026-08/22/bielefeld-scheidet-ueberraschend-bei-sg-grossaspach-aus;Hier finden Sie Informationen zu dem Thema „DFB-Pokal“. Lesen Sie jetzt „Bielefeld scheidet überraschend bei SG Großaspach aus“.;DFB-Pokal;News, DFB-Pokal, Maximilian Bauer, Tim Handwerker, Großaspach, Bielefeld, Arminia Bielefeld, SG Großaspach, Deutscher Fußball-Bund, SG Sonnenhof Großaspach;2026-08-22T21:23:15+02:00;2026-08-22T21:23:15+02:00;;dpa Baden-Württemberg;false
89db3dc0c3df59bde0de47db38ab25f813a006df5b79797ccbaf3e65181c026e;Mann gibt sich als Soldat aus - Polizei beschlagnahmt Waffen;https://www.zeit.de/news/2026-08/22/mann-gibt-sich-als-soldat-aus-polizei-beschlagnahmt-waffen;Hier finden Sie Informationen zu dem Thema „Verdächtiges Verhalten“. Lesen Sie jetzt „Mann gibt sich als Soldat aus - Polizei beschlagnahmt Waffen“.;Verdächtiges Verhalten;News, Verdächtiges Verhalten, Wanne-Eickel, Polizei;2026-08-22T21:14:53+02:00;2026-08-22T21:14:53+02:00;;dpa Nordrhein-Westfalen;false
13aa50a891478c0b5623d48eca106ff08fbbc55d90c0e08f2bf02e2800e19181;Vize-Regierungschef: Italien nimmt keine Flüchtlinge zurück;https://www.zeit.de/news/2026-08/22/vize-regierungschef-italien-nimmt-keine-fluechtlinge-zurueck;Hier finden Sie Informationen zu dem Thema „Migration“. Lesen Sie jetzt „Vize-Regierungschef: Italien nimmt keine Flüchtlinge zurück“.;Migration;News, Migration, Matteo Salvini, Italien, Mittelmeer, Rom, Berlin, Europäische Union, Migration, Flüchtlinge, Schiff;2026-08-22T21:13:45+02:00;2026-08-22T21:13:45+02:00;;dpa;false
9d6ef7e105084c3bae3ab4702436887852ab5284a6d009945f9a279a343d9884;Leipzig siegt souverän in Trier;https://www.zeit.de/sport/2026-08/dfb-pokal-bayer-leverkusen-sv-wehen-wiesbaden-fc-augsburg-energie-cottbus;Der sächsische Bundesligist hat bei Viertligist Eintracht Trier klar gewonnen. Zweitligist Holstein Kiel setzte sich gegen den TSV 1860 München durch. Die Spielberichte;DFB-Pokal, 1. Runde;Sport, DFB-Pokal, 1. Runde, DFB-Pokal, Bayer 04 Leverkusen, Deutscher Fußball-Bund, Fußball, Patrik Schick, Wiesbaden;2026-08-22T21:02:37+02:00;2026-08-22T21:02:37+02:00;twbam;DIE ZEIT,        SID,        							tw					,        							bam;false
7af1e7ed732889c807d648e045bbb36619aa4c39bffffb5fbc2c90f49dbcf8e2;Kanada kontert US-Zölle - Handelsstreit spitzt sich zu;https://www.zeit.de/news/2026-08/22/keine-einigung-im-handelsstreit-neue-us-zoelle-fuer-kanada;Hier finden Sie Informationen zu dem Thema „«Wir wurden angegriffen»“. Lesen Sie jetzt „Kanada kontert US-Zölle - Handelsstreit spitzt sich zu“.;«Wir wurden angegriffen»;News, «Wir wurden angegriffen», Mark Carney, Jamieson Greer, Kanada, USA, Handelsstreit, Stichtermin, Zement, Zoll, US-Zölle, Premierminister;2026-08-22T21:01:49+02:00;2026-08-22T21:01:49+02:00;;dpa;false
03d6edc35ede30fb4fb54442b2eb4f323baf326b808d38eda9a4bc5fbcdf4f8f;Nach Unwetter im Westerwald wieder alle Gebäude am Stromnetz;https://www.zeit.de/news/2026-08/22/nach-unwetter-im-westerwald-wieder-alle-gebaeude-am-stromnetz;Hier finden Sie Informationen zu dem Thema „Aufatmen in der Region“. Lesen Sie jetzt „Nach Unwetter im Westerwald wieder alle Gebäude am Stromnetz“.;Aufatmen in der Region;News, Aufatmen in der Region, Westerwald, Rheinland-Pfalz, Mittelrhein, Stromnetz, Stromversorgung, Unwetter;2026-08-22T20:56:48+02:00;2026-08-22T20:56:48+02:00;;dpa Rheinland-Pfalz/Saarland;false
0d3e3951b9678b822ffaede255bebe5febcde147184d21636cf26cf6e03325aa;Islamisten töten und entführen Dorfbewohner in Nigeria;https://www.zeit.de/politik/ausland/2026-08/nigeria-islamisten-angriff-massaker-entfuehrung;Eine Gruppe von Islamisten hat einen schwer bewaffneten Überfall auf ein Dorf in Nigeria verübt. Dabei wurde sie in Kämpfe mit einer anderen Islamistengruppe verwickelt.;Nigeria;Politik, Nigeria, Islamismus, Nigeria, Überfall, Entführung;2026-08-22T20:52:03+02:00;2026-08-22T20:52:03+02:00;sc;DIE ZEIT,        AFP,        							sc;false
17d3fcb2c6ea7e2299f0dec4726163a3e55594afdd95f4e363ca2e2a55ff9614;DFB-Pokal: Füllkrug trifft bei Werder-Sieg vom Punkt;https://www.zeit.de/news/2026-08/22/dfb-pokal-fuellkrug-trifft-bei-werder-sieg-vom-punkt;Hier finden Sie Informationen zu dem Thema „Fußball“. Lesen Sie jetzt „DFB-Pokal: Füllkrug trifft bei Werder-Sieg vom Punkt“.;Fußball;News, Fußball, Carles Martínez, Patrick Wimmer, Niclas Füllkrug, Christian Ilzer, Leverkusen, Bremen, Deutscher Fußball-Bund, SV Werder Bremen, SV Wehen Wiesbaden, Pflichtspiel;2026-08-22T20:49:21+02:00;2026-08-22T20:49:21+02:00;;dpa Sport;false
e0c2751735b03a051724c84806c6812a4c8b631d23fa16943478d99f65ee470e;Eberl zum neuen Kane-Vertrag: «Gespräche haben angefangen»;https://www.zeit.de/news/2026-08/22/eberl-zum-neuen-kane-vertrag-gespraeche-haben-angefangen;Hier finden Sie Informationen zu dem Thema „Fußball-Bundesliga“. Lesen Sie jetzt „Eberl zum neuen Kane-Vertrag: «Gespräche haben angefangen»“.;Fußball-Bundesliga;News, Fußball-Bundesliga, Harry Kane, Max Eberl, München, Borussia Dortmund, FC Bayern München, Sat.1, Fußball-Bundesliga, Bundesliga, Supercup, Vertragsverlängerung;2026-08-22T20:44:21+02:00;2026-08-22T20:44:21+02:00;;dpa Bayern;false
254c5c869bc0b991abf4f74debfeded1580a57b3b489e00da080bac2f188ec39;USA: Franzose im Tal des Todes bei Extremhitze gestorben;https://www.zeit.de/news/2026-08/22/usa-franzose-im-tal-des-todes-bei-extremhitze-gestorben;Hier finden Sie Informationen zu dem Thema „Death Valley“. Lesen Sie jetzt „USA: Franzose im Tal des Todes bei Extremhitze gestorben“.;Death Valley;News, Death Valley, USA, Death Valley, Extremhitze, Touristenziel, Hitze, Auto;2026-08-22T20:22:03+02:00;2026-08-22T20:22:03+02:00;;dpa;false
b86effbffe28218df040aae91c84ec833fc5876c595b7ff7bc1fb0b0f3a858f6;Autofahrer mit 3,74 Promille am Steuer gestoppt;https://www.zeit.de/news/2026-08/22/autofahrer-mit-3-74-promille-am-steuer-gestoppt;Hier finden Sie Informationen zu dem Thema „Sturzbetrunken gefahren“. Lesen Sie jetzt „Autofahrer mit 3,74 Promille am Steuer gestoppt“.;Sturzbetrunken gefahren;News, Sturzbetrunken gefahren, Atemalkohol;2026-08-22T20:20:01+02:00;2026-08-22T20:20:01+02:00;;dpa Mecklenburg-Vorpommern;false
ac8b23bfa966c4d405c31aff243090f2968097fb07d9b4012aa0366c7d513b93;6:0 bei Demichelis-Debüt: RB erreicht in Trier 2. Pokalrunde;https://www.zeit.de/news/2026-08/22/6-0-bei-demichelis-debuet-rb-erreicht-in-trier-2-pokalrunde;Hier finden Sie Informationen zu dem Thema „DFB-Pokal 1. Runde“. Lesen Sie jetzt „6:0 bei Demichelis-Debüt: RB erreicht in Trier 2. Pokalrunde“.;DFB-Pokal 1. Runde;News, DFB-Pokal 1. Runde, Martín Demichelis, Willi Orban, Conrad Harder, Antonio Nusa, Ridle Baku, Trier, Fußball-Viertligist, Leipzig, Moselstadion, Deutscher Fußball-Bund;2026-08-22T20:05:55+02:00;2026-08-22T20:05:55+02:00;;dpa Rheinland-Pfalz/Saarland;false
ee95cc531a4af79613327aa6c3416a95b96f4c88b150f5427b2b509648c35fe4;Holstein Kiel lässt sich von 1860 München nicht überlisten;https://www.zeit.de/news/2026-08/22/holstein-kiel-laesst-sich-von-1860-muenchen-nicht-ueberlisten;Hier finden Sie Informationen zu dem Thema „DFB-Pokal“. Lesen Sie jetzt „Holstein Kiel lässt sich von 1860 München nicht überlisten“.;DFB-Pokal;News, DFB-Pokal, Phil Herre, Holstein, Holstein Kiel, TSV 1860 München, Deutscher Fußball-Bund;2026-08-22T19:58:41+02:00;2026-08-22T19:58:41+02:00;;dpa Bayern;false
08eb6619051f312ddfb5ad3e83729554780f40579b8f5a319ae78547a7e63478;Zwei Deutsche bei Flugzeugabsturz in Kroatien getötet;https://www.zeit.de/news/2026-08/22/deutsches-kleinflugzeug-in-kroatien-abgestuerzt-zwei-tote;Hier finden Sie Informationen zu dem Thema „Flugunfall“. Lesen Sie jetzt „Zwei Deutsche bei Flugzeugabsturz in Kroatien getötet“.;Flugunfall;News, Flugunfall, Kroatien, Velebit-Gebirge, Zadar, Polizei, Kleinflugzeug, Flugunfall, Absturzstelle, Küstenstadt;2026-08-22T19:54:08+02:00;2026-08-22T19:54:08+02:00;;dpa;false
2cc096db2902902f6846a01b2c90b3f60af6fe2ff4988e63fd7079d9dbc2e8f9;Endlich Ausbruch;https://www.zeit.de/2026/36/1999-meter-ueber-dem-meer-caroline-wahl-roman-social-media;Caroline Wahl hat einen Roman über die Verlogenheit der sozialen Medien und des Lifestyle-Kapitalismus geschrieben. Eine Begegnung mit der Bestsellerautorin in St. Moritz;"Z+ (abopflichtiger Inhalt);
        
    »1.999 Meter über dem Meer« von Caroline Wahl";Feuilleton, »1.999 Meter über dem Meer« von Caroline Wahl, Autor, Belletristik, Kapitalismus, Soziale Medien, Instagram, Caroline Wahl;2026-08-22T19:49:43+02:00;2026-08-22T19:49:43+02:00;Adam Soboczynski;Aus der        ZEIT Nr. 36/2026;false
53a40b4a9c83add67ae9c6a5807b3941d3c2547491e1493d95729bff3e26c069;Last Manu Standing;https://www.zeit.de/2026/36/manuela-schwesig-spd-mecklenburg-vorpommern-landtagswahl-afd;Manuela Schwesig hat die AfD schon einmal geschlagen, auch in diesem Wahlkampf holt sie wieder auf. Wie macht sie das?;"Z+ (abopflichtiger Inhalt);
        
    Manuela Schwesig";Politik, Manuela Schwesig, Manuela Schwesig, Alternative für Deutschland, Schwerin, Mecklenburg-Vorpommern, Landtagswahl, Wahlkampf;2026-08-22T19:49:07+02:00;2026-08-22T19:49:07+02:00;Martin Nejezchleba;Aus der        ZEIT Nr. 36/2026;false
0176ed6ab99a4eb89b5dbdded6222cb4f6cba3ad74169fbb1c82536f79ba3511;70-Jähriger nach Messerattacke auf Partnerin festgenommen;https://www.zeit.de/news/2026-08/22/70-jaehriger-nach-messerattacke-auf-partnerin-festgenommen;Hier finden Sie Informationen zu dem Thema „Ermittlungen laufen“. Lesen Sie jetzt „70-Jähriger nach Messerattacke auf Partnerin festgenommen“.;Ermittlungen laufen;News, Ermittlungen laufen, Witten, Messerattacke;2026-08-22T19:48:39+02:00;2026-08-22T19:48:39+02:00;;dpa Nordrhein-Westfalen;false
fa8bf1d91d32b88a288dfc1c27705ec3ae046de484c379719512a093c96d0add;Magdeburg macht es deutlich - Blomberg-Lippe nervenstark;https://www.zeit.de/news/2026-08/22/magdeburg-macht-es-deutlich-blomberg-lippe-nervenstark;Hier finden Sie Informationen zu dem Thema „Handball-Supercup“. Lesen Sie jetzt „Magdeburg macht es deutlich - Blomberg-Lippe nervenstark“.;Handball-Supercup;News, Handball-Supercup, Bennet Wiegert, Mathias Gidsel, Gísli Kristjánsson, Matthes Langhoff, Magdeburg, Berlin, Dortmund, Blomberg, SAP, SC Magdeburg;2026-08-22T19:46:27+02:00;2026-08-22T19:46:27+02:00;;dpa Bayern;false
ad7d61bf87fc7a462f24effc2f47039e813be08bc4516f873207761c1902a4ac;Merz in Waldbrandgebiet: «Das ist Klimawandel»;https://www.zeit.de/news/2026-08/22/merz-in-waldbrandgebiet-das-ist-klimawandel;Hier finden Sie Informationen zu dem Thema „Nach Waldbrand“. Lesen Sie jetzt „Merz in Waldbrandgebiet: «Das ist Klimawandel»“.;Nach Waldbrand;News, Nach Waldbrand, Friedrich Merz, Hürtgenwald, Gey, CDU, Feuerwehr, Bundeswehr, Waldbrandgebiet, Klimawandel, Eifelgemeinde, Waldbrand;2026-08-22T19:39:19+02:00;2026-08-22T19:39:19+02:00;;dpa;false
bfceebd39042cacd70aacd6b09533647bd4538f160af3443581fa4f91887c083;Brand in Parkhaus – Großeinsatz in Karlsruher Innenstadt;https://www.zeit.de/news/2026-08/22/brand-in-parkhaus-grosseinsatz-in-karlsruher-innenstadt;Hier finden Sie Informationen zu dem Thema „Feuer“. Lesen Sie jetzt „Brand in Parkhaus – Großeinsatz in Karlsruher Innenstadt“.;Feuer;News, Feuer, Karlsruhe, Parkhaus, Innenstadt, Großeinsatz;2026-08-22T19:15:17+02:00;2026-08-22T19:15:17+02:00;;dpa Baden-Württemberg;false
99e67fe543d492029bcf0fb2f78ff997badf8df02744d80557826d2491b4236e;Historische Kostümfigur kehrt ins Karl-May-Museum zurück;https://www.zeit.de/news/2026-08/22/historische-kostuemfigur-kehrt-ins-karl-may-museum-zurueck;Hier finden Sie Informationen zu dem Thema „Ausstellung“. Lesen Sie jetzt „Historische Kostümfigur kehrt ins Karl-May-Museum zurück“.;Ausstellung;News, Ausstellung, Gojko Mitic, Radebeul, Restaurierung;2026-08-22T18:57:38+02:00;2026-08-22T18:57:38+02:00;;dpa Sachsen;false
30a7432a2a6b8fd81da88ca33bac26aa10aa7575fcc32617cb78d269beb18022;Sachsens Kultusminister warnt vor Bildungsplänen der AfD;https://www.zeit.de/news/2026-08/22/sachsens-kultusminister-warnt-vor-bildungsplaenen-der-afd;Hier finden Sie Informationen zu dem Thema „Vor Landtagswahl“. Lesen Sie jetzt „Sachsens Kultusminister warnt vor Bildungsplänen der AfD“.;Vor Landtagswahl;News, Vor Landtagswahl, Conrad Clemens, Sachsen, Sachsen-Anhalt, Alternative für Deutschland, Bildungsministerium, CDU, Landtagswahl, Treffen, Bildungsplan;2026-08-22T18:51:05+02:00;2026-08-22T18:51:05+02:00;;dpa Sachsen;false
4efc4f976406071281bce61a2ffb2c5b8527cc92404dab71b5b09d225f5eef62;Klose im Glück: 1. FC Nürnberg gewinnt im Elfmeterschießen;https://www.zeit.de/news/2026-08/22/klose-im-glueck-1-fc-nuernberg-gewinnt-im-elfmeterschiessen;Hier finden Sie Informationen zu dem Thema „DFB-Pokal“. Lesen Sie jetzt „Klose im Glück: 1. FC Nürnberg gewinnt im Elfmeterschießen“.;DFB-Pokal;News, DFB-Pokal, Jan Reichert, Piet Scobel, Meiko Sponsel, Nürnberg, Köln, Viktoria Köln, 1. FC Nürnberg, Deutscher Fußball-Bund, Elfmeterschießen, Pflichtaufgabe;2026-08-22T18:42:09+02:00;2026-08-22T18:42:09+02:00;;dpa Bayern;false
ab89443e57e10f53d69314ce6643d853a841b93014b4ea7ea5284b5ec4367960;D-Tour: Del Toro holt Blaues Trikot auf Königsetappe zurück;https://www.zeit.de/news/2026-08/22/d-tour-del-toro-holt-blaues-trikot-auf-koenigsetappe-zurueck;Hier finden Sie Informationen zu dem Thema „Radsport“. Lesen Sie jetzt „D-Tour: Del Toro holt Blaues Trikot auf Königsetappe zurück“.;Radsport;News, Radsport, Nelson Oliveira, Mexiko, Bad Dürkheim, Herxheim, Königsetappe, Trikot, Radsport, Tagesabschnitt, Radprofi;2026-08-22T18:41:28+02:00;2026-08-22T18:41:28+02:00;;dpa Sport;false
209804197acfbf5e6941f0e7b8a4b544c526e21e2ffb96bcdaa9c7bf162c30b8;Schwesig gratuliert Kindern zum Schulstart;https://www.zeit.de/news/2026-08/22/schwesig-gratuliert-kindern-zum-schulstart;Hier finden Sie Informationen zu dem Thema „Schulbeginn“. Lesen Sie jetzt „Schwesig gratuliert Kindern zum Schulstart“.;Schulbeginn;News, Schulbeginn, Manuela Schwesig, Mecklenburg-Vorpommern, SPD, Schulstart, Schulbeginn, Einschulung, Geld, Erstklässler;2026-08-22T18:26:27+02:00;2026-08-22T18:26:27+02:00;;dpa Mecklenburg-Vorpommern;false
19e4c9347081d824eb45a1b127ff5097f5c1da7c829ea0c197516e4d326a5e73;Schwesig warnt vor Angriffen auf Kunst- und Pressefreiheit;https://www.zeit.de/news/2026-08/22/schwesig-warnt-vor-angriffen-auf-kunst-und-pressefreiheit;Hier finden Sie Informationen zu dem Thema „Landtagswahlen in MV“. Lesen Sie jetzt „Schwesig warnt vor Angriffen auf Kunst- und Pressefreiheit“.;Landtagswahlen in MV;News, Landtagswahlen in MV, Manuela Schwesig, Mecklenburg-Vorpommern, NDR, SPD, Alternative für Deutschland, Landtagswahl, Pressefreiheit, Angriff, Kulturfreiheit;2026-08-22T18:21:17+02:00;2026-08-22T18:21:17+02:00;;dpa Mecklenburg-Vorpommern;false
9dbd13fe6babf1ad51f2ab5f6e52956ec7a9aad10186e4208504b1795855b92f;Hertha siegt im Elfmeterschießen in Saarbrücken;https://www.zeit.de/news/2026-08/22/hertha-siegt-im-elfmeterschiessen-in-saarbruecken;Hier finden Sie Informationen zu dem Thema „DFB-Pokal“. Lesen Sie jetzt „Hertha siegt im Elfmeterschießen in Saarbrücken“.;DFB-Pokal;News, DFB-Pokal, Marius Gersbeck, Florian Pick, Kai Brünker, Saarbrücken, Ludwigsparkstadion, Hertha BSC, Deutscher Fußball-Bund, Hertha BSC Berlin, 1. FC Saarbrücken, Elfmeterschießen;2026-08-22T18:20:56+02:00;2026-08-22T18:20:56+02:00;;dpa Berlin/Brandenburg;false
a7dedca72840726a4ad19bcdc4f7f3413724aa407c6b12c14708d009e3c47ba2;Aue mutig, aber zu harmlos gegen effiziente Hoffenheimer;https://www.zeit.de/news/2026-08/22/aue-mutig-aber-zu-harmlos-gegen-effiziente-hoffenheimer;Hier finden Sie Informationen zu dem Thema „DFB-Pokal“. Lesen Sie jetzt „Aue mutig, aber zu harmlos gegen effiziente Hoffenheimer“.;DFB-Pokal;News, DFB-Pokal, Patrick Wimmer, Wouter Burger, Martin Männel, Khvicha Shubitidze, Max Uhlig, Aue, Hoffenheim, Erzgebirgsstadion, Deutscher Fußball-Bund, FC Erzgebirge Aue;2026-08-22T18:09:28+02:00;2026-08-22T18:09:28+02:00;;dpa Sachsen;false
4ec0cb592987aea77a662fd5aef87b3494f482181100cef67a05ac1452622bef;Ein Pokalderby kurz vor dem Abbruch, 85 Verletzte. Was ist passiert?;https://www.zeit.de/sport/2026-08/dfb-pokal-eskalation-mannheim-kaiserslautern-polizei;1.400 Polizisten sollten dafür sorgen, dass das Spiel Mannheim gegen Kaiserslautern friedlich bleibt. Es kam anders. Und wie gelangt eigentlich Pyrotechnik ins Stadion?;"Z+ (abopflichtiger Inhalt);
        
    DFB-Pokal";Sport, DFB-Pokal, Deutscher Fußball-Bund, 1. FC Kaiserslautern, Mannheim, Polizei, Körperverletzung, Sachbeschädigung, Kaiserslautern, Manuel Hagel;2026-08-22T18:02:26+02:00;2026-08-22T18:02:26+02:00;Henrik Rampe;;false
f0fb81754da21b6013535b201c30478920c362fc8d73370260dc04876cee2b8a;Bundeskanzler kritisiert »Leugner des Klimawandels« in Hürtgenwald;https://www.zeit.de/politik/deutschland/2026-08/friedrich-merz-huertgenwald-waldbrand-klimawandel;Friedrich Merz hat den Löscheinsatz in der Eifel gelobt. Er nannte die Folgen des Klimawandels eine »bedauerliche Tatsache« und wurde von Protestierenden ausgepfiffen.;Friedrich Merz;Politik, Friedrich Merz, Waldbrand, Eifel, Klimaschutz, Friedrich Merz, Feuerwehr, Bundesregierung;2026-08-22T18:01:29+02:00;2026-08-22T18:01:29+02:00;sc;DIE ZEIT,        dpa,        AFP,        Reuters,        							sc;false
02f930ec813840e285784ec423bf69fbe39fb5903da73fde60c3526c706c2f74;Eisbären verlieren erstes Testspiel unter Trainer Dubois;https://www.zeit.de/news/2026-08/22/eisbaeren-verlieren-erstes-testspiel-unter-trainer-dubois;Hier finden Sie Informationen zu dem Thema „Eishockey“. Lesen Sie jetzt „Eisbären verlieren erstes Testspiel unter Trainer Dubois“.;Eishockey;News, Eishockey, Éric Dubois, Eisbären Berlin, Testspiel, Eisbär, Eishockey, Dolomitencup;2026-08-22T17:52:34+02:00;2026-08-22T17:52:34+02:00;;dpa Berlin/Brandenburg;false
4b77b6bd5c2565978d18f1d61b79e844084447468ee4b1c96dc4948c859562c9;Bilder des Tages;https://www.zeit.de/news/2026-08/22/bilder-des-tages;Hier finden Sie Informationen zu dem Thema „Fotografie“. Lesen Sie jetzt „Bilder des Tages“.;Fotografie;News, Fotografie, News;2026-08-22T17:52:02+02:00;2026-08-22T17:52:02+02:00;;dpa;false
baf0c9ecee0d088608db31a8203f0593c8bfa42723ae33d3c59f038079353be1;Frau am Düsseldorfer Flughafen von giftigem Skorpion gestochen;https://www.zeit.de/gesellschaft/zeitgeschehen/2026-08/skorpion-stich-flughafen-duesseldorf-jacke-griechenland-kos;Eine Reiserückkehrerin aus Griechenland liegt nach einem Skorpionstich in der Düsseldorfer Uniklinik. Das Tier gehört zu einer der giftigsten Skorpionarten der Welt. ;Gelber Mittelmeerskorpion;Gesellschaft, Gelber Mittelmeerskorpion, Flughafen, Düsseldorf, Griechenland, Reptil, Krankenhaus, Skorpion;2026-08-22T17:48:52+02:00;2026-08-22T17:48:52+02:00;iyf;DIE ZEIT,        dpa,        							iyf;false
7b39c359f0ed186a94b6cb9325195a6eddf582377aec24e17f3b46f54a2b02ba;Roboter aus China unterbietet Weltrekord über 100 Meter;https://www.zeit.de/news/2026-08/22/roboter-aus-china-unterbietet-weltrekord-ueber-100-meter;Hier finden Sie Informationen zu dem Thema „Roboter-Wettkampf“. Lesen Sie jetzt „Roboter aus China unterbietet Weltrekord über 100 Meter“.;Roboter-Wettkampf;News, Roboter-Wettkampf, Usain Bolt, China, Peking, X, Weltrekord, Weltmeisterschaft;2026-08-22T17:45:48+02:00;2026-08-22T17:45:48+02:00;;dpa;false
c15d3b6611ba122a354afa014b358be7b68d4f8d1138385ba2b8d973ff65ad71;Das Geheimnis der Tomatensoße;https://www.zeit.de/zeit-magazin/2026/36/tomatenragout-pasta-tomatensauce-rezept;Gibt es wirklich die perfekte Tomatensoße? Ja! Sie gelingt mit einigen Kniffen und einer Geheimzutat, die Sie bestimmt schon im Kühlschrank haben.;"Z+ (abopflichtiger Inhalt);
        
    Tomatenragout";vegetarische Rezepte;2026-08-22T17:45:00+02:00;2026-08-22T17:45:00+02:00;Margit Stoffels;Aus der        ZEIT Nr. 36/2026;false
6b2340d0c7b5dddf46b8986e61f411af55e33ac28ce43b3b5da17c033bc156e2;Vom richtigen Leben im falschen Ton;https://www.zeit.de/hamburg/2026-08/thai-oase-hamburg-karaoke-bar-singen-30-jahre;Überall auf der Welt wird Karaoke gesungen. Doch worauf es dabei ankommt, ist in jeder Region anders. Unsere Autorin hat dazu geforscht – und selbst mitgesungen.;"Z+ (abopflichtiger Inhalt);
        
    Thai Oase Hamburg";Hamburg, Thai Oase Hamburg, Hamburg, Reeperbahn, Karaoke, Musik, Kino;2026-08-22T17:44:34+02:00;2026-08-22T17:44:34+02:00;Sophie-Charlotte Opitz;;false
c2925fef2cab5e0a17dfa29ad05dab7ca77fdc3d797339e61bd6069e85d2d76f;Martínez-Debüt geglückt: Leverkusen siegt 4:0 in Wiesbaden;https://www.zeit.de/news/2026-08/22/mart-nez-debuet-geglueckt-leverkusen-siegt-4-0-in-wiesbaden;Hier finden Sie Informationen zu dem Thema „DFB-Pokal“. Lesen Sie jetzt „Martínez-Debüt geglückt: Leverkusen siegt 4:0 in Wiesbaden“.;DFB-Pokal;News, DFB-Pokal, Carles Martínez, Patrick Schick, Lucas Vázquez, Edmond Tapsoba, Wiesbaden, Leverkusen, Deutscher Fußball-Bund, Bayer 04 Leverkusen, Pflichtspieldebüt;2026-08-22T17:43:36+02:00;2026-08-22T17:43:36+02:00;;dpa Hessen;false
8e3342ae44f7b5b1bed7855a2fab3f1c4978e26c056ee2754ad3c8eeadfe75a0;Jollenkreuzer kentert vor Büsum – Segler aus Seenot gerettet;https://www.zeit.de/news/2026-08/22/jollenkreuzer-kentert-vor-buesum-segler-aus-seenot-gerettet;Hier finden Sie Informationen zu dem Thema „Havarie in der Nordsee“. Lesen Sie jetzt „Jollenkreuzer kentert vor Büsum – Segler aus Seenot gerettet“.;Havarie in der Nordsee;News, Havarie in der Nordsee, Mann, Büsum, Nordsee, Kreis Dithmarschen, DGzRS, Seenot, Havarie;2026-08-22T17:39:56+02:00;2026-08-22T17:39:56+02:00;;dpa Hamburg/Schleswig-Holstein;false
b0a0dacbd58a16979fac3068ceca144549de2264026aa645a14ad03e7f39466a;Segel-Formel 1 im Speedrausch: Rekordfestival in Sassnitz;https://www.zeit.de/news/2026-08/22/segel-formel-1-im-speedrausch-rekordfestival-in-sassnitz;Hier finden Sie Informationen zu dem Thema „SailGP“. Lesen Sie jetzt „Segel-Formel 1 im Speedrausch: Rekordfestival in Sassnitz“.;SailGP;News, SailGP, Sassnitz, Formel 1, Speedrausch, Rekordfestival, Ostseerennstrecke, Segelweltliga, Speedrekord;2026-08-22T17:36:18+02:00;2026-08-22T17:36:18+02:00;;dpa Hamburg/Schleswig-Holstein;false
11525bf6b384754fea57b5019dc405c6edbec43732f4efc7ad0373555ab481ef;Hannover 96 zieht souverän in die zweite Pokalrunde ein;https://www.zeit.de/news/2026-08/22/hannover-96-zieht-souveraen-in-die-zweite-pokalrunde-ein;Hier finden Sie Informationen zu dem Thema „Fußball“. Lesen Sie jetzt „Hannover 96 zieht souverän in die zweite Pokalrunde ein“.;Fußball;News, Fußball, Christian Titz, Hemelingen, Niedersachsen, Fünftligisten SV, SV Hemelingen, Hannover 96, Deutscher Fußball-Bund, Pokalrunde, Fußball;2026-08-22T17:32:47+02:00;2026-08-22T17:32:47+02:00;;dpa Niedersachsen;false
61891f83af987238c646d2212a884dffff7d94436e440ceb2a865a39c8e92058;Mann soll Bekannten mit Armbrust und Axt bedroht haben;https://www.zeit.de/news/2026-08/22/mann-soll-bekannten-mit-armbrust-und-axt-bedroht-haben;Hier finden Sie Informationen zu dem Thema „Bedrohungslage“. Lesen Sie jetzt „Mann soll Bekannten mit Armbrust und Axt bedroht haben“.;Bedrohungslage;News, Bedrohungslage, Bayreuth, Bedrohungslage;2026-08-22T17:32:22+02:00;2026-08-22T17:32:22+02:00;;dpa Bayern;false
c2aaf6c302814fbd4ba718444e3884e239a0118588c58bdd7351ac53c16bef54;Elversberg bezwingt Duisburg dank später Tore von Onyeka;https://www.zeit.de/news/2026-08/22/elversberg-bezwingt-duisburg-dank-spaeter-tore-von-onyeka;Hier finden Sie Informationen zu dem Thema „DFB-Pokal“. Lesen Sie jetzt „Elversberg bezwingt Duisburg dank später Tore von Onyeka“.;DFB-Pokal;News, DFB-Pokal, Luca Schnellbacher, Duisburg, Leverkusen, Deutscher Fußball-Bund, SV Elversberg, MSV Duisburg, Bayer 04 Leverkusen, Fußball-Bundesliga, Bundesliga, Arbeitssieg;2026-08-22T17:31:46+02:00;2026-08-22T17:31:46+02:00;;dpa Nordrhein-Westfalen;false
2a2e6e3e6a94e8aab22bc915cd563827a9776b418c002de8ac7b7f7a6049457f;Füllkrug trifft: Werder zieht in zweite Pokal-Runde ein;https://www.zeit.de/news/2026-08/22/fuellkrug-trifft-werder-zieht-in-zweite-pokal-runde-ein;Hier finden Sie Informationen zu dem Thema „DFB-Pokal“. Lesen Sie jetzt „Füllkrug trifft: Werder zieht in zweite Pokal-Runde ein“.;DFB-Pokal;News, DFB-Pokal, Jens Stage, Niclas Füllkrug, Bremen, Deutscher Fußball-Bund, SV Werder Bremen, Lebendspendekommission, Pokalbilanz, Pflichtaufgabe;2026-08-22T17:31:21+02:00;2026-08-22T17:31:21+02:00;;dpa Niedersachsen;false
d2eec7c11f6bcaa646dab8e5bec84b356b3c396cce3bd739dae26ad7c7f52c69;Norris wie vor der Sommerpause: Pole in Zandvoort;https://www.zeit.de/news/2026-08/22/sprintrennen-russell-sieg-von-der-pole-in-den-duenen;Hier finden Sie Informationen zu dem Thema „Formel 1“. Lesen Sie jetzt „Norris wie vor der Sommerpause: Pole in Zandvoort“.;Formel 1;News, Formel 1, George Russell, Charles Leclerc, Lando Norris, Kimi Antonelli, Lewis Hamilton, Max Verstappen, Zandvoort, Mercedes-Benz, Ferrari, Mclaren Group Limited;2026-08-22T17:29:41+02:00;2026-08-22T17:29:41+02:00;;dpa Sport;false
900435c0519c30140a0cf12f8397f6089d290fc840a70cc9ba28da19aeff7f4d;TSG Hoffenheim ohne Mühe beim Drittliga-Absteiger Aue;https://www.zeit.de/news/2026-08/22/tsg-hoffenheim-ohne-muehe-beim-drittliga-absteiger-aue;Hier finden Sie Informationen zu dem Thema „DFB-Pokal“. Lesen Sie jetzt „TSG Hoffenheim ohne Mühe beim Drittliga-Absteiger Aue“.;DFB-Pokal;News, DFB-Pokal, Patrick Wimmer, Wouter Burger, Martin Männel, Aue, Erzgebirgsstadion, TSG 1899 Hoffenheim, Deutscher Fußball-Bund, FC Erzgebirge Aue, Pokalhürde;2026-08-22T17:25:31+02:00;2026-08-22T17:25:31+02:00;;dpa Baden-Württemberg;false
7edf1100866c182d54f0ff69149031ecd10ca52933e0b1c7e2e2ab2724b0545b;Auto stößt mit Zug zusammen – Bahnstrecke wieder frei;https://www.zeit.de/news/2026-08/22/auto-stoesst-mit-zug-zusammen-bahnstrecke-gesperrt;Hier finden Sie Informationen zu dem Thema „Kreis Ludwigsburg“. Lesen Sie jetzt „Auto stößt mit Zug zusammen – Bahnstrecke wieder frei“.;Kreis Ludwigsburg;News, Kreis Ludwigsburg, Ludwigsburg, Hemmingen, Bahnstrecke, Auto;2026-08-22T17:21:38+02:00;2026-08-22T17:21:38+02:00;;dpa Baden-Württemberg;false
e74011ad1f94852050417a1998e78fb50607f64ea5419265ca544f49b9dc10b7;140 Projekte beim Revierpionier-Wettbewerb ausgezeichnet;https://www.zeit.de/news/2026-08/22/140-projekte-beim-revierpionier-wettbewerb-ausgezeichnet;Hier finden Sie Informationen zu dem Thema „Ideenwettbewerb“. Lesen Sie jetzt „140 Projekte beim Revierpionier-Wettbewerb ausgezeichnet“.;Ideenwettbewerb;News, Ideenwettbewerb, Jürgen Ude, Zerbst, Ideenwettbewerb;2026-08-22T17:15:15+02:00;2026-08-22T17:15:15+02:00;;dpa Sachsen;false
34ba5e508b5068c0467b85967ed494498d63681657b92ced86f0253ddb521eae;Tausende gehen in Magdeburg beim CSD auf die Straße;https://www.zeit.de/politik/deutschland/2026-08/csd-magdeburg-pride-parade-landtagswahl-afd;Kurz vor der Landtagswahl in Sachsen-Anhalt versammeln sich in Magdeburg Tausende zum Christopher Street Day. Die AfD könnte in dem Land die stärkste Kraft werden.;Sachsen-Anhalt;Politik, Sachsen-Anhalt, Magdeburg, Christopher Street Day, Queerness, Sachsen-Anhalt, Alternative für Deutschland, Landtagswahl;2026-08-22T17:08:32+02:00;2026-08-22T17:08:32+02:00;iyf;DIE ZEIT,        Reuters,        							iyf;false
f059e9fbf5c15bae8942e5a05e0f0ebffb0c4fe4dd06320a90f4991291094003;Streit um Israel? Mann an Berliner U-Bahnhof verletzt;https://www.zeit.de/news/2026-08/22/streit-um-israel-mann-an-berliner-u-bahnhof-verletzt;Hier finden Sie Informationen zu dem Thema „Polizeieinsatz“. Lesen Sie jetzt „Streit um Israel? Mann an Berliner U-Bahnhof verletzt“.;Polizeieinsatz;News, Polizeieinsatz, Polizei, Polizeieinsatz;2026-08-22T17:06:28+02:00;2026-08-22T17:06:28+02:00;;dpa Berlin/Brandenburg;false
3dc7c8f459d67b3674e2e359feb6a0dd90aba4843bd908845b96cf0e512fd89b;Auto stößt mit Regionalzug zusammen – niemand verletzt;https://www.zeit.de/news/2026-08/22/auto-stoesst-mit-regionalzug-zusammen-niemand-verletzt;Hier finden Sie Informationen zu dem Thema „Unfall“. Lesen Sie jetzt „Auto stößt mit Regionalzug zusammen – niemand verletzt“.;Unfall;News, Unfall, Eggesin, Ueckermünde, Torgelow, Landkreis Vorpommern-Greifswald, Bundespolizei, Unfall, Regionalexpress, Auto;2026-08-22T17:01:33+02:00;2026-08-22T17:01:33+02:00;;dpa Mecklenburg-Vorpommern;false
25c50c39ab598176619eb4adb3cbb99f3c8ad2afa48c50806dc2a421a9b07c8c;Morgens eine neue Nase, da geht der Tag gut los;https://www.zeit.de/2026/36/werner-mang-schoenheitschirurgie-bodenseeklinik-teenager-social-media;Werner Mang ist der bekannteste Schönheitschirurg Deutschlands – und der schärfste Mahner seiner Branche. Hat er etwas mitgeschaffen, das außer Kontrolle geraten ist?;"Z+ (abopflichtiger Inhalt);
        
    Werner Mang";Entdecken, Werner Mang, Schönheitsoperation, Bodensee, Ulm, Soziale Medien, Jugendliche;2026-08-22T16:57:41+02:00;2026-08-22T16:57:41+02:00;Marlene Knobloch;Aus der        ZEIT Nr. 36/2026;false
669f0f997f3a97d95aa13739512e00fecff7a33aa37e0bd13af62de2cc4821a8;Supercup-Premiere: Meister Blomberg-Lippe gewinnt gegen BVB;https://www.zeit.de/news/2026-08/22/supercup-premiere-meister-blomberg-lippe-gewinnt-gegen-bvb;Hier finden Sie Informationen zu dem Thema „Handball“. Lesen Sie jetzt „Supercup-Premiere: Meister Blomberg-Lippe gewinnt gegen BVB“.;Handball;News, Handball, Blomberg, Borussia Dortmund, SAP, HSG Blomberg-Lippe, Handball-Bundesliga, Supercup, Bundesliga, Handball, Meistertitel;2026-08-22T16:54:56+02:00;2026-08-22T16:54:56+02:00;;dpa Nordrhein-Westfalen;false
dd602de06854110996a4ad401faad3d9face5f90d3369e7f4b14fe22665b1093;Nach Leichenfund: Ermittler gehen von Tötungsdelikt aus;https://www.zeit.de/news/2026-08/22/nach-leichenfund-ermittler-gehen-von-toetungsdelikt-aus;Hier finden Sie Informationen zu dem Thema „In Berlin“. Lesen Sie jetzt „Nach Leichenfund: Ermittler gehen von Tötungsdelikt aus“.;In Berlin;News, In Berlin, Berlin, Leichenfund, Tötungsdelikt;2026-08-22T16:54:11+02:00;2026-08-22T16:54:11+02:00;;dpa Berlin/Brandenburg;false
72d8a2f26ec05195c17c40e182ffdef381285e7bce8ad3e2d315871cfda9e228;Fünf Verletzte bei Busunfall auf Bundesstraße;https://www.zeit.de/news/2026-08/22/fuenf-verletzte-bei-busunfall-auf-bundesstrasse;Hier finden Sie Informationen zu dem Thema „Busunfall“. Lesen Sie jetzt „Fünf Verletzte bei Busunfall auf Bundesstraße“.;Busunfall;News, Busunfall, Hausham, Polizei, Busunfall, Bundesstraße, Unfall;2026-08-22T16:54:03+02:00;2026-08-22T16:54:03+02:00;;dpa Bayern;false
e03d08dccfa237a6d5c1af4641fb151b10347844bdaab99551ce49a7ceaef2cc;Reisende am Flughafen von Skorpion gestochen;https://www.zeit.de/news/2026-08/22/reisende-am-flughafen-von-skorpion-gestochen;Hier finden Sie Informationen zu dem Thema „Giftige Begleitung“. Lesen Sie jetzt „Reisende am Flughafen von Skorpion gestochen“.;Giftige Begleitung;News, Giftige Begleitung, Flughafen Düsseldorf International, Skorpion, Flughafen, Begleitung, Tiere;2026-08-22T16:53:48+02:00;2026-08-22T16:53:48+02:00;;dpa;false
b52f3249d286cbad0791eacc28cb138e9d4f4eea02a7c58af90044e235ecffcb;Zwei berauschte E-Scooter-Fahrer in Kaiserslautern gestoppt;https://www.zeit.de/news/2026-08/22/zwei-berauschte-e-scooter-fahrer-in-kaiserslautern-gestoppt;Hier finden Sie Informationen zu dem Thema „Strafanzeigen“. Lesen Sie jetzt „Zwei berauschte E-Scooter-Fahrer in Kaiserslautern gestoppt“.;Strafanzeigen;News, Strafanzeigen, Kaiserslautern, Polizei, Cannabis, Amphetamin, E-Scooter;2026-08-22T16:52:29+02:00;2026-08-22T16:52:29+02:00;;dpa Rheinland-Pfalz/Saarland;false
41fc6ed98d78da8be08e7b5d75caf7aafb4d345c92b608b34ec0d82fc3ef66e4;Zwei AfD-Wahlplakate in Spandau in Brand gesetzt;https://www.zeit.de/news/2026-08/22/zwei-afd-wahlplakate-in-spandau-in-brand-gesetzt;Hier finden Sie Informationen zu dem Thema „Vandalismus“. Lesen Sie jetzt „Zwei AfD-Wahlplakate in Spandau in Brand gesetzt“.;Vandalismus;News, Vandalismus, Mann, Berlin, Spandau, Alternative für Deutschland, Polizei, Vandalismus, Samstagfrüh, Wahlplakat;2026-08-22T16:48:29+02:00;2026-08-22T16:48:29+02:00;;dpa Berlin/Brandenburg;false
68372118776ce6a7a574a45d5dc70bb09acb0eec4be0d937e0d4bd8c210ef8c7;Nick Wilder verkauft Haus in Montana – Sorge um US-Politik;https://www.zeit.de/news/2026-08/22/nick-wilder-verkauft-haus-in-montana-sorge-um-us-politik;Hier finden Sie Informationen zu dem Thema „Gesellschaftliche Spaltung“. Lesen Sie jetzt „Nick Wilder verkauft Haus in Montana – Sorge um US-Politik“.;Gesellschaftliche Spaltung;News, Gesellschaftliche Spaltung, Nick Wilder, Christine Mayn, Montana, USA, Amerika, T-Online;2026-08-22T16:47:52+02:00;2026-08-22T16:47:52+02:00;;dpa Hamburg/Schleswig-Holstein;false
30c134bd7d3b85ac81c7a31454dfad51bb009e75b6f9a0d6bda95bc121212d26;Merz dankt Helfern nach Großbrand im Hürtgenwald;https://www.zeit.de/news/2026-08/22/merz-will-helfern-im-waldbrandgebiet-danken;Hier finden Sie Informationen zu dem Thema „Nach Waldbrand“. Lesen Sie jetzt „Merz dankt Helfern nach Großbrand im Hürtgenwald“.;Nach Waldbrand;News, Nach Waldbrand, Friedrich Merz, Eifel, Hürtgenwald, Nordrhein-Westfalen, CDU, Bundesregierung, Waldbrandgebiet, Sommerurlaub, Löschung, Waldbrand;2026-08-22T16:39:21+02:00;2026-08-22T16:39:21+02:00;;dpa Nordrhein-Westfalen;false
ef26854651de1441a11e4f3744b90354c8eacce1fb14e3b6c98d36f2925e8c8b;Rumänien will gegen Niedrigwasser der Donau vorgehen;https://www.zeit.de/politik/ausland/2026-08/atomkraft-cernavoda-rumaenien-donau-niedrigwasser;Das einzige Atomkraftwerk Rumäniens ist abgeschaltet, weil es nicht gekühlt werden kann. Deswegen sind verschiedene Maßnahmen geplant, um für mehr Flusswasser zu sorgen.;Atomkraft;Politik, Atomkraft, Atomkraftwerk, Donau, Rumänien, Atomkraft, Klimawandel, Europa;2026-08-22T16:37:03+02:00;2026-08-22T16:37:03+02:00;sc;DIE ZEIT,        Reuters,        AFP,        							sc;false
595b0a017f8cc7dae978d57e6807b0135cb848c115e8f42be607af92a7dbc6ba;Madonnas Geburtstagsparty sorgt in Griechenland für Streit;https://www.zeit.de/gesellschaft/zeitgeschehen/2026-08/madonna-griechenland-korfu-elena-akrita-adonis-georgiadis;Madonna hat ihren Geburtstag auf Korfu gefeiert. Berichte über besondere Maßnahmen für den Popstar lösten einen politischen Streit in Griechenland aus.;Madonna in Griechenland;Gesellschaft, Madonna in Griechenland, Madonna, Griechenland, Facebook, Jeff Bezos;2026-08-22T16:30:34+02:00;2026-08-22T16:30:34+02:00;vha;DIE ZEIT,        dpa,        							vha;false
80c95ebfd43dff4181931c35c02f023065883017fc9c4802eaa562494cdebd9b;Lies fordert Einfuhrzölle auf Hybridautos aus China;https://www.zeit.de/news/2026-08/22/lies-fordert-einfuhrzoelle-auf-hybridautos-aus-china;Hier finden Sie Informationen zu dem Thema „Autobranche“. Lesen Sie jetzt „Lies fordert Einfuhrzölle auf Hybridautos aus China“.;Autobranche;News, Autobranche, Ursula von der Leyen, Friedrich Merz, Lars Klingbeil, Kommissionspräsidentin, China, Niedersachsen, NDR, SPD, Europäische Union, CDU;2026-08-22T16:24:21+02:00;2026-08-22T16:24:21+02:00;;dpa Niedersachsen;false
134c952851a626f973c4695bdb577b73f46a7e359f5ebe345aff3c2fdefe045e;Rückendeckung für Regierungschef Voigt vor Misstrauensvotum;https://www.zeit.de/news/2026-08/22/vor-misstrauensvotum-voigt-als-cdu-landeschef-wiedergewaehlt;Hier finden Sie Informationen zu dem Thema „CDU-Landesparteitag“. Lesen Sie jetzt „Rückendeckung für Regierungschef Voigt vor Misstrauensvotum“.;CDU-Landesparteitag;News, CDU-Landesparteitag, Mario Voigt, Björn Höcke, Thüringen, Eisenach, CDU, Alternative für Deutschland, Misstrauensvotum, Aberkennung, Doktortitel;2026-08-22T16:19:39+02:00;2026-08-22T16:19:39+02:00;;dpa Thüringen;false
b9d7216ba7b7ada30d7818190de70081c67d8a203bffc130f2fe101200095258;Mir schaudert vor dem Achselzucken der Mehrheit;https://www.zeit.de/feuilleton/2026-08/juedisches-museum-berlin-gedenken-afd-antisemitismus;Das Jüdische Museum in Berlin wird 25 Jahre alt. Aber wenn die AfD Regierungsmacht bekommt, verlieren Teile des Staats ihre Schutzfunktion für Orte wie diesen.;"Z+ (abopflichtiger Inhalt);
        
    Jüdisches Museum Berlin";Feuilleton, Jüdisches Museum Berlin, Judentum, Antisemitismus, Jubiläum, Alternative für Deutschland, Nationalsozialismus, Kulturpolitik;2026-08-22T16:06:33+02:00;2026-08-22T16:06:33+02:00;Peter Frey;;false
8412ed8339e8439605aef09956e1084a15d2985a3f5f46f7a25dacc2c62ebaf4;Unfall auf A4 bei Dresden – Senior muss wiederbelebt werden;https://www.zeit.de/news/2026-08/22/unfall-auf-a4-bei-dresden-senior-muss-wiederbelebt-werden;Hier finden Sie Informationen zu dem Thema „Autobahn eine Stunde gesperrt“. Lesen Sie jetzt „Unfall auf A4 bei Dresden – Senior muss wiederbelebt werden“.;Autobahn eine Stunde gesperrt;News, Autobahn eine Stunde gesperrt, Dresden, Polizei, Unfall, Auto;2026-08-22T16:05:46+02:00;2026-08-22T16:05:46+02:00;;dpa Sachsen;false
6c8b3333bdc999cc2ea7dc5633b2cc098ca44010c59f9d2c6bc21c3b38f1849a;Somalische Piraten kapern erneut Öltanker vor Jemen;https://www.zeit.de/politik/ausland/2026-08/somalische-piraten-oeltanker-sibu-1-jemen;Die Piraterie vor der Küste des Jemen nimmt wieder zu. Somalische Piraten haben nun einen weiteren Öltanker mit 20 Besatzungsmitgliedern gekapert.;Piraterie vor Jemens Küste;Politik, Piraterie vor Jemens Küste, Piraterie, Somalia, Jemen, Mogadischu, Schifffahrt, Erdöl;2026-08-22T16:04:07+02:00;2026-08-22T16:04:07+02:00;vha;DIE ZEIT,        AP,        							vha;false
d336e98e948512139cb178c7eb9719edb3ac9e4b29841b60300fcf94625f9e75;Raketen auf Kiewer Vorort während Wadephul-Besuch;https://www.zeit.de/news/2026-08/22/wadephul-kurz-vor-unabhaengigkeitstag-in-kiew;Hier finden Sie Informationen zu dem Thema „Russischer Angriffskrieg“. Lesen Sie jetzt „Raketen auf Kiewer Vorort während Wadephul-Besuch“.;Russischer Angriffskrieg;News, Russischer Angriffskrieg, Johann Wadephul, Russland, Moskau, Kyjiw, CDU, Unabhängigkeitstag, Krieg in der Ukraine, Drohne;2026-08-22T16:01:45+02:00;2026-08-22T16:01:45+02:00;;dpa;false
b341ef2c777f49ff2ccb847290e4e24fb8fcc7707c0cd13d1e385821fda3477e;Zweiradfahrer kracht durch Auto-Heckscheibe;https://www.zeit.de/news/2026-08/22/zweiradfahrer-kracht-durch-auto-heckscheibe;Hier finden Sie Informationen zu dem Thema „Auf Fahrzeug aufgefahren“. Lesen Sie jetzt „Zweiradfahrer kracht durch Auto-Heckscheibe“.;Auf Fahrzeug aufgefahren;News, Auf Fahrzeug aufgefahren, Polizei, Unfall, Kleinkraftrad, Heckscheibe, Auto, Fahrzeug;2026-08-22T15:55:58+02:00;2026-08-22T15:55:58+02:00;;dpa Niedersachsen;false
7292820076a90a2d91d72f14fd16cc88425609df1000fe0d9347518c7d2a9df6;Eljif Elmas verlässt RB Leipzig wieder per Leihe;https://www.zeit.de/news/2026-08/22/eljif-elmas-verlaesst-rb-leipzig-wieder-per-leihe;Hier finden Sie Informationen zu dem Thema „Fußball-Bundesliga“. Lesen Sie jetzt „Eljif Elmas verlässt RB Leipzig wieder per Leihe“.;Fußball-Bundesliga;News, Fußball-Bundesliga, Eljif Elmas, Italien, Leipzig, RB Leipzig, Fußball-Bundesliga;2026-08-22T15:54:01+02:00;2026-08-22T15:54:01+02:00;;dpa Sachsen;false
c0dcfae244d7e82b1261c3fc15cbb961518eae416e8605b377c6c45584379594;Der Ruf der Social-Media-Sirenen;https://www.zeit.de/digital/2026-08/influencerinnen-femismismus-anfeindungen-soziale-medien;"Sie bezirzen uns, damit wir Produkte kaufen: Influencerinnen. Der Begriff ist mancherorts sogar ein Schimpfwort. Ist das frauenfeindlich?
";"Z+ (abopflichtiger Inhalt);
        
    Influencerinnen";Digital, Influencerinnen, Soziale Medien, Frauen, Instagram, Feminismus, YouTube;2026-08-22T15:52:20+02:00;2026-08-22T15:52:20+02:00;Rose TremlettFranka Nowak;;false
5ac1419f4c90a48e162de554d441e62156da0f05200ce54325b7abc8c16d8808;Wer alles sieht, erlebt nichts mehr;https://www.zeit.de/feuilleton/2026-08/ki-brillen-fotografie-kamera-momentaufnahme;KI-Brillen wollen den Moment erfassen, ohne ihn anzuhalten. Doch sie könnten bald auch unsere Wahrnehmung beeinflussen. Es wäre ein Albtraum.;"Z+ (abopflichtiger Inhalt);
        
    KI-Brillen";Feuilleton, KI-Brillen, künstliche Intelligenz, Fotografie, Meta, Soziale Medien;2026-08-22T15:51:45+02:00;2026-08-22T15:51:45+02:00;Annekathrin Kohout;;false
1d422eac8dc516ef00a65a3a2f227ca96aa2f808970a4f065321b745de2e1197;Möbel Höffner eröffnet neues Europa-Zentrallager bei Halle;https://www.zeit.de/news/2026-08/22/moebel-hoeffner-eroeffnet-neues-europa-zentrallager-bei-halle;Hier finden Sie Informationen zu dem Thema „Investitionen“. Lesen Sie jetzt „Möbel Höffner eröffnet neues Europa-Zentrallager bei Halle“.;Investitionen;News, Investitionen, Günthersdorf, Saalekreis, Investition, Möbel;2026-08-22T15:51:01+02:00;2026-08-22T15:51:01+02:00;;dpa Sachsen;false
a64005f1a2ea97c2bb2b9853e50503cf29f398ada6c59ca28a89a92adb6b673f;Ex-Ministerpräsident Althaus neuer CDU-Ehrenvorsitzender;https://www.zeit.de/news/2026-08/22/ex-ministerpraesident-althaus-neuer-cdu-ehrenvorsitzender;Hier finden Sie Informationen zu dem Thema „Personalien“. Lesen Sie jetzt „Ex-Ministerpräsident Althaus neuer CDU-Ehrenvorsitzender“.;Personalien;News, Personalien, Dieter Althaus, Thüringen, CDU, Ehrenvorsitzende;2026-08-22T15:48:07+02:00;2026-08-22T15:48:07+02:00;;dpa Thüringen;false
4dc20990c02e7a7872c0af6b99dd7350bc4f89d997b2dbb9f53b108d244a4fb5;Streetart-Festival startet in Riesa;https://www.zeit.de/news/2026-08/22/streetart-festival-startet-in-riesa;Hier finden Sie Informationen zu dem Thema „Buntes Programm“. Lesen Sie jetzt „Streetart-Festival startet in Riesa“.;Buntes Programm;News, Buntes Programm, Riesa, Ibug;2026-08-22T15:42:50+02:00;2026-08-22T15:42:50+02:00;;dpa Sachsen;false
b644facbd8a3e4f022dcd072e22a7f8d1687952599a854d0db230fcb80f650de;Technische Störung löst Warnsirene in Ludwigshafen aus;https://www.zeit.de/news/2026-08/22/technische-stoerung-loest-warnsirene-in-ludwigshafen-aus;Hier finden Sie Informationen zu dem Thema „Defekt“. Lesen Sie jetzt „Technische Störung löst Warnsirene in Ludwigshafen aus“.;Defekt;News, Defekt, Ludwigshafen, Feuerwehr, Störung;2026-08-22T15:35:34+02:00;2026-08-22T15:35:34+02:00;;dpa Rheinland-Pfalz/Saarland;false
01ad5d89812ad0ab78cd4cc7ada2b5de2dc490b84c3c5e8c97fe9f0dd2969eb1;17-Jährige stirbt bei Schwert-Angriff an Schule in Schweden;https://www.zeit.de/news/2026-08/22/schwert-attacke-in-schweden-junge-aus-krankenhaus-entlassen;Hier finden Sie Informationen zu dem Thema „Angriff kurz nach Sommerferien“. Lesen Sie jetzt „17-Jährige stirbt bei Schwert-Angriff an Schule in Schweden“.;Angriff kurz nach Sommerferien;News, Angriff kurz nach Sommerferien, Schweden, Angriff, Sommerferien;2026-08-22T15:34:45+02:00;2026-08-22T15:34:45+02:00;;dpa;false
ceae0c421b0b175b3d9ef6864093f3209d8481565acc1ecfce38cdb0f15db524;Wie erfahre ich, welche Partei meinen Positionen nahesteht?;https://www.zeit.de/news/2026-08/22/wie-erfahre-ich-welche-partei-meinen-positionen-nahesteht;Hier finden Sie Informationen zu dem Thema „Vor der Abgeordnetenhauswahl“. Lesen Sie jetzt „Wie erfahre ich, welche Partei meinen Positionen nahesteht?“.;Vor der Abgeordnetenhauswahl;News, Vor der Abgeordnetenhauswahl, Jan Philipp Thomeczek, Universität Potsdam, Wahl-O-Mat, Abgeordnetenhauswahl;2026-08-22T15:27:36+02:00;2026-08-22T15:27:36+02:00;;dpa Berlin/Brandenburg;false
cde29f3bb8fc172958e41f3c06be04d6be4b6e4ab29fbfd73e08d926f72b58a8;CSD in Bremen – 30.000 Menschen und viel Polizei;https://www.zeit.de/news/2026-08/22/csd-in-bremen-tausende-menschen-und-viel-polizei;Hier finden Sie Informationen zu dem Thema „Aufzug durch die Innenstadt“. Lesen Sie jetzt „CSD in Bremen – 30.000 Menschen und viel Polizei“.;Aufzug durch die Innenstadt;News, Aufzug durch die Innenstadt, Berlin, Bremen, Polizei, Christopher Street Day, Sichtbarkeit, Freiheit;2026-08-22T15:25:31+02:00;2026-08-22T15:25:31+02:00;;dpa Niedersachsen;false
1f012057aa7cd9e2b1335827ab483b0a73c8cce2207d24719f59a426d886ff4f;Motorradfahrer schwer verletzt – Unfallhergang noch unklar;https://www.zeit.de/news/2026-08/22/motorradfahrer-schwer-verletzt-unfallhergang-noch-unklar;Hier finden Sie Informationen zu dem Thema „Unfall“. Lesen Sie jetzt „Motorradfahrer schwer verletzt – Unfallhergang noch unklar“.;Unfall;News, Unfall, Unfallhergang, Unfall;2026-08-22T15:24:15+02:00;2026-08-22T15:24:15+02:00;;dpa Baden-Württemberg;false
762a66af3e58d73a7016b3a23412b733e47ea9fe1ad1ab174d4c2b18860aab88;Rund 3.000 Teilnehmer beim CSD in Magdeburg;https://www.zeit.de/news/2026-08/22/rund-3-000-teilnehmer-beim-csd-in-magdeburg;Hier finden Sie Informationen zu dem Thema „Queere Community“. Lesen Sie jetzt „Rund 3.000 Teilnehmer beim CSD in Magdeburg“.;Queere Community;News, Queere Community, Magdeburg, Christopher Street Day, Liebe;2026-08-22T15:21:22+02:00;2026-08-22T15:21:22+02:00;;dpa Sachsen;false
ad5b93b12e9cc0862670ba474b0810db69eb961c4d773aeb94042af8ccac42cc;Lastwagen fährt Schlangenlinien auf Autobahn;https://www.zeit.de/news/2026-08/22/lastwagen-faehrt-schlangenlinien-auf-autobahn;Hier finden Sie Informationen zu dem Thema „Kontrolle“. Lesen Sie jetzt „Lastwagen fährt Schlangenlinien auf Autobahn“.;Kontrolle;News, Kontrolle, Schlangenlinie, Schlangenlinienfahrt, Autobahn;2026-08-22T15:19:56+02:00;2026-08-22T15:19:56+02:00;;dpa Bayern;false
52aea964c56aed0a325e1501cc3d931a1e89dfa02edf819c25a866b99537ad5e;Notfallübung am Flughafen Dresden;https://www.zeit.de/news/2026-08/22/notfalluebung-am-flughafen-dresden;Hier finden Sie Informationen zu dem Thema „Katastrophenschutz“. Lesen Sie jetzt „Notfallübung am Flughafen Dresden“.;Katastrophenschutz;News, Katastrophenschutz, Flughafen Dresden, Feuerwehr, Polizei, Notfallübung, Katastrophenschutz, Ernstfall, Großraumflugzeug;2026-08-22T15:18:24+02:00;2026-08-22T15:18:24+02:00;;dpa Sachsen;false
c6580bdb21c3719544b8bd3e98a04f3862991f1fa72f88562ffcb10a75c82c3b;Pegelstände an der Elbe steigen wieder;https://www.zeit.de/news/2026-08/22/pegelstaende-an-der-elbe-steigen-wieder;Hier finden Sie Informationen zu dem Thema „Trockenheit“. Lesen Sie jetzt „Pegelstände an der Elbe steigen wieder“.;Trockenheit;News, Trockenheit, Elbe, Pegelstand, Trockenheit, Schifffahrtsverwaltung;2026-08-22T15:14:02+02:00;2026-08-22T15:14:02+02:00;;dpa Sachsen;false
fefed9b1f643ad3b4ca76a240910ed2bbaeaa3b978e006e9858d84049c525c46;Sieben Menschen bei Verfolgungsfahrt in England gestorben;https://www.zeit.de/news/2026-08/22/mehrere-menschen-bei-verkehrsunfall-in-england-gestorben;Hier finden Sie Informationen zu dem Thema „Nahe Middlesbrough“. Lesen Sie jetzt „Sieben Menschen bei Verfolgungsfahrt in England gestorben“.;Nahe Middlesbrough;News, Nahe Middlesbrough, England, Middlesbrough, Polizei, Verkehrsunfall, Unfall, Polizeiwagen;2026-08-22T15:14:01+02:00;2026-08-22T15:14:01+02:00;;dpa;false
a544d08f0ad70afe4612359f4edd0e24640f952015f3075f94e89ee6495d322b;Radfahrer bei Sturz im Eichsfeld lebensbedrohlich verletzt;https://www.zeit.de/news/2026-08/22/radfahrer-bei-sturz-im-eichsfeld-lebensbedrohlich-verletzt;Hier finden Sie Informationen zu dem Thema „Sturz bei Regen“. Lesen Sie jetzt „Radfahrer bei Sturz im Eichsfeld lebensbedrohlich verletzt“.;Sturz bei Regen;News, Sturz bei Regen, Eichsfeld, Heilbad Heiligenstadt, Polizei, Leitplanke;2026-08-22T15:10:24+02:00;2026-08-22T15:10:24+02:00;;dpa Thüringen;false
0d507375fcd3600797aac581861be7e8cd63fdd709ba799140575c137ed24223;Griechische Politiker streiten wegen Madonna-Besuch;https://www.zeit.de/news/2026-08/22/griechische-politiker-streiten-wegen-madonna-besuch;Hier finden Sie Informationen zu dem Thema „Pop-Ikone“. Lesen Sie jetzt „Griechische Politiker streiten wegen Madonna-Besuch“.;Pop-Ikone;News, Pop-Ikone, Elena Akrita, Madonna, Griechenland, Korfu, Facebook, Streitthema;2026-08-22T15:09:51+02:00;2026-08-22T15:09:51+02:00;;dpa;false
dc20233ea2369c68013b22462b16b29255deab41fff0a89e0ec45940dfca7912;Hessens Innenminister verurteilt Gewalt gegen Polizei;https://www.zeit.de/news/2026-08/22/hessens-innenminister-verurteilt-gewalt-gegen-polizei;Hier finden Sie Informationen zu dem Thema „Gewalt gegen Polizisten“. Lesen Sie jetzt „Hessens Innenminister verurteilt Gewalt gegen Polizei“.;Gewalt gegen Polizisten;News, Gewalt gegen Polizisten, Hessen, Polizei, CDU, Belletristik, Ausschreitung;2026-08-22T15:03:36+02:00;2026-08-22T15:03:36+02:00;;dpa Hessen;false
5c4e2f124925ad441c22f9b7646759dd278eb0cf456c8c33411ecdf88674c413;Tesla ruft in China Millionen Elektroautos zurück;https://www.zeit.de/mobilitaet/2026-08/china-peking-tesla-elektroauto-rueckrufaktion-millionen;Wegen Problemen mit den Türgriffen ruft Tesla in China knapp drei Millionen Autos zurück. Es ist die bisher wohl größte Rückrufaktion eines Autoherstellers in dem Land.;Elektromobilität;Mobilitaet, Elektromobilität, Tesla, China, Elektroauto, Elektromobilität, Autohersteller, Peking;2026-08-22T15:01:36+02:00;2026-08-22T15:01:36+02:00;vha;DIE ZEIT,        dpa,        Reuters,        							vha;false
0accb5aff87f92a707ab76313ed13f5d2677308e9ff36d3e38ad6de2246a29bf;Augsburger Pokal-Dusel gegen leidenschaftliches Cottbus;https://www.zeit.de/news/2026-08/22/augsburger-pokal-dusel-gegen-leidenschaftliches-cottbus;Hier finden Sie Informationen zu dem Thema „Favorit gewinnt glücklich“. Lesen Sie jetzt „Augsburger Pokal-Dusel gegen leidenschaftliches Cottbus“.;Favorit gewinnt glücklich;News, Favorit gewinnt glücklich, Anton Kade, Kristijan Jakic, Finn Dahmen, Cottbus, Augsburg, FC Augsburg, Energie Cottbus, Bundesliga, Pokalpleite;2026-08-22T14:58:35+02:00;2026-08-22T14:58:35+02:00;;dpa Bayern;false
22956e2b68811f45699a197debca28e2501c995dd9bb7c0a6b5b62077fd88bd6;CDU bestätigt Mario Voigt als Landesparteichef in Thüringen;https://www.zeit.de/politik/deutschland/2026-08/mario-voigt-cdu-thueringen-doktortitel-bjoern-hoecke-afd;Der Thüringer CDU-Verband hat Mario Voigt als Landesparteichef wiedergewählt. Doch im Parlament steht dem Ministerpräsidenten ein Misstrauensvotum der AfD bevor.;Thüringen;Politik, Thüringen, Mario Voigt, CDU, Thüringen, Eisenach, Alternative für Deutschland, Misstrauensvotum;2026-08-22T14:58:07+02:00;2026-08-22T14:58:07+02:00;tw;DIE ZEIT,        dpa,        							tw;false
82f3756dcfa538905c253ec4829439f936ac37e91b520e70647c66b051468759;HSV mit «maximal Bock» und Sander Tangvik im Tor;https://www.zeit.de/news/2026-08/22/hsv-mit-maximal-bock-und-sander-tangvik-im-tor;Hier finden Sie Informationen zu dem Thema „DFB-Pokal“. Lesen Sie jetzt „HSV mit «maximal Bock» und Sander Tangvik im Tor“.;DFB-Pokal;News, DFB-Pokal, Sander Tangvik, Merlin Polzin, Sebastiaan Bornauw, Hamburger SV, Deutscher Fußball-Bund, Sport Club Verl 1924 e.V., Pflichtspiel;2026-08-22T14:56:53+02:00;2026-08-22T14:56:53+02:00;;dpa Hamburg/Schleswig-Holstein;false
ef5e7691e632438895e87e3e78b7f0e3f006f9fc84d66ca29a463030502ffa43;«Tramprennen» nach Rumänien - «Schneller als die Bahn»;https://www.zeit.de/news/2026-08/22/tramprennen-nach-rumaenien-schneller-als-die-bahn;Hier finden Sie Informationen zu dem Thema „Freizeit“. Lesen Sie jetzt „«Tramprennen» nach Rumänien - «Schneller als die Bahn»“.;Freizeit;News, Freizeit, Philipp Weckesser, Horst Opaschowski, Rumänien, Lüneburg, Pui, Spanien, Estland, Griechenland, Oberpfalz, Weiden in der Oberpfalz;2026-08-22T14:56:36+02:00;2026-08-22T14:56:36+02:00;;dpa;false
c65c46357ecad2a5e34da6e66d3fa4b9d36d38724410fb02d05e4c0cbdd20a43;Abschiedsgottesdienst für Bischof von Speyer im September;https://www.zeit.de/news/2026-08/22/abschiedsgottesdienst-fuer-bischof-von-speyer-im-september;Hier finden Sie Informationen zu dem Thema „Katholische Kirche“. Lesen Sie jetzt „Abschiedsgottesdienst für Bischof von Speyer im September“.;Katholische Kirche;News, Katholische Kirche, Karl-Heinz Wiesemann, Speyer, Katholische Kirche, Abschiedsgottesdienst, Bistum;2026-08-22T14:51:12+02:00;2026-08-22T14:51:12+02:00;;dpa Rheinland-Pfalz/Saarland;false
cbb18ce68ddc02d4933456d86c0c60441e22f083c55921ce84dd59f5391433f9;49-Jähriger getötet - 15-jähriger Sohn unter Tatverdacht;https://www.zeit.de/news/2026-08/22/49-jaehriger-getoetet-15-jaehriger-sohn-unter-tatverdacht;Hier finden Sie Informationen zu dem Thema „Kriminalität“. Lesen Sie jetzt „49-Jähriger getötet - 15-jähriger Sohn unter Tatverdacht“.;Kriminalität;News, Kriminalität, Dortmund, Polizei, Tatverdacht;2026-08-22T14:41:15+02:00;2026-08-22T14:41:15+02:00;;dpa;false
fe38a8c8cfdca83b795dfdf057d2658d09c9e44f96902bcc8d66d551237f2fff;Schloss Seifersdorf mit Festakt wiedereröffnet;https://www.zeit.de/news/2026-08/22/schloss-seifersdorf-mit-festakt-wiedereroeffnet;Hier finden Sie Informationen zu dem Thema „Sanierung“. Lesen Sie jetzt „Schloss Seifersdorf mit Festakt wiedereröffnet“.;Sanierung;News, Sanierung, Michael Kretschmer, Radeberg, Landkreis Bautzen, Festakt, Sanierung, Oper;2026-08-22T14:36:03+02:00;2026-08-22T14:36:03+02:00;;dpa Sachsen;false
a90a09c469d5d1a210cb94fab17e7922aa38818ec82dab79d51b605265a27789;Betrunkener Fahrer überschlägt sich mit Auto - Baum gefällt;https://www.zeit.de/news/2026-08/22/betrunkener-fahrer-ueberschlaegt-sich-mit-auto-baum-gefaellt;Hier finden Sie Informationen zu dem Thema „Unfall mit zwei Promille“. Lesen Sie jetzt „Betrunkener Fahrer überschlägt sich mit Auto - Baum gefällt“.;Unfall mit zwei Promille;News, Unfall mit zwei Promille, Landkreis Freudenstadt, Polizei, Unfall, Auto;2026-08-22T14:32:40+02:00;2026-08-22T14:32:40+02:00;;dpa Baden-Württemberg;false
f0f7c500a44e74a05076084772b24c2df32faf8c24091a699bc5ab421dd17de6;Darmkeim-Infektionen in Kinderklinik: Frühchen gestorben;https://www.zeit.de/news/2026-08/22/darmkeim-infektionen-in-kinderklinik-fruehchen-gestorben;Hier finden Sie Informationen zu dem Thema „Aufnahmestopp“. Lesen Sie jetzt „Darmkeim-Infektionen in Kinderklinik: Frühchen gestorben“.;Aufnahmestopp;News, Aufnahmestopp, St. Louise, St. Vincenz, Kinderklinik, Aufnahmestopp, Darmbakterium, Intensivstation;2026-08-22T14:31:28+02:00;2026-08-22T14:31:28+02:00;;dpa Nordrhein-Westfalen;false
203b904bd09a11a9e72fbcdfb6290b1a543ef3d975310136730e7e789914300a;Medien: Goretzka und Aston Villa verhandeln über Engagement;https://www.zeit.de/news/2026-08/22/medien-goretzka-und-aston-villa-verhandeln-ueber-engagement;Hier finden Sie Informationen zu dem Thema „Fußball“. Lesen Sie jetzt „Medien: Goretzka und Aston Villa verhandeln über Engagement“.;Fußball;News, Fußball, Joao Palhinha, Leon Goretzka, Aston Villa, Fußball;2026-08-22T14:29:06+02:00;2026-08-22T14:29:06+02:00;;dpa Bayern;false
1acbafb94b162ed3015ae509156be03faad10f32459b85ad683b799391e61080;Mit «Milf»-Kette in den Stadtrat? Debatte um CDU-Kandidatin;https://www.zeit.de/news/2026-08/22/mit-milf-kette-in-den-stadtrat-debatte-um-cdu-kandidatin;Hier finden Sie Informationen zu dem Thema „«Natürlich provokant»“. Lesen Sie jetzt „Mit «Milf»-Kette in den Stadtrat? Debatte um CDU-Kandidatin“.;«Natürlich provokant»;News, «Natürlich provokant», Corinna Jodeit, Wildeshausen, Bremen, Niedersachsen, CDU, Kommunalwahl, Schmuckstück, Kommunalwahlkampf;2026-08-22T14:24:35+02:00;2026-08-22T14:24:35+02:00;;dpa;false
b5afc1a852de7975e83b792e5464ca1b1cf9ba59d8bd291fa715d92b16df85e9;Vier Verletzte nach Kollision auf B202;https://www.zeit.de/news/2026-08/22/vier-verletzte-nach-kollision-auf-b202;Hier finden Sie Informationen zu dem Thema „Auffahrunfall“. Lesen Sie jetzt „Vier Verletzte nach Kollision auf B202“.;Auffahrunfall;News, Auffahrunfall, Kollision, Auffahrunfall;2026-08-22T14:20:05+02:00;2026-08-22T14:20:05+02:00;;dpa Hamburg/Schleswig-Holstein;false
ef16af212a444e92f89783a0a2167bc2dde5875b432ae4d02a16cc00e5555010;Autofahrer bei Unfall in Osthessen schwer verletzt;https://www.zeit.de/news/2026-08/22/autofahrer-bei-unfall-in-osthessen-schwer-verletzt;Hier finden Sie Informationen zu dem Thema „Baum gestreift“. Lesen Sie jetzt „Autofahrer bei Unfall in Osthessen schwer verletzt“.;Baum gestreift;News, Baum gestreift, Osthessen, Unfall, Auto;2026-08-22T14:13:16+02:00;2026-08-22T14:13:16+02:00;;dpa Hessen;false
e52dd7145c351ae869627fcbaa5e87f2b5eb2ba8b5459d75325013c5daebdc25;Raketenangriff auf Vorort von Kyjiw während Wadephuls Besuch;https://www.zeit.de/politik/ausland/2026-08/boryspil-russland-raketenangriff-johann-wadephul;Während Außenminister Johann Wadephul in Kyjiw weilt, hat Russland mit ballistischen Raketen angegriffen. Der Minister kündigte weitere deutsche Hilfe für die Ukraine an.;Russischer Angriff bei Kyjiw;Politik, Russischer Angriff bei Kyjiw, Kyjiw, Johann Wadephul, Krieg in der Ukraine, Russland, Rakete;2026-08-22T14:11:15+02:00;2026-08-22T14:11:15+02:00;hell;DIE ZEIT,        dpa,        AFP,        							hell;false
ce739da5c97364383e58b339efefd30d720187f40c780ebcdc68352fab61489f;Umweltverbände kritisieren Klimapolitik der Bundesregierung;https://www.zeit.de/politik/deutschland/2026-08/klimapolitik-bundesregierung-wwf-vanessa-klocke-kabinettsklausur;Vor der Kabinettsklausur werfen Umweltverbände der Bundesregierung Rückschritte in der Klimapolitik vor. Sie fordern mehr Tempo beim Ausbau erneuerbarer Energien.;Klimaschutz;Politik, Klimaschutz, Bundesregierung, Klimapolitik, Klimaschutz, Erneuerbare Energien, Energiewende;2026-08-22T14:09:03+02:00;2026-08-22T14:09:03+02:00;vha;DIE ZEIT,        KNA,        							vha;false
353e71144585998bbb86e7255c7a605e9ac2c45df54c013b245d39d3bfd4a36e;Jüdische Gemeinde warnt kurz vor Wahlen vor AfD;https://www.zeit.de/news/2026-08/22/juedische-gemeinde-warnt-kurz-vor-wahlen-vor-afd;Hier finden Sie Informationen zu dem Thema „Appell an die Wähler“. Lesen Sie jetzt „Jüdische Gemeinde warnt kurz vor Wahlen vor AfD“.;Appell an die Wähler;News, Appell an die Wähler, Reinhard Schramm, Charlotte Knobloch, Ostdeutschland, Thüringen, NSDAP, Alternative für Deutschland, Landesgemeinde, Verbrechen;2026-08-22T14:07:50+02:00;2026-08-22T14:07:50+02:00;;dpa Mecklenburg-Vorpommern;false
27d2d29a94c2e1a684377a899abf0de1ea65aec35640855d6574bcf4794c30b7;Dieb stiehlt Goldschmuck und rennt davon;https://www.zeit.de/news/2026-08/22/dieb-stiehlt-goldschmuck-und-rennt-davon;Hier finden Sie Informationen zu dem Thema „In Waiblingen“. Lesen Sie jetzt „Dieb stiehlt Goldschmuck und rennt davon“.;In Waiblingen;News, In Waiblingen, Waiblingen, Polizei, Goldschmuck;2026-08-22T14:03:35+02:00;2026-08-22T14:03:35+02:00;;dpa Baden-Württemberg;false
d07477dd8897ae71d2d8b1321c7a1aaaf32c878f62147dca8ce9b4b911216670;Freigang-Doppelpack: Eintracht-Frauen besiegen Köln;https://www.zeit.de/news/2026-08/22/freigang-doppelpack-eintracht-frauen-besiegen-koeln;Hier finden Sie Informationen zu dem Thema „Bundesliga-Start“. Lesen Sie jetzt „Freigang-Doppelpack: Eintracht-Frauen besiegen Köln“.;Bundesliga-Start;News, Bundesliga-Start, Niko Arnauti, Laura Freigang, Köln, Eintracht Frankfurt, 1. FC Köln, Bundesliga, Saisonauftakt, Doppelpack;2026-08-22T13:56:07+02:00;2026-08-22T13:56:07+02:00;;dpa Hessen;false
134a1a7abd233872f272324eb0b9fd4135a3b1887650ef2293303f3f726c77de;Rice Crispies? Crispy Rice!;https://www.zeit.de/zeit-magazin/wochenmarkt/2025-11/salat-kraeuterreis-schalotten-zitronengras-rezept-wochenmarkt;Reissalat muss nicht langweilig sein. Zum Beispiel wenn der Reis knusprig aus der Pfanne kommt. Dazu ein Dressing aus Zitronengras, Chiliöl und Fischsoße, fertig.;"Z+ (abopflichtiger Inhalt);
        
    Salat aus knusprigem Kräuterreis, Schalotten und Zitronengras";Salate, Gemüse, Sommer;2026-08-22T13:52:03+02:00;2026-08-22T13:52:03+02:00;Georgina Hayden;;false
e30e5746856392b820050bb4eff08813cb0ef5775dbc7afbbfd45f397008a941;36-Jähriger nachts mit Messer verletzt und ausgeraubt;https://www.zeit.de/news/2026-08/22/36-jaehriger-nachts-mit-messer-verletzt-und-ausgeraubt;Hier finden Sie Informationen zu dem Thema „Kiosk in Berlin-Britz“. Lesen Sie jetzt „36-Jähriger nachts mit Messer verletzt und ausgeraubt“.;Kiosk in Berlin-Britz;News, Kiosk in Berlin-Britz, Berlin-Britz, Polizei, Kiosk;2026-08-22T13:51:42+02:00;2026-08-22T13:51:42+02:00;;dpa Berlin/Brandenburg;false
5c06f4acae2a8a4afb28041b5a08a71de43850349c0c8e3ae18bcd10abc634b5;Ein Donnerschlag;https://www.zeit.de/2026/36/anton-und-alma-dana-vowinckel-liebesgeschichte-judentum-roman;Lakonisch, cool und romantisch: Der neue Liebesroman »Anton und Alma« von Dana Vowinckel ist sensationell.;"Z+ (abopflichtiger Inhalt);
        
    »Anton und Alma« von Dana Vowinckel";Feuilleton, »Anton und Alma« von Dana Vowinckel, Literatur, Belletristik, Liebe, Deutscher Buchpreis;2026-08-22T13:51:40+02:00;2026-08-22T13:51:40+02:00;Volker Weidermann;Aus der        ZEIT Nr. 36/2026;false
08745b26f9f541661135f2dd312033bc3f0fcdb7c51e68921226d6713fa4b2a4;Klein gegen groß, okay. Aber so klein?;https://www.zeit.de/sport/2026-08/dfb-pokal-vfb-krieschow-kleinster-verein;Krieschow in der Niederlausitz ist das kleinste Dorf, das jemals am DFB-Pokal teilnimmt. Hier zeigt sich der ganze Charme des Wettbewerbs. Und was im Osten gelingen kann.;DFB-Pokal;Sport, DFB-Pokal, DFB-Pokal, Deutscher Fußball-Bund, Fußball, Ostdeutschland;2026-08-22T13:51:09+02:00;2026-08-22T13:51:09+02:00;Fabian HeldMartha Roschmann;;false
53851b0f8222d38f999abea8af78d98a0c59f8e567a4aa817a2832771e576341;»Wir sehen Anzeichen einer gewissen Panik in der Trump-Regierung«;https://www.zeit.de/wirtschaft/2026-08/kenneth-rogoff-oekonomie-schulden-haushalt-harvard-university;Die steigenden Zinsen werden zu einem Problem für die USA, sagt Top-Ökonom Kenneth Rogoff. Aber ein anderes Land sei noch näher an einer Schuldenkrise.;"Z+ (abopflichtiger Inhalt);
        
    Kenneth Rogoff";Wirtschaft, Kenneth Rogoff, Finanzkrise, Schulden, Haushalt, USA, Harvard University, Ökonomie;2026-08-22T13:50:41+02:00;2026-08-22T13:50:41+02:00;Dr. Kolja Rudzio;;false
d3fb45d5425f9a4ec00e85105ed45894507621c1ab49eb44321d2bf4b2976c80;Wagen kippt nach Auffahrunfall um - zwei Verletzte;https://www.zeit.de/news/2026-08/22/wagen-kippt-nach-auffahrunfall-um-zwei-verletzte;Hier finden Sie Informationen zu dem Thema „Unfall auf der Autobahn“. Lesen Sie jetzt „Wagen kippt nach Auffahrunfall um - zwei Verletzte“.;Unfall auf der Autobahn;News, Unfall auf der Autobahn, Gebsattel, Würzburg, Landkreis Ansbach, Auffahrunfall, Unfall, Autobahn, Auto;2026-08-22T13:47:46+02:00;2026-08-22T13:47:46+02:00;;dpa Bayern;false
1478d1c43ec54cd280d1e684e88d169711a2ddbef2ad0e60527a23bdc87d4c8b;Streit eskaliert: Drei junge Männer schwer verletzt;https://www.zeit.de/news/2026-08/22/streit-eskaliert-drei-junge-maenner-schwer-verletzt;Hier finden Sie Informationen zu dem Thema „Auf Supermarkt-Parkplatz“. Lesen Sie jetzt „Streit eskaliert: Drei junge Männer schwer verletzt“.;Auf Supermarkt-Parkplatz;News, Auf Supermarkt-Parkplatz, Mann, Wesermarsch, Polizei, Schnittverletzung;2026-08-22T13:43:21+02:00;2026-08-22T13:43:21+02:00;;dpa Niedersachsen;false
bb0a71c2cfdfab326483c4bb36a0c70bf9afb805549929b21a8de204e24123a4;Klingbeil und EU-Kollegen fordern Übergewinnsteuer für Ölkonzerne;https://www.zeit.de/politik/deutschland/2026-08/uebergewinnsteuer-eu-oelkonzerne-lars-klingbeil-iran;Eine Übergewinnsteuer bei hohen Gewinnen von Mineralölunternehmen auf EU-Ebene: Dazu rufen Finanzminister Lars Klingbeil und fünf seiner europäischen Kollegen auf. ;Maßnahme gegen Spritpreise;Politik, Maßnahme gegen Spritpreise, Lars Klingbeil, Europäische Union, Ölpreis, Iran, Steuern und Abgaben, SPD;2026-08-22T13:36:18+02:00;2026-08-22T13:36:18+02:00;hell;DIE ZEIT,        dpa,        							hell;false
e149942d2e9a296df77e2f20aec1dd0033423eeb98f7df6a961f3fb882a731bb;In Ilmenau werden Thüringens beste Zuchtpferde gekürt;https://www.zeit.de/news/2026-08/22/in-ilmenau-werden-thueringens-beste-zuchtpferde-gekuert;Hier finden Sie Informationen zu dem Thema „Wettbewerb“. Lesen Sie jetzt „In Ilmenau werden Thüringens beste Zuchtpferde gekürt“.;Wettbewerb;News, Wettbewerb, Ilmenau, Thüringen, Zuchtpferd, Gangkorrektheit, Stute, Championat;2026-08-22T13:36:04+02:00;2026-08-22T13:36:04+02:00;;dpa Thüringen;false
3c8b8141108ce812bf6028a8fca8e2c4a9911b8f8c2944f424af0e8e5d3adda4;Oldtimer kracht gegen Baum – Fahrer stirbt am Unfallort;https://www.zeit.de/news/2026-08/22/oldtimer-kracht-gegen-baum-fahrer-stirbt-am-unfallort;Hier finden Sie Informationen zu dem Thema „Bei Lingen“. Lesen Sie jetzt „Oldtimer kracht gegen Baum – Fahrer stirbt am Unfallort“.;Bei Lingen;News, Bei Lingen, Lingen, Polizei, Unfallort;2026-08-22T13:34:48+02:00;2026-08-22T13:34:48+02:00;;dpa Niedersachsen;false
dd48faa1f55bf7e97fe9b17f38d6165b6ae4018709f5ba9b791773f5306c6339;74-jähriger Angler bei Bootsunglück in Lohsa gestorben;https://www.zeit.de/news/2026-08/22/74-jaehriger-angler-bei-bootsunglueck-in-lohsa-gestorben;Hier finden Sie Informationen zu dem Thema „Dreiweiberner See“. Lesen Sie jetzt „74-jähriger Angler bei Bootsunglück in Lohsa gestorben“.;Dreiweiberner See;News, Dreiweiberner See, Lohsa, Landkreis Bautzen, Polizei, Bootsunglück;2026-08-22T13:19:57+02:00;2026-08-22T13:19:57+02:00;;dpa Sachsen;false
0a1f60e254312764e3a94de1f24e590303e6da6da314b0b2bae59e9e91bcd974;Vier Menschen bei Brand verletzt - eine Person schwer;https://www.zeit.de/news/2026-08/22/vier-menschen-bei-brand-verletzt-eine-person-schwer;Hier finden Sie Informationen zu dem Thema „Brände“. Lesen Sie jetzt „Vier Menschen bei Brand verletzt - eine Person schwer“.;Brände;News, Brände, Herford, Feuerwehr, Polizei, Wohnungsbrand, Brand;2026-08-22T13:18:52+02:00;2026-08-22T13:18:52+02:00;;dpa Nordrhein-Westfalen;false
ae08bc09f2800c16bb23fe334d4c49adba28e0080bfee71e952341eebaed93e4;Wacken-Blutspendeaktion «Blood Donation Day» am UKE;https://www.zeit.de/news/2026-08/22/wacken-blutspendeaktion-blood-donation-day-am-uke;Hier finden Sie Informationen zu dem Thema „Universitätsklinikum“. Lesen Sie jetzt „Wacken-Blutspendeaktion «Blood Donation Day» am UKE“.;Universitätsklinikum;News, Universitätsklinikum, Hamburg-Eppendorf, Hamburg, Wacken Open Air, Universitätsklinikum, Universitätskrankenhaus;2026-08-22T13:03:40+02:00;2026-08-22T13:03:40+02:00;;dpa Hamburg/Schleswig-Holstein;false
aba46b493a658f7540d8129b0681d0932acad31b1110bc07688ed0a29ad08e1e;Auflieger mit alkoholfreiem Bier brennt völlig aus;https://www.zeit.de/news/2026-08/22/auflieger-mit-alkoholfreiem-bier-brennt-voellig-aus;Hier finden Sie Informationen zu dem Thema „Keine Verletzten“. Lesen Sie jetzt „Auflieger mit alkoholfreiem Bier brennt völlig aus“.;Keine Verletzten;News, Keine Verletzten, Feuerwehr;2026-08-22T13:02:29+02:00;2026-08-22T13:02:29+02:00;;dpa Niedersachsen;false
3f8193bdaef0da48a063ec041e17e3989e6c0bf28eaea8737e47028eb7f59177;Mann übt mit Luftgewehr auf Balkon - mit Folgen;https://www.zeit.de/news/2026-08/22/mann-uebt-mit-luftgewehr-auf-balkon-mit-folgen;Hier finden Sie Informationen zu dem Thema „Schießübungen“. Lesen Sie jetzt „Mann übt mit Luftgewehr auf Balkon - mit Folgen“.;Schießübungen;News, Schießübungen, Luftgewehr, Schießübung;2026-08-22T12:59:05+02:00;2026-08-22T12:59:05+02:00;;dpa Bayern;false
c660c8ad51d2582962e337a8a867d87064a8974168f3b788e262b7488a4154e6;Alkoholisierter Mann attackiert Polizisten nach Taxifahrt;https://www.zeit.de/news/2026-08/22/alkoholisierter-mann-attackiert-polizisten-nach-taxifahrt;Hier finden Sie Informationen zu dem Thema „Fahrgast randaliert“. Lesen Sie jetzt „Alkoholisierter Mann attackiert Polizisten nach Taxifahrt“.;Fahrgast randaliert;News, Fahrgast randaliert, Esslingen, Taxifahrt;2026-08-22T12:52:41+02:00;2026-08-22T12:52:41+02:00;;dpa Baden-Württemberg;false
853e3e1e9693dab8487b8ec0f52a665453373d47f474a28faa6601069d95962b;Ehemaliger EU-Kommissar Siim Kallas ist tot;https://www.zeit.de/politik/ausland/2026-08/siim-kallas-estland-eu-kommissar-kaja-kallas-tod;Er verhandelte den EU-Betritt seines Landes: Estlands früherer Ministerpräsident Siim Kallas ist mit 77 Jahren verstorben. Das teilte die Tochter des Politikers mit.;Estland;Politik, Estland, Estland, Europäische Union, EU-Kommission, Trauer;2026-08-22T12:50:12+02:00;2026-08-22T12:50:12+02:00;tw;DIE ZEIT,        dpa,        							tw;false
d7b0adbd92c25f4b035ae1d9b641e2ee6440bda449c146881c20f7f49dc40351;Frau mit Hijab von Mann mit Glasflasche angegriffen;https://www.zeit.de/news/2026-08/22/frau-mit-hijab-von-mann-mit-glasflasche-angegriffen;Hier finden Sie Informationen zu dem Thema „Gefährliche Körperverletzung“. Lesen Sie jetzt „Frau mit Hijab von Mann mit Glasflasche angegriffen“.;Gefährliche Körperverletzung;News, Gefährliche Körperverletzung, Berlin-Friedrichshain, Warschauer Straße, Polizei, Körperverletzung;2026-08-22T12:39:06+02:00;2026-08-22T12:39:06+02:00;;dpa Berlin/Brandenburg;false
dcfc2e309a7e68edffda660f7edd45cab5a4d1b22effca97dae9becc04d1d46d;Mann soll Stein auf Polizisten geworfen haben;https://www.zeit.de/news/2026-08/22/mann-soll-stein-auf-polizisten-geworfen-haben;Hier finden Sie Informationen zu dem Thema „Festnahme“. Lesen Sie jetzt „Mann soll Stein auf Polizisten geworfen haben“.;Festnahme;News, Festnahme, Frankfurt am Main, Festnahme;2026-08-22T12:37:23+02:00;2026-08-22T12:37:23+02:00;;dpa Hessen;false
f7311e16a4a496f23d5aa10117d5a29daa0c8625884413610e3e6b96ac9f1c22;Sommer-Comeback für den Norden?;https://www.zeit.de/news/2026-08/22/sommer-comeback-fuer-den-norden;Hier finden Sie Informationen zu dem Thema „Wetter“. Lesen Sie jetzt „Sommer-Comeback für den Norden?“.;Wetter;News, Wetter, Norddeutschland, Schleswig-Holstein, Hamburg, Mecklenburg-Vorpommern, DWD, Temperatur, Sommer, Wetter;2026-08-22T12:37:03+02:00;2026-08-22T12:37:03+02:00;;dpa Hamburg/Schleswig-Holstein;false
ecf2f32e09260de74350b2c132493f133b9097da976f53712353448f31134047;Rhein-Fähren fahren wieder;https://www.zeit.de/news/2026-08/22/rhein-faehren-koennen-wieder-fahren;Hier finden Sie Informationen zu dem Thema „Steigende Pegelstände“. Lesen Sie jetzt „Rhein-Fähren fahren wieder“.;Steigende Pegelstände;News, Steigende Pegelstände, Jens Jansen, Kaub, Rhein, Zons, Dormagen, Düsseldorf, Köln, Bad Honnef, Rheinland-Pfalz, Deutsche Presse-Agentur;2026-08-22T12:31:59+02:00;2026-08-22T12:31:59+02:00;;dpa;false
7fa0785d08b31403830fb7a90c8f020a4c93062ce680e5be88de6bc7e5833253;Evakuierungen in Spanien wegen Waldbrands und Überschwemmungen;https://www.zeit.de/gesellschaft/zeitgeschehen/2026-08/waldbrand-valencia-gatova-evakuierung;Bei Valencia liegt Rauch über Gátova, etwa 1.000 Menschen müssen ihre Häuser verlassen. An der Costa Dorada lösen Regenfälle Überschwemmungen aus, es gibt Verletzte.;Extremwetter in Spanien;Gesellschaft, Extremwetter in Spanien, Waldbrand, Evakuierung, Spanien, Valencia, Regenfall, Extremwetter, Überschwemmung;2026-08-22T12:22:36+02:00;2026-08-22T12:22:36+02:00;hell;DIE ZEIT,        dpa,        							hell;false
27b2f3e925f98f2da28e7764a547445cd5212393b23a7d7337407f417dc8f39c;Sonne und steigende Temperaturen nach Unwettern erwartet;https://www.zeit.de/news/2026-08/22/sonne-und-steigende-temperaturen-nach-unwettern-erwartet;Hier finden Sie Informationen zu dem Thema „Wettervorhersage“. Lesen Sie jetzt „Sonne und steigende Temperaturen nach Unwettern erwartet“.;Wettervorhersage;News, Wettervorhersage, DWD, Unwetter, Temperatur, Wettervorhersage, Wetter;2026-08-22T12:18:21+02:00;2026-08-22T12:18:21+02:00;;dpa;false
f812ee1d5fabcc4c41ec6c7c9aff7354a1af0cabfbb169c181b32c5a9b6c33b7;CDU-Parteitag: Voigt wirbt um Vertrauen;https://www.zeit.de/news/2026-08/22/cdu-parteitag-voigt-wirbt-um-vertrauen;Hier finden Sie Informationen zu dem Thema „Thüringen“. Lesen Sie jetzt „CDU-Parteitag: Voigt wirbt um Vertrauen“.;Thüringen;News, Thüringen, Mario Voigt, Thüringen, Eisenach, TU Chemnitz, CDU, Alternative für Deutschland, CDU-Parteitag, Landesparteitag, Aberkennung, Erfolg;2026-08-22T12:16:23+02:00;2026-08-22T12:16:23+02:00;;dpa Thüringen;false
1b677079eccb9114f0cda8a9934648075ba18805aeac1bc5d29ddec082c84713;Schüsse vom Balkon: Polizei nimmt 45-Jährigen fest;https://www.zeit.de/news/2026-08/22/schuesse-vom-balkon-polizei-nimmt-45-jaehrigen-fest;Hier finden Sie Informationen zu dem Thema „Mutmaßlich mit Waffe gedroht“. Lesen Sie jetzt „Schüsse vom Balkon: Polizei nimmt 45-Jährigen fest“.;Mutmaßlich mit Waffe gedroht;News, Mutmaßlich mit Waffe gedroht, Berlin-Mariendorf, Polizei, Knallgeräusch;2026-08-22T12:11:45+02:00;2026-08-22T12:11:45+02:00;;dpa Berlin/Brandenburg;false
d7860cd79e396056ff6552b7ee6ddf7fe516d1cbbac93060484f4df07ab2a734;Arbeitnehmerflügel der CDU in Sachsen hat neuen Vorsitzenden;https://www.zeit.de/news/2026-08/22/arbeitnehmerfluegel-der-cdu-in-sachsen-hat-neuen-vorsitzenden;Hier finden Sie Informationen zu dem Thema „Sozialpolitik“. Lesen Sie jetzt „Arbeitnehmerflügel der CDU in Sachsen hat neuen Vorsitzenden“.;Sozialpolitik;News, Sozialpolitik, Dietmar Link, Alexander Krauß, Sachsen, CDU, Christlich-Demokratische Arbeitnehmerschaft Deutschlands, Arbeitnehmerflügel, Sozialflügel, Sozialpolitik, Führungswechsel;2026-08-22T12:10:49+02:00;2026-08-22T12:10:49+02:00;;dpa Sachsen;false
e9a25c37372dd6880f1ea9ae8a8f5e1f591c3867f177b15f7ed866c5f76e1b49;FDP fordert Ausbau der deutschen Gasgewinnung;https://www.zeit.de/news/2026-08/22/fdp-fordert-ausbau-der-deutschen-gasgewinnung;Hier finden Sie Informationen zu dem Thema „Hohe Gaspreise“. Lesen Sie jetzt „FDP fordert Ausbau der deutschen Gasgewinnung“.;Hohe Gaspreise;News, Hohe Gaspreise, Martin Hagen, Hagen, FDP, Gasgewinnung, Gaspreis, Füllstand, Ausbau, Fracking;2026-08-22T12:07:58+02:00;2026-08-22T12:07:58+02:00;;dpa;false
27504faef6ee2f607ef5e4624c56dbd8005bf4628d837e1b6bd9094b71cc66ff;Karlsruher Staatsanwaltschaft ermittelt zu Prank-Videos;https://www.zeit.de/news/2026-08/22/karlsruher-staatsanwaltschaft-ermittelt-zu-prank-videos;Hier finden Sie Informationen zu dem Thema „Üble Streiche“. Lesen Sie jetzt „Karlsruher Staatsanwaltschaft ermittelt zu Prank-Videos“.;Üble Streiche;News, Üble Streiche, Karlsruhe, Staatsanwaltschaft, Streiche;2026-08-22T12:03:43+02:00;2026-08-22T12:03:43+02:00;;dpa Baden-Württemberg;false
894fe02d36bc15ca9bcc8bf0dd48b340e38234674ddb03d0ec9596d74be7b494;Braucht es bald Steuern auf E-Autos?;https://www.zeit.de/mobilitaet/2026-08/elektromobilitaet-besteuerung-e-autos-autoindustrie-bundesregierung;Benzin und Diesel bringen Milliarden an Steuern für den Straßenbau. Der Regierung fehlt ein Plan, woher das Geld im E-Zeitalter kommen soll. Andere Länder sind weiter.;Elektromobilität;Mobilitaet, Elektromobilität, Elektromobilität, Elektroauto, Straßenbau, Steuer, Pkw-Maut, Steffen Bilger;2026-08-22T11:58:07+02:00;2026-08-22T11:58:07+02:00;Paul Meerkamp;;false
88491bb575cbb094e443f2beaeab604a83d5042f22f5be5082137c79e7f21720;CDU-Ministerpräsident Schulze: Es läuft keiner zur AfD über;https://www.zeit.de/news/2026-08/22/cdu-ministerpraesident-schulze-es-laeuft-keiner-zur-afd-ueber;Hier finden Sie Informationen zu dem Thema „Landtagswahl Sachsen-Anhalt“. Lesen Sie jetzt „CDU-Ministerpräsident Schulze: Es läuft keiner zur AfD über“.;Landtagswahl Sachsen-Anhalt;News, Landtagswahl Sachsen-Anhalt, Sven Schulze, Sachsen-Anhalt, CDU, Alternative für Deutschland, Landtagswahl;2026-08-22T11:56:25+02:00;2026-08-22T11:56:25+02:00;;dpa Sachsen;false
6402ed7dedccd1b857a407280e9a6d08e2a2b1e20c026e5f3a12f5e210c06ddb;Freibäder öffnen Becken für Hunde zum Saisonende;https://www.zeit.de/news/2026-08/22/freibaeder-oeffnen-becken-fuer-hunde-zum-saisonende;Hier finden Sie Informationen zu dem Thema „Hundeschwimmen“. Lesen Sie jetzt „Freibäder öffnen Becken für Hunde zum Saisonende“.;Hundeschwimmen;News, Hundeschwimmen, Brandenburg, Elsthal, Luckenwalde, Teltow-Fläming, Freibad, Hundeschwimmen, Hundebadetag;2026-08-22T11:56:20+02:00;2026-08-22T11:56:20+02:00;;dpa Berlin/Brandenburg;false
ece06fe783d950847e49dc77db29e8abbcdd3db061f121831b402c8471d9bf13;Klingbeil macht Vorstoß für Übergewinnsteuer bei Ölkonzernen;https://www.zeit.de/news/2026-08/22/klingbeil-macht-vorstoss-fuer-uebergewinnsteuer-bei-oelkonzernen;Hier finden Sie Informationen zu dem Thema „Hohe Spritpreise“. Lesen Sie jetzt „Klingbeil macht Vorstoß für Übergewinnsteuer bei Ölkonzernen“.;Hohe Spritpreise;News, Hohe Spritpreise, Lars Klingbeil, Irland, SPD, Europäische Union, Übergewinnsteuer, Spritpreis, Ölkonzern;2026-08-22T11:54:05+02:00;2026-08-22T11:54:05+02:00;;dpa;false
7fdc3fbfa72774060636e0808f5e1bb436596b576ef02a7dd4c73e6a8d6cc386;»Ich werde solche Sachen immer wieder tun. Ich kann penetrant sein«;https://www.zeit.de/feuilleton/2026-08/matthias-lilienthal-intendant-berliner-volksbuehne-volksbad-theater;War der Poolskandal Berechnung? Wer hat wen nass gemacht? Und ist Berlin noch sexy? Ein Gespräch mit Matthias Lilienthal, dem Intendanten der Berliner Volksbühne;"Z+ (abopflichtiger Inhalt);
        
    Matthias Lilienthal";Feuilleton, Matthias Lilienthal, Volksbühne, Theater, schwimmen, Berlin;2026-08-22T11:52:26+02:00;2026-08-22T11:52:26+02:00;Sven BehrischPeter Kümmel;;false
c7bda61ce5d277c7b6f302b5777c001f5357d4542f8bfa1d33d52c5c19bf9ff6;Tödlicher Unfall: Radfahrer gerät unter Stadtbahn;https://www.zeit.de/news/2026-08/22/toedlicher-unfall-radfahrer-geraet-unter-stadtbahn;Hier finden Sie Informationen zu dem Thema „Königswinter“. Lesen Sie jetzt „Tödlicher Unfall: Radfahrer gerät unter Stadtbahn“.;Königswinter;News, Königswinter, Königswinter, Unfall, Stadtbahn;2026-08-22T11:51:28+02:00;2026-08-22T11:51:28+02:00;;dpa Nordrhein-Westfalen;false
da9bd32fb18a3754c21aa637e0da9a82e9c345fbbb8fed7a749ab3683fe00be8;Ach, diese Lücke!;https://www.zeit.de/sport/2026-08/niclas-fuellkrug-rueckkehr-werder-bremen-bundesliga-fussball;Es gibt Dinge, die sind wichtiger als ein Karriereschritt oder Geld. Unsere Kolumnistin sieht in Niclas Füllkrugs Rückkehr nach Bremen die Stärke, das zu erkennen.;Niclas Füllkrug;Sport, Niclas Füllkrug, Niclas Füllkrug, SV Werder Bremen, Fußball-Bundesliga, Fußball, Borussia Dortmund, Champions League;2026-08-22T11:47:49+02:00;2026-08-22T11:47:49+02:00;Laura Sophia Jung;;false
1688ed6e1b8f7e958262e45cac723695d0f911acaca174f0d7c04681f2d8b738;Komm, hol das Lasso raus!;https://www.zeit.de/zeit-magazin/2026-08/zeckenschlinge-zecke-entfernen-hund;Gassigehen im Wald ist super – bis eine Zecke auftaucht. Zum Glück gibt es ein Werkzeug, das die Plagegeister zuverlässig einfängt.;Zeckenschlinge;Haustier, Tiere, Wandern;2026-08-22T11:47:19+02:00;2026-08-22T11:47:19+02:00;Tim Winter;;false
70dccb1f064ea9a7526ca8b12003625a2be93c6a8d201efa671c884c03153ae9;Mit Boykott und Ellbogen gegen Trump;https://www.zeit.de/politik/ausland/2026-08/kanada-usa-nationalstolz-zoelle-donald-trump;Statt Americano nun ein »Canadiano«? Der Handelskrieg mit den USA greift viel tiefer als kleine Kaffeewitze. Er entfacht ein neues nationales Selbstbewusstsein.;"Z+ (abopflichtiger Inhalt);
        
    Zollstreit zwischen den USA und Kanada";Politik, Zollstreit zwischen den USA und Kanada, Kanada, USA, Donald Trump, US-Zölle;2026-08-22T11:46:21+02:00;2026-08-22T11:46:21+02:00;Robert Williams;;false
c30f2bb0fbbb2b796acd9023957aeb790b29963f23d9e8d0cddeeaa3eae02c6c;Kurze Gewitter am Samstag - dann wird es freundlicher;https://www.zeit.de/news/2026-08/22/kurze-gewitter-am-samstag-dann-wird-es-freundlicher;Hier finden Sie Informationen zu dem Thema „Wetter in NRW“. Lesen Sie jetzt „Kurze Gewitter am Samstag - dann wird es freundlicher“.;Wetter in NRW;News, Wetter in NRW, NRW, Nordrhein-Westfalen, DWD, Gewitter, Wetter;2026-08-22T11:45:58+02:00;2026-08-22T11:45:58+02:00;;dpa Nordrhein-Westfalen;false
7bcf324b07309eb6ea45be9fe88bd54494f99f6bc1af282c6d0e28a8f3b82e27;Naturkundemuseum im Elbtower droht zu scheitern;https://www.zeit.de/news/2026-08/22/naturkundemuseum-im-elbtower-droht-zu-scheitern;Hier finden Sie Informationen zu dem Thema „Verhandlungen stocken“. Lesen Sie jetzt „Naturkundemuseum im Elbtower droht zu scheitern“.;Verhandlungen stocken;News, Verhandlungen stocken, Dirk Kienscherf, Dieter Becken, SPD, Elbtower, Naturkundemuseum, Verhandlung;2026-08-22T11:41:09+02:00;2026-08-22T11:41:09+02:00;;dpa Hamburg/Schleswig-Holstein;false
084036541670da5f58b38cd89fddd1504a5425ae9e2830548317855a5954ca08;Bahn-Aufsichtsrat hinterfragt Konzept der Korridorsanierungen;https://www.zeit.de/mobilitaet/2026-08/korridorsanierung-bahn-deutsche-bahn-ralf-damde-evelyn-palla;DB-Regio Gewerkschafter Ralf Damde stellt monatelange Streckensperrungen für Korridorsanierungen infrage. Er kritisiert lange Wartezeiten für Mitarbeiter und hohe Kosten.;Deutsche Bahn;Mobilitaet, Deutsche Bahn, Deutsche Bahn, Fernverkehr, Evelyn Palla, Sanierung, CDU;2026-08-22T11:38:09+02:00;2026-08-22T11:38:09+02:00;tw;DIE ZEIT,        AFP,        							tw;false
c3d68ee2a9dddb956726de1c45e4bbbd67f46056d212024070722e74f3121f0f;Nach heimlichen intimen Fotos: Schüler verlassen Gymnasium;https://www.zeit.de/news/2026-08/22/nach-heimlichen-intimen-fotos-schueler-verlassen-gymnasium;Hier finden Sie Informationen zu dem Thema „Mehrere Strafanzeigen“. Lesen Sie jetzt „Nach heimlichen intimen Fotos: Schüler verlassen Gymnasium“.;Mehrere Strafanzeigen;News, Mehrere Strafanzeigen, Bildungsministerium, Deutsche Presse-Agentur, Polizei, Strafanzeige, Gymnasium;2026-08-22T11:37:11+02:00;2026-08-22T11:37:11+02:00;;dpa Berlin/Brandenburg;false
4c22177b826a980145458932173c2efd0cc41a4277c44bf21968f341d5fdbebe;Umfrage sieht Linke in Berlin klar vorn;https://www.zeit.de/politik/deutschland/2026-08/umfrage-abgeordnetenhauswahl-berlin-linke-elif-eralp-cdu-afd-forsa;Vier Wochen vor der Abgeordnetenhauswahl kommt die Linke laut Forsa auf 22 Prozent. CDU und AfD liegen bei jeweils 18 Prozent. Die SPD erreicht zwölf Prozent.;Abgeordnetenhauswahl in Berlin;Politik, Abgeordnetenhauswahl in Berlin, Berlin, Die Linke, Abgeordnetenhaus, Forsa, CDU, SPD;2026-08-22T11:34:27+02:00;2026-08-22T11:34:27+02:00;vha;DIE ZEIT,        AFP,        							vha;false
624e2093eb133e38a2df7cd97b2c7f980450472e1357996216a97edba9623572;Radfahrer bei Unfall in Hamburg-Sternschanze schwer verletzt;https://www.zeit.de/news/2026-08/22/radfahrer-bei-unfall-in-hamburg-sternschanze-schwer-verletzt;Hier finden Sie Informationen zu dem Thema „Fahrradunfall“. Lesen Sie jetzt „Radfahrer bei Unfall in Hamburg-Sternschanze schwer verletzt“.;Fahrradunfall;News, Fahrradunfall, Unfall, Fahrradunfall, Sternschanze;2026-08-22T11:33:40+02:00;2026-08-22T11:33:40+02:00;;dpa Hamburg/Schleswig-Holstein;false
fa53a8d0e2661d9d223295d28c51bb0e0d3a52d9a2b4e645716e85fcc254cbdd;Unfall auf A9: Schwerverletzte und 200.000 Euro Schaden;https://www.zeit.de/news/2026-08/22/unfall-auf-a9-schwerverletzte-und-200-000-euro-schaden;Hier finden Sie Informationen zu dem Thema „Autobahn“. Lesen Sie jetzt „Unfall auf A9: Schwerverletzte und 200.000 Euro Schaden“.;Autobahn;News, Autobahn, Polizei, Unfall;2026-08-22T11:29:07+02:00;2026-08-22T11:29:07+02:00;;dpa Sachsen;false
170a90265eeee4cfa6dbf4475bb10fb60fbe1a9c5b3bf93e0732eee18fa81533;Es wird wieder sonnig - bis 27 Grad möglich;https://www.zeit.de/news/2026-08/22/es-wird-wieder-sonnig-bis-27-grad-moeglich;Hier finden Sie Informationen zu dem Thema „Wetter“. Lesen Sie jetzt „Es wird wieder sonnig - bis 27 Grad möglich“.;Wetter;News, Wetter, Saarland, Rheinland-Pfalz, Gewitter, Wetter;2026-08-22T11:18:29+02:00;2026-08-22T11:18:29+02:00;;dpa Rheinland-Pfalz/Saarland;false
3c6a4a6b4ae7b5b71795597167a6c633c809dfa2035ce1ee772e3a8d15a6a1d9;Umgekippter Lkw legt Verkehr auf B77 lahm;https://www.zeit.de/news/2026-08/22/umgekippter-lkw-legt-verkehr-auf-b77-lahm;Hier finden Sie Informationen zu dem Thema „Vollsperrung“. Lesen Sie jetzt „Umgekippter Lkw legt Verkehr auf B77 lahm“.;Vollsperrung;News, Vollsperrung, Rendsburg, Polizei, Vollsperrung, Verkehr;2026-08-22T11:16:59+02:00;2026-08-22T11:16:59+02:00;;dpa Hamburg/Schleswig-Holstein;false
7efc2ff162ac3d113b3c5321a5c02a8c00c0f4f9d4d6a50604e54f9563baa2c0;Regen sorgt für etwas Entspannung an Thüringens Flüssen;https://www.zeit.de/news/2026-08/22/regen-sorgt-fuer-etwas-entspannung-an-thueringens-fluessen;Hier finden Sie Informationen zu dem Thema „Nach Trockenheit“. Lesen Sie jetzt „Regen sorgt für etwas Entspannung an Thüringens Flüssen“.;Nach Trockenheit;News, Nach Trockenheit, Thüringen, Entspannung, Trockenheit, Niedrigwasser;2026-08-22T11:15:04+02:00;2026-08-22T11:15:04+02:00;;dpa Thüringen;false
a198e9d0137b4f13b65152e996cca361ac4924f08221636939bc8a818e771361;42-Jähriger bei Streit in Chemnitz mit Messer verletzt;https://www.zeit.de/news/2026-08/22/42-jaehriger-bei-streit-in-chemnitz-mit-messer-verletzt;Hier finden Sie Informationen zu dem Thema „Chemnitz“. Lesen Sie jetzt „42-Jähriger bei Streit in Chemnitz mit Messer verletzt“.;Chemnitz;News, Chemnitz, Chemnitz, Polizei;2026-08-22T11:12:38+02:00;2026-08-22T11:12:38+02:00;;dpa Sachsen;false
0ebeca8caf998d85a8505162ae84c8ebfa6dcbe847b97d9c8917c5d655b691a9;Rund 1.000 Menschen wegen Waldbrandes in Spanien evakuiert;https://www.zeit.de/news/2026-08/22/rund-1-000-menschen-wegen-waldbrandes-in-spanien-evakuiert;Hier finden Sie Informationen zu dem Thema „Unwetter“. Lesen Sie jetzt „Rund 1.000 Menschen wegen Waldbrandes in Spanien evakuiert“.;Unwetter;News, Unwetter, Juan Carlos Valderrama, Spanien, Valencia, Gátova, Waldbrand, Unwetter, Überschwemmung, Fahrzeug;2026-08-22T11:12:31+02:00;2026-08-22T11:12:31+02:00;;dpa;false
8d84bf066d3bf6ba5d7d8372e22b4e443c659d425f7df5dfef5dd52fcfd50b0f;Waldhof-Trainer verweigert Handschlag: «Bin kein Heuchler»;https://www.zeit.de/news/2026-08/22/waldhof-trainer-verweigert-handschlag-bin-kein-heuchler;Hier finden Sie Informationen zu dem Thema „DFB-Pokal“. Lesen Sie jetzt „Waldhof-Trainer verweigert Handschlag: «Bin kein Heuchler»“.;DFB-Pokal;News, DFB-Pokal, Rui Mota, Torsten Lieberknecht, Deutscher Fußball-Bund, 1. FC Kaiserslautern, SV Waldhof Mannheim, Handschlag;2026-08-22T11:03:49+02:00;2026-08-22T11:03:49+02:00;;dpa Baden-Württemberg;false
b919c156d9886cc513c209b49a42ffd7d02727960248a4b075e918fec03ab470;Nach Gewittern kehrt die Sonne nach Hessen zurück;https://www.zeit.de/news/2026-08/22/nach-gewittern-kehrt-die-sonne-nach-hessen-zurueck;Hier finden Sie Informationen zu dem Thema „Wettervorhersage“. Lesen Sie jetzt „Nach Gewittern kehrt die Sonne nach Hessen zurück“.;Wettervorhersage;News, Wettervorhersage, Hessen, Gewitter, Wettervorhersage, Wolkenfeld, Wetter;2026-08-22T11:01:42+02:00;2026-08-22T11:01:42+02:00;;dpa Hessen;false
e3c47c098a040dee3f587a94d8eedb86463540a1f944913bb4ce46f6f85c1825;Drohanruf bei Lübecker Bank - SEK nimmt Verdächtigen fest;https://www.zeit.de/news/2026-08/22/drohanruf-bei-luebecker-bank-sek-nimmt-verdaechtigen-fest;Hier finden Sie Informationen zu dem Thema „SEK-Einsatz“. Lesen Sie jetzt „Drohanruf bei Lübecker Bank - SEK nimmt Verdächtigen fest“.;SEK-Einsatz;News, SEK-Einsatz, Polizei, Drohanruf, Straftat, Spezialeinsatzkommando;2026-08-22T11:00:13+02:00;2026-08-22T11:00:13+02:00;;dpa Hamburg/Schleswig-Holstein;false
ade4a0a5b259ee041d39cbc214d134f5da627527433eac7feec342a6e1e5b63e;75-jähriger Autofahrer stirbt bei Zusammenstoß mit Laster;https://www.zeit.de/news/2026-08/22/75-jaehriger-autofahrer-stirbt-bei-zusammenstoss-mit-laster;Hier finden Sie Informationen zu dem Thema „Unfall auf der Bundesstraße“. Lesen Sie jetzt „75-jähriger Autofahrer stirbt bei Zusammenstoß mit Laster“.;Unfall auf der Bundesstraße;News, Unfall auf der Bundesstraße, Amerang, Landkreis Rosenheim, Polizei, Zusammenstoß, Unfall, Bundesstraße, Reanimationsmaßnahme, Auto;2026-08-22T10:54:06+02:00;2026-08-22T10:54:06+02:00;;dpa Bayern;false
af42d8fc6de6041416ac14898704a708ce65aa5438813e08c70e84558231cc5f;Mutter und Kind sterben bei Frontalzusammenstoß;https://www.zeit.de/news/2026-08/22/mutter-und-kind-sterben-bei-frontalzusammenstoss;Hier finden Sie Informationen zu dem Thema „Tödlicher Unfall“. Lesen Sie jetzt „Mutter und Kind sterben bei Frontalzusammenstoß“.;Tödlicher Unfall;News, Tödlicher Unfall, Landkreis Fürth, Frontalzusammenstoß, Unfall;2026-08-22T10:52:31+02:00;2026-08-22T10:52:31+02:00;;dpa Bayern;false
a5c0f3ad6b08315140fbd10f4435e0c079ead2ac49f8773c408ca918c432c716;Hohe Energiepreise: BSW fordert mehr staatliche Kontrolle;https://www.zeit.de/news/2026-08/22/hohe-energiepreise-bsw-fordert-mehr-staatliche-kontrolle;Hier finden Sie Informationen zu dem Thema „Landtagswahl“. Lesen Sie jetzt „Hohe Energiepreise: BSW fordert mehr staatliche Kontrolle“.;Landtagswahl;News, Landtagswahl, Sachsen-Anhalt, Bündnis Sahra Wagenknecht, Landtagswahl, Energiekosten;2026-08-22T10:49:35+02:00;2026-08-22T10:49:35+02:00;;dpa Sachsen;false
0d349d1b22febe64619136d2f86b187e7041de5794f5e8fd1ac7b0b0589f137c;Verletzte und Festnahmen: Ausschreitungen bei Südwest-Derby;https://www.zeit.de/news/2026-08/22/polizeibilanz-nach-chaos-im-pokal-derby-35-beamte-verletzt;Hier finden Sie Informationen zu dem Thema „Krawalle bei DFB-Pokalspiel“. Lesen Sie jetzt „Verletzte und Festnahmen: Ausschreitungen bei Südwest-Derby“.;Krawalle bei DFB-Pokalspiel;News, Krawalle bei DFB-Pokalspiel, Mannheim, Deutscher Fußball-Bund, SV Waldhof Mannheim, 1. FC Kaiserslautern, Polizei, Polizeibilanz, Tumult, Ausschreitung;2026-08-22T10:48:26+02:00;2026-08-22T10:48:26+02:00;;dpa Baden-Württemberg;false
c8e00b4fed45a1f22db0e378630007ca5e445f05af52ad8dd5d986f308a701e7;100.000 Euro Schaden nach Brand im Kreis Steinburg;https://www.zeit.de/news/2026-08/22/100-000-euro-schaden-nach-brand-im-kreis-steinburg;Hier finden Sie Informationen zu dem Thema „Brände“. Lesen Sie jetzt „100.000 Euro Schaden nach Brand im Kreis Steinburg“.;Brände;News, Brände, Kreis Steinburg, Brand;2026-08-22T10:47:33+02:00;2026-08-22T10:47:33+02:00;;dpa Hamburg/Schleswig-Holstein;false
1a92d93a55641c44071579fa3dc97b70db8ee8bb55391329b08cb7854b49e64b;Ermittlungen nach Irrfahrt mit Verletzten in Hessen laufen;https://www.zeit.de/news/2026-08/22/weitere-ermittlungen-nach-fahrt-mit-verletzten-in-hofgeismar;Hier finden Sie Informationen zu dem Thema „Vorfall in Fußgängerzone“. Lesen Sie jetzt „Ermittlungen nach Irrfahrt mit Verletzten in Hessen laufen“.;Vorfall in Fußgängerzone;News, Vorfall in Fußgängerzone, Hofgeismar, Hessen, Polizei, CDU, Fußgängerzone, Ermittlung, Autofahrt, Belletristik, Auto;2026-08-22T10:41:47+02:00;2026-08-22T10:41:47+02:00;;dpa;false
268fa32e2418fbdc166c5671cfd24dea6bfd9cd5910e4b192a83ad08a4fd9dab;SPD besteht auf Frau für das Bundespräsidentenamt;https://www.zeit.de/politik/deutschland/2026-08/bundespraesident-nachfolge-frank-walter-steinmeier-spd-frau;Die SPD will, dass eine Frau die Nachfolge von Bundespräsident Frank-Walter Steinmeier antritt. Einen Namen will die Partei vorerst nicht nennen. ;Nachfolge von Frank-Walter Steinmeier;Politik, Nachfolge von Frank-Walter Steinmeier, Bundespräsident, SPD, Frank-Walter Steinmeier, Frauen, Ilse Aigner;2026-08-22T10:32:59+02:00;2026-08-22T10:32:59+02:00;vha;DIE ZEIT,        AFP,        							vha;false
c779a47fb303c489e9958294a0d9a978b26bd00eed8a56b6af7d401750d4a840;Antisemitismusbeauftragter will Judenfeindlichkeit schärfer bestrafen;https://www.zeit.de/politik/deutschland/2026-08/antisemitismus-deutschland-felix-klein-strafrecht-hamas;Bis hin zur Abschiebung: Der Antisemitismusbeauftragte der Bundesregierung fordert, stärkere strafrechtliche Verfolgung judenfeindlicher Handlungen zu ermöglichen.;Justiz;Politik, Justiz, Antisemitismus, Strafrecht, Bundesregierung, Friedrich Merz;2026-08-22T10:32:07+02:00;2026-08-22T10:32:07+02:00;tw;DIE ZEIT,        dpa,        							tw;false
1bac8c72f7d8df0c168ea66af5417bc7bc7e16947375fd92755c9396a7ecbf66;Betrunkener Radfahrer randaliert bei Kontrolle;https://www.zeit.de/news/2026-08/22/betrunkener-radfahrer-randaliert-bei-kontrolle;Hier finden Sie Informationen zu dem Thema „Kontrolle eskaliert“. Lesen Sie jetzt „Betrunkener Radfahrer randaliert bei Kontrolle“.;Kontrolle eskaliert;News, Kontrolle eskaliert, Eppelheim, Rhein-Neckar-Kreis, Polizei;2026-08-22T10:31:56+02:00;2026-08-22T10:31:56+02:00;;dpa Baden-Württemberg;false
5a54432bf7fe98fb2c30facc16d3317e29f10145fe6171306c56562a095aecd1;Nach Panettieres Tod: Hickerson äußert sich über Anwalt;https://www.zeit.de/news/2026-08/21/brian-hickerson-meldet-sich-nach-panettieres-tod-zu-wort;Hier finden Sie Informationen zu dem Thema „US-Schauspielerin“. Lesen Sie jetzt „Nach Panettieres Tod: Hickerson äußert sich über Anwalt“.;US-Schauspielerin;News, US-Schauspielerin, Brian Hickerson, Hayden Panettiere, Deutsche Presse-Agentur, Polizei, Verbrechen;2026-08-22T10:27:33+02:00;2026-08-22T10:27:33+02:00;;dpa;false
bd5166ef909c9b638d17308a36c9d7e598eb147b2fd47177245a01854a60a40c;Auf Regen folgt Sonne;https://www.zeit.de/news/2026-08/22/auf-regen-folgt-sonne;Hier finden Sie Informationen zu dem Thema „Wetteraussichten“. Lesen Sie jetzt „Auf Regen folgt Sonne“.;Wetteraussichten;News, Wetteraussichten, Sachsen, Bergland, DWD, Wetteraussicht, Wochenendstart, Höchsttemperatur;2026-08-22T10:15:21+02:00;2026-08-22T10:15:21+02:00;;dpa Sachsen;false
83d3365460dce5dea959a6835d9247d36f1e34a4231cf6380cac1c8d27ca1a2f;Fahrkartenautomat in Bad Bramstedt gesprengt;https://www.zeit.de/news/2026-08/22/fahrkartenautomat-in-bad-bramstedt-gesprengt;Hier finden Sie Informationen zu dem Thema „Automatensprengung“. Lesen Sie jetzt „Fahrkartenautomat in Bad Bramstedt gesprengt“.;Automatensprengung;News, Automatensprengung, Bad Bramstedt, Polizei, Fahrkartenautomat, Automatensprengung;2026-08-22T10:10:04+02:00;2026-08-22T10:10:04+02:00;;dpa Hamburg/Schleswig-Holstein;false
cc1b50732f9521f3b3aa0164a0ba2ac3b6d46cbbc6936493d943bf664b1e454a;Frankfurter Polizei sucht verschwundene Dienstwaffe;https://www.zeit.de/news/2026-08/22/frankfurter-polizei-sucht-verschwundene-dienstwaffe;Hier finden Sie Informationen zu dem Thema „Ermittlungen“. Lesen Sie jetzt „Frankfurter Polizei sucht verschwundene Dienstwaffe“.;Ermittlungen;News, Ermittlungen, Polizei, Dienstwaffe;2026-08-22T10:05:40+02:00;2026-08-22T10:05:40+02:00;;dpa Hessen;false
f05061ec178ff0a66374b663e91d443925734b75691c0480d479442c1249d97e;Sie schreibt Trump: »Du bist das Einzige, was mir wichtig ist«;https://www.zeit.de/politik/ausland/2026-08/natalie-harp-donald-trump-usa-regierung;Natalie Harp folgt Donald Trump überallhin. Die Nähe des US-Präsidenten zu seiner jungen Assistentin wirft viele Fragen auf. Und was ist eigentlich ihr Job?;"Z+ (abopflichtiger Inhalt);
        
    Natalie Harp";Politik, Natalie Harp, Donald Trump, Präsidentschaft, USA, CNN, NATO-Gipfel, Marco Rubio;2026-08-22T10:00:52+02:00;2026-08-22T10:00:52+02:00;Carsten Luther;;false
a00c2aa57edb1e1839261d4a642831f70e75a77b4e0c5522eb475e24a10cf89a;Drei-Tore-Mann Pejcinovic: Sturmhoffnung für VfB und DFB;https://www.zeit.de/news/2026-08/22/drei-tore-mann-pejcinovic-sturmhoffnung-fuer-vfb-und-dfb;Hier finden Sie Informationen zu dem Thema „DFB-Pokal“. Lesen Sie jetzt „Drei-Tore-Mann Pejcinovic: Sturmhoffnung für VfB und DFB“.;DFB-Pokal;News, DFB-Pokal, Jürgen Klopp, Chris Führich, Sebastian Hoeneß, Fabian Wohlgemuth, Deniz Undav, Stuttgart, Rostock, Deutscher Fußball-Bund, VfB Stuttgart, FC Bayern München;2026-08-22T10:00:19+02:00;2026-08-22T10:00:19+02:00;;dpa Baden-Württemberg;false
67f7141e95ed11b01cecbad73f7360e3b8164d7c8551cbb9dbe289d7d40aace8;Was soll dieser Gratismut sein, von dem derzeit alle reden?;https://www.zeit.de/feuilleton/2026-08/positionierung-afd-musiker-bill-kaulitz-oeffentlichkeit;Bill Kaulitz kritisiert die AfD. Seine Kritiker finden das »gratismutig«. Wer aber so denkt, sollte mal wieder einen Blick in die aktuellen Wahlumfragen werfen.;"Z+ (abopflichtiger Inhalt);
        
    Positionierung gegen die AfD";Feuilleton, Positionierung gegen die AfD, Bill Kaulitz, Tom Kaulitz, Alternative für Deutschland, Sachsen-Anhalt, Landtagswahl;2026-08-22T09:59:51+02:00;2026-08-22T09:59:51+02:00;Jens Balzer;;false
e76a3a45fde95c69689326106cfbb2e8922c2fd4ae4981e8f729d1937bde56f4;Nachlöscharbeiten zu Großbrand in Bergheim dauern an;https://www.zeit.de/news/2026-08/22/nachloescharbeiten-zu-grossbrand-in-bergheim-dauern-an;Hier finden Sie Informationen zu dem Thema „Brände“. Lesen Sie jetzt „Nachlöscharbeiten zu Großbrand in Bergheim dauern an“.;Brände;News, Brände, Bergheim, Köln, Feuerwehr, Nachlöscharbeit, Großbrand, Löscharbeit, Gewerbegebiet, Brand;2026-08-22T09:59:28+02:00;2026-08-22T09:59:28+02:00;;dpa Nordrhein-Westfalen;false
0f0e3703f4f6be77d0d18429d25667e332dceb5f89d32d4acc0a150817f47aec;Was wissen Sie über Ihre Gesundheit?;https://www.zeit.de/gesundheit/2026-08/gesundheits-test-herz-kreislauf-ballaststoffe-ernaehrung-psyche;Was genau macht Cortisol, wie viele Ballaststoffe sind optimal, und wo beginnt Bluthochdruck? Testen Sie Ihr gesundheitliches Wissen und vergleichen Sie sich mit anderen.;"Z+ (abopflichtiger Inhalt);
        
    Gesundheitstest";Gesundheit, Gesundheitstest, Ernährung, Psyche, Ballaststoff;2026-08-22T09:59:06+02:00;2026-08-22T09:59:06+02:00;Dr.  Anna CarthausAnaïs KaluzaTom KattwinkelJan SchwenkenbecherClaudia WüstenhagenJelka LercheBenja Zehr;;false
efeff05a87d0c3d566f0d67713fcf55d9cf7a377c80e8604a89e805fc2bdda88;Regen sorgt für Unfälle und Sperrungen auf Bayerns Straßen;https://www.zeit.de/news/2026-08/22/regen-sorgt-fuer-unfaelle-und-sperrungen-auf-bayerns-strassen;Hier finden Sie Informationen zu dem Thema „Zwei Verletzte“. Lesen Sie jetzt „Regen sorgt für Unfälle und Sperrungen auf Bayerns Straßen“.;Zwei Verletzte;News, Zwei Verletzte, Bayern, Polizei, Unfall, Sperrung, Auto;2026-08-22T09:50:35+02:00;2026-08-22T09:50:35+02:00;;dpa Bayern;false
984c5de469b880bb2195bf6373db52266eafce5a71c7d59e5b654655e3726817;US-Post kündigt trotz Gerichtsstopp strengere Regeln für Briefwahl an;https://www.zeit.de/politik/ausland/2026-08/us-postbehoerde-briefwahl-usps-donald-trump-kongresswahlen;Der USPS verschärft die Regeln für Briefwahl bei den Kongresswahlen. Damit steht er im Widerspruch zu einem Urteil, das entsprechende Pläne der Regierung gestoppt hatte.;US-Kongresswahlen;Politik, US-Kongresswahlen, Kongresswahl, Donald Trump, USA, US-Kongress;2026-08-22T09:33:23+02:00;2026-08-22T09:33:23+02:00;vha;DIE ZEIT,        dpa,        Reuters,        							vha;false
8db8d5743877a4ef21a17a6ff905736488a6f4f401feca446c3e311f7fff94fd;Brand zerstört Haus – Ehepaar kann sich retten;https://www.zeit.de/news/2026-08/22/brand-zerstoert-haus-ehepaar-kann-sich-retten;Hier finden Sie Informationen zu dem Thema „Landkreis Leer“. Lesen Sie jetzt „Brand zerstört Haus – Ehepaar kann sich retten“.;Landkreis Leer;News, Landkreis Leer, Leer, Ehepaar, Landkreis;2026-08-22T09:30:05+02:00;2026-08-22T09:30:05+02:00;;dpa Niedersachsen;false
0c58580cfac148aa616fce4ccd79e7b8bb912daaf9ee8895362a50405f16fca1;Ab wann wieder mehr Sonne zu erwarten ist;https://www.zeit.de/news/2026-08/22/ab-wann-wieder-mehr-sonne-zu-erwarten-ist;Hier finden Sie Informationen zu dem Thema „Wetter“. Lesen Sie jetzt „Ab wann wieder mehr Sonne zu erwarten ist“.;Wetter;News, Wetter, Niedersachsen, Bremen, Wetter;2026-08-22T09:13:05+02:00;2026-08-22T09:13:05+02:00;;dpa Niedersachsen;false
115f63b27b741790e4b79544e4bdeb361b4ba18df0d1a77e26e5ffa797b7ae45;DR Kongo hat die ersten 16.000 Dosen Ebola-Impfstoff erhalten;https://www.zeit.de/gesundheit/2026-08/ebola-ausbruch-kongo-impfstoff-ervebo-who-bundibugyo-gxe;Im Kongo ist die erste Lieferung von 70.000 angekündigten Dosen Ebola-Impfstoff eingetroffen. Ob dieser gegen die dort grassierende Variante wirkt, ist unklar.;Ebola-Epidemie;Gesundheit, Ebola-Epidemie, Impfstoff, Ebola, Kongo, Kinshasa, WHO, Virus;2026-08-22T09:11:50+02:00;2026-08-22T09:11:50+02:00;tw;DIE ZEIT,        AFP,        							tw;false
5634cba82f9823b65ffbcf2b2ee8c729a0742b5b227e7cc0275c61d730fa387b;RTL-«Sommerhaus» 2026: Was man wissen sollte;https://www.zeit.de/news/2026-08/22/rtl-sommerhaus-2026-was-man-wissen-sollte;Hier finden Sie Informationen zu dem Thema „Elfte Staffel“. Lesen Sie jetzt „RTL-«Sommerhaus» 2026: Was man wissen sollte“.;Elfte Staffel;News, Elfte Staffel, Frauke Ludowig, Julian F. M. Stoeckel, Marcell Damaschke, Michelle Daniaux, Laura Parrinello, RTL+, Berlin, Bocholt, Münsterland, RTL;2026-08-22T09:09:04+02:00;2026-08-22T09:09:04+02:00;;dpa Nordrhein-Westfalen;false
ad83fe36ef3210ee8af7ee34a6b46df22d206ab21f9761105a382dc176c3263e;Hund wird von Auto überfahren und stirbt;https://www.zeit.de/news/2026-08/22/hund-wird-von-auto-ueberfahren-und-stirbt;Hier finden Sie Informationen zu dem Thema „Unfall mit Tier“. Lesen Sie jetzt „Hund wird von Auto überfahren und stirbt“.;Unfall mit Tier;News, Unfall mit Tier, Spiegelau, Landkreis Freyung-Grafenau, Polizei, Unfall, Auto;2026-08-22T09:04:12+02:00;2026-08-22T09:04:12+02:00;;dpa Bayern;false
03d934f843788c94c719bc98ab292d98266c53cab6c72c9f583909fef2cd3402;Ministerpräsident Schulze schließt AfD-Mehrheit durch Überläufer aus;https://www.zeit.de/politik/deutschland/2026-08/sachsen-anhalt-landtagswahl-afd-cdu-sven-schulze-ueberlaeufer-gxe;Der Ministerpräsident von Sachsen-Anhalt, Sven Schulze, rechnet nicht damit, dass CDU-Kandidaten zur AfD überlaufen könnten. »Ich kenne alle, das wird nicht passieren.«;Landtagswahl in Sachsen-Anhalt;Politik, Landtagswahl in Sachsen-Anhalt, Sven Schulze, Alternative für Deutschland, CDU, Sachsen-Anhalt, Landtagswahl;2026-08-22T08:54:25+02:00;2026-08-22T08:54:25+02:00;hell;DIE ZEIT,        AFP,        							hell;false
1de1a8ce0f0ead2c55bf5759d0f63ff73c7cb78eb3b58aae72cf132386aa4f78;Fahrschülerin kracht beim Abbiegen mit Auto zusammen;https://www.zeit.de/news/2026-08/22/fahrschuelerin-kracht-beim-abbiegen-mit-auto-zusammen;Hier finden Sie Informationen zu dem Thema „Unfälle“. Lesen Sie jetzt „Fahrschülerin kracht beim Abbiegen mit Auto zusammen“.;Unfälle;News, Unfälle, Schloßvippach, Polizei, Unfall, Auto;2026-08-22T08:53:27+02:00;2026-08-22T08:53:27+02:00;;dpa Thüringen;false
66bdcfddd1ab5caf75b378b0947d3386cb6136cd66d9f5010373374838f72193;Pferd läuft auf Straße – Auto und Tier stoßen zusammen;https://www.zeit.de/news/2026-08/22/pferd-laeuft-auf-strasse-auto-und-tier-stossen-zusammen;Hier finden Sie Informationen zu dem Thema „Landkreis Forchheim“. Lesen Sie jetzt „Pferd läuft auf Straße – Auto und Tier stoßen zusammen“.;Landkreis Forchheim;News, Landkreis Forchheim, Landkreis Forchheim, Auto, Tiere;2026-08-22T08:48:54+02:00;2026-08-22T08:48:54+02:00;;dpa Bayern;false
6d7e9e11b59d57b8d5baf8a5d6912dba09bc32f27f7026188ae40b88bc887169;Autofahrt mit 2,97 Promille - Beifahrerin schwer verletzt;https://www.zeit.de/news/2026-08/22/autofahrt-mit-2-97-promille-beifahrerin-schwer-verletzt;Hier finden Sie Informationen zu dem Thema „Schleswig-Holstein“. Lesen Sie jetzt „Autofahrt mit 2,97 Promille - Beifahrerin schwer verletzt“.;Schleswig-Holstein;News, Schleswig-Holstein, Schleswig-Holstein, Autofahrt;2026-08-22T08:42:33+02:00;2026-08-22T08:42:33+02:00;;dpa Hamburg/Schleswig-Holstein;false
13c631a7c5fa340a549fdadfad0229e8df50fd0da077a04de78075468b1794af;Frau am Fähranleger zwischen Autos eingeklemmt;https://www.zeit.de/news/2026-08/22/frau-am-faehranleger-zwischen-autos-eingeklemmt;Hier finden Sie Informationen zu dem Thema „Unfall“. Lesen Sie jetzt „Frau am Fähranleger zwischen Autos eingeklemmt“.;Unfall;News, Unfall, Wischhafen, Landkreis Stade, Unfall, Auto, Fahrzeug;2026-08-22T08:35:40+02:00;2026-08-22T08:35:40+02:00;;dpa Niedersachsen;false
1aa18a6b5afe6f4f553cf419a33fa84a2917522183a2b678bc8ad1421971826b;82-Jähriger nach Auffahrunfall im Ilm-Kreis verletzt;https://www.zeit.de/news/2026-08/22/82-jaehriger-nach-auffahrunfall-im-ilm-kreis-verletzt;Hier finden Sie Informationen zu dem Thema „Unfälle“. Lesen Sie jetzt „82-Jähriger nach Auffahrunfall im Ilm-Kreis verletzt“.;Unfälle;News, Unfälle, Polizei, Auffahrunfall, Unfall, Verkehrsunfall, Fahrzeug;2026-08-22T08:25:30+02:00;2026-08-22T08:25:30+02:00;;dpa Thüringen;false
4348247f3cdde9e25fcb43eca1b40bfed3f29654e02e93d908a7c5d2f9b3c274;Bericht: Bruder von Hickerson äußert sich zu Panettieres Tod;https://www.zeit.de/news/2026-08/22/bericht-bruder-von-hickerson-aeussert-sich-zu-panettieres-tod;Hier finden Sie Informationen zu dem Thema „US-Schauspielerin“. Lesen Sie jetzt „Bericht: Bruder von Hickerson äußert sich zu Panettieres Tod“.;US-Schauspielerin;News, US-Schauspielerin, Brian Hickerson, Hayden Panettiere, Zach Hickerson, Greenville, South Carolina, TMZ, Polizei, Verbrechen;2026-08-22T08:19:55+02:00;2026-08-22T08:19:55+02:00;;dpa;false
5f8aa434842edeadf767f45c5a8eb9d4ab4b16f0b72308af896b08193aafdc04;Bahnstrecke Crailsheim–Aalen nach Reparaturen wieder offen;https://www.zeit.de/news/2026-08/22/bahnstrecke-crailsheim-aalen-nach-reparaturen-wieder-offen;Hier finden Sie Informationen zu dem Thema „Bahnverkehr“. Lesen Sie jetzt „Bahnstrecke Crailsheim–Aalen nach Reparaturen wieder offen“.;Bahnverkehr;News, Bahnverkehr, Crailsheim, Bahnstrecke, Reparatur, Bahnverkehr;2026-08-22T08:19:49+02:00;2026-08-22T08:19:49+02:00;;dpa Baden-Württemberg;false
c266e24c3e730972860b0aa0e1f876bb8f4da0bfbcaaec61e5038dd331962bb5;Zollverhandlungen zwischen USA und Kanada gescheitert;https://www.zeit.de/politik/ausland/2026-08/zollstreit-usa-kanada-donald-trump-zoelle-freihandelsabkommen-gxe;Die USA und Kanada haben sich im Zollstreit nicht einigen können. Die Trump-Regierung verhängt neue Zölle, der kanadische Premier Mark Carney reagiert mit Gegenzöllen. ;Zollstreit;Politik, Zollstreit, US-Zölle, Freihandelsabkommen, Donald Trump, Mark Carney, USA, Kanada;2026-08-22T08:13:32+02:00;2026-08-22T08:13:32+02:00;hell;DIE ZEIT,        AFP,        							hell;false
f7bf1c88eb0852bf5a995baca7e81b64bd950c1a6240b2c0e65917b3bd80ca3e;Berlins Inselbegabung;https://www.zeit.de/2026/36/inseln-berlin-schmoeckwitzer-werder-lindwerder-pfaueninsel;In der Hauptstadt gibt es kaum ruhige Orte und zu wenig Natur? Von wegen! Timo Posselt gönnt sich einen Kurzurlaub mit Wasser ringsum – und macht Inselhopping in Berlin.;"Z+ (abopflichtiger Inhalt);
        
    Inseln in Berlin";Entdecken, Inseln in Berlin, Berlin, schwimmen, Familie, Wetter, Urlaub;2026-08-22T08:06:04+02:00;2026-08-22T08:06:04+02:00;Timo Posselt;Aus der        ZEIT Nr. 36/2026;false
4993f4a921755b41a74a4d9cbd9f22c0db8788078cf69b36d848ab7ba969ddbf;Sag mir, wie du heißt, und ich sag dir, wie deine Eltern sind;https://www.zeit.de/familie/2026-08/kindernamen-liste-notizapp-namenssuche-eltern;Unsere Autorin hat noch keine Kinder, dafür aber bereits Namen für sie. Die sammelt sie in der Notizapp auf ihrem Handy. Denn die Wahl ist eine komplexe Angelegenheit. ;"Z+ (abopflichtiger Inhalt);
        
    Kindernamen";Familie, Kindernamen, Familie, Kinder, Eltern, TikTok;2026-08-22T08:05:06+02:00;2026-08-22T08:05:06+02:00;Livia Sarai Lergenmüller;;false
d02b930d6d92f44b7432e4f212b432e13ada44498580099cf6dd4d13777c05ab;Mit Moral und «alten Hasen»: KSC gelingt der Saisonstart;https://www.zeit.de/news/2026-08/22/mit-moral-und-alten-hasen-ksc-gelingt-der-saisonstart;Hier finden Sie Informationen zu dem Thema „DFB-Pokal 1. Runde“. Lesen Sie jetzt „Mit Moral und «alten Hasen»: KSC gelingt der Saisonstart“.;DFB-Pokal 1. Runde;News, DFB-Pokal 1. Runde, Maximilian Senft, Rafael Pinto, Karlsruhe, Deutscher Fußball-Bund, Karlsruher SC, Saisonstart, Arbeitssieg;2026-08-22T07:56:04+02:00;2026-08-22T07:56:04+02:00;;dpa Baden-Württemberg;false
d74fab736505eb16030fb93b512ef29177dddef04a161e4b59b5786cccf5471e;Herr Prange hilft jetzt der AfD;https://www.zeit.de/politik/deutschland/2026-08/sachsen-anhalt-stendal-cdu-afd-spende-landtagswahl;Der CDU-Bürgermeister Bernd Prange spendete 10.000 Euro an die AfD, ruft zu ihrer Wahl auf. Wer hat das eingefädelt? Womöglich deren Spitzenkandidat Ulrich Siegmund.;"Z+ (abopflichtiger Inhalt);
        
    Sachsen-Anhalt";Politik, Sachsen-Anhalt, Alternative für Deutschland, Sachsen-Anhalt, Ulrich Siegmund, Sven Schulze, CDU, Landtagswahl;2026-08-22T07:35:18+02:00;2026-08-22T07:35:18+02:00;Christoph HeinemannTilman LeichtHannes Jung;;false
ea67e5deef17ad38fec9cbd386f4d2edf72c8726983a22a1f950fc80fc3afc40;Regenschirm am Samstag, Sonne zum Wochenstart;https://www.zeit.de/news/2026-08/22/regenschirm-am-samstag-sonne-zum-wochenstart;Hier finden Sie Informationen zu dem Thema „Wetter“. Lesen Sie jetzt „Regenschirm am Samstag, Sonne zum Wochenstart“.;Wetter;News, Wetter, Berlin, Brandenburg, DWD, Regenschirm, Wetter;2026-08-22T07:22:46+02:00;2026-08-22T07:22:46+02:00;;dpa Berlin/Brandenburg;false
67e0e77cc81d2b4e5cb88a1e7958ff3f45e1590b0765a227db213834804fddf2;Kater Larry: Berichte über meinen Tod sind stark übertrieben;https://www.zeit.de/news/2026-08/22/kater-larry-berichte-ueber-meinen-tod-sind-stark-uebertrieben;Hier finden Sie Informationen zu dem Thema „Falsche Todesmeldungen“. Lesen Sie jetzt „Kater Larry: Berichte über meinen Tod sind stark übertrieben“.;Falsche Todesmeldungen;News, Falsche Todesmeldungen, Mark Twain, X, Todesmeldung;2026-08-22T07:21:17+02:00;2026-08-22T07:21:17+02:00;;dpa;false
66519acbda163d69284340062349fbc1326cb47a14fc5359f4bbf33fcf2056ca;Sonnige Aussichten, aber Schauer und Wind in Bayern möglich;https://www.zeit.de/news/2026-08/22/sonnige-aussichten-aber-schauer-und-wind-in-bayern-moeglich;Hier finden Sie Informationen zu dem Thema „Kühler und windig“. Lesen Sie jetzt „Sonnige Aussichten, aber Schauer und Wind in Bayern möglich“.;Kühler und windig;News, Kühler und windig, Bayern, Nordbayern, Donau, Südbayern, DWD, Wetter;2026-08-22T07:15:37+02:00;2026-08-22T07:15:37+02:00;;dpa Bayern;false
392e5e7c8a1fd2d3ea0f9668d3225147fa64ac576d4b55d6877c3da744c11338;Wetterwechsel: So sonnig wird das Wochenende;https://www.zeit.de/news/2026-08/22/wetterwechsel-so-sonnig-wird-das-wochenende;Hier finden Sie Informationen zu dem Thema „Wetterbericht“. Lesen Sie jetzt „Wetterwechsel: So sonnig wird das Wochenende“.;Wetterbericht;News, Wetterbericht, Baden-Württemberg, DWD, Wetterwechsel, Wetterbericht, Gewitter, Wetter;2026-08-22T07:08:05+02:00;2026-08-22T07:08:05+02:00;;dpa Baden-Württemberg;false
9d1ff44d95388bb74211391b2f19d7f8b5392c2a36e0c1a61cd4f71af4f1e795;Plüschtiere im Trend: Warum Erwachsene gerne kuscheln;https://www.zeit.de/news/2026-08/22/plueschtiere-im-trend-warum-erwachsene-gerne-kuscheln;Hier finden Sie Informationen zu dem Thema „«Kidults»“. Lesen Sie jetzt „Plüschtiere im Trend: Warum Erwachsene gerne kuscheln“.;«Kidults»;News, «Kidults», Heinrich Pretzel, Markus Kiefer, Berlin, KaDeWe, Kuscheltier, Menükarte, Sommer;2026-08-22T07:00:06+02:00;2026-08-22T07:00:06+02:00;;dpa Berlin/Brandenburg;false
7956d4ab5139223395d7265e9dbfd069bdea761bc4db510aeee6ab5e9d12a1e6;Zehntausende Thüringer von Altersarmut bedroht;https://www.zeit.de/news/2026-08/22/zehntausende-thueringer-von-altersarmut-bedroht;Hier finden Sie Informationen zu dem Thema „Altersarmut“. Lesen Sie jetzt „Zehntausende Thüringer von Altersarmut bedroht“.;Altersarmut;News, Altersarmut, Altersarmut, Armutsgefährdungsgrenze;2026-08-22T07:00:05+02:00;2026-08-22T07:00:05+02:00;;dpa Thüringen;false
87206c7879b5f185022207bd8622fadaa329e41f19f506bfba3f41027dc2120d;US-Verteidigungsministerium entlässt die Leitung einer Militärzeitung;https://www.zeit.de/politik/ausland/2026-08/stars-and-stripes-pentagon-erik-slavin-max-lederer-lara-korte-gxe;Das US-Verteidigungsministerium tauscht die Leitungsebene einer Militärzeitung aus. Dem scheidenden Chefredakteur zufolge wurde ihm »fehlender Gehorsam« vorgeworfen.;»Stars and Stripes«;Politik, »Stars and Stripes«, Pentagon, Militär, Verteidigungspolitik, Entlassung, Donald Trump, USA;2026-08-22T06:34:17+02:00;2026-08-22T06:34:17+02:00;dar;DIE ZEIT,        Reuters,        AP,        dpa,        							dar;false
b973a5627217ce44434eb136c84d75a10b2d65a6575fbf966872b0ab080ac2c5;Freizeitforscher: Trampen ist ein Sicherheitsrisikofaktor;https://www.zeit.de/news/2026-08/22/freizeitforscher-trampen-ist-ein-sicherheitsrisikofaktor;Hier finden Sie Informationen zu dem Thema „Freizeit“. Lesen Sie jetzt „Freizeitforscher: Trampen ist ein Sicherheitsrisikofaktor“.;Freizeit;News, Freizeit, Horst Opaschowski, Deutsche Presse-Agentur, Sicherheit, Freiheit;2026-08-22T06:30:04+02:00;2026-08-22T06:30:04+02:00;;dpa Bayern;false
6fc41d73755e93356c81973b15b8f3f942bb001cb2486bf8e5061ed1bdb26192;Stolz und Trotz nach Niederlage bei Unions Fußballerinnen;https://www.zeit.de/news/2026-08/22/stolz-und-trotz-nach-niederlage-bei-unions-fussballerinnen;Hier finden Sie Informationen zu dem Thema „Saisonstart“. Lesen Sie jetzt „Stolz und Trotz nach Niederlage bei Unions Fußballerinnen“.;Saisonstart;News, Saisonstart, Marie-Louise Eta, Union, 1. FC Union Berlin, Bundesliga, Saisonstart;2026-08-22T06:24:05+02:00;2026-08-22T06:24:05+02:00;;dpa Berlin/Brandenburg;false
98f9e0e3269e7d8eaf5894bf377de487605e72ed2b4337efb85ceeeb76a68de7;Bald Nationalspieler? Top-Einstand für Stuttgarts Pejcinovic;https://www.zeit.de/news/2026-08/22/bald-nationalspieler-top-einstand-fuer-stuttgarts-pejcinovic;Hier finden Sie Informationen zu dem Thema „Drei Tore im ersten VfB-Spiel“. Lesen Sie jetzt „Bald Nationalspieler? Top-Einstand für Stuttgarts Pejcinovic“.;Drei Tore im ersten VfB-Spiel;News, Drei Tore im ersten VfB-Spiel, Jürgen Klopp, Stuttgart, Deutscher Fußball-Bund, Hansa Rostock, VfB Stuttgart, Pflichtspiel, Bundesliga, Einstand;2026-08-22T06:18:04+02:00;2026-08-22T06:18:04+02:00;;dpa Baden-Württemberg;false
958ccf47f4a07a9ab2494c80208891fefd8c7212fc2acf58f64c39f383d9cc7a;Trotz Finaleinzugs: Mumbrú fordert Steigerung;https://www.zeit.de/news/2026-08/22/trotz-finaleinzugs-mumbr-fordert-steigerung;Hier finden Sie Informationen zu dem Thema „Basketball-Supercup“. Lesen Sie jetzt „Trotz Finaleinzugs: Mumbrú fordert Steigerung“.;Basketball-Supercup;News, Basketball-Supercup, Alex Mumbrú, Tschechien, Hamburg, Supercup, Finaleinzug, Halbfinalsieg, Bundestrainer, Kritik, Finale;2026-08-22T06:05:04+02:00;2026-08-22T06:05:04+02:00;;dpa Hamburg/Schleswig-Holstein;false
9fcc251b661e93302c6c08f39baba3ca8ca8169dec65f0df2eb891abb34e3f83;Bayerns Fußballerinnen «in anderer Liga»;https://www.zeit.de/news/2026-08/22/bayerns-fussballerinnen-in-anderer-liga;Hier finden Sie Informationen zu dem Thema „Fußball“. Lesen Sie jetzt „Bayerns Fußballerinnen «in anderer Liga»“.;Fußball;News, Fußball, Pernille Harder, Giulia Gwinn, Lena Oberdorf, José Barcala, Bayern, FC Bayern München, 1. FC Union Berlin, Bundesliga, Fußball-Bundesliga, Fußball;2026-08-22T06:02:05+02:00;2026-08-22T06:02:05+02:00;;dpa Bayern;false
0cefdbb8c7b8fffd5cc421438a970181a138128e6a40075a3219121043253bbf;Innenminister und DFB kritisieren Ausschreitungen bei Pokalspiel;https://www.zeit.de/sport/2026-08/krawalle-dfb-pokal-sv-waldhof-mannheim-1-fc-kaiserslautern-gxe;85 Menschen wurden bei Ausschreitungen während des Derbys in Mannheim verletzt. Der DFB kündigt eine Untersuchung an, der Innenminister fordert Strafen.;Mannheim gegen Kaiserslautern;Sport, Mannheim gegen Kaiserslautern, DFB-Pokal, Mannheim, 1. FC Kaiserslautern, Polizei, Deutscher Fußball-Bund;2026-08-22T06:00:59+02:00;2026-08-22T06:00:59+02:00;dar;DIE ZEIT,        dpa,        							dar;false
a26aa295e2e15da8957a7264860e9186b0f7ea2b999824fcc75b0ae25dbbc807;Gottesanbeterin breitet sich aus – gut 15.000 Sichtungen;https://www.zeit.de/news/2026-08/22/gottesanbeterin-breitet-sich-aus-gut-15-000-sichtungen;Hier finden Sie Informationen zu dem Thema „Folge der Erderwärmung“. Lesen Sie jetzt „Gottesanbeterin breitet sich aus – gut 15.000 Sichtungen“.;Folge der Erderwärmung;News, Folge der Erderwärmung, Helge May, Berlin, Naturschutzbund Deutschland, Gottesanbeterin, Sichtung, Erderwärmung, Tiere;2026-08-22T06:00:07+02:00;2026-08-22T06:00:07+02:00;;dpa;false
915b654292383c4b81ab4aa913dbcbad1cdb238dea7dc6643990e20fdc217418;CDU-Beschwerde wegen Senatsantwort zur Köhlbrandbrücke;https://www.zeit.de/news/2026-08/22/cdu-beschwerde-wegen-senatsantwort-zur-koehlbrandbruecke;Hier finden Sie Informationen zu dem Thema „Transport“. Lesen Sie jetzt „CDU-Beschwerde wegen Senatsantwort zur Köhlbrandbrücke“.;Transport;News, Transport, Antonia Goldner, Carola Veit, CDU, SPD, Senatsantwort, Transport;2026-08-22T06:00:06+02:00;2026-08-22T06:00:06+02:00;;dpa Hamburg/Schleswig-Holstein;false
f98cf05ed2dcdd30caba504c530195779e2867af69c1a422b3f6c4c188fde00e;Minister zeigt Solidarität bei CSD in Königs Wusterhausen;https://www.zeit.de/news/2026-08/22/minister-zeigt-solidaritaet-bei-csd-in-koenigs-wusterhausen;Hier finden Sie Informationen zu dem Thema „Demonstration für Vielfalt“. Lesen Sie jetzt „Minister zeigt Solidarität bei CSD in Königs Wusterhausen“.;Demonstration für Vielfalt;News, Demonstration für Vielfalt, Jan Redmann, Königs Wusterhausen, Berlin, Brandenburg, Ludwigsfelde, Polizei, CDU, Christopher Street Day, Solidarität, Vielfalt;2026-08-22T06:00:04+02:00;2026-08-22T06:00:04+02:00;;dpa Berlin/Brandenburg;false
c71cd4a873d621ecc8bf58d0d0ef456c97203a2336bed6243a6e25a847894a1d;Verdienstlücke zwischen Deutschen und Ausländern bleibt groß;https://www.zeit.de/news/2026-08/22/verdienstluecke-zwischen-deutschen-und-auslaendern-bleibt-gross;Hier finden Sie Informationen zu dem Thema „Arbeitsmarkt“. Lesen Sie jetzt „Verdienstlücke zwischen Deutschen und Ausländern bleibt groß“.;Arbeitsmarkt;News, Arbeitsmarkt, Löhne, Bundesarbeitsministerium, Alternative für Deutschland, Deutscher Bundestag, Bundesregierung, Verdienstlücke, Verdienstabstand;2026-08-22T05:55:04+02:00;2026-08-22T05:55:04+02:00;;dpa;false
3a09c782cd528405c4013bbbb81a09b5096333b91ace914084eee2e473a0204e;Rhein-Fähren nehmen Betrieb wieder auf;https://www.zeit.de/mobilitaet/2026-08/rhein-faehren-niedrigwasser-pegel-duesseldorf-zons-kaub-gxe;Wochenlang saßen sie buchstäblich auf dem Trockenen, doch jetzt können viele Fähren auf dem Rhein wieder fahren. Die Pegel sind aber weiterhin sehr niedrig.;Niedrigwasser;Mobilitaet, Niedrigwasser, Rhein, Düsseldorf, Köln, Rheinland-Pfalz, Schifffahrt;2026-08-22T05:54:11+02:00;2026-08-22T05:54:11+02:00;htg;DIE ZEIT,        dpa,        							htg;false
48e5e3a17b920eb6493aede2f86fbb80f6c757a74013541f522a0a502d77ce81;A8 nach Lasterunfall wieder frei;https://www.zeit.de/news/2026-08/22/a8-nach-lasterunfall-wieder-frei;Hier finden Sie Informationen zu dem Thema „Stundenlange Sperrung“. Lesen Sie jetzt „A8 nach Lasterunfall wieder frei“.;Stundenlange Sperrung;News, Stundenlange Sperrung, Irschenberg, Lasterunfall, Sperrung;2026-08-22T05:52:45+02:00;2026-08-22T05:52:45+02:00;;dpa Bayern;false
9bbd2fb89bd5f153aaefe6a66ac95a0e32f6acf54407e8e38a5543eabc6fc898;«Bundesliga anderes Kaliber»: Götze mahnt nach 11:0;https://www.zeit.de/news/2026-08/22/bundesliga-anderes-kaliber-goetze-mahnt-nach-11-0;Hier finden Sie Informationen zu dem Thema „DFB-Pokal“. Lesen Sie jetzt „«Bundesliga anderes Kaliber»: Götze mahnt nach 11:0“.;DFB-Pokal;News, DFB-Pokal, Mario Götze, Frankfurt, Deutscher Fußball-Bund, Bundesliga, Kaliber, Pokalrunde, Erfolg;2026-08-22T05:45:04+02:00;2026-08-22T05:45:04+02:00;;dpa Hessen;false
9997b45feacb18f93704cab998c3f297d231198269001520c6231efae896c785;Unfälle nach Starkregen auf A5 – Autofahrer schwer verletzt;https://www.zeit.de/news/2026-08/22/unfaelle-nach-starkregen-auf-a5-autofahrer-schwer-verletzt;Hier finden Sie Informationen zu dem Thema „Wetter und Verkehr“. Lesen Sie jetzt „Unfälle nach Starkregen auf A5 – Autofahrer schwer verletzt“.;Wetter und Verkehr;News, Wetter und Verkehr, Appenweier, Achern, Ortenaukreis, Polizei, Unfall, Verkehr, Starkregen, Wetter, Auto;2026-08-22T05:37:22+02:00;2026-08-22T05:37:22+02:00;;dpa Baden-Württemberg;false
8a1ea45759e157ed51799ffb74f3c61fa78b45f2d98436a96c0f9e46b842c917;Die Zukunft war uns in Deutschland immer schon zu teuer;https://www.zeit.de/feuilleton/2026-08/schwaebische-alb-waldbrand-hitzewelle-klimawandel-zukunft;Verkohlte Wälder, tote Tiere, totes Land. Das ist der deutsche Südwesten im Spätsommer 2026. Wer hier unterwegs ist, spürt: In diesem Land brennt mehr als nur der Wald.;"Z+ (abopflichtiger Inhalt);
        
    Schwäbische Alb";Feuilleton, Schwäbische Alb, Waldbrand, Klimawandel, Hitzewelle, Brand, CDU, Alternative für Deutschland;2026-08-22T05:34:03+02:00;2026-08-22T05:34:03+02:00;Wolfgang Bauer;;false
1efc4fafe1d6e93ab291e040c29511ea76f18ecbab3b6ea144e0c3ec790b57d0;US-Gericht kippt Erteilungsstopp für Einwanderungsvisa;https://www.zeit.de/politik/ausland/2026-08/us-einwanderungsvisa-stopp-marco-rubio-gericht-gxe;Die US-Regierung wollte für Menschen aus 75 Ländern pauschal keine Einwanderungsvisa mehr ausstellen. Ein Gericht in New York hat das jetzt für rechtswidrig erklärt.;USA;Politik, USA, USA, New York, Einwanderung, Marco Rubio, Donald Trump;2026-08-22T05:27:15+02:00;2026-08-22T05:27:15+02:00;htg;DIE ZEIT,        Reuters,        							htg;false
4cef9373688950d81e2cfa1d84d2b8219c6b0bc90d0bef815023400281be72e2;Links und katholisch – wie passt das zusammen?;https://www.zeit.de/politik/ausland/2026-08/andy-burnham-katholizismus-christentum-politik-grossbritannien;Links und katholisch – wie passt das zusammen? Sehr gut, wie der britische Premier Andy Burnham zeigt. Er ist gerade dabei, einen größeren Kampf aufzunehmen;"Z+ (abopflichtiger Inhalt);
        
    Andy Burnham";Politik, Andy Burnham, Andy Burnham, Boris Johnson, Großbritannien, Labourpartei, Katholische Kirche, Premierminister;2026-08-22T05:26:19+02:00;2026-08-22T05:26:19+02:00;Robert Pausch;;false
ecc5d858c6feb7a2cfd556a8d0de73651c30513cff910f900f40daef9e6c4ee8;Ihre harte Schule;https://www.zeit.de/2026/36/neos-oessterreich-regierungsbeteiligung-beate-meinl-dreierkoalition;Erst Liebkind, jetzt Regierungspartei: Wie die Neos an Unbeschwertheit verlieren und Beate Meinl-Reisinger unter Druck gerät.;"Z+ (abopflichtiger Inhalt);
        
    Neos in Österreich";Politik, Neos in Österreich, Österreich, ORF, ÖVP, FDP;2026-08-22T05:24:30+02:00;2026-08-22T05:24:30+02:00;Florian GasserKatharina Mittelstaedt;Aus der        ZEIT Nr. 36/2026;false
0766ed438e2745a8a9ad6a37b47e53d3afb9c04b68b944a902288974d98beab4;Diese Frage beschäftigt Handball-Bundestrainer Gislason;https://www.zeit.de/news/2026-08/22/diese-frage-beschaeftigt-handball-bundestrainer-gislason;Hier finden Sie Informationen zu dem Thema „Heim-WM 2027“. Lesen Sie jetzt „Diese Frage beschäftigt Handball-Bundestrainer Gislason“.;Heim-WM 2027;News, Heim-WM 2027, Alfred Gislason, Dänemark, Handball-Bundesliga, Supercup, Bundestrainer, Finale, Streaming;2026-08-22T05:22:04+02:00;2026-08-22T05:22:04+02:00;;dpa Bayern;false
e099f470c9f9011df27fc2aee38f13840f50efa23836f1b975863882c77608d7;Rolemodel: Nonne;https://www.zeit.de/feuilleton/2026-08/italien-ligurien-spotorno-strandbad-nonnen-streit;Eine italienische Gemeinde will Ordensschwestern verbieten, eine Strandbar zu betreiben. Dabei können wir von ihnen lernen, wie man die weltliche Ordnung am besten stört.;"Z+ (abopflichtiger Inhalt);
        
    Italien";Feuilleton, Italien, Italien, Kirche, Europäische Union, Katholische Kirche;2026-08-22T05:18:05+02:00;2026-08-22T05:18:05+02:00;Raoul Löbbert;;false
2774b657295e10cc9fe0f6af1912b1d3b0de996e9c16356608210685f965a299;»Wer hohe Abfindungen will, darf nicht nett sein«;https://www.zeit.de/2026/36/abfindung-kuendigung-betriebsrat-sozialplan-verhandlung-hoehe;Der Anwalt Michael Fuhltrott berät bei Kündigungen. Hier erklärt er, wie man in diesem besonderen Pokerspiel gewinnt. Und wann man besser aufhören sollte, zu zocken.;"Z+ (abopflichtiger Inhalt);
        
    Abfindung bei einer Kündigung";Wirtschaft, Abfindung bei einer Kündigung, Abfindung, Kündigung, Betriebsrat, Arbeitsmarkt;2026-08-22T05:17:30+02:00;2026-08-22T05:17:30+02:00;Clara Suchy;Aus der        ZEIT Nr. 36/2026;false
d383a811eef423fd32e07cd87b1030a485462dabff75056bf311da01c641663c;85 Verletzte nach Ausschreitungen in Mannheim;https://www.zeit.de/sport/2026-08/dfb-pokal-erste-runde-frankfurt-toenis-karlsruhe-muenster-gxe;Pyro, Platzsturm und Pferdestaffeln: Beim Derby Mannheim gegen Kaiserslautern kam es zu Ausschreitungen. Stuttgart wird der Favoritenrolle gerecht. Die Spielberichte;DFB-Pokal, 1. Runde;Sport, DFB-Pokal, 1. Runde, Fußball, DFB-Pokal, 1. FC Kaiserslautern, VfB Stuttgart, Mannheim, Eintracht Frankfurt, Deutscher Fußball-Bund;2026-08-22T05:13:02+02:00;2026-08-22T05:13:02+02:00;ljk;DIE ZEIT,        dpa,        SID,        							ljk;false
8f8991117e7faece10b4e8d9ca1925b2ac807184e5037d79aaed17ec1245e7fe;Nach Pokalspiel: Stuttgart-Trainer wünscht Hansa Aufstieg;https://www.zeit.de/news/2026-08/22/nach-pokalspiel-stuttgart-trainer-wuenscht-hansa-aufstieg;Hier finden Sie Informationen zu dem Thema „Rostocker verlieren 0:4“. Lesen Sie jetzt „Nach Pokalspiel: Stuttgart-Trainer wünscht Hansa Aufstieg“.;Rostocker verlieren 0:4;News, Rostocker verlieren 0:4, Sebastian Hoeneß, Stuttgart, Deutscher Fußball-Bund, Hansa Rostock, VfB Stuttgart, Fußball-Bundesliga, Pokalspiel, Aufstieg;2026-08-22T05:05:05+02:00;2026-08-22T05:05:05+02:00;;dpa Mecklenburg-Vorpommern;false
959c0d42e095c560fdfdbb452f28938fe3f8234c47f6482140306a91b4bef116;Interesse am Festnetz-Telefon sinkt weiter;https://www.zeit.de/news/2026-08/22/interesse-am-festnetz-telefon-sinkt-weiter;Hier finden Sie Informationen zu dem Thema „Mobilfunk ist im Aufwind“. Lesen Sie jetzt „Interesse am Festnetz-Telefon sinkt weiter“.;Mobilfunk ist im Aufwind;News, Mobilfunk ist im Aufwind, Verivox, Vergleichsportal, Mobilfunk;2026-08-22T05:05:04+02:00;2026-08-22T05:05:04+02:00;;dpa;false
6e28f3443ee78a02bcd2d914a4ed4410332306e4784b6e5f93ab3f1660c0b010;Für Bücherwürmer in spe: Programm soll Lesekompetenz fördern;https://www.zeit.de/news/2026-08/22/fuer-buecherwuermer-in-spe-programm-soll-lesekompetenz-foerdern;Hier finden Sie Informationen zu dem Thema „Lesenlernen“. Lesen Sie jetzt „Für Bücherwürmer in spe: Programm soll Lesekompetenz fördern“.;Lesenlernen;News, Lesenlernen, Thüringen, Bildungsministerium, Lesekompetenz, Lesenlernen, Bücherkoffer, Schuljahr, Grundschule;2026-08-22T05:00:06+02:00;2026-08-22T05:00:06+02:00;;dpa Thüringen;false
9d9e42d3db13ee180ccfbc91dff31e4d17cf6feebf55ce4f20d9dc8f5adc70f4;Tausende Wahlhelfer am 20. September in MV im Einsatz;https://www.zeit.de/news/2026-08/22/tausende-wahlhelfer-am-20-september-in-mv-im-einsatz;Hier finden Sie Informationen zu dem Thema „Landtagswahl“. Lesen Sie jetzt „Tausende Wahlhelfer am 20. September in MV im Einsatz“.;Landtagswahl;News, Landtagswahl, Schwerin, Landtagswahl, Wahllokal, Wahlberechtigung;2026-08-22T05:00:05+02:00;2026-08-22T05:00:05+02:00;;dpa Mecklenburg-Vorpommern;false
dbd604503f608507251f314ff281ab043d1b3421859ceb640644b6f073ad1731;Wohnungssuche für Studierende in NRW bleibt Herausforderung;https://www.zeit.de/news/2026-08/22/wohnungssuche-fuer-studierende-in-nrw-bleibt-herausforderung;Hier finden Sie Informationen zu dem Thema „Trotz weniger Abiturienten“. Lesen Sie jetzt „Wohnungssuche für Studierende in NRW bleibt Herausforderung“.;Trotz weniger Abiturienten;News, Trotz weniger Abiturienten, Klaus Wilsberg, Achim Landgraf, Pia Nehring, NRW, Nordrhein-Westfalen, Köln, Münster, Aachen, Bochum, Deutsche Presse-Agentur;2026-08-22T04:30:07+02:00;2026-08-22T04:30:07+02:00;;dpa Nordrhein-Westfalen;false
c86bad2739f8a9cbfcacadda4922e8e7a41e104d2e6a6eb2b7d8231264712034;FDP fordert schnelleres Handeln bei Drohnenabwehr;https://www.zeit.de/news/2026-08/22/fdp-fordert-schnelleres-handeln-bei-drohnenabwehr;Hier finden Sie Informationen zu dem Thema „Kritische Infrastruktur“. Lesen Sie jetzt „FDP fordert schnelleres Handeln bei Drohnenabwehr“.;Kritische Infrastruktur;News, Kritische Infrastruktur, Christopher Vogt, Schleswig-Holstein, Flughafen Leipzig/Halle, FDP, Drohnenabwehr, Infrastruktur, Drohne, Sicherheit;2026-08-22T04:30:06+02:00;2026-08-22T04:30:06+02:00;;dpa Hamburg/Schleswig-Holstein;false
4f578500ff7b18f548ee005d317bbbcacf1f90baf5ecdac20a4aaafbf53c081a;USA knüpfen Zahlung von UN-Schulden an Bedingungen;https://www.zeit.de/politik/ausland/2026-08/usa-vereinte-nationen-uno-beitrag-schulden;Die USA wollen einen Teil ihrer Beitragsschulden bei den Vereinten Nationen bezahlen. Allerdings nur, wenn die Organisation den Forderungen der US-Regierung nachkommt.;Beitragsschulden;Politik, Beitragsschulden, USA, UN, Schulden, Donald Trump;2026-08-22T04:17:30+02:00;2026-08-22T04:17:30+02:00;htg;DIE ZEIT,        Reuters,        							htg;false
1843fc0641b9fe5efe4f4f3fea19ab14cd200128553984bb00e538ac2bce6f63;Hier kommen Kürbisfans auf ihre Kosten;https://www.zeit.de/news/2026-08/22/hier-kommen-kuerbisfans-auf-ihre-kosten;Hier finden Sie Informationen zu dem Thema „Ausstellung in Ludwigsburg“. Lesen Sie jetzt „Hier kommen Kürbisfans auf ihre Kosten“.;Ausstellung in Ludwigsburg;News, Ausstellung in Ludwigsburg, Ludwigsburg, Kürbis, Kürbisausstellung;2026-08-22T04:00:31+02:00;2026-08-22T04:00:31+02:00;;dpa Baden-Württemberg;false
d67a4c2381ed9ba8c5fc843b90c9618ce33349eacca767e33ef8f3f5d51c11c4;Fast totale Mondfinsternis - aber was kann man sehen?;https://www.zeit.de/news/2026-08/22/fast-totale-mondfinsternis-aber-was-kann-man-sehen;Hier finden Sie Informationen zu dem Thema „Schauspiel am Himmel“. Lesen Sie jetzt „Fast totale Mondfinsternis - aber was kann man sehen?“.;Schauspiel am Himmel;News, Schauspiel am Himmel, Uwe Pilz, Bensheim, Deutsche Presse-Agentur, Mondfinsternis, Schauspiel, Sternschnuppe, Sonnenfinsternis;2026-08-22T04:00:27+02:00;2026-08-22T04:00:27+02:00;;dpa;false
39357a9fe56a85c4a20d9530a9fd870432cd8b60a863569c767a6cbc4c20df09;Ebola-Ausbruch nach 100 Tagen weiter nicht unter Kontrolle;https://www.zeit.de/news/2026-08/22/ebola-ausbruch-nach-100-tagen-weiter-nicht-unter-kontrolle;Hier finden Sie Informationen zu dem Thema „Ebola im Kongo“. Lesen Sie jetzt „Ebola-Ausbruch nach 100 Tagen weiter nicht unter Kontrolle“.;Ebola im Kongo;News, Ebola im Kongo, Maximilian Gertler, Tedros Adhanom, Kongo, Westafrika, Ituri, Tshopo, Weltgesundheitsorganisation, WHO, Charité, Ärzte ohne Grenzen;2026-08-22T04:00:26+02:00;2026-08-22T04:00:26+02:00;;dpa;false
d474a3d6eed3b6e51ec6121f604c35283ddaf4848473a6c4fba8e2e78f666af1;Trockenheit bremst Pilzsaison im Norden aus;https://www.zeit.de/news/2026-08/22/trockenheit-bremst-pilzsaison-im-norden-aus;Hier finden Sie Informationen zu dem Thema „Saisonstart“. Lesen Sie jetzt „Trockenheit bremst Pilzsaison im Norden aus“.;Saisonstart;News, Saisonstart, Jonas Frank, Linus Koch, Hamburg, Schleswig-Holstein, Rendsburg, Pilzsaison, Trockenheit, Saisonstart, Pilz, Naturfreund;2026-08-22T04:00:22+02:00;2026-08-22T04:00:22+02:00;;dpa Hamburg/Schleswig-Holstein;false
d8fa352dbdf4e716ea4555bc77e56f81df1dab7b55be3a5bb9687124d2eae399;Pilzsaison bleibt bislang aus - so ist die Prognose;https://www.zeit.de/news/2026-08/22/pilzsaison-bleibt-bislang-aus-so-ist-die-prognose;Hier finden Sie Informationen zu dem Thema „Warten auf Regen“. Lesen Sie jetzt „Pilzsaison bleibt bislang aus - so ist die Prognose“.;Warten auf Regen;News, Warten auf Regen, Thomas Lehr, Alex Maier, Hofheim am Taunus, Rhein-Main-Gebiet, Pilzsaison, Körbchen, Pfifferling, Trockenheit, Prognose, Herbst;2026-08-22T04:00:21+02:00;2026-08-22T04:00:21+02:00;;dpa Hessen;false
7a22ee3859b92d0c5e263f32704ad346391c11eb6cf70ab39d09c0e306533a39;Rund 5.000 Abweichungen von 12-Uhr-Regel an Tankstellen;https://www.zeit.de/news/2026-08/22/rund-5-000-abweichungen-von-12-uhr-regel-an-tankstellen;Hier finden Sie Informationen zu dem Thema „12-Uhr-Regel an Tankstellen“. Lesen Sie jetzt „Rund 5.000 Abweichungen von 12-Uhr-Regel an Tankstellen“.;12-Uhr-Regel an Tankstellen;News, 12-Uhr-Regel an Tankstellen, Sachsen, BMWi, Abweichung, Tankstelle;2026-08-22T04:00:21+02:00;2026-08-22T04:00:21+02:00;;dpa Sachsen;false
b5ee7ed074149ca7538e9cec3465c670e9ff220ce052e209831f26bb0e06d1a3;Pilzsaison startet später – Experte gibt Tipps zum Sammeln;https://www.zeit.de/news/2026-08/22/pilzsaison-startet-spaeter-experte-gibt-tipps-zum-sammeln;Hier finden Sie Informationen zu dem Thema „Saisonstart“. Lesen Sie jetzt „Pilzsaison startet später – Experte gibt Tipps zum Sammeln“.;Saisonstart;News, Saisonstart, Robert Sprunk, Rostock, Mecklenburg-Vorpommern, Pilzsaison, Saisonstart, Pilz, Hauptsaison, Naturfreund, Wald, Herbst;2026-08-22T04:00:19+02:00;2026-08-22T04:00:19+02:00;;dpa Mecklenburg-Vorpommern;false
1c470f8611b0c4f217e1f2538e06a5b4528436297dd53bf0ff4366de3cd40e95;Partielle Mondfinsternis: Klarer Himmel und Wecker nötig;https://www.zeit.de/news/2026-08/22/partielle-mondfinsternis-klarer-himmel-und-wecker-noetig;Hier finden Sie Informationen zu dem Thema „Himmelsschauspiel“. Lesen Sie jetzt „Partielle Mondfinsternis: Klarer Himmel und Wecker nötig“.;Himmelsschauspiel;News, Himmelsschauspiel, Carolin Liefke, Heidelberg, Baden-Württemberg, aufstehen, Mondfinsternis, Himmelsschauspiel, Südwesten, Himmelereignis, Sonnenfinsternis;2026-08-22T04:00:17+02:00;2026-08-22T04:00:17+02:00;;dpa Baden-Württemberg;false
2dd1d8be370dba3e0b1f6bae7d361b6bfac7f09f54e988392ad26a33b3109ebf;Pilzsaison droht auszufallen - darauf kommt es jetzt an;https://www.zeit.de/news/2026-08/22/pilzsaison-droht-auszufallen-darauf-kommt-es-jetzt-an;Hier finden Sie Informationen zu dem Thema „Hoffen auf Regen“. Lesen Sie jetzt „Pilzsaison droht auszufallen - darauf kommt es jetzt an“.;Hoffen auf Regen;News, Hoffen auf Regen, Klaus Rödder, Till Panter, Rheinland-Pfalz, Pilzsaison, Trockenheit, Wetter;2026-08-22T04:00:16+02:00;2026-08-22T04:00:16+02:00;;dpa Rheinland-Pfalz/Saarland;false
96964b37adae073a9fc428cd716f11542d93941b8b81eb3b296e5483256ebd88;Einen Monat vor Wahl: Umfrage sieht Linke in Berlin vorne;https://www.zeit.de/news/2026-08/22/einen-monat-vor-wahl-umfrage-sieht-linke-in-berlin-vorne;Hier finden Sie Informationen zu dem Thema „Wahl zum Abgeordnetenhaus“. Lesen Sie jetzt „Einen Monat vor Wahl: Umfrage sieht Linke in Berlin vorne“.;Wahl zum Abgeordnetenhaus;News, Wahl zum Abgeordnetenhaus, Elif Eralp, Berlin, Die Linke, Forsa, T-Online, CDU, Alternative für Deutschland, Bündnis 90/Die Grünen, SPD, Umfrage;2026-08-22T04:00:15+02:00;2026-08-22T04:00:15+02:00;;dpa Berlin/Brandenburg;false
e2eabc612aadec119f31a7961f1f80354dabaaee98eda21324fb2c9d8118b9b5;Frankfurter Familien radeln für sichere Straßen;https://www.zeit.de/news/2026-08/22/frankfurter-familien-radeln-fuer-sichere-strassen;Hier finden Sie Informationen zu dem Thema „Schulweg kann gefährlich sein“. Lesen Sie jetzt „Frankfurter Familien radeln für sichere Straßen“.;Schulweg kann gefährlich sein;News, Schulweg kann gefährlich sein, Torsten Willner, Frankfurt, ADFC, Statistisches Bundesamt, Schulweg, Familie, Sicherheit, Fahrrad;2026-08-22T04:00:14+02:00;2026-08-22T04:00:14+02:00;;dpa Hessen;false
bb738d3758d4de2513a0b9ccba9a4b2420a75ea89b7c5113990c58fd3e614b9d;Angriff wegen Israel-Anstecker? Verdächtiger in Klinik;https://www.zeit.de/news/2026-08/22/angriff-wegen-israel-anstecker-verdaechtiger-in-klinik;Hier finden Sie Informationen zu dem Thema „Kriminalität“. Lesen Sie jetzt „Angriff wegen Israel-Anstecker? Verdächtiger in Klinik“.;Kriminalität;News, Kriminalität, Unterfranken, München, Würzburg, Baden-Württemberg, Main-Tauber-Kreis, Angriff, Bezirkskrankenhaus, Generalstaatsanwaltschaft;2026-08-22T04:00:12+02:00;2026-08-22T04:00:12+02:00;;dpa Baden-Württemberg;false
a8d489e82fc6bfcc12be7d4b6b96c81a11d9fc282c460df595f84a46702af35a;Gewalt im Freibad: Eine erste Bilanz der Saison;https://www.zeit.de/news/2026-08/22/gewalt-im-freibad-eine-erste-bilanz-der-saison;Hier finden Sie Informationen zu dem Thema „Rheinland-Pfalz“. Lesen Sie jetzt „Gewalt im Freibad: Eine erste Bilanz der Saison“.;Rheinland-Pfalz;News, Rheinland-Pfalz, Rheinland-Pfalz, Polizei, LKA, Deutsche Presse-Agentur, Freibad, Freibadsaison, Badeanstalten, sexuelle Belästigung, Bargeld, Körperverletzung;2026-08-22T04:00:08+02:00;2026-08-22T04:00:08+02:00;;dpa Rheinland-Pfalz/Saarland;false
ac6a5b3d6cc625bc46cd38dbc7b00fcd593c3b1ba409bacfc524f902b973396e;Expertin: Keine leeren Regale trotz geringer Ernte;https://www.zeit.de/news/2026-08/22/expertin-keine-leeren-regale-trotz-geringer-ernte;Hier finden Sie Informationen zu dem Thema „Nach schlechter Erntebilanz“. Lesen Sie jetzt „Expertin: Keine leeren Regale trotz geringer Ernte“.;Nach schlechter Erntebilanz;News, Nach schlechter Erntebilanz, Judith Dittrich, AMI, Deutscher Bauernverband, Deutsche Presse-Agentur, Brot, Ernte, Erntebilanz, Hitze, Wetter, Backwaren;2026-08-22T04:00:07+02:00;2026-08-22T04:00:07+02:00;;dpa;false
c19ea6ff65fd88c24edf2a6b2b5c04f9952134caa7d3d1ba25fb688bc0e66376;Gestank in beliebter Bodensee-Stadt gibt Rätsel auf;https://www.zeit.de/news/2026-08/22/gestank-in-beliebter-bodensee-stadt-gibt-raetsel-auf;Hier finden Sie Informationen zu dem Thema „Bürger beschweren sich“. Lesen Sie jetzt „Gestank in beliebter Bodensee-Stadt gibt Rätsel auf“.;Bürger beschweren sich;News, Bürger beschweren sich, Friedrichshafen, Bodensee, Gestank, Rätsel;2026-08-22T04:00:06+02:00;2026-08-22T04:00:06+02:00;;dpa Baden-Württemberg;false
16df77df478ba7b9d8da4cb0485141d116fa587e66e708755246a475a7e37cdb;Ausreichend Freiwillige für Wahl am 6. September gefunden;https://www.zeit.de/news/2026-08/22/ausreichend-freiwillige-fuer-wahl-am-6-september-gefunden;Hier finden Sie Informationen zu dem Thema „Landtagswahl Sachsen-Anhalt“. Lesen Sie jetzt „Ausreichend Freiwillige für Wahl am 6. September gefunden“.;Landtagswahl Sachsen-Anhalt;News, Landtagswahl Sachsen-Anhalt, Magdeburg, Sachsen-Anhalt, Landtagswahl, Landtagswahl in Sachsen, Landeswahlleitung;2026-08-22T04:00:05+02:00;2026-08-22T04:00:05+02:00;;dpa Sachsen;false
ca768e65dd55de856bb65610221b0db28598f1cb109e1b4279d2379def8f37fb;Bayerns BSW-Chef: AfD zur Macht zu verhelfen «nicht denkbar»;https://www.zeit.de/news/2026-08/22/bayerns-bsw-chef-afd-zur-macht-zu-verhelfen-nicht-denkbar;Hier finden Sie Informationen zu dem Thema „Streit im BSW“. Lesen Sie jetzt „Bayerns BSW-Chef: AfD zur Macht zu verhelfen «nicht denkbar»“.;Streit im BSW;News, Streit im BSW, Klaus Ernst, Sahra Wagenknecht, Bayern, Thüringen, Sachsen-Anhalt, Bündnis Sahra Wagenknecht, Alternative für Deutschland, Deutsche Presse-Agentur, CDU, Duldung;2026-08-22T04:00:04+02:00;2026-08-22T04:00:04+02:00;;dpa Bayern;false
24d2c600a5ba8251b2e434e30850342aae523e6f07e3306382274d5dd948a833;Staatsmodernisierung: Wo Bürokratie abgebaut werden soll;https://www.zeit.de/news/2026-08/22/staatsmodernisierung-wo-buerokratie-abgebaut-werden-soll;Hier finden Sie Informationen zu dem Thema „Mail statt beglaubigter Kopie“. Lesen Sie jetzt „Staatsmodernisierung: Wo Bürokratie abgebaut werden soll“.;Mail statt beglaubigter Kopie;News, Mail statt beglaubigter Kopie, Doris Ahnen, SPD, Deutsche Presse-Agentur, Staatsmodernisierung, Bürokratie, Koalitionsvertrag;2026-08-22T03:30:13+02:00;2026-08-22T03:30:13+02:00;;dpa Rheinland-Pfalz/Saarland;false
424e5868530185aec0c5a14701413e23c9ad0dba1ad460be8f1dac359fef8e2b;Hertha und Cottbus starten im DFB-Pokal;https://www.zeit.de/news/2026-08/22/hertha-und-cottbus-starten-im-dfb-pokal;Hier finden Sie Informationen zu dem Thema „DFB-Pokal“. Lesen Sie jetzt „Hertha und Cottbus starten im DFB-Pokal“.;DFB-Pokal;News, DFB-Pokal, Cottbus, Hertha BSC, Deutscher Fußball-Bund, Hertha BSC Berlin, Energie Cottbus;2026-08-22T03:30:11+02:00;2026-08-22T03:30:11+02:00;;dpa Berlin/Brandenburg;false
c3f5ad0c5343b270a3d33f1ffc678b229eb45740005383f49c553632152a2a53;Voigt bewirbt sich erneut als Thüringer CDU-Chef;https://www.zeit.de/news/2026-08/22/voigt-bewirbt-sich-erneut-als-thueringer-cdu-chef;Hier finden Sie Informationen zu dem Thema „Personalien CDU“. Lesen Sie jetzt „Voigt bewirbt sich erneut als Thüringer CDU-Chef“.;Personalien CDU;News, Personalien CDU, Mario Voigt, Thüringen, CDU, Abstimmung, Landesparteitag;2026-08-22T03:30:11+02:00;2026-08-22T03:30:11+02:00;;dpa Thüringen;false
34e506235856d861214a7aea90b042e46fb344d28dec181a70c3ca117d864509;Pflichtspieldebüt für RB-Trainer Demichelis;https://www.zeit.de/news/2026-08/22/pflichtspieldebuet-fuer-rb-trainer-demichelis;Hier finden Sie Informationen zu dem Thema „DFB-Pokal“. Lesen Sie jetzt „Pflichtspieldebüt für RB-Trainer Demichelis“.;DFB-Pokal;News, DFB-Pokal, Martín Demichelis, Deutscher Fußball-Bund, RB Leipzig, Eintracht Trier, Pflichtspiel, Pflichtspieldebüt;2026-08-22T03:30:06+02:00;2026-08-22T03:30:06+02:00;;dpa Sachsen;false
08887a7717f13f9dc7842f28c73912b76d5baf76e8f76b530f57a9174cb6e958;Los geht's: Sechs bayerische Clubs im DFB-Pokal;https://www.zeit.de/news/2026-08/22/los-geht-s-sechs-bayerische-clubs-im-dfb-pokal;Hier finden Sie Informationen zu dem Thema „Fußball“. Lesen Sie jetzt „Los geht's: Sechs bayerische Clubs im DFB-Pokal“.;Fußball;News, Fußball, Deutscher Fußball-Bund, FC Bayern München, TSV 1860 München, Fußball;2026-08-22T03:30:04+02:00;2026-08-22T03:30:04+02:00;;dpa Bayern;false
f80fa09f537a0502eb6acbe481283a2e043bc78be8928ad46bc938a29283ca74;Apple beziffert Steuerzahlungen in Deutschland und Europa;https://www.zeit.de/news/2026-08/22/apple-beziffert-steuerzahlungen-in-deutschland-und-europa;Hier finden Sie Informationen zu dem Thema „iPhone-Konzern“. Lesen Sie jetzt „Apple beziffert Steuerzahlungen in Deutschland und Europa“.;iPhone-Konzern;News, iPhone-Konzern, Europa, Irland, Apple, EU, EuGH, Europäische Union, iPhone, Steuerzahlung, Transparenzvorschrift, Steuerbericht;2026-08-22T03:00:07+02:00;2026-08-22T03:00:07+02:00;;dpa;false
ca9d745bc83670c17541ea7b3f2a1ecdce664f1d77b5440365088b0809884d07;Autofahrer stirbt nach Zusammenstoß mit geparktem Wagen;https://www.zeit.de/news/2026-08/22/autofahrer-stirbt-nach-zusammenstoss-mit-geparktem-wagen;Hier finden Sie Informationen zu dem Thema „Verkehrsunfall“. Lesen Sie jetzt „Autofahrer stirbt nach Zusammenstoß mit geparktem Wagen“.;Verkehrsunfall;News, Verkehrsunfall, Polizei, Zusammenstoß, Verkehrsunfall, Auto;2026-08-22T02:13:24+02:00;2026-08-22T02:13:24+02:00;;dpa Bayern;false
f6c8f862dd97509dce688bf66d949d0b0aa1362438517f0607df4f9c8a53b361;Bischof Feige: «Nicht aus dem Bauch heraus ins Blaue wählen»;https://www.zeit.de/news/2026-08/22/bischof-feige-nicht-aus-dem-bauch-heraus-ins-blaue-waehlen;Hier finden Sie Informationen zu dem Thema „Landtagswahl Sachsen-Anhalt“. Lesen Sie jetzt „Bischof Feige: «Nicht aus dem Bauch heraus ins Blaue wählen»“.;Landtagswahl Sachsen-Anhalt;News, Landtagswahl Sachsen-Anhalt, Gerhard Feige, Magdeburg, Sachsen-Anhalt, Alternative für Deutschland, Landtagswahl;2026-08-22T02:01:04+02:00;2026-08-22T02:01:04+02:00;;dpa Sachsen;false
c37c7979c22fec800fd88a4370eab184210947c9ee191166a40e9c59bfb9329e;Tödlicher Motorradunfall im Odenwald;https://www.zeit.de/news/2026-08/22/toedlicher-motorradunfall-im-odenwald;Hier finden Sie Informationen zu dem Thema „Hubschraubereinsatz“. Lesen Sie jetzt „Tödlicher Motorradunfall im Odenwald“.;Hubschraubereinsatz;News, Hubschraubereinsatz, Odenwald, Motorradunfall, Hubschraubereinsatz, Unfall, Hubschrauber;2026-08-22T01:54:53+02:00;2026-08-22T01:54:53+02:00;;dpa Hessen;false
c8ba4322e8e68cb38ca91054f7634fda387f22fdb15d5cbb9c8c4e3442cfd7a1;Kind stirbt bei E-Scooter-Unfall;https://www.zeit.de/news/2026-08/22/kind-stirbt-bei-e-scooter-unfall;Hier finden Sie Informationen zu dem Thema „Wetteraukreis“. Lesen Sie jetzt „Kind stirbt bei E-Scooter-Unfall“.;Wetteraukreis;News, Wetteraukreis, Wetteraukreis, Unfall, E-Scooter;2026-08-22T01:45:38+02:00;2026-08-22T01:45:38+02:00;;dpa Hessen;false
2988925d79ed9e6a8fc23001db7b8374ee29283278294a0acac8e75e5a1d2a18;Wagenknecht über Siegmund: «Neuer Hitler ist er nicht»;https://www.zeit.de/news/2026-08/22/wagenknecht-ueber-siegmund-neuer-hitler-ist-er-nicht;Hier finden Sie Informationen zu dem Thema „Landtagswahl“. Lesen Sie jetzt „Wagenknecht über Siegmund: «Neuer Hitler ist er nicht»“.;Landtagswahl;News, Landtagswahl, Sahra Wagenknecht, Ulrich Siegmund, Friedrich Merz, DDR, Sachsen-Anhalt, Bündnis Sahra Wagenknecht, Alternative für Deutschland, Funke Mediengruppe, CDU, Landtagswahl;2026-08-22T01:04:04+02:00;2026-08-22T01:04:04+02:00;;dpa Sachsen;false
f7efd5d6425a817628569a34e580e87f0c99610684ee25275da285552817456e;TikTok zahlt wegen Datenschutzklage 400 Millionen Dollar in den USA;https://www.zeit.de/digital/2026-08/tiktok-kinderdatenschutz-usa-klage-bussgeld-unter-13;TikTok soll in den USA Daten von Kindern unter 13 Jahren gesammelt haben. Eine Klage hat das Unternehmen nun durch eine hohe Zahlung beigelegt.;Kinderdatenschutz;Digital, Kinderdatenschutz, TikTok, Gerichtsverfahren, Justizministerium der Vereinigten Staaten, Jugendschutz, Soziale Medien, USA;2026-08-22T01:00:02+02:00;2026-08-22T01:00:02+02:00;htg;DIE ZEIT,        dpa,        Reuters,        							htg;false
f43afb288a97f1fe49c975590e15bfe4da10c0d5d7d21022147b7bac7f3df230;Hubig spricht sich für Schutz queerer Menschen im Grundgesetz aus;https://www.zeit.de/politik/deutschland/2026-08/art-3-grundgesetz-diskriminierung-sexuelle-identitaet-stefanie-hubig;Die Bundesjustizministerin will das Diskriminierungsverbot im Grundgesetz um sexuelle Identität ergänzen. Die Union sprach sich zuletzt klar dagegen aus.;Diskriminierungsverbot im Grundgesetz;Politik, Diskriminierungsverbot im Grundgesetz, Stefanie Hubig, Christopher Street Day, Berlin, SPD, Grundgesetz;2026-08-22T00:51:33+02:00;2026-08-22T00:51:33+02:00;dar;DIE ZEIT,        dpa,        							dar;false
ed835731223c4b64803792aa032eb4ae9d268c996776d8ef5e20ac7aad2fa727;Mehr als 30.000 Menschen in Europa durch Hitze zusätzlich gestorben;https://www.zeit.de/gesundheit/2026-08/hitzetote-europa-hitzewelle-euromomo-afp;Hitzewellen mit Temperaturen von bis zu 40 Grad haben den Sommer geprägt. Vorläufigen Daten zufolge sind deshalb mindestens 30.000 Menschen mehr gestorben als sonst.;Hitze;Gesundheit, Hitze, Europa, Hitze, Hitzewelle, RKI, Opfer;2026-08-22T00:09:03+02:00;2026-08-22T00:09:03+02:00;dar;DIE ZEIT,        AFP,        							dar;false
eca269a593e604f053357c7e972d4d69b855bbdb9720090ee9d053f119d74fc3;Wohnhaus in Flammen - eine Person verletzt;https://www.zeit.de/news/2026-08/22/wohnhaus-in-flammen-eine-person-verletzt;Hier finden Sie Informationen zu dem Thema „Schaden von einer Million Euro“. Lesen Sie jetzt „Wohnhaus in Flammen - eine Person verletzt“.;Schaden von einer Million Euro;News, Schaden von einer Million Euro, Eberbach, Rhein-Neckar-Kreis, Polizei, Wohnhausbrand;2026-08-22T00:03:26+02:00;2026-08-22T00:03:26+02:00;;dpa Baden-Württemberg;false
4b77b6bd5c2565978d18f1d61b79e844084447468ee4b1c96dc4948c859562c9;Bilder des Tages;https://www.zeit.de/news/2026-08/21/bilder-des-tages;Hier finden Sie Informationen zu dem Thema „Fotografie“. Lesen Sie jetzt „Bilder des Tages“.;Fotografie;News, Fotografie, News;2026-08-22T00:01:37+02:00;2026-08-22T00:01:37+02:00;;dpa;false
d7ea381642e50e7a75a52ba3d58c6dc4785202d629ae399e4670f7648483d3a1;Schutz queerer Menschen: Hubig will Grundgesetz ändern;https://www.zeit.de/news/2026-08/22/schutz-queerer-menschen-hubig-will-grundgesetz-aendern;Hier finden Sie Informationen zu dem Thema „Nach CSD-Anschlag“. Lesen Sie jetzt „Schutz queerer Menschen: Hubig will Grundgesetz ändern“.;Nach CSD-Anschlag;News, Nach CSD-Anschlag, Stefanie Hubig, Berlin, SPD, Rheinische Post, Christopher Street Day, Grundgesetz, Terroranschlag;2026-08-22T00:01:04+02:00;2026-08-22T00:01:04+02:00;;dpa Berlin/Brandenburg;false
9bde829c57322f3b5f09773865b95070f8031f49c1cf3c3e403c2abd27216dd1;Was geschah am 22. August?;https://www.zeit.de/news/2026-08/21/was-geschah-am-22-august;Hier finden Sie Informationen zu dem Thema „Kalenderblatt“. Lesen Sie jetzt „Was geschah am 22. August?“.;Kalenderblatt;News, Kalenderblatt, Margarethe Schreinemakers, Kalenderblatt, Namenstag, Ernährungssicherheit;2026-08-21T23:55:04+02:00;2026-08-21T23:55:04+02:00;;dpa;false
f0bd45d2dc20c2bcf402b19d558f28003b5dd93d59fb1637bf65d58b81607a8f;Chaos im Pokal-Derby: DFB kündigt Aufarbeitung an;https://www.zeit.de/news/2026-08/21/chaos-im-pokal-derby-dfb-kuendigt-aufarbeitung-an;Hier finden Sie Informationen zu dem Thema „Nach Tumulten auf dem Platz“. Lesen Sie jetzt „Chaos im Pokal-Derby: DFB kündigt Aufarbeitung an“.;Nach Tumulten auf dem Platz;News, Nach Tumulten auf dem Platz, Mannheim, Deutscher Fußball-Bund, SV Waldhof Mannheim, 1. FC Kaiserslautern, Polizei, Instagram, Aufarbeitung, Tumult, Ausschreitung;2026-08-21T23:40:33+02:00;2026-08-21T23:40:33+02:00;;dpa Baden-Württemberg;false
20760aa9b4f104a6c761e0a434ac640050695e46c7790c3aea64a2576d9cd2db;400-Millionen-Zahlung: US-Justiz stoppt TikTok-Ermittlungen;https://www.zeit.de/news/2026-08/21/400-millionen-zahlung-us-justiz-stoppt-tiktok-ermittlungen;Hier finden Sie Informationen zu dem Thema „Datenschutz bei Kindern“. Lesen Sie jetzt „400-Millionen-Zahlung: US-Justiz stoppt TikTok-Ermittlungen“.;Datenschutz bei Kindern;News, Datenschutz bei Kindern, USA, Justizministerium der Vereinigten Staaten, Justizministerium, TikTok, Datenschutz;2026-08-21T23:31:29+02:00;2026-08-21T23:31:29+02:00;;dpa;false
f71443b55e50c40d88f19cd78f2d76446228ee06aa6bd3d1edb3c03377f646dc;Deutsche Springreiter holen nach 16 Jahren wieder WM-Gold;https://www.zeit.de/sport/2026-08/springreiter-wm-aachen-mannschaft-deutschland-marcus-ehning-daniel-deusser;Mit einer souveränen Leistung gewinnen die deutschen Springreiter bei der Heim-WM in Aachen. Es ist der erste deutsche Titel in der Mannschaftswertung seit 16 Jahren.;Springreiter-WM in Aachen;Sport, Springreiter-WM in Aachen, Aachen, Pferdesport, Profisport, Weltmeisterschaft;2026-08-21T23:31:08+02:00;2026-08-21T23:31:08+02:00;htg;DIE ZEIT,        dpa,        SID,        							htg;false
264da0780dff7c43cb0cd148666026c72c4ea950a6f86747ebbcf9df97cc8821;Rostock ohne Chance: Neuer Stuttgart-Stürmer trifft dreimal;https://www.zeit.de/news/2026-08/21/rostock-ohne-chance-neuer-stuttgart-stuermer-trifft-drei-mal;Hier finden Sie Informationen zu dem Thema „DFB-Pokal“. Lesen Sie jetzt „Rostock ohne Chance: Neuer Stuttgart-Stürmer trifft dreimal“.;DFB-Pokal;News, DFB-Pokal, Sebastian Hoeneß, Leon Dajaku, Rostock, Tiago, Stuttgart, FC Hansa, Deutscher Fußball-Bund, Hansa Rostock, VfB Stuttgart, VfL Wolfsburg;2026-08-21T22:59:29+02:00;2026-08-21T22:59:29+02:00;;dpa Mecklenburg-Vorpommern;false
44799998c4602de5d685d6693aece4db72ccb71d7865a1af5722db8adc7b402c;4:0 in Rostock: Neuer Stuttgart-Stürmer trifft dreimal;https://www.zeit.de/news/2026-08/21/4-0-in-rostock-neuer-stuttgart-stuermer-trifft-drei-mal;Hier finden Sie Informationen zu dem Thema „DFB-Pokal“. Lesen Sie jetzt „4:0 in Rostock: Neuer Stuttgart-Stürmer trifft dreimal“.;DFB-Pokal;News, DFB-Pokal, Sebastian Hoeneß, Leon Dajaku, Rostock, Tiago, Stuttgart, FC Hansa, Deutscher Fußball-Bund, VfB Stuttgart, VfL Wolfsburg, Hansa Rostock;2026-08-21T22:48:04+02:00;2026-08-21T22:48:04+02:00;;dpa Baden-Württemberg;false
9ce79a86e5038b0f21254116db378a3addf424a7e697be9fbe9150ad5988b398;Knallgeräusche gemeldet - Polizeieinsatz im Hunsrück beendet;https://www.zeit.de/news/2026-08/21/knallgeraeusche-gemeldet-polizeieinsatz-im-hunsrueck;Hier finden Sie Informationen zu dem Thema „Notfälle“. Lesen Sie jetzt „Knallgeräusche gemeldet - Polizeieinsatz im Hunsrück beendet“.;Notfälle;News, Notfälle, Hunsrück, Polizei, Knallgeräusch, Polizeieinsatz, Berglicht, Notfall;2026-08-21T22:45:10+02:00;2026-08-21T22:45:10+02:00;;dpa Rheinland-Pfalz/Saarland;false
fd01d4b16cd24434496a7a556f5769e68141d1a16fd3e9d74a0390d8d4620f60;Feier unter Flutlicht: Springreiter bejubeln Gold;https://www.zeit.de/news/2026-08/21/feier-unter-flutlicht-springreiter-bejubeln-gold;Hier finden Sie Informationen zu dem Thema „Reit-WM in Aachen“. Lesen Sie jetzt „Feier unter Flutlicht: Springreiter bejubeln Gold“.;Reit-WM in Aachen;News, Reit-WM in Aachen, Otto Becker, Daniel Deußer, Richard Vogel, Sophie Hinners, Marcus Ehning, Belgien, Lexington, Kentucky, Aachen, Flutlicht;2026-08-21T22:34:43+02:00;2026-08-21T22:34:43+02:00;;dpa Sport;false
10ab06425d7fe51cc8b86343af794848fe594936935bb2c2f3d4b28330baf4e8;Oberster Gerichtshof erlaubt vorerst Weiterbau von Trumps Ballsaal;https://www.zeit.de/politik/ausland/2026-08/ballsaal-weisses-haus-donald-trump-baustopp-john-roberts;Der neue Ballsaal am Weißen Haus bleibt ein Streitpunkt. Nach einem gerichtlich verordneten Baustopp vor zwei Wochen darf vorerst doch weitergebaut werden.;Weißes Haus;Politik, Weißes Haus, Donald Trump, Denkmalschutz, USA, Oberster Gerichtshof, Washington;2026-08-21T22:31:01+02:00;2026-08-21T22:31:01+02:00;mga;DIE ZEIT,        AP,        dpa,        Reuters,        							mga;false
00863fdfd9830712650e93d57c759456bf8c0fd41db84ce5510321a9c10441b9;Deutsche Basketballer im Supercup-Finale;https://www.zeit.de/news/2026-08/21/deutsche-basketballer-im-supercup-finale;Hier finden Sie Informationen zu dem Thema „Sieg gegen Tschechien“. Lesen Sie jetzt „Deutsche Basketballer im Supercup-Finale“.;Sieg gegen Tschechien;News, Sieg gegen Tschechien, Dennis Schröder, Johannes Thiemann, Alex Mumbrú, Tschechien, Hamburg, NBA, Supercup, Halbfinale, Finale, Endspiel;2026-08-21T22:24:29+02:00;2026-08-21T22:24:29+02:00;;dpa Hamburg/Schleswig-Holstein;false
c7116e440771eb41fed4d130f3fd934f86cf3c206da808098c060ef030603210;Zwei Tote bei Frontalzusammenstoß im Landkreis Fürth;https://www.zeit.de/news/2026-08/21/zwei-tote-bei-frontalzusammenstoss-im-landkreis-fuerth;Hier finden Sie Informationen zu dem Thema „Unfälle“. Lesen Sie jetzt „Zwei Tote bei Frontalzusammenstoß im Landkreis Fürth“.;Unfälle;News, Unfälle, Landkreis Fürth, Frontalzusammenstoß, Unfall, Gegenfahrbahn, Auto;2026-08-21T22:12:55+02:00;2026-08-21T22:12:55+02:00;;dpa Bayern;false
13d5c0855e41ddc168c0dfe16ddc6ccdfe258e0e173c6c85d27128cdcbbf8783;Russland greift Einkaufszentrum in Ukraine an: Viele Tote;https://www.zeit.de/news/2026-08/21/russland-greift-einkaufszentrum-in-ukraine-an-viele-opfer;Hier finden Sie Informationen zu dem Thema „Ukraine-Krieg“. Lesen Sie jetzt „Russland greift Einkaufszentrum in Ukraine an: Viele Tote“.;Ukraine-Krieg;News, Ukraine-Krieg, Wolodymyr Selenskyj, Russland, Krywyj, Dnjepropetrowsk, Einkaufszentrum, Drohnenangriff, Krieg in der Ukraine, Drohne, Militär;2026-08-21T22:08:20+02:00;2026-08-21T22:08:20+02:00;;dpa;false
2bf7dc0b81d29d751ea735a108daf0ec0a878a81d99c538f9e578aee3a59dd93;Platzsturm beim hitzigen Derby: FCK schaltet Waldhof aus;https://www.zeit.de/news/2026-08/21/aufgeladenes-suedwest-derby-pokal-duell-unterbrochen;Hier finden Sie Informationen zu dem Thema „DFB-Pokal“. Lesen Sie jetzt „Platzsturm beim hitzigen Derby: FCK schaltet Waldhof aus“.;DFB-Pokal;News, DFB-Pokal, Deutscher Fußball-Bund, SV Waldhof Mannheim;2026-08-21T22:04:58+02:00;2026-08-21T22:04:58+02:00;;dpa Baden-Württemberg;false
bd9905948017110ebcef34951c5c7c847d21fb9d227768e5b88c0db3fab51e23;Ein Toter: Schwert-Attacke an Schule schockt Schweden;https://www.zeit.de/news/2026-08/21/schwert-angriff-mehrere-verletzte-an-schwedischer-schule;Hier finden Sie Informationen zu dem Thema „Angriff kurz nach Sommerferien“. Lesen Sie jetzt „Ein Toter: Schwert-Attacke an Schule schockt Schweden“.;Angriff kurz nach Sommerferien;News, Angriff kurz nach Sommerferien, Schweden;2026-08-21T21:57:06+02:00;2026-08-21T21:57:06+02:00;;dpa;false
86959aa0b18944b2e87ca98ade69e7cb0b080deee2242f946e42a2d1607de1a4;Viele Tote bei russischem Angriff auf Einkaufszentrum in der Ukraine;https://www.zeit.de/politik/ausland/2026-08/krywyj-rih-drohnenangriff-einkaufszentrum-ukraine-wolodymyr-selenskyj;Offenbar in zwei Wellen hat Russland eine Shoppingmall in Krywyj Rih attackiert. Der zweite Angriff richtete sich laut Wolodymyr Selenskyj gezielt gegen Rettungskräfte.;Krieg gegen die Ukraine;Politik, Krieg gegen die Ukraine, Krieg in der Ukraine, Wolodymyr Selenskyj, Drohnenangriff, Drohne, Militär;2026-08-21T21:36:22+02:00;2026-08-21T21:36:22+02:00;mgaisd;DIE ZEIT,        AFP,        dpa,        Reuters,        							mga					,        							isd;false
224984c406e514be43dfffdd93950789b7827a31777a6821c825478d572b4721;Ein Mensch bei Schwertangriff an schwedischer Schule getötet;https://www.zeit.de/politik/ausland/2026-08/schwert-angriff-schule-schweden-fagersta;In Schweden sind in einer Schule mehrere Menschen mit einem Schwert attackiert worden. Der Verdächtige wurde von der Polizei wohl mit einem Schuss ins Bein gestoppt.;Schweden;Politik, Schweden, Schweden, Polizei, Schule, Anschlag;2026-08-21T21:29:47+02:00;2026-08-21T21:29:47+02:00;thorbdamga;DIE ZEIT,        AFP,        dpa,        Reuters,        							thor					,        							bda					,        							mga;false
7a1d65e4d0b1b3a03b1e849423ab747e0266543ffc796ed66644771d186da909;Gericht erlaubt vorläufig Weiterbau von Trumps Ballsaal;https://www.zeit.de/news/2026-08/21/gericht-erlaubt-vorlaeufig-weiterbau-von-trumps-ballsaal;Hier finden Sie Informationen zu dem Thema „Weißes Haus“. Lesen Sie jetzt „Gericht erlaubt vorläufig Weiterbau von Trumps Ballsaal“.;Weißes Haus;News, Weißes Haus, Donald Trump, John Roberts, USA, Weißes Haus, Ballsaal, Weiterbau, Oberster Gerichtshof;2026-08-21T21:15:33+02:00;2026-08-21T21:15:33+02:00;;dpa;false
781ade28f1db1c1e8bdb3f3afdaafb3f31cc48fa08e39da41d604e2809c3aa42;Auch Merkel dabei: Berliner Philharmoniker eröffnen Saison;https://www.zeit.de/news/2026-08/21/auch-merkel-dabei-berliner-philharmoniker-eroeffnen-saison;Hier finden Sie Informationen zu dem Thema „Klassische Musik“. Lesen Sie jetzt „Auch Merkel dabei: Berliner Philharmoniker eröffnen Saison“.;Klassische Musik;News, Klassische Musik, Angela Merkel, Berlin, Berliner Philharmoniker, CDU, Saisoneröffnung;2026-08-21T20:48:19+02:00;2026-08-21T20:48:19+02:00;;dpa Berlin/Brandenburg;false
d5e794d6be08e965860ce286e9447344f46d11e3a64d902fdd93d90e03c49de3;Bulle auf Koppel enthauptet - Polizei ermittelt;https://www.zeit.de/news/2026-08/21/bulle-auf-koppel-enthauptet-polizei-ermittelt;Hier finden Sie Informationen zu dem Thema „Landkreis Rostock“. Lesen Sie jetzt „Bulle auf Koppel enthauptet - Polizei ermittelt“.;Landkreis Rostock;News, Landkreis Rostock, Volkenshagen, Landkreis Rostock, Polizei, Kripo;2026-08-21T20:45:25+02:00;2026-08-21T20:45:25+02:00;;dpa Mecklenburg-Vorpommern;false
63ae08c06b31d8d32ea6ca33febc741139c7d4e57be79a55ef364665ddba513f;Elektroschrott-Feuer löst Großbrand aus;https://www.zeit.de/news/2026-08/21/elektroschrott-feuer-loest-grossbrand-aus;Hier finden Sie Informationen zu dem Thema „Großeinsatz“. Lesen Sie jetzt „Elektroschrott-Feuer löst Großbrand aus“.;Großeinsatz;News, Großeinsatz, Bergheim, Köln, Mönchengladbach, Feuerwehr, Großbrand, Gewerbegebiet, Rauchentwicklung, Elektroschrott, Großeinsatz;2026-08-21T20:40:51+02:00;2026-08-21T20:40:51+02:00;;dpa Nordrhein-Westfalen;false
eac717fd6dfab2fe230f464317b6a12e3c824b3f14f9213ac4e9bb90af347824;Lkw-Sonntagsfahrverbot bleibt bis Ende September ausgesetzt;https://www.zeit.de/news/2026-08/21/lkw-sonntagsfahrverbot-bleibt-bis-ende-september-ausgesetzt;Hier finden Sie Informationen zu dem Thema „Extremes Niedrigwasser“. Lesen Sie jetzt „Lkw-Sonntagsfahrverbot bleibt bis Ende September ausgesetzt“.;Extremes Niedrigwasser;News, Extremes Niedrigwasser, NRW, Verkehrsministerium, Rheinische Post, Niedrigwasser, Sonntagsfahrverbot;2026-08-21T20:34:31+02:00;2026-08-21T20:34:31+02:00;;dpa Nordrhein-Westfalen;false
e412ba36706e592c8988920f3be1c05a44e9ef19beed4977f408230f77bb5645;Waldbrände in Griechenland und Spanien treiben Hunderte in die Flucht;https://www.zeit.de/gesellschaft/zeitgeschehen/2026-08/waldbrand-limnos-griechenland-urlauber-evakuierung;An einen Ort in der spanischen Region Valencia rückt ein Waldbrand heran, auch auf einer griechischen Insel brennt es. Hunderte Menschen werden in Sicherheit gebracht. ;Waldbrand auf Limnos;Gesellschaft, Waldbrand auf Limnos, Waldbrand, Evakuierung, Brand, Feuerwehr, Spanien, Valencia, Griechenland;2026-08-21T20:30:36+02:00;2026-08-21T20:30:36+02:00;bda;DIE ZEIT,        AFP,        dpa,        							bda;false
0e816bfb6a5a0f208f2a7d863d0effeb952c44c3e3afc702f738bbe63f487b41;Deutschland und weitere Länder beraten in Ruanda über Abschiebezentren;https://www.zeit.de/politik/ausland/2026-08/abschiebezentren-ruanda-eu-deutschland-asyl-return-hubs;Deutschland, Österreich und drei weitere EU-Staaten beraten einem Bericht zufolge über Abschiebezentren im Ausland. Kommende Woche soll ein Treffen in Ruanda stattfinden.;Abschiebezentren in Ruanda;Politik, Abschiebezentren in Ruanda, Ruanda, Asyl, Abschiebung, Europäische Union, Bundesregierung;2026-08-21T20:24:50+02:00;2026-08-21T20:24:50+02:00;mga;DIE ZEIT,        AFP,        							mga;false
9d577d49d9f0f864c9632c1ba883720cf69d28ffb44eee3be03eafae3cefb8d7;Signal der Stärke: Bayerns Fußballerinnen siegen bei Union;https://www.zeit.de/news/2026-08/21/signal-der-staerke-bayerns-fussballerinnen-siegen-bei-union;Hier finden Sie Informationen zu dem Thema „Fußball“. Lesen Sie jetzt „Signal der Stärke: Bayerns Fußballerinnen siegen bei Union“.;Fußball;News, Fußball, Klara Bühl, Pernille Harder, Tomke Schneider, Bayern, FC Bayern München, 1. FC Union Berlin, VfL Wolfsburg, Fußball-Bundesliga, Supercup, Saisonstart;2026-08-21T20:17:51+02:00;2026-08-21T20:17:51+02:00;;dpa Bayern;false
621e6ba1311686a13aa45a212c6ed18493a98e1c10e9265d7210d7c50f8e9be1;Autofahrer verunglückt auf B5 und stirbt;https://www.zeit.de/news/2026-08/21/autofahrer-verunglueckt-auf-b5-und-stirbt;Hier finden Sie Informationen zu dem Thema „Notfälle“. Lesen Sie jetzt „Autofahrer verunglückt auf B5 und stirbt“.;Notfälle;News, Notfälle, Nordfriesland, Notfall, Bundesstraße;2026-08-21T20:15:38+02:00;2026-08-21T20:15:38+02:00;;dpa Hamburg/Schleswig-Holstein;false
e13c8955aba250971585b0cba1d33b4289cc9bae16e494e42ad2b20c3be4499f;Die roten Linien sind überschritten;https://www.zeit.de/politik/2026-08/israelpolitik-cdu-sanktionen-politiker-bundesregierung;Lange verhinderte die Bundesregierung EU-Sanktionen gegen rechtsextreme israelische Minister. Nun fordern erste Unionspolitiker einen Kurswechsel.;"Z+ (abopflichtiger Inhalt);
        
    Israelpolitik der CDU";Politik, Israelpolitik der CDU, Bundesregierung, CDU, Israel, Sanktion;2026-08-21T20:15:26+02:00;2026-08-21T20:15:26+02:00;Alice Bota;;false
e9bf39e64ca7f94e6441a5b4f42a7c75b4cc661927b2d407e0bb96eb4f91aa77;Sie haben den Falschen;https://www.zeit.de/2026/36/personenverwechslung-us-hinweis-kindesmissbrauch-polizei-ermittlung;Er arbeitet in höchsten Sicherheitskreisen, als Ermittler im Zusammenhang mit Kindesmissbrauch auf seinen Namen stoßen. Ein Albtraum, der jeden heimsuchen könnte.;"Z+ (abopflichtiger Inhalt);
        
    Personenverwechslung durch US-Hinweis";Gesellschaft, Personenverwechslung durch US-Hinweis, Ermittlung, Polizei, Kindesmissbrauch, Sexueller Missbrauch, Frank Ullrich, USA;2026-08-21T20:12:51+02:00;2026-08-21T20:12:51+02:00;Karsten Polke-Majewski;Aus der        ZEIT Nr. 36/2026;false
9f9e022e4094a4fe5a57e5938fd1a50db3ce382ab21125d56e0727a0943be217;Spiel gedreht: Karlsruhe schlägt Münster im DFB-Pokal;https://www.zeit.de/news/2026-08/21/spiel-gedreht-karlsruhe-schlaegt-muenster-im-dfb-pokal;Hier finden Sie Informationen zu dem Thema „DFB-Pokal 1. Runde“. Lesen Sie jetzt „Spiel gedreht: Karlsruhe schlägt Münster im DFB-Pokal“.;DFB-Pokal 1. Runde;News, DFB-Pokal 1. Runde, Maximilian Senft, Sebastian Jung, Karlsruhe, Preußen, Münster, Preußenstadion, Deutscher Fußball-Bund, Karlsruher SC, SC Preußen 06 e.V. Münster;2026-08-21T20:04:34+02:00;2026-08-21T20:04:34+02:00;;dpa Baden-Württemberg;false
0cc0a4f879c5a98b114739d5b6148837e2a1022942b85f170ce0c246980c2c1b;Annalena Baerbocks Umfeld weist Kritik Russlands und der USA zurück;https://www.zeit.de/politik/ausland/2026-08/annalena-baerbock-un-generalversammlung-praesidentin-antonio-guterres;Die UN-Botschafter Russlands und der USA hatten Annalena Baerbock eine Kompetenzüberschreitung vorgeworfen. Laut Auswärtigem Amt macht die Ex-Ministerin nur ihre Arbeit.;Präsidentin der UN-Generalversammlung;Politik, Präsidentin der UN-Generalversammlung, Annalena Baerbock, Vereinte Nationen, Antonio Guterres, USA, Russland, Sicherheitsrat der Vereinten Nationen;2026-08-21T19:58:04+02:00;2026-08-21T19:58:04+02:00;voi;DIE ZEIT,        Reuters,        dpa,        							voi;false
e92388ac8f0aba90c4054eec0e148b0ef21a534517e0171b86f7d21f17e44f72;11:0: Frankfurt überrollt St. Tönis mit Rekordsieg;https://www.zeit.de/news/2026-08/21/11-0-frankfurt-ueberrollt-st-toenis-mit-rekordsieg;Hier finden Sie Informationen zu dem Thema „DFB-Pokal“. Lesen Sie jetzt „11:0: Frankfurt überrollt St. Tönis mit Rekordsieg“.;DFB-Pokal;News, DFB-Pokal, Adi Hütter, Jonathan Burkardt, Robin Koch, Frankfurt, St. Tönis, Krefeld, Hessen, Deutscher Fußball-Bund, Eintracht Frankfurt, Pflichtspiel;2026-08-21T19:55:44+02:00;2026-08-21T19:55:44+02:00;;dpa Hessen;false
fd7867289cf3af98f747c8677529d4a78a300bfabf6191e9601c4e2cd0294703;Türkei beantragt internationale Fahndung nach Benjamin Netanjahu;https://www.zeit.de/politik/ausland/2026-08/tuerkei-haftbefehl-benjamin-netanjahu-gaza-hilfsflotte;Die Türkei beantragt bei Interpol eine »Red Notice« und bittet um Fahndung nach Israels Regierungschef. Hintergrund ist der Umgang mit der sogenannten Gaza-Hilfsflotte.;Gaza-Hilfsflotte;Politik, Gaza-Hilfsflotte, Türkei, Haftbefehl, Benjamin Netanjahu, Gazastreifen, Syrien;2026-08-21T19:53:26+02:00;2026-08-21T19:53:26+02:00;mga;DIE ZEIT,        AFP,        AP,        dpa,        Reuters,        							mga;false
46ae0120dc67684ebdffe900545d0df57238a95251f4ea52892d07c48b085f7a;Mehrere Schwerverletzte bei Kollision nahe Weyhausen;https://www.zeit.de/news/2026-08/21/mehrere-schwerverletzte-bei-kollision-nahe-weyhausen;Hier finden Sie Informationen zu dem Thema „Unfall“. Lesen Sie jetzt „Mehrere Schwerverletzte bei Kollision nahe Weyhausen“.;Unfall;News, Unfall, Weyhausen, Gifhorn, Feuerwehr, Kollision, Auto;2026-08-21T19:43:41+02:00;2026-08-21T19:43:41+02:00;;dpa Niedersachsen;false
daa7efef22f7d633dbac8dd8f06929639b1a5fcb04e11e4d0832050e90c8d856;Evakuierung Hunderter Menschen in Spanien wegen Waldbrandes;https://www.zeit.de/news/2026-08/21/evakuierung-hunderter-menschen-in-spanien-wegen-waldbrandes;Hier finden Sie Informationen zu dem Thema „Blitz löst Waldbrand aus“. Lesen Sie jetzt „Evakuierung Hunderter Menschen in Spanien wegen Waldbrandes“.;Blitz löst Waldbrand aus;News, Blitz löst Waldbrand aus, Spanien, Gátova, Waldbrand, Hunderter, Evakuierung;2026-08-21T19:43:27+02:00;2026-08-21T19:43:27+02:00;;dpa;false
f03e145d44f1636362443b8ffa96b61cd689c96e3893bb48e3abd398c2805449;Schulze: Debatte um Brandmauer nicht hilfreich im Wahlkampf;https://www.zeit.de/news/2026-08/21/schulze-debatte-um-brandmauer-nicht-hilfreich-im-wahlkampf;Hier finden Sie Informationen zu dem Thema „Landtagswahl Sachsen-Anhalt“. Lesen Sie jetzt „Schulze: Debatte um Brandmauer nicht hilfreich im Wahlkampf“.;Landtagswahl Sachsen-Anhalt;News, Landtagswahl Sachsen-Anhalt, Sven Schulze, Sachsen-Anhalt, CDU, Alternative für Deutschland, Landtagswahl, Brandmauer, Wahlkampf, Podcast;2026-08-21T19:36:18+02:00;2026-08-21T19:36:18+02:00;;dpa Sachsen;false
301d7170c3bf4b4cd1b4aee36d408c4a827ed53409c01de27634a4a260de9f76;Ukraine: Opferzahl steigt nach russischem Angriff auf 14;https://www.zeit.de/news/2026-08/21/ukraine-opferzahl-steigt-nach-russischem-angriff-auf-14;Hier finden Sie Informationen zu dem Thema „Konflikte“. Lesen Sie jetzt „Ukraine: Opferzahl steigt nach russischem Angriff auf 14“.;Konflikte;News, Konflikte, Krywyj, Opferzahl, Drohnenangriff, Angriff, Krieg in der Ukraine;2026-08-21T19:20:09+02:00;2026-08-21T19:20:09+02:00;;dpa;false
f326de955cc3e3841b74fc42b12d3e6ed3821bbc28618843b324da42e9cd5007;Versteckt sich hier der russische Geheimdienst?;https://www.zeit.de/politik/2026-08/russischer-geheimdienst-frankreich-innenministerium-verdacht-kulturzentrum;Die Bundesregierung zahlt jährlich 70.000 Euro für ein Haus in Berlin, das russischen Agenten als Tarnung dienen soll. Nun könnte es geschlossen werden.;Russischer Geheimdienst;Politik, Russischer Geheimdienst, Russland, Frankreich, Bundesregierung, Spionage, Krieg in der Ukraine, Geheimdienst;2026-08-21T19:19:07+02:00;2026-08-21T19:19:07+02:00;Mariya Martiyenko;;false
2b77e79abb0339ec88fe6c80184e4dacf5ce583375cea05060760bf1daf63ef1;Amthor bezeichnet Siegmund als «Duftkerzenverkäufer»;https://www.zeit.de/news/2026-08/21/amthor-bezeichnet-siegmund-als-duftkerzenverkaeufer;Hier finden Sie Informationen zu dem Thema „Wahlkampf“. Lesen Sie jetzt „Amthor bezeichnet Siegmund als «Duftkerzenverkäufer»“.;Wahlkampf;News, Wahlkampf, Philipp Amthor, Ulrich Siegmund, Bitterfeld-Wolfen, Sachsen-Anhalt, CDU, Alternative für Deutschland, Landtagswahl, Wahlkampf, Landtagswahlkampf;2026-08-21T19:18:05+02:00;2026-08-21T19:18:05+02:00;;dpa Sachsen;false
05f5a5861e7d52756bbca2f9a1fda2cc044112c30df3c707ff9b9b1b55c07242;Back-Influencerin Sally Özcan verrät Baby-Geschlecht;https://www.zeit.de/news/2026-08/21/back-influencerin-sally-oezcan-verraet-baby-geschlecht;Hier finden Sie Informationen zu dem Thema „«Unser Baby ist ein...»“. Lesen Sie jetzt „Back-Influencerin Sally Özcan verrät Baby-Geschlecht“.;«Unser Baby ist ein...»;News, «Unser Baby ist ein...», Instagram, TikTok, Cupcake;2026-08-21T19:17:40+02:00;2026-08-21T19:17:40+02:00;;dpa Baden-Württemberg;false
d1a71ab72f8646f15abea4ee5c9714d9a9303d21c420a8f4edcf1dd6a38ec4a8;Sven Schulze sieht Brandmauer-Debatte als Belastung für den Wahlkampf;https://www.zeit.de/politik/deutschland/2026-08/sven-schulze-cdu-brandmauer-afd-sachsen-anhalt;Sachsen-Anhalts Ministerpräsident Sven Schulze kritisiert die parteiinterne Debatte über die Abgrenzung zur AfD. Er selbst benutze das Wort »Brandmauer« nicht.;Landtagswahl in Sachsen-Anhalt;Politik, Landtagswahl in Sachsen-Anhalt, Sven Schulze, Sachsen-Anhalt, CDU, Alternative für Deutschland, Wahlkampf, Landtagswahl;2026-08-21T19:05:13+02:00;2026-08-21T19:05:13+02:00;voi;DIE ZEIT,        AFP,        							voi;false
b7589b3a618cafd5084de3514762d903f153599f04aee8a9ab4be0ce357264ef;Stark verweste Leichen in Siegener Wohnung entdeckt;https://www.zeit.de/news/2026-08/21/stark-verweste-leichen-in-siegener-wohnung-entdeckt;Hier finden Sie Informationen zu dem Thema „Grausiger Fund“. Lesen Sie jetzt „Stark verweste Leichen in Siegener Wohnung entdeckt“.;Grausiger Fund;News, Grausiger Fund, Polizei;2026-08-21T19:00:41+02:00;2026-08-21T19:00:41+02:00;;dpa Nordrhein-Westfalen;false
a24743634551c2aad3d87172bbad7872eb5e10111c30100ea95395e2f540f015;Gefährlicher Trend: Polizei warnt vor Fake-Notrufen;https://www.zeit.de/news/2026-08/21/gefaehrlicher-trend-polizei-warnt-vor-fake-notrufen;Hier finden Sie Informationen zu dem Thema „Kriminalität“. Lesen Sie jetzt „Gefährlicher Trend: Polizei warnt vor Fake-Notrufen“.;Kriminalität;News, Kriminalität, Main-Kinzig, Polizei, Polizeipräsidium, Notruf, Straftat;2026-08-21T19:00:03+02:00;2026-08-21T19:00:03+02:00;;dpa Hessen;false
068331a4f6aee702fb8e1291bf325c8f41b359ec6b9691a2ab8316ddde2e9f90;»Für manche Kinder ist das hier die beste Zeit ihres Lebens«;https://www.zeit.de/zeit-magazin/leben/2026-08/mutter-gefaengnis-kind-geburt-haft;In der JVA Frankfurt gibt es eine Abteilung für Mütter und ihre Kinder. Zu Besuch bei einer jungen Frau, die wegen Betrugs in Haft muss. Und dort ihr zweites Kind gebärt.;"Z+ (abopflichtiger Inhalt);
        
    Mutter im Gefängnis";Mütter, Gefängnis, Familie, Kinder, Geburt, Kindererziehung;2026-08-21T18:52:15+02:00;2026-08-21T18:52:15+02:00;Paula Kühn;;false
16e25386cab0d989913775bd20f536bd5d03d3c8030ace7a0ab12a3702741944;Rennradfahrer verursacht Unfall und flüchtet;https://www.zeit.de/news/2026-08/21/rennradfahrer-verursacht-unfall-und-fluechtet;Hier finden Sie Informationen zu dem Thema „Autofahrerin schwer verletzt“. Lesen Sie jetzt „Rennradfahrer verursacht Unfall und flüchtet“.;Autofahrerin schwer verletzt;News, Autofahrerin schwer verletzt, Wolgast, Groß Ernsthof, Ernsthof, Landkreis Vorpommern-Greifswald, Polizei, Unfall;2026-08-21T18:46:55+02:00;2026-08-21T18:46:55+02:00;;dpa Mecklenburg-Vorpommern;false
76fe05bcbc5beb1fc96c7d73e0b4bab761497a5ab5e85cf2e24f3dedddbaa58b;Merkur-Gründer Gauselmann ist tot;https://www.zeit.de/news/2026-08/21/merkur-gruender-gauselmann-ist-tot;Hier finden Sie Informationen zu dem Thema „Glücksspielkonzern“. Lesen Sie jetzt „Merkur-Gründer Gauselmann ist tot“.;Glücksspielkonzern;News, Glücksspielkonzern, Paul Gauselmann, Espelkamp, Zweiter Weltkrieg, Glücksspielkonzern;2026-08-21T18:46:25+02:00;2026-08-21T18:46:25+02:00;;dpa Nordrhein-Westfalen;false
be1e4f145c0e6e1d97de28bc02811edbdd7400bcb477e2240a2e0a9a07899a22;VW-Chef: Lage kritisch - Einsparungen reichen nicht;https://www.zeit.de/news/2026-08/21/vw-chef-blume-die-lage-ist-mehr-als-kritisch;Hier finden Sie Informationen zu dem Thema „Sparmaßnahmen bei Volkswagen“. Lesen Sie jetzt „VW-Chef: Lage kritisch - Einsparungen reichen nicht“.;Sparmaßnahmen bei Volkswagen;News, Sparmaßnahmen bei Volkswagen, Oliver Blume, Europa, VW, Volkswagen, Betriebsversammlung, Sparmaßnahme;2026-08-21T18:44:21+02:00;2026-08-21T18:44:21+02:00;;dpa;false
556b837bfcb9f1fbfe1548353c58728e512116dd9e90e6ef981b41a3d405095f;Berliner Polizei: Frauenleiche in Gebüsch entdeckt;https://www.zeit.de/news/2026-08/21/berliner-polizei-frauenleiche-in-gebuesch-entdeckt;Hier finden Sie Informationen zu dem Thema „Grausamer Fund“. Lesen Sie jetzt „Berliner Polizei: Frauenleiche in Gebüsch entdeckt“.;Grausamer Fund;News, Grausamer Fund, Berlin, Polizei, Gebüsch;2026-08-21T18:27:44+02:00;2026-08-21T18:27:44+02:00;;dpa Berlin/Brandenburg;false
7468afb72e533050abe1591f725c26e2b9cc90b9db37aa4db8228bfc039bc86c;St. Pauli leiht Robatsch an belgischen Erstligisten aus;https://www.zeit.de/news/2026-08/21/st-pauli-leiht-robatsch-an-belgischen-erstligisten-aus;Hier finden Sie Informationen zu dem Thema „DFB-Pokal“. Lesen Sie jetzt „St. Pauli leiht Robatsch an belgischen Erstligisten aus“.;DFB-Pokal;News, DFB-Pokal, Jannik Robatsch, St. Pauli, SK Beveren, Deutscher Fußball-Bund, FC St. Pauli;2026-08-21T18:19:51+02:00;2026-08-21T18:19:51+02:00;;dpa Hamburg/Schleswig-Holstein;false
0f34ae4d7d1f57b485ebb1fe6fe2f60a432e9ab435b478e123cfad8d761a3b7a;Kanzler besucht nach Urlaub zuerst Waldbrandgebiet;https://www.zeit.de/news/2026-08/21/kanzler-besucht-nach-urlaub-zuerst-waldbrandgebiet;Hier finden Sie Informationen zu dem Thema „Hitzewelle“. Lesen Sie jetzt „Kanzler besucht nach Urlaub zuerst Waldbrandgebiet“.;Hitzewelle;News, Hitzewelle, Friedrich Merz, Eifel, Hürtgenwald, Nordrhein-Westfalen, CDU, Waldbrandgebiet, Sommerurlaub, Einsatzkraft, Hitzewelle, Sommer;2026-08-21T18:12:00+02:00;2026-08-21T18:12:00+02:00;;dpa Nordrhein-Westfalen;false
25e677abd7789a289e92c714799fcbbefc1079c2451586ad9ee6f7bcaa846294;A8 für Stunden nach Lasterunfall gesperrt;https://www.zeit.de/news/2026-08/21/a8-fuer-stunden-nach-lasterunfall-gesperrt;Hier finden Sie Informationen zu dem Thema „Unfall mit Folgen“. Lesen Sie jetzt „A8 für Stunden nach Lasterunfall gesperrt“.;Unfall mit Folgen;News, Unfall mit Folgen, Irschenberg, Lasterunfall, Unfall, Sperrung;2026-08-21T18:09:50+02:00;2026-08-21T18:09:50+02:00;;dpa Bayern;false
706ebbce1c9a240aa19101f8907e5c6fce5385ad7425016c7865fd9e6c10a1a9;»Ich sehe die Person und so Aura und zack, dann bin ich verliebt«;https://www.zeit.de/zeit-magazin/leben/2026-08/liebe-junges-erwachsenenalter-zwanzigjaehrige-beziehungen-sex;Wir haben 20 Zwanzigjährige gefragt: Wie denkt ihr über die Liebe? Was habt ihr bisher über sie gelernt? Und was wollt ihr anders machen als eure Eltern?;"Z+ (abopflichtiger Inhalt);
        
    Liebe im jungen Erwachsenenalter";Liebe, Erwachsene, Teenager, Dating;2026-08-21T18:07:21+02:00;2026-08-21T18:07:21+02:00;Carlo Mariani;;false
46b69a1686712c9088d9a10f6a01485fde02c87b349b05c20ad3ceed6a3076a0;Nationalspieler Stachowiak will über Schweden wieder in NHL;https://www.zeit.de/news/2026-08/21/nationalspieler-stachowiak-will-ueber-schweden-wieder-in-nhl;Hier finden Sie Informationen zu dem Thema „Eishockey“. Lesen Sie jetzt „Nationalspieler Stachowiak will über Schweden wieder in NHL“.;Eishockey;News, Eishockey, Wojciech Stachowiak, Ingolstadt, Örebro, NHL, ERC Ingolstadt, DEL, Tampa Bay Lightning, Eishockey;2026-08-21T18:05:22+02:00;2026-08-21T18:05:22+02:00;;dpa Bayern;false
aaabf09946cda6a38fcb21414bf85f2676f3fe9c86382e18cc5e72e9586279ca;Und wenn man Sachsen-Anhalt die Gelder streicht?;https://www.zeit.de/politik/deutschland/2026-08/laenderfinanzausgleich-sachsen-anhalt-afd-danyal-bayaz;Falls in Magdeburg demnächst die AfD regiert, dann stoppen wir den Länderfinanzausgleich: Der Vorschlag wird gerade ernsthaft diskutiert. Auch in der ZEIT-Redaktion.;"Z+ (abopflichtiger Inhalt);
        
    Länderfinanzausgleich und AfD";Politik, Länderfinanzausgleich und AfD, Sachsen-Anhalt, Alternative für Deutschland, Steuer;2026-08-21T18:05:11+02:00;2026-08-21T18:05:11+02:00;Dr. Eva Ricarda LautschFerdinand Otto;;false
4fe606bfaf4c9c6340254f22077d4cc16f12e27d8befa0f1e9559a7aa8e29914;Gewerkschaft kündigt erneut Streik bei Saarbahn an;https://www.zeit.de/news/2026-08/21/gewerkschaft-kuendigt-erneut-streik-bei-saarbahn-an;Hier finden Sie Informationen zu dem Thema „Arbeitskampf“. Lesen Sie jetzt „Gewerkschaft kündigt erneut Streik bei Saarbahn an“.;Arbeitskampf;News, Arbeitskampf, GDL, Saarbahn, Streik, Tarifstreit;2026-08-21T18:04:20+02:00;2026-08-21T18:04:20+02:00;;dpa Rheinland-Pfalz/Saarland;false
bbe038dfd8066dc62d0046b672eb443da114a3b9f44148e85f29cf030f796a82;D-Tour: Nachwuchssprinter stiehlt Franzose Magnier die Show;https://www.zeit.de/news/2026-08/21/d-tour-nachwuchssprinter-stiehlt-franzose-magnier-die-show;Hier finden Sie Informationen zu dem Thema „Radsport“. Lesen Sie jetzt „D-Tour: Nachwuchssprinter stiehlt Franzose Magnier die Show“.;Radsport;News, Radsport, Paul Magnier, Maximilian Walscheid, Louis Barré, del Toro, Italien, Offenbach an der Queich, Schwäbisch Hall, Bauhaus, Radsport, Etappe;2026-08-21T18:03:16+02:00;2026-08-21T18:03:16+02:00;;dpa Baden-Württemberg;false
99a4d61b649ba3b3acded50f1b5fd3568d5a0e884a32f4e4595390a693c7c045;25. Schwedenfest in Wismar eröffnet - «Fest des Friedens»;https://www.zeit.de/news/2026-08/21/25-schwedenfest-in-wismar-eroeffnet-fest-des-friedens;Hier finden Sie Informationen zu dem Thema „Volksfeste“. Lesen Sie jetzt „25. Schwedenfest in Wismar eröffnet - «Fest des Friedens»“.;Volksfeste;News, Volksfeste, Manuela Schwesig, Wismar, SPD, Schwedenfest, Frieden, Volksfest, Salutschuss;2026-08-21T18:02:13+02:00;2026-08-21T18:02:13+02:00;;dpa Mecklenburg-Vorpommern;false
18b812c382c0e9af95989c1a9b38ec34d6fa64f67f6d4df47de96fe17131e44f;Ersehnter Dauerregen bringt in Bayern Überschwemmungen;https://www.zeit.de/news/2026-08/21/ersehnter-dauerregen-bringt-in-bayern-ueberschwemmungen;Hier finden Sie Informationen zu dem Thema „Endlich regnet es“. Lesen Sie jetzt „Ersehnter Dauerregen bringt in Bayern Überschwemmungen“.;Endlich regnet es;News, Endlich regnet es, Bayern, Dauerregen, Unterführung, Überschwemmung;2026-08-21T18:00:16+02:00;2026-08-21T18:00:16+02:00;;dpa Bayern;false
a0a78660801e977ad205207d9e1ea9adf977e7e8058f1187d2baf242d5e15b0f;Hunde dürfen wieder in Berliner Freibädern planschen;https://www.zeit.de/news/2026-08/21/hunde-duerfen-wieder-in-berliner-freibaedern-planschen;Hier finden Sie Informationen zu dem Thema „In drei Bädern“. Lesen Sie jetzt „Hunde dürfen wieder in Berliner Freibädern planschen“.;In drei Bädern;News, In drei Bädern, Freibad, Hundeschwimmen, Sommersaison, Tiere;2026-08-21T17:52:00+02:00;2026-08-21T17:52:00+02:00;;dpa Berlin/Brandenburg;false
9410d3221c2cd88e76822494e794f9d129590213576fd794a63c86651930ee2b;Weihnachtsbaum vor Kita: Urteil gegen Gärtner rechtskräftig;https://www.zeit.de/news/2026-08/21/weihnachtsbaum-vor-kita-urteil-gegen-gaertner-rechtskraeftig;Hier finden Sie Informationen zu dem Thema „Hausfriedensbruch“. Lesen Sie jetzt „Weihnachtsbaum vor Kita: Urteil gegen Gärtner rechtskräftig“.;Hausfriedensbruch;News, Hausfriedensbruch, Hamburg, Weihnachtsbaum, Hausfriedensbruch;2026-08-21T17:48:10+02:00;2026-08-21T17:48:10+02:00;;dpa Hamburg/Schleswig-Holstein;false
f3ced7be38d7a64ca35aed20a77ca20f0d6529f0ea89d86c25dd9154ee07e525;Streit eskaliert – Mann mit Messer verletzt;https://www.zeit.de/news/2026-08/21/streit-eskaliert-mann-mit-messer-verletzt;Hier finden Sie Informationen zu dem Thema „Kriminalität“. Lesen Sie jetzt „Streit eskaliert – Mann mit Messer verletzt“.;Kriminalität;News, Kriminalität, Mann, Berlin-Neukölln, Konflikt;2026-08-21T17:43:23+02:00;2026-08-21T17:43:23+02:00;;dpa Berlin/Brandenburg;false
0cd3e827bb427a5ba6afe0afd9465c62b5f93360440b82a933c82de92d1435ae;Lage bei VW laut Konzernchef Oliver Blume »mehr als kritisch«;https://www.zeit.de/wirtschaft/unternehmen/2026-08/vw-konzern-oliver-blume-rendite-sparprogramm-werkschliessungen-christine-benner;Die bisherigen Einsparungen bei VW reichen nach Angaben von Oliver Blume nicht aus. In einem internen Interview bezeichnet er den Konzern als »überdimensioniert«.;Volkswagen;Wirtschaft, Volkswagen, Volkswagen, Autoindustrie, IG Metall, Arbeitsplatz, Oliver Blume, Sparprogramm;2026-08-21T17:30:55+02:00;2026-08-21T17:30:55+02:00;mga;DIE ZEIT,        AFP,        dpa,        Reuters,        							mga;false
