Hash;Title;Link;Description;Category;KeyWords;Published;LastUpdated;Author;Source;Paywall
fd69e946e65faa7535b91d062bf5eab227480fcdc01a048ad128c2248fe0e8cb;IT-Probleme halten nach Hackerangriff auf Berliner Landesbehörden an;https://www.zeit.de/digital/2026-08/hackerangriff-berliner-verwaltung-senatsverwaltung-landesnetz-it;Als »praktisch arbeitsunfähig« bezeichnet ein Mitarbeiter die Berliner Landesbehörden nach einer Cyberattacke. Bei dieser sollen offenbar sensible Daten abgeflossen sein.;Berlin;Digital, Berlin, Hackerangriff, Landesbehörde, Senatsverwaltung;2026-08-18T11:19:30+02:00;2026-08-18T11:19:30+02:00;tlf;DIE ZEIT,        dpa,        							tlf;false
d88ceac02445152ce5a1c3f1f1ee2aecf4cb45ed9b02629c1436c0b847311c54;Mit getunten E-Scootern - Teenager flüchten vor Polizei;https://www.zeit.de/news/2026-08/18/mit-getunten-e-scootern-teenager-fluechten-vor-polizei;Hier finden Sie Informationen zu dem Thema „Ohne Fahrerlaubnis“. Lesen Sie jetzt „Mit getunten E-Scootern - Teenager flüchten vor Polizei“.;Ohne Fahrerlaubnis;News, Ohne Fahrerlaubnis, Möckmühl, Landkreis Heilbronn, Polizei, Fahrerlaubnis, Teenager, E-Scooter;2026-08-18T11:19:25+02:00;2026-08-18T11:19:25+02:00;;dpa Baden-Württemberg;false
52b4ec770ce36c0e8ff813c1571116e02cc5e37c1ac1c867fcbe585cb00d4f09;Bauernverband rechnet wegen Trockenheit mit schlechter Ernte;https://www.zeit.de/wirtschaft/2026-08/getreideernte-trockenheit-ackerbau-ernte-bauernverband;Extreme Hitze und wenig Regen schmälern die Ernte in diesem Jahr in Deutschland. Bei der Getreideernte gehen Bauern von sieben Prozent weniger Ertrag als im Vorjahr aus.;Erntebilanz;Wirtschaft, Erntebilanz, Getreideernte;2026-08-18T11:18:01+02:00;2026-08-18T11:18:01+02:00;cth;DIE ZEIT,        KNA,        dpa,        AFP,        							cth;false
7c65b5dafcbd043d73c19fd2706a32b2b538a046ffa52b6eacee496fc5589d00;Frau gesteht tödliche Messerstiche - «schlimmster Fehler»;https://www.zeit.de/news/2026-08/18/gift-und-messer-gegen-ex-partner-mordprozess-in-hamburg;Hier finden Sie Informationen zu dem Thema „Prozessbeginn“. Lesen Sie jetzt „Frau gesteht tödliche Messerstiche - «schlimmster Fehler»“.;Prozessbeginn;News, Prozessbeginn, Hamburg, Staatsanwaltschaft, Mordprozess, Prozessbeginn, Ex-Partner;2026-08-18T11:16:58+02:00;2026-08-18T11:16:58+02:00;;dpa Hamburg/Schleswig-Holstein;false
5aa9529fb252bc31bc4071569470575193afb8806beae76283643ef4bb246764;Grüne fordern mehr Engagement für sichere Schulwege;https://www.zeit.de/news/2026-08/18/gruene-fordern-mehr-engagement-fuer-sichere-schulwege;Hier finden Sie Informationen zu dem Thema „Schulwege“. Lesen Sie jetzt „Grüne fordern mehr Engagement für sichere Schulwege“.;Schulwege;News, Schulwege, Bündnis 90/Die Grünen, Schulweg, Landtag;2026-08-18T11:16:20+02:00;2026-08-18T11:16:20+02:00;;dpa Sachsen;false
8e51435bc34f23449b877f785af422abb625e43729491698a4a87731bfd43a9f;Strandgast mit Kultstatus: Libanons liebster Pelikan;https://www.zeit.de/news/2026-08/18/strandgast-mit-kultstatus-libanons-liebster-pelikan;Hier finden Sie Informationen zu dem Thema „Leben im Libanon“. Lesen Sie jetzt „Strandgast mit Kultstatus: Libanons liebster Pelikan“.;Leben im Libanon;News, Leben im Libanon, Alik Ohanian, Libanon, Batrun, Europa, Afrika, Kultstatus, Pelikanchen, Tiere, Herbst, Restaurant;2026-08-18T11:15:35+02:00;2026-08-18T11:15:35+02:00;;dpa;false
10510ff73c517a5278b24b3707a2a75128dc4b2d514d6abaf058a6c97df30507;Feuer im Hohen Venn mit Brandgeruch bis Köln;https://www.zeit.de/news/2026-08/18/feuer-im-hohen-venn-mit-brandgeruch-bis-koeln;Hier finden Sie Informationen zu dem Thema „Großbrand“. Lesen Sie jetzt „Feuer im Hohen Venn mit Brandgeruch bis Köln“.;Großbrand;News, Großbrand, Hohes Venn, Köln, Feuerwehr, Großbrand, Geruchslage, Grenze;2026-08-18T11:15:05+02:00;2026-08-18T11:15:05+02:00;;dpa Nordrhein-Westfalen;false
3faab867b29ffabed1f49a51459e6629c485362f88c818ca5b3b8a06fae48958;Brautpaar stürzt mit Hubschrauber auf griechischer Insel ab;https://www.zeit.de/news/2026-08/18/brautpaar-stuerzt-mit-hubschrauber-auf-griechischer-insel-ab;Hier finden Sie Informationen zu dem Thema „Drei Tote“. Lesen Sie jetzt „Brautpaar stürzt mit Hubschrauber auf griechischer Insel ab“.;Drei Tote;News, Drei Tote, Kykladen, Sifno, Kathimerini, Brautpaar, Landeanflug, Hubschrauber;2026-08-18T11:14:46+02:00;2026-08-18T11:14:46+02:00;;dpa;false
b0749b01f1aff4d32b527160dba278933f12a9170d0e13b8d04f1b9c0cd90ffa;»Die Klimakrise ist eine Ungerechtigkeitskrise.«;https://www.zeit.de/wissenschaft/2026-08/recht-klimaschutz-umweltbewegungen-justiz-krisenpodcast;Als Juristin glaubt Baro Gabbert an eine bessere Zukunft. Früher hat sie eine Rechtsberatung für Klimaschützer gegründet, jetzt wirbt sie für soziale Gerechtigkeit.;Recht und Klimaschutz;Wissenschaft, Recht und Klimaschutz, Klimaaktivismus, Justiz, Klimakrise, Klimaschutz, Greenpeace, Umweltschutz;2026-08-18T11:11:22+02:00;2026-08-18T11:11:22+02:00;Petra PinzlerDr. Stefan Schmitt;;false
683ead57f3225f68dc57277f91fc606ddda433dff1fbf82caecb7df22074a3e3;Sicherungsverfahren nach Großbrand im Parkhaus startet;https://www.zeit.de/news/2026-08/18/sicherungsverfahren-nach-grossbrand-im-parkhaus-startet;Hier finden Sie Informationen zu dem Thema „Seedammbad“. Lesen Sie jetzt „Sicherungsverfahren nach Großbrand im Parkhaus startet“.;Seedammbad;News, Seedammbad, Hochtaunuskreis, Bad Homburg, Staatsanwaltschaft, Sicherungsverfahren, Großbrand, Parkhaus, Seedammbad, Millionenschaden, Fahrzeug;2026-08-18T11:10:00+02:00;2026-08-18T11:10:00+02:00;;dpa Hessen;false
4c6dd7f1d5be53d9f1774281632fc9cabe69757624185d03a0ef85353d750910;Friedenspreis: Mirjam Zadoff hält Laudatio auf Sands;https://www.zeit.de/news/2026-08/18/friedenspreis-mirjam-zadoff-haelt-laudatio-auf-sands;Hier finden Sie Informationen zu dem Thema „Zur Buchmesse“. Lesen Sie jetzt „Friedenspreis: Mirjam Zadoff hält Laudatio auf Sands“.;Zur Buchmesse;News, Zur Buchmesse, Mirjam Zadoff, Philipp Sand, München, Bloomington, Zürich, Berlin, Den Haag, NS, Indiana University, Börsenverein des Deutschen Buchhandels;2026-08-18T11:07:44+02:00;2026-08-18T11:07:44+02:00;;dpa Bayern;false
7fefe054874ca63f02b3f3528859291ea11ab65476b11b3f357fa6b51ca8c07f;Wal-Obduktion unter Polizeischutz;https://www.zeit.de/wissenschaft/umwelt/2026-08/buckelwal-obduktion-hartwin-deutsches-meeresmuseum-ostsee;Erneut wurde ein toter Buckelwal in der Ostsee gefunden. Wie Biologen trotz Verschwörungstheorien und Morddrohungen erforschen, warum Wale vor unseren Küsten sterben.;"Z+ (abopflichtiger Inhalt);
        
    Buckelwal";Wissenschaft, Buckelwal, Buckelwal, Ostsee, Tiere, Meeresbiologie, Stralsund, Obduktion;2026-08-18T11:01:05+02:00;2026-08-18T11:01:05+02:00;Dagny LüdemannMartin Pauer;;false
7578dbd2a0d8f9fd407b5cddb1000d3c60b6ff41ce0aac2d0294ee652b17c986;Haftstrafe im Prozess gegen mutmaßlichen Agenten Russlands;https://www.zeit.de/news/2026-08/18/urteil-gegen-mutmassliche-agenten-russlands-erwartet;Hier finden Sie Informationen zu dem Thema „Brandanschläge geplant?“. Lesen Sie jetzt „Haftstrafe im Prozess gegen mutmaßlichen Agenten Russlands“.;Brandanschläge geplant?;News, Brandanschläge geplant?, Mann, Russland, Stuttgart, Bundesanwaltschaft, Brandsatz, Güterverkehr, Oberlandesgericht, Krieg in der Ukraine;2026-08-18T11:00:36+02:00;2026-08-18T11:00:36+02:00;;dpa;false
88c8855b207ec8e994d5c447e91929ce0fe279eec853d99e11010f8152cf9787;Buckelwal vermutlich an bakterieller Infektion verendet;https://www.zeit.de/news/2026-08/18/buckelwal-vermutlich-an-bakterieller-infektion-verendet;Hier finden Sie Informationen zu dem Thema „Walfund“. Lesen Sie jetzt „Buckelwal vermutlich an bakterieller Infektion verendet“.;Walfund;News, Walfund, Greifswalder Bodden, Rügen, Buckelwal, Walfund, Infektion, Meeresmuseum, Tiere;2026-08-18T11:00:07+02:00;2026-08-18T11:00:07+02:00;;dpa;false
2ab65848a23a76434253c7df11406d7c5c12c5008deea7d6a385345c5b004334;Mit KI gegen Erderwärmung: Kondensstreifen verhindern;https://www.zeit.de/news/2026-08/18/mit-ki-gegen-erderwaermung-kondensstreifen-verhindern;Hier finden Sie Informationen zu dem Thema „Klimafreundlicheres Fliegen“. Lesen Sie jetzt „Mit KI gegen Erderwärmung: Kondensstreifen verhindern“.;Klimafreundlicheres Fliegen;News, Klimafreundlicheres Fliegen, Nordatlantik, Google Inc., Kondensstreifen, Erderwärmung, Technologiekonzern, Konsortium, Forschungseinrichtung, Großversuch, künstliche Intelligenz;2026-08-18T11:00:06+02:00;2026-08-18T11:00:06+02:00;;dpa;false
7dec8f6820396aa1f47f38e74871ec87cfcb99d8badf23bb122f51ea245324e8;Löschflugzeuge im Hohen Venn dürfen vorerst nicht abheben;https://www.zeit.de/gesellschaft/zeitgeschehen/2026-07/hitze-europa-duerre-niedrigwasser-waldbrand-live;Die Wetterbedingungen erlauben aktuell keinen Einsatz von Löschflugzeugen im Hohen Venn. Die erwarteten Niederschläge könnten die Löscharbeiten unterstützen. Das Liveblog;Liveblog:                     Hitze in Europa;Gesellschaft, Hitze in Europa, Hitzewelle, Waldbrand, Dürre, Europa, Niedrigwasser, Wetter;2026-08-18T10:59:39+02:00;2026-08-18T10:59:39+02:00;Tom-Luca FreundAlena Kammer;;false
c7323f23d4d62339b2d122c931bb06b0d1765d01dc839f2c06c8cc5ed76dfa86;Hafenarbeiter bestreiken sechs deutsche Seehäfen;https://www.zeit.de/news/2026-08/17/warnstreik-im-hamburger-hafen-hat-begonnen;Hier finden Sie Informationen zu dem Thema „Tarife“. Lesen Sie jetzt „Hafenarbeiter bestreiken sechs deutsche Seehäfen“.;Tarife;News, Tarife, Hamburg, Hamburger Hafen, Ver.di, Warnstreik, Transport;2026-08-18T10:59:11+02:00;2026-08-18T10:59:11+02:00;;dpa Hamburg/Schleswig-Holstein;false
2ef0055dc88b1faa140d8e7cc3acbf0d19ba506397f86e24e24d976715fe727c;Gericht verurteilt Ukrainer wegen Agententätigkeit für Russland;https://www.zeit.de/gesellschaft/2026-08/spionage-russland-ukrainer-oberlandesgericht-stuttgart;Weil er Brandanschläge im Auftrag Russlands vorbereitet haben soll, ist ein Ukrainer in Stuttgart zu Haft verurteilt worden. Zwei Angeklagte wurden freigesprochen.;Spionage für Russland;Gesellschaft, Spionage für Russland, Russland, Haftstrafe, Spionage;2026-08-18T10:58:45+02:00;2026-08-18T10:58:45+02:00;akm;DIE ZEIT,        dpa,        							akm;false
4d17b33db5a80fbb2d0b931c141c44a691ba3b0ce999da57212d9806525e513c;Schäden in Milliardenhöhe durch Erdbeben in Kolumbien;https://www.zeit.de/gesellschaft/zeitgeschehen/2026-08/erdbeben-kolumbien-abelardo-de-la-espriella-schaeden;Die Erdbeben in Kolumbien haben laut einer Schätzung Schäden in Milliardenhöhe verursacht. Mindestens 27.000 Wohnhäuser wurden zerstört, mehr als 120.000 beschädigt.;Erdbeben in Kolumbien;Gesellschaft, Erdbeben in Kolumbien, Kolumbien, Erdbeben;2026-08-18T10:58:11+02:00;2026-08-18T10:58:11+02:00;thor;DIE ZEIT,        dpa,        							thor;false
f8b48095a3a43cd4375c199748da9611b75fb6fe9ae8d22ef99667b7420740c6;Frasers Group verfehlt Übernahme von Hugo Boss knapp;https://www.zeit.de/news/2026-08/18/frasers-baut-position-bei-hugo-boss-weiter-aus;Hier finden Sie Informationen zu dem Thema „Bekleidungs-Riese“. Lesen Sie jetzt „Frasers Group verfehlt Übernahme von Hugo Boss knapp“.;Bekleidungs-Riese;News, Bekleidungs-Riese, Hugo Boss, Modekonzern;2026-08-18T10:56:04+02:00;2026-08-18T10:56:04+02:00;;dpa;false
0938d23b87e5584191072f056b24067c824498cf78a26e83b45525f8deefafda;Umgekippter Schwertransport auf A2: Stundenlange Sperrung;https://www.zeit.de/news/2026-08/18/schwertransporter-mit-baukran-umgekippt-a2-gesperrt;Hier finden Sie Informationen zu dem Thema „Vollsperrung“. Lesen Sie jetzt „Umgekippter Schwertransport auf A2: Stundenlange Sperrung“.;Vollsperrung;News, Vollsperrung, Kamen, Unna, Bergkamen, Polizei, Schwertransporter, Baukran, Vollsperrung, Anschlussstelle, Transporter;2026-08-18T10:55:04+02:00;2026-08-18T10:55:04+02:00;;dpa Nordrhein-Westfalen;false
b41b3b25226bf012a14e5cf86da037587b56b816eeb92d178d793d02402299b3;Angriff auf Berliner Landesnetz - Kritik an Cybersicherheit;https://www.zeit.de/news/2026-08/18/it-experte-berlin-bei-cybersicherheit-schlecht-aufgestellt;Hier finden Sie Informationen zu dem Thema „Hackerangriff“. Lesen Sie jetzt „Angriff auf Berliner Landesnetz - Kritik an Cybersicherheit“.;Hackerangriff;News, Hackerangriff, Manuel Atug, Berlin, Cybersicherheit, Hackerangriff, Senatsverwaltung;2026-08-18T10:53:54+02:00;2026-08-18T10:53:54+02:00;;dpa Berlin/Brandenburg;false
b969f7f9b0ea22d138b9f21925fa1401f83654859751d9dd13ce22f61194b0a5;Füllkrug zum Medizincheck in Bremen;https://www.zeit.de/news/2026-08/18/fuellkrug-zum-medizincheck-in-bremen;Hier finden Sie Informationen zu dem Thema „Transfer vor dem Abschluss“. Lesen Sie jetzt „Füllkrug zum Medizincheck in Bremen“.;Transfer vor dem Abschluss;News, Transfer vor dem Abschluss, Niclas Füllkrug, Bremen, Weserstadion, BMW, SV Werder Bremen, Medizincheck;2026-08-18T10:44:17+02:00;2026-08-18T10:44:17+02:00;;dpa Niedersachsen;false
140b3fa9f47cd205720084736128037f86544704d90c9b77dda1b7508123725d;Nach anonymer Nachricht: Gymnasium in Worms geräumt;https://www.zeit.de/news/2026-08/18/nach-anonymer-nachricht-gymnasium-in-worms-geraeumt;Hier finden Sie Informationen zu dem Thema „Polizeieinsatz“. Lesen Sie jetzt „Nach anonymer Nachricht: Gymnasium in Worms geräumt“.;Polizeieinsatz;News, Polizeieinsatz, Worms, Polizei, Polizeieinsatz, Gymnasium;2026-08-18T10:41:48+02:00;2026-08-18T10:41:48+02:00;;dpa Rheinland-Pfalz/Saarland;false
7578dbd2a0d8f9fd407b5cddb1000d3c60b6ff41ce0aac2d0294ee652b17c986;Haftstrafe im Prozess gegen mutmaßlichen Agenten Russlands;https://www.zeit.de/news/2026-08/18/haftstrafe-im-prozess-gegen-mutmasslichen-agenten-russlands;Hier finden Sie Informationen zu dem Thema „Kriminalität“. Lesen Sie jetzt „Haftstrafe im Prozess gegen mutmaßlichen Agenten Russlands“.;Kriminalität;News, Kriminalität, Russland, Haftstrafe, Agententätigkeit;2026-08-18T10:38:36+02:00;2026-08-18T10:38:36+02:00;;dpa;false
91dae32db9ccb6369eeab94946357c81f0c7c8caf71b968f7c435e43974082df;Boeing-Vorfall in München: Warnungen schon kurz nach Start;https://www.zeit.de/news/2026-08/18/boeing-vorfall-in-muenchen-warnungen-schon-kurz-nach-start;Hier finden Sie Informationen zu dem Thema „Luftverkehr“. Lesen Sie jetzt „Boeing-Vorfall in München: Warnungen schon kurz nach Start“.;Luftverkehr;News, Luftverkehr, München, Boeing, Dreamliner, Warnmeldung, Luftfahrtbehörde;2026-08-18T10:35:07+02:00;2026-08-18T10:35:07+02:00;;dpa;false
eca901b6f7703ab1cf4ddb5c89d56cc0561dba7a097a08449b1fa85ed2d0b99e;Bauernverband erwartet deutlich kleinere Ernte;https://www.zeit.de/news/2026-08/18/minister-verspricht-bauern-hilfe-erst-nach-erntebilanz;Hier finden Sie Informationen zu dem Thema „Landwirtschaft“. Lesen Sie jetzt „Bauernverband erwartet deutlich kleinere Ernte“.;Landwirtschaft;News, Landwirtschaft, Alois Rainer, Cem Özdemir, CSU, Erntebilanz, Trockenheit, Ernte;2026-08-18T10:31:40+02:00;2026-08-18T10:31:40+02:00;;dpa;false
4578b88d423ba7a9f5f257136a41e5d666dd38028a0d508e78f874e782efdd13;«Lebensfreude pur»: Nackt auf dem Rad durch den Wald;https://www.zeit.de/news/2026-08/18/lebensfreude-pur-nackt-auf-dem-rad-durch-den-wald;Hier finden Sie Informationen zu dem Thema „Naturismus“. Lesen Sie jetzt „«Lebensfreude pur»: Nackt auf dem Rad durch den Wald“.;Naturismus;News, Naturismus, Ralf Sprenger, Mann, Taunus, Polizei, Lebensfreude, Naturismus, Wald;2026-08-18T10:30:22+02:00;2026-08-18T10:30:22+02:00;;dpa Hessen;false
582e2e8a224c365fd96d0259a51aa72d75f835108b72eb34d934cd260caf9456;Klitschko tieftraurig über Tod von Ex-Verlobter Panettiere;https://www.zeit.de/news/2026-08/18/klitschko-tieftraurig-ueber-tod-von-ex-verlobter-panettiere;Hier finden Sie Informationen zu dem Thema „US-Schauspielerin“. Lesen Sie jetzt „Klitschko tieftraurig über Tod von Ex-Verlobter Panettiere“.;US-Schauspielerin;News, US-Schauspielerin, Wladimir Klitschko, Hayden Panettiere, Instagram, Trauer;2026-08-18T10:27:57+02:00;2026-08-18T10:27:57+02:00;;dpa;false
e3e3c936d4db39df015a545912ebd752351668b64b3f868bcc8ded85adc3546b;Paketfahrer fährt mehr als ein Jahr ohne Führerschein;https://www.zeit.de/news/2026-08/18/paketfahrer-faehrt-mehr-als-ein-jahr-ohne-fuehrerschein;Hier finden Sie Informationen zu dem Thema „Fahrerlaubnissperre“. Lesen Sie jetzt „Paketfahrer fährt mehr als ein Jahr ohne Führerschein“.;Fahrerlaubnissperre;News, Fahrerlaubnissperre, Polizei, Fahrerlaubnissperre, Führerschein, Lieferfahrzeug, Fahrverbot;2026-08-18T10:24:34+02:00;2026-08-18T10:24:34+02:00;;dpa Bayern;false
9185107eb69b2049b8dbbfba591e199017cf2143446d4867e89190bbc7bc4c76;333 Kinder bei Unfällen in Berlin verletzt oder getötet;https://www.zeit.de/news/2026-08/18/333-kinder-bei-unfaellen-in-berlin-verletzt-oder-getoetet;Hier finden Sie Informationen zu dem Thema „Verkehr“. Lesen Sie jetzt „333 Kinder bei Unfällen in Berlin verletzt oder getötet“.;Verkehr;News, Verkehr, Berlin, Polizei, Unfall, Verkehr;2026-08-18T10:23:39+02:00;2026-08-18T10:23:39+02:00;;dpa Berlin/Brandenburg;false
00e4033df035049c904fd8f62f23a61dd78b75af86c0f00592fc0235475176a8;Suchthilfe im Fußball-Stadion: «Man kämpft ein Leben lang»;https://www.zeit.de/news/2026-08/18/suchthilfe-im-fussball-stadion-man-kaempft-ein-leben-lang;Hier finden Sie Informationen zu dem Thema „Fußball und Alkohol“. Lesen Sie jetzt „Suchthilfe im Fußball-Stadion: «Man kämpft ein Leben lang»“.;Fußball und Alkohol;News, Fußball und Alkohol, Berlin, Gelsenkirchen, Schalke, Stadion An der Alten Försterei, CDU/CSU, Jägermeister, FC St. Pauli, Hamburger SV, Treffen, Alkohol;2026-08-18T10:11:04+02:00;2026-08-18T10:11:04+02:00;;dpa Berlin/Brandenburg;false
a60f76d7dbe63b678dbb1ba78e22731c8c12e144500bfd1c42bf2de69a47baf7;Niederschläge bringen Dresdner Fähren zurück auf die Elbe;https://www.zeit.de/news/2026-08/18/niederschlaege-bringen-dresdner-faehren-zurueck-auf-die-elbe;Hier finden Sie Informationen zu dem Thema „Fähren auf der Elbe“. Lesen Sie jetzt „Niederschläge bringen Dresdner Fähren zurück auf die Elbe“.;Fähren auf der Elbe;News, Fähren auf der Elbe, Elbe, Niederschlag, Fähre;2026-08-18T10:01:33+02:00;2026-08-18T10:01:33+02:00;;dpa Sachsen;false
9879479fc9b38849f314a2b776d3511b3c082113bf2088b45b98db3166e80ef9;53-Jähriger tot in Wohnhaus in Hagen aufgefunden;https://www.zeit.de/news/2026-08/18/toter-in-wohnhaus-in-hagen-aufgefunden;Hier finden Sie Informationen zu dem Thema „Mögliches Tötungsdelikt“. Lesen Sie jetzt „53-Jähriger tot in Wohnhaus in Hagen aufgefunden“.;Mögliches Tötungsdelikt;News, Mögliches Tötungsdelikt, Hagen, Tötungsdelikt;2026-08-18T10:00:06+02:00;2026-08-18T10:00:06+02:00;;dpa Nordrhein-Westfalen;false
d372a220ba0f5f4642786211fe9c8339721d29ecd01832b472de4c20ce2ed070;Zahl der Beschäftigten sinkt trotz Wirtschaftswachstum;https://www.zeit.de/wirtschaft/2026-08/erwerbstaetigkeit-deutschland-arbeitsmarkt-rueckgang-statistisches-bundesamt-gxe;Die Konjunkturerholung geht am deutschen Arbeitsmarkt vorbei. Im zweiten Quartal waren im Schnitt 45,7 Millionen Menschen erwerbstätig, etwas weniger als im Vorjahr.;Erwerbstätigkeit in Deutschland;Wirtschaft, Erwerbstätigkeit in Deutschland, Arbeitnehmer, Arbeitsmarkt, Wirtschaftswachstum, Bundesregierung, Industriebetrieb, Statistisches Bundesamt;2026-08-18T09:59:02+02:00;2026-08-18T09:59:02+02:00;akm;DIE ZEIT,        Reuters,        							akm;false
57f2112d47f44aa974878ac855250c4a2080ce647a4409eeceb26f05a6dd9c41;Zahl der Baugenehmigungen im ersten Halbjahr deutlich gestiegen;https://www.zeit.de/wirtschaft/2026-08/wohnungsbau-baugenehmigungen-statistik-verena-hubertz-gxe;Der Wohnungsbau in Deutschland ist so stark gewachsen wie seit zehn Jahren nicht mehr. Bundesbauministerin Verena Hubertz will mehr Anreize für bezahlbares Wohnen.;Wohnungsbau;Wirtschaft, Wohnungsbau, Wohnungsbau, Bauindustrie, Wohnen, Bauwirtschaft, Verena Hubertz, Statistik;2026-08-18T09:58:08+02:00;2026-08-18T09:58:08+02:00;liw;DIE ZEIT,        AFP,        							liw;false
b629e3ef36d4e441af2932728cdfbc0244f262a4ba790cf03294eb8d1d6a9319;Gebiet Charkiw: Zehn Tote nach russischem Raketenangriff;https://www.zeit.de/news/2026-08/18/buergermeister-moskau-mit-hunderten-drohnen-attackiert;Hier finden Sie Informationen zu dem Thema „Ukraine-Krieg“. Lesen Sie jetzt „Gebiet Charkiw: Zehn Tote nach russischem Raketenangriff“.;Ukraine-Krieg;News, Ukraine-Krieg, Sergej Sobjanin, Moskau, Hauptstadtregion, Millionenmetropole, Angriffswelle, Drohne;2026-08-18T09:57:07+02:00;2026-08-18T09:57:07+02:00;;dpa;false
49ba42f129b8269913f1804ce546d5e73f9ba1c438c173ee29c45d5a74e98b71;Jobverluste jetzt auch bei Dienstleistungen;https://www.zeit.de/news/2026-08/18/jobverluste-jetzt-auch-bei-dienstleistungen;Hier finden Sie Informationen zu dem Thema „Erstmals seit Corona-Krise“. Lesen Sie jetzt „Jobverluste jetzt auch bei Dienstleistungen“.;Erstmals seit Corona-Krise;News, Erstmals seit Corona-Krise, Statistisches Bundesamt, Jobverlust, Dienstleistung, Dienstleistungsbereich, Coronavirus;2026-08-18T09:51:08+02:00;2026-08-18T09:51:08+02:00;;dpa;false
3bc5bf3780849fe8095f2630341df6df0de674f8dc63593846268f46bd420b0a;Raserei durch Stuttgart: Fahrer ohne Führerschein erwischt;https://www.zeit.de/news/2026-08/18/raserei-durch-stuttgart-fahrer-ohne-fuehrerschein-erwischt;Hier finden Sie Informationen zu dem Thema „Verfolgungsfahrt“. Lesen Sie jetzt „Raserei durch Stuttgart: Fahrer ohne Führerschein erwischt“.;Verfolgungsfahrt;News, Verfolgungsfahrt, Stuttgart, Polizei, Raserei, Verfolgungsfahrt, Führerschein;2026-08-18T09:50:34+02:00;2026-08-18T09:50:34+02:00;;dpa Baden-Württemberg;false
10f06a11ef5630c81e985d73cd10c29e8af3f27bddd5d638f47944595e79a0d4;Achtung, hier kommt ein Tourist;https://www.zeit.de/feuilleton/2026-08/rollkoffer-tourismus-gepaeck-geraeusche-urlaub;Wenig ist so peinlich, wie Gepäck über Kopfsteinpflaster zu ziehen. Warum können Rollkoffer nicht ein bisschen leiser sein? Ein Zwischenruf ;"Z+ (abopflichtiger Inhalt);
        
    Rollkoffer";Feuilleton, Rollkoffer, Reisen, Tourismus, Urlaub;2026-08-18T09:49:57+02:00;2026-08-18T09:49:57+02:00;Ismael Berrazouane;;false
c42f9b61787a180e1134ae9faa5327ce3c22f26c221f9ce3671262cbcf8d2242;Verein Palästina e.V. verboten - «antisemitische Propaganda»;https://www.zeit.de/news/2026-08/18/verein-palaestina-e-v-verboten-durchsuchungen;Hier finden Sie Informationen zu dem Thema „Zeichen gegen Judenhass“. Lesen Sie jetzt „Verein Palästina e.V. verboten - «antisemitische Propaganda»“.;Zeichen gegen Judenhass;News, Zeichen gegen Judenhass, Palästinensergebiet, Durchsuchung, Extremismus;2026-08-18T09:49:09+02:00;2026-08-18T09:49:09+02:00;;dpa Baden-Württemberg;false
98c2d537723e4df83494936f43c85479390628a7001ef48ab817141c5cfda83f;Mann mit Messer - Polizeieinsatz in Mainzer Altstadt;https://www.zeit.de/news/2026-08/18/mann-mit-messer-polizeieinsatz-in-mainzer-altstadt;Hier finden Sie Informationen zu dem Thema „Keine Verletzten“. Lesen Sie jetzt „Mann mit Messer - Polizeieinsatz in Mainzer Altstadt“.;Keine Verletzten;News, Keine Verletzten, Polizei, Polizeieinsatz;2026-08-18T09:46:57+02:00;2026-08-18T09:46:57+02:00;;dpa Rheinland-Pfalz/Saarland;false
d5b7544049ef1b7f2bcf05aaac298f150f51cbfc563d19c2fc0dd2a74c41907e;»Wir haben unser erstes Haus für 1,3 Millionen Euro verkauft«;https://www.zeit.de/geld/2026-04/eigenkapital-hausbau-immobilie-investition-finanzierung;In ihren Bungalow haben Armin und Franziska 900.000 Euro Eigenkapital gesteckt. Weshalb sie sogar ruhig blieben, als während der Bauarbeiten mehrere Wände einstürzten.;"Z+ (abopflichtiger Inhalt);
        
    Eigenkapital beim Hausbau";Geld, Eigenkapital beim Hausbau, Hausbau, Eigenkapital, Immobilienmarkt, Finanzen, Eigenheim, Kredit;2026-08-18T09:46:12+02:00;2026-08-18T09:46:12+02:00;Gerrit-Freya Klebe;;false
ad6331d68b48f950a57b2873796f12c89054d02a00ff8cc7d768c15281160c7f;Fast jedes vierte Vorschulkind in Sachsen mit Sprachstörung;https://www.zeit.de/news/2026-08/18/fast-jedes-vierte-vorschulkind-in-sachsen-mit-sprachstoerung;Hier finden Sie Informationen zu dem Thema „Sprachstörungen“. Lesen Sie jetzt „Fast jedes vierte Vorschulkind in Sachsen mit Sprachstörung“.;Sprachstörungen;News, Sprachstörungen, Sachsen, Barmer, Sprachstörung, Entwicklungsstörung;2026-08-18T09:42:13+02:00;2026-08-18T09:42:13+02:00;;dpa Sachsen;false
e169332dc79770001e97608701f63ae0565cddd9b446af5a46794a9794a97799;Hitze und Trockenheit schmälern Apfelernte;https://www.zeit.de/news/2026-08/18/hitze-und-trockenheit-schmaelern-apfelernte;Hier finden Sie Informationen zu dem Thema „Schätzung der Obstbaubetriebe“. Lesen Sie jetzt „Hitze und Trockenheit schmälern Apfelernte“.;Schätzung der Obstbaubetriebe;News, Schätzung der Obstbaubetriebe, Baden-Württemberg, Statistisches Bundesamt, Trockenheit, Apfelernte, Obstbaubetrieb, Hitze;2026-08-18T09:42:10+02:00;2026-08-18T09:42:10+02:00;;dpa;false
74a6ff9fb897cf49271f48998738c9566e251beda39785b09596d2536e17f742;Linnea Weidemann, die aktuell beste Hockeyspielerin Berlins;https://www.zeit.de/news/2026-08/18/linnea-weidemann-die-aktuell-beste-hockeyspielerin-berlins;Hier finden Sie Informationen zu dem Thema „Hockey-WM“. Lesen Sie jetzt „Linnea Weidemann, die aktuell beste Hockeyspielerin Berlins“.;Hockey-WM;News, Hockey-WM, Linnea Weidemann, Natascha Keller, Wavre, Paris, Schottland, USA, Berlin, DHB, Olympische Spiele;2026-08-18T09:39:40+02:00;2026-08-18T09:39:40+02:00;;dpa Berlin/Brandenburg;false
4650602eee5a077398fc9200ffa968b450e666b795b21866f02d933bc48f416f;Firmensterben so ausgeprägt wie seit fast 20 Jahren nicht;https://www.zeit.de/news/2026-08/18/firmensterben-so-ausgepraegt-wie-seit-fast-20-jahren-nicht;Hier finden Sie Informationen zu dem Thema „Unternehmensschließungen 2025“. Lesen Sie jetzt „Firmensterben so ausgeprägt wie seit fast 20 Jahren nicht“.;Unternehmensschließungen 2025;News, Unternehmensschließungen 2025, Patrik-Ludwig Hantzsch, Mannheim, ZEW, Firmensterben, Unternehmensschließung, Fachkräftemangel;2026-08-18T09:30:05+02:00;2026-08-18T09:30:05+02:00;;dpa;false
aecf4bf411a0951d8d3e11f69e48dd84bbc81e8dec190691cd66d3d8104882c7;Was für ein genialer Move!;https://www.zeit.de/feuilleton/2026-08/berliner-volksbad-volksbuehne-identitaetspolitik-matthias-lilienthal-kommentar;Die Debatte ums Volksbad der Berliner Volksbühne lief nach den Regeln des einstudierten Kulturkampfs. Das kann nur eine Kunstperformance sein.;"Z+ (abopflichtiger Inhalt);
        
    Berliner Volksbad";Feuilleton, Berliner Volksbad, Freibad, Theater, Berlin, schwimmen, Frank Castorf, Theatersaison;2026-08-18T09:29:33+02:00;2026-08-18T09:29:33+02:00;Jens Balzer;;false
141aea541d2d22e1a5eb8ee798538f2f45311346131bca64b1bfc420fe3b177d;Pegelstände an der Elbe sinken weiter;https://www.zeit.de/news/2026-08/18/pegelstaende-an-der-elbe-sinken-weiter;Hier finden Sie Informationen zu dem Thema „Niedrigwasser“. Lesen Sie jetzt „Pegelstände an der Elbe sinken weiter“.;Niedrigwasser;News, Niedrigwasser, Elbe, Magdeburg, Pegelstand, Niedrigwasser, Strombrücke, Wasserstand, Informationsportal;2026-08-18T09:29:08+02:00;2026-08-18T09:29:08+02:00;;dpa Sachsen;false
b39a30d509dbaab9e44a6b0415baa689536ade4fb0d602da39b156af503cbf71;Sachsen-Anhalts Regierungschef Schulze warnt vor Wahl des BSW;https://www.zeit.de/politik/deutschland/2026-08/sachsen-anhalt-sven-schulze-cdu-bsw-afd-ulrich-siegmund-gxe;Kurz vor der Landtagswahl liegt die AfD in Sachsen-Anhalt in Umfragen klar vorn. Ministerpräsident Schulze warnt: »Das BSW wird die AfD zu 100 Prozent unterstützen.« ;Sachsen-Anhalt;Politik, Sachsen-Anhalt, Bündnis Sahra Wagenknecht, Sachsen-Anhalt, Sven Schulze, Landtagswahl, CDU, Alternative für Deutschland;2026-08-18T09:28:03+02:00;2026-08-18T09:28:03+02:00;cth;DIE ZEIT,        AFP,        							cth;false
8cb39b5114cddf4c2d922c3356e84564dc41830c83cae78aa0a80020b128a33d;Grote widerspricht Wirrwarr-Vorwurf bei Drohnenabwehr;https://www.zeit.de/news/2026-08/18/grote-widerspricht-wirrwarr-vorwurf-bei-drohnenabwehr;Hier finden Sie Informationen zu dem Thema „Bedrohung durch Flugobjekte“. Lesen Sie jetzt „Grote widerspricht Wirrwarr-Vorwurf bei Drohnenabwehr“.;Bedrohung durch Flugobjekte;News, Bedrohung durch Flugobjekte, Andy Grote, SPD, ZDF-Morgenmagazin, Innenministerkonferenz, Drohnenabwehr, Flugobjekt, Bedrohung;2026-08-18T09:20:56+02:00;2026-08-18T09:20:56+02:00;;dpa Hamburg/Schleswig-Holstein;false
ad64e77662814899160c58075d2023e4c667928a8d25a62707d5cc3df4598981;Brand in Entsorgungsbetrieb - Material wohl selbst entzündet;https://www.zeit.de/news/2026-08/18/brand-in-entsorgungsbetrieb-beschaeftigt-feuerwehr;Hier finden Sie Informationen zu dem Thema „Brände“. Lesen Sie jetzt „Brand in Entsorgungsbetrieb - Material wohl selbst entzündet“.;Brände;News, Brände, Feuerwehr, Entsorgungsbetrieb, Entsorgungsunternehmen, Regionalleitstelle, Feuerwehreinsatz, Brand;2026-08-18T09:16:32+02:00;2026-08-18T09:16:32+02:00;;dpa Berlin/Brandenburg;false
659cb00fd8f69a7f256b22f3b69d3cee6a0c0383cfc70fcc8a2b0a62e3089c11;Autofahrer bei Mühldorf gestoppt – Siegel «totalgefälscht»;https://www.zeit.de/news/2026-08/18/autofahrer-bei-muehldorf-gestoppt-siegel-totalgefaelscht;Hier finden Sie Informationen zu dem Thema „Plakettenfälschung“. Lesen Sie jetzt „Autofahrer bei Mühldorf gestoppt – Siegel «totalgefälscht»“.;Plakettenfälschung;News, Plakettenfälschung, Mühldorf, Plakettenfälschung, Plakette, Auto;2026-08-18T09:16:05+02:00;2026-08-18T09:16:05+02:00;;dpa Bayern;false
0537ab50c870f536387ba16a3a491d885c3b425ea8373fd834489a67911e21b4;Wohnungsbau legt zu - stärkster Halbjahresanstieg seit 2016;https://www.zeit.de/news/2026-08/18/wohnungsbau-legt-zu-staerkster-halbjahresanstieg-seit-2016;Hier finden Sie Informationen zu dem Thema „Immobilienmarkt“. Lesen Sie jetzt „Wohnungsbau legt zu - stärkster Halbjahresanstieg seit 2016“.;Immobilienmarkt;News, Immobilienmarkt, Statistisches Bundesamt, Halbjahresanstieg, Wohnungsbau, Aufwärtstrend, Baugenehmigung, Immobilienmarkt;2026-08-18T09:12:15+02:00;2026-08-18T09:12:15+02:00;;dpa;false
f52f51eb84e107f0c798747bdc618dae83a9937f9bd6022889be842fcd050905;Schwickert: Klimawandel macht Waldbrände zur Herausforderung;https://www.zeit.de/news/2026-08/18/schwickert-klimawandel-macht-waldbraende-zur-herausforderung;Hier finden Sie Informationen zu dem Thema „Brandbekämpfung“. Lesen Sie jetzt „Schwickert: Klimawandel macht Waldbrände zur Herausforderung“.;Brandbekämpfung;News, Brandbekämpfung, Achim Schwickert, Mainz, Rheinland-Pfalz, CDU, Deutsche Presse-Agentur, Polizei, Klimawandel, Waldbrand, Brandbekämpfung, Vegetationsbrand;2026-08-18T09:11:54+02:00;2026-08-18T09:11:54+02:00;;dpa Rheinland-Pfalz/Saarland;false
6d576b2172b1661e6b8a41a2fd1272c4b70b2d6d6b09b4a7e5d30ce553f48fa5;Mann in Hermeskeil bei Streit durch Stiche schwer verletzt;https://www.zeit.de/news/2026-08/18/mann-in-hermeskeil-bei-streit-durch-stiche-schwer-verletzt;Hier finden Sie Informationen zu dem Thema „Kriminalität“. Lesen Sie jetzt „Mann in Hermeskeil bei Streit durch Stiche schwer verletzt“.;Kriminalität;News, Kriminalität, Mann, Hermeskeil, Polizei, Stich, Stichwaffe;2026-08-18T09:11:24+02:00;2026-08-18T09:11:24+02:00;;dpa Rheinland-Pfalz/Saarland;false
a7a9ba0ee20d852ea3046a879e7e04d4d43f5208e09ee7f98c42aae083136944;Elfjährige Mädchen belästigt - Badeaufsicht greift ein;https://www.zeit.de/news/2026-08/18/elfjaehrige-maedchen-belaestigt-badeaufsicht-greift-ein;Hier finden Sie Informationen zu dem Thema „Übergriffe im Freibad“. Lesen Sie jetzt „Elfjährige Mädchen belästigt - Badeaufsicht greift ein“.;Übergriffe im Freibad;News, Übergriffe im Freibad, Polizei, Freibad, Übergriff;2026-08-18T09:11:13+02:00;2026-08-18T09:11:13+02:00;;dpa Baden-Württemberg;false
4b77b6bd5c2565978d18f1d61b79e844084447468ee4b1c96dc4948c859562c9;Bilder des Tages;https://www.zeit.de/news/2026-08/18/bilder-des-tages;Hier finden Sie Informationen zu dem Thema „Fotografie“. Lesen Sie jetzt „Bilder des Tages“.;Fotografie;News, Fotografie, News;2026-08-18T09:09:40+02:00;2026-08-18T09:09:40+02:00;;dpa;false
0fb3620eed44aad0de893c1ae4753ee5bd5be69137a3c4b69cdd1b38fc532654;Tödlicher Auffahrunfall auf A7: Lastwagen prallt gegen Auto;https://www.zeit.de/news/2026-08/18/lastwagen-faehrt-auf-auto-auf-a7-in-richtung-ulm-gesperrt;Hier finden Sie Informationen zu dem Thema „Langer Stau“. Lesen Sie jetzt „Tödlicher Auffahrunfall auf A7: Lastwagen prallt gegen Auto“.;Langer Stau;News, Langer Stau, Ulm, Uffenheim, Neustadt an der Aisch, Windsheim, Verkehr, Auto;2026-08-18T09:04:27+02:00;2026-08-18T09:04:27+02:00;;dpa Baden-Württemberg;false
5ca533a992d6e04d8e9f41b1473a553c809fda143cee3c8403ce4a9599396152;Verdacht auf Totschlag: 31-Jähriger am Flughafen gefasst;https://www.zeit.de/news/2026-08/18/verdacht-auf-totschlag-31-jaehriger-am-flughafen-gefasst;Hier finden Sie Informationen zu dem Thema „Kriminalität“. Lesen Sie jetzt „Verdacht auf Totschlag: 31-Jähriger am Flughafen gefasst“.;Kriminalität;News, Kriminalität, Totschlag, Ausreisekontrolle, Flughafen;2026-08-18T09:03:10+02:00;2026-08-18T09:03:10+02:00;;dpa Nordrhein-Westfalen;false
db3c21d49df3d8dbe32f3a0aeef68658f3b87b43ed48bb58f8a5ee5f552f5ccb;Minister erwartet trotz Dürre vorerst keine höheren Lebensmittelpreise;https://www.zeit.de/wirtschaft/2026-08/alois-rainer-lebensmittelpreise-trockenheit-csu-gxe;Landwirtschaftsminister Alois Rainer rechnet trotz anhaltender Trockenheit mit stabilen Preisen. Für finanzielle Hilfen für Bauern seien erst verlässliche Zahlen nötig.;Alois Rainer;Wirtschaft, Alois Rainer, Alois Rainer, Lebensmittel, Dürre, Agrarpolitik, Landwirtschaft, CSU;2026-08-18T09:02:05+02:00;2026-08-18T09:02:05+02:00;akm;DIE ZEIT,        AFP,        							akm;false
f2b957cd4b3b821e7b520013c58cc7d65731fb2cbd0c95c9dc27688e5d3d7920;Deutschland will Ebolahilfen um elf Millionen Euro aufstocken;https://www.zeit.de/politik/deutschland/2026-08/ebola-epidemie-demokratische-republik-kongo-reem-alabali-radovan-deutschland-hilfe-gxe;Der Ebola-Ausbruch in der DR Kongo ist der schwerste in der Geschichte des Landes. Deutschland schickt deshalb elf Millionen Euro an Hilfsleistungen zusätzlich ins Land.;Demokratische Republik Kongo;Politik, Demokratische Republik Kongo, Ebola, Republik Kongo, Virus, Epidemie, Gesundheitswesen, Gesundheitsrisiko;2026-08-18T09:01:24+02:00;2026-08-18T09:01:24+02:00;tlf;DIE ZEIT,        dpa,        KNA,        							tlf;false
a731370272107c85b02b6e19c9952be1ee4fecbd130e05ea05af0e2853819f2e;Ururenkel von Hotelgründer: Mit «Mythos Adlon» gut umgehen;https://www.zeit.de/news/2026-08/18/ururenkel-von-hotelgruender-mit-mythos-adlon-gut-umgehen;Hier finden Sie Informationen zu dem Thema „Felix Adlon“. Lesen Sie jetzt „Ururenkel von Hotelgründer: Mit «Mythos Adlon» gut umgehen“.;Felix Adlon;News, Felix Adlon, Felix Adlon, Lorenz Adlon, Berlin, Mythos, Nobelhotel, Familie;2026-08-18T09:01:22+02:00;2026-08-18T09:01:22+02:00;;dpa Berlin/Brandenburg;false
270b6995439513b67b1706e88cd5f4832175a20b572e5926a41a83fc1a6868ea;Umfrage: Viele Eltern bei Fake-News und KI unsicher;https://www.zeit.de/news/2026-08/18/umfrage-viele-eltern-bei-fake-news-und-ki-unsicher;Hier finden Sie Informationen zu dem Thema „Studie zu KI im Familienalltag“. Lesen Sie jetzt „Umfrage: Viele Eltern bei Fake-News und KI unsicher“.;Studie zu KI im Familienalltag;News, Studie zu KI im Familienalltag, Körber, Wikipedia, YouTube, Umfrage, Familienalltag;2026-08-18T09:00:06+02:00;2026-08-18T09:00:06+02:00;;dpa;false
afaca82f90ff8563e31c5270edd88b9c176a90f47ec45e445e7801cff171bcae;Gerti Tetzners verbotener DDR-Roman erscheint nach 50 Jahren;https://www.zeit.de/news/2026-08/18/gerti-tetzners-verbotener-ddr-roman-erscheint-nach-50-jahren;Hier finden Sie Informationen zu dem Thema „Literatur“. Lesen Sie jetzt „Gerti Tetzners verbotener DDR-Roman erscheint nach 50 Jahren“.;Literatur;News, Literatur, Gerti Tetzner, Karen W., Christa T., Schriftstellerin, DDR, DDR-Staatssicherheit, Belletristik, Erfolg, Wölfe;2026-08-18T09:00:05+02:00;2026-08-18T09:00:05+02:00;;dpa Berlin/Brandenburg;false
70de66db1112111b7031331e1c657bbb67657ab92397695edad19476fb0f08a7;Waldbrand: Polizei und Feuerwehr bleiben weiter wachsam;https://www.zeit.de/news/2026-08/18/waldbrand-bei-schramberg-nachloescharbeiten-laufen;Hier finden Sie Informationen zu dem Thema „Hunderte Feuerwehrleute“. Lesen Sie jetzt „Waldbrand: Polizei und Feuerwehr bleiben weiter wachsam“.;Hunderte Feuerwehrleute;News, Hunderte Feuerwehrleute, Schramberg, Landkreis Rottweil, Feuerwehr, Nachlöscharbeit, Glutnest, Waldgebiet, Brandort, Einsatzkraft, Waldbrand, Wald;2026-08-18T08:59:53+02:00;2026-08-18T08:59:53+02:00;;dpa Baden-Württemberg;false
dcf84d7ae0c43100e49f09801c5efd0b0c92472e5978c02ecaf533ddfffb4d7c;Gegen zwei Autos gefahren - Polizei nimmt Frau Schlüssel ab;https://www.zeit.de/news/2026-08/18/gegen-zwei-autos-gefahren-polizei-nimmt-frau-schluessel-ab;Hier finden Sie Informationen zu dem Thema „Unfälle“. Lesen Sie jetzt „Gegen zwei Autos gefahren - Polizei nimmt Frau Schlüssel ab“.;Unfälle;News, Unfälle, Görlitz, Görlitzer Straße, Polizei, Unfall, Autoschlüssel, Auto;2026-08-18T08:58:54+02:00;2026-08-18T08:58:54+02:00;;dpa Sachsen;false
f20e245f8055f1b155e349c9762842292d5d4c81dc12c28b2529020d589503e4;Signalstörung sorgt für Probleme bei mehreren S-Bahnlinien;https://www.zeit.de/news/2026-08/18/signalstoerung-sorgt-fuer-probleme-bei-mehreren-s-bahnlinien;Hier finden Sie Informationen zu dem Thema „Bahnverkehr“. Lesen Sie jetzt „Signalstörung sorgt für Probleme bei mehreren S-Bahnlinien“.;Bahnverkehr;News, Bahnverkehr, Signalstörung, Bahnverkehr;2026-08-18T08:54:27+02:00;2026-08-18T08:54:27+02:00;;dpa Berlin/Brandenburg;false
4fe3a48fac3c8d4af2934eefa1ea368cd1d6c5bf25a8379cad44b0600283062c;Wieder Luftwaffenübung «Air Defender» geplant;https://www.zeit.de/news/2026-08/17/wieder-luftwaffenuebung-air-defender-geplant;Hier finden Sie Informationen zu dem Thema „Nato-Übung“. Lesen Sie jetzt „Wieder Luftwaffenübung «Air Defender» geplant“.;Nato-Übung;News, Nato-Übung, Luftwaffe, Luftwaffenübung, Unterstützungsflugzeug;2026-08-18T08:51:15+02:00;2026-08-18T08:51:15+02:00;;dpa Berlin/Brandenburg;false
3f80e55977b4d116a73f33a1f5db9bf9869f4152ab3a1dafd9b2752ca167e699;Rettung auf dem Bodensee: Motorboot kentert bei Hilfsaktion;https://www.zeit.de/news/2026-08/18/rettung-auf-dem-bodensee-motorboot-kentert-bei-hilfsaktion;Hier finden Sie Informationen zu dem Thema „Mehrere Menschen im Wasser“. Lesen Sie jetzt „Rettung auf dem Bodensee: Motorboot kentert bei Hilfsaktion“.;Mehrere Menschen im Wasser;News, Mehrere Menschen im Wasser, Bodensee, Feuerwehr, Motorboot, Hilfsaktion, Rettung, Segelboot, Wasserschutzpolizei;2026-08-18T08:50:29+02:00;2026-08-18T08:50:29+02:00;;dpa Baden-Württemberg;false
7a40616d009ec476b5ab4f82510aac61ddc98940bc7419c087321ff4a0d81a50;Wolf bleibt bei Koalition – BSW ringt um Thüringer Regierung;https://www.zeit.de/news/2026-08/18/wolf-bleibt-bei-koalition-bsw-ringt-um-thueringer-regierung;Hier finden Sie Informationen zu dem Thema „Parteiquerelen“. Lesen Sie jetzt „Wolf bleibt bei Koalition – BSW ringt um Thüringer Regierung“.;Parteiquerelen;News, Parteiquerelen, Sahra Wagenknecht, Thüringen, MDR, Bündnis Sahra Wagenknecht, CDU, SPD, Alternative für Deutschland, Parteiquerele, Wölfe, Koalition;2026-08-18T08:49:24+02:00;2026-08-18T08:49:24+02:00;;dpa Thüringen;false
8eb08f04ca15e040abea4b580d8852cec4f08b613390785590679d340fb669f3;Regen und Böen in Nordrhein-Westfalen;https://www.zeit.de/news/2026-08/18/regen-und-boeen-in-nordrhein-westfalen;Hier finden Sie Informationen zu dem Thema „Wettervorhersage“. Lesen Sie jetzt „Regen und Böen in Nordrhein-Westfalen“.;Wettervorhersage;News, Wettervorhersage, Nordrhein-Westfalen, Böe, Wettervorhersage, Brandgebiet;2026-08-18T08:48:02+02:00;2026-08-18T08:48:02+02:00;;dpa Nordrhein-Westfalen;false
ea51bdbd142213c3ea1fa8b701d7bdceaf220ac1b1d04b1d7b817fcf8602e3b3;Grundwasser im Südwesten erreicht neue Tiefststände;https://www.zeit.de/news/2026-08/18/grundwasser-im-suedwesten-erreicht-neue-tiefststaende;Hier finden Sie Informationen zu dem Thema „Trockenheit“. Lesen Sie jetzt „Grundwasser im Südwesten erreicht neue Tiefststände“.;Trockenheit;News, Trockenheit, Baden-Württemberg, Südwesten, Grundwasser, Tiefststand, Trockenheit, Grundwasserstand, Messstelle;2026-08-18T08:38:42+02:00;2026-08-18T08:38:42+02:00;;dpa Baden-Württemberg;false
3fd09c93a39f544fb60124eec512aa9fda43deb0c26e7edd0bc585969ea33705;Polizei geht nach Feuer auf Reiterhof von Brandstiftung aus;https://www.zeit.de/news/2026-08/18/polizei-geht-nach-feuer-auf-reiterhof-von-brandstiftung-aus;Hier finden Sie Informationen zu dem Thema „«Flammenmeer»“. Lesen Sie jetzt „Polizei geht nach Feuer auf Reiterhof von Brandstiftung aus“.;«Flammenmeer»;News, «Flammenmeer», Heusenstamm, Polizei, Kripo, Reiterhof, Brandstiftung, Flammenmeer, Wald;2026-08-18T08:35:51+02:00;2026-08-18T08:35:51+02:00;;dpa Hessen;false
ebc9aa0acca0611bc35b5e475d2fcaea5242557ccfffe1046722f471ed79ae1f;Falsch geparkte E-Scooter: Tausende Verstöße registriert;https://www.zeit.de/news/2026-08/18/falsch-geparkte-e-scooter-tausende-verstoesse-registriert;Hier finden Sie Informationen zu dem Thema „Verkehr“. Lesen Sie jetzt „Falsch geparkte E-Scooter: Tausende Verstöße registriert“.;Verkehr;News, Verkehr, Berlin, CDU, Senatskanzlei, Verkehr, E-Scooter;2026-08-18T08:34:58+02:00;2026-08-18T08:34:58+02:00;;dpa Berlin/Brandenburg;false
81b5af50190f631e7f251843cd0a2407d7deaf476d21d9a99c3476b7c4daecd4;«Handball dahoam»: Münchens Angriff auf die Bundesliga;https://www.zeit.de/news/2026-08/18/handball-dahoam-muenchens-angriff-auf-die-bundesliga;Hier finden Sie Informationen zu dem Thema „Münchner Panther“. Lesen Sie jetzt „«Handball dahoam»: Münchens Angriff auf die Bundesliga“.;Münchner Panther;News, Münchner Panther, Dominik Klein, Steffen Weinhold, Uli Hoeneß, München, Berlin, Füchse Berlin, SC Magdeburg, Deutsche Presse-Agentur, FC Bayern München, Bundesliga;2026-08-18T08:21:04+02:00;2026-08-18T08:21:04+02:00;;dpa Bayern;false
8fa9ad0bab3138539467278911934ee998a8b49939af787c00216ef6adc21038;Mann bedroht in Offenbach spielende Kinder;https://www.zeit.de/news/2026-08/18/mann-bedroht-in-offenbach-spielende-kinder;Hier finden Sie Informationen zu dem Thema „Waffenähnlicher Gegenstand“. Lesen Sie jetzt „Mann bedroht in Offenbach spielende Kinder“.;Waffenähnlicher Gegenstand;News, Waffenähnlicher Gegenstand, Offenbach, Bürgel, Polizei;2026-08-18T08:14:26+02:00;2026-08-18T08:14:26+02:00;;dpa Hessen;false
97127bb6b3cd39834095d3100c1ff29181b613ee0b440d139ea646d1b81a936d;Segler aus Nordsee vor Langeoog gerettet;https://www.zeit.de/news/2026-08/18/segler-aus-nordsee-vor-langeoog-gerettet;Hier finden Sie Informationen zu dem Thema „Rettung“. Lesen Sie jetzt „Segler aus Nordsee vor Langeoog gerettet“.;Rettung;News, Rettung, Nordsee, Langeoog, Spiekeroog, DGzRS, Rettung;2026-08-18T08:05:49+02:00;2026-08-18T08:05:49+02:00;;dpa Niedersachsen;false
80adf4d7e075ad09d881d0acb752a2ad43056583a607749972ca7ba8ee913ef4;Der Fehltritt des Herrn Klepatsch;https://www.zeit.de/politik/ausland/2026-08/wladimir-putin-russland-ukrainekrieg-elite-5vor8;Ein russischer Wirtschaftsfunktionär wird wegen Zweifeln am Erfolg des Krieges gegen die Ukraine entlassen. Im Hintergrund steht ein Machtkampf in der Elite des Landes.;"Z+ (abopflichtiger Inhalt);
        
    Wladimir Putin";Politik, Wladimir Putin, Krieg in der Ukraine, Wladimir Putin, Russland, Militär, Europa;2026-08-18T08:04:09+02:00;2026-08-18T08:04:09+02:00;Michael Thumann;;false
9948cefa84888e3d9aa693cb678be716084c0efcb5c219fff530f9d7315c2ae2;Wie gut ist Ihre Nachbarschaft mit Ladesäulen versorgt?;https://www.zeit.de/mobilitaet/2026-08/ladesaeulen-e-autos-infrastruktur-bedarf-ueberversorgung;Die Zukunft ist elektrisch. Dafür braucht es mehr Ladesäulen. Entdecken Sie in unserer Karte, ob Ihr Viertel ausreichend versorgt ist – und wie es 2045 aussehen könnte.;"Z+ (abopflichtiger Inhalt);
        
    Ladesäulen für E-Autos";Mobilitaet, Ladesäulen für E-Autos, Elektroauto, Elektromobilität, Kraftfahrt-Bundesamt, Infrastruktur, Verkehr, Straßenverkehr;2026-08-18T08:02:21+02:00;2026-08-18T08:02:21+02:00;Sören GötzKirk JacksonBenja Zehr;;false
acc0c80afcb97e191ed880d4e9ba57c6238dda12067624253f6957f0daa88228;Kritikerumfrage sieht Berliner Staatsballett vorne;https://www.zeit.de/news/2026-08/18/kritikerumfrage-sieht-berliner-staatsballett-vorne;Hier finden Sie Informationen zu dem Thema „Tanz“. Lesen Sie jetzt „Kritikerumfrage sieht Berliner Staatsballett vorne“.;Tanz;News, Tanz, Rudolf Nurejew, Berlin, Russland, Berliner Staatsballett, Kritikerumfrage, Staatsballett, Fachmagazin;2026-08-18T08:01:04+02:00;2026-08-18T08:01:04+02:00;;dpa Berlin/Brandenburg;false
4fefcb4b2e4e6c6f13c7f82762c05ce7859501d3a01e993645bb0b1a83a7d421;Streit um mehr Schutz für jüdische Studenten geht weiter;https://www.zeit.de/news/2026-08/18/streit-um-mehr-schutz-fuer-juedische-studenten-geht-weiter;Hier finden Sie Informationen zu dem Thema „Hochschulen“. Lesen Sie jetzt „Streit um mehr Schutz für jüdische Studenten geht weiter“.;Hochschulen;News, Hochschulen, Kristin Pietrzyk, Julia Kopp, FU, RIAS, Freie Universität Berlin, Verwaltungsgericht, OVG, Deutsche Presse-Agentur, Diskriminierung;2026-08-18T08:00:06+02:00;2026-08-18T08:00:06+02:00;;dpa Berlin/Brandenburg;false
03c8d07a16cc4c5cb32f8fae111f0783d1fc91309982c2c54fabb86a30e7aed3;Gewerkschaft: Feuerwehren besser auf Waldbrände vorbereiten;https://www.zeit.de/news/2026-08/18/gewerkschaft-feuerwehren-besser-auf-waldbraende-vorbereiten;Hier finden Sie Informationen zu dem Thema „Waldbrände“. Lesen Sie jetzt „Gewerkschaft: Feuerwehren besser auf Waldbrände vorbereiten“.;Waldbrände;News, Waldbrände, Siegfried Maier, Feuerwehr, Waldbrand, Wald;2026-08-18T07:56:36+02:00;2026-08-18T07:56:36+02:00;;dpa Baden-Württemberg;false
e189846206c58af439d3560220e6458e08aa0f773daa771edddbc6fef2c1189e;Vier von fünf Beschäftigten in Altersteilzeit nutzen das Blockmodell;https://www.zeit.de/politik/deutschland/2026-08/altersteilzeit-blockmodell-rentenkommission-koalition-gxe;Menschen in Altersteilzeit nutzen überwiegend das Blockmodell, bei dem die Lohnauszahlung gestreckt wird. Die Rentenkommission sieht eine Abschaffung dieses Modells vor.;Altersteilzeit;Politik, Altersteilzeit, Altersteilzeit, Arbeitnehmer, Arbeitszeit, Rentenpolitik, Bundesregierung, Rente;2026-08-18T07:56:34+02:00;2026-08-18T07:56:34+02:00;tlf;DIE ZEIT,        dpa,        							tlf;false
a80f8ff1b8164aeedb3c0a4b71f43885ace50db3f3e3adacb3779095e1df7f1c;Humanitäre Helfer riskieren in Krisengebieten ihr Leben;https://www.zeit.de/news/2026-08/18/humanitaere-helfer-riskieren-in-krisengebieten-ihr-leben;Hier finden Sie Informationen zu dem Thema „Konflikte“. Lesen Sie jetzt „Humanitäre Helfer riskieren in Krisengebieten ihr Leben“.;Konflikte;News, Konflikte, Francesco Lanino, Denis Drichi, Sudan, Krisengebiet, Welttag, Ungleichheit, Erdbeben, Geflüchtetencamp, Bürgerkrieg, Evakuierung;2026-08-18T07:45:05+02:00;2026-08-18T07:45:05+02:00;;dpa;false
bbdd1366e48830008d1a9b6aaec99fb21a7efbbd80b71da0f14610382b282563;Brand im Hohen Venn: Wind bereitet aktuell keine Probleme;https://www.zeit.de/news/2026-08/18/waldbrand-im-hohen-venn-bleibt-unberechenbar;Hier finden Sie Informationen zu dem Thema „Großbrand“. Lesen Sie jetzt „Brand im Hohen Venn: Wind bereitet aktuell keine Probleme“.;Großbrand;News, Großbrand, Philipp Krüger, Karl-Heinz Banse, Monschau, Hohes Venn, Feuerwehr, DWD, Polizei, Naturschutzgebiet, Eifelstadt, Einsatzkraft;2026-08-18T07:44:10+02:00;2026-08-18T07:44:10+02:00;;dpa;false
b87b5a13e2edc7641eaffb8acf0baae121f3b1786e2b87036d537ff93bd3622b;»Zieh jeden Abend einen Pyjama an«;https://www.zeit.de/zeit-magazin/2026/35/alicja-kwade-kuenstlerin-skulpturen-ratschlaege-leben;Die Künstlerin Alicja Kwade verrät, was sie gerne früher im Leben gewusst hätte. Dass man sich New York zutrauen sollte. Oder wie viel wir mit Zebrafischen gemein haben.;"Z+ (abopflichtiger Inhalt);
        
    Alicja Kwade";Kunst, New York, Garten, Freundschaft, Liebe, Mathematik;2026-08-18T07:43:23+02:00;2026-08-18T07:43:23+02:00;Carlo Mariani;Aus dem        ZEITmagazin Nr. 35/2026;false
31f75e7d0d377216903fd4c41340987a663cbc7c26e28fc65cb01508328ff47f;Ölspur am Horner Kreisel – A24 Richtung Osten gesperrt;https://www.zeit.de/news/2026-08/18/oelspur-am-horner-kreisel-a24-richtung-osten-gesperrt;Hier finden Sie Informationen zu dem Thema „Verkehr“. Lesen Sie jetzt „Ölspur am Horner Kreisel – A24 Richtung Osten gesperrt“.;Verkehr;News, Verkehr, Ölspur, Autobahnauffahrt, Verkehr;2026-08-18T07:42:52+02:00;2026-08-18T07:42:52+02:00;;dpa Hamburg/Schleswig-Holstein;false
d3a8c8667b64dd86606a3aa249f45ba69a032c73ecab254105615b6f29705e00;Graue Tage in Berlin und Brandenburg;https://www.zeit.de/news/2026-08/18/graue-tage-in-berlin-und-brandenburg;Hier finden Sie Informationen zu dem Thema „Wetter“. Lesen Sie jetzt „Graue Tage in Berlin und Brandenburg“.;Wetter;News, Wetter, Berlin, Brandenburg, DWD, Wetter;2026-08-18T07:33:36+02:00;2026-08-18T07:33:36+02:00;;dpa Berlin/Brandenburg;false
f58edfbacdc47a3520407740f9e9eaef1b571ccbea73844d73f7bae1dab7e6cc;Amtsinhaber Hakainde Hichilema gewinnt Präsidentschaftswahl in Sambia;https://www.zeit.de/politik/ausland/2026-08/wahl-sambia-hakainde-hichilema-praesident-gxe;Hakainde Hichilema bleibt Präsident von Sambia. Laut Wahlkommission erhielt er etwa 60 Prozent der Stimmen. Die EU hat Unregelmäßigkeiten bei der Wahl kritisiert.;Wahl in Sambia;Politik, Wahl in Sambia, Sambia, Wahlkampf, Präsidentschaft, Wahlrecht, Afrika;2026-08-18T07:29:11+02:00;2026-08-18T07:29:11+02:00;akm;DIE ZEIT,        AFP,        							akm;false
6269a8a854d9b737c9ac294200ee696f19d25de4df536a6565c7a727fa00b17c;Masters in Cincinnati: Zverev zieht ins Achtelfinale ein;https://www.zeit.de/news/2026-08/18/masters-in-cincinnati-zverev-zieht-ins-achtelfinale-ein;Hier finden Sie Informationen zu dem Thema „Tennis“. Lesen Sie jetzt „Masters in Cincinnati: Zverev zieht ins Achtelfinale ein“.;Tennis;News, Tennis, Alexander Zverev, Tommy Paul, Adolfo Vallejo, Paraguay, Cincinnati, Tennis Masters Cup, French Open, Masters-Turnier;2026-08-18T07:19:16+02:00;2026-08-18T07:19:16+02:00;;dpa Sport;false
510fed135c2df75cda6612329db4868a00025d7fa362e46af951fedac59f60b4;Wolken und Schauer in Rheinland-Pfalz und im Saarland;https://www.zeit.de/news/2026-08/18/wolken-und-schauer-in-rheinland-pfalz-und-im-saarland;Hier finden Sie Informationen zu dem Thema „Wettervorhersage“. Lesen Sie jetzt „Wolken und Schauer in Rheinland-Pfalz und im Saarland“.;Wettervorhersage;News, Wettervorhersage, Saarland, Rheinland-Pfalz, Wettervorhersage, Wetter;2026-08-18T07:12:03+02:00;2026-08-18T07:12:03+02:00;;dpa Rheinland-Pfalz/Saarland;false
215397b6156df5d2f54e6a651bc45fda930e1ce3e441979ca0f85be9e76ed54d;Brutaler Mord vor 30 Jahren: Fünf Fakten zum Fall Amy Lopez;https://www.zeit.de/news/2026-08/18/brutaler-mord-vor-30-jahren-fuenf-fakten-zum-fall-amy-lopez;Hier finden Sie Informationen zu dem Thema „Prozess beginnt“. Lesen Sie jetzt „Brutaler Mord vor 30 Jahren: Fünf Fakten zum Fall Amy Lopez“.;Prozess beginnt;News, Prozess beginnt, Amy Lopez, Koblenz, Festung Ehrenbreitstein, Staatsanwaltschaft, Mord;2026-08-18T07:09:50+02:00;2026-08-18T07:09:50+02:00;;dpa Hessen;false
922cf8d1ef2a795417c97b6c75228b474df1a4f04c43ba665da755962350ede5;Mann wird von Straßenbahn erfasst und stirbt;https://www.zeit.de/news/2026-08/18/mann-wird-von-strassenbahn-erfasst-und-stirbt;Hier finden Sie Informationen zu dem Thema „Unfälle“. Lesen Sie jetzt „Mann wird von Straßenbahn erfasst und stirbt“.;Unfälle;News, Unfälle, Chemnitz, Straßenbahn, Unfall;2026-08-18T07:08:17+02:00;2026-08-18T07:08:17+02:00;;dpa Sachsen;false
021f38298100c7cfef268b4b1114f97b55bf995a20b90e81ebfc4b92590f173a;Bill Clinton wird 80: «Comeback-Kid» und viele Skandale;https://www.zeit.de/news/2026-08/18/bill-clinton-wird-80-comeback-kid-und-viele-skandale;Hier finden Sie Informationen zu dem Thema „Ex-Präsident“. Lesen Sie jetzt „Bill Clinton wird 80: «Comeback-Kid» und viele Skandale“.;Ex-Präsident;News, Ex-Präsident, Bill Clinton, Jeffrey Epstein, Donald Trump, Monica Lewinsky, Hillary Clinton, Washington, Chappaqua, New York, Kapitol, Demokraten (USA);2026-08-18T07:00:09+02:00;2026-08-18T07:00:09+02:00;;dpa;false
19a0ecb24f92c089fd8ca54d881ac651b8cca9af76f1a2dda14ec02b53e22e0d;Gründer setzt bei Werbung ganz auf KI - Macht das Schule?;https://www.zeit.de/news/2026-08/18/gruender-setzt-bei-werbung-ganz-auf-ki-macht-das-schule;Hier finden Sie Informationen zu dem Thema „Werbung & KI“. Lesen Sie jetzt „Gründer setzt bei Werbung ganz auf KI - Macht das Schule?“.;Werbung & KI;News, Werbung & KI, Marcel Nagler, Joerg Fieback, Mittweida, Österreich, Spotify, Coronavirus, künstliche Intelligenz, Werbebranche;2026-08-18T07:00:07+02:00;2026-08-18T07:00:07+02:00;;dpa Sachsen;false
0d0caa55a151b45c847a287e17b410b6fd375eb4f57ab0e045e92b7eb709d1e3;Wechselhaftes Wetter mit Schauern und Gewittern erwartet;https://www.zeit.de/news/2026-08/18/wechselhaftes-wetter-mit-schauern-und-gewittern-erwartet;Hier finden Sie Informationen zu dem Thema „Wettervorhersage“. Lesen Sie jetzt „Wechselhaftes Wetter mit Schauern und Gewittern erwartet“.;Wettervorhersage;News, Wettervorhersage, Niedersachsen, Bremen, DWD, Gewitter, Wettervorhersage, Wetter;2026-08-18T06:58:07+02:00;2026-08-18T06:58:07+02:00;;dpa Niedersachsen;false
718d464671c35162540897944b3dd3723f7f1fc2c8ea366279ad2b99fa612d42;Wechselhaft und nur noch mäßig warm in Hessen;https://www.zeit.de/news/2026-08/18/wechselhaft-und-nur-noch-maessig-warm-in-hessen;Hier finden Sie Informationen zu dem Thema „Wolken und Niederschläge“. Lesen Sie jetzt „Wechselhaft und nur noch mäßig warm in Hessen“.;Wolken und Niederschläge;News, Wolken und Niederschläge, Bergland, Hessen, Niederschlag, Wetter;2026-08-18T06:48:51+02:00;2026-08-18T06:48:51+02:00;;dpa Hessen;false
d312e2a89f0a298b1587e1def81d8e70dbebbbf1988810006921d45b98a358e5;Russland meldet heftigen Drohnenangriff auf Moskau;https://www.zeit.de/politik/ausland/ukraine-krieg-news-liveblog;Russland spricht nach Angriffen auf die Hauptstadtregion von der heftigsten Drohnenattacke seit zwei Jahren. Die russische Botschaft droht Großbritannien. Das Liveblog;Liveblog:                     Krieg gegen die Ukraine;Politik, Krieg gegen die Ukraine, Krieg in der Ukraine, Wolodymyr Selenskyj, Russland, Militär, Kyjiw;2026-08-18T07:01:04+00:00;2026-08-18T07:01:04+00:00;Petrina EngelkeDavid Rech;;false
6f03fb15cda62885edc992f9d0affc63f8ba6fba4666984124d53d8530ee8e68;Etwa zwei Stunden Verzögerung auf A111;https://www.zeit.de/news/2026-08/18/etwa-zwei-stunden-verzoegerung-auf-a111;Hier finden Sie Informationen zu dem Thema „Stau“. Lesen Sie jetzt „Etwa zwei Stunden Verzögerung auf A111“.;Stau;News, Stau, Verzögerung, Stau;2026-08-18T06:44:32+02:00;2026-08-18T06:44:32+02:00;;dpa Berlin/Brandenburg;false
b392b4341dfc358908959f6b7d48d0f0ddb8d73ee51e577e1e01519fdd5a7680;Eine Tote durch Tropensturm Lala auf Hawaii;https://www.zeit.de/gesellschaft/zeitgeschehen/2026-08/tropensturm-lala-hawaii-schaeden-stromausfall-gxe;Eine Frau wurde in Zusammenhang mit dem Tropensturm Lala tot aufgefunden. Durch das Unwetter waren 100.000 Haushalte ohne Strom, etwa 100 Häuser wurden weggespült.;USA;Gesellschaft, USA, Hawaii, Unwetter, Hurrikan, Stromversorgung, Extremwetter;2026-08-18T06:42:40+02:00;2026-08-18T06:42:40+02:00;tlf;DIE ZEIT,        AP,        dpa,        Reuters,        							tlf;false
c0f628352f1693d1e2247925d1603734640f9a46331ac3f7937c51ec93c1d4cb;Konstanz bekommt ab September neue Touristen-Attraktion;https://www.zeit.de/news/2026-08/18/konstanz-bekommt-ab-september-neue-touristen-attraktion;Hier finden Sie Informationen zu dem Thema „Panorama-Rundbau“. Lesen Sie jetzt „Konstanz bekommt ab September neue Touristen-Attraktion“.;Panorama-Rundbau;News, Panorama-Rundbau, Yadegar Asisi, Konstanz, asisi Panorama Berlin, Bauzeit, Rundbau;2026-08-18T06:18:29+02:00;2026-08-18T06:18:29+02:00;;dpa Baden-Württemberg;false
20b76caba52957f796c4e65d4abfa1238c85d590db06a5af5650d7a477f842dd;Wechselhaftes Wetter im Norden mit Regen und Gewittern;https://www.zeit.de/news/2026-08/18/wechselhaftes-wetter-im-norden-mit-regen-und-gewittern;Hier finden Sie Informationen zu dem Thema „Wetter“. Lesen Sie jetzt „Wechselhaftes Wetter im Norden mit Regen und Gewittern“.;Wetter;News, Wetter, Hamburg, Schleswig-Holstein, Mecklenburg-Vorpommern, DWD, Gewitter, Wetter;2026-08-18T06:04:10+02:00;2026-08-18T06:04:10+02:00;;dpa Hamburg/Schleswig-Holstein;false
ad73624e0a0da1967cda02771a9402135df6b1b730e0a6df882a76f8b8376b42;Hamburg-Nostalgie: Haben Sie davon noch ein Foto?;https://www.zeit.de/hamburg/2026-08/elbvertiefung-18-08-2026;Die Elbvertiefung am Dienstag – Mit einem 24-stündigen Warnstreik im Hafen, einer ersteigerten Ostseeinsel und der verwunderlichen Verwaisung von Fahrradparkhäusern;Elbvertiefung: Der tägliche Newsletter aus Hamburg;Hamburg, Elbvertiefung: Der tägliche Newsletter aus Hamburg, Oliver Pesendorfer, Hamburg, Lüneburg, Harburg, Elbe, England, Ostsee, Ostervilm, Ostsee-Insel, Jungfernstieg;2026-08-18T06:00:06+02:00;2026-08-18T06:00:06+02:00;Gesa Woltjen;;false
c82c4015d25cda42444653e0c982f0ab893a228cff01663e5d83cf362a0f8da1;Mord am Silbersee wird Fall bei «Aktenzeichen XY»;https://www.zeit.de/news/2026-08/18/mord-am-silbersee-wird-fall-bei-aktenzeichen-xy;Hier finden Sie Informationen zu dem Thema „Kriminalfall“. Lesen Sie jetzt „Mord am Silbersee wird Fall bei «Aktenzeichen XY»“.;Kriminalfall;News, Kriminalfall, Langenhagen, Polizei, Aktenzeichen XY, Mord, Kriminalfall;2026-08-18T06:00:05+02:00;2026-08-18T06:00:05+02:00;;dpa Niedersachsen;false
17fd080680e0300c82083729f8abe7174e3a5cb2de91b75c247edf8a0aa42c55;Umweltausschuss tagt wegen neuer Müllverbrennungsanlage;https://www.zeit.de/news/2026-08/18/umweltausschuss-tagt-wegen-neuer-muellverbrennungsanlage;Hier finden Sie Informationen zu dem Thema „Parlament“. Lesen Sie jetzt „Umweltausschuss tagt wegen neuer Müllverbrennungsanlage“.;Parlament;News, Parlament, Bahrenfeld, Umweltausschuss, Müllverbrennungsanlage, Volkspark, Hamburgische Bürgerschaft, Sondersitzung;2026-08-18T06:00:04+02:00;2026-08-18T06:00:04+02:00;;dpa Hamburg/Schleswig-Holstein;false
d65e6fbaf721f8142d127eb839604f6dfd254c6fbfdd64466725a028b341172c;Wann die 30-Grad-Marke wieder geknackt wird;https://www.zeit.de/news/2026-08/18/wann-die-30-grad-marke-wieder-geknackt-wird;Hier finden Sie Informationen zu dem Thema „Wetter“. Lesen Sie jetzt „Wann die 30-Grad-Marke wieder geknackt wird“.;Wetter;News, Wetter, Baden-Württemberg, DWD, Wetter;2026-08-18T05:56:53+02:00;2026-08-18T05:56:53+02:00;;dpa Baden-Württemberg;false
41bc29b2b77f208af88dd500dbda4ab9522373e1de82dcfd3f5033a74999c30f;Deutliche Abkühlung in Bayern;https://www.zeit.de/news/2026-08/18/deutliche-abkuehlung-in-bayern;Hier finden Sie Informationen zu dem Thema „Wettervorhersage“. Lesen Sie jetzt „Deutliche Abkühlung in Bayern“.;Wettervorhersage;News, Wettervorhersage, Bayern, DWD, Abkühlung, Wettervorhersage, Regenschirm, Pullover, Freistaat, Wetter;2026-08-18T05:50:39+02:00;2026-08-18T05:50:39+02:00;;dpa Bayern;false
a5efd9570e91d403e3efa904469b9931728eb5ff09c0263dfb236f8df15e3788;Ostsee-Urlaub wie zu DDR-Zeiten im Denkmal-Bungalow;https://www.zeit.de/news/2026-08/18/ostsee-urlaub-wie-zu-ddr-zeiten-im-denkmal-bungalow;Hier finden Sie Informationen zu dem Thema „Nostalgie-Urlaub“. Lesen Sie jetzt „Ostsee-Urlaub wie zu DDR-Zeiten im Denkmal-Bungalow“.;Nostalgie-Urlaub;News, Nostalgie-Urlaub, Candy Dassler, Nonnevitz, Ostsee, Rügen, DDR, Löbau, Mecklenburg-Vorpommern, Ensemble, Kindheitserinnerung, Bungalow;2026-08-18T05:45:06+02:00;2026-08-18T05:45:06+02:00;;dpa Berlin/Brandenburg;false
2f064da00c0fe3e74ed47f32a701cf69406ab1af8dd20a3e83a8ffa2012f720a;Stehplätze zurück bei Länderspielen: Was Fans wissen müssen;https://www.zeit.de/news/2026-08/18/stehplaetze-zurueck-bei-laenderspielen-was-fans-wissen-muessen;Hier finden Sie Informationen zu dem Thema „Nationalteams“. Lesen Sie jetzt „Stehplätze zurück bei Länderspielen: Was Fans wissen müssen“.;Nationalteams;News, Nationalteams, Oliver Bierhoff, Andreas Möller, Jürgen Klopp, Kolumbien, Griechenland, Augsburg, München, Serbien, Hillsborough, Karlsruhe;2026-08-18T05:35:04+02:00;2026-08-18T05:35:04+02:00;;dpa Sport;false
ecfc826d8bfae5f772d2d3173fde8ca5dcbc4b8c669bff44b90402dfbdc75b04;Was, wenn kein ICE mehr in Münster und Bamberg hält?;https://www.zeit.de/mobilitaet/2026-08/fernverkehr-die-gruenen-deutsche-bahn-italo-ice-anbindung;Die Deutsche Bahn bekommt Konkurrenz aus Italien, dadurch könnten mittelgroße Städte ihren ICE-Anschluss verlieren. Der Staat muss eingreifen, fordern die Grünen.;"Z+ (abopflichtiger Inhalt);
        
    Fernverkehr";Mobilitaet, Fernverkehr, Deutsche Bahn, Verkehrsministerium, Italien, Bündnis 90/Die Grünen, Deutscher Bundestag, Fernverkehr;2026-08-18T05:24:35+02:00;2026-08-18T05:24:35+02:00;Jonas Schulze Pals;;false
99b919ab9b9cf8e0ebf0e5b22148e864850866e67e559bd71c1e9a4f76ea5dd1;Wenn der Job zur Scheidung führt;https://www.zeit.de/arbeit/2026-07/arbeit-beziehung-scheidung-trennung-job;Ausgerechnet Paare, die gleichberechtigt arbeiten, scheitern öfter. Wie der Job schädlich für die Liebe ist – und was Paare dagegen tun können.;"Z+ (abopflichtiger Inhalt);
        
    Arbeit und Beziehung";Arbeit, Arbeit und Beziehung, Work-Life-Balance, Scheidung, Care-Arbeit, Familie, Homeoffice, Beziehung;2026-08-18T05:21:13+02:00;2026-08-18T05:21:13+02:00;Hannah ScherkampAnne Jeschke;;false
e387858296dd78155cb380c2dd24bc16425f3b9394b4a066434310d325db3cab;Den Parteien laufen die Mitglieder davon? Zahlen sagen etwas anderes;https://www.zeit.de/politik/deutschland/2026-08/parteimiglieder-wachstum-schrumpfen-krise-linke-afd-spd;Politische Parteien haben hierzulande Zulauf, einige sogar rasant. Woher der Aufschwung kommt und welche Partei vergreist, zeigen unsere Daten.;"Z+ (abopflichtiger Inhalt);
        
    Parteimitglieder";Politik, Parteimitglieder, Alternative für Deutschland, CDU, SPD, Die Linke, FDP, Bundestagswahl;2026-08-18T05:17:49+02:00;2026-08-18T05:17:49+02:00;Christian EndtJulius KölzerMichael Schlieben;;false
de262f59997a367af9d0cd07931259e0fcf33a6bb78d7bbffa774d902378b098;75.000 Euro Schaden nach Lagerhallen-Brand;https://www.zeit.de/news/2026-08/18/75-000-euro-schaden-nach-lagerhallen-brand;Hier finden Sie Informationen zu dem Thema „Ludwigslust-Parchim“. Lesen Sie jetzt „75.000 Euro Schaden nach Lagerhallen-Brand“.;Ludwigslust-Parchim;News, Ludwigslust-Parchim, Ludwigslust-Parchim, Sachschaden, Lagerhalle;2026-08-18T05:17:00+02:00;2026-08-18T05:17:00+02:00;;dpa Mecklenburg-Vorpommern;false
16d2f3b4287885fac03955ff2e913262f54d1e89f94071366b0eebe4dc689ffb;Fast 12.000 Bußgeldverfahren nach Schulpflichtversäumnissen;https://www.zeit.de/news/2026-08/18/fast-12-000-bussgeldverfahren-nach-schulpflichtversaeumnissen;Hier finden Sie Informationen zu dem Thema „Schwänzen für den Billigflug“. Lesen Sie jetzt „Fast 12.000 Bußgeldverfahren nach Schulpflichtversäumnissen“.;Schwänzen für den Billigflug;News, Schwänzen für den Billigflug, NRW, Nordrhein-Westfalen, Detmold, Köln, Arnsberg, Düsseldorf, Münster, Deutsche Presse-Agentur, Bußgeldverfahren, Schulpflichtversäumnis;2026-08-18T05:15:05+02:00;2026-08-18T05:15:05+02:00;;dpa Nordrhein-Westfalen;false
d27cbb9c937a25a350728eb34f5ade3a8e1252bd9860e0f7438a210c27028018;Feuerwehr erwartet starke Winde bei Bränden im Hohen Venn;https://www.zeit.de/gesellschaft/zeitgeschehen/2026-08/hohes-venn-brand-belgien-feuerwehr-monschau-gxe;Im belgischen Naturschutzgebiet Hohes Venn hat sich die Ausbreitung der Brände zunächst verlangsamt. Einsatzkräfte rechnen dennoch mit wochenlangen Löscharbeiten.;Waldbrände;Gesellschaft, Waldbrände, Waldbrand, Feuerwehr, Belgien, Dürre, Hitze, Naturschutzgebiet;2026-08-18T05:14:56+02:00;2026-08-18T05:14:56+02:00;peng;DIE ZEIT,        dpa,        							peng;false
b850e1617ced0fde759f7fbcf70bbaf538051c6bbbe4d61b353a781322ab39d8;Shakira unterstützt Wiederaufbau nach Erdbeben in Kolumbien;https://www.zeit.de/news/2026-08/18/shakira-unterstuetzt-wiederaufbau-nach-erdbeben-in-kolumbien;Hier finden Sie Informationen zu dem Thema „Popstar“. Lesen Sie jetzt „Shakira unterstützt Wiederaufbau nach Erdbeben in Kolumbien“.;Popstar;News, Popstar, Howard Buffett, Shakira, Sängerin, Kolumbien, Chocó, Wiederaufbau, Erdbeben;2026-08-18T05:03:54+02:00;2026-08-18T05:03:54+02:00;;dpa;false
c1cdf728f4d53cadc618c198d24e2cadb3489a60d85163774caa5b97b331e096;Bald wird gewählt - Was Wahlhelfer wissen sollten;https://www.zeit.de/news/2026-08/18/bald-wird-gewaehlt-was-wahlhelfer-wissen-sollten;Hier finden Sie Informationen zu dem Thema „Kommunalwahl 2026“. Lesen Sie jetzt „Bald wird gewählt - Was Wahlhelfer wissen sollten“.;Kommunalwahl 2026;News, Kommunalwahl 2026, Braunschweig, Oldenburg, Hannover, Göttingen, Osnabrück, Niedersachsen, Kommunalwahl, Wahllokal;2026-08-18T05:00:20+02:00;2026-08-18T05:00:20+02:00;;dpa Niedersachsen;false
fda4a2ef29a416405bc3615a511ff6596cc4e95f5ce4519c4c6fe1d4964a436f;Wüst bei Wahlkampf-Endspurt im Osten;https://www.zeit.de/news/2026-08/18/wuest-bei-wahlkampf-endspurt-im-osten;Hier finden Sie Informationen zu dem Thema „CDU-Auftritte“. Lesen Sie jetzt „Wüst bei Wahlkampf-Endspurt im Osten“.;CDU-Auftritte;News, CDU-Auftritte, Hendrik Wüst, Berlin, Sachsen-Anhalt, Mecklenburg-Vorpommern, Niedersachsen, CDU, Alternative für Deutschland, Landtagswahl, Kommunalwahl, Wahlkampf;2026-08-18T05:00:11+02:00;2026-08-18T05:00:11+02:00;;dpa Nordrhein-Westfalen;false
34559a8db5d19ad618686bab4491a1089afc88ef93982cb313884786fc4c482c;Neues Album, mehr Unfälle: Taylor Swift als Verkehrsrisiko?;https://www.zeit.de/news/2026-08/18/neues-album-mehr-unfaelle-taylor-swift-als-verkehrsrisiko;Hier finden Sie Informationen zu dem Thema „Smartphone im Auto“. Lesen Sie jetzt „Neues Album, mehr Unfälle: Taylor Swift als Verkehrsrisiko?“.;Smartphone im Auto;News, Smartphone im Auto, Taylor Swift, Vishal R. Patel, Boston, USA, Harvard Medical School, Unfall, Verkehrsrisiko, Smartphone, Verkehrsunfall, Auto;2026-08-18T05:00:08+02:00;2026-08-18T05:00:08+02:00;;dpa;false
708fde0cee39b1f3913ce3e88dd36ddc8b54d53d27dc2c5b4b17c2732195b456;Prominente unterstützen Kampagne gegen AfD-Alleinregierung;https://www.zeit.de/news/2026-08/18/prominente-unterstuetzen-kampagne-gegen-afd-alleinregierung;Hier finden Sie Informationen zu dem Thema „Sachsen-Anhalt“. Lesen Sie jetzt „Prominente unterstützen Kampagne gegen AfD-Alleinregierung“.;Sachsen-Anhalt;News, Sachsen-Anhalt, Christian Friedel, Anna Schudt, Max Simonischek, Sachsen-Anhalt, Alternative für Deutschland, Landtagswahl, Zivilgesellschaft, Wahlprogramm;2026-08-18T05:00:08+02:00;2026-08-18T05:00:08+02:00;;dpa Sachsen;false
927ce9707f7f5a04964c53f14cd8f28141a2e0a279b2de12c77612c523da7cd7;Tötungsdelikt in Glückstadt bei «Aktenzeichen XY»;https://www.zeit.de/news/2026-08/18/toetungsdelikt-in-glueckstadt-bei-aktenzeichen-xy;Hier finden Sie Informationen zu dem Thema „Fernsehbeitrag“. Lesen Sie jetzt „Tötungsdelikt in Glückstadt bei «Aktenzeichen XY»“.;Fernsehbeitrag;News, Fernsehbeitrag, Glückstadt, Itzehoe, Kreis Steinburg, Polizei, Staatsanwaltschaft, Aktenzeichen XY, Tötungsdelikt, Fernsehbeitrag, Unterkunft;2026-08-18T05:00:07+02:00;2026-08-18T05:00:07+02:00;;dpa Hamburg/Schleswig-Holstein;false
111864a2af5f9f24a5bcda71c598e70b4814d1e94f0c4a4c46132ba5d9d52860;Mit der S-Bahn zum BER? Derzeit nicht zu empfehlen;https://www.zeit.de/news/2026-08/18/mit-der-s-bahn-zum-ber-derzeit-nicht-zu-empfehlen;Hier finden Sie Informationen zu dem Thema „Bauarbeiten“. Lesen Sie jetzt „Mit der S-Bahn zum BER? Derzeit nicht zu empfehlen“.;Bauarbeiten;News, Bauarbeiten, Schöneweide, Baumschulenweg, Treptower Park, BER, Sommerferien;2026-08-18T05:00:06+02:00;2026-08-18T05:00:06+02:00;;dpa Berlin/Brandenburg;false
5e3fc8c3315cd94aae40681c8dc85781fbecf4743fd45c639decdb4cbed5538b;Matthäus: Kane verdient den Ballon d'Or am meisten;https://www.zeit.de/news/2026-08/18/matthaeus-kane-verdient-den-ballon-d-or-am-meisten;Hier finden Sie Informationen zu dem Thema „Fußball“. Lesen Sie jetzt „Matthäus: Kane verdient den Ballon d'Or am meisten“.;Fußball;News, Fußball, Lothar Matthäus, Harry Kane, Europa, FC Bayern München, Weltfußballer des Jahres, Goldener Schuh, Champions League, Fußball;2026-08-18T05:00:05+02:00;2026-08-18T05:00:05+02:00;;dpa Bayern;false
21447f1563e0ed94e23503f09c0082f1b5ddab8dd503b6238a320f669ff33df7;Wie wird der Wald brandfester? Eichen als Feuerschutz;https://www.zeit.de/news/2026-08/18/wie-wird-der-wald-brandfester-eichen-als-feuerschutz;Hier finden Sie Informationen zu dem Thema „Waldbränden vorbeugen“. Lesen Sie jetzt „Wie wird der Wald brandfester? Eichen als Feuerschutz“.;Waldbränden vorbeugen;News, Waldbränden vorbeugen, Tanja Sanders, Eberswalde, Feuerschutz, Waldbrand, Laubbaum, Feuerintensität, Kiefernwald, Waldökosystem, Nadelwald, Wald;2026-08-18T05:00:04+02:00;2026-08-18T05:00:04+02:00;;dpa;false
ad5bbd16c2a8e1306cb17c3138cc1d168912435c69194f139bc8c402aea6e31d;Wer zählt mit aus? Wo noch Wahlhelfer gesucht werden;https://www.zeit.de/news/2026-08/18/wer-zaehlt-mit-aus-wo-noch-wahlhelfer-gesucht-werden;Hier finden Sie Informationen zu dem Thema „Kommunalwahl 2026“. Lesen Sie jetzt „Wer zählt mit aus? Wo noch Wahlhelfer gesucht werden“.;Kommunalwahl 2026;News, Kommunalwahl 2026, Niedersachsen, Kommunalwahl, Schriftführung;2026-08-18T04:45:04+02:00;2026-08-18T04:45:04+02:00;;dpa Niedersachsen;false
3eea9708ab9385ebad9b3b0b5529c961753280338066173de59c48dbe9813a14;Weniger Bewerber, mehr Parteien: Kandidaten im Wandel;https://www.zeit.de/news/2026-08/18/weniger-bewerber-mehr-parteien-kandidaten-im-wandel;Hier finden Sie Informationen zu dem Thema „Landtagswahl 2026“. Lesen Sie jetzt „Weniger Bewerber, mehr Parteien: Kandidaten im Wandel“.;Landtagswahl 2026;News, Landtagswahl 2026, Sachsen-Anhalt, FDP, PDS, Deutsche Presse-Agentur, CDU, SPD, Alternative für Deutschland, Landtagswahl, Wahlkampf, Frauenanteil;2026-08-18T04:30:05+02:00;2026-08-18T04:30:05+02:00;;dpa Sachsen;false
a78d9d12b037f22b434f3ade2574a95bb5efd55bd0ed3a1edc1b1e1cc22e2df2;Förster Wohlleben rät: «Die Natur einfach machen lassen»;https://www.zeit.de/news/2026-08/18/foerster-wohlleben-raet-die-natur-einfach-machen-lassen;Hier finden Sie Informationen zu dem Thema „Wälder“. Lesen Sie jetzt „Förster Wohlleben rät: «Die Natur einfach machen lassen»“.;Wälder;News, Wälder, Peter Wohlleben, Augsburger Allgemeine, Wald;2026-08-18T04:05:04+02:00;2026-08-18T04:05:04+02:00;;dpa Bayern;false
0620b4d293754cbebd0a1173d655e7ce7e5b9cda0fd3db9124a2415807c3c266;Darf man überall nackt sein?;https://www.zeit.de/news/2026-08/18/darf-man-ueberall-nackt-sein;Hier finden Sie Informationen zu dem Thema „Naturismus“. Lesen Sie jetzt „Darf man überall nackt sein?“.;Naturismus;News, Naturismus, Naturismus, Nacktsein, Wandern;2026-08-18T04:01:04+02:00;2026-08-18T04:01:04+02:00;;dpa Hessen;false
e196ed9a2d6151d9efda0128e3f146c1eebaf6aeb47dc44c9df19e1d3f5938d7;Vier Klagen gegen Landarztquote in Bayern anhängig;https://www.zeit.de/news/2026-08/18/vier-klagen-gegen-landarztquote-in-bayern-anhaengig;Hier finden Sie Informationen zu dem Thema „Medizinstudium“. Lesen Sie jetzt „Vier Klagen gegen Landarztquote in Bayern anhängig“.;Medizinstudium;News, Medizinstudium, Bayern, Ansbach, Verwaltungsgericht, Gesundheitsministerium, Landarztquote, Klage, Medizinstudium;2026-08-18T04:00:21+02:00;2026-08-18T04:00:21+02:00;;dpa Bayern;false
a9752cac06b0a7cf3b605d41aafd934e11cf92d56ad9297bd31f291b7c2e63c0;Warum der Bahnhof von Stuttgart 21 keine Klimaanlage bekommt;https://www.zeit.de/news/2026-08/18/warum-der-bahnhof-von-stuttgart-21-keine-klimaanlage-bekommt;Hier finden Sie Informationen zu dem Thema „Spott im Internet“. Lesen Sie jetzt „Warum der Bahnhof von Stuttgart 21 keine Klimaanlage bekommt“.;Spott im Internet;News, Spott im Internet, René Krull, DB, Deutsche Bahn, YouTube, Stuttgart 21, Klimaanlage, Tiefbahnhof, Bahnhof;2026-08-18T04:00:10+02:00;2026-08-18T04:00:10+02:00;;dpa Baden-Württemberg;false
61aa748f0f5d236f35d8d2311d97809780ed850df2d0a0fc57e7a8c5bc33a7c3;Wohngeldreform: Minister warnt vor Folgen für Rentner;https://www.zeit.de/news/2026-08/18/wohngeldreform-minister-warnt-vor-folgen-fuer-rentner;Hier finden Sie Informationen zu dem Thema „Wohngeld“. Lesen Sie jetzt „Wohngeldreform: Minister warnt vor Folgen für Rentner“.;Wohngeld;News, Wohngeld, Steffen Schütz, Thüringen, Bündnis Sahra Wagenknecht, Bundesregierung, Deutsche Presse-Agentur, Wohngeldreform, Wohngeld, Rente, Rüstung;2026-08-18T04:00:09+02:00;2026-08-18T04:00:09+02:00;;dpa Thüringen;false
be69f11a67464ccbcdc70e1a2bfd5f9615dd5d626ae32b25240a86849eb28819;Antragsflut - KI-Modelle fordern Gerichte und Behörden;https://www.zeit.de/news/2026-08/18/antragsflut-ki-modelle-fordern-gerichte-und-behoerden;Hier finden Sie Informationen zu dem Thema „Künstliche Intelligenz“. Lesen Sie jetzt „Antragsflut - KI-Modelle fordern Gerichte und Behörden“.;Künstliche Intelligenz;News, Künstliche Intelligenz, Chris Schmitz, Berlin, Hertie, Antragsflut, künstliche Intelligenz, ChatGPT, Sprachmodell;2026-08-18T04:00:09+02:00;2026-08-18T04:00:09+02:00;;dpa Berlin/Brandenburg;false
d62995564b00ca3ba42f2adb5978c0ba3f5f6369bcff10276c8e43da856f3431;Für KI-Training? Google kauft Daten gescheiterter US-Airline;https://www.zeit.de/news/2026-08/18/fuer-ki-training-google-kauft-daten-gescheiterter-us-airline;Hier finden Sie Informationen zu dem Thema „Millionen Dollar für Daten“. Lesen Sie jetzt „Für KI-Training? Google kauft Daten gescheiterter US-Airline“.;Millionen Dollar für Daten;News, Millionen Dollar für Daten, Microsoft, Google Inc., Spirit Airlines, Datenpaket, Auktion;2026-08-18T03:39:15+02:00;2026-08-18T03:39:15+02:00;;dpa;false
88bd6e90fb79f5f0b8dab6ec0547704c47c40477efd37c807e89a46359eb2b8d;Umweltministerin will Mischwälder-Ausbau vorantreiben;https://www.zeit.de/news/2026-08/18/umweltministerin-will-mischwaelder-ausbau-vorantreiben;Hier finden Sie Informationen zu dem Thema „Waldbrände verhindern“. Lesen Sie jetzt „Umweltministerin will Mischwälder-Ausbau vorantreiben“.;Waldbrände verhindern;News, Waldbrände verhindern, Christine Schneider, Mainz, Rheinland-Pfalz, CDU, Deutsche Presse-Agentur, Waldbrand, Waldumbau, Laubwaldanteil, Nadelholz, Brandbeschleuniger;2026-08-18T03:35:04+02:00;2026-08-18T03:35:04+02:00;;dpa Rheinland-Pfalz/Saarland;false
5d501362bc2c904addfa746824624fe64caec45fbbdb809ada8614c177f73d05;Red Farmer unterstützen die Feuerwehr;https://www.zeit.de/news/2026-08/18/red-farmer-unterstuetzen-die-feuerwehr;Hier finden Sie Informationen zu dem Thema „Brandbekämpfung“. Lesen Sie jetzt „Red Farmer unterstützen die Feuerwehr“.;Brandbekämpfung;News, Brandbekämpfung, Südpfalz, Main-Spessart, Feuerwehr, Deutsche Presse-Agentur, Flutkatastrophe im Ahrtal, Brandbekämpfung, Hilfstransport, Kreisfeuerwehrverband;2026-08-18T03:30:18+02:00;2026-08-18T03:30:18+02:00;;dpa Rheinland-Pfalz/Saarland;false
9b4b201a8aebaf5b30720f548f63bcee6b4ec3f8d721685dc6b6c2dab951e7b8;Tote Frau in Berliner Park - 46-Jähriger kommt vor Gericht;https://www.zeit.de/news/2026-08/18/tote-frau-in-berliner-park-46-jaehriger-kommt-vor-gericht;Hier finden Sie Informationen zu dem Thema „Kriminalität“. Lesen Sie jetzt „Tote Frau in Berliner Park - 46-Jähriger kommt vor Gericht“.;Kriminalität;News, Kriminalität, News;2026-08-18T03:30:12+02:00;2026-08-18T03:30:12+02:00;;dpa Berlin/Brandenburg;false
0a03763df192a4554566ee5c54f784cd817b69714660107fb1254019996e30dd;Neues Zentrum soll Drohnenabwehr voranbringen;https://www.zeit.de/news/2026-08/18/neues-zentrum-soll-drohnenabwehr-voranbringen;Hier finden Sie Informationen zu dem Thema „Sicherheit vor Drohnen“. Lesen Sie jetzt „Neues Zentrum soll Drohnenabwehr voranbringen“.;Sicherheit vor Drohnen;News, Sicherheit vor Drohnen, Alexander Dobrindt, Dorothee Bär, Sven Schulze, Cochstedt, Sachsen-Anhalt, Deutsches Zentrum für Luft- und Raumfahrt, DLR, CSU, CDU, Drohnenabwehr;2026-08-18T03:30:11+02:00;2026-08-18T03:30:11+02:00;;dpa Sachsen;false
2a6a892635f8602af1f941868a10c561d089ad622b5932cf716392b995674e5b;Block-Prozess: Chefermittlerin wird erneut befragt;https://www.zeit.de/news/2026-08/18/block-prozess-chefermittlerin-wird-erneut-befragt;Hier finden Sie Informationen zu dem Thema „69. Verhandlungstag“. Lesen Sie jetzt „Block-Prozess: Chefermittlerin wird erneut befragt“.;69. Verhandlungstag;News, 69. Verhandlungstag, Christina Block, Polizei, Verhandlungstag, Strafkammer;2026-08-18T03:30:09+02:00;2026-08-18T03:30:09+02:00;;dpa Hamburg/Schleswig-Holstein;false
7a145bd605716b9fbfc82b19aa4c953a326b4bd6a8bb605675d440f133138765;Wer's grün haben will im Garten greift zu Kunstrasen;https://www.zeit.de/news/2026-08/18/wer-s-gruen-haben-will-im-garten-greift-zu-kunstrasen;Hier finden Sie Informationen zu dem Thema „Gestaltungstrend“. Lesen Sie jetzt „Wer's grün haben will im Garten greift zu Kunstrasen“.;Gestaltungstrend;News, Gestaltungstrend, Kronberg im Taunus, Kunstrasen, Gestaltungstrend, Trockenheit, Hitze;2026-08-18T03:30:08+02:00;2026-08-18T03:30:08+02:00;;dpa Hessen;false
6793af496399e18edfe0e63392b8957413e9e34b03d9b0c55f7f30928491fe05;Revisionsprozess nach tödlichem Autorennen beginnt;https://www.zeit.de/news/2026-08/18/revisionsprozess-nach-toedlichem-autorennen-beginnt;Hier finden Sie Informationen zu dem Thema „Gerichtsverhandlung“. Lesen Sie jetzt „Revisionsprozess nach tödlichem Autorennen beginnt“.;Gerichtsverhandlung;News, Gerichtsverhandlung, Revisionsprozess, Autorennen, Gerichtsverhandlung, Landgericht;2026-08-18T03:30:07+02:00;2026-08-18T03:30:07+02:00;;dpa Thüringen;false
19c062cf03ee525c6d78b2c033c2c0c9c77de6b0945296e9da1793792133673c;Psychiatrisches Gutachten nach tödlicher Autofahrt erwartet;https://www.zeit.de/news/2026-08/18/psychiatrisches-gutachten-nach-toedlicher-autofahrt-erwartet;Hier finden Sie Informationen zu dem Thema „Berlin und Teltow“. Lesen Sie jetzt „Psychiatrisches Gutachten nach tödlicher Autofahrt erwartet“.;Berlin und Teltow;News, Berlin und Teltow, Berlin, Brandenburg, Potsdam, Autofahrt, Grenze, Auto;2026-08-18T03:30:07+02:00;2026-08-18T03:30:07+02:00;;dpa Berlin/Brandenburg;false
1a784607de55404998c4d28b51ff99ef3ff16fa3f3ea231a96bef4a772bb672d;Beschäftigte streiken an sechs deutschen Seehäfen;https://www.zeit.de/arbeit/2026-08/warnstreiks-seehafen-verdi-tarifverhandlungen-hamburg-bremen-bremerhaven;In Hamburg, Bremerhaven, Bremen und Niedersachsen hat Ver.di zu Warnstreiks an Häfen aufgerufen. Die Gewerkschaft fordert acht Prozent mehr Lohn.;Ver.di;Arbeit, Ver.di, Warnstreik, Ver.di, Schifffahrt, Tarifkonflikt, Arbeitnehmer, Gewerkschaft;2026-08-18T03:02:09+02:00;2026-08-18T03:02:09+02:00;spr;DIE ZEIT,        dpa,        							spr;false
60bd43c7c11504eaaae027ae2c5633099cfda3e0919bc073815dc9f923e8127d;Niedriger Wasserstand in US-Stauseen bedroht Versorgung von Millionen;https://www.zeit.de/wissenschaft/umwelt/2026-08/duerre-usa-lake-mead-lake-powell-wasserstand;Der Wasserstand in den zwei größten Stauseen der USA ist dramatisch gefallen. Das könnte sich bald auf Trinkwasserversorgung, Strompreise und Landwirtschaft auswirken.;Dürre in den USA;Wissenschaft, Dürre in den USA, USA, Dürre, Naturschutz, Hitze, Trinkwasser, Strompreis;2026-08-18T02:50:31+02:00;2026-08-18T02:50:31+02:00;peng;DIE ZEIT,        AFP,        							peng;false
1deb88147a39f43c3bfee3367d8b7e87a44f43ea8c59fdaf345b13b0cb60242d;Nach Überholmanöver: fünf junge Erwachsene schwer verletzt;https://www.zeit.de/news/2026-08/18/nach-ueberholmanoever-fuenf-junge-erwachsene-schwer-verletzt;Hier finden Sie Informationen zu dem Thema „Autos zusammengestoßen“. Lesen Sie jetzt „Nach Überholmanöver: fünf junge Erwachsene schwer verletzt“.;Autos zusammengestoßen;News, Autos zusammengestoßen, Landkreis Vechta, Überholmanöver, Auto;2026-08-18T02:47:02+02:00;2026-08-18T02:47:02+02:00;;dpa Niedersachsen;false
1107b8390cbae081d31e0da7ab028e1c2cf4e6b94d2937822ef22037ec6d97b1;Politiker fordern EU-Sanktionen gegen Israels Minister Ben-Gvir;https://www.zeit.de/politik/ausland/2026-08/itamar-ben-gvir-forderung-eu-sanktionen-israel;Der rechtsextreme israelische Polizeiminister hat dazu aufgerufen, Menschen im Gazastreifen gezielt zu töten. Deutsche Politiker setzen sich für Konsequenzen ein.;Itamar Ben-Gvir;Politik, Itamar Ben-Gvir, Itamar Ben-Gvir, Israel, Gazastreifen, Europäische Union, Nahost, Nahostkonflikt;2026-08-18T01:23:15+02:00;2026-08-18T01:23:15+02:00;peng;DIE ZEIT,        dpa,        KNA,        							peng;false
b57f239d1d96e07e3cd7cbde2e2977fa2157b5f7627169025daf8828857902be;Überholmanöver führt zu Unfall: über 30.000 Euro Sachschaden;https://www.zeit.de/news/2026-08/18/ueberholmanoever-fuehrt-zu-unfall-ueber-30-000-euro-sachschaden;Hier finden Sie Informationen zu dem Thema „Vorpommern-Greifswald“. Lesen Sie jetzt „Überholmanöver führt zu Unfall: über 30.000 Euro Sachschaden“.;Vorpommern-Greifswald;News, Vorpommern-Greifswald, Überholmanöver, Sachschaden, Unfall, Auto;2026-08-18T01:01:30+02:00;2026-08-18T01:01:30+02:00;;dpa Mecklenburg-Vorpommern;false
ffd588f6cba7d08e7d5684f6bcb693e3ffd97b8b33fe72738d88afba5d0288fe;Auto überschlägt sich: Fahrerin schwer verletzt;https://www.zeit.de/news/2026-08/18/auto-ueberschlaegt-sich-fahrerin-schwer-verletzt;Hier finden Sie Informationen zu dem Thema „Unfall in Treptow-Köpenick“. Lesen Sie jetzt „Auto überschlägt sich: Fahrerin schwer verletzt“.;Unfall in Treptow-Köpenick;News, Unfall in Treptow-Köpenick, Treptow-Köpenick, Unfall, Auto;2026-08-18T00:56:41+02:00;2026-08-18T00:56:41+02:00;;dpa Berlin/Brandenburg;false
8a309e1057590ea20be83f56e8975905cb41b11194b47bbffc695199783a1bb7;Zufriedenheit mit Trump laut Umfrage erneut gesunken;https://www.zeit.de/politik/ausland/2026-08/donald-trump-zustimmung-us-praesident-reuters-ipsos-umfrage;Der andauernde Irankrieg lässt die Zustimmungswerte des US-Präsidenten fallen. Laut einer Erhebung rechnet die Mehrheit der US-Bürger nicht mit einem raschen Kriegsende. ;US-Präsident;Politik, US-Präsident, Donald Trump, US-Regierung, Republikaner (USA), Iran, USA, Meinungsforschung;2026-08-18T00:56:05+02:00;2026-08-18T00:56:05+02:00;spr;DIE ZEIT,        Reuters,        							spr;false
d344cc86b03235ad24572d9cec184113768275a13e15dc2c7f1046f6754cf093;Gelockerte Sonntagsfahrverbote bringen kaum zusätzlichen Lkw-Verkehr;https://www.zeit.de/mobilitaet/2026-08/lkw-sonntagsfahrverbot-lockerung-verkehr-nrw-bayern-bgl;In mehreren Bundesländern wurde das Sonntagsfahrverbot für Lkw ausgesetzt. Dies habe jedoch nicht zu einer bedeutenden Zunahme an Lkw-Fahrten geführt.;Lkw-Sonntagsfahrverbot;Mobilitaet, Lkw-Sonntagsfahrverbot, LKW, Straßenverkehr, Logistik, Transport, Verkehr, Autobahn;2026-08-18T00:54:31+02:00;2026-08-18T00:54:31+02:00;bam;DIE ZEIT,        AFP,        							bam;false
303b84ad16443257e72b6866c34b6b5ef2586c206ce54341564a9917a0d8ad4c;USA planen derzeit keine Verlängerung des Rahmenabkommens mit Iran;https://www.zeit.de/politik/ausland/2026-05/iran-krieg-donald-trump-hormus-live;Donald Trump erwartet nicht, dass der Iran einem für die USA akzeptablen Abkommen zustimmt. Die Frist der bisherigen Vereinbarung ist am Montag abgelaufen. Das Liveblog;Liveblog:                     Irankrieg;Politik, Irankrieg, USA, Donald Trump, Iran, Israel, Atomabkommen, Nahost, Militär;2026-08-18T04:48:01+00:00;2026-08-18T04:48:01+00:00;Eric VoigtAnnika BenzingSimon Sales Prado;;false
0fd27b23e1ddc05a0c607d3574ce103b328d700dcf7f0bc2fb7dc1ed52fc2ee7;Donald Trump bestätigt Gespräche mit Kim Jong-un;https://www.zeit.de/politik/ausland/2026-08/usa-nordkorea-donald-trump-gespraeche-kim-jong-un;Der Kontakt zwischen den USA und Nordkorea laufe »sehr positiv«, sagt Donald Trump. Der US-Präsident lobt Kim Jong-un – und kritisiert das verbündete Südkorea.;USA und Nordkorea;Politik, USA und Nordkorea, Donald Trump, Kim Jong Un, USA, Nordkorea, Republikaner (USA), US-Regierung;2026-08-18T00:39:21+02:00;2026-08-18T00:39:21+02:00;dar;DIE ZEIT,        AFP,        							dar;false
84bd2420545abf3efff15df1cc9551ea557f377c119e42d3d72b2fd4697e6053;Was geschah am 18. August?;https://www.zeit.de/news/2026-08/17/was-geschah-am-18-august;Hier finden Sie Informationen zu dem Thema „Kalenderblatt“. Lesen Sie jetzt „Was geschah am 18. August?“.;Kalenderblatt;News, Kalenderblatt, Angola, Namibia, Sambia, Simbabwe, Botsuana, Kalenderblatt, Namenstag;2026-08-17T23:55:04+02:00;2026-08-17T23:55:04+02:00;;dpa;false
eb9a0d1a58f8bf17539d4c8e72228829acb98d73872b35ccfe64ad735aaed88e;Thüringer BSW-Landesvorstand kündigt Sonderparteitag an;https://www.zeit.de/politik/deutschland/2026-08/bsw-thueringen-cdu-koalition-sonderparteitag;Die Bundesspitze des BSW drängt den Landesverband in Thüringen zum Ausstieg aus der Regierung, doch der wehrt sich. Nun sollen die Parteimitglieder die Lage klären.;Brombeerkoalition;Politik, Brombeerkoalition, Bündnis Sahra Wagenknecht, Thüringen, Sonderparteitag, CDU, Mario Voigt, Katja Wolf;2026-08-17T23:24:44+02:00;2026-08-17T23:24:44+02:00;voipeng;DIE ZEIT,        AFP,        dpa,        							voi					,        							peng;false
fe804127391f2274be60d1c0adb570821efc7036bfd366b50666a4b0e8c01023;BSW-Sonderparteitag zum Kurs in Thüringen;https://www.zeit.de/news/2026-08/17/thueringer-bsw-fraktion-haelt-an-brombeer-koalition-fest;Hier finden Sie Informationen zu dem Thema „Parteiquerelen“. Lesen Sie jetzt „BSW-Sonderparteitag zum Kurs in Thüringen“.;Parteiquerelen;News, Parteiquerelen, Sigrid Hupach, Erfurt, Bündnis Sahra Wagenknecht, CDU, SPD, Parteiquerele, Bundesspitze, Regierungskoalition, Koalition, Wölfe;2026-08-17T23:24:05+02:00;2026-08-17T23:24:05+02:00;;dpa;false
f8eb80078dac0f2112d6f23c091e44d539d4dc03213456b357eddec6a3e233cf;Von Linienbus eingeklemmt - Zwei Verletzte;https://www.zeit.de/news/2026-08/17/von-linienbus-eingeklemmt-zwei-verletzte;Hier finden Sie Informationen zu dem Thema „Unfälle“. Lesen Sie jetzt „Von Linienbus eingeklemmt - Zwei Verletzte“.;Unfälle;News, Unfälle, Linienbus, Unfall;2026-08-17T23:09:50+02:00;2026-08-17T23:09:50+02:00;;dpa Rheinland-Pfalz/Saarland;false
5874f3c4842f1f30071153faa66e18d9491c261c62902e546e2fa82e0f08dfa5;Prozess um Mord an Rapper Tupac Shakur beginnt;https://www.zeit.de/gesellschaft/zeitgeschehen/2026-08/tupac-shakur-mord-duane-keffe-d-davis-prozess-las-vegas;In Nevada hat das Strafverfahren gegen einen Tatverdächtigen im Fall Tupac Shakur begonnen. Er soll Drahtzieher des Mordes von 1996 am US-Rapper gewesen sein.;Mord an Tupac Shakur;Gesellschaft, Mord an Tupac Shakur, Tötungsdelikt, Gerichtsverfahren, Justiz, Hip-Hop, USA, Las Vegas;2026-08-17T22:41:29+02:00;2026-08-17T22:41:29+02:00;bam;DIE ZEIT,        AP,        Reuters,        							bam;false
bef6f7dbb76678c5d8b3142eef21f8b8f3065da1fdb833ea5a5e30667ef4adb5;SPD-Arbeitnehmerflügel: abschlagsfreie Frührente beibehalten;https://www.zeit.de/news/2026-08/17/spd-arbeitnehmerfluegel-abschlagsfreie-fruehrente-beibehalten;Hier finden Sie Informationen zu dem Thema „Diskussion um Frührente“. Lesen Sie jetzt „SPD-Arbeitnehmerflügel: abschlagsfreie Frührente beibehalten“.;Diskussion um Frührente;News, Diskussion um Frührente, Cansel Kiziltepe, SPD, Frührente, Rente;2026-08-17T22:33:56+02:00;2026-08-17T22:33:56+02:00;;dpa Berlin/Brandenburg;false
3ef3d4c87db355689de345b01e859f0fd8cc16775a20dd2c358bc771706ec26e;Fifa entlässt Betriebsdirektor Kevin Lamour nach Kritik an Infantino;https://www.zeit.de/sport/2026-08/fifa-kevin-lamour-gianni-infantino-investoren-uefa;Kevin Lamour hatte dem Fifa-Präsidenten Gianni Infantino vorgeworfen, seine Mitarbeiter bei dem geplanten Investorendeal hintergangen zu haben. Nun wurde er entlassen.;Fifa-Krise;Sport, Fifa-Krise, Gianni Infantino, Fifa, Fußball, Sportverband, Uefa, Entlassung;2026-08-17T22:24:58+02:00;2026-08-17T22:24:58+02:00;voi;DIE ZEIT,        SID,        Reuters,        							voi;false
77f304680f9ab6063a2d83a6b30ba847004bad506152ca49aba159f70573bf0a;Vor Supercup in Hamburg: Weltmeister Obst fällt aus;https://www.zeit.de/news/2026-08/17/vor-supercup-in-hamburg-weltmeister-obst-faellt-aus;Hier finden Sie Informationen zu dem Thema „Wegen Rückenbeschwerden“. Lesen Sie jetzt „Vor Supercup in Hamburg: Weltmeister Obst fällt aus“.;Wegen Rückenbeschwerden;News, Wegen Rückenbeschwerden, Andreas Obst, Hamburg, München, Basketball-Nationalmannschaft, FC Bayern München, Supercup, Rückenbeschwerde;2026-08-17T22:23:18+02:00;2026-08-17T22:23:18+02:00;;dpa Bayern;false
53735c6d0e0ba447e7dadf242a534c2a8007b776a2a10de3fdfaf7cf4b651f5d;Arday: Cambridge-Kanzler prangert «rassistische Hetzjagd» an;https://www.zeit.de/news/2026-08/17/arday-cambridge-kanzler-prangert-rassistische-hetzjagd-an;Hier finden Sie Informationen zu dem Thema „Tod von Professor“. Lesen Sie jetzt „Arday: Cambridge-Kanzler prangert «rassistische Hetzjagd» an“.;Tod von Professor;News, Tod von Professor, Jason Arday, Cambridge, London, Hetzjagd, Plagiatsvorwurf;2026-08-17T22:10:45+02:00;2026-08-17T22:10:45+02:00;;dpa;false
b7f2c2bba26d077d2deab481caae3fc8894544c19370e4f04b47d88386b03a34;44-Jähriger stirbt bei Auffahrunfall auf der A61;https://www.zeit.de/news/2026-08/17/44-jaehriger-stirbt-bei-auffahrunfall-auf-der-a61;Hier finden Sie Informationen zu dem Thema „Unfälle“. Lesen Sie jetzt „44-Jähriger stirbt bei Auffahrunfall auf der A61“.;Unfälle;News, Unfälle, Auffahrunfall, Unfall;2026-08-17T21:42:00+02:00;2026-08-17T21:42:00+02:00;;dpa Nordrhein-Westfalen;false
6a7c9f457b8a23d788446930380c4ddd5256df473c9c2facc7c04c0e376e46e2;Kushner trifft Netanjahu: Ringen um Gaza-Fahrplan;https://www.zeit.de/news/2026-08/17/israels-polizeiminister-fordert-mehr-toetungen-in-gaza;Hier finden Sie Informationen zu dem Thema „Nahost“. Lesen Sie jetzt „Kushner trifft Netanjahu: Ringen um Gaza-Fahrplan“.;Nahost;News, Nahost, Ozma Jehudit, Jared Kushner, Donald Trump, Benjamin Netanjahu, Rom, Gazastreifen, Hamas, Tötung, Küstenstreifen, Nachkriegsordnung;2026-08-17T21:22:38+02:00;2026-08-17T21:22:38+02:00;;dpa;false
081fa6d40350cafd7ba073ace9f9994477702c710dd8e794df96d1f564eb2ccc;Schwesig zeigt kein Interesse an Wechsel zur SPD-Spitze;https://www.zeit.de/news/2026-08/17/schwesig-zeigt-kein-interesse-an-wechsel-zur-spd-spitze;Hier finden Sie Informationen zu dem Thema „Landtagswahlen“. Lesen Sie jetzt „Schwesig zeigt kein Interesse an Wechsel zur SPD-Spitze“.;Landtagswahlen;News, Landtagswahlen, Manuela Schwesig, Mecklenburg-Vorpommern, SPD, Landtagswahl;2026-08-17T21:11:45+02:00;2026-08-17T21:11:45+02:00;;dpa Mecklenburg-Vorpommern;false
7a54e42be864a1a0b372ea810f23d344eb4147845675c179ecf4d9e4081663b9;»KI-Begleiter sind wie soziale Medien auf Steroiden«;https://www.zeit.de/feuilleton/2026-08/beziehungen-chatbots-ki-freundschaft-liebe-james-muldoon;Millionen Menschen führen Beziehungen mit Chatbots. Der Soziologe James Muldoon hat es ausprobiert – und Leute kennengelernt, die mit der KI ein Kind großziehen wollen.;"Z+ (abopflichtiger Inhalt);
        
    Beziehungen zu Chatbots";Feuilleton, Beziehungen zu Chatbots, künstliche Intelligenz, Chatbot, Beziehung, ChatGPT, Freundschaft, Soziologie;2026-08-17T21:01:09+02:00;2026-08-17T21:01:09+02:00;Xifan Yang;;false
f146846c3232ab28b1e672dfd0c912145769c8273c23fc0ab6cc9b609bafbaab;GDL-Streik bei Saarbahn - Ersatzkonzept auch am Dienstag;https://www.zeit.de/news/2026-08/17/gdl-streik-bei-saarbahn-ersatzkonzept-auch-am-dienstag;Hier finden Sie Informationen zu dem Thema „Gewerkschaften“. Lesen Sie jetzt „GDL-Streik bei Saarbahn - Ersatzkonzept auch am Dienstag“.;Gewerkschaften;News, Gewerkschaften, GDL, Saarbahn, Ersatzkonzept, Ausstand;2026-08-17T21:00:05+02:00;2026-08-17T21:00:05+02:00;;dpa Rheinland-Pfalz/Saarland;false
a2e219d9b40dc677a3f021210e8111beca5f7c89e6e34355a7d5ad18cecaf679;Drei Verletzte nach Kollision - B 216 stundenlang gesperrt;https://www.zeit.de/news/2026-08/17/drei-verletzte-nach-kollision-b-216-stundenlang-gesperrt;Hier finden Sie Informationen zu dem Thema „Unfälle“. Lesen Sie jetzt „Drei Verletzte nach Kollision - B 216 stundenlang gesperrt“.;Unfälle;News, Unfälle, Feuerwehr, Kollision, Unfall, Frontalzusammenstoß, Auto, Fahrzeug;2026-08-17T20:54:45+02:00;2026-08-17T20:54:45+02:00;;dpa Niedersachsen;false
9b05ae4e1cf63a668173f3c3d9ff29d16705cbe8cbaad13ed4e323af41728195;Feuer in Waldstück bei Schramberg weitestgehend gelöscht;https://www.zeit.de/news/2026-08/17/waldbrand-bei-schramberg-breitet-sich-rasch-aus;Hier finden Sie Informationen zu dem Thema „Hunderte Feuerwehrleute“. Lesen Sie jetzt „Feuer in Waldstück bei Schramberg weitestgehend gelöscht“.;Hunderte Feuerwehrleute;News, Hunderte Feuerwehrleute, Schramberg, Landkreis Rottweil, Waldbrand;2026-08-17T20:30:46+02:00;2026-08-17T20:30:46+02:00;;dpa Baden-Württemberg;false
3a932da2a94f948dfb0c39911de90a7b17a6d707802d5a726aba9a11200daba5;Donald Trump droht dem Oman mit Bombenangriffen;https://www.zeit.de/politik/ausland/2026-08/donald-trump-oman-bombenangriff-strasse-von-hormus-iran;Der US-Präsident fordert laut einem Medienbericht, der Oman solle sich nicht in US-Verhandlungen mit dem Iran einmischen. Andernfalls würden die USA das Land angreifen.;Irankrieg;Politik, Irankrieg, Donald Trump, Oman, Bombenangriff, Drohung, USA, Straße von Hormus;2026-08-17T20:28:07+02:00;2026-08-17T20:28:07+02:00;voi;DIE ZEIT,        dpa,        							voi;false
301c9d7842ac9e8fd6cab96210b835b9e57433311d37b8ee0453bb25f7621eec;Gewalttat in Künzell: Erwachsener Sohn in U-Haft;https://www.zeit.de/news/2026-08/17/gewalttat-in-kuenzell-erwachsener-sohn-in-u-haft;Hier finden Sie Informationen zu dem Thema „Kriminalität“. Lesen Sie jetzt „Gewalttat in Künzell: Erwachsener Sohn in U-Haft“.;Kriminalität;News, Kriminalität, Künzell, Fulda, Polizei, Hessischer Rundfunk, Gewalttat, Gewaltverbrechen;2026-08-17T20:24:50+02:00;2026-08-17T20:24:50+02:00;;dpa Hessen;false
42be9e43238c2c86800cbd0feb06a9ee5521ed65babf5fa997a2e2986dbddc27;Eilanträge gegen AfD-Ausschluss von Landratswahl abgewiesen;https://www.zeit.de/news/2026-08/17/eilantraege-gegen-afd-ausschluss-von-landratswahl-abgewiesen;Hier finden Sie Informationen zu dem Thema „Ausschluss von AfD-Kandidaten“. Lesen Sie jetzt „Eilanträge gegen AfD-Ausschluss von Landratswahl abgewiesen“.;Ausschluss von AfD-Kandidaten;News, Ausschluss von AfD-Kandidaten, Stephan Bothe, Lüneburg, Oldenburg, Alternative für Deutschland, Eilantrag, Landratswahl, Verwaltungsgericht;2026-08-17T20:21:30+02:00;2026-08-17T20:21:30+02:00;;dpa Niedersachsen;false
56a1b75cda8e3c70e44d8314c6b98b88562b0f88ea824a05cc6d85e6da01d8f6;Winkler verlässt Hertha BSC in Richtung Anderlecht;https://www.zeit.de/news/2026-08/17/winkler-verlaesst-hertha-bsc-in-richtung-anderlecht;Hier finden Sie Informationen zu dem Thema „2. Bundesliga“. Lesen Sie jetzt „Winkler verlässt Hertha BSC in Richtung Anderlecht“.;2. Bundesliga;News, 2. Bundesliga, Marten Winkler, Anderlecht, RSC Anderlecht, Hertha BSC Berlin, RSC e. V., 1. FC Heidenheim, Bundesliga;2026-08-17T20:21:14+02:00;2026-08-17T20:21:14+02:00;;dpa Berlin/Brandenburg;false
d4e8a873d7d70be96e666e62af6b85ea065fc23b22337cc5b7ab6d6bf6edc8bb;Pläne für Besucherzentrum zu Darmstädter Welterbe auf Eis;https://www.zeit.de/news/2026-08/17/plaene-fuer-besucherzentrum-zu-darmstaedter-welterbe-auf-eis;Hier finden Sie Informationen zu dem Thema „Welterbe“. Lesen Sie jetzt „Pläne für Besucherzentrum zu Darmstädter Welterbe auf Eis“.;Welterbe;News, Welterbe, Hanno Benz, Darmstadt, Mathildenhöhe, SPD, Besucherzentrum, Welterbestätte, Eis;2026-08-17T20:17:32+02:00;2026-08-17T20:17:32+02:00;;dpa Hessen;false
fc0e6d87e68099c3394ccaf64e7a59b347b2386abcc036426d70f2d1d84dac82;Brandbekämpfer: «Wir sind auf jeden Fall vorbereitet»;https://www.zeit.de/news/2026-08/17/brandbekaempfer-wir-sind-auf-jeden-fall-vorbereitet;Hier finden Sie Informationen zu dem Thema „Feuer in Belgien“. Lesen Sie jetzt „Brandbekämpfer: «Wir sind auf jeden Fall vorbereitet»“.;Feuer in Belgien;News, Feuer in Belgien, Tobias Schell, Belgien, Monschau, Feuerwehr, Deutsche Presse-Agentur, Polizei, Einsatzkraft, Brandlinie, Brand;2026-08-17T20:17:06+02:00;2026-08-17T20:17:06+02:00;;dpa Nordrhein-Westfalen;false
9293c58da887bb76b9e019e6d7e4244a4af70f101524957271b984c4def2c4b2;Früher Polizistin, heute leitet sie ein Bordell;https://www.zeit.de/arbeit/2026-07/bordell-sexarbeit-sauna-personal-wien;Mit gerade einmal 22 Jahren führt Sarah Omari ein Bordell. Dafür hat sie ihren Job bei der Polizei aufgegeben. Wie rechtfertigt sie diesen Bruch vor sich selbst?;"Z+ (abopflichtiger Inhalt);
        
    Bordell";Arbeit, Bordell, Prostitution, Bordell, Österreich, Wien, Unternehmen;2026-08-17T20:14:42+02:00;2026-08-17T20:14:42+02:00;Benjamin Emonts;;false
5f11302642aaf3da87337694e79b85d2ad50a914fa010033988196050305d28d;Bericht: Füllkrug vor Rückkehr nach Bremen;https://www.zeit.de/news/2026-08/17/bericht-fuellkrug-vor-rueckkehr-nach-bremen;Hier finden Sie Informationen zu dem Thema „Medizincheck am Dienstag“. Lesen Sie jetzt „Bericht: Füllkrug vor Rückkehr nach Bremen“.;Medizincheck am Dienstag;News, Medizincheck am Dienstag, Niclas Füllkrug, Bremen, West Ham, SV Werder Bremen, West Ham United F.C., Medizincheck;2026-08-17T20:06:09+02:00;2026-08-17T20:06:09+02:00;;dpa Niedersachsen;false
efb05bf6e2441f32f2dbd5a4efb3e5ef36166f0637bf1231485eac5b5cefdea0;Hackerangriff auf Berliner Landesnetz - Ausmaß unbekannt;https://www.zeit.de/news/2026-08/17/hackerangriff-auf-berliner-landesnetz-ausmass-unbekannt;Hier finden Sie Informationen zu dem Thema „Sicherheit“. Lesen Sie jetzt „Hackerangriff auf Berliner Landesnetz - Ausmaß unbekannt“.;Sicherheit;News, Sicherheit, Berlin, Staatsanwaltschaft, Hackerangriff, Landesnetz, Senatsverwaltung, Senatskanzlei, Sicherheit;2026-08-17T20:01:33+02:00;2026-08-17T20:01:33+02:00;;dpa Berlin/Brandenburg;false
d6869d73722ece56a70f13a91f0e087b71bd00c5d6290b2b1c2dbaa0c2a6e87d;Wer wird denn da gleich handeln wollen;https://www.zeit.de/wissenschaft/2026-08/hitzeschutz-klimapolitik-spd-grundgesetz-cdu;Klimaanpassung ins Grundgesetz? Die Debatte darum legt offen, wie unverhältnismäßig die Bundesregierung auf diesen Hitzesommer reagiert. Gleich in dreierlei Hinsicht. ;"Z+ (abopflichtiger Inhalt);
        
    Hitzeschutz";Wissenschaft, Hitzeschutz, Hitze, Klimapolitik, Bundesregierung, SPD, CDU, Grundgesetz;2026-08-17T20:01:24+02:00;2026-08-17T20:01:24+02:00;Dr. Stefan Schmitt;;false
af11eade913afc187b6e8730439f30f7dca18d80ac36eb744f70ddb2aa030d11;Streit um Tischtennisplatte löst Polizeieinsatz in JVA aus;https://www.zeit.de/gesellschaft/2026-08/gefangenenmeuterei-tuebingen-jva-rottenburg-polizeieinsatz;Gefangene der JVA Rottenburg weigerten sich, in ihre Zellen zurückzukehren. Der Auslöser: eine fehlende Tischtennisplatte. Die Polizei spricht von einer Meuterei.;Strafvollzug in Tübingen;Gesellschaft, Strafvollzug in Tübingen, Gefängnis, Tübingen, Ermittlung, Protest, Justiz, Polizei;2026-08-17T19:50:26+02:00;2026-08-17T19:50:26+02:00;voi;DIE ZEIT,        dpa,        							voi;false
de503762d23af3dc3e352e763db6bc8b0e900a47f715eb3b2d72cd7e8c41938e;Waldbrand im Hürtgenwald: Lage hat sich weiter entspannt;https://www.zeit.de/news/2026-08/17/waldbrand-im-huertgenwald-lage-hat-sich-weiter-entspannt;Hier finden Sie Informationen zu dem Thema „Waldbrände“. Lesen Sie jetzt „Waldbrand im Hürtgenwald: Lage hat sich weiter entspannt“.;Waldbrände;News, Waldbrände, Ralf Nolten, Hürtgenwald, Eifel, Düren, Waldbrand, Löscharbeit, Hubschrauber, Wald;2026-08-17T19:50:05+02:00;2026-08-17T19:50:05+02:00;;dpa Nordrhein-Westfalen;false
dddedcccc6871ee6c69fb909128233ab95e367f80fbbef32ddda1b22261dea5a;BIM-Chefin Birgit Möhring nach Krankheit gestorben;https://www.zeit.de/news/2026-08/17/bim-chefin-birgit-moehring-nach-krankheit-gestorben;Hier finden Sie Informationen zu dem Thema „Unternehmen“. Lesen Sie jetzt „BIM-Chefin Birgit Möhring nach Krankheit gestorben“.;Unternehmen;News, Unternehmen, Birgit Möhring, Stefan Evers, Berlin, Immobilienmanagement;2026-08-17T19:28:29+02:00;2026-08-17T19:28:29+02:00;;dpa Berlin/Brandenburg;false
0180dc84e77181e6d4944b2f7b418d6186170f5fae37cd0d80881c95080f591a;Cambridge-Kanzler spricht von »rassistischer Hetzjagd« auf Jason Arday;https://www.zeit.de/gesellschaft/2026-08/jason-arday-cambridge-plagiatsvorwuerfe-rassismus-chris-smith;Nach dem Tod von Jason Arday hat der Kanzler der Universität Cambridge die öffentliche Kritik an ihm verurteilt. Die Plagiatsvorwürfe müssten geklärt werden, sagt er.;Jason Arday;Gesellschaft, Jason Arday, Cambridge, Rassismus, Diskriminierung, Forschung, Plagiat, Mobbing;2026-08-17T19:02:56+02:00;2026-08-17T19:02:56+02:00;voidar;DIE ZEIT,        dpa,        AFP,        							voi					,        							dar;false
77301f3dbbe13d182bb60a3f2c19702e31b93785c9f2c93de05e1a7de03e9945;Autofahrer stirbt nach Aufprall auf Brückenwand;https://www.zeit.de/news/2026-08/17/autofahrer-stirbt-nach-aufprall-auf-brueckenwand;Hier finden Sie Informationen zu dem Thema „Unfälle“. Lesen Sie jetzt „Autofahrer stirbt nach Aufprall auf Brückenwand“.;Unfälle;News, Unfälle, Brückenwand, Aufprall, Unfall;2026-08-17T18:59:04+02:00;2026-08-17T18:59:04+02:00;;dpa Sachsen;false
def3a43adf8e97f5593b05117579c11c84b4611e4ce9774bc4876f7f16f759df;Meuterei wegen Tischtennisplatte - Polizeieinsatz in JVA;https://www.zeit.de/news/2026-08/17/meuterei-wegen-tischtennisplatte-polizeieinsatz-in-jva;Hier finden Sie Informationen zu dem Thema „Gefangene protestieren“. Lesen Sie jetzt „Meuterei wegen Tischtennisplatte - Polizeieinsatz in JVA“.;Gefangene protestieren;News, Gefangene protestieren, Rottenburg, Tübingen, Polizei, Tischtennisplatte, Meuterei, Polizeieinsatz, Justizvollzugsanstalt, Außenstelle;2026-08-17T18:55:20+02:00;2026-08-17T18:55:20+02:00;;dpa Baden-Württemberg;false
6db91473cd54011bbaa49a1d213b7a6a14aabd5c2261fb57c72c4e045cbe1920;Drei Waldbrände und ihre Lehren für den nächsten Ernstfall;https://www.zeit.de/news/2026-08/17/drei-waldbraende-und-ihre-lehren-fuer-den-naechsten-ernstfall;Hier finden Sie Informationen zu dem Thema „Wenn ein Wald in Flammen steht“. Lesen Sie jetzt „Drei Waldbrände und ihre Lehren für den nächsten Ernstfall“.;Wenn ein Wald in Flammen steht;News, Wenn ein Wald in Flammen steht, Björn Jestrimsky, Saarland, Vordereifel, Gebhardshain, Rheinland-Pfalz, Langscheid, Illingen, Neunkirchen, Westerwald, Landkreis Altenkirchen;2026-08-17T18:53:41+02:00;2026-08-17T18:53:41+02:00;;dpa Rheinland-Pfalz/Saarland;false
7457fc4ba7132a9b012b1ab4da8dd6e09c4ee39b334604206f715c09c6944d45;Köln leiht Stürmer Dallinga für ein Jahr vom FC Bologna aus;https://www.zeit.de/news/2026-08/17/koeln-leiht-stuermer-dallinga-fuer-ein-jahr-vom-fc-bologna-aus;Hier finden Sie Informationen zu dem Thema „Wechsel“. Lesen Sie jetzt „Köln leiht Stürmer Dallinga für ein Jahr vom FC Bologna aus“.;Wechsel;News, Wechsel, Köln, FC Bologna, 1. FC Köln, Konkurrenzkampf;2026-08-17T18:51:16+02:00;2026-08-17T18:51:16+02:00;;dpa Nordrhein-Westfalen;false
aa08508d366ee7e392970b7f945a635f7b2ff359e1f6d51d1f6017659a225ac4;Wälder brennen, Flüsse trocknen, Bundesregierung überlegt;https://www.zeit.de/politik/2026-08/hitzeaktionsplan-spd-grundgesetz-klimaschutz-cdu;Die Minister der SPD wollen Klimaanpassung im Grundgesetz verankern. Die CDU ist dagegen – und das hat nicht nur mit dem Klima zu tun.;"Z+ (abopflichtiger Inhalt);
        
    Hitzeaktionsplan der SPD";Politik, Hitzeaktionsplan der SPD, Klimapolitik, Bundesregierung, SPD, CDU, Carsten Schneider, Grundgesetz, Hitze;2026-08-17T18:41:01+02:00;2026-08-17T18:41:01+02:00;Fabian ReinboldAlisa Schellenberg;;false
8d7d6cbc9411c212abf7fb3bdac8c18fe1843d2517c4d5be7fb0415c291cd20e;Piraten kapern erneut Tanker vor der Küste Somalias;https://www.zeit.de/gesellschaft/zeitgeschehen/2026-08/piraterie-somalia-schiffe-tanker-ueberfall;Nach Angaben der britischen Seefahrtsbehörde haben mutmaßlich somalische Piraten einen weiteren Tanker gekapert. Die Besatzung soll sich in Sicherheit befinden.;Piraterie vor Somalia;Gesellschaft, Piraterie vor Somalia, Somalia, Piraterie, Schifffahrt, Tanker;2026-08-17T18:39:07+02:00;2026-08-17T18:39:07+02:00;bam;DIE ZEIT,        AFP,        Reuters,        							bam;false
7c3a1f55e00679df3afb35fe897195d1a51bab731c015964c569eb531a6829d0;Das Ende des Almterroristen;https://www.zeit.de/2026/35/klingenthal-nachbarschaft-strassenblockade-polizei-michael-muehlbauer;In einer sächsischen Kleinstadt verbaut ein Mann seinen Nachbarn den Weg zu ihren Häusern. Die Behörden scheinen wehrlos. Dann geht ein Haus in Flammen auf.;"Z+ (abopflichtiger Inhalt);
        
    Klingenthal";Entdecken, Klingenthal, Ermittlung, Brand, Polizei, Sachsen, Dresden;2026-08-17T18:26:34+02:00;2026-08-17T18:26:34+02:00;Manuela Müller;Aus der        ZEIT Nr. 35/2026;false
cc9fbde50e954a82e81e31c98ac360c4182a440166a023f6c709be4c0c11056d;Makabrer Fund: Urne aus Deutschland an italienischem Strand;https://www.zeit.de/news/2026-08/17/makabrer-fund-urne-aus-deutschland-an-italienischem-strand;Hier finden Sie Informationen zu dem Thema „Adria“. Lesen Sie jetzt „Makabrer Fund: Urne aus Deutschland an italienischem Strand“.;Adria;News, Adria, Diego Iacono, Adria, Urne, Strandspaziergang, Adriaküste;2026-08-17T18:26:25+02:00;2026-08-17T18:26:25+02:00;;dpa;false
29442641a1059c564913d8c823a1a3da987570ad7144b5ecbf749e407c0fec75;Prinzessin Eugenie verrät Namen ihrer Tochter;https://www.zeit.de/news/2026-08/17/prinzessin-eugenie-verraet-namen-ihrer-tochter;Hier finden Sie Informationen zu dem Thema „Britische Königsfamilie“. Lesen Sie jetzt „Prinzessin Eugenie verrät Namen ihrer Tochter“.;Britische Königsfamilie;News, Britische Königsfamilie, Maria Adelaide, Queen Elizabeth II, König Charles III., Instagram, Königsfamilie, Liebe;2026-08-17T18:24:30+02:00;2026-08-17T18:24:30+02:00;;dpa;false
e0c43bd912d723a55b934bd17cbd712e57f04c0b10982806845497098dd2addc;Zwei BSW-Abgeordnete wollen Thüringer Koalition nicht mehr mittragen;https://www.zeit.de/politik/deutschland/2026-08/brombeer-koalition-thueringen-mario-voigt-cdu-bsw-spd-anke-wirsing-sven-kuentzel;Entgegen des Beschlusses ihrer Fraktion entziehen zwei BSW-Abgeordnete Thüringens Ministerpräsident Voigt das Vertrauen. Die Zukunft der Koalition ist unklar.;Brombeer-Koalition in Thüringen;Politik, Brombeer-Koalition in Thüringen, Thüringen, Bündnis Sahra Wagenknecht, Mario Voigt, CDU, SPD, Landtag;2026-08-17T18:22:44+02:00;2026-08-17T18:22:44+02:00;yer;DIE ZEIT,        dpa,        							yer;false
2e3f8fa8a22056d3f6c3bb4e148136e1bd12d6a325aef30f77a09a6c58f074c5;Schüsse auf Dönerfabrik - Polizei gründet Ermittlungsgruppe;https://www.zeit.de/news/2026-08/17/schuesse-auf-doenerfabrik-polizei-gruendet-ermittlungsgruppe;Hier finden Sie Informationen zu dem Thema „Kriminalität“. Lesen Sie jetzt „Schüsse auf Dönerfabrik - Polizei gründet Ermittlungsgruppe“.;Kriminalität;News, Kriminalität, Polizei, Dönerfabrik, Ermittlungsgruppe, Dönerfleischfabrik;2026-08-17T18:21:03+02:00;2026-08-17T18:21:03+02:00;;dpa Baden-Württemberg;false
ca514d6aa318855e60816d5dfc54540e95c34466f47879988b6668261216a8fc;Staatsanwalt für Unterbringung von Landwirt im Mordprozess;https://www.zeit.de/news/2026-08/17/staatsanwalt-fuer-unterbringung-von-landwirt-im-mordprozess;Hier finden Sie Informationen zu dem Thema „Prozesse“. Lesen Sie jetzt „Staatsanwalt für Unterbringung von Landwirt im Mordprozess“.;Prozesse;News, Prozesse, Eimke, Staatsanwaltschaft, Unterbringung, Mordprozess, Tötung;2026-08-17T18:19:56+02:00;2026-08-17T18:19:56+02:00;;dpa Hamburg/Schleswig-Holstein;false
246aa1fee34693a653996fa6ab52aba4435b6911bdaf25599cd685afae3d34da;Was tun, wenn keine Wahlbenachrichtigung angekommen ist?;https://www.zeit.de/news/2026-08/17/was-tun-wenn-keine-wahlbenachrichtigung-angekommen-ist;Hier finden Sie Informationen zu dem Thema „Landtagswahl“. Lesen Sie jetzt „Was tun, wenn keine Wahlbenachrichtigung angekommen ist?“.;Landtagswahl;News, Landtagswahl, Landtagswahl, Wahlbenachrichtigung;2026-08-17T18:18:12+02:00;2026-08-17T18:18:12+02:00;;dpa Sachsen;false
6cbfe09ffb2fa493d47ddb6270de14a90e17648274f90f4bff1e1d0239babea4;Belgiens König besucht Brandregion nahe deutscher Grenze;https://www.zeit.de/news/2026-08/17/belgiens-koenig-besucht-brandregion-nahe-deutscher-grenze;Hier finden Sie Informationen zu dem Thema „Waldbrände“. Lesen Sie jetzt „Belgiens König besucht Brandregion nahe deutscher Grenze“.;Waldbrände;News, Waldbrände, Belgien, Brandregion, Waldbrand, Krisenzentrum, Grenze;2026-08-17T18:10:55+02:00;2026-08-17T18:10:55+02:00;;dpa Nordrhein-Westfalen;false
a06b2517ba2b5cb2a8a4b7258d52e03d1101de8d76f5a936527e61b92149f3e5;Gäubodenvolksfest: Friedlich, heiß, weniger Bier;https://www.zeit.de/news/2026-08/17/gaeubodenvolksfest-friedlich-heiss-weniger-bier;Hier finden Sie Informationen zu dem Thema „Brauchtum“. Lesen Sie jetzt „Gäubodenvolksfest: Friedlich, heiß, weniger Bier“.;Brauchtum;News, Brauchtum, Daniel Winklmaier, Straubing, Polizei, Brauchtum, Hitze;2026-08-17T18:09:46+02:00;2026-08-17T18:09:46+02:00;;dpa Bayern;false
c329e3f1514a14e4473dbb1249fba00258ef2e1bad8c84713d8a1365243ace07;Eilantrag gegen AfD-Ausschluss von Landratswahl abgewiesen;https://www.zeit.de/news/2026-08/17/eilantrag-gegen-afd-ausschluss-von-landratswahl-abgewiesen;Hier finden Sie Informationen zu dem Thema „Ausschluss des AfD-Kandidaten“. Lesen Sie jetzt „Eilantrag gegen AfD-Ausschluss von Landratswahl abgewiesen“.;Ausschluss des AfD-Kandidaten;News, Ausschluss des AfD-Kandidaten, Oldenburg, Landkreis Friesland, Alternative für Deutschland, Verwaltungsgericht, Eilantrag, Landratswahl;2026-08-17T18:05:55+02:00;2026-08-17T18:05:55+02:00;;dpa Niedersachsen;false
e3d5d6d96fe649c6452c0dbdfe1546057dabe658af55cc640be0be1d580f5d06;Luchse Lotta und Luca springen im Erzgebirge in die Freiheit;https://www.zeit.de/news/2026-08/17/luchse-lotta-und-luca-springen-im-erzgebirge-in-die-freiheit;Hier finden Sie Informationen zu dem Thema „Tiere“. Lesen Sie jetzt „Luchse Lotta und Luca springen im Erzgebirge in die Freiheit“.;Tiere;News, Tiere, Mathias Wagner, Erzgebirge, Eibenstock, Thüringen, Luchs, Auswilderung, Transportbox, Freiheit, Tiere, Erfolg;2026-08-17T18:00:24+02:00;2026-08-17T18:00:24+02:00;;dpa Sachsen;false
fb4e961857b328e437cbc0902ed45b7c9ad5d9848812447e2b8a2cf433a6fc49;Der Idiot bin ich;https://www.zeit.de/zeit-magazin/2026/35/ordnungsamt-polizeikontrolle-bundespolizei-radfahren-schuld;Unser Autor muss sich erst übers Ordnungsamt aufregen, um zu begreifen: Es ist herrlich befreiend, einfach mal schuld zu sein.;"Z+ (abopflichtiger Inhalt);
        
    Ordnungsamt";Straßenverkehr, Verkehr, Polizei, Behörde, Fahrrad, Verkehrssicherheit;2026-08-17T17:56:54+02:00;2026-08-17T17:56:54+02:00;Alexander Krex;Aus dem        ZEITmagazin Nr. 35/2026;false
cec687e1a1cbeb7c17640f2f6d5f8db3a9eb26f1049f8ef577981dc4a769647f;Bin ich schuld am Erfolg der AfD?;https://www.zeit.de/2026/35/abwanderung-sachsen-anhalt-ostdeutschland-afd-rechtsextremismus;Diese Frage beschäftigt unsere Autorin seit ihrem Wegzug aus Sachsen-Anhalt – und führt zu Streit mit ihrer besten Freundin.;"Z+ (abopflichtiger Inhalt);
        
    Abwanderung aus Sachsen-Anhalt";Politik, Abwanderung aus Sachsen-Anhalt, Sachsen-Anhalt, Ostdeutschland, Alternative für Deutschland, Rechtsextremismus, Rechtspopulismus, Wohnen, Magdeburg;2026-08-17T17:50:35+02:00;2026-08-17T17:50:35+02:00;Mariya Abramova;Aus der        ZEIT Nr. 35/2026;false
ed9ba87d2f31859081c82bc8a5a5351d47311412723196c4fe00a3bf2d2cd11b;Neue Daten bestätigen flächendeckenden Anstieg der UV-Strahlung;https://www.zeit.de/gesundheit/2026-08/uv-strahlung-europa-zunahme-messung-wolken-klimawandel;Bodenmessungen und Satellitendaten belegen erstmals: Die UV-Strahlung hat in weiten Teilen Europas deutlich zugenommen. Der Hauptgrund dafür ist die geringere Bewölkung.;UV-Strahlung in Europa;Gesundheit, UV-Strahlung in Europa, Europa, Wetter, Klimawandel, Hautkrebs, Strahlenschutz;2026-08-17T17:42:39+02:00;2026-08-17T17:42:39+02:00;voi;DIE ZEIT,        dpa,        epd,        							voi;false
4a15ba7bbeb3fbc4173d197deab86f5caaa38829cd631deeeaeafbf81b2e8bc1;Berliner Landesbehörden von Hackerangriff betroffen;https://www.zeit.de/digital/2026-08/cyberangriff-berlin-senatsverwaltung-it-ikt-vorfall;Teile der Berliner Senatsverwaltung sind Opfer eines Cyberangriffs geworden, die Ermittlungen laufen. Ob bei dem Angriff Daten abgeflossen sind, ist bislang unklar.;Berlin;Digital, Berlin, Berlin, Hackerangriff, Behörde, Hacker, Ermittlung;2026-08-17T17:36:19+02:00;2026-08-17T17:36:19+02:00;tlf;DIE ZEIT,        AFP,        							tlf;false
48b41ccf4cab33dd00c1340865eaf9963b012ebfb7e44e1f7843c657e0c2ed12;Zeile für Zeile bauen sie sich ein China, das es so nie gab;https://www.zeit.de/2026/35/science-fiction-literatur-china-zeitreise-ming-dynastie-geschichte;In China blüht patriotische Science Fiction: Mit heutigem Wissen werden Niederlagen der Vergangenheit ungeschehen gemacht. Nur eine Epoche sparen die Lingao-Autoren aus.;"Z+ (abopflichtiger Inhalt);
        
    Lingao-Zeitreise";Politik, Lingao-Zeitreise, Science Fiction, Literatur, China, Mao Zedong, Geschichte, Belletristik, Xi Jinping, Francis Bacon;2026-08-17T17:35:02+02:00;2026-08-17T17:35:02+02:00;Jens Mühling;Aus der        ZEIT Nr. 35/2026;false
888827853a2aabb537cfb021fcb2977972370862624c8e192fa26c1f347f24d5;Leihe für ein Jahr: Freiburgs Dinkci zurück bei Werder;https://www.zeit.de/news/2026-08/17/leihe-fuer-ein-jahr-freiburgs-dinkci-zurueck-bei-werder;Hier finden Sie Informationen zu dem Thema „Fußball-Bundesliga“. Lesen Sie jetzt „Leihe für ein Jahr: Freiburgs Dinkci zurück bei Werder“.;Fußball-Bundesliga;News, Fußball-Bundesliga, Freiburg, Bremen, SV Werder Bremen, Fußball-Bundesliga, Bundesliga;2026-08-17T17:34:27+02:00;2026-08-17T17:34:27+02:00;;dpa Baden-Württemberg;false
b9de5d955ec4091d9a8f81ad4f3bbf0bd6d7f9f4915b9e2b52c7a18c4e142728;Nach Zwischenfall: Flug von Vietnam Airlines verzögert;https://www.zeit.de/news/2026-08/17/nach-zwischenfall-flug-von-vietnam-airlines-verzoegert;Hier finden Sie Informationen zu dem Thema „Luftverkehr“. Lesen Sie jetzt „Nach Zwischenfall: Flug von Vietnam Airlines verzögert“.;Luftverkehr;News, Luftverkehr, Vietnam Airlines, Dreamliner, Flugnummer, Luftverkehr;2026-08-17T17:31:37+02:00;2026-08-17T17:31:37+02:00;;dpa Bayern;false
0a03763df192a4554566ee5c54f784cd817b69714660107fb1254019996e30dd;Neues Zentrum soll Drohnenabwehr voranbringen;https://www.zeit.de/news/2026-08/17/neues-zentrum-soll-drohnenabwehr-voranbringen;Hier finden Sie Informationen zu dem Thema „Sicherheit vor Drohnen“. Lesen Sie jetzt „Neues Zentrum soll Drohnenabwehr voranbringen“.;Sicherheit vor Drohnen;News, Sicherheit vor Drohnen, Cochstedt, Sachsen-Anhalt, Deutsches Zentrum für Luft- und Raumfahrt, DLR, CSU, Drohnenabwehr, Drohnensicherheit, Salzlandkreis, Sicherheit, Drohne;2026-08-17T17:30:06+02:00;2026-08-17T17:30:06+02:00;;dpa Sachsen;false
228970ea07d0b1d08e50153f72be8497c30dc71cd11768b92e3075f2db8bc27a;Stürmer Batshuayi verlässt Eintracht Frankfurt;https://www.zeit.de/news/2026-08/17/stuermer-batshuayi-verlaesst-eintracht-frankfurt;Hier finden Sie Informationen zu dem Thema „Transfer“. Lesen Sie jetzt „Stürmer Batshuayi verlässt Eintracht Frankfurt“.;Transfer;News, Transfer, Michy Batshuayi, Frankfurt, Eintracht Frankfurt;2026-08-17T17:27:47+02:00;2026-08-17T17:27:47+02:00;;dpa Hessen;false
2b57f9ebd45d8f7be4dd0d484f01000440d297b70d7b44d5efe08a83497a2c33;Grüne: Schwesig soll Spekulationen über SPD-Vorsitz beenden;https://www.zeit.de/news/2026-08/17/gruene-schwesig-soll-spekulationen-ueber-spd-vorsitz-beenden;Hier finden Sie Informationen zu dem Thema „Rolle in Berlin?“. Lesen Sie jetzt „Grüne: Schwesig soll Spekulationen über SPD-Vorsitz beenden“.;Rolle in Berlin?;News, Rolle in Berlin?, Claudia Müller, Manuela Schwesig, Berlin, Mecklenburg-Vorpommern, SPD, Landtagswahl, Spekulation;2026-08-17T17:26:51+02:00;2026-08-17T17:26:51+02:00;;dpa Mecklenburg-Vorpommern;false
1ce573f966b7ae8e87f3815712f696301ea592f551fa00c295a9842dc4841ed7;Russische Anti-Kriegs-Partei: Wahlausschluss und Straflager;https://www.zeit.de/news/2026-08/17/unterstuetzer-von-anti-kriegspartei-in-moskau-festgenommen;Hier finden Sie Informationen zu dem Thema „Vor Parlamentswahl“. Lesen Sie jetzt „Russische Anti-Kriegs-Partei: Wahlausschluss und Straflager“.;Vor Parlamentswahl;News, Vor Parlamentswahl, Nikolai Rybakow, Moskau, Russland, Jabloko, Die Partei, Polizei, Parlamentswahl, Sicherheitskräfte, Gewahrsam, Oberster Gerichtshof;2026-08-17T17:26:45+02:00;2026-08-17T17:26:45+02:00;;dpa;false
7b9887d6ce60efb5e56820ad39c994734be8366192fffe9b5b06afe60d386e96;Rauch, blockierte Bremse: Entging Münchner Airport Inferno?;https://www.zeit.de/news/2026-08/17/experte-flughafen-muenchen-nur-knapp-an-katastrophe-vorbei;Hier finden Sie Informationen zu dem Thema „Boeing-Dreamliner“. Lesen Sie jetzt „Rauch, blockierte Bremse: Entging Münchner Airport Inferno?“.;Boeing-Dreamliner;News, Boeing-Dreamliner, Heinrich Großbongardt, Flughafen München, Boeing, Deutsche Presse-Agentur, Katastrophe;2026-08-17T17:21:10+02:00;2026-08-17T17:21:10+02:00;;dpa;false
e9a76028949913d53fe31d1f9e75d333a059375c769e137d3a3bc238c6ec848a;Seenotretter finden Leichen im Mittelmeer und auf Flüchtlingsboot;https://www.zeit.de/politik/ausland/2026-08/mittelmeer-fluechtlinge-tote-holzboot-emergency-sea-watch;Mehrere auf dem Mittelmeer aktive Rettungsorganisationen melden Tote. Von zwei Booten wurden Flüchtlinge gerettet, teilweise nach Tagen auf See.;Tote im Mittelmeer;Politik, Tote im Mittelmeer, Mittelmeer, Flüchtlingsboot, Sea-Watch, Geflüchtete, Seenotrettung, Libyen;2026-08-17T17:15:41+02:00;2026-08-17T17:15:41+02:00;yer;DIE ZEIT,        dpa,        epd,        							yer;false
c4b2d3f6474ff3e868c920009cf67288aac60ad01476e0e67781fdaa0742c4e7;Schröder zu Wechsel nach Charlotte: «So ist das Business»;https://www.zeit.de/news/2026-08/17/schroeder-zu-wechsel-nach-charlotte-so-ist-das-business;Hier finden Sie Informationen zu dem Thema „NBA“. Lesen Sie jetzt „Schröder zu Wechsel nach Charlotte: «So ist das Business»“.;NBA;News, NBA, Dennis Schröder, NBA, Homeschooling, Familie;2026-08-17T17:06:27+02:00;2026-08-17T17:06:27+02:00;;dpa Niedersachsen;false
7dbd7ae291d960265babb32fbfa6dad80355523c2c1d9a64bbe5912fd2928563;Schweriner Volleyballerinnen starten mit Rumpfteam;https://www.zeit.de/news/2026-08/17/schweriner-volleyballerinnen-starten-mit-rumpfteam;Hier finden Sie Informationen zu dem Thema „Volleyball“. Lesen Sie jetzt „Schweriner Volleyballerinnen starten mit Rumpfteam“.;Volleyball;News, Volleyball, Felix Koslowski, Schwerin, Aachen, Bundesliga, Europameisterschaft, Rumpfteam, Auftaktspiel, Volleyball;2026-08-17T17:04:09+02:00;2026-08-17T17:04:09+02:00;;dpa Mecklenburg-Vorpommern;false
b0e6265cd3ae62c29a217434ca54211fe92ee80b28b02c2fa26db24e098019da;Verdi ruft zu Warnstreiks an sechs Seehäfen auf;https://www.zeit.de/news/2026-08/17/verdi-ruft-zu-warnstreiks-an-sechs-seehaefen-auf;Hier finden Sie Informationen zu dem Thema „Tarife“. Lesen Sie jetzt „Verdi ruft zu Warnstreiks an sechs Seehäfen auf“.;Tarife;News, Tarife, Ver.di, Seehafen, Schifffahrt, Warnstreik;2026-08-17T16:57:49+02:00;2026-08-17T16:57:49+02:00;;dpa;false
18b04e4bb277bd4bdbb866afd752510900d7ee0a07d06e7a9ebc016949d8f424;FC Bayern ohne Musiala, aber mit WM-Rückkehrern;https://www.zeit.de/news/2026-08/17/fc-bayern-ohne-musiala-aber-mit-wm-rueckkehrern;Hier finden Sie Informationen zu dem Thema „Fußball-Bundesliga“. Lesen Sie jetzt „FC Bayern ohne Musiala, aber mit WM-Rückkehrern“.;Fußball-Bundesliga;News, Fußball-Bundesliga, Harry Kane, Michael Olise, Dayot Upamecano, Leipzig, FC Bayern München, RB Leipzig, Fußball-Bundesliga, Bundesliga, Teampräsentation;2026-08-17T16:53:41+02:00;2026-08-17T16:53:41+02:00;;dpa Bayern;false
e65b537b95b4af3267dcbefb39e684d3649bc618f1050a6ac2ecb9e95cb6dfb6;Oberstes Gericht Russlands weist Berufung von Anti-Kriegs-Partei ab;https://www.zeit.de/politik/ausland/2026-08/jabloko-partei-russland-parlamentswahl-verbot;Die Oppositionspartei Jabloko ist bei der russischen Parlamentswahl nicht dabei. Das Oberste Gericht wies die Berufung der Partei gegen den Ausschluss ab.;Oppositionspartei Jabloko;Politik, Oppositionspartei Jabloko, Russland, Opposition, Parlamentswahl, Justiz, Krieg in der Ukraine;2026-08-17T16:52:47+02:00;2026-08-17T16:52:47+02:00;tlf;DIE ZEIT,        Reuters,        							tlf;false
219a28409ad9c3e2a8ec46404dedde5ca58fdd6938301f4ec26259b1b9cfef3e;Medien: RB Leipzig soll sich mit El Mala beschäftigen;https://www.zeit.de/news/2026-08/17/medien-rb-leipzig-soll-sich-mit-el-mala-beschaeftigen;Hier finden Sie Informationen zu dem Thema „Fußball-Bundesliga“. Lesen Sie jetzt „Medien: RB Leipzig soll sich mit El Mala beschäftigen“.;Fußball-Bundesliga;News, Fußball-Bundesliga, El Mala, Leipzig, Köln, RB Leipzig, 1. FC Köln, Fußball-Bundesliga, Sportbild;2026-08-17T16:50:21+02:00;2026-08-17T16:50:21+02:00;;dpa Nordrhein-Westfalen;false
bb81ed61f4fbd3f2a79e99beee3a75be8932b896abc1fc8e7d19ecfaefd845ae;Brand in Göttinger Wohnkomplex – mehrere Verletzte;https://www.zeit.de/news/2026-08/17/brand-in-goettinger-wohnkomplex-mehrere-verletzte;Hier finden Sie Informationen zu dem Thema „Brände“. Lesen Sie jetzt „Brand in Göttinger Wohnkomplex – mehrere Verletzte“.;Brände;News, Brände, Göttingen, Wohnkomplex, Wohnungsbrand, Brand;2026-08-17T16:50:21+02:00;2026-08-17T16:50:21+02:00;;dpa Niedersachsen;false
47012076a51f76fac6f4fb5b0dcc7fcccf38e311c5816fc0da62eca49a53cb68;Russischer Oppositioneller Schlosberg zu elf Jahren Haft verurteilt;https://www.zeit.de/politik/ausland/2026-08/lew-schlosberg-russland-jabloko-haft-urteil;Seine Partei wurde von der Duma-Wahl ausgeschlossen, nun wurde Lew Schlosberg zu elf Jahren Haft verurteilt. Er soll angeblich die Streitkräfte verunglimpft haben.;Russland;Politik, Russland, Russland, Opposition, Parlamentswahl, Verhaftung, Justiz;2026-08-17T16:50:11+02:00;2026-08-17T16:50:11+02:00;tlf;DIE ZEIT,        AFP,        dpa,        							tlf;false
62b6a2e7d9b492ae994648f6be02e79f7698c4e78035b38b608adc5003c41a6e;Urteil rechtskräftig: 13 Jahre Haft für Sporttrainer;https://www.zeit.de/news/2026-08/17/urteil-rechtskraeftig-13-jahre-haft-fuer-sporttrainer;Hier finden Sie Informationen zu dem Thema „Wegen Missbrauchs“. Lesen Sie jetzt „Urteil rechtskräftig: 13 Jahre Haft für Sporttrainer“.;Wegen Missbrauchs;News, Wegen Missbrauchs, Dessau-Roßlau, Bundesgerichtshof, Missbrauch, Landgericht;2026-08-17T16:49:11+02:00;2026-08-17T16:49:11+02:00;;dpa Sachsen;false
07fb4601d8bf2dbc36e436f49315a9e8461bc9ae3e43240abf143e560d0cba3e;Diebstahl in Klinik-Kapelle – Kreuz und Ikone verschwunden;https://www.zeit.de/news/2026-08/17/diebstahl-in-klinik-kapelle-kreuz-und-ikone-verschwunden;Hier finden Sie Informationen zu dem Thema „Kriminalität“. Lesen Sie jetzt „Diebstahl in Klinik-Kapelle – Kreuz und Ikone verschwunden“.;Kriminalität;News, Kriminalität, Annette Sachse, Kristina Ebbing, Steglitz-Zehlendorf, Charité, Deutsche Presse-Agentur, Ikone, Diebstahl, Weihwasserschale;2026-08-17T16:48:39+02:00;2026-08-17T16:48:39+02:00;;dpa Berlin/Brandenburg;false
68935932e29cdf272e41041c6c7810260de23d37154183b917dacd89ffa99fac;Zu wenig Wasser: Fährverkehr auf der Elbe eingeschränkt;https://www.zeit.de/news/2026-08/17/zu-wenig-wasser-faehrverkehr-auf-der-elbe-eingeschraenkt;Hier finden Sie Informationen zu dem Thema „Niedrigwasser“. Lesen Sie jetzt „Zu wenig Wasser: Fährverkehr auf der Elbe eingeschränkt“.;Niedrigwasser;News, Niedrigwasser, Elbe, Dresden, Fährverkehr, Niedrigwasser, Fährbetrieb;2026-08-17T16:47:48+02:00;2026-08-17T16:47:48+02:00;;dpa Sachsen;false
7e1c91ff4deab6c0b0c467f97342bab63086214ef65962b3879dff483e870a84;Daten bestätigen flächendeckenden Anstieg der UV-Strahlung;https://www.zeit.de/news/2026-08/17/daten-bestaetigen-flaechendeckenden-anstieg-der-uv-strahlung;Hier finden Sie Informationen zu dem Thema „In ganz Europa“. Lesen Sie jetzt „Daten bestätigen flächendeckenden Anstieg der UV-Strahlung“.;In ganz Europa;News, In ganz Europa, Europa, Salzgitter, Bundesamt für Strahlenschutz, Hauptgrund;2026-08-17T16:47:33+02:00;2026-08-17T16:47:33+02:00;;dpa;false
577997c5f48d52b25ce56dc71c427ddf3f989026e375894b0a74a1eeea178c10;Nach Insolvenz: Stuttgarter Influencerin äußert sich;https://www.zeit.de/news/2026-08/17/nach-insolvenz-stuttgarter-influencerin-aeussert-sich;Hier finden Sie Informationen zu dem Thema „36.000 Euro Bußgeld“. Lesen Sie jetzt „Nach Insolvenz: Stuttgarter Influencerin äußert sich“.;36.000 Euro Bußgeld;News, 36.000 Euro Bußgeld, TikTok, Bußgeld, Insolvenz, Coronavirus;2026-08-17T16:46:26+02:00;2026-08-17T16:46:26+02:00;;dpa Baden-Württemberg;false
5dd67e8e91e2bcb2432956e9a834f711523ca9cd80d063d147a38803580b6cd3;Das sagt Kane zum neuen Bayern-Vertrag und zum Ballon d'Or;https://www.zeit.de/news/2026-08/17/das-sagt-kane-zum-neuen-bayern-vertrag-und-zum-ballon-d-or;Hier finden Sie Informationen zu dem Thema „Fußball-Bundesliga“. Lesen Sie jetzt „Das sagt Kane zum neuen Bayern-Vertrag und zum Ballon d'Or“.;Fußball-Bundesliga;News, Fußball-Bundesliga, Harry Kane, FC Bayern München, Weltfußballer des Jahres, Fußball-Bundesliga, Bundesliga, Vertragsverlängerung;2026-08-17T16:45:29+02:00;2026-08-17T16:45:29+02:00;;dpa Bayern;false
660065e51d52ac646b3fd80b8ccd8cf10a0227cb20eec41516a2c2819fbd801f;Ruf nach Waldumbau wird angesichts der Waldbrände lauter;https://www.zeit.de/news/2026-08/17/ruf-nach-waldumbau-wird-angesichts-der-waldbraende-lauter;Hier finden Sie Informationen zu dem Thema „Waldbrände“. Lesen Sie jetzt „Ruf nach Waldumbau wird angesichts der Waldbrände lauter“.;Waldbrände;News, Waldbrände, Christian Haase, Belgien, Waldumbau, Waldbrand;2026-08-17T16:42:27+02:00;2026-08-17T16:42:27+02:00;;dpa Bayern;false
30e6999c48f8db216e40514967ec60e70d4f397aebd415a9be5fa2da0f30ccec;Schwere Attacke bei Familienstreit: Mann angefahren;https://www.zeit.de/news/2026-08/17/schwere-attacke-bei-familienstreit-mann-angefahren;Hier finden Sie Informationen zu dem Thema „Lebensgefährliche Verletzungen“. Lesen Sie jetzt „Schwere Attacke bei Familienstreit: Mann angefahren“.;Lebensgefährliche Verletzungen;News, Lebensgefährliche Verletzungen, Gladbeck, Polizei, Familienstreit, Attacke;2026-08-17T16:39:03+02:00;2026-08-17T16:39:03+02:00;;dpa Nordrhein-Westfalen;false
e61ac0a2ac95f3bcff9798100f94760a7fca9e30e7ec2cb8292e4cb7adbaa3f7;Mahd auf Tempelhofer Feld schützt Feldlerche und Insekten;https://www.zeit.de/news/2026-08/17/mahd-auf-tempelhofer-feld-schuetzt-feldlerche-und-insekten;Hier finden Sie Informationen zu dem Thema „Tempelhofer Feld“. Lesen Sie jetzt „Mahd auf Tempelhofer Feld schützt Feldlerche und Insekten“.;Tempelhofer Feld;News, Tempelhofer Feld, Klaus Messinger, Berlin, Tempelhofer Feld, Feldlerche, Insekt, Grünpflege;2026-08-17T16:35:32+02:00;2026-08-17T16:35:32+02:00;;dpa Berlin/Brandenburg;false
5a9dedadcf50b9317cd2a21cfaeadd1d2f0d410e1f806d9741dec3cbac17c81f;Drogendealer nach drei Jahren Flucht festgenommen;https://www.zeit.de/news/2026-08/17/drogendealer-nach-drei-jahren-flucht-festgenommen;Hier finden Sie Informationen zu dem Thema „Aus Sucht-Klinik ausgebrochen“. Lesen Sie jetzt „Drogendealer nach drei Jahren Flucht festgenommen“.;Aus Sucht-Klinik ausgebrochen;News, Aus Sucht-Klinik ausgebrochen, Polizei, Freiheitsstrafe;2026-08-17T16:33:44+02:00;2026-08-17T16:33:44+02:00;;dpa Baden-Württemberg;false
7957b5a510b90105a41956107c10fbd696cd4607400f943af315f0c5b2e54c18;Frau kommt bei Verkehrsunfall mit Traktor ums Leben;https://www.zeit.de/news/2026-08/17/frau-kommt-bei-verkehrsunfall-mit-traktor-ums-leben;Hier finden Sie Informationen zu dem Thema „Verkehrsunfall“. Lesen Sie jetzt „Frau kommt bei Verkehrsunfall mit Traktor ums Leben“.;Verkehrsunfall;News, Verkehrsunfall, Wöhrden, Kreis Dithmarschen, Polizei, Verkehrsunfall, Traktor, Bundesstraße;2026-08-17T16:30:44+02:00;2026-08-17T16:30:44+02:00;;dpa Hamburg/Schleswig-Holstein;false
dfe37a002b4b071d838512b94067d217d612a3a18ae6812053dfa17273a01ef2;Kampf gegen Feuer in Belgien - Weiter Bangen auch in NRW;https://www.zeit.de/news/2026-08/17/waldbrand-im-hohen-venn-feuer-rueckt-naeher;Hier finden Sie Informationen zu dem Thema „Waldbrände“. Lesen Sie jetzt „Kampf gegen Feuer in Belgien - Weiter Bangen auch in NRW“.;Waldbrände;News, Waldbrände, Tobias Schell, Monschau, Belgien, Hohes Venn, Kalterherberg, Naturschutzgebiet, Großbrand, Wohnbebauung, Waldbrand;2026-08-17T16:29:43+02:00;2026-08-17T16:29:43+02:00;;dpa;false
f93db6f35ce40028616e048ed6702ca3b72765bece1a5dd8be106b1c1678a3ff;Neue Schulleitung für Ludwigshafener Brennpunktschule;https://www.zeit.de/news/2026-08/17/neue-schulleitung-fuer-ludwigshafener-brennpunktschule;Hier finden Sie Informationen zu dem Thema „Bildung“. Lesen Sie jetzt „Neue Schulleitung für Ludwigshafener Brennpunktschule“.;Bildung;News, Bildung, Ludwigshafen, Mainz, Bildungsministerium, Polizei, Brennpunktschule, Schulleitung, Supervisionsangebot, Notbremse;2026-08-17T16:28:14+02:00;2026-08-17T16:28:14+02:00;;dpa Rheinland-Pfalz/Saarland;false
2a514391056984a331352567ca4872dae396319e6af7ad93e61052b4f69b945d;Der nächste Grieche: BVB holt Offensivspieler Konstantelias;https://www.zeit.de/news/2026-08/17/medien-bvb-holt-griechen-konstantelias-fuer-die-offensive;Hier finden Sie Informationen zu dem Thema „Fußball-Bundesliga“. Lesen Sie jetzt „Der nächste Grieche: BVB holt Offensivspieler Konstantelias“.;Fußball-Bundesliga;News, Fußball-Bundesliga, El Mala, Dortmund, Borussia Dortmund, Konstantelias, Offensive;2026-08-17T16:24:58+02:00;2026-08-17T16:24:58+02:00;;dpa Nordrhein-Westfalen;false
a80b757354686d0b03ae527abf104976b5c29dcc1e071af9f0a1d3ddf3a65f22;56-Jähriger auf Baustelle von Container erschlagen;https://www.zeit.de/news/2026-08/17/56-jaehriger-auf-baustelle-von-container-erschlagen;Hier finden Sie Informationen zu dem Thema „Arbeitsunfall“. Lesen Sie jetzt „56-Jähriger auf Baustelle von Container erschlagen“.;Arbeitsunfall;News, Arbeitsunfall, Bernau, Berlin, Baustelle, Container, Arbeitsunfall, Baucontainer;2026-08-17T16:22:33+02:00;2026-08-17T16:22:33+02:00;;dpa Berlin/Brandenburg;false
8e2bb770e9d2a2e9803b17b16258b5190dc8727ec7c1eb3082f5d58dd3880c08;Bundesregierung will intern über Verfassungsänderung zum Klima beraten;https://www.zeit.de/wissenschaft/umwelt/2026-08/gemeinschaftsaufgabe-klimaanpassung-naturschutz-grundgesetz-spd-gxe;In einem Aktionsplan fordern SPD-geführte Ministerien, die Klimaanpassung im Grundgesetz zu verankern. Kanzler Merz’ Haltung dazu lässt ein Regierungssprecher offen.;Klimaschutz;Wissenschaft, Klimaschutz, Klimapolitik, Grundgesetz, Friedrich Merz, Bundesregierung, SPD, Verfassungsänderung, Klimakrise;2026-08-17T16:22:27+02:00;2026-08-17T16:22:27+02:00;yer;DIE ZEIT,        AFP,        dpa,        							yer;false
b6cdd99ebf0c83274286d0f06f05db841ebcbd63bb9e3bb912951ce7b783099b;«Verstöre sie im MoMa»: Ikkimel veröffentlicht neuen Song;https://www.zeit.de/news/2026-08/17/verstoere-sie-im-moma-ikkimel-veroeffentlicht-neuen-song;Hier finden Sie Informationen zu dem Thema „Leute“. Lesen Sie jetzt „«Verstöre sie im MoMa»: Ikkimel veröffentlicht neuen Song“.;Leute;News, Leute, Tommy Cash, Estland, Miss Universe, Morgenmagazin;2026-08-17T16:21:18+02:00;2026-08-17T16:21:18+02:00;;dpa Berlin/Brandenburg;false
607fd8a7d7f788083aee5466748b4c9a2ff256eb82b02329c3eef3b34559a9dd;Auto überschlägt sich - Vier Menschen schwer verletzt;https://www.zeit.de/news/2026-08/17/auto-ueberschlaegt-sich-vier-menschen-schwer-verletzt;Hier finden Sie Informationen zu dem Thema „Unfälle“. Lesen Sie jetzt „Auto überschlägt sich - Vier Menschen schwer verletzt“.;Unfälle;News, Unfälle, Unfall, Auto;2026-08-17T16:20:05+02:00;2026-08-17T16:20:05+02:00;;dpa Bayern;false
4038181be410fd27cda90f2e3cdf51f5ca7bb4080480f68a4d32e669719c704b;Universität Bremen sieht Einschüchterungsversuch russischer Justiz;https://www.zeit.de/politik/ausland/2026-08/forschungsstelle-osteuropa-uni-bremen-russland-organisation;Die russische Justiz hat die Forschungsstelle für Osteuropa der Uni Bremen als unerwünschte Organisation eingestuft. Ihre Rektorin spricht von »doppelter Sanktionierung«.;Forschungsstelle Osteuropa;Politik, Forschungsstelle Osteuropa, Universität Bremen, Russland, Osteuropa, Hochschule, Bremen, Sanktion;2026-08-17T16:16:52+02:00;2026-08-17T16:16:52+02:00;hell;DIE ZEIT,        dpa,        							hell;false
3fa6e5acdad9b42c9d079237ab7e9909ff6ec48df3b6f9c745bc9c93fa295a01;Weltkriegsbombe in Heidenau entschärft;https://www.zeit.de/news/2026-08/17/bombe-wird-entschaerft-anwohner-muessen-haeuser-verlassen;Hier finden Sie Informationen zu dem Thema „Munitionsfund“. Lesen Sie jetzt „Weltkriegsbombe in Heidenau entschärft“.;Munitionsfund;News, Munitionsfund, Elbe, Heidenau, Sächsische Schweiz, Bombenentschärfung, Weltkriegsbombe, Entschärfung, Evakuierungsradius;2026-08-17T16:15:33+02:00;2026-08-17T16:15:33+02:00;;dpa Sachsen;false
ba25df5700f0c7e8aedab874e5c1aadec46eb63f592cadf212b44826c77743a3;Nur zeigen reicht einfach nicht;https://www.zeit.de/feuilleton/2026-08/ddr-kunst-debatte-stoetzer-naumann-berlin-ifa-dresden;Endlich: In diesem Sommer ist die Kunst der DDR überall zu sehen – doch oft wird sie falsch verstanden und in ein Westschema gepresst. Was also tun?;"Z+ (abopflichtiger Inhalt);
        
    DDR-Kunst";Feuilleton, DDR-Kunst, DDR, Kunst, Martin-Gropius-Bau, Ernst Thälmann, Wilhelm Pieck, Hans Haacke, Joseph Beuys, Biennale;2026-08-17T16:14:35+02:00;2026-08-17T16:14:35+02:00;Marlene Militz;;false
fd53e203855e2e4d8c20544288488d42bafed67a86202b268dc817fe160ec876;Ermittlungen zu Schweinekopf vor islamischer Einrichtung;https://www.zeit.de/news/2026-08/17/ermittlungen-zu-schweinekopf-vor-islamischer-einrichtung;Hier finden Sie Informationen zu dem Thema „Verstörender Fund“. Lesen Sie jetzt „Ermittlungen zu Schweinekopf vor islamischer Einrichtung“.;Verstörender Fund;News, Verstörender Fund, Polizei, Ermittlung, Kulturzentrum;2026-08-17T16:11:55+02:00;2026-08-17T16:11:55+02:00;;dpa Mecklenburg-Vorpommern;false
054e131b0a0e271bb9d5a8f6de94d2a270b1ceebf4e91bb68c46e13b230abce2;Elektro überrollt den Markt;https://www.zeit.de/mobilitaet/2026-08/autokauf-elektroautos-renault-volkswagen-autoindustrie;Immer mehr Menschen kaufen ein Elektroauto. Dabei zeichnet sich ab, welche Marken und Modelle bei den Kunden gut ankommen. Und wie die deutschen Hersteller abschneiden.;"Z+ (abopflichtiger Inhalt);
        
    Autokauf";Mobilitaet, Autokauf, Elektroauto, Elektromobilität, Kia, Hyundai Motor, Volkswagen, Autoindustrie;2026-08-17T16:11:51+02:00;2026-08-17T16:11:51+02:00;Christoph M. Schwarzer;;false
e5e7ed2b152cd224e69aca9d3e0871de5a531c0acba98b825bb1807a33bed6f4;Linienbus fährt auf stehenden Bus auf – Fahrer verletzt;https://www.zeit.de/news/2026-08/17/linienbus-faehrt-auf-stehenden-bus-auf-fahrer-verletzt;Hier finden Sie Informationen zu dem Thema „Unfälle“. Lesen Sie jetzt „Linienbus fährt auf stehenden Bus auf – Fahrer verletzt“.;Unfälle;News, Unfälle, Bendorf, Mayen-Koblenz, Polizei, Linienbus, Unfall, Auffahrunfall;2026-08-17T16:11:48+02:00;2026-08-17T16:11:48+02:00;;dpa Rheinland-Pfalz/Saarland;false
6254fb5f89dbaeee04fe8350fb97c6b72d9dd521884d3b24ecf8a72f994f70b1;Verkehrsminister: Wasserstraßen verdienen Unterstützung;https://www.zeit.de/news/2026-08/17/verkehrsminister-wasserstrassen-verdienen-unterstuetzung;Hier finden Sie Informationen zu dem Thema „Kombiverkehr“. Lesen Sie jetzt „Verkehrsminister: Wasserstraßen verdienen Unterstützung“.;Kombiverkehr;News, Kombiverkehr, Steffen Bilger, Ludwigshafen, Rhein, BASF, CDU, Wasserstraße, Kombiverkehr, Niedrigwasser, Fahrrinne, Ausgleichsmaßnahme;2026-08-17T16:09:48+02:00;2026-08-17T16:09:48+02:00;;dpa Rheinland-Pfalz/Saarland;false
1f81162813a2e6969c51d19c74991ed930a0f17fd995b6370408cda33c3730dd;Mann und Labrador in Not - Hubschrauber im Einsatz;https://www.zeit.de/news/2026-08/17/mann-und-labrador-in-not-hubschrauber-im-einsatz;Hier finden Sie Informationen zu dem Thema „Sehr erschöpft“. Lesen Sie jetzt „Mann und Labrador in Not - Hubschrauber im Einsatz“.;Sehr erschöpft;News, Sehr erschöpft, Alpen, Hubschrauber, Wandern;2026-08-17T16:08:44+02:00;2026-08-17T16:08:44+02:00;;dpa Bayern;false
975a4757684e252ffc4b29c1e3d31d9447e9bd78d6dad929b8fabb90ce4039a2;200.000 Hähnchen: Behörde genehmigt Mastbetrieb;https://www.zeit.de/news/2026-08/17/200-000-haehnchen-behoerde-genehmigt-mastbetrieb;Hier finden Sie Informationen zu dem Thema „Landwirtschaft“. Lesen Sie jetzt „200.000 Hähnchen: Behörde genehmigt Mastbetrieb“.;Landwirtschaft;News, Landwirtschaft, Mastbetrieb, Seenplatte, Landkreis;2026-08-17T16:03:39+02:00;2026-08-17T16:03:39+02:00;;dpa Mecklenburg-Vorpommern;false
344d232f26c63821088879d248de2bfc1631c745aa537724f79abe7dd56326ba;Weinlese in der Champagne beginnt früher als je zuvor;https://www.zeit.de/wissenschaft/umwelt/2026-08/champagne-weinlese-klimawandel-hitze-duerre-saeurgehalt;Wegen der hohen Temperaturen reiften die Trauben für Champagner besonders schnell. Der Klimawandel könnte aber den Charakter des Schaumweins langfristig verändern.;Klimawandel;Wissenschaft, Klimawandel, Frankreich, Champagner, Landwirtschaft, Ernte, Wetter, Klimawandel, Hitze;2026-08-17T15:59:56+02:00;2026-08-17T15:59:56+02:00;voi;DIE ZEIT,        Reuters,        AFP,        							voi;false
91361a63815d70932be0ab07e91f78643023bf47b9c4af44959646220d2fcbf5;Frau aus Rheinland-Pfalz stirbt nach Unfall auf Usedom;https://www.zeit.de/news/2026-08/17/frau-aus-rheinland-pfalz-stirbt-nach-unfall-auf-usedom;Hier finden Sie Informationen zu dem Thema „Tödlicher Unfall“. Lesen Sie jetzt „Frau aus Rheinland-Pfalz stirbt nach Unfall auf Usedom“.;Tödlicher Unfall;News, Tödlicher Unfall, Usedom, Schweinfurt, Rheinland-Pfalz, Polizei, Unfall, Auto;2026-08-17T15:58:04+02:00;2026-08-17T15:58:04+02:00;;dpa Bayern;false
c440ab04c3957e825b481d07e48fca36a7a0226345269a60e6306c3868c3de2b;Jugendlicher stirbt nach Sprung in Main-Donau-Kanal;https://www.zeit.de/news/2026-08/17/jugendlicher-stirbt-nach-sprung-in-main-donau-kanal;Hier finden Sie Informationen zu dem Thema „Tödlicher Sprung“. Lesen Sie jetzt „Jugendlicher stirbt nach Sprung in Main-Donau-Kanal“.;Tödlicher Sprung;News, Tödlicher Sprung, Rhein-Main-Donau-Kanal;2026-08-17T15:54:40+02:00;2026-08-17T15:54:40+02:00;;dpa Bayern;false
4d0a94542d0ed2ae797a1214b0ba1641cdf775ac4145a747fbfb8ff00313bb96;Schiffsführer nach Katamaran-Unfall aus Klinik entlassen;https://www.zeit.de/news/2026-08/17/schiffsfuehrer-nach-katamaran-unfall-aus-klinik-entlassen;Hier finden Sie Informationen zu dem Thema „Unfall auf dem Bodensee“. Lesen Sie jetzt „Schiffsführer nach Katamaran-Unfall aus Klinik entlassen“.;Unfall auf dem Bodensee;News, Unfall auf dem Bodensee, Mann, Bodensee, Friedrichshafen, Unfall, Reederei, Katamaran, Schiff;2026-08-17T15:54:24+02:00;2026-08-17T15:54:24+02:00;;dpa Baden-Württemberg;false
487f92e4b3cf24c4b8b1e717321a86f986f7ec3334a9f1ee9ce1912869fdbb0a;Unfall stoppt fliehenden Motorradfahrer ohne Führerschein;https://www.zeit.de/news/2026-08/17/unfall-stoppt-fliehenden-motorradfahrer-ohne-fuehrerschein;Hier finden Sie Informationen zu dem Thema „Kein Führerschein gehabt“. Lesen Sie jetzt „Unfall stoppt fliehenden Motorradfahrer ohne Führerschein“.;Kein Führerschein gehabt;News, Kein Führerschein gehabt, Polizei, Unfall, Polizeikontrolle;2026-08-17T15:53:43+02:00;2026-08-17T15:53:43+02:00;;dpa Hessen;false
26bb6118cd4849799f232a1df1f28763d016cc4c1ec5059917fd788f20f99e07;19-Jähriger soll gleichaltrige Freundin getötet haben;https://www.zeit.de/news/2026-08/17/19-jaehriger-soll-gleichaltrige-freundin-getoetet-haben;Hier finden Sie Informationen zu dem Thema „Hohen Neuendorf“. Lesen Sie jetzt „19-Jähriger soll gleichaltrige Freundin getötet haben“.;Hohen Neuendorf;News, Hohen Neuendorf, Hohen Neuendorf, Berlin;2026-08-17T15:49:19+02:00;2026-08-17T15:49:19+02:00;;dpa Berlin/Brandenburg;false
13cca4637c382b1514c4ddaaf0846f94db1d2662c0cc6ec5ce2d7e7a57c84408;Menschenrechtsorganisation fordert Ausschluss Infantinos von Fifa-Wahl;https://www.zeit.de/sport/2026-08/gianni-infantino-fifa-praesidentschaft-wahl-amtszeitbegrenzung;Die Amtszeit von Fifa-Präsidenten ist begrenzt, bei Infantino zählt der Verband einige Jahre aber nicht mit. Die Organisation FairSquare sieht keine Grundlage dafür.;Fifa-Präsident;Sport, Fifa-Präsident, Gianni Infantino, Fifa, Fußball, Menschenrechte, NGO;2026-08-17T15:40:55+02:00;2026-08-17T15:40:55+02:00;yer;DIE ZEIT,        SID,        							yer;false
ff17b3f966f11debb1559e392432e47fc4fe5fc076e220471046691a47c12053;Passanten versuchen Schwimmer mit Menschenkette zu retten;https://www.zeit.de/news/2026-08/17/passanten-versuchen-schwimmer-mit-menschenkette-zu-retten;Hier finden Sie Informationen zu dem Thema „Wasserstrudel“. Lesen Sie jetzt „Passanten versuchen Schwimmer mit Menschenkette zu retten“.;Wasserstrudel;News, Wasserstrudel, Neuenburg, Rhein, Polizei, Menschenkette, Wasserstrudel, schwimmen;2026-08-17T15:40:38+02:00;2026-08-17T15:40:38+02:00;;dpa Baden-Württemberg;false
488beadac5b6024c136a823872eb1bc01567832560dc76932ac0f4961c62d51f;Zwei Spiele Sperre für Herthas Zeefuik nach Platzverweis;https://www.zeit.de/news/2026-08/17/zwei-spiele-sperre-fuer-herthas-zeefuik-nach-platzverweis;Hier finden Sie Informationen zu dem Thema „2. Bundesliga“. Lesen Sie jetzt „Zwei Spiele Sperre für Herthas Zeefuik nach Platzverweis“.;2. Bundesliga;News, 2. Bundesliga, Hertha BSC, Hertha BSC Berlin, 1. FC Heidenheim, Bundesliga, Sperre, Platzverweis, Tätlichkeit;2026-08-17T15:40:23+02:00;2026-08-17T15:40:23+02:00;;dpa Berlin/Brandenburg;false
083a22d2b962c36007a49915c3cfb98d65d2c31eb5d73ed6d4fb5de04d9343d8;Kampf gegen Brand in Belgien - eine Feuerwehrkraft in Klinik;https://www.zeit.de/news/2026-08/17/kampf-gegen-brand-in-belgien-eine-feuerwehrkraft-in-klinik;Hier finden Sie Informationen zu dem Thema „Waldbrände“. Lesen Sie jetzt „Kampf gegen Brand in Belgien - eine Feuerwehrkraft in Klinik“.;Waldbrände;News, Waldbrände, Philipp Krüger, Belgien, Hohes Venn, Monschau, Feuerwehr, Feuerwehrkraft, Waldbrand, Grenze;2026-08-17T15:37:36+02:00;2026-08-17T15:37:36+02:00;;dpa Nordrhein-Westfalen;false
ef51af1103f6afba1d87718da78cb59bb84139e32c89f77d9dbe6521e5ddb042;Abschied von Bonnie Tyler: Gänsehaut-Momente bei Trauerfeier;https://www.zeit.de/news/2026-08/17/abschied-von-bonnie-tyler-gaensehaut-momente-bei-trauerfeier;Hier finden Sie Informationen zu dem Thema „Bestattung von Sängerin“. Lesen Sie jetzt „Abschied von Bonnie Tyler: Gänsehaut-Momente bei Trauerfeier“.;Bestattung von Sängerin;News, Bestattung von Sängerin, Bonnie Tyler, Justin Davies, Robert Sullivan, Roger Bell, Sängerin, Swansea, Tyler, Zeremonie, Trauerfeier, Familie;2026-08-17T15:34:05+02:00;2026-08-17T15:34:05+02:00;;dpa;false
52ee85527d1623b4eb56eb791ff1b6729e5304f6684b0ab4c6991465b5e76c19;Gewalt im Regionalzug: Zwei 19-Jährige verletzt;https://www.zeit.de/news/2026-08/17/gewalt-im-regionalzug-zwei-19-jaehrige-verletzt;Hier finden Sie Informationen zu dem Thema „Schlägerei im Regionalzug“. Lesen Sie jetzt „Gewalt im Regionalzug: Zwei 19-Jährige verletzt“.;Schlägerei im Regionalzug;News, Schlägerei im Regionalzug, Dresden, Bundespolizei, Schlägerei, Großeinsatz;2026-08-17T15:32:31+02:00;2026-08-17T15:32:31+02:00;;dpa Sachsen;false
c849fce6a87013bd82807716904948d68aa4875b389d5345d2ca6f97dce4b397;WM-Trio zurück, Musiala fehlt - «Hoffe, wir gewinnen alles»;https://www.zeit.de/news/2026-08/17/wm-trio-zurueck-musiala-fehlt-hoffe-wir-gewinnen-alles;Hier finden Sie Informationen zu dem Thema „Fußball-Bundesliga“. Lesen Sie jetzt „WM-Trio zurück, Musiala fehlt - «Hoffe, wir gewinnen alles»“.;Fußball-Bundesliga;News, Fußball-Bundesliga, Harry Kane, Jovana Damnjanovic, Michael Olise, Dayot Upamecano, Bayern, Teamday, Leipzig, Borussia Dortmund, RB Leipzig, Fußball-Bundesliga;2026-08-17T15:32:20+02:00;2026-08-17T15:32:20+02:00;;dpa Bayern;false
6d96ce3e4c8b53150d83299cbfcb3d6442e524808ad5231f618c9b43cc815de7;Feuer in Weinberg sorgt für Schaden an 500 Reben;https://www.zeit.de/news/2026-08/17/feuer-in-weinberg-sorgt-fuer-schaden-an-500-reben;Hier finden Sie Informationen zu dem Thema „Kriminalität“. Lesen Sie jetzt „Feuer in Weinberg sorgt für Schaden an 500 Reben“.;Kriminalität;News, Kriminalität, News;2026-08-17T15:32:09+02:00;2026-08-17T15:32:09+02:00;;dpa Baden-Württemberg;false
88960a619bd4e0a46b429b10957df288baabe36090a9d183dcaff30d9d3dd06a;Monschauer Bürgermeisterin: Lage unverändert;https://www.zeit.de/news/2026-08/17/monschauer-buergermeisterin-lage-unveraendert;Hier finden Sie Informationen zu dem Thema „Waldbrände“. Lesen Sie jetzt „Monschauer Bürgermeisterin: Lage unverändert“.;Waldbrände;News, Waldbrände, Carmen Krämer, Belgien, Hohes Venn, Monschau, Brandlage, Waldbrand, Grenze;2026-08-17T15:27:05+02:00;2026-08-17T15:27:05+02:00;;dpa Nordrhein-Westfalen;false
778f75d5b6c6d512c21229070d0377ffb14d4dbfa2dca5c0813a0fbde3ecba91;Schweitzer: Dürre ist neues Normal;https://www.zeit.de/news/2026-08/17/schweitzer-duerre-ist-neues-normal;Hier finden Sie Informationen zu dem Thema „Thema Hitze im Landtag“. Lesen Sie jetzt „Schweitzer: Dürre ist neues Normal“.;Thema Hitze im Landtag;News, Thema Hitze im Landtag, Alexander Schweitzer, Mainz, Rheinland-Pfalz, SPD, Dürre, Landtag, Klimawandel, Hitze, Sommer;2026-08-17T15:26:49+02:00;2026-08-17T15:26:49+02:00;;dpa Rheinland-Pfalz/Saarland;false
05d8e2870912ba7fc7d80cd0fb5c0185c59190f074c6dcbf0427b193b7bb18ad;Holt Senta Berger einen Oscar für Deutschland?;https://www.zeit.de/news/2026-08/17/holt-senta-berger-einen-oscar-fuer-deutschland;Hier finden Sie Informationen zu dem Thema „Oscarverleihung 2027“. Lesen Sie jetzt „Holt Senta Berger einen Oscar für Deutschland?“.;Oscarverleihung 2027;News, Oscarverleihung 2027, Holt Senta Berger, Simon Verhoeven, Joachim Meyerhoff, Bruno Alexander, Michael Wittenborn, München, Çatak, Ziegler Film, Vorauswahl, Kino;2026-08-17T15:26:04+02:00;2026-08-17T15:26:04+02:00;;dpa;false
6a1a47a57162d4f7d39996ae7a90dc55d5e8f9790560200b66127636edd0b0c3;«Aktionsbündnis Ländliche Räume» gegründet;https://www.zeit.de/news/2026-08/17/bauernpraesident-lucht-wettert-gegen-umweltministerium;Hier finden Sie Informationen zu dem Thema „Vorbereitung auf Wahlkampf“. Lesen Sie jetzt „«Aktionsbündnis Ländliche Räume» gegründet“.;Vorbereitung auf Wahlkampf;News, Vorbereitung auf Wahlkampf, Klaus-Peter Lucht, Tobias Goldschmidt, Cornelia Schmachtenberg, Schleswig-Holstein, BMU, CDU, Landtagswahl, Wahlkampf;2026-08-17T15:25:39+02:00;2026-08-17T15:25:39+02:00;;dpa Hamburg/Schleswig-Holstein;false
f2a80734dfa0d222da0d1baa7ec181fa98cfd4c036a1ccb7e8e696cb7ab79840;Modernisierungsarbeiten im Kloster Cismar vor dem Abschluss;https://www.zeit.de/news/2026-08/17/modernisierungsarbeiten-im-kloster-cismar-vor-dem-abschluss;Hier finden Sie Informationen zu dem Thema „Landesmuseen“. Lesen Sie jetzt „Modernisierungsarbeiten im Kloster Cismar vor dem Abschluss“.;Landesmuseen;News, Landesmuseen, Cismar, Kloster Cismar, Stiftung Schleswig-Holsteinische Landesmuseen Schloss Gottorf, Modernisierungsarbeit, Landesmuseum, Sommer;2026-08-17T15:21:26+02:00;2026-08-17T15:21:26+02:00;;dpa Hamburg/Schleswig-Holstein;false
56f7589ead109760109c488dfd30aca39bb164666979b340d5005d5455ff147a;Mehrheit für Grundgesetzänderung zu Klimaanpassung möglich;https://www.zeit.de/news/2026-08/17/mehrheit-fuer-grundgesetzaenderung-zu-klimaanpassung-moeglich;Hier finden Sie Informationen zu dem Thema „Klimafolgen“. Lesen Sie jetzt „Mehrheit für Grundgesetzänderung zu Klimaanpassung möglich“.;Klimafolgen;News, Klimafolgen, Philipp Amthor, Ines Schwerdtner, Berlin, SPD, Deutscher Bundestag, CDU, CSU, Deutsche Presse-Agentur, Bundesrat, Alternative für Deutschland;2026-08-17T15:18:44+02:00;2026-08-17T15:18:44+02:00;;dpa;false
f6b0cc1a3e2f2c5f5a636f5af8ac1ddb69fa90dbea6093997635567339cb3231;Bruder von Tupac: Prozess wird keine Gerechtigkeit bringen;https://www.zeit.de/news/2026-08/17/bruder-von-tupac-prozess-wird-keine-gerechtigkeit-bringen;Hier finden Sie Informationen zu dem Thema „Mord an Rapper“. Lesen Sie jetzt „Bruder von Tupac: Prozess wird keine Gerechtigkeit bringen“.;Mord an Rapper;News, Mord an Rapper, Tupac Shakur, Las Vegas, BBC, Mord, Auto;2026-08-17T15:18:27+02:00;2026-08-17T15:18:27+02:00;;dpa;false
3d54be6c12306e4c0805236c49e608bf44e2be3a3dd086b4845bc2a8378a0dd2;Brückenneubau in Großenhain verzögert sich;https://www.zeit.de/news/2026-08/17/brueckenneubau-in-grossenhain-verzoegert-sich;Hier finden Sie Informationen zu dem Thema „Dezember 2024 abgerissen“. Lesen Sie jetzt „Brückenneubau in Großenhain verzögert sich“.;Dezember 2024 abgerissen;News, Dezember 2024 abgerissen, Großenhain, Meißen, Brückenneubau, Bundesstraße;2026-08-17T15:17:54+02:00;2026-08-17T15:17:54+02:00;;dpa Sachsen;false
d712165b1b0a27e4d5cef3fa523a9147bc9f2f91528be67fca6d3e99e37f9633;Abfall nach Techno-Parade: BSR sammelt etwas mehr ein;https://www.zeit.de/news/2026-08/17/abfall-nach-techno-parade-bsr-sammelt-etwas-mehr-ein;Hier finden Sie Informationen zu dem Thema „Müll von Techno-Parade“. Lesen Sie jetzt „Abfall nach Techno-Parade: BSR sammelt etwas mehr ein“.;Müll von Techno-Parade;News, Müll von Techno-Parade, BSR, X, Abfall;2026-08-17T15:17:42+02:00;2026-08-17T15:17:42+02:00;;dpa Berlin/Brandenburg;false
1ba603572c00bc52413f7330e711955c0c393e5d0fdba69fcb2f166f847a0902;Haben Berufseinsteiger wirklich keine Chance auf dem Arbeitsmarkt?;https://www.zeit.de/wirtschaft/2026-08/arbeitsmarkt-stabilitaet-arbeitnehmer-arbeitsplaetze;Deutschland steht vor einer Entlassungswelle, heißt es oft. Aber stimmt das? Wir haben uns fünf gängige Thesen zum Arbeitsmarkt angeschaut – und erklären, welche stimmen.;"Z+ (abopflichtiger Inhalt);
        
    Arbeitsmarkt";Wirtschaft, Arbeitsmarkt, Arbeitnehmer, Arbeitsmarkt, Arbeitsplatz, Entlassung, Stellenabbau, künstliche Intelligenz;2026-08-17T15:16:08+02:00;2026-08-17T15:16:08+02:00;Ursula Freudling;;false
7925d2315e41d3b183c2891e1605ec53fe75a0d34576accd917a20720bb0c494;Der Schweizer Apfelschmus;https://www.zeit.de/feuilleton/2026-08/die-allianz-der-letzten-demokratien-proberaum-zukunft-theater-experiment-zuerich;Churchill rief 1948 in der Universität Zürich zur Neuerfindung der Demokratie auf. Jetzt probt im selben Saal ein Theaterprojekt mit dem Publikum ihre globale Rettung. ;"Z+ (abopflichtiger Inhalt);
        
    »Die Allianz der letzten Demokratien«";Feuilleton, »Die Allianz der letzten Demokratien«, Demokratie, Theater, Zürich, Schweiz, UNO, Allianz;2026-08-17T15:15:11+02:00;2026-08-17T15:15:11+02:00;Tobi Müller;;false
3cc220169a396ed9adde2718308abacb23704004c13c088bab3501437d0ef591;»Die Quellen laufen zunehmend leer«;https://www.zeit.de/wirtschaft/2026-08/badenova-netze-trinkwasser-duerre-transport-tanklaster;Die Hitzetage sind vorbei, doch das Wasser wird mancherorts trotzdem knapp. Simon Herrmann vom Versorger Badenova erklärt, wie man Bürger mit Tanklastern versorgen kann.;"Z+ (abopflichtiger Inhalt);
        
    Badenova";Wirtschaft, Badenova, Trinkwasser, Wasserversorgung, Transport, Lebensmittel, Tanker, Dürre;2026-08-17T15:14:44+02:00;2026-08-17T15:14:44+02:00;Paula Antonia Berger;;false
7a0dd61cc470d5f5158316f59711b262a7fa99ce0afd17eb0a12bb3a1557e1d7;18-jährige Mitfahrerin nach Unfall im Emsland gestorben;https://www.zeit.de/news/2026-08/17/18-jaehrige-mitfahrerin-nach-unfall-im-emsland-gestorben;Hier finden Sie Informationen zu dem Thema „Unfall am Samstagabend“. Lesen Sie jetzt „18-jährige Mitfahrerin nach Unfall im Emsland gestorben“.;Unfall am Samstagabend;News, Unfall am Samstagabend, Emsland, Dörpen, Landkreis Emsland, Polizei, Unfall, Auto;2026-08-17T15:13:38+02:00;2026-08-17T15:13:38+02:00;;dpa Niedersachsen;false
719d0cb546ad364edc7dae0419b8ebc2a7a8a758864f0b9140d93c82bfb2c40f;Ausschuss-Sondersitzung zum Abtransport des Wals vor Poel;https://www.zeit.de/news/2026-08/17/ausschuss-sondersitzung-zum-abtransport-des-wals-vor-poel;Hier finden Sie Informationen zu dem Thema „Wal-Drama“. Lesen Sie jetzt „Ausschuss-Sondersitzung zum Abtransport des Wals vor Poel“.;Wal-Drama;News, Wal-Drama, Beate Schlupp, Till Backhaus, Poel, Mecklenburg-Vorpommern, CDU, Abtransport, Agrarausschuss, Buckelwal, Bergung, Sondersitzung;2026-08-17T15:12:07+02:00;2026-08-17T15:12:07+02:00;;dpa Mecklenburg-Vorpommern;false
ecdfa1f997637b4ac2ed55c4da7788eaac9824d7d8bc42c4751744f3d8324103;Laster mit Gülle kippt um – Fahrer schwer verletzt;https://www.zeit.de/news/2026-08/17/laster-mit-guelle-kippt-um-fahrer-schwer-verletzt;Hier finden Sie Informationen zu dem Thema „Meiningen“. Lesen Sie jetzt „Laster mit Gülle kippt um – Fahrer schwer verletzt“.;Meiningen;News, Meiningen, Meiningen, Unfall;2026-08-17T15:07:34+02:00;2026-08-17T15:07:34+02:00;;dpa Thüringen;false
45b208c1b18c5a17681db7fd47ae32b05e909d6694e4016a27721767d0c73547;Grüne-Fraktionsvorsitzende Oehlrich tritt zurück;https://www.zeit.de/news/2026-08/17/gruene-fraktionsvorsitzende-oehlrich-tritt-zurueck;Hier finden Sie Informationen zu dem Thema „Landtag“. Lesen Sie jetzt „Grüne-Fraktionsvorsitzende Oehlrich tritt zurück“.;Landtag;News, Landtag, Constanze Oehlrich, Schwerin, Mecklenburg-Vorpommern, Landtagswahl, Landtag;2026-08-17T15:06:27+02:00;2026-08-17T15:06:27+02:00;;dpa Mecklenburg-Vorpommern;false
71ecbed9bd15e35381c7b6d7b392b77d411fde84018dce9d9f08cc1eb83f0b05;Umfrage: Aggressivität im Straßenverkehr nimmt zu;https://www.zeit.de/news/2026-08/17/langzeitstudie-ton-im-strassenverkehr-wird-immer-rauer;Hier finden Sie Informationen zu dem Thema „Unfallforschung“. Lesen Sie jetzt „Umfrage: Aggressivität im Straßenverkehr nimmt zu“.;Unfallforschung;News, Unfallforschung, Kirstin Zeidler, Gesamtverband der Deutschen Versicherungswirtschaft, Straßenverkehr, Unfallforschung, Langzeitstudie;2026-08-17T15:05:44+02:00;2026-08-17T15:05:44+02:00;;dpa;false
1d97486e603746c027969cb54afd7deab9c14ed5e1376505ad6d9d03336bdc7b;Attraktive Pokal-Lose für Berliner Clubs und Turbine;https://www.zeit.de/news/2026-08/17/attraktive-pokal-lose-fuer-berliner-clubs-und-turbine;Hier finden Sie Informationen zu dem Thema „Fußball“. Lesen Sie jetzt „Attraktive Pokal-Lose für Berliner Clubs und Turbine“.;Fußball;News, Fußball, Berlin, Brandenburg, Deutscher Fußball-Bund, Hertha BSC Berlin, Turbine, Hauptrunde, Fußball;2026-08-17T15:04:45+02:00;2026-08-17T15:04:45+02:00;;dpa Berlin/Brandenburg;false
f3fda07bc81a58d51abbd09c0f2ed76d04e0fe78ece94584445b44436753ef3d;Nach Schüssen in Ludwigshafen – Täter auf der Flucht;https://www.zeit.de/news/2026-08/17/nach-schuessen-in-ludwigshafen-taeter-auf-der-flucht;Hier finden Sie Informationen zu dem Thema „Polizei sucht Zeugen“. Lesen Sie jetzt „Nach Schüssen in Ludwigshafen – Täter auf der Flucht“.;Polizei sucht Zeugen;News, Polizei sucht Zeugen, Ludwigshafen, Frankenthal, Polizei, Staatsanwaltschaft, Körperverletzung;2026-08-17T15:00:47+02:00;2026-08-17T15:00:47+02:00;;dpa Rheinland-Pfalz/Saarland;false
ad556faddc9cdbd230f936f26e8af3a439be00aeebb67e9c93a45944584ca1ea;Kinder legen Steine in Gleise - Schaden und Verspätungen;https://www.zeit.de/news/2026-08/17/kinder-legen-steine-in-gleise-schaden-und-verspaetungen;Hier finden Sie Informationen zu dem Thema „Kurz vor Bremerhaven“. Lesen Sie jetzt „Kinder legen Steine in Gleise - Schaden und Verspätungen“.;Kurz vor Bremerhaven;News, Kurz vor Bremerhaven, Bremerhaven, Loxstedt, Bundespolizei, Verspätung, Bahngleis;2026-08-17T15:00:37+02:00;2026-08-17T15:00:37+02:00;;dpa Niedersachsen;false
60695deab154d82fb752e2ab3642934b3824a7e14c45512e24fbe6b66c944da6;Land unterstützt altersgerechte Dörfer und Quartiere;https://www.zeit.de/news/2026-08/17/land-unterstuetzt-altersgerechte-doerfer-und-quartiere;Hier finden Sie Informationen zu dem Thema „Wie Senioren leben können“. Lesen Sie jetzt „Land unterstützt altersgerechte Dörfer und Quartiere“.;Wie Senioren leben können;News, Wie Senioren leben können, Quartier, Landeszentrale, Senioren;2026-08-17T15:00:11+02:00;2026-08-17T15:00:11+02:00;;dpa Rheinland-Pfalz/Saarland;false
864ec975bc68921b4d40e756e8bfbe4bd8370db1dd8158e1d90e83867250fb57;Putziger Problembär;https://www.zeit.de/2026/35/waschbaeren-schweiz-basel-ausbreitung-bejagung;Von Deutschland kommend, vermehrt sich der Waschbär in der Schweiz. Basel wehrt sich mit Fallen.;"Z+ (abopflichtiger Inhalt);
        
    Waschbären in der Schweiz";Wissenschaft, Waschbären in der Schweiz, Wildtiere, Schweiz, Basel, Tiere;2026-08-17T14:58:39+02:00;2026-08-17T14:58:39+02:00;Hanna Girard;Aus der        ZEIT Nr. 35/2026;false
f1291993caab6ecf88d6fcc1edc622ba5b5f3635c028aa48568bae57b6a72c1b;Uni Bremen sieht Einschüchterungsversuch aus Moskau;https://www.zeit.de/news/2026-08/17/uni-bremen-sieht-einschuechterungsversuch-aus-moskau;Hier finden Sie Informationen zu dem Thema „Russische Justiz“. Lesen Sie jetzt „Uni Bremen sieht Einschüchterungsversuch aus Moskau“.;Russische Justiz;News, Russische Justiz, Moskau, Osteuropa, Russland, Bremen, Universität Bremen, Einschüchterungsversuch, Einschüchterung, Forschungsstelle, Einstufung;2026-08-17T14:56:45+02:00;2026-08-17T14:56:45+02:00;;dpa Niedersachsen;false
7b69730b816a493c8f2e2bc44ad95b3846917727d42428abc4479674f3813198;US-Unterhändler Kushner wirbt bei Benjamin Netanjahu für Gaza-Plan;https://www.zeit.de/politik/ausland/2025-10/krieg-gaza-israel-hamas-liveblog;Jared Kushner will Israel vom von den USA unterstützten Gaza-Plan überzeugen. Israels Polizeiminister spricht sich für mehr Tötungen im Gazastreifen aus. Das Liveblog;Liveblog:                     Gaza;Politik, Gaza, Israel, Gazastreifen, Nahost, Hamas, Benjamin Netanjahu, Militär;2026-08-17T14:50:54+02:00;2026-08-17T14:50:54+02:00;Tom-Luca FreundAlena KammerHella Kemper;;false
00a361bd8105ac4586a3333dd7afc8ffe046f4c60ab939df5fb76be5233f9288;Zahl junger Straftäter nimmt ab;https://www.zeit.de/news/2026-08/17/zahl-jugendlicher-straftaeter-nimmt-ab;Hier finden Sie Informationen zu dem Thema „Jugendkriminalität“. Lesen Sie jetzt „Zahl junger Straftäter nimmt ab“.;Jugendkriminalität;News, Jugendkriminalität, Bayern, LKA, Jugendkriminalität, Gewaltdelikt, Gewalttat;2026-08-17T14:49:13+02:00;2026-08-17T14:49:13+02:00;;dpa Bayern;false
3d233ef0d5500b71b9300f75750370e23ce3f32270f9605e47b05121b58ff320;Spanien: Drei Tote bei mutmaßlichem Racheakt im Drogenmilieu;https://www.zeit.de/news/2026-08/17/spanien-drei-tote-bei-mutmasslichem-racheakt-im-drogenmilieu;Hier finden Sie Informationen zu dem Thema „Schwangere unter den Opfern“. Lesen Sie jetzt „Spanien: Drei Tote bei mutmaßlichem Racheakt im Drogenmilieu“.;Schwangere unter den Opfern;News, Schwangere unter den Opfern, Spanien, Andalusien, Isla Cristina, Drogenmilieu, Racheakt, Südwesten;2026-08-17T14:40:41+02:00;2026-08-17T14:40:41+02:00;;dpa;false
3fa6e5acdad9b42c9d079237ab7e9909ff6ec48df3b6f9c745bc9c93fa295a01;Weltkriegsbombe in Heidenau entschärft;https://www.zeit.de/news/2026-08/17/weltkriegsbombe-in-heidenau-entschaerft;Hier finden Sie Informationen zu dem Thema „Munitionsfund“. Lesen Sie jetzt „Weltkriegsbombe in Heidenau entschärft“.;Munitionsfund;News, Munitionsfund, Heidenau, Elbe, Weltkriegsbombe, Munitionsfund;2026-08-17T14:33:47+02:00;2026-08-17T14:33:47+02:00;;dpa Sachsen;false
31ef8950faa0a37da2418978e1a3a6204e61a32fe5d8658fed63088ea22a84d8;Herrmann hält SPD-Vorschlag zu Klimaanpassung für Bürokratie;https://www.zeit.de/news/2026-08/17/herrmann-haelt-spd-vorschlag-zu-klimaanpassung-fuer-buerokratie;Hier finden Sie Informationen zu dem Thema „Hitzeschutz-Debatte“. Lesen Sie jetzt „Herrmann hält SPD-Vorschlag zu Klimaanpassung für Bürokratie“.;Hitzeschutz-Debatte;News, Hitzeschutz-Debatte, Joachim Herrmann, Bayern, SPD, CSU, Klimaanpassung, Hitzeschutz, Bürokratie, Verfassungsrang, Bundesebene;2026-08-17T14:29:23+02:00;2026-08-17T14:29:23+02:00;;dpa Bayern;false
a124206b0431ca74ed959f6976a82da449a318240cd0f399c623f0b3c4708939;Ex-Wolfsburger Odogu verlässt AC Mailand nach einem Jahr;https://www.zeit.de/news/2026-08/17/ex-wolfsburger-odogu-verlaesst-ac-mailand-nach-einem-jahr;Hier finden Sie Informationen zu dem Thema „Transfer nach Toulouse“. Lesen Sie jetzt „Ex-Wolfsburger Odogu verlässt AC Mailand nach einem Jahr“.;Transfer nach Toulouse;News, Transfer nach Toulouse, David Odogu, Toulouse, Wolfsburg, Mailand, AC Mailand, VfL Wolfsburg;2026-08-17T14:26:48+02:00;2026-08-17T14:26:48+02:00;;dpa Niedersachsen;false
1fb890a2afc1d3641d73cd084e7955ab7d198144a8a7552902a2822200511dc3;Nicht nur NRW: Wo in Deutschland brennt es?;https://www.zeit.de/news/2026-08/17/nicht-nur-nrw-wo-in-deutschland-brennt-es;Hier finden Sie Informationen zu dem Thema „Kampf gegen Waldbrände“. Lesen Sie jetzt „Nicht nur NRW: Wo in Deutschland brennt es?“.;Kampf gegen Waldbrände;News, Kampf gegen Waldbrände, NRW, Schramberg, Nordrhein-Westfalen, Baden-Württemberg, Landkreis Rottweil, Rheinland-Pfalz, Feuerwehr, Waldbrand, Einsatzkraft, Brandgebiet;2026-08-17T14:23:28+02:00;2026-08-17T14:23:28+02:00;;dpa;false
26add4635b8c67eff03e6c393fa84ed0bc2ac8e326a0b98d656bd2656d27ea9c;Nackter Autofahrer von Feuerwehr aus Auto befreit;https://www.zeit.de/news/2026-08/17/nackter-autofahrer-von-feuerwehr-aus-auto-befreit;Hier finden Sie Informationen zu dem Thema „Raserunfall“. Lesen Sie jetzt „Nackter Autofahrer von Feuerwehr aus Auto befreit“.;Raserunfall;News, Raserunfall, Wiesloch, Rhein-Neckar-Kreis, Feuerwehr, Polizei, Raserunfall, Unfall, Auto, Fahrzeug;2026-08-17T14:22:03+02:00;2026-08-17T14:22:03+02:00;;dpa Baden-Württemberg;false
d38ef6355d81e35b57bd348b2f16b41e04b698d500d5fae9aafe32bf7ce788a6;Super-Recogniser entdeckt wichtigen Zeugen von Gewalttat;https://www.zeit.de/news/2026-08/17/super-recogniser-entdeckt-wichtigen-zeugen-von-gewalttat;Hier finden Sie Informationen zu dem Thema „Privat erkannt“. Lesen Sie jetzt „Super-Recogniser entdeckt wichtigen Zeugen von Gewalttat“.;Privat erkannt;News, Privat erkannt, Regensburg, Bundespolizei, Gewalttat, Hauptbahnhof;2026-08-17T14:20:13+02:00;2026-08-17T14:20:13+02:00;;dpa Bayern;false
0e55951b9353a1108b8891f0bd1b0f491c69986f66008cc7febb170c7c9e0242;Israels Polizeiminister spricht sich für mehr Tötungen in Gaza aus;https://www.zeit.de/politik/ausland/2026-08/itamar-ben-gvir-israel-gazastreifen-palaestinenser-gezielte-toetungen-gxe;Israels rechtsextremer Polizeiminister hat zu mehr gezielten Tötungen im Gazastreifen aufgerufen – bis zu 40 pro Nacht. Jared Kushner führt neue Vermittlungsgespräche.;Gaza-Friedensgespräche;Politik, Gaza-Friedensgespräche, Israel, Gazastreifen, Hamas, Benjamin Netanjahu, Jared Kushner, Nahostkonflikt;2026-08-17T14:18:14+02:00;2026-08-17T14:18:14+02:00;hell;DIE ZEIT,        dpa,        							hell;false
d0176886d11170156b2292cb1f397a7649460c9b689ec2d84a30be9e76856860;Verdächtige nach Messerangriff auf Ex-Partner festgenommen;https://www.zeit.de/news/2026-08/17/verdaechtige-nach-messerangriff-auf-ex-partner-festgenommen;Hier finden Sie Informationen zu dem Thema „Kriminalität“. Lesen Sie jetzt „Verdächtige nach Messerangriff auf Ex-Partner festgenommen“.;Kriminalität;News, Kriminalität, Duisburg, Staatsanwaltschaft, Messerangriff, Ex-Partner;2026-08-17T14:15:22+02:00;2026-08-17T14:15:22+02:00;;dpa Nordrhein-Westfalen;false
2930b5888973993d1f2ed058d957bb26ef683b9ca57ee6cced89ade50e363adb;Verurteilte Drogenschmugglerin am Flughafen festgenommen;https://www.zeit.de/news/2026-08/17/verurteilte-drogenschmugglerin-am-flughafen-festgenommen;Hier finden Sie Informationen zu dem Thema „Fahndungserfolg“. Lesen Sie jetzt „Verurteilte Drogenschmugglerin am Flughafen festgenommen“.;Fahndungserfolg;News, Fahndungserfolg, Frankfurt, Flughafen Frankfurt, Bundespolizei, Polizei, Fahndungserfolg, Flughafen;2026-08-17T14:14:59+02:00;2026-08-17T14:14:59+02:00;;dpa Hessen;false
33bf2a1b59ac7944f0aae5273e46582eb8c2c5bcf7d4fb5119db79db510554e3;Nächste Leihe: Ramaj verlässt BVB in Richtung Kopenhagen;https://www.zeit.de/news/2026-08/17/naechste-leihe-ramaj-verlaesst-bvb-in-richtung-kopenhagen;Hier finden Sie Informationen zu dem Thema „Fußball“. Lesen Sie jetzt „Nächste Leihe: Ramaj verlässt BVB in Richtung Kopenhagen“.;Fußball;News, Fußball, Diant Ramaj, Kopenhagen, Borussia Dortmund, FC Kopenhagen, Ajax Amsterdam, Fußball;2026-08-17T14:10:41+02:00;2026-08-17T14:10:41+02:00;;dpa Nordrhein-Westfalen;false
5cb34fe3d63e564df0bfc41ca5673b587f244ef10ed04a1274d50511cc4164af;Bauchfett erhöht das Herzrisiko sogar bei Normalgewicht;https://www.zeit.de/gesundheit/2026-08/herz-kreislauf-erkrankungen-bauchfett-normalgewicht-risiko;Die Verteilung des Körperfetts sagt mehr über unsere Herz-Kreislauf-Gesundheit aus als der Body-Mass-Index. Entscheidend ist vor allem das Bauchfett.;"Z+ (abopflichtiger Inhalt);
        
    Herz-Kreislauf-Erkrankungen";Gesundheit, Herz-Kreislauf-Erkrankungen, Body-Mass-Index, Übergewicht, Fitness, Forschung, Körpergewicht, Kreislauf, Herzgesundheit;2026-08-17T14:08:19+02:00;2026-08-17T14:08:19+02:00;Frank Schubert;Erschienen bei spektrum.de;false
8c6fabee699d51d4b51dfeb6466b923d519994ae69cb0ca865898d165516b8cd;Schluss mit dem Klischee der »Frauenliteratur«!;https://www.zeit.de/2026/35/schullektuere-frauenliteratur-buecher-maennliche-autoren;Goethe, Kafka, Hesse: In den Schulen lesen Kinder fast nur Bücher männlicher Autoren. Dabei sind weibliche Stoffe den Jugendlichen sehr nah – auch den Jungs.;"Z+ (abopflichtiger Inhalt);
        
    Schullektüre";Bildung, Schullektüre, Literatur, Belletristik, Schule, Bildung, Frauen, Klischee;2026-08-17T14:06:51+02:00;2026-08-17T14:06:51+02:00;Vanessa Göcking;Aus der        ZEIT Nr. 35/2026;false
d66c52a29c0ea00366308ad1f51398a2c2fdd9c2382f68e771b050c613ed0580;DWD-Experte: Mehr Tage mit Waldbrandgefahr durch Klimawandel;https://www.zeit.de/news/2026-08/17/dwd-experte-mehr-tage-mit-waldbrandgefahr-durch-klimawandel;Hier finden Sie Informationen zu dem Thema „Waldbrände“. Lesen Sie jetzt „DWD-Experte: Mehr Tage mit Waldbrandgefahr durch Klimawandel“.;Waldbrände;News, Waldbrände, Andreas Brömser, Monschau, Eifel, DWD, Waldbrandgefahr, Klimawandel, Gefahrenstufe;2026-08-17T14:04:05+02:00;2026-08-17T14:04:05+02:00;;dpa Nordrhein-Westfalen;false
e9ac2624b83124437adcb9134fe2f704c85e0b5a764235ccea588e786f5445ee;Warum Brände im ausgetrockneten Moor schwer bekämpfbar sind;https://www.zeit.de/news/2026-08/17/warum-braende-im-ausgetrockneten-moor-schwer-bekaempfbar-sind;Hier finden Sie Informationen zu dem Thema „Gefahr bei Moorbränden“. Lesen Sie jetzt „Warum Brände im ausgetrockneten Moor schwer bekämpfbar sind“.;Gefahr bei Moorbränden;News, Gefahr bei Moorbränden, Luc Burette, Tobias Ceulemans, Hohes Venn, Moorbrand, Naturschutzgebiet, Brand;2026-08-17T14:03:07+02:00;2026-08-17T14:03:07+02:00;;dpa;false
59469c58e3abed316099b5e1c15a885618071920a53efac8c589a7a3bdf87ffd;Neue Lehrer braucht das Land - aber wie?;https://www.zeit.de/news/2026-08/17/neue-lehrer-braucht-das-land-aber-wie;Hier finden Sie Informationen zu dem Thema „Saar-Rechnungshof“. Lesen Sie jetzt „Neue Lehrer braucht das Land - aber wie?“.;Saar-Rechnungshof;News, Saar-Rechnungshof, Annette Groh, Saarland, Deutsche Presse-Agentur, Bildungssystem;2026-08-17T13:57:42+02:00;2026-08-17T13:57:42+02:00;;dpa Rheinland-Pfalz/Saarland;false
936a786375597387f5348c04e2f3248fe64bb8a87c48ec309c4106951ebc191f;Bad Hersfelder Festspiele ziehen knapp 86.000 Besucher an;https://www.zeit.de/news/2026-08/17/bad-hersfelder-festspiele-ziehen-knapp-86-000-besucher-an;Hier finden Sie Informationen zu dem Thema „Kultur“. Lesen Sie jetzt „Bad Hersfelder Festspiele ziehen knapp 86.000 Besucher an“.;Kultur;News, Kultur, Fulda, Bad Hersfelder Festspiele;2026-08-17T13:56:07+02:00;2026-08-17T13:56:07+02:00;;dpa Hessen;false
5d958cce32deb58b392e41cfe15049858ff11a11abb9cefc9654b83ede05f2ba;»Weltrekord, klar. Aber das Abi war mir auch sehr wichtig«;https://www.zeit.de/sport/2026-08/johannes-liebmann-schwimm-em-weltrekord;Johannes Liebmann schwamm bei der EM einen Weltrekord, den er selbst kaum fassen konnte. Hinter dem 19-Jährigen steht auch ein außergewöhnlicher Trainer.;Johannes Liebmann;Sport, Johannes Liebmann, schwimmen, Weltrekord, Europameisterschaft, Magdeburg, Olympia, Profisport;2026-08-17T13:54:38+02:00;2026-08-17T13:54:38+02:00;Andreas Morbach;;false
9ad5ec85c5fed81d04968f901904f428e5677ebbd4be5018a2011f10ab7b3283;Deutschland Tour im Südwesten: Was Fans wissen sollten;https://www.zeit.de/news/2026-08/17/deutschland-tour-im-suedwesten-was-fans-wissen-sollten;Hier finden Sie Informationen zu dem Thema „Radsport“. Lesen Sie jetzt „Deutschland Tour im Südwesten: Was Fans wissen sollten“.;Radsport;News, Radsport, Star Florian, Nils Politt, Tadej Pogacar, Bad Orb, Offenbach an der Queich, Hessen, Baden-Württemberg, Rheinland-Pfalz, Schwäbisch Hall, Südwesten;2026-08-17T13:53:55+02:00;2026-08-17T13:53:55+02:00;;dpa Baden-Württemberg;false
95bc170fdc7abd6810ae837869c60f50ca9171691e0a059e55eb0a07ffda713c;Flugzeugstart hinter Landebahnende hätte in Katastrophe enden können;https://www.zeit.de/mobilitaet/2026-08/vietnam-airlines-boeing-787-muenchen-tailstrike-bfu-gxe;Am Samstag ist eine Boeing 787 in München zu spät von der Landebahn abgehoben. Niemand wurde verletzt, doch ein Experte warnt: Ein Unglück sei knapp verhindert worden.;Vietnam Airlines;Mobilitaet, Vietnam Airlines, Flugzeug, Flughafen, Boeing, Flugsicherheit, München;2026-08-17T13:53:36+02:00;2026-08-17T13:53:36+02:00;tw;DIE ZEIT,        dpa,        							tw;false
c014ccb647709796fdc24a8a9f0b5cbd770981b7b7f48137a505acceb7345b6d;Spritpreise stabilisieren sich auf hohem Niveau;https://www.zeit.de/news/2026-08/17/spritpreise-stabilisieren-sich-auf-hohem-niveau;Hier finden Sie Informationen zu dem Thema „Treibstoffkosten“. Lesen Sie jetzt „Spritpreise stabilisieren sich auf hohem Niveau“.;Treibstoffkosten;News, Treibstoffkosten, ADAC, E10, Spritpreis, Treibstoffkosten, Tagesdurchschnitt, Wochensicht;2026-08-17T13:47:10+02:00;2026-08-17T13:47:10+02:00;;dpa;false
4b77b6bd5c2565978d18f1d61b79e844084447468ee4b1c96dc4948c859562c9;Bilder des Tages;https://www.zeit.de/news/2026-08/17/bilder-des-tages;Hier finden Sie Informationen zu dem Thema „Fotografie“. Lesen Sie jetzt „Bilder des Tages“.;Fotografie;News, Fotografie, News;2026-08-17T13:44:49+02:00;2026-08-17T13:44:49+02:00;;dpa;false
70e0d27e2028b1394106c45ce4474133bce67bf2d99c051223e5838534aea770;Suedlink quert die Elbe: 700 Kilometer Kabel in den Süden;https://www.zeit.de/news/2026-08/17/suedlink-quert-die-elbe-700-kilometer-kabel-in-den-sueden;Hier finden Sie Informationen zu dem Thema „Energiewende“. Lesen Sie jetzt „Suedlink quert die Elbe: 700 Kilometer Kabel in den Süden“.;Energiewende;News, Energiewende, Daniel Günther, Christian Meyer, Elbe, Wewelsfleth, Schleswig-Holstein, Wischhafen, Thüringen, Niedersachsen, Baden-Württemberg, Hessen;2026-08-17T13:44:01+02:00;2026-08-17T13:44:01+02:00;;dpa Hamburg/Schleswig-Holstein;false
0a219071d089da75d40694f6b2adbc664a8b417379482d76c0729f078c65475d;LKA registriert starke Aktivitäten krimineller Familienclans;https://www.zeit.de/news/2026-08/17/lka-registriert-starke-aktivitaeten-krimineller-familienclans;Hier finden Sie Informationen zu dem Thema „Kriminalität“. Lesen Sie jetzt „LKA registriert starke Aktivitäten krimineller Familienclans“.;Kriminalität;News, Kriminalität, Raiko Märtin, Syrien, Sachsen, Leipzig, Focus, LKA, Polizei, Familienclan, Landeskriminalamt, Aktivität;2026-08-17T13:43:28+02:00;2026-08-17T13:43:28+02:00;;dpa Sachsen;false
ef0562167cdae9307ec25e90f5cda4e485af455753533c9190caf270cb989729;Kutsche landet in Teich – Pferde sterben bei Unfall im Harz;https://www.zeit.de/news/2026-08/17/kutsche-landet-in-teich-pferde-sterben-bei-unfall-im-harz;Hier finden Sie Informationen zu dem Thema „Mann unverletzt“. Lesen Sie jetzt „Kutsche landet in Teich – Pferde sterben bei Unfall im Harz“.;Mann unverletzt;News, Mann unverletzt, Unfall;2026-08-17T13:43:06+02:00;2026-08-17T13:43:06+02:00;;dpa Sachsen;false
2920d6b2ae4d56ac7517b92411936c3bcf4e9f58de949d55c1e8a7bd4838fa66;Thüringer BSW-Fraktion hält an Koalition mit CDU und SPD fest;https://www.zeit.de/politik/deutschland/2026-08/bsw-fraktion-thueringen-cdu-spd-regierungskoalition-sigrid-hupach-gxe;Der BSW-Bundesvorstand will ein Ende der »Brombeer-Koalition« in Thüringen. Doch die Fraktion in Thüringen stellt sich einstimmig gegen die Forderungen aus Berlin.;Thüringen;Politik, Thüringen, Thüringen, Landtagswahl, Bündnis Sahra Wagenknecht, CDU, SPD;2026-08-17T13:42:53+02:00;2026-08-17T13:42:53+02:00;tlf;DIE ZEIT,        dpa,        							tlf;false
51d3899e8905f2d5909874833beb2f52324ae061f3867bd42e2681c15db00f45;Teamwunsch für SailGP-Heimspiel: «Sonne, Wind, Podiumsplatz»;https://www.zeit.de/news/2026-08/17/teamwunsch-fuer-sailgp-heimspiel-sonne-wind-podiumsplatz;Hier finden Sie Informationen zu dem Thema „Segeln“. Lesen Sie jetzt „Teamwunsch für SailGP-Heimspiel: «Sonne, Wind, Podiumsplatz»“.;Segeln;News, Segeln, Tim Krieglstein, Sassnitz, Germany, Teamwunsch, Podiumsplatz, Rennsportliga, Sommer;2026-08-17T13:42:46+02:00;2026-08-17T13:42:46+02:00;;dpa Hamburg/Schleswig-Holstein;false
3956b1946642670501f7e0f709980d4c74519dd6589074ffe2614bbc3c873fde;Ebolavirus breitet sich im Ostkongo rasant aus;https://www.zeit.de/politik/ausland/2026-08/ebola-demokratische-republik-kongo-ausbruch-todesopfer-epidemie-gxe;Durch das Ebolavirus sind bereits mehr als 2.300 Menschen in der DR Kongo gestorben. Der aktuelle Ebolaausbruch ist der tödlichste in der Geschichte des Landes.;Demokratische Republik Kongo;Politik, Demokratische Republik Kongo, Kongo, Ebola, Westafrika, Uganda, Virus, Epidemie;2026-08-17T13:39:42+02:00;2026-08-17T13:39:42+02:00;liw;DIE ZEIT,        dpa,        epd,        Reuters,        							liw;false
4e9db7de3e700902318b7715037a4e9c2dc092be223e1bc212a202450596105e;Weltkriegsbombe in Heidenau – Entschärfung begonnen;https://www.zeit.de/news/2026-08/17/weltkriegsbombe-in-heidenau-entschaerfung-begonnen;Hier finden Sie Informationen zu dem Thema „Munitionsfund“. Lesen Sie jetzt „Weltkriegsbombe in Heidenau – Entschärfung begonnen“.;Munitionsfund;News, Munitionsfund, Heidenau, Elbe, Weltkriegsbombe, Entschärfung, Munitionsfund, Sperrbereich;2026-08-17T13:35:29+02:00;2026-08-17T13:35:29+02:00;;dpa Sachsen;false
379954b29264a4ac99a23c3451acefbf623a2dc887b52913fdfb0313a63cfb02;Bundeswehr hat so viele Soldaten wie seit Jahren nicht mehr;https://www.zeit.de/politik/deutschland/2026-08/bundeswehr-soldaten-zahl-bewerbungen-wehrdienst-wehrerfassung-gxe;Das Wachstum der Bundeswehr befindet sich innerhalb des von der Politik vorgegebenen Zielkorridors. Die Truppe wuchs im Vergleich zum Vorjahr um rund 3.700 Soldaten.;Bundeswehr;Politik, Bundeswehr, Bundeswehr, Wehrdienst, Militär, Verteidigungspolitik, BMVg;2026-08-17T13:34:04+02:00;2026-08-17T13:34:04+02:00;yer;DIE ZEIT,        dpa,        							yer;false
325cd01e90276f24e0ee5ac9740ff92281a1c8bfa79bea815bbae0f6ff425957;Wagenknecht unterstützt BSW-Sonderparteitag in Thüringen;https://www.zeit.de/news/2026-08/17/wagenknecht-unterstuetzt-bsw-sonderparteitag-in-thueringen;Hier finden Sie Informationen zu dem Thema „BSW“. Lesen Sie jetzt „Wagenknecht unterstützt BSW-Sonderparteitag in Thüringen“.;BSW;News, BSW, Sahra Wagenknecht, Mario Voigt, Thüringen, Bündnis Sahra Wagenknecht, CDU, Dauerstreit, Bundesvorstand, Parteispitze, Sonderparteitag, Wölfe;2026-08-17T13:34:04+02:00;2026-08-17T13:34:04+02:00;;dpa Thüringen;false
fe5a1dfaff56b6080065e46c4bb2beb1a35d638cac7619cc51ee18e5b6196118;Ventilatorenspezialist EBM-Papst wird an US-Konzern verkauft;https://www.zeit.de/news/2026-08/17/ventilatorenspezialist-ebm-papst-wird-an-us-konzern-verkauft;Hier finden Sie Informationen zu dem Thema „Milliarden-Deal“. Lesen Sie jetzt „Ventilatorenspezialist EBM-Papst wird an US-Konzern verkauft“.;Milliarden-Deal;News, Milliarden-Deal, USA, Mulfingen, Hohenlohekreis, EBM-Papst, Milliardensumme, Geißdorf, Familienunternehmen;2026-08-17T13:33:18+02:00;2026-08-17T13:33:18+02:00;;dpa;false
bab43450f21bbdeb5ec44a749be430f2d1b8b8820fdf6c82904c7464b8aad6d9;Einsatzkräfte retten verletztes Schaf nach Waldbrand;https://www.zeit.de/news/2026-08/17/einsatzkraefte-retten-verletztes-schaf-nach-waldbrand;Hier finden Sie Informationen zu dem Thema „In Sicherheit gebracht“. Lesen Sie jetzt „Einsatzkräfte retten verletztes Schaf nach Waldbrand“.;In Sicherheit gebracht;News, In Sicherheit gebracht, Waldaschaff, Einsatzkraft, Kreisbrandinspektion, Waldbrand, Sicherheit, Wald, Tiere;2026-08-17T13:30:42+02:00;2026-08-17T13:30:42+02:00;;dpa Bayern;false
d921b24d2a8d816b779d5e183ae5926a00e607eba56adb4f554d2bf1cd4fa6ba;Innenminister Maier will AfD von Verfassungsschutzinfos ausschließen;https://www.zeit.de/politik/deutschland/2026-08/verfassungsschutz-afd-sachsen-anhalt-georg-maier-gxe;Thüringens Innenminister will der AfD in Sachsen-Anhalt bei einem Wahlsieg den Zugang zu bestimmten Verfassungsschutzdaten verwehren. Möglich seien dafür Chinese Walls.;Verfassungsschutz in Sachsen-Anhalt;Politik, Verfassungsschutz in Sachsen-Anhalt, Sachsen-Anhalt, Alternative für Deutschland, Verfassungsschutz, Rechtsextremismus, Landtagswahl, Spionage;2026-08-17T13:26:41+02:00;2026-08-17T13:26:41+02:00;akm;DIE ZEIT,        dpa,        							akm;false
20625e31fcb93a427be0985a8504a246b43fcead12ebcc09577f97f3439cc7fc;Sachsens Luchse habe wieder Nachwuchs – Auswilderung;https://www.zeit.de/news/2026-08/17/sachsens-luchse-habe-wieder-nachwuchs-auswilderung;Hier finden Sie Informationen zu dem Thema „Zwei Jungtiere“. Lesen Sie jetzt „Sachsens Luchse habe wieder Nachwuchs – Auswilderung“.;Zwei Jungtiere;News, Zwei Jungtiere, Sachsen, Luchs, Auswilderung, Luchsprogramm, Erfolg;2026-08-17T13:22:26+02:00;2026-08-17T13:22:26+02:00;;dpa Sachsen;false
411161133b2eb6dbb3e335fd24ff13b60dbc9e120613d4e5971619ded03626c9;Das sind die drei AfD-Wählertypen;https://www.zeit.de/politik/deutschland/2026-08/waehlerschaft-afd-typen-forschung-merkmale;Warum ist die AfD so stark? Ein Blick in die neueste Forschung zeigt, wer sie wählt – und welche acht Strukturmerkmale den Unterschied machen.;"Z+ (abopflichtiger Inhalt);
        
    Wählerschaft der AfD";Politik, Wählerschaft der AfD, Alternative für Deutschland, Wahlkampf, Landtagswahl, Ostdeutschland, Forschung, Demografie, Rechtsextremismus;2026-08-17T13:16:04+02:00;2026-08-17T13:16:04+02:00;Sasan Abdi-Herrle;;false
ea1e0260a865af152d85f50976d03773f054390d8347a0867c67f60d8e4de573;Tod eines 20-Jährigen: Mutmaßlicher Mitbewohner festgenommen;https://www.zeit.de/news/2026-08/17/tod-eines-20-jaehrigen-mutmasslicher-mitbewohner-festgenommen;Hier finden Sie Informationen zu dem Thema „Gewaltverbrechen?“. Lesen Sie jetzt „Tod eines 20-Jährigen: Mutmaßlicher Mitbewohner festgenommen“.;Gewaltverbrechen?;News, Gewaltverbrechen?, Ginsheim-Gustavsburg, Polizei;2026-08-17T13:12:18+02:00;2026-08-17T13:12:18+02:00;;dpa Hessen;false
d8c4e03bfc99298d8eafd7f005f62ef8abec064397902802202f65f9e55d6981;Anstehen für Plüsch-Bratwürste auf dem Grill;https://www.zeit.de/news/2026-08/17/anstehen-fuer-pluesch-bratwuerste-auf-dem-grill;Hier finden Sie Informationen zu dem Thema „Jellycat in Berlin“. Lesen Sie jetzt „Anstehen für Plüsch-Bratwürste auf dem Grill“.;Jellycat in Berlin;News, Jellycat in Berlin, Berlin, KaDeWe, Jellycat, Volksfest, Stofftiermarke, Zuckerwatte, Bratwurst;2026-08-17T13:10:40+02:00;2026-08-17T13:10:40+02:00;;dpa;false
e7d10e66ddaa6924a4957cf6c3de68f39d02f584fcd1fd36bededcc30f3daf55;Waldbrand im Westerwald: Einsatzkräfte weiter vor Ort;https://www.zeit.de/news/2026-08/17/waldbrand-im-westerwald-einsatzkraefte-weiter-vor-ort;Hier finden Sie Informationen zu dem Thema „Großbrand in Rheinland-Pfalz“. Lesen Sie jetzt „Waldbrand im Westerwald: Einsatzkräfte weiter vor Ort“.;Großbrand in Rheinland-Pfalz;News, Großbrand in Rheinland-Pfalz, Gebhardshain, Westerwald, Rheinland-Pfalz, Landkreis Altenkirchen, Instagram, Einsatzkraft, Großbrand, Kräfteeinsatz, Waldbrand, Wald;2026-08-17T13:07:27+02:00;2026-08-17T13:07:27+02:00;;dpa Rheinland-Pfalz/Saarland;false
4b91e0a8d94722f2bb4326f32c85d25d6f811ed760f4f5a93b8e84c52f244ad0;Barmer: Kinder im Kita-Alter mit Sprech- oder Sprachstörung;https://www.zeit.de/news/2026-08/17/barmer-kinder-im-kita-alter-mit-sprech-oder-sprachstoerung;Hier finden Sie Informationen zu dem Thema „Schulstart in Hamburg“. Lesen Sie jetzt „Barmer: Kinder im Kita-Alter mit Sprech- oder Sprachstörung“.;Schulstart in Hamburg;News, Schulstart in Hamburg, Hamburg, Barmer, Sprachstörung, Schulstart, Kinderatlas;2026-08-17T12:59:52+02:00;2026-08-17T12:59:52+02:00;;dpa Hamburg/Schleswig-Holstein;false
c2724fb294727aa8261645f5a271603562f99943908450d4dfbe0c92850fc6b2;Hurrikan «Lala» zerstört mehr als 100 Häuser auf Hawaii;https://www.zeit.de/news/2026-08/17/hurrikan-lala-zerstoert-mehr-als-100-haeuser-auf-hawaii;Hier finden Sie Informationen zu dem Thema „Gefährlicher Sturm“. Lesen Sie jetzt „Hurrikan «Lala» zerstört mehr als 100 Häuser auf Hawaii“.;Gefährlicher Sturm;News, Gefährlicher Sturm, Josh Green, Hawaii, Big Island, Pazifik, Instagram, Hurrikan;2026-08-17T12:59:35+02:00;2026-08-17T12:59:35+02:00;;dpa;false
25af5aee17def15994ab989696f19667e456823643056b0c583babd54f08169d;Regen bringt Entspannung im Waldbrandgebiet;https://www.zeit.de/news/2026-08/17/regen-bringt-entspannung-im-waldbrandgebiet;Hier finden Sie Informationen zu dem Thema „Wetter“. Lesen Sie jetzt „Regen bringt Entspannung im Waldbrandgebiet“.;Wetter;News, Wetter, Nico Bauer, Offenbach, DWD, Waldbrandgebiet, Entspannung, Wetterlage, Niederschlag, Wetter, Grenze;2026-08-17T12:59:08+02:00;2026-08-17T12:59:08+02:00;;dpa Nordrhein-Westfalen;false
093b51b369ea0a0fd12c88784b93dbadec059a58981fd33c53592bcf8e608eb6;Frankreichs Premierminister verteidigt Vorgehen bei Waldbränden;https://www.zeit.de/politik/ausland/2026-08/waldbrand-frankreich-gironde-le-porge-sebastien-lecornu-gxe;»Wir haben nichts zu verbergen«, sagte der französische Premierminister bei einem Besuch in einem Brandgebiet nahe Bordeaux. Dort war er von Anwohnenden ausgebuht worden.;Frankreich;Politik, Frankreich, Frankreich, Sébastien Lecornu, Waldbrand, Bordeaux, Premierminister, Hitze;2026-08-17T12:52:18+02:00;2026-08-17T12:52:18+02:00;tlf;DIE ZEIT,        AFP,        							tlf;false
e27aa2dc3c80983a173789656d5382b1626056cc0bb927602aa590ef658e0340;Apple ändert Anti-Tracking-Abfrage in der EU;https://www.zeit.de/news/2026-08/17/apple-aendert-anti-tracking-abfrage-in-der-eu;Hier finden Sie Informationen zu dem Thema „Datenschutz und Wettbewerb“. Lesen Sie jetzt „Apple ändert Anti-Tracking-Abfrage in der EU“.;Datenschutz und Wettbewerb;News, Datenschutz und Wettbewerb, Apple, Europäische Union, Bundeskartellamt, iPhone, Gegenwind, Datenschutz, Abfrage, Werbezwecke, Kritik, Werbebranche;2026-08-17T12:51:58+02:00;2026-08-17T12:51:58+02:00;;dpa;false
8575680f371f1f2fd0b7a01700d22ea17d5735eed842ea372aba5aa39ee1088f;Wie neues Leben nach Waldbränden entsteht;https://www.zeit.de/news/2026-08/17/wie-neues-leben-nach-waldbraenden-entsteht;Hier finden Sie Informationen zu dem Thema „Nach dem Feuer“. Lesen Sie jetzt „Wie neues Leben nach Waldbränden entsteht“.;Nach dem Feuer;News, Nach dem Feuer, Haiger-Oberroßbach, Hessen, Frohnhausen, Westerwald, Waldbrand, Trockenstress, Naturwaldreservat, Zackenbruch, Brand, Wald;2026-08-17T12:51:47+02:00;2026-08-17T12:51:47+02:00;;dpa Hessen;false
a6281e46d95466bbeac71852cb8672d35badf71d79d23f5a190752ca2d0fdd9c;Polizist und Motorradfahrer bei Kollision schwer verletzt;https://www.zeit.de/news/2026-08/17/polizist-und-motorradfahrer-bei-kollision-schwer-verletzt;Hier finden Sie Informationen zu dem Thema „Kontrollversuch“. Lesen Sie jetzt „Polizist und Motorradfahrer bei Kollision schwer verletzt“.;Kontrollversuch;News, Kontrollversuch, Sassnitz, Polizei, Kontrollversuch, Kollision, Polizeikontrolle, Motorrad;2026-08-17T12:48:05+02:00;2026-08-17T12:48:05+02:00;;dpa Mecklenburg-Vorpommern;false
da1c0b7089c4168a8e3dc4ecda42374f84f2e194ba42401ad90535534977a633;Maier: AfD darf Daten zur Spionage-Abwehr nicht einsehen;https://www.zeit.de/news/2026-08/17/maier-afd-darf-daten-zur-spionage-abwehr-nicht-einsehen;Hier finden Sie Informationen zu dem Thema „Landtagswahl in Sachsen-Anhalt“. Lesen Sie jetzt „Maier: AfD darf Daten zur Spionage-Abwehr nicht einsehen“.;Landtagswahl in Sachsen-Anhalt;News, Landtagswahl in Sachsen-Anhalt, Georg Maier, Thüringen, Sachsen-Anhalt, FPÖ, Alternative für Deutschland, SPD, Bundesregierung, Bundesamt für Verfassungsschutz, Verfassungsschutz, Landtagswahl in Sachsen;2026-08-17T12:43:18+02:00;2026-08-17T12:43:18+02:00;;dpa Sachsen;false
cef3e56f40f54b3dce033b81ec4d0410876d6c3f8ebe74250f32012d16b17fcb;Wetterdienst warnt vor schweren Gewittern in Schwaben;https://www.zeit.de/news/2026-08/17/wetterdienst-warnt-vor-schweren-gewittern-in-schwaben;Hier finden Sie Informationen zu dem Thema „Nach wochenlanger Trockenheit“. Lesen Sie jetzt „Wetterdienst warnt vor schweren Gewittern in Schwaben“.;Nach wochenlanger Trockenheit;News, Nach wochenlanger Trockenheit, Gewitter, Trockenheit, Unwetterwarnung;2026-08-17T12:43:16+02:00;2026-08-17T12:43:16+02:00;;dpa Bayern;false
a5a25c63de2d28bacb7fda16643b79548451bb79d4455d43bd17ce19c25a9b4b;Polizei rät: Schulweg gemeinsam üben vor dem ersten Schultag;https://www.zeit.de/news/2026-08/17/polizei-raet-schulweg-gemeinsam-ueben-vor-dem-ersten-schultag;Hier finden Sie Informationen zu dem Thema „Neues Schuljahr“. Lesen Sie jetzt „Polizei rät: Schulweg gemeinsam üben vor dem ersten Schultag“.;Neues Schuljahr;News, Neues Schuljahr, Brandenburg, Polizei, Schulweg, Schultag, Schuljahr, Laufen;2026-08-17T12:41:13+02:00;2026-08-17T12:41:13+02:00;;dpa Berlin/Brandenburg;false
2e27a46f4d58cdda8847b681831ce5ca0449eae19ccc71bf1f2685032f8201d8;CDU-Landeschef bedauert Absage von Fast-Minister an Merz;https://www.zeit.de/news/2026-08/17/cdu-landeschef-bedauert-absage-von-fast-minister-an-merz;Hier finden Sie Informationen zu dem Thema „Rochade in der Bundesregierung“. Lesen Sie jetzt „CDU-Landeschef bedauert Absage von Fast-Minister an Merz“.;Rochade in der Bundesregierung;News, Rochade in der Bundesregierung, Sebastian Lechner, Fritz Güntzler, Friedrich Merz, Niedersachsen, CDU, Bundesregierung, Deutsche Presse-Agentur, Deutscher Bundestag, Rochade;2026-08-17T12:39:38+02:00;2026-08-17T12:39:38+02:00;;dpa Niedersachsen;false
607cbdf733080b9b1fb723c3a95a9a1d8aef0ee79e5fd808b819313118d4bddd;Jeder zehnte junge Mensch nicht in Bildung oder Arbeit;https://www.zeit.de/news/2026-08/17/jeder-zehnte-junge-mensch-nicht-in-bildung-oder-arbeit;Hier finden Sie Informationen zu dem Thema „Gesellschaftliches Risiko“. Lesen Sie jetzt „Jeder zehnte junge Mensch nicht in Bildung oder Arbeit“.;Gesellschaftliches Risiko;News, Gesellschaftliches Risiko, Niederlande, Tschechien, Rumänien, Europäische Union, Statistisches Bundesamt;2026-08-17T12:38:45+02:00;2026-08-17T12:38:45+02:00;;dpa;false
d6edc4b6a91be9572c97b30dc6c4ae0c1769504a08506119b4dd5867a9284415;Ebola-Ausbruch ist tödlichster in der Geschichte des Kongo;https://www.zeit.de/news/2026-08/17/ebola-ausbruch-ist-toedlichster-in-der-geschichte-des-kongo;Hier finden Sie Informationen zu dem Thema „Rasanter Anstieg“. Lesen Sie jetzt „Ebola-Ausbruch ist tödlichster in der Geschichte des Kongo“.;Rasanter Anstieg;News, Rasanter Anstieg, Kongo, Westafrika, Ebola, Virus;2026-08-17T12:36:29+02:00;2026-08-17T12:36:29+02:00;;dpa;false
20d7864cc7e19707a44cfd90b10e7b13d29456291394ea4f8b67d10ebee28dec;Blaualgen im Neckar nachgewiesen: Landkreis rät vom Baden ab;https://www.zeit.de/news/2026-08/17/blaualgen-im-neckar-nachgewiesen-landkreis-raet-vom-baden-ab;Hier finden Sie Informationen zu dem Thema „In Probe nachgewiesen“. Lesen Sie jetzt „Blaualgen im Neckar nachgewiesen: Landkreis rät vom Baden ab“.;In Probe nachgewiesen;News, In Probe nachgewiesen, Neckar, Rhein-Neckar-Kreis, Blaualge, Landkreis;2026-08-17T12:35:42+02:00;2026-08-17T12:35:42+02:00;;dpa Baden-Württemberg;false
7089829d8602e4e2a1988f4f0cd066c693bd722bb8ed086941688ea68af77b19;Sachsen-Anhalts Industrie steigert Umsatz und Aufträge;https://www.zeit.de/news/2026-08/17/sachsen-anhalts-industrie-steigert-umsatz-und-auftraege;Hier finden Sie Informationen zu dem Thema „Industrie im Aufwind“. Lesen Sie jetzt „Sachsen-Anhalts Industrie steigert Umsatz und Aufträge“.;Industrie im Aufwind;News, Industrie im Aufwind, Sachsen-Anhalt, Umsatz;2026-08-17T12:34:51+02:00;2026-08-17T12:34:51+02:00;;dpa Sachsen;false
216faa7444745cff4aca130274d9fb3f5dd95c2bdad675952b61db49ef37da3a;Einbruch in Juweliergeschäft: Beute im fünfstelligen Bereich;https://www.zeit.de/news/2026-08/17/einbruch-in-juweliergeschaeft-beute-im-fuenfstelligen-bereich;Hier finden Sie Informationen zu dem Thema „Beute und Sachschaden“. Lesen Sie jetzt „Einbruch in Juweliergeschäft: Beute im fünfstelligen Bereich“.;Beute und Sachschaden;News, Beute und Sachschaden, Altenburg, Juweliergeschäft, Sachschaden, Einbruch, Schmuck, Uhren;2026-08-17T12:33:52+02:00;2026-08-17T12:33:52+02:00;;dpa Thüringen;false
f1e8212c23d83f7996763075005ed5e69c74da265b768c0727224b7a2db800c5;Sächsischer Familientag mit Aktionen und Promis;https://www.zeit.de/news/2026-08/17/saechsischer-familientag-mit-aktionen-und-promis;Hier finden Sie Informationen zu dem Thema „Familie“. Lesen Sie jetzt „Sächsischer Familientag mit Aktionen und Promis“.;Familie;News, Familie, Teresa Weißbach, Familientag, Familie;2026-08-17T12:33:26+02:00;2026-08-17T12:33:26+02:00;;dpa Sachsen;false
66617bf5646524cc4c621c2822f80c86757a46761283390516a74e6639da7420;Mit nur 36: Serienstar Hayden Panettiere gestorben;https://www.zeit.de/news/2026-08/17/schauspielerin-hayden-panettiere-tot-tochter-mit-klitschko;Hier finden Sie Informationen zu dem Thema „Ex-Partnerin von Klitschko“. Lesen Sie jetzt „Mit nur 36: Serienstar Hayden Panettiere gestorben“.;Ex-Partnerin von Klitschko;News, Ex-Partnerin von Klitschko, Hayden Panettiere, Wladimir Klitschko, Nashville, American Broadcasting Company, Fox News;2026-08-17T12:30:39+02:00;2026-08-17T12:30:39+02:00;;dpa;false
253e033dc25d6eddf0ed35b0c12be0da76ec444e11024abafb310fe0cb434bdf;Aggression im Straßenverkehr nimmt Langzeitstudie zufolge zu;https://www.zeit.de/mobilitaet/2026-08/aggressivitaet-strassenverkehr-autofahrer-radfahrer-udv-gdv-studie-gxe;Immer mehr Verkehrsteilnehmer räumen ein, sich im Straßenverkehr teilweise aggressiv zu verhalten. Forscher sehen gestiegenen Druck als einen möglichen Grund.;Aggressivität im Straßenverkehr;Mobilitaet, Aggressivität im Straßenverkehr, Straßenverkehr, Aggression, Verkehr, Autofahrer, Fahrrad, Studie;2026-08-17T12:30:27+02:00;2026-08-17T12:30:27+02:00;yer;DIE ZEIT,        dpa,        AFP,        							yer;false
408ad491e7fa4bd44d96e0fa64b1ee014ad84a1234f99ab6272070c9d898d582;Bundeswehr erreicht Personalziel: 186.700 Soldaten;https://www.zeit.de/news/2026-08/17/bundeswehr-erreicht-personalziel-186-700-soldaten;Hier finden Sie Informationen zu dem Thema „Personalzahlen“. Lesen Sie jetzt „Bundeswehr erreicht Personalziel: 186.700 Soldaten“.;Personalzahlen;News, Personalzahlen, Mann, Berlin, Bundeswehr, Verteidigungsministerium, Personalziel, Personalzahl;2026-08-17T12:29:56+02:00;2026-08-17T12:29:56+02:00;;dpa;false
85243879633cf62bc77d722f92ad1ef884ae971be639b4b59b38ce92a2462ba1;«Kein Wasser da»: Binnenschiffer trotzt dem Niedrigwasser;https://www.zeit.de/news/2026-08/16/kein-wasser-da-binnenschiffer-trotzt-dem-niedrigwasser;Hier finden Sie Informationen zu dem Thema „Schifffahrt auf Oberrhein“. Lesen Sie jetzt „«Kein Wasser da»: Binnenschiffer trotzt dem Niedrigwasser“.;Schifffahrt auf Oberrhein;News, Schifffahrt auf Oberrhein, Patrick Mnich, Oberrhein, Kehl, Magdeburg, Mannheim, Rhein, Niedrigwasser, Schifffahrt, Steuerhaus, Schiff;2026-08-17T12:29:42+02:00;2026-08-17T12:29:42+02:00;;dpa Baden-Württemberg;false
58a25150993630fae02815e8196bec8d478c8f8e41c71bee26ac5715c82634da;Feuerwehr-Gewerkschaft: Waldbrandbekämpfung braucht Top-Prio;https://www.zeit.de/news/2026-08/17/feuerwehr-gewerkschaft-waldbrandbekaempfung-braucht-top-prio;Hier finden Sie Informationen zu dem Thema „Waldbrände“. Lesen Sie jetzt „Feuerwehr-Gewerkschaft: Waldbrandbekämpfung braucht Top-Prio“.;Waldbrände;News, Waldbrände, Feuerwehr, Waldbrandbekämpfung, Waldbrand, Verbesserungsbedarf, Klimaveränderung, Wald;2026-08-17T12:29:00+02:00;2026-08-17T12:29:00+02:00;;dpa Hessen;false
36cad0e6c1acdf458b4acb22069ef95e737395c3d4b84fc7539e5de861def8d5;Zahl der freiwilligen Ausreisen abgelehnter Asylsuchender gestiegen;https://www.zeit.de/politik/deutschland/2026-08/freiwillige-ausreisen-migranten-asylsuchende-bamf-reag-garp-gxe;Mehr abgelehnte Asylbewerber kehren freiwillig in ihre Herkunftsländer zurück. Seit Jahresbeginn sind knapp 10.000 Migranten freiwillig aus Deutschland ausgereist.;Freiwillige Ausreisen;Politik, Freiwillige Ausreisen, Asyl, Geflüchtete, Bamf, Migration, Statistik, Asylpolitik;2026-08-17T12:27:19+02:00;2026-08-17T12:27:19+02:00;akm;DIE ZEIT,        AFP,        							akm;false
6cbdaf128a20e79a886755f3b9320c7f3f3ad2fb8720df5ab1328b7bebe7f452;Polizei stürmt Wohnung – von Notfall aber keine Spur;https://www.zeit.de/news/2026-08/17/polizei-stuermt-wohnung-von-notfall-aber-keine-spur;Hier finden Sie Informationen zu dem Thema „Brisanter Anruf“. Lesen Sie jetzt „Polizei stürmt Wohnung – von Notfall aber keine Spur“.;Brisanter Anruf;News, Brisanter Anruf, Oberpfalz, Polizei, Notfall, Messerangriff;2026-08-17T12:24:56+02:00;2026-08-17T12:24:56+02:00;;dpa Bayern;false
d78cce5be134dcceba541470fe746f36e1f86172e177f61de921543afba55fe3;Landwirte rücken an, «um Schlimmeres zu verhindern»;https://www.zeit.de/news/2026-08/17/landwirte-ruecken-an-um-schlimmeres-zu-verhindern;Hier finden Sie Informationen zu dem Thema „Wald- und Wiesenbrand“. Lesen Sie jetzt „Landwirte rücken an, «um Schlimmeres zu verhindern»“.;Wald- und Wiesenbrand;News, Wald- und Wiesenbrand, Langscheid, Landkreis Mayen-Koblenz, Feuerwehr, Wiesenbrand, Wald;2026-08-17T12:24:07+02:00;2026-08-17T12:24:07+02:00;;dpa Rheinland-Pfalz/Saarland;false
5e9649b3b2d755512dd7fcfcb1ae34946dd4e1085839dcbfe64212cce82eb914;SPD-Spitzenkandidat will Millionen in Drogenhilfe stecken;https://www.zeit.de/news/2026-08/17/spd-spitzenkandidat-will-millionen-in-drogenhilfe-stecken;Hier finden Sie Informationen zu dem Thema „Wahl im September“. Lesen Sie jetzt „SPD-Spitzenkandidat will Millionen in Drogenhilfe stecken“.;Wahl im September;News, Wahl im September, Steffen Krach, Berlin, SPD, Abgeordnetenhauswahl, Millionenprogramm, Presserunde, Drogenkrise, Drogen;2026-08-17T12:22:24+02:00;2026-08-17T12:22:24+02:00;;dpa Berlin/Brandenburg;false
eff79cf7ac75bb8d43406a5ff22a8c61493dd5938c6575c79cf70ae9a522ba1c;Wassereintrübungen wegen Waldbrand;https://www.zeit.de/news/2026-08/17/wassereintruebungen-wegen-waldbrand;Hier finden Sie Informationen zu dem Thema „Großbrand in Naturschutzgebiet“. Lesen Sie jetzt „Wassereintrübungen wegen Waldbrand“.;Großbrand in Naturschutzgebiet;News, Großbrand in Naturschutzgebiet, Monschau, Wassereintrübung, Großbrand, Naturschutzgebiet, Eintrübung, Wasserentnahme, Wasserversorgungszweckverband, Perlenbach, Löschung, Trinkwasser;2026-08-17T12:19:14+02:00;2026-08-17T12:19:14+02:00;;dpa Nordrhein-Westfalen;false
a0d3c65188499f52eede99f3ccb03a8ba47b9518e1480b2524a62e61cb55bee6;Lkw auf A1 bei Wuppertal umgekippt - längerer Rückstau;https://www.zeit.de/news/2026-08/17/lkw-auf-a1-bei-wuppertal-umgekippt-laengerer-rueckstau;Hier finden Sie Informationen zu dem Thema „Lkw-Unfall“. Lesen Sie jetzt „Lkw auf A1 bei Wuppertal umgekippt - längerer Rückstau“.;Lkw-Unfall;News, Lkw-Unfall, Wuppertal, Dortmund, Remscheid, Rückstau, Fahrstreifen;2026-08-17T12:16:53+02:00;2026-08-17T12:16:53+02:00;;dpa Nordrhein-Westfalen;false
74ed3764ebd230b655a6f3d749fcff84fa67ce1821bdd9ad252ba7ce8e588515;Tourist an Vulkan Ätna von Blitz getroffen - tot;https://www.zeit.de/news/2026-08/17/wegen-aetna-asche-weniger-landungen-am-flughafen-von-catania;Hier finden Sie Informationen zu dem Thema „Notfälle“. Lesen Sie jetzt „Tourist an Vulkan Ätna von Blitz getroffen - tot“.;Notfälle;News, Notfälle, Catania, Ätna, Sizilien, Flughafen, Ascheausstoß, Flugverkehr;2026-08-17T12:13:23+02:00;2026-08-17T12:13:23+02:00;;dpa;false
edcec0becb61657e0899fd6da5f7ad7693d35c2a5283d6519869550dc47478d7;Es regnet, aber Pegelstand des Rheins sinkt noch;https://www.zeit.de/news/2026-08/17/es-regnet-aber-pegelstand-des-rheins-sinkt-noch;Hier finden Sie Informationen zu dem Thema „Extremes Niedrigwasser“. Lesen Sie jetzt „Es regnet, aber Pegelstand des Rheins sinkt noch“.;Extremes Niedrigwasser;News, Extremes Niedrigwasser, Rhein, Düsseldorf, Pegelstand, Niedrigwasser, Schifffahrtsamt, Regenfall;2026-08-17T12:12:48+02:00;2026-08-17T12:12:48+02:00;;dpa Nordrhein-Westfalen;false
84421f54a5cf5a552bfe0e7fa56d412f1632b2e71bf12e6630fd687146e19ad6;Brockenbahn fährt wieder mit Dampflok;https://www.zeit.de/news/2026-08/17/brockenbahn-faehrt-wieder-mit-dampflok;Hier finden Sie Informationen zu dem Thema „Ausfall wegen Waldbrandgefahr“. Lesen Sie jetzt „Brockenbahn fährt wieder mit Dampflok“.;Ausfall wegen Waldbrandgefahr;News, Ausfall wegen Waldbrandgefahr, Brockenbahn, Dampflok, Waldbrandgefahr, Ausfall, Wald;2026-08-17T12:12:31+02:00;2026-08-17T12:12:31+02:00;;dpa Sachsen;false
f7a84de8d424951b6c67da40e37cefc45ae46a1305cef201ff8a0acd51168b8b;Weniger Kinder sollen erste Klasse wiederholen;https://www.zeit.de/news/2026-08/17/weniger-kinder-sollen-erste-klasse-wiederholen;Hier finden Sie Informationen zu dem Thema „Grundschule“. Lesen Sie jetzt „Weniger Kinder sollen erste Klasse wiederholen“.;Grundschule;News, Grundschule, Julia Willie Hamburg, Niedersachsen, Grundschule;2026-08-17T12:10:53+02:00;2026-08-17T12:10:53+02:00;;dpa Niedersachsen;false
6e4679fc5b4330ac5143fac8c7b1110f63c3551b94634a9c8bbd5493164b816c;Linienbus brennt auf Autobahn – Fahrer bleibt unverletzt;https://www.zeit.de/news/2026-08/17/linienbus-brennt-auf-autobahn-fahrer-bleibt-unverletzt;Hier finden Sie Informationen zu dem Thema „Sperrungen“. Lesen Sie jetzt „Linienbus brennt auf Autobahn – Fahrer bleibt unverletzt“.;Sperrungen;News, Sperrungen, Kaiserslautern, Polizei, Linienbus, Sperrung, Autobahn;2026-08-17T12:10:15+02:00;2026-08-17T12:10:15+02:00;;dpa Rheinland-Pfalz/Saarland;false
b0a41ec43afb8013434884d29aa31bbbe4bcff71eb74fcdcc26f057cac96bf2f;Eder: Rheinland-pfälzischer Wald gut aufgestellt;https://www.zeit.de/news/2026-08/17/eder-rheinland-pfaelzischer-wald-gut-aufgestellt;Hier finden Sie Informationen zu dem Thema „Natur“. Lesen Sie jetzt „Eder: Rheinland-pfälzischer Wald gut aufgestellt“.;Natur;News, Natur, Belgien, Mainz, Eder, Rheinland, Rheinland-Pfalz, Nordrhein-Westfalen, Deutsche Presse-Agentur, Klimakrisensommer, Waldbrand, Wald;2026-08-17T12:10:09+02:00;2026-08-17T12:10:09+02:00;;dpa Rheinland-Pfalz/Saarland;false
0377471646699401a28b84d1812c328b758e0c03b58050b861c73a6af90adb4a;«Extrem heiß»: Popp und BVB-Frauen starten in Regionalliga;https://www.zeit.de/news/2026-08/17/extrem-heiss-popp-und-bvb-frauen-starten-in-regionalliga;Hier finden Sie Informationen zu dem Thema „Frauen-Fußball“. Lesen Sie jetzt „«Extrem heiß»: Popp und BVB-Frauen starten in Regionalliga“.;Frauen-Fußball;News, Frauen-Fußball, Alexandra Popp, Stadion Rote Erde, Dortmund, Borussia Dortmund, AS Rom, Deutscher Fußball-Bund, Regionalliga, Saisoneröffnung, Testspiel;2026-08-17T12:08:08+02:00;2026-08-17T12:08:08+02:00;;dpa Niedersachsen;false
6c00fc2c070c21c3170e1326c6ec484d9ea60a34053724e015e0c2d8a4968d62;Waldbrand-Einsatz in Plauen wird zurückgefahren - Kontrollen;https://www.zeit.de/news/2026-08/17/waldbrand-einsatz-in-plauen-wird-zurueckgefahren-kontrollen;Hier finden Sie Informationen zu dem Thema „Brände“. Lesen Sie jetzt „Waldbrand-Einsatz in Plauen wird zurückgefahren - Kontrollen“.;Brände;News, Brände, Plauen, Feuerwehr, Einsatzkraft, Waldbrand, Brand, Wald;2026-08-17T12:01:15+02:00;2026-08-17T12:01:15+02:00;;dpa Sachsen;false
7e6846c2d44d8195a8441136216c1dcf868436988c33a888014e7fecf4ff775c;Wohnungsbrand legt Bundesstraße lahm;https://www.zeit.de/news/2026-08/17/wohnungsbrand-legt-bundesstrasse-lahm;Hier finden Sie Informationen zu dem Thema „Rettung mit Drehleiter“. Lesen Sie jetzt „Wohnungsbrand legt Bundesstraße lahm“.;Rettung mit Drehleiter;News, Rettung mit Drehleiter, Dossenheim, Rhein-Neckar-Kreis, Wohnungsbrand, Bundesstraße, Rettung;2026-08-17T11:56:48+02:00;2026-08-17T11:56:48+02:00;;dpa Baden-Württemberg;false
f48f099ddce7c0891b70087d5777a95c5ed981971cc146ff73a3630ad5d0218a;Regen hilft: letzte Kontrollen nach Großbrand bei Langscheid;https://www.zeit.de/news/2026-08/17/regen-hilft-letzte-kontrollen-nach-grossbrand-bei-langscheid;Hier finden Sie Informationen zu dem Thema „Wald- und Wiesenbrand“. Lesen Sie jetzt „Regen hilft: letzte Kontrollen nach Großbrand bei Langscheid“.;Wald- und Wiesenbrand;News, Wald- und Wiesenbrand, Vordereifel, Langscheid, CDU, Wiesenbrand, Großbrand, Kontrollmaßnahme, Wald;2026-08-17T11:55:10+02:00;2026-08-17T11:55:10+02:00;;dpa Rheinland-Pfalz/Saarland;false
45cdf360315f968ecbab7b20958c7562b4d76afa6c2a3823518b14d8774d1601;Fotografieren wir die Kindheit kaputt?;https://www.zeit.de/familie/2026-08/kinderfotos-eltern-fotografieren-erinnerung;Die Generation Alpha wird so viel fotografiert wie keine andere Generation zuvor. Doch auf der Suche nach dem perfekten Bild verpassen Eltern die besten Momente. ;"Z+ (abopflichtiger Inhalt);
        
    Kinderfotos";Familie, Kinderfotos, Fotografie, Smartphone, Familie, Soziale Medien;2026-08-17T11:53:07+02:00;2026-08-17T11:53:07+02:00;Helena Düll;;false
1d987a877dd4152598d4298b97562c0d98990f5e23fb6becd0d8b1ade9184b55;Radfahrer stirbt nach Unfall – Polizei bittet um Hinweise;https://www.zeit.de/news/2026-08/17/radfahrer-stirbt-nach-unfall-polizei-bittet-um-hinweise;Hier finden Sie Informationen zu dem Thema „68-Jähriger von Auto erfasst“. Lesen Sie jetzt „Radfahrer stirbt nach Unfall – Polizei bittet um Hinweise“.;68-Jähriger von Auto erfasst;News, 68-Jähriger von Auto erfasst, Polizei, Unfall, Auto;2026-08-17T11:52:02+02:00;2026-08-17T11:52:02+02:00;;dpa Sachsen;false
c315ec61c735d49ebfc2773753a90f1fc37f50afe7d7756394f023d4d12e8d2a;Schülerinnen und Schüler starten ins neue Schuljahr;https://www.zeit.de/news/2026-08/17/schuelerinnen-und-schueler-starten-ins-neue-schuljahr;Hier finden Sie Informationen zu dem Thema „Schuljahresanfang“. Lesen Sie jetzt „Schülerinnen und Schüler starten ins neue Schuljahr“.;Schuljahresanfang;News, Schuljahresanfang, Conrad Clemens, Sachsen, Schuljahr, Schuljahresanfang;2026-08-17T11:51:58+02:00;2026-08-17T11:51:58+02:00;;dpa Sachsen;false
27110f77134d3388c1306e30a0dd1be1a02ced2b5e481393633e64312399fc44;28-Jähriger mit Messer am Hals verletzt - Frau festgenommen;https://www.zeit.de/news/2026-08/17/28-jaehriger-mit-messer-am-hals-verletzt-frau-festgenommen;Hier finden Sie Informationen zu dem Thema „Kriminalität“. Lesen Sie jetzt „28-Jähriger mit Messer am Hals verletzt - Frau festgenommen“.;Kriminalität;News, Kriminalität, Hamburg-Billstedt, Polizei;2026-08-17T11:51:01+02:00;2026-08-17T11:51:01+02:00;;dpa Hamburg/Schleswig-Holstein;false
24d7a266d3b5939ac900c03d3d3ae984cda62b08c42e839df75cce93c8a5c58b;Bericht NRW-Landesamt: Vor allem in Eifel extrem trocken;https://www.zeit.de/news/2026-08/17/bericht-nrw-landesamt-vor-allem-in-eifel-extrem-trocken;Hier finden Sie Informationen zu dem Thema „Waldbrände“. Lesen Sie jetzt „Bericht NRW-Landesamt: Vor allem in Eifel extrem trocken“.;Waldbrände;News, Waldbrände, NRW, Eifel, Monschau, Hürtgenwald, Waldbrand;2026-08-17T11:49:54+02:00;2026-08-17T11:49:54+02:00;;dpa Nordrhein-Westfalen;false
8bd5cfdfa634cebf69302f3fd3cc93438b5abc400cc018dd31b2847abca258c2;Mehrere Autos brennen in Hamburg aus – zuvor lauter Knall;https://www.zeit.de/news/2026-08/17/drei-autos-in-hamburg-osdorf-in-flammen;Hier finden Sie Informationen zu dem Thema „Brände“. Lesen Sie jetzt „Mehrere Autos brennen in Hamburg aus – zuvor lauter Knall“.;Brände;News, Brände, Hamburg-Osdorf, Osdorf, Feuerwehr, Auto, Brand;2026-08-17T11:49:02+02:00;2026-08-17T11:49:02+02:00;;dpa Hamburg/Schleswig-Holstein;false
c5cef70a187ad442f1f8444e3be8d27a8f5f82dab6bc88f9143e63244dd9b9e5;Bedrohte Schildkrötenart in Gelsenkirchener Zoo geschlüpft;https://www.zeit.de/news/2026-08/17/bedrohte-schildkroetenart-in-gelsenkirchener-zoo-geschluepft;Hier finden Sie Informationen zu dem Thema „Zuchterfolg“. Lesen Sie jetzt „Bedrohte Schildkrötenart in Gelsenkirchener Zoo geschlüpft“.;Zuchterfolg;News, Zuchterfolg, Gelsenkirchen, Schildkrötenart, Zuchterfolg, Schlangenhalsschildkröte, Erlebniswelt;2026-08-17T11:47:29+02:00;2026-08-17T11:47:29+02:00;;dpa Nordrhein-Westfalen;false
ab2a10faf6b52b118e047574d1b9fe8b0f57fb89f173ae34b81bc1ae3767a85f;Großflächige Ölverschmutzung auf Ziegelsee entdeckt;https://www.zeit.de/news/2026-08/17/grossflaechige-oelverschmutzung-auf-ziegelsee-entdeckt;Hier finden Sie Informationen zu dem Thema „Kreis Herzogtum Lauenburg“. Lesen Sie jetzt „Großflächige Ölverschmutzung auf Ziegelsee entdeckt“.;Kreis Herzogtum Lauenburg;News, Kreis Herzogtum Lauenburg, Mölln, Kreis Herzogtum Lauenburg, Polizei, DLRG, Ölverschmutzung, Bootsbesatzung;2026-08-17T11:47:23+02:00;2026-08-17T11:47:23+02:00;;dpa Hamburg/Schleswig-Holstein;false
b6c849b5dea940f480892313cfc2076b1cfbc61c30c85a2ce1e5e55163981a04;Drei Männer nach Serie von Bränden in Untersuchungshaft;https://www.zeit.de/news/2026-08/17/drei-maenner-nach-serie-von-braenden-in-untersuchungshaft;Hier finden Sie Informationen zu dem Thema „Brandstiftung“. Lesen Sie jetzt „Drei Männer nach Serie von Bränden in Untersuchungshaft“.;Brandstiftung;News, Brandstiftung, Mann, Rüthen, Soest, Arnsberg, Polizei, Staatsanwaltschaft, Kreispolizeibehörde, Untersuchungshaft, Brandstiftung, Festnahme;2026-08-17T11:44:24+02:00;2026-08-17T11:44:24+02:00;;dpa Nordrhein-Westfalen;false
b41fb5857ba78213228ec84dd8045ef0dcae42669898738a8506b4d49da67f77;Betrunkener attackiert Pfleger und Polizisten;https://www.zeit.de/news/2026-08/17/betrunkener-attackiert-pfleger-und-polizisten;Hier finden Sie Informationen zu dem Thema „Gewalt und Alkohol“. Lesen Sie jetzt „Betrunkener attackiert Pfleger und Polizisten“.;Gewalt und Alkohol;News, Gewalt und Alkohol, Stralsund, Alkohol;2026-08-17T11:43:56+02:00;2026-08-17T11:43:56+02:00;;dpa Mecklenburg-Vorpommern;false
60dd3ff4c690545045f8022ebd3f4675f8bd2968efe7bc2b235172dde2d368e0;Köln muss Zwangsgeld zahlen – OVG rügt Umgang mit Partylärm;https://www.zeit.de/news/2026-08/17/koeln-muss-zwangsgeld-zahlen-ovg-ruegt-umgang-mit-partylaerm;Hier finden Sie Informationen zu dem Thema „Gerichtsbeschluss“. Lesen Sie jetzt „Köln muss Zwangsgeld zahlen – OVG rügt Umgang mit Partylärm“.;Gerichtsbeschluss;News, Gerichtsbeschluss, Köln, Brüsseler Platz, Nordrhein-Westfalen, OVG, Verwaltungsgericht, Zwangsgeld, Partylärm, Gerichtsbeschluss, Lärmbelastung;2026-08-17T11:40:59+02:00;2026-08-17T11:40:59+02:00;;dpa Nordrhein-Westfalen;false
10953e3e08527ea8d13fbeb8427ca24422c54460b9d18ee4d44296143ab530de;Waldbrand im Hohen Venn: Evakuierung bleibt bestehen;https://www.zeit.de/news/2026-08/17/waldbrand-im-hohen-venn-evakuierung-bleibt-bestehen;Hier finden Sie Informationen zu dem Thema „Großbrand in Naturschutzgebiet“. Lesen Sie jetzt „Waldbrand im Hohen Venn: Evakuierung bleibt bestehen“.;Großbrand in Naturschutzgebiet;News, Großbrand in Naturschutzgebiet, Philipp Krüger, Hohes Venn, Monschau, Großbrand, Naturschutzgebiet, Waldbrand, Evakuierung, Grenze;2026-08-17T11:37:40+02:00;2026-08-17T11:37:40+02:00;;dpa Nordrhein-Westfalen;false
12b0059f2f9ad7f33c4dd691a54fed02c40508b52545eaa3525c543dbb01dd9e;Lebenslange Haft für Mord auf Fest in Parsberg rechtskräftig;https://www.zeit.de/news/2026-08/17/lebenslange-haft-fuer-mord-auf-fest-in-parsberg-rechtskraeftig;Hier finden Sie Informationen zu dem Thema „Bundesgerichtshof“. Lesen Sie jetzt „Lebenslange Haft für Mord auf Fest in Parsberg rechtskräftig“.;Bundesgerichtshof;News, Bundesgerichtshof, Parsberg, Oberpfalz, Nürnberg, Bundesgerichtshof, Mord, Messerattacke, Neujahrsfest;2026-08-17T11:36:46+02:00;2026-08-17T11:36:46+02:00;;dpa Bayern;false
965e6536b31e8ed57ccb37859e99c6a498f1f52ca803c90deab55813da18af0f;Wofür Bayern ihr Geld ausgeben;https://www.zeit.de/news/2026-08/17/wofuer-bayern-ihr-geld-ausgeben;Hier finden Sie Informationen zu dem Thema „Konsum“. Lesen Sie jetzt „Wofür Bayern ihr Geld ausgeben“.;Konsum;News, Konsum, Bayern, Konsumausgabe, Geld, Tankstelle;2026-08-17T11:33:21+02:00;2026-08-17T11:33:21+02:00;;dpa Bayern;false
7052aa0d7f11b7b966c14dd2ceadf630b7eefb05974de7a12d1378e1bf3e9fb9;Taiwans Regierung plant 2027 Rekordausgaben für die Verteidigung;https://www.zeit.de/politik/ausland/2026-08/militaerausgaben-taiwan-verteidigungshaushalt-lai-ching-te-china-gxe;Das höhere Militärbudget zeige die Entschiedenheit Taiwans, seine Verteidigung auszubauen, sagte Präsident Lai. Derweil nimmt der Druck aus Festlandchina weiter zu.;Taiwankonflikt;Politik, Taiwankonflikt, Taiwan, Militär, Asien, China, Taipeh, Waffenlieferung;2026-08-17T11:32:10+02:00;2026-08-17T11:32:10+02:00;liw;DIE ZEIT,        AFP,        Reuters,        dpa,        							liw;false
0b39a6f1f02a4dc2d1a7de7aa6f92f2dece558ee9d9ab811c19b656f325fc007;Nach Brand mit totem Kind: Keine Hinweise auf Vorsatz;https://www.zeit.de/news/2026-08/17/nach-brand-mit-totem-kind-keine-hinweise-auf-vorsatz;Hier finden Sie Informationen zu dem Thema „Ermittlungen gehen weiter“. Lesen Sie jetzt „Nach Brand mit totem Kind: Keine Hinweise auf Vorsatz“.;Ermittlungen gehen weiter;News, Ermittlungen gehen weiter, Niederbayern, Polizei;2026-08-17T11:31:19+02:00;2026-08-17T11:31:19+02:00;;dpa Bayern;false
20555c469c4bde35da960839903a0aa9fdc166e7a92c0f004baacb51aac3f302;Padel als Magnet - und wieso ein Talent nach Mallorca zieht;https://www.zeit.de/news/2026-08/17/padel-als-magnet-und-wieso-ein-talent-nach-mallorca-zieht;Hier finden Sie Informationen zu dem Thema „Trendsport“. Lesen Sie jetzt „Padel als Magnet - und wieso ein Talent nach Mallorca zieht“.;Trendsport;News, Trendsport, Jonas Trümpler, Julio Gallardo, Mann, Mallorca, Barrien, Spanien, Bremen, Trendsport, Trendsportart, Teenager;2026-08-17T11:30:20+02:00;2026-08-17T11:30:20+02:00;;dpa Niedersachsen;false
108e97b12641772f6827b3dff6203949cd3582453a3d16ecc6cf380b832ec26e;Nach Arbeiten – Wieder Verkehr am Lübecker Hauptbahnhof;https://www.zeit.de/news/2026-08/17/nach-arbeiten-wieder-verkehr-am-luebecker-hauptbahnhof;Hier finden Sie Informationen zu dem Thema „Störung am Wochenende“. Lesen Sie jetzt „Nach Arbeiten – Wieder Verkehr am Lübecker Hauptbahnhof“.;Störung am Wochenende;News, Störung am Wochenende, Holstein, Deutsche Bahn, Hauptbahnhof, Verkehr, Stellwerk, Störung;2026-08-17T11:27:24+02:00;2026-08-17T11:27:24+02:00;;dpa Hamburg/Schleswig-Holstein;false
4ab7a658686fa45a40f1a3e581320a53c06294aa0dd44d2b0b450c155d11c2a6;Apple ändert in der EU die Abfrage zu App-Tracking;https://www.zeit.de/digital/2026-08/apple-iphone-app-tracking-abfrage-aenderung-bundeskartellamt-gxe;Die Abfrage auf Apple-Geräten, ob Nutzer der Verarbeitung von Daten in Apps zustimmen, stieß seit Längerem auf Kritik. Nun wird die Gestaltung der Auswahlseite angepasst.;Europäische Union;Digital, Europäische Union, Apple, Kartellamt, Europäische Union, Datenschutz, iPhone, Smartphone;2026-08-17T11:26:01+02:00;2026-08-17T11:26:01+02:00;tlf;DIE ZEIT,        dpa,        							tlf;false
349195e3c4b6c41d47cbd8e9abae4d999106c41ffe9600e17700bdeb2ba3c2b9;Auto prallt in Jena gegen einen Baum - B7 gesperrt;https://www.zeit.de/news/2026-08/17/auto-prallt-in-jena-gegen-einen-baum-b7-gesperrt;Hier finden Sie Informationen zu dem Thema „Hubschrauber im Einsatz“. Lesen Sie jetzt „Auto prallt in Jena gegen einen Baum - B7 gesperrt“.;Hubschrauber im Einsatz;News, Hubschrauber im Einsatz, Jena, Auto, Hubschrauber;2026-08-17T11:24:32+02:00;2026-08-17T11:24:32+02:00;;dpa Thüringen;false
d97d9da3cf614616249e5f85c321ea379f0e7928ac54b4dced82c3a2d13f63e9;Betrüger gefasst: 68-Jähriger entlarvt falschen Polizisten;https://www.zeit.de/news/2026-08/17/betrueger-gefasst-68-jaehriger-entlarvt-falschen-polizisten;Hier finden Sie Informationen zu dem Thema „Betrugsversuch“. Lesen Sie jetzt „Betrüger gefasst: 68-Jähriger entlarvt falschen Polizisten“.;Betrugsversuch;News, Betrugsversuch, Polizei, Betrugsversuch;2026-08-17T11:24:16+02:00;2026-08-17T11:24:16+02:00;;dpa Baden-Württemberg;false
62bb7f474300d7e7022583196485fe74f8cb9afce527bd07b1eda0f8930013d2;AfD-Bundesvorstand will im Fall Arno Bausemer Ermittlungen abwarten;https://www.zeit.de/politik/deutschland/2026-08/arno-bausemer-afd-stendal-ermittlungen-gxe;Der AfD-Europaabgeordnete Bausemer soll Jugendliche angegriffen haben, die mutmaßlich AfD-Wahlplakate beschädigten. Die AfD-Spitze nimmt keine konkrete Position ein.;Stendal;Politik, Stendal, Alternative für Deutschland, Stendal, Jugendliche, Ermittlung, Justiz, Körperverletzung, Vorstand;2026-08-17T11:15:54+02:00;2026-08-17T11:15:54+02:00;akmtst;DIE ZEIT,        dpa,        							akm					,        							tst;false
19ce19787e57118825120beff56c3eecd3def7e1b7049cc6ea03f5a0b3b012c2;Erdogan: EU-Beitritt der Türkei ist keine Priorität;https://www.zeit.de/news/2026-08/17/erdogan-eu-beitritt-der-tuerkei-ist-keine-prioritaet;Hier finden Sie Informationen zu dem Thema „Europa“. Lesen Sie jetzt „Erdogan: EU-Beitritt der Türkei ist keine Priorität“.;Europa;News, Europa, Recep Tayyip Erdogan, Ekrem İmamoğlu, Türkei, Europa, Ankara, Al-Dschasira, Europäische Union, EU, Priorität, Kritik;2026-08-17T11:15:07+02:00;2026-08-17T11:15:07+02:00;;dpa;false
80628d9fda784d705f0b56ebdbb425263fc293190222cc0720562ece1e1520ad;Starker Regen bremst Waldbrand bei Schramberg aus;https://www.zeit.de/news/2026-08/17/starker-regen-bremst-waldbrand-bei-schramberg-aus;Hier finden Sie Informationen zu dem Thema „Feuers teils unter Kontrolle“. Lesen Sie jetzt „Starker Regen bremst Waldbrand bei Schramberg aus“.;Feuers teils unter Kontrolle;News, Feuers teils unter Kontrolle, André Wendel, Schramberg, Rottweil, Landkreis Rottweil, Feuerwehr, Feuer, Waldbrand;2026-08-17T11:09:41+02:00;2026-08-17T11:09:41+02:00;;dpa Baden-Württemberg;false
17be0e4943a469d27c4ff532973527980802d9603b98f05123dc0074ff2b0ba6;Ministerin Gorißen: Müssen aus den Waldbränden lernen;https://www.zeit.de/news/2026-08/17/ministerin-gorissen-muessen-aus-den-waldbraenden-lernen;Hier finden Sie Informationen zu dem Thema „Waldbrände“. Lesen Sie jetzt „Ministerin Gorißen: Müssen aus den Waldbränden lernen“.;Waldbrände;News, Waldbrände, Silke Gorißen, Belgien, NRW, CDU, WDR, Waldbrand, Wald;2026-08-17T11:08:09+02:00;2026-08-17T11:08:09+02:00;;dpa Nordrhein-Westfalen;false
a1597eb64075e3e10f619eda49e28971de4fdc5369aa86cf68e2025885ccfa95;Die Unbrave;https://www.zeit.de/2026/35/paula-piechotta-die-gruenen-deutscher-bundestag-leipzig;Die Grünen wollen sich besonders anschmiegsam präsentieren. Nur eine macht dabei nicht mit: Paula Piechotta, eine Abgeordnete der anderen Art.;"Z+ (abopflichtiger Inhalt);
        
    Paula Piechotta";Politik, Paula Piechotta, Bündnis 90/Die Grünen, Deutscher Bundestag, Jens Spahn, Katharina Dröge, Franziska Brantner, Leipzig, Berlin, SPD, Wahlkreis;2026-08-17T11:02:45+02:00;2026-08-17T11:02:45+02:00;Peter Dausend;Aus der        ZEIT Nr. 35/2026;false
4ed84440733d519104e83626ae638c9411a377ce65ef1015782786136f3d7d99;Etwas weniger Passagiere am Flughafen BER;https://www.zeit.de/news/2026-08/17/etwas-weniger-passagiere-am-flughafen-ber;Hier finden Sie Informationen zu dem Thema „Hauptstadtflughafen“. Lesen Sie jetzt „Etwas weniger Passagiere am Flughafen BER“.;Hauptstadtflughafen;News, Hauptstadtflughafen, Amt für Statistik Berlin-Brandenburg, BER, Hauptstadtflughafen, Flughafen BER;2026-08-17T10:57:04+02:00;2026-08-17T10:57:04+02:00;;dpa Berlin/Brandenburg;false
2bf6c81785f0cb0242920dcdf75407a09497d82c7893a22ca7db1894d8437342;Bei Fahrübungen: Mutter und Tochter verletzt;https://www.zeit.de/news/2026-08/17/bei-fahruebungen-mutter-und-tochter-verletzt;Hier finden Sie Informationen zu dem Thema „Auto überschlägt sich“. Lesen Sie jetzt „Bei Fahrübungen: Mutter und Tochter verletzt“.;Auto überschlägt sich;News, Auto überschlägt sich, Niederbayern, Fahrübung, Auto;2026-08-17T10:56:58+02:00;2026-08-17T10:56:58+02:00;;dpa Bayern;false
f014cee30408a0899834dd66e7c6d3add670599e29c3c149f02ab9f54fa222f0;Angriff mit Axt auf Parkplatz – 20-Jähriger vor Gericht;https://www.zeit.de/news/2026-08/17/angriff-mit-axt-auf-parkplatz-20-jaehriger-vor-gericht;Hier finden Sie Informationen zu dem Thema „Prozessauftakt“. Lesen Sie jetzt „Angriff mit Axt auf Parkplatz – 20-Jähriger vor Gericht“.;Prozessauftakt;News, Prozessauftakt, Hamburg, Wandsbek, Angriff, Prozessauftakt;2026-08-17T10:50:06+02:00;2026-08-17T10:50:06+02:00;;dpa Hamburg/Schleswig-Holstein;false
2dbc863f50edeb880e083e604fa82e42fe94174d47ebe18fa28a05f769babae0;Grüne: «Es ist katastrophal» – mehr Einsatz gegen Waldbrände;https://www.zeit.de/news/2026-08/17/gruene-es-ist-katastrophal-mehr-einsatz-gegen-waldbraende;Hier finden Sie Informationen zu dem Thema „Maßnahmen“. Lesen Sie jetzt „Grüne: «Es ist katastrophal» – mehr Einsatz gegen Waldbrände“.;Maßnahmen;News, Maßnahmen, Katharina Dröge, Deutschlandfunk, Feuerwehr, Waldbrand, Drohne;2026-08-17T10:49:18+02:00;2026-08-17T10:49:18+02:00;;dpa Nordrhein-Westfalen;false
14334aaed992fc71e4d6bb132450499d0a276115954f26694e4afb0eed42401c;Chinas Wirtschaft verliert an Schwung;https://www.zeit.de/news/2026-08/17/chinas-wirtschaft-verliert-an-schwung;Hier finden Sie Informationen zu dem Thema „Konjunktur“. Lesen Sie jetzt „Chinas Wirtschaft verliert an Schwung“.;Konjunktur;News, Konjunktur, China, Peking, Vorjahresmonat, Statistikamt;2026-08-17T10:47:22+02:00;2026-08-17T10:47:22+02:00;;dpa;false
1c30a9e271a5eb58ff69ad068d605870c42b63a3017aa61c5f0082432201721b;Torwartproblem: Holt Eintracht Frankfurt jetzt Atubolu?;https://www.zeit.de/news/2026-08/17/torwartproblem-holt-eintracht-frankfurt-jetzt-atubolu;Hier finden Sie Informationen zu dem Thema „Fußball-Bundesliga“. Lesen Sie jetzt „Torwartproblem: Holt Eintracht Frankfurt jetzt Atubolu?“.;Fußball-Bundesliga;News, Fußball-Bundesliga, Freiburg, Frankfurt, Hessen, Eintracht Frankfurt, SC Freiburg, Fußball-Bundesliga, Torwartproblem, Wunschlösung, Sommer;2026-08-17T10:46:03+02:00;2026-08-17T10:46:03+02:00;;dpa Baden-Württemberg;false
21f48527ba77ff1dfae2de94ddeb1fd0565902a55fda3ddaad19783326c2caf1;Lotto-Jackpot von 50 Millionen Euro in Thüringen geknackt;https://www.zeit.de/news/2026-08/17/lotto-jackpot-von-50-millionen-euro-in-thueringen-geknackt;Hier finden Sie Informationen zu dem Thema „Glück im Spiel“. Lesen Sie jetzt „Lotto-Jackpot von 50 Millionen Euro in Thüringen geknackt“.;Glück im Spiel;News, Glück im Spiel, Thüringen, Maximalhöhe, Glücksspiel;2026-08-17T10:45:28+02:00;2026-08-17T10:45:28+02:00;;dpa;false
d0191052b7ea6b2d66d2e4440bda861c8ec3b9c5abd0a23eef4ff8eef75718e6;Niedrigwasser erhöht Wahrscheinlichkeit von Bombenfunden;https://www.zeit.de/news/2026-08/17/niedrigwasser-erhoeht-wahrscheinlichkeit-von-bombenfunden;Hier finden Sie Informationen zu dem Thema „Bombenfund“. Lesen Sie jetzt „Niedrigwasser erhöht Wahrscheinlichkeit von Bombenfunden“.;Bombenfund;News, Bombenfund, Kirstin Ilga, Polizei, Bombenfund, Niedrigwasser, Wahrscheinlichkeit, Wasserstand;2026-08-17T10:43:44+02:00;2026-08-17T10:43:44+02:00;;dpa Sachsen;false
6ef899d694d517f3b7629dffa02480a9deacbc956d8eacf6ca6505c9943799f9;Polens neues Spritpreispaket tritt in Kraft;https://www.zeit.de/news/2026-08/17/polens-neues-spritpreispaket-tritt-in-kraft;Hier finden Sie Informationen zu dem Thema „Urlaubssaison“. Lesen Sie jetzt „Polens neues Spritpreispaket tritt in Kraft“.;Urlaubssaison;News, Urlaubssaison, Polen, Spritpreispaket, Urlaubssaison;2026-08-17T10:37:20+02:00;2026-08-17T10:37:20+02:00;;dpa;false
55a3678a2e2f5335f33e8af0739a272a3f3feaeb85b21121746e2e8c40b3bcbf;So geht Teilzeit ohne Falle;https://www.zeit.de/geld/2026-07/rente-teilzeit-vorsorge-arbeitszeit-muetter-staat;Wer die Arbeitszeit reduziert, schrumpft seine Rente. Das trifft oft Mütter. Wir zeigen Schritt für Schritt, wie Sie das vermeiden – und der Staat dabei sogar hilft. ;"Z+ (abopflichtiger Inhalt);
        
    Rente trotz Teilzeit";Geld, Rente trotz Teilzeit, Teilzeitarbeit, Rente, Friedrich Merz, Christian Wagner, Statistisches Bundesamt, Elternzeit;2026-08-17T10:36:53+02:00;2026-08-17T10:36:53+02:00;Felicitas Wilke;;false
122882d7ff84cb9d65ce0b2b10e2e0df2aca04b14b28c1310d6dca3421b3b7cd;BSW-Minister zu Streit mit Bundesvorstand: «Es wird Zeit»;https://www.zeit.de/news/2026-08/17/bsw-minister-zu-streit-mit-bundesvorstand-es-wird-zeit;Hier finden Sie Informationen zu dem Thema „Clinch beim BSW“. Lesen Sie jetzt „BSW-Minister zu Streit mit Bundesvorstand: «Es wird Zeit»“.;Clinch beim BSW;News, Clinch beim BSW, Steffen Schütz, Mario Voigt, Fabio De Masi, Thüringen, Erfurt, Bündnis Sahra Wagenknecht, CDU, Bundesvorstand, Landesspitze, Dauerstreit;2026-08-17T10:35:16+02:00;2026-08-17T10:35:16+02:00;;dpa Thüringen;false
15d37b8b1da27cf505c57166cf9def32856915c08756b4d118f604eebe5c4364;Proviant für warme Tage;https://www.zeit.de/zeit-magazin/wochenmarkt/2025-08/muesliriegel-aprikose-pistazie-und-tahini-rezept-wochenmarkt;Diese Müsliriegel können Frühstück, Vesper oder einfach ein Mitnehmsnack sein. Aprikosen und Banane sorgen für Süße, Pistazien für Biss und Tahini für die Besonderheit.;"Z+ (abopflichtiger Inhalt);
        
    Müsliriegel mit Aprikosen, Pistazien und Tahini";vegetarische Rezepte;2026-08-17T10:33:19+02:00;2026-08-17T10:33:19+02:00;Yasmin Khan;;false
eaeb3070ebb7607393958bd293fe210ef730f8cfe919e1d9ce097ff8e6bc17b4;Waldbrand im Harz ist gelöscht;https://www.zeit.de/news/2026-08/17/waldbrand-im-harz-ist-geloescht;Hier finden Sie Informationen zu dem Thema „Löschflugzeug im Einsatz“. Lesen Sie jetzt „Waldbrand im Harz ist gelöscht“.;Löschflugzeug im Einsatz;News, Löschflugzeug im Einsatz, Polizei, Feuerwehr, Benneckenstein, Löschflugzeug, Nachlöscharbeit, Waldbrand, Wald;2026-08-17T10:32:24+02:00;2026-08-17T10:32:24+02:00;;dpa Niedersachsen;false
65dbc6aebdcb3e6201a7618ac29821fc5cc41eac6ae699ad4a89177b8f5c3876;Ein Skispringer, ein Hochstapler und Nazijäger;https://www.zeit.de/2026/35/das-richtige-leben-des-alvaro-maderholz-clemens-boeckmann-roman-fiktion;Clemens Böckmann ist ein Meister darin, Fiktion und Fakten zu vermischen. In seinem neuen Roman treibt er es besonders wild.;"Z+ (abopflichtiger Inhalt);
        
    »Das richtige Leben des Alvaro Maderholz«";Feuilleton, »Das richtige Leben des Alvaro Maderholz«, Roberto Bolaño, Chile, Buchrezension, Nationalsozialismus, Skispringen, Literatur, Belletristik, Autor;2026-08-17T10:31:45+02:00;2026-08-17T10:31:45+02:00;Katharina Teutsch;Aus der        ZEIT Nr. 35/2026;false
b01adb033fd2bb63b13a6d014f3806573f0284ef84a62a20cdee232ccec67233;»Wilhelmsburg? Ach!«;https://www.zeit.de/2026/33/wilhelmsburg-hamburg-elbinsel-alltag-wohnen-verkehrsmittel;Wer auf der Elbinsel lebt, kann mitten in Hamburg Abgeschiedenheit erleben. Unsere Autorin will nicht mehr weg.;"Z+ (abopflichtiger Inhalt);
        
    Stadt";Hamburg, Stadt, Wilhelmsburg, Wohnen, Alltag, Hamburg, Elbe, Harburg;2026-08-17T10:31:20+02:00;2026-08-17T10:31:20+02:00;Annika Lasarzik;Aus der        ZEIT Nr. 33/2026;false
9cb3ef943a336e911b547ebaf3d5770ed2a588e1b69745be910bcf3166df56b1;Schulstart: Innenministerin ruft zu Rücksicht im Verkehr auf;https://www.zeit.de/news/2026-08/17/schulstart-innenministerin-ruft-zu-ruecksicht-im-verkehr-auf;Hier finden Sie Informationen zu dem Thema „Verkehr“. Lesen Sie jetzt „Schulstart: Innenministerin ruft zu Rücksicht im Verkehr auf“.;Verkehr;News, Verkehr, Tamara Zieschang, Sachsen-Anhalt, Polizei, CDU, Schulstart, Verkehr;2026-08-17T10:29:38+02:00;2026-08-17T10:29:38+02:00;;dpa Sachsen;false
d2a4633a9aa7ffd9f6e95aca64a31f536ad9b78685488bb0ef7945cd7472912a;Waldbrandgefahr in Hessen sinkt;https://www.zeit.de/news/2026-08/17/waldbrandgefahr-in-hessen-sinkt;Hier finden Sie Informationen zu dem Thema „Wetterdienst“. Lesen Sie jetzt „Waldbrandgefahr in Hessen sinkt“.;Wetterdienst;News, Wetterdienst, Hessen, DWD, Waldbrandgefahr, Warnstufe;2026-08-17T10:23:16+02:00;2026-08-17T10:23:16+02:00;;dpa Hessen;false
4174de8b2089c19ddf9e16f25e2a73de249c29c0cb9f3cdc14b0f37aef79ed31;Niedrigwasser bringt Weltkriegsmunition zum Vorschein;https://www.zeit.de/news/2026-08/17/niedrigwasser-bringt-weltkriegsmunition-zum-vorschein;Hier finden Sie Informationen zu dem Thema „Granate entschärft“. Lesen Sie jetzt „Niedrigwasser bringt Weltkriegsmunition zum Vorschein“.;Granate entschärft;News, Granate entschärft, Donau, Polizei, Weltkriegsmunition, Niedrigwasser, Wasseroberfläche;2026-08-17T10:19:34+02:00;2026-08-17T10:19:34+02:00;;dpa Bayern;false
4bc0dadd9a44ee9a609ad9d495490fe5a1c72e9e5f6005702b8abc210e5367c9;Medien: BVB verpflichtet Niederländer Veerman fürs Zentrum;https://www.zeit.de/news/2026-08/17/medien-bvb-verpflichtet-niederlaender-veerman-fuers-zentrum;Hier finden Sie Informationen zu dem Thema „Fußball-Bundesliga“. Lesen Sie jetzt „Medien: BVB verpflichtet Niederländer Veerman fürs Zentrum“.;Fußball-Bundesliga;News, Fußball-Bundesliga, Joey Veerman, Borussia Dortmund, Fußball-Bundesliga, Fünfjahresvertrag;2026-08-17T10:17:46+02:00;2026-08-17T10:17:46+02:00;;dpa Nordrhein-Westfalen;false
88ec1ad0f7691d21b1650915f9ef00f8d170ba35092a5c89e2b1a1482d9a7770;Stimmung im Wohnungsbau verbessert sich leicht;https://www.zeit.de/wirtschaft/2026-08/ifo-geschaeftsklima-wohnungsbau-baugenehmigungen-auftragslage-gxe;Insgesamt hellt sich die Stimmung beim Wohnungsbau etwas auf. Allerdings klagen die Bauunternehmen in Deutschland vermehrt über ​stornierte Projekte.;Ifo-Umfrage;Wirtschaft, Ifo-Umfrage, Wohnungsbau, Bauindustrie, Immobilienmarkt, Wohnen, Unternehmen, Umweltschutz;2026-08-17T10:08:03+02:00;2026-08-17T10:08:03+02:00;tw;DIE ZEIT,        AFP,        Reuters,        							tw;false
858dd81d867c555f552af3e54a0b20ef607eb656c9405fc13fe57bc26e60022b;Noch immer wird fast täglich Weltkriegsmunition gefunden;https://www.zeit.de/news/2026-08/17/noch-immer-wird-fast-taeglich-weltkriegsmunition-gefunden;Hier finden Sie Informationen zu dem Thema „Kriegsfolgen“. Lesen Sie jetzt „Noch immer wird fast täglich Weltkriegsmunition gefunden“.;Kriegsfolgen;News, Kriegsfolgen, Joachim Herrmann, Bayern, Zweiter Weltkrieg, Weltkriegsmunition, Kriegsfolge, Munition;2026-08-17T10:05:18+02:00;2026-08-17T10:05:18+02:00;;dpa Bayern;false
f6372185683e921e2bb2cf37c8975a11693332cf64f1098a5947c62c231f9457;So viel kann man mit sozialen Berufen mittlerweile verdienen;https://www.zeit.de/news/2026-08/17/so-viel-kann-man-mit-sozialen-berufen-mittlerweile-verdienen;Hier finden Sie Informationen zu dem Thema „Auswertung der Arbeitsagentur“. Lesen Sie jetzt „So viel kann man mit sozialen Berufen mittlerweile verdienen“.;Auswertung der Arbeitsagentur;News, Auswertung der Arbeitsagentur, Stuttgart, Bundesagentur für Arbeit, Regionaldirektion, Beruf, Verdienstperspektive;2026-08-17T09:55:51+02:00;2026-08-17T09:55:51+02:00;;dpa Baden-Württemberg;false
bc006969bf32b6169612ea0bc6a5cffd47dbf45b7cc3ace517681a462d93e7b4;Schulstart für Kinder und Jugendliche im Norden;https://www.zeit.de/news/2026-08/17/schulstart-fuer-kinder-und-jugendliche-im-norden;Hier finden Sie Informationen zu dem Thema „Das neue Schuljahr beginnt“. Lesen Sie jetzt „Schulstart für Kinder und Jugendliche im Norden“.;Das neue Schuljahr beginnt;News, Das neue Schuljahr beginnt, Schleswig-Holstein, Bildungsministerium, Schulstart, Schuljahr, Sommerferien, Erstklässler;2026-08-17T09:53:56+02:00;2026-08-17T09:53:56+02:00;;dpa Hamburg/Schleswig-Holstein;false
1d074acf3ab8ec1589196cc3ecfa8a80f1470d038e140ee4bdbba0e537ded0a4;Alles Lüge?;https://www.zeit.de/2026/35/nancy-cartwright-wissenschaft-philosophie-gesetze-verlaesslichkeit;Wir erwarten Wahrheit von den Wissenschaften. Das ist ein Fehler, sagt die Philosophin Nancy Cartwright. Denn sie bieten uns Wichtigeres an: Verlässlichkeit.;Nancy Cartwright;Feuilleton, Nancy Cartwright, Philosophie, Forschung, USA, Physik, Naturwissenschaft, Isaac Newton;2026-08-17T09:46:44+02:00;2026-08-17T09:46:44+02:00;Leon Lindenberger;Aus der        ZEIT Nr. 35/2026;false
b471b31d350cd594d5a0224e275f9d49a7a84d2741abf73e2ef1a116cedb13af;Allererster Strom-Ferrari für 40 Millionen Dollar ersteigert;https://www.zeit.de/news/2026-08/17/allererster-strom-ferrari-fuer-40-millionen-dollar-ersteigert;Hier finden Sie Informationen zu dem Thema „Rekordgebot“. Lesen Sie jetzt „Allererster Strom-Ferrari für 40 Millionen Dollar ersteigert“.;Rekordgebot;News, Rekordgebot, Pebble Beach, Ferrari, Rekordgebot, Auktion, Fahrzeug;2026-08-17T09:40:53+02:00;2026-08-17T09:40:53+02:00;;dpa;false
2d6642e2b38d9eab21f5c70f4202bcfda64ed59a49b63dd9083002b9292b4157;Anfang vom Ende der DDR? Der Flammentod des Oskar Brüsewitz;https://www.zeit.de/news/2026-08/17/anfang-vom-ende-der-ddr-der-flammentod-des-oskar-bruesewitz;Hier finden Sie Informationen zu dem Thema „Geschichte“. Lesen Sie jetzt „Anfang vom Ende der DDR? Der Flammentod des Oskar Brüsewitz“.;Geschichte;News, Geschichte, Oskar Brüsewitz, Manfred Stolpe, Ursula Meckel, Kathrin Mileta, DDR, Rippicha, Zeitz, Chemnitz, Westdeutschland, Brüsewitz;2026-08-17T09:36:07+02:00;2026-08-17T09:36:07+02:00;;dpa;false
0e8c11bdaa7200e2ae1a10565d1aa53708857b7e6fada2a812e91c6163de7d13;Foto-Wunsch auch vom Gegner - Süle gibt Kreisliga-Debüt;https://www.zeit.de/news/2026-08/17/foto-wunsch-auch-vom-gegner-suele-gibt-kreisliga-debuet;Hier finden Sie Informationen zu dem Thema „Ex-Profi kickt bei Amateuren“. Lesen Sie jetzt „Foto-Wunsch auch vom Gegner - Süle gibt Kreisliga-Debüt“.;Ex-Profi kickt bei Amateuren;News, Ex-Profi kickt bei Amateuren, Jason Walzel, Niklas Süle, China, SV Tiefenbach, Landkreis Karlsruhe, SG Kirchardt, Kreisliga, Champions League;2026-08-17T09:35:35+02:00;2026-08-17T09:35:35+02:00;;dpa Baden-Württemberg;false
5831df27ce3725733da74bde20d009e5f489cffa06ba98ef27974fbd16c9089b;»Das Sprudelbad im Badezimmer, das hat Jay-Z bezahlt«;https://www.zeit.de/2026/35/bruno-spoerri-jazz-saxofon-elektronik-musik-jay-z-schweiz;Jazz begann als Rache an seiner Mutter und begleitete Bruno Spoerri durchs Leben. Ein Gespräch über alte Ideen, neue Musik und seinen Beef mit einem großen Rapper.;"Z+ (abopflichtiger Inhalt);
        
    Bruno Spoerri";Politik, Bruno Spoerri, Jay-Z, Musikinstrument, Jazz, Schweiz, Elektronik, Musik, Karlheinz Stockhausen, Zürich;2026-08-17T09:23:44+02:00;2026-08-17T09:23:44+02:00;Marlon Rusch;Aus der        ZEIT Nr. 35/2026;false
7e6043808d3c031806dda48a2fab33d998b197d3338d8d83be7f72298d6f5953;Russische Truppen besetzen Siedlungen in der Region Saporischschja;https://www.zeit.de/politik/ausland/ukraine-russland-frontverlauf-krieg-karte-aktuell;In der Region Saporischschja befinden sich zwei Siedlungen nahe der Stadt Huljajpole nun unter russischer Kontrolle. Ukrainische Truppen rückten in der Region Donezk vor.;Ukrainekarte aktuell;Politik, Ukrainekarte aktuell, Krieg in der Ukraine, Donezk, Charkiw, Streitkräfte, Russland, Militär;2026-08-17T09:23:05+02:00;2026-08-17T09:23:05+02:00;Elizabeth RushtonJustus WilkeChristina FelschenMaline HofmannJulius TrögerBenja Zehr;;false
732fe07d558a8dde281e8fcc3f63e15f67264da0352591a048f3d84d0857a62f;13-Jähriger angefahren - Ermittlungen wegen Autorennens;https://www.zeit.de/news/2026-08/17/13-jaehriger-angefahren-ermittlungen-wegen-autorennens;Hier finden Sie Informationen zu dem Thema „Junge schwer verletzt“. Lesen Sie jetzt „13-Jähriger angefahren - Ermittlungen wegen Autorennens“.;Junge schwer verletzt;News, Junge schwer verletzt, Dortmund, Autorennen, Ermittlung, Auto;2026-08-17T09:11:01+02:00;2026-08-17T09:11:01+02:00;;dpa Nordrhein-Westfalen;false
70370fa8c3aad9ce010f066241e98ca0c3cf22872ac92d9a68b667dd6f77df0c;Jeder zehnte junge Erwachsene in Deutschland ist ohne Job;https://www.zeit.de/arbeit/2026-08/neet-jugendliche-deutschland-statistisches-bundesamt-eu-gxe;In Deutschland ist jeder zehnte Mensch zwischen 20 und 24 Jahren weder berufstätig noch in einer Ausbildung. Der EU-Durchschnitt liegt sogar noch höher.;Statistisches Bundesamt;Arbeit, Statistisches Bundesamt, Statistisches Bundesamt, Jugendliche, Statistik, Arbeitsmarkt, Berufsausbildung, Arbeitsplatz;2026-08-17T09:06:00+02:00;2026-08-17T09:06:00+02:00;akm;DIE ZEIT,        Reuters,        							akm;false
87c06d9b0f3ef605c1d6c5ef86810f50d7a5abe2ec681d184c49aac793bd92a7;«Feindseliges Signal»: Trump bremst Manöver mit Südkorea aus;https://www.zeit.de/news/2026-08/17/feindseliges-signal-trump-bremst-manoever-mit-suedkorea-aus;Hier finden Sie Informationen zu dem Thema „Kurswechsel der US-Regierung“. Lesen Sie jetzt „«Feindseliges Signal»: Trump bremst Manöver mit Südkorea aus“.;Kurswechsel der US-Regierung;News, Kurswechsel der US-Regierung, Donald Trump, Pete Hegseth, Kim Jong Un, Nordkorea, USA, Südkorea, Yonhap News Agency, Kurswechsel, Militärmanöver, Streitkräfte;2026-08-17T09:04:55+02:00;2026-08-17T09:04:55+02:00;;dpa;false
39070fad15eb8bfafc87691e2d752ab0ce0b591b95560c89c377bc97d87e57de;Nationalsegler Löffler/Hoerr holen WM-Silber;https://www.zeit.de/news/2026-08/17/nationalsegler-loeffler-hoerr-holen-wm-silber;Hier finden Sie Informationen zu dem Thema „Wettkampf in Japan“. Lesen Sie jetzt „Nationalsegler Löffler/Hoerr holen WM-Silber“.;Wettkampf in Japan;News, Wettkampf in Japan, Theresa Löffler, Christopher Hoerr, Japan, Los Angeles, Enoshima, Olympische Spiele, Olympia, Segelkarriere, Wettkampf, Olympiarevier;2026-08-17T09:03:00+02:00;2026-08-17T09:03:00+02:00;;dpa Hamburg/Schleswig-Holstein;false
4cc110eebca89c3206604a7346232097c768eb4b723f08adfe4b42151079792f;Kurzzeitiger Stromausfall in Groß-Umstadt bei Darmstadt;https://www.zeit.de/news/2026-08/17/kurzzeitiger-stromausfall-in-gross-umstadt-bei-darmstadt;Hier finden Sie Informationen zu dem Thema „Stromausfall“. Lesen Sie jetzt „Kurzzeitiger Stromausfall in Groß-Umstadt bei Darmstadt“.;Stromausfall;News, Stromausfall, Darmstadt, Groß-Umstadt, Stromausfall, Kabelfehler;2026-08-17T08:59:30+02:00;2026-08-17T08:59:30+02:00;;dpa Hessen;false
bc863f0aca5e24fd38abac8d1f56c8f60f45a6f9616209ef3234d1b90dc351da;Waldbrand bei Schramberg: Dauer des Einsatzes unklar;https://www.zeit.de/news/2026-08/17/waldbrand-bei-schramberg-dauer-des-einsatzes-unklar;Hier finden Sie Informationen zu dem Thema „Flammen an steilem Hang“. Lesen Sie jetzt „Waldbrand bei Schramberg: Dauer des Einsatzes unklar“.;Flammen an steilem Hang;News, Flammen an steilem Hang, André Wendel, Schramberg, Rottweil, Landkreis Rottweil, Feuerwehr, Waldbrand;2026-08-17T08:50:44+02:00;2026-08-17T08:50:44+02:00;;dpa Baden-Württemberg;false
7821a5e37828c322ce2fb11d84f59aa00d50c4db7e5da86e2fd6bc44bb389cb7;Goldpreis zieht an - Seit Jahrestief elf Prozent im Plus;https://www.zeit.de/news/2026-08/17/goldpreis-zieht-an-seit-jahrestief-elf-prozent-im-plus;Hier finden Sie Informationen zu dem Thema „Börse“. Lesen Sie jetzt „Goldpreis zieht an - Seit Jahrestief elf Prozent im Plus“.;Börse;News, Börse, Goldpreis, Jahrestief, Feinunze, Gold;2026-08-17T08:48:42+02:00;2026-08-17T08:48:42+02:00;;dpa;false
5660ac300b1e3d84fc149cb16c8312990d120ebfe688c8fec3a12853705f7a1c;Darf man Varta einfach untergehen lassen?;https://www.zeit.de/2026/35/varta-insolvenz-batteriehersteller-apple-investition-ueberschuldung;Der traditionsreiche Batteriehersteller ist insolvent. Dabei ist er führend in der Entwicklung neuer Energiespeicher. Deutschland bräuchte die Expertise mehr denn je.;"Z+ (abopflichtiger Inhalt);
        
    Varta";Mobilitaet, Varta, VARTA, Unternehmen, Insolvenz, Apple, Deutsche Bank, Aktien;2026-08-17T08:35:28+02:00;2026-08-17T08:35:28+02:00;Max HäglerZacharias Zacharakis;Aus der        ZEIT Nr. 35/2026;false
f00559e2fdda645850cbccad2d1c9225e9422fe14bd5170be6cd9c8360c8871e;Waldbrand bei Schramberg - Hoffnung auf Regen;https://www.zeit.de/news/2026-08/17/waldbrand-bei-schramberg-hoffnung-auf-regen;Hier finden Sie Informationen zu dem Thema „Feuer in steilem Gelände“. Lesen Sie jetzt „Waldbrand bei Schramberg - Hoffnung auf Regen“.;Feuer in steilem Gelände;News, Feuer in steilem Gelände, Schramberg, Feuerwehr, DWD, Waldbrand;2026-08-17T08:31:15+02:00;2026-08-17T08:31:15+02:00;;dpa Baden-Württemberg;false
04cecfbb5364deb34b229dafb7d28ba8b4313e18d009e67b18b73a6855980536;Junge auf E-Scooter von Auto erfasst und schwer verletzt;https://www.zeit.de/news/2026-08/17/junge-auf-e-scooter-von-auto-erfasst-und-schwer-verletzt;Hier finden Sie Informationen zu dem Thema „Verkehrsunfall eines Kindes“. Lesen Sie jetzt „Junge auf E-Scooter von Auto erfasst und schwer verletzt“.;Verkehrsunfall eines Kindes;News, Verkehrsunfall eines Kindes, Verkehrsunfall, E-Scooter, Auto;2026-08-17T08:30:54+02:00;2026-08-17T08:30:54+02:00;;dpa Hessen;false
91ea7644135b983642caeeaa4f3857c1e8e8621abc0f78467ea72197389f080b;Wohnungslose können heute erstmals in Tagesstätte wählen;https://www.zeit.de/news/2026-08/17/wohnungslose-koennen-heute-erstmals-in-tagesstaette-waehlen;Hier finden Sie Informationen zu dem Thema „Berlin-Wahl 2026“. Lesen Sie jetzt „Wohnungslose können heute erstmals in Tagesstätte wählen“.;Berlin-Wahl 2026;News, Berlin-Wahl 2026, Pankow, Prenzlauer Berg, Berlin, Tagesstätte, Wählerverzeichnis, Briefwahl;2026-08-17T08:15:11+02:00;2026-08-17T08:15:11+02:00;;dpa Berlin/Brandenburg;false
f6825198cf9e545f4282c38a63f52dd2e779c0c4e4fee0edd29287f8501f1c95;Brand in Lagerhalle mit hohem Schaden;https://www.zeit.de/news/2026-08/17/brand-in-lagerhalle-mit-hohem-schaden;Hier finden Sie Informationen zu dem Thema „Landkreis Greiz“. Lesen Sie jetzt „Brand in Lagerhalle mit hohem Schaden“.;Landkreis Greiz;News, Landkreis Greiz, Zeulenroda-Triebes, Landkreis Greiz, Polizei, Lagerhalle, Landesstraße;2026-08-17T08:14:12+02:00;2026-08-17T08:14:12+02:00;;dpa Thüringen;false
5a6f90387b3d4d98d9fc2c73b33ae49bcc0e94abd1005ce87cd015426766978c;Waldbrand im Saarland unter Kontrolle;https://www.zeit.de/news/2026-08/17/waldbrand-im-saarland-unter-kontrolle;Hier finden Sie Informationen zu dem Thema „Brände“. Lesen Sie jetzt „Waldbrand im Saarland unter Kontrolle“.;Brände;News, Brände, Andreas Kuhn, Saarland, Illingen, Neunkirchen, Feuerwehr, DRK, THW, Nachlöscharbeit, Landkreis, Einsatzkraft;2026-08-17T08:08:49+02:00;2026-08-17T08:08:49+02:00;;dpa Rheinland-Pfalz/Saarland;false
26382f4366734b2f9cc20734b606facffbc1c70f412658a4d061db135402822c;Jelineks «Unter Tieren»: Wenn die KI die Regie übernimmt;https://www.zeit.de/news/2026-08/17/jelineks-unter-tieren-wenn-die-ki-die-regie-uebernimmt;Hier finden Sie Informationen zu dem Thema „Uraufführung in Salzburg“. Lesen Sie jetzt „Jelineks «Unter Tieren»: Wenn die KI die Regie übernimmt“.;Uraufführung in Salzburg;News, Uraufführung in Salzburg, Elfriede Jelinek, Nicolas Stemann, Peter Thiel, Wolfgang Porsche, Salzburg, Ensemble, Wiener Burgtheater, Burgtheater, Uraufführung, künstliche Intelligenz;2026-08-17T08:02:23+02:00;2026-08-17T08:02:23+02:00;;dpa;false
a7fba08572e592c47c7e56ae7ece83f1a351c0a04787b87a6219e3e9d7f4529a;Kletterer stürzt in Oberpfalz vier Meter in die Tiefe;https://www.zeit.de/news/2026-08/17/kletterer-stuerzt-in-oberpfalz-vier-meter-in-die-tiefe;Hier finden Sie Informationen zu dem Thema „Unfall“. Lesen Sie jetzt „Kletterer stürzt in Oberpfalz vier Meter in die Tiefe“.;Unfall;News, Unfall, Oberpfalz, Fränkische Schweiz, Polizei, Unfall, Mittelbergwand, Kühlochfelsen;2026-08-17T07:56:06+02:00;2026-08-17T07:56:06+02:00;;dpa Bayern;false
b0675e082b93692305fd2ed4da3591634d5542854cae6de3329ba877571c4320;Fake-Videos über niedersächsische Politiker – eine Kampagne?;https://www.zeit.de/news/2026-08/17/fake-videos-ueber-niedersaechsische-politiker-eine-kampagne;Hier finden Sie Informationen zu dem Thema „Wahlen“. Lesen Sie jetzt „Fake-Videos über niedersächsische Politiker – eine Kampagne?“.;Wahlen;News, Wahlen, Russland, Niedersachsen, Verfassungsschutz, Hannoversche Allgemeine Zeitung, Kampagne, Verleumdung;2026-08-17T07:52:25+02:00;2026-08-17T07:52:25+02:00;;dpa Niedersachsen;false
046ea8ca915613a596e9a01ff5934733022e0fccbdd8457daed05a7dc89fd0b0;Sie leben von den Touristen, aber sie wollen sie nicht bei sich haben;https://www.zeit.de/politik/ausland/2026-08/korsika-konflikt-separatismus-frankreich-5vor8;Mit Skimasken und Sturmgewehren drohen korsische Separatisten Ausländern und Festlandfranzosen. Anlass ist ausgerechnet ein Gesetz, das Korsika mehr Autonomie geben soll.;"Z+ (abopflichtiger Inhalt);
        
    Korsika";Politik, Korsika, Korsika, Separatismus, Frankreich, Paris, Autonomie, Drohung;2026-08-17T07:51:19+02:00;2026-08-17T07:51:19+02:00;Christian Vooren;;false
5b7a527532e2f8f9302edc6563b56279eee8f549d6655405e6c3fbda94a2e925;Schauer statt Spätsommer in Niedersachsen;https://www.zeit.de/news/2026-08/17/schauer-statt-spaetsommer-in-niedersachsen;Hier finden Sie Informationen zu dem Thema „Wetter“. Lesen Sie jetzt „Schauer statt Spätsommer in Niedersachsen“.;Wetter;News, Wetter, Nordsee, Niedersachsen, Bremen, DWD, Spätsommer, Gewitter, Wetter, Sommer;2026-08-17T07:45:03+02:00;2026-08-17T07:45:03+02:00;;dpa Niedersachsen;false
d1297cc9d97f2cbb18e2ff185656ef494f3fce13c88a51c2a9a5b4932f01b832;Bundeswehr hilft in Belgien gegen Waldbrand;https://www.zeit.de/news/2026-08/17/bundeswehr-hilft-in-belgien-gegen-waldbrand;Hier finden Sie Informationen zu dem Thema „Waldbrandbekämpfung“. Lesen Sie jetzt „Bundeswehr hilft in Belgien gegen Waldbrand“.;Waldbrandbekämpfung;News, Waldbrandbekämpfung, Belgien, Bundeswehr, Waldbrandbekämpfung, Löschwasserbehälter, Waldbrand, Hubschrauber;2026-08-17T07:27:31+02:00;2026-08-17T07:27:31+02:00;;dpa Nordrhein-Westfalen;false
2bb0397211408fa127c22889d477fb1af0b236ae027f14dd0ff7f4518e58e93d;Wechselhafter Start in die neue Woche;https://www.zeit.de/news/2026-08/17/wechselhafter-start-in-die-neue-woche;Hier finden Sie Informationen zu dem Thema „Wetter“. Lesen Sie jetzt „Wechselhafter Start in die neue Woche“.;Wetter;News, Wetter, Sachsen, Thüringen, Sachsen-Anhalt, DWD, Höchsttemperatur, Wetter;2026-08-17T07:22:47+02:00;2026-08-17T07:22:47+02:00;;dpa Sachsen;false
46dd42dc7e7b19e0f2af4c768d576d2e41502b45f672f34c78ef2ca5a1037c88;Regen und Temperaturen unter 30 Grad;https://www.zeit.de/news/2026-08/17/regen-und-temperaturen-unter-30-grad;Hier finden Sie Informationen zu dem Thema „Kühlere Temperaturen“. Lesen Sie jetzt „Regen und Temperaturen unter 30 Grad“.;Kühlere Temperaturen;News, Kühlere Temperaturen, Saarland, Rheinland-Pfalz, Temperatur, Barweiler, Hitze;2026-08-17T07:21:38+02:00;2026-08-17T07:21:38+02:00;;dpa Rheinland-Pfalz/Saarland;false
3e95adf8848a50c982f57bf2e88319746f827b9e2cea42ff53fefcb40c4cf3f6;Wald- und Flächenbrand in Waldaschaff gelöscht;https://www.zeit.de/news/2026-08/17/wald-und-flaechenbrand-in-waldaschaff-geloescht;Hier finden Sie Informationen zu dem Thema „Feuer“. Lesen Sie jetzt „Wald- und Flächenbrand in Waldaschaff gelöscht“.;Feuer;News, Feuer, Waldaschaff, Landkreis Aschaffenburg, Feuerwehr, Flächenbrand, Wald;2026-08-17T07:20:45+02:00;2026-08-17T07:20:45+02:00;;dpa Bayern;false
1149f4c57495ab27ee714a20d8f91924fc8f93fa85e882bb6f3610766d6d92b7;Gewitter hinterlassen im Südwesten nur vereinzelt Schäden;https://www.zeit.de/news/2026-08/17/gewitter-hinterlassen-im-suedwesten-nur-vereinzelt-schaeden;Hier finden Sie Informationen zu dem Thema „Wetter“. Lesen Sie jetzt „Gewitter hinterlassen im Südwesten nur vereinzelt Schäden“.;Wetter;News, Wetter, Baden-Württemberg, Rhein-Neckar-Kreis, Polizei, Südwesten, Gewitter, Trockenheit, Wetter;2026-08-17T07:20:38+02:00;2026-08-17T07:20:38+02:00;;dpa Baden-Württemberg;false
187940c61e31e84cb139f95ff9f30522e28245e6f6ace71c4f4342933b7bd9bf;33-Jährige stirbt bei Verkehrsunfall bei Bockenem;https://www.zeit.de/news/2026-08/17/33-jaehrige-stirbt-bei-verkehrsunfall-bei-bockenem;Hier finden Sie Informationen zu dem Thema „Unfälle“. Lesen Sie jetzt „33-Jährige stirbt bei Verkehrsunfall bei Bockenem“.;Unfälle;News, Unfälle, Bockenem, Polizei, Verkehrsunfall, Unfall, Auto;2026-08-17T07:16:39+02:00;2026-08-17T07:16:39+02:00;;dpa Niedersachsen;false
f239ef2489ecbdf55a5b83129c936835f87f33278402ded78154044783acd0dd;Kühlere Temperaturen und Regen in Hessen;https://www.zeit.de/news/2026-08/17/kuehlere-temperaturen-und-regen-in-hessen;Hier finden Sie Informationen zu dem Thema „Ende der heißen Tage“. Lesen Sie jetzt „Kühlere Temperaturen und Regen in Hessen“.;Ende der heißen Tage;News, Ende der heißen Tage, Hessen, Temperatur;2026-08-17T07:05:44+02:00;2026-08-17T07:05:44+02:00;;dpa Hessen;false
1d67133ce3cda8ed3ae13d6904d5586c43ed1349add208e08aa2eb1184397793;Klingbeil will Start-ups durch bessere Steuerbedingungen unterstützen;https://www.zeit.de/politik/deutschland/2026-08/startups-ostdeutschland-lars-klingbeil-spd-finanzierung-gxe;Bundesfinanzminister Klingbeil will durch Steuermaßnahmen die Investitionen in junge, innovative Unternehmen fördern. Ihr Wachstum scheitere zu oft an mangelndem Kapital.;Start-ups im Osten;Politik, Start-ups im Osten, Lars Klingbeil, Ostdeutschland, Start-up, Finanzpolitik, SPD, Bundesregierung, Finanzen, Elisabeth Kaiser, Unternehmen;2026-08-17T07:03:26+02:00;2026-08-17T07:03:26+02:00;pip;DIE ZEIT,        AFP,        							pip;false
db9c9ec058b9df972190e180bb3472b259f50cf727f00b3763d4aa01b5e668da;Wird Hollywood 2027 zu Hüllerwood?;https://www.zeit.de/news/2026-08/17/wird-hollywood-2027-zu-huellerwood;Hier finden Sie Informationen zu dem Thema „Oscar-Chancen“. Lesen Sie jetzt „Wird Hollywood 2027 zu Hüllerwood?“.;Oscar-Chancen;News, Oscar-Chancen, Sandra Hüller, Erika Mann, Paweł Pawlikowski, Alejandro Gonzalez Inarritu, Weimar, USA, Cannes, BBC, Hüllerwood, Kinoleinwand;2026-08-17T07:00:11+02:00;2026-08-17T07:00:11+02:00;;dpa;false
a10e18562d979777c8bdb01e1e69ed0136a56e3cdc217c9b43ebf3d541c170a3;Betäubt, vergewaltigt und gefilmt - Was treibt Täter an?;https://www.zeit.de/news/2026-08/17/betaeubt-vergewaltigt-und-gefilmt-was-treibt-taeter-an;Hier finden Sie Informationen zu dem Thema „Sexualstraftaten“. Lesen Sie jetzt „Betäubt, vergewaltigt und gefilmt - Was treibt Täter an?“.;Sexualstraftaten;News, Sexualstraftaten, Daniela Klimke, Gisèle Pelicot, Berlin, China, Niedersachsen, Polizei, BKA, Sexualstraftat, Missbrauchsskandal, Vergewaltigung;2026-08-17T07:00:09+02:00;2026-08-17T07:00:09+02:00;;dpa;false
a3fa3c8fa28b7f267ba09ed290602b914654028b340cfc14728e80ba7171a857;US-Schauspielerin Hayden Panettiere ist tot;https://www.zeit.de/feuilleton/film/2026-08/hayden-panettiere-tod-schauspielerin-wladimir-klitschko-gxe;Bekannt wurde sie als Claire Bennet in »Heroes« und als Juliette Barnes in »Nashville«. Die Schauspielerin Hayden Panettiere ist im Alter von 36 Jahren gestorben.;Hollywood;Feuilleton, Hollywood, Hayden Panettiere, Trauer, Filmindustrie, Wladimir Klitschko, Schauspieler, Hollywood;2026-08-17T06:59:16+02:00;2026-08-17T06:59:16+02:00;akm;DIE ZEIT,        dpa,        							akm;false
1a1e36dc15f70e78bea98af85d481a9dfefae5f43fd77f2fbb9f6d91a5ea37f3;Wolken und zum Teil Schauer in Berlin und Brandenburg;https://www.zeit.de/news/2026-08/17/wolken-und-zum-teil-schauer-in-berlin-und-brandenburg;Hier finden Sie Informationen zu dem Thema „Wetteraussichten“. Lesen Sie jetzt „Wolken und zum Teil Schauer in Berlin und Brandenburg“.;Wetteraussichten;News, Wetteraussichten, Berlin, Brandenburg, Niederlausitz, DWD, Wetteraussicht;2026-08-17T06:58:57+02:00;2026-08-17T06:58:57+02:00;;dpa Berlin/Brandenburg;false
1444c1c793aa3a43b8c90ac207e5b9251ad4334db92eb939130f9ca229da3240;Hitzewelle vorbei: Deutlich kühler und leichter Regen in NRW;https://www.zeit.de/news/2026-08/17/hitzewelle-vorbei-deutlich-kuehler-und-leichter-regen-in-nrw;Hier finden Sie Informationen zu dem Thema „Wetter“. Lesen Sie jetzt „Hitzewelle vorbei: Deutlich kühler und leichter Regen in NRW“.;Wetter;News, Wetter, NRW, Nordrhein-Westfalen, Hitzewelle, Wetter;2026-08-17T06:47:43+02:00;2026-08-17T06:47:43+02:00;;dpa Nordrhein-Westfalen;false
39d034c4598ce6755795e0aa23f6ba19fefbc8de8011c81fb2ad1c7c99713343;Wechselhafter Wochenstart mit Schauern im Norden;https://www.zeit.de/news/2026-08/17/wechselhafter-wochenstart-mit-schauern-im-norden;Hier finden Sie Informationen zu dem Thema „Wetter“. Lesen Sie jetzt „Wechselhafter Wochenstart mit Schauern im Norden“.;Wetter;News, Wetter, Hamburg, Schleswig-Holstein, Mecklenburg-Vorpommern, DWD, Gewitter, Wetter;2026-08-17T06:42:42+02:00;2026-08-17T06:42:42+02:00;;dpa Hamburg/Schleswig-Holstein;false
134031cdf10912b3d8219833040a7dc63a7dd38e103d7f61c9114a63bfe1bf0a;Platzproblem: Varfolomeev braucht größeren Trophäenschrank;https://www.zeit.de/news/2026-08/17/platzproblem-varfolomeev-braucht-groesseren-trophaeenschrank;Hier finden Sie Informationen zu dem Thema „Rhythmische Sportgymnastik“. Lesen Sie jetzt „Platzproblem: Varfolomeev braucht größeren Trophäenschrank“.;Rhythmische Sportgymnastik;News, Rhythmische Sportgymnastik, Griechenland, Frankfurter Festhalle, Platzproblem, Trophäenschrank, Sportgymnastik, Bronzemedaille, Familie;2026-08-17T06:08:04+02:00;2026-08-17T06:08:04+02:00;;dpa Hessen;false
935647383c446cec0ac35baa4691d82c5f6f14034ab788ac2812075308557558;US-Schauspielerin Hayden Panettiere mit 36 Jahren gestorben;https://www.zeit.de/news/2026-08/17/us-schauspielerin-hayden-panettiere-mit-36-jahren-gestorben;Hier finden Sie Informationen zu dem Thema „Film“. Lesen Sie jetzt „US-Schauspielerin Hayden Panettiere mit 36 Jahren gestorben“.;Film;News, Film, Hayden Panettiere, Kino;2026-08-17T06:03:07+02:00;2026-08-17T06:03:07+02:00;;dpa;false
8970a1d23601a8cfe3196062ad782dcccdc2b7c74dde9327ddcf8a2f0f163ed2;Bewohner in Monschau müssen vor Flammen und Rauch fliehen;https://www.zeit.de/gesellschaft/2026-08/waldbrand-hohes-venn-monschau-belgien-nrw-evakuierung-gxe;Der Großbrand im Hohen Venn näherte sich bedrohlich der deutschen Gemeinde Monschau. Inzwischen hat sich die Lage stabilisiert. Im Hürtgenwald gibt es Entwarnung. ;Waldbrand im Hohen Venn;Gesellschaft, Waldbrand im Hohen Venn, Waldbrand, Nordrhein-Westfalen, Evakuierung, Feuerwehr, Belgien, Brand;2026-08-17T06:02:48+02:00;2026-08-17T06:02:48+02:00;htg;DIE ZEIT,        dpa,        AFP,        							htg;false
540b537666e52d76419a91fca4330b0c96672d3b7983110ca605c15972b419ad;Wo kommt der erlösende Regen?;https://www.zeit.de/news/2026-08/17/wo-kommt-der-erloesende-regen;Hier finden Sie Informationen zu dem Thema „Wettervorhersage für Bayern“. Lesen Sie jetzt „Wo kommt der erlösende Regen?“.;Wettervorhersage für Bayern;News, Wettervorhersage für Bayern, Bayern, Alpen, Wettervorhersage;2026-08-17T06:01:18+02:00;2026-08-17T06:01:18+02:00;;dpa Bayern;false
0855a4cf3156e4e04c1c6ee5401dbca7e1f9110f8570f6259dd19ee175902496;Kim Gottwald läuft, bis niemand mehr steht;https://www.zeit.de/news/2026-08/17/kim-gottwald-laeuft-bis-niemand-mehr-steht;Hier finden Sie Informationen zu dem Thema „Ultra-Rennen“. Lesen Sie jetzt „Kim Gottwald läuft, bis niemand mehr steht“.;Ultra-Rennen;News, Ultra-Rennen, Kim Gottwald, Duisburg, Auto, Fahrrad;2026-08-17T06:00:33+02:00;2026-08-17T06:00:33+02:00;;dpa Niedersachsen;false
18b5b85b9080bee58d4faeb6cd0883c4e0a9da5844d89eb2977195214dc2a5e7;Wildschweine im Visier - Wie die Tiere für Unruhe sorgen;https://www.zeit.de/news/2026-08/17/wildschweine-im-visier-wie-die-tiere-fuer-unruhe-sorgen;Hier finden Sie Informationen zu dem Thema „Schwarzwild im Wohngebiet“. Lesen Sie jetzt „Wildschweine im Visier - Wie die Tiere für Unruhe sorgen“.;Schwarzwild im Wohngebiet;News, Schwarzwild im Wohngebiet, Bodo Krause, Kleinmachnow, Berlin, Brandenburg an der Havel, Potsdam, CDU, Wildschwein, Schwarzwild, Wohngebiet, Futterstelle;2026-08-17T06:00:13+02:00;2026-08-17T06:00:13+02:00;;dpa Berlin/Brandenburg;false
23640be1978140b727d076b75b1e89d336a1810078da378e409955fe2ea6bc76;Mathematiker will Formel für Liebe gefunden haben;https://www.zeit.de/news/2026-08/17/mathematiker-will-formel-fuer-liebe-gefunden-haben;Hier finden Sie Informationen zu dem Thema „Paartherapeuten skeptisch“. Lesen Sie jetzt „Mathematiker will Formel für Liebe gefunden haben“.;Paartherapeuten skeptisch;News, Paartherapeuten skeptisch, Laurent Pujo-Menjouet, Guy Bodenmann, Liebe, Geld, Familie;2026-08-17T06:00:12+02:00;2026-08-17T06:00:12+02:00;;dpa;false
c7c52f3b372e73f82e0ae9b825dcace4445fd86e4bf37dbf636a96b96222512c;Kardinal Woelki: So war der Dreh mit Hape Kerkeling;https://www.zeit.de/news/2026-08/17/kardinal-woelki-so-war-der-dreh-mit-hape-kerkeling;Hier finden Sie Informationen zu dem Thema „70. Geburtstag“. Lesen Sie jetzt „Kardinal Woelki: So war der Dreh mit Hape Kerkeling“.;70. Geburtstag;News, 70. Geburtstag, Hape Kerkeling, Rainer Maria Woelki, Papst Leo, Horst Schlämmer, Papst Franziskus, Rom, Köln, Deutsche Presse-Agentur, Dreh, Fahrrad;2026-08-17T06:00:10+02:00;2026-08-17T06:00:10+02:00;;dpa;false
69c67aa9c599c48d79503418fb369de6a0f40aab32b3bce9e07d3273881e5aac;Der letzte Buchladen in der Grindelallee;https://www.zeit.de/hamburg/2026-08/elbvertiefung-17-08-2026;Die Elbvertiefung am Montag – Mit der Hamburgerin, die Friedrich Merz retten soll, Roboterhunden für die Holstenstraße und Personalmangel im Finanzamt;Elbvertiefung: Der tägliche Newsletter aus Hamburg;Hamburg, Elbvertiefung: Der tägliche Newsletter aus Hamburg, Friedrich Merz, Michael Unterberg, Christiane Unterberg, Ursula K. Le Guin, Oskar Piegsa, Sven Schulze, Franziska Lange, Hamburg, Sylt, ZEIT;2026-08-17T06:00:07+02:00;2026-08-17T06:00:07+02:00;Oskar Piegsa;;false
48d5d388fec186c044cb16bf7f095b08125622266581994b8f52670f2b16a63a;Brandmauer gegen die AfD - gescheitert oder unverzichtbar?;https://www.zeit.de/news/2026-08/17/brandmauer-gegen-die-afd-gescheitert-oder-unverzichtbar;Hier finden Sie Informationen zu dem Thema „Landtagswahl in Sachsen-Anhalt“. Lesen Sie jetzt „Brandmauer gegen die AfD - gescheitert oder unverzichtbar?“.;Landtagswahl in Sachsen-Anhalt;News, Landtagswahl in Sachsen-Anhalt, Ulrich Siegmund, Stefan Aust, Rafael Seligmann, Sigmar Gabriel, Reiner Haseloff, Theo Waigel, Margot Käßmann, Christian Kullmann, Sachsen-Anhalt, Evonik Steag;2026-08-17T06:00:07+02:00;2026-08-17T06:00:07+02:00;;dpa;false
f035a2d794810262fc2cd83f413d59a323c5a5242ee673dc33c137dfd52b8001;Kühleres Wetter in Sicht - Was die neue Woche bringt;https://www.zeit.de/news/2026-08/17/kuehleres-wetter-in-sicht-was-die-neue-woche-bringt;Hier finden Sie Informationen zu dem Thema „Wetter“. Lesen Sie jetzt „Kühleres Wetter in Sicht - Was die neue Woche bringt“.;Wetter;News, Wetter, Baden-Württemberg, Wetter, Hitze;2026-08-17T05:41:19+02:00;2026-08-17T05:41:19+02:00;;dpa Baden-Württemberg;false
622eb7135551b82c6e53af369c771fdf4641dbb50ed6ed6ec78d018965076960;»Bewusst zu übertreiben, kann im Job hilfreich sein«;https://www.zeit.de/arbeit/2026-07/karriere-arroganz-verhalten-personalpsychologie-astrid-schuetz;Arrogant aufzutreten, kann erfolgreich sein – aber auch scheitern. Eine Psychologin erklärt, was die eigenen Eltern damit zu tun haben und wie man mit Arroganz umgeht.;"Z+ (abopflichtiger Inhalt);
        
    Karriere";Arbeit, Karriere, Psychologie, Verhaltensforschung, Psyche, Arbeitsmarkt, Studie, Chef;2026-08-17T05:35:47+02:00;2026-08-17T05:35:47+02:00;Frauke Suhr;;false
9de1d93c124f363acad786eb5b491a3c60195cdd00cf597f0ec485d1bd2a74e9;Was treibt Wagenknecht? Und warum?;https://www.zeit.de/feuilleton/2026-08/sahra-wagenknecht-bsw-cdu-afd-biografie-motivation;Sahra Wagenknecht sagt, sie würde der AfD am Ende zur Macht verhelfen. Wie bitte? Unsere Autorin begleitet sie seit Jahren – und erkennt ein Muster.;"Z+ (abopflichtiger Inhalt);
        
    Sahra Wagenknecht";Feuilleton, Sahra Wagenknecht, Sahra Wagenknecht, Ulrich Siegmund, Sachsen-Anhalt, Bündnis Sahra Wagenknecht, Alternative für Deutschland, Landtagswahl;2026-08-17T05:33:48+02:00;2026-08-17T05:33:48+02:00;Andrea Maurer;;false
91a95426370caf35e9096aad2112b1ecf31e010e7afce003e13148ada102ad60;AOK: Gesündere Zähne bei Kindern in Mecklenburg-Vorpommern;https://www.zeit.de/news/2026-08/17/aok-gesuendere-zaehne-bei-kindern-in-mecklenburg-vorpommern;Hier finden Sie Informationen zu dem Thema „Gesundheit“. Lesen Sie jetzt „AOK: Gesündere Zähne bei Kindern in Mecklenburg-Vorpommern“.;Gesundheit;News, Gesundheit, Mecklenburg-Vorpommern, AOK, AOK Nordost, Zahn, Vorsorge;2026-08-17T05:31:04+02:00;2026-08-17T05:31:04+02:00;;dpa Mecklenburg-Vorpommern;false
5a9b04477232d0afb078083b05fa78afad2c1cbb9e094f22c006ec2c155e0aa3;Ballastwasser abgelassen - Drei Schiffe im Hafen erwischt;https://www.zeit.de/news/2026-08/17/ballastwasser-abgelassen-drei-schiffe-im-hafen-erwischt;Hier finden Sie Informationen zu dem Thema „Umweltverschmutzung“. Lesen Sie jetzt „Ballastwasser abgelassen - Drei Schiffe im Hafen erwischt“.;Umweltverschmutzung;News, Umweltverschmutzung, Hamburger Hafen, Ballastwasser, Wasserschutzpolizei, Umweltverschmutzung, Schiff;2026-08-17T05:30:07+02:00;2026-08-17T05:30:07+02:00;;dpa Hamburg/Schleswig-Holstein;false
0a84c23fb7f427431885e836f2a535534a6c2fe11f2168878e9c6138cf1a3d30;Höhere Preise und Engpässe - Niedrigwasser trifft Bauherren;https://www.zeit.de/news/2026-08/17/hoehere-preise-und-engpaesse-niedrigwasser-trifft-bauherren;Hier finden Sie Informationen zu dem Thema „Niedrige Pegelstände“. Lesen Sie jetzt „Höhere Preise und Engpässe - Niedrigwasser trifft Bauherren“.;Niedrige Pegelstände;News, Niedrige Pegelstände, Thomas Reimann, Tim-Oliver Müller, Rhein, Hessen, Deutsche Presse-Agentur, Niedrigwasser, Engpass, Pegelstand, Transportschiff, Baubranche;2026-08-17T05:30:05+02:00;2026-08-17T05:30:05+02:00;;dpa;false
49e9ebcdf2ed70e0fa9328e297efaeb258c58500286db49cfdf53b0273cb138e;Mit Melonen beladener Lkw prallt gegen Baum;https://www.zeit.de/news/2026-08/16/mit-melonen-beladener-lkw-prallt-gegen-baum;Hier finden Sie Informationen zu dem Thema „Unfälle“. Lesen Sie jetzt „Mit Melonen beladener Lkw prallt gegen Baum“.;Unfälle;News, Unfälle, Neuenkruge, Wiefelstede, Landkreis Ammerland, Melone, Unfall;2026-08-17T05:20:20+02:00;2026-08-17T05:20:20+02:00;;dpa Niedersachsen;false
a0bb3d8856ccd33a120a085fe7125521fd2846a73e875212b2da8ad357fb7067;SPD will Hitzeschutz in Bayerns Krankenhäusern;https://www.zeit.de/news/2026-08/17/spd-will-hitzeschutz-in-bayerns-krankenhaeusern;Hier finden Sie Informationen zu dem Thema „Hitzeanpassung“. Lesen Sie jetzt „SPD will Hitzeschutz in Bayerns Krankenhäusern“.;Hitzeanpassung;News, Hitzeanpassung, Ronja Endres, Bayern, SPD, Hitzeschutz, Hitzeanpassung, Investitionsbedarf, Sofortprogramm, Kommunalentlastungsgesetz, Pflegeheim, Geld;2026-08-17T05:15:05+02:00;2026-08-17T05:15:05+02:00;;dpa Bayern;false
9df65b9335206aa539de1c660e59de19263cd131f4cd4cf641907e44e09b212f;Wolfsburgs neues Gefühl: «Das Team ist der Star!»;https://www.zeit.de/news/2026-08/17/wolfsburgs-neues-gefuehl-das-team-ist-der-star;Hier finden Sie Informationen zu dem Thema „2. Fußball-Bundesliga“. Lesen Sie jetzt „Wolfsburgs neues Gefühl: «Das Team ist der Star!»“.;2. Fußball-Bundesliga;News, 2. Fußball-Bundesliga, Fabian Reese, Robert Glatzel, Wolfsburg, Hannover, VfL Wolfsburg, Hannover 96, Fußball-Bundesliga, Sommer;2026-08-17T05:15:05+02:00;2026-08-17T05:15:05+02:00;;dpa Niedersachsen;false
e07c729b50aa5eb32a4fb7789505a42cc2e1e2ea779e99f89fda4177da9d6f06;US-Rahmenabkommen mit Iran läuft aus: Was hat es gebracht?;https://www.zeit.de/news/2026-08/17/us-rahmenabkommen-mit-iran-laeuft-aus-was-hat-es-gebracht;Hier finden Sie Informationen zu dem Thema „Iran-Krieg“. Lesen Sie jetzt „US-Rahmenabkommen mit Iran läuft aus: Was hat es gebracht?“.;Iran-Krieg;News, Iran-Krieg, Donald Trump, Iran, USA, Libanon, Washington, Jemen, Saudi-Arabien, Straße von Hormus, Bab al-Mandab, Huthi;2026-08-17T05:00:30+02:00;2026-08-17T05:00:30+02:00;;dpa;false
6a24f34fa20f00d520ca6205a5bfb498cd558e99fbf2cc279659e51495f80e89;Kliniken rüsten nach – Hitzeschutz bleibt teures Problem;https://www.zeit.de/news/2026-08/17/kliniken-ruesten-nach-hitzeschutz-bleibt-teures-problem;Hier finden Sie Informationen zu dem Thema „Klimafolgen“. Lesen Sie jetzt „Kliniken rüsten nach – Hitzeschutz bleibt teures Problem“.;Klimafolgen;News, Klimafolgen, Patrick Reimund, Schleswig-Holstein, Schleswig, DRK, Hitzeschutz, Klinik, Klimafolge, Pflegeheim, Hitze;2026-08-17T05:00:28+02:00;2026-08-17T05:00:28+02:00;;dpa Hamburg/Schleswig-Holstein;false
abc31f6865360cbd30dcf9a19bb3db77a365399b4b740c22a86e410654d47fb7;Noch einmal Vollsperrung an A52-Brücke über die Ruhr;https://www.zeit.de/news/2026-08/17/noch-einmal-vollsperrung-an-a52-bruecke-ueber-die-ruhr;Hier finden Sie Informationen zu dem Thema „Schon wieder gesperrt“. Lesen Sie jetzt „Noch einmal Vollsperrung an A52-Brücke über die Ruhr“.;Schon wieder gesperrt;News, Schon wieder gesperrt, Ruhr, Düsseldorf, Vollsperrung;2026-08-17T05:00:23+02:00;2026-08-17T05:00:23+02:00;;dpa Nordrhein-Westfalen;false
b191fe537d1acd4d784d32b2bf4c0661e5ec49b6354841e4317f6b477311d755;Gibt es Klimaanlagen in Hamburger Kliniken und Heimen?;https://www.zeit.de/news/2026-08/17/gibt-es-klimaanlagen-in-hamburger-kliniken-und-heimen;Hier finden Sie Informationen zu dem Thema „Gesundheit“. Lesen Sie jetzt „Gibt es Klimaanlagen in Hamburger Kliniken und Heimen?“.;Gesundheit;News, Gesundheit, Hamburg, CDU, Klimaanlage, Klinik, Hitzetag, Hitze;2026-08-17T05:00:12+02:00;2026-08-17T05:00:12+02:00;;dpa Hamburg/Schleswig-Holstein;false
9ac0a43cf6bbb22bea545dddbd4ae970fc6b97fe8ffb0b32814d02d6b0b0700e;Warum manche Vögel auf den Zug nach Süden verzichten;https://www.zeit.de/news/2026-08/17/warum-manche-voegel-auf-den-zug-nach-sueden-verzichten;Hier finden Sie Informationen zu dem Thema „Tiere“. Lesen Sie jetzt „Warum manche Vögel auf den Zug nach Süden verzichten“.;Tiere;News, Tiere, Tino Sauer, Thüringen, Mittelthüringen, Naturschutzbund Deutschland, Singvogel, Storch, Tiere, Winter;2026-08-17T05:00:11+02:00;2026-08-17T05:00:11+02:00;;dpa Thüringen;false
2e988083536cfcad5ddbaac37dee88d83f9f0ae04028582b1c012681b8de6ce7;Gesundheit: Linke wollen Initiative gegen mehr Zuzahlungen;https://www.zeit.de/news/2026-08/17/gesundheit-linke-wollen-initiative-gegen-mehr-zuzahlungen;Hier finden Sie Informationen zu dem Thema „Gesundheitswesen“. Lesen Sie jetzt „Gesundheit: Linke wollen Initiative gegen mehr Zuzahlungen“.;Gesundheitswesen;News, Gesundheitswesen, Susanne Schaper, Zuzahlung, Beitragssatzstabilisierungsgesetz, Initiative, Gesundheitswesen;2026-08-17T05:00:11+02:00;2026-08-17T05:00:11+02:00;;dpa Sachsen;false
b1f1bfb5786dad63137fa4cc2770c0984234ece786e024e9c9526311f4e07331;So steht es um die Sicherheit in Bus und Bahn im Südwesten;https://www.zeit.de/news/2026-08/17/so-steht-es-um-die-sicherheit-in-bus-und-bahn-im-suedwesten;Hier finden Sie Informationen zu dem Thema „Verkehr“. Lesen Sie jetzt „So steht es um die Sicherheit in Bus und Bahn im Südwesten“.;Verkehr;News, Verkehr, Nicole Razavi, Ludwigsburg, Karlsruhe, Arverio, Baden-Württemberg, DB, Polizei, Verkehrsministerium, CDU, Südwesten;2026-08-17T05:00:09+02:00;2026-08-17T05:00:09+02:00;;dpa Baden-Württemberg;false
f2bc4b84fa12a25e3221500d4180e2472def35aed2f6f531611c184375d78738;Bilger bei BASF - Chemiekonzern setzt auf Verkehrsmix;https://www.zeit.de/news/2026-08/17/bilger-bei-basf-chemiekonzern-setzt-auf-verkehrsmix;Hier finden Sie Informationen zu dem Thema „Drehscheibe mit Reichweite“. Lesen Sie jetzt „Bilger bei BASF - Chemiekonzern setzt auf Verkehrsmix“.;Drehscheibe mit Reichweite;News, Drehscheibe mit Reichweite, Steffen Bilger, Markus Kamieth, Ludwigshafen, Rhein, BASF, CDU, Verkehrsmix, Chemiekonzern, Drehscheibe, Kombiverkehrsterminal;2026-08-17T05:00:08+02:00;2026-08-17T05:00:08+02:00;;dpa;false
93f9a448a9a2d82488272c9b14ca135a1da7a26d3dbb2bbc17635045820263c7;Nele Otten leitet weltgrößte Bibliothek für Plattdeutsch;https://www.zeit.de/news/2026-08/17/nele-otten-leitet-weltgroesste-bibliothek-fuer-plattdeutsch;Hier finden Sie Informationen zu dem Thema „Sammlung plattdeutscher Werke“. Lesen Sie jetzt „Nele Otten leitet weltgrößte Bibliothek für Plattdeutsch“.;Sammlung plattdeutscher Werke;News, Sammlung plattdeutscher Werke, Nele Otten, USA, Amerika, Hamburg, Bremen, Sammlung, Studium;2026-08-17T05:00:06+02:00;2026-08-17T05:00:06+02:00;;dpa Hamburg/Schleswig-Holstein;false
c6c5545e6878200e4dbe794d9158fec39f1b617789a4282ef8f417579bfdde7e;Gefangenentransporte belasten Polizei – Lösung per Video?;https://www.zeit.de/news/2026-08/17/gefangenentransporte-belasten-polizei-loesung-per-video;Hier finden Sie Informationen zu dem Thema „Polizei im Dienst der Justiz“. Lesen Sie jetzt „Gefangenentransporte belasten Polizei – Lösung per Video?“.;Polizei im Dienst der Justiz;News, Polizei im Dienst der Justiz, Jürgen Köhnlein, Florian Leitner, Bayern, München, Nürnberg, Augsburg, Polizei, DPolG, Innenministerium, Gefangenentransport;2026-08-17T04:30:08+02:00;2026-08-17T04:30:08+02:00;;dpa Bayern;false
3c55be96a3facb67b1d66debd71f7569c437351682a12ee988378f844eec015a;Atommüll für Ahaus: Teurer Widerspruch gegen Transport;https://www.zeit.de/news/2026-08/17/atommuell-fuer-ahaus-teurer-widerspruch-gegen-transport;Hier finden Sie Informationen zu dem Thema „Atom“. Lesen Sie jetzt „Atommüll für Ahaus: Teurer Widerspruch gegen Transport“.;Atom;News, Atom, Claudia Köhler, Markus Büchler, Garching, Ahaus, Atommüll, Atommülltransport, Forschungsreaktor, Transport, Sicherheit;2026-08-17T04:30:06+02:00;2026-08-17T04:30:06+02:00;;dpa Bayern;false
8522c178cccaaf86f22856f04eece825ae713da2c5993fb5a8b55b26dac3b634;Marteria weiß noch nicht, wen er für den Landtag wählt;https://www.zeit.de/news/2026-08/17/marteria-weiss-noch-nicht-wen-er-fuer-den-landtag-waehlt;Hier finden Sie Informationen zu dem Thema „Wahlen“. Lesen Sie jetzt „Marteria weiß noch nicht, wen er für den Landtag wählt“.;Wahlen;News, Wahlen, Marteria, Mecklenburg-Vorpommern, Deutsche Presse-Agentur, Landtagswahl, Landtag;2026-08-17T04:30:05+02:00;2026-08-17T04:30:05+02:00;;dpa Mecklenburg-Vorpommern;false
28f101ce871936c8082f31fe7a46713007ee56f44a9691629b666b2bd3852077;Kushner führt in Ägypten Gespräche über Gazastreifen;https://www.zeit.de/politik/ausland/2026-08/jared-kushner-aegypten-gaza-gespraeche;US-Verhandler Jared Kushner ist zu Gesprächen über die Zukunft des Gazastreifens nach Ägypten gereist. Der Schwiegersohn des US-Präsidenten traf auch Hamas-Vertreter.;US-Unterhändler;Politik, US-Unterhändler, Jared Kushner, Gazastreifen, Hamas, Ägypten, Israel, USA, Donald Trump, Benjamin Netanjahu;2026-08-17T04:13:32+02:00;2026-08-17T04:13:32+02:00;mmheca;DIE ZEIT,        dpa,        Reuters,        AFP,        AP,        							mmh					,        							eca;false
ba93deb62337dd59c98d067f143e7ebfed6f06e888531ff74ede3f75bbfee4e1;Straftaten in Bus und Bahn teils deutlich zurückgegangen;https://www.zeit.de/news/2026-08/17/straftaten-in-bus-und-bahn-teils-deutlich-zurueckgegangen;Hier finden Sie Informationen zu dem Thema „Verkehr“. Lesen Sie jetzt „Straftaten in Bus und Bahn teils deutlich zurückgegangen“.;Verkehr;News, Verkehr, Polizei, Verkehrsministerium, Straftat, Südwesten, Aggressionsdelikt, Verkehr, Sicherheit;2026-08-17T04:00:14+02:00;2026-08-17T04:00:14+02:00;;dpa Baden-Württemberg;false
a7ef91a95ba5d8535258849ba00919e350f41b3634912920887adb90f186d0ab;Dürre begünstigt Plage - so steht es um den Borkenkäfer;https://www.zeit.de/news/2026-08/17/duerre-beguenstigt-plage-so-steht-es-um-den-borkenkaefer;Hier finden Sie Informationen zu dem Thema „Schädling an Bäumen“. Lesen Sie jetzt „Dürre begünstigt Plage - so steht es um den Borkenkäfer“.;Schädling an Bäumen;News, Schädling an Bäumen, Felicitas Sander, Baden-Württemberg, Dürre, Borkenkäfer, Schädling, Befallszahl, Sommer;2026-08-17T04:00:11+02:00;2026-08-17T04:00:11+02:00;;dpa Baden-Württemberg;false
0b2328ccf908902bf09e13cb708964f1d711de72a1ec22910c6dd4e0e490b4e6;Sperrung auf Bahnstrecke Leipzig-Zwickau;https://www.zeit.de/news/2026-08/17/sperrung-auf-bahnstrecke-leipzig-zwickau;Hier finden Sie Informationen zu dem Thema „Bahnverkehr“. Lesen Sie jetzt „Sperrung auf Bahnstrecke Leipzig-Zwickau“.;Bahnverkehr;News, Bahnverkehr, Leipzig-Zwickau, Gößnitz, Zwickau, Leipzig, Deutsche Bahn, Bahnstrecke, Sperrung, Bahnverkehr;2026-08-17T04:00:10+02:00;2026-08-17T04:00:10+02:00;;dpa Sachsen;false
d33db08363a0d2214c9c851dd55f5a3ed148f1f116dec4d92b370a94624b18ff;Was Buchmessengast Tschechien mit nach Frankfurt mitbringt;https://www.zeit.de/news/2026-08/17/was-buchmessengast-tschechien-mit-nach-frankfurt-mitbringt;Hier finden Sie Informationen zu dem Thema „Ausstellungen und mehr“. Lesen Sie jetzt „Was Buchmessengast Tschechien mit nach Frankfurt mitbringt“.;Ausstellungen und mehr;News, Ausstellungen und mehr, Anna Hulačová, Tschechien, Frankfurt, Deutsches Architekturmuseum, Filmmuseum, Frankfurter Buchmesse, Gastlandauftritt;2026-08-17T04:00:09+02:00;2026-08-17T04:00:09+02:00;;dpa Hessen;false
6e104cdbf504f88589678a69e2496414402682891ecc978631b4ba9d5b06d3b0;Wärme und Trockenheit: Winzer rechnen mit gutem Weinjahr;https://www.zeit.de/news/2026-08/17/waerme-und-trockenheit-winzer-rechnen-mit-gutem-weinjahr;Hier finden Sie Informationen zu dem Thema „Weinlese vor Beginn“. Lesen Sie jetzt „Wärme und Trockenheit: Winzer rechnen mit gutem Weinjahr“.;Weinlese vor Beginn;News, Weinlese vor Beginn, Hartmut Schreiter, Sachsen, Unstrut, Höhnstedt, Freyburg-Unstrut, Sachsen-Anhalt, Deutsche Presse-Agentur, Trockenheit, Weinjahr, Wärme;2026-08-17T04:00:04+02:00;2026-08-17T04:00:04+02:00;;dpa Sachsen;false
82a4ddecb7f7243b54e0a61dcbbdfc0648a303d05fd56210d2cb1d1de0023422;«Die AfD ist eine Westpartei» – Haseloff fordert Debatte;https://www.zeit.de/news/2026-08/17/die-afd-ist-eine-westpartei-haseloff-fordert-debatte;Hier finden Sie Informationen zu dem Thema „Brandmauer-Debatte“. Lesen Sie jetzt „«Die AfD ist eine Westpartei» – Haseloff fordert Debatte“.;Brandmauer-Debatte;News, Brandmauer-Debatte, Reiner Haseloff, Sachsen-Anhalt, Alternative für Deutschland, CDU, Deutsche Presse-Agentur, Umfragewert;2026-08-17T03:50:04+02:00;2026-08-17T03:50:04+02:00;;dpa Sachsen;false
74cbbf7ee509d77b3cf4dfa6d4a142d02e3cbad0c9b5313a2c84b6ba72098e0f;Heftiger Gewittersturm im Rhein-Neckar-Kreis;https://www.zeit.de/news/2026-08/17/heftiger-gewittersturm-im-rhein-neckar-kreis;Hier finden Sie Informationen zu dem Thema „Unwetter“. Lesen Sie jetzt „Heftiger Gewittersturm im Rhein-Neckar-Kreis“.;Unwetter;News, Unwetter, Rhein-Neckar-Kreis, Polizei, Gewittersturm, Notruf, Unwetter;2026-08-17T03:43:08+02:00;2026-08-17T03:43:08+02:00;;dpa Baden-Württemberg;false
2343ec3417767ddd311e2c300a07e610648dd955790a89c4ab109d36f5fddb3e;Gabriel kritisiert SPD-Kurs beim Sozialstaat und bei Rente;https://www.zeit.de/news/2026-08/17/gabriel-kritisiert-spd-kurs-beim-sozialstaat-und-bei-rente;Hier finden Sie Informationen zu dem Thema „Brandmauer-Debatte“. Lesen Sie jetzt „Gabriel kritisiert SPD-Kurs beim Sozialstaat und bei Rente“.;Brandmauer-Debatte;News, Brandmauer-Debatte, Sigmar Gabriel, SPD, Deutsche Presse-Agentur, Alternative für Deutschland, Sozialstaat, Wählerbasis, Brandmauer, Rente;2026-08-17T03:40:04+02:00;2026-08-17T03:40:04+02:00;;dpa;false
14e3f4a33d319bd18602be4d3deb66f4d53800791eca84e8f823a6d06fd496bf;Bilger und BASF-Chef Kamieth bei Ausbau von Verkehrsterminal;https://www.zeit.de/news/2026-08/17/bilger-und-basf-chef-kamieth-bei-ausbau-von-verkehrsterminal;Hier finden Sie Informationen zu dem Thema „Millionenprojekt“. Lesen Sie jetzt „Bilger und BASF-Chef Kamieth bei Ausbau von Verkehrsterminal“.;Millionenprojekt;News, Millionenprojekt, Steffen Bilger, Markus Kamieth, Ludwigshafen, BASF, CDU, Verkehrsterminal, Millionenprojekt, Kombiverkehrsterminal, Ausbau;2026-08-17T03:30:06+02:00;2026-08-17T03:30:06+02:00;;dpa Rheinland-Pfalz/Saarland;false
4788db22e3ddd55602d1cfbe1f5a1d84d65366dbc4b5c99f03ff22889cefc252;Schulklingeln im Norden rufen zum neuen Unterrichtsjahr;https://www.zeit.de/news/2026-08/17/schulklingeln-im-norden-rufen-zum-neuen-unterrichtsjahr;Hier finden Sie Informationen zu dem Thema „Das neue Schuljahr beginnt“. Lesen Sie jetzt „Schulklingeln im Norden rufen zum neuen Unterrichtsjahr“.;Das neue Schuljahr beginnt;News, Das neue Schuljahr beginnt, Schleswig-Holstein, Schulklingel, Unterrichtsjahr, Schuljahr;2026-08-17T03:30:06+02:00;2026-08-17T03:30:06+02:00;;dpa Hamburg/Schleswig-Holstein;false
f5b054688ec74c3048cb382d19ae6350f9888815a4b2a7e057839d411a08bcc0;Waldbrand im Westerwald: Feuerwehr verhindert Übergreifen;https://www.zeit.de/news/2026-08/17/waldbrand-im-westerwald-feuerwehr-verhindert-uebergreifen;Hier finden Sie Informationen zu dem Thema „Großbrand in Rheinland-Pfalz“. Lesen Sie jetzt „Waldbrand im Westerwald: Feuerwehr verhindert Übergreifen“.;Großbrand in Rheinland-Pfalz;News, Großbrand in Rheinland-Pfalz, Gebhardshain, Altenkirchen, Westerwald, Rheinland-Pfalz, Nordrhein-Westfalen, Feuerwehr, Instagram, Großbrand, Waldbrand, Westerwaldort;2026-08-17T03:30:05+02:00;2026-08-17T03:30:05+02:00;;dpa;false
a592f6242a4ad88a4dd70295b54497834eee66076cc0142e92631a3420e5e90d;Agenturchefin: Freude am Job beeinflusst Blick auf Rente;https://www.zeit.de/news/2026-08/17/agenturchefin-freude-am-job-beeinflusst-blick-auf-rente;Hier finden Sie Informationen zu dem Thema „Gesellschaft“. Lesen Sie jetzt „Agenturchefin: Freude am Job beeinflusst Blick auf Rente“.;Gesellschaft;News, Gesellschaft, Ulrike Mohr, Saarland, Mainz, Rheinland-Pfalz, Bundesagentur für Arbeit, Deutsche Presse-Agentur, Statistisches Bundesamt, Regionaldirektion, Rente, Rentenalter;2026-08-17T03:30:04+02:00;2026-08-17T03:30:04+02:00;;dpa Rheinland-Pfalz/Saarland;false
eda7834ee1245ebac84f6a2e414604441948f3906a1bb4b25a406620ffb787eb;Fünf Verletzte bei Unfall im Rhein-Neckar-Kreis;https://www.zeit.de/news/2026-08/16/sperrung-nach-unfall-mit-vier-fahrzeugen;Hier finden Sie Informationen zu dem Thema „Mehrere Autos beteiligt“. Lesen Sie jetzt „Fünf Verletzte bei Unfall im Rhein-Neckar-Kreis“.;Mehrere Autos beteiligt;News, Mehrere Autos beteiligt, Unfall, Sperrung, Fahrzeug;2026-08-17T03:05:47+02:00;2026-08-17T03:05:47+02:00;;dpa Baden-Württemberg;false
993bb97c60ea95e28e5c7a0a590174f7e7cea1c1ae374e89f307ac9a9adfe304;Ehemaliger israelischer Botschafter fordert Vorgehen gegen Israel;https://www.zeit.de/politik/ausland/2026-08/schimon-stein-israel-benjamin-netanjahu-sanktionen-siedlungsbau;Die deutsche Bundesregierung soll einen härteren Kurs gegenüber Israels Regierung fahren. Das fordert der ehemalige israelische Botschafter in Deutschland, Shimon Stein.;Shimon Stein;Politik, Shimon Stein, Westjordanland, Israel, Siedlungspolitik, Diplomatie, Benjamin Netanjahu, Bundesregierung;2026-08-17T02:44:22+02:00;2026-08-17T02:44:22+02:00;htg;DIE ZEIT,        							htg;false
9d9e9e30cb0f50f37d76ef2378e328e43285dbe4983020d540d406453b0c673a;Trump kündigt Verringerung der Militärübungen mit Südkorea an;https://www.zeit.de/politik/ausland/2026-08/us-militaeruebungen-suedkorea-donald-trump-nordkorea-pete-hegseth;Donald Trump will die gemeinsamen Manöver der USA mit Südkorea »wesentlich reduzieren«. Er begründet dies mit seinem guten Verhältnis zu Nordkoreas Machthaber.;US-Militärübungen mit Südkorea;Politik, US-Militärübungen mit Südkorea, Südkorea, Militär, Kim Jong Un, USA, Nordkorea, Donald Trump;2026-08-17T01:49:22+02:00;2026-08-17T01:49:22+02:00;eca;DIE ZEIT,        AFP,        AP,        Reuters,        dpa,        							eca;false
46b59479be6e8b3716f023732c41c1872f0f41641f592db15c393236916c05d1;Waldbrand im Hohen Venn: 30 Anwohner in Monschau evakuiert;https://www.zeit.de/news/2026-08/17/waldbrand-im-hohen-venn-30-anwohner-in-monschau-evakuiert;Hier finden Sie Informationen zu dem Thema „Großbrand in Naturschutzgebiet“. Lesen Sie jetzt „Waldbrand im Hohen Venn: 30 Anwohner in Monschau evakuiert“.;Großbrand in Naturschutzgebiet;News, Großbrand in Naturschutzgebiet, Franz-Karl Boden, Hohes Venn, Monschau, Feuerwehr, Großbrand, Naturschutzgebiet, Eifelstadt, Straßenzug, Waldbrand, Evakuierung;2026-08-17T01:47:03+02:00;2026-08-17T01:47:03+02:00;;dpa Nordrhein-Westfalen;false
0c447f1949102b6bba2a1de312419476dcb18068958790738bc08dcea6cdde18;Zehntausende fordern Untersuchung des Falls Jason Arday;https://www.zeit.de/gesellschaft/2026-08/jason-arday-tod-cambridge-plagiatsvorwurf-medien-mobbing;Der Cambridge-Professor Jason Arday trat erst zurück und wurde dann tot aufgefunden. Eine Petition fordert nun, dass die Hintergründe des Falls beleuchtet werden.;Tod von Jason Arday;Gesellschaft, Tod von Jason Arday, Cambridge, Plagiat, Petition, Mobbing, Cyber-Mobbing, Rassismus, Trauer, Andy Burnham;2026-08-17T00:49:48+02:00;2026-08-17T00:49:48+02:00;htg;DIE ZEIT,        AFP,        							htg;false
e01100258236707fecf83519ff838733c363f4d90f71009daf3cd0bc570c56ab;SPD lehnt Kürzung von Unterhaltsvorschuss für Jugendliche ab;https://www.zeit.de/politik/deutschland/2026-08/unterhaltsvorschuss-spd-cdu-karin-prien-alleinerziehende;Die SPD ist dagegen, den staatlichen Unterhaltsvorschuss nur noch bis zum 16. Lebensjahr zu zahlen. Stattdessen will sie die Regeln für Unterhaltspflichtige verschärfen.;Reform des Unterhaltsvorschusses;Politik, Reform des Unterhaltsvorschusses, SPD, Unterhalt, Jugendliche, Eltern, Karin Prien, CDU;2026-08-17T00:44:44+02:00;2026-08-17T00:44:44+02:00;eca;DIE ZEIT,        							eca;false
87ac9c34edca1a61b1cb7729ad558b3fc003698b8b01e297ee8a4ebbe7cde7b1;Was geschah am 17. August?;https://www.zeit.de/news/2026-08/16/was-geschah-am-17-august;Hier finden Sie Informationen zu dem Thema „Kalenderblatt“. Lesen Sie jetzt „Was geschah am 17. August?“.;Kalenderblatt;News, Kalenderblatt, Friedrich II., Potsdam, Bayreuther Festspiele, Kalenderblatt, Namenstag;2026-08-16T23:55:04+02:00;2026-08-16T23:55:04+02:00;;dpa;false
ce52ca1317768a5e697cb7241567fb27ec576fcffb21053793e43dfa134ff769;Brand im Hohen Venn: Evakuierung bei Monschau angeordnet;https://www.zeit.de/news/2026-08/16/belgische-behoerden-fordern-einsatzkraefte-aus-deutschland-an;Hier finden Sie Informationen zu dem Thema „Waldbrand“. Lesen Sie jetzt „Brand im Hohen Venn: Evakuierung bei Monschau angeordnet“.;Waldbrand;News, Waldbrand, Belgien, Küchelscheid, Monschau, Aachen, Einsatzkraft, Städteregion, Waldbrand, Grenze;2026-08-16T23:32:19+02:00;2026-08-16T23:32:19+02:00;;dpa;false
4dca3a086d21854f6079d44dc3028399cb3ca8fa8ad147ba576512d5fa79c1ef;Moskau: Ökonom sagt Russland Niederlage voraus - Entlassung;https://www.zeit.de/news/2026-08/16/moskau-oekonom-sagt-russland-niederlage-voraus-entlassung;Hier finden Sie Informationen zu dem Thema „Krieg gegen die Ukraine“. Lesen Sie jetzt „Moskau: Ökonom sagt Russland Niederlage voraus - Entlassung“.;Krieg gegen die Ukraine;News, Krieg gegen die Ukraine, Andrej Klepatsch, Moskau, Russland, Abnutzungskrieg, Niederlage, Krieg in der Ukraine, Krise;2026-08-16T23:27:24+02:00;2026-08-16T23:27:24+02:00;;dpa;false
97bf7a4e7ec1f46aac1057de9f48b3fbd77291ffd66a567b30cc11de2d65e1c8;Sensation im Speerwurf: Ulbricht gewinnt EM-Silber;https://www.zeit.de/news/2026-08/16/sensation-im-speerwurf-ulbricht-gewinnt-em-silber;Hier finden Sie Informationen zu dem Thema „Leichtathletik“. Lesen Sie jetzt „Sensation im Speerwurf: Ulbricht gewinnt EM-Silber“.;Leichtathletik;News, Leichtathletik, Julia Ulbricht, Birmingham, Speerwurf, Leichtathletik, Sensation, Finale;2026-08-16T23:24:42+02:00;2026-08-16T23:24:42+02:00;;dpa Sport;false
bcb926c49959115e91880b9347517ae7ccff3a5ca9ef92d39e628ef19d750553;Ruppert setzt goldenen EM-Schlusspunkt, Mihambo untröstlich;https://www.zeit.de/news/2026-08/16/ruppert-holt-gold-ueber-die-hindernisse-bronze-fuer-bebendorf;Hier finden Sie Informationen zu dem Thema „Leichtathletik“. Lesen Sie jetzt „Ruppert setzt goldenen EM-Schlusspunkt, Mihambo untröstlich“.;Leichtathletik;News, Leichtathletik, Frederik Ruppert, Karl Bebendorf, Birmingham, Leichtathletik, Hindernis, Gold, Finale, Erfolg;2026-08-16T23:04:01+02:00;2026-08-16T23:04:01+02:00;;dpa Sport;false
2e4145a11ac219d06e923b38c1d066787d588e6816c0e40e8dd20961342c785f;Acht Verletzte bei Zusammenstoß - darunter vier Kleinkinder;https://www.zeit.de/news/2026-08/16/acht-verletzte-bei-zusammenstoss-darunter-vier-kleinkinder;Hier finden Sie Informationen zu dem Thema „Unfälle“. Lesen Sie jetzt „Acht Verletzte bei Zusammenstoß - darunter vier Kleinkinder“.;Unfälle;News, Unfälle, Offenbach, Zusammenstoß, Kleinkinder, Auto;2026-08-16T23:02:46+02:00;2026-08-16T23:02:46+02:00;;dpa Hessen;false
ce52ca1317768a5e697cb7241567fb27ec576fcffb21053793e43dfa134ff769;Brand im Hohen Venn: Evakuierung bei Monschau angeordnet;https://www.zeit.de/news/2026-08/16/brand-im-hohen-venn-evakuierung-bei-monschau-angeordnet;Hier finden Sie Informationen zu dem Thema „Brände“. Lesen Sie jetzt „Brand im Hohen Venn: Evakuierung bei Monschau angeordnet“.;Brände;News, Brände, Hohes Venn, Monschau, Brandgeschehen, Waldbrand, Evakuierung, Brand;2026-08-16T22:42:37+02:00;2026-08-16T22:42:37+02:00;;dpa;false
4647220ee00f7ea869d5ce4e3c1466cbd73a7b9d00650606ce048a9677d0a5e0;Hindernisläufer Ruppert gewinnt EM-Gold;https://www.zeit.de/sport/2026-08/frederik-ruppert-3000-m-hindernis-europameister-leichtathletik-em-birmingham;Das deutsche Team hat bei der Leichtathletik-EM zwei weitere Medaillen gewonnen. Frederik Ruppert hat über 3.000 Meter Hindernis Gold geholt und Karl Bebendorf Bronze.;Leichtathletik-EM;Sport, Leichtathletik-EM, Leichtathletik-EM, Leichtathletik, Sportler, Birmingham, Profisport, Europa;2026-08-16T22:26:08+02:00;2026-08-16T22:26:08+02:00;bam;DIE ZEIT,        SID,        							bam;false
200bb4806d7026a5a22deaf40bf85b2fbb6d04fcde41aaed5f4931046c1cf134;Bei EM-Premiere: Deutsche Mixed-Staffel sprintet zu Silber;https://www.zeit.de/news/2026-08/16/bei-em-premiere-deutsche-mixed-staffel-sprintet-zu-silber;Hier finden Sie Informationen zu dem Thema „Leichtathletik“. Lesen Sie jetzt „Bei EM-Premiere: Deutsche Mixed-Staffel sprintet zu Silber“.;Leichtathletik;News, Leichtathletik, Kevin Kranz, Rebekka Haase, Heiko Gussmann, Mann, Birmingham, Leichtathletik, Silbermedaille;2026-08-16T21:55:22+02:00;2026-08-16T21:55:22+02:00;;dpa Sport;false
4b77b6bd5c2565978d18f1d61b79e844084447468ee4b1c96dc4948c859562c9;Bilder des Tages;https://www.zeit.de/news/2026-08/16/bilder-des-tages;Hier finden Sie Informationen zu dem Thema „Fotografie“. Lesen Sie jetzt „Bilder des Tages“.;Fotografie;News, Fotografie, News;2026-08-16T21:51:36+02:00;2026-08-16T21:51:36+02:00;;dpa;false
b9aff579bc215a89f99ca14438c9f14a72048ea71a8aefc05cfc1ce3d69b2294;Feuerscheid: Beifahrer stirbt bei Zusammenstoß mit Baum;https://www.zeit.de/news/2026-08/16/feuerscheid-beifahrer-stirbt-bei-zusammenstoss-mit-baum;Hier finden Sie Informationen zu dem Thema „Unfälle“. Lesen Sie jetzt „Feuerscheid: Beifahrer stirbt bei Zusammenstoß mit Baum“.;Unfälle;News, Unfälle, Feuerscheid, Zusammenstoß, Unfall, Auto;2026-08-16T21:46:00+02:00;2026-08-16T21:46:00+02:00;;dpa Rheinland-Pfalz/Saarland;false
a9e2eb2c814e27f26b8d35378687bde4747c8c4296780ba20c94ee302659ce1d;20-Jähriger tot in Wohnung - Mögliches Gewaltverbrechen;https://www.zeit.de/news/2026-08/16/20-jaehriger-tot-in-wohnung-moegliches-gewaltverbrechen;Hier finden Sie Informationen zu dem Thema „Ermittlungen“. Lesen Sie jetzt „20-Jähriger tot in Wohnung - Mögliches Gewaltverbrechen“.;Ermittlungen;News, Ermittlungen, Ginsheim-Gustavsburg, Groß-Gerau, Staatsanwaltschaft, Polizei, Gewaltverbrechen;2026-08-16T21:44:57+02:00;2026-08-16T21:44:57+02:00;;dpa Hessen;false
e179c412d6a10cb6f018a6353248921e31c70955f1eeb10f4d4aae678ce69f39;Waldbrand im Westerwald unter Kontrolle;https://www.zeit.de/news/2026-08/16/teile-von-gemeinde-im-westerwald-wegen-waldbrand-evakuiert;Hier finden Sie Informationen zu dem Thema „Großbrand in Rheinland-Pfalz“. Lesen Sie jetzt „Waldbrand im Westerwald unter Kontrolle“.;Großbrand in Rheinland-Pfalz;News, Großbrand in Rheinland-Pfalz, Gebhardshain, Westerwald, Landkreis Altenkirchen, Waldbrand, Brand, Hubschrauber;2026-08-16T21:34:57+02:00;2026-08-16T21:34:57+02:00;;dpa;false
43dcfaa250c6cc6dd0c91dd88295330ee2c51f66db7be773affb420f97b20770;Wagenknecht an Höcke: «Warum reden wir nicht mal?»;https://www.zeit.de/news/2026-08/16/wagenknecht-an-hoecke-warum-reden-wir-nicht-mal;Hier finden Sie Informationen zu dem Thema „Parteien vor den Wahlen“. Lesen Sie jetzt „Wagenknecht an Höcke: «Warum reden wir nicht mal?»“.;Parteien vor den Wahlen;News, Parteien vor den Wahlen, Sahra Wagenknecht, Björn Höcke, Thüringen, Sachsen-Anhalt, Bündnis Sahra Wagenknecht, Alternative für Deutschland, X;2026-08-16T21:29:43+02:00;2026-08-16T21:29:43+02:00;;dpa Sachsen;false
e7e838a8b819787b2c7a00f0e854221bac3387d5f747836b11ce2b75908abef0;Großeinsatz bei Schramberg - Feuer breitet sich rasant aus;https://www.zeit.de/news/2026-08/16/grosseinsatz-bei-schramberg-feuer-breitet-sich-rasant-aus;Hier finden Sie Informationen zu dem Thema „Brände“. Lesen Sie jetzt „Großeinsatz bei Schramberg - Feuer breitet sich rasant aus“.;Brände;News, Brände, Schramberg, Landkreis Rottweil, Einsatzkraft, Waldfläche, Großeinsatz, Brand;2026-08-16T21:07:51+02:00;2026-08-16T21:07:51+02:00;;dpa Baden-Württemberg;false
17a81713b9dfb8c9b880fc6aba7b2aa4f396db5b244b84cd6d4cd36ca0bb9375;Bombe in der Elbe bei Heidenau - Evakuierung am Montag;https://www.zeit.de/news/2026-08/16/bombe-in-der-elbe-bei-heidenau-evakuierung-am-montag;Hier finden Sie Informationen zu dem Thema „Bombenentschärfung“. Lesen Sie jetzt „Bombe in der Elbe bei Heidenau - Evakuierung am Montag“.;Bombenentschärfung;News, Bombenentschärfung, Elbe, Heidenau, Sächsische Schweiz, Polizei, Bombenentschärfung, Weltkriegsbombe, Evakuierung;2026-08-16T21:01:23+02:00;2026-08-16T21:01:23+02:00;;dpa Sachsen;false
43368e87cb463ba98102cd49f8e94b7e62c97cbbb107592c7bf6cbce8121e2ba;400 Einsatzkräfte kämpfen gegen Waldbrand im Saarland;https://www.zeit.de/news/2026-08/16/400-einsatzkraefte-kaempfen-gegen-waldbrand-im-saarland;Hier finden Sie Informationen zu dem Thema „Brände“. Lesen Sie jetzt „400 Einsatzkräfte kämpfen gegen Waldbrand im Saarland“.;Brände;News, Brände, Reinhold Jost, Saarland, Neunkirchen, Innenministerium, Einsatzkraft, Vermessung, Waldbrand, Brand, Wald;2026-08-16T20:59:21+02:00;2026-08-16T20:59:21+02:00;;dpa;false
776e825a51ab5e3309fbd5b43daf3c8a2d3cc4507c5f759d653d93956be880c4;Wagenknecht ruft Höcke erneut zu Gespräch über Thüringer Regierung auf;https://www.zeit.de/politik/deutschland/2026-08/brandmauer-thueringen-bjoern-hoecke-sahra-wagenknecht-afd;Sahra Wagenknecht fordert einen neuen Ministerpräsidenten in Thüringen. Sie appelliert an Björn Höcke, öffentlich über einen überparteilichen Kandidaten zu debattieren.;BSW-Gründerin;Politik, BSW-Gründerin , Bündnis Sahra Wagenknecht, Sahra Wagenknecht, Björn Höcke, Thüringen, Alternative für Deutschland, Ministerpräsident;2026-08-16T20:48:03+02:00;2026-08-16T20:48:03+02:00;mmh;DIE ZEIT,        AFP,        dpa,        							mmh;false
f3cf3a762bad96d95e0b5a1ca82f0e654df1b9bfb81f8a93a26602df0bda1395;Hürtgenwald-Brand unter Kontrolle – Belgien fordert deutsche Hilfe an;https://www.zeit.de/gesellschaft/zeitgeschehen/2026-08/waldbrand-nrw-huertgenwald-belgien-monschau-hohes-venn;Tagelange haben Einsatzkräfte die Großfeuer im Hürtgenwald und Hohen Venn bekämpft. Die Großbrände scheinen eingedämmt. Belgien setzt auf Hilfe deutscher Einsatzkräfte.;Waldbrände in NRW und Belgien;Gesellschaft, Waldbrände in NRW und Belgien, Waldbrand, Belgien, Eifel, Feuerwehr, Evakuierung, Nordrhein-Westfalen;2026-08-16T20:43:04+02:00;2026-08-16T20:43:04+02:00;bam;DIE ZEIT,        dpa,        							bam;false
ef969c0fefb45ca1cfbc325a3e4773913cfbcc24c3d07257ee9988cba0691ff3;14 Medaillen: EM-Schwimmer um «Superstar» Liebmann glänzen;https://www.zeit.de/news/2026-08/16/zwei-titel-und-weltrekord-liebmann-ist-der-neue-superstar;Hier finden Sie Informationen zu dem Thema „Schwimm-EM“. Lesen Sie jetzt „14 Medaillen: EM-Schwimmer um «Superstar» Liebmann glänzen“.;Schwimm-EM;News, Schwimm-EM, Johannes Liebmann, Oliver Klemet, Lukas Märtens, Sven Schwarz, Florian Wellbrock, Allgäu, Paris, Schwimm-EM, Europameisterschaft, Weltrekord;2026-08-16T20:28:22+02:00;2026-08-16T20:28:22+02:00;;dpa Sport;false
9e1ad0f631765a5373ee6c6748a67302242ee5b78cc42c5023e4cd0c79ef8db2;Die Deutschen sollen der Amboss sein;https://www.zeit.de/politik/2026-08/jared-sembritzki-general-bundeswehr-russland-afghanistan;Jared Sembritzki ist wohl der kriegerischste General Deutschlands. Er kommandiert 18.000 Soldaten und bereitet sie auf alles vor, was möglich wäre. ;"Z+ (abopflichtiger Inhalt);
        
    General Jared Sembritzki";Politik, General Jared Sembritzki, Bundeswehr, Militär, Afghanistan, Taliban, Russland, Drohne;2026-08-16T19:58:14+02:00;2026-08-16T19:58:14+02:00;Johannes BöhmeLouis Roth;;false
eb389bbc34101c8c32693e9c93ec0a2cf18b50c71c57cffe48a193c10ad81758;Wie entsteht Appetit?;https://www.zeit.de/zeit-wissen/2026/04/gehirn-hunger-appetit-botenstoffe-erinnerung;Vorspeise, Hauptspeise, man ist eigentlich satt. Aber ein kleines Dessert geht immer noch. Warum wir essen, wenn wir nicht hungrig sind und was den Appetit verändert.;"Z+ (abopflichtiger Inhalt);
        
    Gehirn";Wissenschaft, Gehirn, Ernährung, Gehirn, Dessert, Studie, Psyche, Forschung;2026-08-16T19:35:55+02:00;2026-08-16T19:35:55+02:00;Max Rauner;Aus        ZEIT Wissen Nr. 04/2026;false
fb4b10afe33729db66d62e7000e2030fd638f8dbfd174de065de3a2b82701161;Gose und Werner gewinnen Silber und Bronze bei EM in Paris;https://www.zeit.de/news/2026-08/16/gose-und-werner-gewinnen-silber-und-bronze-bei-em-in-paris;Hier finden Sie Informationen zu dem Thema „Schwimm-EM“. Lesen Sie jetzt „Gose und Werner gewinnen Silber und Bronze bei EM in Paris“.;Schwimm-EM;News, Schwimm-EM, Isabel Gose, Maya Werner, Paris, Schwimm-EM;2026-08-16T19:26:51+02:00;2026-08-16T19:26:51+02:00;;dpa Sport;false
305eb5614c34f87e8c2883ca0db70dce149e22fc3c239c0eda997e1c709d1b24;»Kinder brauchen keine verliebten Eltern«;https://www.zeit.de/familie/2026-08/beziehung-eltern-liebe-kinder-familienrat;Entfremden sich Mutter und Vater, muss das die Kinder nicht zwangsläufig belasten. Entscheidend ist, wie Eltern miteinander umgehen – und ob sie ehrlich bleiben.;"Z+ (abopflichtiger Inhalt);
        
    Beziehung der Eltern";Familie, Beziehung der Eltern, Wolfgang Schmidbauer, Familie, Liebe, Kindererziehung, Kinder;2026-08-16T19:26:12+02:00;2026-08-16T19:26:12+02:00;Tillmann Prüfer;;false
7213fce82d915b45d7f51109efdee82c21870abb73002cc3dffe47c6265081bf;Polizei nimmt 38-Jährigen nach Bedrohung mit Messer fest;https://www.zeit.de/news/2026-08/16/polizei-nimmt-38-jaehrigen-nach-bedrohung-mit-messer-fest;Hier finden Sie Informationen zu dem Thema „Polizeieinsatz“. Lesen Sie jetzt „Polizei nimmt 38-Jährigen nach Bedrohung mit Messer fest“.;Polizeieinsatz;News, Polizeieinsatz, Bensheim, Polizei, Bedrohung, Polizeieinsatz;2026-08-16T19:08:30+02:00;2026-08-16T19:08:30+02:00;;dpa Hessen;false
5b2aa6e4451c07b4aaaf09d5c8f1f1796e82b95adf6a3f6be9121404428ee098;Schalke unterliegt Real Madrid beim Arena-Jubiläum klar;https://www.zeit.de/news/2026-08/16/schalke-unterliegt-real-madrid-beim-arena-jubilaeum-klar;Hier finden Sie Informationen zu dem Thema „Fußball“. Lesen Sie jetzt „Schalke unterliegt Real Madrid beim Arena-Jubiläum klar“.;Fußball;News, Fußball, Spanien, Madrid, Schalke, Veltins-Arena, Real Madrid, FC Schalke 04, HALLESCHER FUSSBALLCLUB e. V., Königsblauen, Topclub, Fußball;2026-08-16T18:51:05+02:00;2026-08-16T18:51:05+02:00;;dpa Nordrhein-Westfalen;false
9074bf534846ce0c607fb18d8c96889194ea840ff1278383a3383a3e715144aa;Fragolino Rosso gewinnt 131. Deutsches Traber Derby;https://www.zeit.de/news/2026-08/16/fragolino-rosso-gewinnt-131-deutsches-traber-derby;Hier finden Sie Informationen zu dem Thema „Trabrennen“. Lesen Sie jetzt „Fragolino Rosso gewinnt 131. Deutsches Traber Derby“.;Trabrennen;News, Trabrennen, Robin Bakker, Mariendorf, Trabrennen, Finale;2026-08-16T18:22:26+02:00;2026-08-16T18:22:26+02:00;;dpa Berlin/Brandenburg;false
5345aab0b531168ed616d84019d552f70f8c51eee9996be1bce2cabab71f2adb;»Ich bin wohl der letzte Autor hier«;https://www.zeit.de/feuilleton/literatur/2026-08/viktor-martinowitsch-belarus-literatur-theater-verbot;In Belarus sind die Bücher von Viktor Martinowitsch verboten. Ein Gespräch über seinen aktuellen Roman, die Angst und darüber, warum er trotz allem nicht ins Exil geht.;"Z+ (abopflichtiger Inhalt);
        
    Viktor Martinowitsch";Feuilleton, Viktor Martinowitsch, Autor, Belarus, Theater, Literatur, Protest, Gefängnis;2026-08-16T18:19:48+02:00;2026-08-16T18:19:48+02:00;Sieglinde Geisel;;false
6675c3156b1e927f37e0d56be4f480a5b4b3201382e20230be2f6a0943f07176;Füchse Berlin mit Testspiel-Pleite gegen Barcelona;https://www.zeit.de/news/2026-08/16/fuechse-berlin-mit-testspiel-pleite-gegen-barcelona;Hier finden Sie Informationen zu dem Thema „Handball“. Lesen Sie jetzt „Füchse Berlin mit Testspiel-Pleite gegen Barcelona“.;Handball;News, Handball, Mathias Gidsel, Tobias Grøndahl, Barcelona, Nordhorn, Füchse Berlin, FC Barcelona, Champions-League-Finale, Handball, Finale;2026-08-16T18:18:31+02:00;2026-08-16T18:18:31+02:00;;dpa Berlin/Brandenburg;false
70b59c0d1f67b276d326c96f169fc87c3db6053747d91cb549918ee52bbd8fcf;80 Tote nach Bootsunglück in Simbabwe geborgen;https://www.zeit.de/gesellschaft/zeitgeschehen/2026-08/bootsunglueck-karibasee-simbabwe-faehre-tote;Fünf Tage nach dem Kentern einer überfüllten Fähre auf dem Karibasee ist die Zahl der Toten gestiegen. Mehr als 70 Passagiere konnten gerettet werden.;Karibasee in Simbabwe;Gesellschaft, Karibasee in Simbabwe, Simbabwe, Schiffsunglück, Afrika, Schifffahrt, Sambia, Fischerei;2026-08-16T18:15:30+02:00;2026-08-16T18:15:30+02:00;bam;DIE ZEIT,        AFP,        dpa,        							bam;false
08cd288f16b96254afa0ea79b4ca1f8f84fe5f1bf36bcb69bdc4753a45fc9cd0;Süle spielt in der Kreisliga - Auftakt mit Tor und Klatsche;https://www.zeit.de/news/2026-08/16/suele-spielt-in-der-kreisliga-auftakt-mit-tor-und-klatsche;Hier finden Sie Informationen zu dem Thema „Fußball-Bundesliga“. Lesen Sie jetzt „Süle spielt in der Kreisliga - Auftakt mit Tor und Klatsche“.;Fußball-Bundesliga;News, Fußball-Bundesliga, Niklas Süle, Tiefenbach, SV Tiefenbach, Landkreis Karlsruhe, Borussia Dortmund, Kreisliga, Fußball-Bundesliga, Klatsche;2026-08-16T18:12:46+02:00;2026-08-16T18:12:46+02:00;;dpa Baden-Württemberg;false
3df70925b6f26b932ccab0a00b474d0d100b9f2cc52800b29ce419708344a004;»Ohne Druck keine Veränderung«;https://www.zeit.de/2026/35/staatsmodernisierung-staatsreform-buerokratieabbau-julia-jaekel-andreas-vosskuhle;Wie reformfähig ist Deutschland? Julia Jäkel und Andreas Voßkuhle streiten über Bremser und Beschleuniger der Staatsmodernisierung.;"Z+ (abopflichtiger Inhalt);
        
    Staatsmodernisierung";Politik, Staatsmodernisierung, Bürokratie, Andreas Voßkuhle, Bundesverfassungsgericht, Reform, Verfassung, Digitalisierung, Peer Steinbrück, Thomas de Maizière;2026-08-16T18:11:23+02:00;2026-08-16T18:11:23+02:00;Tina HildebrandtHeinrich Wefing;Aus der        ZEIT Nr. 35/2026;false
8bad33355be5a6ea58a9af1914eb2ddc5ac768c3c2be4c371b75d9f563b011e1;Angst vor der Feuerfront in der Eifel;https://www.zeit.de/news/2026-08/16/feuerwehr-in-monschau-fahren-einsatz-zurueck;Hier finden Sie Informationen zu dem Thema „Waldbrände“. Lesen Sie jetzt „Angst vor der Feuerfront in der Eifel“.;Waldbrände;News, Waldbrände, Philipp Krüger, Monschau, Feuerwehr, Großbrand, Gefahrenlage, Grenze;2026-08-16T18:09:05+02:00;2026-08-16T18:09:05+02:00;;dpa;false
3ad76fa772d3661c81051eda61e3aa60e5a484430c419139850b66fed5f8acd0;Landtag lädt zur ersten «Langen Nacht des Parlaments»;https://www.zeit.de/news/2026-08/16/landtag-laedt-zur-ersten-langen-nacht-des-parlaments;Hier finden Sie Informationen zu dem Thema „Aus dem Parlament“. Lesen Sie jetzt „Landtag lädt zur ersten «Langen Nacht des Parlaments»“.;Aus dem Parlament;News, Aus dem Parlament, Potsdam, Late-Night-Talk, Landtag;2026-08-16T18:07:45+02:00;2026-08-16T18:07:45+02:00;;dpa Berlin/Brandenburg;false
5ea25620db11dc24734739f3911ec14767068a72c18d01d42ea54696bfda10f1;Daumen hoch: Kevric und Frauen-Team in Europas Turn-Spitze;https://www.zeit.de/news/2026-08/16/daumen-hoch-kevric-und-frauen-team-in-europas-turn-spitze;Hier finden Sie Informationen zu dem Thema „EM in Zagreb“. Lesen Sie jetzt „Daumen hoch: Kevric und Frauen-Team in Europas Turn-Spitze“.;EM in Zagreb;News, EM in Zagreb, Helen Kevric, Angelina Melnikowa, Elisabeth Seitz, Pauline Schäfer-Betz, Europa, Zagreb, Stuttgart, Turn-Europameisterschaften, Gold;2026-08-16T18:04:23+02:00;2026-08-16T18:04:23+02:00;;dpa Sport;false
0a63d73a83e6c54c7b61676572b5fd4bf810eb5540f91eb57e4498c687294cee;Großbrände: Hürtgenwald unter Kontrolle, Monschau entspannt;https://www.zeit.de/news/2026-08/16/waldbrand-rueckt-naeher-an-monschau-evakuierung-vorbereitet;Hier finden Sie Informationen zu dem Thema „Feuerwehr im Großeinsatz“. Lesen Sie jetzt „Großbrände: Hürtgenwald unter Kontrolle, Monschau entspannt“.;Feuerwehr im Großeinsatz;News, Feuerwehr im Großeinsatz, Belgien, Monschau, Kalterherberg, Mützenich, Hohes Venn, Waldbrand, Ausbreitung, Evakuierung, Grenze;2026-08-16T17:59:22+02:00;2026-08-16T17:59:22+02:00;;dpa;false
48de841882a0e60414900072e30f67b5fd0d582e00ce61b1d6805c855a1ada8e;Zehn Stunden im Wald, zehn Stunden Pause, dann wieder in den Wald;https://www.zeit.de/wissenschaft/2026-08/waldbrand-hohes-venn-belgien-deutschland-grenze;Das Hohe Venn in Belgien brennt. Kurz vor Deutschland stockt das Feuer – Stand jetzt. Auf beiden Seiten der Grenze könnte die Lage nicht unterschiedlicher sein.;"Z+ (abopflichtiger Inhalt);
        
    Großbrand im Hohen Venn";Wissenschaft, Großbrand im Hohen Venn, Waldbrand, Belgien, Feuerwehr, Brand, Naturkatastrophe, Bundesrepublik Deutschland;2026-08-16T17:49:45+02:00;2026-08-16T17:49:45+02:00;Matthias Kirsch;;false
a0a3917b8c80b92d23c19a52a0d10f13b738c1b4b388ff28ddad2cdcc4732e57;Russland greift erneut Kiew an - Ukraine zielt auf Moskau;https://www.zeit.de/news/2026-08/16/buergermeister-ukraine-greift-moskau-mit-600-drohnen-an;Hier finden Sie Informationen zu dem Thema „Krieg in der Ukraine“. Lesen Sie jetzt „Russland greift erneut Kiew an - Ukraine zielt auf Moskau“.;Krieg in der Ukraine;News, Krieg in der Ukraine, Sergej Sobjanin, Moskau, Kyjiw, Krieg in der Ukraine, Drohne;2026-08-16T17:42:40+02:00;2026-08-16T17:42:40+02:00;;dpa;false
1dee41b571447270729030bd5b0518166ea2af5efeaa839c7e3e1f7c7dc00339;Brandgeruch von Waldbränden zieht bis nach Baden-Württemberg;https://www.zeit.de/news/2026-08/16/brandgeruch-von-waldbraenden-zieht-bis-nach-baden-wuerttemberg;Hier finden Sie Informationen zu dem Thema „Folgen der großen Waldbrände“. Lesen Sie jetzt „Brandgeruch von Waldbränden zieht bis nach Baden-Württemberg“.;Folgen der großen Waldbrände;News, Folgen der großen Waldbrände, Westdeutschland, Belgien, Pforzheim, Baden-Württemberg, Baden-Baden, Ortenaukreis, Landkreis Rottweil, Landkreis Rastatt, Waldbrand, Wald;2026-08-16T17:41:29+02:00;2026-08-16T17:41:29+02:00;;dpa Baden-Württemberg;false
213eb413dbd53ff003ba85220ecb408a71a65450c77f999b8fcdf41e162b9d2d;Ronaldo und Georgina heirateten im Wohnzimmer;https://www.zeit.de/news/2026-08/16/ronaldo-und-georgina-heirateten-im-wohnzimmer;Hier finden Sie Informationen zu dem Thema „Fußball-Ikone aus Portugal“. Lesen Sie jetzt „Ronaldo und Georgina heirateten im Wohnzimmer“.;Fußball-Ikone aus Portugal;News, Fußball-Ikone aus Portugal, Cristiano Ronaldo, Georgina Rodríguez, Portugal, Lissabon, Familie;2026-08-16T17:38:36+02:00;2026-08-16T17:38:36+02:00;;dpa;false
2e8bcff153be858f43f634e88b707f765d6eefc873ffe5a2be6bcbded8dfaf2a;Ein Greifarm für den Mutterpass;https://www.zeit.de/hamburg/2026-08/einsturzgefaehrdetes-haus-hamburg-holstenstrasse-roboter-hund-bewohner;Zwei Roboter sollen nun Habseligkeiten aus dem einsturzgefährdeten Wohnhaus in der Hamburger Holstenstraße holen. Mehr als ein Kilo Gewicht schaffen sie aber nicht.;"Z+ (abopflichtiger Inhalt);
        
    Einsturzgefährdetes Haus in Hamburg";Hamburg, Einsturzgefährdetes Haus in Hamburg, Hamburg, Roboter, Evakuierung, Feuerwehr, Möbel, Rettungswesen;2026-08-16T17:37:35+02:00;2026-08-16T17:37:35+02:00;Franziska Lange;;false
62c561f8ee81c673d24e472dd6fe4d85f58430bd9edba02d3b35cdd6fbe7ab49;Regierungsflieger strandet im Urlaubsparadies;https://www.zeit.de/news/2026-08/16/regierungsflieger-strandet-im-urlaubsparadies;Hier finden Sie Informationen zu dem Thema „Seychellen“. Lesen Sie jetzt „Regierungsflieger strandet im Urlaubsparadies“.;Seychellen;News, Seychellen, Seychellen, Ägypten, Réunion, Indischen Ozean, Bundeswehr, Verteidigungsministerium, Urlaubsparadies, Trainingsflug, Dienstreise;2026-08-16T17:36:19+02:00;2026-08-16T17:36:19+02:00;;dpa;false
e41938231b06a1d4debfe66357fddcc77a7d824a64fe3fc81dc7578f155e015f;»Die Larven bohren sich gerne mal in den Po«;https://www.zeit.de/gesundheit/2026-08/reisekrankheiten-haut-parasiten-wuermer-leishmania-mallorca;Der Urlaub ist vorbei, aber was ist das für ein seltsames Jucken, was für ein Brennen, was für ein Geschwür? Eine Dermatologin rät, wie man die Mitbringsel rasch loswird.;"Z+ (abopflichtiger Inhalt);
        
    Reisekrankheiten der Haut";Gesundheit, Reisekrankheiten der Haut, Parasit, Gesundheitsrisiko, Gesundheitsschutz, Medizin, Tourismus, Reisen;2026-08-16T17:34:09+02:00;2026-08-16T17:34:09+02:00;Hanna Grabbe;;false
dd16878f81b6dca2ccf30c66273159b73d127c954806b0491814fabab9ccb8d4;Klingbeil wirbt in SPD um Unterstützung für Regierungskurs;https://www.zeit.de/politik/deutschland/2026-08/lars-klingbeil-wirbt-fuer-spd-kurs-bundesregierung;Inmitten schwacher Umfragewerte hat Lars Klingbeil den Regierungskurs der SPD gerechtfertigt. Seine Parteikollegen ruft er zu Kompromissbereitschaft auf.;SPD-Chef;Politik, SPD-Chef, Lars Klingbeil, SPD, Bundesregierung, Demokratie, Sozialdemokratie, Sozialpolitik;2026-08-16T17:25:04+02:00;2026-08-16T17:25:04+02:00;mmh;DIE ZEIT,        dpa,        							mmh;false
205035a77eabc2b2a9b4d09fda0f6759056495b2592353a4adeac4ff09669c1f;Magdeburg verpasst Sieg beim Wartburg-Cup - Eisenach Vierter;https://www.zeit.de/news/2026-08/16/magdeburg-verpasst-sieg-beim-wartburg-cup-eisenach-vierter;Hier finden Sie Informationen zu dem Thema „Handball“. Lesen Sie jetzt „Magdeburg verpasst Sieg beim Wartburg-Cup - Eisenach Vierter“.;Handball;News, Handball, Magdeburg, Eisenach, Lemgo, SC Magdeburg, TBV Lemgo, Handball;2026-08-16T17:23:26+02:00;2026-08-16T17:23:26+02:00;;dpa Sachsen;false
73dc663efea5d07d77ac84cadb164c14668086c41f6a5e06226bd4a906cba507;30-Jähriger stirbt bei Badeunfall in alter Tongrube;https://www.zeit.de/news/2026-08/16/30-jaehriger-stirbt-bei-badeunfall-in-alter-tongrube;Hier finden Sie Informationen zu dem Thema „Badeunfall“. Lesen Sie jetzt „30-Jähriger stirbt bei Badeunfall in alter Tongrube“.;Badeunfall;News, Badeunfall, Landkreis Görlitz, Polizei, Badeunfall, Tongrube, schwimmen;2026-08-16T17:22:07+02:00;2026-08-16T17:22:07+02:00;;dpa Sachsen;false
6b37cfe81204e2475d24c1d5bebea2dfc6fbc46b5eaa453b8bdec167517cb9f6;Jasmin Klett ist neue Thüringer Weinprinzessin;https://www.zeit.de/news/2026-08/16/jasmin-klett-ist-neue-thueringer-weinprinzessin;Hier finden Sie Informationen zu dem Thema „Weinfest“. Lesen Sie jetzt „Jasmin Klett ist neue Thüringer Weinprinzessin“.;Weinfest;News, Weinfest, Jasmin Klett, Großheringen, Bad Sulza, Thüringen, Weinfest;2026-08-16T17:20:58+02:00;2026-08-16T17:20:58+02:00;;dpa Thüringen;false
9fbe0c4ddaac7736715068cd0688fb2799d7e5d1ab7cb65dcebb054d23a743a4;Landrat: Waldbrand im Hürtgenwald unter Kontrolle;https://www.zeit.de/news/2026-08/16/landrat-waldbrand-im-huertgenwald-unter-kontrolle;Hier finden Sie Informationen zu dem Thema „Offizielle Entwarnung“. Lesen Sie jetzt „Landrat: Waldbrand im Hürtgenwald unter Kontrolle“.;Offizielle Entwarnung;News, Offizielle Entwarnung, Hürtgenwald, Waldbrand;2026-08-16T17:18:45+02:00;2026-08-16T17:18:45+02:00;;dpa;false
72a5f634a9c8f667363174e50409fde2b0cdd7edcfff78fad559035cf5fe87ff;Waldbrand im Landkreis Neunkirchen breitet sich weiter aus;https://www.zeit.de/news/2026-08/16/waldbrand-im-landkreis-neunkirchen-breitet-sich-weiter-aus;Hier finden Sie Informationen zu dem Thema „Brände“. Lesen Sie jetzt „Waldbrand im Landkreis Neunkirchen breitet sich weiter aus“.;Brände;News, Brände, Neunkirchen, Feuerwehr, Landkreis, Wustweiler, Waldfläche, Hüttigweiler, Waldbrand, Brand, Wald;2026-08-16T17:11:07+02:00;2026-08-16T17:11:07+02:00;;dpa Rheinland-Pfalz/Saarland;false
5b7dff64723df341ec649757cf39dd7bda59fe45833a0da62c431f35e20cb7b1;Auto stürzt Böschung hinab - vier Schwerverletzte;https://www.zeit.de/news/2026-08/16/auto-stuerzt-von-autobahnbruecke-vier-schwerverletzte;Hier finden Sie Informationen zu dem Thema „Mit Diplomatenkennzeichen“. Lesen Sie jetzt „Auto stürzt Böschung hinab - vier Schwerverletzte“.;Mit Diplomatenkennzeichen;News, Mit Diplomatenkennzeichen, Landkreis Vorpommern-Rügen, Polizei, Autobahnbrücke, Diplomatenkennzeichen, Unfall, Auto;2026-08-16T17:03:32+02:00;2026-08-16T17:03:32+02:00;;dpa Mecklenburg-Vorpommern;false
f469ae167f8fd82babf8d364a903949b21e8e6882b85fb93b785e2b1779c0699;Wiesnzelt-Vergabe vor Gericht - Wirte beziehen Position;https://www.zeit.de/news/2026-08/16/wiesnzelt-vergabe-vor-gericht-wirte-beziehen-position;Hier finden Sie Informationen zu dem Thema „Oktoberfestzelte“. Lesen Sie jetzt „Wiesnzelt-Vergabe vor Gericht - Wirte beziehen Position“.;Oktoberfestzelte;News, Oktoberfestzelte, Alexander Egger, SZ, Oktoberfest, Oktoberfestzelt, Prozesstermin, Kritik;2026-08-16T17:00:05+02:00;2026-08-16T17:00:05+02:00;;dpa Bayern;false
64ef10b3928a5bafa568663fc89d48e7ba924499c3768ebaf8f71cb57e2f3b1a;Werth rockt 40.000 Fans, Jung jubelt über Gold und Silber;https://www.zeit.de/news/2026-08/16/reit-wm-40-000-toben-bei-werths-naechster-medaille;Hier finden Sie Informationen zu dem Thema „Reit-Weltmeisterschaft“. Lesen Sie jetzt „Werth rockt 40.000 Fans, Jung jubelt über Gold und Silber“.;Reit-Weltmeisterschaft;News, Reit-Weltmeisterschaft, Werth, Aachen, Pferdesport, Medaille, Dressurreiterin, Gold;2026-08-16T16:59:42+02:00;2026-08-16T16:59:42+02:00;;dpa Sport;false
f2ec5cb2ffbbf9373e46f9b9c2f986938cb41854b108241908e3626c7b27d51e;Schwesig will Geld vom Bund für Hitzeschutz;https://www.zeit.de/news/2026-08/16/schwesig-will-geld-vom-bund-fuer-hitzeschutz;Hier finden Sie Informationen zu dem Thema „Klimaanpassung“. Lesen Sie jetzt „Schwesig will Geld vom Bund für Hitzeschutz“.;Klimaanpassung;News, Klimaanpassung, Carsten Schneider, Mecklenburg-Vorpommern, SPD, Hitzeschutz, Klimaanpassung, Klimaanpassungsmaßnahme, Gemeinschaftsaufgabe, Geld, Hitze;2026-08-16T16:59:11+02:00;2026-08-16T16:59:11+02:00;;dpa Mecklenburg-Vorpommern;false
b91e416a4cc8254a19fcfd265d77a7eb3677909ec2c3a526970b41c089db1775;Titel-Dreierpack: Varfolomeev rockt die Heim-WM;https://www.zeit.de/news/2026-08/16/zweites-einzel-gold-varfolomeev-glaenzt-bei-heim-wm;Hier finden Sie Informationen zu dem Thema „Rhythmische Sportgymnastik“. Lesen Sie jetzt „Titel-Dreierpack: Varfolomeev rockt die Heim-WM“.;Rhythmische Sportgymnastik;News, Rhythmische Sportgymnastik, Sportgymnastik, Mehrkampf, Gold, Reifen, Edelmetall;2026-08-16T16:56:50+02:00;2026-08-16T16:56:50+02:00;;dpa Hessen;false
e24d6f114d2888f479f006d286036d68d375cc1acce285037268e4cd490f2473;Magnier gewinnt Cyclassics - Todesfall bei Amateuren;https://www.zeit.de/news/2026-08/16/franzose-magnier-gewinnt-cyclassics-in-hamburg;Hier finden Sie Informationen zu dem Thema „Radsport“. Lesen Sie jetzt „Magnier gewinnt Cyclassics - Todesfall bei Amateuren“.;Radsport;News, Radsport, Paul Magnier, Mike Teunissen, Hamburg, Buxtehude, Cyclassics, Giro d'Italia, Tour de France, Radprofi;2026-08-16T16:56:16+02:00;2026-08-16T16:56:16+02:00;;dpa Hamburg/Schleswig-Holstein;false
3efd798e4e00689aa4da0f147f7f1c8c97ef51e4703f1a29915e0997eacff960;Eifel erwartet Regen – aber keine großen Mengen;https://www.zeit.de/news/2026-08/16/eifel-erwartet-regen-aber-keine-grossen-mengen;Hier finden Sie Informationen zu dem Thema „Lang ersehnt“. Lesen Sie jetzt „Eifel erwartet Regen – aber keine großen Mengen“.;Lang ersehnt;News, Lang ersehnt, Eifel, DWD, Waldbrand, Wetter;2026-08-16T16:54:11+02:00;2026-08-16T16:54:11+02:00;;dpa Nordrhein-Westfalen;false
190e9d43e8be4be867802f59207efdef54bc2ad7e83b46c7dbcaa5fd428c275c;Brandgeruch treibt bis nach Hessen;https://www.zeit.de/news/2026-08/16/brandgeruch-treibt-bis-nach-hessen;Hier finden Sie Informationen zu dem Thema „Folgen der Waldbrände“. Lesen Sie jetzt „Brandgeruch treibt bis nach Hessen“.;Folgen der Waldbrände;News, Folgen der Waldbrände, Belgien, Hochtaunuskreis, Offenbach, Hessen, Main-Kinzig, Rheinland-Pfalz, Waldbrand, Nachbarbundesland, Leitstelle, Wald;2026-08-16T16:48:04+02:00;2026-08-16T16:48:04+02:00;;dpa Hessen;false
504846afa9547939fd5920d56adcec8ad1376679a245483c968a9c9f682968a7;Dachau sagt Volksfest-Feuerwerk wegen Trockenheit ab;https://www.zeit.de/news/2026-08/16/dachau-sagt-volksfest-feuerwerk-wegen-trockenheit-ab;Hier finden Sie Informationen zu dem Thema „Wetter“. Lesen Sie jetzt „Dachau sagt Volksfest-Feuerwerk wegen Trockenheit ab“.;Wetter;News, Wetter, Dachau, Feuerwehr, Trockenheit, Feuerwerk, Volksfest, Wetter;2026-08-16T16:44:37+02:00;2026-08-16T16:44:37+02:00;;dpa Bayern;false
350e69c64869d44942cdb8c3843e17e5c0ba8399bb0aa7db840c3fdcf1ab42f0;Kunstwerke von Antonello da Messina in Italien gestohlen;https://www.zeit.de/news/2026-08/16/kunstwerke-von-antonello-da-messina-in-italien-gestohlen;Hier finden Sie Informationen zu dem Thema „Kunstdiebstahl“. Lesen Sie jetzt „Kunstwerke von Antonello da Messina in Italien gestohlen“.;Kunstdiebstahl;News, Kunstdiebstahl, Antonello da Messina, di Messina, Italien, Messina, Museum, Kunstdiebstahl, Kunstwerk;2026-08-16T16:39:52+02:00;2026-08-16T16:39:52+02:00;;dpa;false
c41ca1423f5c776b2aa8fd05eb6f68738328c188a06ab910cc368829db3b0646;Bürgerinitiativen gegen Schnellstrecke Hannover-Hamburg;https://www.zeit.de/news/2026-08/16/buergerinitiativen-gegen-schnellstrecke-hannover-hamburg;Hier finden Sie Informationen zu dem Thema „Bahnverkehr“. Lesen Sie jetzt „Bürgerinitiativen gegen Schnellstrecke Hannover-Hamburg“.;Bahnverkehr;News, Bahnverkehr, Jens Köster, Hannover-Hamburg, Hamburg, Hannover, Salzhausen, Berlin, Landkreis Harburg, Kommunalwahl, Schnellstrecke, Bürgerinitiative;2026-08-16T16:37:26+02:00;2026-08-16T16:37:26+02:00;;dpa Hamburg/Schleswig-Holstein;false
c26e94cba0b6dc2a37569fe8fe55e179ec8ce6b187038eeefa43de87f7214edc;Untersuchungen zu defekter Maschine am Münchner Flughafen;https://www.zeit.de/news/2026-08/16/betrieb-am-flughafen-muenchen-wieder-normal;Hier finden Sie Informationen zu dem Thema „Luftverkehr“. Lesen Sie jetzt „Untersuchungen zu defekter Maschine am Münchner Flughafen“.;Luftverkehr;News, Luftverkehr, Flughafen München, Vietnam Airlines, Luftverkehr;2026-08-16T16:36:15+02:00;2026-08-16T16:36:15+02:00;;dpa;false
220edecc4a94b57bc7b41710a77064a10f1f52b34cd783adba78d33b4a8f455f;Brand im Humboldt Forum;https://www.zeit.de/news/2026-08/16/brand-im-humboldt-forum;Hier finden Sie Informationen zu dem Thema „Feuerwehreinsatz“. Lesen Sie jetzt „Brand im Humboldt Forum“.;Feuerwehreinsatz;News, Feuerwehreinsatz, Feuerwehr, Feuerwehreinsatz, Klimagerät;2026-08-16T16:34:48+02:00;2026-08-16T16:34:48+02:00;;dpa Berlin/Brandenburg;false
eb3590a17bf82936b74044a1ce5e48d9eded4f5cbf5a53847a60b2119578adfa;Frau fährt in Tübingen in Menschengruppe - Drei Verletzte;https://www.zeit.de/news/2026-08/16/frau-faehrt-in-tuebingen-in-menschengruppe-drei-verletzte;Hier finden Sie Informationen zu dem Thema „Polizei geht von Unfall aus“. Lesen Sie jetzt „Frau fährt in Tübingen in Menschengruppe - Drei Verletzte“.;Polizei geht von Unfall aus;News, Polizei geht von Unfall aus, Tübingen, Polizei, Menschengruppe, Unfall, Fahrfehler;2026-08-16T16:32:00+02:00;2026-08-16T16:32:00+02:00;;dpa Baden-Württemberg;false
ca4e74eb43627bc2320ccfafe4b0f9081b445ad34a84d25d6317bfd6a6b49a73;Aufatmen in Ceuta: Trotz Netz-Aufrufen kein neuer Ansturm;https://www.zeit.de/news/2026-08/16/aufatmen-in-ceuta-trotz-netz-aufrufen-kein-neuer-ansturm;Hier finden Sie Informationen zu dem Thema „Spanische Nordafrika-Exklave“. Lesen Sie jetzt „Aufatmen in Ceuta: Trotz Netz-Aufrufen kein neuer Ansturm“.;Spanische Nordafrika-Exklave;News, Spanische Nordafrika-Exklave, El Mundo, Mohammed VI., El Correo, Fernando Grande-Marlaska, Ceuta, Spanien, Marokko, Fnideq, Grenze;2026-08-16T16:31:50+02:00;2026-08-16T16:31:50+02:00;;dpa;false
4140a6e68ac215f2bb12ff9447e74fd25cd16d5006e2f6417318cc62c5690955;Wann kippte es?;https://www.zeit.de/zeit-geschichte/2026/04/weimarer-republik-sozialdemokraten-rechtsextremismus-geschichte-demokratie;Die Weimarer Republik scheiterte, weil eine Mehrheit der Deutschen sie nicht mehr wollte. Daraus müssen Demokraten heute die richtigen Schlüsse ziehen.;"Z+ (abopflichtiger Inhalt);
        
    Weimarer Republik";Wissenschaft, Weimarer Republik, Weimarer Republik, Weimar, NSDAP, Sozialdemokratie, Rechtsextremismus, Geschichte, Alternative für Deutschland;2026-08-16T16:31:45+02:00;2026-08-16T16:31:45+02:00;Frank Werner;Aus        ZEIT Geschichte Nr. 04/2026;false
f7a9e7ebd5691be196993c61551f682a73a177da2ef56a14f7116f308cfd7c32;Neue Kiesbänke, alte Bomben - Niedrigwasser verändert Rhein;https://www.zeit.de/news/2026-08/16/neue-kiesbaenke-alte-bomben-niedrigwasser-veraendert-rhein;Hier finden Sie Informationen zu dem Thema „Niedrigwasser“. Lesen Sie jetzt „Neue Kiesbänke, alte Bomben - Niedrigwasser verändert Rhein“.;Niedrigwasser;News, Niedrigwasser, Heinz-Dieter Kimpel, Andre Kimpel, Thorsten Witte, Kaub, Rhein, Mittelrhein, Mittelrheintal, Niedrigwasser, Kiesbank, Tradition;2026-08-16T16:30:42+02:00;2026-08-16T16:30:42+02:00;;dpa Hessen;false
124ad3120f5a9c75ed91ab1313ecaf2eaae9047a47b9dfa049dcd15abc7c199d;Nach Wahlplakatstreit: Neue Vorwürfe gegen AfD-Politiker;https://www.zeit.de/news/2026-08/16/nach-wahlplakatstreit-neue-vorwuerfe-gegen-afd-politiker;Hier finden Sie Informationen zu dem Thema „Sachsen-Anhalt“. Lesen Sie jetzt „Nach Wahlplakatstreit: Neue Vorwürfe gegen AfD-Politiker“.;Sachsen-Anhalt;News, Sachsen-Anhalt, Stendal, Sachsen-Anhalt, Alternative für Deutschland, Polizei, Deutsche Presse-Agentur, Wahlplakatstreit, Wahlplakat, Verkehrskontrolle;2026-08-16T16:29:38+02:00;2026-08-16T16:29:38+02:00;;dpa Sachsen;false
ca6d728009dd52075e663f94d611076b894ea208223248bcd14012037e3ab133;Stahlblume und Fünf-Meter-Vogel: Es ist wieder «Maker Faire»;https://www.zeit.de/news/2026-08/16/stahlblume-und-fuenf-meter-vogel-es-ist-wieder-maker-faire;Hier finden Sie Informationen zu dem Thema „Für Bastler und Tüftler“. Lesen Sie jetzt „Stahlblume und Fünf-Meter-Vogel: Es ist wieder «Maker Faire»“.;Für Bastler und Tüftler;News, Für Bastler und Tüftler, Hannover, Stahlblume;2026-08-16T16:29:02+02:00;2026-08-16T16:29:02+02:00;;dpa Niedersachsen;false
b67bb7c8ab95bd27024e4e3a78b6ee2400f49dada9aedc98831467de836587c1;Sterner obenauf: Auf Kritik mit Leistung und Tor reagiert;https://www.zeit.de/news/2026-08/16/sterner-obenauf-auf-kritik-mit-leistung-und-tor-reagiert;Hier finden Sie Informationen zu dem Thema „2. Fußball-Bundesliga“. Lesen Sie jetzt „Sterner obenauf: Auf Kritik mit Leistung und Tor reagiert“.;2. Fußball-Bundesliga;News, 2. Fußball-Bundesliga, Jonas Sterner, Niklas Hauptmann, Thomas Stamm, Jakob Lemmer, Ben Bobzien, Nürnberg, Dynamo Dresden, SV Darmstadt 98, Fußball-Bundesliga, Saisonsieg;2026-08-16T16:27:09+02:00;2026-08-16T16:27:09+02:00;;dpa Sachsen;false
b669e774dbc6d106c98c24f9664d6ab4988fe72958a53b95de69f6256fa92bfa;Polizei stoppt Flucht nach Einbrüchen in Waffengeschäfte;https://www.zeit.de/news/2026-08/16/polizei-stoppt-flucht-nach-einbruechen-in-waffengeschaefte;Hier finden Sie Informationen zu dem Thema „Kriminalität“. Lesen Sie jetzt „Polizei stoppt Flucht nach Einbrüchen in Waffengeschäfte“.;Kriminalität;News, Kriminalität, Mann, Friedberg, Wetteraukreis, Polizei, Waffengeschäft, Einbruch, Verfolgungsfahrt, Fahrzeug;2026-08-16T16:25:30+02:00;2026-08-16T16:25:30+02:00;;dpa Hessen;false
367da80ab9203bae5f52bcda26b5c6d55b3cedb657928e15dda21b3305478843;Kann sie den Absturz der CDU aufhalten?;https://www.zeit.de/2026/35/franziska-hoppermann-cdu-generalsekretaerin-thorsten-frei-afd;Am Aufstieg der neuen Generalsekretärin Franziska Hoppermann zeigt sich: Ausgerechnet die Liberalen in der Partei sollen Friedrich Merz jetzt retten.;"Z+ (abopflichtiger Inhalt);
        
    Franziska Hoppermann";Politik, Franziska Hoppermann, CDU, Friedrich Merz, Liberalismus, Thorsten Frei, Alternative für Deutschland, Frauen, Sven Schulze, Annegret Kramp-Karrenbauer, Carsten Linnemann;2026-08-16T16:23:55+02:00;2026-08-16T16:23:55+02:00;Mariam Lau;Aus der        ZEIT Nr. 35/2026;false
7ba7c1ccfc4c13e37d2c655813fe4ff783dcbe8af6815b592dce3f4d755bd091;Autodiebe flüchten mit Besitzerin auf Motorhaube;https://www.zeit.de/news/2026-08/16/autodiebe-fluechten-mit-besitzerin-auf-motorhaube;Hier finden Sie Informationen zu dem Thema „Kriminalität“. Lesen Sie jetzt „Autodiebe flüchten mit Besitzerin auf Motorhaube“.;Kriminalität;News, Kriminalität, Motorhaube, Tiefgarage, Auto;2026-08-16T16:23:39+02:00;2026-08-16T16:23:39+02:00;;dpa Nordrhein-Westfalen;false
08ec57daa278260817680a920f787e67b5a8420f60db171c18d1f116805a1539;Waldbrand auf griechischer Insel: Zwei Tote und Evakuierung;https://www.zeit.de/news/2026-08/16/waldbrand-auf-griechischer-insel-zwei-tote-und-evakuierung;Hier finden Sie Informationen zu dem Thema „Brände“. Lesen Sie jetzt „Waldbrand auf griechischer Insel: Zwei Tote und Evakuierung“.;Brände;News, Brände, Salamis, Feuerwehr, Waldbrand, Evakuierung, Brand;2026-08-16T16:21:02+02:00;2026-08-16T16:21:02+02:00;;dpa;false
775f0be4bb01153c877bfec8068d358992239726d623ee4251094121af5553f2;«Ein bisschen dreckig»: Wolfsburg holt ersten Zweitliga-Sieg;https://www.zeit.de/news/2026-08/16/ein-bisschen-dreckig-wolfsburg-holt-ersten-zweitliga-sieg;Hier finden Sie Informationen zu dem Thema „Später 1:0-Erfolg in Hannover“. Lesen Sie jetzt „«Ein bisschen dreckig»: Wolfsburg holt ersten Zweitliga-Sieg“.;Später 1:0-Erfolg in Hannover;News, Später 1:0-Erfolg in Hannover, Pirmin Schwegler, Fabian Reese, Muhammed Damar, Wolfsburg, Hannover, Niedersachsen, Titz, Heinz, VfL Wolfsburg, Hannover 96;2026-08-16T16:12:35+02:00;2026-08-16T16:12:35+02:00;;dpa Niedersachsen;false
2b23b322c971874cbfa3ab5a8161740a4ec95cf38fa71646aa65b780a55ad85c;Klingbeil und Schweitzer werben in SPD für Regierungskurs;https://www.zeit.de/news/2026-08/16/klingbeil-und-schweitzer-werben-in-spd-fuer-regierungskurs;Hier finden Sie Informationen zu dem Thema „Parteien“. Lesen Sie jetzt „Klingbeil und Schweitzer werben in SPD für Regierungskurs“.;Parteien;News, Parteien, Lars Klingbeil, Alexander Schweitzer, Haßloch, SPD, Bundesregierung, Regierungskurs, Umfragewert, Kritik, Rente;2026-08-16T16:11:30+02:00;2026-08-16T16:11:30+02:00;;dpa Rheinland-Pfalz/Saarland;false
173a2126061ff6a018c9046304e0ab83b19b31fb7597dfe1adf828a60d2678d4;S-Bahn erfasst auf der Bahnsteigkante sitzenden Mann;https://www.zeit.de/news/2026-08/16/s-bahn-erfasst-auf-der-bahnsteigkante-sitzenden-mann;Hier finden Sie Informationen zu dem Thema „Gefährlicher Platz“. Lesen Sie jetzt „S-Bahn erfasst auf der Bahnsteigkante sitzenden Mann“.;Gefährlicher Platz;News, Gefährlicher Platz, Bundespolizei, Schnellbremsung;2026-08-16T16:09:40+02:00;2026-08-16T16:09:40+02:00;;dpa Nordrhein-Westfalen;false
947a59e4522bc5f985f57ee1e43230d4ce1df9599505013b81646685767309fa;Woher nimmt sie ihre Kraft?;https://www.zeit.de/2026/35/altersarmut-pfandflaschen-rente-grundsicherung-muenchen;Die Rentnerin Roswitha Strauß sammelt in München Pfandflaschen. Sie erlebt das, wovor viele Angst haben: Armut im Alter.;"Z+ (abopflichtiger Inhalt);
        
    Altersarmut";Sinn, Altersarmut, Altersarmut, Alter, Armut, Rente, Senioren, Altersvorsorge;2026-08-16T15:56:56+02:00;2026-08-16T15:56:56+02:00;Niklas Bessenbach;Erschienen in Christ & Welt;false
5b8b98eabafffa4bf1d0cac860e9a95bfb19703cb25df12e8629e58a5a931f39;Nach Engelhardt-Schock: Erste Niederlage für Cottbus;https://www.zeit.de/news/2026-08/16/nach-engelhardt-schock-erste-niederlage-fuer-cottbus;Hier finden Sie Informationen zu dem Thema „2. Fußball-Bundesliga“. Lesen Sie jetzt „Nach Engelhardt-Schock: Erste Niederlage für Cottbus“.;2. Fußball-Bundesliga;News, 2. Fußball-Bundesliga, Erik Engelhardt, Claus-Dieter Wollitz, Oliver Kirch, Cottbus, Hannover, Bielefeld, FC Energie Cottbus, Arminia Bielefeld, Fußball-Bundesliga, Verletzungsschock;2026-08-16T15:56:06+02:00;2026-08-16T15:56:06+02:00;;dpa Berlin/Brandenburg;false
d38dde5f2ca2ba3609d70183230110093d88585fed3185a9538c56d318ca411a;Gestatten, Bundeskanzler Ferzmich Rider;https://www.zeit.de/2026/35/elif-eralp-die-linke-berlin-anagramm-name;Ein paar Lettern neu angeordnet, schon klingen selbst Vizekanzler weltläufig. Unser Kolumnist hat in der Buchstabensuppe gerührt. ;"Z+ (abopflichtiger Inhalt);
        
    Elif Eralp";Politik, Elif Eralp, Sprache, Die Linke, Berlin, Friedrich Merz, Lars Klingbeil, Marie-Agnes Strack-Zimmermann;2026-08-16T15:55:05+02:00;2026-08-16T15:55:05+02:00;Peter Dausend;Aus der        ZEIT Nr. 35/2026;false
3920edaa3daa4fb3754799081ef1bf06a267f1b43cd7488a0eb4322ddd246950;Und nun Askese light;https://www.zeit.de/2026/35/microdosing-droge-bewusstsein-lsd-pilze-alltag;Der Algorithmus unserer Autorin schwört seit Neuestem auf Pilze statt Alkohol – in geringen Maßen. Aber lässt sich Microdosing nicht auf viel Sinnvolleres anwenden?;"Z+ (abopflichtiger Inhalt);
        
    Microdosing";Feuilleton, Microdosing, Pilz, Drogen, Alkohol, Alltag, Alkoholsucht;2026-08-16T15:52:21+02:00;2026-08-16T15:52:21+02:00;Marlene Knobloch;Aus der        ZEIT Nr. 35/2026;false
dd16878f81b6dca2ccf30c66273159b73d127c954806b0491814fabab9ccb8d4;Klingbeil wirbt in SPD um Unterstützung für Regierungskurs;https://www.zeit.de/news/2026-08/16/klingbeil-wirbt-in-spd-um-unterstuetzung-fuer-regierungskurs;Hier finden Sie Informationen zu dem Thema „Parteien“. Lesen Sie jetzt „Klingbeil wirbt in SPD um Unterstützung für Regierungskurs“.;Parteien;News, Parteien, Lars Klingbeil, Haßloch, SPD, Bundesregierung, Regierungskurs, Umfragewert, Kritik;2026-08-16T15:48:19+02:00;2026-08-16T15:48:19+02:00;;dpa Rheinland-Pfalz/Saarland;false
82193f7d3e1e22b6fc55c7069da162a6001fa982cee0329ecaa0d71a7fa987e1;Diese paar Quadratmeter Deutschland;https://www.zeit.de/zeit-magazin/leben/2026-08/oeffentliche-toiletten-sauberkeit-infrastruktur-deutschland;Verlassen Sie diesen Ort, wie Sie ihn vorzufinden gedenken: Was man in einer öffentlichen Toilette über die Zukunft des Landes lernen kann.;"Z+ (abopflichtiger Inhalt);
        
    Öffentliche Toiletten";Hygiene, Infrastruktur, Alltag, Badesee, Öffentlichkeit, Putzen;2026-08-16T15:47:13+02:00;2026-08-16T15:47:13+02:00;Alard von Kittlitz;;false
247449c7a3a5f2d875c2e3c6634a5ef6131ca3871dcee6c5693062c2fdab3d39;Feuerwehr Monschau erkundet Lage in belgischem Brandgebiet;https://www.zeit.de/news/2026-08/16/feuerwehr-monschau-erkundet-lage-in-belgischem-brandgebiet;Hier finden Sie Informationen zu dem Thema „Großbrände“. Lesen Sie jetzt „Feuerwehr Monschau erkundet Lage in belgischem Brandgebiet“.;Großbrände;News, Großbrände, Monschau, Hohes Venn, Feuerwehr, Brandgebiet, Großbrand, Waldbrandgebiet;2026-08-16T15:44:14+02:00;2026-08-16T15:44:14+02:00;;dpa Nordrhein-Westfalen;false
1e6474f83576a64587352d00ebff6a9f34e8d37aa781d158e4a4936e7074c251;Unbekannte schießen auf Betrieb – Fahndung ohne Erfolg;https://www.zeit.de/news/2026-08/16/unbekannte-schiessen-auf-betrieb-fahndung-ohne-erfolg;Hier finden Sie Informationen zu dem Thema „Im Gewerbegebiet“. Lesen Sie jetzt „Unbekannte schießen auf Betrieb – Fahndung ohne Erfolg“.;Im Gewerbegebiet;News, Im Gewerbegebiet, Kripo, Gewerbegebiet, Fahndung, Erfolg;2026-08-16T15:43:30+02:00;2026-08-16T15:43:30+02:00;;dpa Baden-Württemberg;false
36a3c05e20358abcfa861ed0d58058e70be8a87428247c78133ffac41433b7c3;3:3 in Rostock: Mannheim verpasst zweiten Saisonsieg;https://www.zeit.de/news/2026-08/16/3-3-in-rostock-mannheim-verpasst-zweiten-saisonsieg;Hier finden Sie Informationen zu dem Thema „3. Fußball-Liga“. Lesen Sie jetzt „3:3 in Rostock: Mannheim verpasst zweiten Saisonsieg“.;3. Fußball-Liga;News, 3. Fußball-Liga, Julian Ulbricht, Julian Rieckmann, Lovis Bierschenk, Bernie Lennemann, Florian Carstens, Rostock, Mannheim, Waldhof, SV Waldhof Mannheim, Hansa Rostock;2026-08-16T15:43:06+02:00;2026-08-16T15:43:06+02:00;;dpa Baden-Württemberg;false
88053f828354cb39c09b1d507474e6134575a247f599d51f393e28c53534f66a;Israel droht mit weiteren Attacken im Libanon;https://www.zeit.de/politik/ausland/2026-08/libanon-hisbollah-israel-drohung-angriffe-tote;Nach israelischen Angriffen im Libanon mit Toten droht Verteidigungsminister Israel Katz der Hisbollah. Sollte diese Israelis gefährden, könne es weitere Angriffe geben.;Luftangriffe im Südlibanon;Politik, Luftangriffe im Südlibanon, Hisbollah, Israel, Libanon, Militär, Südlibanon, Drohne;2026-08-16T15:40:17+02:00;2026-08-16T15:40:17+02:00;mmh;DIE ZEIT,        AFP,        							mmh;false
96cf524724d30950a03e86bfc2255a63156a39e5d6fe3d5430d249b2537d678d;Hören, sagen;https://www.zeit.de/digital/internet/2026-08/ideendiebstahl-kuenstliche-intelligenz-inhalt-machart-internetkolumne;Im Netz wurden schon immer lustige Inhalte geklaut und als eigene verkauft. KI macht die Diebe noch dreister: Sie stehlen jetzt nicht nur Inhalt, sondern auch Machart.;"Z+ (abopflichtiger Inhalt);
        
    Ideendiebstahl mit KI";Digital, Ideendiebstahl mit KI, künstliche Intelligenz, Diebstahl, YouTube, TikTok, Internet, Soziale Medien;2026-08-16T15:39:12+02:00;2026-08-16T15:39:12+02:00;Rose TremlettFranka Nowak;;false
59bb779cd4e778a9cc04c4bb7d412231881729cd9f23599947fe12b54a5f20c2;«Kontrollierbar»: Letzte Löscharbeiten bei Langscheid;https://www.zeit.de/news/2026-08/16/wald-und-wiesenbrand-bei-langscheid-unter-kontrolle;Hier finden Sie Informationen zu dem Thema „Wald- und Wiesenbrand“. Lesen Sie jetzt „«Kontrollierbar»: Letzte Löscharbeiten bei Langscheid“.;Wald- und Wiesenbrand;News, Wald- und Wiesenbrand, Vordereifel, Langscheid, Landkreis Mayen-Koblenz, Instagram, Wiesenbrand, Alarmierungsstufe, Wald;2026-08-16T15:37:22+02:00;2026-08-16T15:37:22+02:00;;dpa Rheinland-Pfalz/Saarland;false
fc7431b538eb9d5d44bb1fe4b3fbed8f5674dbe84bcdedf7e99ef8d6d43d72f3;CDU MV verlangt Aussetzung von CO2-Preis;https://www.zeit.de/news/2026-08/16/cdu-mv-verlangt-aussetzung-von-co2-preis;Hier finden Sie Informationen zu dem Thema „Energiepreise“. Lesen Sie jetzt „CDU MV verlangt Aussetzung von CO2-Preis“.;Energiepreise;News, Energiepreise, Daniel Peters, Mecklenburg-Vorpommern, CDU, Aussetzung, Energiekosten;2026-08-16T15:37:04+02:00;2026-08-16T15:37:04+02:00;;dpa Mecklenburg-Vorpommern;false
bb2f165dcfc03bc0f26c3d904608b537306f41aa7c5bae215dd43e0b7d832909;Vier Werke von Antonello da Messina aus Museum auf Sizilien gestohlen;https://www.zeit.de/feuilleton/kunst/2026-08/kunstraub-messina-musem-mume-antonello-da-messina-renaissance;Die seltenen Renaissance-Gemälde wurden an einem Feiertag gestohlen. Erst am Tag zuvor hatte die italienische Polizei gestohlene Werke von Matisse wieder gefunden.;Kunstraub in Messina;Feuilleton, Kunstraub in Messina, Diebstahl, Kunstraub, Straftat, Kunstwerk, Kunst, Sizilien;2026-08-16T15:35:49+02:00;2026-08-16T15:35:49+02:00;tle;DIE ZEIT,        AP,        							tle;false
5c6d5b71952e3dc47143861102251c70f70dcfdf89db29a4d49bc21136c731d3;Sechs-Tore-Spektakel: Hansa rettet Punkt gegen Mannheim;https://www.zeit.de/news/2026-08/16/sechs-tore-spektakel-hansa-rettet-punkt-gegen-mannheim;Hier finden Sie Informationen zu dem Thema „Fußball“. Lesen Sie jetzt „Sechs-Tore-Spektakel: Hansa rettet Punkt gegen Mannheim“.;Fußball;News, Fußball, Mannheim, Rostock, Hansa Rostock, SV Waldhof Mannheim, Fußball;2026-08-16T15:33:45+02:00;2026-08-16T15:33:45+02:00;;dpa Mecklenburg-Vorpommern;false
fe60c47b39c2fbe30022e8ca94261f1725b16b5be5c412b796a92db40788f2ee;Ist die Fünf-Prozent-Hürde zu hoch?;https://www.zeit.de/2026/35/fuenf-prozent-huerde-bundestag-bodo-ramelow-guenter-krings;Die Sperrklausel sollte bei Wahlen sinken, sagt Bodo Ramelow von den Linken. Keine gute Idee, findet CDU-Politiker Günter Krings. Das zeige ein Blick in Nachbarländer.;"Z+ (abopflichtiger Inhalt);
        
    Fünf-Prozent-Hürde";Gesellschaft, Fünf-Prozent-Hürde, Bodo Ramelow, Die Linke, Thüringen, Weimarer Republik, CDU, Bundestagswahl, Hans-Jürgen Papier, Sachsen, Weimar, Sachsen-Anhalt;2026-08-16T15:30:41+02:00;2026-08-16T15:30:41+02:00;Dr. Eva Ricarda LautschStefan Schirmer;Aus der        ZEIT Nr. 35/2026;false
b95b9eb3a5953e485f161c2c7c34f74a13fcc7a7c54238069c1d0c7d8246dc34;3:0 gegen Cottbus: Grodowski-Dreierpack lässt Arminia jubeln;https://www.zeit.de/news/2026-08/16/3-0-gegen-cottbus-grodowski-dreierpack-laesst-arminia-jubeln;Hier finden Sie Informationen zu dem Thema „Zweite Fußball-Bundesliga“. Lesen Sie jetzt „3:0 gegen Cottbus: Grodowski-Dreierpack lässt Arminia jubeln“.;Zweite Fußball-Bundesliga;News, Zweite Fußball-Bundesliga, Oliver Kirch, Cottbus, Bielefeld, Bielefelder Alm, Ostwestfalen, Arminia Bielefeld, Energie Cottbus, Fußball-Bundesliga;2026-08-16T15:30:41+02:00;2026-08-16T15:30:41+02:00;;dpa Nordrhein-Westfalen;false
a064e798a0018f156c3e6ed2fb844941753ed21c80e981d125a6dd04218c04cd;Feuer in Erfurter Mehrfamilienhaus - Brandstiftung vermutet;https://www.zeit.de/news/2026-08/16/feuer-in-erfurter-mehrfamilienhaus-brandstiftung-vermutet;Hier finden Sie Informationen zu dem Thema „Feuerwehr-Einsatz“. Lesen Sie jetzt „Feuer in Erfurter Mehrfamilienhaus - Brandstiftung vermutet“.;Feuerwehr-Einsatz;News, Feuerwehr-Einsatz, Feuerwehr, Brandstiftung, Landeseinsatzzentrale;2026-08-16T15:29:45+02:00;2026-08-16T15:29:45+02:00;;dpa Thüringen;false
8de0ea93f3d9ab0d4dd33b9337481a85e785e1dac26fc38db3c11ab5af148840;In der Tiefe tobt das Leben;https://www.zeit.de/wissenschaft/2026-08/tiefsee-ozean-meer-forschung-tauchen;Unten im Meer leben Wesen unter extremen Bedingungen, fremd wie von einem anderen Planeten. Wir können viel von ihnen lernen. Tauchen Sie mit uns zum Grund des Ozeans.;"Z+ (abopflichtiger Inhalt);
        
    Tiefsee";Wissenschaft, Tiefsee, Tiefsee, Meeresforschung, Pazifik, Tiere, Tauchboot;2026-08-16T15:29:06+02:00;2026-08-16T15:29:06+02:00;Dagny LüdemannAnne Katrin Wille;;false
683f1fc0b765e74fed6bf52cab2bfc35d5b6eb59780d3d3a7563894cbc47638e;1:0 beim Nachbarn: Wolfsburg schafft ersten Zweitliga-Sieg;https://www.zeit.de/news/2026-08/16/1-0-beim-nachbarn-wolfsburg-schafft-ersten-zweitliga-sieg;Hier finden Sie Informationen zu dem Thema „2. Fußball-Bundesliga“. Lesen Sie jetzt „1:0 beim Nachbarn: Wolfsburg schafft ersten Zweitliga-Sieg“.;2. Fußball-Bundesliga;News, 2. Fußball-Bundesliga, Fabian Reese, Muhammed Damar, Robert Glatzel, Wolfsburg, Niedersachsen, VfL Wolfsburg, Hannover 96, Fußball-Bundesliga, Saisonsieg, Elfmetertor;2026-08-16T15:28:09+02:00;2026-08-16T15:28:09+02:00;;dpa Niedersachsen;false
26423a0881ddd9b221db49cb551c1f10547a9a2b55138728cc0f5d52b7ba1cdc;Auto gerät in Gegenverkehr - sechs Verletzte;https://www.zeit.de/news/2026-08/16/auto-geraet-in-gegenverkehr-sechs-verletzte;Hier finden Sie Informationen zu dem Thema „Verkehrsunfall“. Lesen Sie jetzt „Auto gerät in Gegenverkehr - sechs Verletzte“.;Verkehrsunfall;News, Verkehrsunfall, Landkreis Garmisch-Partenkirchen, Gegenverkehr, Verkehrsunfall, Zusammenstoß, Auto;2026-08-16T15:27:18+02:00;2026-08-16T15:27:18+02:00;;dpa Bayern;false
14b887981b766589948a683ac3d05b11b551c098a880dde0af0bfd0cc12d27d6;Erster Saisonsieg: Dresden bezwingt dezimierte Darmstädter;https://www.zeit.de/news/2026-08/16/erster-saisonsieg-dresden-bezwingt-dezimierte-darmstaedter;Hier finden Sie Informationen zu dem Thema „2. Fußball-Bundesliga“. Lesen Sie jetzt „Erster Saisonsieg: Dresden bezwingt dezimierte Darmstädter“.;2. Fußball-Bundesliga;News, 2. Fußball-Bundesliga, Thomas Stamm, Jonas Sterner, Kai Klefisch, Milan Smit, Dresden, Darmstadt, Dynamo Dresden, SV Darmstadt 98, Fußball-Bundesliga, Saisonsieg;2026-08-16T15:26:44+02:00;2026-08-16T15:26:44+02:00;;dpa Hessen;false
e486b5c085eb3913652a4cb8a3360b281c7becb8c1281e6345249f661656ed26;Mann liegt am Boden und bekommt Tritte gegen den Kopf;https://www.zeit.de/news/2026-08/16/mann-liegt-am-boden-und-bekommt-tritte-gegen-den-kopf;Hier finden Sie Informationen zu dem Thema „Berlin-Mitte“. Lesen Sie jetzt „Mann liegt am Boden und bekommt Tritte gegen den Kopf“.;Berlin-Mitte;News, Berlin-Mitte, Berlin-Mitte, Tritt;2026-08-16T15:24:22+02:00;2026-08-16T15:24:22+02:00;;dpa Berlin/Brandenburg;false
0c2095ede6b936c1afece6414c4b71a446845730d9c72cded925451ca8bd234f;Punks bauen Protestcamp auf Sylt ab - und planen ein Revival;https://www.zeit.de/news/2026-08/16/punks-bauen-protestcamp-auf-sylt-ab-und-planen-ein-revival;Hier finden Sie Informationen zu dem Thema „Punk-Protestcamp auf Sylt 2026“. Lesen Sie jetzt „Punks bauen Protestcamp auf Sylt ab - und planen ein Revival“.;Punk-Protestcamp auf Sylt 2026;News, Punk-Protestcamp auf Sylt 2026, Sylt, Tinnum, Mannheim, Kreis Nordfriesland, Deutsche Presse-Agentur, Polizei, Protestcamp, Revival, Schlafsack, Kritik;2026-08-16T15:17:33+02:00;2026-08-16T15:17:33+02:00;;dpa Hamburg/Schleswig-Holstein;false
23bd350ac501f73100e4cd5b99ebd8fdf04536bc8588955cb322e57c478876d7;Gewitter und Regen zum Start in die neue Woche;https://www.zeit.de/news/2026-08/16/gewitter-und-regen-zum-start-in-die-neue-woche;Hier finden Sie Informationen zu dem Thema „Wetter“. Lesen Sie jetzt „Gewitter und Regen zum Start in die neue Woche“.;Wetter;News, Wetter, Sachsen, Westsachsen, Bergland, DWD, Gewitter, Regenschirm, Wetter, Hitze, Starkregen;2026-08-16T15:15:36+02:00;2026-08-16T15:15:36+02:00;;dpa Sachsen;false
9e12fb6f506f0b652dd6266f82754fb2cf31b1679c77c270dc2580399638bf8c;Nach schwerem Beben in Indonesien laufen Hilfslieferungen an;https://www.zeit.de/news/2026-08/16/nach-schwerem-beben-in-indonesien-laufen-hilfslieferungen-an;Hier finden Sie Informationen zu dem Thema „Südostasiatischer Inselstaat“. Lesen Sie jetzt „Nach schwerem Beben in Indonesien laufen Hilfslieferungen an“.;Südostasiatischer Inselstaat;News, Südostasiatischer Inselstaat, Indonesien, Jakarta, Flores, Sumatra, Tsunami, Hilfslieferung, Inselstaat, Erdbeben;2026-08-16T15:15:32+02:00;2026-08-16T15:15:32+02:00;;dpa;false
663cbad6a87d63b088f2885b693751bba14f57ebc42979fffa85d7e315b2b540;Grüne bieten Hilfe bei Vorstoß für Hitzeschutz im Grundgesetz an;https://www.zeit.de/politik/deutschland/2026-08/gemeinschaftsaufgabe-klimaanpassung-naturschutz-grundgesetz-aenderung-bundesmittel-julia-verlinden-carsten-schneider;SPD-Bundesminister wollen den Hitzeschutz zur staatlichen Gemeinschaftsaufgabe machen. Dafür ist eine Grundgesetzänderung nötig, die die Grünen unterstützen wollen. ;Gemeinschaftsaufgabe Klimaanpassung;Politik, Gemeinschaftsaufgabe Klimaanpassung, Bündnis 90/Die Grünen, Grundgesetz, Klimawandel, Lars Klingbeil, SPD, Deutscher Bundestag;2026-08-16T15:15:30+02:00;2026-08-16T15:15:30+02:00;bda;DIE ZEIT,        AFP,        dpa,        							bda;false
0ce28c5ae7e2d0358445459b74fa3548b1e90497d10b34eda00596f62d2f257f;Elvis-Fans feiern den «King» mitten in Hessen;https://www.zeit.de/news/2026-08/16/elvis-fans-feiern-den-king-mitten-in-hessen;Hier finden Sie Informationen zu dem Thema „Festival“. Lesen Sie jetzt „Elvis-Fans feiern den «King» mitten in Hessen“.;Festival;News, Festival, Jochen Mörler, Bad Nauheim, Hessen;2026-08-16T15:13:03+02:00;2026-08-16T15:13:03+02:00;;dpa Hessen;false
d58cf2fb154d208938a058ea4f9e55cb90c9bf134f2821f7a5e416c4d7aeddde;Hunderte Feuerwehrleute kämpfen gegen Waldbrände in Bayern;https://www.zeit.de/news/2026-08/16/waldbrand-bei-waldaschaff-einsatz-geht-weiter;Hier finden Sie Informationen zu dem Thema „Großeinsätze“. Lesen Sie jetzt „Hunderte Feuerwehrleute kämpfen gegen Waldbrände in Bayern“.;Großeinsätze;News, Großeinsätze, Waldaschaff, Feuerwehr, Wiesenbrand, Glutnest, Waldbrand, Großeinsatz, Wald;2026-08-16T15:10:37+02:00;2026-08-16T15:10:37+02:00;;dpa Bayern;false
2cb0772bc2cea1629a653366ecd8bec44c2d28b378ddf4241a8a12aa33956f78;Husky-Mischlinge greifen Schafherde an – zwei Tiere tot;https://www.zeit.de/news/2026-08/16/husky-mischlinge-greifen-schafherde-an-zwei-tiere-tot;Hier finden Sie Informationen zu dem Thema „Tiere“. Lesen Sie jetzt „Husky-Mischlinge greifen Schafherde an – zwei Tiere tot“.;Tiere;News, Tiere, Kleinwechsungen, Landkreis Nordhausen, Polizei, Schafherde, Tiere;2026-08-16T15:03:19+02:00;2026-08-16T15:03:19+02:00;;dpa Thüringen;false
b6efa0ebf638e983440cbd70b0b5301c3c369f714aa74fcaeff33e422142c7fb;CSD-Veranstalter in Bremen fürchten verkürzte Route;https://www.zeit.de/news/2026-08/16/csd-veranstalter-in-bremen-fuerchten-verkuerzte-route;Hier finden Sie Informationen zu dem Thema „Christopher Street Day“. Lesen Sie jetzt „CSD-Veranstalter in Bremen fürchten verkürzte Route“.;Christopher Street Day;News, Christopher Street Day, René Möller, Bremen, Polizei, Christopher Street Day, Demonstrationsumzug, Verkürzung;2026-08-16T14:54:47+02:00;2026-08-16T14:54:47+02:00;;dpa Niedersachsen;false
289708d3ffc1d1548b3c88b4f6537b128d4f7d843db6a9c180f6f846a5aea7c7;1.300 Jahre altes Industriegebiet in Israel entdeckt;https://www.zeit.de/wissenschaft/2026-08/archaeologie-israel-ausgrabung-ramat-gan-tel-aviv;Auf dem Stadionparkplatz von Ramat Gan haben Archäologen ein Industrie- und Gewerbegebiet entdeckt. Es stammt vermutlich aus dem 7. oder 8. Jahrhundert nach Christus.;Tel Aviv;Wissenschaft, Tel Aviv, Israel, Archäologie, Geschichte, Nahost, Tel Aviv, Forschung;2026-08-16T14:52:28+02:00;2026-08-16T14:52:28+02:00;mns;DIE ZEIT,        KNA,        							mns;false
d6172e462f751049b18b8fe515e3e849f6b4325935438319a7cfb77353bcb1f6;Diesen Retter schickt der Himmel;https://www.zeit.de/feuilleton/2026-08/canadair-cl-415-loeschflugzeug-waldbrand;Angesichts der Waldbrände in Europa werden Löschflugzeuge zu Ikonen. Die Geschichte dieser Propellermaschinen lehrt einiges über Brandbekämpfung – und über den Menschen.;"Z+ (abopflichtiger Inhalt);
        
    Canadair CL-415";Feuilleton, Canadair CL-415, Waldbrand, Feuerwehr, Dürre, Hitze, Flugzeug, Klimakrise;2026-08-16T14:39:44+02:00;2026-08-16T14:39:44+02:00;Louis Pienkowski;;false
c4fa5995bd4529de957a69a8b46d032f13f59d4fd2f63bdb91dbfd9b0d450006;Jugendliche attackieren sich mit Messer und Glasflasche;https://www.zeit.de/news/2026-08/16/jugendliche-attackieren-sich-mit-messer-und-glasflasche;Hier finden Sie Informationen zu dem Thema „Berlin-Mitte“. Lesen Sie jetzt „Jugendliche attackieren sich mit Messer und Glasflasche“.;Berlin-Mitte;News, Berlin-Mitte, Berlin-Mitte, Polizei;2026-08-16T14:38:16+02:00;2026-08-16T14:38:16+02:00;;dpa Berlin/Brandenburg;false
bde9f27f01b1fe0a1703ac26ae5ed1ee12bc9dadbc24fe2dc47bbbd6b5530b3e;Motorradfahrer bei Unfall schwer verletzt;https://www.zeit.de/news/2026-08/16/motorradfahrer-bei-unfall-schwer-verletzt;Hier finden Sie Informationen zu dem Thema „Unfälle“. Lesen Sie jetzt „Motorradfahrer bei Unfall schwer verletzt“.;Unfälle;News, Unfälle, Mesekenhagen, Unfall, Auto;2026-08-16T14:37:49+02:00;2026-08-16T14:37:49+02:00;;dpa Mecklenburg-Vorpommern;false
ffed87b4ab2d271b3775c2b4ee336a4c43513ecb683f1b1caab32e8b1616d5c0;Motorradfahrer bei Unfall lebensgefährlich verletzt;https://www.zeit.de/news/2026-08/16/motorradfahrer-bei-unfall-lebensgefaehrlich-verletzt;Hier finden Sie Informationen zu dem Thema „Unfälle“. Lesen Sie jetzt „Motorradfahrer bei Unfall lebensgefährlich verletzt“.;Unfälle;News, Unfälle, Landkreis Heidekreis, Polizei, Unfall, Verkehrsunfall;2026-08-16T14:33:25+02:00;2026-08-16T14:33:25+02:00;;dpa Niedersachsen;false
22fb55be1a6d16718fb9d4ee30aa55d1dfcd93dff2c30cddabf5e2cbfe7bce6c;Niedrigwasser: Ökonomin Grimm sagt steigende Preise voraus;https://www.zeit.de/news/2026-08/16/niedrigwasser-oekonomin-grimm-sagt-steigende-preise-voraus;Hier finden Sie Informationen zu dem Thema „Transportprobleme“. Lesen Sie jetzt „Niedrigwasser: Ökonomin Grimm sagt steigende Preise voraus“.;Transportprobleme;News, Transportprobleme, Veronika Grimm, Rhein, Düsseldorf, Railion Deutschland, Kölner Stadt-Anzeiger, Rheinische Post, Niedrigwasser, Transportproblem, Wirtschaftsweise, Transport;2026-08-16T14:30:31+02:00;2026-08-16T14:30:31+02:00;;dpa;false
7820d4b0efef20a7a339f5fb4c345398b1f29359789363e43248e8f3c8f63419;Gast schlägt Wirt und wirft Tisch nach Polizei;https://www.zeit.de/news/2026-08/16/gast-schlaegt-wirt-und-wirft-tisch-nach-polizei;Hier finden Sie Informationen zu dem Thema „Wegen unbezahlter Rechnung“. Lesen Sie jetzt „Gast schlägt Wirt und wirft Tisch nach Polizei“.;Wegen unbezahlter Rechnung;News, Wegen unbezahlter Rechnung, Rottenburg am Neckar, Landkreis Tübingen, Polizei, Restaurant;2026-08-16T14:25:11+02:00;2026-08-16T14:25:11+02:00;;dpa Baden-Württemberg;false
b5ecd9353d97ecab81efb4d45d8bf90e348ee0c49582419dd6768b38cce08510;BSW ringt um Kurs: Fraktion berät über Voigt-Rückhalt;https://www.zeit.de/news/2026-08/16/bsw-ringt-um-kurs-fraktion-beraet-ueber-voigt-rueckhalt;Hier finden Sie Informationen zu dem Thema „BSW-Fraktionssitzung“. Lesen Sie jetzt „BSW ringt um Kurs: Fraktion berät über Voigt-Rückhalt“.;BSW-Fraktionssitzung;News, BSW-Fraktionssitzung, Mario Voigt, Jens Hirsch, Sahra Wagenknecht, Amira Mohamed Ali, Fabio De Masi, Thüringen, Bündnis Sahra Wagenknecht, CDU, Alternative für Deutschland, Fraktion;2026-08-16T14:23:55+02:00;2026-08-16T14:23:55+02:00;;dpa Thüringen;false
971ec0460bb80f1fce420e720218e20931b934cc2b8abaab286f3926f1c67994;BVG-Mitarbeiter schreiten bei Gewalttat ein;https://www.zeit.de/news/2026-08/16/bvg-mitarbeiter-schreiten-bei-gewalttat-ein;Hier finden Sie Informationen zu dem Thema „Kriminalität“. Lesen Sie jetzt „BVG-Mitarbeiter schreiten bei Gewalttat ein“.;Kriminalität;News, Kriminalität, BVG, Gewalttat;2026-08-16T14:23:38+02:00;2026-08-16T14:23:38+02:00;;dpa Berlin/Brandenburg;false
0a5e075414361d9944d93895ac8b51a37252d7c330bec4211ed62fee59a63f04;»60.000 Euro, zum Dritten!«;https://www.zeit.de/2026/33/insel-ostervilm-versteigerung-ostsee-auktion;Sie träumen von Ihrer eigenen Insel? Kürzlich wurde in Hamburg eine versteigert, leider eine Ruine. Was haben die neuen Besitzer damit vor?;"Z+ (abopflichtiger Inhalt);
        
    Insel Ostervilm";Hamburg, Insel Ostervilm, Auktion, Ostsee, Hamburg, DDR, Kalter Krieg;2026-08-16T14:19:58+02:00;2026-08-16T14:19:58+02:00;Söhnke Callsen;Aus der        ZEIT Nr. 33/2026;false
aeea49674829e266fc845c5f59454e48833c715fc56844ada1dd2194ab65622e;»Jetzt denkst du dir mal das Allerbescheuerteste aus, was geht.«;https://www.zeit.de/hamburg/2026-07/sylt-romane-buecher-insel-nordsee-rezension;Die Hamburgerin Claudia Thesenfitz schreibt Romane über Frauen, die auf Sylt ihr Glück finden – und versteht sie als feministische Mutmacher.;"Z+ (abopflichtiger Inhalt);
        
    Syltromane";Hamburg, Syltromane, Schriftstellerin, Sylt, Literatur, Feminismus, Belletristik, Nordsee;2026-08-16T14:16:09+02:00;2026-08-16T14:16:09+02:00;Christoph Twickel;;false
95fe9b7e7fcd98c47efda98c8385ab42add23f6f723fafef87b492a81d79cac7;Polizei ermittelt nach rassistischem Vorfall in Neukölln;https://www.zeit.de/news/2026-08/16/polizei-ermittelt-nach-rassistischem-vorfall-in-neukoelln;Hier finden Sie Informationen zu dem Thema „Kriminalität“. Lesen Sie jetzt „Polizei ermittelt nach rassistischem Vorfall in Neukölln“.;Kriminalität;News, Kriminalität, Neukölln, Polizei, Staatsschutz;2026-08-16T14:14:54+02:00;2026-08-16T14:14:54+02:00;;dpa Berlin/Brandenburg;false
f111c5e64940dee73c789e0e9dc6dd4ec1448c857a9b3ea08e1ef37757f3807d;Hilfslieferungen auf dem Weg in die Erdbebenregion;https://www.zeit.de/politik/ausland/2026-08/erdbeben-indonesien-flores-ost-nusa-tenggara-hilfslieferungen-gxe;Suchtrupps haben nach dem Erdbeben der Stärke 7,7 in Indonesien erste Tote geborgen. Hilfslieferungen sind auf dem Weg zur betroffenen Insel Flores.;Erdbeben in Indonesien;Politik, Erdbeben in Indonesien, Erdbeben, Indonesien, Rettungswesen, Naturkatastrophe, Jakarta, Asien;2026-08-16T14:14:00+02:00;2026-08-16T14:14:00+02:00;tle;DIE ZEIT,        dpa,        							tle;false
4fca094c57e4e8bd265112ec8bdf412896514c60e05f9a758341c5c214b4ab6a;Punk-Protestcamp auf Sylt endet - zeitweise rund 200 Zelte;https://www.zeit.de/news/2026-08/16/punk-protestcamp-auf-sylt-endet-zeitweise-rund-200-zelte;Hier finden Sie Informationen zu dem Thema „Punk-Sommer auf Sylt 2026“. Lesen Sie jetzt „Punk-Protestcamp auf Sylt endet - zeitweise rund 200 Zelte“.;Punk-Sommer auf Sylt 2026;News, Punk-Sommer auf Sylt 2026, Sylt, Kreis Nordfriesland, Deutsche Presse-Agentur, Campzeit, Sommer;2026-08-16T14:13:10+02:00;2026-08-16T14:13:10+02:00;;dpa Hamburg/Schleswig-Holstein;false
a00adf94f7eedfb1aefde3c4a87fc7b7d6a3efed8e70d43ab3d9ded42e2a340a;Senior bei Küchenbrand schwer verletzt;https://www.zeit.de/news/2026-08/16/senior-bei-kuechenbrand-schwer-verletzt;Hier finden Sie Informationen zu dem Thema „Brände“. Lesen Sie jetzt „Senior bei Küchenbrand schwer verletzt“.;Brände;News, Brände, Frankfurt, Polizei, Küchenbrand, Brand;2026-08-16T14:03:14+02:00;2026-08-16T14:03:14+02:00;;dpa Hessen;false
c3b993faf91ee8a57f361aaf0e4ff96ddef4ec7047f4b46665de93682d326d46;Heide und Felder in Oberhavel in Brand geraten;https://www.zeit.de/news/2026-08/16/heide-und-felder-in-oberhavel-in-brand-geraten;Hier finden Sie Informationen zu dem Thema „Waldbrände“. Lesen Sie jetzt „Heide und Felder in Oberhavel in Brand geraten“.;Waldbrände;News, Waldbrände, Heide, Oberhavel, Polizei, Feuerwehr, Feldbrand, Waldbrand, Waldbrandgefahr, Wald;2026-08-16T13:59:42+02:00;2026-08-16T13:59:42+02:00;;dpa Berlin/Brandenburg;false
2ea6a7811a0d088be9f3e5e028d0c0885a4caf4f7c652b7b9915b597c7eedb15;Klare Hütter-Ansage nach Eintracht-Debakel: «Geht nicht»;https://www.zeit.de/news/2026-08/16/klare-huetter-ansage-nach-eintracht-debakel-geht-nicht;Hier finden Sie Informationen zu dem Thema „Testspiel-Blamage“. Lesen Sie jetzt „Klare Hütter-Ansage nach Eintracht-Debakel: «Geht nicht»“.;Testspiel-Blamage;News, Testspiel-Blamage, Klare Hütter-Ansagen, Adi Hütter, Brentford, Frankfurt, Premier Lease & Loan Services Insurance Agency Inc.-League-Club FC, Eintracht Frankfurt, Deutscher Fußball-Bund, Testspiel;2026-08-16T13:56:46+02:00;2026-08-16T13:56:46+02:00;;dpa Hessen;false
3048a51469c0dd9c848c31fe8bb8ce7ea9045f485941296d5e0273f8446a824c;Patientenschützer fordern genauere Erfassung von Hitzetoten;https://www.zeit.de/gesundheit/2026-08/hitzewelle-hitzetote-patientenschuetzer-klimawandel-statistik-gxe;"12.500 Hitzetote zählt das RKI für dieses Jahr. Fachleute halten die Zahl für zu niedrig angesetzt und warnen vor Zuständen in Pflegeheimen.
";Hitzewelle;Gesundheit, Hitzewelle, Hitzewelle, Hitze, Extremwetter, Dürre, RKI, Klimawandel;2026-08-16T13:53:51+02:00;2026-08-16T13:53:51+02:00;ore;DIE ZEIT,        AFP,        							ore;false
e94fc0d1c2edeade62af33e4448ffd8ac63ce4db6cad003b52189d97bd1f9505;Schlachtabfälle sorgen für stundenlange Sperrung der A33;https://www.zeit.de/news/2026-08/16/schlachtabfaelle-sorgen-fuer-stundenlange-sperrung-der-a33;Hier finden Sie Informationen zu dem Thema „Verkehr“. Lesen Sie jetzt „Schlachtabfälle sorgen für stundenlange Sperrung der A33“.;Verkehr;News, Verkehr, Osnabrück, Polizei, Schlachtabfall, Sperrung, Vollsperrung, Verkehr;2026-08-16T13:53:14+02:00;2026-08-16T13:53:14+02:00;;dpa Niedersachsen;false
2b9484bf8d7cb856f3598411075ccbf4825a4b374618fd8863fb1e7319b4e695;Haus brennt in Ballenstedt - Rentner stirbt;https://www.zeit.de/news/2026-08/16/haus-brennt-in-ballenstedt-rentner-stirbt;Hier finden Sie Informationen zu dem Thema „Brände“. Lesen Sie jetzt „Haus brennt in Ballenstedt - Rentner stirbt“.;Brände;News, Brände, Ballenstedt, Einfamilienhaus, Brand;2026-08-16T13:50:11+02:00;2026-08-16T13:50:11+02:00;;dpa Sachsen;false
0912aa36ec2893e0c7f62a51c1e8ad2784dfcb40cca6ee320097b377dff840a1;»Ich genieße die viele Freizeit«;https://www.zeit.de/arbeit/2026-08/flugbegleiterin-teilzeit-freizeit-kontoauszug;Maria, 44, ist nach einer dreimonatigen Ausbildung Flugbegleiterin geworden. Seitdem hat sie 60 Länder bereist – in manchen blieb sie zwei Wochen lang. Der Kontoauszug;"Z+ (abopflichtiger Inhalt);
        
    Flugbegleiterin";Arbeit, Flugbegleiterin, Flugverkehr, Berufswahl, Arbeitszeit, Freizeit, Teilzeitarbeit, Flugzeug;2026-08-16T13:43:44+02:00;2026-08-16T13:43:44+02:00;Gerrit-Freya Klebe;;false
b3471ed51238246f074338d4bc1d33ae32d143dc64b1cc7cd1cd5688170851be;Tierschutz-Verstöße bei Tiertransport aus Bulgarien entdeckt;https://www.zeit.de/news/2026-08/16/tierschutz-verstoesse-bei-tiertransport-aus-bulgarien-entdeckt;Hier finden Sie Informationen zu dem Thema „Hunde und Katzen“. Lesen Sie jetzt „Tierschutz-Verstöße bei Tiertransport aus Bulgarien entdeckt“.;Hunde und Katzen;News, Hunde und Katzen, Bulgarien, Polizei, Tiertransport, Kleintiertransport, Veterinäramt, Katze;2026-08-16T13:41:55+02:00;2026-08-16T13:41:55+02:00;;dpa Baden-Württemberg;false
620ae07ecced06ac7f95b00a8766cd5b517b6c744760f47d2e6ec98a873d0a16;Angriffe auf Wahlplakate und Parteimitarbeiter in Berlin;https://www.zeit.de/news/2026-08/16/angriffe-auf-wahlplakate-und-parteimitarbeiter-in-berlin;Hier finden Sie Informationen zu dem Thema „Wahl zum Abgeordnetenhaus“. Lesen Sie jetzt „Angriffe auf Wahlplakate und Parteimitarbeiter in Berlin“.;Wahl zum Abgeordnetenhaus;News, Wahl zum Abgeordnetenhaus, Berlin, Reinickendorf, Schöneberg, Köpenick, Polizei, CDU, SPD, Alternative für Deutschland, Wahlplakat, Angriff;2026-08-16T13:39:15+02:00;2026-08-16T13:39:15+02:00;;dpa Berlin/Brandenburg;false
cbcf8a48af9857e7242c24dfa955476fc7b9d81a1eac354c63b4ef64f1bd82bd;Je schneller Wälder brennen, desto intensiver brennen sie;https://www.zeit.de/news/2026-08/16/je-schneller-waelder-brennen-desto-intensiver-brennen-sie;Hier finden Sie Informationen zu dem Thema „Klimafolgen“. Lesen Sie jetzt „Je schneller Wälder brennen, desto intensiver brennen sie“.;Klimafolgen;News, Klimafolgen, Gunnison, Colorado, Kanada, USA, Alaska, Europa, Co op, Colorado University, Waldbrand, Brand;2026-08-16T13:37:56+02:00;2026-08-16T13:37:56+02:00;;dpa;false
a24dba2da7f17287f3bdc063b8a78215a97ea0ac8bfb302c0e37f9855cf2234e;Unterkühlter Mann nach Seenot auf Elbe gerettet;https://www.zeit.de/news/2026-08/16/unterkuehlter-mann-nach-seenot-auf-elbe-gerettet;Hier finden Sie Informationen zu dem Thema „Notfälle“. Lesen Sie jetzt „Unterkühlter Mann nach Seenot auf Elbe gerettet“.;Notfälle;News, Notfälle, Elbe, Grünendeich, Stade, Landkreis Stade, Feuerwehr, DLRG, Seenot, Notfall, Schlauchboot;2026-08-16T13:37:47+02:00;2026-08-16T13:37:47+02:00;;dpa Hamburg/Schleswig-Holstein;false
961da6cd031f162f61af0203f54ef820ac412ea6a64fa54278295d6e595c784e;TikTok-Challenge: Mann nimmt gefährliche Dosis Schmerzmittel;https://www.zeit.de/news/2026-08/16/tiktok-challenge-mann-nimmt-gefaehrliche-dosis-schmerzmittel;Hier finden Sie Informationen zu dem Thema „Trend in sozialen Medien“. Lesen Sie jetzt „TikTok-Challenge: Mann nimmt gefährliche Dosis Schmerzmittel“.;Trend in sozialen Medien;News, Trend in sozialen Medien, Würzburg, Polizei, TikTok, Schmerzmittel, Dosis;2026-08-16T13:37:03+02:00;2026-08-16T13:37:03+02:00;;dpa Bayern;false
ba9e854d61b75d8ced15a57377cac9675068da9da6b7b0b9a50d1afc0b5a0d3c;Hoher Schaden bei Dachbrand in Münchner St. Helena-Kirche;https://www.zeit.de/news/2026-08/16/hoher-schaden-bei-dachbrand-in-muenchner-st-helena-kirche;Hier finden Sie Informationen zu dem Thema „Feuerwehreinsatz“. Lesen Sie jetzt „Hoher Schaden bei Dachbrand in Münchner St. Helena-Kirche“.;Feuerwehreinsatz;News, Feuerwehreinsatz, München, Hoher Schaden, Polizei, Feuerwehr, Dachbrand, Feuerwehreinsatz;2026-08-16T13:35:33+02:00;2026-08-16T13:35:33+02:00;;dpa Bayern;false
33275976c0127c98098293498878dcc9e47f22e36430adab918147e4e4800a5a;Auto stößt mit voll besetztem Reisebus zusammen;https://www.zeit.de/news/2026-08/16/auto-stoesst-mit-voll-besetztem-reisebus-zusammen;Hier finden Sie Informationen zu dem Thema „Unfall mit Reisebus“. Lesen Sie jetzt „Auto stößt mit voll besetztem Reisebus zusammen“.;Unfall mit Reisebus;News, Unfall mit Reisebus, Reisebus, Unfall, Auto;2026-08-16T13:31:03+02:00;2026-08-16T13:31:03+02:00;;dpa Mecklenburg-Vorpommern;false
c41f0cf68ea9076e882690434442e379d443f1261cb80de0cd791d6c12ab8f90;Flugzeug im Harz verunglückt - Rätsel um lauten Knall;https://www.zeit.de/news/2026-08/15/pilot-im-harz-verletzt-raetsel-um-lauten-knall;Hier finden Sie Informationen zu dem Thema „Flugplatz“. Lesen Sie jetzt „Flugzeug im Harz verunglückt - Rätsel um lauten Knall“.;Flugplatz;News, Flugplatz, Hasselfelde, Polizei, Feuerwehr, Rätsel, Leichtflugzeug, Flugplatz, Landeanflug;2026-08-16T13:29:24+02:00;2026-08-16T13:29:24+02:00;;dpa Niedersachsen;false
c2042cfbc8b050d168211eac61e5eea40828e2bdad81265202ebf2eb80637666;Reisebus mit Pilgergruppe verunglückt in Ungarn - Zwölf Tote;https://www.zeit.de/news/2026-08/16/zwoelf-tote-bei-unfall-eines-polnischen-reisebusses-in-ungarn;Hier finden Sie Informationen zu dem Thema „Verkehrstragödie“. Lesen Sie jetzt „Reisebus mit Pilgergruppe verunglückt in Ungarn - Zwölf Tote“.;Verkehrstragödie;News, Verkehrstragödie, Ungarn, Polizei, Unfall, Reisebus, Verkehrstragödie;2026-08-16T13:29:10+02:00;2026-08-16T13:29:10+02:00;;dpa;false
b6ed6869efb6cea8c44cd852c07f90e3c6a43bdc7079419b201034b5e9bdc21b;100 Cannabis-Anbauvereine - Ist der Weg richtig?;https://www.zeit.de/news/2026-08/16/100-cannabis-anbauvereine-ist-der-weg-richtig;Hier finden Sie Informationen zu dem Thema „Kritik von Ärzten und Polizei“. Lesen Sie jetzt „100 Cannabis-Anbauvereine - Ist der Weg richtig?“.;Kritik von Ärzten und Polizei;News, Kritik von Ärzten und Polizei, Michael Cuypers, Göttingen, Ganderkesee, Niedersachsen, Nordrhein-Westfalen, Bremen, Polizei, BMELV, GDP, SPD;2026-08-16T13:23:49+02:00;2026-08-16T13:23:49+02:00;;dpa Niedersachsen;false
79eae297132ada43c51a9f32e7bf0ebe32b49315d683705cf286fb34eb3cb26d;Waldbrand bei Plauen: Großteil der Löscharbeiten geschafft;https://www.zeit.de/news/2026-08/16/waldbrand-bei-plauen-letzte-glutnester-abgeloescht;Hier finden Sie Informationen zu dem Thema „Nach Tagen im Einsatz“. Lesen Sie jetzt „Waldbrand bei Plauen: Großteil der Löscharbeiten geschafft“.;Nach Tagen im Einsatz;News, Nach Tagen im Einsatz, Plauen, Feuerwehr, Glutnest, Zwischenfazit, Waldbrand;2026-08-16T13:23:47+02:00;2026-08-16T13:23:47+02:00;;dpa Sachsen;false
0ad2598c5276ca23236aea052a554e26094a0409cc2fafdfb6e5e0ce2caa5a56;Verkündung im Stadion: Hannover-Stürmer verlängert Vertrag;https://www.zeit.de/news/2026-08/16/verkuendung-im-stadion-hannover-stuermer-verlaengert-vertrag;Hier finden Sie Informationen zu dem Thema „2. Fußball-Bundesliga“. Lesen Sie jetzt „Verkündung im Stadion: Hannover-Stürmer verlängert Vertrag“.;2. Fußball-Bundesliga;News, 2. Fußball-Bundesliga, Lars Gindorf, Hannover, Hannover 96, Fußball-Bundesliga, Verkündung;2026-08-16T13:22:48+02:00;2026-08-16T13:22:48+02:00;;dpa Niedersachsen;false
9e5eff5d1ff58a99715bb2b4dc71e50ad283904ddf65994227e0aee48a5f6d66;Bombe in Schönkirchen entschärft;https://www.zeit.de/news/2026-08/16/bombe-in-schoenkirchen-entschaerft;Hier finden Sie Informationen zu dem Thema „Weltkriegsfolgen“. Lesen Sie jetzt „Bombe in Schönkirchen entschärft“.;Weltkriegsfolgen;News, Weltkriegsfolgen, Schönkirchen, Polizei, Weltkriegsfolge, Fliegerbombe;2026-08-16T13:21:39+02:00;2026-08-16T13:21:39+02:00;;dpa Hamburg/Schleswig-Holstein;false
259d8c1e51c7c4b5d1e87b00fcace9d58e7aa532258bba11db05f70a598128a8;Frau fährt mit Kontrahentin auf Motorhaube vom Parkplatz;https://www.zeit.de/news/2026-08/16/frau-faehrt-mit-kontrahentin-auf-motorhaube-vom-parkplatz;Hier finden Sie Informationen zu dem Thema „Nach Streit um Fotos von Auto“. Lesen Sie jetzt „Frau fährt mit Kontrahentin auf Motorhaube vom Parkplatz“.;Nach Streit um Fotos von Auto;News, Nach Streit um Fotos von Auto, Rhein-Neckar-Kreis, Polizei, Motorhaube, Auto, Körperverletzung;2026-08-16T13:17:36+02:00;2026-08-16T13:17:36+02:00;;dpa Baden-Württemberg;false
d5f803cb03b093777507f589eec4e6884be290610049945aea4656de79735113;Unfall durch Wendemanöver - 22-Jährige kämpft um ihr Leben;https://www.zeit.de/news/2026-08/16/unfall-durch-wendemanoever-22-jaehrige-kaempft-um-ihr-leben;Hier finden Sie Informationen zu dem Thema „Schwerer Verkehrsunfall“. Lesen Sie jetzt „Unfall durch Wendemanöver - 22-Jährige kämpft um ihr Leben“.;Schwerer Verkehrsunfall;News, Schwerer Verkehrsunfall, Heidelberg, Polizei, Unfall, Wendemanöver, Verkehrsunfall;2026-08-16T13:15:21+02:00;2026-08-16T13:15:21+02:00;;dpa Baden-Württemberg;false
1142952d7ab2250c89a1db497c5729523f497ffa61ee272a13e5212bab436d10;Drogenfahnder zu Cannabisgesetz: Kann so nicht funktionieren;https://www.zeit.de/news/2026-08/16/drogenfahnder-zu-cannabisgesetz-kann-so-nicht-funktionieren;Hier finden Sie Informationen zu dem Thema „Zwei Jahre nach Teil-Freigabe“. Lesen Sie jetzt „Drogenfahnder zu Cannabisgesetz: Kann so nicht funktionieren“.;Zwei Jahre nach Teil-Freigabe;News, Zwei Jahre nach Teil-Freigabe, Ingo Hörmann, Hannover, Cannabis, Cannabisgesetz, Drogenfahndung;2026-08-16T13:14:33+02:00;2026-08-16T13:14:33+02:00;;dpa Niedersachsen;false
f45f609a884033d6b113777d2df0906cc67e8fb4345db3427b58f91ac31a25e0;Polizei ermittelt nach CSD in Münster wegen Straftaten;https://www.zeit.de/news/2026-08/16/polizei-ermittelt-nach-csd-in-muenster-wegen-straftaten;Hier finden Sie Informationen zu dem Thema „Polizei ermittelt“. Lesen Sie jetzt „Polizei ermittelt nach CSD in Münster wegen Straftaten“.;Polizei ermittelt;News, Polizei ermittelt, Münster, Polizei, Christopher Street Day, Straftat;2026-08-16T13:07:35+02:00;2026-08-16T13:07:35+02:00;;dpa Nordrhein-Westfalen;false
9514ab285e52df468f30e0e09191abd6d198497746d7a6071e092912caa2fa15;Polizei-Shirt aus Sachsen-Anhalt sorgt für Ärger in Park;https://www.zeit.de/news/2026-08/16/polizei-shirt-aus-sachsen-anhalt-sorgt-fuer-aerger-in-park;Hier finden Sie Informationen zu dem Thema „Polizeieinsatz“. Lesen Sie jetzt „Polizei-Shirt aus Sachsen-Anhalt sorgt für Ärger in Park“.;Polizeieinsatz;News, Polizeieinsatz, Sachsen-Anhalt, Polizei, Polizeieinsatz, Nuthepark;2026-08-16T13:06:18+02:00;2026-08-16T13:06:18+02:00;;dpa Berlin/Brandenburg;false
6f5a6d6a57751a7f357eb6f3e9b2ce4a8a619fcfb7fb5d037b96899102bd8892;Die erstaunliche Leerstelle der AfD;https://www.zeit.de/politik/2026-08/alternative-fuer-deutschland-migration-inhalte-peter-r-neumann;Migration ist das zentrale Thema der AfD. Ausgerechnet hier fehlen der Partei realisierbare Konzepte, um sie zu begrenzen.;"Z+ (abopflichtiger Inhalt);
        
    Alternative für Deutschland";Politik, Alternative für Deutschland, Alternative für Deutschland, Migration, Rechtsextremismus, Martin Sellner, Abschiebung, Geflüchtete;2026-08-16T13:05:38+02:00;2026-08-16T13:05:38+02:00;Peter R. Neumann;;false
a4f3242bb08a3b74e19ea233544844d50c99ace9e60c028f0a351868676f99df;Die Helden sind wütend;https://www.zeit.de/politik/2026-08/einsatzkraefte-frankreich-waldbrand-feuerwehr-ausstattung;Frankreichs Feuerwehrleute kämpfen mit veralteten Schutzanzügen und ohne Atemmasken gegen die schwersten Brände seit Jahrzehnten. Jetzt treten sie in den Streik.;"Z+ (abopflichtiger Inhalt);
        
    Feuerwehr in Frankreich";Wirtschaft, Feuerwehr in Frankreich, Frankreich, Feuerwehr, Waldbrand, Dürre, Rettungswesen, Hitze;2026-08-16T13:04:03+02:00;2026-08-16T13:04:03+02:00;Annika Joeres;;false
b0a6b570e1c419c9a53ccb27237913ff3968a8760099cd1db042ade6c82ade4b;Zwei Menschen bei Unfall schwer verletzt – Fahrer flüchtet;https://www.zeit.de/news/2026-08/16/zwei-menschen-bei-unfall-schwer-verletzt-fahrer-fluechtet;Hier finden Sie Informationen zu dem Thema „Polizei sucht Zeugen“. Lesen Sie jetzt „Zwei Menschen bei Unfall schwer verletzt – Fahrer flüchtet“.;Polizei sucht Zeugen;News, Polizei sucht Zeugen, Landkreis Görlitz, Polizei, Unfall, Gegenverkehr, Bundesstraße, Auto;2026-08-16T13:00:55+02:00;2026-08-16T13:00:55+02:00;;dpa Sachsen;false
73d9c23c14eff55ec901b8113ebce4edde3838c9b6d010ca326474b3dca0e2df;Fünf Paddler nachts vom Kochelsee gerettet;https://www.zeit.de/news/2026-08/16/fuenf-paddler-nachts-vom-kochelsee-gerettet;Hier finden Sie Informationen zu dem Thema „Großeinsatz“. Lesen Sie jetzt „Fünf Paddler nachts vom Kochelsee gerettet“.;Großeinsatz;News, Großeinsatz, Kochelsee, Wasserwacht, Großeinsatz;2026-08-16T12:59:24+02:00;2026-08-16T12:59:24+02:00;;dpa Bayern;false
9f3641fc31b687782b2bf407b4866bccc4a56cf4967f8495dc519416cdceb286;17-Jähriger flieht mit gestohlenem Auto vor Polizei;https://www.zeit.de/news/2026-08/16/17-jaehriger-flieht-mit-gestohlenem-auto-vor-polizei;Hier finden Sie Informationen zu dem Thema „Mit hohem Tempo auf der Flucht“. Lesen Sie jetzt „17-Jähriger flieht mit gestohlenem Auto vor Polizei“.;Mit hohem Tempo auf der Flucht;News, Mit hohem Tempo auf der Flucht, Marquartstein, Traunstein, Landkreis Traunstein, Polizei, Anhaltesignal, Auto;2026-08-16T12:57:14+02:00;2026-08-16T12:57:14+02:00;;dpa Bayern;false
23215f1a27e43040099027f1d71379c25b40d58413a13a8eddabc0ac53dd87bd;Wieder Werder-Sorgen - Reis und Dinkci als Hoffnungsträger;https://www.zeit.de/news/2026-08/16/wieder-werder-sorgen-reis-und-dinkci-als-hoffnungstraeger;Hier finden Sie Informationen zu dem Thema „Vor dem Pflichtspielstart“. Lesen Sie jetzt „Wieder Werder-Sorgen - Reis und Dinkci als Hoffnungsträger“.;Vor dem Pflichtspielstart;News, Vor dem Pflichtspielstart, Clemens Fritz, Brügge, Auxerre, Bremen, AJ Auxerre, SV Werder Bremen, Deutscher Fußball-Bund, Arminia Bielefeld, Hamburger SV, Pflichtspielstart;2026-08-16T12:53:24+02:00;2026-08-16T12:53:24+02:00;;dpa Niedersachsen;false
705be081fd90b076720762523fbf097c186b6f4f98277a85d1903f4d954d8a68;Fahranfänger prallt gegen Baum – Beifahrer schwer verletzt;https://www.zeit.de/news/2026-08/16/fahranfaenger-prallt-gegen-baum-beifahrer-schwer-verletzt;Hier finden Sie Informationen zu dem Thema „Unfall im Landkreis Bautzen“. Lesen Sie jetzt „Fahranfänger prallt gegen Baum – Beifahrer schwer verletzt“.;Unfall im Landkreis Bautzen;News, Unfall im Landkreis Bautzen, Landkreis Bautzen, Polizei, Auto;2026-08-16T12:51:48+02:00;2026-08-16T12:51:48+02:00;;dpa Sachsen;false
fa977cb052a85e1b2a201bd2f7c636341e95b7452f8894866bf4b6c635b431f8;Tiere bei Großbrand auf Reitanlage gerettet;https://www.zeit.de/news/2026-08/16/tiere-bei-grossbrand-auf-reitanlage-gerettet;Hier finden Sie Informationen zu dem Thema „«Flammenmeer»“. Lesen Sie jetzt „Tiere bei Großbrand auf Reitanlage gerettet“.;«Flammenmeer»;News, «Flammenmeer», Heusenstamm, Offenbach, Polizei, Reitanlage, Großbrand, Flammenmeer, Heuvorrat, Tiere;2026-08-16T12:50:58+02:00;2026-08-16T12:50:58+02:00;;dpa Hessen;false
0488158652de0ff3aa2cb703182de79753b193e3a58655c4568b0fde1011026a;Petros trotzt Einreiseproblemen und stürmt zu Marathon-Gold;https://www.zeit.de/news/2026-08/16/wm-held-petros-stuermt-zu-em-gold-im-marathon;Hier finden Sie Informationen zu dem Thema „Leichtathletik-EM“. Lesen Sie jetzt „Petros trotzt Einreiseproblemen und stürmt zu Marathon-Gold“.;Leichtathletik-EM;News, Leichtathletik-EM, Pietro Riva, Richard Ringer, Alisa Vainio, Birmingham, Ayale, Israel, München, Leichtathletik, Meisterschaftsrekord, Gold;2026-08-16T12:49:47+02:00;2026-08-16T12:49:47+02:00;;dpa;false
84812d906782b9bd93277186e0c19355683897f95b4f90f0fa3a3e2bb81c31cc;Pedelec-Fahrer stürzt betrunken und verletzt sich schwer;https://www.zeit.de/news/2026-08/16/pedelec-fahrer-stuerzt-betrunken-und-verletzt-sich-schwer;Hier finden Sie Informationen zu dem Thema „Unfall“. Lesen Sie jetzt „Pedelec-Fahrer stürzt betrunken und verletzt sich schwer“.;Unfall;News, Unfall, Wildsteig, Polizei, Pedelec, Unfall;2026-08-16T12:49:06+02:00;2026-08-16T12:49:06+02:00;;dpa Bayern;false
6a1c4335aecd470e3ac85021a3aed7d6784771d4278d80be2752256c48919e84;Tränen und Hoffnung beim «Last Dance» auf dem Highfield;https://www.zeit.de/news/2026-08/16/traenen-und-hoffnung-beim-last-dance-auf-dem-highfield;Hier finden Sie Informationen zu dem Thema „Festival“. Lesen Sie jetzt „Tränen und Hoffnung beim «Last Dance» auf dem Highfield“.;Festival;News, Festival, Sachsen, Leipzig, Bremen, NIKE, FKP Scorpio, Highfield Festival, Coronavirus;2026-08-16T12:46:49+02:00;2026-08-16T12:46:49+02:00;;dpa Sachsen;false
386038d084451cb3055e5c9b1daa008b618ae780554505fc09c66d7eac47cba7;77-Jährige stirbt nach Autounfall;https://www.zeit.de/news/2026-08/16/77-jaehrige-stirbt-nach-autounfall;Hier finden Sie Informationen zu dem Thema „Anderes Fahrzeug übersehen“. Lesen Sie jetzt „77-Jährige stirbt nach Autounfall“.;Anderes Fahrzeug übersehen;News, Anderes Fahrzeug übersehen, Landkreis Rosenheim, Autounfall, Verkehrsunfall, Fahrzeug, Auto;2026-08-16T12:43:10+02:00;2026-08-16T12:43:10+02:00;;dpa Bayern;false
3d5f5d87b5988806e171985081e9807ff5f5d5f27d7cab5c0dc1922a4a11b9c3;Frau bei Unfall mit Krankentransporter im Vogtland verletzt;https://www.zeit.de/news/2026-08/16/frau-bei-unfall-mit-krankentransporter-im-vogtland-verletzt;Hier finden Sie Informationen zu dem Thema „Vogtlandkreis“. Lesen Sie jetzt „Frau bei Unfall mit Krankentransporter im Vogtland verletzt“.;Vogtlandkreis;News, Vogtlandkreis, Vogtland, Polizei, Krankentransporter, Unfall, Vogtlandkreis, Zusammenstoß, Auto;2026-08-16T12:38:22+02:00;2026-08-16T12:38:22+02:00;;dpa Sachsen;false
0f64d1b314e1446dc10d141f40f95b230adc7d3047f219091c61d8934b85b96c;Jusos beklagen Frust an der Basis - Durchhalte-Appell bei JU;https://www.zeit.de/news/2026-08/16/jusos-beklagen-frust-an-der-basis-durchhalte-appell-bei-ju;Hier finden Sie Informationen zu dem Thema „Brandenburger Partei-Nachwuchs“. Lesen Sie jetzt „Jusos beklagen Frust an der Basis - Durchhalte-Appell bei JU“.;Brandenburger Partei-Nachwuchs;News, Brandenburger Partei-Nachwuchs, Leonel Richy Andicene, Bärbel Bas, Lars Klingbeil, Laura Strohschneider, Jan Redmann, Brandenburg, Jusos, SPD, Junge Union, CDU;2026-08-16T12:37:09+02:00;2026-08-16T12:37:09+02:00;;dpa Berlin/Brandenburg;false
a5712461d101619e5a016b29f9b7086b7b4bd5de6964c12774d2e58ab398e531;Alkohol und Gewalt: Ermittlungen gegen Paar;https://www.zeit.de/news/2026-08/16/alkohol-und-gewalt-ermittlungen-gegen-paar;Hier finden Sie Informationen zu dem Thema „Blaulicht“. Lesen Sie jetzt „Alkohol und Gewalt: Ermittlungen gegen Paar“.;Blaulicht;News, Blaulicht, Alkohol, Blaulicht, Ermittlung;2026-08-16T12:34:48+02:00;2026-08-16T12:34:48+02:00;;dpa Thüringen;false
a6df2456c066ff3780cd7dea6a4783761042ad30585394a777af4ee5168a84c2;Erster 1860-Sieg nach Zwangsabstieg - «Macht natürlich Mut»;https://www.zeit.de/news/2026-08/16/erster-1860-sieg-nach-zwangsabstieg-macht-natuerlich-mut;Hier finden Sie Informationen zu dem Thema „Fußball-Regionalliga“. Lesen Sie jetzt „Erster 1860-Sieg nach Zwangsabstieg - «Macht natürlich Mut»“.;Fußball-Regionalliga;News, Fußball-Regionalliga, BR, Fußball-Regionalliga, TSV 1860 München, FC Memmingen, Zwangsabstieg, Erfolg;2026-08-16T12:27:12+02:00;2026-08-16T12:27:12+02:00;;dpa Bayern;false
12031564c4662c147774f866c98ab1585374b5a9d3cab0be65651cb3348989a7;Großes Aufräumen nach «Rave The Planet»;https://www.zeit.de/news/2026-08/16/50-raver-wegen-hitze-oder-drogen-im-krankenhaus;Hier finden Sie Informationen zu dem Thema „Bilanz der Techno-Demo“. Lesen Sie jetzt „Großes Aufräumen nach «Rave The Planet»“.;Bilanz der Techno-Demo;News, Bilanz der Techno-Demo, Feuerwehr, Polizei, Rettungskraft, Hitze, Drogen;2026-08-16T12:24:19+02:00;2026-08-16T12:24:19+02:00;;dpa Berlin/Brandenburg;false
9e53586d5c60fedeafb233ef3fd27a0853191a0981f94f1b0d7ca792f44eb508;Vier Autos in Vollbrand - sechsstelliger Schaden;https://www.zeit.de/news/2026-08/16/vier-autos-in-vollbrand-sechsstelliger-schaden;Hier finden Sie Informationen zu dem Thema „Brände“. Lesen Sie jetzt „Vier Autos in Vollbrand - sechsstelliger Schaden“.;Brände;News, Brände, Pinneberg, Vollbrand, Auto, Brand;2026-08-16T12:23:45+02:00;2026-08-16T12:23:45+02:00;;dpa Hamburg/Schleswig-Holstein;false
dad1104faa23fdf0b972744675a383dc7147a703f8a638744675ea7d7b35b3ee;MV-Wahl 2026: Wahlbenachrichtigungen werden verschickt;https://www.zeit.de/news/2026-08/16/mv-wahl-2026-wahlbenachrichtigungen-werden-verschickt;Hier finden Sie Informationen zu dem Thema „Landtagswahl“. Lesen Sie jetzt „MV-Wahl 2026: Wahlbenachrichtigungen werden verschickt“.;Landtagswahl;News, Landtagswahl, Schwerin, Mecklenburg-Vorpommern, Landtagswahl, Wahlbenachrichtigung, Wahlbenachrichtigungskarte;2026-08-16T12:19:43+02:00;2026-08-16T12:19:43+02:00;;dpa Mecklenburg-Vorpommern;false
4780e11ee65f56e0028cb4db23435183d6a26a75dd5c9e29d0062c77f16b6cc4;Südwestderby: Viele Emotionen, keine Tore;https://www.zeit.de/news/2026-08/16/suedwestderby-viele-emotionen-keine-tore;Hier finden Sie Informationen zu dem Thema „2. Fußball-Bundesliga“. Lesen Sie jetzt „Südwestderby: Viele Emotionen, keine Tore“.;2. Fußball-Bundesliga;News, 2. Fußball-Bundesliga, Marlon Ritter, Maximilian Senft, Torsten Lieberknecht, Julian Krahl, Südwestderby, Wolfsburg, Kaiserslautern, 1. FC Kaiserslautern, Karlsruher SC, Fußball-Bundesliga;2026-08-16T12:15:24+02:00;2026-08-16T12:15:24+02:00;;dpa Baden-Württemberg;false
9e79b63a6fc3785444f2bb7dc8605947abad1be396e7914d33b7083a0eb9be7f;New South Wales kündigt nach Bondi-Anschlag Schusswaffenrückkauf an;https://www.zeit.de/politik/ausland/2026-08/schusswaffen-rueckkauf-australien-bondi-beach-anschlag-gesetze-gxe;Nach dem antisemitischen Anschlag in Sydney können inzwischen verbotene Pistolen und Gewehre gegen Geld abgegeben werden. Die Maßnahme gilt zunächst in New South Wales.;Schusswaffenrückkauf in Australien;Politik, Schusswaffenrückkauf in Australien, Australien, Antisemitismus, Waffenbesitz, Straftat, Waffenrecht;2026-08-16T12:14:18+02:00;2026-08-16T12:14:18+02:00;bda;DIE ZEIT,        AFP,        Reuters,        							bda;false
efd501e2ce6c932ff6a62599ca965e0ad7d8ddc31fbab761926bc7634f1f9640;Missglücktes Überholmanöver - drei Schwerverletzte;https://www.zeit.de/news/2026-08/16/missgluecktes-ueberholmanoever-drei-schwerverletzte;Hier finden Sie Informationen zu dem Thema „Unfälle“. Lesen Sie jetzt „Missglücktes Überholmanöver - drei Schwerverletzte“.;Unfälle;News, Unfälle, Dörpen, Landkreis Emsland, Polizei, Überholmanöver, Unfall, Autounfall;2026-08-16T12:12:18+02:00;2026-08-16T12:12:18+02:00;;dpa Niedersachsen;false
97682f9c17e377aa3353e723cba5ff704d1285ad829ccec4b00bed45ebc7a7a0;SC Paderborn leiht Ulrich vom VfB Stuttgart aus;https://www.zeit.de/news/2026-08/16/sc-paderborn-leiht-ulrich-vom-vfb-stuttgart-aus;Hier finden Sie Informationen zu dem Thema „Transfers“. Lesen Sie jetzt „SC Paderborn leiht Ulrich vom VfB Stuttgart aus“.;Transfers;News, Transfers, Laurin Ulrich, SC Paderborn, VfB Stuttgart, SC Paderborn 07;2026-08-16T12:11:06+02:00;2026-08-16T12:11:06+02:00;;dpa Baden-Württemberg;false
f2e7d790d189b0e2f3b4fb86bea8a88eded83c7b1a12456309f9ec22bf68c260;Kein Reese, kein Problem? Hertha-Traumstart mit Teamspirit;https://www.zeit.de/news/2026-08/16/kein-reese-kein-problem-hertha-traumstart-mit-teamspirit;Hier finden Sie Informationen zu dem Thema „2. Fußball-Bundesliga“. Lesen Sie jetzt „Kein Reese, kein Problem? Hertha-Traumstart mit Teamspirit“.;2. Fußball-Bundesliga;News, 2. Fußball-Bundesliga, Fabian Reese, Tjark Ernst, Kennet Eichhorn, Stefan Leitl, Niklas Kolbe, Hertha BSC, 1. FC Heidenheim, Fußball-Bundesliga, Bundesliga, Teamspirit;2026-08-16T12:09:19+02:00;2026-08-16T12:09:19+02:00;;dpa Berlin/Brandenburg;false
af5e81f10b909a1edad54c5ccfb06bc7ccb1433ab963a4ccd358f7b77e5eee9b;Regenschirme raus: Woche startet mit Gewittern und Schauern;https://www.zeit.de/news/2026-08/16/regenschirme-raus-woche-startet-mit-gewittern-und-schauern;Hier finden Sie Informationen zu dem Thema „Wetter“. Lesen Sie jetzt „Regenschirme raus: Woche startet mit Gewittern und Schauern“.;Wetter;News, Wetter, Marcel Schmid, Alpen, Tschechien, DWD, Regenschirm, Gewitter, Wetterumschwung, Wetter;2026-08-16T12:08:35+02:00;2026-08-16T12:08:35+02:00;;dpa;false
7bda93ee85af59973e6d4579ea33e9ec59f8c7889de111a5b6fa13626b02e959;Ausfahrten an A4 nach Sperrung wieder frei;https://www.zeit.de/news/2026-08/16/ausfahrten-an-a4-nach-sperrung-wieder-frei;Hier finden Sie Informationen zu dem Thema „Brände“. Lesen Sie jetzt „Ausfahrten an A4 nach Sperrung wieder frei“.;Brände;News, Brände, Sperrung, Löscharbeit, Großbrand, Brand;2026-08-16T12:08:23+02:00;2026-08-16T12:08:23+02:00;;dpa Nordrhein-Westfalen;false
4951d79b23f472bfff9438769c4786094eaa363b4c1a39125c651dbbe62a1f7e;26-Jähriger stirbt im Königssee;https://www.zeit.de/news/2026-08/16/26-jaehriger-stirbt-im-koenigssee;Hier finden Sie Informationen zu dem Thema „Notfall“. Lesen Sie jetzt „26-Jähriger stirbt im Königssee“.;Notfall;News, Notfall, Königssee, Polizei, Notfall;2026-08-16T12:07:19+02:00;2026-08-16T12:07:19+02:00;;dpa Bayern;false
f65613a703ab913a1fe3df3c1e6d2321cf70b1a53193f8c9ff8d0652f36ffe54;Weitere Eskalation im Südlibanon - Verhandlungen in Gefahr?;https://www.zeit.de/news/2026-08/16/israel-meldet-toetung-von-hisbollah-kommandeur-im-suedlibanon;Hier finden Sie Informationen zu dem Thema „Brüchige Waffenruhe“. Lesen Sie jetzt „Weitere Eskalation im Südlibanon - Verhandlungen in Gefahr?“.;Brüchige Waffenruhe;News, Brüchige Waffenruhe, Südlibanon, Hisbollah, Tötung;2026-08-16T12:05:58+02:00;2026-08-16T12:05:58+02:00;;dpa;false
bda1e3106f354e001fb1ec8162e776cd79fb2f54c6b4856f03eaa953424f350d;Die Mikrofon-Europameister;https://www.zeit.de/sport/2026-08/leichtathletik-em-schwimm-em-interviews-lea-meyer;Nicht nur auf der Tartanbahn und im Schwimmbecken überzeugten die deutschen EM-Sportler in den vergangenen Tagen. Auch vor den Mikros der TV-Sender schafften sie Großes.;"Z+ (abopflichtiger Inhalt);
        
    Leichtathletik-EM";Sport, Leichtathletik-EM, Leichtathletik-EM, Berichterstattung, Profisport, Leichtathletik, Sportler, Journalismus;2026-08-16T11:59:23+02:00;2026-08-16T11:59:23+02:00;Christian Spiller;;false
3c1369ca0f67e1386e3984c92f3f1ae39e7fec15b11c88dc06bd663b7d7ee44b;Entspannung bei Waldbrandgefahr in Sicht;https://www.zeit.de/news/2026-08/16/entspannung-bei-waldbrandgefahr-in-sicht;Hier finden Sie Informationen zu dem Thema „Prognose“. Lesen Sie jetzt „Entspannung bei Waldbrandgefahr in Sicht“.;Prognose;News, Prognose, Rheinland-Pfalz, Waldbrandgefahr, Entspannung, Waldbrandgefahrenindex, Waldbrand, Wald;2026-08-16T11:57:17+02:00;2026-08-16T11:57:17+02:00;;dpa Rheinland-Pfalz/Saarland;false
1ae31070111d89d64f685db3937508f884be419f072d50f2d29d876a64629ca3;Wegen Berührung eines Autos? Mann von Gruppe attackiert;https://www.zeit.de/news/2026-08/16/wegen-beruehrung-eines-autos-mann-von-gruppe-attackiert;Hier finden Sie Informationen zu dem Thema „Gewalt“. Lesen Sie jetzt „Wegen Berührung eines Autos? Mann von Gruppe attackiert“.;Gewalt;News, Gewalt, Mann, Mannheim, Polizei, Berührung, Auto;2026-08-16T11:55:31+02:00;2026-08-16T11:55:31+02:00;;dpa Baden-Württemberg;false
c7266c2c95232d54427fddc2477747fb28fb6afd09d4fac0eac45da1e8914fe4;31-Jähriger nach Stichverletzung in Lebensgefahr - Festnahme;https://www.zeit.de/news/2026-08/16/31-jaehriger-nach-stichverletzung-in-lebensgefahr-festnahme;Hier finden Sie Informationen zu dem Thema „Notoperation“. Lesen Sie jetzt „31-Jähriger nach Stichverletzung in Lebensgefahr - Festnahme“.;Notoperation;News, Notoperation, Göttingen, Polizei, Stichverletzung, Notoperation, Lebensgefahr, Festnahme;2026-08-16T11:53:29+02:00;2026-08-16T11:53:29+02:00;;dpa Niedersachsen;false
cb634819ec536843e9b52ea55a94cbd4a954106772e552b5a3ff548147854cf7;VfB nach Doppel-Generalprobe: «Sachen aufgezeigt bekommen»;https://www.zeit.de/news/2026-08/16/vfb-nach-doppel-generalprobe-sachen-aufgezeigt-bekommen;Hier finden Sie Informationen zu dem Thema „VfB in der Sommer-Vorbereitung“. Lesen Sie jetzt „VfB nach Doppel-Generalprobe: «Sachen aufgezeigt bekommen»“.;VfB in der Sommer-Vorbereitung;News, VfB in der Sommer-Vorbereitung, Sebastian Hoeneß, Timothy Castagne, London, Fulham, FC Fulham, Premier Lease & Loan Services Insurance Agency, VfB Stuttgart, Pflichtspiel, Sommerwoche, Hausaufgabe;2026-08-16T11:52:29+02:00;2026-08-16T11:52:29+02:00;;dpa Baden-Württemberg;false
222f1b544530730fc7c3b4740fb4aa9ed6b844d99945df75cd984dd5731a7663;Große Sorgen um Musiala - «Das wichtigste, es geht ihm gut»;https://www.zeit.de/news/2026-08/16/grosse-sorgen-um-musiala-das-wichtigste-es-geht-ihm-gut;Hier finden Sie Informationen zu dem Thema „Fußball-Bundesliga“. Lesen Sie jetzt „Große Sorgen um Musiala - «Das wichtigste, es geht ihm gut»“.;Fußball-Bundesliga;News, Fußball-Bundesliga, Max Eberl, Harry Kane, Michael Olise, Aleksandar Pavlovic, Martin Demichelis, Manuel Neuer, Dayot Upamecano, Bayern, Allianz Arena, Dortmund;2026-08-16T11:52:25+02:00;2026-08-16T11:52:25+02:00;;dpa Bayern;false
4384bf08e8d2dc3cef3af762c54a3a849867fc453c1e8c4aa0baf8853659139a;Sachsen will von Südkoreas Gesundheitswesen lernen;https://www.zeit.de/news/2026-08/16/sachsen-will-von-suedkoreas-gesundheitswesen-lernen;Hier finden Sie Informationen zu dem Thema „Digitalisierung und Robotik“. Lesen Sie jetzt „Sachsen will von Südkoreas Gesundheitswesen lernen“.;Digitalisierung und Robotik;News, Digitalisierung und Robotik, Petra Köpping, Sachsen, Südkorea, Seoul, SPD, Gesundheitswesen, Robotik, Digitalisierung, Fachkräftemangel;2026-08-16T11:46:55+02:00;2026-08-16T11:46:55+02:00;;dpa Sachsen;false
bfb75413574b86e7bc6c9a94bbbe9aed65d505b56598e23f4752b82e0582f454;Protest gegen Schwangerschaftsabbruch-Gegner in Göttingen eskaliert;https://www.zeit.de/gesellschaft/zeitgeschehen/2026-08/schwangerschaftsabbruch-abtreibung-protest-goettingen-polizei-gewalt-gxe;Bei einer Demonstration gegen Schwangerschaftsabbrüche ist ein Gegenprotest außer Kontrolle geraten. Zwölf Polizisten wurden verletzt, die Polizei prüft Straftaten.;Schwangerschaftsabbruch;Gesellschaft, Schwangerschaftsabbruch, Schwangerschaftsabbruch, Protest, Polizei, Demonstration, Göttingen, Körperverletzung;2026-08-16T11:46:44+02:00;2026-08-16T11:46:44+02:00;ore;DIE ZEIT,        AFP,        							ore;false
1a3404aa10cd072ef8f9046e7ccc005b2dd00cff114b6612a5b0216be4dddf81;Bayern-Dusel: Torhüterin Stina Johannes «extrem schockiert»;https://www.zeit.de/news/2026-08/16/bayern-dusel-torhueterin-stina-johannes-extrem-schockiert;Hier finden Sie Informationen zu dem Thema „Fußball-Supercup“. Lesen Sie jetzt „Bayern-Dusel: Torhüterin Stina Johannes «extrem schockiert»“.;Fußball-Supercup;News, Fußball-Supercup, Stina Johannes, José Barcala, Christian Wück, Klara Bühl, Wolfsburg, FC Bayern München, Deutscher Fußball-Bund, VfL Wolfsburg, Supercup, Studium;2026-08-16T11:46:34+02:00;2026-08-16T11:46:34+02:00;;dpa Bayern;false
f17fb0cf80f1075950df917f5dc7c143efb8f21c6a0bc2bdc958a431459b594c;Deutscher Amanal Petros gewinnt Gold im Marathon bei Leichtathletik-EM;https://www.zeit.de/sport/2026-08/deutscher-amanal-petros-gewinnt-gold-im-marathon-bei-leichtathletik-em;Amanal Petros ist der neue Marathon-Europameister. Zum Abschluss der Leichtathletik-EM stellte der deutsche Läufer einen Meisterschaftsrekord auf.;Leichtathletik-EM in Birmingham;Sport, Leichtathletik-EM in Birmingham, Leichtathletik-EM, Ausdauersport, Leichtathletik, Ausdauer, Birmingham, Sportler;2026-08-16T11:41:53+02:00;2026-08-16T11:41:53+02:00;;;false
82ba506d6741a74a7c2c7a12692bb8d959415a6e625c5c28e76ae5dac48e0c07;Mann springt von Brücke vor Autos und stirbt;https://www.zeit.de/news/2026-08/16/mann-springt-von-bruecke-vor-autos-und-stirbt;Hier finden Sie Informationen zu dem Thema „Notfälle“. Lesen Sie jetzt „Mann springt von Brücke vor Autos und stirbt“.;Notfälle;News, Notfälle, Bamberg, Notfall, Fahrstreifen, Auto;2026-08-16T11:38:40+02:00;2026-08-16T11:38:40+02:00;;dpa Bayern;false
713b7e1724b402e0c2291a2d649e7f5895e58f5821779a75b07e9d8bc15fddcd;So glänzt der Reis von gestern;https://www.zeit.de/zeit-magazin/wochenmarkt/2025-07/gebratener-reis-krabben-ei-rezept-wochenmarkt;Für Fried Rice eignet sich der kalte Reis des Vortages besonders gut. Hier sorgen Krabben für das gewisse Extra. Fischsoße, Ei und Frühlingszwiebel gehören auch dazu.;"Z+ (abopflichtiger Inhalt);
        
    Gebratener Reis mit Krabben und Ei";Zeit-Magazin, Wochenmarkt;2026-08-16T11:36:53+02:00;2026-08-16T11:36:53+02:00;Georgina Hayden;;false
6500a8601d36d501d12ce817b051d9d81ac6a7208f0981049226a7b7da05f4ee;Der Treppensprung;https://www.zeit.de/sport/2026-08/sprung-treppe-fitnessuebung-personal-trainer;Treppensteigen war gestern. In der neuen Übung der Woche springen wir die Stufen hinauf. Das trainiert, was im Alter oft verloren geht: schnell und kräftig zu reagieren.;"Z+ (abopflichtiger Inhalt);
        
    Unser Personal Trainer";Sport, Unser Personal Trainer, Fitness, Fitnessstudio, Trainer, Alltag, Freizeit, Leichtathletik;2026-08-16T11:34:51+02:00;2026-08-16T11:34:51+02:00;;;false
3f014cdc82e38436d5dc505dacd05ab7f68f3ac606a16f81f9feb72d03d69f77;Laserpointer aus dem Urlaub - Kind blendet Motorradfahrer;https://www.zeit.de/news/2026-08/16/laserpointer-aus-dem-urlaub-kind-blendet-motorradfahrer;Hier finden Sie Informationen zu dem Thema „Schmerzen in den Augen“. Lesen Sie jetzt „Laserpointer aus dem Urlaub - Kind blendet Motorradfahrer“.;Schmerzen in den Augen;News, Schmerzen in den Augen, Eislingen, Landkreis Göppingen, Polizei, Laserpointer, Schmerz;2026-08-16T11:34:43+02:00;2026-08-16T11:34:43+02:00;;dpa Baden-Württemberg;false
1df8c02611308cb01cdab94ec96f7086cb9f485a08d6cb57b1128e5d0fd18839;Mehr als 300.000 Besucher bei Karl May;https://www.zeit.de/news/2026-08/16/mehr-als-300-000-besucher-bei-karl-may;Hier finden Sie Informationen zu dem Thema „Karl-May-Spiele“. Lesen Sie jetzt „Mehr als 300.000 Besucher bei Karl May“.;Karl-May-Spiele;News, Karl-May-Spiele, Karl May, Kathrin Hinrichsen, Ute Thienel, Bad Segeberg, Hohenwestedt, Kreis Rendsburg-Eckernförde, Karl-May-Festspiele;2026-08-16T11:31:35+02:00;2026-08-16T11:31:35+02:00;;dpa Hamburg/Schleswig-Holstein;false
beaf4847eab2c60ca17e219e30e70551ecc57d49e8832178a6c410c8ce9003b1;Gesundheitsrisiko Waldbrand: Wieso der Rauch gefährlich ist;https://www.zeit.de/news/2026-08/16/gesundheitsrisiko-waldbrand-wieso-der-rauch-gefaehrlich-ist;Hier finden Sie Informationen zu dem Thema „Gesundheitsrisiko“. Lesen Sie jetzt „Gesundheitsrisiko Waldbrand: Wieso der Rauch gefährlich ist“.;Gesundheitsrisiko;News, Gesundheitsrisiko, Monschau, Weltgesundheitsorganisation, Bundesumweltamt, WHO, Gesundheitsrisiko, Waldbrand;2026-08-16T11:28:34+02:00;2026-08-16T11:28:34+02:00;;dpa;false
91dfec48737203029909489168bbe5e857b6556d555fc66dac425d788a2c8e97;Nach Waldbränden fordert SPD härtere Strafen für Brandstiftung;https://www.zeit.de/politik/deutschland/2026-08/brandstiftung-strafverschaerfung-spd-gesetz-gxe;Die SPD-Bundestagsfraktion reagiert auf die verheerenden Waldbrände in Deutschland: Sie will die Strafen für Brandstiftung verschärfen und fordert bessere Prävention.;Strafverschärfung für Brandstiftung;Politik, Strafverschärfung für Brandstiftung, Brandstiftung, SPD, Waldbrand, Justiz, Hitze, Dürre;2026-08-16T11:27:11+02:00;2026-08-16T11:27:11+02:00;tle;DIE ZEIT,        AFP,        							tle;false
3a8616fe91687ec5ce5d11a6925067bfd801a1e913125e58146a27748fa4f8dc;Vietnamesische Azubis starten in 21 Südthüringer Betrieben;https://www.zeit.de/news/2026-08/16/vietnamesische-azubis-starten-in-21-suedthueringer-betrieben;Hier finden Sie Informationen zu dem Thema „Ausbildung“. Lesen Sie jetzt „Vietnamesische Azubis starten in 21 Südthüringer Betrieben“.;Ausbildung;News, Ausbildung, Südthüringen, Vietnam, Suhl, Thüringen, IHK;2026-08-16T11:26:39+02:00;2026-08-16T11:26:39+02:00;;dpa Thüringen;false
f259ff9b8275a062b3a9fb6faff74e37acfd5562aeb774420e4859f11b44cc99;Union Berlin hadert mit Abwehr – Lustrinelli bleibt gelassen;https://www.zeit.de/news/2026-08/16/union-berlin-hadert-mit-abwehr-lustrinelli-bleibt-gelassen;Hier finden Sie Informationen zu dem Thema „Eine Woche vor dem Pokal“. Lesen Sie jetzt „Union Berlin hadert mit Abwehr – Lustrinelli bleibt gelassen“.;Eine Woche vor dem Pokal;News, Eine Woche vor dem Pokal, Mauro Lustrinelli, Union, 1. Fußballclub Union Berlin, Ipswich, Robert Bosch, CDU/CSU, 1. FC Union Berlin, Ipswich Town, Pflichtspielstart, Abwehr;2026-08-16T11:25:43+02:00;2026-08-16T11:25:43+02:00;;dpa Berlin/Brandenburg;false
776db29a2dd3678f8e1010b3926710ce24bcbcbdd6ae629d9d8b3ba02b2b3e8e;Lage in Hürtgenwald entspannt sich weiter;https://www.zeit.de/news/2026-08/16/nach-der-hitze-kommt-regen-entspannung-bei-waldbrandgefahr;Hier finden Sie Informationen zu dem Thema „Großbrände“. Lesen Sie jetzt „Lage in Hürtgenwald entspannt sich weiter“.;Großbrände;News, Großbrände, Brandenburg, Waldbrandgefahr, Entspannung, Alarmstufe, Brandgefahr, Temperatur, Hitze;2026-08-16T11:23:05+02:00;2026-08-16T11:23:05+02:00;;dpa Berlin/Brandenburg;false
ce953c5a46eb59f8f70b6fc87be5333bf9282ac6c26f0a1182b65169203520ca;Auto überschlägt sich – zwei junge Menschen schwer verletzt;https://www.zeit.de/news/2026-08/16/auto-ueberschlaegt-sich-zwei-junge-menschen-schwer-verletzt;Hier finden Sie Informationen zu dem Thema „Unfälle“. Lesen Sie jetzt „Auto überschlägt sich – zwei junge Menschen schwer verletzt“.;Unfälle;News, Unfälle, Polizei, Unfall, Auto;2026-08-16T11:19:45+02:00;2026-08-16T11:19:45+02:00;;dpa Hamburg/Schleswig-Holstein;false
6438747e2cff403ea42c56014e0107711b8a1b55c5b389089d2fd44badffbb8d;Jugendliche bewerfen Autos mit Äpfeln und Eiern;https://www.zeit.de/news/2026-08/16/jugendliche-bewerfen-autos-mit-aepfeln-und-eiern;Hier finden Sie Informationen zu dem Thema „Verdächtiger flüchtet“. Lesen Sie jetzt „Jugendliche bewerfen Autos mit Äpfeln und Eiern“.;Verdächtiger flüchtet;News, Verdächtiger flüchtet, Erlenbach, Landkreis Heilbronn, Polizei, Apfel, Auto, E-Scooter;2026-08-16T11:17:39+02:00;2026-08-16T11:17:39+02:00;;dpa Baden-Württemberg;false
2d17a59dddf3c68fcf355b03ee2e34c706792f10ccd2e99b943ff71eacd497b3;Hurrikan «Lala» vor Hawaii: Zehntausende ohne Strom;https://www.zeit.de/news/2026-08/16/hurrikan-lala-vor-hawaii-zehntausende-ohne-strom;Hier finden Sie Informationen zu dem Thema „Extremwetter“. Lesen Sie jetzt „Hurrikan «Lala» vor Hawaii: Zehntausende ohne Strom“.;Extremwetter;News, Extremwetter, Hawaii, Big Island, Hurrikan, Extremwetter, Überschwemmung;2026-08-16T11:07:50+02:00;2026-08-16T11:07:50+02:00;;dpa;false
1342562ff9be1c093d77e1c490e3f3d0481c82a8e5b73b2c62f4390eb08482ae;Nach Weltrekord: Liebmann scheidet auf Nebenstrecke aus;https://www.zeit.de/news/2026-08/16/nach-weltrekord-liebmann-scheidet-auf-nebenstrecke-aus;Hier finden Sie Informationen zu dem Thema „Schwimm-EM“. Lesen Sie jetzt „Nach Weltrekord: Liebmann scheidet auf Nebenstrecke aus“.;Schwimm-EM;News, Schwimm-EM, Johannes Liebmann, Lukas Märtens, Schwimm-EM, Weltrekord, Nebenstrecke, Freistil, Gold;2026-08-16T11:07:39+02:00;2026-08-16T11:07:39+02:00;;dpa Sport;false
ef16bacf749de3b547ac0de3d947dc8ad12ca122d1c9da419d61bed06d85e0cf;Negativer Pegelstand des Rheins in Düsseldorf;https://www.zeit.de/news/2026-08/16/negativer-pegelstand-des-rheins-in-duesseldorf;Hier finden Sie Informationen zu dem Thema „Extremes Niedrigwasser“. Lesen Sie jetzt „Negativer Pegelstand des Rheins in Düsseldorf“.;Extremes Niedrigwasser;News, Extremes Niedrigwasser, Rhein, Düsseldorf, Pegelstand, Niedrigwasser, Negativbereich, Tiefststand, Schifffahrtsamt;2026-08-16T11:06:26+02:00;2026-08-16T11:06:26+02:00;;dpa Nordrhein-Westfalen;false
014f49d0087d327219a06da35afba3922f5ed93b6885bdfda71915c04bcb1a0b;Bauarbeiter stürzt neun Meter tief;https://www.zeit.de/news/2026-08/16/bauarbeiter-stuerzt-neun-meter-tief;Hier finden Sie Informationen zu dem Thema „Notfälle“. Lesen Sie jetzt „Bauarbeiter stürzt neun Meter tief“.;Notfälle;News, Notfälle, Feuerwehr, Kongresshalle, Notfall;2026-08-16T11:06:14+02:00;2026-08-16T11:06:14+02:00;;dpa Bayern;false
2c0619158780653a435945f496b4e258d013ee672c2608602dfe5910b50df712;Mann wird mit Messer verletzt und notoperiert;https://www.zeit.de/news/2026-08/16/mann-wird-mit-messer-verletzt-und-notoperiert;Hier finden Sie Informationen zu dem Thema „Kriminalität“. Lesen Sie jetzt „Mann wird mit Messer verletzt und notoperiert“.;Kriminalität;News, Kriminalität, Polizei;2026-08-16T11:05:10+02:00;2026-08-16T11:05:10+02:00;;dpa Sachsen;false
439c5183f9391a078dcd6edd2e3f81b6da993df0e861e42248b3c3ade966ac90;Spanischer Kampfjet schießt Drohne über Rumänien ab;https://www.zeit.de/politik/ausland/2026-08/nato-drohne-rumaenien-f-18-galati-gxe;Am frühen Morgen ist eine Drohne in den rumänischen Luftraum eingedrungen. Ein Kampfjet des Nato-Partners Spanien schoss das unbemannte Flugobjekt ab.;Nato;Politik, Nato, Drohne, Nato, Rumänien, Militär, Spanien, Krieg in der Ukraine;2026-08-16T11:04:19+02:00;2026-08-16T11:04:19+02:00;bda;DIE ZEIT,        dpa,        Reuters,        							bda;false
548e094966c2ec614994f574e3874ef051dbc7bb99ce57510d19b302528adb82;Nach Ätna-Ausbruch: Flugbetrieb wieder weitgehend normal;https://www.zeit.de/news/2026-08/16/nach-aetna-ausbruch-flugbetrieb-wieder-weitgehend-normal;Hier finden Sie Informationen zu dem Thema „Vulkan“. Lesen Sie jetzt „Nach Ätna-Ausbruch: Flugbetrieb wieder weitgehend normal“.;Vulkan;News, Vulkan, Ätna, Catania, Sizilien, Flugbetrieb, Vulkan;2026-08-16T10:59:41+02:00;2026-08-16T10:59:41+02:00;;dpa;false
c0391d42b689e69fd105c555bf440be7491728c827b29a0cc58a4bd0af914a72;Augsburg-Pleite bei Generalprobe: «Ganz anders vorgestellt»;https://www.zeit.de/news/2026-08/16/augsburg-pleite-bei-generalprobe-ganz-anders-vorgestellt;Hier finden Sie Informationen zu dem Thema „0:4 in England“. Lesen Sie jetzt „Augsburg-Pleite bei Generalprobe: «Ganz anders vorgestellt»“.;0:4 in England;News, 0:4 in England, Finn Dahmen, Manuel Baum, England, Cottbus, Augsburg, Leeds, FC Augsburg, Leeds United, Deutscher Fußball-Bund, Pflichtspiel;2026-08-16T10:58:59+02:00;2026-08-16T10:58:59+02:00;;dpa Bayern;false
bcf2cb8618d2ddc97e62da2a61d0b38da15f5735937c856e355538a880572080;Mann mit Messer verletzt – Verdächtiger gefasst;https://www.zeit.de/news/2026-08/16/mann-mit-messer-verletzt-verdaechtiger-gefasst;Hier finden Sie Informationen zu dem Thema „Kriminalität“. Lesen Sie jetzt „Mann mit Messer verletzt – Verdächtiger gefasst“.;Kriminalität;News, Kriminalität, Freital, Sächsische Schweiz, Polizei;2026-08-16T10:55:33+02:00;2026-08-16T10:55:33+02:00;;dpa Sachsen;false
297940d67a3dff059aeeb3367fefb7481458bd6c66d32a284547cb8f1d5c0bab;Nach «Billard-Tor»: Leipzig verliert - ist aber zufrieden;https://www.zeit.de/news/2026-08/16/nach-billard-tor-leipzig-verliert-ist-aber-zufrieden;Hier finden Sie Informationen zu dem Thema „Fußball-Bundesliga“. Lesen Sie jetzt „Nach «Billard-Tor»: Leipzig verliert - ist aber zufrieden“.;Fußball-Bundesliga;News, Fußball-Bundesliga, Martín Demichelis, Rocco Reitz, Leipzig, Real Madrid, Eintracht Trier, Fußball-Bundesliga, Testspielniederlage, Gegentor;2026-08-16T10:54:09+02:00;2026-08-16T10:54:09+02:00;;dpa Sachsen;false
4d091fbfd97a903c6c5d983888eda5ffa66e3fcbfc7723fe80dee4793067ec6d;Motorradfahrer prallt gegen Leitplanke – schwer verletzt;https://www.zeit.de/news/2026-08/16/motorradfahrer-prallt-gegen-leitplanke-schwer-verletzt;Hier finden Sie Informationen zu dem Thema „Blaulicht“. Lesen Sie jetzt „Motorradfahrer prallt gegen Leitplanke – schwer verletzt“.;Blaulicht;News, Blaulicht, Polizei, Leitplanke, Wartburgkreis, Blaulicht;2026-08-16T10:49:49+02:00;2026-08-16T10:49:49+02:00;;dpa Thüringen;false
83a9465dd56348952627df033fbda2ce268e94cf83a66058b5ea44d96a1f70ca;26-jähriger Motorradfahrer tödlich verunglückt;https://www.zeit.de/news/2026-08/16/26-jaehriger-motorradfahrer-toedlich-verunglueckt;Hier finden Sie Informationen zu dem Thema „Tödlicher Unfall“. Lesen Sie jetzt „26-jähriger Motorradfahrer tödlich verunglückt“.;Tödlicher Unfall;News, Tödlicher Unfall, Berchtesgaden, Unfall, Verkehrsunfall;2026-08-16T10:39:14+02:00;2026-08-16T10:39:14+02:00;;dpa Bayern;false
2cb004e17c8b587b8e43bba86ec5fa3f52038286613023d308b8cb5b385a0b15;Emotionaler Trauerzug durch Mumbles: Fans ehren Bonnie Tyler;https://www.zeit.de/news/2026-08/16/emotionaler-trauerzug-durch-mumbles-fans-ehren-bonnie-tyler;Hier finden Sie Informationen zu dem Thema „Abschied von Sängerin“. Lesen Sie jetzt „Emotionaler Trauerzug durch Mumbles: Fans ehren Bonnie Tyler“.;Abschied von Sängerin;News, Abschied von Sängerin, Bonnie Tyler, Sängerin, Mumble, Swansea, Trauerzug;2026-08-16T10:38:51+02:00;2026-08-16T10:38:51+02:00;;dpa;false
6a17d48cf06ad60a5e51993c31a4c77fb1b446c571380059e5cd88ea45d1af0d;Neuer Bahnhof nahe Tesla startet verspätet - Kritik an Bahn;https://www.zeit.de/news/2026-08/16/neuer-bahnhof-nahe-tesla-startet-verspaetet-kritik-an-bahn;Hier finden Sie Informationen zu dem Thema „Wichtige Pendlerstrecke“. Lesen Sie jetzt „Neuer Bahnhof nahe Tesla startet verspätet - Kritik an Bahn“.;Wichtige Pendlerstrecke;News, Wichtige Pendlerstrecke, Robert Crumbach, Grünheide, Berlin, Brandenburg, Oder-Spree, Frankfurt (Oder), Deutsche Bahn, Fangschleuse, Pendlerstrecke, Bahnhof;2026-08-16T10:37:19+02:00;2026-08-16T10:37:19+02:00;;dpa Berlin/Brandenburg;false
7c394a12f34d7bb0e1d008f65c8fa7c77ca535e17c9bb383e0658da14e30dbbd;Wetterumschwung bringt Abkühlung nach Hessen;https://www.zeit.de/news/2026-08/16/wetterumschwung-bringt-abkuehlung-nach-hessen;Hier finden Sie Informationen zu dem Thema „Wetter“. Lesen Sie jetzt „Wetterumschwung bringt Abkühlung nach Hessen“.;Wetter;News, Wetter, Hessen, DWD, Wetterumschwung, Abkühlung, Wetter;2026-08-16T10:36:59+02:00;2026-08-16T10:36:59+02:00;;dpa Hessen;false
634384cd64a26ac2ca7f579285e4dbeb4638f12cce1aee3f03bf90cc8ed1b667;Motorradfahrer stürzt im Erzgebirge und wird schwer verletzt;https://www.zeit.de/news/2026-08/16/motorradfahrer-stuerzt-im-erzgebirge-und-wird-schwer-verletzt;Hier finden Sie Informationen zu dem Thema „Ursache unklar“. Lesen Sie jetzt „Motorradfahrer stürzt im Erzgebirge und wird schwer verletzt“.;Ursache unklar;News, Ursache unklar, Erzgebirge, Erzgebirgskreis;2026-08-16T10:32:32+02:00;2026-08-16T10:32:32+02:00;;dpa Sachsen;false
73e8141a83a11b9809856e63780e8f09d9d1bc1d9c7ad49231c0d48985fef181;Denn sie wissen nicht, wo sie sind;https://www.zeit.de/2026/35/bergunfaelle-oesterreich-bergrettung-alpen-tourismus;Ohne Gurt in den Klettersteig, mit Jogginghose im Eis: Immer mehr Menschen geraten auf Österreichs Bergen selbst verschuldet in Not. Die Einsatzkräfte reagieren gereizt.;"Z+ (abopflichtiger Inhalt);
        
    Bergunfälle in Österreich";Arbeit, Bergunfälle in Österreich, Österreich, Wandern, Zugspitze, TikTok, Alpen, Tirol, Soziale Medien, Dachstein, Traunstein;2026-08-16T10:30:28+02:00;2026-08-16T10:30:28+02:00;Christian Bartlau;Aus der        ZEIT Nr. 35/2026;false
aa8c91707d0b0bd8e874e505f5bddf4953b84171d8fdf48212a9128ad773b959;Fallschirmspringer verletzt sich bei Landung schwer;https://www.zeit.de/news/2026-08/16/fallschirmspringer-verletzt-sich-bei-landung-schwer;Hier finden Sie Informationen zu dem Thema „Landkreis Sigmaringen“. Lesen Sie jetzt „Fallschirmspringer verletzt sich bei Landung schwer“.;Landkreis Sigmaringen;News, Landkreis Sigmaringen, Landkreis Sigmaringen;2026-08-16T10:29:45+02:00;2026-08-16T10:29:45+02:00;;dpa Baden-Württemberg;false
ed8e16d76b92cdf539e232df2afdf52c78dd6416afaef9d026e6de6f1d62f73c;Gewitter sorgen für Abkühlung nach der Hitze;https://www.zeit.de/news/2026-08/16/gewitter-sorgen-fuer-abkuehlung-nach-der-hitze;Hier finden Sie Informationen zu dem Thema „Wetter“. Lesen Sie jetzt „Gewitter sorgen für Abkühlung nach der Hitze“.;Wetter;News, Wetter, Saarland, Rheinland-Pfalz, Gewitter, Abkühlung, Hitze, Wetter;2026-08-16T10:28:53+02:00;2026-08-16T10:28:53+02:00;;dpa Rheinland-Pfalz/Saarland;false
644da5b60ddac689f537d9d9271ddc9fe45ba66fc8e7ea82e9888746d6b7c065;Zwei Jugendliche auf Moped bei Unfall schwer verletzt;https://www.zeit.de/news/2026-08/16/zwei-jugendliche-auf-moped-bei-unfall-schwer-verletzt;Hier finden Sie Informationen zu dem Thema „Mittelsachsen“. Lesen Sie jetzt „Zwei Jugendliche auf Moped bei Unfall schwer verletzt“.;Mittelsachsen;News, Mittelsachsen, Unfall;2026-08-16T10:28:11+02:00;2026-08-16T10:28:11+02:00;;dpa Sachsen;false
094846b773a9c6eee8e002a3275547552e8402873023292d68c53d197604208c;Wohnung in Hannover brennt - Haus vorübergehend unbewohnbar;https://www.zeit.de/news/2026-08/16/wohnung-in-hannover-brennt-haus-voruebergehend-unbewohnbar;Hier finden Sie Informationen zu dem Thema „Feuerwehr-Einsatz“. Lesen Sie jetzt „Wohnung in Hannover brennt - Haus vorübergehend unbewohnbar“.;Feuerwehr-Einsatz;News, Feuerwehr-Einsatz, Hannover, Feuerwehr;2026-08-16T10:16:54+02:00;2026-08-16T10:16:54+02:00;;dpa Niedersachsen;false
c8d75113863a0d5ec4be6d8df19fa917b7e53e13be5cdcb49b638f0735f0c37e;Mit 1,8 Promille: 18-Jähriger fährt gegen Hauswand;https://www.zeit.de/news/2026-08/16/mit-1-8-promille-18-jaehriger-faehrt-gegen-hauswand;Hier finden Sie Informationen zu dem Thema „Betrunken am Steuer“. Lesen Sie jetzt „Mit 1,8 Promille: 18-Jähriger fährt gegen Hauswand“.;Betrunken am Steuer;News, Betrunken am Steuer, Nierstein, Polizei, Hauswand, Streife, Fahrzeug;2026-08-16T10:15:55+02:00;2026-08-16T10:15:55+02:00;;dpa Rheinland-Pfalz/Saarland;false
e2608abe380a9c7a0923eea17260db791de9845870abbe2acc348f1823354968;Iran richtet Mann wegen angeblicher Spionage für Israel und USA hin;https://www.zeit.de/politik/ausland/2026-08/iran-hinrichtung-todesstrafe-winterproteste-karadsch-gxe;Die iranische Justiz hat ein weiteres Todesurteil vollstreckt. Menschenrechtler werfen den Behörden vor, die Todesstrafe zur Unterdrückung von Kritik einzusetzen.;Hinrichtung im Iran;Politik, Hinrichtung im Iran, Iran, Todesstrafe, Nahost, Protest, Teheran, Spionage;2026-08-16T10:09:52+02:00;2026-08-16T10:09:52+02:00;bda;DIE ZEIT,        AFP,        dpa,        							bda;false
509d5c952504212ac3a2f9b5d2d42a3a5476b0824495f69fb95f540b3d8af96c;Deutsche Firmen investieren deutlich weniger in den USA;https://www.zeit.de/wirtschaft/2026-08/deutschland-investition-usa-wirtschaft-iw-zoll-studie-gxe;Nach Berechnungen des IW haben deutsche Unternehmen ihre Direktinvestitionen in den USA um 65 Prozent gesenkt. Der Negativtrend begann mit Trumps zweiter Amtszeit.;IW-Studie;Wirtschaft, IW-Studie, Direktinvestition, USA, Unternehmen, US-Zölle, Donald Trump, Studie;2026-08-16T10:06:16+02:00;2026-08-16T10:06:16+02:00;ore;DIE ZEIT,        Reuters,        							ore;false
cd0437cb920a94e8310f06cb7d6bfee01ae64855dd2a0bb638dfc052a4786d2b;Freibäder in Thüringen erleben gute Sommersaison;https://www.zeit.de/news/2026-08/16/freibaeder-in-thueringen-erleben-gute-sommersaison;Hier finden Sie Informationen zu dem Thema „Freizeit“. Lesen Sie jetzt „Freibäder in Thüringen erleben gute Sommersaison“.;Freizeit;News, Freizeit, Thüringen, Erfurt, Nordhausen, Weimar, Freibad, Sommersaison, Hitzetag, Zwischenfazit, Sommerferien, Hitze;2026-08-16T10:05:54+02:00;2026-08-16T10:05:54+02:00;;dpa Thüringen;false
154c6bed5140b6280e55822086f4cd35b7df5e35952201e0f97f3b07fe06dfb4;Einfamilienhaus in Pirmasens bei Brand zerstört;https://www.zeit.de/news/2026-08/16/einfamilienhaus-in-pirmasens-bei-brand-zerstoert;Hier finden Sie Informationen zu dem Thema „Brände“. Lesen Sie jetzt „Einfamilienhaus in Pirmasens bei Brand zerstört“.;Brände;News, Brände, Pirmasens, Einfamilienhaus, Brand;2026-08-16T10:04:25+02:00;2026-08-16T10:04:25+02:00;;dpa Rheinland-Pfalz/Saarland;false
f5070a3abcc10610e9b8d86cab648143717cb8287a7436c99a81e55ee5ff0ad2;Millionenschaden nach Brand - 16-Jähriger leicht verletzt;https://www.zeit.de/news/2026-08/16/millionenschaden-nach-brand-16-jaehriger-leicht-verletzt;Hier finden Sie Informationen zu dem Thema „Drei Häuser unbewohnbar“. Lesen Sie jetzt „Millionenschaden nach Brand - 16-Jähriger leicht verletzt“.;Drei Häuser unbewohnbar;News, Drei Häuser unbewohnbar, Neuried-Altenheim, Ortenaukreis, Polizei, Millionenschaden, Großbrand;2026-08-16T09:59:46+02:00;2026-08-16T09:59:46+02:00;;dpa Baden-Württemberg;false
1372919f16d21b290bd62d89cee2a13d71cb30158616f08177de4b824ed03790;Gekenterte Kajakfahrer aus Wismarbucht gerettet;https://www.zeit.de/news/2026-08/16/gekenterte-kajakfahrer-aus-wismarbucht-gerettet;Hier finden Sie Informationen zu dem Thema „In Seenot“. Lesen Sie jetzt „Gekenterte Kajakfahrer aus Wismarbucht gerettet“.;In Seenot;News, In Seenot, Wismarbucht, Poel, DGzRS, Seenot, Kajak;2026-08-16T09:59:23+02:00;2026-08-16T09:59:23+02:00;;dpa Mecklenburg-Vorpommern;false
1a75c18ae2b5e23b3762355d5a1a1f9e902912a7e708f892b316cde4f38752e0;Ehemaliges Hotel steht in Flammen - Großeinsatz in Hamburg;https://www.zeit.de/news/2026-08/16/ehemaliges-hotel-steht-in-flammen-grosseinsatz-in-hamburg;Hier finden Sie Informationen zu dem Thema „Großbrand“. Lesen Sie jetzt „Ehemaliges Hotel steht in Flammen - Großeinsatz in Hamburg“.;Großbrand;News, Großbrand, Hamburg, Hamburg-Harburg, Großbrand, Behördenangabe, Großeinsatz;2026-08-16T09:56:35+02:00;2026-08-16T09:56:35+02:00;;dpa Hamburg/Schleswig-Holstein;false
9262b4dca260fe20a91b239193b5c217b0414e57d2baa60dda0faf1efb66c453;Neue Lage: Immer mehr Syrer verlieren ihren Schutzstatus;https://www.zeit.de/news/2026-08/16/neue-lage-immer-mehr-syrer-verlieren-ihren-schutzstatus;Hier finden Sie Informationen zu dem Thema „Flüchtlinge“. Lesen Sie jetzt „Neue Lage: Immer mehr Syrer verlieren ihren Schutzstatus“.;Flüchtlinge;News, Flüchtlinge, Baschar al-Assad, Damaskus, Türkei, Libanon, Jordanien, Syrien, BAMF, Bamf, Bundesregierung, Schutzstatus;2026-08-16T09:51:12+02:00;2026-08-16T09:51:12+02:00;;dpa;false
45c11815680968d99bad80c41f5ded206e6f775da2baa273f2fc4414a3cf4e2c;Kühlschrank auf, Fernweh weg;https://www.zeit.de/zeit-magazin/wochenmarkt/2026-08/mousse-de-maracuya-maracujamousse-rezept-wochenmarkt;Maracujamousse gehört in Südamerika zum Standard-Dessertrepertoire. Die Passionsfrüchte sind frisch und sauer, die Kondensmilch sorgt für Süße. Schnell geht es auch noch!;"Z+ (abopflichtiger Inhalt);
        
    Mousse de Maracuyá";Desserts, Dessert für Kinder, Sommer;2026-08-16T09:51:03+02:00;2026-08-16T09:51:03+02:00;Elena Cremer;;false
bd1a84edc202e6716aca48e3f6d0d25398b7285ea7cfeb5d844c31fd2835eb5d;Mit Comeback an die Spitze: «Club»-Euphorie nach Derby-Coup;https://www.zeit.de/news/2026-08/16/mit-comeback-an-die-spitze-club-euphorie-nach-derby-coup;Hier finden Sie Informationen zu dem Thema „4:2 gegen Erzrivale Fürth“. Lesen Sie jetzt „Mit Comeback an die Spitze: «Club»-Euphorie nach Derby-Coup“.;4:2 gegen Erzrivale Fürth;News, 4:2 gegen Erzrivale Fürth, Miroslav Klose, Jan Reichert, Piet Scobel, Felix Klaus, Nürnberg, Fürth, SpVgg Greuther Fürth, 1. FC Nürnberg, Fußball-Bundesliga, Comeback;2026-08-16T09:50:59+02:00;2026-08-16T09:50:59+02:00;;dpa Bayern;false
b70aa1d352cd58487b72f3857afdbfb4f2b4603cdca28112ac41bf8e0f0960b4;Kommunikation als Schlüssel: Magdeburg glänzt beim 3:0-Sieg;https://www.zeit.de/news/2026-08/16/kommunikation-als-schluessel-magdeburg-glaenzt-beim-3-0-sieg;Hier finden Sie Informationen zu dem Thema „Fußball“. Lesen Sie jetzt „Kommunikation als Schlüssel: Magdeburg glänzt beim 3:0-Sieg“.;Fußball;News, Fußball, Petrik Sander, Paul Jaeckel, Magdeburg, Osnabrück, Braunschweig, 1. FC Magdeburg, Kommunikation, Saisonspiel, Fußball, Erfolg;2026-08-16T09:50:00+02:00;2026-08-16T09:50:00+02:00;;dpa Sachsen;false
41c749e08dbbeb90605cb197675effeb4ecde3c7737948e56cabc7c488e1cb8d;Mein Mann hat Pflegegrad vier. Das ist hart für ihn und hart für mich;https://www.zeit.de/zeit-magazin/leben/2026-08/ruhestand-berufsausstieg-alter-planung;Paris, Enkel hüten, Freunde sehen: Ich hatte so viele Pläne für den Ruhestand. Meinen Mann zu pflegen, gehörte nicht dazu. Wie ich lernte, mein neues Leben anzunehmen.;"Z+ (abopflichtiger Inhalt);
        
    Ruhestand";Ruhestand, Rente, Pflege, Reisen, Belletristik, Coronavirus;2026-08-16T09:46:38+02:00;2026-08-16T09:46:38+02:00;Anna von Münchhausen;;false
052eea6c022fefa4bf9fb0ea0dad07baf442b7d4b1c35f1f19cc0006c5c0f6ef;Erstmals vier Titel in Serie? Eisbären heiß auf DEL-Novum;https://www.zeit.de/news/2026-08/16/erstmals-vier-titel-in-serie-eisbaeren-heiss-auf-del-novum;Hier finden Sie Informationen zu dem Thema „Eishockey“. Lesen Sie jetzt „Erstmals vier Titel in Serie? Eisbären heiß auf DEL-Novum“.;Eishockey;News, Eishockey, Serge Aubin, Eric Dubois, Kai Wissmann, Bern, DEL, Eisbär, Eishockey, Sommer;2026-08-16T09:37:56+02:00;2026-08-16T09:37:56+02:00;;dpa Berlin/Brandenburg;false
c42c2920eeccfef964c65dc50f1540ab643fb09fc9e42fdfcca777b92f339153;49-jähriger Motorradfahrer bei Sturz schwer verletzt;https://www.zeit.de/news/2026-08/16/49-jaehriger-motorradfahrer-bei-sturz-schwer-verletzt;Hier finden Sie Informationen zu dem Thema „Polizei ermittelt“. Lesen Sie jetzt „49-jähriger Motorradfahrer bei Sturz schwer verletzt“.;Polizei ermittelt;News, Polizei ermittelt, Polizei, Verkehrsunfall;2026-08-16T09:33:41+02:00;2026-08-16T09:33:41+02:00;;dpa Bayern;false
5b906bd6a52c2a45a78fa046f942e9a706426f6167f794b89836db50f2b09f67;Rätselhafte Gräber - Archäologischer Fund bei Dachritz;https://www.zeit.de/news/2026-08/16/raetselhafte-graeber-archaeologischer-fund-bei-dachritz;Hier finden Sie Informationen zu dem Thema „Archäologie“. Lesen Sie jetzt „Rätselhafte Gräber - Archäologischer Fund bei Dachritz“.;Archäologie;News, Archäologie, Susanne Friederich, Saalekreis, Dachritz, Glockenbecherkultur, Gräbergruppe, Grabgrube, Einzelbestattung;2026-08-16T09:30:05+02:00;2026-08-16T09:30:05+02:00;;dpa Sachsen;false
fc360f54dc4a360d87575a3da46524b489ebb9c07f2b456a0bda14fae7d0497b;Mann schiebt Auto aus Versehen ins Hafenbecken Warnemünde;https://www.zeit.de/news/2026-08/16/mann-schiebt-auto-aus-versehen-ins-hafenbecken-warnemuende;Hier finden Sie Informationen zu dem Thema „Unfälle“. Lesen Sie jetzt „Mann schiebt Auto aus Versehen ins Hafenbecken Warnemünde“.;Unfälle;News, Unfälle, Warnemünde, Hafenbecken, Auto;2026-08-16T09:29:49+02:00;2026-08-16T09:29:49+02:00;;dpa Mecklenburg-Vorpommern;false
a118ec5bce40af09be3a769f02cf9e8c840f3139f29176967b3e267892cadcd5;Rund 300 Migranten in Nordmarokko nahe Grenze zu Ceuta festgenommen;https://www.zeit.de/politik/ausland/2026-08/ceuta-marokko-migranten-grenze-fake-news-amdh-gxe;In der Nähe von Ceuta sind Hunderte Menschen aufgegriffen worden, die offenbar in die spanische Exklave strebten. Marokko und Spanien haben die Grenzsicherung verstärkt.;Ceuta;Politik, Ceuta, Migration, Geflüchtete, Ceuta, Marokko, Exklave, Desinformation;2026-08-16T09:28:23+02:00;2026-08-16T09:28:23+02:00;bda;DIE ZEIT,        AFP,        dpa,        							bda;false
14d8fdf97228d36e5db0d1f03bfaee2c701d45a851c830ff975bf3ef9ee1bd35;113 Jahre Aquarium Berlin - Haie, Quallen und kuriose Fakten;https://www.zeit.de/news/2026-08/16/113-jahre-aquarium-berlin-haie-quallen-und-kuriose-fakten;Hier finden Sie Informationen zu dem Thema „Haus mit Geschichte“. Lesen Sie jetzt „113 Jahre Aquarium Berlin - Haie, Quallen und kuriose Fakten“.;Haus mit Geschichte;News, Haus mit Geschichte, Alfred Brehm, Jürgen Lange, Budapester Straße, Berlin, Berlin-Mitte, Aquarium Berlin, Qualle, Aquarium, Dinosaurier, Krokodil;2026-08-16T09:22:30+02:00;2026-08-16T09:22:30+02:00;;dpa Berlin/Brandenburg;false
4fe537a77a3b7b5c44958eef7173b0269a86f341a785715bada8107523447b2a;E-Scooter-Fahrer bei Unfall schwer verletzt;https://www.zeit.de/news/2026-08/16/e-scooter-fahrer-bei-unfall-schwer-verletzt;Hier finden Sie Informationen zu dem Thema „Kollision mit Auto“. Lesen Sie jetzt „E-Scooter-Fahrer bei Unfall schwer verletzt“.;Kollision mit Auto;News, Kollision mit Auto, Simbach am Inn, Rottal-Inn, Polizei, Unfall, Kollision, E-Scooter, Auto;2026-08-16T09:13:46+02:00;2026-08-16T09:13:46+02:00;;dpa Bayern;false
635cd7c0708b8bb071a88facc51075eea8113b8e50b1226d5eefecc150c6e0e4;Heidenheims Defensive patzt - Schmidt poltert: «Schämen»;https://www.zeit.de/news/2026-08/16/heidenheims-defensive-patzt-schmidt-poltert-schaemen;Hier finden Sie Informationen zu dem Thema „2. Fußball-Bundesliga“. Lesen Sie jetzt „Heidenheims Defensive patzt - Schmidt poltert: «Schämen»“.;2. Fußball-Bundesliga;News, 2. Fußball-Bundesliga, Patrick Mainka, Frank Schmidt, Heidenheim, Olympiastadion Berlin, Hertha BSC, Borussia Dortmund, Hertha BSC Berlin, 1. FC Heidenheim, FC Bayern München, Fußball-Bundesliga;2026-08-16T09:05:04+02:00;2026-08-16T09:05:04+02:00;;dpa Baden-Württemberg;false
09a94db53e10761505f50cdc805e52b0f5894610d6f4cffba3d5c05b303c8f83;Mit 2,27 Promille: Mann sorgt für S-Bahn-Streckensperrung;https://www.zeit.de/news/2026-08/16/mit-2-27-promille-mann-sorgt-fuer-s-bahn-streckensperrung;Hier finden Sie Informationen zu dem Thema „Verkehr“. Lesen Sie jetzt „Mit 2,27 Promille: Mann sorgt für S-Bahn-Streckensperrung“.;Verkehr;News, Verkehr, Bundespolizei, Streckensperrung, Verkehr;2026-08-16T09:01:31+02:00;2026-08-16T09:01:31+02:00;;dpa Hamburg/Schleswig-Holstein;false
9dc44ef35ed8efbe49f3bc99aca5f03b5f058490d23cbc6820656fa5854a68cf;Gewerbegrundstück in Wurzen brennt;https://www.zeit.de/news/2026-08/16/gewerbegrundstueck-in-wurzen-brennt;Hier finden Sie Informationen zu dem Thema „Feuerwehr“. Lesen Sie jetzt „Gewerbegrundstück in Wurzen brennt“.;Feuerwehr;News, Feuerwehr, Feuerwehr, Gewerbegrundstück, Gewerbegebäude;2026-08-16T08:29:39+02:00;2026-08-16T08:29:39+02:00;;dpa Sachsen;false
210d7fcd285ddd42369d54a3fb23e05b7538834f6295c82376190616d3613414;43-jähriger Motorradfahrer stirbt bei Unfall auf B8;https://www.zeit.de/news/2026-08/16/43-jaehriger-motorradfahrer-stirbt-bei-unfall-auf-b8;Hier finden Sie Informationen zu dem Thema „Tödlicher Unfall“. Lesen Sie jetzt „43-jähriger Motorradfahrer stirbt bei Unfall auf B8“.;Tödlicher Unfall;News, Tödlicher Unfall, Straubing, Unfall, Verkehrsunfall, Bundesstraße, Auto;2026-08-16T08:26:59+02:00;2026-08-16T08:26:59+02:00;;dpa Bayern;false
a86b6c2f7cd2626e92423cc3538b07e0cfd82c7f2272a8bacc380322a85955bf;Zverev bei Nachtschicht in Cincinnati mit viel Mühe weiter;https://www.zeit.de/news/2026-08/16/zverev-bei-nachtschicht-in-cincinnati-mit-viel-muehe-weiter;Hier finden Sie Informationen zu dem Thema „Tennis“. Lesen Sie jetzt „Zverev bei Nachtschicht in Cincinnati mit viel Mühe weiter“.;Tennis;News, Tennis, Alexander Zverev, Cameron Norrie, Yannick Hanfmann, Jan-Lennard Struff, Cincinnati, Wimbledon, US Open, Masters-Turnier, Grand-Slam-Turnier, Nachtschicht;2026-08-16T08:24:04+02:00;2026-08-16T08:24:04+02:00;;dpa Sport;false
71d5ac3c723ba54fb4de939f639b009ee29d9711d988860bd5b96c074d9dcb95;Bayern wird seinen Helden nicht los;https://www.zeit.de/2026/35/aschaffenburg-ahmed-odowaa-abschiebung-asyl-arbeitsmarkt;Er wurde als »Held von Aschaffenburg« gefeiert. Dann floh er vor seiner Abschiebung. Jetzt ist Ahmed Odowaa zurück in Deutschland. Und bittet Markus Söder um Hilfe.;"Z+ (abopflichtiger Inhalt);
        
    Attentat von Aschaffenburg";Wirtschaft, Attentat von Aschaffenburg, Aschaffenburg, Bayern, Abschiebung, Asyl, Arbeitsmarkt;2026-08-16T08:04:04+02:00;2026-08-16T08:04:04+02:00;Simon Langemann;Aus der        ZEIT Nr. 35/2026;false
d37e2aec0d2ca576815f7136b017fca8e8224b2fc928a1faece6806468ec6b14;Erstes Tor für Dorsch in MLS - Mukhtar trifft gegen Messi;https://www.zeit.de/news/2026-08/16/erstes-tor-fuer-dorsch-in-mls-mukhtar-trifft-gegen-messi;Hier finden Sie Informationen zu dem Thema „Major League Soccer“. Lesen Sie jetzt „Erstes Tor für Dorsch in MLS - Mukhtar trifft gegen Messi“.;Major League Soccer;News, Major League Soccer, Niklas Dorsch, Lionel Messi, Hany Mukhtar, Major League Soccer, 1. FC Heidenheim, Bundesliga;2026-08-16T08:03:39+02:00;2026-08-16T08:03:39+02:00;;dpa Baden-Württemberg;false
ae13f676e118cbcc4721b53a0ce4b02de4ebb165ba603345051db77057bd6366;»Hier verbinden sich Weltkrieg und Klimawandel«;https://www.zeit.de/feuilleton/literatur/2026-08/steffen-kopetzky-huertgenwald-waldbrand-deutschland;Steffen Kopetzkys Roman »Propaganda« spielt im derzeit brennenden Hürtgenwald. Ein Gespräch über Kriegstraumata und die Bedeutung dieses Waldes von Hemingway bis Mad Men.;"Z+ (abopflichtiger Inhalt);
        
    Steffen Kopetzky";Feuilleton, Steffen Kopetzky, Waldbrand, Geschichte, Zweiter Weltkrieg, Autor, Belletristik, Ernest Hemingway;2026-08-16T08:01:56+02:00;2026-08-16T08:01:56+02:00;Maja Beckers;;false
730e4eca853712370211e51a8ebfa06b8973715303b7c5e3d4cd5bcf88f4ca43;Hurrikan Lala bringt Big Island auf Hawaii schwere Schäden;https://www.zeit.de/gesellschaft/zeitgeschehen/2026-08/hurrikan-lala-hawaii-stromausfall-big-island-gxe;"Auf Hawaiis Big Island hat der Hurrikan Lala Stromausfälle und Überschwemmungen verursacht. Mehr als 60.000 Haushalte waren ohne Strom.
";Wirbelsturm;Gesellschaft, Wirbelsturm, Hawaii, Hurrikan, Stromausfall, Überschwemmung, Naturkatastrophe, Erdrutsch;2026-08-16T07:57:37+02:00;2026-08-16T07:57:37+02:00;ore;DIE ZEIT,        dpa,        							ore;false
d26be120c4cd6d495f8f3db972e2d4602c1146abbaf9ab8bedd8a3922e5f7ef8;Lanz kommt aus seiner Sommerpause wieder;https://www.zeit.de/news/2026-08/16/lanz-kommt-aus-seiner-sommerpause-wieder;Hier finden Sie Informationen zu dem Thema „ZDF-Sendung“. Lesen Sie jetzt „Lanz kommt aus seiner Sommerpause wieder“.;ZDF-Sendung;News, ZDF-Sendung, Markus Lanz, Hamburg, Sachsen-Anhalt, ZDF, Sommerpause;2026-08-16T07:55:04+02:00;2026-08-16T07:55:04+02:00;;dpa Hamburg/Schleswig-Holstein;false
d85fe28195ac46446401249ddca583c4e7b843c54d9d866113c5f47312e7b992;Mit Hilfsflügen über den Dschungel ins Erdbebengebiet;https://www.zeit.de/news/2026-08/16/mit-hilfsfluegen-ueber-den-dschungel-ins-erdbebengebiet;Hier finden Sie Informationen zu dem Thema „Nach Erdbeben in Kolumbien“. Lesen Sie jetzt „Mit Hilfsflügen über den Dschungel ins Erdbebengebiet“.;Nach Erdbeben in Kolumbien;News, Nach Erdbeben in Kolumbien, Kolumbien, Cali, Pazifik, Deutsche Presse-Agentur, Hilfsflug, Erdbebengebiet, Dschungel, Pazifikraum, Propellermaschine, Regenwald;2026-08-16T07:45:16+02:00;2026-08-16T07:45:16+02:00;;dpa;false
edc8cf69f0b8f1af7ad5964d432394c519b3c520e9ab333172bc993c44c9efca;Osnabrück-Coach Schultz: «Müssen schnell besser werden»;https://www.zeit.de/news/2026-08/16/osnabrueck-coach-schultz-muessen-schnell-besser-werden;Hier finden Sie Informationen zu dem Thema „Fehlstart“. Lesen Sie jetzt „Osnabrück-Coach Schultz: «Müssen schnell besser werden»“.;Fehlstart;News, Fehlstart, Timo Schultz, Osnabrück, Magdeburg, 1. FC Magdeburg, 1. FC Heidenheim, Fehlstart, Saisonstart;2026-08-16T07:25:04+02:00;2026-08-16T07:25:04+02:00;;dpa Niedersachsen;false
27dc740c7e229e40e16ecd711fffdf1c762ec7c8b42c82c27b8c1cff6767be4b;Wolken, Regen und teils schwülwarm;https://www.zeit.de/news/2026-08/16/wolken-regen-und-teils-schwuelwarm;Hier finden Sie Informationen zu dem Thema „Wettervorhersage für Bayern“. Lesen Sie jetzt „Wolken, Regen und teils schwülwarm“.;Wettervorhersage für Bayern;News, Wettervorhersage für Bayern, Bayern, DWD, Wettervorhersage;2026-08-16T07:18:02+02:00;2026-08-16T07:18:02+02:00;;dpa Bayern;false
a686adbd30d6eb3bb591b515dbebef07c65ba13caf7e2161dd659ff324af5add;Regen im Südwesten erwartet - wird es jetzt endlich kühler?;https://www.zeit.de/news/2026-08/16/regen-im-suedwesten-erwartet-wird-es-jetzt-endlich-kuehler;Hier finden Sie Informationen zu dem Thema „Wetter“. Lesen Sie jetzt „Regen im Südwesten erwartet - wird es jetzt endlich kühler?“.;Wetter;News, Wetter, DWD, Südwesten, Trockenheit, Wetter, Hitze, Starkregen;2026-08-16T07:11:54+02:00;2026-08-16T07:11:54+02:00;;dpa Baden-Württemberg;false
6ed2f406fa5b4fb4a30370aafa30e28449a23ec83169af573a774ced28ebf2a4;74-Jähriger tötet Ex-Frau und sich selbst;https://www.zeit.de/news/2026-08/16/74-jaehriger-toetet-ex-frau-und-sich-selbst;Hier finden Sie Informationen zu dem Thema „Tötung“. Lesen Sie jetzt „74-Jähriger tötet Ex-Frau und sich selbst“.;Tötung;News, Tötung, Tötung;2026-08-16T07:07:18+02:00;2026-08-16T07:07:18+02:00;;dpa Hessen;false
42bdb43a42cb10f196a8e7b34c4028130da20526384fd75d60f795b57807afff;Wie Wohnungslose wählen können;https://www.zeit.de/news/2026-08/16/wie-wohnungslose-waehlen-koennen;Hier finden Sie Informationen zu dem Thema „Berlin-Wahl 2026“. Lesen Sie jetzt „Wie Wohnungslose wählen können“.;Berlin-Wahl 2026;News, Berlin-Wahl 2026, Stephan Bröchler, Berlin, Meldeadresse, Abgeordnetenhaus, Wohnsitz;2026-08-16T07:00:21+02:00;2026-08-16T07:00:21+02:00;;dpa Berlin/Brandenburg;false
554e4380dd2811684682263a58266640a4acdca01f5abe79d28c3bb562ff2cf6;Bahnstrecke Düsseldorf-Köln ab Freitag gesperrt;https://www.zeit.de/news/2026-08/16/bahnstrecke-duesseldorf-koeln-ab-freitag-gesperrt;Hier finden Sie Informationen zu dem Thema „Bauarbeiten an Nord-Süd-Trasse“. Lesen Sie jetzt „Bahnstrecke Düsseldorf-Köln ab Freitag gesperrt“.;Bauarbeiten an Nord-Süd-Trasse;News, Bauarbeiten an Nord-Süd-Trasse, Düsseldorf, Köln, Köln-Mülheim, Leverkusen, Deutsche Bahn, Bahnstrecke, Zugverkehr, Nord-Süd-Trasse;2026-08-16T07:00:12+02:00;2026-08-16T07:00:12+02:00;;dpa Nordrhein-Westfalen;false
da56dbe4eef7adc51607f138bf927a0a179748d68676a9ab9cc3b97af13c8025;Naturfahrten und Eventtouren an der Ostsee besonders beliebt;https://www.zeit.de/news/2026-08/16/naturfahrten-und-eventtouren-an-der-ostsee-besonders-beliebt;Hier finden Sie Informationen zu dem Thema „Ausflugsfahrten“. Lesen Sie jetzt „Naturfahrten und Eventtouren an der Ostsee besonders beliebt“.;Ausflugsfahrten;News, Ausflugsfahrten, Ostsee, Schwerin, Stralsund, Hiddensee, Mecklenburg-Vorpommern, Weiße Flotte, Deutsche Presse-Agentur, Naturfahrt, Eventtour, Ausflugsfahrt;2026-08-16T07:00:10+02:00;2026-08-16T07:00:10+02:00;;dpa Mecklenburg-Vorpommern;false
c02977f9a64c8f833b9bb6f5fe1085bcede5f2999359f673fe8bb84c76027eb4;Der Klotz des Anstoßes: Was wird aus dem Russischen Haus?;https://www.zeit.de/news/2026-08/16/der-klotz-des-anstosses-was-wird-aus-dem-russischen-haus;Hier finden Sie Informationen zu dem Thema „Kultur in Zeiten des Krieges“. Lesen Sie jetzt „Der Klotz des Anstoßes: Was wird aus dem Russischen Haus?“.;Kultur in Zeiten des Krieges;News, Kultur in Zeiten des Krieges, Alexander Puschkin, Robin Wagener, Henry Lindemeier, Berlin, Russland, Moskau, DDR, Sowjetunion, Friedrichstraße, Rossotrudnitschestwo;2026-08-16T07:00:09+02:00;2026-08-16T07:00:09+02:00;;dpa;false
88dde8db1e67acfb7c54f569aafbf249a681556f2c53ad3431eaa3ee465c576e;Blick ins neue Schuljahr - was es zum schwierigsten macht;https://www.zeit.de/news/2026-08/16/blick-ins-neue-schuljahr-was-es-zum-schwierigsten-macht;Hier finden Sie Informationen zu dem Thema „Schulstart in Brandenburg“. Lesen Sie jetzt „Blick ins neue Schuljahr - was es zum schwierigsten macht“.;Schulstart in Brandenburg;News, Schulstart in Brandenburg, Gordon Hoffmann, Brandenburg, CDU, Deutsche Presse-Agentur, SPD, Schuljahr, Schulstart;2026-08-16T07:00:06+02:00;2026-08-16T07:00:06+02:00;;dpa Berlin/Brandenburg;false
39bb446af57957e44fd8b61710c8ea37d2ce663be97791077fa39f1f4fdb2a94;Fußgänger im Verkehr: 130 Jahre nach dem ersten Todesfall;https://www.zeit.de/news/2026-08/16/fussgaenger-im-verkehr-130-jahre-nach-dem-ersten-todesfall;Hier finden Sie Informationen zu dem Thema „Tödliche Unfälle“. Lesen Sie jetzt „Fußgänger im Verkehr: 130 Jahre nach dem ersten Todesfall“.;Tödliche Unfälle;News, Tödliche Unfälle, Bridget Driscoll, Arthur Edsall, London, Großbritannien, Afrika, Bulgarien, Rumänien, Kroatien, WHO, EU;2026-08-16T07:00:05+02:00;2026-08-16T07:00:05+02:00;;dpa;false
c08b9a4b320b2b7e03d13d9ce77e4dd912374bf8d21fc7993d7d4c05d6ea8453;Monschau: Bürger sollen wegen Rauch Häuser verlassen;https://www.zeit.de/news/2026-08/16/monschau-buerger-sollen-wegen-rauch-haeuser-verlassen;Hier finden Sie Informationen zu dem Thema „Feuer bei Monschau“. Lesen Sie jetzt „Monschau: Bürger sollen wegen Rauch Häuser verlassen“.;Feuer bei Monschau;News, Feuer bei Monschau, Monschau, Hohes Venn, Rauchbelastung, Feuerfront, Waldbrand;2026-08-16T06:05:39+02:00;2026-08-16T06:05:39+02:00;;dpa Nordrhein-Westfalen;false
bd448aa1224fa6cfe6c7538f1eef2bb3d72e3c3f8795c3ea4945039632abcbfe;Wie ich mit 46 beschloss, einen Köpper zu lernen;https://www.zeit.de/2026/35/kopfsprung-schwimmen-angst-lernen-freibad;"Ich kam ganz gut ohne Kopfsprung durchs Leben. Bis mein Sohn mich überholte. Und ich zurückging ins Freibad meiner Teenager-Jahre: um mich der Angst zu stellen.
";"Z+ (abopflichtiger Inhalt);
        
    Kopfsprung";Entdecken, Kopfsprung, Freibad, schwimmen, Alter, Angst;2026-08-16T06:04:23+02:00;2026-08-16T06:04:23+02:00;Johannes Gernert;Aus der        ZEIT Nr. 35/2026;false
c4a75c789e0ceb8fafb796a68539363f36aa3d3fa925eb3912abbc42227fe808;Das Monster in der Wüste;https://www.zeit.de/2026/35/ki-rechenzentrum-utah-bau-infrastruktur-protest;In Utah in den USA regt sich Protest gegen den Bau eines der größten Rechenzentren der Welt. Der Widerstand gegen die Infrastruktur des KI-Booms wächst nicht nur hier.;"Z+ (abopflichtiger Inhalt);
        
    KI-Rechenzentrum in Utah";Politik, KI-Rechenzentrum in Utah, künstliche Intelligenz, Utah, Infrastruktur, Wüste, Protest, USA;2026-08-16T05:56:51+02:00;2026-08-16T05:56:51+02:00;Juliane Schäuble;Aus der        ZEIT Nr. 35/2026;false
a548d96c87836c27ecd49b91dd395614812c44ed8db465ce1097cad2d8349ac4;Fehlende Finanzbeamte - Linke fordert mehr Steuerprüfungen;https://www.zeit.de/news/2026-08/16/fehlende-finanzbeamte-linke-fordert-mehr-steuerpruefungen;Hier finden Sie Informationen zu dem Thema „Finanzverwaltung“. Lesen Sie jetzt „Fehlende Finanzbeamte - Linke fordert mehr Steuerprüfungen“.;Finanzverwaltung;News, Finanzverwaltung, David Stoop, Hamburg, Deutsche Presse-Agentur, Steuerprüfung, Finanzverwaltung, Betriebsprüfung, Stichtag;2026-08-16T05:30:11+02:00;2026-08-16T05:30:11+02:00;;dpa Hamburg/Schleswig-Holstein;false
6aef75cfaa23f3b1d7de217285df176ce4a45024e9743ab0a5eb1ecc9e95dc96;Personalnot und Geldsorgen: NRW-Kitas weiter unter Druck;https://www.zeit.de/news/2026-08/16/personalnot-und-geldsorgen-nrw-kitas-weiter-unter-druck;Hier finden Sie Informationen zu dem Thema „Kinderbetreuung“. Lesen Sie jetzt „Personalnot und Geldsorgen: NRW-Kitas weiter unter Druck“.;Kinderbetreuung;News, Kinderbetreuung, Dennis Maelzer, NRW-Kita, NRW, SPD, Landtagswahl, Personalnot, Geldsorge, Kinderbetreuung, Kindertageseinrichtung, Tageseltern;2026-08-16T05:30:05+02:00;2026-08-16T05:30:05+02:00;;dpa Nordrhein-Westfalen;false
fd005e649bf38f01dc18e1b8b794374217a23b3896e58f24706f5f2fbb7d10b7;Rund 300.000 Euro Schaden bei Scheunenbrand;https://www.zeit.de/news/2026-08/16/rund-300-000-euro-schaden-bei-scheunenbrand;Hier finden Sie Informationen zu dem Thema „Brände“. Lesen Sie jetzt „Rund 300.000 Euro Schaden bei Scheunenbrand“.;Brände;News, Brände, Scheunenbrand, Brand;2026-08-16T05:27:33+02:00;2026-08-16T05:27:33+02:00;;dpa Baden-Württemberg;false
a0a3917b8c80b92d23c19a52a0d10f13b738c1b4b388ff28ddad2cdcc4732e57;Russland greift erneut Kiew an - Ukraine zielt auf Moskau;https://www.zeit.de/news/2026-08/16/russland-greift-kiew-erneut-mit-ballistischen-raketen-an;Hier finden Sie Informationen zu dem Thema „Krieg in der Ukraine“. Lesen Sie jetzt „Russland greift erneut Kiew an - Ukraine zielt auf Moskau“.;Krieg in der Ukraine;News, Krieg in der Ukraine, Vitali Klitschko, Russland, Kyjiw, Feuerwehr, Rakete, Telegram, Explosion, Brand, Drohne;2026-08-16T05:24:01+02:00;2026-08-16T05:24:01+02:00;;dpa;false
92b9a0392cb7293dc88c03070f43abfd87540561c9b724dfc500134ff88df939;Immer mehr Syrern wird Schutzstatus aberkannt;https://www.zeit.de/politik/deutschland/2026-08/schutzstatus-syrer-deutschland-widerruf-fluechtlingseigenschaft-bamf;Das Bundesamt für Migration und Flüchtlinge erkennt einer wachsenden Zahl von Syrern den Schutzstatus in Deutschland ab. Grund ist vor allem die geänderte Lage in Syrien.;Geflüchtete aus Syrien;Politik, Geflüchtete aus Syrien, Bamf, Syrien, Geflüchtete, Migration, Asyl, Bundesregierung;2026-08-16T05:14:06+02:00;2026-08-16T05:14:06+02:00;htg;DIE ZEIT,        dpa,        							htg;false
838f60cd8e8019f41a21c918b39bd9d1e333b0d688b15fa730da3233cd036f4a;Zahl der Toten steigt nach Erdbeben in Indonesien weiter an;https://www.zeit.de/gesellschaft/zeitgeschehen/2026-08/erdbeben-indonesien-insel-flores-bnpb-pazifischer-feuerring;Am Tag nach dem Beben auf der indonesischen Ferieninsel Flores wird das Ausmaß der Schäden deutlich. 150 Häuser sind schwer beschädigt. Die Behörden melden 51 Tote.;Flores;Gesellschaft, Flores, Erdbeben, Indonesien, Naturkatastrophe, Rettungswesen, Asien;2026-08-16T05:13:01+02:00;2026-08-16T05:13:01+02:00;mp;DIE ZEIT,        dpa,        							mp;false
0e4220bc99496e502cb64d8e233d369b75040b44ca14dd8c4f612489a9668701;Liebmann schwimmt wieder: Was geht in seinem letzten Rennen?;https://www.zeit.de/news/2026-08/16/liebmann-schwimmt-wieder-was-geht-in-seinem-letzten-rennen;Hier finden Sie Informationen zu dem Thema „Schwimm-EM“. Lesen Sie jetzt „Liebmann schwimmt wieder: Was geht in seinem letzten Rennen?“.;Schwimm-EM;News, Schwimm-EM, Johannes Liebmann, Lukas Märtens, Paris, Schwimm-EM, Sportlerphrase;2026-08-16T05:06:04+02:00;2026-08-16T05:06:04+02:00;;dpa Sport;false
2295f902c7d42e8f83cc1e050f7603ea4273700a0a9783b5a3e41e0b117a3bb1;IOC-Präsidentin trifft deutsche Olympia-Bewerber;https://www.zeit.de/news/2026-08/16/ioc-praesidentin-trifft-deutsche-olympia-bewerber;Hier finden Sie Informationen zu dem Thema „Sportpolitik“. Lesen Sie jetzt „IOC-Präsidentin trifft deutsche Olympia-Bewerber“.;Sportpolitik;News, Sportpolitik, Kirsty Coventry, Joachim Herrmann, Kai Wegner, Hendrik Wüst, Bayern, Berlin, Aachen, IOC, Olympia, Sportpolitik;2026-08-16T05:05:04+02:00;2026-08-16T05:05:04+02:00;;dpa Bayern;false
e4cc4c3cea83a0962ee2bb6cd4396a282f7b13856dad430bfc165229d9c425b8;Zahl der Masernfälle in Bayern deutlich gesunken;https://www.zeit.de/news/2026-08/16/zahl-der-masernfaelle-in-bayern-deutlich-gesunken;Hier finden Sie Informationen zu dem Thema „Gefährliche Krankheit“. Lesen Sie jetzt „Zahl der Masernfälle in Bayern deutlich gesunken“.;Gefährliche Krankheit;News, Gefährliche Krankheit, Judith Gerlach, Bayern, USA, CSU, Masernfall, Freistaat, Masern, Jahresverlauf;2026-08-16T05:00:15+02:00;2026-08-16T05:00:15+02:00;;dpa Bayern;false
a659830a9ce8f35a5108bb47c89e90a0cb4730d8e67ac090d2554c7463717637;«Sags doch einfach!» - Sozialgerichte beklagen KI-Schwemme;https://www.zeit.de/news/2026-08/16/sags-doch-einfach-sozialgerichte-beklagen-ki-schwemme;Hier finden Sie Informationen zu dem Thema „Immer mehr Klagen“. Lesen Sie jetzt „«Sags doch einfach!» - Sozialgerichte beklagen KI-Schwemme“.;Immer mehr Klagen;News, Immer mehr Klagen, Jens Blüggel, Nordrhein-Westfalen, LSG, Sozialgericht, Klage, Schwemme, Rente;2026-08-16T05:00:14+02:00;2026-08-16T05:00:14+02:00;;dpa Nordrhein-Westfalen;false
1f0c19f24319ecbad888b88410631471a002214dd4274d37ae05582505643f7f;AOK Bayern: Risiko für Demenz nimmt ab - Zahl der Kranken zu;https://www.zeit.de/news/2026-08/16/aok-bayern-risiko-fuer-demenz-nimmt-ab-zahl-der-kranken-zu;Hier finden Sie Informationen zu dem Thema „Krankheit des Alters“. Lesen Sie jetzt „AOK Bayern: Risiko für Demenz nimmt ab - Zahl der Kranken zu“.;Krankheit des Alters;News, Krankheit des Alters, Andreas Nagel, Judith Gerlach, Mann, Bayern, München, AOK Bayern, AOK, Deutsche Presse-Agentur, Demenz;2026-08-16T05:00:05+02:00;2026-08-16T05:00:05+02:00;;dpa Bayern;false
555da79d9597de9e2c7b157b6fb1baf655a211313a44e9fe9edc7200fc9a2d28;Energiekosten belasten ostdeutsche Haushalte stärker;https://www.zeit.de/news/2026-08/16/energiekosten-belasten-ostdeutsche-haushalte-staerker;Hier finden Sie Informationen zu dem Thema „Einkommen und Energie“. Lesen Sie jetzt „Energiekosten belasten ostdeutsche Haushalte stärker“.;Einkommen und Energie;News, Einkommen und Energie, Ostdeutschland, Verivox, Energiekosten, Vergleichsportal;2026-08-16T04:30:04+02:00;2026-08-16T04:30:04+02:00;;dpa Berlin/Brandenburg;false
2e9d1bb2ae61b32eeb0278aa52ca5f5b31495037134c3b5c6e0444e5e4f600f9;Opferzahl nach schwerem Erdbeben in Indonesien steigt auf 47;https://www.zeit.de/news/2026-08/16/opferzahl-nach-schwerem-erdbeben-in-indonesien-steigt-auf-47;Hier finden Sie Informationen zu dem Thema „Südostasiatischer Inselstaat“. Lesen Sie jetzt „Opferzahl nach schwerem Erdbeben in Indonesien steigt auf 47“.;Südostasiatischer Inselstaat;News, Südostasiatischer Inselstaat, Indonesien, Flores, Opferzahl, Inselstaat, Erdbeben;2026-08-16T04:20:26+02:00;2026-08-16T04:20:26+02:00;;dpa;false
67b6ed0d4fe96efc95833d7fa887328e1bbaa023e0a2fe380d66b8ac0d8127b2;Doch kein Warnstreik heute bei der Saarbahn;https://www.zeit.de/news/2026-08/16/doch-kein-warnstreik-heute-bei-der-saarbahn;Hier finden Sie Informationen zu dem Thema „Arbeitskampf“. Lesen Sie jetzt „Doch kein Warnstreik heute bei der Saarbahn“.;Arbeitskampf;News, Arbeitskampf, GDL, Saarbahn, Arbeitskampf, Warnstreik;2026-08-16T04:19:15+02:00;2026-08-16T04:19:15+02:00;;dpa Rheinland-Pfalz/Saarland;false
42023cf35ff1a8fca6e909a33952dd66041b1f7577e4f6d0a6c91a669db910cb;Waldbrand rückt an Monschau - Feuerwehr wässert Felder;https://www.zeit.de/news/2026-08/16/waldbrand-rueckt-an-monschau-feuerwehr-waessert-felder;Hier finden Sie Informationen zu dem Thema „Brand an der Grenze“. Lesen Sie jetzt „Waldbrand rückt an Monschau - Feuerwehr wässert Felder“.;Brand an der Grenze;News, Brand an der Grenze, Philipp Krüger, Belgien, Monschau, Feuerwehr, Waldbrand, Grenze, Evakuierung;2026-08-16T04:18:18+02:00;2026-08-16T04:18:18+02:00;;dpa Nordrhein-Westfalen;false
c6280773ef3f9ecd36e54872e414caf277288b03334a5614fb8d90d234ec8efd;Streit um Dauer-Messerverbote: OVG-Verhandlung im September;https://www.zeit.de/news/2026-08/16/streit-um-dauer-messerverbote-ovg-verhandlung-im-september;Hier finden Sie Informationen zu dem Thema „Oberverwaltungsgericht“. Lesen Sie jetzt „Streit um Dauer-Messerverbote: OVG-Verhandlung im September“.;Oberverwaltungsgericht;News, Oberverwaltungsgericht, Nordrhein-Westfalen, Münster, Wuppertal, OVG, Polizei, Deutsche Presse-Agentur, Verbot;2026-08-16T04:15:05+02:00;2026-08-16T04:15:05+02:00;;dpa Nordrhein-Westfalen;false
87b1fadb5d348378bff25166ef2a8475f25ef928935cdcb2a4a4912d44fd1401;Überraschende Jury-Entscheidungen beim Filmfestival Locarno;https://www.zeit.de/news/2026-08/16/ueberraschende-jury-entscheidungen-beim-filmfestival-locarno;Hier finden Sie Informationen zu dem Thema „Wettbewerb“. Lesen Sie jetzt „Überraschende Jury-Entscheidungen beim Filmfestival Locarno“.;Wettbewerb;News, Wettbewerb, Hong Sang-soo, Florin Șerban, Rumänien, Locarno, Stever, Internationales Filmfestival von Locarno, Spielfilm, Hauptpreis, Finale, Kino;2026-08-16T04:12:05+02:00;2026-08-16T04:12:05+02:00;;dpa;false
82c1c368ab54e55cfc4c0b35a9dc1257d2e6e2dfc015edbc85b66456652e37eb;Kaum noch schnelle Urteile vor Gerichten;https://www.zeit.de/news/2026-08/16/kaum-noch-schnelle-urteile-vor-gerichten;Hier finden Sie Informationen zu dem Thema „Beschleunigte Verfahren“. Lesen Sie jetzt „Kaum noch schnelle Urteile vor Gerichten“.;Beschleunigte Verfahren;News, Beschleunigte Verfahren, Generalstaatsanwaltschaft, Freiheitsstrafe;2026-08-16T04:00:25+02:00;2026-08-16T04:00:25+02:00;;dpa Thüringen;false
0ce3f2afce3931366c640c8cc897a9173784f2ccd7dd221e63c3df29b1170931;Versteckte Schätze: Arbeiten, wo die Zeit in Regalen liegt;https://www.zeit.de/news/2026-08/16/versteckte-schaetze-arbeiten-wo-die-zeit-in-regalen-liegt;Hier finden Sie Informationen zu dem Thema „Naturhistorisches Museum Mainz“. Lesen Sie jetzt „Versteckte Schätze: Arbeiten, wo die Zeit in Regalen liegt“.;Naturhistorisches Museum Mainz;News, Naturhistorisches Museum Mainz, Manuel Stenger, Mainz, Rheinland-Pfalz, Rhein-Main-Gebiet, Rhein, Naturhistorische Museum, Zweiter Weltkrieg, Eiszeitsammlung, Mammut, Tiere;2026-08-16T04:00:24+02:00;2026-08-16T04:00:24+02:00;;dpa Rheinland-Pfalz/Saarland;false
66861b47ce6bc426064a06a7c7cee0a3afbf8c0707a54e15151c69f496941cae;Rekord bei Windenergie - doch ist der Ausbau in Gefahr?;https://www.zeit.de/news/2026-08/16/rekord-bei-windenergie-doch-ist-der-ausbau-in-gefahr;Hier finden Sie Informationen zu dem Thema „Erneuerbare Energie“. Lesen Sie jetzt „Rekord bei Windenergie - doch ist der Ausbau in Gefahr?“.;Erneuerbare Energie;News, Erneuerbare Energie, Andreas Schwarz, Thekla Walker, Stuttgart, Baden-Württemberg, Bundesregierung, Deutsche Presse-Agentur, Windenergie, Rekordwert, Rekord, Ausbau;2026-08-16T04:00:19+02:00;2026-08-16T04:00:19+02:00;;dpa Baden-Württemberg;false
56427f92d15fcdfecc86bf4f31fcd564282c06d6188424bdb1ddab2aae75d84e;Fachleute: Rhein-Niedrigwasser trotz Regens wohl bis Herbst;https://www.zeit.de/news/2026-08/16/fachleute-rhein-niedrigwasser-trotz-regens-wohl-bis-herbst;Hier finden Sie Informationen zu dem Thema „Niedrigwasser“. Lesen Sie jetzt „Fachleute: Rhein-Niedrigwasser trotz Regens wohl bis Herbst“.;Niedrigwasser;News, Niedrigwasser, Koblenz, Rhein, Niedrigwasser, Fachleute, Herbst;2026-08-16T04:00:18+02:00;2026-08-16T04:00:18+02:00;;dpa Hessen;false
b0a90d137cff3e230596a9060391fdc49c1dc76d210605dea59a3c02fc942e3f;Elfjährige auf Hollywoodkurs – Fleur spielt mit den Stars;https://www.zeit.de/news/2026-08/16/elfjaehrige-auf-hollywoodkurs-fleur-spielt-mit-den-stars;Hier finden Sie Informationen zu dem Thema „Kinderdarstellerin aus Hessen“. Lesen Sie jetzt „Elfjährige auf Hollywoodkurs – Fleur spielt mit den Stars“.;Kinderdarstellerin aus Hessen;News, Kinderdarstellerin aus Hessen, Rami Malek, Ted Lasso, Bad Wildungen, Nürnberg, Niederlande, Hessen, Apple Inc. TV, Hollywoodkurs, Erinnerungsbox, Armbanduhr;2026-08-16T04:00:10+02:00;2026-08-16T04:00:10+02:00;;dpa Hessen;false
3404d286c449ce0b202f4ffd4daf2954e08cdfbcb2216748763a7a9d3f19fc05;Dürre - wie geht's den Schafen?;https://www.zeit.de/news/2026-08/16/duerre-wie-geht-s-den-schafen;Hier finden Sie Informationen zu dem Thema „Landwirtschaft“. Lesen Sie jetzt „Dürre - wie geht's den Schafen?“.;Landwirtschaft;News, Landwirtschaft, Martin Bartl, Bayern, Poing, München, Dürre, Winterfutter, Tiere, Winter;2026-08-16T04:00:09+02:00;2026-08-16T04:00:09+02:00;;dpa Bayern;false
53e1cbbb3db3886ffdfb51acba55fb3ddf8a9d6f61b621e0beddccc68156dae6;Özdemir wirbt für Dialekt: «Wir haben keine Sprachpolizei»;https://www.zeit.de/news/2026-08/16/oezdemir-wirbt-fuer-dialekt-wir-haben-keine-sprachpolizei;Hier finden Sie Informationen zu dem Thema „Pflege der Mundart“. Lesen Sie jetzt „Özdemir wirbt für Dialekt: «Wir haben keine Sprachpolizei»“.;Pflege der Mundart;News, Pflege der Mundart, Cem Özdemir, Baden-Württemberg, Deutsche Presse-Agentur, Dialekt, Pflege;2026-08-16T04:00:09+02:00;2026-08-16T04:00:09+02:00;;dpa Baden-Württemberg;false
c8dbe33fb48acfac287d2286d870b110f2a15bbc236291d39c8c66e725989640;Streit um Verteilung von Offshore-Steuer-Millionen;https://www.zeit.de/news/2026-08/16/streit-um-verteilung-von-offshore-steuer-millionen;Hier finden Sie Informationen zu dem Thema „Windkraft auf See“. Lesen Sie jetzt „Streit um Verteilung von Offshore-Steuer-Millionen“.;Windkraft auf See;News, Windkraft auf See, Hamburg, Oststeinbek, Sassnitz, Greifswald, Nordsee, Rostock, Niedersachsen, Mecklenburg-Vorpommern, Bundesfinanzhof, Finanzministerium;2026-08-16T04:00:07+02:00;2026-08-16T04:00:07+02:00;;dpa Hamburg/Schleswig-Holstein;false
5dc37d42c0203efbda722328683af54efa6e8ddb023b1f2647664b0c8360bfb5;Gemeinsames Abhörzentrum hat fast volle Personalstärke;https://www.zeit.de/news/2026-08/16/gemeinsames-abhoerzentrum-hat-fast-volle-personalstaerke;Hier finden Sie Informationen zu dem Thema „Innere Sicherheit“. Lesen Sie jetzt „Gemeinsames Abhörzentrum hat fast volle Personalstärke“.;Innere Sicherheit;News, Innere Sicherheit, Polizei, Innenministerium, Abhörzentrum, Personalstärke, Sicherheit;2026-08-16T04:00:05+02:00;2026-08-16T04:00:05+02:00;;dpa Berlin/Brandenburg;false
d787547cc922d682528bbf2e9015c08f718820af6f8652924cf12bfb3b9c487f;Punk-Protestcamp auf Sylt endet offiziell;https://www.zeit.de/news/2026-08/16/punk-protestcamp-auf-sylt-endet-offiziell;Hier finden Sie Informationen zu dem Thema „«Normalize Revolution»“. Lesen Sie jetzt „Punk-Protestcamp auf Sylt endet offiziell“.;«Normalize Revolution»;News, «Normalize Revolution», Sylt, Kritik;2026-08-16T03:30:07+02:00;2026-08-16T03:30:07+02:00;;dpa Hamburg/Schleswig-Holstein;false
bdbf058b6cd96b5ff02c219945bf2d0a001777bcc7326615582ea3a6c5e2d2f5;Energie will Engelhardt-Ausfall in Bielefeld trotzen;https://www.zeit.de/news/2026-08/16/energie-will-engelhardt-ausfall-in-bielefeld-trotzen;Hier finden Sie Informationen zu dem Thema „2. Fußball-Bundesliga“. Lesen Sie jetzt „Energie will Engelhardt-Ausfall in Bielefeld trotzen“.;2. Fußball-Bundesliga;News, 2. Fußball-Bundesliga, Erik Engelhardt, Bielefeld, Bielefelder Alm, FC Energie Cottbus, Fußball-Bundesliga, Bundesliga, Verletzungsschock;2026-08-16T03:30:06+02:00;2026-08-16T03:30:06+02:00;;dpa Berlin/Brandenburg;false
a75b41bd4ba5900d372349eeeadb83f1ed9d11b89abd77db55c2e0c65136708c;Alice Merton: «Wenn jemand Musik braucht: Here I am!»;https://www.zeit.de/news/2026-08/16/alice-merton-wenn-jemand-musik-braucht-here-i-am;Hier finden Sie Informationen zu dem Thema „«Eine Tür wurde aufgestoßen»“. Lesen Sie jetzt „Alice Merton: «Wenn jemand Musik braucht: Here I am!»“.;«Eine Tür wurde aufgestoßen»;News, «Eine Tür wurde aufgestoßen», Alice Merton, Sängerin, Root, Worms, Deutsche Presse-Agentur, Oper;2026-08-16T03:30:06+02:00;2026-08-16T03:30:06+02:00;;dpa Rheinland-Pfalz/Saarland;false
b1995427de7c0ab471597e02e1a297ac435e5ed0b36ae79cfb0025020f6ee4d3;Kolumbiens Präsident bittet Trump um Aussetzung von Zöllen;https://www.zeit.de/politik/ausland/2026-08/abelardo-de-la-espriella-praesident-kolumbien-erdbeben-zoelle-usa-donald-trump;Donald Trump unterstützte Abelardo de la Espriella im Wahlkampf. Nun ersucht Kolumbiens neuer Staatschef die USA um Hilfe – wegen des Erdbebens mit mehr als 290 Toten.;Erdbeben;Politik, Erdbeben, Kolumbien, Erdbeben, US-Zölle, Donald Trump, US-Regierung, Südamerika;2026-08-16T02:21:41+02:00;2026-08-16T02:21:41+02:00;mp;DIE ZEIT,        AFP,        							mp;false
