Hash;Title;Link;Description;Category;KeyWords;Published;LastUpdated;Author;Source;Paywall
b56cc7b21add374601fb677384bd0853be191a23aedb5e887a9e73593ed28d52;Schaden durch Brand in Stralsunder Mehrfamilienhaus;https://www.zeit.de/news/2026-08/23/schaden-durch-brand-in-stralsunder-mehrfamilienhaus;Hier finden Sie Informationen zu dem Thema „Kellerbrand“. Lesen Sie jetzt „Schaden durch Brand in Stralsunder Mehrfamilienhaus“.;Kellerbrand;News, Kellerbrand, Stralsund, Kellerbrand;2026-08-23T11:15:07+02:00;2026-08-23T11:15:07+02:00;;dpa Mecklenburg-Vorpommern;false
19eb5cf334e39093ac68de0209e6e2d978557b582af3dea37b9c9db70940ec44;Roboter in China knacken Weltrekorde beim Sprint;https://www.zeit.de/news/2026-08/23/roboter-in-china-knacken-weltrekorde-beim-sprint;Hier finden Sie Informationen zu dem Thema „Roboter-Wettkampf“. Lesen Sie jetzt „Roboter in China knacken Weltrekorde beim Sprint“.;Roboter-Wettkampf;News, Roboter-Wettkampf, Usain Bolt, China, Peking, Rio de Janeiro, Olympische Spiele, Weltrekord, Halbmarathon;2026-08-23T11:15:01+02:00;2026-08-23T11:15:01+02:00;;dpa;false
8d0e42f225f719110b9eb01e41b440ad17e787132fceb56aa533105c1cdc4762;Zollstreit USA-Kanada: Wirtschaft fordert neue Verhandlungen;https://www.zeit.de/news/2026-08/23/zollstreit-usa-kanada-wirtschaft-fordert-neue-verhandlungen;Hier finden Sie Informationen zu dem Thema „Handelskrieg“. Lesen Sie jetzt „Zollstreit USA-Kanada: Wirtschaft fordert neue Verhandlungen“.;Handelskrieg;News, Handelskrieg, Joshua Bolten, Dennis Darby, Mark Carney, USA-Kanada, USA, Kanada, Zollstreit, Verhandlung, Eskalation, Wirtschaftsverband;2026-08-23T11:13:58+02:00;2026-08-23T11:13:58+02:00;;dpa;false
661c87daf408f1f8f1dcdb3309853329514202351c4332c89d2c419ccf57a77a;Ein Schwerverletzter nach Wildunfall in Osnabrück;https://www.zeit.de/news/2026-08/23/ein-schwerverletzter-nach-wildunfall-in-osnabrueck;Hier finden Sie Informationen zu dem Thema „Verkehrsunfall“. Lesen Sie jetzt „Ein Schwerverletzter nach Wildunfall in Osnabrück“.;Verkehrsunfall;News, Verkehrsunfall, Osnabrück, Wildunfall, Verkehrsunfall;2026-08-23T11:13:02+02:00;2026-08-23T11:13:02+02:00;;dpa Niedersachsen;false
2d66735f376d5da90b4fac80c498f545008fa75c16905a95f8f50b335a87b177;Gersbecks Elferparaden als Herthas Glücksmoment;https://www.zeit.de/news/2026-08/23/gersbecks-elferparaden-als-herthas-gluecksmoment;Hier finden Sie Informationen zu dem Thema „DFB-Pokal“. Lesen Sie jetzt „Gersbecks Elferparaden als Herthas Glücksmoment“.;DFB-Pokal;News, DFB-Pokal, Marius Gersbeck, Paul Seguin, Stefan Leitl, Saarbrücken, Hertha BSC, Deutscher Fußball-Bund, 1. FC Saarbrücken, Elferparade, Glücksmoment;2026-08-23T11:10:44+02:00;2026-08-23T11:10:44+02:00;;dpa Berlin/Brandenburg;false
63b3ddfab7d4048c0439d88b57d2947d695e5538cabf758138e7bb7915badb96;Umwege für Autofahrer durch Autobahn-Baustellen;https://www.zeit.de/news/2026-08/23/umwege-fuer-autofahrer-durch-autobahn-baustellen;Hier finden Sie Informationen zu dem Thema „Bauarbeiten“. Lesen Sie jetzt „Umwege für Autofahrer durch Autobahn-Baustellen“.;Bauarbeiten;News, Bauarbeiten, Behringen, München, die Autobahn GmbH des Bundes;2026-08-23T11:10:43+02:00;2026-08-23T11:10:43+02:00;;dpa Thüringen;false
f9d27461b5f160e9f7570841a4c639cf48deeda943ca5f055571abb5c73a0048;Prüfung Zebrastreifen? Dauer: 35 Jahre;https://www.zeit.de/2026/36/zebrastreifen-lychen-brandenburg-landesstrasse-buerokratie;Die Stadt Lychen hätte gern zwei Zebrastreifen. Als sie nach Jahrzehnten kommen sollen, wechselt die Sachbearbeiterin. Einblicke in ein deutsches Behördendrama;"Z+ (abopflichtiger Inhalt);
        
    Lychen";Wirtschaft, Lychen, Friedrich Merz, Brandenburg, Rente, Bürokratie;2026-08-23T11:09:57+02:00;2026-08-23T11:09:57+02:00;Johanna Jürgens;Aus der        ZEIT Nr. 36/2026;false
c1975598bdf091769ffa4c55da0acd2eb8b6a1fd0aadcf84863ed86263c9ff66;Iran richtet Mann wegen Beteiligung an Massenprotesten hin;https://www.zeit.de/politik/ausland/2026-08/madschid-adineh-iran-hinrichtung-proteste-albors;Im Iran wurde erneut ein Mann hingerichtet, weil er an regierungskritischen Protesten teilgenommen hatte. Die Justiz warf ihm zudem Unterstützung Israels und der USA vor.;Todesstrafe im Iran;Politik, Todesstrafe im Iran, Iran;2026-08-23T11:07:48+02:00;2026-08-23T11:07:48+02:00;tw;DIE ZEIT,        AFP,        							tw;false
207732c50330d0dff50c2177b79b6127c4850d6b543476214f692c9991e2eaf4;Mal wieder nicht zu stoppen? Bayern zeigen starke Frühform;https://www.zeit.de/news/2026-08/23/brown-glaenzt-in-neuer-rolle-unfassbar-schlauer-spieler;Hier finden Sie Informationen zu dem Thema „Fußball-Bundesliga“. Lesen Sie jetzt „Mal wieder nicht zu stoppen? Bayern zeigen starke Frühform“.;Fußball-Bundesliga;News, Fußball-Bundesliga, Nathaniel Brown, Bayern, Dortmund, Borussia Dortmund, FC Bayern München, Supercup, Fußball, Erfolg;2026-08-23T11:04:13+02:00;2026-08-23T11:04:13+02:00;;dpa Bayern;false
ab41b4bcdf26364dd52438a29f386a669e50f8454bfeca2fcb695bad4b07860b;Bahngewerkschaft droht mit bundesweiten Streiks ab Januar;https://www.zeit.de/news/2026-08/23/bahngewerkschaft-droht-mit-bundesweiten-streiks-ab-januar;Hier finden Sie Informationen zu dem Thema „Sicherheit für Zugbegleiter“. Lesen Sie jetzt „Bahngewerkschaft droht mit bundesweiten Streiks ab Januar“.;Sicherheit für Zugbegleiter;News, Sicherheit für Zugbegleiter, Martin Burkert, EVG, Bundesregierung, Deutscher Bundestag, Bild am Sonntag, Bahngewerkschaft, Streik, Regionalverkehr, Strafmaß, Sicherheit;2026-08-23T11:03:22+02:00;2026-08-23T11:03:22+02:00;;dpa;false
bd8adffff10234949cb6e0dd33f85ac134fb211fa6d1e5c2145ff84f2ea03301;«Pure Ekstase» - «Dorfclub» Großaspach feiert Coup;https://www.zeit.de/news/2026-08/23/pure-ekstase-dorfclub-grossaspach-feiert-coup;Hier finden Sie Informationen zu dem Thema „Außenseiter im DFB-Pokal“. Lesen Sie jetzt „«Pure Ekstase» - «Dorfclub» Großaspach feiert Coup“.;Außenseiter im DFB-Pokal;News, Außenseiter im DFB-Pokal, Maximilian Reule, Tim Rossmann, Pascal Reinhardt, Großaspach, Deutscher Fußball-Bund, SG Sonnenhof Großaspach, Arminia Bielefeld, Dorfclub, Ekstase, Mannschaftssprint;2026-08-23T11:00:59+02:00;2026-08-23T11:00:59+02:00;;dpa Baden-Württemberg;false
c7d1d235cca219bb147139b7842fb062923c3facb02c442d0e58c80bd75d2e92;Drei Verdächtige nach nächtlichem Einbruch in Schmuckmuseum;https://www.zeit.de/news/2026-08/23/drei-verdaechtige-nach-naechtlichem-einbruch-in-schmuckmuseum;Hier finden Sie Informationen zu dem Thema „Einbruch“. Lesen Sie jetzt „Drei Verdächtige nach nächtlichem Einbruch in Schmuckmuseum“.;Einbruch;News, Einbruch, Polizei, Schmuckmuseum, Einbruch;2026-08-23T10:59:11+02:00;2026-08-23T10:59:11+02:00;;dpa Baden-Württemberg;false
4394a1a97c8f3a42fcdedfc2cd492aae1c0edd92163db6132058afeabbe9feb3;11.000 Unternehmen von Corona-Rückzahlungen befreit;https://www.zeit.de/news/2026-08/23/11-000-unternehmen-von-corona-rueckzahlungen-befreit;Hier finden Sie Informationen zu dem Thema „Corona-Hilfen“. Lesen Sie jetzt „11.000 Unternehmen von Corona-Rückzahlungen befreit“.;Corona-Hilfen;News, Corona-Hilfen, Sachsen, Rückzahlung, Coronavirus;2026-08-23T10:58:01+02:00;2026-08-23T10:58:01+02:00;;dpa Sachsen;false
2de8912117e784c48c40e4a1782126918712b7a47c1167833beaa1350e0671d9;Tote Frau in Hamburg gefunden - 22-Jährige festgenommen;https://www.zeit.de/news/2026-08/23/tote-frau-in-hamburg-gefunden-22-jaehrige-festgenommen;Hier finden Sie Informationen zu dem Thema „Tötungsdelikt“. Lesen Sie jetzt „Tote Frau in Hamburg gefunden - 22-Jährige festgenommen“.;Tötungsdelikt;News, Tötungsdelikt, Hamburg, Poppenbüttel, Polizei, Tötungsdelikt;2026-08-23T10:57:26+02:00;2026-08-23T10:57:26+02:00;;dpa Hamburg/Schleswig-Holstein;false
b34563d65daa7116d8e9dfc6a2a699e29eb3821137487c018e31dd01b8ab68d0;Umfrage: Jeder Zweite hat keine Angst vor der AfD;https://www.zeit.de/news/2026-08/23/umfrage-jeder-zweite-hat-keine-angst-vor-der-afd;Hier finden Sie Informationen zu dem Thema „Vor den Landtagswahlen“. Lesen Sie jetzt „Umfrage: Jeder Zweite hat keine Angst vor der AfD“.;Vor den Landtagswahlen;News, Vor den Landtagswahlen, Sachsen-Anhalt, Alternative für Deutschland, Landtagswahl, Umfrage, Meinungsforschungsinstitut;2026-08-23T10:56:11+02:00;2026-08-23T10:56:11+02:00;;dpa Berlin/Brandenburg;false
95817b3f76c33757fb7a5f341c3f0532ae26521cba24a435f9cbd4d02cda4169;Münchner Nachwuchskraft Binder verletzt;https://www.zeit.de/news/2026-08/23/muenchner-nachwuchskraft-binder-verletzt;Hier finden Sie Informationen zu dem Thema „Fußball-Bundesliga“. Lesen Sie jetzt „Münchner Nachwuchskraft Binder verletzt“.;Fußball-Bundesliga;News, Fußball-Bundesliga, Tim Binder, FC Bayern München, Fußball-Bundesliga, Nachwuchskraft, Muskelfaserriss;2026-08-23T10:52:58+02:00;2026-08-23T10:52:58+02:00;;dpa Bayern;false
bde9f27f01b1fe0a1703ac26ae5ed1ee12bc9dadbc24fe2dc47bbbd6b5530b3e;Motorradfahrer bei Unfall schwer verletzt;https://www.zeit.de/news/2026-08/23/motorradfahrer-bei-unfall-schwer-verletzt;Hier finden Sie Informationen zu dem Thema „Landkreis Cochem-Zell“. Lesen Sie jetzt „Motorradfahrer bei Unfall schwer verletzt“.;Landkreis Cochem-Zell;News, Landkreis Cochem-Zell, Cochem, Landkreis Cochem-Zell, Polizei, Unfall;2026-08-23T10:51:50+02:00;2026-08-23T10:51:50+02:00;;dpa Rheinland-Pfalz/Saarland;false
7d565f10b4b588cc87aa43ad75a6c6e0ebf93b5fb61f1f8c26afd4ca04af4e62;Mutig, aber nicht clever: Auer hadern mit Schiedsrichter;https://www.zeit.de/news/2026-08/23/mutig-aber-nicht-clever-auer-hadern-mit-schiedsrichter;Hier finden Sie Informationen zu dem Thema „DFB-Pokal“. Lesen Sie jetzt „Mutig, aber nicht clever: Auer hadern mit Schiedsrichter“.;DFB-Pokal;News, DFB-Pokal, Khvicha Shubitidze, Patrick Wimmer, Marcel Bär, Christian Ilzer, Aue, Deutscher Fußball-Bund, TSG 1899 Hoffenheim, Endeffekt;2026-08-23T10:51:38+02:00;2026-08-23T10:51:38+02:00;;dpa Sachsen;false
304ee13fcda9fde0a262180b39db503a4e8b2fba6973a0f06cbcd157f86a4377;BER erwartet 90.000 Passagiere – Heimkehrer füllen Straßen;https://www.zeit.de/news/2026-08/23/ber-erwartet-90-000-passagiere-heimkehrer-fuellen-strassen;Hier finden Sie Informationen zu dem Thema „Ende der Sommerferien“. Lesen Sie jetzt „BER erwartet 90.000 Passagiere – Heimkehrer füllen Straßen“.;Ende der Sommerferien;News, Ende der Sommerferien, Frankfurt (Oder), BER, ADAC, Sommerferien, Schulbeginn, Flughafen BER;2026-08-23T10:49:01+02:00;2026-08-23T10:49:01+02:00;;dpa Berlin/Brandenburg;false
713852b164542c7cae0042ce81a47fff80d2443751a708ae16868ff4cd2c4999;Hütter zwischen Eintracht-Euphorie und Realität;https://www.zeit.de/news/2026-08/23/huetter-zwischen-eintracht-euphorie-und-realitaet;Hier finden Sie Informationen zu dem Thema „DFB-Pokal“. Lesen Sie jetzt „Hütter zwischen Eintracht-Euphorie und Realität“.;DFB-Pokal;News, DFB-Pokal, Adi Hütter, Fünftligisten, Berlin, Deutscher Fußball-Bund, 1. FC Union Berlin, Bundesliga, Erfolg;2026-08-23T10:48:20+02:00;2026-08-23T10:48:20+02:00;;dpa Hessen;false
b22c505983c17d5781a8006324bed0cbdf089ae5b921271d9de98b197b30f3c6;Zwei für Klopp? Füllkrug und Pejcinovic werben für sich;https://www.zeit.de/news/2026-08/23/zwei-fuer-klopp-fuellkrug-und-pejcinovic-werben-fuer-sich;Hier finden Sie Informationen zu dem Thema „DFB-Pokal“. Lesen Sie jetzt „Zwei für Klopp? Füllkrug und Pejcinovic werben für sich“.;DFB-Pokal;News, DFB-Pokal, Jürgen Klopp, Sebastian Hoeneß, Niclas Füllkrug, Rostock, Stuttgart, West Ham, Bremen, AC Mailand, Deutscher Fußball-Bund, SV Werder Bremen;2026-08-23T10:46:23+02:00;2026-08-23T10:46:23+02:00;;dpa Niedersachsen;false
d3188ea8ddd28a52816a0a7099c28a0efb59ab6e91d6ba67901c77e2d0e0f0f3;14-Jährige verletzen sich bei Pyrotechnik-Versuch;https://www.zeit.de/news/2026-08/23/14-jaehrige-verletzen-sich-bei-pyrotechnik-versuch;Hier finden Sie Informationen zu dem Thema „Mit Chemikalien hantiert“. Lesen Sie jetzt „14-Jährige verletzen sich bei Pyrotechnik-Versuch“.;Mit Chemikalien hantiert;News, Mit Chemikalien hantiert, Chemikalie, Pyrotechnik;2026-08-23T10:40:09+02:00;2026-08-23T10:40:09+02:00;;dpa Bayern;false
573c05547f5ed9066a5142f791140981be5172be4191e3cf3e40073858435df1;Leiden statt Leichtigkeit: Augsburgs Arbeitssieg als Lektion;https://www.zeit.de/news/2026-08/23/leiden-statt-leichtigkeit-augsburgs-arbeitssieg-als-lektion;Hier finden Sie Informationen zu dem Thema „DFB-Pokal“. Lesen Sie jetzt „Leiden statt Leichtigkeit: Augsburgs Arbeitssieg als Lektion“.;DFB-Pokal;News, DFB-Pokal, Manuel Baum, Augsburg, Lausitz, Schalke, Deutscher Fußball-Bund, FC Augsburg, FC Energie Cottbus, Bundesliga, Arbeitssieg, Lektion;2026-08-23T10:38:35+02:00;2026-08-23T10:38:35+02:00;;dpa Bayern;false
83cac84d9c017c8a247a13ea6b0aa9a189cfa5f39af80ca0fb86cf486ce6aaba;Schweden unter Schock: 17-Jährige stirbt bei Schwertangriff;https://www.zeit.de/news/2026-08/23/schweden-unter-schock-17-jaehrige-stirbt-bei-schwertangriff;Hier finden Sie Informationen zu dem Thema „Attacke an einer Schule“. Lesen Sie jetzt „Schweden unter Schock: 17-Jährige stirbt bei Schwertangriff“.;Attacke an einer Schule;News, Attacke an einer Schule, Ulf Kristersson, Tommy Alriksson, Fagersta, Stockholm, Polizei, Schwertangriff, Attacke, Familie;2026-08-23T10:38:04+02:00;2026-08-23T10:38:04+02:00;;dpa;false
0c1f4d4d97e63253bb06be212d68cb20d693a9b151c35351dfd5327d54eb377b;Kienscherf fordert AfD-Verbot: «Genau das Richtige»;https://www.zeit.de/news/2026-08/23/kienscherf-fordert-afd-verbot-genau-das-richtige;Hier finden Sie Informationen zu dem Thema „Vor den Wahlen“. Lesen Sie jetzt „Kienscherf fordert AfD-Verbot: «Genau das Richtige»“.;Vor den Wahlen;News, Vor den Wahlen, Dirk Kienscherf, Hamburg, Hamburger Abendblatt, NSDAP, Alternative für Deutschland, SPD, Verfassungsschutz;2026-08-23T10:35:49+02:00;2026-08-23T10:35:49+02:00;;dpa Hamburg/Schleswig-Holstein;false
72cdb3df3819d13e826433d19962b8cad8742f60d537f8466c2746fffa28b7c5;Ein Toter bei schwerem Verkehrsunfall im Westerwald;https://www.zeit.de/news/2026-08/23/ein-toter-bei-schwerem-verkehrsunfall-im-westerwald;Hier finden Sie Informationen zu dem Thema „Unfälle“. Lesen Sie jetzt „Ein Toter bei schwerem Verkehrsunfall im Westerwald“.;Unfälle;News, Unfälle, Westerwald, Verkehrsunfall, Unfall, Westerwaldkreis;2026-08-23T10:33:53+02:00;2026-08-23T10:33:53+02:00;;dpa Rheinland-Pfalz/Saarland;false
a0b9917e40adb9e52001a54d78a7efd61016bb322aac6e32c0e714692087deb4;Polen kämpft gegen Ausbreitung der giftigen Goldalge;https://www.zeit.de/wissenschaft/umwelt/2026-08/fischsterben-gleiwitzer-kanal-oder-goldalge-polen;Erneut sterben in polnischen Gewässern Fische, und wieder ist eine Alge schuld: Polnische Behörden gehen in einem Nebengewässer der Oder gegen die Goldalge vor.;Fischsterben;Wissenschaft, Fischsterben, Gleiwitz, Goldalge, Fischsterben, Ausbreitung, Nebengewässer, Sommer;2026-08-23T10:32:59+02:00;2026-08-23T10:32:59+02:00;mga;DIE ZEIT,        dpa,        							mga;false
9e842e6a4ddbab104673a621b4f7b45b52eb411dfaf6993d93a253b9f096efa9;«Großes Kino» von 1860 München: DFB-Pokal-Aus als Mutmacher;https://www.zeit.de/news/2026-08/23/grosses-kino-von-1860-muenchen-dfb-pokal-aus-als-mutmacher;Hier finden Sie Informationen zu dem Thema „Comeback nach vier Jahren“. Lesen Sie jetzt „«Großes Kino» von 1860 München: DFB-Pokal-Aus als Mutmacher“.;Comeback nach vier Jahren;News, Comeback nach vier Jahren, Vitus Eicher, Hasan Ismaik, Alper Kayabunar, TSV 1860 München, Deutscher Fußball-Bund, Holstein Kiel, Mutmacherauftritt, Comeback;2026-08-23T10:32:56+02:00;2026-08-23T10:32:56+02:00;;dpa Bayern;false
34f21b732ffe4672a891545d6199e78acb102b112069fd8bb37510ee2a361c2e;VW-Chef beschwört Zusammenhalt: «Alle müssen mitziehen»;https://www.zeit.de/news/2026-08/23/vw-chef-beschwoert-zusammenhalt-alle-muessen-mitziehen;Hier finden Sie Informationen zu dem Thema „Vor Betriebsversammlungen“. Lesen Sie jetzt „VW-Chef beschwört Zusammenhalt: «Alle müssen mitziehen»“.;Vor Betriebsversammlungen;News, Vor Betriebsversammlungen, Oliver Blume, VW, Volkswagen, Bild am Sonntag, Betriebsversammlung, Branchenkrise;2026-08-23T10:30:49+02:00;2026-08-23T10:30:49+02:00;;dpa;false
615a16af65d04a6d6f33eb81e2f8c670327ba1355f99ad15b4bdea9c5d70209e;Torwart-Debatte 2.0: Wer wird Martínez' Nummer eins?;https://www.zeit.de/news/2026-08/23/torwart-debatte-2-0-wer-wird-mart-nez-nummer-eins;Hier finden Sie Informationen zu dem Thema „DFB-Pokal“. Lesen Sie jetzt „Torwart-Debatte 2.0: Wer wird Martínez' Nummer eins?“.;DFB-Pokal;News, DFB-Pokal, Carles Martínez, Wiesbaden, Leverkusen, Deutscher Fußball-Bund, Bayer 04 Leverkusen, Pflichtspieldebüt, Erfolg;2026-08-23T10:30:15+02:00;2026-08-23T10:30:15+02:00;;dpa Nordrhein-Westfalen;false
61c527604965bfa4969650e9d208600d8e6d951b6e634e882c623593b93847f4;Mann fährt über Gehweg an Bus vorbei und verletzt Anwohner;https://www.zeit.de/news/2026-08/23/mann-faehrt-ueber-gehweg-an-bus-vorbei-und-verletzt-anwohner;Hier finden Sie Informationen zu dem Thema „Verkehr“. Lesen Sie jetzt „Mann fährt über Gehweg an Bus vorbei und verletzt Anwohner“.;Verkehr;News, Verkehr, St. Ingbert, Polizei, Verkehr, Auto, Fahrzeug;2026-08-23T10:29:02+02:00;2026-08-23T10:29:02+02:00;;dpa Rheinland-Pfalz/Saarland;false
5d7b35b30a2ebe8f40dec00dd5c74f35b60aa1a15b5accaa16969c62537fd3a2;Magdeburger CDU-Abgeordneter offen für Gespräche mit Linken;https://www.zeit.de/news/2026-08/23/magdeburger-cdu-abgeordneter-offen-fuer-gespraeche-mit-linken;Hier finden Sie Informationen zu dem Thema „Landtagswahl Sachsen-Anhalt“. Lesen Sie jetzt „Magdeburger CDU-Abgeordneter offen für Gespräche mit Linken“.;Landtagswahl Sachsen-Anhalt;News, Landtagswahl Sachsen-Anhalt, Tobias Krull, André Schröder, Magdeburg, Sachsen, Sachsen-Anhalt, CDU, Alternative für Deutschland, Landtagswahl, Landtagswahl in Sachsen, Christopher Street Day;2026-08-23T10:28:55+02:00;2026-08-23T10:28:55+02:00;;dpa Sachsen;false
3b371dfef64c29a4f509f4a5027cc7114dfb1a65529c225cd57dbd268a9b7d25;Kein Platz im Auto? Junger Mann fährt auf dem Dach mit;https://www.zeit.de/news/2026-08/23/kein-platz-im-auto-junger-mann-faehrt-auf-dem-dach-mit;Hier finden Sie Informationen zu dem Thema „Polizeieinsatz“. Lesen Sie jetzt „Kein Platz im Auto? Junger Mann fährt auf dem Dach mit“.;Polizeieinsatz;News, Polizeieinsatz, Polizei, Polizeieinsatz, Auto, Fahrzeug;2026-08-23T10:28:51+02:00;2026-08-23T10:28:51+02:00;;dpa Baden-Württemberg;false
ad7d61bf87fc7a462f24effc2f47039e813be08bc4516f873207761c1902a4ac;Merz in Waldbrandgebiet: «Das ist Klimawandel»;https://www.zeit.de/news/2026-08/23/merz-in-waldbrandgebiet-das-ist-klimawandel;Hier finden Sie Informationen zu dem Thema „Nach Waldbrand“. Lesen Sie jetzt „Merz in Waldbrandgebiet: «Das ist Klimawandel»“.;Nach Waldbrand;News, Nach Waldbrand, Friedrich Merz, Ralf Nolten, Hürtgenwald, Gey, CDU, Feuerwehr, Bundeswehr, Waldbrandgebiet, Klimawandel, Eifelgemeinde;2026-08-23T10:24:07+02:00;2026-08-23T10:24:07+02:00;;dpa Nordrhein-Westfalen;false
9fed08832bfd310e25043add64ef49b5302293f47fe4763bef21c4773b2323c1;Fahrer nach Crash schwer verletzt aus Auto geschnitten;https://www.zeit.de/news/2026-08/23/fahrer-nach-crash-schwer-verletzt-aus-auto-geschnitten;Hier finden Sie Informationen zu dem Thema „Unfälle“. Lesen Sie jetzt „Fahrer nach Crash schwer verletzt aus Auto geschnitten“.;Unfälle;News, Unfälle, Neubrandenburg, Unfall, Auto;2026-08-23T10:23:19+02:00;2026-08-23T10:23:19+02:00;;dpa Mecklenburg-Vorpommern;false
97327bd2f6449272aabf5a6dff3f16b708175f2a002df60db2407699a2a864ca;Krawalle beim Südwest-Derby: Clubs suchen nach Antworten;https://www.zeit.de/news/2026-08/23/krawalle-beim-suedwest-derby-clubs-suchen-nach-antworten;Hier finden Sie Informationen zu dem Thema „Ausschreitungen in Mannheim“. Lesen Sie jetzt „Krawalle beim Südwest-Derby: Clubs suchen nach Antworten“.;Ausschreitungen in Mannheim;News, Ausschreitungen in Mannheim, Manuel Hagel, Thomas Hengen, Gerhard Zuber, Marlon Ritter, Thomas Mohr, Mannheim, Waldhof, Kaiserslautern, CDU, SV Waldhof Mannheim;2026-08-23T10:20:42+02:00;2026-08-23T10:20:42+02:00;;dpa Baden-Württemberg;false
b0399ec21271b49f0b1afa82024a31507e16ef928d9a225f257a001e3db56e86;Mann aus Darmstadt stürzt in Tirol 80 Meter in den Tod;https://www.zeit.de/news/2026-08/23/mann-aus-darmstadt-stuerzt-in-tirol-80-meter-in-den-tod;Hier finden Sie Informationen zu dem Thema „Bergunfall“. Lesen Sie jetzt „Mann aus Darmstadt stürzt in Tirol 80 Meter in den Tod“.;Bergunfall;News, Bergunfall, Darmstadt, Tirol, Österreich, Olperer, Alpen, Landkreis Darmstadt, Polizei, Bergunfall;2026-08-23T10:19:01+02:00;2026-08-23T10:19:01+02:00;;dpa;false
c541e59bc4ee3b3c8d0270f94b1cf9fbb8ff13ee8f369e42bb14645013153b51;Mann verletzt Mutter und bedroht sie mit Spielzeugwaffe;https://www.zeit.de/news/2026-08/23/mann-verletzt-mutter-und-bedroht-sie-mit-spielzeugwaffe;Hier finden Sie Informationen zu dem Thema „Kriminalität“. Lesen Sie jetzt „Mann verletzt Mutter und bedroht sie mit Spielzeugwaffe“.;Kriminalität;News, Kriminalität, Grolsheim, Landkreis Mainz-Bingen, Polizei, Spielzeugwaffe;2026-08-23T10:18:41+02:00;2026-08-23T10:18:41+02:00;;dpa Rheinland-Pfalz/Saarland;false
7646dbab0bf2c4b8aa20752f362a8810811f31a0a7e621bef1dd75cc986fef51;Alibaba kündigt milliardenschwere KI-Offensive an;https://www.zeit.de/digital/internet/2026-08/alibaba-kapitalerhoehung-hongkong-aktienemission-ki;Der chinesische Techkonzern Alibaba will in künstliche Intelligenz investieren. Um das zu finanzieren, will das Unternehmen neue Aktien ausgeben – in Milliardenhöhe.;Chinesischer Techkonzern;Digital, Chinesischer Techkonzern, Hongkong, Intel, Milliardenhöhe, künstliche Intelligenz, Aktien, Geld;2026-08-23T10:09:22+02:00;2026-08-23T10:09:22+02:00;psc;DIE ZEIT,        Reuters,        							psc;false
cbbec443ede5a14949afa7898cd219a529e98d29d4f51d878f2f8018dab76c6c;CSD in Magdeburg verläuft störungsfrei - 3.000 Teilnehmer;https://www.zeit.de/news/2026-08/23/csd-in-magdeburg-verlaeuft-stoerungsfrei-3-000-teilnehmer;Hier finden Sie Informationen zu dem Thema „Queere Community“. Lesen Sie jetzt „CSD in Magdeburg verläuft störungsfrei - 3.000 Teilnehmer“.;Queere Community;News, Queere Community, Magdeburg, Polizei, Christopher Street Day, Liebe;2026-08-23T10:07:00+02:00;2026-08-23T10:07:00+02:00;;dpa Sachsen;false
43e615b8dd47f4c806360ca9860266a930cdc88317daa94782c6900c15a75b80;Junger Mann auf E-Scooter bei Unfall schwer verletzt;https://www.zeit.de/news/2026-08/23/junger-mann-auf-e-scooter-bei-unfall-schwer-verletzt;Hier finden Sie Informationen zu dem Thema „Frankfurter Innenstadt“. Lesen Sie jetzt „Junger Mann auf E-Scooter bei Unfall schwer verletzt“.;Frankfurter Innenstadt;News, Frankfurter Innenstadt, Frankfurt, Unfall, Innenstadt, E-Scooter;2026-08-23T09:58:33+02:00;2026-08-23T09:58:33+02:00;;dpa Hessen;false
ba17b791c9992a7f776a4c9d98c435adf7d5c4527d80450814f101e3dce38fb4;«Haken dran»: Magdeburger Machtdemonstration im Supercup;https://www.zeit.de/news/2026-08/23/haken-dran-magdeburger-machtdemonstration-im-supercup;Hier finden Sie Informationen zu dem Thema „Handball“. Lesen Sie jetzt „«Haken dran»: Magdeburger Machtdemonstration im Supercup“.;Handball;News, Handball, Bennet Wiegert, Yves Grafenhorst, Gísli Kristjánsson, Berlin, Magdeburg, Gummersbach, SC Magdeburg, Füchse Berlin, Supercup, Bundesliga;2026-08-23T09:58:03+02:00;2026-08-23T09:58:03+02:00;;dpa Bayern;false
df21b54fd808316de934d225edfd727340cfb9236a5e3386dd1ce079bf4c3c99;Auch ohne viele Stars: Basketballer gewinnen Supercup;https://www.zeit.de/news/2026-08/23/auch-ohne-viele-stars-basketballer-gewinnen-supercup;Hier finden Sie Informationen zu dem Thema „Basketball-Supercup“. Lesen Sie jetzt „Auch ohne viele Stars: Basketballer gewinnen Supercup“.;Basketball-Supercup;News, Basketball-Supercup, Alex Mumbrú, Dennis Schröder, Isaiah Hartenstein, Katar, Manila, Hamburg, Kroatien, NBA, Supercup, Titelverteidigung;2026-08-23T09:57:09+02:00;2026-08-23T09:57:09+02:00;;dpa Hamburg/Schleswig-Holstein;false
4a2321e40b85fecd1bfa1a961a67792bee5cb85ca704fe8820a782e824fddae0;Kollision mit Auto - Motorradfahrer fliegt über Leitplanke;https://www.zeit.de/news/2026-08/23/kollision-mit-auto-motorradfahrer-fliegt-ueber-leitplanke;Hier finden Sie Informationen zu dem Thema „Riskant überholt“. Lesen Sie jetzt „Kollision mit Auto - Motorradfahrer fliegt über Leitplanke“.;Riskant überholt;News, Riskant überholt, Schwieberdingen, Kollision, Leitplanke, Auto;2026-08-23T09:55:23+02:00;2026-08-23T09:55:23+02:00;;dpa Baden-Württemberg;false
f8f7f7360d8d4ca4457755057958efd13b94d85b149a4f6bda1e4eb85eef4c71;Ilzer lobt Hoffenheimer nach 4:0 und sieht noch Aufgaben;https://www.zeit.de/news/2026-08/23/ilzer-lobt-hoffenheimer-nach-4-0-und-sieht-noch-aufgaben;Hier finden Sie Informationen zu dem Thema „DFB-Pokal“. Lesen Sie jetzt „Ilzer lobt Hoffenheimer nach 4:0 und sieht noch Aufgaben“.;DFB-Pokal;News, DFB-Pokal, Patrick Wimmer, Martin Männel, Christian Ilzer, Aue, Deutscher Fußball-Bund, FC Erzgebirge Aue, 1. FC Köln, Pokalaufgabe;2026-08-23T09:51:24+02:00;2026-08-23T09:51:24+02:00;;dpa Baden-Württemberg;false
c8dd7859c1db0195542845c502d03102a094e11296d8ec6658e1e5dc2bc196e9;Frau wird beim Ausparken angefahren;https://www.zeit.de/news/2026-08/23/frau-wird-beim-ausparken-angefahren;Hier finden Sie Informationen zu dem Thema „Unfall beim Ausparken“. Lesen Sie jetzt „Frau wird beim Ausparken angefahren“.;Unfall beim Ausparken;News, Unfall beim Ausparken, Schleusingen, Landkreis Hildburghausen, Polizei, Unfall;2026-08-23T09:48:51+02:00;2026-08-23T09:48:51+02:00;;dpa Thüringen;false
dac4fb78d1037085440dfa9ec44ded7a6af8a9068c0c1a6f5d07e8275bb300dc;Mit kalter Klinge;https://www.zeit.de/2026/36/in-die-schweiz-emma-cline-roman-assistierter-suizid-psyche;Die US-amerikanische Schriftstellerin Emma Cline schreibt gnadenlose Literatur. Ihr Roman »In die Schweiz« ist eine Reise ans Ende des Bewusstseins.;"Z+ (abopflichtiger Inhalt);
        
    »In die Schweiz« von Emma Cline";Feuilleton, »In die Schweiz« von Emma Cline, Literatur, Schriftstellerin, Belletristik, Schweiz;2026-08-23T09:47:27+02:00;2026-08-23T09:47:27+02:00;Ronald Düker;Aus der        ZEIT Nr. 36/2026;false
328fd5a7ecd952cfb914977ead061cbe2035446a678994e1349f5c12e2f3e34e;Füchse nach Supercup auf Formsuche: «Sind noch im Prozess»;https://www.zeit.de/news/2026-08/23/fuechse-nach-supercup-auf-formsuche-sind-noch-im-prozess;Hier finden Sie Informationen zu dem Thema „Handball-Bundesliga“. Lesen Sie jetzt „Füchse nach Supercup auf Formsuche: «Sind noch im Prozess»“.;Handball-Bundesliga;News, Handball-Bundesliga, Nicolej Krickau, München, Magdeburg, Melsungen, Handball-Bundesliga, Füchse Berlin, SC Magdeburg, MT Melsungen, Supercup, Formsuche;2026-08-23T09:47:18+02:00;2026-08-23T09:47:18+02:00;;dpa Berlin/Brandenburg;false
a8b5c4d87fd2e52a3bd04c1c41b2562cd82feb1fa4fce70a6218c72aa5f3530c;Eine Liebeserklärung an das runde Wunder;https://www.zeit.de/zeit-magazin/wochenmarkt/2026-08/tomate-gemuese-pflanze-entwicklung-kueche;Die Tomate kann erbsenklein sein und kegelkugeldick und farbig wie ein Monet. Und sie wird ständig weiterentwickelt. Auch damit sie die zunehmende Hitze übersteht.;"Z+ (abopflichtiger Inhalt);
        
    Tomate";Gemüse, Österreich, Südtirol, Hamburg, Südamerika, Italien, Tomate;2026-08-23T09:46:51+02:00;2026-08-23T09:46:51+02:00;Oliver ZeltAlexandra Polina;;false
1a5a77880f9a6f4dc020a4beef2a5e962d647b18298539523b86f5f991f10d16;Nachbar bei Löschversuch in Hemmingstedt verletzt;https://www.zeit.de/news/2026-08/23/nachbar-bei-loeschversuch-in-hemmingstedt-verletzt;Hier finden Sie Informationen zu dem Thema „Brände“. Lesen Sie jetzt „Nachbar bei Löschversuch in Hemmingstedt verletzt“.;Brände;News, Brände, Hemmingstedt, Polizei, Löschversuch, Brand;2026-08-23T09:46:39+02:00;2026-08-23T09:46:39+02:00;;dpa Hamburg/Schleswig-Holstein;false
a0273f3ecc2cb634b2de162e530250ad5170d0677554a61e177295a83b4f4322;Pyramiden, 1 Stern: »Eigentlich nur eine bisschen größere Sandburg«;https://www.zeit.de/2026/36/google-maps-bewertungen-sehenswuerdigkeiten-louvre-eiffelturm-akropolis;Ihr Urlaubsziel hatten Sie sich schöner vorgestellt? Sie sind nicht allein! Eine kleine Sammlung mieser Bewertungen zu den größten Sehenswürdigkeiten der Welt;"Z+ (abopflichtiger Inhalt);
        
    Google-Maps-Bewertungen";Entdecken, Google-Maps-Bewertungen, Reisen, Tourismus, Urlaubsziel, Paris, Moskau, Berlin, Grand Canyon;2026-08-23T09:44:25+02:00;2026-08-23T09:44:25+02:00;Paul Lütge;Aus der        ZEIT Nr. 36/2026;false
3f9183159340ce4fcac966e6eaa8ed5d98a90e21f595aa722d6d7cdfea7489db;Kanadas Premierminister Mark Carney spricht von Handelskrieg mit USA;https://www.zeit.de/politik/ausland/2026-08/kanada-gegendoelle-usa-mark-carney-zollstreit;Der kanadische Premierminister kündigt Gegenzölle auf US-Produkte an. Zuvor waren Verhandlungen mit den USA gescheitert.;Zollstreit zwischen USA und Kanada;Politik, Zollstreit zwischen USA und Kanada, USA, Kanada, Mark Carney, US-Zölle, Gegenzölle, Premierminister;2026-08-23T09:41:43+02:00;2026-08-23T09:41:43+02:00;iyfhoe;DIE ZEIT,        dpa,        AFP,        							iyf					,        							hoe;false
89afdb6bba4deb35eff63598e75a6af05b1d53089f5541a7c3e13533cdb03800;US-Konzerne wollen neue Verhandlungen zwischen USA und Kanada;https://www.zeit.de/politik/ausland/2026-08/us-zoelle-kanada-business-roundtable-donald-trump-mark-carney-gxe;US-Firmenchefs fürchten nach dem Scheitern der Zollverhandlungen Einbußen und fordern weitere Gespräche. Donald Trump reagiert erbost auf die kanadischen Zölle.;Zollstreit;Politik, Zollstreit, Kanada, USA, US-Zölle, Donald Trump, Gegenzölle, Mark Carney;2026-08-23T09:40:48+02:00;2026-08-23T09:40:48+02:00;htg;DIE ZEIT,        AFP,        							htg;false
8f0b33c88861f19e663fc39aa28936a9725c629d669592adeb4d732ae0f01dc3;Match in Allianz Arena? Zverev skeptisch: Bin nicht Federer;https://www.zeit.de/news/2026-08/23/match-in-allianz-arena-zverev-skeptisch-bin-nicht-federer;Hier finden Sie Informationen zu dem Thema „Traum des Tennisstars“. Lesen Sie jetzt „Match in Allianz Arena? Zverev skeptisch: Bin nicht Federer“.;Traum des Tennisstars;News, Traum des Tennisstars, Alexander Zverev, Roger Federer, Rafael Nadal, Novak Djokovic, Allianz Arena, FC Bayern München;2026-08-23T09:35:28+02:00;2026-08-23T09:35:28+02:00;;dpa Bayern;false
c0768ea566d6e29ec2005b977dbc496884028a3da85bc05aec5a71fe50ac3838;Viele Verletzte durch Erdbeben nahe Tokio;https://www.zeit.de/gesellschaft/zeitgeschehen/2026-08/erdbeben-japan-tokio-ibaraki-gxe;Bei einem Erdstoß in der Nähe von Tokio wurden mindestens 37 Menschen verletzt. Das Beben der Stärke 5,9 war bis in die japanische Hauptstadt zu spüren.;Japan;Gesellschaft, Japan, Japan, Erdstoß, Erdbeben, Tokio, Naturkatastrophe;2026-08-23T09:24:01+02:00;2026-08-23T09:24:01+02:00;tw;DIE ZEIT,        AFP,        							tw;false
013de22513e56afd3925a4afbe9d08e0ef92f7d745077844755720eabb226493;Radfahrer in Salzgitter von Auto erfasst;https://www.zeit.de/news/2026-08/23/radfahrer-in-salzgitter-von-auto-erfasst;Hier finden Sie Informationen zu dem Thema „Schwerer Unfall“. Lesen Sie jetzt „Radfahrer in Salzgitter von Auto erfasst“.;Schwerer Unfall;News, Schwerer Unfall, Salzgitter, Unfall, Auto;2026-08-23T09:19:39+02:00;2026-08-23T09:19:39+02:00;;dpa Niedersachsen;false
355772c87ab8f4c6bbd39a5c098c2f48f1ca5259d06e02671302ef237176d5a3;Überladenes Auto mit sechs ungesicherten Kindern gestoppt;https://www.zeit.de/news/2026-08/23/ueberladenes-auto-mit-sechs-ungesicherten-kindern-gestoppt;Hier finden Sie Informationen zu dem Thema „Grenzkontrolle auf der A3“. Lesen Sie jetzt „Überladenes Auto mit sechs ungesicherten Kindern gestoppt“.;Grenzkontrolle auf der A3;News, Grenzkontrolle auf der A3, Niederbayern, Polizei, Auto, Grenzkontrolle;2026-08-23T09:19:29+02:00;2026-08-23T09:19:29+02:00;;dpa Bayern;false
70addbabfae72ddddc632a6615a972fada379e9dfd85cc1089a66a3548daa619;Der Sommer kehrt zurück – doch für wie lange?;https://www.zeit.de/news/2026-08/23/der-sommer-kehrt-zurueck-doch-fuer-wie-lange;Hier finden Sie Informationen zu dem Thema „Wetter“. Lesen Sie jetzt „Der Sommer kehrt zurück – doch für wie lange?“.;Wetter;News, Wetter, Niedersachsen, Bremen, DWD, Sommergefühl, Sommer, Wetter;2026-08-23T09:13:50+02:00;2026-08-23T09:13:50+02:00;;dpa Niedersachsen;false
7e39d29f9c37ce620a7f82785150eaa8e0ab8182e9806758749a0346884e3ac0;Allianz Arena auf Sydney-Marathon-Medaille sorgt für Lacher;https://www.zeit.de/news/2026-08/23/allianz-arena-auf-sydney-marathon-medaille-sorgt-fuer-lacher;Hier finden Sie Informationen zu dem Thema „Kuriose Verwechslung“. Lesen Sie jetzt „Allianz Arena auf Sydney-Marathon-Medaille sorgt für Lacher“.;Kuriose Verwechslung;News, Kuriose Verwechslung, Sydney, Allianz Arena, FC Bayern München, Verwechslung, Plakette;2026-08-23T09:11:06+02:00;2026-08-23T09:11:06+02:00;;dpa Bayern;false
bf7ab2ff9661446c7da4e3f53f133a2ba6249e82707613dda52498a7e5c30cab;Iran droht Unterstützern von US-Wirtschaftsmaßnahmen;https://www.zeit.de/politik/ausland/2026-08/iran-usa-donald-trump-wirtschaftskrieg-sanktionen-gxe;Wer sich dem »Wirtschaftskrieg« der USA anschließe, werde als Feind betrachtet, heißt es aus dem Iran. Donald Trump hatte zuvor einen wirtschaftlichen »D-Day« angedroht.;»Wirtschaftskrieg« der USA;Politik, »Wirtschaftskrieg« der USA, Iran, USA, Sanktion, Donald Trump, Teheran;2026-08-23T09:08:36+02:00;2026-08-23T09:08:36+02:00;mga;DIE ZEIT,        AFP,        dpa,        							mga;false
c567eb61c58af8e19a25a4edc7e00d17d78430d77bf764d11216b424600d87be;«Seriöses» Leipzig bereit für die Liga: Was ist mit Nkunku?;https://www.zeit.de/news/2026-08/23/serioeses-leipzig-bereit-fuer-die-liga-was-ist-mit-nkunku;Hier finden Sie Informationen zu dem Thema „DFB-Pokal 1. Runde“. Lesen Sie jetzt „«Seriöses» Leipzig bereit für die Liga: Was ist mit Nkunku?“.;DFB-Pokal 1. Runde;News, DFB-Pokal 1. Runde, Martín Demichelis, Brajan Gruda, Christopher Nkunku, Leipzig, Sachsen, Trier, Niederrhein, Moselstadion, Deutscher Fußball-Bund, RB Leipzig;2026-08-23T09:06:25+02:00;2026-08-23T09:06:25+02:00;;dpa Sachsen;false
9b3c1ef243a18a72002636ad2b2e7fc0f457e66825b4d3f58741ac595832727f;Linnemann will Rentenansprüche für Pflegende sichern;https://www.zeit.de/politik/deutschland/2026-08/carsten-linnemann-pflege-anhaeliege-rentenansprueche-cdu-gxe;Seine Vorgängerin Nina Warken wollte bei den Rentenansprüchen pflegender Angehöriger sparen. Nun nimmt der neue Bundesgesundheitsminister Carsten Linnemann Abstand davon.;Bundesgesundheitsminister;Politik, Bundesgesundheitsminister, Pflegereform, Carsten Linnemann, Rente, CDU, Nina Warken;2026-08-23T09:03:41+02:00;2026-08-23T09:03:41+02:00;psc;DIE ZEIT,        dpa,        AFP,        							psc;false
31b90b121a976e8cfbf0aa7391aa65d3d8acc4dac740809b722d889eb52ab7f9;Nach Parkhausbrand: Abschleppfirma bringt Autos zu Besitzern;https://www.zeit.de/news/2026-08/23/nach-parkhausbrand-abschleppfirma-bringt-autos-zu-besitzern;Hier finden Sie Informationen zu dem Thema „Karlsruher Innenstadt“. Lesen Sie jetzt „Nach Parkhausbrand: Abschleppfirma bringt Autos zu Besitzern“.;Karlsruher Innenstadt;News, Karlsruher Innenstadt, Polizei, Parkhausbrand, Abschleppfirma, Parkhaus, Innenstadt, Auto, Fahrzeug;2026-08-23T09:00:18+02:00;2026-08-23T09:00:18+02:00;;dpa Baden-Württemberg;false
0181198dcf4bfa1c790b81e59c93fbc62b50333da8aa5c54d231a056986d5543;Wadephul macht Ukraine Hoffnung auf Patriot-Raketen;https://www.zeit.de/news/2026-08/23/wadephul-erwartet-sieg-und-putin-eine-niederlage-kiews;Hier finden Sie Informationen zu dem Thema „Russischer Angriffskrieg“. Lesen Sie jetzt „Wadephul macht Ukraine Hoffnung auf Patriot-Raketen“.;Russischer Angriffskrieg;News, Russischer Angriffskrieg, Wladimir Putin, Johann Wadephul, Dmitri Medwedew, Kiew, Russland, Moskau, Europa, Krywyj, Kyjiw, CDU;2026-08-23T09:00:06+02:00;2026-08-23T09:00:06+02:00;;dpa;false
cf4ce8bbd7d6014fb4219a848a9cf7752f62aecfa8e342ebe0778c1327cfc732;ARD-Reihe «Nord bei Nordwest»: Lebendig begraben;https://www.zeit.de/news/2026-08/23/ard-reihe-nord-bei-nordwest-lebendig-begraben;Hier finden Sie Informationen zu dem Thema „Streaming und Fernsehen“. Lesen Sie jetzt „ARD-Reihe «Nord bei Nordwest»: Lebendig begraben“.;Streaming und Fernsehen;News, Streaming und Fernsehen, Hauke Jacob, Hannah Wagner, Olaf Dannenberg, Nordwest, ARD, Kriminalfall, Streaming, Kino, Beziehung;2026-08-23T09:00:05+02:00;2026-08-23T09:00:05+02:00;;dpa Hamburg/Schleswig-Holstein;false
66a1c44edf3bdd11b1af39a2f39bfe5182d7b8586ef824bf7c3c5cdec03722e0;Mourinho sieht Real-Star Vinícius Júnior als Mobbing-Opfer;https://www.zeit.de/news/2026-08/23/mourinho-sieht-real-star-vin-cius-j-nior-als-mobbing-opfer;Hier finden Sie Informationen zu dem Thema „Fußball“. Lesen Sie jetzt „Mourinho sieht Real-Star Vinícius Júnior als Mobbing-Opfer“.;Fußball;News, Fußball, Vinícius Júnior, José Mourinho, Madrid, Espanyol Barcelona, Real Madrid, Fußball;2026-08-23T08:59:50+02:00;2026-08-23T08:59:50+02:00;;dpa Sport;false
a0b9917e40adb9e52001a54d78a7efd61016bb322aac6e32c0e714692087deb4;Polen kämpft gegen Ausbreitung der giftigen Goldalge;https://www.zeit.de/news/2026-08/23/polen-kaempft-gegen-ausbreitung-der-giftigen-goldalge;Hier finden Sie Informationen zu dem Thema „Nebengewässer der Oder“. Lesen Sie jetzt „Polen kämpft gegen Ausbreitung der giftigen Goldalge“.;Nebengewässer der Oder;News, Nebengewässer der Oder, Gleiwitz, Goldalge, Nebengewässer, Ausbreitung, Fischsterben, Sommer;2026-08-23T08:46:27+02:00;2026-08-23T08:46:27+02:00;;dpa Berlin/Brandenburg;false
8b5278279d46457cec6f816c7b0bf6a0020fa8e1128712ca4134359b008c0ff8;Sonne zeigt sich zum Wochenstart;https://www.zeit.de/news/2026-08/23/sonne-zeigt-sich-zum-wochenstart;Hier finden Sie Informationen zu dem Thema „Wetteraussichten“. Lesen Sie jetzt „Sonne zeigt sich zum Wochenstart“.;Wetteraussichten;News, Wetteraussichten, Sachsen, Thüringen, Sachsen-Anhalt, DWD, Wetteraussicht;2026-08-23T08:41:51+02:00;2026-08-23T08:41:51+02:00;;dpa Sachsen;false
1a0a7f499999c89276c75a8500b176a1a41306bd800852db745b9e238168b41e;Friedrich Merz will Reformvorhaben »so schnell wie möglich« umsetzen;https://www.zeit.de/politik/deutschland/2026-08/klausur-schloss-neuhardenberg-friedrich-merz-reformen-wirtschaft-mittelstand-gxe;Die schwarz-rote Koalition trifft sich in der kommenden Woche zur Kabinettsklausur. Als wichtigste Themen nennt der Kanzler Wirtschaftswachstum und Beschäftigung.;Klausur in Schloss Neuhardenberg;Politik, Klausur in Schloss Neuhardenberg, Friedrich Merz, CDU, Reformvorhaben, Kabinettsklausur, Wirtschaftswachstum, Koalition, Rente, Digitalisierung;2026-08-23T08:23:06+02:00;2026-08-23T08:23:06+02:00;psc;DIE ZEIT,        AFP,        dpa,        							psc;false
886233b6641f6fdfe796cc3ae88e97a0a26420cc8c2973b50a1e2e38d92cbb68;Der Traum von der perfekten Vollnarkose;https://www.zeit.de/2026/36/vollnarkose-bewusstsein-gehirn-operationsnarkose;Anästhesisten wissen nicht genau, was im Gehirn geschieht, wenn sie Patienten das Bewusstsein nehmen. Neue Forschung zeigt: Das Hirn bekommt viel mehr mit als gedacht.;"Z+ (abopflichtiger Inhalt);
        
    Vollnarkose";Gesundheit, Vollnarkose, Gehirn, EEG, Medizin, Arzt;2026-08-23T08:17:58+02:00;2026-08-23T08:17:58+02:00;Dr.  Anna Carthaus;Aus der        ZEIT Nr. 36/2026;false
d16913c6825ea7f0e9940d1fcb1ed1f70a8bc7559303e22fa13bf571235307b9;Rollerfahrer prallt gegen Straßenlaterne;https://www.zeit.de/news/2026-08/23/rollerfahrer-prallt-gegen-strassenlaterne;Hier finden Sie Informationen zu dem Thema „Unfälle“. Lesen Sie jetzt „Rollerfahrer prallt gegen Straßenlaterne“.;Unfälle;News, Unfälle, Straßenlaterne, Unfall;2026-08-23T07:58:38+02:00;2026-08-23T07:58:38+02:00;;dpa Baden-Württemberg;false
f9b47751b404e48a9b53628b5f586ae4ad3a09e982b5ad812a2fc554f2ba68ee;Neue Woche mit sonnigen Aussichten;https://www.zeit.de/news/2026-08/23/neue-woche-mit-sonnigen-aussichten;Hier finden Sie Informationen zu dem Thema „Wetteraussichten“. Lesen Sie jetzt „Neue Woche mit sonnigen Aussichten“.;Wetteraussichten;News, Wetteraussichten, Berlin, Brandenburg, Wetteraussicht;2026-08-23T07:56:34+02:00;2026-08-23T07:56:34+02:00;;dpa Berlin/Brandenburg;false
4b77b6bd5c2565978d18f1d61b79e844084447468ee4b1c96dc4948c859562c9;Bilder des Tages;https://www.zeit.de/news/2026-08/23/bilder-des-tages;Hier finden Sie Informationen zu dem Thema „Fotografie“. Lesen Sie jetzt „Bilder des Tages“.;Fotografie;News, Fotografie, News;2026-08-23T07:46:59+02:00;2026-08-23T07:46:59+02:00;;dpa;false
88848089b5382bf072defb268fd3c5d23741ba60806cc550f40976632b5ee31e;Sonne statt Regen: Jacke kann bei Ausflügen zu Hause bleiben;https://www.zeit.de/news/2026-08/23/sonne-statt-regen-jacke-kann-bei-ausfluegen-zu-hause-bleiben;Hier finden Sie Informationen zu dem Thema „Dauerregen vorbei“. Lesen Sie jetzt „Sonne statt Regen: Jacke kann bei Ausflügen zu Hause bleiben“.;Dauerregen vorbei;News, Dauerregen vorbei, Alpen, DWD, Dauerregen, Jacke, Höchsttemperatur, Ausflug;2026-08-23T07:35:37+02:00;2026-08-23T07:35:37+02:00;;dpa Bayern;false
81996e17692f21e0bea29720871632a45da16355cb982337f8ec1112372e394f;Sonne und milde Temperaturen – dann folgt Regen im Südwesten;https://www.zeit.de/news/2026-08/23/sonne-und-milde-temperaturen-dann-folgt-regen-im-suedwesten;Hier finden Sie Informationen zu dem Thema „Wetterbericht“. Lesen Sie jetzt „Sonne und milde Temperaturen – dann folgt Regen im Südwesten“.;Wetterbericht;News, Wetterbericht, Schwarzwald, Baden-Württemberg, DWD, Südwesten, Temperatur, Wetterbericht, Sonntagsausflug, Wetter;2026-08-23T07:31:35+02:00;2026-08-23T07:31:35+02:00;;dpa Baden-Württemberg;false
6cdd313b48cebfe808d4b357093ad4ca7197d2422ca294e8bb961b5d4ff05f69;Bielefeld-Coach kritisiert Pokal-Aus: «Vom Kopf nicht da»;https://www.zeit.de/news/2026-08/23/bielefeld-coach-kritisiert-pokal-aus-vom-kopf-nicht-da;Hier finden Sie Informationen zu dem Thema „Niederlage beim Außenseiter“. Lesen Sie jetzt „Bielefeld-Coach kritisiert Pokal-Aus: «Vom Kopf nicht da»“.;Niederlage beim Außenseiter;News, Niederlage beim Außenseiter, Oliver Kirch, Maximilian Bauer, Großaspach, Bielefeld, Arminia Bielefeld, Deutscher Fußball-Bund, SG Sonnenhof Großaspach;2026-08-23T07:15:04+02:00;2026-08-23T07:15:04+02:00;;dpa Baden-Württemberg;false
6fe25de47c00dc4d32af3445d5a9f1c02535772cd755222efcff24f6e4a1fb85;21-Jähriger fährt in Garagengebäude und wird schwer verletzt;https://www.zeit.de/news/2026-08/23/21-jaehriger-faehrt-in-garagengebaeude-und-wird-schwer-verletzt;Hier finden Sie Informationen zu dem Thema „Unfall in der Nacht“. Lesen Sie jetzt „21-Jähriger fährt in Garagengebäude und wird schwer verletzt“.;Unfall in der Nacht;News, Unfall in der Nacht, Wiesbaden, Garagengebäude, Unfall;2026-08-23T07:12:59+02:00;2026-08-23T07:12:59+02:00;;dpa Hessen;false
903f64ddead1a5f2b757c2f18124534b266d8db5fdfb18427922915e9ff6b53c;Der beste Ort für Kinderkunst? Die Mülltonne;https://www.zeit.de/familie/2026-08/familie-kinder-leistung-wuerdigen;Kinder sind oft produktive Künstler, nur selten außergewöhnlich gute. Wie der Bilderflut beikommen – ohne schlechtes Gewissen? Unsere Autorin hat sich eine Regel gesetzt.;"Z+ (abopflichtiger Inhalt);
        
    Kunstwerke der Kinder";Familie, Kunstwerke der Kinder, Eltern, Kinder, Familie, Familienleben, Forschung;2026-08-23T07:05:17+02:00;2026-08-23T07:05:17+02:00;Wlada Kolosowa;;false
4c863b3067347b9c48cc0e8e4fb7066846062b8545180d09ba3ea2c849d2e959;Er ist zurück: Was auf Merz nun zukommt;https://www.zeit.de/news/2026-08/23/er-ist-zurueck-was-auf-merz-nun-zukommt;Hier finden Sie Informationen zu dem Thema „Kanzler unter Druck“. Lesen Sie jetzt „Er ist zurück: Was auf Merz nun zukommt“.;Kanzler unter Druck;News, Kanzler unter Druck, Friedrich Merz, Gordon Schnieder, Berlin, Eifel, Hürtgenwald, Sachsen-Anhalt, Mecklenburg-Vorpommern, YouGov, Deutsche Presse-Agentur, CDU;2026-08-23T07:00:07+02:00;2026-08-23T07:00:07+02:00;;dpa;false
d62c122eb8b4273090017e7281f037dc43277bc95b857dc69f269bb37fae2547;Das sind die Spitzenkandidatinnen und -kandidaten in MV;https://www.zeit.de/news/2026-08/23/das-sind-die-spitzenkandidatinnen-und-kandidaten-in-mv;Hier finden Sie Informationen zu dem Thema „Landtagswahl am 20. September“. Lesen Sie jetzt „Das sind die Spitzenkandidatinnen und -kandidaten in MV“.;Landtagswahl am 20. September;News, Landtagswahl am 20. September, Manuela Schwesig, Leif-Erik Holm, Enrico Schult, Simone Oldenburg, Daniel Peters, Claudia Müller, Jakob Schirmer, Lisa Paus, Mecklenburg-Vorpommern, Frankfurt (Oder);2026-08-23T07:00:06+02:00;2026-08-23T07:00:06+02:00;;dpa Mecklenburg-Vorpommern;false
2e454302eae5081b8e16d865b10d78413f35e1fbad3e087dc327c135dcfd8b36;Linke und AfD in Niedersachsen wachsen stark;https://www.zeit.de/news/2026-08/23/linke-und-afd-in-niedersachsen-wachsen-stark;Hier finden Sie Informationen zu dem Thema „Mitgliederentwicklung“. Lesen Sie jetzt „Linke und AfD in Niedersachsen wachsen stark“.;Mitgliederentwicklung;News, Mitgliederentwicklung, Niedersachsen, Alternative für Deutschland, CDU, SPD, Die Linke, Kommunalwahl, Mitgliederentwicklung, Parteibindung, Mitgliederzuwachs;2026-08-23T06:00:05+02:00;2026-08-23T06:00:05+02:00;;dpa Niedersachsen;false
1025c9c1ca954e4597a9962d54792d87ce71f064e83785f8a0ea9acd498f59b7;Minute in Unterzahl: Leverkusen erlebt neue DFB-Regel;https://www.zeit.de/news/2026-08/23/minute-in-unterzahl-leverkusen-erlebt-neue-dfb-regel;Hier finden Sie Informationen zu dem Thema „DFB-Pokal“. Lesen Sie jetzt „Minute in Unterzahl: Leverkusen erlebt neue DFB-Regel“.;DFB-Pokal;News, DFB-Pokal, Patrik Schick, Carles Martínez, Leverkusen, Deutscher Fußball-Bund, Bayer 04 Leverkusen, Pflichtspiel, Unterzahl;2026-08-23T05:55:04+02:00;2026-08-23T05:55:04+02:00;;dpa Hessen;false
4f2ede2c36d43a9935fde3f9804f858e4f6eabe6bfa09684639cda8d96a42365;Bauernverband: Futterversorgung in Thüringen angespannt;https://www.zeit.de/news/2026-08/23/bauernverband-futterversorgung-in-thueringen-angespannt;Hier finden Sie Informationen zu dem Thema „Tierfutter“. Lesen Sie jetzt „Bauernverband: Futterversorgung in Thüringen angespannt“.;Tierfutter;News, Tierfutter, André Rathgeber, Thüringen, Erfurt, Bayern, Deutsche Presse-Agentur, Futterversorgung, Bauernverband, Tierfutter, Trockenheit, Tiere;2026-08-23T05:30:06+02:00;2026-08-23T05:30:06+02:00;;dpa Thüringen;false
97f5fc535c294a1cdb59ec3f8f76b45f0ad27da96d7fde38fe9cbf9856afb683;Natur und Mini-Dörfer - Warum ein Trip ins Wendland lohnt;https://www.zeit.de/news/2026-08/23/natur-und-mini-doerfer-warum-ein-trip-ins-wendland-lohnt;Hier finden Sie Informationen zu dem Thema „Entdeckungen vor der Haustür“. Lesen Sie jetzt „Natur und Mini-Dörfer - Warum ein Trip ins Wendland lohnt“.;Entdeckungen vor der Haustür;News, Entdeckungen vor der Haustür, Karl der Große, Niedersachsen, Norddeutschland, Waddeweitz, Gorleben, Bleckede, Dahlenburg, Elbe, Lübeln, Lüchow;2026-08-23T05:30:06+02:00;2026-08-23T05:30:06+02:00;;dpa Niedersachsen;false
803a2d640563e721221b8928ac16e458e0fd9d37d3ca9df77893faff95dcd682;Alte Freunde scheint Trump nicht zu brauchen. Das hat einen Preis;https://www.zeit.de/politik/2026-08/allianzen-usa-internationale-beziehung-us-regierung-donald-trump;Zum Weltmachtarsenal der USA gehörte es, treue Verbündete zu haben. Nun umschmeichelt der US-Präsident deren Feinde. Beziehungskrisen gab es immer. Diese ist anders. ;"Z+ (abopflichtiger Inhalt);
        
    Allianzen der USA";Politik, Allianzen der USA, Internationale Beziehungen, Donald Trump, USA, Russland, China, Iran;2026-08-23T05:29:25+02:00;2026-08-23T05:29:25+02:00;Dr. Anna Sauerbrey;;false
145a54fe5de3f3d0d8d20a68b2491d35df5fe6bbc71c12e8771712676d4b369f;Mit 82;https://www.zeit.de/2026/36/82-jahre-alter-werner-herzog-instagram-lebenserwartung;In unserer Kolumne nehmen wir uns jede Woche ein Lebensjahr vor. In diesem absolvierte die »Eiserne Nonne« ihren letzten Ironman.;"Z+ (abopflichtiger Inhalt);
        
    82 Jahre";Entdecken, 82 Jahre, Alter, Werner Herzog, Ironman, Laufen;2026-08-23T05:29:06+02:00;2026-08-23T05:29:06+02:00;Rebecca Stegmann;Aus der        ZEIT Nr. 36/2026;false
dc2c231238bd7968459ea0d98f0ee0cbf1ae0973c1729d7fbdef9fa21a82de9d;Das Treppen-Skaten;https://www.zeit.de/sport/2026-08/eisskaterin-treppe-fitnessuebung-personal-trainer;In Eisschnelllaufmanier Treppensteigen? Was irre klingen mag, ist eine Übung für Hobby-Sportlerinnen und -Sportler. Unser Trainer erklärt, wie Sie nach oben skaten.;Unser Personal Trainer;Sport, Unser Personal Trainer, Fitness, Ausdauer;2026-08-23T05:28:39+02:00;2026-08-23T05:28:39+02:00;;;false
6bca3d0d0d9479d5dcdb073206df2bd6a9330a22fc5852d62448f923d5ce63d1;»Ich verdiene etwa 11.600 Euro im Monat«;https://www.zeit.de/arbeit/2026-08/pharmabranche-job-vollzeit-gehalt-kontoauszug;Tillmann, 39, ist Anlagenbauer in der Pharmabranche. Er weiß, wie schwer es ist, ihn im Job zu ersetzen und findet sein Gehalt daher fair. Der Kontoauszug;"Z+ (abopflichtiger Inhalt);
        
    Pharmabranche";Arbeit, Pharmabranche, Pharmakonzern, Arbeitsmarkt, Familie, Kinder;2026-08-23T05:28:07+02:00;2026-08-23T05:28:07+02:00;Gerrit-Freya Klebe;;false
bb027fef119c000f3b419f0b4298860712bab4d3cea4e0ab7a5374df5a5c82cf;Abwrackplan für die Republik;https://www.zeit.de/zeit-geschichte/2026/04/bankenkrise-ersparter-banken-republik-berlin;Nicht einmal zwei Jahre lang war Heinrich Brüning Reichskanzler der Weimarer Republik. Er arbeitete auf eine autoritäre Wende hin – und ebnete so Adolf Hitler den Weg.;"Z+ (abopflichtiger Inhalt);
        
    Bankenkrise";Wissenschaft, Bankenkrise, Weimarer Republik, Heinrich Brüning, Bankenkrise, Geschichte, SPD, Adolf Hitler, Benito Mussolini, NSDAP, Erster Weltkrieg, Revolution;2026-08-23T05:27:35+02:00;2026-08-23T05:27:35+02:00;Ute Daniel;Aus        ZEIT Geschichte Nr. 04/2026;false
fff98aadcffaf119baa986ffd2bda6f74157f7f405dd83d3c709f22424581e21;Südkoreanischer Frachter soll erstmals über Arktis nach Europa fahren;https://www.zeit.de/wirtschaft/2026-08/nordostpassage-suede-korea-containerschiff-arktisroute;Südkorea schickt einen Frachter durch die Nordostpassage nach Europa. Das Land will sich so als Drehkreuz für den Welthandel in Zeiten des Klimawandels positionieren.;Nordostpassage;Wirtschaft, Nordostpassage, Arktis, Europa, Busan, Südkorea, Asien, Nordostpassage, Frachter, Drehkreuz, Klimawandel, Schiff;2026-08-23T05:25:19+02:00;2026-08-23T05:25:19+02:00;htg;DIE ZEIT,        dpa,        AFP,        							htg;false
dfee24cd0a0ff3a9234dce1bc295a807c9df4e4db9e2fed23e4ee947f2c04eb3;Was die Hängepartie im Iran-Krieg für Autofahrer bedeutet;https://www.zeit.de/news/2026-08/23/was-die-haengepartie-im-iran-krieg-fuer-autofahrer-bedeutet;Hier finden Sie Informationen zu dem Thema „Ölpreis steigt weiter“. Lesen Sie jetzt „Was die Hängepartie im Iran-Krieg für Autofahrer bedeutet“.;Ölpreis steigt weiter;News, Ölpreis steigt weiter, Donald Trump, Thomas Puls, USA, Iran, Teheran, China, Straße von Hormus, D-Day, Hängepartie, Wirtschaftskrieg;2026-08-23T05:15:05+02:00;2026-08-23T05:15:05+02:00;;dpa;false
981e31565c978e0c94f9996d94090f36cb3de0151b555c7bbe672bfc63f5abdc;Evers will mehr KI-basierte Videoüberwachung;https://www.zeit.de/news/2026-08/23/evers-will-mehr-ki-basierte-videoueberwachung;Hier finden Sie Informationen zu dem Thema „KI-Einsatz“. Lesen Sie jetzt „Evers will mehr KI-basierte Videoüberwachung“.;KI-Einsatz;News, KI-Einsatz, Stefan Evers, Berlin, CDU, Deutsche Presse-Agentur, Polizei, Videoüberwachung, Polizeirecht, Sicherheit;2026-08-23T05:02:05+02:00;2026-08-23T05:02:05+02:00;;dpa Berlin/Brandenburg;false
784ca9d7142416824d484a8824f89acbe642821a8cf4309f603075e321aec296;Hamburger Jobcenter registrieren mehr Widersprüche;https://www.zeit.de/news/2026-08/23/hamburger-jobcenter-registrieren-mehr-widersprueche;Hier finden Sie Informationen zu dem Thema „Arbeitslosigkeit“. Lesen Sie jetzt „Hamburger Jobcenter registrieren mehr Widersprüche“.;Arbeitslosigkeit;News, Arbeitslosigkeit, Hamburg, Arbeitsamt, Bundesagentur für Arbeit, künstliche Intelligenz;2026-08-23T05:00:42+02:00;2026-08-23T05:00:42+02:00;;dpa Hamburg/Schleswig-Holstein;false
d9dd74063e3c1b77b893060ef60eb66392bcb26917c172c624e7a073dcb18e73;Landwirte melden Ernteverluste: «Pflanzen unterversorgt»;https://www.zeit.de/news/2026-08/23/landwirte-melden-ernteverluste-pflanzen-unterversorgt;Hier finden Sie Informationen zu dem Thema „Finanzielle Engpässe“. Lesen Sie jetzt „Landwirte melden Ernteverluste: «Pflanzen unterversorgt»“.;Finanzielle Engpässe;News, Finanzielle Engpässe, Jan-Malte Wichern, NRW, Nordrhein-Westfalen, Jülich, Köln, Aachen, Ernteverlust, Gussen, Engpass, Wetter;2026-08-23T05:00:30+02:00;2026-08-23T05:00:30+02:00;;dpa Nordrhein-Westfalen;false
eb82c116929db0bfe2c0db47b6b0337409cae1aa1c40f529651281b1bd64349c;Bewerbungsrunde zum «NRW-Pressefoto 2026» startet;https://www.zeit.de/news/2026-08/23/bewerbungsrunde-zum-nrw-pressefoto-2026-startet;Hier finden Sie Informationen zu dem Thema „Das Jahr in Bildern“. Lesen Sie jetzt „Bewerbungsrunde zum «NRW-Pressefoto 2026» startet“.;Das Jahr in Bildern;News, Das Jahr in Bildern, NRW, Düsseldorf, Bewerbungsrunde, Landtag;2026-08-23T05:00:27+02:00;2026-08-23T05:00:27+02:00;;dpa Nordrhein-Westfalen;false
57265d75fff9e2ee4c49d680bd45e67ceab4734e33c80dc5279b4f27bdaafec6;Trauer, Trauma, Stigma - Ebola-Waisen im Kongo;https://www.zeit.de/news/2026-08/23/trauer-trauma-stigma-ebola-waisen-im-kongo;Hier finden Sie Informationen zu dem Thema „Ebola im Kongo“. Lesen Sie jetzt „Trauer, Trauma, Stigma - Ebola-Waisen im Kongo“.;Ebola im Kongo;News, Ebola im Kongo, Kongo, Africa, CDC, UNICEF, Trauma, Zwangsrekrutierung, Trauer, Ebola, Sicherheit, Familie;2026-08-23T05:00:13+02:00;2026-08-23T05:00:13+02:00;;dpa;false
c9d84d846952d2e5a4a273fae19ca7f38c677b6255713be60ececeb994e42e76;Was man zur Kürbissaison in Baden-Württemberg wissen sollte;https://www.zeit.de/news/2026-08/23/was-man-zur-kuerbissaison-in-baden-wuerttemberg-wissen-sollte;Hier finden Sie Informationen zu dem Thema „Es wird herbstlich“. Lesen Sie jetzt „Was man zur Kürbissaison in Baden-Württemberg wissen sollte“.;Es wird herbstlich;News, Es wird herbstlich, Dennis Ruf, Hokkaido, Baden-Württemberg, Kürbissaison, Kürbis, Haupternte, Herbst, Sommer, Hitze;2026-08-23T05:00:12+02:00;2026-08-23T05:00:12+02:00;;dpa Baden-Württemberg;false
2b643fd5a11bd5fbe9b414a4479e5a56dedc400982e15f9f48e69e64dac08948;Keltereien erwarten unterdurchschnittliche Apfelernte;https://www.zeit.de/news/2026-08/23/keltereien-erwarten-unterdurchschnittliche-apfelernte;Hier finden Sie Informationen zu dem Thema „Früchte klein und verbrannt“. Lesen Sie jetzt „Keltereien erwarten unterdurchschnittliche Apfelernte“.;Früchte klein und verbrannt;News, Früchte klein und verbrannt, Kathleen Kitsche, Matthias Schulz, Sachsen, Thüringen, Brandenburg, Oberlausitz, Sachsen-Anhalt, Kelterei, Apfelernte, Fruchtsaftverband;2026-08-23T05:00:10+02:00;2026-08-23T05:00:10+02:00;;dpa Sachsen;false
701d3911fe3bd9037a9f8bc3a8278836b05ddddc2952bfb6a93518c9e663ae9b;Up ewig ungedeelt - Schleswig-Holstein wird 80;https://www.zeit.de/news/2026-08/23/up-ewig-ungedeelt-schleswig-holstein-wird-80;Hier finden Sie Informationen zu dem Thema „Schleswig-Holsteins Jubiläum“. Lesen Sie jetzt „Up ewig ungedeelt - Schleswig-Holstein wird 80“.;Schleswig-Holsteins Jubiläum;News, Schleswig-Holsteins Jubiläum, Björn Engholm, Uwe Barschel, Schleswig-Holstein, Holstein, Schleswig, Lübeck, Dänemark, Flensburg, Tønder, Russland;2026-08-23T05:00:09+02:00;2026-08-23T05:00:09+02:00;;dpa Hamburg/Schleswig-Holstein;false
262208a1feb635cde3b2947b95d7ae4270e0d0edbd395437257d7516462f5a92;US-Botschafter in Belgien kritisiert Suspendierung von US-Forscher;https://www.zeit.de/politik/ausland/2026-08/jason-arday-plagiat-vorwurf-usa-botschafter-belgien-forscher-kritik-suspendierung;Eine belgische Universität hat einen Forscher suspendiert, der Cambridge-Professor Jason Arday ein Plagiat unterstellt hatte. Jetzt wollen die USA eingreifen.;Fall Jason Arday;Politik, Fall Jason Arday, Bill White, Nathan Cofna, X. Cofna, Jason Arday, Belgien, USA, Washington, Universität Gent, X, Suspendierung;2026-08-23T04:58:04+02:00;2026-08-23T04:58:04+02:00;hoe;DIE ZEIT,        AFP,        							hoe;false
477eaf4c71dc789494231d1e868e89a7f21ba26b487eabe05664d02f672721f0;Käsehersteller, Anwalt, Arzt: Mehr Quereinsteiger im Weinbau;https://www.zeit.de/news/2026-08/23/kaesehersteller-anwalt-arzt-mehr-quereinsteiger-im-weinbau;Hier finden Sie Informationen zu dem Thema „Weinbau“. Lesen Sie jetzt „Käsehersteller, Anwalt, Arzt: Mehr Quereinsteiger im Weinbau“.;Weinbau;News, Weinbau, Urban Kaufmann, Florian Wecker, Ernst Büscher, Eva Raps, Elmar Koeller, Günther Jauch, Rheingau, Mosel, Kanzem, Italien;2026-08-23T04:30:08+02:00;2026-08-23T04:30:08+02:00;;dpa Hessen;false
394e7c2d891e57b14b0712b0a71d011b51a374394b6cacf67fe5f1e892a4dc9c;Operation Marriage: Briten gründen vor 80 Jahren NRW;https://www.zeit.de/news/2026-08/23/operation-marriage-briten-gruenden-vor-80-jahren-nrw;Hier finden Sie Informationen zu dem Thema „Nach dem Zweiten Weltkrieg“. Lesen Sie jetzt „Operation Marriage: Briten gründen vor 80 Jahren NRW“.;Nach dem Zweiten Weltkrieg;News, Nach dem Zweiten Weltkrieg, NRW, Schlossplatz, Nordrhein-Westfalen, Münster, Zweiter Weltkrieg;2026-08-23T04:30:04+02:00;2026-08-23T04:30:04+02:00;;dpa Nordrhein-Westfalen;false
88a953904e00b5e652170844ffcce562e49f3007d31232250b54af66e0541f9b;Auch TV-Moderator Günther Jauch hat ein Weingut;https://www.zeit.de/news/2026-08/23/auch-tv-moderator-guenther-jauch-hat-ein-weingut;Hier finden Sie Informationen zu dem Thema „Weinbau“. Lesen Sie jetzt „Auch TV-Moderator Günther Jauch hat ein Weingut“.;Weinbau;News, Weinbau, Günther Jauch, Kanzem, Rheinland-Pfalz, Weingut, Weinbranche, Weinbau, Quereinsteiger;2026-08-23T04:15:04+02:00;2026-08-23T04:15:04+02:00;;dpa Hessen;false
8d1bd07009f40c5ffbd0f43125b68c95dbeb16aae5e273f34665fce275190527;Entenfamilie überfahren – Verstoß gegen Tierschutzgesetz?;https://www.zeit.de/news/2026-08/23/entenfamilie-ueberfahren-verstoss-gegen-tierschutzgesetz;Hier finden Sie Informationen zu dem Thema „Tiere im Verkehr“. Lesen Sie jetzt „Entenfamilie überfahren – Verstoß gegen Tierschutzgesetz?“.;Tiere im Verkehr;News, Tiere im Verkehr, Kemnath, Polizei, Entenfamilie, Tierschutzgesetz, Verkehr, Tiere;2026-08-23T04:00:53+02:00;2026-08-23T04:00:53+02:00;;dpa Bayern;false
7871f071fb6fac7faab94e646a985132eebe2832c326207cadf70e3c4ca0394e;Das macht das Festspielorchester nach Ende der Spielzeit;https://www.zeit.de/news/2026-08/23/das-macht-das-festspielorchester-nach-ende-der-spielzeit;Hier finden Sie Informationen zu dem Thema „Barcelona statt Bayreuth“. Lesen Sie jetzt „Das macht das Festspielorchester nach Ende der Spielzeit“.;Barcelona statt Bayreuth;News, Barcelona statt Bayreuth, Barcelona, Bayreuth, Spanien, Santander, Sevilla, Madrid, Reisen, Festspielorchester;2026-08-23T04:00:29+02:00;2026-08-23T04:00:29+02:00;;dpa Bayern;false
dcb6413c7928e0f1d40c96080860bf76acc854e06d03944572e3c8803745d804;Wie Özdemir im Kanzleramt mit dem Lichtschalter kämpfte;https://www.zeit.de/news/2026-08/23/wie-oezdemir-im-kanzleramt-mit-dem-lichtschalter-kaempfte;Hier finden Sie Informationen zu dem Thema „Schwäbische Angewohnheit“. Lesen Sie jetzt „Wie Özdemir im Kanzleramt mit dem Lichtschalter kämpfte“.;Schwäbische Angewohnheit;News, Schwäbische Angewohnheit, Cem Özdemir, Angela Merkel, FDP, CDU, Angewohnheit, Bundeskanzleramt;2026-08-23T04:00:27+02:00;2026-08-23T04:00:27+02:00;;dpa Baden-Württemberg;false
ac191525f2e82c93510ef217d699aeb822601d1b43c84c5907215bad943be9ef;Brotgetreide: gute Qualität trotz starker Ertragsverluste;https://www.zeit.de/news/2026-08/23/brotgetreide-gute-qualitaet-trotz-starker-ertragsverluste;Hier finden Sie Informationen zu dem Thema „Ernte in Bayern“. Lesen Sie jetzt „Brotgetreide: gute Qualität trotz starker Ertragsverluste“.;Ernte in Bayern;News, Ernte in Bayern, Josef Rampl, Maria Lena Hohenester, Bayern, Brotgetreide, Ertragsverlust, Pflanzenbauspiegel, Junihälfte, Trockenheit, Landesanstalt, Hitzewelle;2026-08-23T04:00:16+02:00;2026-08-23T04:00:16+02:00;;dpa Bayern;false
92b00159b966f680a33f692badc262455be05f4fe176eedce37edf726aa33a6b;Das bringt Betrieben Tariftreue;https://www.zeit.de/news/2026-08/23/das-bringt-betrieben-tariftreue;Hier finden Sie Informationen zu dem Thema „Wirtschaftsstandort“. Lesen Sie jetzt „Das bringt Betrieben Tariftreue“.;Wirtschaftsstandort;News, Wirtschaftsstandort, Sabine Bätzing-Lichtenthäler, Mainz, Rheinland-Pfalz, Arbeitsministerium, SPD, Deutsche Presse-Agentur, CDU, Tariftreue, Landestariftreuegesetz, Kommune;2026-08-23T04:00:14+02:00;2026-08-23T04:00:14+02:00;;dpa Rheinland-Pfalz/Saarland;false
6be3c240edd655408111f9b68ba119be02150ea68ed2dbc61f6d142863f5b793;Trockenheit setzt neuen Weihnachtsbaumkulturen stark zu;https://www.zeit.de/news/2026-08/23/trockenheit-setzt-neuen-weihnachtsbaumkulturen-stark-zu;Hier finden Sie Informationen zu dem Thema „Bäume an Weihnachten in Gefahr“. Lesen Sie jetzt „Trockenheit setzt neuen Weihnachtsbaumkulturen stark zu“.;Bäume an Weihnachten in Gefahr;News, Bäume an Weihnachten in Gefahr, Sebastian Fertig, Mudau, Baden-Württemberg, Neckar-Odenwald-Kreis, Weihnachten, Weihnachtsbaumkultur, Trockenheit, Christbaumverband, Sommer, Hitze;2026-08-23T04:00:13+02:00;2026-08-23T04:00:13+02:00;;dpa Baden-Württemberg;false
7673558d3d0a7e39134e2bf0a2394ba4686400fcb2a8da60946af99c1a2fd44d;«Die Tat hat die Menschen verändert» – Erinnern in Solingen;https://www.zeit.de/news/2026-08/23/die-tat-hat-die-menschen-veraendert-erinnern-in-solingen;Hier finden Sie Informationen zu dem Thema „Folgen von Terrorismus“. Lesen Sie jetzt „«Die Tat hat die Menschen verändert» – Erinnern in Solingen“.;Folgen von Terrorismus;News, Folgen von Terrorismus, Ilka Werner, Simon Rampp, Sebastian Wagner, Mareike Wilke, Berlin, Solingen, Feuerwehr, Christopher Street Day, Gedenkstein, Terrorismus;2026-08-23T04:00:12+02:00;2026-08-23T04:00:12+02:00;;dpa Nordrhein-Westfalen;false
52d5cf21c83c93498fdd0a2e08a3b3e4c1225420eec612918c50496cd4c575ea;Baugenehmigungen steigen – Baden-Württemberg setzt Zeichen;https://www.zeit.de/news/2026-08/23/baugenehmigungen-steigen-baden-wuerttemberg-setzt-zeichen;Hier finden Sie Informationen zu dem Thema „Wohnungsbau“. Lesen Sie jetzt „Baugenehmigungen steigen – Baden-Württemberg setzt Zeichen“.;Wohnungsbau;News, Wohnungsbau, Theresa Schopper, Stuttgart, Baden-Württemberg, Baugenehmigung, Wohnungsbau, Aufwärtstrend;2026-08-23T04:00:06+02:00;2026-08-23T04:00:06+02:00;;dpa Baden-Württemberg;false
f68a5301b91fe22200e4331d5d81fba76b9ad3259e0dcdf0d06bf31d4c9ce0e5;Verbandschef: Aufrüstung nicht zulasten sozialer Sicherheit;https://www.zeit.de/news/2026-08/23/verbandschef-aufruestung-nicht-zulasten-sozialer-sicherheit;Hier finden Sie Informationen zu dem Thema „Soziale Stabilität“. Lesen Sie jetzt „Verbandschef: Aufrüstung nicht zulasten sozialer Sicherheit“.;Soziale Stabilität;News, Soziale Stabilität, Markus Juch, Wiesbaden, Hessen, Deutsche Presse-Agentur, Aufrüstung, Wohlfahrtsverband, Beeinträchtigung, Verteidigungsfähigkeit, Sicherheit;2026-08-23T04:00:05+02:00;2026-08-23T04:00:05+02:00;;dpa Hessen;false
ba56393667c7f0e051d4e10243575ee8eb42206b75e1c6672e4f6933f9b4dd3a;Südkorea schickt erstmals Frachter über Arktis nach Europa;https://www.zeit.de/news/2026-08/23/suedkorea-schickt-erstmals-frachter-ueber-arktis-nach-europa;Hier finden Sie Informationen zu dem Thema „Neue Handelsroute“. Lesen Sie jetzt „Südkorea schickt erstmals Frachter über Arktis nach Europa“.;Neue Handelsroute;News, Neue Handelsroute, Arktis, Europa, Russland, China, Busan, Felixstowe, Großbritannien, Niederlande, Polen, Südkorea;2026-08-23T03:46:36+02:00;2026-08-23T03:46:36+02:00;;dpa;false
188293375c28a22eb3a27a02ff6bf93788664406385228496a9422044fd72f1c;Bahngewerkschaft will mit Streiks Gesetz für mehr Sicherheit erzwingen;https://www.zeit.de/politik/deutschland/2026-08/evg-bahnstreik-janur-angriffe-zugbegleiter-martin-burkert;Vor einem halben Jahr wurde ein Bahnmitarbeiter von einem Fahrgast tödlich verletzt. Jetzt droht die Bahngewerkschaft mit Streiks, falls das Gesetz nicht verschärft wird.;EVG;Politik, EVG, Martin Burkert, EVG, Bahngewerkschaft, Streik, Sicherheit;2026-08-23T03:38:26+02:00;2026-08-23T03:38:26+02:00;htg;DIE ZEIT,        dpa,        							htg;false
3d49f204e4d40e930991a1eaba309d08392146573a1d93f3ad7b13a6de18f324;76. Heidekönigin in Amelinghausen gesucht;https://www.zeit.de/news/2026-08/23/76-heidekoenigin-in-amelinghausen-gesucht;Hier finden Sie Informationen zu dem Thema „Brauchtum“. Lesen Sie jetzt „76. Heidekönigin in Amelinghausen gesucht“.;Brauchtum;News, Brauchtum, Emma Kremer, Amelinghausen, Jura, Heideblütenfest, Brauchtum, Repräsentationstermin;2026-08-23T03:30:16+02:00;2026-08-23T03:30:16+02:00;;dpa Niedersachsen;false
340efaa351f360bf389fe45271974e05aa0e9fd3ec6160109ef0c873fb5f30d1;Christine Schneider arbeitet mit anderen Schneiders zusammen;https://www.zeit.de/news/2026-08/23/christine-schneider-arbeitet-mit-anderen-schneiders-zusammen;Hier finden Sie Informationen zu dem Thema „Namensgleichheit“. Lesen Sie jetzt „Christine Schneider arbeitet mit anderen Schneiders zusammen“.;Namensgleichheit;News, Namensgleichheit, Christine Schneider, Namensgleichheit, Aufgabenfeld;2026-08-23T03:30:08+02:00;2026-08-23T03:30:08+02:00;;dpa Rheinland-Pfalz/Saarland;false
7020537b602f2367c1eddde95b190ea2628513566812cc6ee182722dc368f5f9;Immer rauf und runter – wo kann man noch Paternoster fahren?;https://www.zeit.de/news/2026-08/23/immer-rauf-und-runter-wo-kann-man-noch-paternoster-fahren;Hier finden Sie Informationen zu dem Thema „Historische Aufzüge“. Lesen Sie jetzt „Immer rauf und runter – wo kann man noch Paternoster fahren?“.;Historische Aufzüge;News, Historische Aufzüge, Frankfurt, Wiesbaden, Hessen, Johann Wolfgang Goethe-Universität Frankfurt am Main, Aufzug;2026-08-23T03:30:07+02:00;2026-08-23T03:30:07+02:00;;dpa Hessen;false
938175fc69e6f14eeab29841f448c0f5c4a39e75a3f52d77873b5f6cef39a1e8;Experte warnt vor «Handelskrieg» zwischen Kanada und USA;https://www.zeit.de/news/2026-08/23/experte-warnt-vor-handelskrieg-zwischen-kanada-und-usa;Hier finden Sie Informationen zu dem Thema „Zollstreit“. Lesen Sie jetzt „Experte warnt vor «Handelskrieg» zwischen Kanada und USA“.;Zollstreit;News, Zollstreit, Richard Fontaine, Donald Trump, Mark Carney, Doug Ford, Kanada, USA, Ottawa, X, Zollstreit, Handelskonflikt;2026-08-23T03:30:06+02:00;2026-08-23T03:30:06+02:00;;dpa;false
24d2677459f0b7e8e2dca183781a7fef60d95e55e4d1633fc9e5f22f76079a8b;Ministerin: «Pflegeeltern sind nicht Eltern zweiter Klasse»;https://www.zeit.de/news/2026-08/23/ministerin-pflegeeltern-sind-nicht-eltern-zweiter-klasse;Hier finden Sie Informationen zu dem Thema „Pflegefamilien stärken“. Lesen Sie jetzt „Ministerin: «Pflegeeltern sind nicht Eltern zweiter Klasse»“.;Pflegefamilien stärken;News, Pflegefamilien stärken, Sabine Bätzing-Lichtenthäler, SPD, Deutsche Presse-Agentur, Pflegefamilie, Pflegeeltern, Familie, Pflegekinder;2026-08-23T03:30:05+02:00;2026-08-23T03:30:05+02:00;;dpa Rheinland-Pfalz/Saarland;false
c6ce82eee6c5ac752fc2afb792490887d4e1d69c555129ff2e642ea1711b2765;Union in Braunschweig gefordert - Fußball-Fest in Krieschow;https://www.zeit.de/news/2026-08/23/union-in-braunschweig-gefordert-fussball-fest-in-krieschow;Hier finden Sie Informationen zu dem Thema „DFB-Pokal“. Lesen Sie jetzt „Union in Braunschweig gefordert - Fußball-Fest in Krieschow“.;DFB-Pokal;News, DFB-Pokal, Mauro Lustrinelli, Braunschweig, Krieschow, Deutscher Fußball-Bund, 1. FC Union Berlin, Pflichtspiel, Hauptrunde;2026-08-23T03:30:04+02:00;2026-08-23T03:30:04+02:00;;dpa Berlin/Brandenburg;false
22a72b45ebdd5bd33854f1e9a8326ffb9a7cb9febb31c3f7cea6910546371674;Fünf Verletzte nach Unfall in Heidenheim – Ampel zerstört;https://www.zeit.de/news/2026-08/23/fuenf-verletzte-nach-unfall-in-heidenheim-ampel-zerstoert;Hier finden Sie Informationen zu dem Thema „Vorfahrt missachtet“. Lesen Sie jetzt „Fünf Verletzte nach Unfall in Heidenheim – Ampel zerstört“.;Vorfahrt missachtet;News, Vorfahrt missachtet, Heidenheim, Unfall, Vorfahrt, Frontalzusammenstoß, Auto;2026-08-23T02:17:55+02:00;2026-08-23T02:17:55+02:00;;dpa Baden-Württemberg;false
da0226d81b52e327cf88606b8d87a3680cd762d817f3e5e4fb54214f4ba88bc7;Antisemitismusbeauftragter nennt Siedlungspolitik »völkerrechtswidrig«;https://www.zeit.de/politik/ausland/2026-08/antisemitismus-beauftragter-felix-klein-israel-voelkermord-siedlungspolitik-benjamin-netanjahu;Der Antisemitismusbeauftragte der Bundesregierung, Felix Klein, kritisiert den Bau von Siedlungen im Westjordanland. Seine Vorwürfe richten sich gegen Israels Regierung.;Felix Klein;Politik, Felix Klein, Felix Klein, Benjamin Netanjahu, Westjordanland, Bundesregierung, Kölner Stadt-Anzeiger, Siedlungspolitik, Familie, Kritik;2026-08-23T02:12:48+02:00;2026-08-23T02:12:48+02:00;hoe;DIE ZEIT,        AFP,        							hoe;false
a59b59fb831e5321ccddcd232ad822b2e2f888fa39873d0b423af4a9f99e1961;Gefangenentransport in Unfall verwickelt;https://www.zeit.de/news/2026-08/23/gefangenentransport-in-unfall-verwickelt;Hier finden Sie Informationen zu dem Thema „Polizei“. Lesen Sie jetzt „Gefangenentransport in Unfall verwickelt“.;Polizei;News, Polizei, Hamburg-Hohenfelde, Polizei, Unfall, Gefangenentransport, Gefangenentransporter, Auto;2026-08-23T00:26:19+02:00;2026-08-23T00:26:19+02:00;;dpa Hamburg/Schleswig-Holstein;false
0794e5155ca10cfae00321d0d0c6c2f6a4ca6b2331ac7f8fa726c4ed8ee23749;Putin droht Ukraine nach Angriffen auf Logistikzentren mit Vergeltung;https://www.zeit.de/politik/ausland/2026-08/wladimir-putin-ukraine-vergeltungsschlaege-luftabwehr-oelraffinerien;Die Ukraine hat in den vergangenen Wochen Russlands wirtschaftliche Infrastruktur schwer getroffen. Damit habe die Ukraine die »Büchse der Pandora« geöffnet, warnt Putin.;Russland;Politik, Russland, Wladimir Putin, Russland, Infrastruktur, Gegenschlag, Angriff, Krieg in der Ukraine, Militär;2026-08-23T00:19:42+02:00;2026-08-23T00:19:42+02:00;htg;DIE ZEIT,        dpa,        							htg;false
123a4756189e74abad02ebb1522107cbd4782c76717879bb63ab201ecfb32ab2;Serena Williams und Alcaraz im Mixed-Doppel der US Open;https://www.zeit.de/news/2026-08/22/serena-williams-und-alcarez-im-mixed-doppel-der-us-open;Hier finden Sie Informationen zu dem Thema „Tennis“. Lesen Sie jetzt „Serena Williams und Alcaraz im Mixed-Doppel der US Open“.;Tennis;News, Tennis, Serena Williams, Carlos Alcaraz, USA, New York, Wimbledon, US Open, Grand-Slam-Turnier, Hauptfeld, Wildcard;2026-08-23T00:01:40+02:00;2026-08-23T00:01:40+02:00;;dpa Sport;false
9be4b438971fcf174821048c181a86a70e534587eb2059b9b409acd612be83f0;Kimmich über Musiala: «Jamal kann ein großes Vorbild sein»;https://www.zeit.de/news/2026-08/23/kimmich-ueber-musiala-jamal-kann-ein-grosses-vorbild-sein;Hier finden Sie Informationen zu dem Thema „FC Bayern München“. Lesen Sie jetzt „Kimmich über Musiala: «Jamal kann ein großes Vorbild sein»“.;FC Bayern München;News, FC Bayern München, Joshua Kimmich, Jamal Musiala, FC Bayern München, Deutscher Fußball-Bund;2026-08-23T00:01:07+02:00;2026-08-23T00:01:07+02:00;;dpa Bayern;false
9b3c1ef243a18a72002636ad2b2e7fc0f457e66825b4d3f58741ac595832727f;Linnemann will Rentenansprüche für Pflegende sichern;https://www.zeit.de/news/2026-08/23/linnemann-will-rentenansprueche-fuer-pflegende-sichern;Hier finden Sie Informationen zu dem Thema „Rente“. Lesen Sie jetzt „Linnemann will Rentenansprüche für Pflegende sichern“.;Rente;News, Rente, Carsten Linnemann, Karl Lauterbach, CDU, Bild am Sonntag, Rentenanspruch, Rente;2026-08-23T00:01:05+02:00;2026-08-23T00:01:05+02:00;;dpa;false
c0eabaf3122e4e7cbf89c69a0670be936710cb2e85fd50d3cc10db12233ed4e1;Was geschah am 23. August?;https://www.zeit.de/news/2026-08/22/was-geschah-am-23-august;Hier finden Sie Informationen zu dem Thema „Kalenderblatt“. Lesen Sie jetzt „Was geschah am 23. August?“.;Kalenderblatt;News, Kalenderblatt, Österreich, Kalenderblatt, Namenstag, Coronavirus, 3G-Regel;2026-08-22T23:55:04+02:00;2026-08-22T23:55:04+02:00;;dpa;false
a78471e55a4c79d0b91fa2af3d2e3a650244ad60c7813678daa70e03def9d2f2;Jugendliche bei Pyrotechnik-Versuch teils schwer verletzt;https://www.zeit.de/news/2026-08/22/jugendliche-bei-pyrotechnik-versuch-teils-schwer-verletzt;Hier finden Sie Informationen zu dem Thema „Rettungseinsatz“. Lesen Sie jetzt „Jugendliche bei Pyrotechnik-Versuch teils schwer verletzt“.;Rettungseinsatz;News, Rettungseinsatz, Rettungseinsatz, Chemikalie, Pyrotechnik;2026-08-22T23:29:08+02:00;2026-08-22T23:29:08+02:00;;dpa Bayern;false
bd61e7da7694d749dd66088694b889a0e560492bc549342b95a5ba13303c2143;VfB Stuttgart muss erneut auf Nartey verzichten;https://www.zeit.de/news/2026-08/22/vfb-stuttgart-muss-erneut-auf-nartey-verzichten;Hier finden Sie Informationen zu dem Thema „Fußball“. Lesen Sie jetzt „VfB Stuttgart muss erneut auf Nartey verzichten“.;Fußball;News, Fußball, Nikolas Nartey, VfB Stuttgart, Fußball;2026-08-22T22:50:15+02:00;2026-08-22T22:50:15+02:00;;dpa Baden-Württemberg;false
c35f05cee05ffe20fd56638ae7e7c1c3ead511ef115264eed15248e56f3e613c;Deutsche Basketballer gewinnen Supercup;https://www.zeit.de/news/2026-08/22/deutsche-basketballer-gewinnen-supercup;Hier finden Sie Informationen zu dem Thema „Basketball-Supercup“. Lesen Sie jetzt „Deutsche Basketballer gewinnen Supercup“.;Basketball-Supercup;News, Basketball-Supercup, Alex Mumbrú, Hamburg, Kroatien, Niederlande, Polen, Tschechien, Köln, Barclays, FC Bayern München, Supercup;2026-08-22T22:46:07+02:00;2026-08-22T22:46:07+02:00;;dpa Hamburg/Schleswig-Holstein;false
b53e7a995d6cb7837961310c3acac925bb39f2f4cc53dde22211ac05bef442d7;Bayern gewinnt Supercup gegen den BVB;https://www.zeit.de/sport/2026-08/supercup-bayern-muenchen-borussia-dortmund-franz-beckenbauer;Bayern München hat den ersten Titel der Saison gewonnen. Im Supercup-Finale siegte der FCB in Dortmund.;Franz-Beckenbauer-Supercup;Sport, Franz-Beckenbauer-Supercup, Borussia Dortmund, FC Bayern München, Franz Beckenbauer, Jürgen Klopp, Fußball;2026-08-22T22:45:32+02:00;2026-08-22T22:45:32+02:00;iyf;DIE ZEIT,        SID,        							iyf;false
64dd0e6c31a954de237bbae7d355a12e83d212acea828980bb3e833b6b8e98ad;Bayern feiern Supercup-Sieg in Dortmund: «So weitermachen»;https://www.zeit.de/news/2026-08/22/brown-trifft-klopp-schaut-zu-fc-bayern-gewinnt-supercup;Hier finden Sie Informationen zu dem Thema „Fußball“. Lesen Sie jetzt „Bayern feiern Supercup-Sieg in Dortmund: «So weitermachen»“.;Fußball;News, Fußball, Vincent Kompany, Nathaniel Brown, Michael Olise, Fabio Silva, Joshua Kimmich, Jürgen Klopp, Manuel Neuer, Dortmund, Borussia Dortmund, FC Bayern München;2026-08-22T22:38:17+02:00;2026-08-22T22:38:17+02:00;;dpa;false
effe17921fd3f813fcc56d1566149f47cadff4075d1a181347784e6b8515d6ca;«Büchse der Pandora» geöffnet - Putin droht Kiew mit Schlag;https://www.zeit.de/news/2026-08/22/todeszahl-steigt-in-krywyj-rih-ukraine-schlaegt-zurueck;Hier finden Sie Informationen zu dem Thema „Russischer Angriffskrieg“. Lesen Sie jetzt „«Büchse der Pandora» geöffnet - Putin droht Kiew mit Schlag“.;Russischer Angriffskrieg;News, Russischer Angriffskrieg, Krywyj, Russland, Kyjiw, Todeszahl, Drohnenkrieg, Drohnenangriff, Einkaufszentrum, Krieg in der Ukraine, Drohne;2026-08-22T22:34:36+02:00;2026-08-22T22:34:36+02:00;;dpa;false
9476a92a59675fab9c71dcb07e91de36ecddb08edab7de73717071f23813fe1a;FC Bayern gewinnt den Supercup gegen Borussia Dortmund;https://www.zeit.de/news/2026-08/22/fc-bayern-gewinnt-den-supercup-gegen-borussia-dortmund;Hier finden Sie Informationen zu dem Thema „Fußball“. Lesen Sie jetzt „FC Bayern gewinnt den Supercup gegen Borussia Dortmund“.;Fußball;News, Fußball, Borussia Dortmund, FC Bayern München, Supercup, Fußball, Bundesligastart;2026-08-22T22:24:44+02:00;2026-08-22T22:24:44+02:00;;dpa;false
c6a5851b156522125356d605fb494853a46001f4ae149ac3524ff0c8a34d1fbd;Motorradfahrer bei Unfall im Schwarzwald schwer verletzt;https://www.zeit.de/news/2026-08/22/motorradfahrer-bei-unfall-im-schwarzwald-schwer-verletzt;Hier finden Sie Informationen zu dem Thema „Polizei-Einsatz“. Lesen Sie jetzt „Motorradfahrer bei Unfall im Schwarzwald schwer verletzt“.;Polizei-Einsatz;News, Polizei-Einsatz, Schwarzwald, Polizei, Unfall;2026-08-22T22:22:47+02:00;2026-08-22T22:22:47+02:00;;dpa Baden-Württemberg;false
c8601de9d3b38bde6ad14d0577eeb0f1375917f94c025462b1530faf6b74aca0;Biker nach missglücktem Überholmanöver in Lebensgefahr;https://www.zeit.de/news/2026-08/22/biker-nach-missgluecktem-ueberholmanoever-in-lebensgefahr;Hier finden Sie Informationen zu dem Thema „Zu schnell unterwegs“. Lesen Sie jetzt „Biker nach missglücktem Überholmanöver in Lebensgefahr“.;Zu schnell unterwegs;News, Zu schnell unterwegs, Kronach, Polizei, Überholmanöver, Lebensgefahr;2026-08-22T22:05:43+02:00;2026-08-22T22:05:43+02:00;;dpa Bayern;false
59381bdda3c066da2508c7bcb61a0bc2b2a01689bae6fd78b71d10fbfcb9bc25;Matteo Salvini schürt Konflikt mit Deutschland um Sekundärmigranten;https://www.zeit.de/politik/ausland/2026-08/italien-migration-matteo-salvini-migranten-eu-migrationspakt;Italiens Vizeregierungschef droht, dass sein Land keine Geflüchteten aufnehmen werde, die Deutschland zurückschickt. Zur Begründung kritisiert er deutsche Seenotretter.;Migration;Politik, Migration, Italien, Migration, Matteo Salvini, Europäische Union, Mittelmeer, Rom;2026-08-22T21:53:43+02:00;2026-08-22T21:53:43+02:00;iyf;DIE ZEIT,        dpa,        							iyf;false
3b98302d22ab7f78b8554bb8e3e5d12ac01497715e5efde15d4a83f5633fe8bf;Schulze: Keine Bürgerwehren in Sachsen-Anhalt;https://www.zeit.de/news/2026-08/22/schulze-keine-buergerwehren-in-sachsen-anhalt;Hier finden Sie Informationen zu dem Thema „Innere Sicherheit“. Lesen Sie jetzt „Schulze: Keine Bürgerwehren in Sachsen-Anhalt“.;Innere Sicherheit;News, Innere Sicherheit, Sven Schulze, Chris Schulenburg, Sachsen-Anhalt, CDU, Alternative für Deutschland, Bürgerwehr, Sicherheit;2026-08-22T21:24:07+02:00;2026-08-22T21:24:07+02:00;;dpa Sachsen;false
711584c32ee058ae27a548e1dd069498bfd186ba288ac260a7241b7b95a5690b;Bielefeld scheidet überraschend bei SG Großaspach aus;https://www.zeit.de/news/2026-08/22/bielefeld-scheidet-ueberraschend-bei-sg-grossaspach-aus;Hier finden Sie Informationen zu dem Thema „DFB-Pokal“. Lesen Sie jetzt „Bielefeld scheidet überraschend bei SG Großaspach aus“.;DFB-Pokal;News, DFB-Pokal, Maximilian Bauer, Tim Handwerker, Großaspach, Bielefeld, Arminia Bielefeld, SG Großaspach, Deutscher Fußball-Bund, SG Sonnenhof Großaspach;2026-08-22T21:23:15+02:00;2026-08-22T21:23:15+02:00;;dpa Baden-Württemberg;false
89db3dc0c3df59bde0de47db38ab25f813a006df5b79797ccbaf3e65181c026e;Mann gibt sich als Soldat aus - Polizei beschlagnahmt Waffen;https://www.zeit.de/news/2026-08/22/mann-gibt-sich-als-soldat-aus-polizei-beschlagnahmt-waffen;Hier finden Sie Informationen zu dem Thema „Verdächtiges Verhalten“. Lesen Sie jetzt „Mann gibt sich als Soldat aus - Polizei beschlagnahmt Waffen“.;Verdächtiges Verhalten;News, Verdächtiges Verhalten, Wanne-Eickel, Polizei;2026-08-22T21:14:53+02:00;2026-08-22T21:14:53+02:00;;dpa Nordrhein-Westfalen;false
13aa50a891478c0b5623d48eca106ff08fbbc55d90c0e08f2bf02e2800e19181;Vize-Regierungschef: Italien nimmt keine Flüchtlinge zurück;https://www.zeit.de/news/2026-08/22/vize-regierungschef-italien-nimmt-keine-fluechtlinge-zurueck;Hier finden Sie Informationen zu dem Thema „Migration“. Lesen Sie jetzt „Vize-Regierungschef: Italien nimmt keine Flüchtlinge zurück“.;Migration;News, Migration, Matteo Salvini, Italien, Mittelmeer, Rom, Berlin, Europäische Union, Migration, Flüchtlinge, Schiff;2026-08-22T21:13:45+02:00;2026-08-22T21:13:45+02:00;;dpa;false
9d6ef7e105084c3bae3ab4702436887852ab5284a6d009945f9a279a343d9884;Leipzig siegt souverän in Trier;https://www.zeit.de/sport/2026-08/dfb-pokal-bayer-leverkusen-sv-wehen-wiesbaden-fc-augsburg-energie-cottbus;Der sächsische Bundesligist hat bei Viertligist Eintracht Trier klar gewonnen. Zweitligist Holstein Kiel setzte sich gegen den TSV 1860 München durch. Die Spielberichte;DFB-Pokal, 1. Runde;Sport, DFB-Pokal, 1. Runde, DFB-Pokal, Bayer 04 Leverkusen, Deutscher Fußball-Bund, Fußball, Patrik Schick, Wiesbaden;2026-08-22T21:02:37+02:00;2026-08-22T21:02:37+02:00;twbam;DIE ZEIT,        SID,        							tw					,        							bam;false
7af1e7ed732889c807d648e045bbb36619aa4c39bffffb5fbc2c90f49dbcf8e2;Kanada kontert US-Zölle - Handelsstreit spitzt sich zu;https://www.zeit.de/news/2026-08/22/keine-einigung-im-handelsstreit-neue-us-zoelle-fuer-kanada;Hier finden Sie Informationen zu dem Thema „«Wir wurden angegriffen»“. Lesen Sie jetzt „Kanada kontert US-Zölle - Handelsstreit spitzt sich zu“.;«Wir wurden angegriffen»;News, «Wir wurden angegriffen», Mark Carney, Jamieson Greer, Kanada, USA, Handelsstreit, Stichtermin, Zement, Zoll, US-Zölle, Premierminister;2026-08-22T21:01:49+02:00;2026-08-22T21:01:49+02:00;;dpa;false
03d6edc35ede30fb4fb54442b2eb4f323baf326b808d38eda9a4bc5fbcdf4f8f;Nach Unwetter im Westerwald wieder alle Gebäude am Stromnetz;https://www.zeit.de/news/2026-08/22/nach-unwetter-im-westerwald-wieder-alle-gebaeude-am-stromnetz;Hier finden Sie Informationen zu dem Thema „Aufatmen in der Region“. Lesen Sie jetzt „Nach Unwetter im Westerwald wieder alle Gebäude am Stromnetz“.;Aufatmen in der Region;News, Aufatmen in der Region, Westerwald, Rheinland-Pfalz, Mittelrhein, Stromnetz, Stromversorgung, Unwetter;2026-08-22T20:56:48+02:00;2026-08-22T20:56:48+02:00;;dpa Rheinland-Pfalz/Saarland;false
0d3e3951b9678b822ffaede255bebe5febcde147184d21636cf26cf6e03325aa;Islamisten töten und entführen Dorfbewohner in Nigeria;https://www.zeit.de/politik/ausland/2026-08/nigeria-islamisten-angriff-massaker-entfuehrung;Eine Gruppe von Islamisten hat einen schwer bewaffneten Überfall auf ein Dorf in Nigeria verübt. Dabei wurde sie in Kämpfe mit einer anderen Islamistengruppe verwickelt.;Nigeria;Politik, Nigeria, Islamismus, Nigeria, Überfall, Entführung;2026-08-22T20:52:03+02:00;2026-08-22T20:52:03+02:00;sc;DIE ZEIT,        AFP,        							sc;false
17d3fcb2c6ea7e2299f0dec4726163a3e55594afdd95f4e363ca2e2a55ff9614;DFB-Pokal: Füllkrug trifft bei Werder-Sieg vom Punkt;https://www.zeit.de/news/2026-08/22/dfb-pokal-fuellkrug-trifft-bei-werder-sieg-vom-punkt;Hier finden Sie Informationen zu dem Thema „Fußball“. Lesen Sie jetzt „DFB-Pokal: Füllkrug trifft bei Werder-Sieg vom Punkt“.;Fußball;News, Fußball, Carles Martínez, Patrick Wimmer, Niclas Füllkrug, Christian Ilzer, Leverkusen, Bremen, Deutscher Fußball-Bund, SV Werder Bremen, SV Wehen Wiesbaden, Pflichtspiel;2026-08-22T20:49:21+02:00;2026-08-22T20:49:21+02:00;;dpa Sport;false
e0c2751735b03a051724c84806c6812a4c8b631d23fa16943478d99f65ee470e;Eberl zum neuen Kane-Vertrag: «Gespräche haben angefangen»;https://www.zeit.de/news/2026-08/22/eberl-zum-neuen-kane-vertrag-gespraeche-haben-angefangen;Hier finden Sie Informationen zu dem Thema „Fußball-Bundesliga“. Lesen Sie jetzt „Eberl zum neuen Kane-Vertrag: «Gespräche haben angefangen»“.;Fußball-Bundesliga;News, Fußball-Bundesliga, Harry Kane, Max Eberl, München, Borussia Dortmund, FC Bayern München, Sat.1, Fußball-Bundesliga, Bundesliga, Supercup, Vertragsverlängerung;2026-08-22T20:44:21+02:00;2026-08-22T20:44:21+02:00;;dpa Bayern;false
254c5c869bc0b991abf4f74debfeded1580a57b3b489e00da080bac2f188ec39;USA: Franzose im Tal des Todes bei Extremhitze gestorben;https://www.zeit.de/news/2026-08/22/usa-franzose-im-tal-des-todes-bei-extremhitze-gestorben;Hier finden Sie Informationen zu dem Thema „Death Valley“. Lesen Sie jetzt „USA: Franzose im Tal des Todes bei Extremhitze gestorben“.;Death Valley;News, Death Valley, USA, Death Valley, Extremhitze, Touristenziel, Hitze, Auto;2026-08-22T20:22:03+02:00;2026-08-22T20:22:03+02:00;;dpa;false
b86effbffe28218df040aae91c84ec833fc5876c595b7ff7bc1fb0b0f3a858f6;Autofahrer mit 3,74 Promille am Steuer gestoppt;https://www.zeit.de/news/2026-08/22/autofahrer-mit-3-74-promille-am-steuer-gestoppt;Hier finden Sie Informationen zu dem Thema „Sturzbetrunken gefahren“. Lesen Sie jetzt „Autofahrer mit 3,74 Promille am Steuer gestoppt“.;Sturzbetrunken gefahren;News, Sturzbetrunken gefahren, Atemalkohol;2026-08-22T20:20:01+02:00;2026-08-22T20:20:01+02:00;;dpa Mecklenburg-Vorpommern;false
ac8b23bfa966c4d405c31aff243090f2968097fb07d9b4012aa0366c7d513b93;6:0 bei Demichelis-Debüt: RB erreicht in Trier 2. Pokalrunde;https://www.zeit.de/news/2026-08/22/6-0-bei-demichelis-debuet-rb-erreicht-in-trier-2-pokalrunde;Hier finden Sie Informationen zu dem Thema „DFB-Pokal 1. Runde“. Lesen Sie jetzt „6:0 bei Demichelis-Debüt: RB erreicht in Trier 2. Pokalrunde“.;DFB-Pokal 1. Runde;News, DFB-Pokal 1. Runde, Martín Demichelis, Willi Orban, Conrad Harder, Antonio Nusa, Ridle Baku, Trier, Fußball-Viertligist, Leipzig, Moselstadion, Deutscher Fußball-Bund;2026-08-22T20:05:55+02:00;2026-08-22T20:05:55+02:00;;dpa Rheinland-Pfalz/Saarland;false
ee95cc531a4af79613327aa6c3416a95b96f4c88b150f5427b2b509648c35fe4;Holstein Kiel lässt sich von 1860 München nicht überlisten;https://www.zeit.de/news/2026-08/22/holstein-kiel-laesst-sich-von-1860-muenchen-nicht-ueberlisten;Hier finden Sie Informationen zu dem Thema „DFB-Pokal“. Lesen Sie jetzt „Holstein Kiel lässt sich von 1860 München nicht überlisten“.;DFB-Pokal;News, DFB-Pokal, Phil Herre, Holstein, Holstein Kiel, TSV 1860 München, Deutscher Fußball-Bund;2026-08-22T19:58:41+02:00;2026-08-22T19:58:41+02:00;;dpa Bayern;false
08eb6619051f312ddfb5ad3e83729554780f40579b8f5a319ae78547a7e63478;Zwei Deutsche bei Flugzeugabsturz in Kroatien getötet;https://www.zeit.de/news/2026-08/22/deutsches-kleinflugzeug-in-kroatien-abgestuerzt-zwei-tote;Hier finden Sie Informationen zu dem Thema „Flugunfall“. Lesen Sie jetzt „Zwei Deutsche bei Flugzeugabsturz in Kroatien getötet“.;Flugunfall;News, Flugunfall, Kroatien, Velebit-Gebirge, Zadar, Polizei, Kleinflugzeug, Flugunfall, Absturzstelle, Küstenstadt;2026-08-22T19:54:08+02:00;2026-08-22T19:54:08+02:00;;dpa;false
2cc096db2902902f6846a01b2c90b3f60af6fe2ff4988e63fd7079d9dbc2e8f9;Endlich Ausbruch;https://www.zeit.de/2026/36/1999-meter-ueber-dem-meer-caroline-wahl-roman-social-media;Caroline Wahl hat einen Roman über die Verlogenheit der sozialen Medien und des Lifestyle-Kapitalismus geschrieben. Eine Begegnung mit der Bestsellerautorin in St. Moritz;"Z+ (abopflichtiger Inhalt);
        
    »1.999 Meter über dem Meer« von Caroline Wahl";Feuilleton, »1.999 Meter über dem Meer« von Caroline Wahl, Autor, Belletristik, Kapitalismus, Soziale Medien, Instagram, Caroline Wahl;2026-08-22T19:49:43+02:00;2026-08-22T19:49:43+02:00;Adam Soboczynski;Aus der        ZEIT Nr. 36/2026;false
53a40b4a9c83add67ae9c6a5807b3941d3c2547491e1493d95729bff3e26c069;Last Manu Standing;https://www.zeit.de/2026/36/manuela-schwesig-spd-mecklenburg-vorpommern-landtagswahl-afd;Manuela Schwesig hat die AfD schon einmal geschlagen, auch in diesem Wahlkampf holt sie wieder auf. Wie macht sie das?;"Z+ (abopflichtiger Inhalt);
        
    Manuela Schwesig";Politik, Manuela Schwesig, Manuela Schwesig, Alternative für Deutschland, Schwerin, Mecklenburg-Vorpommern, Landtagswahl, Wahlkampf;2026-08-22T19:49:07+02:00;2026-08-22T19:49:07+02:00;Martin Nejezchleba;Aus der        ZEIT Nr. 36/2026;false
0176ed6ab99a4eb89b5dbdded6222cb4f6cba3ad74169fbb1c82536f79ba3511;70-Jähriger nach Messerattacke auf Partnerin festgenommen;https://www.zeit.de/news/2026-08/22/70-jaehriger-nach-messerattacke-auf-partnerin-festgenommen;Hier finden Sie Informationen zu dem Thema „Ermittlungen laufen“. Lesen Sie jetzt „70-Jähriger nach Messerattacke auf Partnerin festgenommen“.;Ermittlungen laufen;News, Ermittlungen laufen, Witten, Messerattacke;2026-08-22T19:48:39+02:00;2026-08-22T19:48:39+02:00;;dpa Nordrhein-Westfalen;false
fa8bf1d91d32b88a288dfc1c27705ec3ae046de484c379719512a093c96d0add;Magdeburg macht es deutlich - Blomberg-Lippe nervenstark;https://www.zeit.de/news/2026-08/22/magdeburg-macht-es-deutlich-blomberg-lippe-nervenstark;Hier finden Sie Informationen zu dem Thema „Handball-Supercup“. Lesen Sie jetzt „Magdeburg macht es deutlich - Blomberg-Lippe nervenstark“.;Handball-Supercup;News, Handball-Supercup, Bennet Wiegert, Mathias Gidsel, Gísli Kristjánsson, Matthes Langhoff, Magdeburg, Berlin, Dortmund, Blomberg, SAP, SC Magdeburg;2026-08-22T19:46:27+02:00;2026-08-22T19:46:27+02:00;;dpa Bayern;false
ad7d61bf87fc7a462f24effc2f47039e813be08bc4516f873207761c1902a4ac;Merz in Waldbrandgebiet: «Das ist Klimawandel»;https://www.zeit.de/news/2026-08/22/merz-in-waldbrandgebiet-das-ist-klimawandel;Hier finden Sie Informationen zu dem Thema „Nach Waldbrand“. Lesen Sie jetzt „Merz in Waldbrandgebiet: «Das ist Klimawandel»“.;Nach Waldbrand;News, Nach Waldbrand, Friedrich Merz, Hürtgenwald, Gey, CDU, Feuerwehr, Bundeswehr, Waldbrandgebiet, Klimawandel, Eifelgemeinde, Waldbrand;2026-08-22T19:39:19+02:00;2026-08-22T19:39:19+02:00;;dpa;false
bfceebd39042cacd70aacd6b09533647bd4538f160af3443581fa4f91887c083;Brand in Parkhaus – Großeinsatz in Karlsruher Innenstadt;https://www.zeit.de/news/2026-08/22/brand-in-parkhaus-grosseinsatz-in-karlsruher-innenstadt;Hier finden Sie Informationen zu dem Thema „Feuer“. Lesen Sie jetzt „Brand in Parkhaus – Großeinsatz in Karlsruher Innenstadt“.;Feuer;News, Feuer, Karlsruhe, Parkhaus, Innenstadt, Großeinsatz;2026-08-22T19:15:17+02:00;2026-08-22T19:15:17+02:00;;dpa Baden-Württemberg;false
99e67fe543d492029bcf0fb2f78ff997badf8df02744d80557826d2491b4236e;Historische Kostümfigur kehrt ins Karl-May-Museum zurück;https://www.zeit.de/news/2026-08/22/historische-kostuemfigur-kehrt-ins-karl-may-museum-zurueck;Hier finden Sie Informationen zu dem Thema „Ausstellung“. Lesen Sie jetzt „Historische Kostümfigur kehrt ins Karl-May-Museum zurück“.;Ausstellung;News, Ausstellung, Gojko Mitic, Radebeul, Restaurierung;2026-08-22T18:57:38+02:00;2026-08-22T18:57:38+02:00;;dpa Sachsen;false
30a7432a2a6b8fd81da88ca33bac26aa10aa7575fcc32617cb78d269beb18022;Sachsens Kultusminister warnt vor Bildungsplänen der AfD;https://www.zeit.de/news/2026-08/22/sachsens-kultusminister-warnt-vor-bildungsplaenen-der-afd;Hier finden Sie Informationen zu dem Thema „Vor Landtagswahl“. Lesen Sie jetzt „Sachsens Kultusminister warnt vor Bildungsplänen der AfD“.;Vor Landtagswahl;News, Vor Landtagswahl, Conrad Clemens, Sachsen, Sachsen-Anhalt, Alternative für Deutschland, Bildungsministerium, CDU, Landtagswahl, Treffen, Bildungsplan;2026-08-22T18:51:05+02:00;2026-08-22T18:51:05+02:00;;dpa Sachsen;false
4efc4f976406071281bce61a2ffb2c5b8527cc92404dab71b5b09d225f5eef62;Klose im Glück: 1. FC Nürnberg gewinnt im Elfmeterschießen;https://www.zeit.de/news/2026-08/22/klose-im-glueck-1-fc-nuernberg-gewinnt-im-elfmeterschiessen;Hier finden Sie Informationen zu dem Thema „DFB-Pokal“. Lesen Sie jetzt „Klose im Glück: 1. FC Nürnberg gewinnt im Elfmeterschießen“.;DFB-Pokal;News, DFB-Pokal, Jan Reichert, Piet Scobel, Meiko Sponsel, Nürnberg, Köln, Viktoria Köln, 1. FC Nürnberg, Deutscher Fußball-Bund, Elfmeterschießen, Pflichtaufgabe;2026-08-22T18:42:09+02:00;2026-08-22T18:42:09+02:00;;dpa Bayern;false
ab89443e57e10f53d69314ce6643d853a841b93014b4ea7ea5284b5ec4367960;D-Tour: Del Toro holt Blaues Trikot auf Königsetappe zurück;https://www.zeit.de/news/2026-08/22/d-tour-del-toro-holt-blaues-trikot-auf-koenigsetappe-zurueck;Hier finden Sie Informationen zu dem Thema „Radsport“. Lesen Sie jetzt „D-Tour: Del Toro holt Blaues Trikot auf Königsetappe zurück“.;Radsport;News, Radsport, Nelson Oliveira, Mexiko, Bad Dürkheim, Herxheim, Königsetappe, Trikot, Radsport, Tagesabschnitt, Radprofi;2026-08-22T18:41:28+02:00;2026-08-22T18:41:28+02:00;;dpa Sport;false
209804197acfbf5e6941f0e7b8a4b544c526e21e2ffb96bcdaa9c7bf162c30b8;Schwesig gratuliert Kindern zum Schulstart;https://www.zeit.de/news/2026-08/22/schwesig-gratuliert-kindern-zum-schulstart;Hier finden Sie Informationen zu dem Thema „Schulbeginn“. Lesen Sie jetzt „Schwesig gratuliert Kindern zum Schulstart“.;Schulbeginn;News, Schulbeginn, Manuela Schwesig, Mecklenburg-Vorpommern, SPD, Schulstart, Schulbeginn, Einschulung, Geld, Erstklässler;2026-08-22T18:26:27+02:00;2026-08-22T18:26:27+02:00;;dpa Mecklenburg-Vorpommern;false
19e4c9347081d824eb45a1b127ff5097f5c1da7c829ea0c197516e4d326a5e73;Schwesig warnt vor Angriffen auf Kunst- und Pressefreiheit;https://www.zeit.de/news/2026-08/22/schwesig-warnt-vor-angriffen-auf-kunst-und-pressefreiheit;Hier finden Sie Informationen zu dem Thema „Landtagswahlen in MV“. Lesen Sie jetzt „Schwesig warnt vor Angriffen auf Kunst- und Pressefreiheit“.;Landtagswahlen in MV;News, Landtagswahlen in MV, Manuela Schwesig, Mecklenburg-Vorpommern, NDR, SPD, Alternative für Deutschland, Landtagswahl, Pressefreiheit, Angriff, Kulturfreiheit;2026-08-22T18:21:17+02:00;2026-08-22T18:21:17+02:00;;dpa Mecklenburg-Vorpommern;false
9dbd13fe6babf1ad51f2ab5f6e52956ec7a9aad10186e4208504b1795855b92f;Hertha siegt im Elfmeterschießen in Saarbrücken;https://www.zeit.de/news/2026-08/22/hertha-siegt-im-elfmeterschiessen-in-saarbruecken;Hier finden Sie Informationen zu dem Thema „DFB-Pokal“. Lesen Sie jetzt „Hertha siegt im Elfmeterschießen in Saarbrücken“.;DFB-Pokal;News, DFB-Pokal, Marius Gersbeck, Florian Pick, Kai Brünker, Saarbrücken, Ludwigsparkstadion, Hertha BSC, Deutscher Fußball-Bund, Hertha BSC Berlin, 1. FC Saarbrücken, Elfmeterschießen;2026-08-22T18:20:56+02:00;2026-08-22T18:20:56+02:00;;dpa Berlin/Brandenburg;false
a7dedca72840726a4ad19bcdc4f7f3413724aa407c6b12c14708d009e3c47ba2;Aue mutig, aber zu harmlos gegen effiziente Hoffenheimer;https://www.zeit.de/news/2026-08/22/aue-mutig-aber-zu-harmlos-gegen-effiziente-hoffenheimer;Hier finden Sie Informationen zu dem Thema „DFB-Pokal“. Lesen Sie jetzt „Aue mutig, aber zu harmlos gegen effiziente Hoffenheimer“.;DFB-Pokal;News, DFB-Pokal, Patrick Wimmer, Wouter Burger, Martin Männel, Khvicha Shubitidze, Max Uhlig, Aue, Hoffenheim, Erzgebirgsstadion, Deutscher Fußball-Bund, FC Erzgebirge Aue;2026-08-22T18:09:28+02:00;2026-08-22T18:09:28+02:00;;dpa Sachsen;false
4ec0cb592987aea77a662fd5aef87b3494f482181100cef67a05ac1452622bef;Ein Pokalderby kurz vor dem Abbruch, 85 Verletzte. Was ist passiert?;https://www.zeit.de/sport/2026-08/dfb-pokal-eskalation-mannheim-kaiserslautern-polizei;1.400 Polizisten sollten dafür sorgen, dass das Spiel Mannheim gegen Kaiserslautern friedlich bleibt. Es kam anders. Und wie gelangt eigentlich Pyrotechnik ins Stadion?;"Z+ (abopflichtiger Inhalt);
        
    DFB-Pokal";Sport, DFB-Pokal, Deutscher Fußball-Bund, 1. FC Kaiserslautern, Mannheim, Polizei, Körperverletzung, Sachbeschädigung, Kaiserslautern, Manuel Hagel;2026-08-22T18:02:26+02:00;2026-08-22T18:02:26+02:00;Henrik Rampe;;false
f0fb81754da21b6013535b201c30478920c362fc8d73370260dc04876cee2b8a;Bundeskanzler kritisiert »Leugner des Klimawandels« in Hürtgenwald;https://www.zeit.de/politik/deutschland/2026-08/friedrich-merz-huertgenwald-waldbrand-klimawandel;Friedrich Merz hat den Löscheinsatz in der Eifel gelobt. Er nannte die Folgen des Klimawandels eine »bedauerliche Tatsache« und wurde von Protestierenden ausgepfiffen.;Friedrich Merz;Politik, Friedrich Merz, Waldbrand, Eifel, Klimaschutz, Friedrich Merz, Feuerwehr, Bundesregierung;2026-08-22T18:01:29+02:00;2026-08-22T18:01:29+02:00;sc;DIE ZEIT,        dpa,        AFP,        Reuters,        							sc;false
02f930ec813840e285784ec423bf69fbe39fb5903da73fde60c3526c706c2f74;Eisbären verlieren erstes Testspiel unter Trainer Dubois;https://www.zeit.de/news/2026-08/22/eisbaeren-verlieren-erstes-testspiel-unter-trainer-dubois;Hier finden Sie Informationen zu dem Thema „Eishockey“. Lesen Sie jetzt „Eisbären verlieren erstes Testspiel unter Trainer Dubois“.;Eishockey;News, Eishockey, Éric Dubois, Eisbären Berlin, Testspiel, Eisbär, Eishockey, Dolomitencup;2026-08-22T17:52:34+02:00;2026-08-22T17:52:34+02:00;;dpa Berlin/Brandenburg;false
4b77b6bd5c2565978d18f1d61b79e844084447468ee4b1c96dc4948c859562c9;Bilder des Tages;https://www.zeit.de/news/2026-08/22/bilder-des-tages;Hier finden Sie Informationen zu dem Thema „Fotografie“. Lesen Sie jetzt „Bilder des Tages“.;Fotografie;News, Fotografie, News;2026-08-22T17:52:02+02:00;2026-08-22T17:52:02+02:00;;dpa;false
baf0c9ecee0d088608db31a8203f0593c8bfa42723ae33d3c59f038079353be1;Frau am Düsseldorfer Flughafen von giftigem Skorpion gestochen;https://www.zeit.de/gesellschaft/zeitgeschehen/2026-08/skorpion-stich-flughafen-duesseldorf-jacke-griechenland-kos;Eine Reiserückkehrerin aus Griechenland liegt nach einem Skorpionstich in der Düsseldorfer Uniklinik. Das Tier gehört zu einer der giftigsten Skorpionarten der Welt. ;Gelber Mittelmeerskorpion;Gesellschaft, Gelber Mittelmeerskorpion, Flughafen, Düsseldorf, Griechenland, Reptil, Krankenhaus, Skorpion;2026-08-22T17:48:52+02:00;2026-08-22T17:48:52+02:00;iyf;DIE ZEIT,        dpa,        							iyf;false
7b39c359f0ed186a94b6cb9325195a6eddf582377aec24e17f3b46f54a2b02ba;Roboter aus China unterbietet Weltrekord über 100 Meter;https://www.zeit.de/news/2026-08/22/roboter-aus-china-unterbietet-weltrekord-ueber-100-meter;Hier finden Sie Informationen zu dem Thema „Roboter-Wettkampf“. Lesen Sie jetzt „Roboter aus China unterbietet Weltrekord über 100 Meter“.;Roboter-Wettkampf;News, Roboter-Wettkampf, Usain Bolt, China, Peking, X, Weltrekord, Weltmeisterschaft;2026-08-22T17:45:48+02:00;2026-08-22T17:45:48+02:00;;dpa;false
c15d3b6611ba122a354afa014b358be7b68d4f8d1138385ba2b8d973ff65ad71;Das Geheimnis der Tomatensoße;https://www.zeit.de/zeit-magazin/2026/36/tomatenragout-pasta-tomatensauce-rezept;Gibt es wirklich die perfekte Tomatensoße? Ja! Sie gelingt mit einigen Kniffen und einer Geheimzutat, die Sie bestimmt schon im Kühlschrank haben.;"Z+ (abopflichtiger Inhalt);
        
    Tomatenragout";vegetarische Rezepte;2026-08-22T17:45:00+02:00;2026-08-22T17:45:00+02:00;Margit Stoffels;Aus der        ZEIT Nr. 36/2026;false
6b2340d0c7b5dddf46b8986e61f411af55e33ac28ce43b3b5da17c033bc156e2;Vom richtigen Leben im falschen Ton;https://www.zeit.de/hamburg/2026-08/thai-oase-hamburg-karaoke-bar-singen-30-jahre;Überall auf der Welt wird Karaoke gesungen. Doch worauf es dabei ankommt, ist in jeder Region anders. Unsere Autorin hat dazu geforscht – und selbst mitgesungen.;"Z+ (abopflichtiger Inhalt);
        
    Thai Oase Hamburg";Hamburg, Thai Oase Hamburg, Hamburg, Reeperbahn, Karaoke, Musik, Kino;2026-08-22T17:44:34+02:00;2026-08-22T17:44:34+02:00;Sophie-Charlotte Opitz;;false
c2925fef2cab5e0a17dfa29ad05dab7ca77fdc3d797339e61bd6069e85d2d76f;Martínez-Debüt geglückt: Leverkusen siegt 4:0 in Wiesbaden;https://www.zeit.de/news/2026-08/22/mart-nez-debuet-geglueckt-leverkusen-siegt-4-0-in-wiesbaden;Hier finden Sie Informationen zu dem Thema „DFB-Pokal“. Lesen Sie jetzt „Martínez-Debüt geglückt: Leverkusen siegt 4:0 in Wiesbaden“.;DFB-Pokal;News, DFB-Pokal, Carles Martínez, Patrick Schick, Lucas Vázquez, Edmond Tapsoba, Wiesbaden, Leverkusen, Deutscher Fußball-Bund, Bayer 04 Leverkusen, Pflichtspieldebüt;2026-08-22T17:43:36+02:00;2026-08-22T17:43:36+02:00;;dpa Hessen;false
8e3342ae44f7b5b1bed7855a2fab3f1c4978e26c056ee2754ad3c8eeadfe75a0;Jollenkreuzer kentert vor Büsum – Segler aus Seenot gerettet;https://www.zeit.de/news/2026-08/22/jollenkreuzer-kentert-vor-buesum-segler-aus-seenot-gerettet;Hier finden Sie Informationen zu dem Thema „Havarie in der Nordsee“. Lesen Sie jetzt „Jollenkreuzer kentert vor Büsum – Segler aus Seenot gerettet“.;Havarie in der Nordsee;News, Havarie in der Nordsee, Mann, Büsum, Nordsee, Kreis Dithmarschen, DGzRS, Seenot, Havarie;2026-08-22T17:39:56+02:00;2026-08-22T17:39:56+02:00;;dpa Hamburg/Schleswig-Holstein;false
b0a0dacbd58a16979fac3068ceca144549de2264026aa645a14ad03e7f39466a;Segel-Formel 1 im Speedrausch: Rekordfestival in Sassnitz;https://www.zeit.de/news/2026-08/22/segel-formel-1-im-speedrausch-rekordfestival-in-sassnitz;Hier finden Sie Informationen zu dem Thema „SailGP“. Lesen Sie jetzt „Segel-Formel 1 im Speedrausch: Rekordfestival in Sassnitz“.;SailGP;News, SailGP, Sassnitz, Formel 1, Speedrausch, Rekordfestival, Ostseerennstrecke, Segelweltliga, Speedrekord;2026-08-22T17:36:18+02:00;2026-08-22T17:36:18+02:00;;dpa Hamburg/Schleswig-Holstein;false
11525bf6b384754fea57b5019dc405c6edbec43732f4efc7ad0373555ab481ef;Hannover 96 zieht souverän in die zweite Pokalrunde ein;https://www.zeit.de/news/2026-08/22/hannover-96-zieht-souveraen-in-die-zweite-pokalrunde-ein;Hier finden Sie Informationen zu dem Thema „Fußball“. Lesen Sie jetzt „Hannover 96 zieht souverän in die zweite Pokalrunde ein“.;Fußball;News, Fußball, Christian Titz, Hemelingen, Niedersachsen, Fünftligisten SV, SV Hemelingen, Hannover 96, Deutscher Fußball-Bund, Pokalrunde, Fußball;2026-08-22T17:32:47+02:00;2026-08-22T17:32:47+02:00;;dpa Niedersachsen;false
61891f83af987238c646d2212a884dffff7d94436e440ceb2a865a39c8e92058;Mann soll Bekannten mit Armbrust und Axt bedroht haben;https://www.zeit.de/news/2026-08/22/mann-soll-bekannten-mit-armbrust-und-axt-bedroht-haben;Hier finden Sie Informationen zu dem Thema „Bedrohungslage“. Lesen Sie jetzt „Mann soll Bekannten mit Armbrust und Axt bedroht haben“.;Bedrohungslage;News, Bedrohungslage, Bayreuth, Bedrohungslage;2026-08-22T17:32:22+02:00;2026-08-22T17:32:22+02:00;;dpa Bayern;false
c2aaf6c302814fbd4ba718444e3884e239a0118588c58bdd7351ac53c16bef54;Elversberg bezwingt Duisburg dank später Tore von Onyeka;https://www.zeit.de/news/2026-08/22/elversberg-bezwingt-duisburg-dank-spaeter-tore-von-onyeka;Hier finden Sie Informationen zu dem Thema „DFB-Pokal“. Lesen Sie jetzt „Elversberg bezwingt Duisburg dank später Tore von Onyeka“.;DFB-Pokal;News, DFB-Pokal, Luca Schnellbacher, Duisburg, Leverkusen, Deutscher Fußball-Bund, SV Elversberg, MSV Duisburg, Bayer 04 Leverkusen, Fußball-Bundesliga, Bundesliga, Arbeitssieg;2026-08-22T17:31:46+02:00;2026-08-22T17:31:46+02:00;;dpa Nordrhein-Westfalen;false
2a2e6e3e6a94e8aab22bc915cd563827a9776b418c002de8ac7b7f7a6049457f;Füllkrug trifft: Werder zieht in zweite Pokal-Runde ein;https://www.zeit.de/news/2026-08/22/fuellkrug-trifft-werder-zieht-in-zweite-pokal-runde-ein;Hier finden Sie Informationen zu dem Thema „DFB-Pokal“. Lesen Sie jetzt „Füllkrug trifft: Werder zieht in zweite Pokal-Runde ein“.;DFB-Pokal;News, DFB-Pokal, Jens Stage, Niclas Füllkrug, Bremen, Deutscher Fußball-Bund, SV Werder Bremen, Lebendspendekommission, Pokalbilanz, Pflichtaufgabe;2026-08-22T17:31:21+02:00;2026-08-22T17:31:21+02:00;;dpa Niedersachsen;false
d2eec7c11f6bcaa646dab8e5bec84b356b3c396cce3bd739dae26ad7c7f52c69;Norris wie vor der Sommerpause: Pole in Zandvoort;https://www.zeit.de/news/2026-08/22/sprintrennen-russell-sieg-von-der-pole-in-den-duenen;Hier finden Sie Informationen zu dem Thema „Formel 1“. Lesen Sie jetzt „Norris wie vor der Sommerpause: Pole in Zandvoort“.;Formel 1;News, Formel 1, George Russell, Charles Leclerc, Lando Norris, Kimi Antonelli, Lewis Hamilton, Max Verstappen, Zandvoort, Mercedes-Benz, Ferrari, Mclaren Group Limited;2026-08-22T17:29:41+02:00;2026-08-22T17:29:41+02:00;;dpa Sport;false
900435c0519c30140a0cf12f8397f6089d290fc840a70cc9ba28da19aeff7f4d;TSG Hoffenheim ohne Mühe beim Drittliga-Absteiger Aue;https://www.zeit.de/news/2026-08/22/tsg-hoffenheim-ohne-muehe-beim-drittliga-absteiger-aue;Hier finden Sie Informationen zu dem Thema „DFB-Pokal“. Lesen Sie jetzt „TSG Hoffenheim ohne Mühe beim Drittliga-Absteiger Aue“.;DFB-Pokal;News, DFB-Pokal, Patrick Wimmer, Wouter Burger, Martin Männel, Aue, Erzgebirgsstadion, TSG 1899 Hoffenheim, Deutscher Fußball-Bund, FC Erzgebirge Aue, Pokalhürde;2026-08-22T17:25:31+02:00;2026-08-22T17:25:31+02:00;;dpa Baden-Württemberg;false
7edf1100866c182d54f0ff69149031ecd10ca52933e0b1c7e2e2ab2724b0545b;Auto stößt mit Zug zusammen – Bahnstrecke wieder frei;https://www.zeit.de/news/2026-08/22/auto-stoesst-mit-zug-zusammen-bahnstrecke-gesperrt;Hier finden Sie Informationen zu dem Thema „Kreis Ludwigsburg“. Lesen Sie jetzt „Auto stößt mit Zug zusammen – Bahnstrecke wieder frei“.;Kreis Ludwigsburg;News, Kreis Ludwigsburg, Ludwigsburg, Hemmingen, Bahnstrecke, Auto;2026-08-22T17:21:38+02:00;2026-08-22T17:21:38+02:00;;dpa Baden-Württemberg;false
e74011ad1f94852050417a1998e78fb50607f64ea5419265ca544f49b9dc10b7;140 Projekte beim Revierpionier-Wettbewerb ausgezeichnet;https://www.zeit.de/news/2026-08/22/140-projekte-beim-revierpionier-wettbewerb-ausgezeichnet;Hier finden Sie Informationen zu dem Thema „Ideenwettbewerb“. Lesen Sie jetzt „140 Projekte beim Revierpionier-Wettbewerb ausgezeichnet“.;Ideenwettbewerb;News, Ideenwettbewerb, Jürgen Ude, Zerbst, Ideenwettbewerb;2026-08-22T17:15:15+02:00;2026-08-22T17:15:15+02:00;;dpa Sachsen;false
34ba5e508b5068c0467b85967ed494498d63681657b92ced86f0253ddb521eae;Tausende gehen in Magdeburg beim CSD auf die Straße;https://www.zeit.de/politik/deutschland/2026-08/csd-magdeburg-pride-parade-landtagswahl-afd;Kurz vor der Landtagswahl in Sachsen-Anhalt versammeln sich in Magdeburg Tausende zum Christopher Street Day. Die AfD könnte in dem Land die stärkste Kraft werden.;Sachsen-Anhalt;Politik, Sachsen-Anhalt, Magdeburg, Christopher Street Day, Queerness, Sachsen-Anhalt, Alternative für Deutschland, Landtagswahl;2026-08-22T17:08:32+02:00;2026-08-22T17:08:32+02:00;iyf;DIE ZEIT,        Reuters,        							iyf;false
f059e9fbf5c15bae8942e5a05e0f0ebffb0c4fe4dd06320a90f4991291094003;Streit um Israel? Mann an Berliner U-Bahnhof verletzt;https://www.zeit.de/news/2026-08/22/streit-um-israel-mann-an-berliner-u-bahnhof-verletzt;Hier finden Sie Informationen zu dem Thema „Polizeieinsatz“. Lesen Sie jetzt „Streit um Israel? Mann an Berliner U-Bahnhof verletzt“.;Polizeieinsatz;News, Polizeieinsatz, Polizei, Polizeieinsatz;2026-08-22T17:06:28+02:00;2026-08-22T17:06:28+02:00;;dpa Berlin/Brandenburg;false
3dc7c8f459d67b3674e2e359feb6a0dd90aba4843bd908845b96cf0e512fd89b;Auto stößt mit Regionalzug zusammen – niemand verletzt;https://www.zeit.de/news/2026-08/22/auto-stoesst-mit-regionalzug-zusammen-niemand-verletzt;Hier finden Sie Informationen zu dem Thema „Unfall“. Lesen Sie jetzt „Auto stößt mit Regionalzug zusammen – niemand verletzt“.;Unfall;News, Unfall, Eggesin, Ueckermünde, Torgelow, Landkreis Vorpommern-Greifswald, Bundespolizei, Unfall, Regionalexpress, Auto;2026-08-22T17:01:33+02:00;2026-08-22T17:01:33+02:00;;dpa Mecklenburg-Vorpommern;false
25c50c39ab598176619eb4adb3cbb99f3c8ad2afa48c50806dc2a421a9b07c8c;Morgens eine neue Nase, da geht der Tag gut los;https://www.zeit.de/2026/36/werner-mang-schoenheitschirurgie-bodenseeklinik-teenager-social-media;Werner Mang ist der bekannteste Schönheitschirurg Deutschlands – und der schärfste Mahner seiner Branche. Hat er etwas mitgeschaffen, das außer Kontrolle geraten ist?;"Z+ (abopflichtiger Inhalt);
        
    Werner Mang";Entdecken, Werner Mang, Schönheitsoperation, Bodensee, Ulm, Soziale Medien, Jugendliche;2026-08-22T16:57:41+02:00;2026-08-22T16:57:41+02:00;Marlene Knobloch;Aus der        ZEIT Nr. 36/2026;false
669f0f997f3a97d95aa13739512e00fecff7a33aa37e0bd13af62de2cc4821a8;Supercup-Premiere: Meister Blomberg-Lippe gewinnt gegen BVB;https://www.zeit.de/news/2026-08/22/supercup-premiere-meister-blomberg-lippe-gewinnt-gegen-bvb;Hier finden Sie Informationen zu dem Thema „Handball“. Lesen Sie jetzt „Supercup-Premiere: Meister Blomberg-Lippe gewinnt gegen BVB“.;Handball;News, Handball, Blomberg, Borussia Dortmund, SAP, HSG Blomberg-Lippe, Handball-Bundesliga, Supercup, Bundesliga, Handball, Meistertitel;2026-08-22T16:54:56+02:00;2026-08-22T16:54:56+02:00;;dpa Nordrhein-Westfalen;false
dd602de06854110996a4ad401faad3d9face5f90d3369e7f4b14fe22665b1093;Nach Leichenfund: Ermittler gehen von Tötungsdelikt aus;https://www.zeit.de/news/2026-08/22/nach-leichenfund-ermittler-gehen-von-toetungsdelikt-aus;Hier finden Sie Informationen zu dem Thema „In Berlin“. Lesen Sie jetzt „Nach Leichenfund: Ermittler gehen von Tötungsdelikt aus“.;In Berlin;News, In Berlin, Berlin, Leichenfund, Tötungsdelikt;2026-08-22T16:54:11+02:00;2026-08-22T16:54:11+02:00;;dpa Berlin/Brandenburg;false
72d8a2f26ec05195c17c40e182ffdef381285e7bce8ad3e2d315871cfda9e228;Fünf Verletzte bei Busunfall auf Bundesstraße;https://www.zeit.de/news/2026-08/22/fuenf-verletzte-bei-busunfall-auf-bundesstrasse;Hier finden Sie Informationen zu dem Thema „Busunfall“. Lesen Sie jetzt „Fünf Verletzte bei Busunfall auf Bundesstraße“.;Busunfall;News, Busunfall, Hausham, Polizei, Busunfall, Bundesstraße, Unfall;2026-08-22T16:54:03+02:00;2026-08-22T16:54:03+02:00;;dpa Bayern;false
e03d08dccfa237a6d5c1af4641fb151b10347844bdaab99551ce49a7ceaef2cc;Reisende am Flughafen von Skorpion gestochen;https://www.zeit.de/news/2026-08/22/reisende-am-flughafen-von-skorpion-gestochen;Hier finden Sie Informationen zu dem Thema „Giftige Begleitung“. Lesen Sie jetzt „Reisende am Flughafen von Skorpion gestochen“.;Giftige Begleitung;News, Giftige Begleitung, Flughafen Düsseldorf International, Skorpion, Flughafen, Begleitung, Tiere;2026-08-22T16:53:48+02:00;2026-08-22T16:53:48+02:00;;dpa;false
b52f3249d286cbad0791eacc28cb138e9d4f4eea02a7c58af90044e235ecffcb;Zwei berauschte E-Scooter-Fahrer in Kaiserslautern gestoppt;https://www.zeit.de/news/2026-08/22/zwei-berauschte-e-scooter-fahrer-in-kaiserslautern-gestoppt;Hier finden Sie Informationen zu dem Thema „Strafanzeigen“. Lesen Sie jetzt „Zwei berauschte E-Scooter-Fahrer in Kaiserslautern gestoppt“.;Strafanzeigen;News, Strafanzeigen, Kaiserslautern, Polizei, Cannabis, Amphetamin, E-Scooter;2026-08-22T16:52:29+02:00;2026-08-22T16:52:29+02:00;;dpa Rheinland-Pfalz/Saarland;false
41fc6ed98d78da8be08e7b5d75caf7aafb4d345c92b608b34ec0d82fc3ef66e4;Zwei AfD-Wahlplakate in Spandau in Brand gesetzt;https://www.zeit.de/news/2026-08/22/zwei-afd-wahlplakate-in-spandau-in-brand-gesetzt;Hier finden Sie Informationen zu dem Thema „Vandalismus“. Lesen Sie jetzt „Zwei AfD-Wahlplakate in Spandau in Brand gesetzt“.;Vandalismus;News, Vandalismus, Mann, Berlin, Spandau, Alternative für Deutschland, Polizei, Vandalismus, Samstagfrüh, Wahlplakat;2026-08-22T16:48:29+02:00;2026-08-22T16:48:29+02:00;;dpa Berlin/Brandenburg;false
68372118776ce6a7a574a45d5dc70bb09acb0eec4be0d937e0d4bd8c210ef8c7;Nick Wilder verkauft Haus in Montana – Sorge um US-Politik;https://www.zeit.de/news/2026-08/22/nick-wilder-verkauft-haus-in-montana-sorge-um-us-politik;Hier finden Sie Informationen zu dem Thema „Gesellschaftliche Spaltung“. Lesen Sie jetzt „Nick Wilder verkauft Haus in Montana – Sorge um US-Politik“.;Gesellschaftliche Spaltung;News, Gesellschaftliche Spaltung, Nick Wilder, Christine Mayn, Montana, USA, Amerika, T-Online;2026-08-22T16:47:52+02:00;2026-08-22T16:47:52+02:00;;dpa Hamburg/Schleswig-Holstein;false
30c134bd7d3b85ac81c7a31454dfad51bb009e75b6f9a0d6bda95bc121212d26;Merz dankt Helfern nach Großbrand im Hürtgenwald;https://www.zeit.de/news/2026-08/22/merz-will-helfern-im-waldbrandgebiet-danken;Hier finden Sie Informationen zu dem Thema „Nach Waldbrand“. Lesen Sie jetzt „Merz dankt Helfern nach Großbrand im Hürtgenwald“.;Nach Waldbrand;News, Nach Waldbrand, Friedrich Merz, Eifel, Hürtgenwald, Nordrhein-Westfalen, CDU, Bundesregierung, Waldbrandgebiet, Sommerurlaub, Löschung, Waldbrand;2026-08-22T16:39:21+02:00;2026-08-22T16:39:21+02:00;;dpa Nordrhein-Westfalen;false
ef26854651de1441a11e4f3744b90354c8eacce1fb14e3b6c98d36f2925e8c8b;Rumänien will gegen Niedrigwasser der Donau vorgehen;https://www.zeit.de/politik/ausland/2026-08/atomkraft-cernavoda-rumaenien-donau-niedrigwasser;Das einzige Atomkraftwerk Rumäniens ist abgeschaltet, weil es nicht gekühlt werden kann. Deswegen sind verschiedene Maßnahmen geplant, um für mehr Flusswasser zu sorgen.;Atomkraft;Politik, Atomkraft, Atomkraftwerk, Donau, Rumänien, Atomkraft, Klimawandel, Europa;2026-08-22T16:37:03+02:00;2026-08-22T16:37:03+02:00;sc;DIE ZEIT,        Reuters,        AFP,        							sc;false
595b0a017f8cc7dae978d57e6807b0135cb848c115e8f42be607af92a7dbc6ba;Madonnas Geburtstagsparty sorgt in Griechenland für Streit;https://www.zeit.de/gesellschaft/zeitgeschehen/2026-08/madonna-griechenland-korfu-elena-akrita-adonis-georgiadis;Madonna hat ihren Geburtstag auf Korfu gefeiert. Berichte über besondere Maßnahmen für den Popstar lösten einen politischen Streit in Griechenland aus.;Madonna in Griechenland;Gesellschaft, Madonna in Griechenland, Madonna, Griechenland, Facebook, Jeff Bezos;2026-08-22T16:30:34+02:00;2026-08-22T16:30:34+02:00;vha;DIE ZEIT,        dpa,        							vha;false
80c95ebfd43dff4181931c35c02f023065883017fc9c4802eaa562494cdebd9b;Lies fordert Einfuhrzölle auf Hybridautos aus China;https://www.zeit.de/news/2026-08/22/lies-fordert-einfuhrzoelle-auf-hybridautos-aus-china;Hier finden Sie Informationen zu dem Thema „Autobranche“. Lesen Sie jetzt „Lies fordert Einfuhrzölle auf Hybridautos aus China“.;Autobranche;News, Autobranche, Ursula von der Leyen, Friedrich Merz, Lars Klingbeil, Kommissionspräsidentin, China, Niedersachsen, NDR, SPD, Europäische Union, CDU;2026-08-22T16:24:21+02:00;2026-08-22T16:24:21+02:00;;dpa Niedersachsen;false
134c952851a626f973c4695bdb577b73f46a7e359f5ebe345aff3c2fdefe045e;Rückendeckung für Regierungschef Voigt vor Misstrauensvotum;https://www.zeit.de/news/2026-08/22/vor-misstrauensvotum-voigt-als-cdu-landeschef-wiedergewaehlt;Hier finden Sie Informationen zu dem Thema „CDU-Landesparteitag“. Lesen Sie jetzt „Rückendeckung für Regierungschef Voigt vor Misstrauensvotum“.;CDU-Landesparteitag;News, CDU-Landesparteitag, Mario Voigt, Björn Höcke, Thüringen, Eisenach, CDU, Alternative für Deutschland, Misstrauensvotum, Aberkennung, Doktortitel;2026-08-22T16:19:39+02:00;2026-08-22T16:19:39+02:00;;dpa Thüringen;false
b9d7216ba7b7ada30d7818190de70081c67d8a203bffc130f2fe101200095258;Mir schaudert vor dem Achselzucken der Mehrheit;https://www.zeit.de/feuilleton/2026-08/juedisches-museum-berlin-gedenken-afd-antisemitismus;Das Jüdische Museum in Berlin wird 25 Jahre alt. Aber wenn die AfD Regierungsmacht bekommt, verlieren Teile des Staats ihre Schutzfunktion für Orte wie diesen.;"Z+ (abopflichtiger Inhalt);
        
    Jüdisches Museum Berlin";Feuilleton, Jüdisches Museum Berlin, Judentum, Antisemitismus, Jubiläum, Alternative für Deutschland, Nationalsozialismus, Kulturpolitik;2026-08-22T16:06:33+02:00;2026-08-22T16:06:33+02:00;Peter Frey;;false
8412ed8339e8439605aef09956e1084a15d2985a3f5f46f7a25dacc2c62ebaf4;Unfall auf A4 bei Dresden – Senior muss wiederbelebt werden;https://www.zeit.de/news/2026-08/22/unfall-auf-a4-bei-dresden-senior-muss-wiederbelebt-werden;Hier finden Sie Informationen zu dem Thema „Autobahn eine Stunde gesperrt“. Lesen Sie jetzt „Unfall auf A4 bei Dresden – Senior muss wiederbelebt werden“.;Autobahn eine Stunde gesperrt;News, Autobahn eine Stunde gesperrt, Dresden, Polizei, Unfall, Auto;2026-08-22T16:05:46+02:00;2026-08-22T16:05:46+02:00;;dpa Sachsen;false
6c8b3333bdc999cc2ea7dc5633b2cc098ca44010c59f9d2c6bc21c3b38f1849a;Somalische Piraten kapern erneut Öltanker vor Jemen;https://www.zeit.de/politik/ausland/2026-08/somalische-piraten-oeltanker-sibu-1-jemen;Die Piraterie vor der Küste des Jemen nimmt wieder zu. Somalische Piraten haben nun einen weiteren Öltanker mit 20 Besatzungsmitgliedern gekapert.;Piraterie vor Jemens Küste;Politik, Piraterie vor Jemens Küste, Piraterie, Somalia, Jemen, Mogadischu, Schifffahrt, Erdöl;2026-08-22T16:04:07+02:00;2026-08-22T16:04:07+02:00;vha;DIE ZEIT,        AP,        							vha;false
d336e98e948512139cb178c7eb9719edb3ac9e4b29841b60300fcf94625f9e75;Raketen auf Kiewer Vorort während Wadephul-Besuch;https://www.zeit.de/news/2026-08/22/wadephul-kurz-vor-unabhaengigkeitstag-in-kiew;Hier finden Sie Informationen zu dem Thema „Russischer Angriffskrieg“. Lesen Sie jetzt „Raketen auf Kiewer Vorort während Wadephul-Besuch“.;Russischer Angriffskrieg;News, Russischer Angriffskrieg, Johann Wadephul, Russland, Moskau, Kyjiw, CDU, Unabhängigkeitstag, Krieg in der Ukraine, Drohne;2026-08-22T16:01:45+02:00;2026-08-22T16:01:45+02:00;;dpa;false
b341ef2c777f49ff2ccb847290e4e24fb8fcc7707c0cd13d1e385821fda3477e;Zweiradfahrer kracht durch Auto-Heckscheibe;https://www.zeit.de/news/2026-08/22/zweiradfahrer-kracht-durch-auto-heckscheibe;Hier finden Sie Informationen zu dem Thema „Auf Fahrzeug aufgefahren“. Lesen Sie jetzt „Zweiradfahrer kracht durch Auto-Heckscheibe“.;Auf Fahrzeug aufgefahren;News, Auf Fahrzeug aufgefahren, Polizei, Unfall, Kleinkraftrad, Heckscheibe, Auto, Fahrzeug;2026-08-22T15:55:58+02:00;2026-08-22T15:55:58+02:00;;dpa Niedersachsen;false
7292820076a90a2d91d72f14fd16cc88425609df1000fe0d9347518c7d2a9df6;Eljif Elmas verlässt RB Leipzig wieder per Leihe;https://www.zeit.de/news/2026-08/22/eljif-elmas-verlaesst-rb-leipzig-wieder-per-leihe;Hier finden Sie Informationen zu dem Thema „Fußball-Bundesliga“. Lesen Sie jetzt „Eljif Elmas verlässt RB Leipzig wieder per Leihe“.;Fußball-Bundesliga;News, Fußball-Bundesliga, Eljif Elmas, Italien, Leipzig, RB Leipzig, Fußball-Bundesliga;2026-08-22T15:54:01+02:00;2026-08-22T15:54:01+02:00;;dpa Sachsen;false
c0dcfae244d7e82b1261c3fc15cbb961518eae416e8605b377c6c45584379594;Der Ruf der Social-Media-Sirenen;https://www.zeit.de/digital/2026-08/influencerinnen-femismismus-anfeindungen-soziale-medien;"Sie bezirzen uns, damit wir Produkte kaufen: Influencerinnen. Der Begriff ist mancherorts sogar ein Schimpfwort. Ist das frauenfeindlich?
";"Z+ (abopflichtiger Inhalt);
        
    Influencerinnen";Digital, Influencerinnen, Soziale Medien, Frauen, Instagram, Feminismus, YouTube;2026-08-22T15:52:20+02:00;2026-08-22T15:52:20+02:00;Rose TremlettFranka Nowak;;false
5ac1419f4c90a48e162de554d441e62156da0f05200ce54325b7abc8c16d8808;Wer alles sieht, erlebt nichts mehr;https://www.zeit.de/feuilleton/2026-08/ki-brillen-fotografie-kamera-momentaufnahme;KI-Brillen wollen den Moment erfassen, ohne ihn anzuhalten. Doch sie könnten bald auch unsere Wahrnehmung beeinflussen. Es wäre ein Albtraum.;KI-Brillen;Feuilleton, KI-Brillen, künstliche Intelligenz, Fotografie, Meta, Soziale Medien;2026-08-22T15:51:45+02:00;2026-08-22T15:51:45+02:00;Annekathrin Kohout;;false
1d422eac8dc516ef00a65a3a2f227ca96aa2f808970a4f065321b745de2e1197;Möbel Höffner eröffnet neues Europa-Zentrallager bei Halle;https://www.zeit.de/news/2026-08/22/moebel-hoeffner-eroeffnet-neues-europa-zentrallager-bei-halle;Hier finden Sie Informationen zu dem Thema „Investitionen“. Lesen Sie jetzt „Möbel Höffner eröffnet neues Europa-Zentrallager bei Halle“.;Investitionen;News, Investitionen, Günthersdorf, Saalekreis, Investition, Möbel;2026-08-22T15:51:01+02:00;2026-08-22T15:51:01+02:00;;dpa Sachsen;false
a64005f1a2ea97c2bb2b9853e50503cf29f398ada6c59ca28a89a92adb6b673f;Ex-Ministerpräsident Althaus neuer CDU-Ehrenvorsitzender;https://www.zeit.de/news/2026-08/22/ex-ministerpraesident-althaus-neuer-cdu-ehrenvorsitzender;Hier finden Sie Informationen zu dem Thema „Personalien“. Lesen Sie jetzt „Ex-Ministerpräsident Althaus neuer CDU-Ehrenvorsitzender“.;Personalien;News, Personalien, Dieter Althaus, Thüringen, CDU, Ehrenvorsitzende;2026-08-22T15:48:07+02:00;2026-08-22T15:48:07+02:00;;dpa Thüringen;false
4dc20990c02e7a7872c0af6b99dd7350bc4f89d997b2dbb9f53b108d244a4fb5;Streetart-Festival startet in Riesa;https://www.zeit.de/news/2026-08/22/streetart-festival-startet-in-riesa;Hier finden Sie Informationen zu dem Thema „Buntes Programm“. Lesen Sie jetzt „Streetart-Festival startet in Riesa“.;Buntes Programm;News, Buntes Programm, Riesa, Ibug;2026-08-22T15:42:50+02:00;2026-08-22T15:42:50+02:00;;dpa Sachsen;false
b644facbd8a3e4f022dcd072e22a7f8d1687952599a854d0db230fcb80f650de;Technische Störung löst Warnsirene in Ludwigshafen aus;https://www.zeit.de/news/2026-08/22/technische-stoerung-loest-warnsirene-in-ludwigshafen-aus;Hier finden Sie Informationen zu dem Thema „Defekt“. Lesen Sie jetzt „Technische Störung löst Warnsirene in Ludwigshafen aus“.;Defekt;News, Defekt, Ludwigshafen, Feuerwehr, Störung;2026-08-22T15:35:34+02:00;2026-08-22T15:35:34+02:00;;dpa Rheinland-Pfalz/Saarland;false
01ad5d89812ad0ab78cd4cc7ada2b5de2dc490b84c3c5e8c97fe9f0dd2969eb1;17-Jährige stirbt bei Schwert-Angriff an Schule in Schweden;https://www.zeit.de/news/2026-08/22/schwert-attacke-in-schweden-junge-aus-krankenhaus-entlassen;Hier finden Sie Informationen zu dem Thema „Angriff kurz nach Sommerferien“. Lesen Sie jetzt „17-Jährige stirbt bei Schwert-Angriff an Schule in Schweden“.;Angriff kurz nach Sommerferien;News, Angriff kurz nach Sommerferien, Schweden, Angriff, Sommerferien;2026-08-22T15:34:45+02:00;2026-08-22T15:34:45+02:00;;dpa;false
ceae0c421b0b175b3d9ef6864093f3209d8481565acc1ecfce38cdb0f15db524;Wie erfahre ich, welche Partei meinen Positionen nahesteht?;https://www.zeit.de/news/2026-08/22/wie-erfahre-ich-welche-partei-meinen-positionen-nahesteht;Hier finden Sie Informationen zu dem Thema „Vor der Abgeordnetenhauswahl“. Lesen Sie jetzt „Wie erfahre ich, welche Partei meinen Positionen nahesteht?“.;Vor der Abgeordnetenhauswahl;News, Vor der Abgeordnetenhauswahl, Jan Philipp Thomeczek, Universität Potsdam, Wahl-O-Mat, Abgeordnetenhauswahl;2026-08-22T15:27:36+02:00;2026-08-22T15:27:36+02:00;;dpa Berlin/Brandenburg;false
cde29f3bb8fc172958e41f3c06be04d6be4b6e4ab29fbfd73e08d926f72b58a8;CSD in Bremen – 30.000 Menschen und viel Polizei;https://www.zeit.de/news/2026-08/22/csd-in-bremen-tausende-menschen-und-viel-polizei;Hier finden Sie Informationen zu dem Thema „Aufzug durch die Innenstadt“. Lesen Sie jetzt „CSD in Bremen – 30.000 Menschen und viel Polizei“.;Aufzug durch die Innenstadt;News, Aufzug durch die Innenstadt, Berlin, Bremen, Polizei, Christopher Street Day, Sichtbarkeit, Freiheit;2026-08-22T15:25:31+02:00;2026-08-22T15:25:31+02:00;;dpa Niedersachsen;false
1f012057aa7cd9e2b1335827ab483b0a73c8cce2207d24719f59a426d886ff4f;Motorradfahrer schwer verletzt – Unfallhergang noch unklar;https://www.zeit.de/news/2026-08/22/motorradfahrer-schwer-verletzt-unfallhergang-noch-unklar;Hier finden Sie Informationen zu dem Thema „Unfall“. Lesen Sie jetzt „Motorradfahrer schwer verletzt – Unfallhergang noch unklar“.;Unfall;News, Unfall, Unfallhergang, Unfall;2026-08-22T15:24:15+02:00;2026-08-22T15:24:15+02:00;;dpa Baden-Württemberg;false
762a66af3e58d73a7016b3a23412b733e47ea9fe1ad1ab174d4c2b18860aab88;Rund 3.000 Teilnehmer beim CSD in Magdeburg;https://www.zeit.de/news/2026-08/22/rund-3-000-teilnehmer-beim-csd-in-magdeburg;Hier finden Sie Informationen zu dem Thema „Queere Community“. Lesen Sie jetzt „Rund 3.000 Teilnehmer beim CSD in Magdeburg“.;Queere Community;News, Queere Community, Magdeburg, Christopher Street Day, Liebe;2026-08-22T15:21:22+02:00;2026-08-22T15:21:22+02:00;;dpa Sachsen;false
ad5b93b12e9cc0862670ba474b0810db69eb961c4d773aeb94042af8ccac42cc;Lastwagen fährt Schlangenlinien auf Autobahn;https://www.zeit.de/news/2026-08/22/lastwagen-faehrt-schlangenlinien-auf-autobahn;Hier finden Sie Informationen zu dem Thema „Kontrolle“. Lesen Sie jetzt „Lastwagen fährt Schlangenlinien auf Autobahn“.;Kontrolle;News, Kontrolle, Schlangenlinie, Schlangenlinienfahrt, Autobahn;2026-08-22T15:19:56+02:00;2026-08-22T15:19:56+02:00;;dpa Bayern;false
52aea964c56aed0a325e1501cc3d931a1e89dfa02edf819c25a866b99537ad5e;Notfallübung am Flughafen Dresden;https://www.zeit.de/news/2026-08/22/notfalluebung-am-flughafen-dresden;Hier finden Sie Informationen zu dem Thema „Katastrophenschutz“. Lesen Sie jetzt „Notfallübung am Flughafen Dresden“.;Katastrophenschutz;News, Katastrophenschutz, Flughafen Dresden, Feuerwehr, Polizei, Notfallübung, Katastrophenschutz, Ernstfall, Großraumflugzeug;2026-08-22T15:18:24+02:00;2026-08-22T15:18:24+02:00;;dpa Sachsen;false
c6580bdb21c3719544b8bd3e98a04f3862991f1fa72f88562ffcb10a75c82c3b;Pegelstände an der Elbe steigen wieder;https://www.zeit.de/news/2026-08/22/pegelstaende-an-der-elbe-steigen-wieder;Hier finden Sie Informationen zu dem Thema „Trockenheit“. Lesen Sie jetzt „Pegelstände an der Elbe steigen wieder“.;Trockenheit;News, Trockenheit, Elbe, Pegelstand, Trockenheit, Schifffahrtsverwaltung;2026-08-22T15:14:02+02:00;2026-08-22T15:14:02+02:00;;dpa Sachsen;false
fefed9b1f643ad3b4ca76a240910ed2bbaeaa3b978e006e9858d84049c525c46;Sieben Menschen bei Verfolgungsfahrt in England gestorben;https://www.zeit.de/news/2026-08/22/mehrere-menschen-bei-verkehrsunfall-in-england-gestorben;Hier finden Sie Informationen zu dem Thema „Nahe Middlesbrough“. Lesen Sie jetzt „Sieben Menschen bei Verfolgungsfahrt in England gestorben“.;Nahe Middlesbrough;News, Nahe Middlesbrough, England, Middlesbrough, Polizei, Verkehrsunfall, Unfall, Polizeiwagen;2026-08-22T15:14:01+02:00;2026-08-22T15:14:01+02:00;;dpa;false
a544d08f0ad70afe4612359f4edd0e24640f952015f3075f94e89ee6495d322b;Radfahrer bei Sturz im Eichsfeld lebensbedrohlich verletzt;https://www.zeit.de/news/2026-08/22/radfahrer-bei-sturz-im-eichsfeld-lebensbedrohlich-verletzt;Hier finden Sie Informationen zu dem Thema „Sturz bei Regen“. Lesen Sie jetzt „Radfahrer bei Sturz im Eichsfeld lebensbedrohlich verletzt“.;Sturz bei Regen;News, Sturz bei Regen, Eichsfeld, Heilbad Heiligenstadt, Polizei, Leitplanke;2026-08-22T15:10:24+02:00;2026-08-22T15:10:24+02:00;;dpa Thüringen;false
0d507375fcd3600797aac581861be7e8cd63fdd709ba799140575c137ed24223;Griechische Politiker streiten wegen Madonna-Besuch;https://www.zeit.de/news/2026-08/22/griechische-politiker-streiten-wegen-madonna-besuch;Hier finden Sie Informationen zu dem Thema „Pop-Ikone“. Lesen Sie jetzt „Griechische Politiker streiten wegen Madonna-Besuch“.;Pop-Ikone;News, Pop-Ikone, Elena Akrita, Madonna, Griechenland, Korfu, Facebook, Streitthema;2026-08-22T15:09:51+02:00;2026-08-22T15:09:51+02:00;;dpa;false
dc20233ea2369c68013b22462b16b29255deab41fff0a89e0ec45940dfca7912;Hessens Innenminister verurteilt Gewalt gegen Polizei;https://www.zeit.de/news/2026-08/22/hessens-innenminister-verurteilt-gewalt-gegen-polizei;Hier finden Sie Informationen zu dem Thema „Gewalt gegen Polizisten“. Lesen Sie jetzt „Hessens Innenminister verurteilt Gewalt gegen Polizei“.;Gewalt gegen Polizisten;News, Gewalt gegen Polizisten, Hessen, Polizei, CDU, Belletristik, Ausschreitung;2026-08-22T15:03:36+02:00;2026-08-22T15:03:36+02:00;;dpa Hessen;false
5c4e2f124925ad441c22f9b7646759dd278eb0cf456c8c33411ecdf88674c413;Tesla ruft in China Millionen Elektroautos zurück;https://www.zeit.de/mobilitaet/2026-08/china-peking-tesla-elektroauto-rueckrufaktion-millionen;Wegen Problemen mit den Türgriffen ruft Tesla in China knapp drei Millionen Autos zurück. Es ist die bisher wohl größte Rückrufaktion eines Autoherstellers in dem Land.;Elektromobilität;Mobilitaet, Elektromobilität, Tesla, China, Elektroauto, Elektromobilität, Autohersteller, Peking;2026-08-22T15:01:36+02:00;2026-08-22T15:01:36+02:00;vha;DIE ZEIT,        dpa,        Reuters,        							vha;false
0accb5aff87f92a707ab76313ed13f5d2677308e9ff36d3e38ad6de2246a29bf;Augsburger Pokal-Dusel gegen leidenschaftliches Cottbus;https://www.zeit.de/news/2026-08/22/augsburger-pokal-dusel-gegen-leidenschaftliches-cottbus;Hier finden Sie Informationen zu dem Thema „Favorit gewinnt glücklich“. Lesen Sie jetzt „Augsburger Pokal-Dusel gegen leidenschaftliches Cottbus“.;Favorit gewinnt glücklich;News, Favorit gewinnt glücklich, Anton Kade, Kristijan Jakic, Finn Dahmen, Cottbus, Augsburg, FC Augsburg, Energie Cottbus, Bundesliga, Pokalpleite;2026-08-22T14:58:35+02:00;2026-08-22T14:58:35+02:00;;dpa Bayern;false
22956e2b68811f45699a197debca28e2501c995dd9bb7c0a6b5b62077fd88bd6;CDU bestätigt Mario Voigt als Landesparteichef in Thüringen;https://www.zeit.de/politik/deutschland/2026-08/mario-voigt-cdu-thueringen-doktortitel-bjoern-hoecke-afd;Der Thüringer CDU-Verband hat Mario Voigt als Landesparteichef wiedergewählt. Doch im Parlament steht dem Ministerpräsidenten ein Misstrauensvotum der AfD bevor.;Thüringen;Politik, Thüringen, Mario Voigt, CDU, Thüringen, Eisenach, Alternative für Deutschland, Misstrauensvotum;2026-08-22T14:58:07+02:00;2026-08-22T14:58:07+02:00;tw;DIE ZEIT,        dpa,        							tw;false
82f3756dcfa538905c253ec4829439f936ac37e91b520e70647c66b051468759;HSV mit «maximal Bock» und Sander Tangvik im Tor;https://www.zeit.de/news/2026-08/22/hsv-mit-maximal-bock-und-sander-tangvik-im-tor;Hier finden Sie Informationen zu dem Thema „DFB-Pokal“. Lesen Sie jetzt „HSV mit «maximal Bock» und Sander Tangvik im Tor“.;DFB-Pokal;News, DFB-Pokal, Sander Tangvik, Merlin Polzin, Sebastiaan Bornauw, Hamburger SV, Deutscher Fußball-Bund, Sport Club Verl 1924 e.V., Pflichtspiel;2026-08-22T14:56:53+02:00;2026-08-22T14:56:53+02:00;;dpa Hamburg/Schleswig-Holstein;false
ef5e7691e632438895e87e3e78b7f0e3f006f9fc84d66ca29a463030502ffa43;«Tramprennen» nach Rumänien - «Schneller als die Bahn»;https://www.zeit.de/news/2026-08/22/tramprennen-nach-rumaenien-schneller-als-die-bahn;Hier finden Sie Informationen zu dem Thema „Freizeit“. Lesen Sie jetzt „«Tramprennen» nach Rumänien - «Schneller als die Bahn»“.;Freizeit;News, Freizeit, Philipp Weckesser, Horst Opaschowski, Rumänien, Lüneburg, Pui, Spanien, Estland, Griechenland, Oberpfalz, Weiden in der Oberpfalz;2026-08-22T14:56:36+02:00;2026-08-22T14:56:36+02:00;;dpa;false
c65c46357ecad2a5e34da6e66d3fa4b9d36d38724410fb02d05e4c0cbdd20a43;Abschiedsgottesdienst für Bischof von Speyer im September;https://www.zeit.de/news/2026-08/22/abschiedsgottesdienst-fuer-bischof-von-speyer-im-september;Hier finden Sie Informationen zu dem Thema „Katholische Kirche“. Lesen Sie jetzt „Abschiedsgottesdienst für Bischof von Speyer im September“.;Katholische Kirche;News, Katholische Kirche, Karl-Heinz Wiesemann, Speyer, Katholische Kirche, Abschiedsgottesdienst, Bistum;2026-08-22T14:51:12+02:00;2026-08-22T14:51:12+02:00;;dpa Rheinland-Pfalz/Saarland;false
cbb18ce68ddc02d4933456d86c0c60441e22f083c55921ce84dd59f5391433f9;49-Jähriger getötet - 15-jähriger Sohn unter Tatverdacht;https://www.zeit.de/news/2026-08/22/49-jaehriger-getoetet-15-jaehriger-sohn-unter-tatverdacht;Hier finden Sie Informationen zu dem Thema „Kriminalität“. Lesen Sie jetzt „49-Jähriger getötet - 15-jähriger Sohn unter Tatverdacht“.;Kriminalität;News, Kriminalität, Dortmund, Polizei, Tatverdacht;2026-08-22T14:41:15+02:00;2026-08-22T14:41:15+02:00;;dpa;false
fe38a8c8cfdca83b795dfdf057d2658d09c9e44f96902bcc8d66d551237f2fff;Schloss Seifersdorf mit Festakt wiedereröffnet;https://www.zeit.de/news/2026-08/22/schloss-seifersdorf-mit-festakt-wiedereroeffnet;Hier finden Sie Informationen zu dem Thema „Sanierung“. Lesen Sie jetzt „Schloss Seifersdorf mit Festakt wiedereröffnet“.;Sanierung;News, Sanierung, Michael Kretschmer, Radeberg, Landkreis Bautzen, Festakt, Sanierung, Oper;2026-08-22T14:36:03+02:00;2026-08-22T14:36:03+02:00;;dpa Sachsen;false
a90a09c469d5d1a210cb94fab17e7922aa38818ec82dab79d51b605265a27789;Betrunkener Fahrer überschlägt sich mit Auto - Baum gefällt;https://www.zeit.de/news/2026-08/22/betrunkener-fahrer-ueberschlaegt-sich-mit-auto-baum-gefaellt;Hier finden Sie Informationen zu dem Thema „Unfall mit zwei Promille“. Lesen Sie jetzt „Betrunkener Fahrer überschlägt sich mit Auto - Baum gefällt“.;Unfall mit zwei Promille;News, Unfall mit zwei Promille, Landkreis Freudenstadt, Polizei, Unfall, Auto;2026-08-22T14:32:40+02:00;2026-08-22T14:32:40+02:00;;dpa Baden-Württemberg;false
f0f7c500a44e74a05076084772b24c2df32faf8c24091a699bc5ab421dd17de6;Darmkeim-Infektionen in Kinderklinik: Frühchen gestorben;https://www.zeit.de/news/2026-08/22/darmkeim-infektionen-in-kinderklinik-fruehchen-gestorben;Hier finden Sie Informationen zu dem Thema „Aufnahmestopp“. Lesen Sie jetzt „Darmkeim-Infektionen in Kinderklinik: Frühchen gestorben“.;Aufnahmestopp;News, Aufnahmestopp, St. Louise, St. Vincenz, Kinderklinik, Aufnahmestopp, Darmbakterium, Intensivstation;2026-08-22T14:31:28+02:00;2026-08-22T14:31:28+02:00;;dpa Nordrhein-Westfalen;false
203b904bd09a11a9e72fbcdfb6290b1a543ef3d975310136730e7e789914300a;Medien: Goretzka und Aston Villa verhandeln über Engagement;https://www.zeit.de/news/2026-08/22/medien-goretzka-und-aston-villa-verhandeln-ueber-engagement;Hier finden Sie Informationen zu dem Thema „Fußball“. Lesen Sie jetzt „Medien: Goretzka und Aston Villa verhandeln über Engagement“.;Fußball;News, Fußball, Joao Palhinha, Leon Goretzka, Aston Villa, Fußball;2026-08-22T14:29:06+02:00;2026-08-22T14:29:06+02:00;;dpa Bayern;false
1acbafb94b162ed3015ae509156be03faad10f32459b85ad683b799391e61080;Mit «Milf»-Kette in den Stadtrat? Debatte um CDU-Kandidatin;https://www.zeit.de/news/2026-08/22/mit-milf-kette-in-den-stadtrat-debatte-um-cdu-kandidatin;Hier finden Sie Informationen zu dem Thema „«Natürlich provokant»“. Lesen Sie jetzt „Mit «Milf»-Kette in den Stadtrat? Debatte um CDU-Kandidatin“.;«Natürlich provokant»;News, «Natürlich provokant», Corinna Jodeit, Wildeshausen, Bremen, Niedersachsen, CDU, Kommunalwahl, Schmuckstück, Kommunalwahlkampf;2026-08-22T14:24:35+02:00;2026-08-22T14:24:35+02:00;;dpa;false
b5afc1a852de7975e83b792e5464ca1b1cf9ba59d8bd291fa715d92b16df85e9;Vier Verletzte nach Kollision auf B202;https://www.zeit.de/news/2026-08/22/vier-verletzte-nach-kollision-auf-b202;Hier finden Sie Informationen zu dem Thema „Auffahrunfall“. Lesen Sie jetzt „Vier Verletzte nach Kollision auf B202“.;Auffahrunfall;News, Auffahrunfall, Kollision, Auffahrunfall;2026-08-22T14:20:05+02:00;2026-08-22T14:20:05+02:00;;dpa Hamburg/Schleswig-Holstein;false
ef16af212a444e92f89783a0a2167bc2dde5875b432ae4d02a16cc00e5555010;Autofahrer bei Unfall in Osthessen schwer verletzt;https://www.zeit.de/news/2026-08/22/autofahrer-bei-unfall-in-osthessen-schwer-verletzt;Hier finden Sie Informationen zu dem Thema „Baum gestreift“. Lesen Sie jetzt „Autofahrer bei Unfall in Osthessen schwer verletzt“.;Baum gestreift;News, Baum gestreift, Osthessen, Unfall, Auto;2026-08-22T14:13:16+02:00;2026-08-22T14:13:16+02:00;;dpa Hessen;false
e52dd7145c351ae869627fcbaa5e87f2b5eb2ba8b5459d75325013c5daebdc25;Raketenangriff auf Vorort von Kyjiw während Wadephuls Besuch;https://www.zeit.de/politik/ausland/2026-08/boryspil-russland-raketenangriff-johann-wadephul;Während Außenminister Johann Wadephul in Kyjiw weilt, hat Russland mit ballistischen Raketen angegriffen. Der Minister kündigte weitere deutsche Hilfe für die Ukraine an.;Russischer Angriff bei Kyjiw;Politik, Russischer Angriff bei Kyjiw, Kyjiw, Johann Wadephul, Krieg in der Ukraine, Russland, Rakete;2026-08-22T14:11:15+02:00;2026-08-22T14:11:15+02:00;hell;DIE ZEIT,        dpa,        AFP,        							hell;false
ce739da5c97364383e58b339efefd30d720187f40c780ebcdc68352fab61489f;Umweltverbände kritisieren Klimapolitik der Bundesregierung;https://www.zeit.de/politik/deutschland/2026-08/klimapolitik-bundesregierung-wwf-vanessa-klocke-kabinettsklausur;Vor der Kabinettsklausur werfen Umweltverbände der Bundesregierung Rückschritte in der Klimapolitik vor. Sie fordern mehr Tempo beim Ausbau erneuerbarer Energien.;Klimaschutz;Politik, Klimaschutz, Bundesregierung, Klimapolitik, Klimaschutz, Erneuerbare Energien, Energiewende;2026-08-22T14:09:03+02:00;2026-08-22T14:09:03+02:00;vha;DIE ZEIT,        KNA,        							vha;false
353e71144585998bbb86e7255c7a605e9ac2c45df54c013b245d39d3bfd4a36e;Jüdische Gemeinde warnt kurz vor Wahlen vor AfD;https://www.zeit.de/news/2026-08/22/juedische-gemeinde-warnt-kurz-vor-wahlen-vor-afd;Hier finden Sie Informationen zu dem Thema „Appell an die Wähler“. Lesen Sie jetzt „Jüdische Gemeinde warnt kurz vor Wahlen vor AfD“.;Appell an die Wähler;News, Appell an die Wähler, Reinhard Schramm, Charlotte Knobloch, Ostdeutschland, Thüringen, NSDAP, Alternative für Deutschland, Landesgemeinde, Verbrechen;2026-08-22T14:07:50+02:00;2026-08-22T14:07:50+02:00;;dpa Mecklenburg-Vorpommern;false
27d2d29a94c2e1a684377a899abf0de1ea65aec35640855d6574bcf4794c30b7;Dieb stiehlt Goldschmuck und rennt davon;https://www.zeit.de/news/2026-08/22/dieb-stiehlt-goldschmuck-und-rennt-davon;Hier finden Sie Informationen zu dem Thema „In Waiblingen“. Lesen Sie jetzt „Dieb stiehlt Goldschmuck und rennt davon“.;In Waiblingen;News, In Waiblingen, Waiblingen, Polizei, Goldschmuck;2026-08-22T14:03:35+02:00;2026-08-22T14:03:35+02:00;;dpa Baden-Württemberg;false
d07477dd8897ae71d2d8b1321c7a1aaaf32c878f62147dca8ce9b4b911216670;Freigang-Doppelpack: Eintracht-Frauen besiegen Köln;https://www.zeit.de/news/2026-08/22/freigang-doppelpack-eintracht-frauen-besiegen-koeln;Hier finden Sie Informationen zu dem Thema „Bundesliga-Start“. Lesen Sie jetzt „Freigang-Doppelpack: Eintracht-Frauen besiegen Köln“.;Bundesliga-Start;News, Bundesliga-Start, Niko Arnauti, Laura Freigang, Köln, Eintracht Frankfurt, 1. FC Köln, Bundesliga, Saisonauftakt, Doppelpack;2026-08-22T13:56:07+02:00;2026-08-22T13:56:07+02:00;;dpa Hessen;false
134a1a7abd233872f272324eb0b9fd4135a3b1887650ef2293303f3f726c77de;Rice Crispies? Crispy Rice!;https://www.zeit.de/zeit-magazin/wochenmarkt/2025-11/salat-kraeuterreis-schalotten-zitronengras-rezept-wochenmarkt;Reissalat muss nicht langweilig sein. Zum Beispiel wenn der Reis knusprig aus der Pfanne kommt. Dazu ein Dressing aus Zitronengras, Chiliöl und Fischsoße, fertig.;"Z+ (abopflichtiger Inhalt);
        
    Salat aus knusprigem Kräuterreis, Schalotten und Zitronengras";Salate, Gemüse, Sommer;2026-08-22T13:52:03+02:00;2026-08-22T13:52:03+02:00;Georgina Hayden;;false
e30e5746856392b820050bb4eff08813cb0ef5775dbc7afbbfd45f397008a941;36-Jähriger nachts mit Messer verletzt und ausgeraubt;https://www.zeit.de/news/2026-08/22/36-jaehriger-nachts-mit-messer-verletzt-und-ausgeraubt;Hier finden Sie Informationen zu dem Thema „Kiosk in Berlin-Britz“. Lesen Sie jetzt „36-Jähriger nachts mit Messer verletzt und ausgeraubt“.;Kiosk in Berlin-Britz;News, Kiosk in Berlin-Britz, Berlin-Britz, Polizei, Kiosk;2026-08-22T13:51:42+02:00;2026-08-22T13:51:42+02:00;;dpa Berlin/Brandenburg;false
5c06f4acae2a8a4afb28041b5a08a71de43850349c0c8e3ae18bcd10abc634b5;Ein Donnerschlag;https://www.zeit.de/2026/36/anton-und-alma-dana-vowinckel-liebesgeschichte-judentum-roman;Lakonisch, cool und romantisch: Der neue Liebesroman »Anton und Alma« von Dana Vowinckel ist sensationell.;"Z+ (abopflichtiger Inhalt);
        
    »Anton und Alma« von Dana Vowinckel";Feuilleton, »Anton und Alma« von Dana Vowinckel, Literatur, Belletristik, Liebe, Deutscher Buchpreis;2026-08-22T13:51:40+02:00;2026-08-22T13:51:40+02:00;Volker Weidermann;Aus der        ZEIT Nr. 36/2026;false
08745b26f9f541661135f2dd312033bc3f0fcdb7c51e68921226d6713fa4b2a4;Klein gegen groß, okay. Aber so klein?;https://www.zeit.de/sport/2026-08/dfb-pokal-vfb-krieschow-kleinster-verein;Krieschow in der Niederlausitz ist das kleinste Dorf, das jemals am DFB-Pokal teilnimmt. Hier zeigt sich der ganze Charme des Wettbewerbs. Und was im Osten gelingen kann.;DFB-Pokal;Sport, DFB-Pokal, DFB-Pokal, Deutscher Fußball-Bund, Fußball, Ostdeutschland;2026-08-22T13:51:09+02:00;2026-08-22T13:51:09+02:00;Fabian HeldMartha Roschmann;;false
53851b0f8222d38f999abea8af78d98a0c59f8e567a4aa817a2832771e576341;»Wir sehen Anzeichen einer gewissen Panik in der Trump-Regierung«;https://www.zeit.de/wirtschaft/2026-08/kenneth-rogoff-oekonomie-schulden-haushalt-harvard-university;Die steigenden Zinsen werden zu einem Problem für die USA, sagt Top-Ökonom Kenneth Rogoff. Aber ein anderes Land sei noch näher an einer Schuldenkrise.;"Z+ (abopflichtiger Inhalt);
        
    Kenneth Rogoff";Wirtschaft, Kenneth Rogoff, Finanzkrise, Schulden, Haushalt, USA, Harvard University, Ökonomie;2026-08-22T13:50:41+02:00;2026-08-22T13:50:41+02:00;Dr. Kolja Rudzio;;false
d3fb45d5425f9a4ec00e85105ed45894507621c1ab49eb44321d2bf4b2976c80;Wagen kippt nach Auffahrunfall um - zwei Verletzte;https://www.zeit.de/news/2026-08/22/wagen-kippt-nach-auffahrunfall-um-zwei-verletzte;Hier finden Sie Informationen zu dem Thema „Unfall auf der Autobahn“. Lesen Sie jetzt „Wagen kippt nach Auffahrunfall um - zwei Verletzte“.;Unfall auf der Autobahn;News, Unfall auf der Autobahn, Gebsattel, Würzburg, Landkreis Ansbach, Auffahrunfall, Unfall, Autobahn, Auto;2026-08-22T13:47:46+02:00;2026-08-22T13:47:46+02:00;;dpa Bayern;false
1478d1c43ec54cd280d1e684e88d169711a2ddbef2ad0e60527a23bdc87d4c8b;Streit eskaliert: Drei junge Männer schwer verletzt;https://www.zeit.de/news/2026-08/22/streit-eskaliert-drei-junge-maenner-schwer-verletzt;Hier finden Sie Informationen zu dem Thema „Auf Supermarkt-Parkplatz“. Lesen Sie jetzt „Streit eskaliert: Drei junge Männer schwer verletzt“.;Auf Supermarkt-Parkplatz;News, Auf Supermarkt-Parkplatz, Mann, Wesermarsch, Polizei, Schnittverletzung;2026-08-22T13:43:21+02:00;2026-08-22T13:43:21+02:00;;dpa Niedersachsen;false
bb0a71c2cfdfab326483c4bb36a0c70bf9afb805549929b21a8de204e24123a4;Klingbeil und EU-Kollegen fordern Übergewinnsteuer für Ölkonzerne;https://www.zeit.de/politik/deutschland/2026-08/uebergewinnsteuer-eu-oelkonzerne-lars-klingbeil-iran;Eine Übergewinnsteuer bei hohen Gewinnen von Mineralölunternehmen auf EU-Ebene: Dazu rufen Finanzminister Lars Klingbeil und fünf seiner europäischen Kollegen auf. ;Maßnahme gegen Spritpreise;Politik, Maßnahme gegen Spritpreise, Lars Klingbeil, Europäische Union, Ölpreis, Iran, Steuern und Abgaben, SPD;2026-08-22T13:36:18+02:00;2026-08-22T13:36:18+02:00;hell;DIE ZEIT,        dpa,        							hell;false
e149942d2e9a296df77e2f20aec1dd0033423eeb98f7df6a961f3fb882a731bb;In Ilmenau werden Thüringens beste Zuchtpferde gekürt;https://www.zeit.de/news/2026-08/22/in-ilmenau-werden-thueringens-beste-zuchtpferde-gekuert;Hier finden Sie Informationen zu dem Thema „Wettbewerb“. Lesen Sie jetzt „In Ilmenau werden Thüringens beste Zuchtpferde gekürt“.;Wettbewerb;News, Wettbewerb, Ilmenau, Thüringen, Zuchtpferd, Gangkorrektheit, Stute, Championat;2026-08-22T13:36:04+02:00;2026-08-22T13:36:04+02:00;;dpa Thüringen;false
3c8b8141108ce812bf6028a8fca8e2c4a9911b8f8c2944f424af0e8e5d3adda4;Oldtimer kracht gegen Baum – Fahrer stirbt am Unfallort;https://www.zeit.de/news/2026-08/22/oldtimer-kracht-gegen-baum-fahrer-stirbt-am-unfallort;Hier finden Sie Informationen zu dem Thema „Bei Lingen“. Lesen Sie jetzt „Oldtimer kracht gegen Baum – Fahrer stirbt am Unfallort“.;Bei Lingen;News, Bei Lingen, Lingen, Polizei, Unfallort;2026-08-22T13:34:48+02:00;2026-08-22T13:34:48+02:00;;dpa Niedersachsen;false
dd48faa1f55bf7e97fe9b17f38d6165b6ae4018709f5ba9b791773f5306c6339;74-jähriger Angler bei Bootsunglück in Lohsa gestorben;https://www.zeit.de/news/2026-08/22/74-jaehriger-angler-bei-bootsunglueck-in-lohsa-gestorben;Hier finden Sie Informationen zu dem Thema „Dreiweiberner See“. Lesen Sie jetzt „74-jähriger Angler bei Bootsunglück in Lohsa gestorben“.;Dreiweiberner See;News, Dreiweiberner See, Lohsa, Landkreis Bautzen, Polizei, Bootsunglück;2026-08-22T13:19:57+02:00;2026-08-22T13:19:57+02:00;;dpa Sachsen;false
0a1f60e254312764e3a94de1f24e590303e6da6da314b0b2bae59e9e91bcd974;Vier Menschen bei Brand verletzt - eine Person schwer;https://www.zeit.de/news/2026-08/22/vier-menschen-bei-brand-verletzt-eine-person-schwer;Hier finden Sie Informationen zu dem Thema „Brände“. Lesen Sie jetzt „Vier Menschen bei Brand verletzt - eine Person schwer“.;Brände;News, Brände, Herford, Feuerwehr, Polizei, Wohnungsbrand, Brand;2026-08-22T13:18:52+02:00;2026-08-22T13:18:52+02:00;;dpa Nordrhein-Westfalen;false
ae08bc09f2800c16bb23fe334d4c49adba28e0080bfee71e952341eebaed93e4;Wacken-Blutspendeaktion «Blood Donation Day» am UKE;https://www.zeit.de/news/2026-08/22/wacken-blutspendeaktion-blood-donation-day-am-uke;Hier finden Sie Informationen zu dem Thema „Universitätsklinikum“. Lesen Sie jetzt „Wacken-Blutspendeaktion «Blood Donation Day» am UKE“.;Universitätsklinikum;News, Universitätsklinikum, Hamburg-Eppendorf, Hamburg, Wacken Open Air, Universitätsklinikum, Universitätskrankenhaus;2026-08-22T13:03:40+02:00;2026-08-22T13:03:40+02:00;;dpa Hamburg/Schleswig-Holstein;false
aba46b493a658f7540d8129b0681d0932acad31b1110bc07688ed0a29ad08e1e;Auflieger mit alkoholfreiem Bier brennt völlig aus;https://www.zeit.de/news/2026-08/22/auflieger-mit-alkoholfreiem-bier-brennt-voellig-aus;Hier finden Sie Informationen zu dem Thema „Keine Verletzten“. Lesen Sie jetzt „Auflieger mit alkoholfreiem Bier brennt völlig aus“.;Keine Verletzten;News, Keine Verletzten, Feuerwehr;2026-08-22T13:02:29+02:00;2026-08-22T13:02:29+02:00;;dpa Niedersachsen;false
3f8193bdaef0da48a063ec041e17e3989e6c0bf28eaea8737e47028eb7f59177;Mann übt mit Luftgewehr auf Balkon - mit Folgen;https://www.zeit.de/news/2026-08/22/mann-uebt-mit-luftgewehr-auf-balkon-mit-folgen;Hier finden Sie Informationen zu dem Thema „Schießübungen“. Lesen Sie jetzt „Mann übt mit Luftgewehr auf Balkon - mit Folgen“.;Schießübungen;News, Schießübungen, Luftgewehr, Schießübung;2026-08-22T12:59:05+02:00;2026-08-22T12:59:05+02:00;;dpa Bayern;false
c660c8ad51d2582962e337a8a867d87064a8974168f3b788e262b7488a4154e6;Alkoholisierter Mann attackiert Polizisten nach Taxifahrt;https://www.zeit.de/news/2026-08/22/alkoholisierter-mann-attackiert-polizisten-nach-taxifahrt;Hier finden Sie Informationen zu dem Thema „Fahrgast randaliert“. Lesen Sie jetzt „Alkoholisierter Mann attackiert Polizisten nach Taxifahrt“.;Fahrgast randaliert;News, Fahrgast randaliert, Esslingen, Taxifahrt;2026-08-22T12:52:41+02:00;2026-08-22T12:52:41+02:00;;dpa Baden-Württemberg;false
853e3e1e9693dab8487b8ec0f52a665453373d47f474a28faa6601069d95962b;Ehemaliger EU-Kommissar Siim Kallas ist tot;https://www.zeit.de/politik/ausland/2026-08/siim-kallas-estland-eu-kommissar-kaja-kallas-tod;Er verhandelte den EU-Betritt seines Landes: Estlands früherer Ministerpräsident Siim Kallas ist mit 77 Jahren verstorben. Das teilte die Tochter des Politikers mit.;Estland;Politik, Estland, Estland, Europäische Union, EU-Kommission, Trauer;2026-08-22T12:50:12+02:00;2026-08-22T12:50:12+02:00;tw;DIE ZEIT,        dpa,        							tw;false
762538496060883fe807544da33f7da3b0a1a95793beec6f274d7474e905ef9c;Luftalarm in Kyjiw während Wadephul-Besuch;https://www.zeit.de/politik/ausland/ukraine-krieg-news-liveblog;Der von Russland angegriffene Vorort Boryspil liegt knapp 30 Kilometer von Kyjiw entfernt. Außenminister Wadephul hält sich derzeit dort auf. Das Liveblog;Liveblog:                     Krieg gegen die Ukraine;Politik, Krieg gegen die Ukraine, Krieg in der Ukraine, Wolodymyr Selenskyj, Russland, Militär, Kyjiw;2026-08-23T09:00:36+00:00;2026-08-23T09:00:36+00:00;Katharina JamesHella Kemper;;false
d7b0adbd92c25f4b035ae1d9b641e2ee6440bda449c146881c20f7f49dc40351;Frau mit Hijab von Mann mit Glasflasche angegriffen;https://www.zeit.de/news/2026-08/22/frau-mit-hijab-von-mann-mit-glasflasche-angegriffen;Hier finden Sie Informationen zu dem Thema „Gefährliche Körperverletzung“. Lesen Sie jetzt „Frau mit Hijab von Mann mit Glasflasche angegriffen“.;Gefährliche Körperverletzung;News, Gefährliche Körperverletzung, Berlin-Friedrichshain, Warschauer Straße, Polizei, Körperverletzung;2026-08-22T12:39:06+02:00;2026-08-22T12:39:06+02:00;;dpa Berlin/Brandenburg;false
dcfc2e309a7e68edffda660f7edd45cab5a4d1b22effca97dae9becc04d1d46d;Mann soll Stein auf Polizisten geworfen haben;https://www.zeit.de/news/2026-08/22/mann-soll-stein-auf-polizisten-geworfen-haben;Hier finden Sie Informationen zu dem Thema „Festnahme“. Lesen Sie jetzt „Mann soll Stein auf Polizisten geworfen haben“.;Festnahme;News, Festnahme, Frankfurt am Main, Festnahme;2026-08-22T12:37:23+02:00;2026-08-22T12:37:23+02:00;;dpa Hessen;false
f7311e16a4a496f23d5aa10117d5a29daa0c8625884413610e3e6b96ac9f1c22;Sommer-Comeback für den Norden?;https://www.zeit.de/news/2026-08/22/sommer-comeback-fuer-den-norden;Hier finden Sie Informationen zu dem Thema „Wetter“. Lesen Sie jetzt „Sommer-Comeback für den Norden?“.;Wetter;News, Wetter, Norddeutschland, Schleswig-Holstein, Hamburg, Mecklenburg-Vorpommern, DWD, Temperatur, Sommer, Wetter;2026-08-22T12:37:03+02:00;2026-08-22T12:37:03+02:00;;dpa Hamburg/Schleswig-Holstein;false
ecf2f32e09260de74350b2c132493f133b9097da976f53712353448f31134047;Rhein-Fähren fahren wieder;https://www.zeit.de/news/2026-08/22/rhein-faehren-koennen-wieder-fahren;Hier finden Sie Informationen zu dem Thema „Steigende Pegelstände“. Lesen Sie jetzt „Rhein-Fähren fahren wieder“.;Steigende Pegelstände;News, Steigende Pegelstände, Jens Jansen, Kaub, Rhein, Zons, Dormagen, Düsseldorf, Köln, Bad Honnef, Rheinland-Pfalz, Deutsche Presse-Agentur;2026-08-22T12:31:59+02:00;2026-08-22T12:31:59+02:00;;dpa;false
7fa0785d08b31403830fb7a90c8f020a4c93062ce680e5be88de6bc7e5833253;Evakuierungen in Spanien wegen Waldbrands und Überschwemmungen;https://www.zeit.de/gesellschaft/zeitgeschehen/2026-08/waldbrand-valencia-gatova-evakuierung;Bei Valencia liegt Rauch über Gátova, etwa 1.000 Menschen müssen ihre Häuser verlassen. An der Costa Dorada lösen Regenfälle Überschwemmungen aus, es gibt Verletzte.;Extremwetter in Spanien;Gesellschaft, Extremwetter in Spanien, Waldbrand, Evakuierung, Spanien, Valencia, Regenfall, Extremwetter, Überschwemmung;2026-08-22T12:22:36+02:00;2026-08-22T12:22:36+02:00;hell;DIE ZEIT,        dpa,        							hell;false
27b2f3e925f98f2da28e7764a547445cd5212393b23a7d7337407f417dc8f39c;Sonne und steigende Temperaturen nach Unwettern erwartet;https://www.zeit.de/news/2026-08/22/sonne-und-steigende-temperaturen-nach-unwettern-erwartet;Hier finden Sie Informationen zu dem Thema „Wettervorhersage“. Lesen Sie jetzt „Sonne und steigende Temperaturen nach Unwettern erwartet“.;Wettervorhersage;News, Wettervorhersage, DWD, Unwetter, Temperatur, Wettervorhersage, Wetter;2026-08-22T12:18:21+02:00;2026-08-22T12:18:21+02:00;;dpa;false
f812ee1d5fabcc4c41ec6c7c9aff7354a1af0cabfbb169c181b32c5a9b6c33b7;CDU-Parteitag: Voigt wirbt um Vertrauen;https://www.zeit.de/news/2026-08/22/cdu-parteitag-voigt-wirbt-um-vertrauen;Hier finden Sie Informationen zu dem Thema „Thüringen“. Lesen Sie jetzt „CDU-Parteitag: Voigt wirbt um Vertrauen“.;Thüringen;News, Thüringen, Mario Voigt, Thüringen, Eisenach, TU Chemnitz, CDU, Alternative für Deutschland, CDU-Parteitag, Landesparteitag, Aberkennung, Erfolg;2026-08-22T12:16:23+02:00;2026-08-22T12:16:23+02:00;;dpa Thüringen;false
1b677079eccb9114f0cda8a9934648075ba18805aeac1bc5d29ddec082c84713;Schüsse vom Balkon: Polizei nimmt 45-Jährigen fest;https://www.zeit.de/news/2026-08/22/schuesse-vom-balkon-polizei-nimmt-45-jaehrigen-fest;Hier finden Sie Informationen zu dem Thema „Mutmaßlich mit Waffe gedroht“. Lesen Sie jetzt „Schüsse vom Balkon: Polizei nimmt 45-Jährigen fest“.;Mutmaßlich mit Waffe gedroht;News, Mutmaßlich mit Waffe gedroht, Berlin-Mariendorf, Polizei, Knallgeräusch;2026-08-22T12:11:45+02:00;2026-08-22T12:11:45+02:00;;dpa Berlin/Brandenburg;false
d7860cd79e396056ff6552b7ee6ddf7fe516d1cbbac93060484f4df07ab2a734;Arbeitnehmerflügel der CDU in Sachsen hat neuen Vorsitzenden;https://www.zeit.de/news/2026-08/22/arbeitnehmerfluegel-der-cdu-in-sachsen-hat-neuen-vorsitzenden;Hier finden Sie Informationen zu dem Thema „Sozialpolitik“. Lesen Sie jetzt „Arbeitnehmerflügel der CDU in Sachsen hat neuen Vorsitzenden“.;Sozialpolitik;News, Sozialpolitik, Dietmar Link, Alexander Krauß, Sachsen, CDU, Christlich-Demokratische Arbeitnehmerschaft Deutschlands, Arbeitnehmerflügel, Sozialflügel, Sozialpolitik, Führungswechsel;2026-08-22T12:10:49+02:00;2026-08-22T12:10:49+02:00;;dpa Sachsen;false
e9a25c37372dd6880f1ea9ae8a8f5e1f591c3867f177b15f7ed866c5f76e1b49;FDP fordert Ausbau der deutschen Gasgewinnung;https://www.zeit.de/news/2026-08/22/fdp-fordert-ausbau-der-deutschen-gasgewinnung;Hier finden Sie Informationen zu dem Thema „Hohe Gaspreise“. Lesen Sie jetzt „FDP fordert Ausbau der deutschen Gasgewinnung“.;Hohe Gaspreise;News, Hohe Gaspreise, Martin Hagen, Hagen, FDP, Gasgewinnung, Gaspreis, Füllstand, Ausbau, Fracking;2026-08-22T12:07:58+02:00;2026-08-22T12:07:58+02:00;;dpa;false
27504faef6ee2f607ef5e4624c56dbd8005bf4628d837e1b6bd9094b71cc66ff;Karlsruher Staatsanwaltschaft ermittelt zu Prank-Videos;https://www.zeit.de/news/2026-08/22/karlsruher-staatsanwaltschaft-ermittelt-zu-prank-videos;Hier finden Sie Informationen zu dem Thema „Üble Streiche“. Lesen Sie jetzt „Karlsruher Staatsanwaltschaft ermittelt zu Prank-Videos“.;Üble Streiche;News, Üble Streiche, Karlsruhe, Staatsanwaltschaft, Streiche;2026-08-22T12:03:43+02:00;2026-08-22T12:03:43+02:00;;dpa Baden-Württemberg;false
894fe02d36bc15ca9bcc8bf0dd48b340e38234674ddb03d0ec9596d74be7b494;Braucht es bald Steuern auf E-Autos?;https://www.zeit.de/mobilitaet/2026-08/elektromobilitaet-besteuerung-e-autos-autoindustrie-bundesregierung;Benzin und Diesel bringen Milliarden an Steuern für den Straßenbau. Der Regierung fehlt ein Plan, woher das Geld im E-Zeitalter kommen soll. Andere Länder sind weiter.;Elektromobilität;Mobilitaet, Elektromobilität, Elektromobilität, Elektroauto, Straßenbau, Steuer, Pkw-Maut, Steffen Bilger;2026-08-22T11:58:07+02:00;2026-08-22T11:58:07+02:00;Paul Meerkamp;;false
88491bb575cbb094e443f2beaeab604a83d5042f22f5be5082137c79e7f21720;CDU-Ministerpräsident Schulze: Es läuft keiner zur AfD über;https://www.zeit.de/news/2026-08/22/cdu-ministerpraesident-schulze-es-laeuft-keiner-zur-afd-ueber;Hier finden Sie Informationen zu dem Thema „Landtagswahl Sachsen-Anhalt“. Lesen Sie jetzt „CDU-Ministerpräsident Schulze: Es läuft keiner zur AfD über“.;Landtagswahl Sachsen-Anhalt;News, Landtagswahl Sachsen-Anhalt, Sven Schulze, Sachsen-Anhalt, CDU, Alternative für Deutschland, Landtagswahl;2026-08-22T11:56:25+02:00;2026-08-22T11:56:25+02:00;;dpa Sachsen;false
6402ed7dedccd1b857a407280e9a6d08e2a2b1e20c026e5f3a12f5e210c06ddb;Freibäder öffnen Becken für Hunde zum Saisonende;https://www.zeit.de/news/2026-08/22/freibaeder-oeffnen-becken-fuer-hunde-zum-saisonende;Hier finden Sie Informationen zu dem Thema „Hundeschwimmen“. Lesen Sie jetzt „Freibäder öffnen Becken für Hunde zum Saisonende“.;Hundeschwimmen;News, Hundeschwimmen, Brandenburg, Elsthal, Luckenwalde, Teltow-Fläming, Freibad, Hundeschwimmen, Hundebadetag;2026-08-22T11:56:20+02:00;2026-08-22T11:56:20+02:00;;dpa Berlin/Brandenburg;false
ece06fe783d950847e49dc77db29e8abbcdd3db061f121831b402c8471d9bf13;Klingbeil macht Vorstoß für Übergewinnsteuer bei Ölkonzernen;https://www.zeit.de/news/2026-08/22/klingbeil-macht-vorstoss-fuer-uebergewinnsteuer-bei-oelkonzernen;Hier finden Sie Informationen zu dem Thema „Hohe Spritpreise“. Lesen Sie jetzt „Klingbeil macht Vorstoß für Übergewinnsteuer bei Ölkonzernen“.;Hohe Spritpreise;News, Hohe Spritpreise, Lars Klingbeil, Irland, SPD, Europäische Union, Übergewinnsteuer, Spritpreis, Ölkonzern;2026-08-22T11:54:05+02:00;2026-08-22T11:54:05+02:00;;dpa;false
7fdc3fbfa72774060636e0808f5e1bb436596b576ef02a7dd4c73e6a8d6cc386;»Ich werde solche Sachen immer wieder tun. Ich kann penetrant sein«;https://www.zeit.de/feuilleton/2026-08/matthias-lilienthal-intendant-berliner-volksbuehne-volksbad-theater;War der Poolskandal Berechnung? Wer hat wen nass gemacht? Und ist Berlin noch sexy? Ein Gespräch mit Matthias Lilienthal, dem Intendanten der Berliner Volksbühne;"Z+ (abopflichtiger Inhalt);
        
    Matthias Lilienthal";Feuilleton, Matthias Lilienthal, Volksbühne, Theater, schwimmen, Berlin;2026-08-22T11:52:26+02:00;2026-08-22T11:52:26+02:00;Sven BehrischPeter Kümmel;;false
c7bda61ce5d277c7b6f302b5777c001f5357d4542f8bfa1d33d52c5c19bf9ff6;Tödlicher Unfall: Radfahrer gerät unter Stadtbahn;https://www.zeit.de/news/2026-08/22/toedlicher-unfall-radfahrer-geraet-unter-stadtbahn;Hier finden Sie Informationen zu dem Thema „Königswinter“. Lesen Sie jetzt „Tödlicher Unfall: Radfahrer gerät unter Stadtbahn“.;Königswinter;News, Königswinter, Königswinter, Unfall, Stadtbahn;2026-08-22T11:51:28+02:00;2026-08-22T11:51:28+02:00;;dpa Nordrhein-Westfalen;false
da9bd32fb18a3754c21aa637e0da9a82e9c345fbbb8fed7a749ab3683fe00be8;Ach, diese Lücke!;https://www.zeit.de/sport/2026-08/niclas-fuellkrug-rueckkehr-werder-bremen-bundesliga-fussball;Es gibt Dinge, die sind wichtiger als ein Karriereschritt oder Geld. Unsere Kolumnistin sieht in Niclas Füllkrugs Rückkehr nach Bremen die Stärke, das zu erkennen.;Niclas Füllkrug;Sport, Niclas Füllkrug, Niclas Füllkrug, SV Werder Bremen, Fußball-Bundesliga, Fußball, Borussia Dortmund, Champions League;2026-08-22T11:47:49+02:00;2026-08-22T11:47:49+02:00;Laura Sophia Jung;;false
1688ed6e1b8f7e958262e45cac723695d0f911acaca174f0d7c04681f2d8b738;Komm, hol das Lasso raus!;https://www.zeit.de/zeit-magazin/2026-08/zeckenschlinge-zecke-entfernen-hund;Gassigehen im Wald ist super – bis eine Zecke auftaucht. Zum Glück gibt es ein Werkzeug, das die Plagegeister zuverlässig einfängt.;Zeckenschlinge;Haustier, Tiere, Wandern;2026-08-22T11:47:19+02:00;2026-08-22T11:47:19+02:00;Tim Winter;;false
70dccb1f064ea9a7526ca8b12003625a2be93c6a8d201efa671c884c03153ae9;Mit Boykott und Ellbogen gegen Trump;https://www.zeit.de/politik/ausland/2026-08/kanada-usa-nationalstolz-zoelle-donald-trump;Statt Americano nun ein »Canadiano«? Der Handelskrieg mit den USA greift viel tiefer als kleine Kaffeewitze. Er entfacht ein neues nationales Selbstbewusstsein.;"Z+ (abopflichtiger Inhalt);
        
    Zollstreit zwischen den USA und Kanada";Politik, Zollstreit zwischen den USA und Kanada, Kanada, USA, Donald Trump, US-Zölle;2026-08-22T11:46:21+02:00;2026-08-22T11:46:21+02:00;Robert Williams;;false
c30f2bb0fbbb2b796acd9023957aeb790b29963f23d9e8d0cddeeaa3eae02c6c;Kurze Gewitter am Samstag - dann wird es freundlicher;https://www.zeit.de/news/2026-08/22/kurze-gewitter-am-samstag-dann-wird-es-freundlicher;Hier finden Sie Informationen zu dem Thema „Wetter in NRW“. Lesen Sie jetzt „Kurze Gewitter am Samstag - dann wird es freundlicher“.;Wetter in NRW;News, Wetter in NRW, NRW, Nordrhein-Westfalen, DWD, Gewitter, Wetter;2026-08-22T11:45:58+02:00;2026-08-22T11:45:58+02:00;;dpa Nordrhein-Westfalen;false
7bcf324b07309eb6ea45be9fe88bd54494f99f6bc1af282c6d0e28a8f3b82e27;Naturkundemuseum im Elbtower droht zu scheitern;https://www.zeit.de/news/2026-08/22/naturkundemuseum-im-elbtower-droht-zu-scheitern;Hier finden Sie Informationen zu dem Thema „Verhandlungen stocken“. Lesen Sie jetzt „Naturkundemuseum im Elbtower droht zu scheitern“.;Verhandlungen stocken;News, Verhandlungen stocken, Dirk Kienscherf, Dieter Becken, SPD, Elbtower, Naturkundemuseum, Verhandlung;2026-08-22T11:41:09+02:00;2026-08-22T11:41:09+02:00;;dpa Hamburg/Schleswig-Holstein;false
084036541670da5f58b38cd89fddd1504a5425ae9e2830548317855a5954ca08;Bahn-Aufsichtsrat hinterfragt Konzept der Korridorsanierungen;https://www.zeit.de/mobilitaet/2026-08/korridorsanierung-bahn-deutsche-bahn-ralf-damde-evelyn-palla;DB-Regio Gewerkschafter Ralf Damde stellt monatelange Streckensperrungen für Korridorsanierungen infrage. Er kritisiert lange Wartezeiten für Mitarbeiter und hohe Kosten.;Deutsche Bahn;Mobilitaet, Deutsche Bahn, Deutsche Bahn, Fernverkehr, Evelyn Palla, Sanierung, CDU;2026-08-22T11:38:09+02:00;2026-08-22T11:38:09+02:00;tw;DIE ZEIT,        AFP,        							tw;false
c3d68ee2a9dddb956726de1c45e4bbbd67f46056d212024070722e74f3121f0f;Nach heimlichen intimen Fotos: Schüler verlassen Gymnasium;https://www.zeit.de/news/2026-08/22/nach-heimlichen-intimen-fotos-schueler-verlassen-gymnasium;Hier finden Sie Informationen zu dem Thema „Mehrere Strafanzeigen“. Lesen Sie jetzt „Nach heimlichen intimen Fotos: Schüler verlassen Gymnasium“.;Mehrere Strafanzeigen;News, Mehrere Strafanzeigen, Bildungsministerium, Deutsche Presse-Agentur, Polizei, Strafanzeige, Gymnasium;2026-08-22T11:37:11+02:00;2026-08-22T11:37:11+02:00;;dpa Berlin/Brandenburg;false
4c22177b826a980145458932173c2efd0cc41a4277c44bf21968f341d5fdbebe;Umfrage sieht Linke in Berlin klar vorn;https://www.zeit.de/politik/deutschland/2026-08/umfrage-abgeordnetenhauswahl-berlin-linke-elif-eralp-cdu-afd-forsa;Vier Wochen vor der Abgeordnetenhauswahl kommt die Linke laut Forsa auf 22 Prozent. CDU und AfD liegen bei jeweils 18 Prozent. Die SPD erreicht zwölf Prozent.;Abgeordnetenhauswahl in Berlin;Politik, Abgeordnetenhauswahl in Berlin, Berlin, Die Linke, Abgeordnetenhaus, Forsa, CDU, SPD;2026-08-22T11:34:27+02:00;2026-08-22T11:34:27+02:00;vha;DIE ZEIT,        AFP,        							vha;false
624e2093eb133e38a2df7cd97b2c7f980450472e1357996216a97edba9623572;Radfahrer bei Unfall in Hamburg-Sternschanze schwer verletzt;https://www.zeit.de/news/2026-08/22/radfahrer-bei-unfall-in-hamburg-sternschanze-schwer-verletzt;Hier finden Sie Informationen zu dem Thema „Fahrradunfall“. Lesen Sie jetzt „Radfahrer bei Unfall in Hamburg-Sternschanze schwer verletzt“.;Fahrradunfall;News, Fahrradunfall, Unfall, Fahrradunfall, Sternschanze;2026-08-22T11:33:40+02:00;2026-08-22T11:33:40+02:00;;dpa Hamburg/Schleswig-Holstein;false
fa53a8d0e2661d9d223295d28c51bb0e0d3a52d9a2b4e645716e85fcc254cbdd;Unfall auf A9: Schwerverletzte und 200.000 Euro Schaden;https://www.zeit.de/news/2026-08/22/unfall-auf-a9-schwerverletzte-und-200-000-euro-schaden;Hier finden Sie Informationen zu dem Thema „Autobahn“. Lesen Sie jetzt „Unfall auf A9: Schwerverletzte und 200.000 Euro Schaden“.;Autobahn;News, Autobahn, Polizei, Unfall;2026-08-22T11:29:07+02:00;2026-08-22T11:29:07+02:00;;dpa Sachsen;false
170a90265eeee4cfa6dbf4475bb10fb60fbe1a9c5b3bf93e0732eee18fa81533;Es wird wieder sonnig - bis 27 Grad möglich;https://www.zeit.de/news/2026-08/22/es-wird-wieder-sonnig-bis-27-grad-moeglich;Hier finden Sie Informationen zu dem Thema „Wetter“. Lesen Sie jetzt „Es wird wieder sonnig - bis 27 Grad möglich“.;Wetter;News, Wetter, Saarland, Rheinland-Pfalz, Gewitter, Wetter;2026-08-22T11:18:29+02:00;2026-08-22T11:18:29+02:00;;dpa Rheinland-Pfalz/Saarland;false
3c6a4a6b4ae7b5b71795597167a6c633c809dfa2035ce1ee772e3a8d15a6a1d9;Umgekippter Lkw legt Verkehr auf B77 lahm;https://www.zeit.de/news/2026-08/22/umgekippter-lkw-legt-verkehr-auf-b77-lahm;Hier finden Sie Informationen zu dem Thema „Vollsperrung“. Lesen Sie jetzt „Umgekippter Lkw legt Verkehr auf B77 lahm“.;Vollsperrung;News, Vollsperrung, Rendsburg, Polizei, Vollsperrung, Verkehr;2026-08-22T11:16:59+02:00;2026-08-22T11:16:59+02:00;;dpa Hamburg/Schleswig-Holstein;false
7efc2ff162ac3d113b3c5321a5c02a8c00c0f4f9d4d6a50604e54f9563baa2c0;Regen sorgt für etwas Entspannung an Thüringens Flüssen;https://www.zeit.de/news/2026-08/22/regen-sorgt-fuer-etwas-entspannung-an-thueringens-fluessen;Hier finden Sie Informationen zu dem Thema „Nach Trockenheit“. Lesen Sie jetzt „Regen sorgt für etwas Entspannung an Thüringens Flüssen“.;Nach Trockenheit;News, Nach Trockenheit, Thüringen, Entspannung, Trockenheit, Niedrigwasser;2026-08-22T11:15:04+02:00;2026-08-22T11:15:04+02:00;;dpa Thüringen;false
a198e9d0137b4f13b65152e996cca361ac4924f08221636939bc8a818e771361;42-Jähriger bei Streit in Chemnitz mit Messer verletzt;https://www.zeit.de/news/2026-08/22/42-jaehriger-bei-streit-in-chemnitz-mit-messer-verletzt;Hier finden Sie Informationen zu dem Thema „Chemnitz“. Lesen Sie jetzt „42-Jähriger bei Streit in Chemnitz mit Messer verletzt“.;Chemnitz;News, Chemnitz, Chemnitz, Polizei;2026-08-22T11:12:38+02:00;2026-08-22T11:12:38+02:00;;dpa Sachsen;false
0ebeca8caf998d85a8505162ae84c8ebfa6dcbe847b97d9c8917c5d655b691a9;Rund 1.000 Menschen wegen Waldbrandes in Spanien evakuiert;https://www.zeit.de/news/2026-08/22/rund-1-000-menschen-wegen-waldbrandes-in-spanien-evakuiert;Hier finden Sie Informationen zu dem Thema „Unwetter“. Lesen Sie jetzt „Rund 1.000 Menschen wegen Waldbrandes in Spanien evakuiert“.;Unwetter;News, Unwetter, Juan Carlos Valderrama, Spanien, Valencia, Gátova, Waldbrand, Unwetter, Überschwemmung, Fahrzeug;2026-08-22T11:12:31+02:00;2026-08-22T11:12:31+02:00;;dpa;false
8d84bf066d3bf6ba5d7d8372e22b4e443c659d425f7df5dfef5dd52fcfd50b0f;Waldhof-Trainer verweigert Handschlag: «Bin kein Heuchler»;https://www.zeit.de/news/2026-08/22/waldhof-trainer-verweigert-handschlag-bin-kein-heuchler;Hier finden Sie Informationen zu dem Thema „DFB-Pokal“. Lesen Sie jetzt „Waldhof-Trainer verweigert Handschlag: «Bin kein Heuchler»“.;DFB-Pokal;News, DFB-Pokal, Rui Mota, Torsten Lieberknecht, Deutscher Fußball-Bund, 1. FC Kaiserslautern, SV Waldhof Mannheim, Handschlag;2026-08-22T11:03:49+02:00;2026-08-22T11:03:49+02:00;;dpa Baden-Württemberg;false
b919c156d9886cc513c209b49a42ffd7d02727960248a4b075e918fec03ab470;Nach Gewittern kehrt die Sonne nach Hessen zurück;https://www.zeit.de/news/2026-08/22/nach-gewittern-kehrt-die-sonne-nach-hessen-zurueck;Hier finden Sie Informationen zu dem Thema „Wettervorhersage“. Lesen Sie jetzt „Nach Gewittern kehrt die Sonne nach Hessen zurück“.;Wettervorhersage;News, Wettervorhersage, Hessen, Gewitter, Wettervorhersage, Wolkenfeld, Wetter;2026-08-22T11:01:42+02:00;2026-08-22T11:01:42+02:00;;dpa Hessen;false
e3c47c098a040dee3f587a94d8eedb86463540a1f944913bb4ce46f6f85c1825;Drohanruf bei Lübecker Bank - SEK nimmt Verdächtigen fest;https://www.zeit.de/news/2026-08/22/drohanruf-bei-luebecker-bank-sek-nimmt-verdaechtigen-fest;Hier finden Sie Informationen zu dem Thema „SEK-Einsatz“. Lesen Sie jetzt „Drohanruf bei Lübecker Bank - SEK nimmt Verdächtigen fest“.;SEK-Einsatz;News, SEK-Einsatz, Polizei, Drohanruf, Straftat, Spezialeinsatzkommando;2026-08-22T11:00:13+02:00;2026-08-22T11:00:13+02:00;;dpa Hamburg/Schleswig-Holstein;false
ade4a0a5b259ee041d39cbc214d134f5da627527433eac7feec342a6e1e5b63e;75-jähriger Autofahrer stirbt bei Zusammenstoß mit Laster;https://www.zeit.de/news/2026-08/22/75-jaehriger-autofahrer-stirbt-bei-zusammenstoss-mit-laster;Hier finden Sie Informationen zu dem Thema „Unfall auf der Bundesstraße“. Lesen Sie jetzt „75-jähriger Autofahrer stirbt bei Zusammenstoß mit Laster“.;Unfall auf der Bundesstraße;News, Unfall auf der Bundesstraße, Amerang, Landkreis Rosenheim, Polizei, Zusammenstoß, Unfall, Bundesstraße, Reanimationsmaßnahme, Auto;2026-08-22T10:54:06+02:00;2026-08-22T10:54:06+02:00;;dpa Bayern;false
af42d8fc6de6041416ac14898704a708ce65aa5438813e08c70e84558231cc5f;Mutter und Kind sterben bei Frontalzusammenstoß;https://www.zeit.de/news/2026-08/22/mutter-und-kind-sterben-bei-frontalzusammenstoss;Hier finden Sie Informationen zu dem Thema „Tödlicher Unfall“. Lesen Sie jetzt „Mutter und Kind sterben bei Frontalzusammenstoß“.;Tödlicher Unfall;News, Tödlicher Unfall, Landkreis Fürth, Frontalzusammenstoß, Unfall;2026-08-22T10:52:31+02:00;2026-08-22T10:52:31+02:00;;dpa Bayern;false
a5c0f3ad6b08315140fbd10f4435e0c079ead2ac49f8773c408ca918c432c716;Hohe Energiepreise: BSW fordert mehr staatliche Kontrolle;https://www.zeit.de/news/2026-08/22/hohe-energiepreise-bsw-fordert-mehr-staatliche-kontrolle;Hier finden Sie Informationen zu dem Thema „Landtagswahl“. Lesen Sie jetzt „Hohe Energiepreise: BSW fordert mehr staatliche Kontrolle“.;Landtagswahl;News, Landtagswahl, Sachsen-Anhalt, Bündnis Sahra Wagenknecht, Landtagswahl, Energiekosten;2026-08-22T10:49:35+02:00;2026-08-22T10:49:35+02:00;;dpa Sachsen;false
0d349d1b22febe64619136d2f86b187e7041de5794f5e8fd1ac7b0b0589f137c;Verletzte und Festnahmen: Ausschreitungen bei Südwest-Derby;https://www.zeit.de/news/2026-08/22/polizeibilanz-nach-chaos-im-pokal-derby-35-beamte-verletzt;Hier finden Sie Informationen zu dem Thema „Krawalle bei DFB-Pokalspiel“. Lesen Sie jetzt „Verletzte und Festnahmen: Ausschreitungen bei Südwest-Derby“.;Krawalle bei DFB-Pokalspiel;News, Krawalle bei DFB-Pokalspiel, Mannheim, Deutscher Fußball-Bund, SV Waldhof Mannheim, 1. FC Kaiserslautern, Polizei, Polizeibilanz, Tumult, Ausschreitung;2026-08-22T10:48:26+02:00;2026-08-22T10:48:26+02:00;;dpa Baden-Württemberg;false
c8e00b4fed45a1f22db0e378630007ca5e445f05af52ad8dd5d986f308a701e7;100.000 Euro Schaden nach Brand im Kreis Steinburg;https://www.zeit.de/news/2026-08/22/100-000-euro-schaden-nach-brand-im-kreis-steinburg;Hier finden Sie Informationen zu dem Thema „Brände“. Lesen Sie jetzt „100.000 Euro Schaden nach Brand im Kreis Steinburg“.;Brände;News, Brände, Kreis Steinburg, Brand;2026-08-22T10:47:33+02:00;2026-08-22T10:47:33+02:00;;dpa Hamburg/Schleswig-Holstein;false
1a92d93a55641c44071579fa3dc97b70db8ee8bb55391329b08cb7854b49e64b;Ermittlungen nach Irrfahrt mit Verletzten in Hessen laufen;https://www.zeit.de/news/2026-08/22/weitere-ermittlungen-nach-fahrt-mit-verletzten-in-hofgeismar;Hier finden Sie Informationen zu dem Thema „Vorfall in Fußgängerzone“. Lesen Sie jetzt „Ermittlungen nach Irrfahrt mit Verletzten in Hessen laufen“.;Vorfall in Fußgängerzone;News, Vorfall in Fußgängerzone, Hofgeismar, Hessen, Polizei, CDU, Fußgängerzone, Ermittlung, Autofahrt, Belletristik, Auto;2026-08-22T10:41:47+02:00;2026-08-22T10:41:47+02:00;;dpa;false
268fa32e2418fbdc166c5671cfd24dea6bfd9cd5910e4b192a83ad08a4fd9dab;SPD besteht auf Frau für das Bundespräsidentenamt;https://www.zeit.de/politik/deutschland/2026-08/bundespraesident-nachfolge-frank-walter-steinmeier-spd-frau;Die SPD will, dass eine Frau die Nachfolge von Bundespräsident Frank-Walter Steinmeier antritt. Einen Namen will die Partei vorerst nicht nennen. ;Nachfolge von Frank-Walter Steinmeier;Politik, Nachfolge von Frank-Walter Steinmeier, Bundespräsident, SPD, Frank-Walter Steinmeier, Frauen, Ilse Aigner;2026-08-22T10:32:59+02:00;2026-08-22T10:32:59+02:00;vha;DIE ZEIT,        AFP,        							vha;false
c779a47fb303c489e9958294a0d9a978b26bd00eed8a56b6af7d401750d4a840;Antisemitismusbeauftragter will Judenfeindlichkeit schärfer bestrafen;https://www.zeit.de/politik/deutschland/2026-08/antisemitismus-deutschland-felix-klein-strafrecht-hamas;Bis hin zur Abschiebung: Der Antisemitismusbeauftragte der Bundesregierung fordert, stärkere strafrechtliche Verfolgung judenfeindlicher Handlungen zu ermöglichen.;Justiz;Politik, Justiz, Antisemitismus, Strafrecht, Bundesregierung, Friedrich Merz;2026-08-22T10:32:07+02:00;2026-08-22T10:32:07+02:00;tw;DIE ZEIT,        dpa,        							tw;false
1bac8c72f7d8df0c168ea66af5417bc7bc7e16947375fd92755c9396a7ecbf66;Betrunkener Radfahrer randaliert bei Kontrolle;https://www.zeit.de/news/2026-08/22/betrunkener-radfahrer-randaliert-bei-kontrolle;Hier finden Sie Informationen zu dem Thema „Kontrolle eskaliert“. Lesen Sie jetzt „Betrunkener Radfahrer randaliert bei Kontrolle“.;Kontrolle eskaliert;News, Kontrolle eskaliert, Eppelheim, Rhein-Neckar-Kreis, Polizei;2026-08-22T10:31:56+02:00;2026-08-22T10:31:56+02:00;;dpa Baden-Württemberg;false
5a54432bf7fe98fb2c30facc16d3317e29f10145fe6171306c56562a095aecd1;Nach Panettieres Tod: Hickerson äußert sich über Anwalt;https://www.zeit.de/news/2026-08/21/brian-hickerson-meldet-sich-nach-panettieres-tod-zu-wort;Hier finden Sie Informationen zu dem Thema „US-Schauspielerin“. Lesen Sie jetzt „Nach Panettieres Tod: Hickerson äußert sich über Anwalt“.;US-Schauspielerin;News, US-Schauspielerin, Brian Hickerson, Hayden Panettiere, Deutsche Presse-Agentur, Polizei, Verbrechen;2026-08-22T10:27:33+02:00;2026-08-22T10:27:33+02:00;;dpa;false
bd5166ef909c9b638d17308a36c9d7e598eb147b2fd47177245a01854a60a40c;Auf Regen folgt Sonne;https://www.zeit.de/news/2026-08/22/auf-regen-folgt-sonne;Hier finden Sie Informationen zu dem Thema „Wetteraussichten“. Lesen Sie jetzt „Auf Regen folgt Sonne“.;Wetteraussichten;News, Wetteraussichten, Sachsen, Bergland, DWD, Wetteraussicht, Wochenendstart, Höchsttemperatur;2026-08-22T10:15:21+02:00;2026-08-22T10:15:21+02:00;;dpa Sachsen;false
83d3365460dce5dea959a6835d9247d36f1e34a4231cf6380cac1c8d27ca1a2f;Fahrkartenautomat in Bad Bramstedt gesprengt;https://www.zeit.de/news/2026-08/22/fahrkartenautomat-in-bad-bramstedt-gesprengt;Hier finden Sie Informationen zu dem Thema „Automatensprengung“. Lesen Sie jetzt „Fahrkartenautomat in Bad Bramstedt gesprengt“.;Automatensprengung;News, Automatensprengung, Bad Bramstedt, Polizei, Fahrkartenautomat, Automatensprengung;2026-08-22T10:10:04+02:00;2026-08-22T10:10:04+02:00;;dpa Hamburg/Schleswig-Holstein;false
cc1b50732f9521f3b3aa0164a0ba2ac3b6d46cbbc6936493d943bf664b1e454a;Frankfurter Polizei sucht verschwundene Dienstwaffe;https://www.zeit.de/news/2026-08/22/frankfurter-polizei-sucht-verschwundene-dienstwaffe;Hier finden Sie Informationen zu dem Thema „Ermittlungen“. Lesen Sie jetzt „Frankfurter Polizei sucht verschwundene Dienstwaffe“.;Ermittlungen;News, Ermittlungen, Polizei, Dienstwaffe;2026-08-22T10:05:40+02:00;2026-08-22T10:05:40+02:00;;dpa Hessen;false
f05061ec178ff0a66374b663e91d443925734b75691c0480d479442c1249d97e;Sie schreibt Trump: »Du bist das Einzige, was mir wichtig ist«;https://www.zeit.de/politik/ausland/2026-08/natalie-harp-donald-trump-usa-regierung;Natalie Harp folgt Donald Trump überallhin. Die Nähe des US-Präsidenten zu seiner jungen Assistentin wirft viele Fragen auf. Und was ist eigentlich ihr Job?;"Z+ (abopflichtiger Inhalt);
        
    Natalie Harp";Politik, Natalie Harp, Donald Trump, Präsidentschaft, USA, CNN, NATO-Gipfel, Marco Rubio;2026-08-22T10:00:52+02:00;2026-08-22T10:00:52+02:00;Carsten Luther;;false
a00c2aa57edb1e1839261d4a642831f70e75a77b4e0c5522eb475e24a10cf89a;Drei-Tore-Mann Pejcinovic: Sturmhoffnung für VfB und DFB;https://www.zeit.de/news/2026-08/22/drei-tore-mann-pejcinovic-sturmhoffnung-fuer-vfb-und-dfb;Hier finden Sie Informationen zu dem Thema „DFB-Pokal“. Lesen Sie jetzt „Drei-Tore-Mann Pejcinovic: Sturmhoffnung für VfB und DFB“.;DFB-Pokal;News, DFB-Pokal, Jürgen Klopp, Chris Führich, Sebastian Hoeneß, Fabian Wohlgemuth, Deniz Undav, Stuttgart, Rostock, Deutscher Fußball-Bund, VfB Stuttgart, FC Bayern München;2026-08-22T10:00:19+02:00;2026-08-22T10:00:19+02:00;;dpa Baden-Württemberg;false
67f7141e95ed11b01cecbad73f7360e3b8164d7c8551cbb9dbe289d7d40aace8;Was soll dieser Gratismut sein, von dem derzeit alle reden?;https://www.zeit.de/feuilleton/2026-08/positionierung-afd-musiker-bill-kaulitz-oeffentlichkeit;Bill Kaulitz kritisiert die AfD. Seine Kritiker finden das »gratismutig«. Wer aber so denkt, sollte mal wieder einen Blick in die aktuellen Wahlumfragen werfen.;"Z+ (abopflichtiger Inhalt);
        
    Positionierung gegen die AfD";Feuilleton, Positionierung gegen die AfD, Bill Kaulitz, Tom Kaulitz, Alternative für Deutschland, Sachsen-Anhalt, Landtagswahl;2026-08-22T09:59:51+02:00;2026-08-22T09:59:51+02:00;Jens Balzer;;false
e76a3a45fde95c69689326106cfbb2e8922c2fd4ae4981e8f729d1937bde56f4;Nachlöscharbeiten zu Großbrand in Bergheim dauern an;https://www.zeit.de/news/2026-08/22/nachloescharbeiten-zu-grossbrand-in-bergheim-dauern-an;Hier finden Sie Informationen zu dem Thema „Brände“. Lesen Sie jetzt „Nachlöscharbeiten zu Großbrand in Bergheim dauern an“.;Brände;News, Brände, Bergheim, Köln, Feuerwehr, Nachlöscharbeit, Großbrand, Löscharbeit, Gewerbegebiet, Brand;2026-08-22T09:59:28+02:00;2026-08-22T09:59:28+02:00;;dpa Nordrhein-Westfalen;false
0f0e3703f4f6be77d0d18429d25667e332dceb5f89d32d4acc0a150817f47aec;Was wissen Sie über Ihre Gesundheit?;https://www.zeit.de/gesundheit/2026-08/gesundheits-test-herz-kreislauf-ballaststoffe-ernaehrung-psyche;Was genau macht Cortisol, wie viele Ballaststoffe sind optimal, und wo beginnt Bluthochdruck? Testen Sie Ihr gesundheitliches Wissen und vergleichen Sie sich mit anderen.;"Z+ (abopflichtiger Inhalt);
        
    Gesundheitstest";Gesundheit, Gesundheitstest, Ernährung, Psyche, Ballaststoff;2026-08-22T09:59:06+02:00;2026-08-22T09:59:06+02:00;Dr.  Anna CarthausAnaïs KaluzaTom KattwinkelJan SchwenkenbecherClaudia WüstenhagenJelka LercheBenja Zehr;;false
efeff05a87d0c3d566f0d67713fcf55d9cf7a377c80e8604a89e805fc2bdda88;Regen sorgt für Unfälle und Sperrungen auf Bayerns Straßen;https://www.zeit.de/news/2026-08/22/regen-sorgt-fuer-unfaelle-und-sperrungen-auf-bayerns-strassen;Hier finden Sie Informationen zu dem Thema „Zwei Verletzte“. Lesen Sie jetzt „Regen sorgt für Unfälle und Sperrungen auf Bayerns Straßen“.;Zwei Verletzte;News, Zwei Verletzte, Bayern, Polizei, Unfall, Sperrung, Auto;2026-08-22T09:50:35+02:00;2026-08-22T09:50:35+02:00;;dpa Bayern;false
984c5de469b880bb2195bf6373db52266eafce5a71c7d59e5b654655e3726817;US-Post kündigt trotz Gerichtsstopp strengere Regeln für Briefwahl an;https://www.zeit.de/politik/ausland/2026-08/us-postbehoerde-briefwahl-usps-donald-trump-kongresswahlen;Der USPS verschärft die Regeln für Briefwahl bei den Kongresswahlen. Damit steht er im Widerspruch zu einem Urteil, das entsprechende Pläne der Regierung gestoppt hatte.;US-Kongresswahlen;Politik, US-Kongresswahlen, Kongresswahl, Donald Trump, USA, US-Kongress;2026-08-22T09:33:23+02:00;2026-08-22T09:33:23+02:00;vha;DIE ZEIT,        dpa,        Reuters,        							vha;false
8db8d5743877a4ef21a17a6ff905736488a6f4f401feca446c3e311f7fff94fd;Brand zerstört Haus – Ehepaar kann sich retten;https://www.zeit.de/news/2026-08/22/brand-zerstoert-haus-ehepaar-kann-sich-retten;Hier finden Sie Informationen zu dem Thema „Landkreis Leer“. Lesen Sie jetzt „Brand zerstört Haus – Ehepaar kann sich retten“.;Landkreis Leer;News, Landkreis Leer, Leer, Ehepaar, Landkreis;2026-08-22T09:30:05+02:00;2026-08-22T09:30:05+02:00;;dpa Niedersachsen;false
0c58580cfac148aa616fce4ccd79e7b8bb912daaf9ee8895362a50405f16fca1;Ab wann wieder mehr Sonne zu erwarten ist;https://www.zeit.de/news/2026-08/22/ab-wann-wieder-mehr-sonne-zu-erwarten-ist;Hier finden Sie Informationen zu dem Thema „Wetter“. Lesen Sie jetzt „Ab wann wieder mehr Sonne zu erwarten ist“.;Wetter;News, Wetter, Niedersachsen, Bremen, Wetter;2026-08-22T09:13:05+02:00;2026-08-22T09:13:05+02:00;;dpa Niedersachsen;false
115f63b27b741790e4b79544e4bdeb361b4ba18df0d1a77e26e5ffa797b7ae45;DR Kongo hat die ersten 16.000 Dosen Ebola-Impfstoff erhalten;https://www.zeit.de/gesundheit/2026-08/ebola-ausbruch-kongo-impfstoff-ervebo-who-bundibugyo-gxe;Im Kongo ist die erste Lieferung von 70.000 angekündigten Dosen Ebola-Impfstoff eingetroffen. Ob dieser gegen die dort grassierende Variante wirkt, ist unklar.;Ebola-Epidemie;Gesundheit, Ebola-Epidemie, Impfstoff, Ebola, Kongo, Kinshasa, WHO, Virus;2026-08-22T09:11:50+02:00;2026-08-22T09:11:50+02:00;tw;DIE ZEIT,        AFP,        							tw;false
5634cba82f9823b65ffbcf2b2ee8c729a0742b5b227e7cc0275c61d730fa387b;RTL-«Sommerhaus» 2026: Was man wissen sollte;https://www.zeit.de/news/2026-08/22/rtl-sommerhaus-2026-was-man-wissen-sollte;Hier finden Sie Informationen zu dem Thema „Elfte Staffel“. Lesen Sie jetzt „RTL-«Sommerhaus» 2026: Was man wissen sollte“.;Elfte Staffel;News, Elfte Staffel, Frauke Ludowig, Julian F. M. Stoeckel, Marcell Damaschke, Michelle Daniaux, Laura Parrinello, RTL+, Berlin, Bocholt, Münsterland, RTL;2026-08-22T09:09:04+02:00;2026-08-22T09:09:04+02:00;;dpa Nordrhein-Westfalen;false
ad83fe36ef3210ee8af7ee34a6b46df22d206ab21f9761105a382dc176c3263e;Hund wird von Auto überfahren und stirbt;https://www.zeit.de/news/2026-08/22/hund-wird-von-auto-ueberfahren-und-stirbt;Hier finden Sie Informationen zu dem Thema „Unfall mit Tier“. Lesen Sie jetzt „Hund wird von Auto überfahren und stirbt“.;Unfall mit Tier;News, Unfall mit Tier, Spiegelau, Landkreis Freyung-Grafenau, Polizei, Unfall, Auto;2026-08-22T09:04:12+02:00;2026-08-22T09:04:12+02:00;;dpa Bayern;false
03d934f843788c94c719bc98ab292d98266c53cab6c72c9f583909fef2cd3402;Ministerpräsident Schulze schließt AfD-Mehrheit durch Überläufer aus;https://www.zeit.de/politik/deutschland/2026-08/sachsen-anhalt-landtagswahl-afd-cdu-sven-schulze-ueberlaeufer-gxe;Der Ministerpräsident von Sachsen-Anhalt, Sven Schulze, rechnet nicht damit, dass CDU-Kandidaten zur AfD überlaufen könnten. »Ich kenne alle, das wird nicht passieren.«;Landtagswahl in Sachsen-Anhalt;Politik, Landtagswahl in Sachsen-Anhalt, Sven Schulze, Alternative für Deutschland, CDU, Sachsen-Anhalt, Landtagswahl;2026-08-22T08:54:25+02:00;2026-08-22T08:54:25+02:00;hell;DIE ZEIT,        AFP,        							hell;false
1de1a8ce0f0ead2c55bf5759d0f63ff73c7cb78eb3b58aae72cf132386aa4f78;Fahrschülerin kracht beim Abbiegen mit Auto zusammen;https://www.zeit.de/news/2026-08/22/fahrschuelerin-kracht-beim-abbiegen-mit-auto-zusammen;Hier finden Sie Informationen zu dem Thema „Unfälle“. Lesen Sie jetzt „Fahrschülerin kracht beim Abbiegen mit Auto zusammen“.;Unfälle;News, Unfälle, Schloßvippach, Polizei, Unfall, Auto;2026-08-22T08:53:27+02:00;2026-08-22T08:53:27+02:00;;dpa Thüringen;false
66bdcfddd1ab5caf75b378b0947d3386cb6136cd66d9f5010373374838f72193;Pferd läuft auf Straße – Auto und Tier stoßen zusammen;https://www.zeit.de/news/2026-08/22/pferd-laeuft-auf-strasse-auto-und-tier-stossen-zusammen;Hier finden Sie Informationen zu dem Thema „Landkreis Forchheim“. Lesen Sie jetzt „Pferd läuft auf Straße – Auto und Tier stoßen zusammen“.;Landkreis Forchheim;News, Landkreis Forchheim, Landkreis Forchheim, Auto, Tiere;2026-08-22T08:48:54+02:00;2026-08-22T08:48:54+02:00;;dpa Bayern;false
6d7e9e11b59d57b8d5baf8a5d6912dba09bc32f27f7026188ae40b88bc887169;Autofahrt mit 2,97 Promille - Beifahrerin schwer verletzt;https://www.zeit.de/news/2026-08/22/autofahrt-mit-2-97-promille-beifahrerin-schwer-verletzt;Hier finden Sie Informationen zu dem Thema „Schleswig-Holstein“. Lesen Sie jetzt „Autofahrt mit 2,97 Promille - Beifahrerin schwer verletzt“.;Schleswig-Holstein;News, Schleswig-Holstein, Schleswig-Holstein, Autofahrt;2026-08-22T08:42:33+02:00;2026-08-22T08:42:33+02:00;;dpa Hamburg/Schleswig-Holstein;false
13c631a7c5fa340a549fdadfad0229e8df50fd0da077a04de78075468b1794af;Frau am Fähranleger zwischen Autos eingeklemmt;https://www.zeit.de/news/2026-08/22/frau-am-faehranleger-zwischen-autos-eingeklemmt;Hier finden Sie Informationen zu dem Thema „Unfall“. Lesen Sie jetzt „Frau am Fähranleger zwischen Autos eingeklemmt“.;Unfall;News, Unfall, Wischhafen, Landkreis Stade, Unfall, Auto, Fahrzeug;2026-08-22T08:35:40+02:00;2026-08-22T08:35:40+02:00;;dpa Niedersachsen;false
1aa18a6b5afe6f4f553cf419a33fa84a2917522183a2b678bc8ad1421971826b;82-Jähriger nach Auffahrunfall im Ilm-Kreis verletzt;https://www.zeit.de/news/2026-08/22/82-jaehriger-nach-auffahrunfall-im-ilm-kreis-verletzt;Hier finden Sie Informationen zu dem Thema „Unfälle“. Lesen Sie jetzt „82-Jähriger nach Auffahrunfall im Ilm-Kreis verletzt“.;Unfälle;News, Unfälle, Polizei, Auffahrunfall, Unfall, Verkehrsunfall, Fahrzeug;2026-08-22T08:25:30+02:00;2026-08-22T08:25:30+02:00;;dpa Thüringen;false
4348247f3cdde9e25fcb43eca1b40bfed3f29654e02e93d908a7c5d2f9b3c274;Bericht: Bruder von Hickerson äußert sich zu Panettieres Tod;https://www.zeit.de/news/2026-08/22/bericht-bruder-von-hickerson-aeussert-sich-zu-panettieres-tod;Hier finden Sie Informationen zu dem Thema „US-Schauspielerin“. Lesen Sie jetzt „Bericht: Bruder von Hickerson äußert sich zu Panettieres Tod“.;US-Schauspielerin;News, US-Schauspielerin, Brian Hickerson, Hayden Panettiere, Zach Hickerson, Greenville, South Carolina, TMZ, Polizei, Verbrechen;2026-08-22T08:19:55+02:00;2026-08-22T08:19:55+02:00;;dpa;false
5f8aa434842edeadf767f45c5a8eb9d4ab4b16f0b72308af896b08193aafdc04;Bahnstrecke Crailsheim–Aalen nach Reparaturen wieder offen;https://www.zeit.de/news/2026-08/22/bahnstrecke-crailsheim-aalen-nach-reparaturen-wieder-offen;Hier finden Sie Informationen zu dem Thema „Bahnverkehr“. Lesen Sie jetzt „Bahnstrecke Crailsheim–Aalen nach Reparaturen wieder offen“.;Bahnverkehr;News, Bahnverkehr, Crailsheim, Bahnstrecke, Reparatur, Bahnverkehr;2026-08-22T08:19:49+02:00;2026-08-22T08:19:49+02:00;;dpa Baden-Württemberg;false
c266e24c3e730972860b0aa0e1f876bb8f4da0bfbcaaec61e5038dd331962bb5;Zollverhandlungen zwischen USA und Kanada gescheitert;https://www.zeit.de/politik/ausland/2026-08/zollstreit-usa-kanada-donald-trump-zoelle-freihandelsabkommen-gxe;Die USA und Kanada haben sich im Zollstreit nicht einigen können. Die Trump-Regierung verhängt neue Zölle, der kanadische Premier Mark Carney reagiert mit Gegenzöllen. ;Zollstreit;Politik, Zollstreit, US-Zölle, Freihandelsabkommen, Donald Trump, Mark Carney, USA, Kanada;2026-08-22T08:13:32+02:00;2026-08-22T08:13:32+02:00;hell;DIE ZEIT,        AFP,        							hell;false
f7bf1c88eb0852bf5a995baca7e81b64bd950c1a6240b2c0e65917b3bd80ca3e;Berlins Inselbegabung;https://www.zeit.de/2026/36/inseln-berlin-schmoeckwitzer-werder-lindwerder-pfaueninsel;In der Hauptstadt gibt es kaum ruhige Orte und zu wenig Natur? Von wegen! Timo Posselt gönnt sich einen Kurzurlaub mit Wasser ringsum – und macht Inselhopping in Berlin.;"Z+ (abopflichtiger Inhalt);
        
    Inseln in Berlin";Entdecken, Inseln in Berlin, Berlin, schwimmen, Familie, Wetter, Urlaub;2026-08-22T08:06:04+02:00;2026-08-22T08:06:04+02:00;Timo Posselt;Aus der        ZEIT Nr. 36/2026;false
4993f4a921755b41a74a4d9cbd9f22c0db8788078cf69b36d848ab7ba969ddbf;Sag mir, wie du heißt, und ich sag dir, wie deine Eltern sind;https://www.zeit.de/familie/2026-08/kindernamen-liste-notizapp-namenssuche-eltern;Unsere Autorin hat noch keine Kinder, dafür aber bereits Namen für sie. Die sammelt sie in der Notizapp auf ihrem Handy. Denn die Wahl ist eine komplexe Angelegenheit. ;"Z+ (abopflichtiger Inhalt);
        
    Kindernamen";Familie, Kindernamen, Familie, Kinder, Eltern, TikTok;2026-08-22T08:05:06+02:00;2026-08-22T08:05:06+02:00;Livia Sarai Lergenmüller;;false
d02b930d6d92f44b7432e4f212b432e13ada44498580099cf6dd4d13777c05ab;Mit Moral und «alten Hasen»: KSC gelingt der Saisonstart;https://www.zeit.de/news/2026-08/22/mit-moral-und-alten-hasen-ksc-gelingt-der-saisonstart;Hier finden Sie Informationen zu dem Thema „DFB-Pokal 1. Runde“. Lesen Sie jetzt „Mit Moral und «alten Hasen»: KSC gelingt der Saisonstart“.;DFB-Pokal 1. Runde;News, DFB-Pokal 1. Runde, Maximilian Senft, Rafael Pinto, Karlsruhe, Deutscher Fußball-Bund, Karlsruher SC, Saisonstart, Arbeitssieg;2026-08-22T07:56:04+02:00;2026-08-22T07:56:04+02:00;;dpa Baden-Württemberg;false
d74fab736505eb16030fb93b512ef29177dddef04a161e4b59b5786cccf5471e;Herr Prange hilft jetzt der AfD;https://www.zeit.de/politik/deutschland/2026-08/sachsen-anhalt-stendal-cdu-afd-spende-landtagswahl;Der CDU-Bürgermeister Bernd Prange spendete 10.000 Euro an die AfD, ruft zu ihrer Wahl auf. Wer hat das eingefädelt? Womöglich deren Spitzenkandidat Ulrich Siegmund.;"Z+ (abopflichtiger Inhalt);
        
    Sachsen-Anhalt";Politik, Sachsen-Anhalt, Alternative für Deutschland, Sachsen-Anhalt, Ulrich Siegmund, Sven Schulze, CDU, Landtagswahl;2026-08-22T07:35:18+02:00;2026-08-22T07:35:18+02:00;Christoph HeinemannTilman LeichtHannes Jung;;false
ea67e5deef17ad38fec9cbd386f4d2edf72c8726983a22a1f950fc80fc3afc40;Regenschirm am Samstag, Sonne zum Wochenstart;https://www.zeit.de/news/2026-08/22/regenschirm-am-samstag-sonne-zum-wochenstart;Hier finden Sie Informationen zu dem Thema „Wetter“. Lesen Sie jetzt „Regenschirm am Samstag, Sonne zum Wochenstart“.;Wetter;News, Wetter, Berlin, Brandenburg, DWD, Regenschirm, Wetter;2026-08-22T07:22:46+02:00;2026-08-22T07:22:46+02:00;;dpa Berlin/Brandenburg;false
67e0e77cc81d2b4e5cb88a1e7958ff3f45e1590b0765a227db213834804fddf2;Kater Larry: Berichte über meinen Tod sind stark übertrieben;https://www.zeit.de/news/2026-08/22/kater-larry-berichte-ueber-meinen-tod-sind-stark-uebertrieben;Hier finden Sie Informationen zu dem Thema „Falsche Todesmeldungen“. Lesen Sie jetzt „Kater Larry: Berichte über meinen Tod sind stark übertrieben“.;Falsche Todesmeldungen;News, Falsche Todesmeldungen, Mark Twain, X, Todesmeldung;2026-08-22T07:21:17+02:00;2026-08-22T07:21:17+02:00;;dpa;false
66519acbda163d69284340062349fbc1326cb47a14fc5359f4bbf33fcf2056ca;Sonnige Aussichten, aber Schauer und Wind in Bayern möglich;https://www.zeit.de/news/2026-08/22/sonnige-aussichten-aber-schauer-und-wind-in-bayern-moeglich;Hier finden Sie Informationen zu dem Thema „Kühler und windig“. Lesen Sie jetzt „Sonnige Aussichten, aber Schauer und Wind in Bayern möglich“.;Kühler und windig;News, Kühler und windig, Bayern, Nordbayern, Donau, Südbayern, DWD, Wetter;2026-08-22T07:15:37+02:00;2026-08-22T07:15:37+02:00;;dpa Bayern;false
392e5e7c8a1fd2d3ea0f9668d3225147fa64ac576d4b55d6877c3da744c11338;Wetterwechsel: So sonnig wird das Wochenende;https://www.zeit.de/news/2026-08/22/wetterwechsel-so-sonnig-wird-das-wochenende;Hier finden Sie Informationen zu dem Thema „Wetterbericht“. Lesen Sie jetzt „Wetterwechsel: So sonnig wird das Wochenende“.;Wetterbericht;News, Wetterbericht, Baden-Württemberg, DWD, Wetterwechsel, Wetterbericht, Gewitter, Wetter;2026-08-22T07:08:05+02:00;2026-08-22T07:08:05+02:00;;dpa Baden-Württemberg;false
9d1ff44d95388bb74211391b2f19d7f8b5392c2a36e0c1a61cd4f71af4f1e795;Plüschtiere im Trend: Warum Erwachsene gerne kuscheln;https://www.zeit.de/news/2026-08/22/plueschtiere-im-trend-warum-erwachsene-gerne-kuscheln;Hier finden Sie Informationen zu dem Thema „«Kidults»“. Lesen Sie jetzt „Plüschtiere im Trend: Warum Erwachsene gerne kuscheln“.;«Kidults»;News, «Kidults», Heinrich Pretzel, Markus Kiefer, Berlin, KaDeWe, Kuscheltier, Menükarte, Sommer;2026-08-22T07:00:06+02:00;2026-08-22T07:00:06+02:00;;dpa Berlin/Brandenburg;false
7956d4ab5139223395d7265e9dbfd069bdea761bc4db510aeee6ab5e9d12a1e6;Zehntausende Thüringer von Altersarmut bedroht;https://www.zeit.de/news/2026-08/22/zehntausende-thueringer-von-altersarmut-bedroht;Hier finden Sie Informationen zu dem Thema „Altersarmut“. Lesen Sie jetzt „Zehntausende Thüringer von Altersarmut bedroht“.;Altersarmut;News, Altersarmut, Altersarmut, Armutsgefährdungsgrenze;2026-08-22T07:00:05+02:00;2026-08-22T07:00:05+02:00;;dpa Thüringen;false
87206c7879b5f185022207bd8622fadaa329e41f19f506bfba3f41027dc2120d;US-Verteidigungsministerium entlässt die Leitung einer Militärzeitung;https://www.zeit.de/politik/ausland/2026-08/stars-and-stripes-pentagon-erik-slavin-max-lederer-lara-korte-gxe;Das US-Verteidigungsministerium tauscht die Leitungsebene einer Militärzeitung aus. Dem scheidenden Chefredakteur zufolge wurde ihm »fehlender Gehorsam« vorgeworfen.;»Stars and Stripes«;Politik, »Stars and Stripes«, Pentagon, Militär, Verteidigungspolitik, Entlassung, Donald Trump, USA;2026-08-22T06:34:17+02:00;2026-08-22T06:34:17+02:00;dar;DIE ZEIT,        Reuters,        AP,        dpa,        							dar;false
b973a5627217ce44434eb136c84d75a10b2d65a6575fbf966872b0ab080ac2c5;Freizeitforscher: Trampen ist ein Sicherheitsrisikofaktor;https://www.zeit.de/news/2026-08/22/freizeitforscher-trampen-ist-ein-sicherheitsrisikofaktor;Hier finden Sie Informationen zu dem Thema „Freizeit“. Lesen Sie jetzt „Freizeitforscher: Trampen ist ein Sicherheitsrisikofaktor“.;Freizeit;News, Freizeit, Horst Opaschowski, Deutsche Presse-Agentur, Sicherheit, Freiheit;2026-08-22T06:30:04+02:00;2026-08-22T06:30:04+02:00;;dpa Bayern;false
6fc41d73755e93356c81973b15b8f3f942bb001cb2486bf8e5061ed1bdb26192;Stolz und Trotz nach Niederlage bei Unions Fußballerinnen;https://www.zeit.de/news/2026-08/22/stolz-und-trotz-nach-niederlage-bei-unions-fussballerinnen;Hier finden Sie Informationen zu dem Thema „Saisonstart“. Lesen Sie jetzt „Stolz und Trotz nach Niederlage bei Unions Fußballerinnen“.;Saisonstart;News, Saisonstart, Marie-Louise Eta, Union, 1. FC Union Berlin, Bundesliga, Saisonstart;2026-08-22T06:24:05+02:00;2026-08-22T06:24:05+02:00;;dpa Berlin/Brandenburg;false
98f9e0e3269e7d8eaf5894bf377de487605e72ed2b4337efb85ceeeb76a68de7;Bald Nationalspieler? Top-Einstand für Stuttgarts Pejcinovic;https://www.zeit.de/news/2026-08/22/bald-nationalspieler-top-einstand-fuer-stuttgarts-pejcinovic;Hier finden Sie Informationen zu dem Thema „Drei Tore im ersten VfB-Spiel“. Lesen Sie jetzt „Bald Nationalspieler? Top-Einstand für Stuttgarts Pejcinovic“.;Drei Tore im ersten VfB-Spiel;News, Drei Tore im ersten VfB-Spiel, Jürgen Klopp, Stuttgart, Deutscher Fußball-Bund, Hansa Rostock, VfB Stuttgart, Pflichtspiel, Bundesliga, Einstand;2026-08-22T06:18:04+02:00;2026-08-22T06:18:04+02:00;;dpa Baden-Württemberg;false
958ccf47f4a07a9ab2494c80208891fefd8c7212fc2acf58f64c39f383d9cc7a;Trotz Finaleinzugs: Mumbrú fordert Steigerung;https://www.zeit.de/news/2026-08/22/trotz-finaleinzugs-mumbr-fordert-steigerung;Hier finden Sie Informationen zu dem Thema „Basketball-Supercup“. Lesen Sie jetzt „Trotz Finaleinzugs: Mumbrú fordert Steigerung“.;Basketball-Supercup;News, Basketball-Supercup, Alex Mumbrú, Tschechien, Hamburg, Supercup, Finaleinzug, Halbfinalsieg, Bundestrainer, Kritik, Finale;2026-08-22T06:05:04+02:00;2026-08-22T06:05:04+02:00;;dpa Hamburg/Schleswig-Holstein;false
9fcc251b661e93302c6c08f39baba3ca8ca8169dec65f0df2eb891abb34e3f83;Bayerns Fußballerinnen «in anderer Liga»;https://www.zeit.de/news/2026-08/22/bayerns-fussballerinnen-in-anderer-liga;Hier finden Sie Informationen zu dem Thema „Fußball“. Lesen Sie jetzt „Bayerns Fußballerinnen «in anderer Liga»“.;Fußball;News, Fußball, Pernille Harder, Giulia Gwinn, Lena Oberdorf, José Barcala, Bayern, FC Bayern München, 1. FC Union Berlin, Bundesliga, Fußball-Bundesliga, Fußball;2026-08-22T06:02:05+02:00;2026-08-22T06:02:05+02:00;;dpa Bayern;false
0cefdbb8c7b8fffd5cc421438a970181a138128e6a40075a3219121043253bbf;Innenminister und DFB kritisieren Ausschreitungen bei Pokalspiel;https://www.zeit.de/sport/2026-08/krawalle-dfb-pokal-sv-waldhof-mannheim-1-fc-kaiserslautern-gxe;85 Menschen wurden bei Ausschreitungen während des Derbys in Mannheim verletzt. Der DFB kündigt eine Untersuchung an, der Innenminister fordert Strafen.;Mannheim gegen Kaiserslautern;Sport, Mannheim gegen Kaiserslautern, DFB-Pokal, Mannheim, 1. FC Kaiserslautern, Polizei, Deutscher Fußball-Bund;2026-08-22T06:00:59+02:00;2026-08-22T06:00:59+02:00;dar;DIE ZEIT,        dpa,        							dar;false
a26aa295e2e15da8957a7264860e9186b0f7ea2b999824fcc75b0ae25dbbc807;Gottesanbeterin breitet sich aus – gut 15.000 Sichtungen;https://www.zeit.de/news/2026-08/22/gottesanbeterin-breitet-sich-aus-gut-15-000-sichtungen;Hier finden Sie Informationen zu dem Thema „Folge der Erderwärmung“. Lesen Sie jetzt „Gottesanbeterin breitet sich aus – gut 15.000 Sichtungen“.;Folge der Erderwärmung;News, Folge der Erderwärmung, Helge May, Berlin, Naturschutzbund Deutschland, Gottesanbeterin, Sichtung, Erderwärmung, Tiere;2026-08-22T06:00:07+02:00;2026-08-22T06:00:07+02:00;;dpa;false
915b654292383c4b81ab4aa913dbcbad1cdb238dea7dc6643990e20fdc217418;CDU-Beschwerde wegen Senatsantwort zur Köhlbrandbrücke;https://www.zeit.de/news/2026-08/22/cdu-beschwerde-wegen-senatsantwort-zur-koehlbrandbruecke;Hier finden Sie Informationen zu dem Thema „Transport“. Lesen Sie jetzt „CDU-Beschwerde wegen Senatsantwort zur Köhlbrandbrücke“.;Transport;News, Transport, Antonia Goldner, Carola Veit, CDU, SPD, Senatsantwort, Transport;2026-08-22T06:00:06+02:00;2026-08-22T06:00:06+02:00;;dpa Hamburg/Schleswig-Holstein;false
f98cf05ed2dcdd30caba504c530195779e2867af69c1a422b3f6c4c188fde00e;Minister zeigt Solidarität bei CSD in Königs Wusterhausen;https://www.zeit.de/news/2026-08/22/minister-zeigt-solidaritaet-bei-csd-in-koenigs-wusterhausen;Hier finden Sie Informationen zu dem Thema „Demonstration für Vielfalt“. Lesen Sie jetzt „Minister zeigt Solidarität bei CSD in Königs Wusterhausen“.;Demonstration für Vielfalt;News, Demonstration für Vielfalt, Jan Redmann, Königs Wusterhausen, Berlin, Brandenburg, Ludwigsfelde, Polizei, CDU, Christopher Street Day, Solidarität, Vielfalt;2026-08-22T06:00:04+02:00;2026-08-22T06:00:04+02:00;;dpa Berlin/Brandenburg;false
c71cd4a873d621ecc8bf58d0d0ef456c97203a2336bed6243a6e25a847894a1d;Verdienstlücke zwischen Deutschen und Ausländern bleibt groß;https://www.zeit.de/news/2026-08/22/verdienstluecke-zwischen-deutschen-und-auslaendern-bleibt-gross;Hier finden Sie Informationen zu dem Thema „Arbeitsmarkt“. Lesen Sie jetzt „Verdienstlücke zwischen Deutschen und Ausländern bleibt groß“.;Arbeitsmarkt;News, Arbeitsmarkt, Löhne, Bundesarbeitsministerium, Alternative für Deutschland, Deutscher Bundestag, Bundesregierung, Verdienstlücke, Verdienstabstand;2026-08-22T05:55:04+02:00;2026-08-22T05:55:04+02:00;;dpa;false
3a09c782cd528405c4013bbbb81a09b5096333b91ace914084eee2e473a0204e;Rhein-Fähren nehmen Betrieb wieder auf;https://www.zeit.de/mobilitaet/2026-08/rhein-faehren-niedrigwasser-pegel-duesseldorf-zons-kaub-gxe;Wochenlang saßen sie buchstäblich auf dem Trockenen, doch jetzt können viele Fähren auf dem Rhein wieder fahren. Die Pegel sind aber weiterhin sehr niedrig.;Niedrigwasser;Mobilitaet, Niedrigwasser, Rhein, Düsseldorf, Köln, Rheinland-Pfalz, Schifffahrt;2026-08-22T05:54:11+02:00;2026-08-22T05:54:11+02:00;htg;DIE ZEIT,        dpa,        							htg;false
48e5e3a17b920eb6493aede2f86fbb80f6c757a74013541f522a0a502d77ce81;A8 nach Lasterunfall wieder frei;https://www.zeit.de/news/2026-08/22/a8-nach-lasterunfall-wieder-frei;Hier finden Sie Informationen zu dem Thema „Stundenlange Sperrung“. Lesen Sie jetzt „A8 nach Lasterunfall wieder frei“.;Stundenlange Sperrung;News, Stundenlange Sperrung, Irschenberg, Lasterunfall, Sperrung;2026-08-22T05:52:45+02:00;2026-08-22T05:52:45+02:00;;dpa Bayern;false
9bbd2fb89bd5f153aaefe6a66ac95a0e32f6acf54407e8e38a5543eabc6fc898;«Bundesliga anderes Kaliber»: Götze mahnt nach 11:0;https://www.zeit.de/news/2026-08/22/bundesliga-anderes-kaliber-goetze-mahnt-nach-11-0;Hier finden Sie Informationen zu dem Thema „DFB-Pokal“. Lesen Sie jetzt „«Bundesliga anderes Kaliber»: Götze mahnt nach 11:0“.;DFB-Pokal;News, DFB-Pokal, Mario Götze, Frankfurt, Deutscher Fußball-Bund, Bundesliga, Kaliber, Pokalrunde, Erfolg;2026-08-22T05:45:04+02:00;2026-08-22T05:45:04+02:00;;dpa Hessen;false
9997b45feacb18f93704cab998c3f297d231198269001520c6231efae896c785;Unfälle nach Starkregen auf A5 – Autofahrer schwer verletzt;https://www.zeit.de/news/2026-08/22/unfaelle-nach-starkregen-auf-a5-autofahrer-schwer-verletzt;Hier finden Sie Informationen zu dem Thema „Wetter und Verkehr“. Lesen Sie jetzt „Unfälle nach Starkregen auf A5 – Autofahrer schwer verletzt“.;Wetter und Verkehr;News, Wetter und Verkehr, Appenweier, Achern, Ortenaukreis, Polizei, Unfall, Verkehr, Starkregen, Wetter, Auto;2026-08-22T05:37:22+02:00;2026-08-22T05:37:22+02:00;;dpa Baden-Württemberg;false
8a1ea45759e157ed51799ffb74f3c61fa78b45f2d98436a96c0f9e46b842c917;Die Zukunft war uns in Deutschland immer schon zu teuer;https://www.zeit.de/feuilleton/2026-08/schwaebische-alb-waldbrand-hitzewelle-klimawandel-zukunft;Verkohlte Wälder, tote Tiere, totes Land. Das ist der deutsche Südwesten im Spätsommer 2026. Wer hier unterwegs ist, spürt: In diesem Land brennt mehr als nur der Wald.;"Z+ (abopflichtiger Inhalt);
        
    Schwäbische Alb";Feuilleton, Schwäbische Alb, Waldbrand, Klimawandel, Hitzewelle, Brand, CDU, Alternative für Deutschland;2026-08-22T05:34:03+02:00;2026-08-22T05:34:03+02:00;Wolfgang Bauer;;false
1efc4fafe1d6e93ab291e040c29511ea76f18ecbab3b6ea144e0c3ec790b57d0;US-Gericht kippt Erteilungsstopp für Einwanderungsvisa;https://www.zeit.de/politik/ausland/2026-08/us-einwanderungsvisa-stopp-marco-rubio-gericht-gxe;Die US-Regierung wollte für Menschen aus 75 Ländern pauschal keine Einwanderungsvisa mehr ausstellen. Ein Gericht in New York hat das jetzt für rechtswidrig erklärt.;USA;Politik, USA, USA, New York, Einwanderung, Marco Rubio, Donald Trump;2026-08-22T05:27:15+02:00;2026-08-22T05:27:15+02:00;htg;DIE ZEIT,        Reuters,        							htg;false
4cef9373688950d81e2cfa1d84d2b8219c6b0bc90d0bef815023400281be72e2;Links und katholisch – wie passt das zusammen?;https://www.zeit.de/politik/ausland/2026-08/andy-burnham-katholizismus-christentum-politik-grossbritannien;Links und katholisch – wie passt das zusammen? Sehr gut, wie der britische Premier Andy Burnham zeigt. Er ist gerade dabei, einen größeren Kampf aufzunehmen;"Z+ (abopflichtiger Inhalt);
        
    Andy Burnham";Politik, Andy Burnham, Andy Burnham, Boris Johnson, Großbritannien, Labourpartei, Katholische Kirche, Premierminister;2026-08-22T05:26:19+02:00;2026-08-22T05:26:19+02:00;Robert Pausch;;false
ecc5d858c6feb7a2cfd556a8d0de73651c30513cff910f900f40daef9e6c4ee8;Ihre harte Schule;https://www.zeit.de/2026/36/neos-oessterreich-regierungsbeteiligung-beate-meinl-dreierkoalition;Erst Liebkind, jetzt Regierungspartei: Wie die Neos an Unbeschwertheit verlieren und Beate Meinl-Reisinger unter Druck gerät.;"Z+ (abopflichtiger Inhalt);
        
    Neos in Österreich";Politik, Neos in Österreich, Österreich, ORF, ÖVP, FDP;2026-08-22T05:24:30+02:00;2026-08-22T05:24:30+02:00;Florian GasserKatharina Mittelstaedt;Aus der        ZEIT Nr. 36/2026;false
0766ed438e2745a8a9ad6a37b47e53d3afb9c04b68b944a902288974d98beab4;Diese Frage beschäftigt Handball-Bundestrainer Gislason;https://www.zeit.de/news/2026-08/22/diese-frage-beschaeftigt-handball-bundestrainer-gislason;Hier finden Sie Informationen zu dem Thema „Heim-WM 2027“. Lesen Sie jetzt „Diese Frage beschäftigt Handball-Bundestrainer Gislason“.;Heim-WM 2027;News, Heim-WM 2027, Alfred Gislason, Dänemark, Handball-Bundesliga, Supercup, Bundestrainer, Finale, Streaming;2026-08-22T05:22:04+02:00;2026-08-22T05:22:04+02:00;;dpa Bayern;false
e099f470c9f9011df27fc2aee38f13840f50efa23836f1b975863882c77608d7;Rolemodel: Nonne;https://www.zeit.de/feuilleton/2026-08/italien-ligurien-spotorno-strandbad-nonnen-streit;Eine italienische Gemeinde will Ordensschwestern verbieten, eine Strandbar zu betreiben. Dabei können wir von ihnen lernen, wie man die weltliche Ordnung am besten stört.;"Z+ (abopflichtiger Inhalt);
        
    Italien";Feuilleton, Italien, Italien, Kirche, Europäische Union, Katholische Kirche;2026-08-22T05:18:05+02:00;2026-08-22T05:18:05+02:00;Raoul Löbbert;;false
2774b657295e10cc9fe0f6af1912b1d3b0de996e9c16356608210685f965a299;»Wer hohe Abfindungen will, darf nicht nett sein«;https://www.zeit.de/2026/36/abfindung-kuendigung-betriebsrat-sozialplan-verhandlung-hoehe;Der Anwalt Michael Fuhltrott berät bei Kündigungen. Hier erklärt er, wie man in diesem besonderen Pokerspiel gewinnt. Und wann man besser aufhören sollte, zu zocken.;"Z+ (abopflichtiger Inhalt);
        
    Abfindung bei einer Kündigung";Wirtschaft, Abfindung bei einer Kündigung, Abfindung, Kündigung, Betriebsrat, Arbeitsmarkt;2026-08-22T05:17:30+02:00;2026-08-22T05:17:30+02:00;Clara Suchy;Aus der        ZEIT Nr. 36/2026;false
d383a811eef423fd32e07cd87b1030a485462dabff75056bf311da01c641663c;85 Verletzte nach Ausschreitungen in Mannheim;https://www.zeit.de/sport/2026-08/dfb-pokal-erste-runde-frankfurt-toenis-karlsruhe-muenster-gxe;Pyro, Platzsturm und Pferdestaffeln: Beim Derby Mannheim gegen Kaiserslautern kam es zu Ausschreitungen. Stuttgart wird der Favoritenrolle gerecht. Die Spielberichte;DFB-Pokal, 1. Runde;Sport, DFB-Pokal, 1. Runde, Fußball, DFB-Pokal, 1. FC Kaiserslautern, VfB Stuttgart, Mannheim, Eintracht Frankfurt, Deutscher Fußball-Bund;2026-08-22T05:13:02+02:00;2026-08-22T05:13:02+02:00;ljk;DIE ZEIT,        dpa,        SID,        							ljk;false
8f8991117e7faece10b4e8d9ca1925b2ac807184e5037d79aaed17ec1245e7fe;Nach Pokalspiel: Stuttgart-Trainer wünscht Hansa Aufstieg;https://www.zeit.de/news/2026-08/22/nach-pokalspiel-stuttgart-trainer-wuenscht-hansa-aufstieg;Hier finden Sie Informationen zu dem Thema „Rostocker verlieren 0:4“. Lesen Sie jetzt „Nach Pokalspiel: Stuttgart-Trainer wünscht Hansa Aufstieg“.;Rostocker verlieren 0:4;News, Rostocker verlieren 0:4, Sebastian Hoeneß, Stuttgart, Deutscher Fußball-Bund, Hansa Rostock, VfB Stuttgart, Fußball-Bundesliga, Pokalspiel, Aufstieg;2026-08-22T05:05:05+02:00;2026-08-22T05:05:05+02:00;;dpa Mecklenburg-Vorpommern;false
959c0d42e095c560fdfdbb452f28938fe3f8234c47f6482140306a91b4bef116;Interesse am Festnetz-Telefon sinkt weiter;https://www.zeit.de/news/2026-08/22/interesse-am-festnetz-telefon-sinkt-weiter;Hier finden Sie Informationen zu dem Thema „Mobilfunk ist im Aufwind“. Lesen Sie jetzt „Interesse am Festnetz-Telefon sinkt weiter“.;Mobilfunk ist im Aufwind;News, Mobilfunk ist im Aufwind, Verivox, Vergleichsportal, Mobilfunk;2026-08-22T05:05:04+02:00;2026-08-22T05:05:04+02:00;;dpa;false
6e28f3443ee78a02bcd2d914a4ed4410332306e4784b6e5f93ab3f1660c0b010;Für Bücherwürmer in spe: Programm soll Lesekompetenz fördern;https://www.zeit.de/news/2026-08/22/fuer-buecherwuermer-in-spe-programm-soll-lesekompetenz-foerdern;Hier finden Sie Informationen zu dem Thema „Lesenlernen“. Lesen Sie jetzt „Für Bücherwürmer in spe: Programm soll Lesekompetenz fördern“.;Lesenlernen;News, Lesenlernen, Thüringen, Bildungsministerium, Lesekompetenz, Lesenlernen, Bücherkoffer, Schuljahr, Grundschule;2026-08-22T05:00:06+02:00;2026-08-22T05:00:06+02:00;;dpa Thüringen;false
9d9e42d3db13ee180ccfbc91dff31e4d17cf6feebf55ce4f20d9dc8f5adc70f4;Tausende Wahlhelfer am 20. September in MV im Einsatz;https://www.zeit.de/news/2026-08/22/tausende-wahlhelfer-am-20-september-in-mv-im-einsatz;Hier finden Sie Informationen zu dem Thema „Landtagswahl“. Lesen Sie jetzt „Tausende Wahlhelfer am 20. September in MV im Einsatz“.;Landtagswahl;News, Landtagswahl, Schwerin, Landtagswahl, Wahllokal, Wahlberechtigung;2026-08-22T05:00:05+02:00;2026-08-22T05:00:05+02:00;;dpa Mecklenburg-Vorpommern;false
dbd604503f608507251f314ff281ab043d1b3421859ceb640644b6f073ad1731;Wohnungssuche für Studierende in NRW bleibt Herausforderung;https://www.zeit.de/news/2026-08/22/wohnungssuche-fuer-studierende-in-nrw-bleibt-herausforderung;Hier finden Sie Informationen zu dem Thema „Trotz weniger Abiturienten“. Lesen Sie jetzt „Wohnungssuche für Studierende in NRW bleibt Herausforderung“.;Trotz weniger Abiturienten;News, Trotz weniger Abiturienten, Klaus Wilsberg, Achim Landgraf, Pia Nehring, NRW, Nordrhein-Westfalen, Köln, Münster, Aachen, Bochum, Deutsche Presse-Agentur;2026-08-22T04:30:07+02:00;2026-08-22T04:30:07+02:00;;dpa Nordrhein-Westfalen;false
c86bad2739f8a9cbfcacadda4922e8e7a41e104d2e6a6eb2b7d8231264712034;FDP fordert schnelleres Handeln bei Drohnenabwehr;https://www.zeit.de/news/2026-08/22/fdp-fordert-schnelleres-handeln-bei-drohnenabwehr;Hier finden Sie Informationen zu dem Thema „Kritische Infrastruktur“. Lesen Sie jetzt „FDP fordert schnelleres Handeln bei Drohnenabwehr“.;Kritische Infrastruktur;News, Kritische Infrastruktur, Christopher Vogt, Schleswig-Holstein, Flughafen Leipzig/Halle, FDP, Drohnenabwehr, Infrastruktur, Drohne, Sicherheit;2026-08-22T04:30:06+02:00;2026-08-22T04:30:06+02:00;;dpa Hamburg/Schleswig-Holstein;false
4f578500ff7b18f548ee005d317bbbcacf1f90baf5ecdac20a4aaafbf53c081a;USA knüpfen Zahlung von UN-Schulden an Bedingungen;https://www.zeit.de/politik/ausland/2026-08/usa-vereinte-nationen-uno-beitrag-schulden;Die USA wollen einen Teil ihrer Beitragsschulden bei den Vereinten Nationen bezahlen. Allerdings nur, wenn die Organisation den Forderungen der US-Regierung nachkommt.;Beitragsschulden;Politik, Beitragsschulden, USA, UN, Schulden, Donald Trump;2026-08-22T04:17:30+02:00;2026-08-22T04:17:30+02:00;htg;DIE ZEIT,        Reuters,        							htg;false
1843fc0641b9fe5efe4f4f3fea19ab14cd200128553984bb00e538ac2bce6f63;Hier kommen Kürbisfans auf ihre Kosten;https://www.zeit.de/news/2026-08/22/hier-kommen-kuerbisfans-auf-ihre-kosten;Hier finden Sie Informationen zu dem Thema „Ausstellung in Ludwigsburg“. Lesen Sie jetzt „Hier kommen Kürbisfans auf ihre Kosten“.;Ausstellung in Ludwigsburg;News, Ausstellung in Ludwigsburg, Ludwigsburg, Kürbis, Kürbisausstellung;2026-08-22T04:00:31+02:00;2026-08-22T04:00:31+02:00;;dpa Baden-Württemberg;false
d67a4c2381ed9ba8c5fc843b90c9618ce33349eacca767e33ef8f3f5d51c11c4;Fast totale Mondfinsternis - aber was kann man sehen?;https://www.zeit.de/news/2026-08/22/fast-totale-mondfinsternis-aber-was-kann-man-sehen;Hier finden Sie Informationen zu dem Thema „Schauspiel am Himmel“. Lesen Sie jetzt „Fast totale Mondfinsternis - aber was kann man sehen?“.;Schauspiel am Himmel;News, Schauspiel am Himmel, Uwe Pilz, Bensheim, Deutsche Presse-Agentur, Mondfinsternis, Schauspiel, Sternschnuppe, Sonnenfinsternis;2026-08-22T04:00:27+02:00;2026-08-22T04:00:27+02:00;;dpa;false
39357a9fe56a85c4a20d9530a9fd870432cd8b60a863569c767a6cbc4c20df09;Ebola-Ausbruch nach 100 Tagen weiter nicht unter Kontrolle;https://www.zeit.de/news/2026-08/22/ebola-ausbruch-nach-100-tagen-weiter-nicht-unter-kontrolle;Hier finden Sie Informationen zu dem Thema „Ebola im Kongo“. Lesen Sie jetzt „Ebola-Ausbruch nach 100 Tagen weiter nicht unter Kontrolle“.;Ebola im Kongo;News, Ebola im Kongo, Maximilian Gertler, Tedros Adhanom, Kongo, Westafrika, Ituri, Tshopo, Weltgesundheitsorganisation, WHO, Charité, Ärzte ohne Grenzen;2026-08-22T04:00:26+02:00;2026-08-22T04:00:26+02:00;;dpa;false
d474a3d6eed3b6e51ec6121f604c35283ddaf4848473a6c4fba8e2e78f666af1;Trockenheit bremst Pilzsaison im Norden aus;https://www.zeit.de/news/2026-08/22/trockenheit-bremst-pilzsaison-im-norden-aus;Hier finden Sie Informationen zu dem Thema „Saisonstart“. Lesen Sie jetzt „Trockenheit bremst Pilzsaison im Norden aus“.;Saisonstart;News, Saisonstart, Jonas Frank, Linus Koch, Hamburg, Schleswig-Holstein, Rendsburg, Pilzsaison, Trockenheit, Saisonstart, Pilz, Naturfreund;2026-08-22T04:00:22+02:00;2026-08-22T04:00:22+02:00;;dpa Hamburg/Schleswig-Holstein;false
d8fa352dbdf4e716ea4555bc77e56f81df1dab7b55be3a5bb9687124d2eae399;Pilzsaison bleibt bislang aus - so ist die Prognose;https://www.zeit.de/news/2026-08/22/pilzsaison-bleibt-bislang-aus-so-ist-die-prognose;Hier finden Sie Informationen zu dem Thema „Warten auf Regen“. Lesen Sie jetzt „Pilzsaison bleibt bislang aus - so ist die Prognose“.;Warten auf Regen;News, Warten auf Regen, Thomas Lehr, Alex Maier, Hofheim am Taunus, Rhein-Main-Gebiet, Pilzsaison, Körbchen, Pfifferling, Trockenheit, Prognose, Herbst;2026-08-22T04:00:21+02:00;2026-08-22T04:00:21+02:00;;dpa Hessen;false
7a22ee3859b92d0c5e263f32704ad346391c11eb6cf70ab39d09c0e306533a39;Rund 5.000 Abweichungen von 12-Uhr-Regel an Tankstellen;https://www.zeit.de/news/2026-08/22/rund-5-000-abweichungen-von-12-uhr-regel-an-tankstellen;Hier finden Sie Informationen zu dem Thema „12-Uhr-Regel an Tankstellen“. Lesen Sie jetzt „Rund 5.000 Abweichungen von 12-Uhr-Regel an Tankstellen“.;12-Uhr-Regel an Tankstellen;News, 12-Uhr-Regel an Tankstellen, Sachsen, BMWi, Abweichung, Tankstelle;2026-08-22T04:00:21+02:00;2026-08-22T04:00:21+02:00;;dpa Sachsen;false
b5ee7ed074149ca7538e9cec3465c670e9ff220ce052e209831f26bb0e06d1a3;Pilzsaison startet später – Experte gibt Tipps zum Sammeln;https://www.zeit.de/news/2026-08/22/pilzsaison-startet-spaeter-experte-gibt-tipps-zum-sammeln;Hier finden Sie Informationen zu dem Thema „Saisonstart“. Lesen Sie jetzt „Pilzsaison startet später – Experte gibt Tipps zum Sammeln“.;Saisonstart;News, Saisonstart, Robert Sprunk, Rostock, Mecklenburg-Vorpommern, Pilzsaison, Saisonstart, Pilz, Hauptsaison, Naturfreund, Wald, Herbst;2026-08-22T04:00:19+02:00;2026-08-22T04:00:19+02:00;;dpa Mecklenburg-Vorpommern;false
1c470f8611b0c4f217e1f2538e06a5b4528436297dd53bf0ff4366de3cd40e95;Partielle Mondfinsternis: Klarer Himmel und Wecker nötig;https://www.zeit.de/news/2026-08/22/partielle-mondfinsternis-klarer-himmel-und-wecker-noetig;Hier finden Sie Informationen zu dem Thema „Himmelsschauspiel“. Lesen Sie jetzt „Partielle Mondfinsternis: Klarer Himmel und Wecker nötig“.;Himmelsschauspiel;News, Himmelsschauspiel, Carolin Liefke, Heidelberg, Baden-Württemberg, aufstehen, Mondfinsternis, Himmelsschauspiel, Südwesten, Himmelereignis, Sonnenfinsternis;2026-08-22T04:00:17+02:00;2026-08-22T04:00:17+02:00;;dpa Baden-Württemberg;false
2dd1d8be370dba3e0b1f6bae7d361b6bfac7f09f54e988392ad26a33b3109ebf;Pilzsaison droht auszufallen - darauf kommt es jetzt an;https://www.zeit.de/news/2026-08/22/pilzsaison-droht-auszufallen-darauf-kommt-es-jetzt-an;Hier finden Sie Informationen zu dem Thema „Hoffen auf Regen“. Lesen Sie jetzt „Pilzsaison droht auszufallen - darauf kommt es jetzt an“.;Hoffen auf Regen;News, Hoffen auf Regen, Klaus Rödder, Till Panter, Rheinland-Pfalz, Pilzsaison, Trockenheit, Wetter;2026-08-22T04:00:16+02:00;2026-08-22T04:00:16+02:00;;dpa Rheinland-Pfalz/Saarland;false
96964b37adae073a9fc428cd716f11542d93941b8b81eb3b296e5483256ebd88;Einen Monat vor Wahl: Umfrage sieht Linke in Berlin vorne;https://www.zeit.de/news/2026-08/22/einen-monat-vor-wahl-umfrage-sieht-linke-in-berlin-vorne;Hier finden Sie Informationen zu dem Thema „Wahl zum Abgeordnetenhaus“. Lesen Sie jetzt „Einen Monat vor Wahl: Umfrage sieht Linke in Berlin vorne“.;Wahl zum Abgeordnetenhaus;News, Wahl zum Abgeordnetenhaus, Elif Eralp, Berlin, Die Linke, Forsa, T-Online, CDU, Alternative für Deutschland, Bündnis 90/Die Grünen, SPD, Umfrage;2026-08-22T04:00:15+02:00;2026-08-22T04:00:15+02:00;;dpa Berlin/Brandenburg;false
e2eabc612aadec119f31a7961f1f80354dabaaee98eda21324fb2c9d8118b9b5;Frankfurter Familien radeln für sichere Straßen;https://www.zeit.de/news/2026-08/22/frankfurter-familien-radeln-fuer-sichere-strassen;Hier finden Sie Informationen zu dem Thema „Schulweg kann gefährlich sein“. Lesen Sie jetzt „Frankfurter Familien radeln für sichere Straßen“.;Schulweg kann gefährlich sein;News, Schulweg kann gefährlich sein, Torsten Willner, Frankfurt, ADFC, Statistisches Bundesamt, Schulweg, Familie, Sicherheit, Fahrrad;2026-08-22T04:00:14+02:00;2026-08-22T04:00:14+02:00;;dpa Hessen;false
bb738d3758d4de2513a0b9ccba9a4b2420a75ea89b7c5113990c58fd3e614b9d;Angriff wegen Israel-Anstecker? Verdächtiger in Klinik;https://www.zeit.de/news/2026-08/22/angriff-wegen-israel-anstecker-verdaechtiger-in-klinik;Hier finden Sie Informationen zu dem Thema „Kriminalität“. Lesen Sie jetzt „Angriff wegen Israel-Anstecker? Verdächtiger in Klinik“.;Kriminalität;News, Kriminalität, Unterfranken, München, Würzburg, Baden-Württemberg, Main-Tauber-Kreis, Angriff, Bezirkskrankenhaus, Generalstaatsanwaltschaft;2026-08-22T04:00:12+02:00;2026-08-22T04:00:12+02:00;;dpa Baden-Württemberg;false
a8d489e82fc6bfcc12be7d4b6b96c81a11d9fc282c460df595f84a46702af35a;Gewalt im Freibad: Eine erste Bilanz der Saison;https://www.zeit.de/news/2026-08/22/gewalt-im-freibad-eine-erste-bilanz-der-saison;Hier finden Sie Informationen zu dem Thema „Rheinland-Pfalz“. Lesen Sie jetzt „Gewalt im Freibad: Eine erste Bilanz der Saison“.;Rheinland-Pfalz;News, Rheinland-Pfalz, Rheinland-Pfalz, Polizei, LKA, Deutsche Presse-Agentur, Freibad, Freibadsaison, Badeanstalten, sexuelle Belästigung, Bargeld, Körperverletzung;2026-08-22T04:00:08+02:00;2026-08-22T04:00:08+02:00;;dpa Rheinland-Pfalz/Saarland;false
ac6a5b3d6cc625bc46cd38dbc7b00fcd593c3b1ba409bacfc524f902b973396e;Expertin: Keine leeren Regale trotz geringer Ernte;https://www.zeit.de/news/2026-08/22/expertin-keine-leeren-regale-trotz-geringer-ernte;Hier finden Sie Informationen zu dem Thema „Nach schlechter Erntebilanz“. Lesen Sie jetzt „Expertin: Keine leeren Regale trotz geringer Ernte“.;Nach schlechter Erntebilanz;News, Nach schlechter Erntebilanz, Judith Dittrich, AMI, Deutscher Bauernverband, Deutsche Presse-Agentur, Brot, Ernte, Erntebilanz, Hitze, Wetter, Backwaren;2026-08-22T04:00:07+02:00;2026-08-22T04:00:07+02:00;;dpa;false
c19ea6ff65fd88c24edf2a6b2b5c04f9952134caa7d3d1ba25fb688bc0e66376;Gestank in beliebter Bodensee-Stadt gibt Rätsel auf;https://www.zeit.de/news/2026-08/22/gestank-in-beliebter-bodensee-stadt-gibt-raetsel-auf;Hier finden Sie Informationen zu dem Thema „Bürger beschweren sich“. Lesen Sie jetzt „Gestank in beliebter Bodensee-Stadt gibt Rätsel auf“.;Bürger beschweren sich;News, Bürger beschweren sich, Friedrichshafen, Bodensee, Gestank, Rätsel;2026-08-22T04:00:06+02:00;2026-08-22T04:00:06+02:00;;dpa Baden-Württemberg;false
16df77df478ba7b9d8da4cb0485141d116fa587e66e708755246a475a7e37cdb;Ausreichend Freiwillige für Wahl am 6. September gefunden;https://www.zeit.de/news/2026-08/22/ausreichend-freiwillige-fuer-wahl-am-6-september-gefunden;Hier finden Sie Informationen zu dem Thema „Landtagswahl Sachsen-Anhalt“. Lesen Sie jetzt „Ausreichend Freiwillige für Wahl am 6. September gefunden“.;Landtagswahl Sachsen-Anhalt;News, Landtagswahl Sachsen-Anhalt, Magdeburg, Sachsen-Anhalt, Landtagswahl, Landtagswahl in Sachsen, Landeswahlleitung;2026-08-22T04:00:05+02:00;2026-08-22T04:00:05+02:00;;dpa Sachsen;false
ca768e65dd55de856bb65610221b0db28598f1cb109e1b4279d2379def8f37fb;Bayerns BSW-Chef: AfD zur Macht zu verhelfen «nicht denkbar»;https://www.zeit.de/news/2026-08/22/bayerns-bsw-chef-afd-zur-macht-zu-verhelfen-nicht-denkbar;Hier finden Sie Informationen zu dem Thema „Streit im BSW“. Lesen Sie jetzt „Bayerns BSW-Chef: AfD zur Macht zu verhelfen «nicht denkbar»“.;Streit im BSW;News, Streit im BSW, Klaus Ernst, Sahra Wagenknecht, Bayern, Thüringen, Sachsen-Anhalt, Bündnis Sahra Wagenknecht, Alternative für Deutschland, Deutsche Presse-Agentur, CDU, Duldung;2026-08-22T04:00:04+02:00;2026-08-22T04:00:04+02:00;;dpa Bayern;false
24d2c600a5ba8251b2e434e30850342aae523e6f07e3306382274d5dd948a833;Staatsmodernisierung: Wo Bürokratie abgebaut werden soll;https://www.zeit.de/news/2026-08/22/staatsmodernisierung-wo-buerokratie-abgebaut-werden-soll;Hier finden Sie Informationen zu dem Thema „Mail statt beglaubigter Kopie“. Lesen Sie jetzt „Staatsmodernisierung: Wo Bürokratie abgebaut werden soll“.;Mail statt beglaubigter Kopie;News, Mail statt beglaubigter Kopie, Doris Ahnen, SPD, Deutsche Presse-Agentur, Staatsmodernisierung, Bürokratie, Koalitionsvertrag;2026-08-22T03:30:13+02:00;2026-08-22T03:30:13+02:00;;dpa Rheinland-Pfalz/Saarland;false
424e5868530185aec0c5a14701413e23c9ad0dba1ad460be8f1dac359fef8e2b;Hertha und Cottbus starten im DFB-Pokal;https://www.zeit.de/news/2026-08/22/hertha-und-cottbus-starten-im-dfb-pokal;Hier finden Sie Informationen zu dem Thema „DFB-Pokal“. Lesen Sie jetzt „Hertha und Cottbus starten im DFB-Pokal“.;DFB-Pokal;News, DFB-Pokal, Cottbus, Hertha BSC, Deutscher Fußball-Bund, Hertha BSC Berlin, Energie Cottbus;2026-08-22T03:30:11+02:00;2026-08-22T03:30:11+02:00;;dpa Berlin/Brandenburg;false
c3f5ad0c5343b270a3d33f1ffc678b229eb45740005383f49c553632152a2a53;Voigt bewirbt sich erneut als Thüringer CDU-Chef;https://www.zeit.de/news/2026-08/22/voigt-bewirbt-sich-erneut-als-thueringer-cdu-chef;Hier finden Sie Informationen zu dem Thema „Personalien CDU“. Lesen Sie jetzt „Voigt bewirbt sich erneut als Thüringer CDU-Chef“.;Personalien CDU;News, Personalien CDU, Mario Voigt, Thüringen, CDU, Abstimmung, Landesparteitag;2026-08-22T03:30:11+02:00;2026-08-22T03:30:11+02:00;;dpa Thüringen;false
34e506235856d861214a7aea90b042e46fb344d28dec181a70c3ca117d864509;Pflichtspieldebüt für RB-Trainer Demichelis;https://www.zeit.de/news/2026-08/22/pflichtspieldebuet-fuer-rb-trainer-demichelis;Hier finden Sie Informationen zu dem Thema „DFB-Pokal“. Lesen Sie jetzt „Pflichtspieldebüt für RB-Trainer Demichelis“.;DFB-Pokal;News, DFB-Pokal, Martín Demichelis, Deutscher Fußball-Bund, RB Leipzig, Eintracht Trier, Pflichtspiel, Pflichtspieldebüt;2026-08-22T03:30:06+02:00;2026-08-22T03:30:06+02:00;;dpa Sachsen;false
08887a7717f13f9dc7842f28c73912b76d5baf76e8f76b530f57a9174cb6e958;Los geht's: Sechs bayerische Clubs im DFB-Pokal;https://www.zeit.de/news/2026-08/22/los-geht-s-sechs-bayerische-clubs-im-dfb-pokal;Hier finden Sie Informationen zu dem Thema „Fußball“. Lesen Sie jetzt „Los geht's: Sechs bayerische Clubs im DFB-Pokal“.;Fußball;News, Fußball, Deutscher Fußball-Bund, FC Bayern München, TSV 1860 München, Fußball;2026-08-22T03:30:04+02:00;2026-08-22T03:30:04+02:00;;dpa Bayern;false
f80fa09f537a0502eb6acbe481283a2e043bc78be8928ad46bc938a29283ca74;Apple beziffert Steuerzahlungen in Deutschland und Europa;https://www.zeit.de/news/2026-08/22/apple-beziffert-steuerzahlungen-in-deutschland-und-europa;Hier finden Sie Informationen zu dem Thema „iPhone-Konzern“. Lesen Sie jetzt „Apple beziffert Steuerzahlungen in Deutschland und Europa“.;iPhone-Konzern;News, iPhone-Konzern, Europa, Irland, Apple, EU, EuGH, Europäische Union, iPhone, Steuerzahlung, Transparenzvorschrift, Steuerbericht;2026-08-22T03:00:07+02:00;2026-08-22T03:00:07+02:00;;dpa;false
ca9d745bc83670c17541ea7b3f2a1ecdce664f1d77b5440365088b0809884d07;Autofahrer stirbt nach Zusammenstoß mit geparktem Wagen;https://www.zeit.de/news/2026-08/22/autofahrer-stirbt-nach-zusammenstoss-mit-geparktem-wagen;Hier finden Sie Informationen zu dem Thema „Verkehrsunfall“. Lesen Sie jetzt „Autofahrer stirbt nach Zusammenstoß mit geparktem Wagen“.;Verkehrsunfall;News, Verkehrsunfall, Polizei, Zusammenstoß, Verkehrsunfall, Auto;2026-08-22T02:13:24+02:00;2026-08-22T02:13:24+02:00;;dpa Bayern;false
f6c8f862dd97509dce688bf66d949d0b0aa1362438517f0607df4f9c8a53b361;Bischof Feige: «Nicht aus dem Bauch heraus ins Blaue wählen»;https://www.zeit.de/news/2026-08/22/bischof-feige-nicht-aus-dem-bauch-heraus-ins-blaue-waehlen;Hier finden Sie Informationen zu dem Thema „Landtagswahl Sachsen-Anhalt“. Lesen Sie jetzt „Bischof Feige: «Nicht aus dem Bauch heraus ins Blaue wählen»“.;Landtagswahl Sachsen-Anhalt;News, Landtagswahl Sachsen-Anhalt, Gerhard Feige, Magdeburg, Sachsen-Anhalt, Alternative für Deutschland, Landtagswahl;2026-08-22T02:01:04+02:00;2026-08-22T02:01:04+02:00;;dpa Sachsen;false
c37c7979c22fec800fd88a4370eab184210947c9ee191166a40e9c59bfb9329e;Tödlicher Motorradunfall im Odenwald;https://www.zeit.de/news/2026-08/22/toedlicher-motorradunfall-im-odenwald;Hier finden Sie Informationen zu dem Thema „Hubschraubereinsatz“. Lesen Sie jetzt „Tödlicher Motorradunfall im Odenwald“.;Hubschraubereinsatz;News, Hubschraubereinsatz, Odenwald, Motorradunfall, Hubschraubereinsatz, Unfall, Hubschrauber;2026-08-22T01:54:53+02:00;2026-08-22T01:54:53+02:00;;dpa Hessen;false
c8ba4322e8e68cb38ca91054f7634fda387f22fdb15d5cbb9c8c4e3442cfd7a1;Kind stirbt bei E-Scooter-Unfall;https://www.zeit.de/news/2026-08/22/kind-stirbt-bei-e-scooter-unfall;Hier finden Sie Informationen zu dem Thema „Wetteraukreis“. Lesen Sie jetzt „Kind stirbt bei E-Scooter-Unfall“.;Wetteraukreis;News, Wetteraukreis, Wetteraukreis, Unfall, E-Scooter;2026-08-22T01:45:38+02:00;2026-08-22T01:45:38+02:00;;dpa Hessen;false
2988925d79ed9e6a8fc23001db7b8374ee29283278294a0acac8e75e5a1d2a18;Wagenknecht über Siegmund: «Neuer Hitler ist er nicht»;https://www.zeit.de/news/2026-08/22/wagenknecht-ueber-siegmund-neuer-hitler-ist-er-nicht;Hier finden Sie Informationen zu dem Thema „Landtagswahl“. Lesen Sie jetzt „Wagenknecht über Siegmund: «Neuer Hitler ist er nicht»“.;Landtagswahl;News, Landtagswahl, Sahra Wagenknecht, Ulrich Siegmund, Friedrich Merz, DDR, Sachsen-Anhalt, Bündnis Sahra Wagenknecht, Alternative für Deutschland, Funke Mediengruppe, CDU, Landtagswahl;2026-08-22T01:04:04+02:00;2026-08-22T01:04:04+02:00;;dpa Sachsen;false
f7efd5d6425a817628569a34e580e87f0c99610684ee25275da285552817456e;TikTok zahlt wegen Datenschutzklage 400 Millionen Dollar in den USA;https://www.zeit.de/digital/2026-08/tiktok-kinderdatenschutz-usa-klage-bussgeld-unter-13;TikTok soll in den USA Daten von Kindern unter 13 Jahren gesammelt haben. Eine Klage hat das Unternehmen nun durch eine hohe Zahlung beigelegt.;Kinderdatenschutz;Digital, Kinderdatenschutz, TikTok, Gerichtsverfahren, Justizministerium der Vereinigten Staaten, Jugendschutz, Soziale Medien, USA;2026-08-22T01:00:02+02:00;2026-08-22T01:00:02+02:00;htg;DIE ZEIT,        dpa,        Reuters,        							htg;false
f43afb288a97f1fe49c975590e15bfe4da10c0d5d7d21022147b7bac7f3df230;Hubig spricht sich für Schutz queerer Menschen im Grundgesetz aus;https://www.zeit.de/politik/deutschland/2026-08/art-3-grundgesetz-diskriminierung-sexuelle-identitaet-stefanie-hubig;Die Bundesjustizministerin will das Diskriminierungsverbot im Grundgesetz um sexuelle Identität ergänzen. Die Union sprach sich zuletzt klar dagegen aus.;Diskriminierungsverbot im Grundgesetz;Politik, Diskriminierungsverbot im Grundgesetz, Stefanie Hubig, Christopher Street Day, Berlin, SPD, Grundgesetz;2026-08-22T00:51:33+02:00;2026-08-22T00:51:33+02:00;dar;DIE ZEIT,        dpa,        							dar;false
ed835731223c4b64803792aa032eb4ae9d268c996776d8ef5e20ac7aad2fa727;Mehr als 30.000 Menschen in Europa durch Hitze zusätzlich gestorben;https://www.zeit.de/gesundheit/2026-08/hitzetote-europa-hitzewelle-euromomo-afp;Hitzewellen mit Temperaturen von bis zu 40 Grad haben den Sommer geprägt. Vorläufigen Daten zufolge sind deshalb mindestens 30.000 Menschen mehr gestorben als sonst.;Hitze;Gesundheit, Hitze, Europa, Hitze, Hitzewelle, RKI, Opfer;2026-08-22T00:09:03+02:00;2026-08-22T00:09:03+02:00;dar;DIE ZEIT,        AFP,        							dar;false
eca269a593e604f053357c7e972d4d69b855bbdb9720090ee9d053f119d74fc3;Wohnhaus in Flammen - eine Person verletzt;https://www.zeit.de/news/2026-08/22/wohnhaus-in-flammen-eine-person-verletzt;Hier finden Sie Informationen zu dem Thema „Schaden von einer Million Euro“. Lesen Sie jetzt „Wohnhaus in Flammen - eine Person verletzt“.;Schaden von einer Million Euro;News, Schaden von einer Million Euro, Eberbach, Rhein-Neckar-Kreis, Polizei, Wohnhausbrand;2026-08-22T00:03:26+02:00;2026-08-22T00:03:26+02:00;;dpa Baden-Württemberg;false
4b77b6bd5c2565978d18f1d61b79e844084447468ee4b1c96dc4948c859562c9;Bilder des Tages;https://www.zeit.de/news/2026-08/21/bilder-des-tages;Hier finden Sie Informationen zu dem Thema „Fotografie“. Lesen Sie jetzt „Bilder des Tages“.;Fotografie;News, Fotografie, News;2026-08-22T00:01:37+02:00;2026-08-22T00:01:37+02:00;;dpa;false
d7ea381642e50e7a75a52ba3d58c6dc4785202d629ae399e4670f7648483d3a1;Schutz queerer Menschen: Hubig will Grundgesetz ändern;https://www.zeit.de/news/2026-08/22/schutz-queerer-menschen-hubig-will-grundgesetz-aendern;Hier finden Sie Informationen zu dem Thema „Nach CSD-Anschlag“. Lesen Sie jetzt „Schutz queerer Menschen: Hubig will Grundgesetz ändern“.;Nach CSD-Anschlag;News, Nach CSD-Anschlag, Stefanie Hubig, Berlin, SPD, Rheinische Post, Christopher Street Day, Grundgesetz, Terroranschlag;2026-08-22T00:01:04+02:00;2026-08-22T00:01:04+02:00;;dpa Berlin/Brandenburg;false
9bde829c57322f3b5f09773865b95070f8031f49c1cf3c3e403c2abd27216dd1;Was geschah am 22. August?;https://www.zeit.de/news/2026-08/21/was-geschah-am-22-august;Hier finden Sie Informationen zu dem Thema „Kalenderblatt“. Lesen Sie jetzt „Was geschah am 22. August?“.;Kalenderblatt;News, Kalenderblatt, Margarethe Schreinemakers, Kalenderblatt, Namenstag, Ernährungssicherheit;2026-08-21T23:55:04+02:00;2026-08-21T23:55:04+02:00;;dpa;false
f0bd45d2dc20c2bcf402b19d558f28003b5dd93d59fb1637bf65d58b81607a8f;Chaos im Pokal-Derby: DFB kündigt Aufarbeitung an;https://www.zeit.de/news/2026-08/21/chaos-im-pokal-derby-dfb-kuendigt-aufarbeitung-an;Hier finden Sie Informationen zu dem Thema „Nach Tumulten auf dem Platz“. Lesen Sie jetzt „Chaos im Pokal-Derby: DFB kündigt Aufarbeitung an“.;Nach Tumulten auf dem Platz;News, Nach Tumulten auf dem Platz, Mannheim, Deutscher Fußball-Bund, SV Waldhof Mannheim, 1. FC Kaiserslautern, Polizei, Instagram, Aufarbeitung, Tumult, Ausschreitung;2026-08-21T23:40:33+02:00;2026-08-21T23:40:33+02:00;;dpa Baden-Württemberg;false
20760aa9b4f104a6c761e0a434ac640050695e46c7790c3aea64a2576d9cd2db;400-Millionen-Zahlung: US-Justiz stoppt TikTok-Ermittlungen;https://www.zeit.de/news/2026-08/21/400-millionen-zahlung-us-justiz-stoppt-tiktok-ermittlungen;Hier finden Sie Informationen zu dem Thema „Datenschutz bei Kindern“. Lesen Sie jetzt „400-Millionen-Zahlung: US-Justiz stoppt TikTok-Ermittlungen“.;Datenschutz bei Kindern;News, Datenschutz bei Kindern, USA, Justizministerium der Vereinigten Staaten, Justizministerium, TikTok, Datenschutz;2026-08-21T23:31:29+02:00;2026-08-21T23:31:29+02:00;;dpa;false
f71443b55e50c40d88f19cd78f2d76446228ee06aa6bd3d1edb3c03377f646dc;Deutsche Springreiter holen nach 16 Jahren wieder WM-Gold;https://www.zeit.de/sport/2026-08/springreiter-wm-aachen-mannschaft-deutschland-marcus-ehning-daniel-deusser;Mit einer souveränen Leistung gewinnen die deutschen Springreiter bei der Heim-WM in Aachen. Es ist der erste deutsche Titel in der Mannschaftswertung seit 16 Jahren.;Springreiter-WM in Aachen;Sport, Springreiter-WM in Aachen, Aachen, Pferdesport, Profisport, Weltmeisterschaft;2026-08-21T23:31:08+02:00;2026-08-21T23:31:08+02:00;htg;DIE ZEIT,        dpa,        SID,        							htg;false
264da0780dff7c43cb0cd148666026c72c4ea950a6f86747ebbcf9df97cc8821;Rostock ohne Chance: Neuer Stuttgart-Stürmer trifft dreimal;https://www.zeit.de/news/2026-08/21/rostock-ohne-chance-neuer-stuttgart-stuermer-trifft-drei-mal;Hier finden Sie Informationen zu dem Thema „DFB-Pokal“. Lesen Sie jetzt „Rostock ohne Chance: Neuer Stuttgart-Stürmer trifft dreimal“.;DFB-Pokal;News, DFB-Pokal, Sebastian Hoeneß, Leon Dajaku, Rostock, Tiago, Stuttgart, FC Hansa, Deutscher Fußball-Bund, Hansa Rostock, VfB Stuttgart, VfL Wolfsburg;2026-08-21T22:59:29+02:00;2026-08-21T22:59:29+02:00;;dpa Mecklenburg-Vorpommern;false
44799998c4602de5d685d6693aece4db72ccb71d7865a1af5722db8adc7b402c;4:0 in Rostock: Neuer Stuttgart-Stürmer trifft dreimal;https://www.zeit.de/news/2026-08/21/4-0-in-rostock-neuer-stuttgart-stuermer-trifft-drei-mal;Hier finden Sie Informationen zu dem Thema „DFB-Pokal“. Lesen Sie jetzt „4:0 in Rostock: Neuer Stuttgart-Stürmer trifft dreimal“.;DFB-Pokal;News, DFB-Pokal, Sebastian Hoeneß, Leon Dajaku, Rostock, Tiago, Stuttgart, FC Hansa, Deutscher Fußball-Bund, VfB Stuttgart, VfL Wolfsburg, Hansa Rostock;2026-08-21T22:48:04+02:00;2026-08-21T22:48:04+02:00;;dpa Baden-Württemberg;false
9ce79a86e5038b0f21254116db378a3addf424a7e697be9fbe9150ad5988b398;Knallgeräusche gemeldet - Polizeieinsatz im Hunsrück beendet;https://www.zeit.de/news/2026-08/21/knallgeraeusche-gemeldet-polizeieinsatz-im-hunsrueck;Hier finden Sie Informationen zu dem Thema „Notfälle“. Lesen Sie jetzt „Knallgeräusche gemeldet - Polizeieinsatz im Hunsrück beendet“.;Notfälle;News, Notfälle, Hunsrück, Polizei, Knallgeräusch, Polizeieinsatz, Berglicht, Notfall;2026-08-21T22:45:10+02:00;2026-08-21T22:45:10+02:00;;dpa Rheinland-Pfalz/Saarland;false
fd01d4b16cd24434496a7a556f5769e68141d1a16fd3e9d74a0390d8d4620f60;Feier unter Flutlicht: Springreiter bejubeln Gold;https://www.zeit.de/news/2026-08/21/feier-unter-flutlicht-springreiter-bejubeln-gold;Hier finden Sie Informationen zu dem Thema „Reit-WM in Aachen“. Lesen Sie jetzt „Feier unter Flutlicht: Springreiter bejubeln Gold“.;Reit-WM in Aachen;News, Reit-WM in Aachen, Otto Becker, Daniel Deußer, Richard Vogel, Sophie Hinners, Marcus Ehning, Belgien, Lexington, Kentucky, Aachen, Flutlicht;2026-08-21T22:34:43+02:00;2026-08-21T22:34:43+02:00;;dpa Sport;false
10ab06425d7fe51cc8b86343af794848fe594936935bb2c2f3d4b28330baf4e8;Oberster Gerichtshof erlaubt vorerst Weiterbau von Trumps Ballsaal;https://www.zeit.de/politik/ausland/2026-08/ballsaal-weisses-haus-donald-trump-baustopp-john-roberts;Der neue Ballsaal am Weißen Haus bleibt ein Streitpunkt. Nach einem gerichtlich verordneten Baustopp vor zwei Wochen darf vorerst doch weitergebaut werden.;Weißes Haus;Politik, Weißes Haus, Donald Trump, Denkmalschutz, USA, Oberster Gerichtshof, Washington;2026-08-21T22:31:01+02:00;2026-08-21T22:31:01+02:00;mga;DIE ZEIT,        AP,        dpa,        Reuters,        							mga;false
00863fdfd9830712650e93d57c759456bf8c0fd41db84ce5510321a9c10441b9;Deutsche Basketballer im Supercup-Finale;https://www.zeit.de/news/2026-08/21/deutsche-basketballer-im-supercup-finale;Hier finden Sie Informationen zu dem Thema „Sieg gegen Tschechien“. Lesen Sie jetzt „Deutsche Basketballer im Supercup-Finale“.;Sieg gegen Tschechien;News, Sieg gegen Tschechien, Dennis Schröder, Johannes Thiemann, Alex Mumbrú, Tschechien, Hamburg, NBA, Supercup, Halbfinale, Finale, Endspiel;2026-08-21T22:24:29+02:00;2026-08-21T22:24:29+02:00;;dpa Hamburg/Schleswig-Holstein;false
c7116e440771eb41fed4d130f3fd934f86cf3c206da808098c060ef030603210;Zwei Tote bei Frontalzusammenstoß im Landkreis Fürth;https://www.zeit.de/news/2026-08/21/zwei-tote-bei-frontalzusammenstoss-im-landkreis-fuerth;Hier finden Sie Informationen zu dem Thema „Unfälle“. Lesen Sie jetzt „Zwei Tote bei Frontalzusammenstoß im Landkreis Fürth“.;Unfälle;News, Unfälle, Landkreis Fürth, Frontalzusammenstoß, Unfall, Gegenfahrbahn, Auto;2026-08-21T22:12:55+02:00;2026-08-21T22:12:55+02:00;;dpa Bayern;false
13d5c0855e41ddc168c0dfe16ddc6ccdfe258e0e173c6c85d27128cdcbbf8783;Russland greift Einkaufszentrum in Ukraine an: Viele Tote;https://www.zeit.de/news/2026-08/21/russland-greift-einkaufszentrum-in-ukraine-an-viele-opfer;Hier finden Sie Informationen zu dem Thema „Ukraine-Krieg“. Lesen Sie jetzt „Russland greift Einkaufszentrum in Ukraine an: Viele Tote“.;Ukraine-Krieg;News, Ukraine-Krieg, Wolodymyr Selenskyj, Russland, Krywyj, Dnjepropetrowsk, Einkaufszentrum, Drohnenangriff, Krieg in der Ukraine, Drohne, Militär;2026-08-21T22:08:20+02:00;2026-08-21T22:08:20+02:00;;dpa;false
2bf7dc0b81d29d751ea735a108daf0ec0a878a81d99c538f9e578aee3a59dd93;Platzsturm beim hitzigen Derby: FCK schaltet Waldhof aus;https://www.zeit.de/news/2026-08/21/aufgeladenes-suedwest-derby-pokal-duell-unterbrochen;Hier finden Sie Informationen zu dem Thema „DFB-Pokal“. Lesen Sie jetzt „Platzsturm beim hitzigen Derby: FCK schaltet Waldhof aus“.;DFB-Pokal;News, DFB-Pokal, Deutscher Fußball-Bund, SV Waldhof Mannheim;2026-08-21T22:04:58+02:00;2026-08-21T22:04:58+02:00;;dpa Baden-Württemberg;false
bd9905948017110ebcef34951c5c7c847d21fb9d227768e5b88c0db3fab51e23;Ein Toter: Schwert-Attacke an Schule schockt Schweden;https://www.zeit.de/news/2026-08/21/schwert-angriff-mehrere-verletzte-an-schwedischer-schule;Hier finden Sie Informationen zu dem Thema „Angriff kurz nach Sommerferien“. Lesen Sie jetzt „Ein Toter: Schwert-Attacke an Schule schockt Schweden“.;Angriff kurz nach Sommerferien;News, Angriff kurz nach Sommerferien, Schweden;2026-08-21T21:57:06+02:00;2026-08-21T21:57:06+02:00;;dpa;false
86959aa0b18944b2e87ca98ade69e7cb0b080deee2242f946e42a2d1607de1a4;Viele Tote bei russischem Angriff auf Einkaufszentrum in der Ukraine;https://www.zeit.de/politik/ausland/2026-08/krywyj-rih-drohnenangriff-einkaufszentrum-ukraine-wolodymyr-selenskyj;Offenbar in zwei Wellen hat Russland eine Shoppingmall in Krywyj Rih attackiert. Der zweite Angriff richtete sich laut Wolodymyr Selenskyj gezielt gegen Rettungskräfte.;Krieg gegen die Ukraine;Politik, Krieg gegen die Ukraine, Krieg in der Ukraine, Wolodymyr Selenskyj, Drohnenangriff, Drohne, Militär;2026-08-21T21:36:22+02:00;2026-08-21T21:36:22+02:00;mgaisd;DIE ZEIT,        AFP,        dpa,        Reuters,        							mga					,        							isd;false
224984c406e514be43dfffdd93950789b7827a31777a6821c825478d572b4721;Ein Mensch bei Schwertangriff an schwedischer Schule getötet;https://www.zeit.de/politik/ausland/2026-08/schwert-angriff-schule-schweden-fagersta;In Schweden sind in einer Schule mehrere Menschen mit einem Schwert attackiert worden. Der Verdächtige wurde von der Polizei wohl mit einem Schuss ins Bein gestoppt.;Schweden;Politik, Schweden, Schweden, Polizei, Schule, Anschlag;2026-08-21T21:29:47+02:00;2026-08-21T21:29:47+02:00;thorbdamga;DIE ZEIT,        AFP,        dpa,        Reuters,        							thor					,        							bda					,        							mga;false
7a1d65e4d0b1b3a03b1e849423ab747e0266543ffc796ed66644771d186da909;Gericht erlaubt vorläufig Weiterbau von Trumps Ballsaal;https://www.zeit.de/news/2026-08/21/gericht-erlaubt-vorlaeufig-weiterbau-von-trumps-ballsaal;Hier finden Sie Informationen zu dem Thema „Weißes Haus“. Lesen Sie jetzt „Gericht erlaubt vorläufig Weiterbau von Trumps Ballsaal“.;Weißes Haus;News, Weißes Haus, Donald Trump, John Roberts, USA, Weißes Haus, Ballsaal, Weiterbau, Oberster Gerichtshof;2026-08-21T21:15:33+02:00;2026-08-21T21:15:33+02:00;;dpa;false
781ade28f1db1c1e8bdb3f3afdaafb3f31cc48fa08e39da41d604e2809c3aa42;Auch Merkel dabei: Berliner Philharmoniker eröffnen Saison;https://www.zeit.de/news/2026-08/21/auch-merkel-dabei-berliner-philharmoniker-eroeffnen-saison;Hier finden Sie Informationen zu dem Thema „Klassische Musik“. Lesen Sie jetzt „Auch Merkel dabei: Berliner Philharmoniker eröffnen Saison“.;Klassische Musik;News, Klassische Musik, Angela Merkel, Berlin, Berliner Philharmoniker, CDU, Saisoneröffnung;2026-08-21T20:48:19+02:00;2026-08-21T20:48:19+02:00;;dpa Berlin/Brandenburg;false
d5e794d6be08e965860ce286e9447344f46d11e3a64d902fdd93d90e03c49de3;Bulle auf Koppel enthauptet - Polizei ermittelt;https://www.zeit.de/news/2026-08/21/bulle-auf-koppel-enthauptet-polizei-ermittelt;Hier finden Sie Informationen zu dem Thema „Landkreis Rostock“. Lesen Sie jetzt „Bulle auf Koppel enthauptet - Polizei ermittelt“.;Landkreis Rostock;News, Landkreis Rostock, Volkenshagen, Landkreis Rostock, Polizei, Kripo;2026-08-21T20:45:25+02:00;2026-08-21T20:45:25+02:00;;dpa Mecklenburg-Vorpommern;false
63ae08c06b31d8d32ea6ca33febc741139c7d4e57be79a55ef364665ddba513f;Elektroschrott-Feuer löst Großbrand aus;https://www.zeit.de/news/2026-08/21/elektroschrott-feuer-loest-grossbrand-aus;Hier finden Sie Informationen zu dem Thema „Großeinsatz“. Lesen Sie jetzt „Elektroschrott-Feuer löst Großbrand aus“.;Großeinsatz;News, Großeinsatz, Bergheim, Köln, Mönchengladbach, Feuerwehr, Großbrand, Gewerbegebiet, Rauchentwicklung, Elektroschrott, Großeinsatz;2026-08-21T20:40:51+02:00;2026-08-21T20:40:51+02:00;;dpa Nordrhein-Westfalen;false
eac717fd6dfab2fe230f464317b6a12e3c824b3f14f9213ac4e9bb90af347824;Lkw-Sonntagsfahrverbot bleibt bis Ende September ausgesetzt;https://www.zeit.de/news/2026-08/21/lkw-sonntagsfahrverbot-bleibt-bis-ende-september-ausgesetzt;Hier finden Sie Informationen zu dem Thema „Extremes Niedrigwasser“. Lesen Sie jetzt „Lkw-Sonntagsfahrverbot bleibt bis Ende September ausgesetzt“.;Extremes Niedrigwasser;News, Extremes Niedrigwasser, NRW, Verkehrsministerium, Rheinische Post, Niedrigwasser, Sonntagsfahrverbot;2026-08-21T20:34:31+02:00;2026-08-21T20:34:31+02:00;;dpa Nordrhein-Westfalen;false
e412ba36706e592c8988920f3be1c05a44e9ef19beed4977f408230f77bb5645;Waldbrände in Griechenland und Spanien treiben Hunderte in die Flucht;https://www.zeit.de/gesellschaft/zeitgeschehen/2026-08/waldbrand-limnos-griechenland-urlauber-evakuierung;An einen Ort in der spanischen Region Valencia rückt ein Waldbrand heran, auch auf einer griechischen Insel brennt es. Hunderte Menschen werden in Sicherheit gebracht. ;Waldbrand auf Limnos;Gesellschaft, Waldbrand auf Limnos, Waldbrand, Evakuierung, Brand, Feuerwehr, Spanien, Valencia, Griechenland;2026-08-21T20:30:36+02:00;2026-08-21T20:30:36+02:00;bda;DIE ZEIT,        AFP,        dpa,        							bda;false
0e816bfb6a5a0f208f2a7d863d0effeb952c44c3e3afc702f738bbe63f487b41;Deutschland und weitere Länder beraten in Ruanda über Abschiebezentren;https://www.zeit.de/politik/ausland/2026-08/abschiebezentren-ruanda-eu-deutschland-asyl-return-hubs;Deutschland, Österreich und drei weitere EU-Staaten beraten einem Bericht zufolge über Abschiebezentren im Ausland. Kommende Woche soll ein Treffen in Ruanda stattfinden.;Abschiebezentren in Ruanda;Politik, Abschiebezentren in Ruanda, Ruanda, Asyl, Abschiebung, Europäische Union, Bundesregierung;2026-08-21T20:24:50+02:00;2026-08-21T20:24:50+02:00;mga;DIE ZEIT,        AFP,        							mga;false
9d577d49d9f0f864c9632c1ba883720cf69d28ffb44eee3be03eafae3cefb8d7;Signal der Stärke: Bayerns Fußballerinnen siegen bei Union;https://www.zeit.de/news/2026-08/21/signal-der-staerke-bayerns-fussballerinnen-siegen-bei-union;Hier finden Sie Informationen zu dem Thema „Fußball“. Lesen Sie jetzt „Signal der Stärke: Bayerns Fußballerinnen siegen bei Union“.;Fußball;News, Fußball, Klara Bühl, Pernille Harder, Tomke Schneider, Bayern, FC Bayern München, 1. FC Union Berlin, VfL Wolfsburg, Fußball-Bundesliga, Supercup, Saisonstart;2026-08-21T20:17:51+02:00;2026-08-21T20:17:51+02:00;;dpa Bayern;false
621e6ba1311686a13aa45a212c6ed18493a98e1c10e9265d7210d7c50f8e9be1;Autofahrer verunglückt auf B5 und stirbt;https://www.zeit.de/news/2026-08/21/autofahrer-verunglueckt-auf-b5-und-stirbt;Hier finden Sie Informationen zu dem Thema „Notfälle“. Lesen Sie jetzt „Autofahrer verunglückt auf B5 und stirbt“.;Notfälle;News, Notfälle, Nordfriesland, Notfall, Bundesstraße;2026-08-21T20:15:38+02:00;2026-08-21T20:15:38+02:00;;dpa Hamburg/Schleswig-Holstein;false
e13c8955aba250971585b0cba1d33b4289cc9bae16e494e42ad2b20c3be4499f;Die roten Linien sind überschritten;https://www.zeit.de/politik/2026-08/israelpolitik-cdu-sanktionen-politiker-bundesregierung;Lange verhinderte die Bundesregierung EU-Sanktionen gegen rechtsextreme israelische Minister. Nun fordern erste Unionspolitiker einen Kurswechsel.;"Z+ (abopflichtiger Inhalt);
        
    Israelpolitik der CDU";Politik, Israelpolitik der CDU, Bundesregierung, CDU, Israel, Sanktion;2026-08-21T20:15:26+02:00;2026-08-21T20:15:26+02:00;Alice Bota;;false
e9bf39e64ca7f94e6441a5b4f42a7c75b4cc661927b2d407e0bb96eb4f91aa77;Sie haben den Falschen;https://www.zeit.de/2026/36/personenverwechslung-us-hinweis-kindesmissbrauch-polizei-ermittlung;Er arbeitet in höchsten Sicherheitskreisen, als Ermittler im Zusammenhang mit Kindesmissbrauch auf seinen Namen stoßen. Ein Albtraum, der jeden heimsuchen könnte.;"Z+ (abopflichtiger Inhalt);
        
    Personenverwechslung durch US-Hinweis";Gesellschaft, Personenverwechslung durch US-Hinweis, Ermittlung, Polizei, Kindesmissbrauch, Sexueller Missbrauch, Frank Ullrich, USA;2026-08-21T20:12:51+02:00;2026-08-21T20:12:51+02:00;Karsten Polke-Majewski;Aus der        ZEIT Nr. 36/2026;false
9f9e022e4094a4fe5a57e5938fd1a50db3ce382ab21125d56e0727a0943be217;Spiel gedreht: Karlsruhe schlägt Münster im DFB-Pokal;https://www.zeit.de/news/2026-08/21/spiel-gedreht-karlsruhe-schlaegt-muenster-im-dfb-pokal;Hier finden Sie Informationen zu dem Thema „DFB-Pokal 1. Runde“. Lesen Sie jetzt „Spiel gedreht: Karlsruhe schlägt Münster im DFB-Pokal“.;DFB-Pokal 1. Runde;News, DFB-Pokal 1. Runde, Maximilian Senft, Sebastian Jung, Karlsruhe, Preußen, Münster, Preußenstadion, Deutscher Fußball-Bund, Karlsruher SC, SC Preußen 06 e.V. Münster;2026-08-21T20:04:34+02:00;2026-08-21T20:04:34+02:00;;dpa Baden-Württemberg;false
0cc0a4f879c5a98b114739d5b6148837e2a1022942b85f170ce0c246980c2c1b;Annalena Baerbocks Umfeld weist Kritik Russlands und der USA zurück;https://www.zeit.de/politik/ausland/2026-08/annalena-baerbock-un-generalversammlung-praesidentin-antonio-guterres;Die UN-Botschafter Russlands und der USA hatten Annalena Baerbock eine Kompetenzüberschreitung vorgeworfen. Laut Auswärtigem Amt macht die Ex-Ministerin nur ihre Arbeit.;Präsidentin der UN-Generalversammlung;Politik, Präsidentin der UN-Generalversammlung, Annalena Baerbock, Vereinte Nationen, Antonio Guterres, USA, Russland, Sicherheitsrat der Vereinten Nationen;2026-08-21T19:58:04+02:00;2026-08-21T19:58:04+02:00;voi;DIE ZEIT,        Reuters,        dpa,        							voi;false
e92388ac8f0aba90c4054eec0e148b0ef21a534517e0171b86f7d21f17e44f72;11:0: Frankfurt überrollt St. Tönis mit Rekordsieg;https://www.zeit.de/news/2026-08/21/11-0-frankfurt-ueberrollt-st-toenis-mit-rekordsieg;Hier finden Sie Informationen zu dem Thema „DFB-Pokal“. Lesen Sie jetzt „11:0: Frankfurt überrollt St. Tönis mit Rekordsieg“.;DFB-Pokal;News, DFB-Pokal, Adi Hütter, Jonathan Burkardt, Robin Koch, Frankfurt, St. Tönis, Krefeld, Hessen, Deutscher Fußball-Bund, Eintracht Frankfurt, Pflichtspiel;2026-08-21T19:55:44+02:00;2026-08-21T19:55:44+02:00;;dpa Hessen;false
fd7867289cf3af98f747c8677529d4a78a300bfabf6191e9601c4e2cd0294703;Türkei beantragt internationale Fahndung nach Benjamin Netanjahu;https://www.zeit.de/politik/ausland/2026-08/tuerkei-haftbefehl-benjamin-netanjahu-gaza-hilfsflotte;Die Türkei beantragt bei Interpol eine »Red Notice« und bittet um Fahndung nach Israels Regierungschef. Hintergrund ist der Umgang mit der sogenannten Gaza-Hilfsflotte.;Gaza-Hilfsflotte;Politik, Gaza-Hilfsflotte, Türkei, Haftbefehl, Benjamin Netanjahu, Gazastreifen, Syrien;2026-08-21T19:53:26+02:00;2026-08-21T19:53:26+02:00;mga;DIE ZEIT,        AFP,        AP,        dpa,        Reuters,        							mga;false
46ae0120dc67684ebdffe900545d0df57238a95251f4ea52892d07c48b085f7a;Mehrere Schwerverletzte bei Kollision nahe Weyhausen;https://www.zeit.de/news/2026-08/21/mehrere-schwerverletzte-bei-kollision-nahe-weyhausen;Hier finden Sie Informationen zu dem Thema „Unfall“. Lesen Sie jetzt „Mehrere Schwerverletzte bei Kollision nahe Weyhausen“.;Unfall;News, Unfall, Weyhausen, Gifhorn, Feuerwehr, Kollision, Auto;2026-08-21T19:43:41+02:00;2026-08-21T19:43:41+02:00;;dpa Niedersachsen;false
daa7efef22f7d633dbac8dd8f06929639b1a5fcb04e11e4d0832050e90c8d856;Evakuierung Hunderter Menschen in Spanien wegen Waldbrandes;https://www.zeit.de/news/2026-08/21/evakuierung-hunderter-menschen-in-spanien-wegen-waldbrandes;Hier finden Sie Informationen zu dem Thema „Blitz löst Waldbrand aus“. Lesen Sie jetzt „Evakuierung Hunderter Menschen in Spanien wegen Waldbrandes“.;Blitz löst Waldbrand aus;News, Blitz löst Waldbrand aus, Spanien, Gátova, Waldbrand, Hunderter, Evakuierung;2026-08-21T19:43:27+02:00;2026-08-21T19:43:27+02:00;;dpa;false
f03e145d44f1636362443b8ffa96b61cd689c96e3893bb48e3abd398c2805449;Schulze: Debatte um Brandmauer nicht hilfreich im Wahlkampf;https://www.zeit.de/news/2026-08/21/schulze-debatte-um-brandmauer-nicht-hilfreich-im-wahlkampf;Hier finden Sie Informationen zu dem Thema „Landtagswahl Sachsen-Anhalt“. Lesen Sie jetzt „Schulze: Debatte um Brandmauer nicht hilfreich im Wahlkampf“.;Landtagswahl Sachsen-Anhalt;News, Landtagswahl Sachsen-Anhalt, Sven Schulze, Sachsen-Anhalt, CDU, Alternative für Deutschland, Landtagswahl, Brandmauer, Wahlkampf, Podcast;2026-08-21T19:36:18+02:00;2026-08-21T19:36:18+02:00;;dpa Sachsen;false
301d7170c3bf4b4cd1b4aee36d408c4a827ed53409c01de27634a4a260de9f76;Ukraine: Opferzahl steigt nach russischem Angriff auf 14;https://www.zeit.de/news/2026-08/21/ukraine-opferzahl-steigt-nach-russischem-angriff-auf-14;Hier finden Sie Informationen zu dem Thema „Konflikte“. Lesen Sie jetzt „Ukraine: Opferzahl steigt nach russischem Angriff auf 14“.;Konflikte;News, Konflikte, Krywyj, Opferzahl, Drohnenangriff, Angriff, Krieg in der Ukraine;2026-08-21T19:20:09+02:00;2026-08-21T19:20:09+02:00;;dpa;false
f326de955cc3e3841b74fc42b12d3e6ed3821bbc28618843b324da42e9cd5007;Versteckt sich hier der russische Geheimdienst?;https://www.zeit.de/politik/2026-08/russischer-geheimdienst-frankreich-innenministerium-verdacht-kulturzentrum;Die Bundesregierung zahlt jährlich 70.000 Euro für ein Haus in Berlin, das russischen Agenten als Tarnung dienen soll. Nun könnte es geschlossen werden.;Russischer Geheimdienst;Politik, Russischer Geheimdienst, Russland, Frankreich, Bundesregierung, Spionage, Krieg in der Ukraine, Geheimdienst;2026-08-21T19:19:07+02:00;2026-08-21T19:19:07+02:00;Mariya Martiyenko;;false
2b77e79abb0339ec88fe6c80184e4dacf5ce583375cea05060760bf1daf63ef1;Amthor bezeichnet Siegmund als «Duftkerzenverkäufer»;https://www.zeit.de/news/2026-08/21/amthor-bezeichnet-siegmund-als-duftkerzenverkaeufer;Hier finden Sie Informationen zu dem Thema „Wahlkampf“. Lesen Sie jetzt „Amthor bezeichnet Siegmund als «Duftkerzenverkäufer»“.;Wahlkampf;News, Wahlkampf, Philipp Amthor, Ulrich Siegmund, Bitterfeld-Wolfen, Sachsen-Anhalt, CDU, Alternative für Deutschland, Landtagswahl, Wahlkampf, Landtagswahlkampf;2026-08-21T19:18:05+02:00;2026-08-21T19:18:05+02:00;;dpa Sachsen;false
05f5a5861e7d52756bbca2f9a1fda2cc044112c30df3c707ff9b9b1b55c07242;Back-Influencerin Sally Özcan verrät Baby-Geschlecht;https://www.zeit.de/news/2026-08/21/back-influencerin-sally-oezcan-verraet-baby-geschlecht;Hier finden Sie Informationen zu dem Thema „«Unser Baby ist ein...»“. Lesen Sie jetzt „Back-Influencerin Sally Özcan verrät Baby-Geschlecht“.;«Unser Baby ist ein...»;News, «Unser Baby ist ein...», Instagram, TikTok, Cupcake;2026-08-21T19:17:40+02:00;2026-08-21T19:17:40+02:00;;dpa Baden-Württemberg;false
d1a71ab72f8646f15abea4ee5c9714d9a9303d21c420a8f4edcf1dd6a38ec4a8;Sven Schulze sieht Brandmauer-Debatte als Belastung für den Wahlkampf;https://www.zeit.de/politik/deutschland/2026-08/sven-schulze-cdu-brandmauer-afd-sachsen-anhalt;Sachsen-Anhalts Ministerpräsident Sven Schulze kritisiert die parteiinterne Debatte über die Abgrenzung zur AfD. Er selbst benutze das Wort »Brandmauer« nicht.;Landtagswahl in Sachsen-Anhalt;Politik, Landtagswahl in Sachsen-Anhalt, Sven Schulze, Sachsen-Anhalt, CDU, Alternative für Deutschland, Wahlkampf, Landtagswahl;2026-08-21T19:05:13+02:00;2026-08-21T19:05:13+02:00;voi;DIE ZEIT,        AFP,        							voi;false
b7589b3a618cafd5084de3514762d903f153599f04aee8a9ab4be0ce357264ef;Stark verweste Leichen in Siegener Wohnung entdeckt;https://www.zeit.de/news/2026-08/21/stark-verweste-leichen-in-siegener-wohnung-entdeckt;Hier finden Sie Informationen zu dem Thema „Grausiger Fund“. Lesen Sie jetzt „Stark verweste Leichen in Siegener Wohnung entdeckt“.;Grausiger Fund;News, Grausiger Fund, Polizei;2026-08-21T19:00:41+02:00;2026-08-21T19:00:41+02:00;;dpa Nordrhein-Westfalen;false
a24743634551c2aad3d87172bbad7872eb5e10111c30100ea95395e2f540f015;Gefährlicher Trend: Polizei warnt vor Fake-Notrufen;https://www.zeit.de/news/2026-08/21/gefaehrlicher-trend-polizei-warnt-vor-fake-notrufen;Hier finden Sie Informationen zu dem Thema „Kriminalität“. Lesen Sie jetzt „Gefährlicher Trend: Polizei warnt vor Fake-Notrufen“.;Kriminalität;News, Kriminalität, Main-Kinzig, Polizei, Polizeipräsidium, Notruf, Straftat;2026-08-21T19:00:03+02:00;2026-08-21T19:00:03+02:00;;dpa Hessen;false
068331a4f6aee702fb8e1291bf325c8f41b359ec6b9691a2ab8316ddde2e9f90;»Für manche Kinder ist das hier die beste Zeit ihres Lebens«;https://www.zeit.de/zeit-magazin/leben/2026-08/mutter-gefaengnis-kind-geburt-haft;In der JVA Frankfurt gibt es eine Abteilung für Mütter und ihre Kinder. Zu Besuch bei einer jungen Frau, die wegen Betrugs in Haft muss. Und dort ihr zweites Kind gebärt.;"Z+ (abopflichtiger Inhalt);
        
    Mutter im Gefängnis";Mütter, Gefängnis, Familie, Kinder, Geburt, Kindererziehung;2026-08-21T18:52:15+02:00;2026-08-21T18:52:15+02:00;Paula Kühn;;false
16e25386cab0d989913775bd20f536bd5d03d3c8030ace7a0ab12a3702741944;Rennradfahrer verursacht Unfall und flüchtet;https://www.zeit.de/news/2026-08/21/rennradfahrer-verursacht-unfall-und-fluechtet;Hier finden Sie Informationen zu dem Thema „Autofahrerin schwer verletzt“. Lesen Sie jetzt „Rennradfahrer verursacht Unfall und flüchtet“.;Autofahrerin schwer verletzt;News, Autofahrerin schwer verletzt, Wolgast, Groß Ernsthof, Ernsthof, Landkreis Vorpommern-Greifswald, Polizei, Unfall;2026-08-21T18:46:55+02:00;2026-08-21T18:46:55+02:00;;dpa Mecklenburg-Vorpommern;false
76fe05bcbc5beb1fc96c7d73e0b4bab761497a5ab5e85cf2e24f3dedddbaa58b;Merkur-Gründer Gauselmann ist tot;https://www.zeit.de/news/2026-08/21/merkur-gruender-gauselmann-ist-tot;Hier finden Sie Informationen zu dem Thema „Glücksspielkonzern“. Lesen Sie jetzt „Merkur-Gründer Gauselmann ist tot“.;Glücksspielkonzern;News, Glücksspielkonzern, Paul Gauselmann, Espelkamp, Zweiter Weltkrieg, Glücksspielkonzern;2026-08-21T18:46:25+02:00;2026-08-21T18:46:25+02:00;;dpa Nordrhein-Westfalen;false
be1e4f145c0e6e1d97de28bc02811edbdd7400bcb477e2240a2e0a9a07899a22;VW-Chef: Lage kritisch - Einsparungen reichen nicht;https://www.zeit.de/news/2026-08/21/vw-chef-blume-die-lage-ist-mehr-als-kritisch;Hier finden Sie Informationen zu dem Thema „Sparmaßnahmen bei Volkswagen“. Lesen Sie jetzt „VW-Chef: Lage kritisch - Einsparungen reichen nicht“.;Sparmaßnahmen bei Volkswagen;News, Sparmaßnahmen bei Volkswagen, Oliver Blume, Europa, VW, Volkswagen, Betriebsversammlung, Sparmaßnahme;2026-08-21T18:44:21+02:00;2026-08-21T18:44:21+02:00;;dpa;false
556b837bfcb9f1fbfe1548353c58728e512116dd9e90e6ef981b41a3d405095f;Berliner Polizei: Frauenleiche in Gebüsch entdeckt;https://www.zeit.de/news/2026-08/21/berliner-polizei-frauenleiche-in-gebuesch-entdeckt;Hier finden Sie Informationen zu dem Thema „Grausamer Fund“. Lesen Sie jetzt „Berliner Polizei: Frauenleiche in Gebüsch entdeckt“.;Grausamer Fund;News, Grausamer Fund, Berlin, Polizei, Gebüsch;2026-08-21T18:27:44+02:00;2026-08-21T18:27:44+02:00;;dpa Berlin/Brandenburg;false
7468afb72e533050abe1591f725c26e2b9cc90b9db37aa4db8228bfc039bc86c;St. Pauli leiht Robatsch an belgischen Erstligisten aus;https://www.zeit.de/news/2026-08/21/st-pauli-leiht-robatsch-an-belgischen-erstligisten-aus;Hier finden Sie Informationen zu dem Thema „DFB-Pokal“. Lesen Sie jetzt „St. Pauli leiht Robatsch an belgischen Erstligisten aus“.;DFB-Pokal;News, DFB-Pokal, Jannik Robatsch, St. Pauli, SK Beveren, Deutscher Fußball-Bund, FC St. Pauli;2026-08-21T18:19:51+02:00;2026-08-21T18:19:51+02:00;;dpa Hamburg/Schleswig-Holstein;false
0f34ae4d7d1f57b485ebb1fe6fe2f60a432e9ab435b478e123cfad8d761a3b7a;Kanzler besucht nach Urlaub zuerst Waldbrandgebiet;https://www.zeit.de/news/2026-08/21/kanzler-besucht-nach-urlaub-zuerst-waldbrandgebiet;Hier finden Sie Informationen zu dem Thema „Hitzewelle“. Lesen Sie jetzt „Kanzler besucht nach Urlaub zuerst Waldbrandgebiet“.;Hitzewelle;News, Hitzewelle, Friedrich Merz, Eifel, Hürtgenwald, Nordrhein-Westfalen, CDU, Waldbrandgebiet, Sommerurlaub, Einsatzkraft, Hitzewelle, Sommer;2026-08-21T18:12:00+02:00;2026-08-21T18:12:00+02:00;;dpa Nordrhein-Westfalen;false
25e677abd7789a289e92c714799fcbbefc1079c2451586ad9ee6f7bcaa846294;A8 für Stunden nach Lasterunfall gesperrt;https://www.zeit.de/news/2026-08/21/a8-fuer-stunden-nach-lasterunfall-gesperrt;Hier finden Sie Informationen zu dem Thema „Unfall mit Folgen“. Lesen Sie jetzt „A8 für Stunden nach Lasterunfall gesperrt“.;Unfall mit Folgen;News, Unfall mit Folgen, Irschenberg, Lasterunfall, Unfall, Sperrung;2026-08-21T18:09:50+02:00;2026-08-21T18:09:50+02:00;;dpa Bayern;false
706ebbce1c9a240aa19101f8907e5c6fce5385ad7425016c7865fd9e6c10a1a9;»Ich sehe die Person und so Aura und zack, dann bin ich verliebt«;https://www.zeit.de/zeit-magazin/leben/2026-08/liebe-junges-erwachsenenalter-zwanzigjaehrige-beziehungen-sex;Wir haben 20 Zwanzigjährige gefragt: Wie denkt ihr über die Liebe? Was habt ihr bisher über sie gelernt? Und was wollt ihr anders machen als eure Eltern?;"Z+ (abopflichtiger Inhalt);
        
    Liebe im jungen Erwachsenenalter";Liebe, Erwachsene, Teenager, Dating;2026-08-21T18:07:21+02:00;2026-08-21T18:07:21+02:00;Carlo Mariani;;false
46b69a1686712c9088d9a10f6a01485fde02c87b349b05c20ad3ceed6a3076a0;Nationalspieler Stachowiak will über Schweden wieder in NHL;https://www.zeit.de/news/2026-08/21/nationalspieler-stachowiak-will-ueber-schweden-wieder-in-nhl;Hier finden Sie Informationen zu dem Thema „Eishockey“. Lesen Sie jetzt „Nationalspieler Stachowiak will über Schweden wieder in NHL“.;Eishockey;News, Eishockey, Wojciech Stachowiak, Ingolstadt, Örebro, NHL, ERC Ingolstadt, DEL, Tampa Bay Lightning, Eishockey;2026-08-21T18:05:22+02:00;2026-08-21T18:05:22+02:00;;dpa Bayern;false
aaabf09946cda6a38fcb21414bf85f2676f3fe9c86382e18cc5e72e9586279ca;Und wenn man Sachsen-Anhalt die Gelder streicht?;https://www.zeit.de/politik/deutschland/2026-08/laenderfinanzausgleich-sachsen-anhalt-afd-danyal-bayaz;Falls in Magdeburg demnächst die AfD regiert, dann stoppen wir den Länderfinanzausgleich: Der Vorschlag wird gerade ernsthaft diskutiert. Auch in der ZEIT-Redaktion.;"Z+ (abopflichtiger Inhalt);
        
    Länderfinanzausgleich und AfD";Politik, Länderfinanzausgleich und AfD, Sachsen-Anhalt, Alternative für Deutschland, Steuer;2026-08-21T18:05:11+02:00;2026-08-21T18:05:11+02:00;Dr. Eva Ricarda LautschFerdinand Otto;;false
4fe606bfaf4c9c6340254f22077d4cc16f12e27d8befa0f1e9559a7aa8e29914;Gewerkschaft kündigt erneut Streik bei Saarbahn an;https://www.zeit.de/news/2026-08/21/gewerkschaft-kuendigt-erneut-streik-bei-saarbahn-an;Hier finden Sie Informationen zu dem Thema „Arbeitskampf“. Lesen Sie jetzt „Gewerkschaft kündigt erneut Streik bei Saarbahn an“.;Arbeitskampf;News, Arbeitskampf, GDL, Saarbahn, Streik, Tarifstreit;2026-08-21T18:04:20+02:00;2026-08-21T18:04:20+02:00;;dpa Rheinland-Pfalz/Saarland;false
bbe038dfd8066dc62d0046b672eb443da114a3b9f44148e85f29cf030f796a82;D-Tour: Nachwuchssprinter stiehlt Franzose Magnier die Show;https://www.zeit.de/news/2026-08/21/d-tour-nachwuchssprinter-stiehlt-franzose-magnier-die-show;Hier finden Sie Informationen zu dem Thema „Radsport“. Lesen Sie jetzt „D-Tour: Nachwuchssprinter stiehlt Franzose Magnier die Show“.;Radsport;News, Radsport, Paul Magnier, Maximilian Walscheid, Louis Barré, del Toro, Italien, Offenbach an der Queich, Schwäbisch Hall, Bauhaus, Radsport, Etappe;2026-08-21T18:03:16+02:00;2026-08-21T18:03:16+02:00;;dpa Baden-Württemberg;false
99a4d61b649ba3b3acded50f1b5fd3568d5a0e884a32f4e4595390a693c7c045;25. Schwedenfest in Wismar eröffnet - «Fest des Friedens»;https://www.zeit.de/news/2026-08/21/25-schwedenfest-in-wismar-eroeffnet-fest-des-friedens;Hier finden Sie Informationen zu dem Thema „Volksfeste“. Lesen Sie jetzt „25. Schwedenfest in Wismar eröffnet - «Fest des Friedens»“.;Volksfeste;News, Volksfeste, Manuela Schwesig, Wismar, SPD, Schwedenfest, Frieden, Volksfest, Salutschuss;2026-08-21T18:02:13+02:00;2026-08-21T18:02:13+02:00;;dpa Mecklenburg-Vorpommern;false
18b812c382c0e9af95989c1a9b38ec34d6fa64f67f6d4df47de96fe17131e44f;Ersehnter Dauerregen bringt in Bayern Überschwemmungen;https://www.zeit.de/news/2026-08/21/ersehnter-dauerregen-bringt-in-bayern-ueberschwemmungen;Hier finden Sie Informationen zu dem Thema „Endlich regnet es“. Lesen Sie jetzt „Ersehnter Dauerregen bringt in Bayern Überschwemmungen“.;Endlich regnet es;News, Endlich regnet es, Bayern, Dauerregen, Unterführung, Überschwemmung;2026-08-21T18:00:16+02:00;2026-08-21T18:00:16+02:00;;dpa Bayern;false
a0a78660801e977ad205207d9e1ea9adf977e7e8058f1187d2baf242d5e15b0f;Hunde dürfen wieder in Berliner Freibädern planschen;https://www.zeit.de/news/2026-08/21/hunde-duerfen-wieder-in-berliner-freibaedern-planschen;Hier finden Sie Informationen zu dem Thema „In drei Bädern“. Lesen Sie jetzt „Hunde dürfen wieder in Berliner Freibädern planschen“.;In drei Bädern;News, In drei Bädern, Freibad, Hundeschwimmen, Sommersaison, Tiere;2026-08-21T17:52:00+02:00;2026-08-21T17:52:00+02:00;;dpa Berlin/Brandenburg;false
9410d3221c2cd88e76822494e794f9d129590213576fd794a63c86651930ee2b;Weihnachtsbaum vor Kita: Urteil gegen Gärtner rechtskräftig;https://www.zeit.de/news/2026-08/21/weihnachtsbaum-vor-kita-urteil-gegen-gaertner-rechtskraeftig;Hier finden Sie Informationen zu dem Thema „Hausfriedensbruch“. Lesen Sie jetzt „Weihnachtsbaum vor Kita: Urteil gegen Gärtner rechtskräftig“.;Hausfriedensbruch;News, Hausfriedensbruch, Hamburg, Weihnachtsbaum, Hausfriedensbruch;2026-08-21T17:48:10+02:00;2026-08-21T17:48:10+02:00;;dpa Hamburg/Schleswig-Holstein;false
f3ced7be38d7a64ca35aed20a77ca20f0d6529f0ea89d86c25dd9154ee07e525;Streit eskaliert – Mann mit Messer verletzt;https://www.zeit.de/news/2026-08/21/streit-eskaliert-mann-mit-messer-verletzt;Hier finden Sie Informationen zu dem Thema „Kriminalität“. Lesen Sie jetzt „Streit eskaliert – Mann mit Messer verletzt“.;Kriminalität;News, Kriminalität, Mann, Berlin-Neukölln, Konflikt;2026-08-21T17:43:23+02:00;2026-08-21T17:43:23+02:00;;dpa Berlin/Brandenburg;false
0cd3e827bb427a5ba6afe0afd9465c62b5f93360440b82a933c82de92d1435ae;Lage bei VW laut Konzernchef Oliver Blume »mehr als kritisch«;https://www.zeit.de/wirtschaft/unternehmen/2026-08/vw-konzern-oliver-blume-rendite-sparprogramm-werkschliessungen-christine-benner;Die bisherigen Einsparungen bei VW reichen nach Angaben von Oliver Blume nicht aus. In einem internen Interview bezeichnet er den Konzern als »überdimensioniert«.;Volkswagen;Wirtschaft, Volkswagen, Volkswagen, Autoindustrie, IG Metall, Arbeitsplatz, Oliver Blume, Sparprogramm;2026-08-21T17:30:55+02:00;2026-08-21T17:30:55+02:00;mga;DIE ZEIT,        AFP,        dpa,        Reuters,        							mga;false
ce418c67b4e4f6eae45b8cd2fbaca2b2327164d2586971f111bc7e4aa1d50e0f;Motorradfahrer in Lebensgefahr - Autofahrer flüchtet;https://www.zeit.de/news/2026-08/21/motorradfahrer-in-lebensgefahr-autofahrer-fluechtet;Hier finden Sie Informationen zu dem Thema „Unfälle“. Lesen Sie jetzt „Motorradfahrer in Lebensgefahr - Autofahrer flüchtet“.;Unfälle;News, Unfälle, Ottersberg, Unfall, Lebensgefahr;2026-08-21T17:30:27+02:00;2026-08-21T17:30:27+02:00;;dpa Niedersachsen;false
1f4104b891ccc209278efc53a1a1db8dc15075fc63ecb7b468390b34d867ce89;Prozess verloren: Millionenrechnung für Prinz Harry und Co.;https://www.zeit.de/news/2026-08/21/prozess-verloren-millionenrechnung-fuer-prinz-harry-und-co;Hier finden Sie Informationen zu dem Thema „Klage gegen Daily-Mail-Verlag“. Lesen Sie jetzt „Prozess verloren: Millionenrechnung für Prinz Harry und Co.“.;Klage gegen Daily-Mail-Verlag;News, Klage gegen Daily-Mail-Verlag, Elton John, Prinz Harry, Millionenrechnung;2026-08-21T17:25:25+02:00;2026-08-21T17:25:25+02:00;;dpa;false
18f627d43758d04b8587e47547906a93a4e49cfb1c91d9103cef654d833b6402;Französische Behörden rufen Zehntausende unsichere Kondome zurück;https://www.zeit.de/gesundheit/2026-08/kondome-frankreich-ce-kennzeichnung-gesundheitsrisiko;In Frankreich sind Kondome in Umlauf, die nicht den Standards entsprechen. Die Gesundheitsbehörde ruft betroffene Verbraucher auf, sich auf Krankheiten zu testen.;Verbraucherschutz;Gesundheit, Verbraucherschutz, Frankreich, Kondom, Gesundheitsrisiko;2026-08-21T17:24:32+02:00;2026-08-21T17:24:32+02:00;liw;DIE ZEIT,        dpa,        							liw;false
64256516bc004b82f4c55300768dfa9520a0cb1d3a17b26f5200e5fc2f9f6ec9;Mann wird auf offener Straße angeschossen - schwer verletzt;https://www.zeit.de/news/2026-08/21/mann-wird-auf-offener-strasse-angeschossen-schwer-verletzt;Hier finden Sie Informationen zu dem Thema „Bremen-Woltmershausen“. Lesen Sie jetzt „Mann wird auf offener Straße angeschossen - schwer verletzt“.;Bremen-Woltmershausen;News, Bremen-Woltmershausen, Bremen, Polizei;2026-08-21T17:18:11+02:00;2026-08-21T17:18:11+02:00;;dpa Niedersachsen;false
a34076fc43b7ae5275fe9569137a57cf9d706f9b9f6073038ad20acb2b75dbbe;Rabiater Esel attackiert Mann und Frau in Wohnmobil;https://www.zeit.de/news/2026-08/21/rabiater-esel-attackiert-mann-und-frau-in-wohnmobil;Hier finden Sie Informationen zu dem Thema „Tiere“. Lesen Sie jetzt „Rabiater Esel attackiert Mann und Frau in Wohnmobil“.;Tiere;News, Tiere, Niedersachsen, Landkreis Cuxhaven, Polizei, Wohnmobil, Tiere;2026-08-21T17:15:48+02:00;2026-08-21T17:15:48+02:00;;dpa Niedersachsen;false
fb90e222c631a7027ff76c682f6c99562220fb0360f77b6bbe91c982287fe22c;Auto rast durch Fußgängerzone - Minister spricht von Unfall;https://www.zeit.de/news/2026-08/21/auto-rast-durch-fussgaengerzone-verletzte;Hier finden Sie Informationen zu dem Thema „Zwischenfall in Hofgeismar“. Lesen Sie jetzt „Auto rast durch Fußgängerzone - Minister spricht von Unfall“.;Zwischenfall in Hofgeismar;News, Zwischenfall in Hofgeismar, Hofgeismar, Polizei, Fußgängerzone, Unfall, Hauswand, Auto;2026-08-21T17:15:10+02:00;2026-08-21T17:15:10+02:00;;dpa;false
067526fb6b29ad6ce19e53d03abf6b43c3d3b2bd5d0e22c940f1172c214528cf;Wetterdienst bestätigt Tornado in Rheinland-Pfalz;https://www.zeit.de/news/2026-08/21/wetterdienst-bestaetigt-tornado-in-rheinland-pfalz;Hier finden Sie Informationen zu dem Thema „Unwetter“. Lesen Sie jetzt „Wetterdienst bestätigt Tornado in Rheinland-Pfalz“.;Unwetter;News, Unwetter, Rheinland-Pfalz, DWD, Tornado, Unwetter;2026-08-21T17:14:08+02:00;2026-08-21T17:14:08+02:00;;dpa Rheinland-Pfalz/Saarland;false
0200733466b3596383b7dc9348c17729e83db1a115c55f1b168f12af2559e605;Flucht vor Kontrolle - Ermittlungen wegen versuchter Tötung;https://www.zeit.de/news/2026-08/21/flucht-vor-kontrolle-ermittlungen-wegen-versuchter-toetung;Hier finden Sie Informationen zu dem Thema „Kriminalität“. Lesen Sie jetzt „Flucht vor Kontrolle - Ermittlungen wegen versuchter Tötung“.;Kriminalität;News, Kriminalität, Limburg, Polizei, Staatsanwaltschaft, Verkehrskontrolle, Ermittlung, Tötung, Auto;2026-08-21T17:11:13+02:00;2026-08-21T17:11:13+02:00;;dpa Hessen;false
b73edd4857c2679c66d78cd6d3d74676296fb67335e3aeed04893a579791ed66;Leandro Paredes wegen Ausraster in WM-Finale zehn Spiele gesperrt;https://www.zeit.de/sport/2026-08/fifa-sanktionen-leandro-paredes-argentinien-gavi-wm-finale;Die Tumulte nach dem WM-Finale haben Folgen: Drei argentinische Spieler werden gesperrt, Anführer Leandro Paredes gleich für zehn Partien.;Fifa-Sanktionen;Sport, Fifa-Sanktionen, Fußball-WM, Argentinien, Fifa, Leandro Paredes;2026-08-21T17:08:50+02:00;2026-08-21T17:08:50+02:00;bda;DIE ZEIT,        dpa,        SID,        							bda;false
74b9b6124bf27c9c8955f38b3ef1b7b9b217f6c814f80af5f874598c0fb2a6ef;Weltranglistenerster Jannik Sinner sagt für US Open ab;https://www.zeit.de/sport/2026-08/jannik-sinner-us-open-verletzung-knie-absage;Tennisstar Jannik Sinner muss wegen einer Knieverletzung auf eine Teilnahme bei den US Open verzichten. Er galt als Favorit beim letzten Grand-Slam-Turnier des Jahres.;Tennis;Sport, Tennis, Tennis, US Open, New York, Alexander Zverev, Jannik Sinner;2026-08-21T17:04:09+02:00;2026-08-21T17:04:09+02:00;thor;DIE ZEIT,        dpa,        							thor;false
a20630bb189a5a48fd08457a57b3bd06db799b9a8501ef696638bf13c6bcf4f7;Verkäufer in Leipziger Geschäft mit Messer schwer verletzt;https://www.zeit.de/news/2026-08/21/verkaeufer-in-leipziger-geschaeft-mit-messer-schwer-verletzt;Hier finden Sie Informationen zu dem Thema „Zwei Festnahmen“. Lesen Sie jetzt „Verkäufer in Leipziger Geschäft mit Messer schwer verletzt“.;Zwei Festnahmen;News, Zwei Festnahmen, Leipzig, Staatsanwaltschaft;2026-08-21T17:00:28+02:00;2026-08-21T17:00:28+02:00;;dpa Sachsen;false
3ee79718a0475162d901ea3e10ee341f5de7539b0ab40090ec2a18f0f04deefb;Grüne legen Entwurf für Klimanotfallplan vor;https://www.zeit.de/politik/deutschland/2026-08/hitzeschutz-deutschland-krisenprogramm-duerre-julia-verlinden;Die Grünenfraktion wirft der Bundesregierung gravierende Versäumnisse beim Hitzeschutz vor und hat einen eigenen Notfallplan ausgearbeitet. Er liegt der ZEIT vor.;Hitzeschutz in Deutschland;Politik, Hitzeschutz in Deutschland, Bündnis 90/Die Grünen, Hitzewelle, Hitze, Dürre, Bundesregierung, Krise;2026-08-21T16:58:20+02:00;2026-08-21T16:58:20+02:00;Eric VoigtAnna-Lena Schlitt;;false
2b49245406e675a3139886efa4c684ca3ba8a5beb21535153bf5bf0198b2d6c8;Mann nach Angriff am Dortmunder Bahnhof festgenommen;https://www.zeit.de/news/2026-08/21/mann-nach-angriff-am-dortmunder-bahnhof-festgenommen;Hier finden Sie Informationen zu dem Thema „Kriminalität“. Lesen Sie jetzt „Mann nach Angriff am Dortmunder Bahnhof festgenommen“.;Kriminalität;News, Kriminalität, Mann, Dortmund Hauptbahnhof, Polizei, Staatsanwaltschaft, Angriff, Spezialeinsatzkraft, Totschlag, Bahnhof;2026-08-21T16:54:23+02:00;2026-08-21T16:54:23+02:00;;dpa Nordrhein-Westfalen;false
e126c6eeaecb016dde640bca73f855459a86af269218ead3faa654338ffdd49f;Tödlicher Brand in Schwerin: Ermittler schließen Unfall aus;https://www.zeit.de/news/2026-08/21/toedlicher-brand-in-schwerin-ermittler-schliessen-unfall-aus;Hier finden Sie Informationen zu dem Thema „Schwerin“. Lesen Sie jetzt „Tödlicher Brand in Schwerin: Ermittler schließen Unfall aus“.;Schwerin;News, Schwerin, Schwerin, Staatsanwaltschaft, Unfall;2026-08-21T16:53:54+02:00;2026-08-21T16:53:54+02:00;;dpa Mecklenburg-Vorpommern;false
e7d4cf2c15bddff226c1a3fc7879dd6672231630de37a1a7a40d88f4df18c1da;Rückkehrerin Simon neue Kapitänin der Bayer-04-Frauen;https://www.zeit.de/news/2026-08/21/rueckkehrerin-simon-neue-kapitaenin-der-bayer-04-frauen;Hier finden Sie Informationen zu dem Thema „Frauen-Bundesliga“. Lesen Sie jetzt „Rückkehrerin Simon neue Kapitänin der Bayer-04-Frauen“.;Frauen-Bundesliga;News, Frauen-Bundesliga, Carolin Simon, Roberto Pätzold, München, FC Bayern München, Kapitänsbinde, Sommer;2026-08-21T16:48:53+02:00;2026-08-21T16:48:53+02:00;;dpa Nordrhein-Westfalen;false
48f7c01516065eef04a54cebb0b3078058eff9e3c6455dd389514af6d6c370a6;Sind die Gasspeicher halb voll oder halb leer?;https://www.zeit.de/news/2026-08/21/gasspeicherverband-fuellstaende-auf-rekordtief;Hier finden Sie Informationen zu dem Thema „Versorgungssicherheit“. Lesen Sie jetzt „Sind die Gasspeicher halb voll oder halb leer?“.;Versorgungssicherheit;News, Versorgungssicherheit, Sebastian Heinermann, Straße von Hormus, Deutsche Presse-Agentur, Gasspeicherverband, Füllstand, Rekordtief, Energiesicherheit, Gasspeicher, Gasspeicherfüllstand, Branchenverband;2026-08-21T16:45:45+02:00;2026-08-21T16:45:45+02:00;;dpa;false
e040661919ff8460bd5dcc999e5e597678248c53a8cfdf66edf10c42d1a7bf7a;»Firmen werden sich dreimal überlegen, ob sie noch in Sachsen-Anhalt investieren«;https://www.zeit.de/2026/36/afd-sachsen-anhalt-umfrage-arbeitslosigkeit-reint-gropp;Wählen Menschen AfD, weil es ihnen wirtschaftlich schlecht geht? Reint Gropp, der Präsident des Leibniz-Instituts für Wirtschaftsforschung Halle, hat andere Erklärungen.;"Z+ (abopflichtiger Inhalt);
        
    AfD in Sachsen-Anhalt";Wirtschaft, AfD in Sachsen-Anhalt, Alternative für Deutschland, Sachsen-Anhalt, Ostdeutschland, CDU, Familie;2026-08-21T16:44:38+02:00;2026-08-21T16:44:38+02:00;Marc Widmann;Aus der        ZEIT Nr. 36/2026;false
f49d62e4bde6b8550b4546e9a9eb847030edde7c68734f8c3fc1e6fc5b98f955;Ein Jahr nach Tod von Simon Bohr – Trauer und Forderungen;https://www.zeit.de/news/2026-08/21/ein-jahr-nach-tod-von-simon-bohr-trauer-und-forderungen;Hier finden Sie Informationen zu dem Thema „Trauerfeier“. Lesen Sie jetzt „Ein Jahr nach Tod von Simon Bohr – Trauer und Forderungen“.;Trauerfeier;News, Trauerfeier, Simon Bohr, Selina Bohr, Reinhold Jost, Andreas Rinnert, Anke Rehlinger, Völklingen, SPD, GDP, DPolG, Innenministerium;2026-08-21T16:44:10+02:00;2026-08-21T16:44:10+02:00;;dpa Rheinland-Pfalz/Saarland;false
0f3088134fcc707ef68d9f48d06526512be7470c412ec934ef460a21e13894cf;Sexuelle Belästigung und Körperverletzung: Mann festgenommen;https://www.zeit.de/news/2026-08/21/sexuelle-belaestigung-und-koerperverletzung-mann-festgenommen;Hier finden Sie Informationen zu dem Thema „Mädchen und Frau angegriffen“. Lesen Sie jetzt „Sexuelle Belästigung und Körperverletzung: Mann festgenommen“.;Mädchen und Frau angegriffen;News, Mädchen und Frau angegriffen, Geisenhausen, Landshut, Landkreis Landshut, Belästigung, Körperverletzung;2026-08-21T16:41:38+02:00;2026-08-21T16:41:38+02:00;;dpa Bayern;false
a78d91b52a01273c814c976bd80927426153fd09b5a280c54f5d7ab6047b6c63;Geringe Gas-Füllstände - Panter fordert Bund zum Handeln auf;https://www.zeit.de/news/2026-08/21/geringe-gas-fuellstaende-panter-fordert-bund-zum-handeln-auf;Hier finden Sie Informationen zu dem Thema „Gasspeicher“. Lesen Sie jetzt „Geringe Gas-Füllstände - Panter fordert Bund zum Handeln auf“.;Gasspeicher;News, Gasspeicher, Dirk Panter, Sachsen, CDU, Gasspeicher, Füllstand;2026-08-21T16:41:34+02:00;2026-08-21T16:41:34+02:00;;dpa Sachsen;false
b0d5cb92201b16da2023cc099bd530b42f3c35d50eb6ca8d1df9549e953c77be;Weltranglistenerster Sinner sagt für US Open ab;https://www.zeit.de/news/2026-08/21/weltranglistenerster-sinner-sagt-fuer-us-open-ab;Hier finden Sie Informationen zu dem Thema „Konkurrent von Zverev“. Lesen Sie jetzt „Weltranglistenerster Sinner sagt für US Open ab“.;Konkurrent von Zverev;News, Konkurrent von Zverev, Jannik Sinner, Alexander Zverev, New York, Instagram, US Open, Grand-Slam-Turnier;2026-08-21T16:41:04+02:00;2026-08-21T16:41:04+02:00;;dpa Sport;false
3f728783a6fe156bd59a49911ed9750af7217666cd367c16230bb82987c87531;Polizisten angefahren - Autofahrer in Psychiatrie;https://www.zeit.de/news/2026-08/21/nach-verfolgungsjagd-kommt-58-jaehriger-vor-haftrichter;Hier finden Sie Informationen zu dem Thema „Polizei“. Lesen Sie jetzt „Polizisten angefahren - Autofahrer in Psychiatrie“.;Polizei;News, Polizei, Ismaning, Polizei, Verfolgungsjagd, Verfolgungsfahrt;2026-08-21T16:38:44+02:00;2026-08-21T16:38:44+02:00;;dpa Bayern;false
26eac89c93e2229a6c49d8f2df319b08b4bdcfe2bb75c6f11f26ecd76a69e9c0;Nach WM-Finale: Argentiniens Paredes zehn Spiele gesperrt;https://www.zeit.de/news/2026-08/21/nach-wm-finale-argentiniens-paredes-zehn-spiele-gesperrt;Hier finden Sie Informationen zu dem Thema „Fußball“. Lesen Sie jetzt „Nach WM-Finale: Argentiniens Paredes zehn Spiele gesperrt“.;Fußball;News, Fußball, Leandro Paredes, Argentinien, Fifa, WM-Finale, Fußball;2026-08-21T16:37:02+02:00;2026-08-21T16:37:02+02:00;;dpa Sport;false
fe5b4472eac39137bfe44f574787821881d5bd8385eaded5d4bdc6347c317ae8;Wetterdienst warnt vor Starkregen im Süden Bayerns;https://www.zeit.de/news/2026-08/21/wetterdienst-warnt-vor-starkregen-im-sueden-bayerns;Hier finden Sie Informationen zu dem Thema „Unwetterfront zieht gen Osten“. Lesen Sie jetzt „Wetterdienst warnt vor Starkregen im Süden Bayerns“.;Unwetterfront zieht gen Osten;News, Unwetterfront zieht gen Osten, Bayern, München, Unwetterfront, Starkregen;2026-08-21T16:36:53+02:00;2026-08-21T16:36:53+02:00;;dpa Bayern;false
e84c478f7433465c145b2b3fbb896ddd445a243beff354464d3068b66a9ab8c3;Trümmerteile auf A5 - Fahrbahnen zeitweise gesperrt;https://www.zeit.de/news/2026-08/21/truemmerteile-auf-a5-fahrbahnen-gesperrt;Hier finden Sie Informationen zu dem Thema „Unfall“. Lesen Sie jetzt „Trümmerteile auf A5 - Fahrbahnen zeitweise gesperrt“.;Unfall;News, Unfall, Ottersweier, Rastatt, Karlsruhe, Polizei, Trümmerteil, Fahrbahn, Fahrspur, Auto;2026-08-21T16:32:04+02:00;2026-08-21T16:32:04+02:00;;dpa Baden-Württemberg;false
a70cac0263a04040aeaeef509e23df39c8892a022f0aee520677e1cb097681c3;Prinz Harry und weitere Kläger müssen elf Millionen Euro zahlen;https://www.zeit.de/gesellschaft/2026-08/prinz-harry-elton-john-daily-mail-klage-anl-prozesskosten;Prinz Harry, Elton John und weitere Prominente müssen nach ihrer gescheiterten Klage gegen die »Daily Mail« die Prozesskosten tragen. Es geht um eine hohe Millionensumme.;Prozess gegen Boulevardpresse;Gesellschaft, Prozess gegen Boulevardpresse, Großbritannien, Gerichtsverfahren, Prinz Harry, Elton John, Journalismus, Königsfamilie, Daily Mail;2026-08-21T16:31:13+02:00;2026-08-21T16:31:13+02:00;als;DIE ZEIT,        AFP,        dpa,        AP,        							als;false
dc82f9339eb17dbbc1a37ee098dac2b29c6df6f3632e5ae22c74dc965c75efe5;Bauarbeiten am Bahnhof Fangschleuse verzögern sich erneut;https://www.zeit.de/news/2026-08/21/bauarbeiten-am-bahnhof-fangschleuse-verzoegern-sich-erneut;Hier finden Sie Informationen zu dem Thema „Regionalexpress RE1“. Lesen Sie jetzt „Bauarbeiten am Bahnhof Fangschleuse verzögern sich erneut“.;Regionalexpress RE1;News, Regionalexpress RE1, Lars Gehrke, Berlin, Frankfurt (Oder), DB, ODEG, Tesla Factory, Deutsche Bahn, Fangschleuse, Regionalexpress, Zugangebot;2026-08-21T16:30:48+02:00;2026-08-21T16:30:48+02:00;;dpa Berlin/Brandenburg;false
0cbba11accf7f7b5a4f93a78e4e4df6f7a463b4ed5f5ccd8445d797b118350ca;Innenminister: «Tragisches Unfallgeschehen» in Hofgeismar;https://www.zeit.de/news/2026-08/21/innenminister-tragisches-unfallgeschehen-in-hofgeismar;Hier finden Sie Informationen zu dem Thema „Zwischenfall in Hofgeismar“. Lesen Sie jetzt „Innenminister: «Tragisches Unfallgeschehen» in Hofgeismar“.;Zwischenfall in Hofgeismar;News, Zwischenfall in Hofgeismar, Hofgeismar, CDU, Unfallgeschehen, Belletristik;2026-08-21T16:27:09+02:00;2026-08-21T16:27:09+02:00;;dpa Hessen;false
dd9f99df89170125e2d9bbd0b2011a5fa01d4fb95900c1f4bc6447601f9ded9e;Arbeiter findet tote Motorradfahrerin im Straßengraben;https://www.zeit.de/news/2026-08/21/arbeiter-findet-tote-motorradfahrerin-im-strassengraben;Hier finden Sie Informationen zu dem Thema „Polizei sucht Zeugen“. Lesen Sie jetzt „Arbeiter findet tote Motorradfahrerin im Straßengraben“.;Polizei sucht Zeugen;News, Polizei sucht Zeugen, Bonndorf im Schwarzwald, Waldshut, Polizei, Straßengraben, Landstraße, Wald;2026-08-21T16:24:01+02:00;2026-08-21T16:24:01+02:00;;dpa Baden-Württemberg;false
8492d4216d2244e3a4d18dbfcbf078c895492fd25d1c43e2318c698ddd3b518e;Comeback der «Helene Fischer-Show» im ZDF zu Weihnachten;https://www.zeit.de/news/2026-08/21/comeback-der-helene-fischer-show-im-zdf-zu-weihnachten;Hier finden Sie Informationen zu dem Thema „Fernsehen“. Lesen Sie jetzt „Comeback der «Helene Fischer-Show» im ZDF zu Weihnachten“.;Fernsehen;News, Fernsehen, Helene Fischer-Show, Sängerin, ZDF, Weihnachten, Comeback, Feiertag;2026-08-21T16:18:47+02:00;2026-08-21T16:18:47+02:00;;dpa;false
ab32cbc2dacb05f6f2ef3ac2d63ba0aede3e194fe13a1876c787e7e29d98e1f7;Eugen Block streitet in Dänemark um Umgangsrecht mit Enkeln;https://www.zeit.de/news/2026-08/21/streit-um-umgangsrecht-mit-enkeln-block-prozess-in-daenemark;Hier finden Sie Informationen zu dem Thema „Gerichtstermin“. Lesen Sie jetzt „Eugen Block streitet in Dänemark um Umgangsrecht mit Enkeln“.;Gerichtstermin;News, Gerichtstermin, Eugen Block, Stephan Hensel, Christina Block, Dänemark, Sønderborg, Umgangsrecht, Gerichtsverfahren, Grenze;2026-08-21T16:15:38+02:00;2026-08-21T16:15:38+02:00;;dpa;false
88fdaa79bfc5ebef29ecb4c53ea1f421f5c91b0eecc81f7d20b48598ff415b44;St. Pauli setzt auch im Pokal auf Torhüter Ben Voll;https://www.zeit.de/news/2026-08/21/st-pauli-setzt-auch-im-pokal-auf-torhueter-ben-voll;Hier finden Sie Informationen zu dem Thema „DFB-Pokal“. Lesen Sie jetzt „St. Pauli setzt auch im Pokal auf Torhüter Ben Voll“.;DFB-Pokal;News, DFB-Pokal, Ben Voll, Marcel Rapp, St. Pauli, Deutscher Fußball-Bund, FC St. Pauli, Rot-Weiss Essen, Pokal;2026-08-21T16:15:21+02:00;2026-08-21T16:15:21+02:00;;dpa Hamburg/Schleswig-Holstein;false
2a27f7ee95f7d134d7c6ad1cd90bf0fb3b14f994a441f553b1c3e07f18d4e29b;Ukraine verbietet «Mascha und der Bär»;https://www.zeit.de/news/2026-08/21/ukraine-verbietet-mascha-und-der-baer;Hier finden Sie Informationen zu dem Thema „Ukraine-Krieg“. Lesen Sie jetzt „Ukraine verbietet «Mascha und der Bär»“.;Ukraine-Krieg;News, Ukraine-Krieg, Tetjana Bereschna, Russland, Moskau, Facebook, YouTube, Zeichentrickserie, Trickfilm, Krieg in der Ukraine, Sicherheit, Kino;2026-08-21T16:14:40+02:00;2026-08-21T16:14:40+02:00;;dpa;false
be8ca3ef6398e840f8e3a083e0c0b05ecaafe4b92120edd4afcd478228fbabfe;Bremische Häfen steigern erneut Umschlag;https://www.zeit.de/news/2026-08/21/bremische-haefen-steigern-erneut-umschlag;Hier finden Sie Informationen zu dem Thema „Erstes Halbjahr 2026“. Lesen Sie jetzt „Bremische Häfen steigern erneut Umschlag“.;Erstes Halbjahr 2026;News, Erstes Halbjahr 2026, Bremen, Umschlag, Wachstumskurs, Seegut;2026-08-21T16:14:31+02:00;2026-08-21T16:14:31+02:00;;dpa Niedersachsen;false
553381944d8ab47e50b580fc5a3b4b897545ebc89784b4d3a9ae6c79ebfa68fa;Waffenfund bei Berlin: Ermittler prüfen Agenten-Verdacht;https://www.zeit.de/news/2026-08/21/versteck-im-auftrag-russlands-ermittlungen-nach-waffenfund;Hier finden Sie Informationen zu dem Thema „Bundesanwaltschaft ermittelt“. Lesen Sie jetzt „Waffenfund bei Berlin: Ermittler prüfen Agenten-Verdacht“.;Bundesanwaltschaft ermittelt;News, Bundesanwaltschaft ermittelt, Russland, Berlin, NDR, SZ, WDR, Versteck, Waffenfund, Ermittlung, Sicherheitsbehörde;2026-08-21T16:13:51+02:00;2026-08-21T16:13:51+02:00;;dpa;false
27f50a49a8f6613bc7ca7c7b00deffb72c3090342c1003ed41452b88198b6df5;Mann flieht aus türkischem Gefängnis - in Mainz festgenommen;https://www.zeit.de/news/2026-08/21/mann-flieht-aus-tuerkischem-gefaengnis-in-mainz-festgenommen;Hier finden Sie Informationen zu dem Thema „Kriminalität“. Lesen Sie jetzt „Mann flieht aus türkischem Gefängnis - in Mainz festgenommen“.;Kriminalität;News, Kriminalität, Mainz, Türkei, Polizei, LKA, Freiheitsstrafe;2026-08-21T16:12:45+02:00;2026-08-21T16:12:45+02:00;;dpa Hamburg/Schleswig-Holstein;false
4b98f9dfd79007b58b6fe72faa4e5e40cc1fae740095d5d4dd22728a523a3fce;Boeing kehrt wegen technischer Probleme um;https://www.zeit.de/news/2026-08/21/boeing-kehrt-wegen-technischer-probleme-um;Hier finden Sie Informationen zu dem Thema „Luftverkehr“. Lesen Sie jetzt „Boeing kehrt wegen technischer Probleme um“.;Luftverkehr;News, Luftverkehr, Frankfurt, Boeing, Luftverkehr;2026-08-21T16:10:56+02:00;2026-08-21T16:10:56+02:00;;dpa Hessen;false
7d09ad2c9d645a333e9e33345f4ae79f237893d9878f2c08590b963985a13c80;Zwei Palästinenser bei Gewalt im Westjordanland getötet;https://www.zeit.de/politik/ausland/2026-08/westjordanland-israel-armee-siedler-gewalt-dschenin;Im besetzten Westjordanland eskaliert die Gewalt zwischen radikalen Siedlern und der palästinensischen Bevölkerung. Bei Hebron starb ein 17-Jähriger. ;Westjordanland;Politik, Westjordanland, Israel, Westjordanland, Militär, Gewalttat, Siedlergewalt;2026-08-21T16:07:43+02:00;2026-08-21T16:07:43+02:00;liw;DIE ZEIT,        dpa,        							liw;false
3f3d6858134ef0ce3e44d419b94c89a2db791239b4255d3cec549169bd67d2ca;2,3 Millionen Euro für Radschnellwege im Rhein-Main-Gebiet;https://www.zeit.de/news/2026-08/21/2-3-millionen-euro-fuer-radschnellwege-im-rhein-main-gebiet;Hier finden Sie Informationen zu dem Thema „Hessen fördert Radwege“. Lesen Sie jetzt „2,3 Millionen Euro für Radschnellwege im Rhein-Main-Gebiet“.;Hessen fördert Radwege;News, Hessen fördert Radwege, Frankfurt, Rhein-Main-Gebiet, Hessen, SPD, Radschnellweg, Radschnellverbindung, Radweg, Förderbescheid, Geld;2026-08-21T16:05:33+02:00;2026-08-21T16:05:33+02:00;;dpa Hessen;false
f5a3d3f1464e027c100c8d9a57d5e9f625f2622690be3d6a511ee227e88c149b;Heidenheim ohne Trainer Schmidt im DFB-Pokal gefordert;https://www.zeit.de/news/2026-08/21/heidenheim-ohne-trainer-schmidt-im-dfb-pokal-gefordert;Hier finden Sie Informationen zu dem Thema „Erste Runde bei Jeddeloh II“. Lesen Sie jetzt „Heidenheim ohne Trainer Schmidt im DFB-Pokal gefordert“.;Erste Runde bei Jeddeloh II;News, Erste Runde bei Jeddeloh II, Frank Schmidt, Heidenheim, Marschwegstadion, Deutscher Fußball-Bund, SSV Jeddeloh, Hamburger SV, Sperre;2026-08-21T16:01:12+02:00;2026-08-21T16:01:12+02:00;;dpa Baden-Württemberg;false
5fada9857c0b5dc6066f7720c7b47673c3f575b1e66f093a71721f7da046f25a;Katze entwischt - Familie verbringt Urlaub an Raststätte;https://www.zeit.de/news/2026-08/21/katze-entwischt-familie-verbringt-urlaub-an-raststaette;Hier finden Sie Informationen zu dem Thema „«Ist ein Mitglied der Familie»“. Lesen Sie jetzt „Katze entwischt - Familie verbringt Urlaub an Raststätte“.;«Ist ein Mitglied der Familie»;News, «Ist ein Mitglied der Familie», L'isle, Lyon, Chanel, Versailles, Paris, Le Parisien, Katze, Raststätte, Kätzchen, Familie;2026-08-21T15:56:18+02:00;2026-08-21T15:56:18+02:00;;dpa;false
9e3742ddb6f817dcf8f20b266889a8dbf9da51ca530a012433d705558227bcd9;Kollision mit geöffneter Autotür - lebensgefährlich verletzt;https://www.zeit.de/news/2026-08/21/kollision-mit-geoeffneter-autotuer-lebensgefaehrlich-verletzt;Hier finden Sie Informationen zu dem Thema „Unfall in Hamburg“. Lesen Sie jetzt „Kollision mit geöffneter Autotür - lebensgefährlich verletzt“.;Unfall in Hamburg;News, Unfall in Hamburg, Hamburg, Polizei, Kollision, Autotür, Unfall;2026-08-21T15:51:42+02:00;2026-08-21T15:51:42+02:00;;dpa Hamburg/Schleswig-Holstein;false
dd3cdf84062a435c63871e97de50fa358c7d82afb9fc76d6e62c341b562981c6;Experten rechnen mit stärkstem El Niño seit mehr als einem Jahrhundert;https://www.zeit.de/wissenschaft/umwelt/2026-08/el-nino-pazifik-wetter-duerre-klimawandel;Das Wetterphänomen El Niño soll in diesem Jahr »beispiellos« werden. Besonders schwere Extremwetterereignisse können erwartet werden.;Britische Wetterbehörde;Wissenschaft, Britische Wetterbehörde, El Niño, Extremwetter, Klimawandel, Wetter;2026-08-21T15:50:17+02:00;2026-08-21T15:50:17+02:00;thor;DIE ZEIT,        AFP,        							thor;false
cc403fb092c34d1ff6429395f3cf21707ee6ae1018d8680f209e3405bb08c5f9;Dobrindt: «Beteiligung fremder Mächte» nicht ausgeschlossen;https://www.zeit.de/news/2026-08/21/dobrindt-beteiligung-fremder-maechte-nicht-ausgeschlossen;Hier finden Sie Informationen zu dem Thema „Kriminalität“. Lesen Sie jetzt „Dobrindt: «Beteiligung fremder Mächte» nicht ausgeschlossen“.;Kriminalität;News, Kriminalität, Alexander Dobrindt, Berlin, Waldversteck;2026-08-21T15:49:31+02:00;2026-08-21T15:49:31+02:00;;dpa Berlin/Brandenburg;false
a5a2b3a8fe6dbc4817d60a61a55b06e3a4848dcdea61a3ae892ded7e82047677;Polizeihund-Einsatz bei AfD-Protest: Ermittlung eingestellt;https://www.zeit.de/news/2026-08/21/polizeihund-einsatz-bei-afd-protest-ermittlung-eingestellt;Hier finden Sie Informationen zu dem Thema „Riesa“. Lesen Sie jetzt „Polizeihund-Einsatz bei AfD-Protest: Ermittlung eingestellt“.;Riesa;News, Riesa, Riesa, Alternative für Deutschland, Staatsanwaltschaft, Staatsanwaltschaft Dresden, Polizei, Ermittlung, Körperverletzung;2026-08-21T15:49:02+02:00;2026-08-21T15:49:02+02:00;;dpa Sachsen;false
7b9d6f73084796db354925b53d0d9d6c2f7fd9565dc46d6b3bbe32feea7cd51c;Spanische Polizei nimmt mutmaßliche Schlepper fest;https://www.zeit.de/politik/ausland/2026-08/ceuta-schleuser-migration-spanien;Spanien geht gegen Schleuser vor, die sich an Migranten in der Exklave Ceuta richten. Dort waren zuletzt Zehntausende Menschen angekommen.;Ceuta;Politik, Ceuta, Spanien, Exklave, Ceuta, Migration, Polizei, Schleuser;2026-08-21T15:48:26+02:00;2026-08-21T15:48:26+02:00;mga;DIE ZEIT,        AFP,        							mga;false
325f5f9140ef3a6a90eb18b4104a1a412de5edbc3cd8fe1e1f3876ef3a068930;Vier Schafe von Weide in Nauen gestohlen;https://www.zeit.de/news/2026-08/21/vier-schafe-von-weide-in-nauen-gestohlen;Hier finden Sie Informationen zu dem Thema „Täter drückten Zaun herunter“. Lesen Sie jetzt „Vier Schafe von Weide in Nauen gestohlen“.;Täter drückten Zaun herunter;News, Täter drückten Zaun herunter, Landkreis Havelland, Polizei, Tiere;2026-08-21T15:48:16+02:00;2026-08-21T15:48:16+02:00;;dpa Berlin/Brandenburg;false
415db1803ec138f1f11c4e4361eeece477bfe33b97f9c3f357c779fe877c8a04;Regen hilft kaum - Grundwasser vielerorts zu niedrig;https://www.zeit.de/news/2026-08/21/regen-hilft-kaum-grundwasser-vielerorts-zu-niedrig;Hier finden Sie Informationen zu dem Thema „Messungen“. Lesen Sie jetzt „Regen hilft kaum - Grundwasser vielerorts zu niedrig“.;Messungen;News, Messungen, Bayern, Augsburg, Grundwasser, Messung, Messstelle;2026-08-21T15:45:57+02:00;2026-08-21T15:45:57+02:00;;dpa Bayern;false
cff73ab9c3c19dd92a64cea65f0327282eef82b07d332acac3a82edbf0f746ca;Aus der Küche an den Königshof? Belgiens neuer Prinz;https://www.zeit.de/news/2026-08/21/aus-der-kueche-an-den-koenigshof-belgiens-neuer-prinz;Hier finden Sie Informationen zu dem Thema „Royals“. Lesen Sie jetzt „Aus der Küche an den Königshof? Belgiens neuer Prinz“.;Royals;News, Royals, Laurent von Belgien, Königshof, Belgien, Het Nieuwsblad, Küche, Thronfolge;2026-08-21T15:44:09+02:00;2026-08-21T15:44:09+02:00;;dpa;false
1943762ce189928b302738d4a0cf273e73913b6e8265048bc506883d478e4320;Bundeswehr weiß von in Deutschland desertierten ukrainischen Soldaten;https://www.zeit.de/politik/ausland/2026-08/ukrainische-soldaten-fahnenflucht-ausbildung-bundeswehr-deutschland;Die ZEIT berichtete von ukrainischen Soldaten, die während ihrer Ausbildung in Deutschland desertieren. Das Verteidigungsministerium spricht von »vereinzelten« Vorfällen.;Krieg gegen die Ukraine;Politik, Krieg gegen die Ukraine, Bundeswehr, Militär, Krieg in der Ukraine, Fahnenflucht;2026-08-21T15:43:30+02:00;2026-08-21T15:43:30+02:00;ale;DIE ZEIT,        dpa,        							ale;false
87a0dc0575c7ccc0a30416f3d278bc5dcc4f139f87921d278720b5981f08d76d;Ein «Bonusspiel»: 1860 München brennt aufs Pokal-Comeback;https://www.zeit.de/news/2026-08/21/ein-bonusspiel-1860-muenchen-brennt-aufs-pokal-comeback;Hier finden Sie Informationen zu dem Thema „Fußball“. Lesen Sie jetzt „Ein «Bonusspiel»: 1860 München brennt aufs Pokal-Comeback“.;Fußball;News, Fußball, Alper Kayabunar, Borussia Dortmund, TSV 1860 München, Deutscher Fußball-Bund, Holstein Kiel, Bonusspiel, Überraschungssieg, Fußball;2026-08-21T15:42:52+02:00;2026-08-21T15:42:52+02:00;;dpa Bayern;false
f605e709c0e1856296d6ea47c8159467cde060e0ba38ff93331c2223e938d3af;Wo Johnnie Walker keinen Hut trägt, sondern einen Sattel;https://www.zeit.de/sport/2026-08/reit-wm-aachen-atmosphaere;In Aachen geht es in diesen Tagen um Sport und Spektakel, um Sättel für 5.000 Euro – und um die Frage, wie gut es den Pferden wirklich geht. Ein Besuch bei der Reit-WM;Reit-WM in Aachen;Sport, Reit-WM in Aachen, Aachen, Reitsport, Tiere, Springreiter;2026-08-21T15:39:38+02:00;2026-08-21T15:39:38+02:00;Stephan Klemm;;false
30b1f4d1cc69e86f13980535f4708322e0daf1f1993d058ce8baa866429cb1d9;Was Sie über die neue DFB-Pokal-Saison wissen müssen;https://www.zeit.de/sport/2026-08/dfb-pokal-1-runde-fussball-regeln-modus;Welche Vereine treten an? Wer zeigt die Spiele? Welche WM-Spielregeln werden übernommen? Und warum kündigen Fans Proteste an? Das Wichtigste zum DFB-Pokal im Überblick;DFB-Pokal;Sport, DFB-Pokal, Deutscher Fußball-Bund, DFB-Pokal, Fußball, Schiedsrichter, Pflichtspielsaison;2026-08-21T15:39:17+02:00;2026-08-21T15:39:17+02:00;Lino WimmerEric VoigtWer spielt in der ersten Runde des DFB-Pokals?Wann spielen Borussia Dortmund und Bayern München?Wie hoch sind die Prämien beim DFB-Pokal?Wo sind die Spiele im Fernsehen zu sehen?Welche Regeln sind neu?Was beschäftigt die Fanszene?Wie geht es nach der ersten Pokalrunde weiter?Und sonst?;;false
1dc27a8146748e456bcd1e383fdc0e50355921a4ad1f1f812f29dd7b8067cdf1;Partnerschaft zweier Powerhäuser: Boris Rhein in Indien;https://www.zeit.de/news/2026-08/21/partnerschaft-zweier-powerhaeuser-boris-rhein-in-indien;Hier finden Sie Informationen zu dem Thema „Internationale Beziehungen“. Lesen Sie jetzt „Partnerschaft zweier Powerhäuser: Boris Rhein in Indien“.;Internationale Beziehungen;News, Internationale Beziehungen, Devendra Fadnavi, Indien, Maharashtra, Mumbai, Europa, Rhein, Hessen, CDU, Powerhaus, Beziehung;2026-08-21T15:38:47+02:00;2026-08-21T15:38:47+02:00;;dpa Hessen;false
30fc47cf7d3779742fe755746f2bc065b666b622547b5a8ecb5601320f0cbe3b;Merz beendet Sommerurlaub mit Besuch im Waldbrandgebiet;https://www.zeit.de/politik/deutschland/2026-08/waldbrand-huertgenwald-friedrich-merz-dueren-nrw;Tagelang brannte es im Kreis Düren in der Eifel, nun reist Kanzler Friedrich Merz in die Region. Es ist sein erster Termin nach seiner viel diskutierten Sommerpause.;Waldbrand im Hürtgenwald;Politik, Waldbrand im Hürtgenwald, Nordrhein-Westfalen, Friedrich Merz, CDU, Waldbrand, Feuerwehr;2026-08-21T15:33:18+02:00;2026-08-21T15:33:18+02:00;bda;DIE ZEIT,        KNA,        dpa,        AFP,        							bda;false
a8a11bb91c4f536c46db7fb7cb99bf94f3e96ccdd812bec991845ccc8de6aa21;Sie halten uns kühl;https://www.zeit.de/2026/36/baeume-staedte-hitze-klima-spitzahorn-platane-winterlinde;Bäume sind die unterschätzten Klimaanlagen der Städte. Wo sie den Beton verdrängen, lässt sich Hitze viel besser aushalten. Ein Überblick in Grafiken;"Z+ (abopflichtiger Inhalt);
        
    Bäume in Städten";Wissenschaft, Bäume in Städten, Claudia Vallentin, Berlin, Prenzlauer Berg, Klimaanlage, Spitzahorn, Hitze, Sommer;2026-08-21T15:30:55+02:00;2026-08-21T15:30:55+02:00;Dr. Claudia VallentinSimone Brünnich;Aus der        ZEIT Nr. 36/2026;false
8becdf9b1b11f2d36b8fbbd8fbfd2888ebf57d3f8a13590e5e876eb7a46d6508;Untersuchungshaft für Nord-Stream-Verdächtigen in Kroatien;https://www.zeit.de/news/2026-08/21/untersuchungshaft-fuer-nord-stream-verdaechtigen-in-kroatien;Hier finden Sie Informationen zu dem Thema „Deutsche Ermittlungen“. Lesen Sie jetzt „Untersuchungshaft für Nord-Stream-Verdächtigen in Kroatien“.;Deutsche Ermittlungen;News, Deutsche Ermittlungen, Wolodymyr Z., Matija Milos, Kroatien, Pula, Untersuchungshaft, Küstenstadt, Kino, Krieg in der Ukraine;2026-08-21T15:29:09+02:00;2026-08-21T15:29:09+02:00;;dpa;false
2037f39179e89b496fdf966e064300d93a122fc3df2f0cb91b5bc52803bf3aa8;Uefa und Concacaf beraten über gemeinsame Fußball-Nations-League;https://www.zeit.de/sport/2026-08/uefa-concacaf-nations-league-kooperation-fussball;Spanien gegen Mexiko, England gegen die USA? Der europäische und der nord- und mittelamerikanische Fußballverband planen ein gemeinsames Turnier. 2028 könnte es losgehen.;Fußball;Sport, Fußball, Fußball, Uefa, Fifa, Nations League;2026-08-21T15:22:08+02:00;2026-08-21T15:22:08+02:00;voi;DIE ZEIT,        							voi;false
5352c5d68badb997949779d4b5dafe87032f8f0fd4ea3e6b52172c4641bd6d17;Wagners Wunsch zu El Mala: «Lasst ihn Fußball spielen»;https://www.zeit.de/news/2026-08/21/wagners-wunsch-zu-el-mala-lasst-ihn-fussball-spielen;Hier finden Sie Informationen zu dem Thema „DFB-Pokal“. Lesen Sie jetzt „Wagners Wunsch zu El Mala: «Lasst ihn Fußball spielen»“.;DFB-Pokal;News, DFB-Pokal, El Mala, René Wagner, Ellyes Skhiri, Köln, Deutscher Fußball-Bund, Fußball, Transferwoche, Erstrundenspiel;2026-08-21T15:20:19+02:00;2026-08-21T15:20:19+02:00;;dpa Bayern;false
45f93432649a77fdc9707e43ce256bcf80ee579c2f9cbeded1d4e66dff84995e;So verlängert Familie das Leben;https://www.zeit.de/familie/2026-08/longevity-familie-beziehung-gesundheit-altern;Wer lange leben will, setzt oft auf den eigenen Körper. Doch auch unsere engsten Beziehungen sind wichtig. Die aktuelle Studienlage zeigt, auf welche Faktoren es ankommt.;"Z+ (abopflichtiger Inhalt);
        
    Longevity";Familie, Longevity, Lebenserwartung, Familie, Beziehung, Alter, Gesundheitsrisiko, Studie;2026-08-21T15:18:50+02:00;2026-08-21T15:18:50+02:00;Eser Aktay;;false
2e8c33073e8dc62b9e4b3faa84a388b4c68ba4e3d77a0e1c2c23392207ba3565;Wahlhelfer in Eisleben angegriffen;https://www.zeit.de/news/2026-08/21/wahlhelfer-in-eisleben-angegriffen;Hier finden Sie Informationen zu dem Thema „Kriminalität“. Lesen Sie jetzt „Wahlhelfer in Eisleben angegriffen“.;Kriminalität;News, Kriminalität, Rothenschirmbach, Eisleben, Landkreis Mansfeld-Südharz, Polizei;2026-08-21T15:17:25+02:00;2026-08-21T15:17:25+02:00;;dpa Sachsen;false
ff65d8e5cee8c4f9873afdc91f8914ad708e61f3a8011e69abb86456c5b1e89d;In Müllsäcken verpackte tote Katzen in Wald gefunden;https://www.zeit.de/news/2026-08/21/in-muellsaecken-verpackte-tote-katzen-in-wald-gefunden;Hier finden Sie Informationen zu dem Thema „Polizei“. Lesen Sie jetzt „In Müllsäcken verpackte tote Katzen in Wald gefunden“.;Polizei;News, Polizei, Tutzing, Landkreis Starnberg, Polizei, Müllsack, Katze, Wald;2026-08-21T15:17:19+02:00;2026-08-21T15:17:19+02:00;;dpa Bayern;false
e76d3a5b78d6c9b62138b8069a7275c347ffe8d4c7394738f0d71099373b6213;Bosch startet 2027 Produktion von Robotern im Schwarzwald;https://www.zeit.de/news/2026-08/21/bosch-startet-2027-produktion-von-robotern-im-schwarzwald;Hier finden Sie Informationen zu dem Thema „Robotik“. Lesen Sie jetzt „Bosch startet 2027 Produktion von Robotern im Schwarzwald“.;Robotik;News, Robotik, Schwarzwald, Stuttgart, Robert Bosch, INA Holding Schaeffler, FAS, Robotik, Technologiekonzern;2026-08-21T15:15:59+02:00;2026-08-21T15:15:59+02:00;;dpa Baden-Württemberg;false
fb91ab991429d3a62b8af903e7f5aeb5b3a16123f055dcd3d109ddebe1b5b430;Ebling: Rekordzahlen im Tourismus in Rheinland-Pfalz;https://www.zeit.de/news/2026-08/21/ebling-rekordzahlen-im-tourismus-in-rheinland-pfalz;Hier finden Sie Informationen zu dem Thema „Inlandsreisen“. Lesen Sie jetzt „Ebling: Rekordzahlen im Tourismus in Rheinland-Pfalz“.;Inlandsreisen;News, Inlandsreisen, Michael Ebling, Rheinland-Pfalz, SPD, Inlandsreise, Übernachtung, Tourismus, Coronavirus, Familie;2026-08-21T15:15:38+02:00;2026-08-21T15:15:38+02:00;;dpa Rheinland-Pfalz/Saarland;false
ca5879f085680354cdf538a568c673db08bdcf884f92257ea8d0eb4740dc9468;Rhein-Pegelstände steigen langsam;https://www.zeit.de/news/2026-08/21/rhein-pegelstaende-steigen-langsam;Hier finden Sie Informationen zu dem Thema „Binnenschifffahrt“. Lesen Sie jetzt „Rhein-Pegelstände steigen langsam“.;Binnenschifffahrt;News, Binnenschifffahrt, Süddeutschland, Rhein, Duisburg, Binnenschifffahrt, Regenfall, Tiefststand, Güterschifffahrt;2026-08-21T15:12:58+02:00;2026-08-21T15:12:58+02:00;;dpa;false
4d6236cdc1e68e2ec70bc68844e6cd457e56019162c4c16951a8da9d86ad6293;RB-Trainer Demichelis will seriösen Pokal-Auftritt in Trier;https://www.zeit.de/news/2026-08/21/rb-trainer-demichelis-will-serioesen-pokal-auftritt-in-trier;Hier finden Sie Informationen zu dem Thema „DFB-Pokal“. Lesen Sie jetzt „RB-Trainer Demichelis will seriösen Pokal-Auftritt in Trier“.;DFB-Pokal;News, DFB-Pokal, Martín Demichelis, Marcel Schäfer, Conrad Harder, Trier, Deutscher Fußball-Bund, RB Leipzig, Eintracht Trier, Pflichtspiel, Pokalauftritt, Regionalligist;2026-08-21T15:11:34+02:00;2026-08-21T15:11:34+02:00;;dpa Rheinland-Pfalz/Saarland;false
2f645f8847feaf5a459c4f3db86ca0fce3a05fcda557566158d47497b91b496e;Millionen Euro für deutsche Fischer wegen teuren Kraftstoffs;https://www.zeit.de/news/2026-08/21/millionen-euro-fuer-deutsche-fischer-wegen-teuren-kraftstoffs;Hier finden Sie Informationen zu dem Thema „Wirtschaft“. Lesen Sie jetzt „Millionen Euro für deutsche Fischer wegen teuren Kraftstoffs“.;Wirtschaft;News, Wirtschaft, Europäische Union, Kraftstoff, Kraftstoffpreis, Krise;2026-08-21T15:10:15+02:00;2026-08-21T15:10:15+02:00;;dpa Hamburg/Schleswig-Holstein;false
6ade50fcaf64956c63a9e3c036d7488756bb2c4163ca9020302784eed75a5c1d;Bestechungsfall in Bremer JVA - auch Kokain geschmuggelt;https://www.zeit.de/news/2026-08/21/bestechungsfall-in-bremer-jva-auch-kokain-geschmuggelt;Hier finden Sie Informationen zu dem Thema „Beschäftigte unter Verdacht“. Lesen Sie jetzt „Bestechungsfall in Bremer JVA - auch Kokain geschmuggelt“.;Beschäftigte unter Verdacht;News, Beschäftigte unter Verdacht, Bremen, Staatsanwaltschaft, Kokain, Bestechungsfall, Bestechlichkeitsfall;2026-08-21T15:09:46+02:00;2026-08-21T15:09:46+02:00;;dpa Niedersachsen;false
f80eb57d34e9a2eb7e15bac08e9feac80a0f70850b682badedc7fc4faffc5723;Wie führt man das Gespräch, das alle Familien fürchten?;https://www.zeit.de/gesundheit/2026-08/pflege-angehoerige-familie-unterstuetzung-psychologie;Du musst zum Arzt. Du kommst allein nicht mehr zurecht. Es muss jetzt ein Pfleger kommen. Wie sagt man das den alternden Eltern? Die Psychologin Gabriele Wilz weiß es. ;"Z+ (abopflichtiger Inhalt);
        
    Pflege von Angehörigen";Gesundheit, Pflege von Angehörigen, Pflege, Familie, Eltern, Psychologie, Demenz, Alzheimer;2026-08-21T15:08:35+02:00;2026-08-21T15:08:35+02:00;Gerrit-Freya Klebe;;false
08d0a0eecffd250a54816a6407a3e1c60f90732b28b72a974cbf2349567eef46;Die ständige Angst, seinem Kind etwas anzutun;https://www.zeit.de/familie/2026-08/zwangserkrankungen-eltern-gedanken-kinder-psychische-erkrankung;Gewalttätige oder sexuelle Zwangsgedanken bei Eltern sind erschreckend. Hier erzählt ein Vater von der Angst, er könne pädophil sein – und wie er dagegen ankämpft.;"Z+ (abopflichtiger Inhalt);
        
    Zwangserkrankungen bei Eltern";Familie, Zwangserkrankungen bei Eltern, psychische Störung, Psyche, Psychotherapie, Familie, Kinder;2026-08-21T15:06:22+02:00;2026-08-21T15:06:22+02:00;Esther Schelander;;false
ca84944e562ca06fa47710ec31d324497d2f97a2366216a5e344333976ca7051;Blaualgen in der Talsperre Pirk - Amt hebt Badewarnung auf;https://www.zeit.de/news/2026-08/21/blaualgen-in-der-talsperre-pirk-amt-hebt-badewarnung-auf;Hier finden Sie Informationen zu dem Thema „Entwarnung“. Lesen Sie jetzt „Blaualgen in der Talsperre Pirk - Amt hebt Badewarnung auf“.;Entwarnung;News, Entwarnung, Pirk, Blaualge, Badewarnung, Talsperre, Vogtlandkreis, Gesundheitsamt;2026-08-21T15:05:59+02:00;2026-08-21T15:05:59+02:00;;dpa Sachsen;false
8e562f1f9bbc4ada20a47329efef6fab525586a9a1a10c7d72a6fe1177741b16;Iranischer Präsident spricht sich für baldiges Kriegsende aus;https://www.zeit.de/politik/ausland/2026-05/iran-krieg-donald-trump-hormus-live;Massud Peseschkian sieht den Iran in einer »Position der Stärke« und will den Krieg beenden. Die USA zählen mehr als 700 Verwundete seit Kriegsbeginn. Das Liveblog;Liveblog:                     Irankrieg;Politik, Irankrieg, USA, Donald Trump, Iran, Israel, Atomabkommen, Nahost, Militär;2026-08-23T08:46:48+00:00;2026-08-23T08:46:48+00:00;Mathis GannDavid Rech;;false
5e12815e2ade50a6926018c13fa5fa9a8f4ab74df0f9c938a7df8e6153c286e7;Mit herzlichen Grüßen aus Moskau;https://www.zeit.de/feuilleton/2026-08/wagenknecht-hoecke-afd-sachsen-anhalt-dugin-querfront;Das BSW als Steigbügelhalter für die AfD? Es gibt einen Vordenker für diesen Schulterschluss zwischen links und rechts: den Putin-Philosophen Alexander Dugin. ;"Z+ (abopflichtiger Inhalt);
        
    Querfront";Feuilleton, Querfront, Bündnis Sahra Wagenknecht, Sahra Wagenknecht, Sachsen-Anhalt, Alternative für Deutschland, Björn Höcke;2026-08-21T15:05:35+02:00;2026-08-21T15:05:35+02:00;Thomas Assheuer;;false
4b07499a009309b6f3a5e4f7830eb9254f1760210c75879d440cf3de2446597d;Graf fordert Ende der «Kleinstaaterei» bei IT-Sicherheit;https://www.zeit.de/news/2026-08/21/graf-fordert-ende-der-kleinstaaterei-bei-it-sicherheit;Hier finden Sie Informationen zu dem Thema „Verwaltung offline“. Lesen Sie jetzt „Graf fordert Ende der «Kleinstaaterei» bei IT-Sicherheit“.;Verwaltung offline;News, Verwaltung offline, Werner Graf, Berlin, Deutsche Presse-Agentur, Kleinstaaterei, Landesnetz, Cyberattacke, Hackerangriff, Sicherheit;2026-08-21T15:01:59+02:00;2026-08-21T15:01:59+02:00;;dpa Berlin/Brandenburg;false
535b70a16f05f041119aeb1c2316b5c0d278ed7fb59f47d2d5714fe39c0cdb96;Kein Freibier für Strunk im «Goldenen Handschuh»;https://www.zeit.de/news/2026-08/21/kein-freibier-fuer-strunk-im-goldenen-handschuh;Hier finden Sie Informationen zu dem Thema „Kult-Kneipe“. Lesen Sie jetzt „Kein Freibier für Strunk im «Goldenen Handschuh»“.;Kult-Kneipe;News, Kult-Kneipe, Heinz Strunk, Reeperbahn, Autor;2026-08-21T14:59:56+02:00;2026-08-21T14:59:56+02:00;;dpa Hamburg/Schleswig-Holstein;false
1f489e3e1c9ef95c6fc7b573c401c5468369d723d4f871c4d2f9d560446e3a47;Die Fantastischen Vier beim Tag der Einheit in Bremen;https://www.zeit.de/news/2026-08/21/die-fantastischen-vier-beim-tag-der-einheit-in-bremen;Hier finden Sie Informationen zu dem Thema „Musik“. Lesen Sie jetzt „Die Fantastischen Vier beim Tag der Einheit in Bremen“.;Musik;News, Musik, Bremen, Tag der Deutschen Einheit, Feierlichkeit;2026-08-21T14:57:01+02:00;2026-08-21T14:57:01+02:00;;dpa Niedersachsen;false
478bccceed269e230823d1f6a8a528ffaca02e325a3efa6df93e829622ff2bf3;Kaum zu glauben, Clafoutis mit Trauben;https://www.zeit.de/zeit-magazin/wochenmarkt/2025-12/clafoutis-trauben-rezept-wochenmarkt;Weintrauben und Kuchenteig? Das ist oft zu viel des Süßen. In diesem französischen Dessertklassiker wird die Süße der Früchte durch Mandeln und Thymian ausbalanciert.;"Z+ (abopflichtiger Inhalt);
        
    Rote-Trauben-Clafoutis";vegetarische Rezepte, Kuchen, Desserts, Französische Küche;2026-08-21T14:56:30+02:00;2026-08-21T14:56:30+02:00;Ravneet Gill;;false
5253d617bb95f4b2c9b5483881dac228269e4681fabf6f458673f38c77b30e3c;Vermisster Senior macht mit Hupkonzert auf sich aufmerksam;https://www.zeit.de/news/2026-08/21/vermisster-senior-macht-mit-hupkonzert-auf-sich-aufmerksam;Hier finden Sie Informationen zu dem Thema „Großeinsatz“. Lesen Sie jetzt „Vermisster Senior macht mit Hupkonzert auf sich aufmerksam“.;Großeinsatz;News, Großeinsatz, Berghaupten, Ortenaukreis, Polizei, Hupkonzert, Großeinsatz, Wald, Auto;2026-08-21T14:55:05+02:00;2026-08-21T14:55:05+02:00;;dpa Baden-Württemberg;false
f761847bb39b580d36bfa9e9f4f0f404f56c24093b4df157be66e74d747c4aa5;Opernfestspiele gehen 2027 bei Überherrn über die Bühne;https://www.zeit.de/news/2026-08/21/opernfestspiele-gehen-2027-bei-ueberherrn-ueber-die-buehne;Hier finden Sie Informationen zu dem Thema „Oper“. Lesen Sie jetzt „Opernfestspiele gehen 2027 bei Überherrn über die Bühne“.;Oper;News, Oper, Joachim Arnold, Ensdorf, Beru, Europe 1, Opernfestspiel, Saarpolygon, Ausweichspielort, Sendeanlage, Oper;2026-08-21T14:51:56+02:00;2026-08-21T14:51:56+02:00;;dpa Rheinland-Pfalz/Saarland;false
48e1d5c0cc0cc7fd8f2e6d88ae4c00c23613683d9824fbedcb05722891963d9c;Comfort-Food gibt’s auch im Sommer;https://www.zeit.de/zeit-magazin/wochenmarkt/2025-07/fischauflauf-harissa-gnocchi-rezept-wochenmarkt;An kühleren Spätsommerabenden verlangt das Herz nach Warmem! Dieser Kabeljau-Auflauf mit Harissa und Gnocchi ist die würzige Variante eines britischen Klassikers.;"Z+ (abopflichtiger Inhalt);
        
    Fischauflauf mit Harissa und Gnocchi";Fischgerichte, Hauptgerichte, Britische Küche;2026-08-21T14:50:53+02:00;2026-08-21T14:50:53+02:00;Rukmini Iyer;;false
c4259b5779ef54ef4c17fd2a054fc46e46e48ea6546ef4db1d3ada2b560b55fb;Abenteuerliche Kokain-Fahrt von Kolumbien Richtung Europa;https://www.zeit.de/news/2026-08/21/mit-kokain-an-bord-kurs-auf-europa-moeglicherweise-aussage;Hier finden Sie Informationen zu dem Thema „Skipper legt Geständnis ab“. Lesen Sie jetzt „Abenteuerliche Kokain-Fahrt von Kolumbien Richtung Europa“.;Skipper legt Geständnis ab;News, Skipper legt Geständnis ab, Europa, Rostock, Kolumbien, Kokain;2026-08-21T14:50:14+02:00;2026-08-21T14:50:14+02:00;;dpa Mecklenburg-Vorpommern;false
393846514216263e51b340d5c24a765650f1249b0ffd22cf9e5b4901b599c256;Hamburger Verkehrsunternehmen erhalten mehr Beschwerden;https://www.zeit.de/news/2026-08/21/hamburger-verkehrsunternehmen-erhalten-mehr-beschwerden;Hier finden Sie Informationen zu dem Thema „Verkehr“. Lesen Sie jetzt „Hamburger Verkehrsunternehmen erhalten mehr Beschwerden“.;Verkehr;News, Verkehr, Hadag, Verkehrsunternehmen, Beschwerde, Hochbahn, Kundenbeschwerde, Verkehr;2026-08-21T14:49:57+02:00;2026-08-21T14:49:57+02:00;;dpa Hamburg/Schleswig-Holstein;false
d7826eb51751d6e5d6ffd20edba6af5a3f59dc7839620ac5e4f66fc5c3a61368;Gas-Untertagespeicher in Rheinland-Pfalz und Saarland leer;https://www.zeit.de/news/2026-08/21/gas-untertagespeicher-in-rheinland-pfalz-und-saarland-leer;Hier finden Sie Informationen zu dem Thema „«Keine Befüllung erfolgt»“. Lesen Sie jetzt „Gas-Untertagespeicher in Rheinland-Pfalz und Saarland leer“.;«Keine Befüllung erfolgt»;News, «Keine Befüllung erfolgt», Saarland, Frankenthal, Rheinland-Pfalz, Enovo, Befüllung, Arbeitsgasfüllstand, Sommer, Winter;2026-08-21T14:49:10+02:00;2026-08-21T14:49:10+02:00;;dpa Rheinland-Pfalz/Saarland;false
f9f3fb77262306470d8e6063894b8a5d401b98dd69707be605703bc32666d58a;Bilger will Flughäfen mit Technik zur Drohnenerkennung ausstatten;https://www.zeit.de/politik/deutschland/2026-08/drohnen-flughaefen-detektion-deutsche-flugsicherung-steffen-bilger-gxe;Damit Drohnen künftig schneller erkannt werden, will Verkehrsminister Steffen Bilger Flughäfen technisch besser ausstatten. An einigen läuft bereits die Installation.;Bundesverkehrsminister;Politik, Bundesverkehrsminister, DFS, Flughafen, Steffen Bilger, Drohne;2026-08-21T14:46:44+02:00;2026-08-21T14:46:44+02:00;als;DIE ZEIT,        dpa,        							als;false
e393e7bed4f563896f6ac560bcb5ac870d5135c9f48460414849c347bcfad500;RVR will für Ruhrgebietsplan vor Bundesgericht;https://www.zeit.de/news/2026-08/21/rvr-will-fuer-ruhrgebietsplan-vor-bundesgericht;Hier finden Sie Informationen zu dem Thema „Streit um Regionalplan“. Lesen Sie jetzt „RVR will für Ruhrgebietsplan vor Bundesgericht“.;Streit um Regionalplan;News, Streit um Regionalplan, Ruhrgebiet, Regionalverband Ruhr, OVG, BVerwG, Ruhrgebietsplan, Bundesgericht, Regionalplan, Sondersitzung;2026-08-21T14:44:29+02:00;2026-08-21T14:44:29+02:00;;dpa Nordrhein-Westfalen;false
3aa08ba1ff3e0e035ba4fa31ee79621328745bb3724bd1865980176d9e20a2af;Mainzer Coach Fischer freut sich über Matthäus-Prognose;https://www.zeit.de/news/2026-08/21/mainzer-coach-fischer-freut-sich-ueber-matthaeus-prognose;Hier finden Sie Informationen zu dem Thema „Fußball“. Lesen Sie jetzt „Mainzer Coach Fischer freut sich über Matthäus-Prognose“.;Fußball;News, Fußball, Urs Fischer, Lothar Matthäus, 1. FSV Mainz, Bundesliga, Abschlusstabelle, Fußball;2026-08-21T14:44:15+02:00;2026-08-21T14:44:15+02:00;;dpa Berlin/Brandenburg;false
6e297452ccfee6e3a14f0bf09fd863df41204359ebd7944363be9e47403db78b;Wolfsburgs Kapitän Arnold im Pokal nicht in Startelf;https://www.zeit.de/news/2026-08/21/wolfsburgs-kapitaen-arnold-im-pokal-nicht-in-startelf;Hier finden Sie Informationen zu dem Thema „2. Bundesliga“. Lesen Sie jetzt „Wolfsburgs Kapitän Arnold im Pokal nicht in Startelf“.;2. Bundesliga;News, 2. Bundesliga, Tobias Strobl, Maximilian Arnold, Wolfsburg, Viertligisten, Deutscher Fußball-Bund, VSG Altglienicke, Bundesliga, Pokal;2026-08-21T14:41:02+02:00;2026-08-21T14:41:02+02:00;;dpa Berlin/Brandenburg;false
fce178a3cd3aed262b688eb9f2ad5dca64bc329671f950169a9f721c0caed82a;Prozess gegen Schleuser im Rotlichtmilieu;https://www.zeit.de/news/2026-08/21/prozess-gegen-schleuser-im-rotlichtmilieu;Hier finden Sie Informationen zu dem Thema „Prostitution“. Lesen Sie jetzt „Prozess gegen Schleuser im Rotlichtmilieu“.;Prostitution;News, Prostitution, Chemnitz, Polizei, Rotlichtmilieu, Menschenhandel, Razzia;2026-08-21T14:40:44+02:00;2026-08-21T14:40:44+02:00;;dpa Niedersachsen;false
74f81a1d68b3eaea7e7d3e10add8f71f351e9a1127125bbbbcd9621d244becc6;Schüsse in Berliner Café: Angeklagter äußert Bedauern;https://www.zeit.de/news/2026-08/21/schuesse-in-berliner-caf-angeklagter-aeussert-bedauern;Hier finden Sie Informationen zu dem Thema „Kriminalität“. Lesen Sie jetzt „Schüsse in Berliner Café: Angeklagter äußert Bedauern“.;Kriminalität;News, Kriminalität, Staatsanwaltschaft, Café, Landgericht Berlin;2026-08-21T14:38:21+02:00;2026-08-21T14:38:21+02:00;;dpa Berlin/Brandenburg;false
29ae442faec467dd58f79ab933b5128e12828c775242d490ce4109b24db346c2;ADAC warnt vor vollen Autobahnen zum Ferienende;https://www.zeit.de/news/2026-08/21/adac-warnt-vor-vollen-autobahnen-zum-ferienende;Hier finden Sie Informationen zu dem Thema „Geduld ist gefragt“. Lesen Sie jetzt „ADAC warnt vor vollen Autobahnen zum Ferienende“.;Geduld ist gefragt;News, Geduld ist gefragt, Berlin, Brandenburg, ADAC, Ferienende, Autobahn, Sommerferien;2026-08-21T14:37:10+02:00;2026-08-21T14:37:10+02:00;;dpa Berlin/Brandenburg;false
7cedb2936298e77eaf6aebd533d3c56be944a21929e1682bd994f03cd993301f;Ein Spieler fehlt Schalke im DFB-Pokal in Halle;https://www.zeit.de/news/2026-08/21/ein-spieler-fehlt-schalke-im-dfb-pokal-in-halle;Hier finden Sie Informationen zu dem Thema „1. Runde im DFB-Pokal“. Lesen Sie jetzt „Ein Spieler fehlt Schalke im DFB-Pokal in Halle“.;1. Runde im DFB-Pokal;News, 1. Runde im DFB-Pokal, Kenan Karaman, Schalke, Deutscher Fußball-Bund, HALLESCHER FUSSBALLCLUB e. V., Pflichtspielstart;2026-08-21T14:34:49+02:00;2026-08-21T14:34:49+02:00;;dpa Nordrhein-Westfalen;false
d9356cc62bbb469e0ca713bcf6a4f4a5c930173bcee2414470b6f266ab64a44f;Schüsse auf Kölner Juweliergeschäft;https://www.zeit.de/news/2026-08/21/schuesse-auf-koelner-juweliergeschaeft;Hier finden Sie Informationen zu dem Thema „Zeugensuche“. Lesen Sie jetzt „Schüsse auf Kölner Juweliergeschäft“.;Zeugensuche;News, Zeugensuche, Köln, Juweliergeschäft, Zeugensuche, Knallgeräusch;2026-08-21T14:34:37+02:00;2026-08-21T14:34:37+02:00;;dpa Nordrhein-Westfalen;false
63aefe7dfadb93d8055f7d64b7cb192c0b858a1452acc25e432fe859526fb2f9;Mit jedem Orgasmus sterben sie einen kleinen Tod;https://www.zeit.de/feuilleton/film/2026-08/film-rezension-teenage-sex-and-death-at-camp-miasma;Wie eine fiebrige Mischung aus »Freitag der 13.« und Film noir: Der Kinofilm »Teenage Sex and Death at Camp Miasma« erzählt vom langen Weg zu einem guten Körpergefühl.;"Z+ (abopflichtiger Inhalt);
        
    »Teenage Sex and Death at Camp Miasma«";Feuilleton, »Teenage Sex and Death at Camp Miasma«, Kino, Filmrezension, Filmindustrie, Orgasmus;2026-08-21T14:33:12+02:00;2026-08-21T14:33:12+02:00;Annett Scheffel;;false
1034d6900e6ac63df0d5cbd7f35dc52e679eb7fe5e7711114f9e491e4efb423e;Extrem-Niedrigwasser: Mehr Schiffe laufen Hafen Duisburg an;https://www.zeit.de/news/2026-08/21/extrem-niedrigwasser-mehr-schiffe-laufen-hafen-duisburg-an;Hier finden Sie Informationen zu dem Thema „Binnenschifffahrt“. Lesen Sie jetzt „Extrem-Niedrigwasser: Mehr Schiffe laufen Hafen Duisburg an“.;Binnenschifffahrt;News, Binnenschifffahrt, Detlef Bours, Joachim Holstein, Ruhrort, Duisburg, Rhein, Köln-Godorf, Köln, Duisburger Hafen AG, Binnenschifffahrt, Binnenhafen;2026-08-21T14:28:52+02:00;2026-08-21T14:28:52+02:00;;dpa Nordrhein-Westfalen;false
ec5af9a5d26f085161bc45c42169d64cfc0da72833e1623cc1171e7eb3da8df0;Grüne setzen vor der Wahl auf klare Kante gegen rechts;https://www.zeit.de/news/2026-08/21/gruene-setzen-vor-der-wahl-auf-klare-kante-gegen-rechts;Hier finden Sie Informationen zu dem Thema „Sachsen-Anhalt“. Lesen Sie jetzt „Grüne setzen vor der Wahl auf klare Kante gegen rechts“.;Sachsen-Anhalt;News, Sachsen-Anhalt, Susan Sziborra-Seidlitz, Sachsen-Anhalt, Bündnis 90/Die Grünen, Alternative für Deutschland, Landtagswahl in Sachsen, Landtagswahl;2026-08-21T14:28:10+02:00;2026-08-21T14:28:10+02:00;;dpa Sachsen;false
981c074806ee0f5fb2efdcb9370e06034348e22700f8efc5621c8597742be82f;Dobrindt spricht nach Waffenfund von »hoher Gefährdungslage«;https://www.zeit.de/politik/deutschland/2026-08/waffenlager-berlin-generalbundesanwalt-ermittlungen-geheimdienst-agententaetigkeit-gxe;Die Bundesanwaltschaft übernimmt die Ermittlungen im Fall eines Waffenverstecks nahe Berlin. Berichte über eine russische Spur bestätigt der Bundesinnenminister nicht.;Waffenlager bei Berlin;Politik, Waffenlager bei Berlin, Alexander Dobrindt, Berlin, Bundesanwaltschaft, Ermittlung, Handfeuerwaffe;2026-08-21T14:27:31+02:00;2026-08-21T14:27:31+02:00;ale;DIE ZEIT,        dpa,        AFP,        							ale;false
8e95c8f1ecd7905ddaaabd22fce6e02df1b4427ebd580a60dd9de366aba8b8ce;Pokalspiel in Braunschweig wird für Union zum «Reifetest»;https://www.zeit.de/news/2026-08/21/pokalspiel-in-braunschweig-wird-fuer-union-zum-reifetest;Hier finden Sie Informationen zu dem Thema „DFB-Pokal“. Lesen Sie jetzt „Pokalspiel in Braunschweig wird für Union zum «Reifetest»“.;DFB-Pokal;News, DFB-Pokal, Mauro Lustrinelli, Braunschweig, Deutscher Fußball-Bund, 1. FC Union Berlin, Eintracht Braunschweig, Fußball-Bundesliga, Pokalspiel, Reifetest, Pflichtspieldebüt;2026-08-21T14:27:04+02:00;2026-08-21T14:27:04+02:00;;dpa Berlin/Brandenburg;false
e768ca346de4b3055505eb759d811795f2d7be7c3efe5de4a8bd5865392f91a4;Gefahrstoff in Kanalisation gelangt – Arbeiter in Klinik;https://www.zeit.de/news/2026-08/21/gefahrstoff-in-kanalisation-gelangt-arbeiter-in-klinik;Hier finden Sie Informationen zu dem Thema „Cyanidhaltiges Gemisch“. Lesen Sie jetzt „Gefahrstoff in Kanalisation gelangt – Arbeiter in Klinik“.;Cyanidhaltiges Gemisch;News, Cyanidhaltiges Gemisch, Gefahrstoff, Kanalisation, Enzkreis, Arbeitsunfall, Kelter, Gemisch;2026-08-21T14:25:26+02:00;2026-08-21T14:25:26+02:00;;dpa Baden-Württemberg;false
c7db54a1c3954ce5c440750bd848d3086d261f156c2ea6ca0111a15ba31e989c;E-Scooter-Fahrer bei Unfall in Frankfurt schwer verletzt;https://www.zeit.de/news/2026-08/21/e-scooter-fahrer-bei-unfall-in-frankfurt-schwer-verletzt;Hier finden Sie Informationen zu dem Thema „Schwerer Unfall“. Lesen Sie jetzt „E-Scooter-Fahrer bei Unfall in Frankfurt schwer verletzt“.;Schwerer Unfall;News, Schwerer Unfall, Frankfurt, Unfall, Nibelungenallee, Verkehrsunfall, E-Scooter;2026-08-21T14:25:07+02:00;2026-08-21T14:25:07+02:00;;dpa Hessen;false
f185195f0d439ea6dfe85f2cf819fbf55999035b441246ccf762b700ee040d39;Ehepaar in Rheinland-Pfalz getötet - Sohn tatverdächtig;https://www.zeit.de/news/2026-08/21/ehepaar-in-rheinland-pfalz-getoetet-sohn-tatverdaechtig;Hier finden Sie Informationen zu dem Thema „Kriminalität“. Lesen Sie jetzt „Ehepaar in Rheinland-Pfalz getötet - Sohn tatverdächtig“.;Kriminalität;News, Kriminalität, Koblenz, Rheinland-Pfalz, Bad Neuenahr-Ahrweiler, Staatsanwaltschaft, Ehepaar, Schnittverletzung;2026-08-21T14:24:09+02:00;2026-08-21T14:24:09+02:00;;dpa Rheinland-Pfalz/Saarland;false
969ee0fc0b548fa56efbc3b3f1fcce294d346c611761e062d70759cf1f803c71;Dobrindt zu Waffenfund: Verdacht auf Anschlagspläne;https://www.zeit.de/news/2026-08/21/dobrindt-zu-waffenfund-verdacht-auf-anschlagsplaene;Hier finden Sie Informationen zu dem Thema „Kriminalität“. Lesen Sie jetzt „Dobrindt zu Waffenfund: Verdacht auf Anschlagspläne“.;Kriminalität;News, Kriminalität, Alexander Dobrindt, Berlin, Waffenfund, Anschlagsplan, Sicherheitsbehörde;2026-08-21T14:21:07+02:00;2026-08-21T14:21:07+02:00;;dpa;false
76e70fb5b7bce31bdeb4e9396ea2d249c72e7864755236455c2bd29283e35aca;Ministerium: Straftäter nach Tunesien abgeschoben;https://www.zeit.de/news/2026-08/21/ministerium-straftaeter-nach-tunesien-abgeschoben;Hier finden Sie Informationen zu dem Thema „Abschiebungen“. Lesen Sie jetzt „Ministerium: Straftäter nach Tunesien abgeschoben“.;Abschiebungen;News, Abschiebungen, Beate Meißner, Tunesien, Thüringen, CDU, Abschiebung, Geburtsland, Ermittlungsverfahren, Asylantrag;2026-08-21T14:20:39+02:00;2026-08-21T14:20:39+02:00;;dpa Thüringen;false
a7d0878ea25a36fb6d90aa6fd21c3d27a6429c85d74e39a8a0d15bf5a47ee641;Gladbach-Coach spricht über Vorbereitung und Videobeweis;https://www.zeit.de/news/2026-08/21/gladbach-coach-spricht-ueber-vorbereitung-und-videobeweis;Hier finden Sie Informationen zu dem Thema „Vor dem Pflichtspielstart“. Lesen Sie jetzt „Gladbach-Coach spricht über Vorbereitung und Videobeweis“.;Vor dem Pflichtspielstart;News, Vor dem Pflichtspielstart, Eugen Polanski, Mönchengladbach, Mainz, Gladbach, Deutscher Fußball-Bund, Videobeweis, Pflichtspielstart;2026-08-21T14:14:24+02:00;2026-08-21T14:14:24+02:00;;dpa Nordrhein-Westfalen;false
412e046671eb5772aff68e1515e21a4884da463408ccf2dc764f93b819481d9f;Bundesanwaltschaft ermittelt zu Waffenfund bei Berlin;https://www.zeit.de/news/2026-08/21/bundesanwaltschaft-ermittelt-zu-waffenfund-bei-berlin;Hier finden Sie Informationen zu dem Thema „Kriminalität“. Lesen Sie jetzt „Bundesanwaltschaft ermittelt zu Waffenfund bei Berlin“.;Kriminalität;News, Kriminalität, Berlin, Bundesanwaltschaft, Waffenfund;2026-08-21T14:12:35+02:00;2026-08-21T14:12:35+02:00;;dpa;false
b1d1dc993601b31c9dcbe99f99431e60009107fb3f9316bc7b94a59b980f7fcd;Bakterien im Trinkwasser - Diese Regeln gelten für Haushalte;https://www.zeit.de/news/2026-08/21/bakterien-im-trinkwasser-diese-regeln-gelten-fuer-haushalte;Hier finden Sie Informationen zu dem Thema „Trinkwasser verunreinigt“. Lesen Sie jetzt „Bakterien im Trinkwasser - Diese Regeln gelten für Haushalte“.;Trinkwasser verunreinigt;News, Trinkwasser verunreinigt, Bad Staffelstein, Landkreis Lichtenfels, Trinkwasser, Bakterie, Haushalt, Leitungswasser, Verunreinigung;2026-08-21T14:12:18+02:00;2026-08-21T14:12:18+02:00;;dpa Bayern;false
808dde5dab414ba577928b330ee2d5536f6233ace9e0f95ab092f3045ae74e32;Auftragsbestand am Bau gewachsen;https://www.zeit.de/news/2026-08/21/auftragsbestand-am-bau-gewachsen;Hier finden Sie Informationen zu dem Thema „Baubranche“. Lesen Sie jetzt „Auftragsbestand am Bau gewachsen“.;Baubranche;News, Baubranche, Auftragsbestand, Bauhauptgewerbe, Bauunternehmen, Baubranche;2026-08-21T14:07:54+02:00;2026-08-21T14:07:54+02:00;;dpa Bayern;false
0f817f476f438a099f540ab28d28a827c898241a59777867d425ff5b740b3b98;Vermisster 14-Jähriger reist quer durchs Land zur Zugspitze;https://www.zeit.de/news/2026-08/21/vermisster-14-jaehriger-reist-quer-durchs-land-zur-zugspitze;Hier finden Sie Informationen zu dem Thema „Mit Zug von NRW nach Bayern“. Lesen Sie jetzt „Vermisster 14-Jähriger reist quer durchs Land zur Zugspitze“.;Mit Zug von NRW nach Bayern;News, Mit Zug von NRW nach Bayern, Zugspitze, NRW, Garmisch-Partenkirchen, Mönchengladbach;2026-08-21T14:05:53+02:00;2026-08-21T14:05:53+02:00;;dpa Bayern;false
e16f3daefa62f31f8e0d0540d9602113348969b9eb936bff0d240bad762be5be;Reality-Star Thorsten Legat teilt gegen Friedrich Merz aus;https://www.zeit.de/news/2026-08/21/reality-star-thorsten-legat-teilt-gegen-friedrich-merz-aus;Hier finden Sie Informationen zu dem Thema „Interview“. Lesen Sie jetzt „Reality-Star Thorsten Legat teilt gegen Friedrich Merz aus“.;Interview;News, Interview, Friedrich Merz, Neue Osnabrücker Zeitung, CDU;2026-08-21T14:05:38+02:00;2026-08-21T14:05:38+02:00;;dpa;false
219d80deda559fbb326908184208cc6388fede0e47e2e469877b30726d0dc6e0;Polizei stoppt Raser nach Verfolgungsjagd;https://www.zeit.de/news/2026-08/21/polizei-stoppt-raser-nach-verfolgungsjagd;Hier finden Sie Informationen zu dem Thema „Unter Alkoholeinfluss“. Lesen Sie jetzt „Polizei stoppt Raser nach Verfolgungsjagd“.;Unter Alkoholeinfluss;News, Unter Alkoholeinfluss, Kaiserslautern, Westpfalz, Polizei, Verfolgungsjagd, Alkoholeinfluss, Verkehrskontrolle;2026-08-21T14:04:13+02:00;2026-08-21T14:04:13+02:00;;dpa Rheinland-Pfalz/Saarland;false
eaba82106347d22e895c364937d1ba22a2108316e9f5cac567814cf41dfd41c7;«Schneise der Verwüstung» - Aufräumen nach Unwetterschäden;https://www.zeit.de/news/2026-08/21/schneise-der-verwuestung-aufraeumen-nach-unwetterschaeden;Hier finden Sie Informationen zu dem Thema „Sturmschäden“. Lesen Sie jetzt „«Schneise der Verwüstung» - Aufräumen nach Unwetterschäden“.;Sturmschäden;News, Sturmschäden, Clemens Naumann, Stefan Schambach, Thüringen, Landkreis Gotha, Unwetterschaden, Schneise, Sturmschaden, Verwüstung, Aufräumen, Unwetter;2026-08-21T14:01:42+02:00;2026-08-21T14:01:42+02:00;;dpa Thüringen;false
882540fcb4064938ee6f912b771010f1164755d03d7499323ae4552cfb75f0c4;Nach Weihnachtsmarkt-Prozess: Magdeburg erhält Schutzsysteme;https://www.zeit.de/news/2026-08/21/nach-weihnachtsmarkt-prozess-magdeburg-erhaelt-schutzsysteme;Hier finden Sie Informationen zu dem Thema „Sicherheit“. Lesen Sie jetzt „Nach Weihnachtsmarkt-Prozess: Magdeburg erhält Schutzsysteme“.;Sicherheit;News, Sicherheit, Magdeburg, Schutzsystem, Fahrzeugbarriere, Gerichtsgebäude, Weihnachtsmarkt;2026-08-21T13:58:31+02:00;2026-08-21T13:58:31+02:00;;dpa Sachsen;false
c8f4138f48179ba1fc9d5918065b5370da7681969b7c8eb4c82ba08d45276408;Landesmedaille für Präsident der jüdischen Gemeinden;https://www.zeit.de/news/2026-08/21/landesmedaille-fuer-praesident-der-juedischen-gemeinden;Hier finden Sie Informationen zu dem Thema „Auszeichnungen“. Lesen Sie jetzt „Landesmedaille für Präsident der jüdischen Gemeinden“.;Auszeichnungen;News, Auszeichnungen, Michael Fürst, Olaf Lie, Hannover, Niedersachsen, SPD, Landesmedaille, Auszeichnung, Landesverband;2026-08-21T13:54:33+02:00;2026-08-21T13:54:33+02:00;;dpa Niedersachsen;false
3a5f43cf1d577cb75e4968bd3311a1f691e341fc499727ed5816943b93fd529b;Wirtschaft erhöht Druck auf Merz: «Versprechen einlösen»;https://www.zeit.de/news/2026-08/21/metall-arbeitgeber-fordern-mehr-reformtempo-von-merz;Hier finden Sie Informationen zu dem Thema „Brandbrief“. Lesen Sie jetzt „Wirtschaft erhöht Druck auf Merz: «Versprechen einlösen»“.;Brandbrief;News, Brandbrief, Friedrich Merz, CDU, Deutsche Presse-Agentur, Siemens AG, Reformtempo, Brandbrief, Wirtschaftsverband, Metall;2026-08-21T13:53:05+02:00;2026-08-21T13:53:05+02:00;;dpa;false
2dc81dc352bbc70c694ce2931a94ce5c799180115b7eed6a04d3f9076e30bc29;FBL-Chefin Kiel nimmt Clubs bei Mindestgehalt in die Pflicht;https://www.zeit.de/news/2026-08/21/fbl-chefin-kiel-nimmt-clubs-bei-mindestgehalt-in-die-pflicht;Hier finden Sie Informationen zu dem Thema „Fußball-Bundesliga“. Lesen Sie jetzt „FBL-Chefin Kiel nimmt Clubs bei Mindestgehalt in die Pflicht“.;Fußball-Bundesliga;News, Fußball-Bundesliga, Katharina Kiel, Deutsche Presse-Agentur, Deutscher Fußball-Bund, Fußball-Bundesliga, Bundesliga, Mindestgehalt;2026-08-21T13:52:15+02:00;2026-08-21T13:52:15+02:00;;dpa Hessen;false
f8efbff0e18abe771b2dfee538d0f2ce484a5b2ec39d0a2126ac17dbc5fa6a7a;Tapsoba neuer Kapitän in Leverkusen;https://www.zeit.de/news/2026-08/21/tapsoba-neuer-kapitaen-in-leverkusen;Hier finden Sie Informationen zu dem Thema „DFB-Pokal“. Lesen Sie jetzt „Tapsoba neuer Kapitän in Leverkusen“.;DFB-Pokal;News, DFB-Pokal, Edmond Tapsoba, Carles Martínez, Patrik Schick, Robert Andrich, Leverkusen, Deutscher Fußball-Bund, Bayer 04 Leverkusen, SV Wehen Wiesbaden, Erstrundenspiel;2026-08-21T13:51:19+02:00;2026-08-21T13:51:19+02:00;;dpa Hessen;false
74fcb8b874563fa7059744f13005877fbe92022bc4223464216f16a4605b2351;Wendt: Regierung macht keine Schritte in richtige Richtung;https://www.zeit.de/news/2026-08/21/wendt-regierung-macht-keine-schritte-in-richtige-richtung;Hier finden Sie Informationen zu dem Thema „Parteien“. Lesen Sie jetzt „Wendt: Regierung macht keine Schritte in richtige Richtung“.;Parteien;News, Parteien, Rainer Wendt, NDR, DPolG, Bundesregierung, Facebook, CDU, Kritik;2026-08-21T13:51:02+02:00;2026-08-21T13:51:02+02:00;;dpa Mecklenburg-Vorpommern;false
0bc3ff2f8f360c261a6c648d98ef42ae0c7dc829ed1de15da99856e516b7e986;Ginter historisch: «Der Erste in meiner ganzen Karriere»;https://www.zeit.de/news/2026-08/21/ginter-historisch-der-erste-in-meiner-ganzen-karriere;Hier finden Sie Informationen zu dem Thema „Nach Freiburgs 3:1“. Lesen Sie jetzt „Ginter historisch: «Der Erste in meiner ganzen Karriere»“.;Nach Freiburgs 3:1;News, Nach Freiburgs 3:1, Matthias Ginter, Jan-Niklas Beste, Julian Schuster, Freiburg, Motherwell, Glasgow, Düsseldorf, SC Freiburg, Conference League;2026-08-21T13:40:54+02:00;2026-08-21T13:40:54+02:00;;dpa Baden-Württemberg;false
9465b63b7984ea68e57d37d0eceada71d8ec87d0c298ad6ee7ca8979d77af79e;Aufräumarbeiten nach schwerem Unwetter dauern an;https://www.zeit.de/news/2026-08/21/aufraeumarbeiten-nach-schwerem-unwetter-dauern-an;Hier finden Sie Informationen zu dem Thema „Unwetter“. Lesen Sie jetzt „Aufräumarbeiten nach schwerem Unwetter dauern an“.;Unwetter;News, Unwetter, Rheinland-Pfalz, Aufräumarbeit, Unwetter;2026-08-21T13:38:26+02:00;2026-08-21T13:38:26+02:00;;dpa Rheinland-Pfalz/Saarland;false
cc454fe8b2b5dade0a8d2ab112a90a36080f4fbc5469a62c234f1cfac4674a04;Rohstoffsuche aus der Luft: Neues Verfahren am Gottesberg;https://www.zeit.de/news/2026-08/21/rohstoffsuche-aus-der-luft-neues-verfahren-am-gottesberg;Hier finden Sie Informationen zu dem Thema „Erkundung von Lagerstätten“. Lesen Sie jetzt „Rohstoffsuche aus der Luft: Neues Verfahren am Gottesberg“.;Erkundung von Lagerstätten;News, Erkundung von Lagerstätten, Erzgebirge, Freiberg, Rohstoffsuche, Gottesberg, Erkundung, Lagerstatt, Erzlagerstatt, Muldenhammer, Hubschrauber;2026-08-21T13:35:50+02:00;2026-08-21T13:35:50+02:00;;dpa Sachsen;false
252bf06faa72be5bea16c236149599a02d7310874f88a5eceb8fbd8a32a78b4e;Betreuung nach CSD-Anschlag in Berlin geht in die zweite Phase;https://www.zeit.de/gesellschaft/zeitgeschehen/2026-08/anschlag-csd-berlin-islamismus-roland-weber-opferhilfe;Die Akutphase der Betreuung von Zeugen und Opfern des CSD-Anschlags ist abgeschlossen. Der Opferbeauftragter sagt, »das Hilfssystem funktioniert«. ;Berlin;Gesellschaft, Berlin, Berlin, Christopher Street Day, Islamismus, Terroranschlag, Roland Weber, Seelsorge;2026-08-21T13:28:14+02:00;2026-08-21T13:28:14+02:00;thor;DIE ZEIT,        dpa,        							thor;false
5815ea62e069b37dd445ceb9ba646e6e4d8805498621f22fe511f3b962b061e0;»Liebe Gashändler, da geht noch deutlich mehr«;https://www.zeit.de/wirtschaft/2026-08/gasspeicher-klaus-mueller-bundesnetzagentur-energieversorgung-interview;Klaus Müller, Chef der Bundesnetzagentur, hält die strengen Regeln für Gasspeicher für überholt. Die Gashändler würden darauf spekulieren, dass der Staat einspringt.;Klaus Müller über Gasspeicher;Wirtschaft, Klaus Müller über Gasspeicher, Bundesnetzagentur, Energiekrise, Energieversorgung, Gaspreis, Unternehmen;2026-08-21T13:27:47+02:00;2026-08-21T13:27:47+02:00;Marlies Uken;;false
4ff03dcd4cc7ae314baa2a3dbad833ee098fcfb863d5dce6e3e97e9f44063e0f;Frau von durchfahrendem ICE nach Berlin tödlich verletzt;https://www.zeit.de/news/2026-08/21/frau-von-durchfahrendem-ice-nach-berlin-toedlich-verletzt;Hier finden Sie Informationen zu dem Thema „Strecke in der Nacht gesperrt“. Lesen Sie jetzt „Frau von durchfahrendem ICE nach Berlin tödlich verletzt“.;Strecke in der Nacht gesperrt;News, Strecke in der Nacht gesperrt, Berlin, Gräfenhainichen, Wittenberg, Landkreis Wittenberg, Polizei, ICE;2026-08-21T13:21:26+02:00;2026-08-21T13:21:26+02:00;;dpa Berlin/Brandenburg;false
651f40a92dcead1abd3a9ddc1594c3a85f1f5c72f23732b76becd1d35e27422b;Frau an Bahnhof von durchfahrendem ICE tödlich verletzt;https://www.zeit.de/news/2026-08/21/frau-an-bahnhof-von-durchfahrendem-ice-toedlich-verletzt;Hier finden Sie Informationen zu dem Thema „Strecke in der Nacht gesperrt“. Lesen Sie jetzt „Frau an Bahnhof von durchfahrendem ICE tödlich verletzt“.;Strecke in der Nacht gesperrt;News, Strecke in der Nacht gesperrt, Gräfenhainichen, Wittenberg, Landkreis Wittenberg, Polizei, Bahnhof, ICE;2026-08-21T13:21:11+02:00;2026-08-21T13:21:11+02:00;;dpa Sachsen;false
653c5953d496fb21f3f64ae93df91cb2e8d095a981e0884b5035ebcb2726460c;Bilger: Drohnendetektion an Flughäfen schnell ausbauen;https://www.zeit.de/news/2026-08/21/bilger-drohnendetektion-an-flughaefen-schnell-ausbauen;Hier finden Sie Informationen zu dem Thema „Schutz der Infrastruktur“. Lesen Sie jetzt „Bilger: Drohnendetektion an Flughäfen schnell ausbauen“.;Schutz der Infrastruktur;News, Schutz der Infrastruktur, Steffen Bilger, Frankfurt, Flughafen Frankfurt, DFS, CDU, Flughafen, Interimstechnik, Infrastruktur, Drohne;2026-08-21T13:20:42+02:00;2026-08-21T13:20:42+02:00;;dpa Hessen;false
c58cccb1ddfd6778b8de39277b53baf00e5765c1ef9563af8a4c5a295751c879;Nach Einbrüchen bei Füchsen Berlin: Dieb erhält Haftstrafe;https://www.zeit.de/news/2026-08/21/nach-einbruechen-bei-fuechsen-berlin-dieb-erhaelt-haftstrafe;Hier finden Sie Informationen zu dem Thema „Handball-Bundesliga“. Lesen Sie jetzt „Nach Einbrüchen bei Füchsen Berlin: Dieb erhält Haftstrafe“.;Handball-Bundesliga;News, Handball-Bundesliga, Gendarmenmarkt, Füchse Berlin, Handball-Bundesliga, Einbruch, Haftstrafe, Meisterschale, Straftat, Landgericht Berlin;2026-08-21T13:19:19+02:00;2026-08-21T13:19:19+02:00;;dpa Berlin/Brandenburg;false
929d889755e0ebcd23b2e59d54bccb5ec52d69eaec8b0513c342da1f8d04d19d;Schock in Hofgeismar nach Fahrt durch Fußgängerzone;https://www.zeit.de/news/2026-08/21/schock-in-hofgeismar-nach-fahrt-durch-fussgaengerzone;Hier finden Sie Informationen zu dem Thema „Unfall in Hofgeismar“. Lesen Sie jetzt „Schock in Hofgeismar nach Fahrt durch Fußgängerzone“.;Unfall in Hofgeismar;News, Unfall in Hofgeismar, Chris Dworak, Hofgeismar, Polizei, Fußgängerzone, Unfall, Auto;2026-08-21T13:17:52+02:00;2026-08-21T13:17:52+02:00;;dpa Hessen;false
62c282b05306baae3aa08c5ef27e83027b422e3d38a1b78a7a6949bfcbb0593e;Bewohner überrascht Einbrecher;https://www.zeit.de/news/2026-08/21/bewohner-ueberrascht-einbrecher;Hier finden Sie Informationen zu dem Thema „Kriminalität“. Lesen Sie jetzt „Bewohner überrascht Einbrecher“.;Kriminalität;News, Kriminalität, Euskirchen, Polizei;2026-08-21T13:17:27+02:00;2026-08-21T13:17:27+02:00;;dpa Nordrhein-Westfalen;false
0eb4a9b996b3536f9786c85b0bbe5a92022fa990c00b56ea4f50a83ec4db5e92;Chancencenter für geflüchtete Menschen eröffnet;https://www.zeit.de/news/2026-08/21/chancencenter-fuer-gefluechtete-menschen-eroeffnet;Hier finden Sie Informationen zu dem Thema „Migrationspolitik“. Lesen Sie jetzt „Chancencenter für geflüchtete Menschen eröffnet“.;Migrationspolitik;News, Migrationspolitik, René Wilke, Hans-Christoph Berndt, Dennis Hohloch, Brandenburg, Frankfurt (Oder), Alternative für Deutschland, Migrationspolitik, Bleibeperspektive, Asylbewerber, Geflüchtete;2026-08-21T13:15:22+02:00;2026-08-21T13:15:22+02:00;;dpa Berlin/Brandenburg;false
c0ad8b2a71da2d59368db97625e9b3ed965ea019d3a56c45c2b18ba583b3089d;Union dominiert bei Wahl zu «Berlins Fußballern des Jahres»;https://www.zeit.de/news/2026-08/21/union-dominiert-bei-wahl-zu-berlins-fussballern-des-jahres;Hier finden Sie Informationen zu dem Thema „Sportlerwahl“. Lesen Sie jetzt „Union dominiert bei Wahl zu «Berlins Fußballern des Jahres»“.;Sportlerwahl;News, Sportlerwahl, Viktoria Berlin, Christopher Trimmel, CDU/CSU, 1. FC Union Berlin, Berliner Fußball-Verband, Sportlerwahl;2026-08-21T13:13:43+02:00;2026-08-21T13:13:43+02:00;;dpa Berlin/Brandenburg;false
a9591b39b0a62a18f3891ae6cb3b1e6a350e9b6e5058970cf62a12424b795d92;Unruhe am Anleihemarkt - was droht Verbrauchern und Staat?;https://www.zeit.de/news/2026-08/21/unruhe-am-anleihemarkt-was-droht-verbrauchern-und-staat;Hier finden Sie Informationen zu dem Thema „Börsen“. Lesen Sie jetzt „Unruhe am Anleihemarkt - was droht Verbrauchern und Staat?“.;Börsen;News, Börsen, Eiko Sievert, USA, Persischer Golf, Straße von Hormus, EZB, Finanzministerium der Vereinigten Staaten, Anleihemarkt, Staatsanleihe, Finanzmarkt, Rekordniveau;2026-08-21T13:09:52+02:00;2026-08-21T13:09:52+02:00;;dpa;false
2437e4b4a1959f03051224b4d993c53a97ef1a7e1fc856cace3c4f65ecb4791a;Städte für Pflege-Vollversicherung - mehr Sozialhilfekosten;https://www.zeit.de/news/2026-08/21/pflegereform-staedtetag-fordert-umbau-zur-vollversicherung;Hier finden Sie Informationen zu dem Thema „Kommunen“. Lesen Sie jetzt „Städte für Pflege-Vollversicherung - mehr Sozialhilfekosten“.;Kommunen;News, Kommunen, Burkhard Jung, Deutscher Städtetag, SPD, Neue Osnabrücker Zeitung, CDU, Städtetag, Pflegereform, Vollversicherung, Umbau, Pflegeversicherung;2026-08-21T13:09:07+02:00;2026-08-21T13:09:07+02:00;;dpa;false
1434f577670e48780e3d42b0ef12c8303be43a733c94367b69e0afc1f131f46e;Borussia Dortmund verbucht zweistelligen Millionen-Verlust;https://www.zeit.de/news/2026-08/21/borussia-dortmund-verbucht-zweistelligen-millionen-verlust;Hier finden Sie Informationen zu dem Thema „Fußball-Bundesligist“. Lesen Sie jetzt „Borussia Dortmund verbucht zweistelligen Millionen-Verlust“.;Fußball-Bundesligist;News, Fußball-Bundesligist, Carsten Cramer, Borussia Dortmund, Deutscher Fußball-Bund, Champions League, Bundesliga, Geschäftsjahr, Verlustzone;2026-08-21T13:05:41+02:00;2026-08-21T13:05:41+02:00;;dpa;false
6ac4b0dadac3a4e68bdca435835bf4361c6bb1bf85e685ed01c02c35d6403876;Neues Schuljahr mit Schülerrekord und alten Problemen;https://www.zeit.de/news/2026-08/21/rekord-fast-405-000-schueler-in-berlin;Hier finden Sie Informationen zu dem Thema „Ferien bald zu Ende“. Lesen Sie jetzt „Neues Schuljahr mit Schülerrekord und alten Problemen“.;Ferien bald zu Ende;News, Ferien bald zu Ende, Katharina Günther-Wünsch, Berlin, CDU, Schuljahr, Schülerzahl, Rekord, Rekordwert;2026-08-21T13:01:32+02:00;2026-08-21T13:01:32+02:00;;dpa Berlin/Brandenburg;false
e0601df6bc380e04c0450b3866575859ff2ffda0acbe4b5ad1ec27f9127aa750;Kompanys Beruhigungs-Pille im Fall Musiala vorm Supercup;https://www.zeit.de/news/2026-08/21/nach-zusammenbruechen-musiala-fehlt-im-supercup;Hier finden Sie Informationen zu dem Thema „Fußball-Bundesliga“. Lesen Sie jetzt „Kompanys Beruhigungs-Pille im Fall Musiala vorm Supercup“.;Fußball-Bundesliga;News, Fußball-Bundesliga, Jamal Musiala, Vincent Kompany, Musiala, FC Bayern München, Supercup, Zusammenbruch, Medikation;2026-08-21T12:58:17+02:00;2026-08-21T12:58:17+02:00;;dpa;false
ed381cca669d955e3e64d3f0899d1214a94521152df075e16ff983886330ad0e;Bischöfe kritisieren Schweigen Israels zu Ben-Gvir;https://www.zeit.de/news/2026-08/21/bischoefe-kritisieren-schweigen-israels-zu-ben-gvir;Hier finden Sie Informationen zu dem Thema „Nahost-Konflikt“. Lesen Sie jetzt „Bischöfe kritisieren Schweigen Israels zu Ben-Gvir“.;Nahost-Konflikt;News, Nahost-Konflikt, Itamar Ben-Gvir, Udo Markus Bentz, Gazastreifen, Deutsche Bischofskonferenz, Deutsche Presse-Agentur, Nahostkonflikt;2026-08-21T12:58:03+02:00;2026-08-21T12:58:03+02:00;;dpa Nordrhein-Westfalen;false
d69ceef9f8d07134ab11eafa5ad1497f238dcf410e23d50c1fa1ad94911183aa;Schmierereien auf übrigen Hinweisschildern für Freitagsgebet;https://www.zeit.de/news/2026-08/21/schmierereien-auf-uebrigen-hinweisschildern-fuer-freitagsgebet;Hier finden Sie Informationen zu dem Thema „Religionsgemeinschaften“. Lesen Sie jetzt „Schmierereien auf übrigen Hinweisschildern für Freitagsgebet“.;Religionsgemeinschaften;News, Religionsgemeinschaften, Penzberg, Landkreis Weilheim-Schongau, Polizei, Schmiererei, Freitagsgebet, Hinweisschild, Religionsgemeinschaft, Gottesdienstanzeiger;2026-08-21T12:56:49+02:00;2026-08-21T12:56:49+02:00;;dpa Bayern;false
0e791c451028122e9709a138919173778b4128bd2ce86a299e957fea6af9756c;Zweiter Verdächtiger nach versuchtem Raub gefasst;https://www.zeit.de/news/2026-08/21/zweiter-verdaechtiger-nach-versuchtem-raub-gefasst;Hier finden Sie Informationen zu dem Thema „Kriminalität“. Lesen Sie jetzt „Zweiter Verdächtiger nach versuchtem Raub gefasst“.;Kriminalität;News, Kriminalität, Heidelberg, Polizei, Raub, Juweliergeschäft;2026-08-21T12:55:24+02:00;2026-08-21T12:55:24+02:00;;dpa Baden-Württemberg;false
59991167337f6b45e1695c14d5031e4f48f24e4f03a0fd263cb349534c933fe0;RWE sprengt Kesselhaus eines Kohlekraftwerks;https://www.zeit.de/news/2026-08/21/rwe-sprengt-kesselhaus-eines-kohlekraftwerks;Hier finden Sie Informationen zu dem Thema „Spektakuläre Sprengung“. Lesen Sie jetzt „RWE sprengt Kesselhaus eines Kohlekraftwerks“.;Spektakuläre Sprengung;News, Spektakuläre Sprengung, Voerde, Niederrhein, RWE, Kesselhaus, Kohlekraftwerk, Sprengung, Steinkohlekraftwerk, Energiekonzern;2026-08-21T12:52:46+02:00;2026-08-21T12:52:46+02:00;;dpa Nordrhein-Westfalen;false
9072a7bd6001ee2559dda270d7b30929d01c55268690e3e4c3adaa3d7e18b38f;35-Jähriger wegen Gewalt im betreuten Wohnen vor Gericht;https://www.zeit.de/news/2026-08/21/35-jaehriger-wegen-gewalt-im-betreuten-wohnen-vor-gericht;Hier finden Sie Informationen zu dem Thema „Gewalt im betreuten Wohnen“. Lesen Sie jetzt „35-Jähriger wegen Gewalt im betreuten Wohnen vor Gericht“.;Gewalt im betreuten Wohnen;News, Gewalt im betreuten Wohnen, Neustadt in Holstein, Dersau, Kreis Plön, Landgericht Kiel, Staatsanwaltschaft, Totschlag, Gewaltausbruch;2026-08-21T12:50:28+02:00;2026-08-21T12:50:28+02:00;;dpa Hamburg/Schleswig-Holstein;false
180f9a7c38b05007a98e94365669a4abd1980289c8332e3badd552d1d8547dde;Mehrere Verletzte bei Fahrt durch Fußgängerzone in Hessen;https://www.zeit.de/news/2026-08/21/mehrere-verletzte-bei-fahrt-durch-fussgaengerzone-in-hessen;Hier finden Sie Informationen zu dem Thema „Notfälle“. Lesen Sie jetzt „Mehrere Verletzte bei Fahrt durch Fußgängerzone in Hessen“.;Notfälle;News, Notfälle, Hofgeismar, Hessen, Polizei, Fußgängerzone, Notfall, Auto;2026-08-21T12:47:04+02:00;2026-08-21T12:47:04+02:00;;dpa;false
891c7f564aec89a745372a6ecbccf361e3bddd662b6f983d8091fc681860c2a5;Bei Berlin entdecktes Waffenversteck soll mit Russland verbunden sein;https://www.zeit.de/gesellschaft/2026-08/waffenversteck-brandenburg-russische-geheimdienste-verfassungsschutz-generalbundesanwalt-gxe;Berichten zufolge wurde 2025 bei Berlin ein Versteck mit zwei Handfeuerwaffen entdeckt. Demnach prüft der Verfassungsschutz Verbindungen zu russischen Geheimdiensten.;Waffenversteck in Brandenburg;Gesellschaft, Waffenversteck in Brandenburg, Berlin, Verfassungsschutz, Russland, Handfeuerwaffe, Waffenlager, Geheimdienst;2026-08-21T12:39:17+02:00;2026-08-21T12:39:17+02:00;ale;DIE ZEIT,        dpa,        							ale;false
9abb249d0a58b3de415bbbd08865d01c0f1e15162db42bbee07b1cfc0fc9a226;Investitionsprogramme füllen Auftragsbücher von Baufirmen;https://www.zeit.de/news/2026-08/21/investitionsprogramme-fuellen-auftragsbuecher-von-baufirmen;Hier finden Sie Informationen zu dem Thema „Bauunternehmen“. Lesen Sie jetzt „Investitionsprogramme füllen Auftragsbücher von Baufirmen“.;Bauunternehmen;News, Bauunternehmen, Erfurt, Thüringen, Investitionsprogramm, Auftragsbuch, Baufirma, Bauunternehmen, Bauhauptgewerbe, Hängepartie;2026-08-21T12:38:07+02:00;2026-08-21T12:38:07+02:00;;dpa Thüringen;false
afccb0a62bc2e001f3c3801ac6088546c336d76919600c122afc58ee74d13b4c;Lust auf Grusel: Wieso wir im Kino gerade auf Horror stehen;https://www.zeit.de/news/2026-08/21/lust-auf-grusel-wieso-wir-im-kino-gerade-auf-horror-stehen;Hier finden Sie Informationen zu dem Thema „Filme“. Lesen Sie jetzt „Lust auf Grusel: Wieso wir im Kino gerade auf Horror stehen“.;Filme;News, Filme, Marvin Wiechert, Christine Berg, Besessenheit, Horrorfilm, Kino, Liebe, Folter;2026-08-21T12:36:38+02:00;2026-08-21T12:36:38+02:00;;dpa;false
4e598f0f6f8f53dc15ce2a4d63ca450a30b4b21cfa2b9311b47019898508ca1b;Zahlreiche tote Fische durch Trockenheit und Niedrigwasser;https://www.zeit.de/news/2026-08/21/zahlreiche-tote-fische-durch-trockenheit-und-niedrigwasser;Hier finden Sie Informationen zu dem Thema „Fischsterben“. Lesen Sie jetzt „Zahlreiche tote Fische durch Trockenheit und Niedrigwasser“.;Fischsterben;News, Fischsterben, Thüringen, Friemar, Steinach, Herbsleben, Unstrut-Hainich-Kreis, Landkreis Sonneberg, BMU, Trockenheit, Niedrigwasser, Fisch;2026-08-21T12:33:04+02:00;2026-08-21T12:33:04+02:00;;dpa Thüringen;false
00568ce77983b079889460d97c6d199d2d8741fd3571184d9f825c372717c100;Opferbeauftragter: Nach Akutphase persönliche Gespräche;https://www.zeit.de/news/2026-08/21/opferbeauftragter-nach-akutphase-persoenliche-gespraeche;Hier finden Sie Informationen zu dem Thema „Nach CSD-Anschlag“. Lesen Sie jetzt „Opferbeauftragter: Nach Akutphase persönliche Gespräche“.;Nach CSD-Anschlag;News, Nach CSD-Anschlag, Roland Weber, Berlin, Deutsche Presse-Agentur, Christopher Street Day, Akutphase, Terroranschlag;2026-08-21T12:32:15+02:00;2026-08-21T12:32:15+02:00;;dpa Berlin/Brandenburg;false
a2775fddcde4d1584315e000f0c8f0fcef8dcec71df058c77136b704893e9937;VW-Chef kommt nach Sachsen - Zwickau hofft auf China-Modelle;https://www.zeit.de/news/2026-08/21/vw-chef-kommt-nach-sachsen-belegschaft-erhofft-perspektive;Hier finden Sie Informationen zu dem Thema „Autoindustrie“. Lesen Sie jetzt „VW-Chef kommt nach Sachsen - Zwickau hofft auf China-Modelle“.;Autoindustrie;News, Autoindustrie, Oliver Blume, Mike Rösler, China, Zwickau, Sachsen, Hannover, Neckarsulm, Volkswagen, VW, Deutsche Presse-Agentur;2026-08-21T12:31:26+02:00;2026-08-21T12:31:26+02:00;;dpa;false
8a339fcd44248ae9f9c14adbefd800dcb7d72ddcdd384a103c17b558d7f6dc56;Ramelow, Koch und Heckelmann sollen bei Lufthansa schlichten;https://www.zeit.de/news/2026-08/21/ramelow-koch-und-heckelmann-sollen-bei-lufthansa-schlichten;Hier finden Sie Informationen zu dem Thema „Tarifstreit“. Lesen Sie jetzt „Ramelow, Koch und Heckelmann sollen bei Lufthansa schlichten“.;Tarifstreit;News, Tarifstreit, Bodo Ramelow, Roland Koch, Günther Heckelmann, Deutsche Lufthansa, Vereinigung Cockpit, CDU, Lufthansa Cargo, Eurowings, Tarifstreit, Pilotengewerkschaft;2026-08-21T12:27:06+02:00;2026-08-21T12:27:06+02:00;;dpa Hessen;false
d9a80d75d8c6eddaee7515a56a2dc327522842b439a2656831c13404c925aece;Ehrgeiziger Kompany reizt Dortmund vor Supercup-Finale;https://www.zeit.de/news/2026-08/21/ehrgeiziger-kompany-reizt-dortmund-vor-supercup-finale;Hier finden Sie Informationen zu dem Thema „Fußball-Bundesliga“. Lesen Sie jetzt „Ehrgeiziger Kompany reizt Dortmund vor Supercup-Finale“.;Fußball-Bundesliga;News, Fußball-Bundesliga, Vincent Kompany, Max Eberl, Lars Ricken, Dortmund, FC Bayern München, Sat.1, Supercup, Fußball-Bundesliga, Pflichtspiel, Bundesliga;2026-08-21T12:25:50+02:00;2026-08-21T12:25:50+02:00;;dpa Bayern;false
162e5699d6951c687f279728ea90206930e968ce5134acd1b02c2472d3ad91b6;Erixx soll Bahnstrecke Lüneburg-Soltau betreiben;https://www.zeit.de/news/2026-08/21/erixx-soll-bahnstrecke-lueneburg-soltau-betreiben;Hier finden Sie Informationen zu dem Thema „Verkehr“. Lesen Sie jetzt „Erixx soll Bahnstrecke Lüneburg-Soltau betreiben“.;Verkehr;News, Verkehr, Lüneburg-Soltau, Bahnstrecke, Eisenbahnverkehrsunternehmen, Verkehr;2026-08-21T12:25:02+02:00;2026-08-21T12:25:02+02:00;;dpa Niedersachsen;false
a11c7914c2860f594c0abec0908874269d6a12f70e495f311866688dee39743b;Aktivisten von Tiananmen-Mahnwachen in Hongkong verurteilt;https://www.zeit.de/news/2026-08/21/aktivisten-von-tiananmen-mahnwachen-in-hongkong-verurteilt;Hier finden Sie Informationen zu dem Thema „Prozesse“. Lesen Sie jetzt „Aktivisten von Tiananmen-Mahnwachen in Hongkong verurteilt“.;Prozesse;News, Prozesse, Chow Hang-tung, Hongkong, Peking, China, Tian'anmen, Mitorganisator, Mahnwache, Massaker, Revolution;2026-08-21T12:16:35+02:00;2026-08-21T12:16:35+02:00;;dpa;false
443abf0b33417d47e9083960b49657779c2b8b2632b597dc466a20a652808681;Drei neue Wohnheime für sächsischen Polizeinachwuchs;https://www.zeit.de/news/2026-08/21/drei-neue-wohnheime-fuer-saechsischen-polizeinachwuchs;Hier finden Sie Informationen zu dem Thema „Polizeihochschule“. Lesen Sie jetzt „Drei neue Wohnheime für sächsischen Polizeinachwuchs“.;Polizeihochschule;News, Polizeihochschule, Rothenburg, Finanzministerium, Polizeinachwuchs, Wohnheim, Polizeihochschule, Polizeicampus;2026-08-21T12:15:50+02:00;2026-08-21T12:15:50+02:00;;dpa Sachsen;false
589a716c98d8d1bace1eaa8c64ef8074b3613b6448b4483795c935fef5256717;Wer hat «Bernd» versilbert?;https://www.zeit.de/news/2026-08/21/wer-hat-bernd-versilbert;Hier finden Sie Informationen zu dem Thema „Sachbeschädigung“. Lesen Sie jetzt „Wer hat «Bernd» versilbert?“.;Sachbeschädigung;News, Sachbeschädigung, Erfurt, Brot, Kastenbrot, Sachbeschädigung;2026-08-21T12:13:46+02:00;2026-08-21T12:13:46+02:00;;dpa;false
2f29d9451eb32fb33458a7d6f7b61ce65d6bbca1bad1498b914075f7c894cfbd;84-Jährige stirbt nach Raubüberfall;https://www.zeit.de/news/2026-08/21/84-jaehrige-stirbt-nach-raubueberfall;Hier finden Sie Informationen zu dem Thema „Kriminalität“. Lesen Sie jetzt „84-Jährige stirbt nach Raubüberfall“.;Kriminalität;News, Kriminalität, Hannover, Polizei, Raubüberfall, Schmuck, Fahrrad;2026-08-21T12:13:42+02:00;2026-08-21T12:13:42+02:00;;dpa Niedersachsen;false
298cd5e9201964d1531e1f2b0ce997ab38f9f2eef2b6b49a4a9f39c8d862a4f7;Letzte Leiche nach Lawinenunglück am Broad Peak geborgen;https://www.zeit.de/news/2026-08/21/letzte-leiche-nach-lawinenunglueck-am-broad-peak-geborgen;Hier finden Sie Informationen zu dem Thema „Lawinenunglück“. Lesen Sie jetzt „Letzte Leiche nach Lawinenunglück am Broad Peak geborgen“.;Lawinenunglück;News, Lawinenunglück, Pakistan, Deutsche Presse-Agentur, Lawinenunglück, Purja;2026-08-21T12:13:19+02:00;2026-08-21T12:13:19+02:00;;dpa;false
65eb7a42cb85b1dfcf19ccd228518289b44fa066c91659528cea9aff924d5d5e;Absturz beim Klo-Gang: Camper aus Bayern schwer verletzt;https://www.zeit.de/news/2026-08/21/absturz-beim-klo-gang-camper-aus-bayern-schwer-verletzt;Hier finden Sie Informationen zu dem Thema „Zillertal“. Lesen Sie jetzt „Absturz beim Klo-Gang: Camper aus Bayern schwer verletzt“.;Zillertal;News, Zillertal, Bayern, Zillertal, Finkenberg, Polizei, Absturz;2026-08-21T12:13:00+02:00;2026-08-21T12:13:00+02:00;;dpa Bayern;false
85e6bfa56414ad3d5ec14709d7cd36ee1215a511e9c6476451c57ead4259b483;Bundesweites Musikfestival der Schulen kommt 2027 nach Trier;https://www.zeit.de/news/2026-08/21/bundesweites-musikfestival-der-schulen-kommt-2027-nach-trier;Hier finden Sie Informationen zu dem Thema „Schulmusik“. Lesen Sie jetzt „Bundesweites Musikfestival der Schulen kommt 2027 nach Trier“.;Schulmusik;News, Schulmusik, Trier, Mainz, Musikfestival, Schulmusik;2026-08-21T12:11:38+02:00;2026-08-21T12:11:38+02:00;;dpa Rheinland-Pfalz/Saarland;false
ab8101ce71c7548326272497e020044847743d132323cad632eb22119cb56279;Bayerische Exporte wachsen - Importe noch schneller;https://www.zeit.de/news/2026-08/21/bayerische-exporte-wachsen-importe-noch-schneller;Hier finden Sie Informationen zu dem Thema „Außenhandel“. Lesen Sie jetzt „Bayerische Exporte wachsen - Importe noch schneller“.;Außenhandel;News, Außenhandel, Bayern, China, USA, Importe, Außenhandel, Ausfuhr, Landesamt, Einfuhr, Ölpreis, Auto;2026-08-21T12:08:37+02:00;2026-08-21T12:08:37+02:00;;dpa Bayern;false
3b37264c57962f0b3275ec358272ae7e43bf749454b0e915c0749e8525f4b32c;Schlangenart nach Guns-N'-Roses-Gitarrist Slash benannt;https://www.zeit.de/news/2026-08/21/schlangenart-nach-guns-n-roses-gitarrist-slash-benannt;Hier finden Sie Informationen zu dem Thema „Prominenter Namensgeber“. Lesen Sie jetzt „Schlangenart nach Guns-N'-Roses-Gitarrist Slash benannt“.;Prominenter Namensgeber;News, Prominenter Namensgeber, Field, Chicago, Neuguinea, Australien, Guns N' Roses, Schlangenart, Slash, Rockband;2026-08-21T12:08:18+02:00;2026-08-21T12:08:18+02:00;;dpa;false
ad59a8985d6efce6466f92a728bb53132c1029f631198995895be16c85c3b7d3;Ramelow soll im Tarifstreit bei Lufthansa schlichten helfen;https://www.zeit.de/wirtschaft/unternehmen/2026-08/lufthansa-bodo-ramelow-schlichter-tarifstreit-vereinigung-cockpit-gxe;Im Tarifkonflikt zwischen der Lufthansa und der Pilotengewerkschaft kommen prominente Schlichter zum Einsatz. Bodo Ramelow spendet sein Honorar einer Bildungsinitiative.;Lufthansa-Tarifstreit;Wirtschaft, Lufthansa-Tarifstreit, Bodo Ramelow, Deutsche Lufthansa, Tarifstreit, Thüringen, Vereinigung Cockpit;2026-08-21T12:06:10+02:00;2026-08-21T12:06:10+02:00;hell;DIE ZEIT,        Reuters,        dpa,        							hell;false
1058addeb0ca022c2b6bbce059c0a1b01ef4fde368168b12e035b18bafe7661f;Wieder Leihe: Lutsharel Geertruida verlässt RB Leipzig;https://www.zeit.de/news/2026-08/21/wieder-leihe-lutsharel-geertruida-verlaesst-rb-leipzig;Hier finden Sie Informationen zu dem Thema „Fußball-Bundesliga“. Lesen Sie jetzt „Wieder Leihe: Lutsharel Geertruida verlässt RB Leipzig“.;Fußball-Bundesliga;News, Fußball-Bundesliga, Lutsharel Geertruida, Leipzig, PSV Eindhoven, Feyenoord Rotterdam, RB Leipzig, Fußball-Bundesliga, Pflichtspielstart, Sommer;2026-08-21T12:05:21+02:00;2026-08-21T12:05:21+02:00;;dpa Sachsen;false
3b04b25b5506a848c068288cd9561ac415314e1fcb350d217d21445f939091eb;Schüsse in Köln-Mülheim - Zehn Verdächtige ermittelt;https://www.zeit.de/news/2026-08/20/schuesse-in-koeln-muelheim-zehn-verdaechtige-ermittelt;Hier finden Sie Informationen zu dem Thema „Gewaltkriminalität“. Lesen Sie jetzt „Schüsse in Köln-Mülheim - Zehn Verdächtige ermittelt“.;Gewaltkriminalität;News, Gewaltkriminalität, Köln-Mülheim, Polizei, Gewaltkriminalität;2026-08-21T12:01:57+02:00;2026-08-21T12:01:57+02:00;;dpa Nordrhein-Westfalen;false
d3b363c534a51924cbe8dff0940e47d9edf7813870e3f74de3416acbf7b8e301;Philipp statt Baumann bei Hoffenheim im Tor gegen Aue;https://www.zeit.de/news/2026-08/21/philipp-statt-baumann-bei-hoffenheim-im-tor-gegen-aue;Hier finden Sie Informationen zu dem Thema „DFB-Pokal“. Lesen Sie jetzt „Philipp statt Baumann bei Hoffenheim im Tor gegen Aue“.;DFB-Pokal;News, DFB-Pokal, Luca Philipp, Fisnik Asllani, Oliver Baumann, Christian Ilzer, Hoffenheim, Deutscher Fußball-Bund, FC Erzgebirge Aue, TSG 1899 Hoffenheim, Auswärtspartie, Regionalligist;2026-08-21T12:01:44+02:00;2026-08-21T12:01:44+02:00;;dpa Baden-Württemberg;false
bc8410856267913eeb545333b21cb362809d5a29d477757ffc68787454fca691;Wenn die KI so tut, als sei sie Einstein;https://www.zeit.de/2026/36/ki-wissenschaft-forschung-paper-peer-review-iclr;Künstliche Intelligenz forscht, schreibt, begutachtet Paper und sorgt für Durchbrüche. Ist der menschliche Forscher bald überflüssig?;"Z+ (abopflichtiger Inhalt);
        
    KI in der Wissenschaft";Wissenschaft, KI in der Wissenschaft, Forschung, OpenAI, künstliche Intelligenz, ChatGPT, Vergiftung;2026-08-21T12:00:11+02:00;2026-08-21T12:00:11+02:00;Rudi Novotny;Aus der        ZEIT Nr. 36/2026;false
0f2eea05b88fe1e7153f25843a092b70554717919f656ebbfc60ebc18a462f06;Knoblauch an Rostocks Küste angespült;https://www.zeit.de/news/2026-08/21/knoblauch-an-rostocks-kueste-angespuelt;Hier finden Sie Informationen zu dem Thema „Ungewöhnlicher Fund“. Lesen Sie jetzt „Knoblauch an Rostocks Küste angespült“.;Ungewöhnlicher Fund;News, Ungewöhnlicher Fund, Rostock, Knoblauchzehe, Muschel;2026-08-21T11:57:53+02:00;2026-08-21T11:57:53+02:00;;dpa;false
c178bbbf96548be4063b084cdf2f93f81f74f5b5bfbdaa59061cdf26551467da;Wechsel fix: Köln holt Frankfurts Skhiri zurück;https://www.zeit.de/news/2026-08/21/wechsel-fix-koeln-holt-frankfurts-skhiri-zurueck;Hier finden Sie Informationen zu dem Thema „Fußball-Bundesliga“. Lesen Sie jetzt „Wechsel fix: Köln holt Frankfurts Skhiri zurück“.;Fußball-Bundesliga;News, Fußball-Bundesliga, Ellyes Skhiri, Thomas Kessler, Frankfurt, Köln, Eintracht Frankfurt, 1. FC Köln, Fußball-Bundesliga;2026-08-21T11:56:59+02:00;2026-08-21T11:56:59+02:00;;dpa Hessen;false
c702d8d6ec23027392653588803b460c721c20b04a5cafa862edf4b1cb851018;Sachsenlotto sucht Gewinner einer sechsstelligen Summe;https://www.zeit.de/news/2026-08/21/sachsenlotto-sucht-gewinner-einer-sechsstelligen-summe;Hier finden Sie Informationen zu dem Thema „Glücksspiele“. Lesen Sie jetzt „Sachsenlotto sucht Gewinner einer sechsstelligen Summe“.;Glücksspiele;News, Glücksspiele, Sachsenlotto, Lottogesellschaft, Glücksspiel, Sonderauslosung;2026-08-21T11:53:26+02:00;2026-08-21T11:53:26+02:00;;dpa Sachsen;false
0431f9de633ebc536854969a59c7e2dbf84c847bae3d64c9266d837bc97c362f;Weitere Orte verbieten Wasserentnahme in Brandenburg;https://www.zeit.de/news/2026-08/21/dahme-spreewald-verbietet-wasserentnahme-in-sechs-kommunen;Hier finden Sie Informationen zu dem Thema „Trockenheit“. Lesen Sie jetzt „Weitere Orte verbieten Wasserentnahme in Brandenburg“.;Trockenheit;News, Trockenheit, Dahme-Spreewald, Unterspreewald, Lieberose, Oberspreewald, Lübben, Luckau, Spree, Spreewald, Heide, Landkreis Dahme-Spreewald;2026-08-21T11:51:06+02:00;2026-08-21T11:51:06+02:00;;dpa Berlin/Brandenburg;false
66a34d26e3598f9ff93411c2b7b3cefe125e1c87b70b8e018757a24cfd009509;Rohöl verteuert sich deutlich;https://www.zeit.de/wirtschaft/2026-08/oelpreis-rohoel-brent-strasse-von-hormus-iran-gxe;Die Rohölpreise stiegen seit Wochenbeginn um mehr als fünf Prozent an. Weil kaum Öl durch die Straße von Hormus gelangt, erwarten Ökonomen keine baldige Entspannung.;Ölpreis;Wirtschaft, Ölpreis, Ölpreis, Straße von Hormus, Iran, Donald Trump, USA;2026-08-21T11:50:56+02:00;2026-08-21T11:50:56+02:00;liw;DIE ZEIT,        dpa,        Reuters,        							liw;false
0d65e717a00930c932b1e1191dc4fe91b9a15ec159c0c2860edba6022e7752b4;Vereinsheim ohne Bier: Sportclub und Pächter suchen Einigung;https://www.zeit.de/news/2026-08/21/streit-um-alkoholausschank-in-tennis-club-in-naechster-runde;Hier finden Sie Informationen zu dem Thema „Oberlandesgericht Frankfurt“. Lesen Sie jetzt „Vereinsheim ohne Bier: Sportclub und Pächter suchen Einigung“.;Oberlandesgericht Frankfurt;News, Oberlandesgericht Frankfurt, Bayram Dalkilic, Oberlandesgericht Frankfurt, Alkoholausschank, Vereinsgaststätte, Gaststätte;2026-08-21T11:47:20+02:00;2026-08-21T11:47:20+02:00;;dpa Hessen;false
2ce899a229ef6098f46cfa8222ca1e3f989f9d319ecd02ea53bcd369a70bdeae;Unwetter mit Starkregen drohen im Südosten und in der Mitte;https://www.zeit.de/news/2026-08/21/unwetter-mit-starkregen-drohen-im-suedosten-und-in-der-mitte;Hier finden Sie Informationen zu dem Thema „Wetterausblick“. Lesen Sie jetzt „Unwetter mit Starkregen drohen im Südosten und in der Mitte“.;Wetterausblick;News, Wetterausblick, Tobias Reinartz, DWD, Südosten, Wetterausblick, Gewitter, Unwetter, Starkregen, Wetter;2026-08-21T11:47:19+02:00;2026-08-21T11:47:19+02:00;;dpa;false
cd7eed3bf557a7cc73b303c5c14a866c38c192b62ff29b2161fe04704cb18a3e;Melania Trump tritt erstmals seit einem Monat öffentlich auf;https://www.zeit.de/politik/ausland/2026-08/melania-trump-oeffentlicher-auftritt-abwesenheit-donald-trump-gxe;Die lange Abwesenheit der First Lady hatte für Spekulationen über die Beziehung mit US-Präsident Trump gesorgt. Bei einem Termin zeigten sich die beiden wieder zusammen.;USA;Politik, USA, Melania Trump, Donald Trump, Washington, USA;2026-08-21T11:43:05+02:00;2026-08-21T11:43:05+02:00;als;DIE ZEIT,        dpa,        AFP,        							als;false
ab529c30050e135d96a6a57c28d71e074f198a72ad1328277c65e93cda14b444;Nächtliches Bad in der Donau endet mit Hubschraubereinsatz;https://www.zeit.de/news/2026-08/21/naechtliches-bad-in-der-donau-endet-mit-hubschraubereinsatz;Hier finden Sie Informationen zu dem Thema „In Regensburg“. Lesen Sie jetzt „Nächtliches Bad in der Donau endet mit Hubschraubereinsatz“.;In Regensburg;News, In Regensburg, Donau, Regensburg, Polizei, Hubschraubereinsatz;2026-08-21T11:40:46+02:00;2026-08-21T11:40:46+02:00;;dpa Bayern;false
9e489e3678686b174e13ae6856f5ec4fc1d0b693061c874ae475896ff9b01e68;Tod eines Säuglings - Gericht zweifelt an Aussage der Mutter;https://www.zeit.de/news/2026-08/21/tod-eines-saeuglings-gericht-zweifelt-an-aussage-der-mutter;Hier finden Sie Informationen zu dem Thema „Gewaltsamer Tod eines Babys“. Lesen Sie jetzt „Tod eines Säuglings - Gericht zweifelt an Aussage der Mutter“.;Gewaltsamer Tod eines Babys;News, Gewaltsamer Tod eines Babys, Ben Elia, Ben Elias, Leipzig, Säugling;2026-08-21T11:40:20+02:00;2026-08-21T11:40:20+02:00;;dpa Sachsen;false
84c3c8368bd1e018a8f680795d488436c545d298137b1209d566186403dd2030;Bahn baut im Herbst auf Hauptstrecke im Ruhrgebiet;https://www.zeit.de/news/2026-08/21/bahn-baut-im-herbst-auf-hauptstrecke-im-ruhrgebiet;Hier finden Sie Informationen zu dem Thema „Neue Sperrungen“. Lesen Sie jetzt „Bahn baut im Herbst auf Hauptstrecke im Ruhrgebiet“.;Neue Sperrungen;News, Neue Sperrungen, Berlin, Ruhrgebiet, Duisburg, Oberhausen, Düsseldorf, Mülheim, Ruhr, Hauptstrecke, Sperrung, Oberleitung;2026-08-21T11:40:11+02:00;2026-08-21T11:40:11+02:00;;dpa Nordrhein-Westfalen;false
273ba27f5527e8a89a99949372be7fbf91c69d2369d8df712620e65e9934f350;Nach Herzschmerz-Abgang: Reese-Rückkehr nach Berlin;https://www.zeit.de/news/2026-08/21/nach-herzschmerz-abgang-reese-rueckkehr-nach-berlin;Hier finden Sie Informationen zu dem Thema „DFB-Pokal“. Lesen Sie jetzt „Nach Herzschmerz-Abgang: Reese-Rückkehr nach Berlin“.;DFB-Pokal;News, DFB-Pokal, Fabian Reese, Hertha Sinn, Berlin, Wolfsburg, Niedersachsen, Deutscher Fußball-Bund, VfL Wolfsburg, Hertha BSC Berlin, VSG Altglienicke, SZ;2026-08-21T11:36:48+02:00;2026-08-21T11:36:48+02:00;;dpa Berlin/Brandenburg;false
ac207eec3d7931b3347825fba88f2c8b25a4734386dcbf2e0df60f86d2fd54bb;Knapp elf Millionen Euro für Sanierung der Brockenbahn;https://www.zeit.de/news/2026-08/21/knapp-elf-millionen-euro-fuer-sanierung-der-brockenbahn;Hier finden Sie Informationen zu dem Thema „Neue Weichen und Gleise“. Lesen Sie jetzt „Knapp elf Millionen Euro für Sanierung der Brockenbahn“.;Neue Weichen und Gleise;News, Neue Weichen und Gleise, Sachsen-Anhalt, Harzer Schmalspurbahnen, Brockenbahn, Brockenstrecke, Sanierung, Geld;2026-08-21T11:36:43+02:00;2026-08-21T11:36:43+02:00;;dpa Sachsen;false
b541f631ec7f30b019347b77cd9acab016185765ab8e23b031c7fcbf2df18307;Zahl der Rentnerinnen und Rentner in Berlin gestiegen;https://www.zeit.de/news/2026-08/21/zahl-der-rentnerinnen-und-rentner-in-berlin-gestiegen;Hier finden Sie Informationen zu dem Thema „Rentenleistungen“. Lesen Sie jetzt „Zahl der Rentnerinnen und Rentner in Berlin gestiegen“.;Rentenleistungen;News, Rentenleistungen, Berlin, Rente;2026-08-21T11:36:18+02:00;2026-08-21T11:36:18+02:00;;dpa Berlin/Brandenburg;false
2e2de9e2d73398bfc84dd2bd487d5f80dc58bb25a36cd0c2b74ad5527f946f87;80-Jähriger legt Feuer und nennt dafür ungewöhnlichen Grund;https://www.zeit.de/news/2026-08/21/80-jaehriger-legt-feuer-und-nennt-dafuer-ungewoehnlichen-grund;Hier finden Sie Informationen zu dem Thema „Brandstiftung“. Lesen Sie jetzt „80-Jähriger legt Feuer und nennt dafür ungewöhnlichen Grund“.;Brandstiftung;News, Brandstiftung, Bremen, Polizei, Kleingartengebiet;2026-08-21T11:35:51+02:00;2026-08-21T11:35:51+02:00;;dpa Niedersachsen;false
6af9c90ed7aee11aa29cdca925710e10dfe1b51d20d06c853e0ff4a2f529f2a6;Deutsche Firmen erhalten Erstattungen für Trump-Zölle;https://www.zeit.de/politik/ausland/2026-08/us-zoelle-zoll-rueckzahlung-unternehmen-dhl-adidas-gxe;Von den USA verhängte Zölle wurden vom Obersten Gerichtshof für unzulässig erklärt. Die Erstattungssumme liegt bei knapp einer Milliarde.;US-Zölle;Wirtschaft, US-Zölle, USA, US-Zölle, Donald Trump, Düsseldorf, DHL;2026-08-21T11:35:14+02:00;2026-08-21T11:35:14+02:00;thor;DIE ZEIT,        dpa,        Reuters,        							thor;false
f4476b73b6b2099bfb022c10d51945a0e1c6ef614e7d8eab9645edb7d7d2283e;Berliner Panda-Zwillinge feiern 2. Geburtstag;https://www.zeit.de/news/2026-08/21/berliner-panda-zwillinge-feiern-2-geburtstag;Hier finden Sie Informationen zu dem Thema „Tiere“. Lesen Sie jetzt „Berliner Panda-Zwillinge feiern 2. Geburtstag“.;Tiere;News, Tiere, Florian Sick, China, Berliner Zoo, Geburtstagssnack, Gemüsesaft, Geburtstag, Tiere;2026-08-21T11:32:13+02:00;2026-08-21T11:32:13+02:00;;dpa;false
cff29821a371fc640e16a4c4401f76684317700896c406b57ba356bf4a23a6b1;In den eigenen Darm gestopft;https://www.zeit.de/2026/36/elfriede-jelinek-unter-tieren-salzburger-festspiele;Sprachverspielt von Kalauer zu Kalauer: Elfriede Jelineks animalisches Stück »Unter Tieren« stellt bei den Salzburger Festspielen die Frage, wer das ärmste Schwein ist.;"Z+ (abopflichtiger Inhalt);
        
    »Unter Tieren« von Elfriede Jelinek";Feuilleton, »Unter Tieren« von Elfriede Jelinek, Salzburger Festspiele, Theater, Elfriede Jelinek, Tiere, Festspiel;2026-08-21T11:31:58+02:00;2026-08-21T11:31:58+02:00;Sven Behrisch;Aus der        ZEIT Nr. 36/2026;false
e3b67e35ff8877d96c01a0418f3ff01c7f529f3543ffbee770f8e0b63a595d71;Was nach einem Jahr vom EU-US-Zolldeal geblieben ist;https://www.zeit.de/news/2026-08/21/was-nach-einem-jahr-vom-eu-us-zolldeal-geblieben-ist;Hier finden Sie Informationen zu dem Thema „Trumps Zollchaos“. Lesen Sie jetzt „Was nach einem Jahr vom EU-US-Zolldeal geblieben ist“.;Trumps Zollchaos;News, Trumps Zollchaos, Donald Trump, Ursula von der Leyen, Kommissionspräsidentin, USA, Brüssel, Europäische Union, BDI, Zollchaos, Zollkonflikt, Zoll;2026-08-21T11:30:55+02:00;2026-08-21T11:30:55+02:00;;dpa;false
061f9907b6176c33ff0a91c039ce78bfd70e43e6eb5372f1711b2f3504883939;Hier sind unter 18-Jährige zur Landtagswahl gefragt;https://www.zeit.de/news/2026-08/21/hier-sind-unter-18-jaehrige-zur-landtagswahl-gefragt;Hier finden Sie Informationen zu dem Thema „Vor der Landtagswahl“. Lesen Sie jetzt „Hier sind unter 18-Jährige zur Landtagswahl gefragt“.;Vor der Landtagswahl;News, Vor der Landtagswahl, Landtagswahl;2026-08-21T11:30:20+02:00;2026-08-21T11:30:20+02:00;;dpa Sachsen;false
a10c208db1db254479dd40e4b0782a15c7eff29a1afdaa0ee6536caa7c417125;Swingerparty im Rathaus? Stadt braucht offiziellen Antrag;https://www.zeit.de/news/2026-08/21/swingerparty-im-rathaus-stadt-braucht-offiziellen-antrag;Hier finden Sie Informationen zu dem Thema „Kurioser Vorschlag“. Lesen Sie jetzt „Swingerparty im Rathaus? Stadt braucht offiziellen Antrag“.;Kurioser Vorschlag;News, Kurioser Vorschlag, Julien Ferrat, Mannheim, Swingerparty, FKK;2026-08-21T11:29:36+02:00;2026-08-21T11:29:36+02:00;;dpa;false
3e142cff20012423f98c2c2491eccb98c66a065b526785e006e7efbff70a531b;Saarland plant grenzüberschreitende Brandbekämpfung;https://www.zeit.de/news/2026-08/21/saarland-plant-grenzueberschreitende-brandbekaempfung;Hier finden Sie Informationen zu dem Thema „Katastrophenschutz“. Lesen Sie jetzt „Saarland plant grenzüberschreitende Brandbekämpfung“.;Katastrophenschutz;News, Katastrophenschutz, Reinhold Jost, Saarland, Luxemburg, Rheinland-Pfalz, SPD, Brandbekämpfung, Vegetationsbrand, Katastrophenschutz, Wald;2026-08-21T11:29:11+02:00;2026-08-21T11:29:11+02:00;;dpa Rheinland-Pfalz/Saarland;false
9cb228ca1e579770330e12b03893f2bf3ac01ddd6e7a566ae818ba6ac9153522;Toaster fängt Feuer – Haus für betreutes Wohnen evakuiert;https://www.zeit.de/news/2026-08/21/toaster-faengt-feuer-haus-fuer-betreutes-wohnen-evakuiert;Hier finden Sie Informationen zu dem Thema „Wohnung unbewohnbar“. Lesen Sie jetzt „Toaster fängt Feuer – Haus für betreutes Wohnen evakuiert“.;Wohnung unbewohnbar;News, Wohnung unbewohnbar, Nagold, Toaster, Wohneinrichtung;2026-08-21T11:22:26+02:00;2026-08-21T11:22:26+02:00;;dpa Baden-Württemberg;false
84dcbe5b41871b7d8f187166fb73e0af00627c822b1ecac9eb7188c06333001f;Hamilton-Ansage im Titelkampf: Fit wie nie zuvor;https://www.zeit.de/news/2026-08/21/hamilton-ansage-im-titelkampf-fit-wie-nie-zuvor;Hier finden Sie Informationen zu dem Thema „Formel 1“. Lesen Sie jetzt „Hamilton-Ansage im Titelkampf: Fit wie nie zuvor“.;Formel 1;News, Formel 1, Lewis Hamilton, Brite Hamilton, Kim Kardashian, Zandvoort, Mercedes-Benz, Ferrari, RTL, Formel 1, Großer Preis der Niederlande, Titelkampf;2026-08-21T11:20:47+02:00;2026-08-21T11:20:47+02:00;;dpa Sport;false
ba67033e7f0484dd28d7bfc2b45ba9c8dae598dee2df350673c1faf8154d95c5;Osten würde ohne Zuwanderung viele Arbeitskräfte verlieren;https://www.zeit.de/wirtschaft/2026-08/demografischer-wandel-ostdeutschland-erwerbsbevoelkerung-zuwanderung-migration-gxe;Ökonomen zufolge wäre der Osten Deutschland ohne Migration besonders stark von Arbeitskräftemangel betroffen. Bis 2045 wäre dort weniger als jeder Zweite erwerbstätig.;Demografischer Wandel;Wirtschaft, Demografischer Wandel , Ostdeutschland, Berlin, Migration, Arbeitsmarkt;2026-08-21T11:17:56+02:00;2026-08-21T11:17:56+02:00;ale;DIE ZEIT,        Reuters,        dpa,        							ale;false
00bef434e0e4b82e613dd732025182dea37af4b72c5fab75fc57d75b157dee75;Bundesstraße nach Frontalcrash gesperrt;https://www.zeit.de/news/2026-08/21/bundesstrasse-nach-frontalcrash-gesperrt;Hier finden Sie Informationen zu dem Thema „Auf Gegenfahrbahn geraten“. Lesen Sie jetzt „Bundesstraße nach Frontalcrash gesperrt“.;Auf Gegenfahrbahn geraten;News, Auf Gegenfahrbahn geraten, Korntal-Münchingen, Ludwigsburg, Frontalcrash, Bundesstraße, Gegenfahrbahn, Frontalzusammenstoß, Transporter;2026-08-21T11:17:41+02:00;2026-08-21T11:17:41+02:00;;dpa Baden-Württemberg;false
499fa45167529dc4c0ec774f7e35ec91f78042d6d9a4a6a8a5aabdc5f21717fd;Ostdeutschland verliert ohne Zuwanderung viele Arbeitskräfte;https://www.zeit.de/news/2026-08/21/ostdeutschland-verliert-ohne-zuwanderung-viele-arbeitskraefte;Hier finden Sie Informationen zu dem Thema „Arbeitsmarkt im Osten“. Lesen Sie jetzt „Ostdeutschland verliert ohne Zuwanderung viele Arbeitskräfte“.;Arbeitsmarkt im Osten;News, Arbeitsmarkt im Osten, Ostdeutschland, Institut der deutschen Wirtschaft, Zuwanderung;2026-08-21T11:12:05+02:00;2026-08-21T11:12:05+02:00;;dpa;false
30eaea4162b1ef8dae74cf5ab9faba7d55e9a2f3b0d45539c974793a9427b11b;Wahlhilfe: Neuer Kandidierendencheck für MV-Landtagswahl;https://www.zeit.de/news/2026-08/21/wahlhilfe-neuer-kandidierendencheck-fuer-mv-landtagswahl;Hier finden Sie Informationen zu dem Thema „Vor der Wahl“. Lesen Sie jetzt „Wahlhilfe: Neuer Kandidierendencheck für MV-Landtagswahl“.;Vor der Wahl;News, Vor der Wahl, Mecklenburg-Vorpommern, SPD, Alternative für Deutschland, CDU, Wahl-O-Mat, Landtagswahl, Kandidierendencheck, Vergleichsportal, Plattform;2026-08-21T11:09:33+02:00;2026-08-21T11:09:33+02:00;;dpa Mecklenburg-Vorpommern;false
84005ad5cbdf00a302ad7ef5fe248e4225ded1acb10fefa2c8e5749212cf5fb1;Fielmann-Kurs gerät nach trüber Prognose unter Druck;https://www.zeit.de/news/2026-08/21/fielmann-kurs-geraet-nach-trueber-prognose-unter-druck;Hier finden Sie Informationen zu dem Thema „Optik“. Lesen Sie jetzt „Fielmann-Kurs gerät nach trüber Prognose unter Druck“.;Optik;News, Optik, Fielmann, Optik, Jahresprognose, Prognose, Aktien;2026-08-21T11:02:58+02:00;2026-08-21T11:02:58+02:00;;dpa Hamburg/Schleswig-Holstein;false
6561c15a6db755026d2229f7327f0a9cd2dfb9fd47a8ff806bc2954f2256fe5f;Weshalb Fürths Trainer im Pokal auf Experimente verzichtet;https://www.zeit.de/news/2026-08/21/weshalb-fuerths-trainer-im-pokal-auf-experimente-verzichtet;Hier finden Sie Informationen zu dem Thema „Auftakt gegen VfL Bochum“. Lesen Sie jetzt „Weshalb Fürths Trainer im Pokal auf Experimente verzichtet“.;Auftakt gegen VfL Bochum;News, Auftakt gegen VfL Bochum, Heiko Vogel, Florian Hellstern, Fürth, VfL Bochum, SpVgg Greuther Fürth, Deutscher Fußball-Bund, Pokal, Auftaktspiel;2026-08-21T11:02:35+02:00;2026-08-21T11:02:35+02:00;;dpa Bayern;false
77fee36e608c4c779e830ed654593ed05ba68aa5e93fa5e80f81ba9485cd9b50;Verband: Immobilienpreise im Saarland sind gerade günstig;https://www.zeit.de/news/2026-08/21/verband-immobilienpreise-im-saarland-sind-gerade-guenstig;Hier finden Sie Informationen zu dem Thema „Eigenheim“. Lesen Sie jetzt „Verband: Immobilienpreise im Saarland sind gerade günstig“.;Eigenheim;News, Eigenheim, Saarland, Saarbrücken, Saarlouis, IVD, Immobilienverband Deutschland, Eigenheim, Wohnimmobilie, Kaufpreis, Eigentumswohnung, Immobilienpreise;2026-08-21T11:00:05+02:00;2026-08-21T11:00:05+02:00;;dpa Rheinland-Pfalz/Saarland;false
02338fefc724218f310db60afa2f31f33dffef23ee9b61200ae6522dc7b01b9d;Schweres Erdbeben erschüttert Peru;https://www.zeit.de/gesellschaft/zeitgeschehen/2026-08/erdbeben-peru-magnitude-parinacochas-lima-rettung-gxe;Nach den schweren Erdbeben in Venezuela und Kolumbien wurde nun auch ein schweres Erdbeben in Peru gemessen. Mindestens zwei Menschen wurden verletzt.;Südamerika;Gesellschaft, Südamerika, Peru, Lima, Erdbeben, Venezuela, Kolumbien;2026-08-21T10:58:39+02:00;2026-08-21T10:58:39+02:00;pip;DIE ZEIT,        AFP,        dpa,        							pip;false
703e200eec3f08a72f1f44dd5b2f37945724e92309a261c34e62d3562dfc5129;Bestnoten bei Schulabschlüssen hinter Gittern;https://www.zeit.de/news/2026-08/21/bestnoten-bei-schulabschluessen-hinter-gittern;Hier finden Sie Informationen zu dem Thema „Strafvollzug“. Lesen Sie jetzt „Bestnoten bei Schulabschlüssen hinter Gittern“.;Strafvollzug;News, Strafvollzug, Sachsen-Anhalt, Bestnote, Schulabschluss, Strafvollzug;2026-08-21T10:57:32+02:00;2026-08-21T10:57:32+02:00;;dpa Sachsen;false
740db23804706fbd122e9696e6edf7367767f7ea9ad7395901576c0e763e0e4a;Blitzeinschlag beschädigt Einfamilienhaus in Lensahn schwer;https://www.zeit.de/news/2026-08/21/blitzeinschlag-beschaedigt-einfamilienhaus-in-lensahn-schwer;Hier finden Sie Informationen zu dem Thema „Gebäude nicht mehr bewohnbar“. Lesen Sie jetzt „Blitzeinschlag beschädigt Einfamilienhaus in Lensahn schwer“.;Gebäude nicht mehr bewohnbar;News, Gebäude nicht mehr bewohnbar, Lensahn, Blitzeinschlag, Einfamilienhaus;2026-08-21T10:54:55+02:00;2026-08-21T10:54:55+02:00;;dpa Hamburg/Schleswig-Holstein;false
bcb49be4e75242a20d02b7bcef8527c921ab507ec605cb42eb3e9477fcf9e325;Tod eines 15-Jährigen in Eckernförde - Anklage erhoben;https://www.zeit.de/news/2026-08/21/tod-eines-15-jaehrigen-in-eckernfoerde-anklage-erhoben;Hier finden Sie Informationen zu dem Thema „Totschlag“. Lesen Sie jetzt „Tod eines 15-Jährigen in Eckernförde - Anklage erhoben“.;Totschlag;News, Totschlag, Michael Bimler, Eckernförde, Bremen, Staatsanwaltschaft, Cannabis, Anklage, Totschlag, Ostseestadt;2026-08-21T10:52:26+02:00;2026-08-21T10:52:26+02:00;;dpa Hamburg/Schleswig-Holstein;false
d28cb3e9979923a33784ae142a50abaadb8adb5124f8ef4626faaffc5ab5b513;Aufräumarbeiten nach Tornado - Häuser weiter unbewohnbar;https://www.zeit.de/news/2026-08/21/aufraeumarbeiten-nach-tornado-haeuser-weiter-unbewohnbar;Hier finden Sie Informationen zu dem Thema „Unwetter in Hessen“. Lesen Sie jetzt „Aufräumarbeiten nach Tornado - Häuser weiter unbewohnbar“.;Unwetter in Hessen;News, Unwetter in Hessen, Mittelhessen, Solms, Lahn-Dill-Kreis, Aufräumarbeit, Tornado;2026-08-21T10:52:13+02:00;2026-08-21T10:52:13+02:00;;dpa Hessen;false
2613ef2cf8e0ecc5654655ad86baeee8744a329343a7a282072b306751d0f2bf;FC Bayern findet wohl Abnehmer für Palhinha in Portugal;https://www.zeit.de/news/2026-08/21/fc-bayern-findet-wohl-abnehmer-fuer-palhinha-in-portugal;Hier finden Sie Informationen zu dem Thema „Fußball-Bundesliga“. Lesen Sie jetzt „FC Bayern findet wohl Abnehmer für Palhinha in Portugal“.;Fußball-Bundesliga;News, Fußball-Bundesliga, Max Eberl, Thomas Tuchel, Portugal, Bayern, München, Benfica Lissabon, Aston Villa, FC Bayern München, Fußball-Bundesliga, Premier League;2026-08-21T10:50:00+02:00;2026-08-21T10:50:00+02:00;;dpa Bayern;false
52fd51b0dccf845e81d4d1945f823d3ff1744708c1a2f659bc759271196f5e2a;Anhänger umgekippt: 20 Tonnen Mais ergießen sich über Radweg;https://www.zeit.de/news/2026-08/21/anhaenger-umgekippt-20-tonnen-mais-ergiessen-sich-ueber-radweg;Hier finden Sie Informationen zu dem Thema „Unfall in Oberbayern“. Lesen Sie jetzt „Anhänger umgekippt: 20 Tonnen Mais ergießen sich über Radweg“.;Unfall in Oberbayern;News, Unfall in Oberbayern, Oberbayern, Landkreis Ebersberg, Radweg;2026-08-21T10:47:56+02:00;2026-08-21T10:47:56+02:00;;dpa Bayern;false
70f2711443f4ac3bfa6cda490441caaee51cbb7ef46f8ae0f4329e74b8947aba;Mehr Prostituierte, aber weniger Bordelle;https://www.zeit.de/news/2026-08/21/mehr-prostituierte-aber-weniger-bordelle;Hier finden Sie Informationen zu dem Thema „Statistik“. Lesen Sie jetzt „Mehr Prostituierte, aber weniger Bordelle“.;Statistik;News, Statistik, Bayern, Fürth, Bordell, Prostitutionsgewerbe;2026-08-21T10:44:27+02:00;2026-08-21T10:44:27+02:00;;dpa Bayern;false
39870ef06688b972b25e9bca5524bb204f3aaaa614978a52ca84a3fd433738b8;Abwehr-Talent Coulibaly verlässt Werder Bremen;https://www.zeit.de/news/2026-08/21/abwehr-talent-coulibaly-verlaesst-werder-bremen;Hier finden Sie Informationen zu dem Thema „Fußball-Bundesliga“. Lesen Sie jetzt „Abwehr-Talent Coulibaly verlässt Werder Bremen“.;Fußball-Bundesliga;News, Fußball-Bundesliga, Karim Coulibaly, Clemens Fritz, Bremen, Weser, Racing Straßburg, SV Werder Bremen, Fußball-Bundesliga, Bundesliga;2026-08-21T10:34:32+02:00;2026-08-21T10:34:32+02:00;;dpa Niedersachsen;false
ea02c0359e9cedc997a7ffef23e4a1343c0380a23bb7d234620de1fa2c48b2e2;DWD rechnet mit schweren Gewittern und Starkregen;https://www.zeit.de/news/2026-08/21/wetter-in-bayern-es-bleibt-nass;Hier finden Sie Informationen zu dem Thema „Wetter am Wochenende“. Lesen Sie jetzt „DWD rechnet mit schweren Gewittern und Starkregen“.;Wetter am Wochenende;News, Wetter am Wochenende, Bayern, Südbayern, DWD, Wetter, Unwetter;2026-08-21T10:33:18+02:00;2026-08-21T10:33:18+02:00;;dpa Bayern;false
dcc56ea871c9bf86275aefd9f9aaa583f33cfe4e35a803260ab56b248d063413;Wie sehen Verbände in Hessen einen möglichen Zivildienst?;https://www.zeit.de/news/2026-08/21/wie-sehen-verbaende-in-hessen-einen-moeglichen-zivildienst;Hier finden Sie Informationen zu dem Thema „Wehrpflicht“. Lesen Sie jetzt „Wie sehen Verbände in Hessen einen möglichen Zivildienst?“.;Wehrpflicht;News, Wehrpflicht, Mann, Hessen, Bundesregierung, VdK, Caritas, DRK, Zivildienst, Pflege, Wehrpflicht, Senioren;2026-08-21T10:31:52+02:00;2026-08-21T10:31:52+02:00;;dpa Hessen;false
e6947a3722d2608f5c86fc5a0629f4c09935d6938011de96275a20adef37ca17;Warken verteidigt Merz - «Luft nach oben bei Umfragewerten»;https://www.zeit.de/news/2026-08/21/warken-verteidigt-merz-luft-nach-oben-bei-umfragewerten;Hier finden Sie Informationen zu dem Thema „Bundesregierung“. Lesen Sie jetzt „Warken verteidigt Merz - «Luft nach oben bei Umfragewerten»“.;Bundesregierung;News, Bundesregierung, Nina Warken, Friedrich Merz, ZDF, Bundesregierung, CDU, Umfragewert, Verbesserungsbedarf, Kritik;2026-08-21T10:24:38+02:00;2026-08-21T10:24:38+02:00;;dpa;false
957c6abc84c081c6ad28c9a6e49fe22fc84ebf211c1ff40a6de1c49ca749e261;Energieverband warnt vor Herausforderungen beim Füllen der Gasspeicher;https://www.zeit.de/wirtschaft/2026-08/gasspeicher-deutschland-fuellstand-november-energieverband;Bis November sollen die deutschen Gasspeicher einen Füllstand von 70 Prozent erreichen. Der Bundesverband BDEW hält das noch für möglich – »aber es wird immer enger«.;Bundesverband der Energie- und Wasserwirtschaft;Wirtschaft, Bundesverband der Energie- und Wasserwirtschaft, Gaspreis, Russland, Wirtschaftspolitik, Krieg in der Ukraine, Iran;2026-08-21T10:20:10+02:00;2026-08-21T10:20:10+02:00;als;DIE ZEIT,        dpa,        Reuters,        							als;false
52b242e7d2698c84ddbd59f05003bc4786cf907e215055400510c1200a742bb8;Nach Hackerangriff Verwaltungen weiter vom Netz getrennt;https://www.zeit.de/news/2026-08/21/nach-hackerangriff-verwaltungen-weiter-vom-netz-getrennt;Hier finden Sie Informationen zu dem Thema „Verwaltung offline“. Lesen Sie jetzt „Nach Hackerangriff Verwaltungen weiter vom Netz getrennt“.;Verwaltung offline;News, Verwaltung offline, Berlin, Hackerangriff, Landesnetz, Senatsverwaltung;2026-08-21T10:10:50+02:00;2026-08-21T10:10:50+02:00;;dpa Berlin/Brandenburg;false
1651e6de0de9a962a64fa756bec47755b4b3bdeeb35ba9d426d6bcf3615509d1;Rheinfähre bei Kaub fährt wieder;https://www.zeit.de/news/2026-08/21/rheinfaehre-bei-kaub-faehrt-wieder;Hier finden Sie Informationen zu dem Thema „Niedrigwasser“. Lesen Sie jetzt „Rheinfähre bei Kaub fährt wieder“.;Niedrigwasser;News, Niedrigwasser, Kaub, Rhein, Lahn, Rheinfähre, Niedrigwasser, Sommer, Fahrzeug;2026-08-21T10:06:07+02:00;2026-08-21T10:06:07+02:00;;dpa Rheinland-Pfalz/Saarland;false
f5e0a9c5d23a070fd93c92a2c7a18d442ec841ea6e3f98ea318b324b682ba841;Fünf Vermisste nach Gebäudebrand in Graubünden;https://www.zeit.de/news/2026-08/21/fuenf-vermisste-nach-gebaeudebrand-in-graubuenden;Hier finden Sie Informationen zu dem Thema „Brände“. Lesen Sie jetzt „Fünf Vermisste nach Gebäudebrand in Graubünden“.;Brände;News, Brände, Thusis, Graubünden, Polizei, Gebäudebrand, Brand;2026-08-21T10:04:49+02:00;2026-08-21T10:04:49+02:00;;dpa Baden-Württemberg;false
629754bb8895be8b2368d145daa2744afb5f443be29227c7130a7d3d42e0c148;Pilotenmörder in Südkorea zu lebenslanger Haft verurteilt;https://www.zeit.de/news/2026-08/21/pilotenmoerder-in-suedkorea-zu-lebenslanger-haft-verurteilt;Hier finden Sie Informationen zu dem Thema „Sechs Morde geplant“. Lesen Sie jetzt „Pilotenmörder in Südkorea zu lebenslanger Haft verurteilt“.;Sechs Morde geplant;News, Sechs Morde geplant, Busan, Südkorea, Yonhap News Agency, Mord;2026-08-21T10:03:50+02:00;2026-08-21T10:03:50+02:00;;dpa;false
69e3328004383fb3cfa5244845fa4e44de9411c64e761acd16d28a4f8bc2b6d7;Maschinenbau rettet Halbjahr mit starken Exporten im Juni;https://www.zeit.de/news/2026-08/21/maschinenbau-rettet-halbjahr-mit-starken-exporten-im-juni;Hier finden Sie Informationen zu dem Thema „Konjunktur“. Lesen Sie jetzt „Maschinenbau rettet Halbjahr mit starken Exporten im Juni“.;Konjunktur;News, Konjunktur, Anke Uhlig, Frankfurt, USA, China, VDMA, Export, Maschinenbau;2026-08-21T10:00:58+02:00;2026-08-21T10:00:58+02:00;;dpa;false
10ea731d71ca2df11d95aa550c21dde1ba583f14bb308e1be6d5302d9c45dbe3;»Rumhängen und den Tag versiffen – das ist nichts für uns Preußen!«;https://www.zeit.de/2026/36/strenge-lehrer-autoritaet-schule-angst-unterricht;Ihr Regiment war eisern, oft waren sie verhasst. Strenge Lehrer vergisst man nicht. Wie sehr sie uns prägten, wissen wir meist erst hinterher. ZEIT-Autoren erinnern sich.;"Z+ (abopflichtiger Inhalt);
        
    Strenge Lehrer";Bildung, Strenge Lehrer, Jugendliche, Lehrer, Bildung, Schule;2026-08-21T09:58:43+02:00;2026-08-21T09:58:43+02:00;Christoph FarkasIven Yorick FenkerStefanie FlammLea FrehseChristian FuchsLisa HegemannTina HildebrandtWenke HusmannAnne JeschkeSebastian KempkensIjoma MangoldOskar PiegsaDr. Stefan SchmittLeonie SeifertAdam SoboczynskiOliver VoßMartin PetersenTheresa TröndleRobert GastHenning SußebachEser Aktay;Aus der        ZEIT Nr. 36/2026;false
cb5ab4cf183222d66fed1d801f0f6132b5f36b4946b82772a13fe8072abdd2cf;Mehr als 300 Festnahmen nach Bränden in Griechenland;https://www.zeit.de/news/2026-08/21/mehr-als-300-festnahmen-nach-braenden-in-griechenland;Hier finden Sie Informationen zu dem Thema „Verheerende Feuer“. Lesen Sie jetzt „Mehr als 300 Festnahmen nach Bränden in Griechenland“.;Verheerende Feuer;News, Verheerende Feuer, Giorgos Artopoio, Griechenland, Feuerwehr, Brand;2026-08-21T09:58:22+02:00;2026-08-21T09:58:22+02:00;;dpa;false
e36df6e05e622299d92d19a6500b5469a7e6fe1cdc161792e5013d946ea3f075;Leihmutterschaft: Verletzt das Verbot die Grundrechte von Frauen?;https://www.zeit.de/politik/2026-08/leihmutterschaft-verbot-deutschland-frauen-selbstbestimmung;Leihmutterschaft und Eizellspende sind in Deutschland verboten. Ist das ein Eingriff in unsere Grundrechte? Wir fassen die Debatte zusammen.;Verbot von Leihmutterschaft;Politik, Verbot von Leihmutterschaft, Leihmutterschaft, Schwangerschaft, Grundrecht, Jens Spahn, Friedrich Merz;2026-08-21T09:57:07+02:00;2026-08-21T09:57:07+02:00;Julia BrötzMatthias GiordanoConstanze KainzHanna Grabbe;;false
d9e3616be8ef9c2a24ea527a21be9300309b54c46ef88d5a7415aeaa7e69922a;Von falschen Bäuchen und anderen Märchen;https://www.zeit.de/zeit-magazin/2026/36/promi-verschwoerungen-usher-anne-hathaway-misstrauen-ki;Ein mutmaßlicher Doppelgänger auf der Bühne. Eine Schwangerschaft, an die irgendjemand nicht glaubt. Was hilft bloß gegen diese Verdächtigungen?;"Z+ (abopflichtiger Inhalt);
        
    Promi-Verschwörungen";künstliche Intelligenz, Schwangerschaft, Anne Hathaway, Paul McCartney, Usher, Instagram;2026-08-21T09:56:09+02:00;2026-08-21T09:56:09+02:00;Claire Beermann;Aus dem        ZEITmagazin Nr. 36/2026;false
5e822021dd778a5b49ea893295a76bf03688e247e775b90bb8941bf1d31fb855;Katharina Kiel: Wie tickt die Präsidentin der Bundesliga?;https://www.zeit.de/news/2026-08/21/katharina-kiel-wie-tickt-die-praesidentin-der-bundesliga;Hier finden Sie Informationen zu dem Thema „Fußball der Frauen“. Lesen Sie jetzt „Katharina Kiel: Wie tickt die Präsidentin der Bundesliga?“.;Fußball der Frauen;News, Fußball der Frauen, Katharina Kiel, Christian Seifert, Oliver Bierhoff, Axel Hellmann, Mann, Deutscher Fußball-Bund, Eintracht Frankfurt, Bundesliga, Fußball;2026-08-21T09:56:05+02:00;2026-08-21T09:56:05+02:00;;dpa Hessen;false
b03de68b01888d4946876e6eb2d27c5438f661cf95f682d4944a4a67b5de269e;Welcher Lehrer hat Ihr Leben geprägt?;https://www.zeit.de/arbeit/2026-08/lehrer-schule-bildung-lehrkaefte-praegung-aufruf;Manche Lehrerinnen vergisst man nie, weil sie das eigene Leben stark beeinflusst haben. Ohne welchen Lehrer wären Sie heute nicht, wer Sie sind? Erzählen Sie es uns.;Lehrer;Arbeit, Lehrer, Lehrer, Bildung, Schule, Studiengang, Kinder;2026-08-21T09:55:11+02:00;2026-08-21T09:55:11+02:00;Viktoria Pehlke;;false
d82b50ebb70c617114284a6d6cc5dbb32a92cc0ccb3485d3953cac1de27581c3;Staat zahlt erneut mehr für Sozialhilfe;https://www.zeit.de/news/2026-08/21/staat-zahlt-erneut-mehr-fuer-sozialhilfe;Hier finden Sie Informationen zu dem Thema „Sozialausgaben“. Lesen Sie jetzt „Staat zahlt erneut mehr für Sozialhilfe“.;Sozialausgaben;News, Sozialausgaben, Statistisches Bundesamt, Sozialausgabe, Sozialhilfe, Geld;2026-08-21T09:48:11+02:00;2026-08-21T09:48:11+02:00;;dpa;false
b312d9f426cf20f8320c45c2e3ff3c72945477ff994bb723a65417be55ef07e8;IG Metall will Aufschlag für Beschäftigte in gut verdienenden Firmen;https://www.zeit.de/wirtschaft/2026-08/ig-metall-tarifrunde-gehalt-transformationsgeld-ruestung-medizintechnik-gxe;Die Umsätze in Rüstung und Medizintechnik sind laut der Gewerkschaft gut. Die IG Metall schlägt daher Gehaltsaufschläge für Beschäftigte dieser Firmen vor.;IG Metall;Wirtschaft, IG Metall, IG Metall, Umsatz, Gehalt, Tarifrunde, Medizintechnik;2026-08-21T09:41:54+02:00;2026-08-21T09:41:54+02:00;pip;DIE ZEIT,        AFP,        							pip;false
d053e49e7998af16b6bf1a34fcc77691e122bb239a26e15d527b38ce18dee668;FC Augsburg endlich raus «aus dem Freundschaftsspiel-Modus»;https://www.zeit.de/news/2026-08/21/fc-augsburg-endlich-raus-aus-dem-freundschaftsspiel-modus;Hier finden Sie Informationen zu dem Thema „Auftakt im DFB-Pokal“. Lesen Sie jetzt „FC Augsburg endlich raus «aus dem Freundschaftsspiel-Modus»“.;Auftakt im DFB-Pokal;News, Auftakt im DFB-Pokal, Manuel Baum, Michael Gregoritsch, Cottbus, FC Augsburg, Deutscher Fußball-Bund, RB Leipzig, FC Energie Cottbus, Handelfmeter;2026-08-21T09:41:39+02:00;2026-08-21T09:41:39+02:00;;dpa Bayern;false
e9d7365f2d8cc0fab2872d756d0beb6cb197e40f3f85de2acd9bc91896d43dcb;Schweizer verunglimpft Feiertag auf Bali – ein Jahr Haft;https://www.zeit.de/news/2026-08/21/schweizer-verunglimpft-feiertag-auf-bali-ein-jahr-haft;Hier finden Sie Informationen zu dem Thema „Tourismus“. Lesen Sie jetzt „Schweizer verunglimpft Feiertag auf Bali – ein Jahr Haft“.;Tourismus;News, Tourismus, Bali, Schweiz, Denpasar, Neujahr, Feiertag;2026-08-21T09:36:37+02:00;2026-08-21T09:36:37+02:00;;dpa;false
84e5e52565b2a0a32e9226296924236a796f5bcfec789c5c83a88e19ca1f4bae;Elfjähriger auf Fahrrad von Auto erfasst – schwer verletzt;https://www.zeit.de/news/2026-08/21/elfjaehriger-auf-fahrrad-von-auto-erfasst-schwer-verletzt;Hier finden Sie Informationen zu dem Thema „Verkehrsunfall“. Lesen Sie jetzt „Elfjähriger auf Fahrrad von Auto erfasst – schwer verletzt“.;Verkehrsunfall;News, Verkehrsunfall, Bremen, Polizei, Verkehrsunfall, Fahrrad, Auto;2026-08-21T09:33:32+02:00;2026-08-21T09:33:32+02:00;;dpa Niedersachsen;false
39fbac49c3c54a7fe98ce9c9f2aa173443d0be7d3467e00368948bb3590e9da6;Auto überschlägt sich: 18-Jähriger fährt stark alkoholisiert;https://www.zeit.de/news/2026-08/21/auto-ueberschlaegt-sich-18-jaehriger-faehrt-stark-alkoholisiert;Hier finden Sie Informationen zu dem Thema „Fahrer und Beifahrer verletzt“. Lesen Sie jetzt „Auto überschlägt sich: 18-Jähriger fährt stark alkoholisiert“.;Fahrer und Beifahrer verletzt;News, Fahrer und Beifahrer verletzt, Beelitz, Potsdam-Mittelmark, Unfall, Auto;2026-08-21T09:31:18+02:00;2026-08-21T09:31:18+02:00;;dpa Berlin/Brandenburg;false
bde9dfb2b4b69123e4b69d47a49ea1c1319c220cf8f0ae3ad166ff81ed1549ea;»Ich bin ein Typ, der auch mal eingreift«;https://www.zeit.de/2026/36/frank-gotthardt-nius-julian-reichelt-compugroup-medical;Frank Gotthardt finanziert das rechtspopulistische Portal »Nius«. Der Millionär meidet die Öffentlichkeit, unser Autor begleitete ihn drei Tage.;"Z+ (abopflichtiger Inhalt);
        
    Frank Gotthardt";Wirtschaft, Frank Gotthardt, Venedig, Julian Reichelt, Alternative für Deutschland, Medienkonzern, Frank Gotthardt, CompuGroup Medical;2026-08-21T09:30:19+02:00;2026-08-21T09:30:19+02:00;Stefan Willeke;Aus der        ZEIT Nr. 36/2026;false
960f9fad9f8ff7f4d46bea501003dcce4daf498c7f5bc05a2bfbc15339bbe3c4;Kabel von Windpark beschädigt;https://www.zeit.de/news/2026-08/20/kabel-von-windpark-beschaedigt-inbetriebnahme-verzoegert;Hier finden Sie Informationen zu dem Thema „Sabotage“. Lesen Sie jetzt „Kabel von Windpark beschädigt“.;Sabotage;News, Sabotage, Oberkirch, Ortenaukreis, Windpark, Inbetriebnahme, Zuleitung, Sabotage, Kabelstrang;2026-08-21T09:21:11+02:00;2026-08-21T09:21:11+02:00;;dpa Baden-Württemberg;false
169608fc5db02160d920338287b66d2f5def348b666d5c47337a51fd9f2dba64;ADAC: Weniger Stau in der Ferienzeit;https://www.zeit.de/news/2026-08/21/adac-weniger-stau-in-der-ferienzeit;Hier finden Sie Informationen zu dem Thema „Reiseverkehr auf Autobahnen“. Lesen Sie jetzt „ADAC: Weniger Stau in der Ferienzeit“.;Reiseverkehr auf Autobahnen;News, Reiseverkehr auf Autobahnen, Sachsen, ADAC, ADAC Sachsen, Ferienzeit, Reiseverkehr, Stau, Sommerferien, Autobahn;2026-08-21T09:16:48+02:00;2026-08-21T09:16:48+02:00;;dpa Sachsen;false
f981d29397a566df2cd4b6dbb85a226fd9869d9c81a3578469fdbf41b1f53a78;Ausgaben für Sozialhilfe im vergangenen Jahr gestiegen;https://www.zeit.de/wirtschaft/unternehmen/2026-08/sozialhilfe-ausgaben-statistisches-bundesamt-hilfe-zur-pflege-grundsicherung-gxe;Im vergangenen Jahr wurden 21,5 Milliarden Euro für Leistungen der Sozialhilfe ausgegeben. Allein die Aufwendungen für die Pflege stiegen auf sechs Milliarden Euro.;Sozialhilfeausgaben;Wirtschaft, Sozialhilfeausgaben, Statistisches Bundesamt, Grundsicherung, Pflege, Pflegeheim;2026-08-21T09:14:26+02:00;2026-08-21T09:14:26+02:00;hell;DIE ZEIT,        Reuters,        epd,        							hell;false
dddf2f2988ad57e2f7933c531dcf9fe3b168e18e8784c8d127be5007d944d796;Pferdesport unter Beobachtung: Von Kritikern und «Stalkern»;https://www.zeit.de/news/2026-08/21/pferdesport-unter-beobachtung-von-kritikern-und-stalkern;Hier finden Sie Informationen zu dem Thema „Reit-Weltmeisterschaft“. Lesen Sie jetzt „Pferdesport unter Beobachtung: Von Kritikern und «Stalkern»“.;Reit-Weltmeisterschaft;News, Reit-Weltmeisterschaft, Dennis Peiler, Werth, Aachen, Pferdesport, Reitstadion, Reitsport, Stalker, Tiere, Erfolg, Kritik;2026-08-21T09:12:22+02:00;2026-08-21T09:12:22+02:00;;dpa Sport;false
cfbe2632a4a48df96e86db92514667c53f44f86fc04c2a7fee96144be61d2e70;Mann randaliert in Polizeizelle und verletzt drei Beamte;https://www.zeit.de/news/2026-08/21/mann-randaliert-in-polizeizelle-und-verletzt-drei-beamte;Hier finden Sie Informationen zu dem Thema „Angriff“. Lesen Sie jetzt „Mann randaliert in Polizeizelle und verletzt drei Beamte“.;Angriff;News, Angriff, Karlsruhe, Polizei, Polizeizelle, Angriff;2026-08-21T09:12:09+02:00;2026-08-21T09:12:09+02:00;;dpa Baden-Württemberg;false
ac0a6636a6757c2dd0a673dc22e3a1f760512bcce9c428945710d98664f19efc;Nina Warken kündigt weitere Reformen zur Entlastung von Unternehmen an;https://www.zeit.de/politik/deutschland/2026-08/kanzleramtschefin-nina-warken-unternehmen-reformen-gxe;Deutsche Unternehmen müssten wieder wettbewerbsfähiger werden, sagt die Kanzleramtschefin. Erste Reformen seien bereits auf dem Weg, weitere sollen im Herbst folgen.;Wettbewerbsfähigkeit;Politik, Wettbewerbsfähigkeit, Nina Warken, CDU, Reform, Bundesregierung, BMW, Siemens AG;2026-08-21T09:09:03+02:00;2026-08-21T09:09:03+02:00;als;DIE ZEIT,        AFP,        							als;false
481fb1124d2c6af633a8684a2096f0e1f7da6f45db3d6398374facdfd941a81f;Elektrobranche steigert Exporte im ersten Halbjahr kräftig;https://www.zeit.de/news/2026-08/21/elektrobranche-steigert-exporte-im-ersten-halbjahr-kraeftig;Hier finden Sie Informationen zu dem Thema „Trotz Zollstreit“. Lesen Sie jetzt „Elektrobranche steigert Exporte im ersten Halbjahr kräftig“.;Trotz Zollstreit;News, Trotz Zollstreit, Andreas Gontermann, USA, Frankfurt, China, ZVEI, Europäische Union, Elektrobranche, Zollstreit, Elektroindustrie, Handelsstreit;2026-08-21T09:06:13+02:00;2026-08-21T09:06:13+02:00;;dpa;false
8d12cecd26763fbded02ae052f4db9b9b4b6ced67e5cce53088397ba9481e0ee;Neuer «Club der roten Bänder»: Freundschaft als Lebensretter;https://www.zeit.de/news/2026-08/21/neuer-club-der-roten-baender-freundschaft-als-lebensretter;Hier finden Sie Informationen zu dem Thema „Krankenhaus-Serie“. Lesen Sie jetzt „Neuer «Club der roten Bänder»: Freundschaft als Lebensretter“.;Krankenhaus-Serie;News, Krankenhaus-Serie, Greta Krämer, Mariama Jobe, Jona Levin Nicolai, Ibiza, New York, Nora, Köln, MRT, Freundschaft, Teenager;2026-08-21T09:00:05+02:00;2026-08-21T09:00:05+02:00;;dpa;false
598aa870e59abe26ce83d886ce25ca9ca6f735848c6c641624e3198c82c37b99;Russland rückt im Norden der Region Sumy vor;https://www.zeit.de/politik/ausland/ukraine-russland-frontverlauf-krieg-karte-aktuell;Russland ist südöstlich der Stadt Sumy sowie bei Pokrowsk in der Region Donezk vorgedrungen. Die Ukraine ist indes in einem Teil von Wodjanske bei Dobropillja vorgerückt.;Ukrainekarte aktuell;Politik, Ukrainekarte aktuell, Krieg in der Ukraine, Donezk, Charkiw, Streitkräfte, Russland, Militär;2026-08-21T08:48:14+02:00;2026-08-21T08:48:14+02:00;Maline HofmannElizabeth RushtonJustus WilkeChristina FelschenJulius TrögerBenja Zehr;;false
cd8c3d89ca5d20c7a24604f2c615c25e020e103835e81e809568fabba00b5385;Teile des Autobahndreiecks Funkturm für 26 Stunden gesperrt;https://www.zeit.de/news/2026-08/21/teile-des-autobahndreiecks-funkturm-fuer-26-stunden-gesperrt;Hier finden Sie Informationen zu dem Thema „Neubau Ringbahnbrücke“. Lesen Sie jetzt „Teile des Autobahndreiecks Funkturm für 26 Stunden gesperrt“.;Neubau Ringbahnbrücke;News, Neubau Ringbahnbrücke, Autobahndreieck, Funkturm, Ringbahnbrücke, Halenseestraße, Neubau;2026-08-21T08:46:58+02:00;2026-08-21T08:46:58+02:00;;dpa Berlin/Brandenburg;false
6ec78626de0854224c6282f1288f0272243c224eb360531a0bf9fda656c9ebbe;Schwebebahn beworfen – Scheibe zerbricht;https://www.zeit.de/news/2026-08/21/schwebebahn-beworfen-scheibe-zerbricht;Hier finden Sie Informationen zu dem Thema „Wuppertal“. Lesen Sie jetzt „Schwebebahn beworfen – Scheibe zerbricht“.;Wuppertal;News, Wuppertal, Wuppertal, Polizei, Schwebebahn, Adlerbrücke, Wuppertaler Schwebebahn;2026-08-21T08:44:03+02:00;2026-08-21T08:44:03+02:00;;dpa Nordrhein-Westfalen;false
c2f9e4917273a134acc928fe6120935e6af19782d1dc2218cb3805cb7c88f295;Bisher 1:27 Tore: Amateur-Coach zum fünften Mal im DFB-Pokal;https://www.zeit.de/news/2026-08/21/bisher-1-27-tore-amateur-coach-zum-fuenften-mal-im-dfb-pokal;Hier finden Sie Informationen zu dem Thema „DFB-Pokal“. Lesen Sie jetzt „Bisher 1:27 Tore: Amateur-Coach zum fünften Mal im DFB-Pokal“.;DFB-Pokal;News, DFB-Pokal, Oldenburg, Hoffenheim, Heidenheim, Niedersachsen, Marschwegstadion, Bremen, Deutscher Fußball-Bund, Deutsche Presse-Agentur, SSV Jeddeloh, 1. FC Heidenheim;2026-08-21T08:42:04+02:00;2026-08-21T08:42:04+02:00;;dpa Baden-Württemberg;false
1f3dd2c0da2b456d07b24442efcbdd4b069805b85a221b43c73db2e0f1c5806b;Fußgänger stirbt nach Schlägen – Verdächtiger ermittelt;https://www.zeit.de/news/2026-08/21/fussgaenger-stirbt-nach-schlaegen-verdaechtiger-ermittelt;Hier finden Sie Informationen zu dem Thema „Erfolgreiche Fahndung“. Lesen Sie jetzt „Fußgänger stirbt nach Schlägen – Verdächtiger ermittelt“.;Erfolgreiche Fahndung;News, Erfolgreiche Fahndung, Bremen, Polizei, Staatsanwaltschaft, Fahrzeug;2026-08-21T08:22:19+02:00;2026-08-21T08:22:19+02:00;;dpa Niedersachsen;false
1db9dd9e3a42f67fa0593cf21edf5c7140e0012df45c04e03dcb21ddfdbe78e7;Mehring fordert: KI-Sicherheitsinstitut nach München;https://www.zeit.de/news/2026-08/21/mehring-fordert-ki-sicherheitsinstitut-nach-muenchen;Hier finden Sie Informationen zu dem Thema „Standortsuche“. Lesen Sie jetzt „Mehring fordert: KI-Sicherheitsinstitut nach München“.;Standortsuche;News, Standortsuche, Fabian Mehring, Karsten Wildberger, München, Mehring, Bayern, Freie Wähler, CDU, Augsburger Allgemeine, Bundesregierung, Standortsuche;2026-08-21T08:21:42+02:00;2026-08-21T08:21:42+02:00;;dpa Bayern;false
9e13cd10608cf85e5e88bdb94d6711b3024ffebda7e8cd28f23d3de6bec9e714;A7-Auffahrt nach Lkw-Unfall bei Neumünster gesperrt;https://www.zeit.de/news/2026-08/21/a7-auffahrt-nach-lkw-unfall-bei-neumuenster-gesperrt;Hier finden Sie Informationen zu dem Thema „Unfälle“. Lesen Sie jetzt „A7-Auffahrt nach Lkw-Unfall bei Neumünster gesperrt“.;Unfälle;News, Unfälle, Neumünster, Neumünster-Süd, Hamburg, Polizei, Unfall, Sattelzug, Schweinehälfte, Autobahnauffahrt;2026-08-21T08:17:13+02:00;2026-08-21T08:17:13+02:00;;dpa Hamburg/Schleswig-Holstein;false
0c04200021f9779e79855499ecb88e9b483f2df76c7b5e5111a7f47359eac0af;Ifo: Knapp einem Viertel der Firmen fehlen Fachkräfte;https://www.zeit.de/news/2026-08/21/ifo-knapp-einem-viertel-der-firmen-fehlen-fachkraefte;Hier finden Sie Informationen zu dem Thema „Arbeitsmarkt“. Lesen Sie jetzt „Ifo: Knapp einem Viertel der Firmen fehlen Fachkräfte“.;Arbeitsmarkt;News, Arbeitsmarkt, Daria Schaller, Fachkraft, Umfrage, Fachkräftemangel;2026-08-21T08:10:59+02:00;2026-08-21T08:10:59+02:00;;dpa;false
234eb46a65474438f6eeef777ed61d890d9169cee08e46062903a51be0e914c4;Fußgänger beim Rangieren erfasst und schwer verletzt;https://www.zeit.de/news/2026-08/21/fussgaenger-beim-rangieren-erfasst-und-schwer-verletzt;Hier finden Sie Informationen zu dem Thema „Auf Firmengelände“. Lesen Sie jetzt „Fußgänger beim Rangieren erfasst und schwer verletzt“.;Auf Firmengelände;News, Auf Firmengelände, Firmengelände;2026-08-21T08:07:52+02:00;2026-08-21T08:07:52+02:00;;dpa Baden-Württemberg;false
0cbe2ea2a3d899fd2039a50b1a1d8a57207bc5db0d0b244e0be323b2d63f91b0;Wirtschaftsverbände und Konzerne drängen Bundesregierung zu Reformen;https://www.zeit.de/politik/deutschland/2026-08/brief-konzerne-verbaende-friedrich-merz-reformen-wirtschaft-gxe;In einem gemeinsamen Schreiben fordern Autokonzerne und Verbände »schleunigst und ohne Abstriche« Reformen umzusetzen. Ein Dax-Chef wirft den Kollegen »Rumgenörgel« vor.;Brief an den Bundeskanzler;Politik, Brief an den Bundeskanzler, Bundesregierung, Friedrich Merz, Reform, BMW, Siemens AG;2026-08-21T08:06:44+02:00;2026-08-21T08:06:44+02:00;hell;DIE ZEIT,        AFP,        							hell;false
669660a4a1f724c7e7a0275c7aee2d91986efb3fbefdb4b0efde82f557c92234;Zoll findet zwölf Kilogramm Kokain in Reserverad;https://www.zeit.de/news/2026-08/21/zoll-findet-zwoelf-kilogramm-kokain-in-reserverad;Hier finden Sie Informationen zu dem Thema „An der Grenze zur Schweiz“. Lesen Sie jetzt „Zoll findet zwölf Kilogramm Kokain in Reserverad“.;An der Grenze zur Schweiz;News, An der Grenze zur Schweiz, Schweiz, Kokain, Reserverad, Spürhund, Zoll, Grenze, Auto;2026-08-21T08:05:19+02:00;2026-08-21T08:05:19+02:00;;dpa Baden-Württemberg;false
1a2ec80a90ba66e92c7a5249e68a01ab205ec752894e7527e158bb3eab453d4f;Sonne, Wolken, Schauer: So wird das Wetter im Norden;https://www.zeit.de/news/2026-08/21/sonne-wolken-schauer-so-wird-das-wetter-im-norden;Hier finden Sie Informationen zu dem Thema „Wetter“. Lesen Sie jetzt „Sonne, Wolken, Schauer: So wird das Wetter im Norden“.;Wetter;News, Wetter, Hamburg, Schleswig-Holstein, Mecklenburg-Vorpommern, DWD, Wetter;2026-08-21T08:01:53+02:00;2026-08-21T08:01:53+02:00;;dpa Hamburg/Schleswig-Holstein;false
b819618d91392a0be8609fc7077fa9bbb8814307a55bda7520f3ed3ae4b51f87;Ermittlungen zu Geldtransporter-Überfall dauern an;https://www.zeit.de/news/2026-08/21/ermittlungen-zu-geldtransporter-ueberfall-dauern-an;Hier finden Sie Informationen zu dem Thema „Einsatz in Lankwitz“. Lesen Sie jetzt „Ermittlungen zu Geldtransporter-Überfall dauern an“.;Einsatz in Lankwitz;News, Einsatz in Lankwitz, Lankwitz, Berlin-Lankwitz, Polizei, Überfall, Ermittlung, Geldtransporter, Geld;2026-08-21T07:59:35+02:00;2026-08-21T07:59:35+02:00;;dpa Berlin/Brandenburg;false
84250920d60a3f286af753db1c16ca188eeeefb9399d0b8f89dd242ab5293e93;Regen und Gewitter – ab Sonntag wird das Wetter freundlicher;https://www.zeit.de/news/2026-08/21/regen-und-gewitter-ab-sonntag-wird-das-wetter-freundlicher;Hier finden Sie Informationen zu dem Thema „Wetter“. Lesen Sie jetzt „Regen und Gewitter – ab Sonntag wird das Wetter freundlicher“.;Wetter;News, Wetter, Sachsen, Thüringen, Sachsen-Anhalt, DWD, Gewitter, Wetter;2026-08-21T07:54:26+02:00;2026-08-21T07:54:26+02:00;;dpa Sachsen;false
4ce44f6fe28d25902b9d4a496588b7e1a85e664c4ace26a74897224801eeece4;Ärztekammer fordert: Hitzeschutz für Patienten verbessern;https://www.zeit.de/news/2026-08/21/aerztekammer-fordert-hitzeschutz-fuer-patienten-verbessern;Hier finden Sie Informationen zu dem Thema „Klimawandel“. Lesen Sie jetzt „Ärztekammer fordert: Hitzeschutz für Patienten verbessern“.;Klimawandel;News, Klimawandel, Marion Charlotte Renneberg, Niedersachsen, Ärztekammer, RKI, Hitzeschutz, Hitzewelle, Extremhitze, Sommer;2026-08-21T07:52:04+02:00;2026-08-21T07:52:04+02:00;;dpa Niedersachsen;false
d5a2acb2b984823b71448aba4738d89d408b0a4b218c6f0627e9c16d784f9a53;Mehr Schiffe im Duisburger Hafen trotz Niedrigwasser im Rhein;https://www.zeit.de/wirtschaft/2026-08/niedrigwasser-rhein-duisburger-hafen-binnenschifffahrt-pegel-gxe;Wegen des Niedrigwassers im Rhein können Schiffe aktuell weniger schwer beladen werden. Sie fahren häufiger, laden häufiger um und haben weniger Zeit im Hafen.;Binnenschifffahrt;Wirtschaft, Binnenschifffahrt, Duisburg, Rhein, Niedrigwasser, Binnenschifffahrt, Köln;2026-08-21T07:45:28+02:00;2026-08-21T07:45:28+02:00;pip;DIE ZEIT,        dpa,        							pip;false
f109de0387c59d99bfbe8953010290422710e2fa9578c0ff843fb49c4ba2739f;Feuerursache unklar – Polizei ermittelt nach Zimmerbrand;https://www.zeit.de/news/2026-08/21/feuerursache-unklar-polizei-ermittelt-nach-zimmerbrand;Hier finden Sie Informationen zu dem Thema „Hoher Schaden“. Lesen Sie jetzt „Feuerursache unklar – Polizei ermittelt nach Zimmerbrand“.;Hoher Schaden;News, Hoher Schaden, Hoher Schaden, Polizei, Feuerursache, Zimmerbrand;2026-08-21T07:40:02+02:00;2026-08-21T07:40:02+02:00;;dpa Baden-Württemberg;false
049bc3ca84be8276896fb9dce071855c0ebb4a8945137cf395f3fb1a4e659bdd;Schockanruf: Seniorin verliert Gold und Schmuck an Betrüger;https://www.zeit.de/news/2026-08/21/schockanruf-seniorin-verliert-gold-und-schmuck-an-betrueger;Hier finden Sie Informationen zu dem Thema „Fünfstelliger Betrag“. Lesen Sie jetzt „Schockanruf: Seniorin verliert Gold und Schmuck an Betrüger“.;Fünfstelliger Betrag;News, Fünfstelliger Betrag, Nidderau, Offenbach, Polizei, Schockanruf, Eurobetrag, Betrag, Gold, Schmuck;2026-08-21T07:35:22+02:00;2026-08-21T07:35:22+02:00;;dpa Hessen;false
1a34c42bfb4ff1e66aa6efe3738a3fb8779b75607bc880b3f496ede31299a342;Müssen wir uns selbst helfen?;https://www.zeit.de/2026/36/hitzewelle-duerre-schweiz-klimawandel-hitzeschutz-landwirtschaft;Der Kampf gegen Naturgefahren formte im 19. Jahrhundert die moderne Schweiz. Warum tut sich das Land heute so schwer, mit Hitze und Trockenheit umzugehen?;"Z+ (abopflichtiger Inhalt);
        
    Hitzewelle und Dürre in der Schweiz";Wissenschaft, Hitzewelle und Dürre in der Schweiz, Hitze, Schweiz, Dürre, Landwirtschaft, Extremwetter, Klimawandel, Hochwasser;2026-08-21T07:34:07+02:00;2026-08-21T07:34:07+02:00;Matthias DaumSarah JäggiSalome MüllerMarlon Rusch;Aus der        ZEIT Nr. 36/2026;false
2f3276c48294a7388d3660e7e69b4b5af96de705b696d8bcbda5213563f3061c;Die Nase isst mit;https://www.zeit.de/zeit-magazin/wochenmarkt/2026-08/minze-aroma-duefte-kraeuter-kueche-sommer;Die Minze ist berühmter für ihren Duft, als für ihre Vielseitigkeit als Zutat. Verständlich, wenn sie doch so die Sinne betört. In diesem Salat glänzt sie auch am Gaumen.;"Z+ (abopflichtiger Inhalt);
        
    Minzesalat mit Ayran";Salate;2026-08-21T07:33:20+02:00;2026-08-21T07:33:20+02:00;Gabriele Hussenether;;false
6cafa0fe70dfa9a0868118d70f0e71c8915369ebf5042c45c005c1e9954a234b;Wärmende Hausmannskost auf Chinesisch;https://www.zeit.de/zeit-magazin/wochenmarkt/2025-08/fruehlingszwiebel-ingwer-nudeln-rezept-wochenmarkt;Chinesische Küche kann so schnell und einfach sein. Diese Nudeln, Chinas Antwort auf Spaghetti aglio e olio, kommen mit wenigen Zutaten und noch weniger Handgriffen aus.;"Z+ (abopflichtiger Inhalt);
        
    Frühlingszwiebel-Ingwer-Nudeln";vegane Rezepte, Pasta, Hauptgerichte, Mittagessen, Chinesische Küche;2026-08-21T07:33:11+02:00;2026-08-21T07:33:11+02:00;Amy Poon;;false
2cc8ce364c6c906639dbcf31cf9336f2c611e80edbc707363d17e239add0f9c8;Welche Erfahrungen haben Sie mit der Abnehmspritze gemacht?;https://www.zeit.de/wirtschaft/2026-08/abnehmspritze-adipositas-saettigung-anwendung-erfahrung;Das Geschäft mit Abnehmmitteln boomt. Wir wollen wissen: Wie leicht kommt man an die Spritze? Wie erging es Ihnen? Berichten Sie uns davon! ;Abnehmspritze;Wirtschaft, Abnehmspritze, Abnehmspritze, Ozempic, Body-Mass-Index, Adipositas;2026-08-21T07:31:54+02:00;2026-08-21T07:31:54+02:00;Zain Salam Assaad;;false
5ba0c850611d6a77d91e60ad66c5aaa42e6ed59283dab4ec55479a0b6a37ed7c;Übertaktiert;https://www.zeit.de/2026/36/taktisches-waehlen-campact-sachsen-anhalt-afd;In Sachsen-Anhalt ruft man dazu auf, taktisch zu wählen, um die AfD zu verhindern. Dafür gibt es ehrbare Motive. Trotzdem kann man daran einiges falsch finden.;"Z+ (abopflichtiger Inhalt);
        
    Taktisches Wählen";Politik, Taktisches Wählen, Landtagswahl, Ostdeutschland, Sachsen-Anhalt, SPD, Bündnis 90/Die Grünen, Alternative für Deutschland;2026-08-21T07:29:49+02:00;2026-08-21T07:29:49+02:00;Cornelius Pollmer;Aus der        ZEIT Nr. 36/2026;false
156d6cc0a113343974602481f0d7278c8cdc19f4defb7003fe7941b9cfc1a890;Russland und USA weisen Baerbock in ihre Schranken;https://www.zeit.de/politik/ausland/2026-08/annalena-baerbock-un-generalsekretaer-auswahl-sicherheitsrat-gxe;Annalena Baerbock engagiert sich im Auswahlverfahren für den nächsten UN-Generalsekretär. Deswegen werfen Vertreter Russlands und der USA ihr Heuchelei vor. ;Nachfolge von António Guterres;Politik, Nachfolge von António Guterres, Annalena Baerbock, USA, Russland, UN, Antonio Guterres;2026-08-21T07:29:02+02:00;2026-08-21T07:29:02+02:00;hell;DIE ZEIT,        dpa,        							hell;false
792ac0098ac8245091a61b73dbda84c39762fbd0e153b6d1d3de0b0e6a45cb37;Warum eine stärkere Besteuerung hoher Vermögen überfällig ist;https://www.zeit.de/wirtschaft/2026-08/vermoegenssteuer-steuersystem-wohlstand-zusammenhalt-demokratie-marcel-fratzscher;Leistung muss sich lohnen: Superreiche müssen mehr Steuern zahlen. Und das hat nichts mit einer Neiddebatte zu tun, sondern mit ökonomischer Vernunft und Gerechtigkeit.;Vermögenssteuer;Wirtschaft, Vermögenssteuer, Vermögensteuer, Steuer, Steuern und Abgaben, Demokratie, Steuerpolitik;2026-08-21T07:27:52+02:00;2026-08-21T07:27:52+02:00;Marcel Fratzscher;;false
0c26a9275bb8d77a4e499a37042eef6f9e83b75e09e3fcf2a9eec97b88a95ccd;Nach Schauer und Böen: Sonne kehrt am Sonntag zurück;https://www.zeit.de/news/2026-08/21/nach-schauer-und-boeen-sonne-kehrt-am-sonntag-zurueck;Hier finden Sie Informationen zu dem Thema „Deutscher Wetterdienst“. Lesen Sie jetzt „Nach Schauer und Böen: Sonne kehrt am Sonntag zurück“.;Deutscher Wetterdienst;News, Deutscher Wetterdienst, Saarland, Rheinland-Pfalz, DWD, Böe, Gewitter, Wetter;2026-08-21T07:25:09+02:00;2026-08-21T07:25:09+02:00;;dpa Rheinland-Pfalz/Saarland;false
7e9c2c952da0864fb7611e0751574585b04e2773094846f9f232424194237c4f;Südschnellweg in Hannover am Wochenende gesperrt;https://www.zeit.de/news/2026-08/21/suedschnellweg-in-hannover-am-wochenende-gesperrt;Hier finden Sie Informationen zu dem Thema „Verkehr ab Freitagabend“. Lesen Sie jetzt „Südschnellweg in Hannover am Wochenende gesperrt“.;Verkehr ab Freitagabend;News, Verkehr ab Freitagabend, Hannover, Südschnellweg, Landwehrkreisel, Sperrung;2026-08-21T07:23:13+02:00;2026-08-21T07:23:13+02:00;;dpa Niedersachsen;false
959a77348c4e4ac1f51b1b192b833a5680ef1afd97e4498ac6b5ea8522bc50ee;»Vor zwei Jahren hat man uns noch totgeschrieben«;https://www.zeit.de/sport/2026-08/leichtathletik-em-joerg-buegner;Warum sind deutsche Sportler plötzlich so erfolgreich? Das liegt an mehr Freiheit, klaren Regeln und einer neuen Haltung, sagt der Leichtathletik-Chef Jörg Bügner.;Deutsche Leichtathletik;Sport, Deutsche Leichtathletik, Leichtathletik, Leo Neugebauer, Olympische Spiele, Europameisterschaft, schwimmen;2026-08-21T07:21:30+02:00;2026-08-21T07:21:30+02:00;Christof Siemes;;false
4c4cc398b3bf3f86c8bd74ac4e58cbd1d6a6d42e0d9b2238cf36cca6ebe84420;Nach Wetterwarnung für Sachsen: Polizei meldet ruhige Nacht;https://www.zeit.de/news/2026-08/21/nach-wetterwarnung-fuer-sachsen-polizei-meldet-ruhige-nacht;Hier finden Sie Informationen zu dem Thema „Erste Bilanz der Nacht“. Lesen Sie jetzt „Nach Wetterwarnung für Sachsen: Polizei meldet ruhige Nacht“.;Erste Bilanz der Nacht;News, Erste Bilanz der Nacht, Sachsen, Polizei, Wetterwarnung;2026-08-21T07:13:21+02:00;2026-08-21T07:13:21+02:00;;dpa Sachsen;false
2a457644b24e9f3b4c42b3f358361883963c76a8b86b21ad9d2e5b75d3cb7afd;Aktivisten der Tiananmen-Mahnwachen in Hongkong verurteilt;https://www.zeit.de/politik/ausland/2026-08/hongkong-chow-hang-tung-lee-cheuk-yan-tiananmen-mahnwache-gxe;Zwei Aktivisten droht bis zu zehn Jahren Haft. Sie haben in Hongkong Mahnwachen für die Opfer der Niederschlagung auf dem Tiananmen-Platz 1989 organisiert.;Hongkong;Politik, Hongkong, Hongkong, Peking, China, Gerichtsverfahren, Protest;2026-08-21T07:10:03+02:00;2026-08-21T07:10:03+02:00;jtr;DIE ZEIT,        AFP,        dpa,        							jtr;false
9958274d150d0c0ec1c91bd80a79963ee2889e67132253e53c66cdf2b4a79824;Regenschirm oder Sonnenbrille? So wird das Wochenende;https://www.zeit.de/news/2026-08/21/regenschirm-oder-sonnenbrille-so-wird-das-wochenende;Hier finden Sie Informationen zu dem Thema „Wetter am Wochenende“. Lesen Sie jetzt „Regenschirm oder Sonnenbrille? So wird das Wochenende“.;Wetter am Wochenende;News, Wetter am Wochenende, Nordsee, Niedersachsen, Bremen, DWD, Regenschirm, Wetter;2026-08-21T07:06:31+02:00;2026-08-21T07:06:31+02:00;;dpa Niedersachsen;false
6235cf9e746d922a588716a99f4ea3dbb5a7bc9f8673b63f6936342cf22800b2;Warum Reformpläne Denkmalschützer und Archäologen alarmieren;https://www.zeit.de/news/2026-08/21/warum-reformplaene-denkmalschuetzer-und-archaeologen-alarmieren;Hier finden Sie Informationen zu dem Thema „Novelle in Niedersachsen“. Lesen Sie jetzt „Warum Reformpläne Denkmalschützer und Archäologen alarmieren“.;Novelle in Niedersachsen;News, Novelle in Niedersachsen, Falko Mohr, Ostfriesland, Niedersachsen, Wendland, Deutsche Stiftung Denkmalschutz, SPD, Reformplan, Rundlingsdorf, Gulfhof, Harzhorn;2026-08-21T07:00:06+02:00;2026-08-21T07:00:06+02:00;;dpa Niedersachsen;false
272135549334d764de88aa3b31024760359a25bcac76959f9d8cf5c076b1a38c;Doppelte Durchhalteparolen: Mit Klingbeil in Sachsen-Anhalt;https://www.zeit.de/news/2026-08/21/doppelte-durchhalteparolen-mit-klingbeil-in-sachsen-anhalt;Hier finden Sie Informationen zu dem Thema „Wahlkampf und Parteigrummeln“. Lesen Sie jetzt „Doppelte Durchhalteparolen: Mit Klingbeil in Sachsen-Anhalt“.;Wahlkampf und Parteigrummeln;News, Wahlkampf und Parteigrummeln, Lars Klingbeil, Katharina Kohl, Friedrich Merz, Markus Söder, Bärbel Bas, Orkan Özdemir, Berlin, Sachsen-Anhalt, Jusos, SPD;2026-08-21T07:00:04+02:00;2026-08-21T07:00:04+02:00;;dpa;false
2a250d1b720bd4a9f622c43a146af70fe7018fc1fc58dca939af53fa2cfd9fe7;Gewitter und Starkregen am Wochenende;https://www.zeit.de/news/2026-08/21/gewitter-und-starkregen-am-wochenende;Hier finden Sie Informationen zu dem Thema „Wetter in NRW“. Lesen Sie jetzt „Gewitter und Starkregen am Wochenende“.;Wetter in NRW;News, Wetter in NRW, NRW, Nordrhein-Westfalen, DWD, Gewitter, Starkregen, Wetter;2026-08-21T06:58:59+02:00;2026-08-21T06:58:59+02:00;;dpa Nordrhein-Westfalen;false
dfaf136e3a2dd98e3ac76849d4f8a0fda371b701b643cd27b132fc45497db47b;Kein Ausweg weit und breit?;https://www.zeit.de/politik/ausland/2026-08/iran-krieg-donald-trump-usa-militaer;Wirtschaftskrieg, militärische Eskalation, Nachgeben: Trump gehen die Optionen im Irankrieg aus. Nur er selbst sieht das ganz anders.;"Z+ (abopflichtiger Inhalt);
        
    Irankrieg";Politik, Irankrieg, Donald Trump, Iran, Straße von Hormus, Militär, Washington, USA;2026-08-21T06:54:39+02:00;2026-08-21T06:54:39+02:00;Juliane Schäuble;;false
f7e156edef17112d8a7f1ad1e458a7bdccc59dcfedcd293960ab91865b86dc1c;Reifen von Wohnwagen auf A8 gelöst und auf Auto geprallt;https://www.zeit.de/news/2026-08/21/reifen-von-wohnwagen-auf-a8-geloest-und-auf-auto-geprallt;Hier finden Sie Informationen zu dem Thema „Familie unverletzt“. Lesen Sie jetzt „Reifen von Wohnwagen auf A8 gelöst und auf Auto geprallt“.;Familie unverletzt;News, Familie unverletzt, Wohnwagen, Reifen, Auto, Familie;2026-08-21T06:44:52+02:00;2026-08-21T06:44:52+02:00;;dpa Bayern;false
50ce33e00a7883b3f0c5d2c4e396af61a6004e56528c8a6ab9fc31ed7eabae50;Hessen erwartet stürmische Tage – ab Sonntag Sonne in Sicht;https://www.zeit.de/news/2026-08/21/hessen-erwartet-stuermische-tage-ab-sonntag-sonne-in-sicht;Hier finden Sie Informationen zu dem Thema „Wetter in Hessen“. Lesen Sie jetzt „Hessen erwartet stürmische Tage – ab Sonntag Sonne in Sicht“.;Wetter in Hessen;News, Wetter in Hessen, Hessen, DWD, Gewitter, Wetter;2026-08-21T06:40:20+02:00;2026-08-21T06:40:20+02:00;;dpa Hessen;false
f06ee63290b690773161744b971503c43a2353fe357b1509fd1b8ba94063773e;Sattelzug verliert Auflieger – Langer Rückstau auf der A7;https://www.zeit.de/news/2026-08/21/sattelzug-verliert-auflieger-langer-rueckstau-auf-der-a7;Hier finden Sie Informationen zu dem Thema „Abgerissener Sattelauflieger“. Lesen Sie jetzt „Sattelzug verliert Auflieger – Langer Rückstau auf der A7“.;Abgerissener Sattelauflieger;News, Abgerissener Sattelauflieger, Sattelzug, Rückstau, Sattelauflieger;2026-08-21T06:34:54+02:00;2026-08-21T06:34:54+02:00;;dpa Hessen;false
bd933ff1673f3f379dabf8bb14ff6547f030d68e200bb455426bce89e390342a;Denkmalschutz-Reformpläne stoßen bei Experten auf Kritik;https://www.zeit.de/news/2026-08/21/denkmalschutz-reformplaene-stossen-bei-experten-auf-kritik;Hier finden Sie Informationen zu dem Thema „Novelle in Niedersachsen“. Lesen Sie jetzt „Denkmalschutz-Reformpläne stoßen bei Experten auf Kritik“.;Novelle in Niedersachsen;News, Novelle in Niedersachsen, Falko Mohr, Niedersachsen, SPD, Reformplan, Novelle, Denkmalschutz, Landesregierung, Kritik;2026-08-21T06:30:05+02:00;2026-08-21T06:30:05+02:00;;dpa Niedersachsen;false
16a61644ccc3b4c865060a6afe8ca4feef63cb1f3f883330cd205845bb49ad2e;Umfrage: Berlin für die meisten nicht mehr faszinierend;https://www.zeit.de/news/2026-08/21/umfrage-berlin-fuer-die-meisten-nicht-mehr-faszinierend;Hier finden Sie Informationen zu dem Thema „Welkender Hauptstadtglanz“. Lesen Sie jetzt „Umfrage: Berlin für die meisten nicht mehr faszinierend“.;Welkender Hauptstadtglanz;News, Welkender Hauptstadtglanz, Hamburg, Frankfurt, IfD, FAZ, Umfrage, Hauptstadtglanz, Anziehungskraft;2026-08-21T06:30:04+02:00;2026-08-21T06:30:04+02:00;;dpa Berlin/Brandenburg;false
6d25dda109f72c1f021af057cff7e8f3cad8f3d3a5633c16f141680d74d41aef;Polizei rettet Mann aus Wasser an Ratzeburger Promenade;https://www.zeit.de/news/2026-08/21/polizei-rettet-mann-aus-wasser-an-ratzeburger-promenade;Hier finden Sie Informationen zu dem Thema „Notfall in der Nacht“. Lesen Sie jetzt „Polizei rettet Mann aus Wasser an Ratzeburger Promenade“.;Notfall in der Nacht;News, Notfall in der Nacht, Polizei, Promenade, Polizeistreife, Notfall;2026-08-21T06:23:41+02:00;2026-08-21T06:23:41+02:00;;dpa Hamburg/Schleswig-Holstein;false
04e73522796c98def571f3be5fa7736716883f194e06722c5f23d175faf5b4ae;Zehntausende sind nach Unwetter in USA seit Tagen ohne Strom;https://www.zeit.de/gesellschaft/2026-08/stromausfall-indiana-unwetter-northern-indiana-public-service-gxe;68.000 Haushalte harren im US-Bundesstaat Indiana seit neun Tagen ohne Strom aus. In Ohio gab es nach starken Regenfällen Überschwemmungen.;Indiana;Gesellschaft, Indiana, Unwetter, Indiana, Stromausfall, Lebensmittel, USA;2026-08-21T06:17:27+02:00;2026-08-21T06:17:27+02:00;dar;DIE ZEIT,        AP,        							dar;false
1de8dc25b0786af75a1d22050e9e5d69f6a75b56fa1729f567b2ec3062b2b4e5;Im Little Tiana: Brunchen mit tickender Uhr;https://www.zeit.de/hamburg/2026-08/elbvertiefung-21-08-2026;Die Elbvertiefung am Freitag – mit 30 Jahren Karaoke in der Thai Oase, einem Theaterstück über Kokshandel und Trauer im Rathaus um eine ehemalige Bürgerschaftspräsidentin;Elbvertiefung: Der tägliche Newsletter aus Hamburg;Hamburg, Elbvertiefung: Der tägliche Newsletter aus Hamburg, Helmut Kohl, Elisabeth Kiausch, Hamburg, Moorburg, Japan, USA, Reeperbahn, Polizei, Feuerwehr, Brunch;2026-08-21T06:00:28+02:00;2026-08-21T06:00:28+02:00;Michael Allmaier;;false
30f05227c35c399f666d5dca9a6f05b23eb19fa13e6f200a7603df54e6b1fc76;Start für Kunstfest Weimar unter neuer Leitung;https://www.zeit.de/news/2026-08/21/start-fuer-kunstfest-weimar-unter-neuer-leitung;Hier finden Sie Informationen zu dem Thema „Kultur“. Lesen Sie jetzt „Start für Kunstfest Weimar unter neuer Leitung“.;Kultur;News, Kultur, Weimar, Kunstfest, Auto;2026-08-21T06:00:14+02:00;2026-08-21T06:00:14+02:00;;dpa Thüringen;false
f3975d86a335e2c66d2b7a6dc8dd8c8855edad0cd36e5f116373e69d22023167;Lübecker Häfen drohen Einschränkungen wegen Bahnarbeiten;https://www.zeit.de/news/2026-08/21/luebecker-haefen-drohen-einschraenkungen-wegen-bahnarbeiten;Hier finden Sie Informationen zu dem Thema „Lübecker Häfen“. Lesen Sie jetzt „Lübecker Häfen drohen Einschränkungen wegen Bahnarbeiten“.;Lübecker Häfen;News, Lübecker Häfen, Sebastian Jürgens, Dietmar Lonke, Hamburg-Lübeck, Hamburg, Ahrensburg, Lübeck-Büchen-Lüneburg, Lübeck, Kreis Stormarn, LHG, Bahnarbeit;2026-08-21T06:00:13+02:00;2026-08-21T06:00:13+02:00;;dpa Hamburg/Schleswig-Holstein;false
8ab9dab20185b2ebc4eb0fca08518d7dd07d578d7b32952a2751db2f709282a8;Studie: Roboter schießt Tore gegen menschlichen Torwart;https://www.zeit.de/news/2026-08/21/studie-roboter-schiesst-tore-gegen-menschlichen-torwart;Hier finden Sie Informationen zu dem Thema „Roboterfußball“. Lesen Sie jetzt „Studie: Roboter schießt Tore gegen menschlichen Torwart“.;Roboterfußball;News, Roboterfußball, China, Roboterfußball, Kamera;2026-08-21T06:00:07+02:00;2026-08-21T06:00:07+02:00;;dpa;false
9971acf425a37e8d46d85ae456accf605641c31c3ccc86493a5f836fbd504c44;Kühleres Wochenende mit Regen und Gewittern;https://www.zeit.de/news/2026-08/21/kuehleres-wochenende-mit-regen-und-gewittern;Hier finden Sie Informationen zu dem Thema „Wettervorhersage“. Lesen Sie jetzt „Kühleres Wochenende mit Regen und Gewittern“.;Wettervorhersage;News, Wettervorhersage, Berlin, Brandenburg, DWD, Gewitter;2026-08-21T05:59:02+02:00;2026-08-21T05:59:02+02:00;;dpa Berlin/Brandenburg;false
1f3146e42e7428624d56be769f12d20547a71375799f18c33e23d0c59e45fb86;Schlafboxen für Festivalgäste - aber auch für Obdachlose;https://www.zeit.de/news/2026-08/21/schlafboxen-fuer-festivalgaeste-aber-auch-fuer-obdachlose;Hier finden Sie Informationen zu dem Thema „Fertigung in Sachsen-Anhalt“. Lesen Sie jetzt „Schlafboxen für Festivalgäste - aber auch für Obdachlose“.;Fertigung in Sachsen-Anhalt;News, Fertigung in Sachsen-Anhalt, Beo, Hannover, Sachsen-Anhalt, Schlafboxen, Schlafcontainer, Herstellergesellschaft, Nachtlager, Winter, Sommer;2026-08-21T05:58:05+02:00;2026-08-21T05:58:05+02:00;;dpa Sachsen;false
63e976af006097a0776b8c8858d14fb47ef43268894f3353814887865985bb7c;Nur wenige Ausreisepflichtige nehmen Förderung der Ausreise an;https://www.zeit.de/politik/deutschland/2026-08/abschiebungen-deutschland-ausreisepflicht-bundespolizei-gxe;In den ersten sechs Monaten des Jahres reisten insgesamt 17.892 Ausländer aus. Nur etwa die Hälfte nahm die Förderung vom Bund dabei in Anspruch.;Abschiebungen;Politik, Abschiebungen, Bundesregierung, Abschiebung, Bundespolizei, Asyl, Migration;2026-08-21T05:48:29+02:00;2026-08-21T05:48:29+02:00;dar;DIE ZEIT,        dpa,        							dar;false
23d94ed9ceb3d94a3d037a38710662362b2389630075ff2e22db7689c21a735f;Wochenend-Wetter: Ein Tag besser für Outdoor-Touren geeignet;https://www.zeit.de/news/2026-08/21/wochenend-wetter-ein-tag-besser-fuer-outdoor-touren-geeignet;Hier finden Sie Informationen zu dem Thema „Wetterbericht“. Lesen Sie jetzt „Wochenend-Wetter: Ein Tag besser für Outdoor-Touren geeignet“.;Wetterbericht;News, Wetterbericht, Donau, DWD, Wetterbericht, Südwesten, Wetter, Outdoor;2026-08-21T05:30:13+02:00;2026-08-21T05:30:13+02:00;;dpa Baden-Württemberg;false
104291bae221e017f39ceadcb698ca0bbba7bde4d0bafe50e42ea96f595bb058;Durchfall und Gänsehaut: Becker über Schalke-Aufstieg;https://www.zeit.de/news/2026-08/21/durchfall-und-gaensehaut-becker-ueber-schalke-aufstieg;Hier finden Sie Informationen zu dem Thema „Fußball-Bundesliga“. Lesen Sie jetzt „Durchfall und Gänsehaut: Becker über Schalke-Aufstieg“.;Fußball-Bundesliga;News, Fußball-Bundesliga, Timo Becker, Schalke, Fußball-Bundesliga, Gänsehaut, Durchfall, Bauchschmerz, Anspannung, Aufstieg;2026-08-21T05:30:10+02:00;2026-08-21T05:30:10+02:00;;dpa Nordrhein-Westfalen;false
c73bcb5669248c264a9c5d4a61bbc1773d65a7707fbcf342f1fc180cde7e9d8e;Weniger Verkehr in Hamburg - Radverkehr sinkt am stärksten;https://www.zeit.de/news/2026-08/21/weniger-verkehr-in-hamburg-radverkehr-sinkt-am-staerksten;Hier finden Sie Informationen zu dem Thema „Mobilität“. Lesen Sie jetzt „Weniger Verkehr in Hamburg - Radverkehr sinkt am stärksten“.;Mobilität;News, Mobilität, Hamburg, Radverkehr, Verkehr;2026-08-21T05:30:06+02:00;2026-08-21T05:30:06+02:00;;dpa Hamburg/Schleswig-Holstein;false
c66c5b7c5d835823d6e07fe8cc831a3dc2b23a1022fa65f4d49d327fc8cef534;Ist die deutsche Einheit gelungen?;https://www.zeit.de/politik/deutschland/2026-08/deutsche-einheit-mauerfall-wiedervereinigung-ost-west-deutschland-spricht;Aber hallo! Es gibt zwar so viele Unterschiede zwischen Ost und West. Und so viel Gerede darüber wie nie. Doch genau da zeigt sich, wie gut Ostdeutsche angekommen sind.;»Deutschland spricht«;Politik, »Deutschland spricht«, Wiedervereinigung, Ostdeutschland, Mauerfall, Berlin, Alternative für Deutschland, Arbeitslosenquote, Deutschland spricht;2026-08-21T05:30:01+02:00;2026-08-21T05:30:01+02:00;Anne Hähnig;;false
a36ab2f5cf154f2a172545e71895be3070d1198ba89199679b5f0cf8805d1ab2;Autofahrer baut Unfall bei Flucht vor Polizeikontrolle;https://www.zeit.de/news/2026-08/21/autofahrer-baut-unfall-bei-flucht-vor-polizeikontrolle;Hier finden Sie Informationen zu dem Thema „Verkehrskontrolle“. Lesen Sie jetzt „Autofahrer baut Unfall bei Flucht vor Polizeikontrolle“.;Verkehrskontrolle;News, Verkehrskontrolle, Landkreis Neuwied, Polizei, Unfall, Polizeikontrolle, Verkehrskontrolle, Auto;2026-08-21T05:25:10+02:00;2026-08-21T05:25:10+02:00;;dpa Rheinland-Pfalz/Saarland;false
dd26f6af90093bb27648ecad627bbe3591ddd2be4e771950ccb101935429961e;Die Frau, die Trumps Schatten war - und jetzt sichtbar wird;https://www.zeit.de/news/2026-08/21/die-frau-die-trumps-schatten-war-und-jetzt-sichtbar-wird;Hier finden Sie Informationen zu dem Thema „US-Regierung“. Lesen Sie jetzt „Die Frau, die Trumps Schatten war - und jetzt sichtbar wird“.;US-Regierung;News, US-Regierung, Donald Trump, Natalie Harp, Amerika, Katar, New York Times, Demokraten (USA), US-Senat, Weißes Haus, CNN, CBS News;2026-08-21T05:20:05+02:00;2026-08-21T05:20:05+02:00;;dpa;false
656b4c36cb61f04e0070f44ae32f97ce37769f5f656286e298d55a8bfbeb71c5;Wenn kein Lob reicht;https://www.zeit.de/arbeit/2026-07/anerkennung-job-arbeit-erschoepfung-psychologie;Anerkennung im Job zu erfahren, ist wichtig. Doch wer nach falscher Bestätigung sucht, wird unersättlich. Die tieferen Gründe dafür führen oft weit in die Kindheit.;"Z+ (abopflichtiger Inhalt);
        
    Anerkennung im Job";Arbeit, Anerkennung im Job, Berlin, Psychologie, Arbeitsplatz, Anerkennung, Erschöpfung;2026-08-21T05:17:43+02:00;2026-08-21T05:17:43+02:00;Marie Rövekamp;;false
25ea6cc13c5d7fa3e810bdf7230dcdb50796bc55e2322d51e9b3382129f177a0;Wetterdienst warnt vor heftigem Regen und Gewittern;https://www.zeit.de/wissenschaft/umwelt/2026-08/wetter-deutschland-gewitter-starkregen-unwetter-bayern-rheinland-pfalz-gxe;Im Süden Deutschlands werden heftige Regenfälle bis hin zu Starkregen erwartet. Bei schweren Unwettern starben in den vergangenen Tagen zwei Menschen.;Unwetter;Wissenschaft, Unwetter, Gewitter, DWD, Unwetter, Bayern, Bodensee, Bayerischer Wald, Rheinland-Pfalz;2026-08-21T05:06:18+02:00;2026-08-21T05:06:18+02:00;jtr;DIE ZEIT,        dpa,        AFP,        							jtr;false
bfbd9654baeb56aacb6d570592472b8d5aa99a616341c60f0f7d055b0fa823a9;Was Harry und Meghan in Großbritannien erwartet;https://www.zeit.de/news/2026-08/21/was-harry-und-meghan-in-grossbritannien-erwartet;Hier finden Sie Informationen zu dem Thema „Britische Royals“. Lesen Sie jetzt „Was Harry und Meghan in Großbritannien erwartet“.;Britische Royals;News, Britische Royals, Earl Spencer, Craig Prescott, Prinz Harry, Meghan Markle, Queen Elizabeth II, Prinzessin Diana, Großbritannien, Frogmore, USA, London;2026-08-21T05:00:15+02:00;2026-08-21T05:00:15+02:00;;dpa;false
233d7e9d7fd9757f88780670e85dd4265660abff5992724b67055d97f7b69701;Dax-Konzernchef: «Mir gefällt dieses Rumgenörgel nicht»;https://www.zeit.de/news/2026-08/21/dax-konzernchef-mir-gefaellt-dieses-rumgenoergel-nicht;Hier finden Sie Informationen zu dem Thema „Standort Deutschland“. Lesen Sie jetzt „Dax-Konzernchef: «Mir gefällt dieses Rumgenörgel nicht»“.;Standort Deutschland;News, Standort Deutschland, Bernhard Montag, Berlin, Siemens AG, Deutsche Presse-Agentur, Nvidia, Rumgenörgel, Anspruchshaltung, Dax;2026-08-21T05:00:14+02:00;2026-08-21T05:00:14+02:00;;dpa;false
d094e9f4be370245ae90600cbae5592539ed9db8f8f8f6558d0a8775f2685c5f;Was gilt beim SUP-Fahren auf Brandenburgs Gewässern?;https://www.zeit.de/news/2026-08/21/was-gilt-beim-sup-fahren-auf-brandenburgs-gewaessern;Hier finden Sie Informationen zu dem Thema „Gemütliches Sporteln“. Lesen Sie jetzt „Was gilt beim SUP-Fahren auf Brandenburgs Gewässern?“.;Gemütliches Sporteln;News, Gemütliches Sporteln, Brandenburg, Potsdam, Polizei, Gewässer;2026-08-21T05:00:08+02:00;2026-08-21T05:00:08+02:00;;dpa Berlin/Brandenburg;false
92713395399e1c50554a234db78d2f1a8dbd10421ebcd01c1ed0ab307ab96f77;Schulstart in MV: Was auf Schüler und Eltern zukommt;https://www.zeit.de/news/2026-08/21/schulstart-in-mv-was-auf-schueler-und-eltern-zukommt;Hier finden Sie Informationen zu dem Thema „Bildung“. Lesen Sie jetzt „Schulstart in MV: Was auf Schüler und Eltern zukommt“.;Bildung;News, Bildung, Simone Oldenburg, Penkun, Mecklenburg-Vorpommern, Bildungsministerium, Schulstart, Schuljahr, Herbstferien, Schulanfänger, Erstklässler, Einschulung;2026-08-21T05:00:07+02:00;2026-08-21T05:00:07+02:00;;dpa Mecklenburg-Vorpommern;false
abc31f6865360cbd30dcf9a19bb3db77a365399b4b740c22a86e410654d47fb7;Noch einmal Vollsperrung an A52-Brücke über die Ruhr;https://www.zeit.de/news/2026-08/21/noch-einmal-vollsperrung-an-a52-bruecke-ueber-die-ruhr;Hier finden Sie Informationen zu dem Thema „Schon wieder gesperrt“. Lesen Sie jetzt „Noch einmal Vollsperrung an A52-Brücke über die Ruhr“.;Schon wieder gesperrt;News, Schon wieder gesperrt, Ruhr, Düsseldorf, Vollsperrung;2026-08-21T05:00:05+02:00;2026-08-21T05:00:05+02:00;;dpa Nordrhein-Westfalen;false
416e1abff9c3eb5904e830416d3d85af92c1637412d70ea8f4059f5d74da2236;Feuer im Hohen Venn: Wird sich das Moor jemals erholen?;https://www.zeit.de/news/2026-08/21/feuer-im-hohen-venn-wird-sich-das-moor-jemals-erholen;Hier finden Sie Informationen zu dem Thema „Brand“. Lesen Sie jetzt „Feuer im Hohen Venn: Wird sich das Moor jemals erholen?“.;Brand;News, Brand, Holger Sticht, Tilmann Disselhoff, Hohes Venn, Naturschutzbund Deutschland, Hochmoorlandschaft, Grenze, Tiere;2026-08-21T05:00:04+02:00;2026-08-21T05:00:04+02:00;;dpa Nordrhein-Westfalen;false
77f1575bfe292bd159553252c2e838f13f5645a7fd9aa67126707e54a948dad2;Flammen versperren Hochhausbewohnern den Fluchtweg;https://www.zeit.de/news/2026-08/21/flammen-versperren-hochhausbewohnern-den-fluchtweg;Hier finden Sie Informationen zu dem Thema „Feuerwehr-Einsatz“. Lesen Sie jetzt „Flammen versperren Hochhausbewohnern den Fluchtweg“.;Feuerwehr-Einsatz;News, Feuerwehr-Einsatz, Kassel, Feuerwehr, Hochhausbewohner, Fluchtweg, Flammenfront, Treppenhaus, Einsatzkraft;2026-08-21T04:53:01+02:00;2026-08-21T04:53:01+02:00;;dpa Hessen;false
5a194ea1661314d5e289be454278f77d9dcf5d319687f20a9b4083b8a3350db4;Kritik an Vorschlag über Finanzsanktionen für Sachsen-Anhalt;https://www.zeit.de/politik/deutschland/2026-08/landtagswahl-sachsen-anhalt-afd-kritik-danyal-bayaz-gxe;Sollte die AfD in Sachsen-Anhalt an die Macht kommen, schlägt ein Grünen-Politiker unter Bedingungen Finanzsanktionen vor. Die Ostbeauftragte hält dagegen.;Landtagswahl;Politik, Landtagswahl, Sachsen-Anhalt, Alternative für Deutschland, Landtagswahl, Elisabeth Kaiser, Bundesregierung, Sahra Wagenknecht;2026-08-21T04:47:34+02:00;2026-08-21T04:47:34+02:00;dar;DIE ZEIT,        dpa,        							dar;false
c988d7f4fa505cc6da224ed6c4879d517c8e665af613728645701012ed11cb1b;Wie sich die AfD auf eine mögliche Regierung vorbereitet;https://www.zeit.de/news/2026-08/21/wie-sich-die-afd-auf-eine-moegliche-regierung-vorbereitet;Hier finden Sie Informationen zu dem Thema „Kaderschmiede und FPÖ-Hilfe“. Lesen Sie jetzt „Wie sich die AfD auf eine mögliche Regierung vorbereitet“.;Kaderschmiede und FPÖ-Hilfe;News, Kaderschmiede und FPÖ-Hilfe, Alice Weidel, Hannes Gnauck, Ulrich Siegmund, Berlin, Österreich, Sachsen-Anhalt, FPÖ, Focus, Alternative für Deutschland, Schlussphase;2026-08-21T04:40:05+02:00;2026-08-21T04:40:05+02:00;;dpa;false
1525bcb2bdca11b1db7d210e8d72dd19bdd3e8ca7285bd47754d02118c0d8170;Deutlich mehr freiwillige Ausreisen als Abschiebungen;https://www.zeit.de/news/2026-08/21/deutlich-mehr-freiwillige-ausreisen-als-abschiebungen;Hier finden Sie Informationen zu dem Thema „Migration“. Lesen Sie jetzt „Deutlich mehr freiwillige Ausreisen als Abschiebungen“.;Migration;News, Migration, Nigeria, Bundesregierung, Bundespolizei, Frontex, Abschiebung, Ausreise, Linksfraktion, Migration, Asyl;2026-08-21T04:30:13+02:00;2026-08-21T04:30:13+02:00;;dpa;false
3cf49addaee65348cc368f1f64482fc1323e6009b8b59b86fdd37a7794700228;Millionen für Vereine aus EU-Mitteln;https://www.zeit.de/news/2026-08/21/millionen-fuer-vereine-aus-eu-mitteln;Hier finden Sie Informationen zu dem Thema „Geld aus Brüssel“. Lesen Sie jetzt „Millionen für Vereine aus EU-Mitteln“.;Geld aus Brüssel;News, Geld aus Brüssel, Brüssel, Europäische Union, EU, Gemeindehaus, Geld;2026-08-21T04:30:06+02:00;2026-08-21T04:30:06+02:00;;dpa Thüringen;false
75f1e82627587e58a560eb926ebe99ce0b1683b63c6e4644fb208df6a6f678d9;Ausstellungswagen kracht in Autohaus - 100.000 Euro Schaden;https://www.zeit.de/news/2026-08/21/ausstellungswagen-kracht-in-autohaus-100-000-euro-schaden;Hier finden Sie Informationen zu dem Thema „Unfall in Bad Kreuznach“. Lesen Sie jetzt „Ausstellungswagen kracht in Autohaus - 100.000 Euro Schaden“.;Unfall in Bad Kreuznach;News, Unfall in Bad Kreuznach, Bad Kreuznach, Ausstellungswagen, Autohaus, Unfall, Auto;2026-08-21T04:21:43+02:00;2026-08-21T04:21:43+02:00;;dpa Rheinland-Pfalz/Saarland;false
9b4f60b51888b4babf8bb40c274abe3c1f9e18693d63b4da748e4dad7c11bc31;Nordkorea spottet trotz US-Annäherung über Südkorea und USA;https://www.zeit.de/politik/ausland/2026-08/kim-yo-jong-nordkorea-usa-suedkorea-militaermanoever-donald-trump;Nordkorea zeigt sich durch die Reduzierung des gemeinsamen Manövers der USA und Südkoreas nicht besänftigt. Die Verkürzung werde »nicht die gewünschte Antwort« bringen.;Nord- und Südkorea;Politik, Nord- und Südkorea, USA, Nordkorea, Südkorea, Kim Jong Un, Donald Trump, Militär;2026-08-21T04:19:13+02:00;2026-08-21T04:19:13+02:00;htg;DIE ZEIT,        dpa,        							htg;false
e6aa69c91e655634069364f7ded3a35dadd0c0b77c6130d0e7c99a618a459e59;Endlich Regen - wer profitiert und wofür ist es zu spät?;https://www.zeit.de/news/2026-08/21/endlich-regen-wer-profitiert-und-wofuer-ist-es-zu-spaet;Hier finden Sie Informationen zu dem Thema „Trockenheit“. Lesen Sie jetzt „Endlich Regen - wer profitiert und wofür ist es zu spät?“.;Trockenheit;News, Trockenheit, Benjamin Sinaba, Oberrhein, Baden-Württemberg, Naturschutzbund Deutschland, Trockenheit, Sommer, Tiere;2026-08-21T04:15:07+02:00;2026-08-21T04:15:07+02:00;;dpa Baden-Württemberg;false
22cc59a41a45d3070047353a8aeaf9eaab2f48c06d738df4687b3b8fb79c3379;Frankreichs Schneckenbauern bangen wegen Hitze um Ernte;https://www.zeit.de/news/2026-08/21/frankreichs-schneckenbauern-bangen-wegen-hitze-um-ernte;Hier finden Sie Informationen zu dem Thema „Zu heiß und trocken“. Lesen Sie jetzt „Frankreichs Schneckenbauern bangen wegen Hitze um Ernte“.;Zu heiß und trocken;News, Zu heiß und trocken, Anthony Garnier, Frankreich, Paris, Deutsche Presse-Agentur, Ernte, Schnecke, Trockenheit, Hitze;2026-08-21T04:07:04+02:00;2026-08-21T04:07:04+02:00;;dpa;false
869525d74f69b5a607cb0599f06b7f682936d35b8de1fe3f084afdef39d520ed;Wichtige Bahnstrecke Düsseldorf-Köln wird gesperrt;https://www.zeit.de/news/2026-08/21/wichtige-bahnstrecke-duesseldorf-koeln-wird-gesperrt;Hier finden Sie Informationen zu dem Thema „Bauarbeiten“. Lesen Sie jetzt „Wichtige Bahnstrecke Düsseldorf-Köln wird gesperrt“.;Bauarbeiten;News, Bauarbeiten, Düsseldorf, Köln, Köln-Mülheim, Leverkusen, Deutsche Bahn, Bahnstrecke, Zugverkehr;2026-08-21T04:01:05+02:00;2026-08-21T04:01:05+02:00;;dpa Nordrhein-Westfalen;false
7161b6ff6dd4cc2d21fde3f9a717dcff47295f652278cf4d29c3ccd390f4c45d;Später Regen hilft Kohlarten und Äpfeln – Schäden bleiben;https://www.zeit.de/news/2026-08/21/spaeter-regen-hilft-kohlarten-und-aepfeln-schaeden-bleiben;Hier finden Sie Informationen zu dem Thema „Trockenheit und später Regen“. Lesen Sie jetzt „Später Regen hilft Kohlarten und Äpfeln – Schäden bleiben“.;Trockenheit und später Regen;News, Trockenheit und später Regen, Oberrhein, Kohlart, Trockenheit, Trockenperiode;2026-08-21T04:00:19+02:00;2026-08-21T04:00:19+02:00;;dpa Baden-Württemberg;false
005371cf20fe33b027572f8f1dc1d11d7b1d9c3edbdd8532de876022c5d6043a;Gewalt in der Familie - neues Angebot für Männer;https://www.zeit.de/news/2026-08/21/gewalt-in-der-familie-neues-angebot-fuer-maenner;Hier finden Sie Informationen zu dem Thema „Schutzprojekte“. Lesen Sie jetzt „Gewalt in der Familie - neues Angebot für Männer“.;Schutzprojekte;News, Schutzprojekte, Heike Hofmann, Mann, Darmstadt, Hessen, BKA, SPD, Schutzprojekt, Mord, Nötigung, Totschlag;2026-08-21T04:00:13+02:00;2026-08-21T04:00:13+02:00;;dpa Hessen;false
003588ceae66ae51157e9b0d0ff35baf995daed2cab11b8ede95412898999178;Mehrere Autobahnen im Ruhrgebiet am Wochenende gesperrt;https://www.zeit.de/news/2026-08/21/mehrere-autobahnen-im-ruhrgebiet-am-wochenende-gesperrt;Hier finden Sie Informationen zu dem Thema „Verkehr“. Lesen Sie jetzt „Mehrere Autobahnen im Ruhrgebiet am Wochenende gesperrt“.;Verkehr;News, Verkehr, Venlo, Ruhrgebiet, Bochum, Mülheim, Kettwig, Breitscheid, Duisburg, Kaiserberg, Oberhausen, Dortmund;2026-08-21T04:00:07+02:00;2026-08-21T04:00:07+02:00;;dpa Nordrhein-Westfalen;false
98c1cc4e6c0a6521f34247352fb494e48839655f3854927d8116952d7fb5c971;Nach Knochenjob im Stall: Zuflucht im Garten für Legehennen;https://www.zeit.de/news/2026-08/21/nach-knochenjob-im-stall-zuflucht-im-garten-fuer-legehennen;Hier finden Sie Informationen zu dem Thema „Tierwohl statt Quälerei“. Lesen Sie jetzt „Nach Knochenjob im Stall: Zuflucht im Garten für Legehennen“.;Tierwohl statt Quälerei;News, Tierwohl statt Quälerei, Mike Höfling, Großostheim, Osteuropa, Bayern, Knochenjob, Legehenne, Tierwohl, Quälerei, Bodenhaltung, Familie;2026-08-21T04:00:06+02:00;2026-08-21T04:00:06+02:00;;dpa Bayern;false
060947477169a55d7c667e46cde22a147f178d8dce37411abb2b33cf28abee85;Schutzwohnung für Männer als Opfer von Gewalt in der Familie;https://www.zeit.de/news/2026-08/21/schutzwohnung-fuer-maenner-als-opfer-von-gewalt-in-der-familie;Hier finden Sie Informationen zu dem Thema „Schutzangebot“. Lesen Sie jetzt „Schutzwohnung für Männer als Opfer von Gewalt in der Familie“.;Schutzangebot;News, Schutzangebot, Mann, Darmstadt, Schutzwohnung, Schutzangebot, Familie;2026-08-21T03:45:05+02:00;2026-08-21T03:45:05+02:00;;dpa Hessen;false
54954274dddc39d8ccf6e5f582a04401bbc2347e948b6c0afce86d0e1126aa17;Unionerinnen eröffnen Saison gegen Meister Bayern München;https://www.zeit.de/news/2026-08/21/unionerinnen-eroeffnen-saison-gegen-meister-bayern-muenchen;Hier finden Sie Informationen zu dem Thema „Fußball-Bundesliga der Frauen“. Lesen Sie jetzt „Unionerinnen eröffnen Saison gegen Meister Bayern München“.;Fußball-Bundesliga der Frauen;News, Fußball-Bundesliga der Frauen, FC Bayern München, 1. FC Union Berlin, Fußball-Bundesliga, Bundesliga, Topspiel, Magentasport;2026-08-21T03:30:18+02:00;2026-08-21T03:30:18+02:00;;dpa Berlin/Brandenburg;false
f9451b78d0a168ca492328dd009afbfc39c7f2508e4884615e7a418781ac7fd9;Folgen der Hitze: Obstbauern fürchten geringere Ernteerträge;https://www.zeit.de/news/2026-08/21/folgen-der-hitze-obstbauern-fuerchten-geringere-ernteertraege;Hier finden Sie Informationen zu dem Thema „Zu viel Sonne, zu wenig Wasser“. Lesen Sie jetzt „Folgen der Hitze: Obstbauern fürchten geringere Ernteerträge“.;Zu viel Sonne, zu wenig Wasser;News, Zu viel Sonne, zu wenig Wasser, Rheinland-Pfalz, Rheinland, Ernteertrag, Trockenheit, Sonnenbrand, Hitze;2026-08-21T03:30:08+02:00;2026-08-21T03:30:08+02:00;;dpa Rheinland-Pfalz/Saarland;false
e0579d56bf8971ed4fad77264bedd1800490ae5d191a6824e4ec9a35619fe45d;Wismar feiert Schwedenfest - Veranstaltungen bis Sonntag;https://www.zeit.de/news/2026-08/21/wismar-feiert-schwedenfest-veranstaltungen-bis-sonntag;Hier finden Sie Informationen zu dem Thema „Volksfeste“. Lesen Sie jetzt „Wismar feiert Schwedenfest - Veranstaltungen bis Sonntag“.;Volksfeste;News, Volksfeste, Wismar, Schwedenfest, Historienspektakel, Volksfest, Markttreiben;2026-08-21T03:30:07+02:00;2026-08-21T03:30:07+02:00;;dpa Mecklenburg-Vorpommern;false
0acdc42bfa987ac67d165354326831d49327a92e6ca3cb602a1b8231b05a025b;Neue Töne in Mainz: 100 Tage schwarz-rote Regierung;https://www.zeit.de/news/2026-08/21/neue-toene-in-mainz-100-tage-schwarz-rote-regierung;Hier finden Sie Informationen zu dem Thema „Neue Landesregierung“. Lesen Sie jetzt „Neue Töne in Mainz: 100 Tage schwarz-rote Regierung“.;Neue Landesregierung;News, Neue Landesregierung, Friedrich Merz, Uwe Jun, Gordon Schnieder, Mainz, Rheinland-Pfalz, Universität Trier, CDU, SPD, Alternative für Deutschland, Bündnis 90/Die Grünen;2026-08-21T03:30:06+02:00;2026-08-21T03:30:06+02:00;;dpa Rheinland-Pfalz/Saarland;false
1885fed29a2be3f177b07529c58c1d6fc353de14b222e0a6640a7f3ad24f74d2;Städtetag fordert Vollversicherung und Kostendeckel für Heimbewohner;https://www.zeit.de/politik/deutschland/2026-08/pflegeversicherung-deutscher-staedtetag-vollversicherung-eigenanteil-pflegeheim;Im Herbst will die Bundesregierung die Pflegereform verabschieden. Der Deutsche Städtetag spricht sich vorab für die Einführung einer Pflegevollversicherung aus. ;Pflegeversicherung;Politik, Pflegeversicherung, Pflegeversicherung, Pflege, Pflegeheim, Friedrich Merz, SPD, CDU;2026-08-21T02:58:32+02:00;2026-08-21T02:58:32+02:00;jtr;DIE ZEIT,        dpa,        AFP,        							jtr;false
a6bf12a15dabdaa248a30b59936bf182ec773d1cb581c65064355210cdb164f6;Tesla will Elektro-Lastwagen auch in Europa verkaufen;https://www.zeit.de/news/2026-08/21/tesla-will-elektro-lastwagen-auch-in-europa-verkaufen;Hier finden Sie Informationen zu dem Thema „Nach Verzögerungen“. Lesen Sie jetzt „Tesla will Elektro-Lastwagen auch in Europa verkaufen“.;Nach Verzögerungen;News, Nach Verzögerungen, Elon Musk, Europa, Hannover, X, IAA, Verzögerung;2026-08-21T02:34:59+02:00;2026-08-21T02:34:59+02:00;;dpa;false
c23dad9922cc25cb0496673e17f6fe1e8681501cdcaae6ed2291be87964dc060;Klimaphänomen El Niño beeinträchtigt Schiffsverkehr im Panamakanal;https://www.zeit.de/wirtschaft/2026-08/panama-kanal-schifffahrt-el-nino-trockenheit-welthandel;In Panama ist es wegen des besonders starken El Niño in diesem Jahr zu trocken. Durch den Panamakanal dürfen deshalb bald nicht mehr so viele Schiffe fahren.;Panamakanal;Wirtschaft, Panamakanal, Panama, Pazifik, El Niño, Wetter, Schifffahrt;2026-08-21T02:25:36+02:00;2026-08-21T02:25:36+02:00;htg;DIE ZEIT,        AFP,        							htg;false
ad568e4a5b80ab0e23f3a696a99be1c12a610496913163d918ff4b29d5878b83;Zu wenig Regen: Panamakanal senkt Zahl der Schiffspassagen;https://www.zeit.de/news/2026-08/21/zu-wenig-regen-panamakanal-senkt-zahl-der-schiffspassagen;Hier finden Sie Informationen zu dem Thema „Klima“. Lesen Sie jetzt „Zu wenig Regen: Panamakanal senkt Zahl der Schiffspassagen“.;Klima;News, Klima, Panamakanal, Atlantik, Panama, Pazifik, El Niño, Schiffspassage, Niederschlagsmenge, Schiff;2026-08-21T02:21:30+02:00;2026-08-21T02:21:30+02:00;;dpa;false
1898eb569a0501cfd9ebb90e9e73d84f33b2bfdd1bc00856269ccaa852052bd8;Reifenplatzer löst Unfall aus: A20 stundenlang gesperrt;https://www.zeit.de/news/2026-08/21/reifenplatzer-loest-unfall-aus-a20-stundenlang-gesperrt;Hier finden Sie Informationen zu dem Thema „Vollsperrung“. Lesen Sie jetzt „Reifenplatzer löst Unfall aus: A20 stundenlang gesperrt“.;Vollsperrung;News, Vollsperrung, Berlin, Unfall, Vollsperrung, Auto;2026-08-21T02:15:14+02:00;2026-08-21T02:15:14+02:00;;dpa Mecklenburg-Vorpommern;false
daebdd01acf542aeed27e006ec0702c01886c82875e2f80d3fc6d7354eaff053;Brand in Regensburger Industriehalle löst Großeinsatz aus;https://www.zeit.de/news/2026-08/21/brand-in-regensburger-industriehalle-loest-grosseinsatz-aus;Hier finden Sie Informationen zu dem Thema „Stundenlange Löscharbeiten“. Lesen Sie jetzt „Brand in Regensburger Industriehalle löst Großeinsatz aus“.;Stundenlange Löscharbeiten;News, Stundenlange Löscharbeiten, Regensburg, Feuerwehr, Industriehalle, Löscharbeit, Rettungskraft, Großeinsatz;2026-08-21T02:08:04+02:00;2026-08-21T02:08:04+02:00;;dpa Bayern;false
4b419059d5b30c433fa41315164ecc644b61bfb97d122527760131368f930460;China erhebt künftig fast keine Zölle mehr auf Schweizer Importe;https://www.zeit.de/wirtschaft/2026-08/schweiz-china-freihandelsabkommen-zoll-export;Die Schweiz will noch in diesem Jahr ein erweitertes Handelsabkommen mit China unterzeichnen. 99,8 Prozent der Importe in die Volksrepublik sollen dann zollfrei sein.;Freihandelsabkommen mit China;Wirtschaft, Freihandelsabkommen mit China, China, Schweiz, Zoll, Freihandelsabkommen, Europäische Union, USA;2026-08-21T01:22:38+02:00;2026-08-21T01:22:38+02:00;htg;DIE ZEIT,        dpa,        							htg;false
ff48dba655cd0a3c878d3b4c0245bbf013d1e05bfde959393c0cb869b6f69949;USA verhängen neue Sanktionen gegen Kuba;https://www.zeit.de/politik/ausland/2026-08/usa-kuba-sanktionen-embargo-fernando-gonzalez-llort-icap;Die US-Regierung erhöht erneut den Druck auf die kubanische Führung. Sanktioniert werden unter anderem ein Ministerium und mehrere Staatsunternehmen.;Kuba;Politik, Kuba, Kuba, USA, Sanktion, Washington, Donald Trump;2026-08-21T01:09:02+02:00;2026-08-21T01:09:02+02:00;jtr;DIE ZEIT,        AFP,        							jtr;false
e2438b29a921cb80b8b50ca643846f2faf46da12d5ea47f8be44b7914099909e;Unmaskierter US-Bankräuber nutzte ChatGPT bei Tatplanung;https://www.zeit.de/news/2026-08/21/unmaskierter-us-bankraeuber-nutzte-chatgpt-bei-tatplanung;Hier finden Sie Informationen zu dem Thema „Gefängnisstrafe nach Überfall“. Lesen Sie jetzt „Unmaskierter US-Bankräuber nutzte ChatGPT bei Tatplanung“.;Gefängnisstrafe nach Überfall;News, Gefängnisstrafe nach Überfall, Polizei, Chatbot, Tatplanung, Überfall, Gefängnisstrafe, Bankräuber, ChatGPT;2026-08-21T00:48:01+02:00;2026-08-21T00:48:01+02:00;;dpa;false
c81824eb0e42087e36ecd83a4ec82140858530d1e59291b194d5f490281aee1b;Mehr als 50 Tote bei Bootsunglück in Nigeria;https://www.zeit.de/gesellschaft/zeitgeschehen/2026-08/bootsunglueck-nigeria-goronyo-sokoto-fluss;Bei einem Bootsunglück in Nigeria sind offenbar zahlreiche Menschen gestorben. Laut Zeugen soll es sich vor allem um Frauen und Kinder handeln.;Nigeria;Gesellschaft, Nigeria, Nigeria, Trauer, Opfer;2026-08-21T00:27:27+02:00;2026-08-21T00:27:27+02:00;tw;DIE ZEIT,        AFP,        							tw;false
