Hash;Title;Link;Description;Category;KeyWords;Published;LastUpdated;Author;Source;Paywall
a1aaf8f55ce78e95ebb09b86a2a0ce19e07d566ff6d9f736e5b33e3157951ec2;Aufkommender Wind erschwert Kampf gegen Waldbrände westlich von Madrid;https://www.zeit.de/gesellschaft/zeitgeschehen/2026-07/waldbrand-madrid-spanien-feuerwehr-evakuierungen;In der Nacht hatten die Brände nahe Spaniens Hauptstadt an Intensität verloren. Nun muss sich die Feuerwehr auf Böen von bis zu 60 Kilometern pro Stunde einstellen.;Spanien;Gesellschaft, Spanien, Madrid, Feuerwehr, Waldbrand;2026-07-25T12:19:31+02:00;2026-07-25T12:19:31+02:00;jsp;DIE ZEIT,        Reuters,        							jsp;false
3e6053cb0e3b4d7b4a0050588eb5bf0de9b4486cdf4fe2e94e29f257f842dca6;Damals im Sommer, alles war Musik;https://www.zeit.de/2026/32/death-cab-for-cutie-transatlanticism-indie-rock-sommer;Die Indieband Death Cab for Cutie gehörte zum Soundtrack der Nullerjahre. Jetzt hat sie ein neues Album. Nur die Erinnerung an früher ist so viel schöner.;"Z+ (abopflichtiger Inhalt);
        
    Death Cab for Cutie";Feuilleton, Death Cab for Cutie, Musik, Band, Album, Musiker, iPod, Hamburg, Reeperbahn;2026-07-25T12:17:47+02:00;2026-07-25T12:17:47+02:00;Micky Beisenherz;Aus der        ZEIT Nr. 32/2026;false
acb4ae8f4a867269c590ea64ece8637b569d962c4f15a7297fc8025d09e4fc24;Polizei macht Waffenfund und entdeckt dabei Cannabisplantage;https://www.zeit.de/news/2026-07/25/polizei-macht-waffenfund-und-entdeckt-dabei-cannabisplantage;Hier finden Sie Informationen zu dem Thema „Ermittlungen gegen 47-Jährigen“. Lesen Sie jetzt „Polizei macht Waffenfund und entdeckt dabei Cannabisplantage“.;Ermittlungen gegen 47-Jährigen;News, Ermittlungen gegen 47-Jährigen, Wuppertal, Polizei, Staatsanwaltschaft, Cannabis, Cannabisplantage, Waffenfund, Durchsuchung, Armbrust, Schusswaffe;2026-07-25T12:14:42+02:00;2026-07-25T12:14:42+02:00;;dpa Nordrhein-Westfalen;false
30d5b9b66e142a3f0484eaa5e48de6fd6e1827c24c38f5dafaaff9159d498229;Kleinflugzeug stürzt in Ganderkesee in Wohnhaus;https://www.zeit.de/news/2026-07/25/kleinflugzeug-stuerzt-in-ganderkesee-in-wohnhaus;Hier finden Sie Informationen zu dem Thema „Ganderkesee“. Lesen Sie jetzt „Kleinflugzeug stürzt in Ganderkesee in Wohnhaus“.;Ganderkesee;News, Ganderkesee, Ganderkesee, Kleinflugzeug;2026-07-25T12:13:50+02:00;2026-07-25T12:13:50+02:00;;dpa Niedersachsen;false
f084999407abd8b9524e032f833d3056aa4d188e3ab2b7f986b6a165194bc0b2;»Ich hatte das Gefühl, sie will alles, ohne Kompromisse«;https://www.zeit.de/zeit-magazin/2026-07/aufteilung-care-arbeit-beziehung-gleichberechtigung-paar;Wie leben mit Kind? Als Ben und Sophie darüber sprechen, merken sie, dass sie sich die Zukunft sehr unterschiedlich vorstellen. Und plötzlich steht die Trennung im Raum. ;"Z+ (abopflichtiger Inhalt);
        
    Aufteilung von Care-Arbeit";Beziehung, Care-Arbeit, Liebe, Familie, Kinder, Gleichberechtigung;2026-07-25T12:09:00+02:00;2026-07-25T12:09:00+02:00;Heike Faller;;false
d86f68efbfee47f3a76300721906ec3ff45a60605b0981c9b1ad3ebd69f35f7b;Fußgängerin bei Unfall in Kusel schwer verletzt;https://www.zeit.de/news/2026-07/25/fussgaengerin-bei-unfall-in-kusel-schwer-verletzt;Hier finden Sie Informationen zu dem Thema „Unfälle“. Lesen Sie jetzt „Fußgängerin bei Unfall in Kusel schwer verletzt“.;Unfälle;News, Unfälle, Kusel, Polizei, Unfall, Verkehrsunfall;2026-07-25T12:05:33+02:00;2026-07-25T12:05:33+02:00;;dpa Rheinland-Pfalz/Saarland;false
03cc59bcca7d7e24cb88e0075a8cc6701d76032de0a5f112437578eba52e0329;Zwei Menschen bei Motorradunfall schwer verletzt;https://www.zeit.de/news/2026-07/25/zwei-menschen-bei-motorradunfall-schwer-verletzt;Hier finden Sie Informationen zu dem Thema „Verkehr“. Lesen Sie jetzt „Zwei Menschen bei Motorradunfall schwer verletzt“.;Verkehr;News, Verkehr, Motorradunfall, Verkehr;2026-07-25T12:02:15+02:00;2026-07-25T12:02:15+02:00;;dpa Baden-Württemberg;false
fc52311ae6a4749aa1c1418f3b8a5ee8d0ab2b0e76ee47c6d914acc567e371f2;Holstein-Verteidiger Roslyng fällt nach Knie-OP vorerst aus;https://www.zeit.de/news/2026-07/25/holstein-verteidiger-roslyng-faellt-nach-knie-op-vorerst-aus;Hier finden Sie Informationen zu dem Thema „2. Fußball-Bundesliga“. Lesen Sie jetzt „Holstein-Verteidiger Roslyng fällt nach Knie-OP vorerst aus“.;2. Fußball-Bundesliga;News, 2. Fußball-Bundesliga, Frederik Roslyng, Holstein, Holstein Kiel, Fußball-Bundesliga;2026-07-25T11:59:11+02:00;2026-07-25T11:59:11+02:00;;dpa Hamburg/Schleswig-Holstein;false
6fef75c922475494c67ca61549432109367e36170007a415dd70bfac172fbd08;Wechselhaftes Wetter nach heißem und sonnigem Samstag;https://www.zeit.de/news/2026-07/25/wechselhaftes-wetter-nach-heissem-und-sonnigem-samstag;Hier finden Sie Informationen zu dem Thema „Wetteraussichten“. Lesen Sie jetzt „Wechselhaftes Wetter nach heißem und sonnigem Samstag“.;Wetteraussichten;News, Wetteraussichten, Saarland, Rheinland-Pfalz, DWD, Wetteraussicht, Ausklang, Gewitter, Wetter;2026-07-25T11:52:27+02:00;2026-07-25T11:52:27+02:00;;dpa Rheinland-Pfalz/Saarland;false
006a00799060629276317a95c7565ee8d9b7f5aec35586ed934099ce3a2e1ace;Indiens Bildungsminister tritt nach Jugendprotesten zurück;https://www.zeit.de/news/2026-07/25/indiens-bildungsminister-tritt-nach-jugendprotesten-zurueck;Hier finden Sie Informationen zu dem Thema „Geleakte Dokumente“. Lesen Sie jetzt „Indiens Bildungsminister tritt nach Jugendprotesten zurück“.;Geleakte Dokumente;News, Geleakte Dokumente, Dharmendra Pradhan, Indien, Jugendprotest, Geleakte, Kakerlake;2026-07-25T11:51:30+02:00;2026-07-25T11:51:30+02:00;;dpa;false
d1240ac9bc6d43eb315b0217eec231dd6c96ddd11d641a2e96073ba721b4070e;Sie wollen endlich aufräumen;https://www.zeit.de/politik/2026-07/gazastreifen-zerstoerung-wiederaufbau-muell-israel;Im Gazastreifen türmen sich 60 Millionen Tonnen Trümmer. Längst gibt es Ideen, wie man sie recyceln könnte. Doch die Regierung Netanjahu verfolgt andere Pläne;"Z+ (abopflichtiger Inhalt);
        
    Gazastreifen";Politik, Gazastreifen, Gazastreifen, Hamas, Benjamin Netanjahu, Westjordanland, UN, NGO;2026-07-25T11:44:25+02:00;2026-07-25T11:44:25+02:00;Steffi Hentschke;;false
b0e2c0c8ec73d8fa35b1c1f5329902f00f759da8a579762f99c2e1b6f9e8059c;Pferd auf Weide angeschossen - Tier stirbt in Ostfriesland;https://www.zeit.de/news/2026-07/25/pferd-auf-weide-angeschossen-tier-stirbt-in-ostfriesland;Hier finden Sie Informationen zu dem Thema „Aurich“. Lesen Sie jetzt „Pferd auf Weide angeschossen - Tier stirbt in Ostfriesland“.;Aurich;News, Aurich, Ostfriesland, Aurich, Polizei, Tiere;2026-07-25T11:43:44+02:00;2026-07-25T11:43:44+02:00;;dpa Niedersachsen;false
e873224961520093751156b4fffa733d30d3f4eefd65bb62d9c0f5f1e8964afe;Motorradfahrer von Lastwagen mehrere Meter mitgeschleift;https://www.zeit.de/news/2026-07/25/motorradfahrer-von-lastwagen-mehrere-meter-mitgeschleift;Hier finden Sie Informationen zu dem Thema „Niederbayern“. Lesen Sie jetzt „Motorradfahrer von Lastwagen mehrere Meter mitgeschleift“.;Niederbayern;News, Niederbayern, Bundesstraße;2026-07-25T11:37:33+02:00;2026-07-25T11:37:33+02:00;;dpa Bayern;false
9ee5c466681d027e4dc313ff71da3a7137e94e496926487c36efa735418e2e27;Waldbrand im Kreis St. Wendel weitgehend gelöscht;https://www.zeit.de/news/2026-07/25/waldbrand-im-kreis-st-wendel-weitgehend-geloescht;Hier finden Sie Informationen zu dem Thema „Nur noch einzelne Glutnester“. Lesen Sie jetzt „Waldbrand im Kreis St. Wendel weitgehend gelöscht“.;Nur noch einzelne Glutnester;News, Nur noch einzelne Glutnester, Dirk Schäfer, St. Wendel, Primstal, Feuerwehr, Glutnest, Waldbrand;2026-07-25T11:36:44+02:00;2026-07-25T11:36:44+02:00;;dpa Rheinland-Pfalz/Saarland;false
4033e4d3de752b7771e03d81e5cc9ba097a39727bff2279102f9c34434b520c0;Tausende Menschen müssen wegen Waldbränden Vororte von Bordeaux räumen;https://www.zeit.de/gesellschaft/zeitgeschehen/2026-07/waldbraende-bordeaux-frankreich-gironde-evakuierung;Der Waldbrand in Gironde zieht in Richtung Bordeaux. 110.000 Menschen wurden in der Region bislang in Sicherheit gebracht, auch Vororte von Bordeaux werden nun geräumt.;Waldbrände in Frankreich;Gesellschaft, Waldbrände in Frankreich, Gironde, X, Waldbrand, Vorort;2026-07-25T11:35:50+02:00;2026-07-25T11:35:50+02:00;tw;DIE ZEIT,        Reuters,        							tw;false
4d2fb0a2ab4fe0d4ab1138bef5285614fe80f71d9cb216055984e804d80f0263;Früher gab es noch Zukunft im Überschuss;https://www.zeit.de/feuilleton/2026-07/china-fortschritt-xi-jinping-trends-vergangenheit;In China träumen junge Menschen von einer Zeit vor dem Internet. Der Trend: Rückzug und Verweigerung. Ist das schon Regimekritik? Die Realität ist komplizierter.;"Z+ (abopflichtiger Inhalt);
        
    China";Feuilleton, China, Xi Jinping, Shanghai, China, Technologie;2026-07-25T11:34:40+02:00;2026-07-25T11:34:40+02:00;Stefan Messingschlager;;false
ec5b87e118e4a2e80c1a1272fba34ed5439ae8d441783185adf25af5ce9840be;BDI warnt vor schleichender Deindustrialisierung;https://www.zeit.de/wirtschaft/2026-07/tanja-goenner-industrie-arbeitslosigkeit-gxe;Der Bundesverband der Deutschen Industrie fordert bessere wirtschaftliche Rahmenbedingungen. »Die Lage ist kritisch«, sagt Tanja Gönner. Es brauche Innovationen.;Industriearbeitsplätze;Wirtschaft, Industriearbeitsplätze, Bundesverband der Deutschen Industrie, Tanja Gönner, Arbeitsmarkt, Arbeitsplatz, Arbeitslosigkeit;2026-07-25T11:34:19+02:00;2026-07-25T11:34:19+02:00;wil;DIE ZEIT,        dpa,        							wil;false
2fe622c6f74adec58f4347ae5ea14fc7804717dbfd0d1a828d17478f074e3356;Auf Sonne und Hitze folgen in Hessen Schauer und Gewitter;https://www.zeit.de/news/2026-07/25/auf-sonne-und-hitze-folgen-in-hessen-schauer-und-gewitter;Hier finden Sie Informationen zu dem Thema „Wetteraussichten“. Lesen Sie jetzt „Auf Sonne und Hitze folgen in Hessen Schauer und Gewitter“.;Wetteraussichten;News, Wetteraussichten, Offenbach, Wasserkuppe, Hessen, DWD, Gewitter, Wetteraussicht, Tagesverlauf, Hitze;2026-07-25T11:27:01+02:00;2026-07-25T11:27:01+02:00;;dpa Hessen;false
a9e50fd31ca00e467cffd00eb830c46631e82e3e352b47a9d10b82c1b6587bd2;Rotes Kreuz kritisiert geplanten bayerischen Uniformtag;https://www.zeit.de/news/2026-07/25/rotes-kreuz-kritisiert-geplanten-bayerischen-uniformtag;Hier finden Sie Informationen zu dem Thema „Einsatzkräfte“. Lesen Sie jetzt „Rotes Kreuz kritisiert geplanten bayerischen Uniformtag“.;Einsatzkräfte;News, Einsatzkräfte, Rotes Kreuz, Uniformtag, Einsatzkraft, Landtag;2026-07-25T11:24:11+02:00;2026-07-25T11:24:11+02:00;;dpa Bayern;false
0c2d0c678b7fe9574f6216c37a12225ea534ad82a4764fc43b5d549ab65475e6;Leverkusen verpflichtet Abwehrtalent Erlein aus Hoffenheim;https://www.zeit.de/news/2026-07/25/leverkusen-verpflichtet-abwehrtalent-erlein-aus-hoffenheim;Hier finden Sie Informationen zu dem Thema „Fußball-Bundesliga“. Lesen Sie jetzt „Leverkusen verpflichtet Abwehrtalent Erlein aus Hoffenheim“.;Fußball-Bundesliga;News, Fußball-Bundesliga, Luca Erlein, Hoffenheim, Leverkusen, Bayer 04 Leverkusen, TSG 1899 Hoffenheim, Fußball-Bundesliga, Bundesliga, Sommer;2026-07-25T11:22:08+02:00;2026-07-25T11:22:08+02:00;;dpa Baden-Württemberg;false
3b2282de92dd9cc3a78491ec28c20d08bb72afab108fd693f12e3dbbc01e2cf1;Motorradfahrerin prallt gegen Baum und wird schwer verletzt;https://www.zeit.de/news/2026-07/25/motorradfahrerin-prallt-gegen-baum-und-wird-schwer-verletzt;Hier finden Sie Informationen zu dem Thema „Unfall im Landkreis Goslar“. Lesen Sie jetzt „Motorradfahrerin prallt gegen Baum und wird schwer verletzt“.;Unfall im Landkreis Goslar;News, Unfall im Landkreis Goslar, Landkreis Goslar;2026-07-25T11:17:16+02:00;2026-07-25T11:17:16+02:00;;dpa Niedersachsen;false
0827f8eee9639341a35d6d1ab0f6b596543b8b3bc3185c35de89609f306d7e20;Polizei sucht nach Auto von getöteter Seniorin;https://www.zeit.de/news/2026-07/25/polizei-sucht-nach-auto-von-getoeteter-seniorin;Hier finden Sie Informationen zu dem Thema „Kriminalität“. Lesen Sie jetzt „Polizei sucht nach Auto von getöteter Seniorin“.;Kriminalität;News, Kriminalität, Polizei, Auto, Tötung;2026-07-25T11:15:04+02:00;2026-07-25T11:15:04+02:00;;dpa Niedersachsen;false
fa841b379424fdc4abae1d3b08c64c909781b7ea5963ef0ade108c95e96594fa;Linke: Kommunale Rücklagen sollen Bürgern zugutekommen;https://www.zeit.de/news/2026-07/25/linke-kommunale-ruecklagen-sollen-buergern-zugutekommen;Hier finden Sie Informationen zu dem Thema „Finanzen“. Lesen Sie jetzt „Linke: Kommunale Rücklagen sollen Bürgern zugutekommen“.;Finanzen;News, Finanzen, Sascha Bilay, Bertelsmann Stiftung, Rücklage, Finanzen, Kommune;2026-07-25T11:14:41+02:00;2026-07-25T11:14:41+02:00;;dpa Thüringen;false
46f052f377bb0c7e8599ffa960a08946a273f12e3801f48a7dbc0b3691cc9910;Messerattacke auf Campingplatz – Mann in Lebensgefahr;https://www.zeit.de/news/2026-07/25/messerattacke-auf-campingplatz-mann-schwer-verletzt;Hier finden Sie Informationen zu dem Thema „Kriminalität“. Lesen Sie jetzt „Messerattacke auf Campingplatz – Mann in Lebensgefahr“.;Kriminalität;News, Kriminalität, Polizei, Messerattacke, Campingplatz;2026-07-25T11:08:12+02:00;2026-07-25T11:08:12+02:00;;dpa Hamburg/Schleswig-Holstein;false
1585a27feb215b43267e585cd7ed42d66d89b3bc62b99c8556b85eb236b9cbd9;Knalltrauma durch Quad - Beamte auf Simsontreffen verletzt;https://www.zeit.de/news/2026-07/25/knalltrauma-durch-quad-beamte-auf-simsontreffen-verletzt;Hier finden Sie Informationen zu dem Thema „Simsontreffen“. Lesen Sie jetzt „Knalltrauma durch Quad - Beamte auf Simsontreffen verletzt“.;Simsontreffen;News, Simsontreffen, Zwickau, Polizei, Knalltrauma, Kommunikationsteam;2026-07-25T11:02:03+02:00;2026-07-25T11:02:03+02:00;;dpa Sachsen;false
9ed60aa74a8b9e7330354872171a5d26d78c8dabac2940b24d7824c9aea678a6;Bibliotheken: Hier wird gelesen, aber noch viel mehr;https://www.zeit.de/news/2026-07/25/bibliotheken-hier-wird-gelesen-aber-noch-viel-mehr;Hier finden Sie Informationen zu dem Thema „Begegnungsorte“. Lesen Sie jetzt „Bibliotheken: Hier wird gelesen, aber noch viel mehr“.;Begegnungsorte;News, Begegnungsorte, Martin Hildebrandt, Sachsen-Anhalt, Begegnungsort, Lesehungrige, Diskussionsrunde;2026-07-25T11:00:06+02:00;2026-07-25T11:00:06+02:00;;dpa Sachsen;false
a52c3d6e57e5e5313fb842191b94f84dfab2e24d0606a09b3bcc2410515d19d7;Tötungs-Verdacht: Mann und Frau tot in Brandenburg entdeckt;https://www.zeit.de/news/2026-07/25/mann-und-frau-tot-in-suedbrandenburg-entdeckt-verbrechen;Hier finden Sie Informationen zu dem Thema „Fund von zwei Leichen“. Lesen Sie jetzt „Tötungs-Verdacht: Mann und Frau tot in Brandenburg entdeckt“.;Fund von zwei Leichen;News, Fund von zwei Leichen, Südbrandenburg, Ortrand, Brandenburg, Polizei, Verbrechen, Tötung;2026-07-25T10:58:25+02:00;2026-07-25T10:58:25+02:00;;dpa Berlin/Brandenburg;false
a7011d286cea884c708731cf97d707fc5ba84b02019019ebe10b12374c78a55a;Mehr Geld für Beschäftigte der bayerischen Süßwarenindustrie;https://www.zeit.de/news/2026-07/25/mehr-geld-fuer-beschaeftigte-der-bayerischen-suesswarenindustrie;Hier finden Sie Informationen zu dem Thema „Tarife“. Lesen Sie jetzt „Mehr Geld für Beschäftigte der bayerischen Süßwarenindustrie“.;Tarife;News, Tarife, Süßwarenindustrie, Geld;2026-07-25T10:57:50+02:00;2026-07-25T10:57:50+02:00;;dpa Bayern;false
7b70bc88ad617b3cf4f3441750aa7c8988f35501e828271259ec691f24bf404b;Urlaub bei Minister Redmann: Eher spontan statt durchgeplant;https://www.zeit.de/news/2026-07/25/urlaub-bei-minister-redmann-eher-spontan-statt-durchgeplant;Hier finden Sie Informationen zu dem Thema „Leute“. Lesen Sie jetzt „Urlaub bei Minister Redmann: Eher spontan statt durchgeplant“.;Leute;News, Leute, Jan Redmann, Instagram, Sommerurlaub;2026-07-25T10:56:43+02:00;2026-07-25T10:56:43+02:00;;dpa Berlin/Brandenburg;false
b19968bbd15bd1a6bf3de92e04b32477543ca98c19305485a3dd83b836cefcfe;Hoher Schaden bei Scheunenbrand - Polizei ermittelt;https://www.zeit.de/news/2026-07/25/hoher-schaden-bei-scheunenbrand-polizei-ermittelt;Hier finden Sie Informationen zu dem Thema „Brände“. Lesen Sie jetzt „Hoher Schaden bei Scheunenbrand - Polizei ermittelt“.;Brände;News, Brände, Hoher Schaden, Polizei, Scheunenbrand, Sachschaden, Landkreis, Brand;2026-07-25T10:55:12+02:00;2026-07-25T10:55:12+02:00;;dpa Rheinland-Pfalz/Saarland;false
b6ded955ac1184349344ff0fe8da80fceefd4013d821d07b67e230e53f7c9745;Greuther Fürth bessert personell nach;https://www.zeit.de/news/2026-07/25/greuther-fuerth-bessert-personell-nach;Hier finden Sie Informationen zu dem Thema „2. Fußball-Bundesliga“. Lesen Sie jetzt „Greuther Fürth bessert personell nach“.;2. Fußball-Bundesliga;News, 2. Fußball-Bundesliga, Krisztián Keresztes, SpVgg Greuther Fürth, Fußball-Bundesliga, Innenverteidigung, Relegation;2026-07-25T10:52:31+02:00;2026-07-25T10:52:31+02:00;;dpa Bayern;false
e557a2b35bacc668acfa6d7b8a92b1f7a19b63ec8fc7a576d8574862973f6d57;Hertha-Sorge um Christensen: «Sah übel aus»;https://www.zeit.de/news/2026-07/25/hertha-sorge-um-christensen-sah-uebel-aus;Hier finden Sie Informationen zu dem Thema „2. Fußball-Bundesliga“. Lesen Sie jetzt „Hertha-Sorge um Christensen: «Sah übel aus»“.;2. Fußball-Bundesliga;News, 2. Fußball-Bundesliga, Gustav Christensen, Hertha BSC, Hertha BSC Berlin, Fußball-Bundesliga, Testspiel;2026-07-25T10:50:30+02:00;2026-07-25T10:50:30+02:00;;dpa Berlin/Brandenburg;false
c2ee72cf30d7a27c3ae8ef506a1c2accb0862576f8e61331ea9fd184fc755c44;Ich legte mich ein in »Parsifal«;https://www.zeit.de/2026/32/richard-wagner-antisemitismus-bayreuth-musik;In Bayreuth wird Richard Wagner noch immer fast kritiklos verehrt – bis jetzt. Warum ist es so schwer, sich seine hässlichen Seiten einzugestehen? Ich weiß genau, warum.;Richard Wagner;Feuilleton, Richard Wagner, Richard Wagner, Michel Friedman, Thomas Mann, Bayreuth, Bayreuther Festspiele;2026-07-25T10:47:51+02:00;2026-07-25T10:47:51+02:00;Florian Zinnecker;Aus der        ZEIT Nr. 32/2026;false
7f17316d50a0cc11885d3258660286ee2be38ef3bcf9634b115d08caef727fe1;Kontrollen am Hauptbahnhof: Machete und Axt beschlagnahmt;https://www.zeit.de/news/2026-07/25/kontrollen-am-hauptbahnhof-machete-und-axt-beschlagnahmt;Hier finden Sie Informationen zu dem Thema „Bremen“. Lesen Sie jetzt „Kontrollen am Hauptbahnhof: Machete und Axt beschlagnahmt“.;Bremen;News, Bremen, Bremen, Hauptbahnhof, Machete, Steintorviertel;2026-07-25T10:46:40+02:00;2026-07-25T10:46:40+02:00;;dpa Niedersachsen;false
4595dfde57acab446bbc997d48d5279f7706678c278168c61b6811d0f37524fd;Erstmals wieder ein UN-Generalsekretär zu Besuch in Syrien;https://www.zeit.de/news/2026-07/25/erstmals-wieder-ein-un-generalsekretaer-zu-besuch-in-syrien;Hier finden Sie Informationen zu dem Thema „Syrien nach dem Umsturz“. Lesen Sie jetzt „Erstmals wieder ein UN-Generalsekretär zu Besuch in Syrien“.;Syrien nach dem Umsturz;News, Syrien nach dem Umsturz, António Guterres, Ahmed al-Scharaa, Syrien, Damaskus, UN, X, Treffen, Revolution;2026-07-25T10:43:33+02:00;2026-07-25T10:43:33+02:00;;dpa;false
f301f87b3ab322d95e07a61fef00cebabac9ef6406157cb2c19443448c27be00;Linnemann mit «Höllenrespekt» vor künftigem Amt;https://www.zeit.de/news/2026-07/25/linnemann-mit-hoellenrespekt-vor-kuenftigem-amt;Hier finden Sie Informationen zu dem Thema „Künftiger Gesundheitsminister“. Lesen Sie jetzt „Linnemann mit «Höllenrespekt» vor künftigem Amt“.;Künftiger Gesundheitsminister;News, Künftiger Gesundheitsminister, Carsten Linnemann, Phoenix, CDU, Instagram, Höllenrespekt, Einarbeitungszeit;2026-07-25T10:42:27+02:00;2026-07-25T10:42:27+02:00;;dpa;false
a4509fabf78e690a0d8bbdb1fb7396285cb08b3a326f8bb1366e64694518bfe4;Trump ätzt gegen NBA-Star James: «Vielleicht ein Rassist»;https://www.zeit.de/news/2026-07/25/trump-aetzt-gegen-nba-star-james-vielleicht-ein-rassist;Hier finden Sie Informationen zu dem Thema „Basketball“. Lesen Sie jetzt „Trump ätzt gegen NBA-Star James: «Vielleicht ein Rassist»“.;Basketball;News, Basketball, Donald Trump, Lebron James, Michael Jordan, NBA, Basketball;2026-07-25T10:35:55+02:00;2026-07-25T10:35:55+02:00;;dpa Sport;false
fc26fd1e136c9eeaa4ce375ea948d53455b87da52c2ce999100d74d888a87078;Auf Sommerwetter folgen Regen und Gewitter;https://www.zeit.de/news/2026-07/25/auf-sommerwetter-folgen-regen-und-gewitter;Hier finden Sie Informationen zu dem Thema „Wetteraussichten“. Lesen Sie jetzt „Auf Sommerwetter folgen Regen und Gewitter“.;Wetteraussichten;News, Wetteraussichten, Niedersachsen, Bremen, DWD, Gewitter, Wetteraussicht, Binnenland, Wetter;2026-07-25T10:33:00+02:00;2026-07-25T10:33:00+02:00;;dpa Niedersachsen;false
501f5aedd493e054864185f4bcf2dbe882a35e3d6108f1503e3336df7b814aff;Organisatoren des CSD: Queere Menschen stärker unter Druck;https://www.zeit.de/news/2026-07/25/organisatoren-des-csd-queere-menschen-staerker-unter-druck;Hier finden Sie Informationen zu dem Thema „Gesellschaft“. Lesen Sie jetzt „Organisatoren des CSD: Queere Menschen stärker unter Druck“.;Gesellschaft;News, Gesellschaft, Thomas Hoffmann, Berlin, Deutsche Presse-Agentur, Polizei, Christopher Street Day, Hasskriminalität;2026-07-25T10:24:58+02:00;2026-07-25T10:24:58+02:00;;dpa;false
c9cdbc28b9fd476ada4a8e2702a2132b1eb0cf50c9ecd4704d038ef414aac977;Ein bisschen Frieden;https://www.zeit.de/2026/32/gerhard-doerfler-kaernten-zweisprachige-ortstafeln-fpoe;Gerhard Dörfler schürte einst Hass auf die Kärntner Slowenen. Heute grüßt er mit »dober dan!« und stellt zweisprachige Ortstafeln auf. Über eine ungewöhnliche Kehrtwende;"Z+ (abopflichtiger Inhalt);
        
    Gerhard Dörfler";Politik, Gerhard Dörfler, Slowenien, FPÖ, Polizei, Gedenkstätte;2026-07-25T10:23:40+02:00;2026-07-25T10:23:40+02:00;Simone Brunner;Aus der        ZEIT Nr. 32/2026;false
ccceaec2ff7dfc8bf57e87e1412c0be6fa3d5ef1da03169b8d331dddcc7bc919;Kleinbus fährt in Baustelle - neun Fahrzeuge beschädigt;https://www.zeit.de/news/2026-07/25/kleinbus-faehrt-in-baustelle-neun-fahrzeuge-beschaedigt;Hier finden Sie Informationen zu dem Thema „Unfall auf A7“. Lesen Sie jetzt „Kleinbus fährt in Baustelle - neun Fahrzeuge beschädigt“.;Unfall auf A7;News, Unfall auf A7, Kirchheim, Polizei, Kleinbus, Baustelle, Unfall, Trümmerteil, Fahrzeug;2026-07-25T10:22:04+02:00;2026-07-25T10:22:04+02:00;;dpa Hessen;false
4b9e79aa41bed85a9fa4dc76e70fc6a877062746c329762268b26f8d590b7013;»Die Farbe ist olivschwarz tatsächlich«;https://www.zeit.de/feuilleton/2026-07/fuellwoerter-tatsaechlich-trend-sprache-linguistik;Das Füllsel »tatsächlich« ist sehr in Mode. Haben die Leute heute so schlimme Angst, dass man ihnen misstraut? Das ist tatsächlich eine interessante Frage!;"Z+ (abopflichtiger Inhalt);
        
    Füllwörter";Feuilleton, Füllwörter, Braunschweig, Füllwort, Füllsel, Mode, Auto;2026-07-25T10:21:05+02:00;2026-07-25T10:21:05+02:00;Laura Ewert;;false
6895ca3a6444542a929be48892804bbaf9b8b22c1ac1b616a5e2c8037d572ce1;Expansion nach Westen;https://www.zeit.de/zeit-geschichte/2026/03/britisch-amerikanischer-krieg-1812-ureinwohner;1812 schaukeln sich Spannungen zwischen den USA und Großbritannien zu einem neuen Krieg hoch. Ein Konflikt mit Folgen bis heute – und einem klaren Leidtragenden.;"Z+ (abopflichtiger Inhalt);
        
    Britisch-Amerikanischer Krieg";Wissenschaft, Britisch-Amerikanischer Krieg, Nordamerika, Geschichte, USA, Expansion, Großbritannien, Kolonialismus, Thomas Jefferson, Baltimore, Kanada;2026-07-25T10:19:21+02:00;2026-07-25T10:19:21+02:00;Magdalena Gräfe;Aus        ZEIT Geschichte Nr. 03/2026;false
8235ef44e4ba09e7a37b8135961a025d53b60b3602eb75e903cfecae6bccdbba;Wie ein Eisberg eine Kaiserpinguin-Kolonie bedroht;https://www.zeit.de/news/2026-07/25/wie-ein-eisberg-eine-kaiserpinguin-kolonie-bedroht;Hier finden Sie Informationen zu dem Thema „Gefährdete Art“. Lesen Sie jetzt „Wie ein Eisberg eine Kaiserpinguin-Kolonie bedroht“.;Gefährdete Art;News, Gefährdete Art, Coulman-Insel, Antarktis, Eisberg, Kaiserpinguin, Bruterfolg, Kolonie, Eis, Tiere;2026-07-25T10:17:33+02:00;2026-07-25T10:17:33+02:00;;dpa;false
c037fb327f5d3a7d818f894e3c09d7bee50fbcbbf20175bb296d5542c79b12de;»Das ist einfach nur eine weiße, runde Kugel«;https://www.zeit.de/zeit-magazin/wochenmarkt/2026-07/mozzarella-test-blindverkostung;Wir haben mit italienischen Experten Mozzarella aus deutschen Discountern, Supermärkten und Feinkostläden blind verkostet. Darauf sollten Sie beim Kauf achten.;"Z+ (abopflichtiger Inhalt);
        
    Mozzarella-Test";Käse, Discounter, Ernährung;2026-07-25T10:09:47+02:00;2026-07-25T10:09:47+02:00;Carlo Mariani;;false
c9c87086d9e6e45a2782cc863fb1655d88401e49fcbe152d29ab6dc6061c4e28;Das Recht ist stärker als sie;https://www.zeit.de/2026/32/voelkerstrafrecht-internationaler-strafgerichtshof-istgh-haftbefehl;Viele halten das Völkerrecht mittlerweile für wirkungslos. Doch der Internationale Strafgerichtshof in Den Haag erweist sich als erstaunlich hartnäckig. ;"Z+ (abopflichtiger Inhalt);
        
    Völkerstrafrecht";Gesellschaft, Völkerstrafrecht, IStGH, Den Haag, Völkerrecht, Menschenrechte, Wladimir Putin, Donald Trump;2026-07-25T10:05:11+02:00;2026-07-25T10:05:11+02:00;Wolfgang KaleckAndreas Schüller;Aus der        ZEIT Nr. 32/2026;false
9958e09e182d9d6bd161cbcd33024dd94fa9a257571050237a00b242fbe059c1;Waldbrände bei Bordeaux: Mehr als 110.000 Menschen evakuiert;https://www.zeit.de/news/2026-07/25/waldbraende-bei-bordeaux-mehr-als-110-000-menschen-evakuiert;Hier finden Sie Informationen zu dem Thema „Flucht vor dem Feuer“. Lesen Sie jetzt „Waldbrände bei Bordeaux: Mehr als 110.000 Menschen evakuiert“.;Flucht vor dem Feuer;News, Flucht vor dem Feuer, Bordeaux, Frankreich, Gironde, Waldbrand, Südwesten, Evakuierungsaktion, Brand, Sicherheit;2026-07-25T10:04:48+02:00;2026-07-25T10:04:48+02:00;;dpa;false
b638b8760862f643dfae48f6f68380d6da2b4abde92854e93c73daec692d23b6;Österreich lehnt zeitnahen EU-Beitritt der Ukraine ab;https://www.zeit.de/politik/ausland/2026-07/oesterreich-ukraine-eu-beitritt-claudia-bauer;Einen »Turbobeitritt« zur EU dürfe es für die Ukraine nicht geben, sagt Österreichs Europaministerin. Alle Beitrittskandidaten müssten dieselben Regeln befolgen.;Europäische Union;Politik, Europäische Union, EU, Europäische Union, Österreich, Krieg in der Ukraine;2026-07-25T10:03:08+02:00;2026-07-25T10:03:08+02:00;jsp;DIE ZEIT,        dpa,        							jsp;false
cd0b2701256eb917ca7e0e856d792a68a19d4d91e6bd4d1e19de416a23c19850;Bahnstrecke Essen–Gelsenkirchen weiter gesperrt;https://www.zeit.de/news/2026-07/25/bahnstrecke-essen-gelsenkirchen-weiter-gesperrt;Hier finden Sie Informationen zu dem Thema „Zugausfälle“. Lesen Sie jetzt „Bahnstrecke Essen–Gelsenkirchen weiter gesperrt“.;Zugausfälle;News, Zugausfälle, Gelsenkirchen, Bahnstrecke, Zugausfall, Brückenschaden, Hauptbahnhof;2026-07-25T10:00:25+02:00;2026-07-25T10:00:25+02:00;;dpa Nordrhein-Westfalen;false
258c68922857e9de0a51637353f9f5ac1b2669fd30524421c09055683f04b222;Fahrgastverband: Alternativen für zurückgelassene Fahrgäste;https://www.zeit.de/news/2026-07/25/fahrgastverband-alternativen-fuer-zurueckgelassene-fahrgaeste;Hier finden Sie Informationen zu dem Thema „Volle Züge“. Lesen Sie jetzt „Fahrgastverband: Alternativen für zurückgelassene Fahrgäste“.;Volle Züge;News, Volle Züge, Berlin, Brandenburg, Pro Bahn, Fahrgastverband, Zugunternehmen;2026-07-25T10:00:05+02:00;2026-07-25T10:00:05+02:00;;dpa Berlin/Brandenburg;false
c803579f70eb0281cd436aca16ea324b87a1339774047dd1ce41cdbf5b64ca2e;Haus nach Brand unbewohnbar – Bewohner bleiben unverletzt;https://www.zeit.de/news/2026-07/25/haus-nach-brand-unbewohnbar-bewohner-bleiben-unverletzt;Hier finden Sie Informationen zu dem Thema „Feuerwehr-Einsatz“. Lesen Sie jetzt „Haus nach Brand unbewohnbar – Bewohner bleiben unverletzt“.;Feuerwehr-Einsatz;News, Feuerwehr-Einsatz, Nidderau, Main-Kinzig, Feuerwehr, Polizei;2026-07-25T09:58:25+02:00;2026-07-25T09:58:25+02:00;;dpa Hessen;false
02f7a030a2998779c601c53be039632856874613c6aab62aecdd02adfe95429a;Holzpaletten brennen an Supermarkt - hoher Schaden;https://www.zeit.de/news/2026-07/25/holzpaletten-brennen-an-supermarkt-hoher-schaden;Hier finden Sie Informationen zu dem Thema „Feuer“. Lesen Sie jetzt „Holzpaletten brennen an Supermarkt - hoher Schaden“.;Feuer;News, Feuer, Polizei, Holzpalette, Supermarkt;2026-07-25T09:52:17+02:00;2026-07-25T09:52:17+02:00;;dpa Sachsen;false
28040b94917be65408fd0af709eb22013e28cfa109e41bb7ede01e0b976c584a;Huthi-Miliz greift offenbar Hafenstadt in Saudi-Arabien an;https://www.zeit.de/politik/ausland/2026-07/huthi-saudi-arabien-dschisan-angriff-gxe;Die Lage am Roten Meer eskaliert weiter. Nach einem saudischen Vergeltungsschlag hat die Huthi-Miliz nach eigener Aussage wiederum im Süden Saudi-Arabiens angegriffen.;Rotes Meer;Politik, Rotes Meer, Saudi-Arabien, Militär, Huthi, Jemen;2026-07-25T09:48:57+02:00;2026-07-25T09:48:57+02:00;wil;DIE ZEIT,        AFP,        dpa,        Reuters,        							wil;false
338398f1395d55478ed896ff396e1b19925e330fe5c4c9dc7658646f8da1765d;Junger Mann rast mit mehr als 150 km/h durch Ingolstadt;https://www.zeit.de/news/2026-07/25/junger-mann-rast-mit-mehr-als-150-km-h-durch-ingolstadt;Hier finden Sie Informationen zu dem Thema „Verkehr“. Lesen Sie jetzt „Junger Mann rast mit mehr als 150 km/h durch Ingolstadt“.;Verkehr;News, Verkehr, Ingolstadt, Verkehr, Auto;2026-07-25T09:38:10+02:00;2026-07-25T09:38:10+02:00;;dpa Bayern;false
2c5c7a845bf6ef4a12c5055fa35c4ae10f800fa9f79b86f0ee6be096a00a3f73;Waldbrandgefahr in Brandenburg wieder höher;https://www.zeit.de/news/2026-07/25/waldbrandgefahr-in-brandenburg-wieder-hoeher;Hier finden Sie Informationen zu dem Thema „Wetter und Wälder“. Lesen Sie jetzt „Waldbrandgefahr in Brandenburg wieder höher“.;Wetter und Wälder;News, Wetter und Wälder, Brandenburg, Waldbrandgefahr, Warnstufe, Wetter;2026-07-25T09:37:32+02:00;2026-07-25T09:37:32+02:00;;dpa Berlin/Brandenburg;false
9f32fd34b303bf9af936bda9fe3222b60a66cf2e620c8f8607a8de9a90fe3893;«Fünfter Beatle» - Weingut Rattey im Klaus Voormann-Fieber;https://www.zeit.de/news/2026-07/25/fuenfter-beatle-weingut-rattey-im-klaus-voormann-fieber;Hier finden Sie Informationen zu dem Thema „Wegbegleiter der Beatles“. Lesen Sie jetzt „«Fünfter Beatle» - Weingut Rattey im Klaus Voormann-Fieber“.;Wegbegleiter der Beatles;News, Wegbegleiter der Beatles, Klaus Voormann-Fieber, Klaus Voormann, Stefan Schmidt, Henning Ihlenfeldt, Norddeutschland, Hamburg, The Beatles, Grammy Awards, Weingut, Wegbegleiter;2026-07-25T09:32:23+02:00;2026-07-25T09:32:23+02:00;;dpa Hamburg/Schleswig-Holstein;false
8b776ef413aa3d0e9175d3fea7312c64df147a9085e8bc395b6239636e21b184;Brand auf Schrottplatz - 2.500 Quadratmeter betroffen;https://www.zeit.de/news/2026-07/25/2-500-quadratmeter-flaeche-brennen-auf-schrottplatz;Hier finden Sie Informationen zu dem Thema „Brände“. Lesen Sie jetzt „Brand auf Schrottplatz - 2.500 Quadratmeter betroffen“.;Brände;News, Brände, Friesoythe, Landkreis Cloppenburg, Polizei, Schrottplatz, Brand;2026-07-25T09:29:57+02:00;2026-07-25T09:29:57+02:00;;dpa Niedersachsen;false
f41db818d647fa7adf6acc58ee69f2093b498554e88a3d5f2fa3a379a1f9842d;Brand in Mehrfamilienhaus - fünf Verletzte;https://www.zeit.de/news/2026-07/25/brand-in-mehrfamilienhaus-fuenf-verletzte;Hier finden Sie Informationen zu dem Thema „Wohngebäude evakuiert“. Lesen Sie jetzt „Brand in Mehrfamilienhaus - fünf Verletzte“.;Wohngebäude evakuiert;News, Wohngebäude evakuiert, Dormagen, Wohngebäude;2026-07-25T09:27:37+02:00;2026-07-25T09:27:37+02:00;;dpa Nordrhein-Westfalen;false
1b2aed25cabafd0fe5fdf3ca9a1fce3cee75eacdbc368097c544cbe5ada5574d;79-jähriger Biker stürzt schwer;https://www.zeit.de/news/2026-07/25/79-jaehriger-biker-stuerzt-schwer;Hier finden Sie Informationen zu dem Thema „Unfall im Vogtlandkreis“. Lesen Sie jetzt „79-jähriger Biker stürzt schwer“.;Unfall im Vogtlandkreis;News, Unfall im Vogtlandkreis, Polizei, Vogtlandkreis, Unfall;2026-07-25T09:25:41+02:00;2026-07-25T09:25:41+02:00;;dpa Sachsen;false
c106e469164a5224f3abeccebd9ebb6dfaba0da53453341b30e73cb2ccec2f5f;Trump will Warnschilder vor missliebigem Museum aufstellen lassen;https://www.zeit.de/politik/ausland/2026-07/donald-trump-national-museum-of-american-history-washington-schilder-gxe;»Die Ausstellungen wurden von Menschen gestaltet, die nicht wollen, dass Sie Ihr Land lieben.« So will Donald Trump Besucher vor einem wichtigen Geschichtsmuseum warnen.;National Museum of American History;Politik, National Museum of American History, USA, Washington, Donald Trump, Ausstellung, Warnschild;2026-07-25T09:20:42+02:00;2026-07-25T09:20:42+02:00;jsp;DIE ZEIT,        dpa,        Reuters,        							jsp;false
a5511ad1e01eaa68aa369dce4034ac828890dad2e07beea22939655100e4c59b;Sie sprechen Deutsch, haben Jobs und wollen hier weg;https://www.zeit.de/2026/32/asylbewerber-deutschland-grossbritannien-migration-aermelkanal;Erst die Ausbildung im Handwerk, dann der unbefristete Arbeitsvertrag – und doch zog es Azad nach England. Warum scheitern gut integrierte Asylbewerber an Deutschland?;"Z+ (abopflichtiger Inhalt);
        
    Asylbewerber";Wirtschaft, Asylbewerber, Migration, Geflüchtete, Asyl, Großbritannien, Handwerk;2026-07-25T09:16:23+02:00;2026-07-25T09:16:23+02:00;Simon Langemann;Aus der        ZEIT Nr. 32/2026;false
44eefa9c1690667d3f2f3871f5fdf4e77415c0529597bb20acdf891a377d4618;Kinder helfen Polizei nach Unfall im Parkhaus;https://www.zeit.de/news/2026-07/25/kinder-helfen-polizei-nach-unfall-im-parkhaus;Hier finden Sie Informationen zu dem Thema „Oberfranken“. Lesen Sie jetzt „Kinder helfen Polizei nach Unfall im Parkhaus“.;Oberfranken;News, Oberfranken, Polizei, Unfall, Parkhaus;2026-07-25T09:11:08+02:00;2026-07-25T09:11:08+02:00;;dpa Bayern;false
e8b425c65606dbe4bc55c6bdaf72eab58b71a98f29923c85e2036735807d6f0e;Hoher Schaden nach Einbruch in Schwimmbad;https://www.zeit.de/news/2026-07/25/hoher-schaden-nach-einbruch-in-schwimmbad;Hier finden Sie Informationen zu dem Thema „Schwimmbad“. Lesen Sie jetzt „Hoher Schaden nach Einbruch in Schwimmbad“.;Schwimmbad;News, Schwimmbad, Hoher Schaden, Polizei, Schwimmbad, Einbruch, Naturbad;2026-07-25T09:09:00+02:00;2026-07-25T09:09:00+02:00;;dpa Thüringen;false
4b77b6bd5c2565978d18f1d61b79e844084447468ee4b1c96dc4948c859562c9;Bilder des Tages;https://www.zeit.de/news/2026-07/25/bilder-des-tages;Hier finden Sie Informationen zu dem Thema „Fotografie“. Lesen Sie jetzt „Bilder des Tages“.;Fotografie;News, Fotografie, News;2026-07-25T09:04:50+02:00;2026-07-25T09:04:50+02:00;;dpa;false
cf80565206ac1738dfe2ee578a107833eca0f273f5280c9b73c10dea003f70cf;Betrunkener Dreirad-Fahrer sorgt für Chaos im Verkehr;https://www.zeit.de/news/2026-07/25/betrunkener-dreirad-fahrer-sorgt-fuer-chaos-im-verkehr;Hier finden Sie Informationen zu dem Thema „Unfälle“. Lesen Sie jetzt „Betrunkener Dreirad-Fahrer sorgt für Chaos im Verkehr“.;Unfälle;News, Unfälle, Uelsen, Bentheim, Landkreis Grafschaft, Polizei, Unfall, Verkehr, Atemalkoholtest;2026-07-25T09:04:40+02:00;2026-07-25T09:04:40+02:00;;dpa Niedersachsen;false
c9f3f9ade7092019a1c6f350ed8a9b118c202ee97d9e9c407568f762555f284f;Unfall mit Reisebus auf A8 - drei Schwerverletzte;https://www.zeit.de/news/2026-07/25/15-menschen-bei-auffahrunfall-eines-reisebusses-verletzt;Hier finden Sie Informationen zu dem Thema „Zusammenstoß“. Lesen Sie jetzt „Unfall mit Reisebus auf A8 - drei Schwerverletzte“.;Zusammenstoß;News, Zusammenstoß, Karlsruhe, Reisebus, Auffahrunfall, Unfall, Baustelle;2026-07-25T08:47:04+02:00;2026-07-25T08:47:04+02:00;;dpa Baden-Württemberg;false
81fef9c8f85ffbb143109a5fb7362f01c9588fc3e4d54fddcf3eed7baa5a3135;Freundlicher Start ins Wochenende – Unwetter folgen;https://www.zeit.de/news/2026-07/25/freundlicher-start-ins-wochenende-unwetter-folgen;Hier finden Sie Informationen zu dem Thema „Wetteraussichten“. Lesen Sie jetzt „Freundlicher Start ins Wochenende – Unwetter folgen“.;Wetteraussichten;News, Wetteraussichten, Sachsen, Thüringen, Sachsen-Anhalt, DWD, Wetteraussicht, Tagesverlauf, Unwetter;2026-07-25T08:17:29+02:00;2026-07-25T08:17:29+02:00;;dpa Sachsen;false
51150b872d8de4ca1645759082c92740a53f51e6297b188364c91e64c6e7cfbb;Sie will ihren Kindern die Trennung ersparen. Dann geht sie doch;https://www.zeit.de/zeit-magazin/leben/2026-07/scheidung-eltern-kinder-trennung-aengste;Jahrelang denkt sie darüber nach, sich zu trennen. Die Erinnerung an die Scheidung ihrer Eltern hält sie zurück. Bis sie sich fragt: Welche Mutter möchte ich sein?;"Z+ (abopflichtiger Inhalt);
        
    Scheidung der Eltern";Scheidung, Familie, Teilzeitarbeit, Väter, Kinder, Liebe;2026-07-25T08:09:42+02:00;2026-07-25T08:09:42+02:00;Franziska Wunderlich;;false
97f4e8b925b0acf664a04aa50ad73e64eb534277a208178d5d9fd3537583fc0a;Paramount setzt Übernahme von Warner Brothers aus;https://www.zeit.de/politik/ausland/2026-07/paramount-warner-bros-discovery-uebernahme-usa-klage-gxe;Ein Rechtsstreit bremst die Übernahme von Warner durch Paramount aus. Dahinter steckt auch die Sorge vor politischem Einfluss durch die Trump-Regierung auf TV-Sender.;US-Filmbranche;Politik, US-Filmbranche, Filmindustrie, Übernahme, Aktien, Streaming, Donald Trump;2026-07-25T08:09:11+02:00;2026-07-25T08:09:11+02:00;wil;DIE ZEIT,        dpa,        							wil;false
3156b2b704e05411e6f69234ee92a963c628a452deaf695e6d4eb1d2169833ef;Waldbrände in Südwesteuropa zwingen rund 160.000 Menschen zur Flucht;https://www.zeit.de/gesellschaft/2026-07/waldbraende-spanien-madrid-avila-notstand-evakuierung;Im Großraum Madrid und einer weiteren Region ist der Notstand wegen schwerer Waldbrände ausgerufen worden. In Frankreich mussten 141.000 Menschen wegen Bränden fliehen.;Frankreich und Spanien;Gesellschaft, Frankreich und Spanien, Spanien, Madrid, Waldbrand, Frankreich, Brand;2026-07-25T07:56:22+02:00;2026-07-25T07:56:22+02:00;twman;DIE ZEIT,        dpa,        AFP,        							tw					,        							man;false
0d50bdb58286d2eef522638a8905339dd47b27903229fd8022f5527ad0910e59;Motorradfahrer verunglückt bei missglücktem Überholmanöver;https://www.zeit.de/news/2026-07/25/motorradfahrer-verunglueckt-bei-missgluecktem-ueberholmanoever;Hier finden Sie Informationen zu dem Thema „Unfall bei Nordhausen“. Lesen Sie jetzt „Motorradfahrer verunglückt bei missglücktem Überholmanöver“.;Unfall bei Nordhausen;News, Unfall bei Nordhausen, Nordhausen, Polizei, Überholmanöver, Unfall;2026-07-25T07:44:55+02:00;2026-07-25T07:44:55+02:00;;dpa Thüringen;false
9f38e54e5fb9941a3a44cae32b09a5779a456c40d3d18e4c3a1c0350dc02b414;Wetter bleibt am Wochenende weitgehend sommerlich;https://www.zeit.de/news/2026-07/25/wetter-bleibt-am-wochenende-weitgehend-sommerlich;Hier finden Sie Informationen zu dem Thema „Wetter in Bayern“. Lesen Sie jetzt „Wetter bleibt am Wochenende weitgehend sommerlich“.;Wetter in Bayern;News, Wetter in Bayern, Bayern, Alpen, DWD, Wetter;2026-07-25T07:40:51+02:00;2026-07-25T07:40:51+02:00;;dpa Bayern;false
83fd4eacd20f212bb0e525b3829ebaaea58c2f6be44129b4e71b9308fcafdfad;Verfassungsrechtler Stefan Pieper kritisiert verzögerte Vereidigung;https://www.zeit.de/politik/deutschland/2026-07/kabinettsumbildung-friedrich-merz-verfassungsrechtler-jurist-stefan-pieper-vereidigung-gxe;Der ehemalige Chefjurist im Bundespräsidialamt hat verfassungsrechtliche Bedenken an der geplanten Kabinettsumbildung. Ohne Vereidigung sei die Amtsübergabe nicht sauber.;Kabinettsumbildung;Politik, Kabinettsumbildung, CDU, Friedrich Merz, Verfassungsschutz, Kabinettsumbildung, Vereidigung;2026-07-25T07:26:40+02:00;2026-07-25T07:26:40+02:00;vsp;DIE ZEIT,        AFP,        							vsp;false
7e8c07e2b910e652f3224d5d9118caa264253fd4015860a2876042414188f7c9;Regen folgt auf Sonne;https://www.zeit.de/news/2026-07/25/regen-folgt-auf-sonne;Hier finden Sie Informationen zu dem Thema „Wetter am Wochenende“. Lesen Sie jetzt „Regen folgt auf Sonne“.;Wetter am Wochenende;News, Wetter am Wochenende, Berlin, Brandenburg, DWD, Wetter;2026-07-25T07:26:15+02:00;2026-07-25T07:26:15+02:00;;dpa Berlin/Brandenburg;false
9a3d8ccac725baa985b343c65cfc3eeb2e36ffc2dcb685c7c5514eaa78cf6e20;Sonne und Schauer: So wird das Wochenend-Wetter im Südwesten;https://www.zeit.de/news/2026-07/25/sonne-und-schauer-so-wird-das-wochenend-wetter-im-suedwesten;Hier finden Sie Informationen zu dem Thema „Wetter“. Lesen Sie jetzt „Sonne und Schauer: So wird das Wochenend-Wetter im Südwesten“.;Wetter;News, Wetter, Baden-Württemberg, DWD, Südwesten, Regenschirm, Wetter;2026-07-25T07:14:45+02:00;2026-07-25T07:14:45+02:00;;dpa Baden-Württemberg;false
093b80c5b67524f2665468abb4d77c460a40c8df7927b73c492ec06f7d42100b;Schwarzes Meer: Bedroht der Seekrieg den Getreidehandel?;https://www.zeit.de/news/2026-07/25/schwarzes-meer-bedroht-der-seekrieg-den-getreidehandel;Hier finden Sie Informationen zu dem Thema „Ukraine-Krieg“. Lesen Sie jetzt „Schwarzes Meer: Bedroht der Seekrieg den Getreidehandel?“.;Ukraine-Krieg;News, Ukraine-Krieg, Mychajlo Fedorow, Moskau, Kiew, Russland, Krim, Schwarzes Meer, Kyjiw, Schwarze Meer, Odessa, Verkehrsministerium;2026-07-25T07:00:05+02:00;2026-07-25T07:00:05+02:00;;dpa;false
e00c5b1d1b9caa9725a03696d0ea2efb9febdbfe0234217f415acfa27c868776;Balkon von Mannheimer Hochhaus brennt - Bewohner evakuiert;https://www.zeit.de/news/2026-07/25/balkon-von-mannheimer-hochhaus-brennt-bewohner-evakuiert;Hier finden Sie Informationen zu dem Thema „Brände“. Lesen Sie jetzt „Balkon von Mannheimer Hochhaus brennt - Bewohner evakuiert“.;Brände;News, Brände, Mannheim, Polizei, Brand;2026-07-25T06:54:08+02:00;2026-07-25T06:54:08+02:00;;dpa Baden-Württemberg;false
e690564f990dc0186347469ca4bbbe0d7d636c9fd4042245252e5a3dd20042a0;Trump zu Medien: «Wenn ich weg bin, seid ihr alle pleite»;https://www.zeit.de/news/2026-07/25/trump-zu-medien-wenn-ich-weg-bin-seid-ihr-alle-pleite;Hier finden Sie Informationen zu dem Thema „Trump und Medien“. Lesen Sie jetzt „Trump zu Medien: «Wenn ich weg bin, seid ihr alle pleite»“.;Trump und Medien;News, Trump und Medien, Donald Trump, Washington, Republikaner (USA), Medienschelte;2026-07-25T06:34:11+02:00;2026-07-25T06:34:11+02:00;;dpa;false
dedfe469daa8980eddfce8beaa01a8c59635b3ff890c5459cbb55ac42c30eb3b;Reibereien in der Küche;https://www.zeit.de/zeit-magazin/2026-07/mandoline-kueche-reibe-gemuese-salate-ernaehrung;Unsere Autorin möchte sich gesünder ernähren – aber ihre Zeit nicht damit verplempern, Gemüse zu schnippeln. Die Lösung: japanische Präzision in Form dieser Mandoline. ;"Z+ (abopflichtiger Inhalt);
        
    Mandoline";Restaurant, Ernährung, kochen, Alltag, Erwachsene, Privathaushalt;2026-07-25T06:16:41+02:00;2026-07-25T06:16:41+02:00;Lea Henkel;;false
bbd9806075c72df1b39ce8d9cdd049a1f8db9a3507a528c6fd44ea8dc9531b3d;Auto rammt Traktoranhänger: Fahrer lebensgefährlich verletzt;https://www.zeit.de/news/2026-07/25/auto-rammt-traktoranhaenger-fahrer-lebensgefaehrlich-verletzt;Hier finden Sie Informationen zu dem Thema „Unfall im Kreis Gütersloh“. Lesen Sie jetzt „Auto rammt Traktoranhänger: Fahrer lebensgefährlich verletzt“.;Unfall im Kreis Gütersloh;News, Unfall im Kreis Gütersloh, Gütersloh, Unfall, Auffahrunfall, Auto;2026-07-25T06:14:15+02:00;2026-07-25T06:14:15+02:00;;dpa Nordrhein-Westfalen;false
ea35260c6c9e55b1684273ea0aa4a896321a837906747f333fece7b692425b6e;Ist der Hamburger Hauptbahnhof ohne Bier ein besserer Ort?;https://www.zeit.de/mobilitaet/2026-07/alkoholverbot-banhof-hamburg-hauptbahnhof-armut-sicherheit;Die Bahn will Alkohol an allen Bahnhöfen verbieten. In Hamburg ist das schon seit zwei Jahren so. Reisende, Kneipenbesucher und Wachleute erzählen, was es gebracht hat.;Alkoholverbot an Bahnhöfen;Mobilitaet, Alkoholverbot an Bahnhöfen, Hamburg, Alkohol, Fernverkehr, Armut, Polizei;2026-07-25T06:05:40+02:00;2026-07-25T06:05:40+02:00;Lena Frommeyer;;false
334d56947f81d24db01ccc8acf2176698ef3ba1ee71ef841141ea30c480b6bd3;»Rein finanziell betrachtet bereue ich die Entscheidung für Kinder«;https://www.zeit.de/geld/2026-07/familienbudget-eltern-geld-finanzieren-sparen-protokoll;Kinder kosten Geld, klar. Aber sie können auch das finanzielle Gleichgewicht in Beziehungen durcheinanderbringen. Drei Eltern geben Einblick in ihre Familienfinanzen.;"Z+ (abopflichtiger Inhalt);
        
    Familienbudget";Geld, Familienbudget, Sparen, Kinder, Elterngeld, Familie, Elternzeit, Unternehmensberatung;2026-07-25T06:05:23+02:00;2026-07-25T06:05:23+02:00;Hannah Mara Schmitt;;false
9a733c7cf98bca2b207c2c06172aae6828018f26f71d864713a599f928cdaeb3;»Russische Menschen sind wunderbar, …;https://www.zeit.de/2026/32/ruediger-von-fritsch-botschafter-moskau-russland-ss-vater;... die russische Politik ist furchtbar«, sagt Rüdiger von Fritsch, lange deutscher Botschafter in Moskau. Hier spricht er über seine Zeit dort – und seinen Nazi-Vater.;"Z+ (abopflichtiger Inhalt);
        
    Rüdiger von Fritsch";Politik, Rüdiger von Fritsch, Russland, Wladimir Putin, Moskau, NSDAP, Familie, Krieg in der Ukraine;2026-07-25T06:03:59+02:00;2026-07-25T06:03:59+02:00;Alice BotaMichael Thumann;Aus der        ZEIT Nr. 32/2026;false
b89faef8d3280f5c400344204979afddaadd95e7ef8bce66261fc2f3b854a311;Mehr Cannabis-Clubs in Sachsen;https://www.zeit.de/news/2026-07/25/mehr-cannabis-clubs-in-sachsen;Hier finden Sie Informationen zu dem Thema „Nach Teil-Legalisierung“. Lesen Sie jetzt „Mehr Cannabis-Clubs in Sachsen“.;Nach Teil-Legalisierung;News, Nach Teil-Legalisierung, Sachsen, Chemnitz, Leipzig, Sächsische Schweiz, Cannabis, Anbauvereinigung, Landesdirektion;2026-07-25T06:00:09+02:00;2026-07-25T06:00:09+02:00;;dpa Sachsen;false
1e1d07cf1a291449ff8b7068f50fd6e62724c037f5ace707dde86f4a73ff9a9d;Unterhaltsvorschuss - So ist die Lage in Thüringen;https://www.zeit.de/news/2026-07/25/unterhaltsvorschuss-so-ist-die-lage-in-thueringen;Hier finden Sie Informationen zu dem Thema „Kinder von Alleinerziehenden“. Lesen Sie jetzt „Unterhaltsvorschuss - So ist die Lage in Thüringen“.;Kinder von Alleinerziehenden;News, Kinder von Alleinerziehenden, Karin Prien, Katharina Schenk, Lisa Paus, Thüringen, CDU, Bundesregierung, Unterhaltsvorschuss, Kritik, Familie, Geld;2026-07-25T06:00:08+02:00;2026-07-25T06:00:08+02:00;;dpa Thüringen;false
6b023f2a9de6b0215ceb3525c2cb24faa1a5a72018e4fa7ba886a8ee3a9009e2;Unterhaltsvorschuss: Brandenburg holt Millionen Euro zurück;https://www.zeit.de/news/2026-07/25/unterhaltsvorschuss-brandenburg-holt-millionen-euro-zurueck;Hier finden Sie Informationen zu dem Thema „Geld für Alleinerziehende“. Lesen Sie jetzt „Unterhaltsvorschuss: Brandenburg holt Millionen Euro zurück“.;Geld für Alleinerziehende;News, Geld für Alleinerziehende, Brandenburg, Bildungsministerium, Deutsche Presse-Agentur, Unterhaltsvorschuss, Geld, Väter;2026-07-25T06:00:08+02:00;2026-07-25T06:00:08+02:00;;dpa Berlin/Brandenburg;false
e86edef8f049d34f34598a40d3998380463892c5b4a153687f83a91dc71d732a;Miloš Vuković peilt 30 Jahre «Unter uns» an;https://www.zeit.de/news/2026-07/25/milo-vukovi-peilt-30-jahre-unter-uns-an;Hier finden Sie Informationen zu dem Thema „Karrieren“. Lesen Sie jetzt „Miloš Vuković peilt 30 Jahre «Unter uns» an“.;Karrieren;News, Karrieren, Miloš Vuković, Paco Weigel, Köln, RTL, Schreckensszenario;2026-07-25T06:00:07+02:00;2026-07-25T06:00:07+02:00;;dpa Nordrhein-Westfalen;false
2d069f38063d27f9a75780d7bdea13efa881c94a2f61bcf71c21dd2e4e594a54;DIW-Ökonomin: Ölversorgung in Europa gesichert;https://www.zeit.de/news/2026-07/25/diw-oekonomin-oelversorgung-in-europa-gesichert;Hier finden Sie Informationen zu dem Thema „Nach sprunghaftem Preisanstieg“. Lesen Sie jetzt „DIW-Ökonomin: Ölversorgung in Europa gesichert“.;Nach sprunghaftem Preisanstieg;News, Nach sprunghaftem Preisanstieg, Franziska Holz, Europa, Iran, Persischer Golf, Straße von Hormus, DIW, Deutsche Presse-Agentur, Ölversorgung, Preisanstieg, Ölpreis;2026-07-25T06:00:04+02:00;2026-07-25T06:00:04+02:00;;dpa;false
14a1ed130021e52480ff94127c759a5bca86e058dc125241268b4fa5dce254c6;Sozialverbände fordern von Linnemann Entlastungen für Beitragszahler;https://www.zeit.de/politik/deutschland/2026-07/kuenftiger-gesundheitsminister-carsten-linnemann-cdu-sozialverbaende-forderung-kabinettsumbildung-gxe;Carsten Linnemann soll den Mut haben, sich beim Kabinett unbeliebt zu machen, fordern Sozialverbände. Sie verlangen mehr Einsatz für die Belange von Krankenversicherten.;Künftiger Gesundheitsminister;Politik, Künftiger Gesundheitsminister, CDU, Carsten Linnemann, Pflegereform, Gesundheitsreform;2026-07-25T05:59:47+02:00;2026-07-25T05:59:47+02:00;vsp;DIE ZEIT,        dpa,        AFP,        							vsp;false
6a4a1d66d6ab6016f95158854a803c32e1066e86f3f103df3a3fab96c628b8e7;Huthi-Miliz im Jemen droht Saudi-Arabien mit Vergeltung;https://www.zeit.de/news/2026-07/25/saudi-koalition-greift-im-jemen-an-sorge-vor-eskalation;Hier finden Sie Informationen zu dem Thema „Die Lage im Überblick“. Lesen Sie jetzt „Huthi-Miliz im Jemen droht Saudi-Arabien mit Vergeltung“.;Die Lage im Überblick;News, Die Lage im Überblick, Donald Trump, Jemen, USA, Iran, Saudi-Arabien, Hudaida, Kamaran, Straße von Hormus, Rote Meer, Bab al-Mandab;2026-07-25T05:51:19+02:00;2026-07-25T05:51:19+02:00;;dpa;false
1ceccb67e872eaf295bcffb89d9aea27da9bfbd7500b50d3174692ee167e0b1e;Saudi-Arabiens Armee greift Huthi-Stellungen im Jemen an;https://www.zeit.de/politik/ausland/2026-07/saudi-arabien-hodeida-huthi-rotes-meer-gxe;Im Roten Meer spitzt sich die Lage zu. Saudi-Arabien spricht von »maritimem Terrorismus« durch die Huthi-Miliz. Das saudische Militär begann Luftangriffe im Jemen.;Rotes Meer;Politik, Rotes Meer, Saudi-Arabien, Militär, Jemen, Huthi, Terrorismus;2026-07-25T05:49:39+02:00;2026-07-25T05:49:39+02:00;jtrvsp;DIE ZEIT,        AFP,        dpa,        Reuters,        							jtr					,        							vsp;false
c9e7c78cf52172ce9162fe79e33df956a4b768ec28b49e9d9de16c74248aabf2;DHL will für schwere Pakete branchenweit Zustellung zu zweit;https://www.zeit.de/news/2026-07/25/dhl-will-fuer-schwere-pakete-branchenweit-zustellung-zu-zweit;Hier finden Sie Informationen zu dem Thema „Hantelscheiben und Katzenstreu“. Lesen Sie jetzt „DHL will für schwere Pakete branchenweit Zustellung zu zweit“.;Hantelscheiben und Katzenstreu;News, Hantelscheiben und Katzenstreu, Nikola Hagleitner, Bonn, DHL, Ver.di, Zustellung, Hantelscheibe, Katzenstreu, Paketbranche, Grenze;2026-07-25T05:45:05+02:00;2026-07-25T05:45:05+02:00;;dpa;false
281fe461776d613096a1cb25621b2aa628772df5f6e1948113fb47a5433cf9d5;Zwei Schwerverletzte bei Autounfall auf Bundesstraße;https://www.zeit.de/news/2026-07/25/zwei-schwerverletzte-bei-autounfall-auf-bundesstrasse;Hier finden Sie Informationen zu dem Thema „Bei Rheine“. Lesen Sie jetzt „Zwei Schwerverletzte bei Autounfall auf Bundesstraße“.;Bei Rheine;News, Bei Rheine, Rheine, Autounfall, Bundesstraße;2026-07-25T05:44:13+02:00;2026-07-25T05:44:13+02:00;;dpa Nordrhein-Westfalen;false
df609707c8615ad7c4ddd4fb21a551a76647874d05b89ec344445a03d7aa5d92;SpaceX fliegt ersten erfolgreichen Starship-Test seit Börsengang;https://www.zeit.de/wirtschaft/unternehmen/2026-07/spacex-starship-testflug-texas-starlink-satelliten-gxe;Die Starship-Rakete von Elon Musk ist nach einem 13. Testflug intakt im Wasser gelandet – zum ersten Mal überhaupt. Entwickler sprechen von einem »Traumszenario«.;Riesenrakete Starship;Wirtschaft, Riesenrakete Starship, Texas, Elon Musk, SpaceX, Satellit;2026-07-25T05:39:21+02:00;2026-07-25T05:39:21+02:00;jtr;DIE ZEIT,        dpa,        Reuters,        							jtr;false
467abcdaee338c4280db2216fa0b9c8227e8b96f81763039f02aa69fc85900ee;Matthäus lobt Klopps Personalwahl - Effenberg mit Kritik;https://www.zeit.de/news/2026-07/25/matthaeus-lobt-klopps-personalwahl-effenberg-mit-kritik;Hier finden Sie Informationen zu dem Thema „Neuer Fußball-Bundestrainer“. Lesen Sie jetzt „Matthäus lobt Klopps Personalwahl - Effenberg mit Kritik“.;Neuer Fußball-Bundestrainer;News, Neuer Fußball-Bundestrainer, Lothar Matthäus, Jürgen Klopp, Mark Kosicke, Sven Bender, Stefan Effenberg, Per Mertesacker, Deutscher Fußball-Bund, Personalwahl, Kritik;2026-07-25T05:35:04+02:00;2026-07-25T05:35:04+02:00;;dpa Sport;false
ef505e06697ce08a29a441e6ff072f94e4c438e398d443d3532aa9247145fe34;Wer darf Bürgermeister werden? Streit um Verfassungstreue;https://www.zeit.de/news/2026-07/25/wer-darf-buergermeister-werden-streit-um-verfassungstreue;Hier finden Sie Informationen zu dem Thema „Kommunalwahl in Niedersachsen“. Lesen Sie jetzt „Wer darf Bürgermeister werden? Streit um Verfassungstreue“.;Kommunalwahl in Niedersachsen;News, Kommunalwahl in Niedersachsen, Stephan Bothe, Reinhild Goes, Jessica Schülke, Robert Preuß, Eugen Nazarenus, Weener, Wilhelmshaven, Bersenbrück, Lüneburg, Nören-Hardenberg;2026-07-25T05:30:08+02:00;2026-07-25T05:30:08+02:00;;dpa Niedersachsen;false
3dfa104ace1ef81c6bdded69f1fa4824c7c8844057d6209cd8e3d48e22813904;Hamburg springt im ersten Halbjahr fast 300 Mal als Erbe ein;https://www.zeit.de/news/2026-07/25/hamburg-springt-im-ersten-halbjahr-fast-300-mal-als-erbe-ein;Hier finden Sie Informationen zu dem Thema „Fiskalerbschaften“. Lesen Sie jetzt „Hamburg springt im ersten Halbjahr fast 300 Mal als Erbe ein“.;Fiskalerbschaften;News, Fiskalerbschaften, David Stoop, Hamburg, Erbschaft;2026-07-25T05:30:05+02:00;2026-07-25T05:30:05+02:00;;dpa Hamburg/Schleswig-Holstein;false
df5e97380f088789ca263a1721f443be3ae06088203371390fb33f2a50b05cb5;Elternteil zahlt nicht - Berlin bleibt oft auf Kosten sitzen;https://www.zeit.de/news/2026-07/25/elternteil-zahlt-nicht-berlin-bleibt-oft-auf-kosten-sitzen;Hier finden Sie Informationen zu dem Thema „Geld für Alleinerziehende“. Lesen Sie jetzt „Elternteil zahlt nicht - Berlin bleibt oft auf Kosten sitzen“.;Geld für Alleinerziehende;News, Geld für Alleinerziehende, Berlin, Brandenburg, Hamburg, Baden-Württemberg, Bremen, SPD, Unterhaltsvorschuss, Geld, Väter, Familie;2026-07-25T05:25:04+02:00;2026-07-25T05:25:04+02:00;;dpa Berlin/Brandenburg;false
2cb028966b687478947844ddd315c216111acb740173505417034057646dfde6;Besondere Meisterschaft: Es geht um die Murmel;https://www.zeit.de/news/2026-07/25/besondere-meisterschaft-es-geht-um-die-murmel;Hier finden Sie Informationen zu dem Thema „«Lochklickern»“. Lesen Sie jetzt „Besondere Meisterschaft: Es geht um die Murmel“.;«Lochklickern»;News, «Lochklickern», Hatten, Landkreis Oldenburg, Lochklicker, Meisterschaft, Murmelmeisterschaft;2026-07-25T05:00:08+02:00;2026-07-25T05:00:08+02:00;;dpa Niedersachsen;false
3f7420d16e9713455d8a03f30f87053fabbbccd890aedaeb663d1449a9838143;Hohe Nachfrage nach Klimaanlagen in Mecklenburg-Vorpommern;https://www.zeit.de/news/2026-07/25/hohe-nachfrage-nach-klimaanlagen-in-mecklenburg-vorpommern;Hier finden Sie Informationen zu dem Thema „Wohnen“. Lesen Sie jetzt „Hohe Nachfrage nach Klimaanlagen in Mecklenburg-Vorpommern“.;Wohnen;News, Wohnen, Rostock, Bad Doberan, Mecklenburg-Vorpommern, Klimaanlage, Kreishandwerkerschaft;2026-07-25T05:00:07+02:00;2026-07-25T05:00:07+02:00;;dpa Mecklenburg-Vorpommern;false
383e5a82f64cd5ede34c8c7a70df4c1b3b047ff65208c248b5c775b2e743855b;Krankenstand in Mecklenburg-Vorpommern geht leicht zurück;https://www.zeit.de/news/2026-07/25/krankenstand-in-mecklenburg-vorpommern-geht-leicht-zurueck;Hier finden Sie Informationen zu dem Thema „Fehlzeiten im Beruf“. Lesen Sie jetzt „Krankenstand in Mecklenburg-Vorpommern geht leicht zurück“.;Fehlzeiten im Beruf;News, Fehlzeiten im Beruf, Mecklenburg-Vorpommern, DAK-Gesundheit, DAK, Krankenstand, Fehlzeit, Beruf;2026-07-25T05:00:06+02:00;2026-07-25T05:00:06+02:00;;dpa Mecklenburg-Vorpommern;false
4e2fd8735d4daa654968986e83928ecc2972288e1328fcc18de7a2fa47001fcf;DAK: Krankenstand in Norden etwa auf Vorjahresniveau;https://www.zeit.de/news/2026-07/25/dak-krankenstand-in-norden-etwa-auf-vorjahresniveau;Hier finden Sie Informationen zu dem Thema „Fehlzeiten am Arbeitsplatz“. Lesen Sie jetzt „DAK: Krankenstand in Norden etwa auf Vorjahresniveau“.;Fehlzeiten am Arbeitsplatz;News, Fehlzeiten am Arbeitsplatz, Schleswig-Holstein, DAK, DAK-Gesundheit, Krankenstand, Vorjahresniveau, Fehlzeit;2026-07-25T05:00:05+02:00;2026-07-25T05:00:05+02:00;;dpa Hamburg/Schleswig-Holstein;false
9e7488d6466dd35d322c4d3ef53eb791b717a37395202f3e063fd1834ba53312;Berichte: Real Madrid macht Leipzig Angebot für Diomande;https://www.zeit.de/news/2026-07/25/berichte-real-madrid-macht-leipzig-angebot-fuer-diomande;Hier finden Sie Informationen zu dem Thema „Fußball-Bundesliga“. Lesen Sie jetzt „Berichte: Real Madrid macht Leipzig Angebot für Diomande“.;Fußball-Bundesliga;News, Fußball-Bundesliga, Fabrizio Romano, Leipzig, Real Madrid, RB Leipzig, The Athletic, Fußball-Bundesliga;2026-07-25T04:37:04+02:00;2026-07-25T04:37:04+02:00;;dpa Sachsen;false
eac400bf0ee69cb843faa0a9bece2b790ab0ef0c8e8f8c0c34e0bea5cb74eb8d;Venezuela tritt aus Internationalem Strafgerichtshof aus;https://www.zeit.de/politik/ausland/2026-07/venezuela-austritt-internationaler-strafgerichtshof-delcy-rodriguez-gxe;Die venezolanische Regierung hat den Austritt aus dem IStGH angekündigt. Dieser hatte wegen mutmaßlicher Verbrechen gegen die Menschlichkeit gegen Venezuela ermittelt.;IStGH;Politik, IStGH, IStGH, Venezuela, Menschenrechte;2026-07-25T04:34:23+02:00;2026-07-25T04:34:23+02:00;jtr;DIE ZEIT,        AFP,        dpa,        							jtr;false
8fe08a16be2ada031e65f1fc6e24541b6d915bee47569347afb8341f313c8017;Bayreuther Festspiele beginnen - Beethoven zum Jubiläum;https://www.zeit.de/news/2026-07/25/bayreuther-festspiele-beginnen-beethoven-zum-jubilaeum;Hier finden Sie Informationen zu dem Thema „150 Jahre Festspiele“. Lesen Sie jetzt „Bayreuther Festspiele beginnen - Beethoven zum Jubiläum“.;150 Jahre Festspiele;News, 150 Jahre Festspiele, Richard Wagner, Christian Thielemann, Friedrich Merz, Angela Merkel, Bayreuth, CSU, Bayreuther Festspiele, Gründungsjubiläum, Jubiläum, Festakt;2026-07-25T04:30:07+02:00;2026-07-25T04:30:07+02:00;;dpa;false
de1245579dbc173abb4a2a242e466e59cf39bca9e65a8e05ec249cbcee944a89;Krankenstand in Niedersachsen sinkt - Krankheitsdauer steigt;https://www.zeit.de/news/2026-07/25/krankenstand-in-niedersachsen-sinkt-krankheitsdauer-steigt;Hier finden Sie Informationen zu dem Thema „Gesundheit“. Lesen Sie jetzt „Krankenstand in Niedersachsen sinkt - Krankheitsdauer steigt“.;Gesundheit;News, Gesundheit, Dirk Vennekold, Niedersachsen, DAK-Gesundheit, DAK, Krankenstand, Krankheitsdauer, Atemwegserkrankung, Fehltag, psychische Erkrankung;2026-07-25T04:30:07+02:00;2026-07-25T04:30:07+02:00;;dpa Niedersachsen;false
10365323c0cfb83ac0fa7872c5f8767d3919feddaa7bd4a118c42c18f0cf4358;Fälle von Tierqual sorgen in China zunehmend für Aufschrei;https://www.zeit.de/news/2026-07/25/faelle-von-tierqual-sorgen-in-china-zunehmend-fuer-aufschrei;Hier finden Sie Informationen zu dem Thema „Tierschutz“. Lesen Sie jetzt „Fälle von Tierqual sorgen in China zunehmend für Aufschrei“.;Tierschutz;News, Tierschutz, Mann, China, Changzhou, Jiangsu, Shandong, Laizhou, Beijing, Wang, Chongqing, Polizei;2026-07-25T04:15:05+02:00;2026-07-25T04:15:05+02:00;;dpa;false
2d66818fab41b2e55cffaf28986950e9c288b6e12e07a2032dc6d1618b3fcd6c;Mit Pint und Tempo: Burnhams erste Woche als Premierminister;https://www.zeit.de/news/2026-07/25/mit-pint-und-tempo-burnhams-erste-woche-als-premierminister;Hier finden Sie Informationen zu dem Thema „Britische Politik“. Lesen Sie jetzt „Mit Pint und Tempo: Burnhams erste Woche als Premierminister“.;Britische Politik;News, Britische Politik, Andy Burnham, John Healey, Keir Starmer, Großbritannien, England, Labourpartei, Instagram, Premierminister;2026-07-25T04:12:05+02:00;2026-07-25T04:12:05+02:00;;dpa;false
c1417d6766de76e6545eddec9089dfca66c9a373fcee2f664993c715d6e37516;Hochzeitsplanung in Thüringen: Viele Wünsche, wenige Profis;https://www.zeit.de/news/2026-07/25/hochzeitsplanung-in-thueringen-viele-wuensche-wenige-profis;Hier finden Sie Informationen zu dem Thema „Hochzeiten“. Lesen Sie jetzt „Hochzeitsplanung in Thüringen: Viele Wünsche, wenige Profis“.;Hochzeiten;News, Hochzeiten, Nancy Krüger-Klehm, Dirk Ellinger, Thüringen, Erfurt, BUND, Hochzeitsplanung;2026-07-25T04:00:34+02:00;2026-07-25T04:00:34+02:00;;dpa Thüringen;false
fc424f808aa1aa1457e7e98d421ff717d9f1ca52fe25778708ce7a94d8450709;«Hahn und Henne»-Tassen wieder im Handel erhältlich;https://www.zeit.de/news/2026-07/25/hahn-und-henne-tassen-wieder-im-handel-erhaeltlich;Hier finden Sie Informationen zu dem Thema „Nach Insolvenz“. Lesen Sie jetzt „«Hahn und Henne»-Tassen wieder im Handel erhältlich“.;Nach Insolvenz;News, Nach Insolvenz, Ulrich Reich, Zell am Harmersbach, Zell, Allgäu, Ortenaukreis, Manufaktur, Keramik, Insolvenz;2026-07-25T04:00:31+02:00;2026-07-25T04:00:31+02:00;;dpa Baden-Württemberg;false
21b60755416047a8330bde09510c03019c604dfbc876b9f3c831c246b78a6ca3;Kann autonomes Fahren zum Motor des Strukturwandels werden?;https://www.zeit.de/news/2026-07/25/kann-autonomes-fahren-zum-motor-des-strukturwandels-werden;Hier finden Sie Informationen zu dem Thema „Mobilität der Zukunft“. Lesen Sie jetzt „Kann autonomes Fahren zum Motor des Strukturwandels werden?“.;Mobilität der Zukunft;News, Mobilität der Zukunft, Ingo Wortmann, Karsten Schulze, Zwickau, Hamburg, Berlin, München, USA, China, Ostdeutschland, Magdeburg;2026-07-25T04:00:22+02:00;2026-07-25T04:00:22+02:00;;dpa Sachsen;false
adeb96afa7694dda90d213307bf5f0e6b78cf515d28e8ac5be697e6b51094eee;Rettungshelikopter decken Hessen mit 60-Kilometer-Radien ab;https://www.zeit.de/news/2026-07/25/rettungshelikopter-decken-hessen-mit-60-kilometer-radien-ab;Hier finden Sie Informationen zu dem Thema „Notfälle“. Lesen Sie jetzt „Rettungshelikopter decken Hessen mit 60-Kilometer-Radien ab“.;Notfälle;News, Notfälle, Wiesbaden, Hessen, Gesundheitsministerium, Rettungshelikopter, Notfall, Rettungshubschrauber, Alarmierung, Primäreinsatz;2026-07-25T04:00:21+02:00;2026-07-25T04:00:21+02:00;;dpa Hessen;false
58c6954cbb97ba71fd3e97c862339a8c4bc73194b26fd73be2510087b2607e7b;Balkonsolaranlagen: Preise sinken, Leistung steigt rasant;https://www.zeit.de/news/2026-07/25/balkonsolaranlagen-preise-sinken-leistung-steigt-rasant;Hier finden Sie Informationen zu dem Thema „Erneuerbare Energien“. Lesen Sie jetzt „Balkonsolaranlagen: Preise sinken, Leistung steigt rasant“.;Erneuerbare Energien;News, Erneuerbare Energien, Stuttgart, Baden-Württemberg, Balkonsolaranlage, Balkonkraftwerk, Erneuerbare Energien;2026-07-25T04:00:14+02:00;2026-07-25T04:00:14+02:00;;dpa Baden-Württemberg;false
2445fac5389624781c0ede90006918167bcc0cb3f9dfd6b57d1a24ed1c79a107;So kommen Sie zur CSD-Parade in Berlin;https://www.zeit.de/news/2026-07/25/so-kommen-sie-zur-csd-parade-in-berlin;Hier finden Sie Informationen zu dem Thema „Berlin Pride“. Lesen Sie jetzt „So kommen Sie zur CSD-Parade in Berlin“.;Berlin Pride;News, Berlin Pride, Berlin, Leipziger Straße, Potsdamer Platz, Mehringdamm, Friedrichstraße, Nollendorfplatz, Brandenburger Tor, Christopher Street Day;2026-07-25T04:00:13+02:00;2026-07-25T04:00:13+02:00;;dpa Berlin/Brandenburg;false
0567cb35037f09ac50ad327abc16b046f9a467fcac4c6a9a743dfc8f9d19cf71;Wie die Feuerwehren sich gegen Wald- und Feldbrände wappnen;https://www.zeit.de/news/2026-07/25/wie-die-feuerwehren-sich-gegen-wald-und-feldbraende-wappnen;Hier finden Sie Informationen zu dem Thema „Zahl der Einsätze steigt“. Lesen Sie jetzt „Wie die Feuerwehren sich gegen Wald- und Feldbrände wappnen“.;Zahl der Einsätze steigt;News, Zahl der Einsätze steigt, Johann Eitzenberger, Bayern, Alpen, Feldbrand, Feuerwehr, Wald, Brand, Starkregen;2026-07-25T04:00:12+02:00;2026-07-25T04:00:12+02:00;;dpa Bayern;false
ade6cbbf71ad5bc1022f8819249f23da8e2e06370b22b3a315e077e99f359f28;Weit mehr als 200 Freiwillige Polizeihelfer in Hessen;https://www.zeit.de/news/2026-07/25/weit-mehr-als-200-freiwillige-polizeihelfer-in-hessen;Hier finden Sie Informationen zu dem Thema „Helfer für Sicherheit“. Lesen Sie jetzt „Weit mehr als 200 Freiwillige Polizeihelfer in Hessen“.;Helfer für Sicherheit;News, Helfer für Sicherheit, Mann, Hessen, CDU, Polizei, Sicherheit, Belletristik;2026-07-25T04:00:07+02:00;2026-07-25T04:00:07+02:00;;dpa Hessen;false
4cc9f60d9eb24bb6895ac9bb54095b77ef6deab72d7c25007393b317db5b43c2;Batterieexperte zu Varta: «Schlag für die Batterieindustrie»;https://www.zeit.de/news/2026-07/25/batterieexperte-zu-varta-schlag-fuer-die-batterieindustrie;Hier finden Sie Informationen zu dem Thema „Batteriehersteller in Krise“. Lesen Sie jetzt „Batterieexperte zu Varta: «Schlag für die Batterieindustrie»“.;Batteriehersteller in Krise;News, Batteriehersteller in Krise, Dirk Uwe Sauer, VARTA, RWTH Aachen, Batterieindustrie, Krise;2026-07-25T04:00:07+02:00;2026-07-25T04:00:07+02:00;;dpa Baden-Württemberg;false
01a1a51a24d9f043415376933361feb8bec4a36fd8531e44f580e2fcb8f5fecc;S-Bahn in Offenbach bleibt Baustelle;https://www.zeit.de/news/2026-07/25/s-bahn-in-offenbach-bleibt-baustelle;Hier finden Sie Informationen zu dem Thema „Verkehr“. Lesen Sie jetzt „S-Bahn in Offenbach bleibt Baustelle“.;Verkehr;News, Verkehr, Offenbach, DB, Deutsche Bahn, Baustelle, Verkehr;2026-07-25T04:00:05+02:00;2026-07-25T04:00:05+02:00;;dpa Hessen;false
a23967caf77d628656e56924a80a189b8ad16f03a61906fc9eb25bb6e666e79e;Trump will mit Warnschildern missliebiges Museum brandmarken;https://www.zeit.de/news/2026-07/25/trump-will-mit-warnschildern-missliebiges-museum-brandmarken;Hier finden Sie Informationen zu dem Thema „Streit über Deutungshoheit“. Lesen Sie jetzt „Trump will mit Warnschildern missliebiges Museum brandmarken“.;Streit über Deutungshoheit;News, Streit über Deutungshoheit, Donald Trump, Washington, USA, Amerika, Warnschild;2026-07-25T03:50:31+02:00;2026-07-25T03:50:31+02:00;;dpa;false
c161c547b281b3dd720ca41f9fcd65ea67256bd3053e046e9f057e9f1900cb93;Deutsche Leichtathleten kämpfen in Bochum um 38 Titel;https://www.zeit.de/news/2026-07/25/deutsche-leichtathleten-kaempfen-in-bochum-um-38-titel;Hier finden Sie Informationen zu dem Thema „Nationale Meisterschaften“. Lesen Sie jetzt „Deutsche Leichtathleten kämpfen in Bochum um 38 Titel“.;Nationale Meisterschaften;News, Nationale Meisterschaften, Bochum, Meisterschaft;2026-07-25T03:30:15+02:00;2026-07-25T03:30:15+02:00;;dpa Nordrhein-Westfalen;false
46794f56c27c0c1745dd0a74f03e41f88d3767094bd3797fa1e40b51ae5c9bc1;Trockenheit bremst Stechmücken - Ungewöhnliche Lage am Rhein;https://www.zeit.de/news/2026-07/25/trockenheit-bremst-stechmuecken-ungewoehnliche-lage-am-rhein;Hier finden Sie Informationen zu dem Thema „Kleine Blutsauger“. Lesen Sie jetzt „Trockenheit bremst Stechmücken - Ungewöhnliche Lage am Rhein“.;Kleine Blutsauger;News, Kleine Blutsauger, Oberrhein, Rhein, Kommunale Aktionsgemeinschaft zur Bekämpfung der Schnakenplage, Trockenheit, Stechmücke, Stechmückensaison, Wärme, Starkregen, Überschwemmung;2026-07-25T03:30:14+02:00;2026-07-25T03:30:14+02:00;;dpa Rheinland-Pfalz/Saarland;false
382b8e449dbd7378058fd204ac820a409c0c0132cf3bd3a3632aba2a5d4371a0;Hunderttausende beim Berliner CSD erwartet;https://www.zeit.de/news/2026-07/25/hunderttausende-beim-berliner-csd-erwartet;Hier finden Sie Informationen zu dem Thema „Gesellschaft“. Lesen Sie jetzt „Hunderttausende beim Berliner CSD erwartet“.;Gesellschaft;News, Gesellschaft, Sarah Connor, Sängerin, Berlin, Christopher Street Day;2026-07-25T03:30:10+02:00;2026-07-25T03:30:10+02:00;;dpa Berlin/Brandenburg;false
795c8a336b65e5182ea6a326790709f97442b27b2ff7b7498c317678ba0f8f17;Teuber will kulturelle Begegnungsorte stärken;https://www.zeit.de/news/2026-07/25/teuber-will-kulturelle-begegnungsorte-staerken;Hier finden Sie Informationen zu dem Thema „Kulturförderung“. Lesen Sie jetzt „Teuber will kulturelle Begegnungsorte stärken“.;Kulturförderung;News, Kulturförderung, Sven Teuber, Mainz, Rheinland-Pfalz, SPD, Deutsche Presse-Agentur, Jazzpreis, Begegnungsort, Kulturförderung;2026-07-25T03:30:09+02:00;2026-07-25T03:30:09+02:00;;dpa Rheinland-Pfalz/Saarland;false
aabba057ed084dfa3b59cd7c5858d5e53e141e5e0331da4dc75b5f7c9646d0e7;Showdown im Fischereiverband;https://www.zeit.de/news/2026-07/25/showdown-im-fischereiverband;Hier finden Sie Informationen zu dem Thema „Fischer“. Lesen Sie jetzt „Showdown im Fischereiverband“.;Fischer;News, Fischer, Axel Bartelt, München, Fischereiverband, Showdown, Landesfischereiverband, Bezirksverband, Mitgliederversammlung;2026-07-25T03:30:06+02:00;2026-07-25T03:30:06+02:00;;dpa Bayern;false
058f7b483785f91fc75e79abb86a4a7d4993a70c7ec8e4fe6a760ddf6b5bc977;Karim Khan verliert Amt als Chefankläger des IStGH;https://www.zeit.de/politik/ausland/2026-07/karim-khan-internationaler-strafgerichtshof-anklaeger-entlassung-vorwuerfe;Eine klare Mehrheit der 125 Mitgliedstaaten hat sich dafür ausgesprochen, Karim Khan zu entlassen. Dem Briten wird sexuelles Fehlverhalten vorgeworfen.;Internationaler Strafgerichtshof;Politik, Internationaler Strafgerichtshof, IStGH, Entlassung, Israel, USA, Karim Khan;2026-07-25T03:25:38+02:00;2026-07-25T03:25:38+02:00;akmjtrvsp;DIE ZEIT,        dpa,        AP,        AFP,        							akm					,        							jtr					,        							vsp;false
2fee0a3cd079f46bb9fdecdfc629ce4664d45039974462718f79c2dbcee58f38;US-Militär schießt Tanker manövrierunfähig;https://www.zeit.de/politik/ausland/2026-05/iran-krieg-donald-trump-hormus-live;Die USA halten ihre Blockade iranischer Häfen mit Gewalt aufrecht. Die US-Regierung plant laut Berichten eine Konferenz zur Straße von Hormus in London. Das Liveblog;Liveblog:                     Irankrieg;Politik, Irankrieg, USA, Donald Trump, Iran, Israel, Atomabkommen, Nahost, Militär;2026-07-25T02:56:07+02:00;2026-07-25T02:56:07+02:00;Jana TrietschVera SprothenMaxim Nägele;;false
8fa2ba087b1b656127dfba194a9defe4002ee082ab8bff0c4447ffa85d527c8c;Paramount setzt Warner-Übernahme nach Wettbewerbsklagen aus;https://www.zeit.de/news/2026-07/25/paramount-setzt-warner-uebernahme-nach-wettbewerbsklagen-aus;Hier finden Sie Informationen zu dem Thema „Hollywood-Deal“. Lesen Sie jetzt „Paramount setzt Warner-Übernahme nach Wettbewerbsklagen aus“.;Hollywood-Deal;News, Hollywood-Deal, Donald Trump, Paramount Pictures, Warner Bros, CNN, Netflix, Wettbewerbsklage, Übernahme, Hollywood, Streaming;2026-07-25T02:15:21+02:00;2026-07-25T02:15:21+02:00;;dpa;false
eac400bf0ee69cb843faa0a9bece2b790ab0ef0c8e8f8c0c34e0bea5cb74eb8d;Venezuela tritt aus Internationalem Strafgerichtshof aus;https://www.zeit.de/news/2026-07/24/venezuela-tritt-aus-internationalem-strafgerichtshof-aus;Hier finden Sie Informationen zu dem Thema „Spannungen“. Lesen Sie jetzt „Venezuela tritt aus Internationalem Strafgerichtshof aus“.;Spannungen;News, Spannungen, Delcy Rodríguez, António Guterres, Félix Plasencia, Venezuela, UN, Strafgerichtshof, IStGH, X, Austritt, Verbrechen;2026-07-25T00:38:16+02:00;2026-07-25T00:38:16+02:00;;dpa;false
62530eeba69961d971a255ea352edf754401117055086a7fdb314252cb7874cf;IW-Studie warnt vor Einbau neuer Gasheizungen;https://www.zeit.de/wirtschaft/2026-07/gasheizung-institut-der-deutschen-wirtschaft-iw-koeln-heizkosten;Bis 2040 könnten sich die Kosten für neue Gasheizungen laut dem Institut der Deutschen Wirtschaft verdoppeln. Die Experten kritisieren die Reform des Heizungsgesetzes.;Energiekosten;Wirtschaft, Energiekosten, Heizung, Heizungsgesetz, Reform, Gasheizung;2026-07-25T00:33:01+02:00;2026-07-25T00:33:01+02:00;man;DIE ZEIT,        AFP,        dpa,        							man;false
f84eb48d1bad0cf8f936338475ac8f2e1ceab04b525d93e46aa84fc1bd466775;Thorsten Frei verteidigt Merz nach Problemen beim Kabinettsumbau;https://www.zeit.de/politik/deutschland/2026-07/kabinettsumbildung-friedrich-merz-cdu-thorsten-frei-nina-warken;Der künftige Unionsfraktionschef Thorsten Frei bezeichnet das Hin und Her um die Nachfolge des Verkehrsministers als »Pech«. Ex-Kanzleramtschef Altmaier ist »wütend«.;Bundesregierung;Politik, Bundesregierung, Unionsfraktion, CDU, Thorsten Frei, Friedrich Merz, Nina Warken;2026-07-25T00:23:41+02:00;2026-07-25T00:23:41+02:00;manjtr;DIE ZEIT,        dpa,        							man					,        							jtr;false
63b98ad71336547b9427c67099edeba450472b036d4c45e6970425e655a87e3c;Chefankläger des Weltstrafgerichts entlassen;https://www.zeit.de/news/2026-07/24/chefanklaeger-des-weltstrafgerichts-entlassen;Hier finden Sie Informationen zu dem Thema „Missbrauchsvorwürfe“. Lesen Sie jetzt „Chefankläger des Weltstrafgerichts entlassen“.;Missbrauchsvorwürfe;News, Missbrauchsvorwürfe, Karim Khan, Benjamin Netanjahu, New York, Den Haag, Israel, Gazastreifen, IStGH, CNN, Weltstrafgericht, Missbrauchsvorwurf;2026-07-25T00:19:33+02:00;2026-07-25T00:19:33+02:00;;dpa;false
c1e39fcb9fb8338a2eab0dc7d62f88b14c74ee31ad17eed1787b8df314a0e044;Rheinkirmes: 1.200 Drohnen und Feuerwerk am Abendhimmel;https://www.zeit.de/news/2026-07/25/rheinkirmes-1-200-drohnen-und-feuerwerk-am-abendhimmel;Hier finden Sie Informationen zu dem Thema „Doppelter Höhepunkt“. Lesen Sie jetzt „Rheinkirmes: 1.200 Drohnen und Feuerwerk am Abendhimmel“.;Doppelter Höhepunkt;News, Doppelter Höhepunkt, Jan Ising, Düsseldorf, Rheinkirmes, Feuerwerk, Abendhimmel, Drohnenshow, Volksfest, Drohne;2026-07-25T00:13:33+02:00;2026-07-25T00:13:33+02:00;;dpa Nordrhein-Westfalen;false
6be7cca0193661b5f876ddafcefc96d7ece5819fc9748bc20f62a23b05b05c2b;Was geschah am 25. Juli?;https://www.zeit.de/news/2026-07/24/was-geschah-am-25-juli;Hier finden Sie Informationen zu dem Thema „Kalenderblatt“. Lesen Sie jetzt „Was geschah am 25. Juli?“.;Kalenderblatt;News, Kalenderblatt, Magdeburg, Intel, Kalenderblatt, Namenstag, Riesenfabrik;2026-07-24T23:55:04+02:00;2026-07-24T23:55:04+02:00;;dpa;false
1374f22fd0187acaf8a7aa96dec0c006cddf9c7c5d5a91bc1bc7a4191e8d0258;Verfolgungsfahrt über Autobahnen: Polizist schießt auf Auto;https://www.zeit.de/news/2026-07/24/verfolgungsfahrt-ueber-autobahnen-polizist-schiesst-auf-auto;Hier finden Sie Informationen zu dem Thema „Der Kontrolle entzogen“. Lesen Sie jetzt „Verfolgungsfahrt über Autobahnen: Polizist schießt auf Auto“.;Der Kontrolle entzogen;News, Der Kontrolle entzogen, Greding, Landkreis Roth, Polizei, Verfolgungsfahrt, Autobahn, Auto, Fahrzeug;2026-07-24T23:33:36+02:00;2026-07-24T23:33:36+02:00;;dpa;false
b8429c8c14eeb59219df257bb1c419932ea98f9ad4bd0a7a8d8068b25c98eb00;Tausende genießen Wagner zum Sonnenuntergang;https://www.zeit.de/news/2026-07/24/tausende-geniessen-wagner-zum-sonnenuntergang;Hier finden Sie Informationen zu dem Thema „150 Jahre Festspiele“. Lesen Sie jetzt „Tausende genießen Wagner zum Sonnenuntergang“.;150 Jahre Festspiele;News, 150 Jahre Festspiele, Katharina Wagner, Bayreuther Festspiele, Sonnenuntergang, Karfreitagszauber, Festspiel, Jubiläumsfestspiel;2026-07-24T23:09:39+02:00;2026-07-24T23:09:39+02:00;;dpa Bayern;false
e7e7152e3553386a581ca1219a33ed2accd518eefa49156253d7a8f254f6be90;Kletterer stürzt mehrere Meter in die Tiefe;https://www.zeit.de/news/2026-07/24/kletterer-stuerzt-mehrere-meter-in-die-tiefe;Hier finden Sie Informationen zu dem Thema „Hubschraubereinsatz“. Lesen Sie jetzt „Kletterer stürzt mehrere Meter in die Tiefe“.;Hubschraubereinsatz;News, Hubschraubereinsatz, Hirschbach, Hubschraubereinsatz;2026-07-24T23:00:13+02:00;2026-07-24T23:00:13+02:00;;dpa Bayern;false
31aa22b991f48363d075d77fefc24b32c616a33c92b7e6fb350fa20d551c1012;So geht es nach dem Jubiläum in Bayreuth weiter;https://www.zeit.de/news/2026-07/24/bund-und-bayern-geben-mehr-geld-nach-bayreuth;Hier finden Sie Informationen zu dem Thema „Opern-Spektakel“. Lesen Sie jetzt „So geht es nach dem Jubiläum in Bayreuth weiter“.;Opern-Spektakel;News, Opern-Spektakel, Markus Blume, Bayreuth, Bayern, CSU, Bayreuther Festspiele, Geld;2026-07-24T22:58:10+02:00;2026-07-24T22:58:10+02:00;;dpa;false
10e33eb37c613a17838250bc9986b6d96982c5485a5663e56016c947d36eff52;Motorradfahrer stirbt bei Frontalzusammenstoß;https://www.zeit.de/news/2026-07/24/motorradfahrer-stirbt-bei-frontalzusammenstoss;Hier finden Sie Informationen zu dem Thema „Verkehrsunfall“. Lesen Sie jetzt „Motorradfahrer stirbt bei Frontalzusammenstoß“.;Verkehrsunfall;News, Verkehrsunfall, Kreisstraße, Polizei, Frontalzusammenstoß, Verkehrsunfall, Auto;2026-07-24T22:56:27+02:00;2026-07-24T22:56:27+02:00;;dpa Baden-Württemberg;false
c5bdf02416d5519e0c8d519c2a16b6959470ebcb17b0a1aaf8fb6ab9cdc40f82;Paramount setzt Warner-Übernahme vorerst aus;https://www.zeit.de/news/2026-07/24/paramount-setzt-warner-uebernahme-vorerst-aus;Hier finden Sie Informationen zu dem Thema „Hollywood-Deal“. Lesen Sie jetzt „Paramount setzt Warner-Übernahme vorerst aus“.;Hollywood-Deal;News, Hollywood-Deal, Paramount, Wettbewerbsklage, Hollywood;2026-07-24T22:45:20+02:00;2026-07-24T22:45:20+02:00;;dpa;false
13ff5686ba46418cde99e30c2346deb899ac6f6d52f48932f5baf984e5d7438a;Festnahme nach tödlicher Auseinandersetzung in Ulm;https://www.zeit.de/news/2026-07/24/festnahme-nach-toedlicher-auseinandersetzung-in-ulm;Hier finden Sie Informationen zu dem Thema „Fahndungserfolg“. Lesen Sie jetzt „Festnahme nach tödlicher Auseinandersetzung in Ulm“.;Fahndungserfolg;News, Fahndungserfolg, Ulm, Landkreis Neu-Ulm, Polizei, Staatsanwaltschaft, Auseinandersetzung, Fahndungserfolg, Festnahme;2026-07-24T22:27:05+02:00;2026-07-24T22:27:05+02:00;;dpa Baden-Württemberg;false
0c985993c9ff52cb4365cf76027c056dedbce6659369366bd28cdd58d6401a3b;Fünf Verletzte bei Schlägerei in Köln;https://www.zeit.de/news/2026-07/24/fuenf-verletzte-bei-schlaegerei-in-koeln;Hier finden Sie Informationen zu dem Thema „Polizeieinsatz“. Lesen Sie jetzt „Fünf Verletzte bei Schlägerei in Köln“.;Polizeieinsatz;News, Polizeieinsatz, Köln, Polizei, Schlägerei, Polizeieinsatz, Rettungseinsatz;2026-07-24T22:17:39+02:00;2026-07-24T22:17:39+02:00;;dpa Nordrhein-Westfalen;false
695db24166348bc4cb008bd9065995bdc3761f64d6e455f93c4dda8793676263;Erste Testspiel-Niederlage für Eintracht Braunschweig;https://www.zeit.de/news/2026-07/24/erste-testspiel-niederlage-fuer-eintracht-braunschweig;Hier finden Sie Informationen zu dem Thema „2. Fußball-Bundesliga“. Lesen Sie jetzt „Erste Testspiel-Niederlage für Eintracht Braunschweig“.;2. Fußball-Bundesliga;News, 2. Fußball-Bundesliga, Southampton, FC Southampton, Eintracht Braunschweig, Fußball-Bundesliga, Saisonvorbereitung, Testspiel;2026-07-24T22:13:44+02:00;2026-07-24T22:13:44+02:00;;dpa Niedersachsen;false
2dccdeafc0c1fd0971b1fa869917280fe9412cf6fd7d0c97386946dfce83d0ca;Junge nach Badeunfall in Freibad reanimiert;https://www.zeit.de/news/2026-07/24/junge-nach-badeunfall-in-freibad-reanimiert;Hier finden Sie Informationen zu dem Thema „Unglück im Freibad“. Lesen Sie jetzt „Junge nach Badeunfall in Freibad reanimiert“.;Unglück im Freibad;News, Unglück im Freibad, Naila, Landkreis Hof, Polizei, Badeunfall, Freibad, Unglück, Nichtschwimmerbecken;2026-07-24T22:10:20+02:00;2026-07-24T22:10:20+02:00;;dpa Bayern;false
e8bc5e6cc7838727085695ce2885ed650db45b4753dc52d7a1e37602bd8c57ac;Unfall auf Radweg: 23-Jähriger verletzt sich schwer am Kopf;https://www.zeit.de/news/2026-07/24/unfall-auf-radweg-23-jaehriger-verletzt-sich-schwer-am-kopf;Hier finden Sie Informationen zu dem Thema „Zeugen gesucht“. Lesen Sie jetzt „Unfall auf Radweg: 23-Jähriger verletzt sich schwer am Kopf“.;Zeugen gesucht;News, Zeugen gesucht, Unfall, Radweg;2026-07-24T22:02:42+02:00;2026-07-24T22:02:42+02:00;;dpa Rheinland-Pfalz/Saarland;false
6aba0c77bb27b311574f7ddb3353a3a34f3bcbe7bdc0bfb5b80bc039539b0e3e;Notstand: Waldbrände in Spanien und Frankreich wüten weiter;https://www.zeit.de/news/2026-07/24/spanien-ruft-fuer-zwei-regionen-notstand-aus;Hier finden Sie Informationen zu dem Thema „Feuer außer Kontrolle“. Lesen Sie jetzt „Notstand: Waldbrände in Spanien und Frankreich wüten weiter“.;Feuer außer Kontrolle;News, Feuer außer Kontrolle, Spanien, Madrid, Innenministerium, Waldbrand, Notstand, Geld, Brand;2026-07-24T21:44:21+02:00;2026-07-24T21:44:21+02:00;;dpa;false
c095c14c6e5d6da31637f7c0c86c41f50d41d6057d8d8db55b2fa447535da1ef;63.000 Menschen sollen sich vor Waldbränden in Sicherheit bringen;https://www.zeit.de/gesellschaft/2026-07/waldbraende-frankreich-atlantikkueste-cap-ferret-touristen-evakuierung-gxe;An der französischen Atlantikküste sind wegen der Brände 63.000 Menschen aufgerufen, ihre Häuser zu verlassen. In Spanien gilt für zwei Regionen der Notstand.;Französische Atlantikküste;Gesellschaft, Französische Atlantikküste, Waldbrand, Frankreich, Evakuierung, Feuerwehr, Brand, Tourismus;2026-07-24T21:35:58+02:00;2026-07-24T21:35:58+02:00;jacalgi;DIE ZEIT,        dpa,        AFP,        							jaca					,        							lgi;false
1a566e89ab68c4b0030978a171f30a1719ae519f096cc905998fa4f8c83ca4ed;Restaurantbrand in Saarbrücken – Frau aus Wohnung gerettet;https://www.zeit.de/news/2026-07/24/restaurantbrand-in-saarbruecken-frau-aus-wohnung-gerettet;Hier finden Sie Informationen zu dem Thema „Einsatz der Feuerwehr“. Lesen Sie jetzt „Restaurantbrand in Saarbrücken – Frau aus Wohnung gerettet“.;Einsatz der Feuerwehr;News, Einsatz der Feuerwehr, Saarbrücken, Feuerwehr, Polizei, Restaurantbrand, Einsatzkraft, Restaurant;2026-07-24T21:16:43+02:00;2026-07-24T21:16:43+02:00;;dpa Rheinland-Pfalz/Saarland;false
81a132f8b03b1898c14067d734d9dc0ce6e60163923627b58eae9732e7336e41;Brückenschäden: Bahnstrecke Essen–Gelsenkirchen gesperrt;https://www.zeit.de/news/2026-07/24/brueckenschaeden-bahnstrecke-essen-gelsenkirchen-gesperrt;Hier finden Sie Informationen zu dem Thema „Zugausfälle“. Lesen Sie jetzt „Brückenschäden: Bahnstrecke Essen–Gelsenkirchen gesperrt“.;Zugausfälle;News, Zugausfälle, Gelsenkirchen, Essen Hauptbahnhof, Brückenschaden, Bahnstrecke, Zugausfall, Hauptbahnhof;2026-07-24T21:14:53+02:00;2026-07-24T21:14:53+02:00;;dpa Nordrhein-Westfalen;false
304061fd1c4a9a4bf790691d7700787a54965dc75a7d12cb72c27de08cdb27e3;Merz' Personalrochade läuft aus dem Ruder;https://www.zeit.de/news/2026-07/24/merz-baut-regierung-und-cdu-fuehrung-um;Hier finden Sie Informationen zu dem Thema „Nach Spahns Rücktritt“. Lesen Sie jetzt „Merz' Personalrochade läuft aus dem Ruder“.;Nach Spahns Rücktritt;News, Nach Spahns Rücktritt, Friedrich Merz, Thorsten Frei, Jens Spahn, Nina Warken, Carsten Linnemann, Philipp Amthor, ZDF, CDU, CDU/CSU-Bundestagsfraktion, Bundesregierung;2026-07-24T21:00:01+02:00;2026-07-24T21:00:01+02:00;;dpa;false
e20b559284ec8ec15cbf93322caaf9a3cc1b0171876a37000523a58bac25f2d2;Trump droht EU mit neuen Zöllen wegen Google-Millionenstrafe;https://www.zeit.de/wirtschaft/2026-07/donald-trump-eu-google-strafe-zoelle;Aufgrund der Strafe gegen Google will Trump die Zölle auf EU-Ware erhöhen und eine Untersuchung einleiten. Er bezeichnete die Entscheidung der EU als »Abzocke«.;Zölle;Wirtschaft, Zölle, Europäische Union, EU-Kommission, Google, Donald Trump, US-Zölle;2026-07-24T20:56:58+02:00;2026-07-24T20:56:58+02:00;man;DIE ZEIT,        AFP,        Reuters,        dpa,        							man;false
d3c8de6e8a5d734a6407ff35d9a38c59023ac60aaf25cca915dfaf7660511087;Trump will Selenskyj am Dienstag empfangen;https://www.zeit.de/news/2026-07/24/us-beamter-trump-will-selenskyj-am-dienstag-empfangen;Hier finden Sie Informationen zu dem Thema „Ukraine-Krieg“. Lesen Sie jetzt „Trump will Selenskyj am Dienstag empfangen“.;Ukraine-Krieg;News, Ukraine-Krieg, Donald Trump, Wolodymyr Selenskyj, USA, Deutsche Presse-Agentur, Regierungskreis, Krieg in der Ukraine;2026-07-24T20:56:43+02:00;2026-07-24T20:56:43+02:00;;dpa;false
e22b7a233a4126a4eec2a00edb0cd803055a41ff397eae8a37792b64c69e7c78;Ikkimel heizt CSD-Publikum am Brandenburger Tor ein;https://www.zeit.de/news/2026-07/24/ikkimel-heizt-csd-publikum-am-brandenburger-tor-ein;Hier finden Sie Informationen zu dem Thema „Christopher Street Day“. Lesen Sie jetzt „Ikkimel heizt CSD-Publikum am Brandenburger Tor ein“.;Christopher Street Day;News, Christopher Street Day, Mann, Berlin, Brandenburger Tor, Polizei, Christopher Street Day;2026-07-24T20:50:44+02:00;2026-07-24T20:50:44+02:00;;dpa;false
6f6f6704d9dc8ab61e20a4baeeca6c36931f1e1b0050b9319fdd844dfe8b436d;Rückruf tiefgefrorener Beerenmischung von Lidl ausgeweitet;https://www.zeit.de/news/2026-07/24/rueckruf-tiefgefrorener-beerenmischung-von-lidl-ausgeweitet;Hier finden Sie Informationen zu dem Thema „Rückrufe“. Lesen Sie jetzt „Rückruf tiefgefrorener Beerenmischung von Lidl ausgeweitet“.;Rückrufe;News, Rückrufe, Lidl, Beerenmischung, Rückruf, Mindesthaltbarkeitsdatum, Tiefkühlkost;2026-07-24T20:38:04+02:00;2026-07-24T20:38:04+02:00;;dpa;false
9a7661085c5bf46df6b01000cf2670d998c784f554ff64b8468015511d3ddaed;Äußerst ungüntztig;https://www.zeit.de/politik/deutschland/2026-07/fritz-guentzler-verkehrsminister-bundeskabinett-friedrich-merz;Der Kanzler wollte mit Fritz Güntzler einen neuen Verkehrsminister benennen, doch der winkte ab. Das ist mal wieder peinlich für Merz. Aber alles andere als lustig. ;"Z+ (abopflichtiger Inhalt);
        
    Fritz Güntzler";Politik, Fritz Güntzler, Fritz Güntzler, Patrick Schnieder, Friedrich Merz, Jens Spahn, Angela Merkel, CDU, Verkehrsministerium, Drama;2026-07-24T20:17:35+02:00;2026-07-24T20:17:35+02:00;Johannes Schneider;;false
a5f4cd6d82912d14081604930e23afca7bd3ca6be8878a63e8a150128ddbb406;Ohne Tier;https://www.zeit.de/2026/31/proteinquellen-fleischalternativen-milchalternativen-naehrwert-umwelt;Eine proteinreiche Ernährung gilt als gesund. Aber wie weit kommt man mit pflanzlichem statt tierischem Eiweiß? Und wie nachhaltig ist das? Erklärt in Grafiken;"Z+ (abopflichtiger Inhalt);
        
    Pflanzliche und tierische Proteinquellen";Wissenschaft, Pflanzliche und tierische Proteinquellen, Ernährung, Veganismus, Vegetarische Ernährung, Protein, Tiere, Umweltschutz;2026-07-24T20:10:28+02:00;2026-07-24T20:10:28+02:00;Elena ErdmannPia Bublies;Aus der        ZEIT Nr. 31/2026;false
65a8255bbdf260608b554046b4a1611be659c4d8606d22d5906d966d43a72b2f;Kleine Verbrechen;https://www.zeit.de/zeit-verbrechen/2026/39/amtsgericht-verbrechen-koerperverletzung-autorennen-berlin-polizei;Aggression am Lastenrad und verhunzte Katzenaugen: Die wahren Dramen spielen nicht im Rampenlicht. In loser Folge berichten Autoren aus dem Amtsgericht (Teil XVI).;"Z+ (abopflichtiger Inhalt);
        
    Amtsgericht";Gesellschaft, Amtsgericht, Polizei, Prenzlauer Berg, Berlin, Körperverletzung, Gerichtsverfahren;2026-07-24T20:06:11+02:00;2026-07-24T20:06:11+02:00;Ursula März;Aus        ZEIT Verbrechen Nr. 39/2026;false
1e29cd9759be3dfc06f6c0385071d453c17fca567fc834f3c2f8e6da7d813cd6;Füchse Berlin feiern ersten Testspielsieg in Werder;https://www.zeit.de/news/2026-07/24/fuechse-berlin-feiern-ersten-testspielsieg-in-werder;Hier finden Sie Informationen zu dem Thema „Handball“. Lesen Sie jetzt „Füchse Berlin feiern ersten Testspielsieg in Werder“.;Handball;News, Handball, Mathias Gidsel, Brandenburg, Füchse Berlin, HV Grün-Weiß Werder, Testspielsieg, Handball, Testspiel, Regionalligist, Erfolg;2026-07-24T20:02:57+02:00;2026-07-24T20:02:57+02:00;;dpa Berlin/Brandenburg;false
39e3c7a686720b73186e28c48a1107deb81e3fb83b988dfcecadde1865b56559;EU-Strafe gegen Google: Trump droht mit «erheblichem Zoll»;https://www.zeit.de/news/2026-07/24/eu-strafe-gegen-google-trump-droht-mit-erheblichem-zoll;Hier finden Sie Informationen zu dem Thema „Zölle“. Lesen Sie jetzt „EU-Strafe gegen Google: Trump droht mit «erheblichem Zoll»“.;Zölle;News, Zölle, Europäische Union, Google Inc., EU, Zoll;2026-07-24T19:56:04+02:00;2026-07-24T19:56:04+02:00;;dpa;false
2233a4a8dc275576903676d87fbb18e0499a9d7bbc22c6236677461b0799fb9b;»Diesem Neuanfang wohnt kein Zauber inne«;https://www.zeit.de/politik/deutschland/2026-07/kabinett-friedrich-merz-umbau-nina-warken-carsten-linnemann-thorsten-frei;"Die Presse reagiert skeptisch auf den Umbau des Kabinetts: »Überhastet« sei er wegen der Panne mit Patrick Schnieder; »riskant«, weil Nina Warken im Reformprozess stecke.";Pressestimmen;Politik, Pressestimmen, CDU, Friedrich Merz, Nina Warken, Carsten Linnemann, Thorsten Frei, Kabinettsumbau;2026-07-24T19:53:06+02:00;2026-07-24T19:53:06+02:00;kzi;DIE ZEIT,        dpa,        							kzi;false
6c7c3c5616f2ee6f6fe50323340e1887d3c6a74c9bff60c2ba70c209e1f2907d;»Das ist ein Strohhalm, an dem sich die US-Regierung festhält«;https://www.zeit.de/wirtschaft/2026-07/us-zollstreit-eu-handelsausschuss-zollpolitik-bernd-lange;Europäische Produkte aus Zwangsarbeit? EU-Verhandler Bernd Lange hält die Begründung der neuen US-Zölle für Unsinn. Aber das Ergebnis für eine Verbesserung der Situation.;"Z+ (abopflichtiger Inhalt);
        
    US-Zollstreit";Wirtschaft, US-Zollstreit, US-Zölle, Zoll, Europäische Union, USA, Donald Trump, EU-Kommission;2026-07-24T19:52:04+02:00;2026-07-24T19:52:04+02:00;Ricarda Richter;;false
72dfd7c57a7d3d19716e4156f3b7efe3d55c91b0ed7b795c07173437279c141c;Sturz aus Bahn: Verdächtiger bleibt vorerst auf freiem Fuß;https://www.zeit.de/news/2026-07/24/sturz-aus-bahn-verdaechtiger-bleibt-vorerst-auf-freiem-fuss;Hier finden Sie Informationen zu dem Thema „Bahn“. Lesen Sie jetzt „Sturz aus Bahn: Verdächtiger bleibt vorerst auf freiem Fuß“.;Bahn;News, Bahn, Karlsruhe, Amtsgericht, Staatsanwaltschaft, Familie, Körperverletzung;2026-07-24T19:44:47+02:00;2026-07-24T19:44:47+02:00;;dpa;false
bbddca62bfc0659596ee976ae8a41c37b2eadd49b15a81b16c0ecd11d8d9497b;Motorradfahrer bei Zusammenstoß mit Auto schwer verletzt;https://www.zeit.de/news/2026-07/24/motorradfahrer-bei-zusammenstoss-mit-auto-schwer-verletzt;Hier finden Sie Informationen zu dem Thema „Verkehrsunfall“. Lesen Sie jetzt „Motorradfahrer bei Zusammenstoß mit Auto schwer verletzt“.;Verkehrsunfall;News, Verkehrsunfall, Bissendorf, Mindener Straße, Landkreis Osnabrück, Zusammenstoß, Verkehrsunfall, Auto;2026-07-24T19:43:22+02:00;2026-07-24T19:43:22+02:00;;dpa Niedersachsen;false
159bf79d9b9bd6d6888eb5ef435acbe469accf3c1f0abdeb4965ace99bb49e04;13-Jährige von Auto angefahren und schwer verletzt;https://www.zeit.de/news/2026-07/24/13-jaehrige-von-auto-angefahren-und-schwer-verletzt;Hier finden Sie Informationen zu dem Thema „An Bushaltestelle“. Lesen Sie jetzt „13-Jährige von Auto angefahren und schwer verletzt“.;An Bushaltestelle;News, An Bushaltestelle, Bushaltestelle, Auto;2026-07-24T19:41:16+02:00;2026-07-24T19:41:16+02:00;;dpa Baden-Württemberg;false
bc3fdda6567182e1f3b22b2b06633aa49b8e506604146149ea64759184ca3fd7;Berichte: Pirlo wird Nationaltrainer in Italien;https://www.zeit.de/news/2026-07/24/medien-pirlo-wird-neuer-nationaltrainer-in-italien;Hier finden Sie Informationen zu dem Thema „Fußball“. Lesen Sie jetzt „Berichte: Pirlo wird Nationaltrainer in Italien“.;Fußball;News, Fußball, Andrea Pirlo, Gennaro Gattuso, Italien, Fußball, Fußball-Weltmeister;2026-07-24T19:34:35+02:00;2026-07-24T19:34:35+02:00;;dpa Sport;false
0b387bf2f17e035d6407d9dc7a9e1d55db1620843d5bd5189d2989e39fc03794;Feuer in Bochumer Wohnung - eine Person stirbt;https://www.zeit.de/news/2026-07/24/feuer-in-bochumer-wohnung-eine-person-stirbt;Hier finden Sie Informationen zu dem Thema „Brand mit Todesopfer“. Lesen Sie jetzt „Feuer in Bochumer Wohnung - eine Person stirbt“.;Brand mit Todesopfer;News, Brand mit Todesopfer, Bochum, Feuerwehr, Mehrparteienhaus, Wohnungsbrand;2026-07-24T19:31:02+02:00;2026-07-24T19:31:02+02:00;;dpa Nordrhein-Westfalen;false
981c3c867c9639ab2656e29e16419659858bd756f78c5e3e3adc8e2e70b9d6ab;Frei nennt Probleme bei Kabinettsumbildung «Pech»;https://www.zeit.de/news/2026-07/24/frei-nennt-probleme-bei-kabinettsumbildung-pech;Hier finden Sie Informationen zu dem Thema „Künftiger Unionsfraktionschef“. Lesen Sie jetzt „Frei nennt Probleme bei Kabinettsumbildung «Pech»“.;Künftiger Unionsfraktionschef;News, Künftiger Unionsfraktionschef, Thorsten Frei, Friedrich Merz, Stuttgart, CDU, IHK, Unionsfraktion, Kabinettsumbildung;2026-07-24T19:26:17+02:00;2026-07-24T19:26:17+02:00;;dpa Baden-Württemberg;false
83c61614e3391f897f9a7f6f4ca438435fffeb978e15f596fc18e1b6bc345629;Entscheidung erst zum Schluss: Freiburg schlägt Derby County;https://www.zeit.de/news/2026-07/24/entscheidung-erst-zum-schluss-freiburg-schlaegt-derby-county;Hier finden Sie Informationen zu dem Thema „Fußball“. Lesen Sie jetzt „Entscheidung erst zum Schluss: Freiburg schlägt Derby County“.;Fußball;News, Fußball, Carlton Morris, Leon Sawa, Julian Schuster, Freiburg, Österreich, Imst, SC Freiburg, Testspiel, Trainingslager, Fußball;2026-07-24T19:25:58+02:00;2026-07-24T19:25:58+02:00;;dpa Baden-Württemberg;false
a7a5d155996589aedd8a0f83176613b0ad8d8ba80f72d12dcfa59af078658b2f;Korpatsch zieht in Hamburg ins Halbfinale ein;https://www.zeit.de/news/2026-07/24/korpatsch-zieht-in-hamburg-ins-halbfinale-ein;Hier finden Sie Informationen zu dem Thema „Tennis“. Lesen Sie jetzt „Korpatsch zieht in Hamburg ins Halbfinale ein“.;Tennis;News, Tennis, Anhelina Kalinina, Paula Badosa, Tamara Korpatsch, Hamburg, Ägypten, Halbfinale, Erfolg;2026-07-24T19:24:04+02:00;2026-07-24T19:24:04+02:00;;dpa Hamburg/Schleswig-Holstein;false
6c25c9163efea7cd2d57ebd7466429dc9aca746f3993d69bb69a3ec61c2ccd14;Alphaville sagt zwei Auftritte ab - Rippe gebrochen;https://www.zeit.de/news/2026-07/24/alphaville-sagt-zwei-auftritte-ab-rippe-gebrochen;Hier finden Sie Informationen zu dem Thema „Absage“. Lesen Sie jetzt „Alphaville sagt zwei Auftritte ab - Rippe gebrochen“.;Absage;News, Absage, Gelsenkirchen;2026-07-24T19:21:58+02:00;2026-07-24T19:21:58+02:00;;dpa Nordrhein-Westfalen;false
a529bc290a66d604e5ebaa163a65c4a95f627981300d3c49bc03424ddde42508;Kampagne «Taktisch Wählen 2026» will AfD-Mehrheit verhindern;https://www.zeit.de/news/2026-07/24/kampagne-taktisch-waehlen-2026-will-afd-mehrheit-verhindern;Hier finden Sie Informationen zu dem Thema „Landtagswahlen“. Lesen Sie jetzt „Kampagne «Taktisch Wählen 2026» will AfD-Mehrheit verhindern“.;Landtagswahlen;News, Landtagswahlen, Luise Band, Alternative für Deutschland, SPD, Landtagswahl, Kampagne, Wahlempfehlung;2026-07-24T19:15:51+02:00;2026-07-24T19:15:51+02:00;;dpa Sachsen;false
fac47ffdf2b2d10a5230f22f9e61eb1ed228872a7b3f3633ca4f34ce67f0319f;Warum er, warum jetzt?;https://www.zeit.de/mobilitaet/2026-07/patrick-schnieder-verkehrsminister-friedrich-merz-kabinett-umbau-cdu;Friedrich Merz entlässt seinen Verkehrsminister, ohne einen Nachfolger zu haben. Die Motive für die Personalie bleiben auch Stunden nach ihrem Bekanntwerden: rätselhaft.;"Z+ (abopflichtiger Inhalt);
        
    Patrick Schnieder";Mobilitaet, Patrick Schnieder, Patrick Schnieder, Friedrich Merz, Verkehrsministerium, CDU, Bundesregierung, Verkehr;2026-07-24T19:06:44+02:00;2026-07-24T19:06:44+02:00;Sören GötzMax Hägler;;false
ab16c0a71a1df27cc4419196c566b631365132cc99df6844d89fbe8b281af3c6;Weniger Aktenstudium - Frei freut sich auf das neue Amt;https://www.zeit.de/news/2026-07/24/weniger-aktenstudium-frei-freut-sich-auf-das-neue-amt;Hier finden Sie Informationen zu dem Thema „Künftiger Unionsfraktionschef“. Lesen Sie jetzt „Weniger Aktenstudium - Frei freut sich auf das neue Amt“.;Künftiger Unionsfraktionschef;News, Künftiger Unionsfraktionschef, Thorsten Frei, Friedrich Merz, Stuttgart, CDU, IHK, Unionsfraktion, Aktenstudium, Sondersitzung;2026-07-24T19:00:13+02:00;2026-07-24T19:00:13+02:00;;dpa Baden-Württemberg;false
2ee445b6b2b7bfc62a58316d27bfb41f84acb35437c61431147b38977e26b826;Tödliche Frontalkollision nach Verfolgung - Prozessbeginn;https://www.zeit.de/news/2026-07/24/toedliche-frontalkollision-nach-verfolgung-prozessbeginn;Hier finden Sie Informationen zu dem Thema „18-Jähriger vor Gericht“. Lesen Sie jetzt „Tödliche Frontalkollision nach Verfolgung - Prozessbeginn“.;18-Jähriger vor Gericht;News, 18-Jähriger vor Gericht, Landgericht Hamburg, Staatsanwaltschaft, Frontalkollision, Prozessbeginn, Verfolgung, Drogeneinfluss, Auto;2026-07-24T18:59:35+02:00;2026-07-24T18:59:35+02:00;;dpa Hamburg/Schleswig-Holstein;false
4b77b6bd5c2565978d18f1d61b79e844084447468ee4b1c96dc4948c859562c9;Bilder des Tages;https://www.zeit.de/news/2026-07/24/bilder-des-tages;Hier finden Sie Informationen zu dem Thema „Fotografie“. Lesen Sie jetzt „Bilder des Tages“.;Fotografie;News, Fotografie, News;2026-07-24T18:58:43+02:00;2026-07-24T18:58:43+02:00;;dpa;false
0d6d660e6cadbf3420e8335499adf4047259abdca1751c059a491e01dc66ea13;LeBron James wechselt zu den Philadelphia 76ers;https://www.zeit.de/sport/2026-07/lebron-james-philadelphia-76ers-los-angeles-lakers-wechsel;Basketballstar LeBron James wird seine 24. NBA-Saison bei den Philadelphia 76ers spielen. Es gehe ihm dabei weder um Geld noch um die Familie, sagt der 41-Jährige. ;Basketball;Sport, Basketball, NBA, Basketball, Los Angeles Lakers, Lebron James, Philadelphia 76ers;2026-07-24T18:56:49+02:00;2026-07-24T18:56:49+02:00;man;DIE ZEIT,        Reuters,        dpa,        SID,        							man;false
ae90ea568dd2d5b47d287e271ad048b609baa77e314838836e6f646c33653a7a;Bundesgerichtshof kippt Nürnberger Masken-Urteil;https://www.zeit.de/news/2026-07/24/bundesgerichtshof-kippt-nuernberger-masken-urteil;Hier finden Sie Informationen zu dem Thema „Maskenverkäufe“. Lesen Sie jetzt „Bundesgerichtshof kippt Nürnberger Masken-Urteil“.;Maskenverkäufe;News, Maskenverkäufe, Hubert Aiwanger, Mann, Karlsruhe, Oberpfalz, Bayern, Bundesgerichtshof, Freie Wähler, Staatsanwaltschaft, Maskenverkauf, Betrug;2026-07-24T18:50:35+02:00;2026-07-24T18:50:35+02:00;;dpa Bayern;false
4b2bca659c9c81b30ea396dbf41a8565ad9228cdfadce6df9fa7a1a73e2aaf95;Saarland: Ausreisepflichtige Afghanen müssen Land verlassen;https://www.zeit.de/news/2026-07/24/saarland-ausreisepflichtige-afghanen-muessen-land-verlassen;Hier finden Sie Informationen zu dem Thema „Migration“. Lesen Sie jetzt „Saarland: Ausreisepflichtige Afghanen müssen Land verlassen“.;Migration;News, Migration, Saarland, Afghanistan, Innenministerium, Migration, Abschiebung;2026-07-24T18:45:54+02:00;2026-07-24T18:45:54+02:00;;dpa Rheinland-Pfalz/Saarland;false
e966144918b9d80043053a8f5940011e95ec8a779d860f282fc7bceb62d78318;Trump nominiert Kommandeur für US-Heer in Europa und Afrika;https://www.zeit.de/news/2026-07/24/trump-nominiert-kommandeur-fuer-us-heer-in-europa-und-afrika;Hier finden Sie Informationen zu dem Thema „US-Militär“. Lesen Sie jetzt „Trump nominiert Kommandeur für US-Heer in Europa und Afrika“.;US-Militär;News, US-Militär, Kevin D. Admiral, Donald Trump, Europa, Afrika, Wiesbaden, US-Militär, Hauptsitz;2026-07-24T18:28:46+02:00;2026-07-24T18:28:46+02:00;;dpa Hessen;false
deaa2a2c670755d6b47bc33102ef5e44af968a385a394a45384de8a8096a21c2;Der erste Kuss war Pfirsich;https://www.zeit.de/2026/32/aldi-river-eistee-retro-ausverkauf-nostalgie;Aldi hat den Eistee der Neunzigerjahre wieder im Sortiment – als limitierte Edition. Warum funktioniert diese flüssige Nostalgie so gut?;"Z+ (abopflichtiger Inhalt);
        
    Aldi-Eistee";Feuilleton, Aldi-Eistee, ALDI, Discounter, Getränk, Soziale Medien, Jugendliche;2026-07-24T18:18:50+02:00;2026-07-24T18:18:50+02:00;Léo Solleder;Aus der        ZEIT Nr. 32/2026;false
a004da118789335e4b91c699d3bc505baf685892180819fe4d434099387d9f4e;NBA-Superstar LeBron James wechselt nach Philadelphia;https://www.zeit.de/news/2026-07/24/nba-superstar-lebron-james-wechselt-nach-philadelphia;Hier finden Sie Informationen zu dem Thema „Basketball“. Lesen Sie jetzt „NBA-Superstar LeBron James wechselt nach Philadelphia“.;Basketball;News, Basketball, Lebron James, Philadelphia, Los Angeles Lakers, NBA, Philadelphia 76ers, Basketball, Meisterteam, Basketball-Superstar, Zweijahresvertrag;2026-07-24T18:15:53+02:00;2026-07-24T18:15:53+02:00;;dpa Sport;false
b8ffb0bff939d7d66a50904c30f4b228a665cfd26b60a10f6b67d8747e159983;Hamilton darf auf nächsten Ungarn-Coup hoffen;https://www.zeit.de/news/2026-07/24/leclerc-mit-erster-bestzeit-antonelli-setzt-aus;Hier finden Sie Informationen zu dem Thema „Formel 1 in Budapest“. Lesen Sie jetzt „Hamilton darf auf nächsten Ungarn-Coup hoffen“.;Formel 1 in Budapest;News, Formel 1 in Budapest, Lance Stroll, Charles Leclerc, Max Verstappen, Kimi Antonelli, Ungarn, Aston Martin, Formel 1, Großer Preis von Ungarn, Bestzeit, Unglück;2026-07-24T18:07:44+02:00;2026-07-24T18:07:44+02:00;;dpa Sport;false
fc04c10ed51b5aaa66541f2a667c8ae5a079d8a45f14d9a3bcdfb4d1cf967707;FC St. Pauli verliert Test gegen AFC Bournemouth;https://www.zeit.de/news/2026-07/24/fc-st-pauli-verliert-test-gegen-afc-bournemouth;Hier finden Sie Informationen zu dem Thema „2. Fußball-Bundesliga“. Lesen Sie jetzt „FC St. Pauli verliert Test gegen AFC Bournemouth“.;2. Fußball-Bundesliga;News, 2. Fußball-Bundesliga, AFC Bournemouth, Premier Lease & Loan Services Insurance Agency, FC St. Pauli, Fußball-Bundesliga, Bundesliga;2026-07-24T18:06:45+02:00;2026-07-24T18:06:45+02:00;;dpa Hamburg/Schleswig-Holstein;false
d07203e1a0741515daaa5aae90509bc1048368e7d205015477c4d4ff70e9a808;Pogacar-Triumph mit Rekord im Radsport-Mekka - «So cool»;https://www.zeit.de/news/2026-07/24/pogacar-triumphiert-in-alpe-d-huez-tour-sieg-greifbar;Hier finden Sie Informationen zu dem Thema „Tour de France“. Lesen Sie jetzt „Pogacar-Triumph mit Rekord im Radsport-Mekka - «So cool»“.;Tour de France;News, Tour de France, Tadej Pogacar, Tour de France, Bergankunft, Gesamtführung, Skistation, Tour-Sieg;2026-07-24T18:06:38+02:00;2026-07-24T18:06:38+02:00;;dpa Sport;false
6a188579629c23de723b21f7390a0e9d141d54d24776b1f31b62eeaa11de6cee;Das Kakerlakenproblem der indischen Regierung;https://www.zeit.de/politik/ausland/2026-07/kakerlaken-bewegung-indien-proteste-gen-z-cockroach-janata-party;In Indien demonstrieren Zehntausende gegen die Regierung und die Arbeitslosigkeit. Der Auslöser: der Witz eines Uni-Absolventen.;"Z+ (abopflichtiger Inhalt);
        
    Kakerlaken-Bewegung in Indien";Politik, Kakerlaken-Bewegung in Indien, Protest, Indien, Demonstration, Arbeitslosigkeit, Aktivismus, Generation Z;2026-07-24T18:02:22+02:00;2026-07-24T18:02:22+02:00;Fiona Weber-SteinhausBilal  Kuchay;;false
a0aabf4e362e35ef4befe2dc03af70d9903ea8b49e93618e79c5b48ce3005541;Tadej Pogačar gewinnt in Alpe d'Huez;https://www.zeit.de/sport/2026-07/tour-de-france-tadej-pogacar-alpe-d-huez-19-etappe;Bei der Tour de France gewinnt der Titelverteidiger die legendäre Bergankunft in Alpe d'Huez. Damit baut Tadej Pogačar seine Führung vor der letzten Bergetappe aus.;Tour de France;Sport, Tour de France, Tour de France, Radsport, Fahrrad, Frankreich, Profisport, Sportler;2026-07-24T18:01:47+02:00;2026-07-24T18:01:47+02:00;kzi;DIE ZEIT,        SID,        dpa,        							kzi;false
fd2c552290113736fab51f290fd376d8e5becf32362296bc2faae7b2dc9a5fd4;Gericht: Mietwagen-Mindestpreise in Köln wohl rechtswidrig;https://www.zeit.de/news/2026-07/24/gericht-mietwagen-mindestpreise-in-koeln-wohl-rechtswidrig;Hier finden Sie Informationen zu dem Thema „Neue Vorgaben“. Lesen Sie jetzt „Gericht: Mietwagen-Mindestpreise in Köln wohl rechtswidrig“.;Neue Vorgaben;News, Neue Vorgaben, Köln, Nordrhein-Westfalen, Münster, Verwaltungsgericht, OVG, Mietwagenfahrt, Mindestpreis, Eilbeschluss, Plattform, Mietwagen;2026-07-24T18:01:05+02:00;2026-07-24T18:01:05+02:00;;dpa Nordrhein-Westfalen;false
f2d2c53996f63c798eb32b8c74cc12d437c079742b18a84dcbd760077214f25f;Deutschland braucht ein Wissenschaftswunder;https://www.zeit.de/2026/32/deutsche-universitaeten-rankings-international-hochschulsystem-lehre;Universitäten müssen Neugier statt Spezialistentum belohnen. Das würde dem ganzen Land nutzen.;"Z+ (abopflichtiger Inhalt);
        
    Deutsche Universitäten";Bildung, Deutsche Universitäten, Hochschule, Studiengang, Bildung, USA, China;2026-07-24T17:38:49+02:00;2026-07-24T17:38:49+02:00;Fritz BreithauptWiebke Denecke;Aus der        ZEIT Nr. 32/2026;false
399c797e8174408a1bf736c38a194dc27fedd2e6acdfb429f5ce89003dbed349;Verletzter und hoher Schaden bei Brand von Dachstuhl;https://www.zeit.de/news/2026-07/24/verletzter-und-hoher-schaden-bei-brand-von-dachstuhl;Hier finden Sie Informationen zu dem Thema „Feuerwehr im Einsatz“. Lesen Sie jetzt „Verletzter und hoher Schaden bei Brand von Dachstuhl“.;Feuerwehr im Einsatz;News, Feuerwehr im Einsatz, Frankenberg, Waldeck-Frankenberg, Feuerwehr, Dachstuhl, Dachstuhlbrand;2026-07-24T17:35:57+02:00;2026-07-24T17:35:57+02:00;;dpa Hessen;false
8b075727dbf89447cd6c546bf7d38f3946b4f3bc3b995d4af250a79576ee396c;Bundeswehr baut Sigmaringen zum Zentrum für Heimatschutz aus;https://www.zeit.de/news/2026-07/24/bundeswehr-baut-sigmaringen-zum-zentrum-fuer-heimatschutz-aus;Hier finden Sie Informationen zu dem Thema „Aufbau Bundeswehrstandort“. Lesen Sie jetzt „Bundeswehr baut Sigmaringen zum Zentrum für Heimatschutz aus“.;Aufbau Bundeswehrstandort;News, Aufbau Bundeswehrstandort, Mann, Sigmaringen, Pfullendorf, Stetten am kalten Markt, Graf-Stauffenberg-Kaserne, Baden-Württemberg, Bundeswehr, Deutsche Presse-Agentur, Heimatschutz, Bundeswehrstandort;2026-07-24T17:33:20+02:00;2026-07-24T17:33:20+02:00;;dpa Baden-Württemberg;false
c77534ad475d1da14b3d3f3f67d70e014ec1ce65bfcd602ea4bc0ca625ab1580;Ethikkommission des IOC weist Beschwerde gegen Gianni Infantino zurück;https://www.zeit.de/sport/2026-07/ioc-ethikkommission-gianni-infantino-fairsquare-fifa-beschwerde;Die Organisation FairSquare hatte Gianni Infantino vorgeworfen, gegen die Regeln der politischen Neutralität verstoßen zu haben. Das IOC wies die Beschwerde zurück.;Beschwerde gegen Gianni Infantino;Sport, Beschwerde gegen Gianni Infantino, Gianni Infantino, IOC, Ethikkommission, Fifa, Fußball, Donald Trump;2026-07-24T17:20:55+02:00;2026-07-24T17:20:55+02:00;jaca;DIE ZEIT,        SID,        							jaca;false
40041f1ff5ad251a3a7be82831da4aafa04fdf54829cc64691da7b493af4764d;Tote im Westjordanland – Netanjahu will Siedlungen »legalisieren«;https://www.zeit.de/politik/ausland/2026-07/westjordanland-israelische-siedler-palaestinenser-militaer-nablus;Benjamin Netanjahu will die völkerrechtswidrige israelische Siedlungspolitik beschleunigen. Anlass ist ein Gewaltausbruch, bei dem sechs Menschen getötet wurden.;Westjordanland;Politik, Westjordanland, Benjamin Netanjahu, Westjordanland, Siedlungspolitik, Militär, Israel, Palästinensergebiet;2026-07-24T17:18:19+02:00;2026-07-24T17:18:19+02:00;tlf;DIE ZEIT,        AFP,        AP,        KNA,        							tlf;false
88aa70add02ddf69248b4843e69064e6a006226bf88fa4fd110a83a2356994ee;Toter in Uniklinik Halle - Polizei vermutet natürlichen Tod;https://www.zeit.de/news/2026-07/24/toter-in-uniklinik-halle-polizei-vermutet-natuerlichen-tod;Hier finden Sie Informationen zu dem Thema „Todesfall“. Lesen Sie jetzt „Toter in Uniklinik Halle - Polizei vermutet natürlichen Tod“.;Todesfall;News, Todesfall, Polizei, Uniklinik, Universitätsklinikum, Todesfall;2026-07-24T17:13:39+02:00;2026-07-24T17:13:39+02:00;;dpa Sachsen;false
b5a05b0c8e36ee47655eb1f1b8934bc35adee5db41bfaa1326ddddf1cfb85644;Doppeltest für Hannover 96: Zwei Siege gegen Preußen Münster;https://www.zeit.de/news/2026-07/24/doppeltest-fuer-hannover-96-zwei-siege-gegen-preussen-muenster;Hier finden Sie Informationen zu dem Thema „2. Fußball-Bundesliga“. Lesen Sie jetzt „Doppeltest für Hannover 96: Zwei Siege gegen Preußen Münster“.;2. Fußball-Bundesliga;News, 2. Fußball-Bundesliga, Preußen, Münster, Hannover 96, Preußen Münster, Fußball-Bundesliga;2026-07-24T17:10:51+02:00;2026-07-24T17:10:51+02:00;;dpa Niedersachsen;false
a47e7889a002c28721bb72e2c06276e36ce23f817b01f81d667c3b4790ee92b6;Neun Jahre Gefängnis nach tödlichem Messerangriff;https://www.zeit.de/news/2026-07/24/neun-jahre-gefaengnis-nach-toedlichem-messerangriff;Hier finden Sie Informationen zu dem Thema „Urteil der Jugendstrafkammer“. Lesen Sie jetzt „Neun Jahre Gefängnis nach tödlichem Messerangriff“.;Urteil der Jugendstrafkammer;News, Urteil der Jugendstrafkammer, Mann, Kaiserslautern, Messerangriff, Jugendstrafkammer, Totschlag, Gefängnis;2026-07-24T17:08:41+02:00;2026-07-24T17:08:41+02:00;;dpa Rheinland-Pfalz/Saarland;false
b323482330d6e340a5fd93b91dbb9e8030317fcc744e7fc490af80b8b216cdda;BSW-Fraktion fordert KI-Plattform für Sachsens Patienten;https://www.zeit.de/news/2026-07/24/bsw-fraktion-fordert-ki-plattform-fuer-sachsens-patienten;Hier finden Sie Informationen zu dem Thema „Gesundheitsversorgung“. Lesen Sie jetzt „BSW-Fraktion fordert KI-Plattform für Sachsens Patienten“.;Gesundheitsversorgung;News, Gesundheitsversorgung, Sachsen, Bündnis Sahra Wagenknecht, Gesundheitsversorgung, Hausarztstelle, Notaufnahme;2026-07-24T16:59:54+02:00;2026-07-24T16:59:54+02:00;;dpa Sachsen;false
14fbf7684d106a5f047a095ba1cd2dc8b3a045fc145d26b4e9f6289cfb64cf22;Gestohlener Traktor 25 Kilometer entfernt wiedergefunden;https://www.zeit.de/news/2026-07/24/diebe-stehlen-traktor-mit-haenger-schaden-von-200-000-euro;Hier finden Sie Informationen zu dem Thema „Kriminalität“. Lesen Sie jetzt „Gestohlener Traktor 25 Kilometer entfernt wiedergefunden“.;Kriminalität;News, Kriminalität, Bartmannshagen, Hoher Schaden, Polizei, Traktor;2026-07-24T16:57:52+02:00;2026-07-24T16:57:52+02:00;;dpa Mecklenburg-Vorpommern;false
b9d4d7cc3b64ca080c7a1209efcb08e47c9e636ba47f64ebb5efe17da76e69f3;Wadephul vergleicht Völkerrecht mit Verkehrsordnung;https://www.zeit.de/news/2026-07/24/wadephul-vergleicht-voelkerrecht-mit-verkehrsordnung;Hier finden Sie Informationen zu dem Thema „Satirisches Interview“. Lesen Sie jetzt „Wadephul vergleicht Völkerrecht mit Verkehrsordnung“.;Satirisches Interview;News, Satirisches Interview, Johann Wadephul, Fabian Köster, CDU, heute-show, Völkerrecht, Verkehrsordnung, Straßenverkehrsordnung, Grenze;2026-07-24T16:57:37+02:00;2026-07-24T16:57:37+02:00;;dpa;false
1b2c85a17bd5550b4557699735fa4d00139211fcc6f69b5b5ab714f529cb0e0b;Vier Verletzte bei Frontalzusammenstoß in Unterfranken;https://www.zeit.de/news/2026-07/24/vier-verletzte-bei-frontalzusammenstoss-in-unterfranken;Hier finden Sie Informationen zu dem Thema „Hubschrauber im Einsatz“. Lesen Sie jetzt „Vier Verletzte bei Frontalzusammenstoß in Unterfranken“.;Hubschrauber im Einsatz;News, Hubschrauber im Einsatz, Unterfranken, Landkreis Würzburg, Polizei, Frontalzusammenstoß, Hubschrauber, Auto;2026-07-24T16:55:28+02:00;2026-07-24T16:55:28+02:00;;dpa Baden-Württemberg;false
8dbd77101f55c3916dbdf7c0e76a5a721b8255142ade12f6a1d498e76d7ff1b6;Fall Inga bei «Aktenzeichen XY ... ungelöst»;https://www.zeit.de/news/2026-07/24/fall-inga-bei-aktenzeichen-xy-ungeloest;Hier finden Sie Informationen zu dem Thema „Plötzlich verschwunden“. Lesen Sie jetzt „Fall Inga bei «Aktenzeichen XY ... ungelöst»“.;Plötzlich verschwunden;News, Plötzlich verschwunden, Inga Gehricke, Aktenzeichen XY, Familie;2026-07-24T16:53:54+02:00;2026-07-24T16:53:54+02:00;;dpa Sachsen;false
c034db7b0197e6d66388938da24952201cec4d200d682e15c5b172d211c8ef3c;Urteil zu Erfurter Drogenlabor: Teilweise Revision eingelegt;https://www.zeit.de/news/2026-07/24/urteil-zu-erfurter-drogenlabor-teilweise-revision-eingelegt;Hier finden Sie Informationen zu dem Thema „Prozesse“. Lesen Sie jetzt „Urteil zu Erfurter Drogenlabor: Teilweise Revision eingelegt“.;Prozesse;News, Prozesse, Mann, Erfurt, Staatsanwaltschaft, Drogenlabor, Drogen;2026-07-24T16:49:03+02:00;2026-07-24T16:49:03+02:00;;dpa Thüringen;false
5ad062a7d6e226c588cb97f860b2e4714acccc0c25b8005c11fbdbc9550d9256;Regierungsumbau – Wirbel um Schnieder überrascht Landes-CDU;https://www.zeit.de/news/2026-07/24/merz-baut-regierung-um-wirbel-um-schnieder;Hier finden Sie Informationen zu dem Thema „Politiker aus Eifel im Fokus“. Lesen Sie jetzt „Regierungsumbau – Wirbel um Schnieder überrascht Landes-CDU“.;Politiker aus Eifel im Fokus;News, Politiker aus Eifel im Fokus, Friedrich Merz, Jens Spahn, Nina Warken, Carsten Linnemann, Philipp Amthor, Fritz Güntzler, Gordon Schnieder, Rheinland-Pfalz, CDU, CSU;2026-07-24T16:48:25+02:00;2026-07-24T16:48:25+02:00;;dpa Rheinland-Pfalz/Saarland;false
15bda759966f6754637712506fa64464193b1a2d04c203618a8595b03dd8093b;Dämpfer für Dobrindt;https://www.zeit.de/politik/ausland/2026-07/bundesverfassungsgericht-afghanistan-aufnahmestopp-schutz-alexander-dobrindt;Das Bundesverfassungsgericht gibt einer Afghanin recht, die Schutz in Deutschland sucht. Das Urteil sendet ein wichtiges Signal: Auch ein Minister muss Wort halten.;"Z+ (abopflichtiger Inhalt);
        
    Bundesverfassungsgericht";Politik, Bundesverfassungsgericht, Alexander Dobrindt, Bundesverfassungsgericht, Afghanistan, Geflüchtete, Migration;2026-07-24T16:44:40+02:00;2026-07-24T16:44:40+02:00;Christian Vooren;;false
24893c0954e5973fa840feeaea12663f03be5d2f3cf75b17ba2cb49cc74a1041;Feuerwehr kämpft mit neuen Risiken bei Batteriespeichern;https://www.zeit.de/news/2026-07/24/feuerwehr-kaempft-mit-neuen-risiken-bei-batteriespeichern;Hier finden Sie Informationen zu dem Thema „Notfälle“. Lesen Sie jetzt „Feuerwehr kämpft mit neuen Risiken bei Batteriespeichern“.;Notfälle;News, Notfälle, Rolf Erbe, Bautzen, Feuerwehr, Deutsche Presse-Agentur, Batteriespeicher, Notfall, Lösche, Großspeicher;2026-07-24T16:44:35+02:00;2026-07-24T16:44:35+02:00;;dpa Sachsen;false
2f97d23d3d13903ab8fcfd8c1e0c5b5e45accf00f8f59b75ef871212aa2c8ea2;Hobby Gangsterjagd: Rentner überführt erneut Betrüger;https://www.zeit.de/news/2026-07/24/hobby-gangsterjagd-rentner-ueberfuehrt-erneut-betrueger;Hier finden Sie Informationen zu dem Thema „Kriminalität“. Lesen Sie jetzt „Hobby Gangsterjagd: Rentner überführt erneut Betrüger“.;Kriminalität;News, Kriminalität, Bruno Schmaus, Pullach, München, Polizei, Gangsterjagd, Betrügerbande, Enkeltrick, Festnahme;2026-07-24T16:40:43+02:00;2026-07-24T16:40:43+02:00;;dpa Bayern;false
0f3658ed884725a882b39c543a5d590cbdad50aafef677b42f5d995caa65f798;Polizist beruhigt 91-Jährigen nach Schockanruf;https://www.zeit.de/news/2026-07/24/polizist-beruhigt-91-jaehrigen-nach-schockanruf;Hier finden Sie Informationen zu dem Thema „Falsche Polizisten“. Lesen Sie jetzt „Polizist beruhigt 91-Jährigen nach Schockanruf“.;Falsche Polizisten;News, Falsche Polizisten, Trier, Schockanruf;2026-07-24T16:37:22+02:00;2026-07-24T16:37:22+02:00;;dpa Rheinland-Pfalz/Saarland;false
9b10b0731d05a9be8773fba424d69a203dcf51db46348e18dd190c157cf3b090;Zwei Menschen nach Busbremsung im Krankenhaus;https://www.zeit.de/news/2026-07/24/zwei-menschen-nach-busbremsung-im-krankenhaus;Hier finden Sie Informationen zu dem Thema „Notfälle“. Lesen Sie jetzt „Zwei Menschen nach Busbremsung im Krankenhaus“.;Notfälle;News, Notfälle, Busbremsung, Notfall;2026-07-24T16:32:46+02:00;2026-07-24T16:32:46+02:00;;dpa Hamburg/Schleswig-Holstein;false
ffcb6872fb99ff1262c1aa80bd533b97bc98a897fd64319908a569ddfaed6356;Angreifer von Regensburg sitzt in U-Haft - Motiv unklar;https://www.zeit.de/news/2026-07/24/ermittlungen-nach-toedlicher-messerattacke-in-bankfiliale;Hier finden Sie Informationen zu dem Thema „Tödlicher Angriff in Bank“. Lesen Sie jetzt „Angreifer von Regensburg sitzt in U-Haft - Motiv unklar“.;Tödlicher Angriff in Bank;News, Tödlicher Angriff in Bank, Polizei, Staatsanwaltschaft, Messerattacke, Bankfiliale, Gewaltkriminalität, Ermittlung;2026-07-24T16:30:48+02:00;2026-07-24T16:30:48+02:00;;dpa;false
12d51e60441414e7f9b406e4da5c0f68901421fa17defc191f1728468653eaa9;Sechsjähriger auf Weg in Kindergarten missbraucht;https://www.zeit.de/news/2026-07/24/sechsjaehriger-auf-weg-in-kindergarten-missbraucht;Hier finden Sie Informationen zu dem Thema „Verdächtiger in U-Haft“. Lesen Sie jetzt „Sechsjähriger auf Weg in Kindergarten missbraucht“.;Verdächtiger in U-Haft;News, Verdächtiger in U-Haft, Kindergarten;2026-07-24T16:28:48+02:00;2026-07-24T16:28:48+02:00;;dpa Baden-Württemberg;false
f758ff329e56e188b959b61ea0ac674ab53312bfaaf511aca1f5ec2b4e5bd42f;Klopp-Entdecker Heidel gratuliert neuem Bundestrainer;https://www.zeit.de/news/2026-07/24/klopp-entdecker-heidel-gratuliert-neuem-bundestrainer;Hier finden Sie Informationen zu dem Thema „Nationalmannschaft“. Lesen Sie jetzt „Klopp-Entdecker Heidel gratuliert neuem Bundestrainer“.;Nationalmannschaft;News, Nationalmannschaft, Jürgen Klopp, Christian Heidel, Peter Krawietz, Mainz, 1. FSV Mainz, 1. FSV Mainz 05, Bundestrainer, Ernennung, Nationalmannschaft;2026-07-24T16:26:52+02:00;2026-07-24T16:26:52+02:00;;dpa Rheinland-Pfalz/Saarland;false
96c9d4179ed00791e03e428e714d62d7cb19a255c5e92532f447f61d906fa34c;Alexander Dobrindt verteidigt Abschiebungen nach Afghanistan;https://www.zeit.de/politik/deutschland/2026-07/abschiebungen-afghanistan-alexander-dobrindt-csu-hessen;Erst waren es nur Straftäter und Gefährder, jetzt sollen alle Ausreisepflichtigen nach Afghanistan abgeschoben werden. Der Bundesinnenminister hält das für konsequent.;Migrationspolitik;Politik, Migrationspolitik, Alexander Dobrindt, Afghanistan, Abschiebung, CSU, Menschenrechte, Taliban;2026-07-24T16:26:23+02:00;2026-07-24T16:26:23+02:00;jsp;DIE ZEIT,        dpa,        							jsp;false
2cc682c1adfc16ecad293a131416282e3f080ef9bcce2c0f43637b7d94d27073;Was sagt denn die Wahl-Forschung?;https://www.zeit.de/feuilleton/literatur/2026-07/caroline-wahl-problematisierte-popularitaet-autorin-literatur-uni-siegen;In Siegen haben Germanisten zwei Tage lang über die Literatur von Caroline Wahl diskutiert. Es ging um Klasse und Pop und einen epochemachenden Instagram-Post.;"Z+ (abopflichtiger Inhalt);
        
    Gegenwartsliteratur";Feuilleton, Gegenwartsliteratur, Gegenwartsliteratur, Belletristik, Literatur, Instagram, Schriftstellerin, Siegen, Deutscher Buchpreis;2026-07-24T16:25:35+02:00;2026-07-24T16:25:35+02:00;Maja Beckers;;false
68b7fb122c0f624c2b04fd6b7782f0dbc56a1acb1177e8cf0ebacf9ff5f78d51;100-Meter-Rekordler Ansah trotz Nada-Verfahrens bei DM dabei;https://www.zeit.de/news/2026-07/24/100-meter-rekordler-ansah-trotz-nada-verfahrens-bei-dm-dabei;Hier finden Sie Informationen zu dem Thema „Leichtathletik“. Lesen Sie jetzt „100-Meter-Rekordler Ansah trotz Nada-Verfahrens bei DM dabei“.;Leichtathletik;News, Leichtathletik, Rainer Tarek Cherkeh, Monaco, Bochum, Nationale Anti-Doping-Agentur, Leichtathletik;2026-07-24T16:22:39+02:00;2026-07-24T16:22:39+02:00;;dpa Hamburg/Schleswig-Holstein;false
54df01417ebacaaaf0b23efe89bc327e5ca227c3bfe6190c784451c7aa85ae37;Polens größte Oppositionspartei zerbricht;https://www.zeit.de/news/2026-07/24/spaltung-bei-polens-rechtskonservativer-pis;Hier finden Sie Informationen zu dem Thema „Zoff bei Polens Rechten“. Lesen Sie jetzt „Polens größte Oppositionspartei zerbricht“.;Zoff bei Polens Rechten;News, Zoff bei Polens Rechten, Mateusz Morawiecki, Jarosław Kaczyński, Warschau, PiS, Parlamentswahl, Richtungsstreit;2026-07-24T16:20:17+02:00;2026-07-24T16:20:17+02:00;;dpa;false
9104849a9ebc65e96f760c6894db80fc066809c292359fa72b9525fe9efecd00;BUND scheitert vor Gericht im Streit um Hambach-Grundstück;https://www.zeit.de/news/2026-07/24/bund-scheitert-vor-gericht-im-streit-um-hambach-grundstueck;Hier finden Sie Informationen zu dem Thema „Urteil“. Lesen Sie jetzt „BUND scheitert vor Gericht im Streit um Hambach-Grundstück“.;Urteil;News, Urteil, Hambach, Leipzig, Münster, Nordrhein-Westfalen, Hambacher Forst, BUND, OVG, BVerwG, Abbaukante, Braunkohlerevier;2026-07-24T16:19:49+02:00;2026-07-24T16:19:49+02:00;;dpa Nordrhein-Westfalen;false
4b06d9c3f496b2667f07ab0b461eeff13ceffa414b75cf6ba43f315c79302086;Keine Hinweise auf Gewalteinwirkung bei Tod von Daniel Siad;https://www.zeit.de/politik/ausland/2026-07/daniel-siad-jeffrey-epstein-obduktion;Nach dem Tod eines französischen Modelagenten mit Verbindungen zu Jeffrey Epstein sehen Ermittler keine Hinweise auf Gewalt. Die genaue Todesursache steht aber noch aus.;Fall Jeffrey Epstein;Politik, Fall Jeffrey Epstein, Jeffrey Epstein, Ermittlung, Obduktion, Menschenhandel, Sexueller Missbrauch, Frankreich;2026-07-24T16:19:30+02:00;2026-07-24T16:19:30+02:00;akm;DIE ZEIT,        Reuters,        							akm;false
6cec6fed7466fc2b1711da53709bc6f3a800b547dffa142f7fe2e69546ce25a0;Göttinger CDU-Politiker verzögert Kabinettsumbau;https://www.zeit.de/news/2026-07/24/goettinger-cdu-politiker-verzoegert-kabinettsumbau;Hier finden Sie Informationen zu dem Thema „Absage am Morgen“. Lesen Sie jetzt „Göttinger CDU-Politiker verzögert Kabinettsumbau“.;Absage am Morgen;News, Absage am Morgen, Fritz Güntzler, Friedrich Merz, Patrick Schnieder, Volker Wissing, CDU, Bundesregierung, Kabinettsumbau, Meinungsänderung;2026-07-24T16:18:19+02:00;2026-07-24T16:18:19+02:00;;dpa Niedersachsen;false
8bcf886eb4b7b9452ead5de07613d6e6afdebc51828d61cd71818724fc4948bf;Motorradfahrer absichtlich angefahren? U-Haft für Autofahrer;https://www.zeit.de/news/2026-07/24/motorradfahrer-absichtlich-angefahren-u-haft-fuer-autofahrer;Hier finden Sie Informationen zu dem Thema „Polizei sucht Zeugen“. Lesen Sie jetzt „Motorradfahrer absichtlich angefahren? U-Haft für Autofahrer“.;Polizei sucht Zeugen;News, Polizei sucht Zeugen, Rösrath, Polizei, Staatsanwaltschaft, Auto, Tötung;2026-07-24T16:18:08+02:00;2026-07-24T16:18:08+02:00;;dpa Nordrhein-Westfalen;false
4b633f915af0c7888f8fb0c3763dbd508337d11bf51374e198ab4f16d7e212e7;Türkei: Özel wird Vorsitzender neuer Oppositionspartei;https://www.zeit.de/news/2026-07/24/tuerkei-abgesetzter-oppositionsfuehrer-oezel-tritt-aus-chp-aus;Hier finden Sie Informationen zu dem Thema „Politik“. Lesen Sie jetzt „Türkei: Özel wird Vorsitzender neuer Oppositionspartei“.;Politik;News, Politik, Özgür Özel, Kemal Kılıçdaroğlu, Türkei, Cumhuriyet Halk Partisi, Anadolu, Innenministerium, Oppositionsführer;2026-07-24T16:15:02+02:00;2026-07-24T16:15:02+02:00;;dpa;false
de9e60977081fd1550a2843e92a354b0462358a52707b8564f6beb0847c87b1d;Desinformationskampagne vor Wahlen in Berlin;https://www.zeit.de/news/2026-07/24/desinformationskampagne-vor-wahlen-in-berlin;Hier finden Sie Informationen zu dem Thema „Gefälschte Videos“. Lesen Sie jetzt „Desinformationskampagne vor Wahlen in Berlin“.;Gefälschte Videos;News, Gefälschte Videos, Stephan Bröchler, Berlin, X, CDU, SPD, Polizei, Verfassungsschutz, Landtagswahl, Abgeordnetenhaus, Desinformation;2026-07-24T16:13:01+02:00;2026-07-24T16:13:01+02:00;;dpa Berlin/Brandenburg;false
9313658d6549df77ae7e624fa47ec45c2b48fddda6a184396355ddd7e10106d4;Geld bei Autokauf gestohlen: Drei Jahre Haft für Polizisten;https://www.zeit.de/news/2026-07/24/geld-bei-autokauf-gestohlen-drei-jahre-haft-fuer-polizisten;Hier finden Sie Informationen zu dem Thema „Kriminalität“. Lesen Sie jetzt „Geld bei Autokauf gestohlen: Drei Jahre Haft für Polizisten“.;Kriminalität;News, Kriminalität, Berlin-Reinickendorf, Polizei, Autokauf, Überfall, Autogeschäft, Geld, Landgericht Berlin, Auto;2026-07-24T16:11:31+02:00;2026-07-24T16:11:31+02:00;;dpa Berlin/Brandenburg;false
e8fa3adf5bbcc03df16978aa594e3bbe50fe7b7cf0a7a902ef255605c7171286;Ein Verkehrsminister auf Abruf;https://www.zeit.de/news/2026-07/24/ein-verkehrsminister-auf-abruf;Hier finden Sie Informationen zu dem Thema „Kabinett“. Lesen Sie jetzt „Ein Verkehrsminister auf Abruf“.;Kabinett;News, Kabinett, Friedrich Merz, Patrick Schnieder, Nina Warken, Carsten Linnemann, Philipp Amthor, Fritz Güntzler, Tarek Al-Wazir, Martin Burkert, Berlin, CDU;2026-07-24T16:11:24+02:00;2026-07-24T16:11:24+02:00;;dpa;false
d722d8c55b102276229027c4dbcfcc3048268efccb1f37c9aa7268cf2d012708;Frau angezündet? Verdächtiger muss nach Attacke in Haft;https://www.zeit.de/news/2026-07/24/angriff-in-stuttgart-mann-durfte-sich-frau-nicht-naehern;Hier finden Sie Informationen zu dem Thema „Angriff in Einkaufszentrum“. Lesen Sie jetzt „Frau angezündet? Verdächtiger muss nach Attacke in Haft“.;Angriff in Einkaufszentrum;News, Angriff in Einkaufszentrum, Stuttgart, Polizei, Angriff, Einkaufszentrum;2026-07-24T16:11:17+02:00;2026-07-24T16:11:17+02:00;;dpa Baden-Württemberg;false
44b88fef33f126732a6461ca8053d0586274bd3dab2604402d04d014a4d8c147;Bund fördert digitale Zugtechnik mit 1,7 Milliarden Euro;https://www.zeit.de/news/2026-07/24/bund-foerdert-digitale-zugtechnik-mit-1-7-milliarden-euro;Hier finden Sie Informationen zu dem Thema „Digitale Schiene“. Lesen Sie jetzt „Bund fördert digitale Zugtechnik mit 1,7 Milliarden Euro“.;Digitale Schiene;News, Digitale Schiene, Stuttgart, Bundesverkehrsministerium, Zugtechnik, Zugleitsystem, Fahrzeug;2026-07-24T16:08:46+02:00;2026-07-24T16:08:46+02:00;;dpa;false
fc8fcc4abadd64c4656f27f53730f6e3072f315d6f4a309f7db9e58fbb3263da;Mehrere Durchsuchungen nach versuchtem Tötungsdelikt;https://www.zeit.de/news/2026-07/24/mehrere-durchsuchungen-nach-versuchtem-toetungsdelikt;Hier finden Sie Informationen zu dem Thema „Attacke mit spitzem Gegenstand“. Lesen Sie jetzt „Mehrere Durchsuchungen nach versuchtem Tötungsdelikt“.;Attacke mit spitzem Gegenstand;News, Attacke mit spitzem Gegenstand, Ludwigsburg, Polizei, Staatsanwaltschaft, Durchsuchung, Tötungsdelikt, Attacke;2026-07-24T16:07:10+02:00;2026-07-24T16:07:10+02:00;;dpa Baden-Württemberg;false
4ea498ec820f29bdbba3f086b60b37e99f56a16539c4647e4becbb1c68a8224e;MV geht Verstößen gegen 12-Uhr-Regel an Tankstellen nach;https://www.zeit.de/news/2026-07/24/mv-geht-verstoessen-gegen-12-uhr-regel-an-tankstellen-nach;Hier finden Sie Informationen zu dem Thema „Kraftstoffpreise“. Lesen Sie jetzt „MV geht Verstößen gegen 12-Uhr-Regel an Tankstellen nach“.;Kraftstoffpreise;News, Kraftstoffpreise, Mecklenburg-Vorpommern, BMWi, Bundeskartellamt, Kraftstoffpreis, Marktransparenzstelle, Tankstelle;2026-07-24T16:05:54+02:00;2026-07-24T16:05:54+02:00;;dpa Mecklenburg-Vorpommern;false
b275adf8cdd3451af5914515e814b27f87eeddf44979b5f3316f861a57e77005;Mitten im Notfalleinsatz: Unbekannter stiehlt Rettungswagen;https://www.zeit.de/news/2026-07/24/mitten-im-notfalleinsatz-unbekannter-stiehlt-rettungswagen;Hier finden Sie Informationen zu dem Thema „Empörender Fall“. Lesen Sie jetzt „Mitten im Notfalleinsatz: Unbekannter stiehlt Rettungswagen“.;Empörender Fall;News, Empörender Fall, Brüggen, Niederrhein, Viersen, Polizei, Notfalleinsatz, Rettungswagen;2026-07-24T16:02:30+02:00;2026-07-24T16:02:30+02:00;;dpa Nordrhein-Westfalen;false
1f797250adbd96d222dcf18e4e208d10727dadc7a0a41cb48d7fc4598432e0b5;Nach Angriff in Hamburg im Jahr 2024: Festnahmen in Berlin;https://www.zeit.de/news/2026-07/24/nach-angriff-in-hamburg-im-jahr-2024-festnahmen-in-berlin;Hier finden Sie Informationen zu dem Thema „Kriminalität“. Lesen Sie jetzt „Nach Angriff in Hamburg im Jahr 2024: Festnahmen in Berlin“.;Kriminalität;News, Kriminalität, Mann, Hamburg, Berlin, Hamburg-Harburg, Polizei, Angriff;2026-07-24T15:59:58+02:00;2026-07-24T15:59:58+02:00;;dpa Hamburg/Schleswig-Holstein;false
86dbf577ae9b96f66b5f40cd16b9a8251240a2ac581af43b6272bbae1503aa9f;Schule stark beschädigt - kein Unterricht im neuen Schuljahr;https://www.zeit.de/news/2026-07/24/schule-stark-beschaedigt-kein-unterricht-im-neuen-schuljahr;Hier finden Sie Informationen zu dem Thema „Nach Starkregen in Nürnberg“. Lesen Sie jetzt „Schule stark beschädigt - kein Unterricht im neuen Schuljahr“.;Nach Starkregen in Nürnberg;News, Nach Starkregen in Nürnberg, Nürnberg, Schuljahr, Unterricht, Starkregen;2026-07-24T15:59:51+02:00;2026-07-24T15:59:51+02:00;;dpa Bayern;false
3fb0560f301e2785a55cc4da1da0a4ea12c8b6f7cd8a615bf59f16e12d87ac03;Was hinter der Seeblockade der Huthis im Roten Meer steckt;https://www.zeit.de/politik/ausland/2026-07/huthi-miliz-rotes-meer-saudi-arabien-irankrieg-faq;Eine blockierte Meerenge, brennende Öltanker und ein wütender Trump: Im Roten Meer bahnt sich ein Déjà-vu für die Weltwirtschaft an. Warum die Huthis die Lage eskalieren;Huthi-Miliz;Politik, Huthi-Miliz, Huthi, Jemen, Iran, Saudi-Arabien;2026-07-24T15:53:15+02:00;2026-07-24T15:53:15+02:00;Leon GinzelMathis Gann;;false
9711c2dbfa3a9c5b845d281e26b4ba4653726022328b41ca888e9313f37a5c68;Tödliche Auseinandersetzung im Westjordanland mit Folgen;https://www.zeit.de/news/2026-07/24/toedliche-auseinandersetzung-im-westjordanland-mit-folgen;Hier finden Sie Informationen zu dem Thema „Nahost“. Lesen Sie jetzt „Tödliche Auseinandersetzung im Westjordanland mit Folgen“.;Nahost;News, Nahost, Benjamin Netanjahu, Israel Katz, Ejal Zamir, David Zini, Itamar Ben-Gvir, Westjordanland, Nahost, Israel, Gazastreifen, Hamas;2026-07-24T15:46:55+02:00;2026-07-24T15:46:55+02:00;;dpa;false
0eee26ead8800c01584eb8054b002315668bde6fba4854cf9a6cc1f55a248922;Jahrelange Schwarzarbeit: Hohe Strafen für Fußballverein;https://www.zeit.de/news/2026-07/24/jahrelange-schwarzarbeit-hohe-strafen-fuer-fussballverein;Hier finden Sie Informationen zu dem Thema „Nach Razzia 2023“. Lesen Sie jetzt „Jahrelange Schwarzarbeit: Hohe Strafen für Fußballverein“.;Nach Razzia 2023;News, Nach Razzia 2023, Würzburg, TSV Aubstadt, Staatsanwaltschaft, Amtsgericht, Schwarzarbeit, Fußballverein, Razzia, Schwarzgeld;2026-07-24T15:45:46+02:00;2026-07-24T15:45:46+02:00;;dpa Bayern;false
09e041bfb54d2b50c346b1baca4b0bf2d2d587fc09b5566c094a5ec25ae919af;Erste Gemeinde stellt Schilder für muslimisches Freitagsgebet auf;https://www.zeit.de/politik/ausland/2026-07/penzberg-hinweisschilder-muslimisches-freitagsgebet-benjamin-idriz;Autofahrer in Penzberg erfahren künftig nicht nur, wann christliche Gottesdienste stattfinden. Die oberbayerische Stadt weist auch auf das muslimische Freitagsgebet hin.;Bayern;Politik, Bayern, Bayern, Islam, Autofahrer, Moschee, Religionsfreiheit, Glaube;2026-07-24T15:44:20+02:00;2026-07-24T15:44:20+02:00;akm;DIE ZEIT,        dpa,        KNA,        							akm;false
a03a801c6554fcba6b19ae62e7936afba2b40431c0cd1b1a4d3c4cad10cb5061;Tunnel Frankenhain wird gesperrt: Das sind die Umleitungen;https://www.zeit.de/news/2026-07/24/tunnel-frankenhain-wird-gesperrt-das-sind-die-umleitungen;Hier finden Sie Informationen zu dem Thema „Verkehrsbehinderung“. Lesen Sie jetzt „Tunnel Frankenhain wird gesperrt: Das sind die Umleitungen“.;Verkehrsbehinderung;News, Verkehrsbehinderung, Schwalmstadt, Kassel, Frankenhain, Tunnel, Umleitung, Verkehrsbehinderung;2026-07-24T15:42:15+02:00;2026-07-24T15:42:15+02:00;;dpa Hessen;false
1686869775b516a040fc84e5d0aa12a30b0db5ea0d12585664bf4c3c09feaaf0;Dobrindt verteidigt Abschiebungen nach Afghanistan;https://www.zeit.de/news/2026-07/24/dobrindt-verteidigt-abschiebungen-nach-afghanistan;Hier finden Sie Informationen zu dem Thema „Migrationspolitik“. Lesen Sie jetzt „Dobrindt verteidigt Abschiebungen nach Afghanistan“.;Migrationspolitik;News, Migrationspolitik, Alexander Dobrindt, Ettal, Afghanistan, CSU, Abschiebung, Migrationspolitik, Abschiebepraxis, Asylverfahren, Kritik;2026-07-24T15:41:12+02:00;2026-07-24T15:41:12+02:00;;dpa Bayern;false
65de21699233196fbd9c8cf48f7f6740af8e7137d8d1eaa04a903cbb6660eaca;Im Angesicht des Amtes;https://www.zeit.de/sport/2026-07/juergen-klopp-dfb-bundestrainer-pressekonferenz;Bei seinem ersten Auftritt als Bundestrainer wirkt Jürgen Klopp anfangs ungewohnt ernst. Ohne Sprüche kann er aber doch nicht. Und nicht ohne Überraschungen.;"Z+ (abopflichtiger Inhalt);
        
    Jürgen Klopp";Sport, Jürgen Klopp, Bundestrainer, Jürgen Klopp, Deutscher Fußball-Bund, Fußball, Trainer;2026-07-24T15:40:54+02:00;2026-07-24T15:40:54+02:00;Christian Spiller;;false
66d3dd2a9c6447706b0b3b5ff78f7eba18016b1d63918ea23509005b409ba2fd;Löhne gesichert – was bedeutet Insolvenzantrag noch?;https://www.zeit.de/news/2026-07/24/loehne-gesichert-was-bedeutet-insolvenzantrag-noch;Hier finden Sie Informationen zu dem Thema „Batteriehersteller Varta“. Lesen Sie jetzt „Löhne gesichert – was bedeutet Insolvenzantrag noch?“.;Batteriehersteller Varta;News, Batteriehersteller Varta, Stuttgart, Löhne, VARTA, Amtsgericht, Insolvenzantrag, Eigenverwaltung, Sanierungsversuch, Insolvenz;2026-07-24T15:40:50+02:00;2026-07-24T15:40:50+02:00;;dpa Baden-Württemberg;false
a8f653931c3120413a16c7ceca3420bb1425c473a207bf9a4e4b30cf65a46980;Waldorfschule Dachsberg ringt weiter um Existenz;https://www.zeit.de/news/2026-07/24/waldorfschule-dachsberg-ringt-weiter-um-existenz;Hier finden Sie Informationen zu dem Thema „Schulaufsicht“. Lesen Sie jetzt „Waldorfschule Dachsberg ringt weiter um Existenz“.;Schulaufsicht;News, Schulaufsicht, Dachsberg, Waldorfschule, Abschlussprüfung, Arbeitsschutz, Hygiene, Kritik;2026-07-24T15:39:51+02:00;2026-07-24T15:39:51+02:00;;dpa Baden-Württemberg;false
889ea83555909040f37f206fe59148e53a829febe26b4c65ecba154a91023fde;73-Jährige stirbt auf Golfplatz;https://www.zeit.de/news/2026-07/24/73-jaehrige-stirbt-auf-golfplatz;Hier finden Sie Informationen zu dem Thema „Notfälle“. Lesen Sie jetzt „73-Jährige stirbt auf Golfplatz“.;Notfälle;News, Notfälle, Golfplatz, Unglück, Notfall;2026-07-24T15:38:55+02:00;2026-07-24T15:38:55+02:00;;dpa Nordrhein-Westfalen;false
d44c66b0c864847d6ecb5210158067b669ee9726cd627732a2634e8b55291c99;Endlich der erste Neue: Hertha holt Offensivspieler;https://www.zeit.de/news/2026-07/24/endlich-der-erste-neue-hertha-holt-offensivspieler;Hier finden Sie Informationen zu dem Thema „2. Fußball-Bundesliga“. Lesen Sie jetzt „Endlich der erste Neue: Hertha holt Offensivspieler“.;2. Fußball-Bundesliga;News, 2. Fußball-Bundesliga, Oluwaseun Adewumi, Hertha BSC, FC Burnley, Fußball-Bundesliga, Neuzugang;2026-07-24T15:38:22+02:00;2026-07-24T15:38:22+02:00;;dpa Berlin/Brandenburg;false
1001664087d6eae40837b54c7e615b1fef17d45ddaead206febf0a0a3e8df1aa;Schleifähre «Missunde III» fährt ab Samstag wieder;https://www.zeit.de/news/2026-07/24/schleifaehre-missunde-iii-faehrt-ab-samstag-wieder;Hier finden Sie Informationen zu dem Thema „Technischer Defekt“. Lesen Sie jetzt „Schleifähre «Missunde III» fährt ab Samstag wieder“.;Technischer Defekt;News, Technischer Defekt, Missunde, Schleifähre;2026-07-24T15:34:26+02:00;2026-07-24T15:34:26+02:00;;dpa Hamburg/Schleswig-Holstein;false
1283dbcaa37e233e7c405f783bdd450fda48cf60a2e91cbb3260627ef3195af2;Restauratorin untersucht Dinos bei Hagenbeck mit Skalpell;https://www.zeit.de/news/2026-07/24/restauratorin-untersucht-dinosaurier-modelle-bei-hagenbeck;Hier finden Sie Informationen zu dem Thema „Hamburger Tierpark“. Lesen Sie jetzt „Restauratorin untersucht Dinos bei Hagenbeck mit Skalpell“.;Hamburger Tierpark;News, Hamburger Tierpark, Christiane Maier, Tierpark Hagenbeck, Urzeitechse, Allosaurus, Feuchtigkeit;2026-07-24T15:33:48+02:00;2026-07-24T15:33:48+02:00;;dpa Hamburg/Schleswig-Holstein;false
ddcf6d3b59f9909fef11839af21232ecbc88e4d7d143bab54bf5c896d8888182;Junge Puma-Drillinge sind doch nicht nur Kater;https://www.zeit.de/news/2026-07/24/junge-puma-drillinge-sind-doch-nicht-nur-kater;Hier finden Sie Informationen zu dem Thema „Jungtiere erkunden Außenanlage“. Lesen Sie jetzt „Junge Puma-Drillinge sind doch nicht nur Kater“.;Jungtiere erkunden Außenanlage;News, Jungtiere erkunden Außenanlage, Nils Ismer, Ströhen, Landkreis Diepholz, Tierpark Ströhen, Außenanlage, Tiere;2026-07-24T15:31:11+02:00;2026-07-24T15:31:11+02:00;;dpa Niedersachsen;false
746714fb95babbe07ee831b5f20607f9d39a4d704e465a3f94ed7b58ae48046d;Deutsche Bahn baut Sternbrücke zurück;https://www.zeit.de/news/2026-07/24/deutsche-bahn-baut-sternbruecke-zurueck;Hier finden Sie Informationen zu dem Thema „Bau“. Lesen Sie jetzt „Deutsche Bahn baut Sternbrücke zurück“.;Bau;News, Bau, Hamburg, DB, Deutsche Bahn, Sternbrücke, Rückbau, Eisenbahnbrücke, Hauptbahnhof;2026-07-24T15:30:48+02:00;2026-07-24T15:30:48+02:00;;dpa Hamburg/Schleswig-Holstein;false
6a4e84aa8a0af426455b82ffd1371d73b76c566c3f7dc01e902f7b70f704319c;Karlsruhe stärkt Afghanen bei Visa-Klagen den Rücken;https://www.zeit.de/news/2026-07/24/karlsruhe-staerkt-afghanen-bei-visa-klagen-den-ruecken;Hier finden Sie Informationen zu dem Thema „Bundesverfassungsgericht“. Lesen Sie jetzt „Karlsruhe stärkt Afghanen bei Visa-Klagen den Rücken“.;Bundesverfassungsgericht;News, Bundesverfassungsgericht, Karlsruhe, Pakistan, Bundesrepublik Deutschland, Afghanistan, Bundesverfassungsgericht, OVG, Bundesinnenministerium, Bundesregierung, Taliban, Aufnahmeprogramm;2026-07-24T15:27:11+02:00;2026-07-24T15:27:11+02:00;;dpa;false
48c0429b1b9736e41bca9d7febc5b826b359243b96154d05f43473e9447bc98e;Drogen an Packstation bestellt - Dealer festgenommen;https://www.zeit.de/news/2026-07/24/drogen-an-packstation-bestellt-dealer-festgenommen;Hier finden Sie Informationen zu dem Thema „Kriminalität“. Lesen Sie jetzt „Drogen an Packstation bestellt - Dealer festgenommen“.;Kriminalität;News, Kriminalität, Polizei, Packstation, Drogen;2026-07-24T15:26:53+02:00;2026-07-24T15:26:53+02:00;;dpa Bayern;false
88aa1feaf432884baf6aca212bf01e40168b47990f5b46dcb7361ff8f50ff552;Galeria in Potsdam gefährdet - OB sucht Kontakt zu Warenhaus;https://www.zeit.de/news/2026-07/24/galeria-in-potsdam-gefaehrdet-ob-sucht-kontakt-zu-warenhaus;Hier finden Sie Informationen zu dem Thema „Warenhäuser“. Lesen Sie jetzt „Galeria in Potsdam gefährdet - OB sucht Kontakt zu Warenhaus“.;Warenhäuser;News, Warenhäuser, Noosha Aubel, Potsdam, Brandenburg, Galeria Kaufhof, Warenhaus;2026-07-24T15:26:05+02:00;2026-07-24T15:26:05+02:00;;dpa Berlin/Brandenburg;false
b0dce4b45b422ebb959f94cbc35d10e4d7e805780d29d297aa6c1fcda5d26db1;Mutmaßlicher Täter nach tödlichem Angriff in Bank in U-Haft;https://www.zeit.de/news/2026-07/24/mutmasslicher-taeter-nach-toedlichem-angriff-in-bank-in-u-haft;Hier finden Sie Informationen zu dem Thema „Kriminalität“. Lesen Sie jetzt „Mutmaßlicher Täter nach tödlichem Angriff in Bank in U-Haft“.;Kriminalität;News, Kriminalität, Regensburg, Angriff;2026-07-24T15:24:40+02:00;2026-07-24T15:24:40+02:00;;dpa;false
19bd0ac8d576b166794d04c49f541255a1948415d158d77cf245808211de1024;Sönke Rix tritt nach fünf Monaten als bpb-Präsident zurück;https://www.zeit.de/politik/deutschland/2026-07/soenke-rix-bundeszentrale-fuer-politische-bildung-ruecktritt;Die Bundeszentrale für politische Bildung verliert ihren erst kürzlich ernannten Präsidenten. Der wünscht der bpb die Unterstützung, die sie brauche.;Bundeszentrale für politische Bildung;Politik, Bundeszentrale für politische Bildung, Bundeszentrale für politische Bildung, Präsidentschaft, Chef, Bundesinnenministerium, SPD-Fraktion, SPD;2026-07-24T15:24:33+02:00;2026-07-24T15:24:33+02:00;kzi;DIE ZEIT,        							kzi;false
179da7198c35708158a6f7367575239b6394ea37026201cc87f2e74d2c318228;Russland greift Rüstungsveranstaltung bei Kyjiw mit Raketen an;https://www.zeit.de/politik/ausland/ukraine-krieg-news-liveblog;Auf einem mutmaßlichen Übungsgelände bei Kyjiw wurden zehn Menschen getötet und fast 100 verletzt. Rumänien schießt Drohne in seinem Luftraum ab. Das Liveblog;Liveblog:                     Krieg gegen die Ukraine;Politik, Krieg gegen die Ukraine, Krieg in der Ukraine, Wolodymyr Selenskyj, Russland, Militär, Drohne, Kyjiw;2026-07-25T07:35:51+00:00;2026-07-25T07:35:51+00:00;Tom-Luca FreundAlexander EydlinCaspar Leder;;false
487712b3943ba70d0d9997ff23872bfee019ebbfea4703d24657a1ff4cda5ee3;Zum vierten Mal: 79-Jähriger überführt Betrüger;https://www.zeit.de/news/2026-07/24/zum-vierten-mal-79-jaehriger-ueberfuehrt-schockanrufer;Hier finden Sie Informationen zu dem Thema „Kriminalität“. Lesen Sie jetzt „Zum vierten Mal: 79-Jähriger überführt Betrüger“.;Kriminalität;News, Kriminalität, Oberbayern, München, Polizei, Festnahme;2026-07-24T15:22:38+02:00;2026-07-24T15:22:38+02:00;;dpa Bayern;false
992acd5fe88d7d395d3b16fad9cedcfac729fd597f2a1ee91e4c99d31d0097b1;Erstmals Hinweisschilder für Freitagsgebet in Penzberg;https://www.zeit.de/news/2026-07/24/erstmals-hinweisschilder-fuer-freitagsgebet-in-penzberg;Hier finden Sie Informationen zu dem Thema „Religionsgemeinschaften“. Lesen Sie jetzt „Erstmals Hinweisschilder für Freitagsgebet in Penzberg“.;Religionsgemeinschaften;News, Religionsgemeinschaften, Benjamin Idriz, Penzberg, Freitagsgebet, Hinweisschild, Religionsgemeinschaft;2026-07-24T15:16:58+02:00;2026-07-24T15:16:58+02:00;;dpa Bayern;false
661aa7955ed8abb5ad793dade5486ed824e0c00df161b3893548f11ae22fbd0a;Warnstreik trifft Haribo-Stammwerk in Bonn;https://www.zeit.de/news/2026-07/24/warnstreik-trifft-haribo-stammwerk-in-bonn;Hier finden Sie Informationen zu dem Thema „Tarifverhandlungen“. Lesen Sie jetzt „Warnstreik trifft Haribo-Stammwerk in Bonn“.;Tarifverhandlungen;News, Tarifverhandlungen, Sarah Richter, Bonn, Haribo, NGG, Tarifverhandlung, Stammwerk, Warnstreik;2026-07-24T15:14:48+02:00;2026-07-24T15:14:48+02:00;;dpa Nordrhein-Westfalen;false
b04f81c68c52a5d8c6407ff435063d6c157ab2b00e0dd9220eeb755db2a69400;Gewerkschaft bestreikt Haribo-Stammwerk;https://www.zeit.de/news/2026-07/24/gewerkschaft-bestreikt-haribo-stammwerk;Hier finden Sie Informationen zu dem Thema „«Stinksaurer Süß-Protest»“. Lesen Sie jetzt „Gewerkschaft bestreikt Haribo-Stammwerk“.;«Stinksaurer Süß-Protest»;News, «Stinksaurer Süß-Protest», Sarah Richter, Nordrhein-Westfalen, Westfalen, Haribo, NGG, Schicht, Stammwerk, Arbeitsniederlegung, Tarifkonflikt, Süßwaren;2026-07-24T15:13:37+02:00;2026-07-24T15:13:37+02:00;;dpa Nordrhein-Westfalen;false
8dd2db1d4122378fbcb1a481072f276ab1bbccddfada4d458c2ada34724779a0;Söder will Rettungsmedaillen für Helfer von Schongau;https://www.zeit.de/news/2026-07/24/soeder-will-rettungsmedaillen-fuer-helfer-von-schongau;Hier finden Sie Informationen zu dem Thema „Nach Gewalttat an Gymnasium“. Lesen Sie jetzt „Söder will Rettungsmedaillen für Helfer von Schongau“.;Nach Gewalttat an Gymnasium;News, Nach Gewalttat an Gymnasium, Schongau, Antenne Bayern, CSU, Rettungsmedaille, Messerattacke, Gewalttat, Hilfseinsatz;2026-07-24T15:12:19+02:00;2026-07-24T15:12:19+02:00;;dpa Bayern;false
c8999fe1f6cb0a59ed64e26cab499c76b9f9a42b9634a19d0f11d2b9e08ad768;Erneuter Schlag gegen Drogenbande in Süddeutschland;https://www.zeit.de/news/2026-07/24/erneuter-schlag-gegen-drogenbande-in-sueddeutschland;Hier finden Sie Informationen zu dem Thema „Kriminalität“. Lesen Sie jetzt „Erneuter Schlag gegen Drogenbande in Süddeutschland“.;Kriminalität;News, Kriminalität, Süddeutschland, Allgäu, Bodensee, Kempten, Memmingen, Polizei, Drogenkartell, Drogen;2026-07-24T15:10:23+02:00;2026-07-24T15:10:23+02:00;;dpa Baden-Württemberg;false
5b244bece2ff36d24f96e9decda94879b3ef8730e7d19419eab38908f1c687a5;Schockanrufer erbeuten 300.000 Euro - Tipps zum Schutz;https://www.zeit.de/news/2026-07/24/schockanrufer-erbeuten-300-000-euro-tipps-zum-schutz;Hier finden Sie Informationen zu dem Thema „Wiederholte Betrugsmasche“. Lesen Sie jetzt „Schockanrufer erbeuten 300.000 Euro - Tipps zum Schutz“.;Wiederholte Betrugsmasche;News, Wiederholte Betrugsmasche, Kreis Birkenfeld, Polizei, Betrugsmasche, Bargeld, Gold, Schmuck;2026-07-24T15:09:14+02:00;2026-07-24T15:09:14+02:00;;dpa Rheinland-Pfalz/Saarland;false
65ab11c95edb48eb8b19a44e57eca9d106e55aa1429b4532cf541fa53c9f2b56;15 Parteien mit Landeswahlvorschlägen zugelassen;https://www.zeit.de/news/2026-07/24/15-parteien-mit-landeswahlvorschlaegen-zugelassen;Hier finden Sie Informationen zu dem Thema „Landtagswahl“. Lesen Sie jetzt „15 Parteien mit Landeswahlvorschlägen zugelassen“.;Landtagswahl;News, Landtagswahl, Christa Dieckmann, Magdeburg, Sachsen-Anhalt, SPD, Kommunistische Partei, CDU, Die Linke, Landtagswahl, Landeswahlvorschlag, Landeswahlausschuss;2026-07-24T15:08:20+02:00;2026-07-24T15:08:20+02:00;;dpa Sachsen;false
a73aa4d356f201b7d28b14bb0600e29b9f8babaa53fbf6413bfbb00a60e535fe;84-Jähriger gerät mit Auto in Café-Außenbereich - Verletzte;https://www.zeit.de/news/2026-07/24/84-jaehriger-faehrt-in-aussengastronomie;Hier finden Sie Informationen zu dem Thema „Vier Leichtverletzte“. Lesen Sie jetzt „84-Jähriger gerät mit Auto in Café-Außenbereich - Verletzte“.;Vier Leichtverletzte;News, Vier Leichtverletzte, Wuppertal, Außengastronomie, Auto;2026-07-24T15:07:04+02:00;2026-07-24T15:07:04+02:00;;dpa Nordrhein-Westfalen;false
a6d5a173c564c302822ac6c794e73ffbfcb90b920ef39d20b49a80ce119bdd29;Unfallbericht: Hubschrauber flog in Stahlseil über der Mulde;https://www.zeit.de/news/2026-07/24/unfallbericht-hubschrauber-flog-in-stahlseil-ueber-der-mulde;Hier finden Sie Informationen zu dem Thema „Hubschrauberabsturz“. Lesen Sie jetzt „Unfallbericht: Hubschrauber flog in Stahlseil über der Mulde“.;Hubschrauberabsturz;News, Hubschrauberabsturz, Grimma, Holzdorf, Sachsen-Anhalt, Bundeswehr, Luftwaffe, Unfallbericht, Stahlseil, Hubschrauberabsturz, Übungsflug, Hubschrauber;2026-07-24T15:06:18+02:00;2026-07-24T15:06:18+02:00;;dpa Sachsen;false
e974bd9438d59d378536469e4683c88566535bf1fdfab76b43721023776010c9;NRW will 1.000 Kitas und 1.000 Schulhöfe klimafit machen;https://www.zeit.de/news/2026-07/24/geld-fuer-gruene-schulhoefe-und-klimafreundliche-sanierungen;Hier finden Sie Informationen zu dem Thema „Klimakrise“. Lesen Sie jetzt „NRW will 1.000 Kitas und 1.000 Schulhöfe klimafit machen“.;Klimakrise;News, Klimakrise, Mona Neubaur, Schulhof, Klimakrise, Extremhitze, Trockenheit, Sanierung, Landesförderung, Geld;2026-07-24T15:02:50+02:00;2026-07-24T15:02:50+02:00;;dpa Nordrhein-Westfalen;false
49b91fc18da66a21c81cc051c515174124f23c71de92eca14bc2314d28e03bf8;Drei Deutsche sterben bei Touren in den Alpen;https://www.zeit.de/news/2026-07/24/drei-deutsche-sterben-bei-touren-in-den-alpen;Hier finden Sie Informationen zu dem Thema „Tödliche Bergunfälle“. Lesen Sie jetzt „Drei Deutsche sterben bei Touren in den Alpen“.;Tödliche Bergunfälle;News, Tödliche Bergunfälle, Alpen, Berlin, Kleinwalsertal, Österreich, Karwendelgebirge, Sachsen-Anhalt, Landkreis Bad Tölz-Wolfratshausen, Polizei, Bergunfall;2026-07-24T15:02:48+02:00;2026-07-24T15:02:48+02:00;;dpa Bayern;false
fc1274193504929e611da7bf4fd42aae4b3b3d8ee8fb5902878a77a585c7ee9d;Seltene Mehrlingsgeburt: Geparden-Nachwuchs in Münster;https://www.zeit.de/news/2026-07/24/seltene-mehrlingsgeburt-geparden-nachwuchs-in-muenster;Hier finden Sie Informationen zu dem Thema „Zoo“. Lesen Sie jetzt „Seltene Mehrlingsgeburt: Geparden-Nachwuchs in Münster“.;Zoo;News, Zoo, Carsten Ludwig, Münster, Höhle, Mehrlingsgeburt, Gepard, Tiere;2026-07-24T15:01:05+02:00;2026-07-24T15:01:05+02:00;;dpa Nordrhein-Westfalen;false
c45d9272b23d324460f983c3b5a0ffdc9aecb774d104f30f0278a21d6e56d239;Chris Brown gibt vor Gericht Beteiligung an Schlägerei zu;https://www.zeit.de/gesellschaft/zeitgeschehen/2026-07/chris-brown-schlaegerei-london-nachtclub-musikproduzent-prozess;Aufgrund einer Schlägerei mit einem Musikproduzenten im Jahr 2023 steht Chris Brown erneut vor Gericht. Dort gestand der R&B-Sänger nun einen Teil der Vorwürfe.;London;Gesellschaft, London, Chris Brown, Schlägerei, London, Gerichtsverfahren, Gericht, Körperverletzung;2026-07-24T14:59:39+02:00;2026-07-24T14:59:39+02:00;tlf;DIE ZEIT,        dpa,        Reuters,        							tlf;false
f224a6058098b7c977b192817c313a53fe0ccbbfdf2e6f2e23240241b839e168;Block-Prozess fällt wegen eines Krankheitsfalls aus;https://www.zeit.de/news/2026-07/24/block-prozess-faellt-wegen-eines-krankheitsfalls-aus;Hier finden Sie Informationen zu dem Thema „64. Verhandlungstag“. Lesen Sie jetzt „Block-Prozess fällt wegen eines Krankheitsfalls aus“.;64. Verhandlungstag;News, 64. Verhandlungstag, Krankheitsfall, Entführung;2026-07-24T14:58:15+02:00;2026-07-24T14:58:15+02:00;;dpa Hamburg/Schleswig-Holstein;false
24ec558144924fe63432860f32939c41d430443ab79523b19f47d9bf2e33c440;Von Kopfhörern und anderen Accessoires;https://www.zeit.de/zeit-magazin/2026/32/accessoires-mode-coolness-nonchalance-alltag;Der größte Feind der Coolness: das sichtbare Bemühen darum. Cool sind demnach bestimmte Requisiten, die sich als Accessoire eignen, ohne gewollt zu wirken.;"Z+ (abopflichtiger Inhalt);
        
    Accessoires";Accessoire, Mode, Alltag, Arbeitsplatz, Jugendliche;2026-07-24T14:58:13+02:00;2026-07-24T14:58:13+02:00;Sara Geisler;Aus dem        ZEITmagazin Nr. 32/2026;false
cbab861247a0c8f74dcb98b74314a6fe0326f940b1ef342eb5d47834d45873fe;Söder glaubt nicht an absolute Mehrheit für AfD;https://www.zeit.de/news/2026-07/24/soeder-glaubt-nicht-an-absolute-mehrheit-fuer-afd;Hier finden Sie Informationen zu dem Thema „Wahlen“. Lesen Sie jetzt „Söder glaubt nicht an absolute Mehrheit für AfD“.;Wahlen;News, Wahlen, Markus Söder, Sachsen-Anhalt, Antenne Bayern, Alternative für Deutschland, CSU, Landtagswahl in Sachsen, Landtagswahl;2026-07-24T14:57:23+02:00;2026-07-24T14:57:23+02:00;;dpa Bayern;false
bbf203767a019e9d00e4ba516000dadc41df20ab2543d4f9d905f38c02645d81;Der Star ist der Trainer: Erste Klopp-Show mit «Wow»-Effekt;https://www.zeit.de/news/2026-07/24/dfb-gremien-stimmen-klopp-engagement-zu;Hier finden Sie Informationen zu dem Thema „Fußball-Nationalmannschaft“. Lesen Sie jetzt „Der Star ist der Trainer: Erste Klopp-Show mit «Wow»-Effekt“.;Fußball-Nationalmannschaft;News, Fußball-Nationalmannschaft, Jürgen Klopp, Deutscher Fußball-Bund, Gesellschafterversammlung, Bundestrainer, Fußballnationalmannschaft;2026-07-24T14:55:58+02:00;2026-07-24T14:55:58+02:00;;dpa;false
467ecbc371fb120dc0301e232fa100fb151850983f779c833a69e35a0f417842;Erste Teile der Oberweser sind nicht mehr schiffbar;https://www.zeit.de/news/2026-07/24/erste-teile-der-oberweser-sind-nicht-mehr-schiffbar;Hier finden Sie Informationen zu dem Thema „Wassermangel“. Lesen Sie jetzt „Erste Teile der Oberweser sind nicht mehr schiffbar“.;Wassermangel;News, Wassermangel, Oberweser, Nordhessen, Hameln, Bodenwerder, Weser, Wassermangel, Edertalsperre, Teilabschnitt, Wasserstand;2026-07-24T14:54:47+02:00;2026-07-24T14:54:47+02:00;;dpa Hessen;false
9e44da26819852857ce0b2e3bcc592d15d110d36dac5df4c716e238cd1c0ccd8;Beim Gassigehen mit Klinge bedroht;https://www.zeit.de/news/2026-07/24/beim-gassigehen-mit-klinge-bedroht;Hier finden Sie Informationen zu dem Thema „Kriminalität“. Lesen Sie jetzt „Beim Gassigehen mit Klinge bedroht“.;Kriminalität;News, Kriminalität, Hamburg, Polizei, Gassigehen, Spaziergang;2026-07-24T14:52:17+02:00;2026-07-24T14:52:17+02:00;;dpa Hamburg/Schleswig-Holstein;false
940ab65af46858aa9f5ad2c3e25f7e383053bd71823eb25ea8ece3b290869961;Verdächtiger muss nach Attacke in Einkaufzentrum in Haft;https://www.zeit.de/news/2026-07/24/nach-angriff-im-einkaufszentrum-so-geht-es-heute-weiter;Hier finden Sie Informationen zu dem Thema „Ehefrau angegriffen“. Lesen Sie jetzt „Verdächtiger muss nach Attacke in Einkaufzentrum in Haft“.;Ehefrau angegriffen;News, Ehefrau angegriffen, Polizei, Staatsanwaltschaft, Einkaufszentrum, Angriff;2026-07-24T14:49:09+02:00;2026-07-24T14:49:09+02:00;;dpa;false
6a44172cc0adeb16ddf6190ad3736753fa29b1835506d010376e4f3d4399b05a;Grüne kritisieren Kabinettsumbau als unprofessionell;https://www.zeit.de/politik/deutschland/2026-07/kabinettsumbau-friedrich-merz-cdu-gruene-linke;Friedrich Merz baue sein Kabinett nach der »Salamitaktik« um, sagen die Grünen. Das wirke wenig durchdacht. Die Linken-Führung spricht von einer »Kampfansage«.;Kabinettsumbau von Friedrich Merz;Politik, Kabinettsumbau von Friedrich Merz, Friedrich Merz, CDU, Bündnis 90/Die Grünen, Die Linke, Katharina Dröge, Deutscher Bundestag;2026-07-24T14:47:04+02:00;2026-07-24T14:47:04+02:00;jsp;DIE ZEIT,        dpa,        AFP,        							jsp;false
335c4c34bbe6d6aa4c062e837f39427737e2eaf8bb11b961246a66caeaead704;Angriff in Bank: Das sagt die Polizei zur Tatwaffe;https://www.zeit.de/news/2026-07/24/angriff-in-bank-das-sagt-die-polizei-zur-tatwaffe;Hier finden Sie Informationen zu dem Thema „Tödlicher Angriff in Bank“. Lesen Sie jetzt „Angriff in Bank: Das sagt die Polizei zur Tatwaffe“.;Tödlicher Angriff in Bank;News, Tödlicher Angriff in Bank, Robert Fuchs, Polizei, Tatwaffe, Angriff, Messerangriff;2026-07-24T14:46:20+02:00;2026-07-24T14:46:20+02:00;;dpa Bayern;false
2a410ec9f71853ab1daa4ce87aea79ad26943bd9250cbe366ec112d46d6c530e;Spezialeinsatz: Erstmals Nest Asiatischer Hornissen entfernt;https://www.zeit.de/news/2026-07/24/erster-spezialeinsatz-gegen-die-asiatische-hornisse;Hier finden Sie Informationen zu dem Thema „Invasive Art in Brandenburg“. Lesen Sie jetzt „Spezialeinsatz: Erstmals Nest Asiatischer Hornissen entfernt“.;Invasive Art in Brandenburg;News, Invasive Art in Brandenburg, Westen Brandenburg, Brandenburg, Eisenhüttenstadt, Hornisse, Spezialeinsatz, Spezialausrüstung, Biodiversität, Tiere;2026-07-24T14:44:16+02:00;2026-07-24T14:44:16+02:00;;dpa Berlin/Brandenburg;false
737502ddc42cb390865d47b2cb69900ee3cd8457ad44ac086fe13f33354964eb;Munich Re meldet Rekordhalbjahr - 3,9 Milliarden Gewinn;https://www.zeit.de/news/2026-07/24/munich-re-meldet-rekordhalbjahr-3-9-milliarden-gewinn;Hier finden Sie Informationen zu dem Thema „Geringe Großschäden“. Lesen Sie jetzt „Munich Re meldet Rekordhalbjahr - 3,9 Milliarden Gewinn“.;Geringe Großschäden;News, Geringe Großschäden, Nordatlantik, Pazifik, Munich Re, Rekordhalbjahr, Großschaden, Versicherungskonzern, Rekordgewinn, Großschadenbelastung, Dax;2026-07-24T14:41:48+02:00;2026-07-24T14:41:48+02:00;;dpa;false
ece61bb649b472b03d2fcdcf7f8b7a896ecbb34a727e6720f2edb7750efbf8a4;Rollstuhlfahrer bei Unfall in Freital schwer verletzt;https://www.zeit.de/news/2026-07/24/rollstuhlfahrer-bei-unfall-in-freital-schwer-verletzt;Hier finden Sie Informationen zu dem Thema „Unfall“. Lesen Sie jetzt „Rollstuhlfahrer bei Unfall in Freital schwer verletzt“.;Unfall;News, Unfall, Freital, Dresden, Unfall, Rollstuhl, Auto;2026-07-24T14:34:36+02:00;2026-07-24T14:34:36+02:00;;dpa Sachsen;false
bf18bcef4c5fa71acddecf712486945cc83ba19e2dc5d24386f7c3b719f77d5c;Varta meldet Insolvenz an - Absturz einer Batterie-Ikone;https://www.zeit.de/news/2026-07/24/kreise-batteriehersteller-varta-stellt-insolvenzantrag;Hier finden Sie Informationen zu dem Thema „Schwäbisches Unternehmen“. Lesen Sie jetzt „Varta meldet Insolvenz an - Absturz einer Batterie-Ikone“.;Schwäbisches Unternehmen;News, Schwäbisches Unternehmen, VARTA, Insolvenzantrag, Eigenverwaltung, Konsumgut, Insolvenz;2026-07-24T14:33:16+02:00;2026-07-24T14:33:16+02:00;;dpa;false
403eb6decb18c4487b2234d284ee5216242ef1493b936f32498bdd29ec32de88;Landwirte verhindern Ausbreitung von Flächenbrand;https://www.zeit.de/news/2026-07/24/landwirte-verhindern-ausbreitung-von-flaechenbrand;Hier finden Sie Informationen zu dem Thema „Unterstützung der Feuerwehr“. Lesen Sie jetzt „Landwirte verhindern Ausbreitung von Flächenbrand“.;Unterstützung der Feuerwehr;News, Unterstützung der Feuerwehr, Wertheim, Baden-Württemberg, Main-Tauber-Kreis, Feuerwehr, Polizei, Flächenbrand, Ausbreitung, Grenze;2026-07-24T14:32:40+02:00;2026-07-24T14:32:40+02:00;;dpa Baden-Württemberg;false
49b91fc18da66a21c81cc051c515174124f23c71de92eca14bc2314d28e03bf8;Drei Deutsche sterben bei Touren in den Alpen;https://www.zeit.de/news/2026-07/24/76-jaehriger-urlauber-stirbt-bei-absturz-im-karwendelgebirge;Hier finden Sie Informationen zu dem Thema „Tödliche Bergunfälle“. Lesen Sie jetzt „Drei Deutsche sterben bei Touren in den Alpen“.;Tödliche Bergunfälle;News, Tödliche Bergunfälle, Karwendelgebirge, Polizei, Bergunfall, Absturz, Leitersteig;2026-07-24T14:32:02+02:00;2026-07-24T14:32:02+02:00;;dpa;false
da9448e7799fb80dc7a25c5c7ec8704d653dcb22f44e788960acc38a7f48429e;Steinmeier wirbt für Deutschen Wandertag im Erzgebirge;https://www.zeit.de/news/2026-07/24/steinmeier-wirbt-fuer-deutschen-wandertag-im-erzgebirge;Hier finden Sie Informationen zu dem Thema „Freizeit“. Lesen Sie jetzt „Steinmeier wirbt für Deutschen Wandertag im Erzgebirge“.;Freizeit;News, Freizeit, Elke Büdenbender, Frank-Walter Steinmeier, Erzgebirge, Oberwiesenthal, Eibenstock, Deutscher Wanderverband, Wandertag, Rappe, Wetter, Wald;2026-07-24T14:31:02+02:00;2026-07-24T14:31:02+02:00;;dpa Sachsen;false
f970e1f853cbcfc80db66a7bb71df240ee8ca9d74c5fa69f3b48832c524b33e8;Ein Mann macht sich zum Ärmel;https://www.zeit.de/feuilleton/2026-07/donald-trump-photobombing-versuch-fussball-wm-spanien;Als Spanien den WM-Titel feierte, wollte Donald Trump mit aufs Siegerbild. War das die gewohnte Geltungssucht? Eher ein Beweis für das Großherzige einer guten Photobomb.;"Z+ (abopflichtiger Inhalt);
        
    Photobombing";Feuilleton, Photobombing, Donald Trump, Spanien, Fußball-WM, Gianni Infantino, Fifa;2026-07-24T14:30:41+02:00;2026-07-24T14:30:41+02:00;Amonte Schröder-Jürss;;false
a9eb433a637bea5531bb64c25d5ab56c9fdb9959a7546088da5cb56afe4203d0;Eltern und Baby bei Angriff als Kunden in Bank;https://www.zeit.de/news/2026-07/24/eltern-und-baby-bei-angriff-als-kunden-in-bank;Hier finden Sie Informationen zu dem Thema „Regensburg“. Lesen Sie jetzt „Eltern und Baby bei Angriff als Kunden in Bank“.;Regensburg;News, Regensburg, Regensburg, Angriff, Elternpaar;2026-07-24T14:29:43+02:00;2026-07-24T14:29:43+02:00;;dpa Bayern;false
94bc730b0bbd52a5e11b1791bf3761e891286ae76c21b133dc45eb7fb0ad4d0a;Wettbewerb: Gedenkstätte für Stalag 326 nimmt Formen an;https://www.zeit.de/news/2026-07/24/wettbewerb-gedenkstaette-fuer-stalag-326-nimmt-formen-an;Hier finden Sie Informationen zu dem Thema „1. Platz vergeben“. Lesen Sie jetzt „Wettbewerb: Gedenkstätte für Stalag 326 nimmt Formen an“.;1. Platz vergeben;News, 1. Platz vergeben, Stuttgart, Ostwestfalen, Münster, Schloß Holte-Stukenbrock, Gütersloh, Landschaftsverband Westfalen-Lippe, Zweiter Weltkrieg, Gedenkstätte, Wald;2026-07-24T14:28:31+02:00;2026-07-24T14:28:31+02:00;;dpa Nordrhein-Westfalen;false
ed5e6fdd9cbf9a5915761d39fb924841e51b4117f2edb27a93be8544cdfa9363;Angreifer von Regensburg war kurz vorher in Polizeigewahrsam;https://www.zeit.de/news/2026-07/24/angreifer-von-regensburg-war-kurz-vorher-in-polizeigewahrsam;Hier finden Sie Informationen zu dem Thema „Tödlicher Angriff in Bank“. Lesen Sie jetzt „Angreifer von Regensburg war kurz vorher in Polizeigewahrsam“.;Tödlicher Angriff in Bank;News, Tödlicher Angriff in Bank, Regensburg, Polizei, Polizeigewahrsam, Angriff;2026-07-24T14:23:56+02:00;2026-07-24T14:23:56+02:00;;dpa Bayern;false
76322f7162946dea8adcc4044669335561243798b3cdd60c034dbd94aeb143db;VW-Gewinn bricht ein - Sparpaket soll bis Jahresende stehen;https://www.zeit.de/news/2026-07/24/vw-gewinn-bricht-um-ein-drittel-ein;Hier finden Sie Informationen zu dem Thema „Schwaches Halbjahr“. Lesen Sie jetzt „VW-Gewinn bricht ein - Sparpaket soll bis Jahresende stehen“.;Schwaches Halbjahr;News, Schwaches Halbjahr, Europa, Wolfsburg, China, VW, Volkswagen, Gewinnrückgang, Konzernergebnis, Fahrzeug;2026-07-24T14:21:26+02:00;2026-07-24T14:21:26+02:00;;dpa;false
7c671e9a006fc5f917d00bc3e28a1832d4a27f68509148083730a5fded9cb777;6 Gedankenspiele für freie Stunden;https://www.zeit.de/zeit-wissen/2026/04/kognitive-beschaeftigungen-strand-park-kreativitaet;Endlich am Strand, im Freibad, auf der Parkwiese, endlich Zeit – und dann? Wir hätten da paar Vorschläge.;"Z+ (abopflichtiger Inhalt);
        
    Kognitive Beschäftigungen";Wissenschaft, Kognitive Beschäftigungen, Gedankenspiel, Parkwiese, Heldenreise, Freibad, Auto;2026-07-24T14:19:42+02:00;2026-07-24T14:19:42+02:00;Tobias HürterJohanna MichaelsMax RaunerKatrin Zeug;Aus        ZEIT Wissen Nr. 04/2026;false
7b9fd1afbbb90ca9945b184628152c599a39eb00eee6d8c089c19ff5b457f2f1;Bombe in Oberhausen entschärft - Züge fahren wieder;https://www.zeit.de/news/2026-07/24/bombenentschaerfung-in-oberhausen-beeintraechtigt-zugverkehr;Hier finden Sie Informationen zu dem Thema „Blindgänger“. Lesen Sie jetzt „Bombe in Oberhausen entschärft - Züge fahren wieder“.;Blindgänger;News, Blindgänger, Oberhausen, Düsseldorf, Wesel, Zweiter Weltkrieg, Bombenentschärfung, Zugverkehr, Entschärfung, Bahnverbindung, ICE;2026-07-24T14:18:45+02:00;2026-07-24T14:18:45+02:00;;dpa Nordrhein-Westfalen;false
ea1c838385bda6962693adf95a4833e12615377783bcfe52a3090e3da9f3b5e3;Seniorin erreicht Polizei nicht - Betrüger schlagen zu;https://www.zeit.de/news/2026-07/24/seniorin-erreicht-polizei-nicht-betrueger-schlagen-zu;Hier finden Sie Informationen zu dem Thema „Kriminalität“. Lesen Sie jetzt „Seniorin erreicht Polizei nicht - Betrüger schlagen zu“.;Kriminalität;News, Kriminalität, Oberbayern, Freising, Polizei, Telefonbetrug, Geld, Schmuck;2026-07-24T14:17:11+02:00;2026-07-24T14:17:11+02:00;;dpa Bayern;false
7fa59de01a000815ee14a6f4d96d423ff0f1e7341490af8d74b3b7af915e0d7e;Zwischen Sexfrust und Salafismus: die «Mincel»-Bewegung;https://www.zeit.de/news/2026-07/24/zwischen-sexfrust-und-salafismus-die-mincel-bewegung;Hier finden Sie Informationen zu dem Thema „Verfassungsschutzbericht“. Lesen Sie jetzt „Zwischen Sexfrust und Salafismus: die «Mincel»-Bewegung“.;Verfassungsschutzbericht;News, Verfassungsschutzbericht, Beate Bube, Mann, Sexfrust, Verfassungsschutzbericht, Männlichkeitsideal, Salafismus;2026-07-24T14:16:32+02:00;2026-07-24T14:16:32+02:00;;dpa Baden-Württemberg;false
0adb0afa88fc64106cd39068063059d0efeaf8bb558f9dc862af6058ebcf1b23;Die Rückkehr des Mr. Jambo;https://www.zeit.de/digital/2026-07/mr-jambo-paul-simon-parodie-viral-soziale-medien-internetkolumne;Eine Parodie auf Paul Simon geht auf TikTok viral. Und löst bei Zuhörern nostalgische Gefühle aus. Dabei waren die beim Erscheinen der Songs noch gar nicht geboren. Hä?;"Z+ (abopflichtiger Inhalt);
        
    Mr. Jambo";Digital, Mr. Jambo, Paul Simon, Soziale Medien, Südafrika, Internet, Instagram, TikTok;2026-07-24T14:16:16+02:00;2026-07-24T14:16:16+02:00;Rose Tremlett;;false
a9dfd790b1155032371ca738895638b73af0994c3b5eaa899e1451735e0aa088;Wie kann ich mir das als Frau nur geben?;https://www.zeit.de/sport/2026-07/sexualisierte-gewalt-vergewaltigungsvorwuerfe-weltmeisterschaft-fussball-gruenflaeche;Unsere Kolumnistin schaut gern Fußball und möchte sich das nicht von Männern ruinieren lassen. Geht nicht? Bei dieser WM gab es zumindest Grund zu hoffen.;"Z+ (abopflichtiger Inhalt);
        
    Sexualisierte Gewalt im Fußball";Sport, Sexualisierte Gewalt im Fußball , Fußball-WM, sexuelle Belästigung, Sexueller Missbrauch, Fußball, Häusliche Gewalt;2026-07-24T14:14:42+02:00;2026-07-24T14:14:42+02:00;Laura Sophia Jung;;false
d247990451fedd45b64bfc632ece2cc9c3be190530cefbdd1eb28345ae86c3eb;Tonie oder nicht Tonie – das ist hier die Frage;https://www.zeit.de/digital/mobil/2026-07/toniebox-2-abspielgeraet-kinder-technik-gxe;Mit der Toniebox 2 können Kinder Hörspiele hören und jetzt sogar auch spielen. Lohnt sich das? Ein Tonie-Skeptiker und seine Kinder (4 und 8) machen den Langzeittest.;"Z+ (abopflichtiger Inhalt);
        
    Toniebox 2";Digital, Toniebox 2, Spielzeug, Kinder, Musik, Unterhaltung;2026-07-24T14:14:32+02:00;2026-07-24T14:14:32+02:00;Jakob von Lindern;;false
3598996ec066b3fd42d753781e9c0754a8f51a27267307e648e350c412c29e2a;Das Rückwärtstreppensteigen;https://www.zeit.de/sport/2026-07/treppensteigen-rueckwaerts-fitnessuebung-personal-trainer;Gute Fitnessübungen müssen nicht kompliziert sein. Mit dieser einfachen Anleitung schulen Sie Ihre Koordination und kommen verkehrt herum weiter nach oben.;"Z+ (abopflichtiger Inhalt);
        
    Unser Personal Trainer";Sport, Unser Personal Trainer, Coaching, Fitness, Trainer;2026-07-24T14:13:45+02:00;2026-07-24T14:13:45+02:00;;;false
0da889fdd5d5d1cb67d2bec6dc8fc1041fd91bef6730a072768705cd765705e9;DIW: AfD-Pläne würden teuer für Bürger in Sachsen-Anhalt;https://www.zeit.de/news/2026-07/24/diw-afd-plaene-wuerden-teuer-fuer-buerger-in-sachsen-anhalt;Hier finden Sie Informationen zu dem Thema „Wirtschaftspolitik“. Lesen Sie jetzt „DIW: AfD-Pläne würden teuer für Bürger in Sachsen-Anhalt“.;Wirtschaftspolitik;News, Wirtschaftspolitik, Berlin, Sachsen-Anhalt, DIW, Alternative für Deutschland, Europäische Union, Unzufriedenheit, Wirtschaftspolitik;2026-07-24T14:12:34+02:00;2026-07-24T14:12:34+02:00;;dpa Sachsen;false
716c05d21badbdf5c87b975431c64fdc0c58f3ef8ab31d7d6a1e4da6d2f4c3c0;Mann durch Schuss verletzt - Mordkommission in Hagen;https://www.zeit.de/news/2026-07/24/mann-durch-schuss-verletzt-mordkommission-in-hagen;Hier finden Sie Informationen zu dem Thema „Ermittlungen laufen“. Lesen Sie jetzt „Mann durch Schuss verletzt - Mordkommission in Hagen“.;Ermittlungen laufen;News, Ermittlungen laufen, Hagen, Sprockhövel, Ruhrgebiet, Mordkommission, Ermittlung;2026-07-24T14:04:33+02:00;2026-07-24T14:04:33+02:00;;dpa Nordrhein-Westfalen;false
308b1206af399e8edbb51593bcf452af1540cfc7182a95ccb792774a3cfd28d4;Bahn-Fahrgäste müssen wegen Überfüllung zurückbleiben;https://www.zeit.de/news/2026-07/24/bahn-fahrgaeste-muessen-wegen-ueberfuellung-zurueckbleiben;Hier finden Sie Informationen zu dem Thema „Verkehr“. Lesen Sie jetzt „Bahn-Fahrgäste müssen wegen Überfüllung zurückbleiben“.;Verkehr;News, Verkehr, Sabine Enseleit, Rostock, Stralsund, Berlin, Mecklenburg-Vorpommern, BMWi, CDU, Überfüllung, Verkehr, Sommer;2026-07-24T14:04:23+02:00;2026-07-24T14:04:23+02:00;;dpa Mecklenburg-Vorpommern;false
7469757b86f717e8acbe5c62a36fba5f5b1cf4faf10a6eed83f9c628609a4393;Unesco ernennt Orte im Libanon und Westjordanland zum Weltkulturerbe;https://www.zeit.de/feuilleton/2026-07/unesco-weltkulturerbe-sebastia-westjordanland-burgen-libanon-israel;Fünf libanesische Burgen und die Stadt Sebastia im Westjordanland sind im Eilverfahren zum Weltkulturerbe erklärt worden. Israel kritisierte die Entscheidung der Unesco.;Weltkulturerbe;Feuilleton, Weltkulturerbe, Unesco-Weltkulturerbe, Libanon, Westjordanland, Unesco, Israel;2026-07-24T14:02:06+02:00;2026-07-24T14:02:06+02:00;tlf;DIE ZEIT,        AP,        epd,        KNA,        							tlf;false
780f5b7009ac9b932d121c699332904406bcd094fb45aaf1a14c98ae44bd1310;Ich glaube, meine Generation leidet unter einer Beziehungsphobie;https://www.zeit.de/zeit-magazin/leben/2026-07/bindungsangst-beziehungsphobie-jugendliche-generation-z;Sie sind Single oder haben was am Laufen. Aber eine Beziehung? Monogam und so? Unsere Autorin, 17, und ihre Friends fragen sich, ob das mit der Liebe für sie gut ausgeht.;"Z+ (abopflichtiger Inhalt);
        
    Bindungsangst";Beziehung, Generation Z, Jugendliche, Emotion, Liebe, Angst;2026-07-24T13:59:58+02:00;2026-07-24T13:59:58+02:00;Nora Simon;;false
967178c4c0bf6c9a4b2a20ef1574c0bb0716100fc59179820292d1639a07adb8;Hunderte Cannabispflanzen: Zwei Männer in Haft;https://www.zeit.de/news/2026-07/24/hunderte-cannabispflanzen-zwei-maenner-in-haft;Hier finden Sie Informationen zu dem Thema „Kriminalität“. Lesen Sie jetzt „Hunderte Cannabispflanzen: Zwei Männer in Haft“.;Kriminalität;News, Kriminalität, Mann, Brandenburg, Landkreis Wittenberg, Rauschgiftkriminalität, Durchsuchung, Straßenverkaufswert;2026-07-24T13:59:47+02:00;2026-07-24T13:59:47+02:00;;dpa Berlin/Brandenburg;false
e9755b2f6e79e1bf1141807ebc0159ad815d2c42ab5037d90cac30ebb91f7f57;Vierjähriger läuft auf Straße und wird von Auto erfasst;https://www.zeit.de/news/2026-07/24/vierjaehriger-laeuft-auf-strasse-und-wird-von-auto-erfasst;Hier finden Sie Informationen zu dem Thema „Kind bei Unfall verletzt“. Lesen Sie jetzt „Vierjähriger läuft auf Straße und wird von Auto erfasst“.;Kind bei Unfall verletzt;News, Kind bei Unfall verletzt, Rügen, Polizei, Unfall, Auto;2026-07-24T13:58:42+02:00;2026-07-24T13:58:42+02:00;;dpa Berlin/Brandenburg;false
749d9a041fa1232e239ef284d24eda13279956d0dfadbb12ebe239fb48e21b64;Varta meldet Insolvenz an;https://www.zeit.de/wirtschaft/unternehmen/2026-07/varta-insolvenz-batteriehersteller-michael-tojner-porsche;Der Batteriehersteller Varta hat mehrere Insolvenzanträge gestellt, da die Eigentümer kein weiteres Geld bereitstellen wollen. Das Unternehmen steht vor der Zerschlagung.;Batteriehersteller;Wirtschaft, Batteriehersteller, VARTA, Insolvenz, Porsche, Unternehmen, Stuttgart;2026-07-24T13:58:01+02:00;2026-07-24T13:58:01+02:00;kzi;DIE ZEIT,        dpa,        Reuters,        							kzi;false
222ff531402b25a6096887edf00d7b1374e4b8e1dfaa73a61421f2fb0b98b681;PiS hat sich nach Richtungsstreit gespalten;https://www.zeit.de/politik/ausland/2026-07/pis-polen-mateusz-morawiecki-jaroslaw-kaczynski-przemyslaw-czarnek;Rechtsradikal oder wirtschaftsliberal: Polens größte Oppositionspartei ist am Streit um die inhaltliche Ausrichtung zerbrochen. Mehr als 30 Abgeordnete verlassen die PiS.;Polen;Politik, Polen, Polen, PiS, Jarosław Kaczyński, EU-Kommission;2026-07-24T13:56:49+02:00;2026-07-24T13:56:49+02:00;jsp;DIE ZEIT,        dpa,        							jsp;false
5886154db06237cd30dc4b57050cf4578a83600aa004977f0fcd46cc1121eab5;»Altern ist eine selbsterfüllende Prophezeiung«;https://www.zeit.de/gesundheit/2026-07/psychologie-altern-forschung-lebenserwartung-jana-nikitin;Im Alter wird alles schlecht? Die Psychologin Jana Nikitin rät dazu, dieses Denken früh abzulegen. Sie sagt: Es schadet mehr als Rauchen, Cholesterin oder Übergewicht.;"Z+ (abopflichtiger Inhalt);
        
    Psychologie";Gesundheit, Psychologie, Alter, Psychologie, Forschung, Lebenserwartung, Psyche, Studie;2026-07-24T13:55:11+02:00;2026-07-24T13:55:11+02:00;Jan Schwenkenbecher;;false
02c20ca6f130e57a636a16e23ef336e9adbed2d8ee5c95c9abf0dba0cc5a4a8f;Voigt: Prüfen die Gründung eines Azubi-Werks in Thüringen;https://www.zeit.de/news/2026-07/24/voigt-pruefen-die-gruendung-eines-azubi-werks-in-thueringen;Hier finden Sie Informationen zu dem Thema „Azubi-Betreuung“. Lesen Sie jetzt „Voigt: Prüfen die Gründung eines Azubi-Werks in Thüringen“.;Azubi-Betreuung;News, Azubi-Betreuung, Mario Voigt, Thüringen, Erfurt, Deutsche Presse-Agentur, CDU, Auszubildendenwerk;2026-07-24T13:49:50+02:00;2026-07-24T13:49:50+02:00;;dpa Thüringen;false
c4d3b8bd30e747691a3ea0cb16dd0afa8d694733d25ccc356017893578353ad0;Der Einwechselspieler;https://www.zeit.de/politik/deutschland/2026-07/carsten-linnemann-cdu-gesunheitsministerium-generalsekretaer-reform;Wenn Merz ruft, läuft er: Carsten Linnemann, bisher CDU-Generalsekretär, wird nun doch ins Kabinett wechseln und neuer Gesundheitsminister. Kann das gut gehen?;"Z+ (abopflichtiger Inhalt);
        
    Carsten Linnemann";Politik, Carsten Linnemann, Carsten Linnemann, CDU, Gesundheitsministerium, Friedrich Merz, Schwarz-rote Koalition, Nina Warken;2026-07-24T13:49:37+02:00;2026-07-24T13:49:37+02:00;Ferdinand OttoKaja Klapsa;;false
bb17e6f30b85b6d35c1b55a6741c567491ed82e7c208ae62ceb570674518b45d;Wie geht es jetzt bei der Regierungsumbildung weiter?;https://www.zeit.de/news/2026-07/24/wie-geht-es-jetzt-bei-der-regierungsumbildung-weiter;Hier finden Sie Informationen zu dem Thema „Nach Spahns Rücktritt“. Lesen Sie jetzt „Wie geht es jetzt bei der Regierungsumbildung weiter?“.;Nach Spahns Rücktritt;News, Nach Spahns Rücktritt, Friedrich Merz, Carsten Linnemann, Thorsten Frei, Frank-Walter Steinmeier, CDU, Bundesregierung, Deutscher Bundestag, Regierungsumbildung, Umbildung, Rücktritt;2026-07-24T13:48:48+02:00;2026-07-24T13:48:48+02:00;;dpa;false
2b824fbb9aac1c71e855add7f49a270aa1a1c2201209f9362ba9b39b35f4bac2;Afghanische Klägerin nach Karlsruhe-Urteil erleichtert;https://www.zeit.de/news/2026-07/24/afghanische-klaegerin-nach-karlsruhe-urteil-erleichtert;Hier finden Sie Informationen zu dem Thema „Bundesverfassungsgericht“. Lesen Sie jetzt „Afghanische Klägerin nach Karlsruhe-Urteil erleichtert“.;Bundesverfassungsgericht;News, Bundesverfassungsgericht, Karlsruhe, Pakistan, Kabul, Afghanistan, Bundesverfassungsgericht, Deutsche Presse-Agentur, Taliban, Visaantrag, Familie;2026-07-24T13:46:22+02:00;2026-07-24T13:46:22+02:00;;dpa Berlin/Brandenburg;false
b56039c37d6da47d6394b53d51318461341a3b3bae0a392b906fea46f40bfac9;Bundestrainer Klopp warnt Medien: «Dann bin ich weg»;https://www.zeit.de/news/2026-07/24/bundestrainer-klopp-warnt-medien-dann-bin-ich-weg;Hier finden Sie Informationen zu dem Thema „Fußball-Nationalmannschaft“. Lesen Sie jetzt „Bundestrainer Klopp warnt Medien: «Dann bin ich weg»“.;Fußball-Nationalmannschaft;News, Fußball-Nationalmannschaft, Jürgen Klopp, Bundestrainer, Fußballnationalmannschaft, Familie;2026-07-24T13:45:11+02:00;2026-07-24T13:45:11+02:00;;dpa;false
073bab2813fc1a766521b6fbbf9e35f77e79e530f6ba9ca8c641658b54491974;Sandsteinfelsen in der Sächsischen Schweiz beschädigt;https://www.zeit.de/news/2026-07/24/sandsteinfelsen-in-der-saechsischen-schweiz-beschaedigt;Hier finden Sie Informationen zu dem Thema „Sachbeschädigung“. Lesen Sie jetzt „Sandsteinfelsen in der Sächsischen Schweiz beschädigt“.;Sachbeschädigung;News, Sachbeschädigung, Sächsische Schweiz, Sandsteinfelsen, Polizeidirektion, Sachbeschädigung;2026-07-24T13:43:52+02:00;2026-07-24T13:43:52+02:00;;dpa Sachsen;false
84bfd28825d1e005a938c4fc7aec3b5585980f3f53f8d09e08eef6dc748f7c3f;1860 München verlängert mit Sohn von DFB-Legende;https://www.zeit.de/news/2026-07/24/1860-muenchen-verlaengert-mit-sohn-von-dfb-legende;Hier finden Sie Informationen zu dem Thema „Noah Klose“. Lesen Sie jetzt „1860 München verlängert mit Sohn von DFB-Legende“.;Noah Klose;News, Noah Klose, Noah Klose, Miroslav Klose, TSV 1860 München, Deutscher Fußball-Bund, Einjahresvertrag;2026-07-24T13:42:25+02:00;2026-07-24T13:42:25+02:00;;dpa Bayern;false
3d7045eff52ef92ab611940ee3d78dd9701a89026638a1ee51adc2559cb31f4f;Mord an Buxtehuder Baggersee: Urteil ist rechtskräftig;https://www.zeit.de/news/2026-07/24/mord-an-buxtehuder-baggersee-urteil-ist-rechtskraeftig;Hier finden Sie Informationen zu dem Thema „Prozesse“. Lesen Sie jetzt „Mord an Buxtehuder Baggersee: Urteil ist rechtskräftig“.;Prozesse;News, Prozesse, Buxtehude, Bundesgerichtshof, Cold Case, Mord, Landgericht, Freiheitsstrafe;2026-07-24T13:40:15+02:00;2026-07-24T13:40:15+02:00;;dpa Niedersachsen;false
9efdd5a90f69c0954dfb16dd79c6bb8f06c20d13264e10e5cfaf19c2bac3db13;Adoptiert wird nur noch selten;https://www.zeit.de/politik/deutschland/2026-07/rueckgang-adoptionen-deutschland-gruende-kinderwunsch;Deutschland spricht über Leihmutterschaft. Und die Alternative: Adoption. Derzeit werden so wenig Kinder adoptiert wie seit 35 Jahren nicht mehr. Warum?;"Z+ (abopflichtiger Inhalt);
        
    Rückgang von Adoptionen";Politik, Rückgang von Adoptionen, Adoption, Kinderwunsch, Leihmutterschaft, Familie, Kinder, Statistik;2026-07-24T13:39:06+02:00;2026-07-24T13:39:06+02:00;Anastasia TikhomirovaKaja Klapsa;;false
548d8630966c43168dedda3949dafb18b5eb6c7ef8b03073b63a0c35d3df8b77;Zehenfreiheit gefragt – Verband sieht Trend zum Barfußschuh;https://www.zeit.de/news/2026-07/24/zehenfreiheit-gefragt-verband-sieht-trend-zum-barfussschuh;Hier finden Sie Informationen zu dem Thema „Gesundheit“. Lesen Sie jetzt „Zehenfreiheit gefragt – Verband sieht Trend zum Barfußschuh“.;Gesundheit;News, Gesundheit, Claudia Schulz, Michael Hanus, Offenbach, Barfußschuh, Zehenfreiheit, Laufgefühl, Bewegungsfreiheit, Dämpfung;2026-07-24T13:37:53+02:00;2026-07-24T13:37:53+02:00;;dpa Hessen;false
72b9a219d2035aa6155d1764e8e7c146e22cd698e3bf0696179ffdd1351543e8;Fast 1.000 Verfahren abgeschlossen – Gesundheitsberufe vorn;https://www.zeit.de/news/2026-07/24/fast-1-000-abschluesse-anerkannt-gesundheitsberufe-vorn;Hier finden Sie Informationen zu dem Thema „Ausländische Berufsabschlüsse“. Lesen Sie jetzt „Fast 1.000 Verfahren abgeschlossen – Gesundheitsberufe vorn“.;Ausländische Berufsabschlüsse;News, Ausländische Berufsabschlüsse, Thüringen, Gesundheitsberuf, Berufsabschluss, Gesundheitspersonal, Anerkennungsverfahren;2026-07-24T13:33:24+02:00;2026-07-24T13:33:24+02:00;;dpa Thüringen;false
6e431be1128d68c5a3091d7becb4dfb592589a6f33d5dff8a39ae7043d3664d2;Kampf gegen Japankäfer: Trebur verbrennt Pflanzenabfälle;https://www.zeit.de/news/2026-07/24/kampf-gegen-japankaefer-trebur-verbrennt-pflanzenabfaelle;Hier finden Sie Informationen zu dem Thema „Invasiver Schädling“. Lesen Sie jetzt „Kampf gegen Japankäfer: Trebur verbrennt Pflanzenabfälle“.;Invasiver Schädling;News, Invasiver Schädling, Trebur, Darmstadt, Hessen, Pflanzenabfall, Schädling, Grünabfall, Behördenangabe, Ausnahmezulassung;2026-07-24T13:33:10+02:00;2026-07-24T13:33:10+02:00;;dpa Hessen;false
ac6e89002974a5aac4b530bc4d24e70e0fc6865126667c6cef188ce3404c3e7d;«Mit Tränen in den Augen»: Lopez verlässt Darmstadt;https://www.zeit.de/news/2026-07/24/mit-traenen-in-den-augen-lopez-verlaesst-darmstadt;Hier finden Sie Informationen zu dem Thema „2. Fußball-Bundesliga“. Lesen Sie jetzt „«Mit Tränen in den Augen»: Lopez verlässt Darmstadt“.;2. Fußball-Bundesliga;News, 2. Fußball-Bundesliga, Sergio Lopez, Darmstadt, SV Darmstadt 98, Fußball-Bundesliga;2026-07-24T13:27:58+02:00;2026-07-24T13:27:58+02:00;;dpa Hessen;false
460e65f921ba611cc13c3bc20ae622b6aff2e0facdf401493d661f4ad3d91776;Reaktion auf EU-Maßnahme: China sanktioniert deutsche Firmen;https://www.zeit.de/news/2026-07/24/reaktion-auf-eu-massnahme-china-sanktioniert-deutsche-firmen;Hier finden Sie Informationen zu dem Thema „Ukraine-Krieg“. Lesen Sie jetzt „Reaktion auf EU-Maßnahme: China sanktioniert deutsche Firmen“.;Ukraine-Krieg;News, Ukraine-Krieg, China, Hongkong, Peking, Europäische Union, Sanktionsrunde, Exportkontrolle, Reaktion, Krieg in der Ukraine;2026-07-24T13:26:26+02:00;2026-07-24T13:26:26+02:00;;dpa;false
32d212b20a5b466bd0087715f444ef284d382cd8d9c0ca549fb29de83eb2e313;Hubig zweifelt Machbarkeit eines Verbots von Immobilienenteignung an;https://www.zeit.de/politik/deutschland/2026-07/verbot-enteignungen-wohnungsunternehmen-friedrich-merz-stefanie-hubig;Die Bundesregierung will Enteignungen von Immobilienfirmen auf Landesebene verbieten. Laut Justizministerin Stefanie Hubig wäre das mutmaßlich nicht verfassungskonform.;Wohnungsnot;Politik, Wohnungsnot, Stefanie Hubig, Enteignung, Friedrich Merz, Bundesregierung, Wohnen;2026-07-24T13:24:57+02:00;2026-07-24T13:24:57+02:00;ale;DIE ZEIT,        AFP,        							ale;false
51eb7bd7ff976f519b19ad1262b28999071ad8fbb323f50be973244d3f335c6a;UN warnen: Isolierte Seeleute in Straße von Hormus in Not;https://www.zeit.de/news/2026-07/24/trump-iran-muss-ab-sofort-fuer-schaeden-an-schiffen-zahlen;Hier finden Sie Informationen zu dem Thema „Konflikte“. Lesen Sie jetzt „UN warnen: Isolierte Seeleute in Straße von Hormus in Not“.;Konflikte;News, Konflikte, Donald Trump, Iran, Straße von Hormus, Schiff;2026-07-24T13:23:49+02:00;2026-07-24T13:23:49+02:00;;dpa;false
9ef5549004a61b3cbca74f737bcdc9e4705804612feefa334de723ff8dd26b26;Einsturzgefahr: Behörde untersagt Nutzung eines Wohnhauses;https://www.zeit.de/news/2026-07/24/einsturzgefahr-behoerde-untersagt-nutzung-eines-wohnhauses;Hier finden Sie Informationen zu dem Thema „Risse an tragenden Teilen“. Lesen Sie jetzt „Einsturzgefahr: Behörde untersagt Nutzung eines Wohnhauses“.;Risse an tragenden Teilen;News, Risse an tragenden Teilen, Hamburg-Altona, Altona, Deutsche Presse-Agentur, Polizei, Einsturzgefahr, Ersatzunterbringung, Holstenstraße, Nutzung;2026-07-24T13:22:42+02:00;2026-07-24T13:22:42+02:00;;dpa Hamburg/Schleswig-Holstein;false
2c1de81aa79d48c795ccd66669454a178265de0a0d5d5f0fdb138eb0bfa67dda;Temperaturen von mehr als 30 Grad erwartet;https://www.zeit.de/gesellschaft/zeitgeschehen/2026-07/wetter-deutschland-hitze-temperaturen-wochenende-vorhersage;Der Sommer kommt zurück: Für die kommende Woche rechnet der Deutsche Wetterdienst mit hochsommerlichen Temperaturen. Im Südwesten sind sogar 37 Grad möglich.;Wetter in Deutschland;Gesellschaft, Wetter in Deutschland, Wetter, Hitze, DWD, Bayern;2026-07-24T13:21:46+02:00;2026-07-24T13:21:46+02:00;mpi;DIE ZEIT,        dpa,        							mpi;false
15e03769a36939343e7253ac4cb98a384c34c4c5a5d84b52d46075550e3beb8a;ÖDP: Unterschriftensammlung stößt auf große Resonanz;https://www.zeit.de/news/2026-07/24/oedp-unterschriftensammlung-stoesst-auf-grosse-resonanz;Hier finden Sie Informationen zu dem Thema „Neues Volksbegehren“. Lesen Sie jetzt „ÖDP: Unterschriftensammlung stößt auf große Resonanz“.;Neues Volksbegehren;News, Neues Volksbegehren, Agnes Becker, ÖDP, Unterschriftensammlung, Volksbegehren, Resonanz, Unterschriftenliste;2026-07-24T13:20:54+02:00;2026-07-24T13:20:54+02:00;;dpa Bayern;false
d8c1bd7c9c746ebe91702709403e8a76cb05f69d2655d1acc1b8781f6f2f3d2f;Legionellen-Befall und zwei Tote: Bislang keine Ermittlungen;https://www.zeit.de/news/2026-07/24/legionellen-befall-und-zwei-tote-bislang-keine-ermittlungen;Hier finden Sie Informationen zu dem Thema „Gesundheitsgefahren“. Lesen Sie jetzt „Legionellen-Befall und zwei Tote: Bislang keine Ermittlungen“.;Gesundheitsgefahren;News, Gesundheitsgefahren, Patrick Larscheid, Berlin, Reinickendorf, Berlin-Tegel, Tagesspiegel, Staatsanwaltschaft, Polizei, Legionellen, Gesundheitsgefahr, Seniorenwohnhaus;2026-07-24T13:20:46+02:00;2026-07-24T13:20:46+02:00;;dpa Berlin/Brandenburg;false
cc1664007767b2db2a4dfc872f3281c11eb9a35365aba1f8fec6707cfe196ee6;Ukraine: Russland hat Kriegsgefangenen erschossen;https://www.zeit.de/news/2026-07/24/ukraine-russland-hat-kriegsgefangenen-erschossen;Hier finden Sie Informationen zu dem Thema „Ukraine-Krieg“. Lesen Sie jetzt „Ukraine: Russland hat Kriegsgefangenen erschossen“.;Ukraine-Krieg;News, Ukraine-Krieg, Russland, Staatsanwaltschaft, Streitkräfte, Krieg in der Ukraine, Militär;2026-07-24T13:20:15+02:00;2026-07-24T13:20:15+02:00;;dpa;false
82c8b5ae03624cd62331b54e35fbe7549bb7e619c1d027ce633a8cd2f02d7ed8;Kurz vor Fristende: Trump findet neues Schlupfloch für Zölle;https://www.zeit.de/news/2026-07/24/kurz-vor-fristende-trump-findet-neues-schlupfloch-fuer-zoelle;Hier finden Sie Informationen zu dem Thema „Zollkonflikt“. Lesen Sie jetzt „Kurz vor Fristende: Trump findet neues Schlupfloch für Zölle“.;Zollkonflikt;News, Zollkonflikt, Donald Trump, Jamieson Greer, USA, Taiwan, Japan, Schweiz, Republikaner (USA), EU, Europäische Union, Center for American Progress;2026-07-24T13:17:39+02:00;2026-07-24T13:17:39+02:00;;dpa;false
abbf4a3fedd1fc9c6f83f887a6fe37b10a131a594c810b623ff02cbb9e007b2b;WHO: Mehrere Fälle von West-Nil-Fieber in Südeuropa;https://www.zeit.de/news/2026-07/24/who-mehrere-faelle-von-west-nil-fieber-in-suedeuropa;Hier finden Sie Informationen zu dem Thema „Infektionskrankheit“. Lesen Sie jetzt „WHO: Mehrere Fälle von West-Nil-Fieber in Südeuropa“.;Infektionskrankheit;News, Infektionskrankheit, Südeuropa, Griechenland, Italien, Europa, Kopenhagen, Weltgesundheitsorganisation, WHO, RKI, Infektionskrankheit, Erkrankung;2026-07-24T13:13:30+02:00;2026-07-24T13:13:30+02:00;;dpa;false
0a72ee9c4d93730344dab6a1857cf5270a1cb87c8fb0ac4b6e8f51294aae4bd3;Versuchter mutmaßlicher Femizid in Stuttgarter Einkaufszentrum;https://www.zeit.de/gesellschaft/zeitgeschehen/2026-07/stuttgart-angriff-einkaufszentrum-messer-feuer-ehefrau;Eine Frau schwebt nach einem Messerangriff in Stuttgart in Lebensgefahr. Täter ist mutmaßlich ihr Ehemann. Er wird dem Haftrichter vorgeführt.;Messerangriff in Stuttgart;Gesellschaft, Messerangriff in Stuttgart, Femizid, Stuttgart, Körperverletzung, Polizei, Ermittlung;2026-07-24T13:13:18+02:00;2026-07-24T13:13:18+02:00;kzi;DIE ZEIT,        dpa,        							kzi;false
cde3b736136ff732e43be90ea408252bd956581e222c161f2f2c666d613a5651;Buckelwal-Sichtung in Flensburger Förde;https://www.zeit.de/news/2026-07/24/buckelwal-sichtung-in-flensburger-foerde;Hier finden Sie Informationen zu dem Thema „Tiere“. Lesen Sie jetzt „Buckelwal-Sichtung in Flensburger Förde“.;Tiere;News, Tiere, Flensburger Förde, Kieler Förde, Flensburg, BMU, Sichtung, Buckelwal, Tiere;2026-07-24T13:09:35+02:00;2026-07-24T13:09:35+02:00;;dpa;false
a2b4070d08f82d0810cf6e5862252a05acfcca9e5b4b2c791b922e64b55640e0;Festnahme nach Steinwurf aus Hochhaus auf Polizeiauto;https://www.zeit.de/news/2026-07/24/festnahme-nach-steinwurf-aus-hochhaus-auf-polizeiauto;Hier finden Sie Informationen zu dem Thema „Angriff auf Polizisten“. Lesen Sie jetzt „Festnahme nach Steinwurf aus Hochhaus auf Polizeiauto“.;Angriff auf Polizisten;News, Angriff auf Polizisten, Polizei, Staatsanwaltschaft, Polizeiauto, Steinwurf, Pflasterstein, Angriff, Festnahme;2026-07-24T13:09:13+02:00;2026-07-24T13:09:13+02:00;;dpa Hamburg/Schleswig-Holstein;false
aca1fd661301ff01dc37fea36c2b249031b0ff00fde4558f36e0eb3c751fa37a;Diese Extremisten bedrohen das Land am stärksten;https://www.zeit.de/news/2026-07/24/die-groessten-bedrohungen-fuer-den-staat;Hier finden Sie Informationen zu dem Thema „Verfassungsschutzbericht“. Lesen Sie jetzt „Diese Extremisten bedrohen das Land am stärksten“.;Verfassungsschutzbericht;News, Verfassungsschutzbericht, Manuel Hagel, Mann, Russland, Stuttgart, China, Baden-Württemberg, CDU, Verfassungsschutz, Innenministerium, Geheimdienst;2026-07-24T13:08:05+02:00;2026-07-24T13:08:05+02:00;;dpa Baden-Württemberg;false
faeee4dcfb6b9959f46ddefea32d19626d8f9846a1e10e957225750f2f1d93e0;Hitlers Lieblings-Oper? Warum «Rienzi» so speziell ist;https://www.zeit.de/news/2026-07/24/bayreuther-rienzi-fragt-nach-dem-ende-der-demokratie;Hier finden Sie Informationen zu dem Thema „Bayreuther Festspiele“. Lesen Sie jetzt „Hitlers Lieblings-Oper? Warum «Rienzi» so speziell ist“.;Bayreuther Festspiele;News, Bayreuther Festspiele, Alexandra Szemerédy, Adolf Hitler, Bayreuth, Bayreuther Festspiele, Oper;2026-07-24T13:03:53+02:00;2026-07-24T13:03:53+02:00;;dpa;false
547a35d50c3e9eba71d15058f9941b599d67ec5f9ffeefd17951b261794c11b9;EU-Kommission wirft TikTok unzureichenden Schutz von Kindern vor;https://www.zeit.de/politik/ausland/2026-07/tiktok-eu-kommission-kinderschutz-minderjaehrige-gxe;Minderjährige können auf TikTok ein öffentlich zugängliches Profil anlegen. Die EU-Kommission kritisiert das als Einfallstor für Cybermobbing und fordert besseren Schutz.;Social Media;Digital, Social Media, EU-Kommission, Soziale Medien, Jugendschutz, Europäische Union, TikTok, Kinder;2026-07-24T13:00:11+02:00;2026-07-24T13:00:11+02:00;tlf;DIE ZEIT,        AFP,        dpa,        							tlf;false
4822feb3a64c246326c37e1324361d543c279b9f1e81d1f9fba794e4c74be7e7;Rote Ampel missachtet - Unfall mit Zug endet glimpflich;https://www.zeit.de/news/2026-07/24/rote-ampel-missachtet-unfall-mit-zug-endet-glimpflich;Hier finden Sie Informationen zu dem Thema „Bahnunfall“. Lesen Sie jetzt „Rote Ampel missachtet - Unfall mit Zug endet glimpflich“.;Bahnunfall;News, Bahnunfall, Kaiserslautern, Katzweiler, Landkreis Kaiserslautern, Unfall, Bahnunfall, Zusammenprall, Auto;2026-07-24T12:58:10+02:00;2026-07-24T12:58:10+02:00;;dpa Rheinland-Pfalz/Saarland;false
8335c5fe9493f0e549b81011980f0c811c0aa068f7992decee5ca6b2108a0f07;Geld radelt ins Gelbe Trikot;https://www.zeit.de/sport/2026-07/budget-tour-de-france-teams-sponsoren-radsport;Die Tour ist eine Zweiklassengesellschaft: Weil sich nur ganz wenige Teams die Topfahrer wie Tadej Pogačar leisten können. Der Rest muss sich andere Ziele setzen.;"Z+ (abopflichtiger Inhalt);
        
    Budgets der Tour-de-France-Teams";Sport, Budgets der Tour-de-France-Teams, Tour de France, Radsport, Sponsoring, Profisport;2026-07-24T12:56:42+02:00;2026-07-24T12:56:42+02:00;Stephan Klemm;;false
f9bc0059d6c088493c4599363f72aa006523880ded0820f46483c956479f5506;Krankschreibungen: Weniger Grippe, mehr psychische Leiden;https://www.zeit.de/news/2026-07/24/krankschreibungen-weniger-grippe-mehr-psychische-leiden;Hier finden Sie Informationen zu dem Thema „Krankenstand“. Lesen Sie jetzt „Krankschreibungen: Weniger Grippe, mehr psychische Leiden“.;Krankenstand;News, Krankenstand, Sachsen, DAK, Krankschreibung, Grippe, Krankenstand, psychische Erkrankung, Coronavirus;2026-07-24T12:56:03+02:00;2026-07-24T12:56:03+02:00;;dpa Sachsen;false
0bca183bbbabea60a22ba70448522a27c69d15c7b6e975800559b811033aa8d8;Radfahrerin wird von Lastwagen erfasst und stirbt;https://www.zeit.de/news/2026-07/24/radfahrerin-wird-von-lastwagen-erfasst-und-stirbt;Hier finden Sie Informationen zu dem Thema „Unfall im Alb-Donau-Kreis“. Lesen Sie jetzt „Radfahrerin wird von Lastwagen erfasst und stirbt“.;Unfall im Alb-Donau-Kreis;News, Unfall im Alb-Donau-Kreis, Langenau, Alb-Donau-Kreis, Unfall;2026-07-24T12:55:21+02:00;2026-07-24T12:55:21+02:00;;dpa Baden-Württemberg;false
d580e27578843d9b2a3729656687ee5c8ac8ee2806fa560fa8dffb6263a4753d;Polzins Sommerpause: Zeit nehmen, um über sich nachzudenken;https://www.zeit.de/news/2026-07/24/polzins-sommerpause-zeit-nehmen-um-ueber-sich-nachzudenken;Hier finden Sie Informationen zu dem Thema „HSV-Cheftrainer“. Lesen Sie jetzt „Polzins Sommerpause: Zeit nehmen, um über sich nachzudenken“.;HSV-Cheftrainer;News, HSV-Cheftrainer, Merlin Polzin, Hamburger SV, Fußball-Bundesliga, Bundesliga, Sommerpause;2026-07-24T12:42:41+02:00;2026-07-24T12:42:41+02:00;;dpa Hamburg/Schleswig-Holstein;false
3bb840c741cb5e3d2027f6a1d02974a2135b2cd1c892ecce66e2760145417baa;Angebliche Bankmitarbeiterin betrügt Mann um 35.000 Euro;https://www.zeit.de/news/2026-07/24/angebliche-bankmitarbeiterin-betruegt-mann-um-35-000-euro;Hier finden Sie Informationen zu dem Thema „Betrugsmasche“. Lesen Sie jetzt „Angebliche Bankmitarbeiterin betrügt Mann um 35.000 Euro“.;Betrugsmasche;News, Betrugsmasche, Landkreis Hildburghausen, Polizei, Betrugsmasche;2026-07-24T12:38:51+02:00;2026-07-24T12:38:51+02:00;;dpa Thüringen;false
5bae13185f546793ee7bd20003553292f44d720603b29083d542715f32ff45d3;EM-Stadionkletterer zahlt 7.000 Euro an Polizeikosten;https://www.zeit.de/news/2026-07/24/em-stadionkletterer-zahlt-7-000-euro-an-polizeikosten;Hier finden Sie Informationen zu dem Thema „Gerichtliche Einigung“. Lesen Sie jetzt „EM-Stadionkletterer zahlt 7.000 Euro an Polizeikosten“.;Gerichtliche Einigung;News, Gerichtliche Einigung, Gelsenkirchen, Dortmund, Verwaltungsgericht, Polizei, Polizeikosten, Klettertour, Dachkonstruktion;2026-07-24T12:34:24+02:00;2026-07-24T12:34:24+02:00;;dpa Niedersachsen;false
b104b8de6125d3310d94acd8207954bcb3accaf0a987aa3b20239016a0c55777;Wüst freut sich im neuen Kabinett über «Macher» aus NRW;https://www.zeit.de/news/2026-07/24/wuest-freut-sich-im-neuen-kabinett-ueber-macher-aus-nrw;Hier finden Sie Informationen zu dem Thema „Nach Kabinettsumbildung“. Lesen Sie jetzt „Wüst freut sich im neuen Kabinett über «Macher» aus NRW“.;Nach Kabinettsumbildung;News, Nach Kabinettsumbildung, Carsten Linnemann, Hendrik Wüst, NRW, Nordrhein-Westfalen, CDU, Kabinettsumbildung;2026-07-24T12:33:19+02:00;2026-07-24T12:33:19+02:00;;dpa Nordrhein-Westfalen;false
35511380f776236568e1c02301a094e6f1682d0fb3a8421da94c04154a83bb65;»Das Beste, was Fußballdeutschland jetzt passieren kann«;https://www.zeit.de/sport/2026-07/juergen-klopp-bundestrainer-dfb-bernd-neuendorf;Die Sportwelt ist voll des Lobes über den neuen Bundestrainer. Jürgen Klopp habe es »auf perfekte Weise« verstanden, Spieler zu führen, sagt Mario Götze.;Jürgen Klopp als neuer Bundestrainer;Sport, Jürgen Klopp als neuer Bundestrainer, Jürgen Klopp, Deutscher Fußball-Bund, DFB-Präsident, Bundestrainer, Julian Nagelsmann, Trainer;2026-07-24T12:32:51+02:00;2026-07-24T12:32:51+02:00;kzi;DIE ZEIT,        SID,        							kzi;false
460ff3aaa0cd3eefbe91dfd68ef34a294577b9a391a5e50eebc51481ade6de26;Zahnmediziner: Sehen immer mehr Menschen ohne Versorgung;https://www.zeit.de/news/2026-07/24/zahnmediziner-sehen-immer-mehr-menschen-ohne-versorgung;Hier finden Sie Informationen zu dem Thema „Besuch beim Zahnarzt“. Lesen Sie jetzt „Zahnmediziner: Sehen immer mehr Menschen ohne Versorgung“.;Besuch beim Zahnarzt;News, Besuch beim Zahnarzt, Brandenburg an der Havel, Brandenburg, Zahnmedizin, Versorgung;2026-07-24T12:31:01+02:00;2026-07-24T12:31:01+02:00;;dpa Berlin/Brandenburg;false
b357c07520d93f4a6315d0f7319600f50d11909d430ce70eefcf7efafb08a3d8;Rewe-Reisekonzern übernimmt komplett Rostocker Hotelgruppe;https://www.zeit.de/news/2026-07/24/rewe-reisekonzern-uebernimmt-komplett-rostocker-hotelgruppe;Hier finden Sie Informationen zu dem Thema „Reisen“. Lesen Sie jetzt „Rewe-Reisekonzern übernimmt komplett Rostocker Hotelgruppe“.;Reisen;News, Reisen, Österreich, Italien, Rostock, Dertour, Rewe, Reisen, Hotelgruppe, Seereederei;2026-07-24T12:30:04+02:00;2026-07-24T12:30:04+02:00;;dpa Hamburg/Schleswig-Holstein;false
231f69e745076e7dac868f160ea4446ecfd82eea63feea94ac22d68f6183f6d5;Mehr als 40 Prozent weniger Schleuserkriminalität;https://www.zeit.de/news/2026-07/24/mehr-als-40-prozent-weniger-schleuserkriminalitaet;Hier finden Sie Informationen zu dem Thema „Migration“. Lesen Sie jetzt „Mehr als 40 Prozent weniger Schleuserkriminalität“.;Migration;News, Migration, Europa, Bundespolizei, Schleuserkriminalität, Migration, Lagebild, Schleusung;2026-07-24T12:29:46+02:00;2026-07-24T12:29:46+02:00;;dpa;false
fe44c4d838f482c047374aaed196d074b9eea564cd8f6ad051fdb4a67ea0284d;Matratze brennt im Treppenhaus: Vier Menschen im Krankenhaus;https://www.zeit.de/news/2026-07/24/matratze-brennt-im-treppenhaus-evakuierung-von-75-menschen;Hier finden Sie Informationen zu dem Thema „Mehrfamilienhaus“. Lesen Sie jetzt „Matratze brennt im Treppenhaus: Vier Menschen im Krankenhaus“.;Mehrfamilienhaus;News, Mehrfamilienhaus, Polizei, Matratze, Treppenhaus, Evakuierung;2026-07-24T12:29:13+02:00;2026-07-24T12:29:13+02:00;;dpa Nordrhein-Westfalen;false
ba6ea43739884b82812703b4c3f2b4e596cbca5fc08e6c57c1fc99c3e8763e3e;Jürgen Klopp wird Bundestrainer;https://www.zeit.de/sport/2026-07/dfb-bestaetigt-juergen-klopp-wird-bundestrainer-gxe;"Die Fußball-Nationalmannschaft wird künftig von Jürgen Klopp trainiert. »Ich hab’ Bock«, sagte der 59-Jährige. Per Mertesacker übernimmt als DFB-Geschäftsführer Sport. 
";DFB;Sport, DFB, Jürgen Klopp, Deutscher Fußball-Bund, Bundestrainer, Trainer, Fußball;2026-07-24T12:29:00+02:00;2026-07-24T12:29:00+02:00;mpi;DIE ZEIT,        dpa,        SID,        							mpi;false
3ab0b91e6740aef6ea664387e96359371a1e9788e47eb05c74d9221f1665ce55;Blume will VW-Sparpaket bis Jahresende festzurren;https://www.zeit.de/news/2026-07/24/blume-will-vw-sparpaket-bis-jahresende-festzurren;Hier finden Sie Informationen zu dem Thema „Volkswagen“. Lesen Sie jetzt „Blume will VW-Sparpaket bis Jahresende festzurren“.;Volkswagen;News, Volkswagen, Oliver Blume, Volkswagen, VW, Jahresende;2026-07-24T12:28:27+02:00;2026-07-24T12:28:27+02:00;;dpa Sachsen;false
4d40efffb9e1dbcda92f424633e3dfd1f60471f456d5e80f10294bdf6d29e15e;»Viele Leihmütter vermeiden Wörter wie ›Honorar‹«;https://www.zeit.de/familie/2026-07/leihmutterschaft-usa-arbeit-kinderwunsch-heather-jacobson;Die meisten Leihmütter in den USA werden bezahlt, sehen Leihmutterschaft aber nicht als einen Job. Die Soziologin Heather Jacobson findet: Man sollte das Arbeit nennen.;"Z+ (abopflichtiger Inhalt);
        
    Leihmutterschaft in den USA";Familie, Leihmutterschaft in den USA, Leihmutterschaft, Soziologie, Kinderwunsch, Frauen, USA, Familie, Kinder;2026-07-24T12:28:23+02:00;2026-07-24T12:28:23+02:00;Wlada Kolosowa;;false
882f4dba66733b740477a370cd2957cace5ec8942ea0089b965d045f093544e7;Fischbrötchen-Wahlkampagne - Superidee oder geschmacklos?;https://www.zeit.de/news/2026-07/24/fischbroetchen-wahlkampagne-superidee-oder-geschmacklos;Hier finden Sie Informationen zu dem Thema „Wahlkampf“. Lesen Sie jetzt „Fischbrötchen-Wahlkampagne - Superidee oder geschmacklos?“.;Wahlkampf;News, Wahlkampf, Lilly Blaudszun, Daniel Peters, Mecklenburg-Vorpommern, CDU, SPD, X, Alternative für Deutschland, Landtagswahl, Superidee, Fischbrötchen;2026-07-24T12:27:23+02:00;2026-07-24T12:27:23+02:00;;dpa Mecklenburg-Vorpommern;false
593cd34b212ff5699056a3aa7a1f78747151cf619c396fec95c0fbeed47645aa;Hass-Video: Uni prüft Exmatrikulation;https://www.zeit.de/news/2026-07/24/hass-video-uni-prueft-exmatrikulation;Hier finden Sie Informationen zu dem Thema „Skandal“. Lesen Sie jetzt „Hass-Video: Uni prüft Exmatrikulation“.;Skandal;News, Skandal, Astrid Bergmeister, Krefeld, Düsseldorf, Duisburg, Universität Duisburg-Essen, CDU, Deutsche Presse-Agentur, WAZ, Exmatrikulation, Muslime;2026-07-24T12:26:22+02:00;2026-07-24T12:26:22+02:00;;dpa Nordrhein-Westfalen;false
5c16a3293258bd8f8b0d37178c6b5384dd3c304b7401ab91f6cf0197cd3ed050;Spezialisten entfernen erstes Nest der Asiatischen Hornisse;https://www.zeit.de/news/2026-07/24/spezialisten-entfernen-erstes-nest-der-asiatischen-hornisse;Hier finden Sie Informationen zu dem Thema „Invasive Art in Brandenburg“. Lesen Sie jetzt „Spezialisten entfernen erstes Nest der Asiatischen Hornisse“.;Invasive Art in Brandenburg;News, Invasive Art in Brandenburg, Brandenburg, Hornisse, Spezialausrüstung, Imkerverband, Dachvorsprung;2026-07-24T12:26:14+02:00;2026-07-24T12:26:14+02:00;;dpa Berlin/Brandenburg;false
b2e5244f8cdc59c0348b16228dc3dc5278d4961a3b909b600a75921635383928;Achtjährige sexuell belästigt – Jugendlicher festgenommen;https://www.zeit.de/news/2026-07/24/achtjaehrige-sexuell-belaestigt-jugendlicher-festgenommen;Hier finden Sie Informationen zu dem Thema „An Jugendtreff“. Lesen Sie jetzt „Achtjährige sexuell belästigt – Jugendlicher festgenommen“.;An Jugendtreff;News, An Jugendtreff, Dotternhausen, Jugendtreff, Jugendtreffpunkt;2026-07-24T12:25:55+02:00;2026-07-24T12:25:55+02:00;;dpa Baden-Württemberg;false
ba8849b9ad7d1d4a3437c72fff3e839823f55bd8555c7e8eb2d7768b31f83275;Rumänien schießt fremde Drohne im eigenen Luftraum ab;https://www.zeit.de/news/2026-07/24/rumaenien-schiesst-fremde-drohne-im-eigenen-luftraum-ab;Hier finden Sie Informationen zu dem Thema „Ukraine-Krieg“. Lesen Sie jetzt „Rumänien schießt fremde Drohne im eigenen Luftraum ab“.;Ukraine-Krieg;News, Ukraine-Krieg, Rumänien, Bukarest, Padina, Luftwaffe, Verteidigungsministerium, Europäische Union, Luftraum, Krieg in der Ukraine;2026-07-24T12:25:21+02:00;2026-07-24T12:25:21+02:00;;dpa;false
28177d611384c20c90f034a99174147d4da8d064723f5384fb4b1f8fa2ecfb68;Steidl Verlag verlässt vorläufiges Insolvenzverfahren;https://www.zeit.de/news/2026-07/24/steidl-verlag-verlaesst-vorlaeufiges-insolvenzverfahren;Hier finden Sie Informationen zu dem Thema „Literatur“. Lesen Sie jetzt „Steidl Verlag verlässt vorläufiges Insolvenzverfahren“.;Literatur;News, Literatur, Göttingen, Steidl, Amtsgericht, Insolvenzverfahren, Verlag;2026-07-24T12:23:06+02:00;2026-07-24T12:23:06+02:00;;dpa Niedersachsen;false
2141b4ff1d111c7c8ddeaf384fb9c35612d8d55694cdf3508145f65ac726b24e;Niederwalddenkmal nach Farbattacke wieder gereinigt;https://www.zeit.de/news/2026-07/24/niederwalddenkmal-nach-farbattacke-wieder-gereinigt;Hier finden Sie Informationen zu dem Thema „Rüdesheim am Rhein“. Lesen Sie jetzt „Niederwalddenkmal nach Farbattacke wieder gereinigt“.;Rüdesheim am Rhein;News, Rüdesheim am Rhein, Rüdesheim am Rhein, Rhein, Niederwalddenkmal, Farbattacke;2026-07-24T12:22:54+02:00;2026-07-24T12:22:54+02:00;;dpa Hessen;false
0e5e2e9dd3b83e1282a14b5c3343a1bed3d71ad10925d22137e4c8d906cf266a;Minister: Mehr Konsequenz bei Ausreisepflicht von Afghanen;https://www.zeit.de/news/2026-07/24/minister-mehr-konsequenz-bei-ausreisepflicht-von-afghanen;Hier finden Sie Informationen zu dem Thema „Migrationspolitik“. Lesen Sie jetzt „Minister: Mehr Konsequenz bei Ausreisepflicht von Afghanen“.;Migrationspolitik;News, Migrationspolitik, Mainz, Rheinland-Pfalz, Afghanistan, Innenministerium, CDU, Ausreisepflicht, Migrationspolitik, Konsequenz, Abschiebung, Ausländerbehörde;2026-07-24T12:19:27+02:00;2026-07-24T12:19:27+02:00;;dpa Rheinland-Pfalz/Saarland;false
f7999bcee01c1437a90e1cc53a185b237ee24e842f0a54c48202151f6fb03898;Senior bedroht Lkw-Fahrer auf Bauernhof mit Gewehr;https://www.zeit.de/news/2026-07/24/senior-bedroht-lkw-fahrer-auf-bauernhof-mit-gewehr;Hier finden Sie Informationen zu dem Thema „Größerer Polizeieinsatz“. Lesen Sie jetzt „Senior bedroht Lkw-Fahrer auf Bauernhof mit Gewehr“.;Größerer Polizeieinsatz;News, Größerer Polizeieinsatz, Allgäu, Polizei, Bauernhof, Polizeieinsatz, Luftgewehr;2026-07-24T12:18:50+02:00;2026-07-24T12:18:50+02:00;;dpa Baden-Württemberg;false
e07e9712a08355bb1378fb13d19b99e284b796b87710516fc5f0653f55014347;Staatliche Kunstsammlungen Dresden feiern Gründungsvater;https://www.zeit.de/news/2026-07/24/staatliche-kunstsammlungen-dresden-feiern-gruendungsvater;Hier finden Sie Informationen zu dem Thema „Ausstellungen“. Lesen Sie jetzt „Staatliche Kunstsammlungen Dresden feiern Gründungsvater“.;Ausstellungen;News, Ausstellungen, Dresden, Staatliche Kunstsammlungen Dresden, Kunstsammlung;2026-07-24T12:18:40+02:00;2026-07-24T12:18:40+02:00;;dpa Sachsen;false
f9307b127020aedfa3c80bc2200541b06ccfd19f6d3f6b31282a5008f9ce4d5e;Klopp: Fußball kann «ein Land verändern»;https://www.zeit.de/news/2026-07/24/bericht-dfb-macht-mertesacker-zum-geschaeftsfuehrer;Hier finden Sie Informationen zu dem Thema „Nationalmannschaft“. Lesen Sie jetzt „Klopp: Fußball kann «ein Land verändern»“.;Nationalmannschaft;News, Nationalmannschaft, Jürgen Klopp, Andreas Rettig, Per Mertesacker, Deutscher Fußball-Bund, RTL, FC Arsenal, Bundestrainer, Fußballnationalmannschaft;2026-07-24T12:17:06+02:00;2026-07-24T12:17:06+02:00;;dpa Sport;false
ead3e459da926b7f006eb6ea477b41f5f73248f983edcbeacb94b4f241b3d0c0;USA verhängen neue Zölle gegen 60 Handelspartner;https://www.zeit.de/news/2026-07/23/zwangsarbeit-trump-kuendigt-zoelle-gegen-60-handelspartner-an;Hier finden Sie Informationen zu dem Thema „Zollkonflikt“. Lesen Sie jetzt „USA verhängen neue Zölle gegen 60 Handelspartner“.;Zollkonflikt;News, Zollkonflikt, Jamieson Greer, Taiwan, Japan, Schweiz, EU, Europäische Union, Zwangsarbeit, Zoll, Zollkonflikt, Importe;2026-07-24T12:15:35+02:00;2026-07-24T12:15:35+02:00;;dpa;false
6da9460ec4bb313da287bd901ab393261c66f45e89d906683615d9e1e90d9254;Weniger Parteien bei Berlin-Wahl;https://www.zeit.de/news/2026-07/24/weniger-parteien-bei-berlin-wahl;Hier finden Sie Informationen zu dem Thema „Wahlgang im September“. Lesen Sie jetzt „Weniger Parteien bei Berlin-Wahl“.;Wahlgang im September;News, Wahlgang im September, Berlin, Wahlgang, Bezirksliste, Abgeordnetenhaus, Landeswahlamt;2026-07-24T12:15:32+02:00;2026-07-24T12:15:32+02:00;;dpa Berlin/Brandenburg;false
2391ac2388da66599def80f5a6fa2d4339d8c40319126fbb5f4640e52348f244;Klopp-Berater Kosicke erhält Job beim DFB-Team;https://www.zeit.de/news/2026-07/24/das-sind-die-ersten-aufgaben-von-klopp-als-bundestrainer;Hier finden Sie Informationen zu dem Thema „Fußball-Nationalmannschaft“. Lesen Sie jetzt „Klopp-Berater Kosicke erhält Job beim DFB-Team“.;Fußball-Nationalmannschaft;News, Fußball-Nationalmannschaft, Jürgen Klopp, Joshua Kimmich, Sven Bender, Rudi Völler, Manuel Neuer, Deutscher Fußball-Bund, FC Bayern München, Bundestrainer, Fußballnationalmannschaft;2026-07-24T12:15:06+02:00;2026-07-24T12:15:06+02:00;;dpa;false
88d0f0522af3a40fc12142ba4e84689b22df13086c102a7310492ff48ef2b6e6;Ernte im Norden läuft mit großen regionalen Unterschieden;https://www.zeit.de/news/2026-07/24/ernte-im-norden-laeuft-mit-grossen-regionalen-unterschieden;Hier finden Sie Informationen zu dem Thema „Ernte-Zwischenbilanz“. Lesen Sie jetzt „Ernte im Norden läuft mit großen regionalen Unterschieden“.;Ernte-Zwischenbilanz;News, Ernte-Zwischenbilanz, Rendsburg, Schleswig-Holstein, Ernte, Wintergerste, Erfolg;2026-07-24T12:13:08+02:00;2026-07-24T12:13:08+02:00;;dpa Hamburg/Schleswig-Holstein;false
26999c3cff384ff02cfeeb591c0e8cae8da1ab334efc78266af9fa0e3376e350;Besten Freund erstochen? 21-Jähriger steht vor Gericht;https://www.zeit.de/news/2026-07/24/prozess-21-jaehriger-soll-guten-kumpel-erstochen-haben;Hier finden Sie Informationen zu dem Thema „Kriminalität“. Lesen Sie jetzt „Besten Freund erstochen? 21-Jähriger steht vor Gericht“.;Kriminalität;News, Kriminalität, Bremen, Staatsanwaltschaft;2026-07-24T12:10:15+02:00;2026-07-24T12:10:15+02:00;;dpa Niedersachsen;false
ca98b4e7d7c37382089e3e0290e4702586cb9f101f9d33ef227e87ebb1abe5c3;91-jähriger Biker stürzt von Motorrad – leicht verletzt;https://www.zeit.de/news/2026-07/24/91-jaehriger-biker-stuerzt-von-motorrad-leicht-verletzt;Hier finden Sie Informationen zu dem Thema „Autobahn 9“. Lesen Sie jetzt „91-jähriger Biker stürzt von Motorrad – leicht verletzt“.;Autobahn 9;News, Autobahn 9, Polizei, Motorrad, Unfall, Baustellenabsperrung, Autobahn;2026-07-24T12:04:50+02:00;2026-07-24T12:04:50+02:00;;dpa Bayern;false
406b51fc80a07b2aefc7e06196207f1a0443ebcad173d79924ea9c0f7944f369;84-Jährige tot nach Brand in Wohnung gefunden;https://www.zeit.de/news/2026-07/24/toter-mensch-nach-brand-in-pflegeheim-gefunden;Hier finden Sie Informationen zu dem Thema „Mittelfranken“. Lesen Sie jetzt „84-Jährige tot nach Brand in Wohnung gefunden“.;Mittelfranken;News, Mittelfranken, Mittelfranken, Pflegeheim, Rettungskraft;2026-07-24T12:04:19+02:00;2026-07-24T12:04:19+02:00;;dpa Bayern;false
9011099920785abb8dd8eac6dc64ea990b7130ab1a91a08e0d4626311999ff1c;EU: TikTok gefährdet Kinder und Jugendliche - Strafe droht;https://www.zeit.de/news/2026-07/24/eu-tiktok-gefaehrdet-kinder-und-jugendliche-strafe-droht;Hier finden Sie Informationen zu dem Thema „Soziale Medien“. Lesen Sie jetzt „EU: TikTok gefährdet Kinder und Jugendliche - Strafe droht“.;Soziale Medien;News, Soziale Medien, Europäische Union, TikTok, Schutzstandard, Ermittlungsergebnis;2026-07-24T12:03:11+02:00;2026-07-24T12:03:11+02:00;;dpa;false
29070ed719e58666d20b3ab24d56458de49719b86cc60058b4d389ecb536d5e8;Brände am Atlantik: Frankreich evakuiert 63.000 Menschen;https://www.zeit.de/news/2026-07/24/kampf-gegen-waldbraende-in-frankreich-dauert-an;Hier finden Sie Informationen zu dem Thema „Feuer außer Kontrolle“. Lesen Sie jetzt „Brände am Atlantik: Frankreich evakuiert 63.000 Menschen“.;Feuer außer Kontrolle;News, Feuer außer Kontrolle, Frankreich, Atlantikküste, Südfrankreich, Feuerwehr, Waldbrand, Löschflugzeug, Großaufgebot, Wald;2026-07-24T11:59:26+02:00;2026-07-24T11:59:26+02:00;;dpa;false
6b55434f1b68db2d9d6ce8f0d38d4539faa0f0f0a414473c463a927f31906582;DFB: Eine Million für Red Bull und Länderspiele in Leipzig;https://www.zeit.de/news/2026-07/24/dfb-eine-million-fuer-rb-und-drei-laenderspiele-in-leipzig;Hier finden Sie Informationen zu dem Thema „Wegen Klopp-Freigabe“. Lesen Sie jetzt „DFB: Eine Million für Red Bull und Länderspiele in Leipzig“.;Wegen Klopp-Freigabe;News, Wegen Klopp-Freigabe, Jürgen Klopp, Bernd Neuendorf, DFB-Präsident, Leipzig, Deutscher Fußball-Bund, Red Bull, Länderspiel, Freigabe;2026-07-24T11:59:07+02:00;2026-07-24T11:59:07+02:00;;dpa;false
a740296c67be7da66331588f56903c1434b65d668db528e17eb289e10d50054f;Kühlmittel auf Werksgelände ausgetreten – Polizei ermittelt;https://www.zeit.de/news/2026-07/24/kuehlmittel-auf-werksgelaende-ausgetreten-polizei-ermittelt;Hier finden Sie Informationen zu dem Thema „Umweltverschmutzung“. Lesen Sie jetzt „Kühlmittel auf Werksgelände ausgetreten – Polizei ermittelt“.;Umweltverschmutzung;News, Umweltverschmutzung, Silbitz, Polizei, Kühlmittel, Werksgelände, Umweltverschmutzung, Firmengelände, Bodenverunreinigung, Austritt;2026-07-24T11:58:29+02:00;2026-07-24T11:58:29+02:00;;dpa Thüringen;false
80e289b6bf5faf8468afd19b005906cab68f871575fb1728d3d35968e2e598f8;Polizei findet zahlreiche Waffen - mutmaßlicher Besitzer tot;https://www.zeit.de/news/2026-07/24/polizei-findet-zahlreiche-waffen-mutmasslicher-besitzer-tot;Hier finden Sie Informationen zu dem Thema „Kriminalität“. Lesen Sie jetzt „Polizei findet zahlreiche Waffen - mutmaßlicher Besitzer tot“.;Kriminalität;News, Kriminalität, Aschersleben, Polizei, LKA, Kriegswaffenkontrollgesetz, Langwaffe, Kurzwaffe;2026-07-24T11:55:30+02:00;2026-07-24T11:55:30+02:00;;dpa Sachsen;false
c45373f5cb1d3c55e6af7bd0ab79af9d021b1aef4d4c718eba6d0c143e4a1f3b;Verfassungsgericht fordert Einzelfallprüfung bei geflüchteten Afghanen;https://www.zeit.de/politik/deutschland/2026-07/bundesverfassungsgericht-aufnahmeprogramm-afghanistan-bundesinnenministerium-verfassungsbeschwerde-gxe;Das Bundesinnenministerium will die Aufnahme von Menschen aus Afghanistan pauschal beenden. Dieses Vorgehen weist das Bundesverfassungsgericht als willkürlich zurück.;Aufnahmeprogramm;Politik, Aufnahmeprogramm, Bundesverfassungsgericht, Bundesinnenministerium, Afghanistan, Geflüchtete, Migration;2026-07-24T11:55:27+02:00;2026-07-24T11:55:27+02:00;jsp;DIE ZEIT,        Reuters,        AFP,        epd,        							jsp;false
cb7536ddd6903b24499d90a70278fbc8b6c32e14f3ff14830874af7f9e91230e;Regeln? Nicht für uns!;https://www.zeit.de/2026/32/us-regierung-marco-rubio-internationaler-strafgerichtshof;Der US-Außenminister schreibt einen Text darüber, wie er den Internationalen Strafgerichtshof zerstören will. Warum hasst er ihn so sehr?;US-Regierung;Politik, US-Regierung, IStGH, Marco Rubio, Donald Trump, USA, Iran, Den Haag;2026-07-24T11:53:44+02:00;2026-07-24T11:53:44+02:00;Heinrich Wefing;Aus der        ZEIT Nr. 32/2026;false
2b56c7618a6ee4a3f5eb2697ad2cfc95563bf97d9b06d214844d1c2f77179cde;Ermittlungen gegen Kabarettist Steimle dauern an;https://www.zeit.de/news/2026-07/24/ermittlungen-gegen-kabarettist-steimle-dauern-an;Hier finden Sie Informationen zu dem Thema „Verunglimpfenden Aussagen“. Lesen Sie jetzt „Ermittlungen gegen Kabarettist Steimle dauern an“.;Verunglimpfenden Aussagen;News, Verunglimpfenden Aussagen, Uwe Steimle, Dessau-Roßlau, Alternative für Deutschland, Staatsanwaltschaft, Ermittlung;2026-07-24T11:51:01+02:00;2026-07-24T11:51:01+02:00;;dpa Sachsen;false
bd1e7f4544852b5f73819889d805d2a001baddd5c2dcc11fe2f1b54e64109693;Speerwerfer Vetter: Zu wenige gnadenlos zum eigenen Körper;https://www.zeit.de/news/2026-07/24/speerwerfer-vetter-zu-wenige-gnadenlos-zum-eigenen-koerper;Hier finden Sie Informationen zu dem Thema „Leichtathletik“. Lesen Sie jetzt „Speerwerfer Vetter: Zu wenige gnadenlos zum eigenen Körper“.;Leichtathletik;News, Leichtathletik, Johannes Vetter, Los Angeles, Münchner Merkur, Olympische Spiele, Leichtathletik, Mediengruppe;2026-07-24T11:48:55+02:00;2026-07-24T11:48:55+02:00;;dpa Baden-Württemberg;false
70a12aaf0e19e7e24ca7650c34f6ee21e89d5b7ef26162c783358afd6cb41a3a;Etliche Packungen Zigaretten unter Bussitzen geschmuggelt;https://www.zeit.de/news/2026-07/24/etliche-packungen-zigaretten-unter-bussitzen-geschmuggelt;Hier finden Sie Informationen zu dem Thema „Zollkontrolle“. Lesen Sie jetzt „Etliche Packungen Zigaretten unter Bussitzen geschmuggelt“.;Zollkontrolle;News, Zollkontrolle, Leipheim, Günzburg, Bussitz, Packung, Zollkontrolle, Reisebus, Verkleidung, Wartungsklappe, Zigarette;2026-07-24T11:46:26+02:00;2026-07-24T11:46:26+02:00;;dpa Baden-Württemberg;false
7c33ac51d5f1cd6b5af79aa7effee7997dfade9b19b74f191e712418914cb22e;CDU-Politiker Fritz Güntzler will nicht Verkehrsminister werden;https://www.zeit.de/politik/deutschland/2026-07/cdu-politiker-fritz-guentzler-will-nicht-verkehrsminister-werden-gxe;Verkehrsminister Patrick Schnieder soll seinen Posten verlieren. Wie die ZEIT erfuhr, lehnt der designierte Nachfolger Güntzler einen Wechsel ins Ministerium jedoch ab.;Regierungsumbau;Politik, Regierungsumbau, CDU, Verkehrsministerium, Bundesregierung, Patrick Schnieder, Friedrich Merz, Niedersachsen;2026-07-24T11:41:46+02:00;2026-07-24T11:41:46+02:00;ale;DIE ZEIT,        							ale;false
69db814fe918dd5da01236881711a19a65fc17d728c2411f8c06feace6b28dc1;Schmierereien an AfD-Büro - Polizei sucht Zeugen;https://www.zeit.de/news/2026-07/24/schmierereien-an-afd-buero-polizei-sucht-zeugen;Hier finden Sie Informationen zu dem Thema „Extremismus“. Lesen Sie jetzt „Schmierereien an AfD-Büro - Polizei sucht Zeugen“.;Extremismus;News, Extremismus, Franz Schmid, Vöhringen, Alternative für Deutschland, Polizei, Schmiererei, Wahlkreisbüro, Extremismus;2026-07-24T11:39:31+02:00;2026-07-24T11:39:31+02:00;;dpa Baden-Württemberg;false
f45e4c349e7027eaa12964b4ed2d09264ee53487dc69905a871bd7204f0237b1;DFB ernennt Mertesacker zum Geschäftsführer Sport;https://www.zeit.de/sport/2026-07/per-mertesacker-dfb-geschaeftsfuehrer-sport-andreas-rettig-gxe;Der DFB will frühere Spitzenspieler in verantwortlicher Position einbeziehen. Per Mertesacker soll Verbandsangaben zufolge 2027 Geschäftsführer Sport werden. ;Deutscher Fußball-Bund;Sport, Deutscher Fußball-Bund, Per Mertesacker, Deutscher Fußball-Bund, Fußball, Andreas Rettig, Profisport;2026-07-24T11:36:10+02:00;2026-07-24T11:36:10+02:00;maw;DIE ZEIT,        dpa,        SID,        							maw;false
181459b17f6583541d879194bf53cb3480a4591898ec367f688a31551dbb8bbf;«Christoph 66» hat eine neue Heimat;https://www.zeit.de/news/2026-07/24/christoph-66-hat-eine-neue-heimat;Hier finden Sie Informationen zu dem Thema „Rettungshubschrauber“. Lesen Sie jetzt „«Christoph 66» hat eine neue Heimat“.;Rettungshubschrauber;News, Rettungshubschrauber, Pfalz, Rockenhausen-Dörnbach, Kaiserslautern, Rockenhausen, ADAC, Rettungshubschrauber, Luftrettung, Donnersbergkreis;2026-07-24T11:35:10+02:00;2026-07-24T11:35:10+02:00;;dpa Rheinland-Pfalz/Saarland;false
97f3d55b33e3f1a039a271f672db60eda54c487c8db459df60a604a367358df2;Steuerlich absetzbares Herzensprojekt;https://www.zeit.de/2026/32/dreams-michel-franco-jessica-chastain-isaac-hernandez-film;Am Ende ist es ein brutaler Thriller: Im Film »Dreams« spielt Jessica Chastain eine US-Erbin mit mexikanischem Geliebten.;"Z+ (abopflichtiger Inhalt);
        
    »Dreams« von Michel Franco";Feuilleton, »Dreams« von Michel Franco, Kino, Spielfilm, Regisseur, Ungleichheit, Liebe, Beziehung;2026-07-24T11:32:22+02:00;2026-07-24T11:32:22+02:00;Berit Dießelkämper;Aus der        ZEIT Nr. 32/2026;false
4d18019ab7b905f0201ef38867c5c41ac7a3229b7a7575e8055fea32a85443a2;Mädchen nach Zusammenstoß mit Auto schwer verletzt;https://www.zeit.de/news/2026-07/24/maedchen-nach-zusammenstoss-mit-auto-schwer-verletzt;Hier finden Sie Informationen zu dem Thema „Unfälle“. Lesen Sie jetzt „Mädchen nach Zusammenstoß mit Auto schwer verletzt“.;Unfälle;News, Unfälle, Oberderdingen, Karlsruhe, Zusammenstoß, Auto;2026-07-24T11:30:36+02:00;2026-07-24T11:30:36+02:00;;dpa Baden-Württemberg;false
cd735dfa97b5c27b72a5e8cf0cb4948e3c77adea092a2533ce77a0138fcf9a1c;Buntes CSD-Wochenende: Parade, Demonstrationen und Konzert;https://www.zeit.de/news/2026-07/24/buntes-csd-wochenende-parade-demonstrationen-und-konzert;Hier finden Sie Informationen zu dem Thema „Gleichberechtigung“. Lesen Sie jetzt „Buntes CSD-Wochenende: Parade, Demonstrationen und Konzert“.;Gleichberechtigung;News, Gleichberechtigung, Europa, New York City, USA, Berlin, Brandenburger Tor, Christopher Street Day, Demonstration, Gleichberechtigung, Polizeigewalt;2026-07-24T11:28:57+02:00;2026-07-24T11:28:57+02:00;;dpa Berlin/Brandenburg;false
3556944159c023da0d39872fa8136c2d5594e6e3fbd5ae6aae80f9dab498168c;Ermittlungen zum Tod einer Artistin in Bautzen dauern an;https://www.zeit.de/news/2026-07/24/ermittlungen-zum-tod-einer-artistin-in-bautzen-dauern-an;Hier finden Sie Informationen zu dem Thema „Tödlicher Sturz“. Lesen Sie jetzt „Ermittlungen zum Tod einer Artistin in Bautzen dauern an“.;Tödlicher Sturz;News, Tödlicher Sturz, Bautzen, Staatsanwaltschaft, Ermittlung, Unfalltod;2026-07-24T11:27:12+02:00;2026-07-24T11:27:12+02:00;;dpa Sachsen;false
7dc824dcde2766ea59b6e0c969570b3b7c2fda9d11679ed660e0b52aaff14407;Über 20 tote Robben seit Mai in MV - Untersuchungen laufen;https://www.zeit.de/news/2026-07/24/ueber-20-tote-robben-seit-mai-in-mv-untersuchungen-laufen;Hier finden Sie Informationen zu dem Thema „Südostküste Rügens“. Lesen Sie jetzt „Über 20 tote Robben seit Mai in MV - Untersuchungen laufen“.;Südostküste Rügens;News, Südostküste Rügens, Rügen, Usedom, Greifswalder Bodden, Mecklenburg-Vorpommern, BMU, Südostküste, Untersuchung, Außenküste, Tiere;2026-07-24T11:21:24+02:00;2026-07-24T11:21:24+02:00;;dpa Mecklenburg-Vorpommern;false
82edbe3c7f4c39f88866ab8a308881cee90bd09f2e0512bb60e35cf0c6eeb101;Abteilungen schließen: Minister verteidigt Klinik-Pläne;https://www.zeit.de/news/2026-07/24/abteilungen-schliessen-minister-verteidigt-klinik-plaene;Hier finden Sie Informationen zu dem Thema „Krankenhausreform“. Lesen Sie jetzt „Abteilungen schließen: Minister verteidigt Klinik-Pläne“.;Krankenhausreform;News, Krankenhausreform, Michael Jacob, Ernst von Bergmann, René Wilke, Brandenburg, Potsdam-Babelsberg, St. Josef, Potsdam, Oeynhausen, Deutsche Presse-Agentur, Alexianer;2026-07-24T11:21:04+02:00;2026-07-24T11:21:04+02:00;;dpa Berlin/Brandenburg;false
f5d6485dccdb860af7107391cdbee430fb6e26770c67e617361d6d167f3f7adc;Kleines Mädchen stirbt vergessen in Kita-Bus;https://www.zeit.de/news/2026-07/24/kleines-maedchen-stirbt-vergessen-in-kita-bus;Hier finden Sie Informationen zu dem Thema „Tragischer Tod“. Lesen Sie jetzt „Kleines Mädchen stirbt vergessen in Kita-Bus“.;Tragischer Tod;News, Tragischer Tod, Portugal, Almada, Lissabon, Lusa, Polizei, Auto;2026-07-24T11:19:42+02:00;2026-07-24T11:19:42+02:00;;dpa;false
1de87e824a318e5efe330ac8d58479ee72bfa28367329816da7c042d19a207b0;Mann nimmt mit Einkaufswagen Abkürzung über die A6;https://www.zeit.de/news/2026-07/24/mann-nimmt-mit-einkaufswagen-abkuerzung-ueber-die-a6;Hier finden Sie Informationen zu dem Thema „Schwer beladen“. Lesen Sie jetzt „Mann nimmt mit Einkaufswagen Abkürzung über die A6“.;Schwer beladen;News, Schwer beladen, Einkaufswagen, Abkürzung, Schwertransport;2026-07-24T11:17:28+02:00;2026-07-24T11:17:28+02:00;;dpa Rheinland-Pfalz/Saarland;false
96128fb7462c82534386984c8d37f949e858285022a56b083944a52e1661d997;Köln holt australischen WM-Fahrer Okon-Engstler;https://www.zeit.de/news/2026-07/24/koeln-holt-australischen-wm-fahrer-okon-engstler;Hier finden Sie Informationen zu dem Thema „Fußball-Bundesliga“. Lesen Sie jetzt „Köln holt australischen WM-Fahrer Okon-Engstler“.;Fußball-Bundesliga;News, Fußball-Bundesliga, Paul Okon-Engstler, Köln, 1. FC Köln, Fußball-Bundesliga;2026-07-24T11:16:19+02:00;2026-07-24T11:16:19+02:00;;dpa Nordrhein-Westfalen;false
b9e79018b52ecdf703bcee7c34bfebccf2300c675e0432a5cf3c41c6a8efbaf7;Per Mertesacker wird DFB-Geschäftsführer;https://www.zeit.de/news/2026-07/24/per-mertesacker-wird-dfb-geschaeftsfuehrer;Hier finden Sie Informationen zu dem Thema „Fußball“. Lesen Sie jetzt „Per Mertesacker wird DFB-Geschäftsführer“.;Fußball;News, Fußball, Per Mertesacker, Deutscher Fußball-Bund, Fußball;2026-07-24T11:12:31+02:00;2026-07-24T11:12:31+02:00;;dpa;false
771e65a76bfe05500bda4ffc2dc6e2997d10083fc2e6b91374f37afbe80f6a93;Sprit immer teurer - Benzin nähert sich Allzeithoch;https://www.zeit.de/news/2026-07/24/sprit-immer-teurer-benzin-naehert-sich-allzeithoch;Hier finden Sie Informationen zu dem Thema „Mobilitätskosten“. Lesen Sie jetzt „Sprit immer teurer - Benzin nähert sich Allzeithoch“.;Mobilitätskosten;News, Mobilitätskosten, ADAC, E10, Allzeithoch, Sprit, Mobilitätskosten, Superbenzin, Spritpreis, Tagesdurchschnitt, Ölpreis;2026-07-24T11:12:01+02:00;2026-07-24T11:12:01+02:00;;dpa;false
1f267857dddaa54c39f5ee5dd198bdacfefdf4718edc3ac526281bf5a1d428cb;Geld aus Sondervermögen fließt auch in sächsische Radwege;https://www.zeit.de/news/2026-07/24/geld-aus-sondervermoegen-fliesst-auch-in-saechsische-radwege;Hier finden Sie Informationen zu dem Thema „Radverkehr“. Lesen Sie jetzt „Geld aus Sondervermögen fließt auch in sächsische Radwege“.;Radverkehr;News, Radverkehr, Franziska Schubert, Sachsen, Seifhennersdorf, Tharandt, Grumbach, Staatsstraße, Sondervermögen, Radverkehr, Radweg, Sachsenfonds;2026-07-24T11:10:11+02:00;2026-07-24T11:10:11+02:00;;dpa Sachsen;false
831794f35696dc9860751998560e16f9f0a67a59efcee922f6534f29cd04a724;Frontalcrash mit Auto – Motorradfahrer in Lebensgefahr;https://www.zeit.de/news/2026-07/24/frontalcrash-mit-auto-motorradfahrer-in-lebensgefahr;Hier finden Sie Informationen zu dem Thema „Rettung per Hubschrauber“. Lesen Sie jetzt „Frontalcrash mit Auto – Motorradfahrer in Lebensgefahr“.;Rettung per Hubschrauber;News, Rettung per Hubschrauber, Biberach, Polizei, Frontalcrash, Lebensgefahr, Bundesstraße, Rettung, Auto, Hubschrauber;2026-07-24T11:08:32+02:00;2026-07-24T11:08:32+02:00;;dpa Baden-Württemberg;false
af433e9e5e26ed38ba42b15e78594033be824bc566de0b8a8fa409a51fb200f3;Weniger Krankschreibungen wegen Atemwegsinfekten;https://www.zeit.de/news/2026-07/24/weniger-krankschreibungen-wegen-atemwegsinfekten;Hier finden Sie Informationen zu dem Thema „Krankenstand“. Lesen Sie jetzt „Weniger Krankschreibungen wegen Atemwegsinfekten“.;Krankenstand;News, Krankenstand, Thüringen, DAK, Barmer, Krankschreibung, Atemwegsinfekt, Krankenstand, Atemwegserkrankung, Infekt, Krankheitstag, Coronavirus;2026-07-24T11:06:06+02:00;2026-07-24T11:06:06+02:00;;dpa Thüringen;false
116d7692200597b83c34d2855b98176b975c24e06c90935b17e0feb9bb851fc0;DFB: Wunschkandidat Klopp wird Bundestrainer;https://www.zeit.de/news/2026-07/24/dfb-wunschkandidat-klopp-wird-bundestrainer;Hier finden Sie Informationen zu dem Thema „Fußball“. Lesen Sie jetzt „DFB: Wunschkandidat Klopp wird Bundestrainer“.;Fußball;News, Fußball, Jürgen Klopp, Julian Nagelsmann, Deutscher Fußball-Bund, Bundestrainer, Fußball;2026-07-24T11:04:43+02:00;2026-07-24T11:04:43+02:00;;dpa;false
5de0e85bc8c28359c120db02734dd0db24dc7db22913312a978f7011c2d6960b;Cold Case aus Essen bei «Aktenzeichen XY...ungelöst»;https://www.zeit.de/news/2026-07/24/cold-case-aus-essen-bei-aktenzeichen-xy-ungeloest;Hier finden Sie Informationen zu dem Thema „Zeugensuche“. Lesen Sie jetzt „Cold Case aus Essen bei «Aktenzeichen XY...ungelöst»“.;Zeugensuche;News, Zeugensuche, Polizei, Cold Case, Aktenzeichen XY, Zeugensuche;2026-07-24T11:01:57+02:00;2026-07-24T11:01:57+02:00;;dpa Nordrhein-Westfalen;false
4153ad2caef25a27fcf5c68fdbff5e770d45f89834a36b8f3382deb6a72f2dec;Verfassungsschutz schätzt: Jeder Fünfte in AfD extremistisch;https://www.zeit.de/news/2026-07/24/verfassungsschutz-schaetzt-jeder-fuenfte-in-afd-extremistisch;Hier finden Sie Informationen zu dem Thema „Verfassungsschutzbericht“. Lesen Sie jetzt „Verfassungsschutz schätzt: Jeder Fünfte in AfD extremistisch“.;Verfassungsschutzbericht;News, Verfassungsschutzbericht, Stuttgart, Baden-Württemberg, Verfassungsschutz, Alternative für Deutschland, Verfassungsschutzbericht, Personenpotenzial, Rechtsextremisten;2026-07-24T10:59:28+02:00;2026-07-24T10:59:28+02:00;;dpa Baden-Württemberg;false
4a6ff58ddd4dc393eed31267f44b688b387893b1b4d26b9f022181726f839961;80 Menschen bei Nachbarschaftsstreit – Aschenbecher fliegt;https://www.zeit.de/news/2026-07/24/80-menschen-bei-nachbarschaftsstreit-aschenbecher-fliegt;Hier finden Sie Informationen zu dem Thema „Bremen“. Lesen Sie jetzt „80 Menschen bei Nachbarschaftsstreit – Aschenbecher fliegt“.;Bremen;News, Bremen, Bremen, Polizei, Nachbarschaftsstreit;2026-07-24T10:57:22+02:00;2026-07-24T10:57:22+02:00;;dpa Niedersachsen;false
7ef56413d41b10a8c6563d3e7153f0de5b0f417b76df5925699df6a5dfcc9db0;Chemiebranche will mehr Ausbildungsplätze sichern;https://www.zeit.de/news/2026-07/24/chemiebranche-will-mehr-ausbildungsplaetze-sichern;Hier finden Sie Informationen zu dem Thema „Fachkräftemangel“. Lesen Sie jetzt „Chemiebranche will mehr Ausbildungsplätze sichern“.;Fachkräftemangel;News, Fachkräftemangel, Ausbildungsplatz, Ausbildungsinitiative, Ausbildungsvertrag, Nordostchemie, Chemieindustrie, Chemiebranche, Fachkräftemangel;2026-07-24T10:55:41+02:00;2026-07-24T10:55:41+02:00;;dpa Berlin/Brandenburg;false
e7475bce0b3dd73de20c0ba41eba5c6acedc320656bf4bbb4e4e4a1443a15309;Vor Landtagwahl: Hallervorden und Schulze laden zum Gespräch;https://www.zeit.de/news/2026-07/24/vor-landtagwahl-hallervorden-und-schulze-laden-zum-gespraech;Hier finden Sie Informationen zu dem Thema „Was braucht Demokratie?“. Lesen Sie jetzt „Vor Landtagwahl: Hallervorden und Schulze laden zum Gespräch“.;Was braucht Demokratie?;News, Was braucht Demokratie?, Dieter Hallervorden, Sven Schulze, Sachsen-Anhalt, Landtagswahl, Landtagswahl in Sachsen;2026-07-24T10:54:45+02:00;2026-07-24T10:54:45+02:00;;dpa Sachsen;false
435ee039774b6899a4d6e5187efa244965c548103c48e7e095b09040b4404e93;Live: Jürgen Klopp wird neuer Bundestrainer;https://www.zeit.de/sport/2026-07/juergen-klopp-bundestrainer-pressekonferenz-dfb-live;Der DFB stellt Jürgen Klopp als neuen Bundestrainer vor. Er übernimmt die Nachfolge von Julian Nagelsmann. Sehen Sie die Pressekonferenz im Livestream. ;Livestream:Jürgen Klopp;Sport, Jürgen Klopp, Jürgen Klopp, Julian Nagelsmann, Deutscher Fußball-Bund, Bundestrainer, Fußball;2026-07-24T10:49:14+02:00;2026-07-24T10:49:14+02:00;;;false
981591562e6d208e2b81067cd8b0aec21b71f22066e7e33d29598404070bdd12;Siebenjährige fällt von Pferd und wird schwer verletzt;https://www.zeit.de/news/2026-07/24/siebenjaehrige-faellt-von-pferd-und-wird-schwer-verletzt;Hier finden Sie Informationen zu dem Thema „Landkreis Forchheim“. Lesen Sie jetzt „Siebenjährige fällt von Pferd und wird schwer verletzt“.;Landkreis Forchheim;News, Landkreis Forchheim, Landkreis Forchheim;2026-07-24T10:48:08+02:00;2026-07-24T10:48:08+02:00;;dpa Bayern;false
63ece6a9ffb0366484851924e0b96242a94c529ced54236a7260cfc55a4fbd91;Wie Popstar Charli XCX als «Brat» die Musikwelt aufmischt;https://www.zeit.de/news/2026-07/24/wie-popstar-charli-xcx-als-brat-die-musikwelt-aufmischt;Hier finden Sie Informationen zu dem Thema „«Music, Fashion, Film»“. Lesen Sie jetzt „Wie Popstar Charli XCX als «Brat» die Musikwelt aufmischt“.;«Music, Fashion, Film»;News, «Music, Fashion, Film», Taylor Swift, John Cale, Marc Jacob, Martin Scorsese, Charli XCX, Madonna, Sängerin, Meta, Instagram, Rolling Stone;2026-07-24T10:47:10+02:00;2026-07-24T10:47:10+02:00;;dpa;false
76a3c3f6f16420695cb8d88d578a66b5d0fd59e396b65ce4d38a677d39f508e2;Land unterstützt modernen Küstenschutz an der Ostsee;https://www.zeit.de/news/2026-07/24/land-unterstuetzt-modernen-kuestenschutz-an-der-ostsee;Hier finden Sie Informationen zu dem Thema „Küstenschutz an der Ostsee“. Lesen Sie jetzt „Land unterstützt modernen Küstenschutz an der Ostsee“.;Küstenschutz an der Ostsee;News, Küstenschutz an der Ostsee, Ostsee, Schleswig-Holstein, Kreis Plön, Klimadeich, Klimawandel, Küstenschutz;2026-07-24T10:46:44+02:00;2026-07-24T10:46:44+02:00;;dpa Hamburg/Schleswig-Holstein;false
bd7395d28e9c09b812ae653f950b928555475e194b1f169a310077c2f8a24060;Die Band, die den Rock rettete, ist zurück;https://www.zeit.de/news/2026-07/24/die-band-die-den-rock-rettete-ist-zurueck;Hier finden Sie Informationen zu dem Thema „Neues Album von The Strokes“. Lesen Sie jetzt „Die Band, die den Rock rettete, ist zurück“.;Neues Album von The Strokes;News, Neues Album von The Strokes, Julian Casablancas, Albert Hammond Jr, Nick Valensi, Nullerjahr, Herbst;2026-07-24T10:45:45+02:00;2026-07-24T10:45:45+02:00;;dpa;false
e416a76635125c8cc7543af0c9183b27230bbfa5cacb57f96d7efbb21435c4c2;Sachsen-Anhalt würde sich mit der AfD selbst am meisten schaden;https://www.zeit.de/wirtschaft/2026-07/sachsen-anhalt-afd-landtagswahl-diw-studie;Eine AfD-Politik träfe die Regionen am härtesten, in denen die Partei besonders stark ist. Eine Studie zeigt, dass Sachsen-Anhalt etliche Jobs verlieren könnte.;Sachsen-Anhalt;Wirtschaft, Sachsen-Anhalt, Sachsen-Anhalt, Alternative für Deutschland, DIW, Landtagswahl, Studie, Europäische Union;2026-07-24T10:45:35+02:00;2026-07-24T10:45:35+02:00;Marcel Fratzscher;;false
3350a84daca84b2436b2bee3ef251a258d16c6ef2bfe347905eb0d5ecdf3f7c5;HSV holt Mittelfeldspieler Bilal Nadir aus Marseille;https://www.zeit.de/news/2026-07/24/hsv-holt-mittelfeldspieler-bilal-nadir-aus-marseille;Hier finden Sie Informationen zu dem Thema „Fußball-Bundesliga“. Lesen Sie jetzt „HSV holt Mittelfeldspieler Bilal Nadir aus Marseille“.;Fußball-Bundesliga;News, Fußball-Bundesliga, Bilal Nadir, Marseille, Hamburg, Hamburger SV, Fußball-Bundesliga;2026-07-24T10:44:40+02:00;2026-07-24T10:44:40+02:00;;dpa Hamburg/Schleswig-Holstein;false
95c86b1226a6651c1c47e3ddbd969f117b7ce09d35b9ce8092e8bbb7a78eba84;Wer knackt endlich den Lotto-Jackpot?;https://www.zeit.de/news/2026-07/24/gab-s-noch-nie-zweimal-50-millionen-im-lotto-jackpot;Hier finden Sie Informationen zu dem Thema „6 aus 49“. Lesen Sie jetzt „Wer knackt endlich den Lotto-Jackpot?“.;6 aus 49;News, 6 aus 49, Jan Riedesel, Lottogeschichte, Jackpot, Geld;2026-07-24T10:42:28+02:00;2026-07-24T10:42:28+02:00;;dpa;false
ddc5ce4f5e2e0ac07fa82338b35ad5638780a4d3aa48b283f3dffc1b83236e8a;Stau auf der A2 nach Unfall von Lkw und Schwerlasttransport;https://www.zeit.de/news/2026-07/24/stau-auf-der-a2-nach-unfall-von-lkw-und-schwerlasttransport;Hier finden Sie Informationen zu dem Thema „Stau“. Lesen Sie jetzt „Stau auf der A2 nach Unfall von Lkw und Schwerlasttransport“.;Stau;News, Stau, Polizei, Schwerlasttransport, Stau, Schwerlasttransporter, Alleringersleben, Anschlussstelle, Zusammenstoß;2026-07-24T10:39:44+02:00;2026-07-24T10:39:44+02:00;;dpa Sachsen;false
e78d4ee87f5925c532bd89dc1a0c1c81ccb1514273effa1f898d8d7cb4a9dac6;Abgang von Gulacsi? Villarreal soll großes Interesse haben;https://www.zeit.de/news/2026-07/24/abgang-von-gulacsi-villarreal-soll-grosses-interesse-haben;Hier finden Sie Informationen zu dem Thema „Fußball-Bundesliga“. Lesen Sie jetzt „Abgang von Gulacsi? Villarreal soll großes Interesse haben“.;Fußball-Bundesliga;News, Fußball-Bundesliga, Fabrizio Romano, Peter Gulacsi, Villarreal, Ungarn, Sachsen, Leipzig, FC Villarreal, RB Leipzig, Fußball-Bundesliga, Topclub;2026-07-24T10:36:00+02:00;2026-07-24T10:36:00+02:00;;dpa Sachsen;false
51e8e6a2d9ad7caae58b6f8771d2ba972701a5fb089177138b4e51adcf924862;Kabinett: Das sind die Neuen;https://www.zeit.de/news/2026-07/24/kabinett-das-sind-die-neuen;Hier finden Sie Informationen zu dem Thema „Kabinettsumbildung“. Lesen Sie jetzt „Kabinett: Das sind die Neuen“.;Kabinettsumbildung;News, Kabinettsumbildung, Friedrich Merz, Jens Spahn, Thorsten Frei, Nina Warken, Carsten Linnemann, Säckingen, Schwarzwald, Donaueschingen, Konrad-Adenauer-Haus, Paderborn;2026-07-24T10:35:05+02:00;2026-07-24T10:35:05+02:00;;dpa;false
ba0fdb736171a9f1736bf03f4ffeff8410f8872cb749cee34854f5123cfdfaec;Merz kündigt weitere Veränderungen im Bundeskabinett an;https://www.zeit.de/news/2026-07/24/bundesverkehrsminister-schnieder-muss-gehen;Hier finden Sie Informationen zu dem Thema „Regierungsumbildung“. Lesen Sie jetzt „Merz kündigt weitere Veränderungen im Bundeskabinett an“.;Regierungsumbildung;News, Regierungsumbildung, Patrick Schnieder, Volker Wissing, Bundesregierung, Kabinettsumbildung;2026-07-24T10:28:57+02:00;2026-07-24T10:28:57+02:00;;dpa Rheinland-Pfalz/Saarland;false
e79eb9bd547a32912f7ff350d386bbb29e0fe9b2fcea1de67d605598ba790f29;Fast jedes zweite Freibad ist sanierungsbedürftig;https://www.zeit.de/gesellschaft/2026-07/freibaeder-deutschland-sanierung-umfrage-kommunen-gxe;Den Freibädern in Deutschland fehlen Geld und passende Förderprogramme. Lediglich ein Viertel der Bäder ist laut einer Umfrage in gutem Zustand.;Schwimmbäder;Gesellschaft, Schwimmbäder, Freibad, schwimmen, Sanierung, Studie;2026-07-24T10:24:15+02:00;2026-07-24T10:24:15+02:00;jsp;DIE ZEIT,        KNA,        							jsp;false
1036573a950453593a7726ffdb0bc36f3be86545b281418f07001c27f1ebb806;92-Jähriger bleibt bei Arbeiten kopfüber in Mühlrad hängen;https://www.zeit.de/news/2026-07/24/92-jaehriger-bleibt-bei-arbeiten-kopfueber-in-muehlrad-haengen;Hier finden Sie Informationen zu dem Thema „Niederbayern“. Lesen Sie jetzt „92-Jähriger bleibt bei Arbeiten kopfüber in Mühlrad hängen“.;Niederbayern;News, Niederbayern, Niederbayern, Mühlrad;2026-07-24T10:20:56+02:00;2026-07-24T10:20:56+02:00;;dpa Bayern;false
1ef2931d76645c4349d0d0388646c3d2ec90a7d960e8d81b1153a2738f7ceb6d;Joint am Steuer – Polizei schnappt flüchtenden Autofahrer;https://www.zeit.de/news/2026-07/24/joint-am-steuer-polizei-schnappt-fluechtenden-autofahrer;Hier finden Sie Informationen zu dem Thema „Drogen im Straßenverkehr“. Lesen Sie jetzt „Joint am Steuer – Polizei schnappt flüchtenden Autofahrer“.;Drogen im Straßenverkehr;News, Drogen im Straßenverkehr, Polizei, Straßenverkehr, Drogen;2026-07-24T10:20:30+02:00;2026-07-24T10:20:30+02:00;;dpa Hessen;false
1c05dd70559d61efc9f1cf8ce46ca386ebd64e91f731a89590f741f81d2dbb24;Saliakas verlässt FC St. Pauli und wechselt nach Piräus;https://www.zeit.de/news/2026-07/24/saliakas-verlaesst-fc-st-pauli-und-wechselt-nach-piraeus;Hier finden Sie Informationen zu dem Thema „2. Fußball-Bundesliga“. Lesen Sie jetzt „Saliakas verlässt FC St. Pauli und wechselt nach Piräus“.;2. Fußball-Bundesliga;News, 2. Fußball-Bundesliga, Piräus, FC St. Pauli, Olympiakos Piräus, Fußball-Bundesliga, Ablösemodalität;2026-07-24T10:20:10+02:00;2026-07-24T10:20:10+02:00;;dpa Hamburg/Schleswig-Holstein;false
b4ced4990fce76a0b7e3355cd558d5ede75a48060419f96d591a6e9212628ad5;Merz ordnet Kabinett neu und kündigt weiteren Umbau an;https://www.zeit.de/politik/deutschland/2026-07/frei-wird-unions-fraktionschef-warken-wechselt-ins-kanzleramt-gxe;Nina Warken wird Kanzleramtschefin, Carsten Linnemann Gesundheitsminister. Der Umbau ist damit noch nicht vollständig: »Es wird weitere Veränderungen geben«, sagte Merz.;Kabinettsumbau;Politik, Kabinettsumbau, Kanzleramt, Bundesregierung, Thorsten Frei, Nina Warken, Unionsfraktion, CDU;2026-07-24T10:16:51+02:00;2026-07-24T10:16:51+02:00;ale;DIE ZEIT,        dpa,        Reuters,        AFP,        							ale;false
97f44bd11497c1ceebd31cc02f712a3aa71f7a606a3834450417db5d919a1cbf;Volkswagen meldet Gewinneinbruch im zweiten Quartal;https://www.zeit.de/wirtschaft/unternehmen/2026-07/volkswagen-meldet-gewinneinbruch-um-ein-drittel-im-zweiten-quartal-gxe;Europas größter Autobauer meldet im zweiten Quartal einen Erlösrückgang von knapp einem Drittel. Konzernchef Blume will bis Jahresende neue Sparmaßnahmen verabschieden.;VW;Wirtschaft, VW, Volkswagen, Autoindustrie, Autohersteller, Gewerkschaft, Stellenabbau;2026-07-24T10:12:19+02:00;2026-07-24T10:12:19+02:00;maw;DIE ZEIT,        Reuters,        dpa,        							maw;false
b05da5887b608b7cef39184ce0054b3097f888b2a7cc6516594e291fa3c3c4b6;Patrick Schnieder soll Posten als Verkehrsminister verlieren;https://www.zeit.de/politik/deutschland/2026-07/patrick-schnieder-verliert-posten-als-verkehrsminister-gxe;Bundeskanzler Friedrich Merz will Patrick Schnieder als Bundesverkehrsminister ersetzen. Als Nachfolger ist der CDU-Politiker Fritz Güntzler im Gespräch.;Kabinettsumbau;Politik, Kabinettsumbau, Patrick Schnieder, Verkehrsministerium, CDU, Bundesregierung, Berlin, Friedrich Merz;2026-07-24T10:10:03+02:00;2026-07-24T10:10:03+02:00;mpi;DIE ZEIT,        							mpi;false
e6ee09f9d8e1afe5a1153d366a688a7b8fdedced4e88178b63879836bd7f997c;Tödliche Attacke: Beide Gerettete waren auch Bankangestellte;https://www.zeit.de/news/2026-07/24/toedliche-attacke-beide-gerettete-waren-auch-bankangestellte;Hier finden Sie Informationen zu dem Thema „Regensburg“. Lesen Sie jetzt „Tödliche Attacke: Beide Gerettete waren auch Bankangestellte“.;Regensburg;News, Regensburg, Polizei, Attacke;2026-07-24T10:09:54+02:00;2026-07-24T10:09:54+02:00;;dpa Bayern;false
cbca98888e7556a033b7edea3534470992bfe9ca34340736504c863297d01ee0;Griechenland: Jagd auf giftigen Hasenkopf-Kugelfisch;https://www.zeit.de/news/2026-06/29/griechenland-jagd-auf-giftigen-hasenkopf-kugelfisch;Hier finden Sie Informationen zu dem Thema „Invasive Art im Mittelmeer“. Lesen Sie jetzt „Griechenland: Jagd auf giftigen Hasenkopf-Kugelfisch“.;Invasive Art im Mittelmeer;News, Invasive Art im Mittelmeer, Griechenland, Mittelmeer, Kreta, Ägäis, Indischen Ozean, Pazifik, Suezkanal, Pilotprogramm;2026-07-24T10:04:02+02:00;2026-07-24T10:04:02+02:00;;dpa;false
2fb8621c769198bac10b6cb68f787c1f190e3b76114e8ad214f86bd6b5ad9271;Feuertornado in der Urlaubsregion;https://www.zeit.de/wissenschaft/umwelt/2026-07/waldbraende-frankreich-hitzewellen-europa-klimawandel;Ausgerechnet in dicht besiedelten Teilen Frankreichs brennt es. Zehntausende müssen in Nachbarstädte fliehen. Es fehlen Löschflugzeuge – und Geld für den Zivilschutz.;"Z+ (abopflichtiger Inhalt);
        
    Waldbrände in Frankreich";Wissenschaft, Waldbrände in Frankreich, Frankreich, Waldbrand, Brand, Hitzewelle, Klimawandel, Europa;2026-07-24T09:54:28+02:00;2026-07-24T09:54:28+02:00;Annika Joeres;;false
8815084bda374457940c3bd3eeba27c21a271935cfdd5118b4a8695bc9039867;Neues Welterbe in Berlin? Unesco-Komitee entscheidet;https://www.zeit.de/news/2026-07/24/neues-welterbe-in-berlin-unesco-komitee-entscheidet;Hier finden Sie Informationen zu dem Thema „Waldsiedlung Zehlendorf“. Lesen Sie jetzt „Neues Welterbe in Berlin? Unesco-Komitee entscheidet“.;Waldsiedlung Zehlendorf;News, Waldsiedlung Zehlendorf, Berlin, Zehlendorf, Unesco, Waldsiedlung, Neueintrag, Naturerbestätte, Südwesten, Entscheidungsprozess;2026-07-24T09:53:25+02:00;2026-07-24T09:53:25+02:00;;dpa Berlin/Brandenburg;false
b45f4c0b289440c8bd545603bf4e4f00223c6724118df5e523f22dc8c27c4a81;Mann fährt für Handyvideo mehrfach durch gesperrten Tunnel;https://www.zeit.de/news/2026-07/24/mann-faehrt-fuer-handyvideo-mehrfach-durch-gesperrten-tunnel;Hier finden Sie Informationen zu dem Thema „Vier rote Ampeln ignoriert“. Lesen Sie jetzt „Mann fährt für Handyvideo mehrfach durch gesperrten Tunnel“.;Vier rote Ampeln ignoriert;News, Vier rote Ampeln ignoriert, Oberbayern, Polizei, Handyvideo, Tunnel, Auto;2026-07-24T09:49:31+02:00;2026-07-24T09:49:31+02:00;;dpa Bayern;false
afda69e077c215e0669a120f0cae5bb2564f39aef04dedd308e4eb2d99ddf7ce;Karlsruhe: Visa für Afghanen müssen einzeln geprüft werden;https://www.zeit.de/news/2026-07/24/karlsruhe-visa-fuer-afghanen-muessen-einzeln-geprueft-werden;Hier finden Sie Informationen zu dem Thema „Verfassung“. Lesen Sie jetzt „Karlsruhe: Visa für Afghanen müssen einzeln geprüft werden“.;Verfassung;News, Verfassung, Karlsruhe, Aufnahmeprogramm, Verfassung;2026-07-24T09:48:15+02:00;2026-07-24T09:48:15+02:00;;dpa;false
64a73a7f92e53a40ab910887feffd995fee869ce543e533cc328addae8081df7;Waldbrand bei Nonnweiler weitgehend unter Kontrolle;https://www.zeit.de/news/2026-07/23/waldbrand-im-kreis-st-wendel-ausgebrochen;Hier finden Sie Informationen zu dem Thema „Waldbrand“. Lesen Sie jetzt „Waldbrand bei Nonnweiler weitgehend unter Kontrolle“.;Waldbrand;News, Waldbrand, St. Wendel, Saarland, Primstal, Waldbrand;2026-07-24T09:46:44+02:00;2026-07-24T09:46:44+02:00;;dpa Rheinland-Pfalz/Saarland;false
f9c5322311b0a6d6d4256c9c9717835ed9685c145261663c2bf258968825fb74;So viel Frau war lange nicht in der CDU;https://www.zeit.de/politik/deutschland/2026-07/bundesregierung-personalwechsel-nina-warken-kanzleramt-carsten-linnemann;Nina Warken wird Kanzleramtsministerin, Franziska Hoppermann wohl CDU-Generalsekretärin: ein Erfolg für die Frauen der Union, an den nicht mal sie selbst glaubten.;Kabinettsumbildung;Politik, Kabinettsumbildung, Bundesregierung, CDU, Nina Warken, Kanzleramt, Carsten Linnemann, Patrick Schnieder, Thorsten Frei;2026-07-24T09:46:02+02:00;2026-07-24T09:46:02+02:00;Tina HildebrandtKaja Klapsa;;false
482bec3c3a5438b60edc1fe560b20f3a5b437c79f1e690e43f8c3bd998c6f8b6;Amthor wird Staatsminister für Bund-Länder-Zusammenarbeit;https://www.zeit.de/news/2026-07/24/amthor-wird-staatsminister-fuer-bund-laender-zusammenarbeit;Hier finden Sie Informationen zu dem Thema „Nach Spahns Rücktritt“. Lesen Sie jetzt „Amthor wird Staatsminister für Bund-Länder-Zusammenarbeit“.;Nach Spahns Rücktritt;News, Nach Spahns Rücktritt, Philipp Amthor, Friedrich Merz, CDU, Digitalministerium, Rücktritt;2026-07-24T09:31:19+02:00;2026-07-24T09:31:19+02:00;;dpa Mecklenburg-Vorpommern;false
4e4c7e4b7bbbe8404d0e7c6f919d48f39edd0f919c0de87003b310178948edaa;Farce in Las Vegas: Millionenschwerer Vergleich mit Formel 1;https://www.zeit.de/news/2026-07/24/farce-in-las-vegas-millionenschwerer-vergleich-mit-formel-1;Hier finden Sie Informationen zu dem Thema „32.000 enttäuschte Fans“. Lesen Sie jetzt „Farce in Las Vegas: Millionenschwerer Vergleich mit Formel 1“.;32.000 enttäuschte Fans;News, 32.000 enttäuschte Fans, Las Vegas, Nevada, Liberty Media, Formel 1, Farce, Wasserschacht, Vergleich, Motorsport;2026-07-24T09:25:18+02:00;2026-07-24T09:25:18+02:00;;dpa Sport;false
6ef5b401df6026afbb54d61b46262a3fd5dba8906d6ffae7083176a832f428f9;Konsumstimmung bleibt auf niedrigem Niveau;https://www.zeit.de/wirtschaft/2026-07/konsumklima-deutschland-gfk-nim-index-verbraucher-gxe;Der Tankrabatt ist ausgelaufen, die Menschen in Deutschland sorgen sich vor der Inflation. Das Konsumklima verschlechtert sich deswegen leicht.;Konsumklima;Wirtschaft, Konsumklima, Inflation, Konsumklima, Konsum, Tankrabatt, Wirtschaftskrise;2026-07-24T09:16:56+02:00;2026-07-24T09:16:56+02:00;jsp;DIE ZEIT,        AFP,        							jsp;false
075ed1de6fe8f71019181b6561900782cf43e07d294ecb98f9ac9d98c40e64c6;Tochter verrät: Söder mag auch Obst und Salat;https://www.zeit.de/news/2026-07/24/tochter-verraet-soeder-mag-auch-obst-und-salat;Hier finden Sie Informationen zu dem Thema „Medien“. Lesen Sie jetzt „Tochter verrät: Söder mag auch Obst und Salat“.;Medien;News, Medien, Markus Söder, Gloria-Sophie Burkandt, Bayern, CSU;2026-07-24T09:16:05+02:00;2026-07-24T09:16:05+02:00;;dpa Bayern;false
7c8713ffcc04e1a8a96045d85982a57a731a4587dd2856d53ef20f7c87b2d192;Reparatur bremst S-Bahn aus - ab Abend Streckensperrung;https://www.zeit.de/news/2026-07/24/reparatur-bremst-s-bahn-aus-ab-abend-streckensperrung;Hier finden Sie Informationen zu dem Thema „Einschränkungen wegen S-Bahn“. Lesen Sie jetzt „Reparatur bremst S-Bahn aus - ab Abend Streckensperrung“.;Einschränkungen wegen S-Bahn;News, Einschränkungen wegen S-Bahn, Schöneweide, Treptower Park, Streckensperrung, Reparatur, Einschränkung, Stellwerk;2026-07-24T09:15:44+02:00;2026-07-24T09:15:44+02:00;;dpa Berlin/Brandenburg;false
147fd91377b76a28acc725775e54a68610adde66ed5e4040f10d0291d7ed157e;Mann flüchtet durch Fluss - Polizei schwimmt hinterher;https://www.zeit.de/news/2026-07/24/mann-fluechtet-durch-fluss-polizei-schwimmt-hinterher;Hier finden Sie Informationen zu dem Thema „Diebstahl“. Lesen Sie jetzt „Mann flüchtet durch Fluss - Polizei schwimmt hinterher“.;Diebstahl;News, Diebstahl, Kinzig, Polizei, Diebstahl;2026-07-24T09:15:06+02:00;2026-07-24T09:15:06+02:00;;dpa Baden-Württemberg;false
ba0fdb736171a9f1736bf03f4ffeff8410f8872cb749cee34854f5123cfdfaec;Merz kündigt weitere Veränderungen im Bundeskabinett an;https://www.zeit.de/news/2026-07/24/merz-kuendigt-weitere-veraenderungen-im-bundeskabinett-an;Hier finden Sie Informationen zu dem Thema „Bundesregierung“. Lesen Sie jetzt „Merz kündigt weitere Veränderungen im Bundeskabinett an“.;Bundesregierung;News, Bundesregierung, Friedrich Merz, Bundesregierung, Bundeskabinett;2026-07-24T09:12:35+02:00;2026-07-24T09:12:35+02:00;;dpa;false
3d47635f7a8786c786a4af028ed8a381afebffde9e7e09e2e4cfbdf1a429aeea;Erfolgsserie «The Morning Show» endet mit fünfter Staffel;https://www.zeit.de/news/2026-07/23/erfolgsserie-the-morning-show-endet-mit-5-staffel;Hier finden Sie Informationen zu dem Thema „Aniston und Witherspoon“. Lesen Sie jetzt „Erfolgsserie «The Morning Show» endet mit fünfter Staffel“.;Aniston und Witherspoon;News, Aniston und Witherspoon, Reese Witherspoon, Jennifer Aniston, Erfolgsserie, Finale;2026-07-24T09:09:41+02:00;2026-07-24T09:09:41+02:00;;dpa;false
db78fc501920384515cce98a0af1deaed79a2472b321fc0db9ae9a4ead8e94db;Linnemann wird Bundesgesundheitsminister;https://www.zeit.de/news/2026-07/24/linnemann-wird-bundesgesundheitsminister;Hier finden Sie Informationen zu dem Thema „Bundesregierung“. Lesen Sie jetzt „Linnemann wird Bundesgesundheitsminister“.;Bundesregierung;News, Bundesregierung, Carsten Linnemann, Karl Lauterbach, Bundesregierung, CDU;2026-07-24T09:04:45+02:00;2026-07-24T09:04:45+02:00;;dpa;false
dc0d2789f35524cc3c779388935bba3fcb6a26f2f93a42ddb1dee2e3db050852;Mann sticht Ex-Partnerin nieder - Opfer schafft noch Notruf;https://www.zeit.de/news/2026-07/24/mann-sticht-ex-partnerin-nieder-opfer-schafft-noch-notruf;Hier finden Sie Informationen zu dem Thema „Gewalt gegen Frauen“. Lesen Sie jetzt „Mann sticht Ex-Partnerin nieder - Opfer schafft noch Notruf“.;Gewalt gegen Frauen;News, Gewalt gegen Frauen, Bielefeld, Polizei, Staatsanwaltschaft Bielefeld, Staatsanwaltschaft, Trennungsstreit, Mordkommission;2026-07-24T09:03:59+02:00;2026-07-24T09:03:59+02:00;;dpa Nordrhein-Westfalen;false
9f2a457c62efbd7742f4a6f5e4c18da069d2edac543a0f3dc64d54ec0c49fca0;Warken wird Kanzleramtschefin;https://www.zeit.de/news/2026-07/24/warken-wird-kanzleramtschefin;Hier finden Sie Informationen zu dem Thema „Bundesregierung“. Lesen Sie jetzt „Warken wird Kanzleramtschefin“.;Bundesregierung;News, Bundesregierung, Nina Warken, Bundesregierung, Unionsfraktionsspitze;2026-07-24T09:03:41+02:00;2026-07-24T09:03:41+02:00;;dpa;false
cad6172f1aad8f0a531c29d221428a35afe9ce8397b39ca4dfb93cf82d0fe58d;DAK: Krankenstand in Sachsen-Anhalt leicht gesunken;https://www.zeit.de/news/2026-07/24/dak-krankenstand-in-sachsen-anhalt-leicht-gesunken;Hier finden Sie Informationen zu dem Thema „Statistik“. Lesen Sie jetzt „DAK: Krankenstand in Sachsen-Anhalt leicht gesunken“.;Statistik;News, Statistik, Sachsen-Anhalt, DAK, Krankenstand, Arbeitsausfall;2026-07-24T09:00:09+02:00;2026-07-24T09:00:09+02:00;;dpa Sachsen;false
31720516f7bc0491cdaa6d8851c78201efc3c83fc3b9d5db2243d2ae5aee1cb5;Rechtsextremisten auf dem Vormarsch;https://www.zeit.de/news/2026-07/24/rechtsextremisten-auf-dem-vormarsch;Hier finden Sie Informationen zu dem Thema „Verfassungsschutzbericht“. Lesen Sie jetzt „Rechtsextremisten auf dem Vormarsch“.;Verfassungsschutzbericht;News, Verfassungsschutzbericht, Baden-Württemberg, Landesamt für Verfassungsschutz, Verfassungsschutz, Vormarsch, Verfassungsschutzbericht, Personenpotenzial, Rechtsextremisten, Rechtsextremismus;2026-07-24T09:00:08+02:00;2026-07-24T09:00:08+02:00;;dpa Baden-Württemberg;false
69f45913cb01620b1ac39974f6d657298f93c69bb05c655bb977692e7078249c;Lichterzauber aus Thailand: Britzer Garten wird Laternenmeer;https://www.zeit.de/news/2026-07/24/lichterzauber-aus-thailand-britzer-garten-wird-laternenmeer;Hier finden Sie Informationen zu dem Thema „Lichterfest in Berlin“. Lesen Sie jetzt „Lichterzauber aus Thailand: Britzer Garten wird Laternenmeer“.;Lichterfest in Berlin;News, Lichterfest in Berlin, Water Lantern, Thailand, Berlin, Lichterzauber, Laternenmeer, Lichterfest, Laterne, Tradition, schwimmen;2026-07-24T09:00:07+02:00;2026-07-24T09:00:07+02:00;;dpa Berlin/Brandenburg;false
afd1aabce3bfe41c62df4b9d9cfd018099a5c8688a3876dcadde580b1037e7f5;55 Kilo Cannabis gefunden – Zwei Menschen in U-Haft;https://www.zeit.de/news/2026-07/24/55-kilo-cannabis-gefunden-zwei-menschen-in-u-haft;Hier finden Sie Informationen zu dem Thema „Drogen“. Lesen Sie jetzt „55 Kilo Cannabis gefunden – Zwei Menschen in U-Haft“.;Drogen;News, Drogen, Meißen, Cannabis, Drogen;2026-07-24T08:53:04+02:00;2026-07-24T08:53:04+02:00;;dpa Sachsen;false
ed15712d65e7080899148aac914ceebf89184764c5a0235409c826a8faf02fc3;Bedrohte Galeria-Filialen - Senat setzt sich für Erhalt ein;https://www.zeit.de/news/2026-07/24/bedrohte-galeria-filialen-senat-setzt-sich-fuer-erhalt-ein;Hier finden Sie Informationen zu dem Thema „Einzelhandel“. Lesen Sie jetzt „Bedrohte Galeria-Filialen - Senat setzt sich für Erhalt ein“.;Einzelhandel;News, Einzelhandel, Franziska Giffey, Berlin, RBB, Berliner Morgenpost, Galeria Kaufhof, Berliner Senat, SPD, Instagram, Senat, Einzelhandel;2026-07-24T08:48:26+02:00;2026-07-24T08:48:26+02:00;;dpa Berlin/Brandenburg;false
da4d120dcb34e2d0ff43454e0eb3aca6b0b0d2368fa9809041a41acb5dd701d6;Einbruch in Handyladen - mehrere Tausend Euro Schaden;https://www.zeit.de/news/2026-07/24/einbruch-in-handyladen-mehrere-tausend-euro-schaden;Hier finden Sie Informationen zu dem Thema „Kriminalität“. Lesen Sie jetzt „Einbruch in Handyladen - mehrere Tausend Euro Schaden“.;Kriminalität;News, Kriminalität, Polizei, Handyladen, Einbruch;2026-07-24T08:48:08+02:00;2026-07-24T08:48:08+02:00;;dpa Thüringen;false
3046a6cadc40f59e132951359102024cb527844c38122f755532e504709c6fb3;Feuerwehr löscht Brand von Lkw-Anhängern mit alten Batterien;https://www.zeit.de/news/2026-07/24/feuerwehr-loescht-brand-von-lkw-anhaengern-mit-alten-batterien;Hier finden Sie Informationen zu dem Thema „Kreis Heilbronn“. Lesen Sie jetzt „Feuerwehr löscht Brand von Lkw-Anhängern mit alten Batterien“.;Kreis Heilbronn;News, Kreis Heilbronn, Heilbronn, Landkreis Heilbronn, Feuerwehr, Polizei, Batterie;2026-07-24T08:41:39+02:00;2026-07-24T08:41:39+02:00;;dpa Baden-Württemberg;false
76d096ff524472584427fe02697367878396a4ce577831647632bf8d7cbc25c9;Zeitung: Sirenennetz in Hannover ist vollständig;https://www.zeit.de/news/2026-07/24/zeitung-sirenennetz-in-hannover-ist-vollstaendig;Hier finden Sie Informationen zu dem Thema „Kommunen“. Lesen Sie jetzt „Zeitung: Sirenennetz in Hannover ist vollständig“.;Kommunen;News, Kommunen, Dennis Dix, Hannover, Hannoversche Allgemeine Zeitung, Sirenennetz, Wiederaufbau, Warnsirenennetz, Kommune, Krieg in der Ukraine;2026-07-24T08:40:31+02:00;2026-07-24T08:40:31+02:00;;dpa Niedersachsen;false
5d3e230e8289ba60d4d318d9cebd5308866eee73f3180c201478e534552c4e9f;Am Wochenende erst Sonne pur, dann drohen Gewitter;https://www.zeit.de/news/2026-07/24/am-wochenende-erst-sonne-pur-dann-drohen-gewitter;Hier finden Sie Informationen zu dem Thema „Wetterbericht“. Lesen Sie jetzt „Am Wochenende erst Sonne pur, dann drohen Gewitter“.;Wetterbericht;News, Wetterbericht, Nordrhein-Westfalen, Gewitter, Wetterbericht, Tagesverlauf, Wetter;2026-07-24T08:33:40+02:00;2026-07-24T08:33:40+02:00;;dpa Nordrhein-Westfalen;false
23c011c070303ce593fbe5b2a469621813659ac02a97dbc7a7c818f204bd40b7;Fachwerkhaus in Bleicherode nach Löscharbeiten unbetretbar;https://www.zeit.de/news/2026-07/24/fachwerkhaus-in-bleicherode-nach-loescharbeiten-unbetretbar;Hier finden Sie Informationen zu dem Thema „Brände“. Lesen Sie jetzt „Fachwerkhaus in Bleicherode nach Löscharbeiten unbetretbar“.;Brände;News, Brände, Bleicherode, Polizei, Fachwerkhaus, Löscharbeit, Vollbrand, Brand;2026-07-24T08:32:27+02:00;2026-07-24T08:32:27+02:00;;dpa Thüringen;false
c84b8b2742528bdfa88f3a831f85e2714af789dc2add26b451712a0812210f88;Wechselhaftes Wetter am Wochenende im Nordwesten;https://www.zeit.de/news/2026-07/24/wechselhaftes-wetter-am-wochenende-im-nordwesten;Hier finden Sie Informationen zu dem Thema „Wetter“. Lesen Sie jetzt „Wechselhaftes Wetter am Wochenende im Nordwesten“.;Wetter;News, Wetter, Niedersachsen, Bremen, DWD, Bewölkung, Wetter;2026-07-24T08:31:24+02:00;2026-07-24T08:31:24+02:00;;dpa Niedersachsen;false
82808537e08949d399652d8671841261bd21ce189edcacfa37580b5e2797f5a8;Verkehrsminister Schnieder muss gehen;https://www.zeit.de/news/2026-07/24/verkehrsminister-schnieder-muss-gehen;Hier finden Sie Informationen zu dem Thema „Bundesregierung“. Lesen Sie jetzt „Verkehrsminister Schnieder muss gehen“.;Bundesregierung;News, Bundesregierung, Patrick Schnieder, Volker Wissing, Bundesregierung, CDU, Kabinettsumbildung, Koalitionskreis;2026-07-24T08:20:39+02:00;2026-07-24T08:20:39+02:00;;dpa;false
0bceb09fb5f67c5ea2efe96713b6c9061bef990e287d009be62f18384a8e807d;Umfrage: AfD in Sachsen-Anhalt weiter deutlich vorne;https://www.zeit.de/news/2026-07/24/umfrage-afd-in-sachsen-anhalt-weiter-deutlich-vorne;Hier finden Sie Informationen zu dem Thema „Vor Landtagswahl“. Lesen Sie jetzt „Umfrage: AfD in Sachsen-Anhalt weiter deutlich vorne“.;Vor Landtagswahl;News, Vor Landtagswahl, Ulrich Siegmund, Sachsen-Anhalt, Focus, FDP, Alternative für Deutschland, Die Partei, CDU, SPD, Landtagswahl, Umfrage;2026-07-24T08:16:38+02:00;2026-07-24T08:16:38+02:00;;dpa Sachsen;false
678508107d2e378b9ab9aba1a5f7f0c7d9af18546d254f7a98e3adda67ac0d58;Philippinen werfen China weitere Attacke auf Schiffe vor;https://www.zeit.de/politik/ausland/2026-07/suedchinesisches-meer-philippinen-china-scarborough-riff-kuestenwache-gxe;China und die Philippinen beanspruchen das Scarborough-Riff südlich von Taiwan für sich. Die philippinische Küstenwache hat erneut den Einsatz von Wasserwerfern beklagt.;Südchinesisches Meer;Politik, Südchinesisches Meer, Philippinen, China, Taiwan, Küstenwache, Marco Rubio, USA;2026-07-24T08:14:59+02:00;2026-07-24T08:14:59+02:00;mpi;DIE ZEIT,        dpa,        Reuters,        							mpi;false
ae158f4f8f7692d0e0e3dbc12e7358e07d064b73b4758869025d3727c1e5c16a;Ein Monat nach Erdbeben: Rund 5.400 Tote in Venezuela;https://www.zeit.de/news/2026-07/24/ein-monat-nach-erdbeben-rund-5-400-tote-in-venezuela;Hier finden Sie Informationen zu dem Thema „Katastrophengebiet“. Lesen Sie jetzt „Ein Monat nach Erdbeben: Rund 5.400 Tote in Venezuela“.;Katastrophengebiet;News, Katastrophengebiet, Katja Dombrowski, Jorge Rodríguez, Venezuela, Welthungerhilfe, Deutsche Presse-Agentur, Wiederaufbau, Erdbeben, Katastrophengebiet;2026-07-24T08:13:46+02:00;2026-07-24T08:13:46+02:00;;dpa;false
07aebc2c41ca88522223ae808eb4a8e4ab3f7a153341c16720b7dc0ff76a1686;Ost und West, in Missmut vereint;https://www.zeit.de/news/2026-07/24/ost-und-west-in-missmut-vereint;Hier finden Sie Informationen zu dem Thema „Umfassende Befragung“. Lesen Sie jetzt „Ost und West, in Missmut vereint“.;Umfassende Befragung;News, Umfassende Befragung, Berlin, Mecklenburg-Vorpommern, YouGov, Alternative für Deutschland, Deutsche Presse-Agentur, Landtagswahl in Sachsen, Missmut, Befragung, Meinungsforschungsinstitut;2026-07-24T08:00:09+02:00;2026-07-24T08:00:09+02:00;;dpa;false
fa945960826f795eecd23a4dcb30fdcdbb011e325ae22ad1c398974bbef370ac;Kauflaune der Deutschen auf niedrigem Niveau;https://www.zeit.de/news/2026-07/24/kauflaune-der-deutschen-auf-niedrigem-niveau;Hier finden Sie Informationen zu dem Thema „Konsumklima“. Lesen Sie jetzt „Kauflaune der Deutschen auf niedrigem Niveau“.;Konsumklima;News, Konsumklima, GfK, Kauflaune, Konsumklima, Einkommenserwartung, Spritpreis;2026-07-24T08:00:06+02:00;2026-07-24T08:00:06+02:00;;dpa;false
e54919e7eed2275565b3b653b4e698b7319aecc042d679563db9900d0045fbba;Wie viel man im Friseurgewerbe verdient;https://www.zeit.de/arbeit/gehaltsvergleich-2026/gehaelter-vergleich-berufe-friseurgewerbe;Neue Daten zeigen, wie sich die Gehälter seit 2013 entwickelt haben. Und in welchen ähnlichen Berufen man mehr oder weniger verdient.;"Z+ (abopflichtiger Inhalt);
        
    Gehälter im Vergleich";Arbeit, Gehälter im Vergleich, Gehaltsunterschied, Gehalt, Arbeitsmarkt, Friseurgewerbe;2026-07-24T08:00:00+02:00;2026-07-24T08:00:00+02:00;Jakob BauerCharlotte EcksteinDavid GutensohnMia JanzenAnne JeschkeJulian StahnkeJulius Tröger;;false
032da667c8e56644a8ba185c0e4898b5f3583b0c1537e14987aaaeba722c9518;Wie viel man in der Fruchtsafttechnik verdient;https://www.zeit.de/arbeit/gehaltsvergleich-2026/gehaelter-vergleich-berufe-fruchtsafttechnik;Neue Daten zeigen, wie sich die Gehälter seit 2013 entwickelt haben. Und in welchen ähnlichen Berufen man mehr oder weniger verdient.;"Z+ (abopflichtiger Inhalt);
        
    Gehälter im Vergleich";Arbeit, Gehälter im Vergleich, Gehaltsunterschied, Gehalt, Arbeitsmarkt, Fruchtsafttechnik;2026-07-24T08:00:00+02:00;2026-07-24T08:00:00+02:00;Jakob BauerCharlotte EcksteinDavid GutensohnMia JanzenAnne JeschkeJulian StahnkeJulius Tröger;;false
7840c5bc7b166400d4c9a3bc824922b3018665bcce486b9a4f436ef7a5de79f8;Wie viel man als Führerin oder Führer von Erdbewegungs- und verwandten Maschinen verdient;https://www.zeit.de/arbeit/gehaltsvergleich-2026/gehaelter-vergleich-berufe-fuehrerin-fuehrer-erdbewegungsmaschine-verwandte-maschinen;Neue Daten zeigen, wie sich die Gehälter seit 2013 entwickelt haben. Und in welchen ähnlichen Berufen man mehr oder weniger verdient.;"Z+ (abopflichtiger Inhalt);
        
    Gehälter im Vergleich";Arbeit, Gehälter im Vergleich, Gehaltsunterschied, Gehalt, Arbeitsmarkt, Führerin oder Führer von Erdbewegungs- und verwandten Maschinen;2026-07-24T08:00:00+02:00;2026-07-24T08:00:00+02:00;Jakob BauerCharlotte EcksteinDavid GutensohnMia JanzenAnne JeschkeJulian StahnkeJulius Tröger;;false
989a0f714bb8da2c0f623fed950f5e49efe76fa6ed1923f43f88613cd8fc7ef4;Wie viel man als Führerin oder Führer von land- und forstwirtschaftlichen Maschinen verdient;https://www.zeit.de/arbeit/gehaltsvergleich-2026/gehaelter-vergleich-berufe-fuehrerin-fuehrer-landwirtschaftliche-forstwirtschaftliche-maschinen;Neue Daten zeigen, wie sich die Gehälter seit 2013 entwickelt haben. Und in welchen ähnlichen Berufen man mehr oder weniger verdient.;"Z+ (abopflichtiger Inhalt);
        
    Gehälter im Vergleich";Arbeit, Gehälter im Vergleich, Gehaltsunterschied, Gehalt, Arbeitsmarkt, Führerin oder Führer von land- und forstwirtschaftlichen Maschinen;2026-07-24T08:00:00+02:00;2026-07-24T08:00:00+02:00;Jakob BauerCharlotte EcksteinDavid GutensohnMia JanzenAnne JeschkeJulian StahnkeJulius Tröger;;false
390489b05d00e42125962738864e8c419509a9fcbe62c3001a29b2c9fc337202;Wie viel man in der Garn- und Seilherstellung verdient;https://www.zeit.de/arbeit/gehaltsvergleich-2026/gehaelter-vergleich-berufe-garn-seilherstellung;Neue Daten zeigen, wie sich die Gehälter seit 2013 entwickelt haben. Und in welchen ähnlichen Berufen man mehr oder weniger verdient.;"Z+ (abopflichtiger Inhalt);
        
    Gehälter im Vergleich";Arbeit, Gehälter im Vergleich, Gehaltsunterschied, Gehalt, Arbeitsmarkt, Garn- und Seilherstellung;2026-07-24T08:00:00+02:00;2026-07-24T08:00:00+02:00;Jakob BauerCharlotte EcksteinDavid GutensohnMia JanzenAnne JeschkeJulian StahnkeJulius Tröger;;false
4f1910eacac58d6dac8a1259be6b79c6c0bee719c76699ca5cb2e666b487c86b;Wie viel man als Führungskraft im Gartenbau verdient;https://www.zeit.de/arbeit/gehaltsvergleich-2026/gehaelter-vergleich-berufe-gartenbau-fuehrungskraft;Neue Daten zeigen, wie sich die Gehälter seit 2013 entwickelt haben. Und in welchen ähnlichen Berufen man mehr oder weniger verdient.;"Z+ (abopflichtiger Inhalt);
        
    Gehälter im Vergleich";Arbeit, Gehälter im Vergleich, Gehaltsunterschied, Gehalt, Arbeitsmarkt, Gartenbau (Führungskraft);2026-07-24T08:00:00+02:00;2026-07-24T08:00:00+02:00;Jakob BauerCharlotte EcksteinDavid GutensohnMia JanzenAnne JeschkeJulian StahnkeJulius Tröger;;false
20caa7d52440d250002d14004488ca0752d88dcb06195a63e1803eecaa540584;Wie viel man im Gartenbau verdient;https://www.zeit.de/arbeit/gehaltsvergleich-2026/gehaelter-vergleich-berufe-gartenbau;Neue Daten zeigen, wie sich die Gehälter seit 2013 entwickelt haben. Und in welchen ähnlichen Berufen man mehr oder weniger verdient.;"Z+ (abopflichtiger Inhalt);
        
    Gehälter im Vergleich";Arbeit, Gehälter im Vergleich, Gehaltsunterschied, Gehalt, Arbeitsmarkt, Gartenbau;2026-07-24T08:00:00+02:00;2026-07-24T08:00:00+02:00;Jakob BauerCharlotte EcksteinDavid GutensohnMia JanzenAnne JeschkeJulian StahnkeJulius Tröger;;false
9f025a2a43247893c41343197c041b6ff5630f3c382311bbd2ec3d68848fdef1;Wie viel man im Garten-, Landschafts- und Sportplatzbau verdient;https://www.zeit.de/arbeit/gehaltsvergleich-2026/gehaelter-vergleich-berufe-gartenbau-landschaftsbau-sportplatzbau;Neue Daten zeigen, wie sich die Gehälter seit 2013 entwickelt haben. Und in welchen ähnlichen Berufen man mehr oder weniger verdient.;"Z+ (abopflichtiger Inhalt);
        
    Gehälter im Vergleich";Arbeit, Gehälter im Vergleich, Gehaltsunterschied, Gehalt, Arbeitsmarkt, Garten-, Landschafts- und Sportplatzbau;2026-07-24T08:00:00+02:00;2026-07-24T08:00:00+02:00;Jakob BauerCharlotte EcksteinDavid GutensohnMia JanzenAnne JeschkeJulian StahnkeJulius Tröger;;false
fae83c9bbd472a0080e523a8bc1c376ba4ccd9e2a3d55d590f1866ea5003fab6;Wie viel man in der Gastronomie (mit Spezialisierung) verdient;https://www.zeit.de/arbeit/gehaltsvergleich-2026/gehaelter-vergleich-berufe-gastronomie-spezialisierung;Neue Daten zeigen, wie sich die Gehälter seit 2013 entwickelt haben. Und in welchen ähnlichen Berufen man mehr oder weniger verdient.;"Z+ (abopflichtiger Inhalt);
        
    Gehälter im Vergleich";Arbeit, Gehälter im Vergleich, Gehaltsunterschied, Gehalt, Arbeitsmarkt, Gastronomie (mit Spezialisierung);2026-07-24T08:00:00+02:00;2026-07-24T08:00:00+02:00;Jakob BauerCharlotte EcksteinDavid GutensohnMia JanzenAnne JeschkeJulian StahnkeJulius Tröger;;false
098499e7026708e0ac10d66d27443bf2938804761f139596e8dfc09afba3161f;Wie viel man als Führungskraft in der Gastronomie verdient;https://www.zeit.de/arbeit/gehaltsvergleich-2026/gehaelter-vergleich-berufe-gastronomie-fuehrungskraft;Neue Daten zeigen, wie sich die Gehälter seit 2013 entwickelt haben. Und in welchen ähnlichen Berufen man mehr oder weniger verdient.;"Z+ (abopflichtiger Inhalt);
        
    Gehälter im Vergleich";Arbeit, Gehälter im Vergleich, Gehaltsunterschied, Gehalt, Arbeitsmarkt, Gastronomie (Führungskraft);2026-07-24T08:00:00+02:00;2026-07-24T08:00:00+02:00;Jakob BauerCharlotte EcksteinDavid GutensohnMia JanzenAnne JeschkeJulian StahnkeJulius Tröger;;false
6d0cb8a7cdd9d669a595ed65fe86888faf2f8e137d8890b690bc7ff24863afc9;Wie viel man im Gastronomieservice verdient;https://www.zeit.de/arbeit/gehaltsvergleich-2026/gehaelter-vergleich-berufe-gastronomieservice;Neue Daten zeigen, wie sich die Gehälter seit 2013 entwickelt haben. Und in welchen ähnlichen Berufen man mehr oder weniger verdient.;"Z+ (abopflichtiger Inhalt);
        
    Gehälter im Vergleich";Arbeit, Gehälter im Vergleich, Gehaltsunterschied, Gehalt, Arbeitsmarkt, Gastronomieservice;2026-07-24T08:00:00+02:00;2026-07-24T08:00:00+02:00;Jakob BauerCharlotte EcksteinDavid GutensohnMia JanzenAnne JeschkeJulian StahnkeJulius Tröger;;false
3e4730fe9daa7e0a24a67cd3bde9be9680c0ba75a715a0efd3134bd09281c4ff;Wie viel man in der Gebäudereinigung verdient;https://www.zeit.de/arbeit/gehaltsvergleich-2026/gehaelter-vergleich-berufe-gebaeudereinigung;Neue Daten zeigen, wie sich die Gehälter seit 2013 entwickelt haben. Und in welchen ähnlichen Berufen man mehr oder weniger verdient.;"Z+ (abopflichtiger Inhalt);
        
    Gehälter im Vergleich";Arbeit, Gehälter im Vergleich, Gehaltsunterschied, Gehalt, Arbeitsmarkt, Gebäudereinigung;2026-07-24T08:00:00+02:00;2026-07-24T08:00:00+02:00;Jakob BauerCharlotte EcksteinDavid GutensohnMia JanzenAnne JeschkeJulian StahnkeJulius Tröger;;false
6cb62d41c73260d126cd6af08dd7b10f06d08b8d02a599a5d4bcbe04c4e80019;Wie viel man als Führungskraft in der Gebäudetechnik verdient;https://www.zeit.de/arbeit/gehaltsvergleich-2026/gehaelter-vergleich-berufe-gebaeudetechnik-fuehrungskraft;Neue Daten zeigen, wie sich die Gehälter seit 2013 entwickelt haben. Und in welchen ähnlichen Berufen man mehr oder weniger verdient.;"Z+ (abopflichtiger Inhalt);
        
    Gehälter im Vergleich";Arbeit, Gehälter im Vergleich, Gehaltsunterschied, Gehalt, Arbeitsmarkt, Gebäudetechnik (Führungskraft);2026-07-24T08:00:00+02:00;2026-07-24T08:00:00+02:00;Jakob BauerCharlotte EcksteinDavid GutensohnMia JanzenAnne JeschkeJulian StahnkeJulius Tröger;;false
b6e5bebc7bac4595b6721bf299575314d50024ad281c08957b812254b4f57566;Wie viel man in der Gebäudetechnik verdient;https://www.zeit.de/arbeit/gehaltsvergleich-2026/gehaelter-vergleich-berufe-gebaeudetechnik;Neue Daten zeigen, wie sich die Gehälter seit 2013 entwickelt haben. Und in welchen ähnlichen Berufen man mehr oder weniger verdient.;"Z+ (abopflichtiger Inhalt);
        
    Gehälter im Vergleich";Arbeit, Gehälter im Vergleich, Gehaltsunterschied, Gehalt, Arbeitsmarkt, Gebäudetechnik;2026-07-24T08:00:00+02:00;2026-07-24T08:00:00+02:00;Jakob BauerCharlotte EcksteinDavid GutensohnMia JanzenAnne JeschkeJulian StahnkeJulius Tröger;;false
94558706c2b493e56405c79c578af6327c7ffd2f0e00eb7693062324fb9e0326;Wie viel man in der Geflügelhaltung verdient;https://www.zeit.de/arbeit/gehaltsvergleich-2026/gehaelter-vergleich-berufe-gefluegelhaltung;Neue Daten zeigen, wie sich die Gehälter seit 2013 entwickelt haben. Und in welchen ähnlichen Berufen man mehr oder weniger verdient.;"Z+ (abopflichtiger Inhalt);
        
    Gehälter im Vergleich";Arbeit, Gehälter im Vergleich, Gehaltsunterschied, Gehalt, Arbeitsmarkt, Geflügelhaltung;2026-07-24T08:00:00+02:00;2026-07-24T08:00:00+02:00;Jakob BauerCharlotte EcksteinDavid GutensohnMia JanzenAnne JeschkeJulian StahnkeJulius Tröger;;false
6b8f01dbb1f4255d2b45c3bdb25a509e983c0385c1819e11d88bc7fd5f9f79c8;Wie viel man in der Geburtshilfe und Entbindungspflege verdient;https://www.zeit.de/arbeit/gehaltsvergleich-2026/gehaelter-vergleich-berufe-geburtshilfe-entbindungspflege;Neue Daten zeigen, wie sich die Gehälter seit 2013 entwickelt haben. Und in welchen ähnlichen Berufen man mehr oder weniger verdient.;"Z+ (abopflichtiger Inhalt);
        
    Gehälter im Vergleich";Arbeit, Gehälter im Vergleich, Gehaltsunterschied, Gehalt, Arbeitsmarkt, Geburtshilfe und Entbindungspflege;2026-07-24T08:00:00+02:00;2026-07-24T08:00:00+02:00;Jakob BauerCharlotte EcksteinDavid GutensohnMia JanzenAnne JeschkeJulian StahnkeJulius Tröger;;false
83147dc58e48de977414e51619351c38e391c1359b11ca95beb0d5423745f929;Wie viel man in der Geografie verdient;https://www.zeit.de/arbeit/gehaltsvergleich-2026/gehaelter-vergleich-berufe-geografie;Neue Daten zeigen, wie sich die Gehälter seit 2013 entwickelt haben. Und in welchen ähnlichen Berufen man mehr oder weniger verdient.;"Z+ (abopflichtiger Inhalt);
        
    Gehälter im Vergleich";Arbeit, Gehälter im Vergleich, Gehaltsunterschied, Gehalt, Arbeitsmarkt, Geografie;2026-07-24T08:00:00+02:00;2026-07-24T08:00:00+02:00;Jakob BauerCharlotte EcksteinDavid GutensohnMia JanzenAnne JeschkeJulian StahnkeJulius Tröger;;false
3a427e0012cb4c19190f4031d8502a58dbca410d862fd7f734db429c689fe19d;Wie viel man in der Gemeindearbeit verdient;https://www.zeit.de/arbeit/gehaltsvergleich-2026/gehaelter-vergleich-berufe-gemeindearbeit;Neue Daten zeigen, wie sich die Gehälter seit 2013 entwickelt haben. Und in welchen ähnlichen Berufen man mehr oder weniger verdient.;"Z+ (abopflichtiger Inhalt);
        
    Gehälter im Vergleich";Arbeit, Gehälter im Vergleich, Gehaltsunterschied, Gehalt, Arbeitsmarkt, Gemeindearbeit;2026-07-24T08:00:00+02:00;2026-07-24T08:00:00+02:00;Jakob BauerCharlotte EcksteinDavid GutensohnMia JanzenAnne JeschkeJulian StahnkeJulius Tröger;;false
4b400ef06247a30be9ecce68764f44885612f8ddb4a74ac4c33cd5214d921501;Wie viel man in der Geologie verdient;https://www.zeit.de/arbeit/gehaltsvergleich-2026/gehaelter-vergleich-berufe-geologie;Neue Daten zeigen, wie sich die Gehälter seit 2013 entwickelt haben. Und in welchen ähnlichen Berufen man mehr oder weniger verdient.;"Z+ (abopflichtiger Inhalt);
        
    Gehälter im Vergleich";Arbeit, Gehälter im Vergleich, Gehaltsunterschied, Gehalt, Arbeitsmarkt, Geologie;2026-07-24T08:00:00+02:00;2026-07-24T08:00:00+02:00;Jakob BauerCharlotte EcksteinDavid GutensohnMia JanzenAnne JeschkeJulian StahnkeJulius Tröger;;false
fb19871ba1465cccc68d220156ae97935aec40994b64194ac99d9701ed794ccf;Wie viel man in der Geoinformatik verdient;https://www.zeit.de/arbeit/gehaltsvergleich-2026/gehaelter-vergleich-berufe-geoinformatik;Neue Daten zeigen, wie sich die Gehälter seit 2013 entwickelt haben. Und in welchen ähnlichen Berufen man mehr oder weniger verdient.;"Z+ (abopflichtiger Inhalt);
        
    Gehälter im Vergleich";Arbeit, Gehälter im Vergleich, Gehaltsunterschied, Gehalt, Arbeitsmarkt, Geoinformatik;2026-07-24T08:00:00+02:00;2026-07-24T08:00:00+02:00;Jakob BauerCharlotte EcksteinDavid GutensohnMia JanzenAnne JeschkeJulian StahnkeJulius Tröger;;false
7715e76bbd20821e34c02390127d93a2caf275073ef00cc922609a7b43e1992f;Wie viel man in der Geotechnik verdient;https://www.zeit.de/arbeit/gehaltsvergleich-2026/gehaelter-vergleich-berufe-geotechnik;Neue Daten zeigen, wie sich die Gehälter seit 2013 entwickelt haben. Und in welchen ähnlichen Berufen man mehr oder weniger verdient.;"Z+ (abopflichtiger Inhalt);
        
    Gehälter im Vergleich";Arbeit, Gehälter im Vergleich, Gehaltsunterschied, Gehalt, Arbeitsmarkt, Geotechnik;2026-07-24T08:00:00+02:00;2026-07-24T08:00:00+02:00;Jakob BauerCharlotte EcksteinDavid GutensohnMia JanzenAnne JeschkeJulian StahnkeJulius Tröger;;false
7114259605869161b3aae2df8ca6ddda3adb705959952c91b61180c4ee03f722;Wie viel man im Gerichtsvollzug verdient;https://www.zeit.de/arbeit/gehaltsvergleich-2026/gehaelter-vergleich-berufe-gerichtsvollzug;Neue Daten zeigen, wie sich die Gehälter seit 2013 entwickelt haben. Und in welchen ähnlichen Berufen man mehr oder weniger verdient.;"Z+ (abopflichtiger Inhalt);
        
    Gehälter im Vergleich";Arbeit, Gehälter im Vergleich, Gehaltsunterschied, Gehalt, Arbeitsmarkt, Gerichtsvollzug;2026-07-24T08:00:00+02:00;2026-07-24T08:00:00+02:00;Jakob BauerCharlotte EcksteinDavid GutensohnMia JanzenAnne JeschkeJulian StahnkeJulius Tröger;;false
0ea8564e2307a0ad6d0bea35ed2feee7ec9c1a3dab11af0c3783ec2f1d2e4381;Wie viel man im Gerüstbau verdient;https://www.zeit.de/arbeit/gehaltsvergleich-2026/gehaelter-vergleich-berufe-geruestbau;Neue Daten zeigen, wie sich die Gehälter seit 2013 entwickelt haben. Und in welchen ähnlichen Berufen man mehr oder weniger verdient.;"Z+ (abopflichtiger Inhalt);
        
    Gehälter im Vergleich";Arbeit, Gehälter im Vergleich, Gehaltsunterschied, Gehalt, Arbeitsmarkt, Gerüstbau;2026-07-24T08:00:00+02:00;2026-07-24T08:00:00+02:00;Jakob BauerCharlotte EcksteinDavid GutensohnMia JanzenAnne JeschkeJulian StahnkeJulius Tröger;;false
f9c68112ab3f7d810d06df343e70b0cf6b5f80e1291aec76527e0bbefd54102e;Wie viel man in der Geschichtswissenschaft verdient;https://www.zeit.de/arbeit/gehaltsvergleich-2026/gehaelter-vergleich-berufe-geschichtswissenschaften;Neue Daten zeigen, wie sich die Gehälter seit 2013 entwickelt haben. Und in welchen ähnlichen Berufen man mehr oder weniger verdient.;"Z+ (abopflichtiger Inhalt);
        
    Gehälter im Vergleich";Arbeit, Gehälter im Vergleich, Gehaltsunterschied, Gehalt, Arbeitsmarkt, Geschichtswissenschaften;2026-07-24T08:00:00+02:00;2026-07-24T08:00:00+02:00;Jakob BauerCharlotte EcksteinDavid GutensohnMia JanzenAnne JeschkeJulian StahnkeJulius Tröger;;false
e0d22869fecae550371f26dbadcf0f1d9a3b6c8886ca34c97778e3585693872d;Wie viel man in der Gesundheitsberatung verdient;https://www.zeit.de/arbeit/gehaltsvergleich-2026/gehaelter-vergleich-berufe-gesundheitsberatung;Neue Daten zeigen, wie sich die Gehälter seit 2013 entwickelt haben. Und in welchen ähnlichen Berufen man mehr oder weniger verdient.;"Z+ (abopflichtiger Inhalt);
        
    Gehälter im Vergleich";Arbeit, Gehälter im Vergleich, Gehaltsunterschied, Gehalt, Arbeitsmarkt, Gesundheitsberatung;2026-07-24T08:00:00+02:00;2026-07-24T08:00:00+02:00;Jakob BauerCharlotte EcksteinDavid GutensohnMia JanzenAnne JeschkeJulian StahnkeJulius Tröger;;false
5dc765a4268a144bd1962baeb2a7230f0b2d1507ed98f5ae33923eefcf0ebfd5;Wie viel man in der technischen Qualitätssicherung verdient;https://www.zeit.de/arbeit/gehaltsvergleich-2026/gehaelter-vergleich-berufe-technische-qualitaetssicherung;Neue Daten zeigen, wie sich die Gehälter seit 2013 entwickelt haben. Und in welchen ähnlichen Berufen man mehr oder weniger verdient.;"Z+ (abopflichtiger Inhalt);
        
    Gehälter im Vergleich";Arbeit, Gehälter im Vergleich, Gehaltsunterschied, Gehalt, Arbeitsmarkt, Technische Qualitätssicherung;2026-07-24T08:00:00+02:00;2026-07-24T08:00:00+02:00;Jakob BauerCharlotte EcksteinDavid GutensohnMia JanzenAnne JeschkeJulian StahnkeJulius Tröger;;false
30633eaa652e0381d8fc8b93bd143aa0dd5ce9b68a0fc42252c37404fb71f3a5;Wie viel man als Geschäftsführerin oder Geschäftsführer und Vorstand verdient;https://www.zeit.de/arbeit/gehaltsvergleich-2026/gehaelter-vergleich-berufe-geschaeftsfuehrerin-geschaeftsfuehrer-vorstand;Neue Daten zeigen, wie sich die Gehälter seit 2013 entwickelt haben. Und in welchen ähnlichen Berufen man mehr oder weniger verdient.;"Z+ (abopflichtiger Inhalt);
        
    Gehälter im Vergleich";Arbeit, Gehälter im Vergleich, Gehaltsunterschied, Gehalt, Arbeitsmarkt, Geschäftsführerin oder Geschäftsführer und Vorstand;2026-07-24T08:00:00+02:00;2026-07-24T08:00:00+02:00;Jakob BauerCharlotte EcksteinDavid GutensohnMia JanzenAnne JeschkeJulian StahnkeJulius Tröger;;false
a33207f9565bc78dc65c83c30394f09ece3891c99eb4e3b547589f70f4467014;Wie viel man in der Gesundheits- und Krankenpflege verdient;https://www.zeit.de/arbeit/gehaltsvergleich-2026/gehaelter-vergleich-berufe-gesundheitspflege-krankenpflege;Neue Daten zeigen, wie sich die Gehälter seit 2013 entwickelt haben. Und in welchen ähnlichen Berufen man mehr oder weniger verdient.;"Z+ (abopflichtiger Inhalt);
        
    Gehälter im Vergleich";Arbeit, Gehälter im Vergleich, Gehaltsunterschied, Gehalt, Arbeitsmarkt, Gesundheits- und Krankenpflege;2026-07-24T08:00:00+02:00;2026-07-24T08:00:00+02:00;Jakob BauerCharlotte EcksteinDavid GutensohnMia JanzenAnne JeschkeJulian StahnkeJulius Tröger;;false
ea147b82e6cf15d8ef532a537f3ae55bb592ea6effcdabd464392f81e9797e4f;Wie viel man in der Gesundheits- und Krankenpflege (mit Spezialisierung) verdient;https://www.zeit.de/arbeit/gehaltsvergleich-2026/gehaelter-vergleich-berufe-gesundheitspflege-krankenpflege-spezialisierung;Neue Daten zeigen, wie sich die Gehälter seit 2013 entwickelt haben. Und in welchen ähnlichen Berufen man mehr oder weniger verdient.;"Z+ (abopflichtiger Inhalt);
        
    Gehälter im Vergleich";Arbeit, Gehälter im Vergleich, Gehaltsunterschied, Gehalt, Arbeitsmarkt, Gesundheits- und Krankenpflege (mit Spezialisierung);2026-07-24T08:00:00+02:00;2026-07-24T08:00:00+02:00;Jakob BauerCharlotte EcksteinDavid GutensohnMia JanzenAnne JeschkeJulian StahnkeJulius Tröger;;false
62b167cb3aed93f8f99e11f93f580a8c69471d63e11ee95fde84280566923530;Wie viel man in der Getränkeherstellung verdient;https://www.zeit.de/arbeit/gehaltsvergleich-2026/gehaelter-vergleich-berufe-getraenkeherstellung;Neue Daten zeigen, wie sich die Gehälter seit 2013 entwickelt haben. Und in welchen ähnlichen Berufen man mehr oder weniger verdient.;"Z+ (abopflichtiger Inhalt);
        
    Gehälter im Vergleich";Arbeit, Gehälter im Vergleich, Gehaltsunterschied, Gehalt, Arbeitsmarkt, Getränkeherstellung;2026-07-24T08:00:00+02:00;2026-07-24T08:00:00+02:00;Jakob BauerCharlotte EcksteinDavid GutensohnMia JanzenAnne JeschkeJulian StahnkeJulius Tröger;;false
b8f75dc3aa2ac73968f6697b1f9b37df3d4ec7226e2d9d3ddadd0411363cd684;Wie viel man in der Gesundheitsaufsicht und Hygieneüberwachung verdient;https://www.zeit.de/arbeit/gehaltsvergleich-2026/gehaelter-vergleich-berufe-gesundheitshygieneueberwachung-fuehrungskraft;Neue Daten zeigen, wie sich die Gehälter seit 2013 entwickelt haben. Und in welchen ähnlichen Berufen man mehr oder weniger verdient.;"Z+ (abopflichtiger Inhalt);
        
    Gehälter im Vergleich";Arbeit, Gehälter im Vergleich, Gehaltsunterschied, Gehalt, Arbeitsmarkt, Gesundheitsaufsicht und Hygieneüberwachung;2026-07-24T08:00:00+02:00;2026-07-24T08:00:00+02:00;Jakob BauerCharlotte EcksteinDavid GutensohnMia JanzenAnne JeschkeJulian StahnkeJulius Tröger;;false
f53afe68760232f658524c0e08d8903262da95df323b01eee153e5d673d01967;Wie viel man in der Glaserei verdient;https://www.zeit.de/arbeit/gehaltsvergleich-2026/gehaelter-vergleich-berufe-glaserei;Neue Daten zeigen, wie sich die Gehälter seit 2013 entwickelt haben. Und in welchen ähnlichen Berufen man mehr oder weniger verdient.;"Z+ (abopflichtiger Inhalt);
        
    Gehälter im Vergleich";Arbeit, Gehälter im Vergleich, Gehaltsunterschied, Gehalt, Arbeitsmarkt, Glaserei;2026-07-24T08:00:00+02:00;2026-07-24T08:00:00+02:00;Jakob BauerCharlotte EcksteinDavid GutensohnMia JanzenAnne JeschkeJulian StahnkeJulius Tröger;;false
16028978887f22c34518f7430fc855fd2839d8d706385cf01f31ffac8758cb17;Wie viel man in der Glasherstellung verdient;https://www.zeit.de/arbeit/gehaltsvergleich-2026/gehaelter-vergleich-berufe-glasherstellung;Neue Daten zeigen, wie sich die Gehälter seit 2013 entwickelt haben. Und in welchen ähnlichen Berufen man mehr oder weniger verdient.;"Z+ (abopflichtiger Inhalt);
        
    Gehälter im Vergleich";Arbeit, Gehälter im Vergleich, Gehaltsunterschied, Gehalt, Arbeitsmarkt, Glasherstellung;2026-07-24T08:00:00+02:00;2026-07-24T08:00:00+02:00;Jakob BauerCharlotte EcksteinDavid GutensohnMia JanzenAnne JeschkeJulian StahnkeJulius Tröger;;false
2fbd78a1caad73c5b9e4e6f064c9483fba83fb44180469c501f85281d1c28c81;Wie viel man als Führungskraft in der Getränkeherstellung verdient;https://www.zeit.de/arbeit/gehaltsvergleich-2026/gehaelter-vergleich-berufe-getraenkeherstellung-fuehrungskraft;Neue Daten zeigen, wie sich die Gehälter seit 2013 entwickelt haben. Und in welchen ähnlichen Berufen man mehr oder weniger verdient.;"Z+ (abopflichtiger Inhalt);
        
    Gehälter im Vergleich";Arbeit, Gehälter im Vergleich, Gehaltsunterschied, Gehalt, Arbeitsmarkt, Getränkeherstellung (Führungskraft);2026-07-24T08:00:00+02:00;2026-07-24T08:00:00+02:00;Jakob BauerCharlotte EcksteinDavid GutensohnMia JanzenAnne JeschkeJulian StahnkeJulius Tröger;;false
b58c571c92cab9608a4fb7a47f3411693ab040bf2717b66d1956c90239911ea5;Wie viel man in der Glas- und Fensterreinigung verdient;https://www.zeit.de/arbeit/gehaltsvergleich-2026/gehaelter-vergleich-berufe-glasreinigung-fensterreinigung;Neue Daten zeigen, wie sich die Gehälter seit 2013 entwickelt haben. Und in welchen ähnlichen Berufen man mehr oder weniger verdient.;"Z+ (abopflichtiger Inhalt);
        
    Gehälter im Vergleich";Arbeit, Gehälter im Vergleich, Gehaltsunterschied, Gehalt, Arbeitsmarkt, Glas- und Fensterreinigung;2026-07-24T08:00:00+02:00;2026-07-24T08:00:00+02:00;Jakob BauerCharlotte EcksteinDavid GutensohnMia JanzenAnne JeschkeJulian StahnkeJulius Tröger;;false
6dc9867316f10e83ffcd09e1a6cde58ef5900d141a9fabab0dd56e58a0d7a954;Wie viel man im Gleisbau verdient;https://www.zeit.de/arbeit/gehaltsvergleich-2026/gehaelter-vergleich-berufe-gleisbau;Neue Daten zeigen, wie sich die Gehälter seit 2013 entwickelt haben. Und in welchen ähnlichen Berufen man mehr oder weniger verdient.;"Z+ (abopflichtiger Inhalt);
        
    Gehälter im Vergleich";Arbeit, Gehälter im Vergleich, Gehaltsunterschied, Gehalt, Arbeitsmarkt, Gleisbau;2026-07-24T08:00:00+02:00;2026-07-24T08:00:00+02:00;Jakob BauerCharlotte EcksteinDavid GutensohnMia JanzenAnne JeschkeJulian StahnkeJulius Tröger;;false
0b5795112ad8bcdfab4930fee875971aa9fd2bf0bd235d4376b8c37a99db8911;Wie viel man in der Glasveredelung verdient;https://www.zeit.de/arbeit/gehaltsvergleich-2026/gehaelter-vergleich-berufe-glasveredelung;Neue Daten zeigen, wie sich die Gehälter seit 2013 entwickelt haben. Und in welchen ähnlichen Berufen man mehr oder weniger verdient.;"Z+ (abopflichtiger Inhalt);
        
    Gehälter im Vergleich";Arbeit, Gehälter im Vergleich, Gehaltsunterschied, Gehalt, Arbeitsmarkt, Glasveredelung;2026-07-24T08:00:00+02:00;2026-07-24T08:00:00+02:00;Jakob BauerCharlotte EcksteinDavid GutensohnMia JanzenAnne JeschkeJulian StahnkeJulius Tröger;;false
51946d81bf259c608e1e98916981f28e90d779f0ea9dd2f18fc287aaa9139135;Wie viel man in der Gravur verdient;https://www.zeit.de/arbeit/gehaltsvergleich-2026/gehaelter-vergleich-berufe-gravur;Neue Daten zeigen, wie sich die Gehälter seit 2013 entwickelt haben. Und in welchen ähnlichen Berufen man mehr oder weniger verdient.;"Z+ (abopflichtiger Inhalt);
        
    Gehälter im Vergleich";Arbeit, Gehälter im Vergleich, Gehaltsunterschied, Gehalt, Arbeitsmarkt, Gravur;2026-07-24T08:00:00+02:00;2026-07-24T08:00:00+02:00;Jakob BauerCharlotte EcksteinDavid GutensohnMia JanzenAnne JeschkeJulian StahnkeJulius Tröger;;false
204f9ad538eaed5992375785a90dea6b8b8cd2fbc69d879bb08ae9c3967ed8be;Wie viel man im Glücks- und Wettspiel verdient;https://www.zeit.de/arbeit/gehaltsvergleich-2026/gehaelter-vergleich-berufe-gluecks-wettspiel;Neue Daten zeigen, wie sich die Gehälter seit 2013 entwickelt haben. Und in welchen ähnlichen Berufen man mehr oder weniger verdient.;"Z+ (abopflichtiger Inhalt);
        
    Gehälter im Vergleich";Arbeit, Gehälter im Vergleich, Gehaltsunterschied, Gehalt, Arbeitsmarkt, Glücks- und Wettspiel;2026-07-24T08:00:00+02:00;2026-07-24T08:00:00+02:00;Jakob BauerCharlotte EcksteinDavid GutensohnMia JanzenAnne JeschkeJulian StahnkeJulius Tröger;;false
e158b0492d3d5d9b513a90d8c7884c7620792a1356d4bb98741ab50741b4cb29;Wie viel man im Grafik-, Kommunikations- und Fotodesign verdient;https://www.zeit.de/arbeit/gehaltsvergleich-2026/gehaelter-vergleich-berufe-grafikdesign-kommunikationsdesign-fotodesign;Neue Daten zeigen, wie sich die Gehälter seit 2013 entwickelt haben. Und in welchen ähnlichen Berufen man mehr oder weniger verdient.;"Z+ (abopflichtiger Inhalt);
        
    Gehälter im Vergleich";Arbeit, Gehälter im Vergleich, Gehaltsunterschied, Gehalt, Arbeitsmarkt, Grafik-, Kommunikations- und Fotodesign;2026-07-24T08:00:00+02:00;2026-07-24T08:00:00+02:00;Jakob BauerCharlotte EcksteinDavid GutensohnMia JanzenAnne JeschkeJulian StahnkeJulius Tröger;;false
15915eeed34bff50fd77d611c0efae356ad9cc3001c090e2abf15c326ee7e0a3;Wie viel man als Führungskraft im Handel verdient;https://www.zeit.de/arbeit/gehaltsvergleich-2026/gehaelter-vergleich-berufe-handel-fuehrungskraft;Neue Daten zeigen, wie sich die Gehälter seit 2013 entwickelt haben. Und in welchen ähnlichen Berufen man mehr oder weniger verdient.;"Z+ (abopflichtiger Inhalt);
        
    Gehälter im Vergleich";Arbeit, Gehälter im Vergleich, Gehaltsunterschied, Gehalt, Arbeitsmarkt, Handel (Führungskraft);2026-07-24T08:00:00+02:00;2026-07-24T08:00:00+02:00;Jakob BauerCharlotte EcksteinDavid GutensohnMia JanzenAnne JeschkeJulian StahnkeJulius Tröger;;false
0909f47e2b0744012e81e247df02cb1b88ba3547688a6ab22220db93ba9cd61b;Wie viel man in der handwerklichen Metall- und Glockengießerei verdient;https://www.zeit.de/arbeit/gehaltsvergleich-2026/gehaelter-vergleich-berufe-handwerkliche-metallgiesserei-glockengiesserei;Neue Daten zeigen, wie sich die Gehälter seit 2013 entwickelt haben. Und in welchen ähnlichen Berufen man mehr oder weniger verdient.;"Z+ (abopflichtiger Inhalt);
        
    Gehälter im Vergleich";Arbeit, Gehälter im Vergleich, Gehaltsunterschied, Gehalt, Arbeitsmarkt, Handwerkliche Metall- und Glockengießerei;2026-07-24T08:00:00+02:00;2026-07-24T08:00:00+02:00;Jakob BauerCharlotte EcksteinDavid GutensohnMia JanzenAnne JeschkeJulian StahnkeJulius Tröger;;false
98eeded2afe761c98a5d40b8d33644b5fbc3d61144e73f913717eda79232bef5;Wie viel man als Handelsmaklerin oder Handelsmakler und Auktionatorin oder Auktionator verdient;https://www.zeit.de/arbeit/gehaltsvergleich-2026/gehaelter-vergleich-berufe-handelsmaklerin-handelsmakler-auktionatorin-auktionator;Neue Daten zeigen, wie sich die Gehälter seit 2013 entwickelt haben. Und in welchen ähnlichen Berufen man mehr oder weniger verdient.;"Z+ (abopflichtiger Inhalt);
        
    Gehälter im Vergleich";Arbeit, Gehälter im Vergleich, Gehaltsunterschied, Gehalt, Arbeitsmarkt, Handelsmaklerin oder -makler und Auktionatorin oder Auktionator;2026-07-24T08:00:00+02:00;2026-07-24T08:00:00+02:00;Jakob BauerCharlotte EcksteinDavid GutensohnMia JanzenAnne JeschkeJulian StahnkeJulius Tröger;;false
f851387d45f4e28adbc1f9798d6518cddbb5359893ab3be8285ae4a01f7d0183;Wie viel man im Güter- und Warenumschlag verdient;https://www.zeit.de/arbeit/gehaltsvergleich-2026/gehaelter-vergleich-berufe-gueterumschlag-warenumschlag;Neue Daten zeigen, wie sich die Gehälter seit 2013 entwickelt haben. Und in welchen ähnlichen Berufen man mehr oder weniger verdient.;"Z+ (abopflichtiger Inhalt);
        
    Gehälter im Vergleich";Arbeit, Gehälter im Vergleich, Gehaltsunterschied, Gehalt, Arbeitsmarkt, Güter- und Warenumschlag;2026-07-24T08:00:00+02:00;2026-07-24T08:00:00+02:00;Jakob BauerCharlotte EcksteinDavid GutensohnMia JanzenAnne JeschkeJulian StahnkeJulius Tröger;;false
9451f8d04c74003eaa6e304d9cc3dfa3c01c8f436ccbef2ce5eeb7accfece010;Wie viel man als Grill-, Braten- und Fischköchin oder -koch verdient;https://www.zeit.de/arbeit/gehaltsvergleich-2026/gehaelter-vergleich-berufe-grillkoechin-bratenkoechin-fischkoechin-grillkoch-bratenkoch-fischkoch;Neue Daten zeigen, wie sich die Gehälter seit 2013 entwickelt haben. Und in welchen ähnlichen Berufen man mehr oder weniger verdient.;"Z+ (abopflichtiger Inhalt);
        
    Gehälter im Vergleich";Arbeit, Gehälter im Vergleich, Gehaltsunterschied, Gehalt, Arbeitsmarkt, Grill-, Braten- und Fischköchin oder -koch;2026-07-24T08:00:00+02:00;2026-07-24T08:00:00+02:00;Jakob BauerCharlotte EcksteinDavid GutensohnMia JanzenAnne JeschkeJulian StahnkeJulius Tröger;;false
631102f920c367a2e3f748bab4fc0c9fc57fc4129d5805751f6986da3cf5545d;Wie viel man in der Hauswirtschaft verdient;https://www.zeit.de/arbeit/gehaltsvergleich-2026/gehaelter-vergleich-berufe-hauswirtschaft;Neue Daten zeigen, wie sich die Gehälter seit 2013 entwickelt haben. Und in welchen ähnlichen Berufen man mehr oder weniger verdient.;"Z+ (abopflichtiger Inhalt);
        
    Gehälter im Vergleich";Arbeit, Gehälter im Vergleich, Gehaltsunterschied, Gehalt, Arbeitsmarkt, Hauswirtschaft;2026-07-24T08:00:00+02:00;2026-07-24T08:00:00+02:00;Jakob BauerCharlotte EcksteinDavid GutensohnMia JanzenAnne JeschkeJulian StahnkeJulius Tröger;;false
bdb4e06eccc0833637d8d9ed3690368bc94689f623853e9f2700fbdffb65dd87;Wie viel man in der Haus- und Familienpflege verdient;https://www.zeit.de/arbeit/gehaltsvergleich-2026/gehaelter-vergleich-berufe-haus-familienpflege;Neue Daten zeigen, wie sich die Gehälter seit 2013 entwickelt haben. Und in welchen ähnlichen Berufen man mehr oder weniger verdient.;"Z+ (abopflichtiger Inhalt);
        
    Gehälter im Vergleich";Arbeit, Gehälter im Vergleich, Gehaltsunterschied, Gehalt, Arbeitsmarkt, Haus- und Familienpflege;2026-07-24T08:00:00+02:00;2026-07-24T08:00:00+02:00;Jakob BauerCharlotte EcksteinDavid GutensohnMia JanzenAnne JeschkeJulian StahnkeJulius Tröger;;false
04e8aa19f62c9bca3edaf1f1b6ba5ecafddde07d48bfcc2ee9fd29311eba55d0;Wie viel man in der Haus- und Zootierpflege verdient;https://www.zeit.de/arbeit/gehaltsvergleich-2026/gehaelter-vergleich-berufe-haustierpflege-zootierpflege;Neue Daten zeigen, wie sich die Gehälter seit 2013 entwickelt haben. Und in welchen ähnlichen Berufen man mehr oder weniger verdient.;"Z+ (abopflichtiger Inhalt);
        
    Gehälter im Vergleich";Arbeit, Gehälter im Vergleich, Gehaltsunterschied, Gehalt, Arbeitsmarkt, Haus- und Zootierpflege;2026-07-24T08:00:00+02:00;2026-07-24T08:00:00+02:00;Jakob BauerCharlotte EcksteinDavid GutensohnMia JanzenAnne JeschkeJulian StahnkeJulius Tröger;;false
650807f485a9f1ad24b4afb258b36a5621eb4a5429343a98ec8ff08f324b9139;Wie viel man in der Heilerziehungspflege und Sonderpädagogik verdient;https://www.zeit.de/arbeit/gehaltsvergleich-2026/gehaelter-vergleich-berufe-heilerziehungspflege-sonderpaedagogik;Neue Daten zeigen, wie sich die Gehälter seit 2013 entwickelt haben. Und in welchen ähnlichen Berufen man mehr oder weniger verdient.;"Z+ (abopflichtiger Inhalt);
        
    Gehälter im Vergleich";Arbeit, Gehälter im Vergleich, Gehaltsunterschied, Gehalt, Arbeitsmarkt, Heilerziehungspflege und Sonderpädagogik;2026-07-24T08:00:00+02:00;2026-07-24T08:00:00+02:00;Jakob BauerCharlotte EcksteinDavid GutensohnMia JanzenAnne JeschkeJulian StahnkeJulius Tröger;;false
51165731135f2e2089849c67b2259232fcf678166de866f4343139fb1fb1deb3;Wie viel man in der Heilkunde und Homöopathie verdient;https://www.zeit.de/arbeit/gehaltsvergleich-2026/gehaelter-vergleich-berufe-heilkunde-homoeopathie;Neue Daten zeigen, wie sich die Gehälter seit 2013 entwickelt haben. Und in welchen ähnlichen Berufen man mehr oder weniger verdient.;"Z+ (abopflichtiger Inhalt);
        
    Gehälter im Vergleich";Arbeit, Gehälter im Vergleich, Gehaltsunterschied, Gehalt, Arbeitsmarkt, Heilkunde und Homöopathie;2026-07-24T08:00:00+02:00;2026-07-24T08:00:00+02:00;Jakob BauerCharlotte EcksteinDavid GutensohnMia JanzenAnne JeschkeJulian StahnkeJulius Tröger;;false
d979ad47abe2ca77434f610c753208851cd3642f67db9b7241bfbf5dbbb919ab;Wie viel man als Führungskraft in der Hauswirtschaft und Verbraucherberatung verdient;https://www.zeit.de/arbeit/gehaltsvergleich-2026/gehaelter-vergleich-berufe-hauswirtschaft-verbraucherberatung-fuehrungskraft;Neue Daten zeigen, wie sich die Gehälter seit 2013 entwickelt haben. Und in welchen ähnlichen Berufen man mehr oder weniger verdient.;"Z+ (abopflichtiger Inhalt);
        
    Gehälter im Vergleich";Arbeit, Gehälter im Vergleich, Gehaltsunterschied, Gehalt, Arbeitsmarkt, Hauswirtschaft und Verbraucherberatung (Führungskraft);2026-07-24T08:00:00+02:00;2026-07-24T08:00:00+02:00;Jakob BauerCharlotte EcksteinDavid GutensohnMia JanzenAnne JeschkeJulian StahnkeJulius Tröger;;false
43dbd85b4a317485a5bd9f0e71fa1c0e85f73048287a44dbf98121d47f44b24a;Wie viel man im Hochbau verdient;https://www.zeit.de/arbeit/gehaltsvergleich-2026/gehaelter-vergleich-berufe-hochbau;Neue Daten zeigen, wie sich die Gehälter seit 2013 entwickelt haben. Und in welchen ähnlichen Berufen man mehr oder weniger verdient.;"Z+ (abopflichtiger Inhalt);
        
    Gehälter im Vergleich";Arbeit, Gehälter im Vergleich, Gehaltsunterschied, Gehalt, Arbeitsmarkt, Hochbau;2026-07-24T08:00:00+02:00;2026-07-24T08:00:00+02:00;Jakob BauerCharlotte EcksteinDavid GutensohnMia JanzenAnne JeschkeJulian StahnkeJulius Tröger;;false
282e124038b5c2b5ce33dae570d6f2e157bebf1625fdecd7384dbd1f7b8a4f8e;Wie viel man als Führungskraft im Hochbau verdient;https://www.zeit.de/arbeit/gehaltsvergleich-2026/gehaelter-vergleich-berufe-hochbau-fuehrungskraft;Neue Daten zeigen, wie sich die Gehälter seit 2013 entwickelt haben. Und in welchen ähnlichen Berufen man mehr oder weniger verdient.;"Z+ (abopflichtiger Inhalt);
        
    Gehälter im Vergleich";Arbeit, Gehälter im Vergleich, Gehaltsunterschied, Gehalt, Arbeitsmarkt, Hochbau (Führungskraft);2026-07-24T08:00:00+02:00;2026-07-24T08:00:00+02:00;Jakob BauerCharlotte EcksteinDavid GutensohnMia JanzenAnne JeschkeJulian StahnkeJulius Tröger;;false
a50eb31454b9259f532275e62adaae9a43ce44b5f37f57bcb7db6a7d00737d75;Wie viel man als Hochschullehrerin oder Hochschullehrer und in der Forschung verdient;https://www.zeit.de/arbeit/gehaltsvergleich-2026/gehaelter-vergleich-berufe-hochschullehre-forschung;Neue Daten zeigen, wie sich die Gehälter seit 2013 entwickelt haben. Und in welchen ähnlichen Berufen man mehr oder weniger verdient.;"Z+ (abopflichtiger Inhalt);
        
    Gehälter im Vergleich";Arbeit, Gehälter im Vergleich, Gehaltsunterschied, Gehalt, Arbeitsmarkt, Hochschullehrerin oder Hochschullehrer und Forschung;2026-07-24T08:00:00+02:00;2026-07-24T08:00:00+02:00;Jakob BauerCharlotte EcksteinDavid GutensohnMia JanzenAnne JeschkeJulian StahnkeJulius Tröger;;false
25c1be775d7416882c89290465037529150fdafb8a5968f4fab4e9286bbb6a28;Wie viel man als Führungskraft in der Hochschullehre und -forschung verdient;https://www.zeit.de/arbeit/gehaltsvergleich-2026/gehaelter-vergleich-berufe-hochschullehre-forschung-fuehrungskraft;Neue Daten zeigen, wie sich die Gehälter seit 2013 entwickelt haben. Und in welchen ähnlichen Berufen man mehr oder weniger verdient.;"Z+ (abopflichtiger Inhalt);
        
    Gehälter im Vergleich";Arbeit, Gehälter im Vergleich, Gehaltsunterschied, Gehalt, Arbeitsmarkt, Hochschullehre und -forschung (Führungskraft);2026-07-24T08:00:00+02:00;2026-07-24T08:00:00+02:00;Jakob BauerCharlotte EcksteinDavid GutensohnMia JanzenAnne JeschkeJulian StahnkeJulius Tröger;;false
4b176ddd125f5ada7d44624878380b9000b9c8395047fdf93f477faa7d24767a;Wie viel man als Hörfunk- und Fernsehmoderatorin oder -moderator verdient;https://www.zeit.de/arbeit/gehaltsvergleich-2026/gehaelter-vergleich-berufe-hoerfunkmoderatorin-fernsehmoderatorin-hoerfunkmoderator-fernsehmoderator;Neue Daten zeigen, wie sich die Gehälter seit 2013 entwickelt haben. Und in welchen ähnlichen Berufen man mehr oder weniger verdient.;"Z+ (abopflichtiger Inhalt);
        
    Gehälter im Vergleich";Arbeit, Gehälter im Vergleich, Gehaltsunterschied, Gehalt, Arbeitsmarkt, Hörfunk- und Fernsehmoderatorin oder -moderator;2026-07-24T08:00:00+02:00;2026-07-24T08:00:00+02:00;Jakob BauerCharlotte EcksteinDavid GutensohnMia JanzenAnne JeschkeJulian StahnkeJulius Tröger;;false
5070a068742eed15c034d54e8773fad7c5fa5812d2262347d92165b3353c7235;Wie viel man in der Hörgeräteakustik verdient;https://www.zeit.de/arbeit/gehaltsvergleich-2026/gehaelter-vergleich-berufe-hoergeraeteakustik;Neue Daten zeigen, wie sich die Gehälter seit 2013 entwickelt haben. Und in welchen ähnlichen Berufen man mehr oder weniger verdient.;"Z+ (abopflichtiger Inhalt);
        
    Gehälter im Vergleich";Arbeit, Gehälter im Vergleich, Gehaltsunterschied, Gehalt, Arbeitsmarkt, Hörgeräteakustik;2026-07-24T08:00:00+02:00;2026-07-24T08:00:00+02:00;Jakob BauerCharlotte EcksteinDavid GutensohnMia JanzenAnne JeschkeJulian StahnkeJulius Tröger;;false
dc680458704b8a0324e5e0fcc04c925f728a807dda7b71f0d7e8918b2bee647b;Wie viel man im Holz-, Möbel- und Innenausbau verdient;https://www.zeit.de/arbeit/gehaltsvergleich-2026/gehaelter-vergleich-berufe-holzbau-moebelbau-innenausbau;Neue Daten zeigen, wie sich die Gehälter seit 2013 entwickelt haben. Und in welchen ähnlichen Berufen man mehr oder weniger verdient.;"Z+ (abopflichtiger Inhalt);
        
    Gehälter im Vergleich";Arbeit, Gehälter im Vergleich, Gehaltsunterschied, Gehalt, Arbeitsmarkt, Holz-, Möbel- und Innenausbau;2026-07-24T08:00:00+02:00;2026-07-24T08:00:00+02:00;Jakob BauerCharlotte EcksteinDavid GutensohnMia JanzenAnne JeschkeJulian StahnkeJulius Tröger;;false
96d7b3e61ac19bf82fd85ae0c5e43691210c0154f7206aebe77bba9de6322725;Wie viel man als Führungskraft in der Holzbearbeitung und Holzverarbeitung verdient;https://www.zeit.de/arbeit/gehaltsvergleich-2026/gehaelter-vergleich-berufe-holzbearbeitung-holzverarbeitung-fuehrungskraft;Neue Daten zeigen, wie sich die Gehälter seit 2013 entwickelt haben. Und in welchen ähnlichen Berufen man mehr oder weniger verdient.;"Z+ (abopflichtiger Inhalt);
        
    Gehälter im Vergleich";Arbeit, Gehälter im Vergleich, Gehaltsunterschied, Gehalt, Arbeitsmarkt, Holzbearbeitung und Holzverarbeitung (Führungskraft);2026-07-24T08:00:00+02:00;2026-07-24T08:00:00+02:00;Jakob BauerCharlotte EcksteinDavid GutensohnMia JanzenAnne JeschkeJulian StahnkeJulius Tröger;;false
812621117dd2dec3102c9b0a0210b62a67820b8ddc6422d9aa3f8d22f9e8f153;Wie viel man in der Holzbearbeitung und Holzverarbeitung verdient;https://www.zeit.de/arbeit/gehaltsvergleich-2026/gehaelter-vergleich-berufe-holzbearbeitung-holzverarbeitung;Neue Daten zeigen, wie sich die Gehälter seit 2013 entwickelt haben. Und in welchen ähnlichen Berufen man mehr oder weniger verdient.;"Z+ (abopflichtiger Inhalt);
        
    Gehälter im Vergleich";Arbeit, Gehälter im Vergleich, Gehaltsunterschied, Gehalt, Arbeitsmarkt, Holzbearbeitung und Holzverarbeitung;2026-07-24T08:00:00+02:00;2026-07-24T08:00:00+02:00;Jakob BauerCharlotte EcksteinDavid GutensohnMia JanzenAnne JeschkeJulian StahnkeJulius Tröger;;false
bdf1f0e603649821cbf05e5df7aa301a139438cf1e97239731199d86a534113c;Wie viel man als Hotelkauffrau oder Hotelkaufmann verdient;https://www.zeit.de/arbeit/gehaltsvergleich-2026/gehaelter-vergleich-berufe-hotelkauffrau-hotelkaufmann;Neue Daten zeigen, wie sich die Gehälter seit 2013 entwickelt haben. Und in welchen ähnlichen Berufen man mehr oder weniger verdient.;"Z+ (abopflichtiger Inhalt);
        
    Gehälter im Vergleich";Arbeit, Gehälter im Vergleich, Gehaltsunterschied, Gehalt, Arbeitsmarkt, Hotelkauffrau oder Hotelkaufmann;2026-07-24T08:00:00+02:00;2026-07-24T08:00:00+02:00;Jakob BauerCharlotte EcksteinDavid GutensohnMia JanzenAnne JeschkeJulian StahnkeJulius Tröger;;false
e71f072facf64cfe34b3430444f6306ebededd0fa4f839944080a4da0f462cd0;Wie viel man im Holz- und Bautenschutz verdient;https://www.zeit.de/arbeit/gehaltsvergleich-2026/gehaelter-vergleich-berufe-holzschutz-bautenschutz;Neue Daten zeigen, wie sich die Gehälter seit 2013 entwickelt haben. Und in welchen ähnlichen Berufen man mehr oder weniger verdient.;"Z+ (abopflichtiger Inhalt);
        
    Gehälter im Vergleich";Arbeit, Gehälter im Vergleich, Gehaltsunterschied, Gehalt, Arbeitsmarkt, Holz- und Bautenschutz;2026-07-24T08:00:00+02:00;2026-07-24T08:00:00+02:00;Jakob BauerCharlotte EcksteinDavid GutensohnMia JanzenAnne JeschkeJulian StahnkeJulius Tröger;;false
fefac2c394baa2b648e75811efc2e4c6e6d994d9d20f82f1bfd63ecb7d4ecc03;Wie viel man als Führungskraft in der Hotellerie verdient;https://www.zeit.de/arbeit/gehaltsvergleich-2026/gehaelter-vergleich-berufe-hotellerie-fuehrungskraft;Neue Daten zeigen, wie sich die Gehälter seit 2013 entwickelt haben. Und in welchen ähnlichen Berufen man mehr oder weniger verdient.;"Z+ (abopflichtiger Inhalt);
        
    Gehälter im Vergleich";Arbeit, Gehälter im Vergleich, Gehaltsunterschied, Gehalt, Arbeitsmarkt, Hotellerie (Führungskraft);2026-07-24T08:00:00+02:00;2026-07-24T08:00:00+02:00;Jakob BauerCharlotte EcksteinDavid GutensohnMia JanzenAnne JeschkeJulian StahnkeJulius Tröger;;false
96e2388ea42f85ad0b986adf89e753d306900d6712633c83de904a392ea516df;Wie viel man im Hotelservice verdient;https://www.zeit.de/arbeit/gehaltsvergleich-2026/gehaelter-vergleich-berufe-hotelservice;Neue Daten zeigen, wie sich die Gehälter seit 2013 entwickelt haben. Und in welchen ähnlichen Berufen man mehr oder weniger verdient.;"Z+ (abopflichtiger Inhalt);
        
    Gehälter im Vergleich";Arbeit, Gehälter im Vergleich, Gehaltsunterschied, Gehalt, Arbeitsmarkt, Hotelservice;2026-07-24T08:00:00+02:00;2026-07-24T08:00:00+02:00;Jakob BauerCharlotte EcksteinDavid GutensohnMia JanzenAnne JeschkeJulian StahnkeJulius Tröger;;false
550a869211cc56685f3075925e3a1bf3ef1d33ee0443b0117083e5c06a4b61a4;Wie viel man in der Hüttentechnik verdient;https://www.zeit.de/arbeit/gehaltsvergleich-2026/gehaelter-vergleich-berufe-huettentechnik;Neue Daten zeigen, wie sich die Gehälter seit 2013 entwickelt haben. Und in welchen ähnlichen Berufen man mehr oder weniger verdient.;"Z+ (abopflichtiger Inhalt);
        
    Gehälter im Vergleich";Arbeit, Gehälter im Vergleich, Gehaltsunterschied, Gehalt, Arbeitsmarkt, Hüttentechnik;2026-07-24T08:00:00+02:00;2026-07-24T08:00:00+02:00;Jakob BauerCharlotte EcksteinDavid GutensohnMia JanzenAnne JeschkeJulian StahnkeJulius Tröger;;false
a179c43b1f2ae44795aaa8d00b1aea808c3c5f3e75976707430a010e5f73b278;Wie viel man als Führungskraft in der Human- und Zahnmedizin verdient;https://www.zeit.de/arbeit/gehaltsvergleich-2026/gehaelter-vergleich-berufe-human-zahnmedizin-fuehrungskraft;Neue Daten zeigen, wie sich die Gehälter seit 2013 entwickelt haben. Und in welchen ähnlichen Berufen man mehr oder weniger verdient.;"Z+ (abopflichtiger Inhalt);
        
    Gehälter im Vergleich";Arbeit, Gehälter im Vergleich, Gehaltsunterschied, Gehalt, Arbeitsmarkt, Human- und Zahnmedizin (Führungskraft);2026-07-24T08:00:00+02:00;2026-07-24T08:00:00+02:00;Jakob BauerCharlotte EcksteinDavid GutensohnMia JanzenAnne JeschkeJulian StahnkeJulius Tröger;;false
685685b3dc31b335184f87c2f8f97008844aac744c90be05299345a8b2735a13;Wie viel man in der Humanbiologie verdient;https://www.zeit.de/arbeit/gehaltsvergleich-2026/gehaelter-vergleich-berufe-humanbiologie;Neue Daten zeigen, wie sich die Gehälter seit 2013 entwickelt haben. Und in welchen ähnlichen Berufen man mehr oder weniger verdient.;"Z+ (abopflichtiger Inhalt);
        
    Gehälter im Vergleich";Arbeit, Gehälter im Vergleich, Gehaltsunterschied, Gehalt, Arbeitsmarkt, Humanbiologie;2026-07-24T08:00:00+02:00;2026-07-24T08:00:00+02:00;Jakob BauerCharlotte EcksteinDavid GutensohnMia JanzenAnne JeschkeJulian StahnkeJulius Tröger;;false
c279fa7c55da48a14053858eaadb4604262bcff0311f35d666a591b065f1c566;Wie viel man in der Immobilienvermarktung und -verwaltung verdient;https://www.zeit.de/arbeit/gehaltsvergleich-2026/gehaelter-vergleich-berufe-immobilienvermarktung-immobilienverwaltung;Neue Daten zeigen, wie sich die Gehälter seit 2013 entwickelt haben. Und in welchen ähnlichen Berufen man mehr oder weniger verdient.;"Z+ (abopflichtiger Inhalt);
        
    Gehälter im Vergleich";Arbeit, Gehälter im Vergleich, Gehaltsunterschied, Gehalt, Arbeitsmarkt, Immobilienvermarktung und -verwaltung;2026-07-24T08:00:00+02:00;2026-07-24T08:00:00+02:00;Jakob BauerCharlotte EcksteinDavid GutensohnMia JanzenAnne JeschkeJulian StahnkeJulius Tröger;;false
12efe20c5d066bd1ec20ff061d2b91fcac0def1ee35d643944ab3b3d33c60400;Wie viel man in der industriellen Gießerei verdient;https://www.zeit.de/arbeit/gehaltsvergleich-2026/gehaelter-vergleich-berufe-industrielle-giesserei;Neue Daten zeigen, wie sich die Gehälter seit 2013 entwickelt haben. Und in welchen ähnlichen Berufen man mehr oder weniger verdient.;"Z+ (abopflichtiger Inhalt);
        
    Gehälter im Vergleich";Arbeit, Gehälter im Vergleich, Gehaltsunterschied, Gehalt, Arbeitsmarkt, Industrielle Gießerei;2026-07-24T08:00:00+02:00;2026-07-24T08:00:00+02:00;Jakob BauerCharlotte EcksteinDavid GutensohnMia JanzenAnne JeschkeJulian StahnkeJulius Tröger;;false
c557cb41b47626e33c6044fa6fde4c2f2544a2ac119fc4867763b8c4b2886518;Wie viel man als Führungskraft in der Immobilienwirtschaft und im Facility-Management verdient;https://www.zeit.de/arbeit/gehaltsvergleich-2026/gehaelter-vergleich-berufe-immobilienwirtschaft-facility-management-fuehrungskraft;Neue Daten zeigen, wie sich die Gehälter seit 2013 entwickelt haben. Und in welchen ähnlichen Berufen man mehr oder weniger verdient.;"Z+ (abopflichtiger Inhalt);
        
    Gehälter im Vergleich";Arbeit, Gehälter im Vergleich, Gehaltsunterschied, Gehalt, Arbeitsmarkt, Immobilienwirtschaft und Facility-Management (Führungskraft);2026-07-24T08:00:00+02:00;2026-07-24T08:00:00+02:00;Jakob BauerCharlotte EcksteinDavid GutensohnMia JanzenAnne JeschkeJulian StahnkeJulius Tröger;;false
c4b1c3d13f2c6f69724a9b9b7cf93dd795144ec008d1f2f4fd69683865673259;Wie viel man in der Informatik verdient;https://www.zeit.de/arbeit/gehaltsvergleich-2026/gehaelter-vergleich-berufe-informatik;Neue Daten zeigen, wie sich die Gehälter seit 2013 entwickelt haben. Und in welchen ähnlichen Berufen man mehr oder weniger verdient.;"Z+ (abopflichtiger Inhalt);
        
    Gehälter im Vergleich";Arbeit, Gehälter im Vergleich, Gehaltsunterschied, Gehalt, Arbeitsmarkt, Informatik;2026-07-24T08:00:00+02:00;2026-07-24T08:00:00+02:00;Jakob BauerCharlotte EcksteinDavid GutensohnMia JanzenAnne JeschkeJulian StahnkeJulius Tröger;;false
ddf4c655b7733b7fee4fc2a5c98127f8bdc661a2ce25da1cd953070d1731acec;Wie viel man als Führungskraft in der Informatik verdient;https://www.zeit.de/arbeit/gehaltsvergleich-2026/gehaelter-vergleich-berufe-informatik-fuehrungskraft;Neue Daten zeigen, wie sich die Gehälter seit 2013 entwickelt haben. Und in welchen ähnlichen Berufen man mehr oder weniger verdient.;"Z+ (abopflichtiger Inhalt);
        
    Gehälter im Vergleich";Arbeit, Gehälter im Vergleich, Gehaltsunterschied, Gehalt, Arbeitsmarkt, Informatik (Führungskraft);2026-07-24T08:00:00+02:00;2026-07-24T08:00:00+02:00;Jakob BauerCharlotte EcksteinDavid GutensohnMia JanzenAnne JeschkeJulian StahnkeJulius Tröger;;false
a3489bae1dfb768cfcbb7db0e47ba711d31664b61a99d4131f30c95895967e18;Wie viel man in der Informations- und Telekommunikationstechnik verdient;https://www.zeit.de/arbeit/gehaltsvergleich-2026/gehaelter-vergleich-berufe-informationstechnik-telekommunikationstechnik;Neue Daten zeigen, wie sich die Gehälter seit 2013 entwickelt haben. Und in welchen ähnlichen Berufen man mehr oder weniger verdient.;"Z+ (abopflichtiger Inhalt);
        
    Gehälter im Vergleich";Arbeit, Gehälter im Vergleich, Gehaltsunterschied, Gehalt, Arbeitsmarkt, Informations und Telekommunikationstechnik;2026-07-24T08:00:00+02:00;2026-07-24T08:00:00+02:00;Jakob BauerCharlotte EcksteinDavid GutensohnMia JanzenAnne JeschkeJulian StahnkeJulius Tröger;;false
d11ff80d2acac9895b40b9a78a2f8ce8e5b2a9cf0cebfe672b34cd308c930a46;Wie viel man in der Isolierung verdient;https://www.zeit.de/arbeit/gehaltsvergleich-2026/gehaelter-vergleich-berufe-isolierung;Neue Daten zeigen, wie sich die Gehälter seit 2013 entwickelt haben. Und in welchen ähnlichen Berufen man mehr oder weniger verdient.;"Z+ (abopflichtiger Inhalt);
        
    Gehälter im Vergleich";Arbeit, Gehälter im Vergleich, Gehaltsunterschied, Gehalt, Arbeitsmarkt, Isolierung;2026-07-24T08:00:00+02:00;2026-07-24T08:00:00+02:00;Jakob BauerCharlotte EcksteinDavid GutensohnMia JanzenAnne JeschkeJulian StahnkeJulius Tröger;;false
a3c84cf94a5009066ebc323d7b585bd39d442f65f67adeec31e0f40bcf7ec3e8;Wie viel Inkassobeauftragte verdienen;https://www.zeit.de/arbeit/gehaltsvergleich-2026/gehaelter-vergleich-berufe-inkassobeauftragte;Neue Daten zeigen, wie sich die Gehälter seit 2013 entwickelt haben. Und in welchen ähnlichen Berufen man mehr oder weniger verdient.;"Z+ (abopflichtiger Inhalt);
        
    Gehälter im Vergleich";Arbeit, Gehälter im Vergleich, Gehaltsunterschied, Gehalt, Arbeitsmarkt, Inkassobeauftragte;2026-07-24T08:00:00+02:00;2026-07-24T08:00:00+02:00;Jakob BauerCharlotte EcksteinDavid GutensohnMia JanzenAnne JeschkeJulian StahnkeJulius Tröger;;false
b1dffccf02db9233c314e3a53f9fb8207aa5c08e2d1543bec4068e3c1d74cab4;Wie viel man in der Innenarchitektur verdient;https://www.zeit.de/arbeit/gehaltsvergleich-2026/gehaelter-vergleich-berufe-innenarchitektur;Neue Daten zeigen, wie sich die Gehälter seit 2013 entwickelt haben. Und in welchen ähnlichen Berufen man mehr oder weniger verdient.;"Z+ (abopflichtiger Inhalt);
        
    Gehälter im Vergleich";Arbeit, Gehälter im Vergleich, Gehaltsunterschied, Gehalt, Arbeitsmarkt, Innenarchitektur;2026-07-24T08:00:00+02:00;2026-07-24T08:00:00+02:00;Jakob BauerCharlotte EcksteinDavid GutensohnMia JanzenAnne JeschkeJulian StahnkeJulius Tröger;;false
6d9728913dfbeb78517318bdd94af2e7fd0f7d94d503ee1c2760fbfc3d80c25a;Wie viel man in der IT-Anwendungsberatung verdient;https://www.zeit.de/arbeit/gehaltsvergleich-2026/gehaelter-vergleich-berufe-it-anwendungsberatung;Neue Daten zeigen, wie sich die Gehälter seit 2013 entwickelt haben. Und in welchen ähnlichen Berufen man mehr oder weniger verdient.;"Z+ (abopflichtiger Inhalt);
        
    Gehälter im Vergleich";Arbeit, Gehälter im Vergleich, Gehaltsunterschied, Gehalt, Arbeitsmarkt, IT-Anwendungsberatung;2026-07-24T08:00:00+02:00;2026-07-24T08:00:00+02:00;Jakob BauerCharlotte EcksteinDavid GutensohnMia JanzenAnne JeschkeJulian StahnkeJulius Tröger;;false
49beb0655d696ddbffd64e39907adb5f990287c1ea1c73a5a0dac314088377b0;Wie viel man in der IT-Netzwerktechnik verdient;https://www.zeit.de/arbeit/gehaltsvergleich-2026/gehaelter-vergleich-berufe-it-netzwerktechnik;Neue Daten zeigen, wie sich die Gehälter seit 2013 entwickelt haben. Und in welchen ähnlichen Berufen man mehr oder weniger verdient.;"Z+ (abopflichtiger Inhalt);
        
    Gehälter im Vergleich";Arbeit, Gehälter im Vergleich, Gehaltsunterschied, Gehalt, Arbeitsmarkt, IT-Netzwerktechnik;2026-07-24T08:00:00+02:00;2026-07-24T08:00:00+02:00;Jakob BauerCharlotte EcksteinDavid GutensohnMia JanzenAnne JeschkeJulian StahnkeJulius Tröger;;false
eec96f944c7eb905f20071745f7aa07aeb4a0087c8bc5b0998381f0fd2c2a1ec;Wie viel man im IT-Anwendungstraining verdient;https://www.zeit.de/arbeit/gehaltsvergleich-2026/gehaelter-vergleich-berufe-it-anwendungstraining;Neue Daten zeigen, wie sich die Gehälter seit 2013 entwickelt haben. Und in welchen ähnlichen Berufen man mehr oder weniger verdient.;"Z+ (abopflichtiger Inhalt);
        
    Gehälter im Vergleich";Arbeit, Gehälter im Vergleich, Gehaltsunterschied, Gehalt, Arbeitsmarkt, IT-Anwendungstraining;2026-07-24T08:00:00+02:00;2026-07-24T08:00:00+02:00;Jakob BauerCharlotte EcksteinDavid GutensohnMia JanzenAnne JeschkeJulian StahnkeJulius Tröger;;false
4248f9c6c2cd2f70eca2d0502845a66a13e8bb18e977a8554d6566b4db1411d3;Wie viel man in der IT-Koordination verdient;https://www.zeit.de/arbeit/gehaltsvergleich-2026/gehaelter-vergleich-berufe-it-koordination;Neue Daten zeigen, wie sich die Gehälter seit 2013 entwickelt haben. Und in welchen ähnlichen Berufen man mehr oder weniger verdient.;"Z+ (abopflichtiger Inhalt);
        
    Gehälter im Vergleich";Arbeit, Gehälter im Vergleich, Gehaltsunterschied, Gehalt, Arbeitsmarkt, IT-Koordination;2026-07-24T08:00:00+02:00;2026-07-24T08:00:00+02:00;Jakob BauerCharlotte EcksteinDavid GutensohnMia JanzenAnne JeschkeJulian StahnkeJulius Tröger;;false
ec330f0a6401b0a42dc744af71d72ffe0fe07bfe44052ec6669825466d07c2e5;Wie viel man als Führungskraft in der IT-Netzwerktechnik, -Koordination, -Administration und -Organisation verdient;https://www.zeit.de/arbeit/gehaltsvergleich-2026/gehaelter-vergleich-berufe-it-netzwerktechnik-koordination-administration-organisation-fuehrungskraft;Neue Daten zeigen, wie sich die Gehälter seit 2013 entwickelt haben. Und in welchen ähnlichen Berufen man mehr oder weniger verdient.;"Z+ (abopflichtiger Inhalt);
        
    Gehälter im Vergleich";Arbeit, Gehälter im Vergleich, Gehaltsunterschied, Gehalt, Arbeitsmarkt, IT-Netzwerktechnik, -Koordination, -Administration und -Organisation (Führungskraft);2026-07-24T08:00:00+02:00;2026-07-24T08:00:00+02:00;Jakob BauerCharlotte EcksteinDavid GutensohnMia JanzenAnne JeschkeJulian StahnkeJulius Tröger;;false
56a063665c8b4fe5660b1476c3a86c1b61b2c7c368ada3cbb533ea9e41d60dc7;Wie viel man in der IT-Systemadministration verdient;https://www.zeit.de/arbeit/gehaltsvergleich-2026/gehaelter-vergleich-berufe-it-systemadministration;Neue Daten zeigen, wie sich die Gehälter seit 2013 entwickelt haben. Und in welchen ähnlichen Berufen man mehr oder weniger verdient.;"Z+ (abopflichtiger Inhalt);
        
    Gehälter im Vergleich";Arbeit, Gehälter im Vergleich, Gehaltsunterschied, Gehalt, Arbeitsmarkt, IT-Systemadministration;2026-07-24T08:00:00+02:00;2026-07-24T08:00:00+02:00;Jakob BauerCharlotte EcksteinDavid GutensohnMia JanzenAnne JeschkeJulian StahnkeJulius Tröger;;false
679cba47d5384056bf82da01ccc704cf81742a0a1f188883f6ff78aff9a53d71;Wie viel man in der IT-Netzwerktechnik, -Koordination, -Administration und -Organisation (mit Spezialisierung) verdient;https://www.zeit.de/arbeit/gehaltsvergleich-2026/gehaelter-vergleich-berufe-it-netzwerktechnik-koordination-administration-organisation-spezialisierung;Neue Daten zeigen, wie sich die Gehälter seit 2013 entwickelt haben. Und in welchen ähnlichen Berufen man mehr oder weniger verdient.;"Z+ (abopflichtiger Inhalt);
        
    Gehälter im Vergleich";Arbeit, Gehälter im Vergleich, Gehaltsunterschied, Gehalt, Arbeitsmarkt, IT-Netzwerktechnik, -Koordination, -Administration und -Organisation (mit Spezialisierung);2026-07-24T08:00:00+02:00;2026-07-24T08:00:00+02:00;Jakob BauerCharlotte EcksteinDavid GutensohnMia JanzenAnne JeschkeJulian StahnkeJulius Tröger;;false
3c9ddd5ac81440296b2aa6c9b432b8fa8d6403cfe709c197b1b91bb3d2828db8;Wie viel man in der IT-Systemanalyse verdient;https://www.zeit.de/arbeit/gehaltsvergleich-2026/gehaelter-vergleich-berufe-it-systemanalyse;Neue Daten zeigen, wie sich die Gehälter seit 2013 entwickelt haben. Und in welchen ähnlichen Berufen man mehr oder weniger verdient.;"Z+ (abopflichtiger Inhalt);
        
    Gehälter im Vergleich";Arbeit, Gehälter im Vergleich, Gehaltsunterschied, Gehalt, Arbeitsmarkt, IT-Systemanalyse;2026-07-24T08:00:00+02:00;2026-07-24T08:00:00+02:00;Jakob BauerCharlotte EcksteinDavid GutensohnMia JanzenAnne JeschkeJulian StahnkeJulius Tröger;;false
164a1cdd16b73d70ada60e32f2b03654b324c0b7dc06bf3b18ea3f1da1bb544f;Wie viel man in der IT-Organisation verdient;https://www.zeit.de/arbeit/gehaltsvergleich-2026/gehaelter-vergleich-berufe-it-organisation;Neue Daten zeigen, wie sich die Gehälter seit 2013 entwickelt haben. Und in welchen ähnlichen Berufen man mehr oder weniger verdient.;"Z+ (abopflichtiger Inhalt);
        
    Gehälter im Vergleich";Arbeit, Gehälter im Vergleich, Gehaltsunterschied, Gehalt, Arbeitsmarkt, IT-Organisation;2026-07-24T08:00:00+02:00;2026-07-24T08:00:00+02:00;Jakob BauerCharlotte EcksteinDavid GutensohnMia JanzenAnne JeschkeJulian StahnkeJulius Tröger;;false
39f097f9acac37ae78e073a77993883b748ca24cbeaec3030e2ba2a1979a0815;Wie viel man in der Justizverwaltung verdient;https://www.zeit.de/arbeit/gehaltsvergleich-2026/gehaelter-vergleich-berufe-justizverwaltung;Neue Daten zeigen, wie sich die Gehälter seit 2013 entwickelt haben. Und in welchen ähnlichen Berufen man mehr oder weniger verdient.;"Z+ (abopflichtiger Inhalt);
        
    Gehälter im Vergleich";Arbeit, Gehälter im Vergleich, Gehaltsunterschied, Gehalt, Arbeitsmarkt, Justizverwaltung;2026-07-24T08:00:00+02:00;2026-07-24T08:00:00+02:00;Jakob BauerCharlotte EcksteinDavid GutensohnMia JanzenAnne JeschkeJulian StahnkeJulius Tröger;;false
fd778f85eabdc6a425b6630ac006d0977381707cfc625c8c885ff9243386cfaf;Wie viel man als Führungskraft in der IT-Systemanalyse, IT-Anwendungsberatung und im IT-Vertrieb verdient;https://www.zeit.de/arbeit/gehaltsvergleich-2026/gehaelter-vergleich-berufe-it-systemanalyse-anwendungsberatung-vertrieb-fuehrungskraft;Neue Daten zeigen, wie sich die Gehälter seit 2013 entwickelt haben. Und in welchen ähnlichen Berufen man mehr oder weniger verdient.;"Z+ (abopflichtiger Inhalt);
        
    Gehälter im Vergleich";Arbeit, Gehälter im Vergleich, Gehaltsunterschied, Gehalt, Arbeitsmarkt, IT-Systemanalyse, IT-Anwendungsberatung und IT-Vertrieb (Führungskraft);2026-07-24T08:00:00+02:00;2026-07-24T08:00:00+02:00;Jakob BauerCharlotte EcksteinDavid GutensohnMia JanzenAnne JeschkeJulian StahnkeJulius Tröger;;false
8e3c6effb7f25b8be754fd7d34a24f267fdf4f832fd11fb4bbe62865603bddca;Wie viel man in der Kältetechnik verdient;https://www.zeit.de/arbeit/gehaltsvergleich-2026/gehaelter-vergleich-berufe-kaeltetechnik;Neue Daten zeigen, wie sich die Gehälter seit 2013 entwickelt haben. Und in welchen ähnlichen Berufen man mehr oder weniger verdient.;"Z+ (abopflichtiger Inhalt);
        
    Gehälter im Vergleich";Arbeit, Gehälter im Vergleich, Gehaltsunterschied, Gehalt, Arbeitsmarkt, Kältetechnik;2026-07-24T08:00:00+02:00;2026-07-24T08:00:00+02:00;Jakob BauerCharlotte EcksteinDavid GutensohnMia JanzenAnne JeschkeJulian StahnkeJulius Tröger;;false
e17d604dbdfc726bbad6460dd058466d11ac298a6b897d8e097e109de224724e;Wie viel man im IT-Vertrieb verdient;https://www.zeit.de/arbeit/gehaltsvergleich-2026/gehaelter-vergleich-berufe-it-vertrieb;Neue Daten zeigen, wie sich die Gehälter seit 2013 entwickelt haben. Und in welchen ähnlichen Berufen man mehr oder weniger verdient.;"Z+ (abopflichtiger Inhalt);
        
    Gehälter im Vergleich";Arbeit, Gehälter im Vergleich, Gehaltsunterschied, Gehalt, Arbeitsmarkt, IT-Vertrieb;2026-07-24T08:00:00+02:00;2026-07-24T08:00:00+02:00;Jakob BauerCharlotte EcksteinDavid GutensohnMia JanzenAnne JeschkeJulian StahnkeJulius Tröger;;false
28abec0847fb83033613707d881a81897c1b2112f4ac7a27070bcb78c65d2a95;Wie viel man im Kanal- und Tunnelbau verdient;https://www.zeit.de/arbeit/gehaltsvergleich-2026/gehaelter-vergleich-berufe-kanalbau-tunnelbau;Neue Daten zeigen, wie sich die Gehälter seit 2013 entwickelt haben. Und in welchen ähnlichen Berufen man mehr oder weniger verdient.;"Z+ (abopflichtiger Inhalt);
        
    Gehälter im Vergleich";Arbeit, Gehälter im Vergleich, Gehaltsunterschied, Gehalt, Arbeitsmarkt, Kanal- und Tunnelbau;2026-07-24T08:00:00+02:00;2026-07-24T08:00:00+02:00;Jakob BauerCharlotte EcksteinDavid GutensohnMia JanzenAnne JeschkeJulian StahnkeJulius Tröger;;false
fb298f8e934f8193298b9b9eae422344e51d4d013635a40edddefb29b786efdf;Wie viel man im Justizvollzugsdienst verdient;https://www.zeit.de/arbeit/gehaltsvergleich-2026/gehaelter-vergleich-berufe-justizvollzugsdienst;Neue Daten zeigen, wie sich die Gehälter seit 2013 entwickelt haben. Und in welchen ähnlichen Berufen man mehr oder weniger verdient.;"Z+ (abopflichtiger Inhalt);
        
    Gehälter im Vergleich";Arbeit, Gehälter im Vergleich, Gehaltsunterschied, Gehalt, Arbeitsmarkt, Justizvollzugsdienst;2026-07-24T08:00:00+02:00;2026-07-24T08:00:00+02:00;Jakob BauerCharlotte EcksteinDavid GutensohnMia JanzenAnne JeschkeJulian StahnkeJulius Tröger;;false
02eee530d9b3fdc45aa5f2d644eb1096d31e4ec100889dea3d847a394576b2f8;Wie viel man in der Kameratechnik verdient;https://www.zeit.de/arbeit/gehaltsvergleich-2026/gehaelter-vergleich-berufe-kameratechnik;Neue Daten zeigen, wie sich die Gehälter seit 2013 entwickelt haben. Und in welchen ähnlichen Berufen man mehr oder weniger verdient.;"Z+ (abopflichtiger Inhalt);
        
    Gehälter im Vergleich";Arbeit, Gehälter im Vergleich, Gehaltsunterschied, Gehalt, Arbeitsmarkt, Kameratechnik;2026-07-24T08:00:00+02:00;2026-07-24T08:00:00+02:00;Jakob BauerCharlotte EcksteinDavid GutensohnMia JanzenAnne JeschkeJulian StahnkeJulius Tröger;;false
78f60dce34dbf221a9b9a7d1ae54b3054d05e82b8ba435f3fe52d521435a95be;Wie viel man als Kassiererin oder Kassierer und Kartenverkäuferin oder -verkäufer verdient;https://www.zeit.de/arbeit/gehaltsvergleich-2026/gehaelter-vergleich-berufe-kassiererin-kassierer-kartenverkaeuferin-kartenverkaeufer;Neue Daten zeigen, wie sich die Gehälter seit 2013 entwickelt haben. Und in welchen ähnlichen Berufen man mehr oder weniger verdient.;"Z+ (abopflichtiger Inhalt);
        
    Gehälter im Vergleich";Arbeit, Gehälter im Vergleich, Gehaltsunterschied, Gehalt, Arbeitsmarkt, Kassiererin oder Kassierer und Kartenverkäuferin oder -verkäufer;2026-07-24T08:00:00+02:00;2026-07-24T08:00:00+02:00;Jakob BauerCharlotte EcksteinDavid GutensohnMia JanzenAnne JeschkeJulian StahnkeJulius Tröger;;false
446e8eb7e3883efb4eec4880c57b7709d6cd433d16ca17f6365a220aefa3290e;Wie viel man in der Kartografie verdient;https://www.zeit.de/arbeit/gehaltsvergleich-2026/gehaelter-vergleich-berufe-kartografie;Neue Daten zeigen, wie sich die Gehälter seit 2013 entwickelt haben. Und in welchen ähnlichen Berufen man mehr oder weniger verdient.;"Z+ (abopflichtiger Inhalt);
        
    Gehälter im Vergleich";Arbeit, Gehälter im Vergleich, Gehaltsunterschied, Gehalt, Arbeitsmarkt, Kartografie;2026-07-24T08:00:00+02:00;2026-07-24T08:00:00+02:00;Jakob BauerCharlotte EcksteinDavid GutensohnMia JanzenAnne JeschkeJulian StahnkeJulius Tröger;;false
af8affe6cc594fa106f5a421b0450ff2397213d63514de105062a3645e0c2657;Wie viel man als Kauffrau oder Kaufmann im Automatenservice verdient;https://www.zeit.de/arbeit/gehaltsvergleich-2026/gehaelter-vergleich-berufe-kauffrau-kaufmann-automatenservice;Neue Daten zeigen, wie sich die Gehälter seit 2013 entwickelt haben. Und in welchen ähnlichen Berufen man mehr oder weniger verdient.;"Z+ (abopflichtiger Inhalt);
        
    Gehälter im Vergleich";Arbeit, Gehälter im Vergleich, Gehaltsunterschied, Gehalt, Arbeitsmarkt, Kauffrau oder Kaufmann im Automatenservice;2026-07-24T08:00:00+02:00;2026-07-24T08:00:00+02:00;Jakob BauerCharlotte EcksteinDavid GutensohnMia JanzenAnne JeschkeJulian StahnkeJulius Tröger;;false
b3e31ac0b5f7374fa10140425cbd9f3351fe15654e78a3a1fd3ee2c3358d14f2;Wie viel man als Kauffrau oder Kaufmann im Groß- und Außenhandel verdient;https://www.zeit.de/arbeit/gehaltsvergleich-2026/gehaelter-vergleich-berufe-kauffrau-kaufmann-gross-aussenhandel;Neue Daten zeigen, wie sich die Gehälter seit 2013 entwickelt haben. Und in welchen ähnlichen Berufen man mehr oder weniger verdient.;"Z+ (abopflichtiger Inhalt);
        
    Gehälter im Vergleich";Arbeit, Gehälter im Vergleich, Gehaltsunterschied, Gehalt, Arbeitsmarkt, Kauffrau oder Kaufmann im Groß- und Außenhandel;2026-07-24T08:00:00+02:00;2026-07-24T08:00:00+02:00;Jakob BauerCharlotte EcksteinDavid GutensohnMia JanzenAnne JeschkeJulian StahnkeJulius Tröger;;false
20e56a4412c2ce7a79a9032e10efc7e58f753ad2a7f53cf9a9004573dae70f78;Wie viel man als Kauffrau oder Kaufmann im Handel (mit Spezialisierung) verdient;https://www.zeit.de/arbeit/gehaltsvergleich-2026/gehaelter-vergleich-berufe-kauffrau-kaufmann-handel-spezialisierung;Neue Daten zeigen, wie sich die Gehälter seit 2013 entwickelt haben. Und in welchen ähnlichen Berufen man mehr oder weniger verdient.;"Z+ (abopflichtiger Inhalt);
        
    Gehälter im Vergleich";Arbeit, Gehälter im Vergleich, Gehaltsunterschied, Gehalt, Arbeitsmarkt, Kauffrau oder Kaufmann im Handel (mit Spezialisierung);2026-07-24T08:00:00+02:00;2026-07-24T08:00:00+02:00;Jakob BauerCharlotte EcksteinDavid GutensohnMia JanzenAnne JeschkeJulian StahnkeJulius Tröger;;false
cb6a53cfe827d2d1747158706f47f73d8de0dd3ad76c0b1a95f3b5f6544c21bf;Wie viel man in der kaufmännisch-technischen Betriebswirtschaft verdient;https://www.zeit.de/arbeit/gehaltsvergleich-2026/gehaelter-vergleich-berufe-kaufmaennisch-technische-betriebswirtschaft;Neue Daten zeigen, wie sich die Gehälter seit 2013 entwickelt haben. Und in welchen ähnlichen Berufen man mehr oder weniger verdient.;"Z+ (abopflichtiger Inhalt);
        
    Gehälter im Vergleich";Arbeit, Gehälter im Vergleich, Gehaltsunterschied, Gehalt, Arbeitsmarkt, Kaufmännisch-technische Betriebswirtschaft;2026-07-24T08:00:00+02:00;2026-07-24T08:00:00+02:00;Jakob BauerCharlotte EcksteinDavid GutensohnMia JanzenAnne JeschkeJulian StahnkeJulius Tröger;;false
cd77fe6c21076d152575f4390aacc36dcb20ed1cda0f073cbfd6aa5d8901bbfa;Wie viel man als Kauffrau oder Kaufmann im Handel verdient;https://www.zeit.de/arbeit/gehaltsvergleich-2026/gehaelter-vergleich-berufe-kauffrau-kaufmann-handel;Neue Daten zeigen, wie sich die Gehälter seit 2013 entwickelt haben. Und in welchen ähnlichen Berufen man mehr oder weniger verdient.;"Z+ (abopflichtiger Inhalt);
        
    Gehälter im Vergleich";Arbeit, Gehälter im Vergleich, Gehaltsunterschied, Gehalt, Arbeitsmarkt, Kauffrau oder Kaufmann im Handel;2026-07-24T08:00:00+02:00;2026-07-24T08:00:00+02:00;Jakob BauerCharlotte EcksteinDavid GutensohnMia JanzenAnne JeschkeJulian StahnkeJulius Tröger;;false
c33773ff09ae68fb3e040ff41f24fa253cdba4a80334da1ef00795b0e89ce801;Wie viel man in der Kinderbetreuung und -erziehung verdient;https://www.zeit.de/arbeit/gehaltsvergleich-2026/gehaelter-vergleich-berufe-kinderbetreuung-erziehung;Neue Daten zeigen, wie sich die Gehälter seit 2013 entwickelt haben. Und in welchen ähnlichen Berufen man mehr oder weniger verdient.;"Z+ (abopflichtiger Inhalt);
        
    Gehälter im Vergleich";Arbeit, Gehälter im Vergleich, Gehaltsunterschied, Gehalt, Arbeitsmarkt, Kinderbetreuung und -erziehung;2026-07-24T08:00:00+02:00;2026-07-24T08:00:00+02:00;Jakob BauerCharlotte EcksteinDavid GutensohnMia JanzenAnne JeschkeJulian StahnkeJulius Tröger;;false
25f94ca54f1ce19ac0afee4f7c629971c6054c66e87f8ccac5a056b704737c39;Wie viel man im Klavier- und Cembalobau verdient;https://www.zeit.de/arbeit/gehaltsvergleich-2026/gehaelter-vergleich-berufe-klavierbau-cembalobau;Neue Daten zeigen, wie sich die Gehälter seit 2013 entwickelt haben. Und in welchen ähnlichen Berufen man mehr oder weniger verdient.;"Z+ (abopflichtiger Inhalt);
        
    Gehälter im Vergleich";Arbeit, Gehälter im Vergleich, Gehaltsunterschied, Gehalt, Arbeitsmarkt, Klavier- und Cembalobau;2026-07-24T08:00:00+02:00;2026-07-24T08:00:00+02:00;Jakob BauerCharlotte EcksteinDavid GutensohnMia JanzenAnne JeschkeJulian StahnkeJulius Tröger;;false
02a4087c23cf4186a122211d959e96b9298d198e9ae65aba882ad847f4ef296f;Wie viel man als Führungskraft im kaufmännischen Bereich in Verkehr und Logistik verdient;https://www.zeit.de/arbeit/gehaltsvergleich-2026/gehaelter-vergleich-berufe-kaufmaennischer-bereich-verkehr-logistik-fuehrungskraft;Neue Daten zeigen, wie sich die Gehälter seit 2013 entwickelt haben. Und in welchen ähnlichen Berufen man mehr oder weniger verdient.;"Z+ (abopflichtiger Inhalt);
        
    Gehälter im Vergleich";Arbeit, Gehälter im Vergleich, Gehaltsunterschied, Gehalt, Arbeitsmarkt, Kaufmännischer Bereich in Verkehr und Logistik (Führungskraft);2026-07-24T08:00:00+02:00;2026-07-24T08:00:00+02:00;Jakob BauerCharlotte EcksteinDavid GutensohnMia JanzenAnne JeschkeJulian StahnkeJulius Tröger;;false
d8908635b0f84b26a581188f57d26ca60087952db0295676b608199ecc0e7c25;Wie viel man als Kranführer oder Kranführerin verdient;https://www.zeit.de/arbeit/gehaltsvergleich-2026/gehaelter-vergleich-berufe-kranfuehrer-kranfuehrerin-bedienerin-bediener-von-hebeeinrichtungen;Neue Daten zeigen, wie sich die Gehälter seit 2013 entwickelt haben. Und in welchen ähnlichen Berufen man mehr oder weniger verdient.;"Z+ (abopflichtiger Inhalt);
        
    Gehälter im Vergleich";Arbeit, Gehälter im Vergleich, Gehaltsunterschied, Gehalt, Arbeitsmarkt, Kranführerin oder -führer und Bedienung von Hebeeinrichtungen;2026-07-24T08:00:00+02:00;2026-07-24T08:00:00+02:00;Jakob BauerCharlotte EcksteinDavid GutensohnMia JanzenAnne JeschkeJulian StahnkeJulius Tröger;;false
3475b95c4cdf3b7bdbf4c3be398232564c1acdc5f95cd69e6aca90b42c912661;Wie viel man als Klempnerin oder Klempner verdient;https://www.zeit.de/arbeit/gehaltsvergleich-2026/gehaelter-vergleich-berufe-klempnerei;Neue Daten zeigen, wie sich die Gehälter seit 2013 entwickelt haben. Und in welchen ähnlichen Berufen man mehr oder weniger verdient.;"Z+ (abopflichtiger Inhalt);
        
    Gehälter im Vergleich";Arbeit, Gehälter im Vergleich, Gehaltsunterschied, Gehalt, Arbeitsmarkt, Klempnerei;2026-07-24T08:00:00+02:00;2026-07-24T08:00:00+02:00;Jakob BauerCharlotte EcksteinDavid GutensohnMia JanzenAnne JeschkeJulian StahnkeJulius Tröger;;false
febd365c2976e4cc76fce97d90684de4bb06d2436631212e6ee524bcd0ccb24d;Wie viel man als Köchin oder Koch verdient;https://www.zeit.de/arbeit/gehaltsvergleich-2026/gehaelter-vergleich-berufe-koechin-koch;Neue Daten zeigen, wie sich die Gehälter seit 2013 entwickelt haben. Und in welchen ähnlichen Berufen man mehr oder weniger verdient.;"Z+ (abopflichtiger Inhalt);
        
    Gehälter im Vergleich";Arbeit, Gehälter im Vergleich, Gehaltsunterschied, Gehalt, Arbeitsmarkt, Köchin oder Koch;2026-07-24T08:00:00+02:00;2026-07-24T08:00:00+02:00;Jakob BauerCharlotte EcksteinDavid GutensohnMia JanzenAnne JeschkeJulian StahnkeJulius Tröger;;false
b90eb18c50a135cfc4fea98383037c140a4df6a8d247ae781b907059d8d31279;Wie viel man in der klinischen Psychologie verdient;https://www.zeit.de/arbeit/gehaltsvergleich-2026/gehaelter-vergleich-berufe-klinische-psychologie;Neue Daten zeigen, wie sich die Gehälter seit 2013 entwickelt haben. Und in welchen ähnlichen Berufen man mehr oder weniger verdient.;"Z+ (abopflichtiger Inhalt);
        
    Gehälter im Vergleich";Arbeit, Gehälter im Vergleich, Gehaltsunterschied, Gehalt, Arbeitsmarkt, Klinische Psychologie;2026-07-24T08:00:00+02:00;2026-07-24T08:00:00+02:00;Jakob BauerCharlotte EcksteinDavid GutensohnMia JanzenAnne JeschkeJulian StahnkeJulius Tröger;;false
180d6e784333e887fe82d8b7b3c80d7e9c9153b26a979e191262397f64430f20;Wie viel man im Kultur- und Wasserbau verdient;https://www.zeit.de/arbeit/gehaltsvergleich-2026/gehaelter-vergleich-berufe-kulturbau-wasserbau;Neue Daten zeigen, wie sich die Gehälter seit 2013 entwickelt haben. Und in welchen ähnlichen Berufen man mehr oder weniger verdient.;"Z+ (abopflichtiger Inhalt);
        
    Gehälter im Vergleich";Arbeit, Gehälter im Vergleich, Gehaltsunterschied, Gehalt, Arbeitsmarkt, Kultur- und Wasserbau;2026-07-24T08:00:00+02:00;2026-07-24T08:00:00+02:00;Jakob BauerCharlotte EcksteinDavid GutensohnMia JanzenAnne JeschkeJulian StahnkeJulius Tröger;;false
353f827f0f50efd919a33b8a891969450a84e65eec40796334258867c4e992a9;Wie viel man als Korrekturleserin oder Korrekturleser verdient;https://www.zeit.de/arbeit/gehaltsvergleich-2026/gehaelter-vergleich-berufe-kodiererin-kodierer-korrekturleserin-korrekturleser;Neue Daten zeigen, wie sich die Gehälter seit 2013 entwickelt haben. Und in welchen ähnlichen Berufen man mehr oder weniger verdient.;"Z+ (abopflichtiger Inhalt);
        
    Gehälter im Vergleich";Arbeit, Gehälter im Vergleich, Gehaltsunterschied, Gehalt, Arbeitsmarkt, Kodiererin oder Kodierer und Korrekturleserin oder Korrekturleser;2026-07-24T08:00:00+02:00;2026-07-24T08:00:00+02:00;Jakob BauerCharlotte EcksteinDavid GutensohnMia JanzenAnne JeschkeJulian StahnkeJulius Tröger;;false
7b7c4859f3097a918cf4d802d9c6711fcb9b04c2aabd2e883ceea5376350ddff;Wie viel man als Führungskraft in der Klempnerei, Sanitär-, Heizungs- und Klimatechnik verdient;https://www.zeit.de/arbeit/gehaltsvergleich-2026/gehaelter-vergleich-berufe-klempnereitechnik-sanitaertechnik-heizungstechnik-klimatechnik-fuehrungskraft;Neue Daten zeigen, wie sich die Gehälter seit 2013 entwickelt haben. Und in welchen ähnlichen Berufen man mehr oder weniger verdient.;"Z+ (abopflichtiger Inhalt);
        
    Gehälter im Vergleich";Arbeit, Gehälter im Vergleich, Gehaltsunterschied, Gehalt, Arbeitsmarkt, Klempnerei, Sanitär-, Heizungs- und Klimatechnik (Führungskraft);2026-07-24T08:00:00+02:00;2026-07-24T08:00:00+02:00;Jakob BauerCharlotte EcksteinDavid GutensohnMia JanzenAnne JeschkeJulian StahnkeJulius Tröger;;false
574b2832853c1c5b726b908b54239c4cd2cc60ba5e084ddda9a0ed28bd8949df;Wie viel man als Köchin oder Koch (mit Spezialisierung) verdient;https://www.zeit.de/arbeit/gehaltsvergleich-2026/gehaelter-vergleich-berufe-koechin-koch-spezialisierung;Neue Daten zeigen, wie sich die Gehälter seit 2013 entwickelt haben. Und in welchen ähnlichen Berufen man mehr oder weniger verdient.;"Z+ (abopflichtiger Inhalt);
        
    Gehälter im Vergleich";Arbeit, Gehälter im Vergleich, Gehaltsunterschied, Gehalt, Arbeitsmarkt, Köchin oder Koch (mit Spezialisierung);2026-07-24T08:00:00+02:00;2026-07-24T08:00:00+02:00;Jakob BauerCharlotte EcksteinDavid GutensohnMia JanzenAnne JeschkeJulian StahnkeJulius Tröger;;false
07039c456538789d02fbbc1da54a08c9c891b4056672c58463e8c71fcbeb9e93;Wie viel man in der Kosmetik verdient;https://www.zeit.de/arbeit/gehaltsvergleich-2026/gehaelter-vergleich-berufe-kosmetik;Neue Daten zeigen, wie sich die Gehälter seit 2013 entwickelt haben. Und in welchen ähnlichen Berufen man mehr oder weniger verdient.;"Z+ (abopflichtiger Inhalt);
        
    Gehälter im Vergleich";Arbeit, Gehälter im Vergleich, Gehaltsunterschied, Gehalt, Arbeitsmarkt, Kosmetik;2026-07-24T08:00:00+02:00;2026-07-24T08:00:00+02:00;Jakob BauerCharlotte EcksteinDavid GutensohnMia JanzenAnne JeschkeJulian StahnkeJulius Tröger;;false
44689c809328bb7ebd23fc9ae75860f8ad12997459d273a2a02b6f1d17ae9661;Wie viel man in Konstruktion und Gerätebau verdient;https://www.zeit.de/arbeit/gehaltsvergleich-2026/gehaelter-vergleich-berufe-konstruktion-geraetebau;Neue Daten zeigen, wie sich die Gehälter seit 2013 entwickelt haben. Und in welchen ähnlichen Berufen man mehr oder weniger verdient.;"Z+ (abopflichtiger Inhalt);
        
    Gehälter im Vergleich";Arbeit, Gehälter im Vergleich, Gehaltsunterschied, Gehalt, Arbeitsmarkt, Konstruktion und Gerätebau;2026-07-24T08:00:00+02:00;2026-07-24T08:00:00+02:00;Jakob BauerCharlotte EcksteinDavid GutensohnMia JanzenAnne JeschkeJulian StahnkeJulius Tröger;;false
830feb2dd8da47b83ce4410bccb201e8839fbb63da6dd56ba1627c61f87308d8;Wie viel man im Kundenmanagement verdient;https://www.zeit.de/arbeit/gehaltsvergleich-2026/gehaelter-vergleich-berufe-kundenmanagement;Neue Daten zeigen, wie sich die Gehälter seit 2013 entwickelt haben. Und in welchen ähnlichen Berufen man mehr oder weniger verdient.;"Z+ (abopflichtiger Inhalt);
        
    Gehälter im Vergleich";Arbeit, Gehälter im Vergleich, Gehaltsunterschied, Gehalt, Arbeitsmarkt, Kundenmanagement;2026-07-24T08:00:00+02:00;2026-07-24T08:00:00+02:00;Jakob BauerCharlotte EcksteinDavid GutensohnMia JanzenAnne JeschkeJulian StahnkeJulius Tröger;;false
3c2b881b1edefa3c9f22941bad05ac38b4adca78af7aa6825f1d53fb54ccec50;Wie viel man als Führungskraft in der Körperpflege verdient;https://www.zeit.de/arbeit/gehaltsvergleich-2026/gehaelter-vergleich-berufe-koerperpflege-fuehrungskraft;Neue Daten zeigen, wie sich die Gehälter seit 2013 entwickelt haben. Und in welchen ähnlichen Berufen man mehr oder weniger verdient.;"Z+ (abopflichtiger Inhalt);
        
    Gehälter im Vergleich";Arbeit, Gehälter im Vergleich, Gehaltsunterschied, Gehalt, Arbeitsmarkt, Körperpflege (Führungskraft);2026-07-24T08:00:00+02:00;2026-07-24T08:00:00+02:00;Jakob BauerCharlotte EcksteinDavid GutensohnMia JanzenAnne JeschkeJulian StahnkeJulius Tröger;;false
3de8126477b73279bdbf4c8ce64e6ed1e48e642463b0e5b642f37286500012ef;Wie viel man in der Kostenrechnung und Kalkulation verdient;https://www.zeit.de/arbeit/gehaltsvergleich-2026/gehaelter-vergleich-berufe-kostenrechnung-kalkulation;Neue Daten zeigen, wie sich die Gehälter seit 2013 entwickelt haben. Und in welchen ähnlichen Berufen man mehr oder weniger verdient.;"Z+ (abopflichtiger Inhalt);
        
    Gehälter im Vergleich";Arbeit, Gehälter im Vergleich, Gehaltsunterschied, Gehalt, Arbeitsmarkt, Kostenrechnung und Kalkulation;2026-07-24T08:00:00+02:00;2026-07-24T08:00:00+02:00;Jakob BauerCharlotte EcksteinDavid GutensohnMia JanzenAnne JeschkeJulian StahnkeJulius Tröger;;false
6ec74c8a07549092b868e7700cb7268c603eaaff739265cb32def03e5d627adc;Wie viel man als Führungskraft in der Krankenpflege und im Rettungsdienst verdient;https://www.zeit.de/arbeit/gehaltsvergleich-2026/gehaelter-vergleich-berufe-krankenpflege-rettungsdienst-fuehrungskraft;Neue Daten zeigen, wie sich die Gehälter seit 2013 entwickelt haben. Und in welchen ähnlichen Berufen man mehr oder weniger verdient.;"Z+ (abopflichtiger Inhalt);
        
    Gehälter im Vergleich";Arbeit, Gehälter im Vergleich, Gehaltsunterschied, Gehalt, Arbeitsmarkt, Krankenpflege und Rettungsdienst (Führungskraft);2026-07-24T08:00:00+02:00;2026-07-24T08:00:00+02:00;Jakob BauerCharlotte EcksteinDavid GutensohnMia JanzenAnne JeschkeJulian StahnkeJulius Tröger;;false
7a68dcd4d3da6120710cada216f0b13a9f73b603150416433461298def0918e8;Wie viel man in der Kraftfahrzeugtechnik verdient;https://www.zeit.de/arbeit/gehaltsvergleich-2026/gehaelter-vergleich-berufe-kraftfahrzeugtechnik;Neue Daten zeigen, wie sich die Gehälter seit 2013 entwickelt haben. Und in welchen ähnlichen Berufen man mehr oder weniger verdient.;"Z+ (abopflichtiger Inhalt);
        
    Gehälter im Vergleich";Arbeit, Gehälter im Vergleich, Gehaltsunterschied, Gehalt, Arbeitsmarkt, Kraftfahrzeugtechnik;2026-07-24T08:00:00+02:00;2026-07-24T08:00:00+02:00;Jakob BauerCharlotte EcksteinDavid GutensohnMia JanzenAnne JeschkeJulian StahnkeJulius Tröger;;false
19f4aa24593d1cde6461c2fa19704663c0947a714f9a5c5da28463b176b76d01;Wie viel man als  Steuerin oder Steuerer von chemischen Verfahrensanlagen verdient;https://www.zeit.de/arbeit/gehaltsvergleich-2026/gehaelter-vergleich-berufe-steuerin-steuerer-von-chemische-verfahrensanlagen;Neue Daten zeigen, wie sich die Gehälter seit 2013 entwickelt haben. Und in welchen ähnlichen Berufen man mehr oder weniger verdient.;"Z+ (abopflichtiger Inhalt);
        
    Gehälter im Vergleich";Arbeit, Gehälter im Vergleich, Gehaltsunterschied, Gehalt, Arbeitsmarkt, Steuerin oder Steuerer von chemischen Verfahrensanlagen;2026-07-24T08:00:00+02:00;2026-07-24T08:00:00+02:00;Jakob BauerCharlotte EcksteinDavid GutensohnMia JanzenAnne JeschkeJulian StahnkeJulius Tröger;;false
374ff4f5a6a5ad1b765d8f71ead580b676bbdfb167fea2c6e37f216d834bcd1c;Wie viel man in der kunsthandwerklichen Keramikgestaltung verdient;https://www.zeit.de/arbeit/gehaltsvergleich-2026/gehaelter-vergleich-berufe-kunsthandwerkliche-keramikgestaltung;Neue Daten zeigen, wie sich die Gehälter seit 2013 entwickelt haben. Und in welchen ähnlichen Berufen man mehr oder weniger verdient.;"Z+ (abopflichtiger Inhalt);
        
    Gehälter im Vergleich";Arbeit, Gehälter im Vergleich, Gehaltsunterschied, Gehalt, Arbeitsmarkt, Kunsthandwerkliche Keramikgestaltung;2026-07-24T08:00:00+02:00;2026-07-24T08:00:00+02:00;Jakob BauerCharlotte EcksteinDavid GutensohnMia JanzenAnne JeschkeJulian StahnkeJulius Tröger;;false
b7e2d43dabcfcd58c8d6b9e78bd998776d243af6e8566d66a2f5c64e24d656bc;Wie viel man im Kunsthandwerk und in der bildenden Kunst verdient;https://www.zeit.de/arbeit/gehaltsvergleich-2026/gehaelter-vergleich-berufe-kunsthandwerk-bildende-kunst;Neue Daten zeigen, wie sich die Gehälter seit 2013 entwickelt haben. Und in welchen ähnlichen Berufen man mehr oder weniger verdient.;"Z+ (abopflichtiger Inhalt);
        
    Gehälter im Vergleich";Arbeit, Gehälter im Vergleich, Gehaltsunterschied, Gehalt, Arbeitsmarkt, Kunsthandwerk und bildende Kunst;2026-07-24T08:00:00+02:00;2026-07-24T08:00:00+02:00;Jakob BauerCharlotte EcksteinDavid GutensohnMia JanzenAnne JeschkeJulian StahnkeJulius Tröger;;false
7f27adb5c99ac22c3cb13488d15da89bc5982ca6d7a889fa8f86cf67b9cd681c;Wie viel man als Führungskraft in der Kunststoff- und Kautschukherstellung und -verarbeitung verdient;https://www.zeit.de/arbeit/gehaltsvergleich-2026/gehaelter-vergleich-berufe-kunststoffherstellung-kautschukherstellung-kautschukverarbeitung-fuehrungskraft;Neue Daten zeigen, wie sich die Gehälter seit 2013 entwickelt haben. Und in welchen ähnlichen Berufen man mehr oder weniger verdient.;"Z+ (abopflichtiger Inhalt);
        
    Gehälter im Vergleich";Arbeit, Gehälter im Vergleich, Gehaltsunterschied, Gehalt, Arbeitsmarkt, Kunststoff- und Kautschukherstellung und -verarbeitung (Führungskraft);2026-07-24T08:00:00+02:00;2026-07-24T08:00:00+02:00;Jakob BauerCharlotte EcksteinDavid GutensohnMia JanzenAnne JeschkeJulian StahnkeJulius Tröger;;false
782c3466080f863bbed8d98dca149e6b4f7fe6557199fce8422c4b1280e38056;Wie viel man in der Kunststoff- und Kautschukherstellung und -verarbeitung (mit Spezialisierung) verdient;https://www.zeit.de/arbeit/gehaltsvergleich-2026/gehaelter-vergleich-berufe-kunststoffherstellung-kautschukherstellung-kautschukverarbeitung-spezialisierung;Neue Daten zeigen, wie sich die Gehälter seit 2013 entwickelt haben. Und in welchen ähnlichen Berufen man mehr oder weniger verdient.;"Z+ (abopflichtiger Inhalt);
        
    Gehälter im Vergleich";Arbeit, Gehälter im Vergleich, Gehaltsunterschied, Gehalt, Arbeitsmarkt, Kunststoff- und Kautschukherstellung und -verarbeitung (mit Spezialisierung);2026-07-24T08:00:00+02:00;2026-07-24T08:00:00+02:00;Jakob BauerCharlotte EcksteinDavid GutensohnMia JanzenAnne JeschkeJulian StahnkeJulius Tröger;;false
be0805d4078150909da7eacea6a5b1bc228b256758ef32a5cc5a3fca63d82c31;Wie viel man in der kunsthandwerklichen Schmuckherstellung und Edelsteinbearbeitung verdient;https://www.zeit.de/arbeit/gehaltsvergleich-2026/gehaelter-vergleich-berufe-kunsthandwerkliche-schmuckherstellung-edelsteinbearbeitung;Neue Daten zeigen, wie sich die Gehälter seit 2013 entwickelt haben. Und in welchen ähnlichen Berufen man mehr oder weniger verdient.;"Z+ (abopflichtiger Inhalt);
        
    Gehälter im Vergleich";Arbeit, Gehälter im Vergleich, Gehaltsunterschied, Gehalt, Arbeitsmarkt, Kunsthandwerkliche Schmuckherstellung und Edelsteinbearbeitung;2026-07-24T08:00:00+02:00;2026-07-24T08:00:00+02:00;Jakob BauerCharlotte EcksteinDavid GutensohnMia JanzenAnne JeschkeJulian StahnkeJulius Tröger;;false
95563b48133f32be9631c68fb4a23955c85bf2323bc5eb3d7e32c7d14be80b3b;Wie viel man in der Lagerwirtschaft verdient;https://www.zeit.de/arbeit/gehaltsvergleich-2026/gehaelter-vergleich-berufe-lagerwirtschaft;Neue Daten zeigen, wie sich die Gehälter seit 2013 entwickelt haben. Und in welchen ähnlichen Berufen man mehr oder weniger verdient.;"Z+ (abopflichtiger Inhalt);
        
    Gehälter im Vergleich";Arbeit, Gehälter im Vergleich, Gehaltsunterschied, Gehalt, Arbeitsmarkt, Lagerwirtschaft;2026-07-24T08:00:00+02:00;2026-07-24T08:00:00+02:00;Jakob BauerCharlotte EcksteinDavid GutensohnMia JanzenAnne JeschkeJulian StahnkeJulius Tröger;;false
9d8ebea05218e75dc1259b0834beeb81afda67bf851d6df0e3e68039338c56d7;Wie viel man in der Kunststoff- und Kautschukherstellung verdient;https://www.zeit.de/arbeit/gehaltsvergleich-2026/gehaelter-vergleich-berufe-kunststoffherstellung-kautschukherstellung;Neue Daten zeigen, wie sich die Gehälter seit 2013 entwickelt haben. Und in welchen ähnlichen Berufen man mehr oder weniger verdient.;"Z+ (abopflichtiger Inhalt);
        
    Gehälter im Vergleich";Arbeit, Gehälter im Vergleich, Gehaltsunterschied, Gehalt, Arbeitsmarkt, Kunststoff- und Kautschukherstellung;2026-07-24T08:00:00+02:00;2026-07-24T08:00:00+02:00;Jakob BauerCharlotte EcksteinDavid GutensohnMia JanzenAnne JeschkeJulian StahnkeJulius Tröger;;false
24e985409a55d637b9971d2ccb719a5c42fc604072d96e703ca3641646208a54;Wie viel man als Führungskraft in der Lagerwirtschaft, Zustellung und im Güterumschlag verdient;https://www.zeit.de/arbeit/gehaltsvergleich-2026/gehaelter-vergleich-berufe-lagerwirtschaft-zustellung-gueterumschlag-fuehrungskraft;Neue Daten zeigen, wie sich die Gehälter seit 2013 entwickelt haben. Und in welchen ähnlichen Berufen man mehr oder weniger verdient.;"Z+ (abopflichtiger Inhalt);
        
    Gehälter im Vergleich";Arbeit, Gehälter im Vergleich, Gehaltsunterschied, Gehalt, Arbeitsmarkt, Lagerwirtschaft, Zustellung und Güterumschlag (Führungskraft);2026-07-24T08:00:00+02:00;2026-07-24T08:00:00+02:00;Jakob BauerCharlotte EcksteinDavid GutensohnMia JanzenAnne JeschkeJulian StahnkeJulius Tröger;;false
81160098ba4b47c471e014c18b60c99be01dbb8034e859a175a5224b9437d6bc;Wie viel man als Führungskraft in der Lebens- und Genussmittelherstellung verdient;https://www.zeit.de/arbeit/gehaltsvergleich-2026/gehaelter-vergleich-berufe-lebensmittelherstellung-genussmittelherstellung-fuehrungskraft;Neue Daten zeigen, wie sich die Gehälter seit 2013 entwickelt haben. Und in welchen ähnlichen Berufen man mehr oder weniger verdient.;"Z+ (abopflichtiger Inhalt);
        
    Gehälter im Vergleich";Arbeit, Gehälter im Vergleich, Gehaltsunterschied, Gehalt, Arbeitsmarkt, Lebens- und Genussmittelherstellung (Führungskraft);2026-07-24T08:00:00+02:00;2026-07-24T08:00:00+02:00;Jakob BauerCharlotte EcksteinDavid GutensohnMia JanzenAnne JeschkeJulian StahnkeJulius Tröger;;false
1ced0bbf39cbf4740a5c31de57bf11516115b5b6bd1db6a91fe14988a306d6a2;Wie viel man als Postdienstleistungskauffrau oder -kaufmann verdient;https://www.zeit.de/arbeit/gehaltsvergleich-2026/gehaelter-vergleich-berufe-kurierdienstleistungskauffrau-expressdienstleistungskauffrau-postdienstleistungskauffrau-kurierdienstleistungskaufmann-expressdienstleistungskaufmann-postdienstleistungskaufmann;Neue Daten zeigen, wie sich die Gehälter seit 2013 entwickelt haben. Und in welchen ähnlichen Berufen man mehr oder weniger verdient.;"Z+ (abopflichtiger Inhalt);
        
    Gehälter im Vergleich";Arbeit, Gehälter im Vergleich, Gehaltsunterschied, Gehalt, Arbeitsmarkt, Kurier-, Express- und Postdienstleistungskauffrau oder -mann;2026-07-24T08:00:00+02:00;2026-07-24T08:00:00+02:00;Jakob BauerCharlotte EcksteinDavid GutensohnMia JanzenAnne JeschkeJulian StahnkeJulius Tröger;;false
cccb4229dc6feaf47c4e3e0109172bbc667bd62710b087b977494bdc80435cd0;Wie viel man im Lacklaboratorium verdient;https://www.zeit.de/arbeit/gehaltsvergleich-2026/gehaelter-vergleich-berufe-lacklaboratorium;Neue Daten zeigen, wie sich die Gehälter seit 2013 entwickelt haben. Und in welchen ähnlichen Berufen man mehr oder weniger verdient.;"Z+ (abopflichtiger Inhalt);
        
    Gehälter im Vergleich";Arbeit, Gehälter im Vergleich, Gehaltsunterschied, Gehalt, Arbeitsmarkt, Lacklaboratorium;2026-07-24T08:00:00+02:00;2026-07-24T08:00:00+02:00;Jakob BauerCharlotte EcksteinDavid GutensohnMia JanzenAnne JeschkeJulian StahnkeJulius Tröger;;false
08558b70e0ff5f251ab88ef8b1944aba3024d8ffabf30592eacc7f2710dea07f;Wie viel man in der Landwirtschaft verdient;https://www.zeit.de/arbeit/gehaltsvergleich-2026/gehaelter-vergleich-berufe-landwirtschaft;Neue Daten zeigen, wie sich die Gehälter seit 2013 entwickelt haben. Und in welchen ähnlichen Berufen man mehr oder weniger verdient.;"Z+ (abopflichtiger Inhalt);
        
    Gehälter im Vergleich";Arbeit, Gehälter im Vergleich, Gehaltsunterschied, Gehalt, Arbeitsmarkt, Landwirtschaft;2026-07-24T08:00:00+02:00;2026-07-24T08:00:00+02:00;Jakob BauerCharlotte EcksteinDavid GutensohnMia JanzenAnne JeschkeJulian StahnkeJulius Tröger;;false
dc2910c7a6d09bab14448d302a93ce65ef5c7e4fecd0d347f0c864b66d7a34b9;Wie viel man in der Land- und Baumaschinentechnik verdient;https://www.zeit.de/arbeit/gehaltsvergleich-2026/gehaelter-vergleich-berufe-landtechnik-baumaschinentechnik;Neue Daten zeigen, wie sich die Gehälter seit 2013 entwickelt haben. Und in welchen ähnlichen Berufen man mehr oder weniger verdient.;"Z+ (abopflichtiger Inhalt);
        
    Gehälter im Vergleich";Arbeit, Gehälter im Vergleich, Gehaltsunterschied, Gehalt, Arbeitsmarkt, Land- und Baumaschinentechnik;2026-07-24T08:00:00+02:00;2026-07-24T08:00:00+02:00;Jakob BauerCharlotte EcksteinDavid GutensohnMia JanzenAnne JeschkeJulian StahnkeJulius Tröger;;false
23d842a370486a056bb3d2b6d7f9ebf8265277614201c93478534455470f51be;Wie viel man als Lehrerin oder Lehrer in der Primarstufe verdient;https://www.zeit.de/arbeit/gehaltsvergleich-2026/gehaelter-vergleich-berufe-lehrkraft-primarstufe;Neue Daten zeigen, wie sich die Gehälter seit 2013 entwickelt haben. Und in welchen ähnlichen Berufen man mehr oder weniger verdient.;"Z+ (abopflichtiger Inhalt);
        
    Gehälter im Vergleich";Arbeit, Gehälter im Vergleich, Gehaltsunterschied, Gehalt, Arbeitsmarkt, Lehrerin oder Lehrer in der Primarstufe;2026-07-24T08:00:00+02:00;2026-07-24T08:00:00+02:00;Jakob BauerCharlotte EcksteinDavid GutensohnMia JanzenAnne JeschkeJulian StahnkeJulius Tröger;;false
9decccc96a9a7dd62de651a126e0dd5f750a7bb155e73e1e6fe51611746de184;Wie viel man als Führungskraft in der Landwirtschaft verdient;https://www.zeit.de/arbeit/gehaltsvergleich-2026/gehaelter-vergleich-berufe-landwirtschaft-fuehrungskraft;Neue Daten zeigen, wie sich die Gehälter seit 2013 entwickelt haben. Und in welchen ähnlichen Berufen man mehr oder weniger verdient.;"Z+ (abopflichtiger Inhalt);
        
    Gehälter im Vergleich";Arbeit, Gehälter im Vergleich, Gehaltsunterschied, Gehalt, Arbeitsmarkt, Landwirtschaft (Führungskraft);2026-07-24T08:00:00+02:00;2026-07-24T08:00:00+02:00;Jakob BauerCharlotte EcksteinDavid GutensohnMia JanzenAnne JeschkeJulian StahnkeJulius Tröger;;false
40ae99412d962093a794e6e88c10fcd6b71aa83923b6f744c57cd82f564894b4;Wie viel man in der Milchproduktherstellung verdient;https://www.zeit.de/arbeit/gehaltsvergleich-2026/gehaelter-vergleich-berufe-milchproduktherstellung;Neue Daten zeigen, wie sich die Gehälter seit 2013 entwickelt haben. Und in welchen ähnlichen Berufen man mehr oder weniger verdient.;"Z+ (abopflichtiger Inhalt);
        
    Gehälter im Vergleich";Arbeit, Gehälter im Vergleich, Gehaltsunterschied, Gehalt, Arbeitsmarkt, Milchproduktherstellung;2026-07-24T08:00:00+02:00;2026-07-24T08:00:00+02:00;Jakob BauerCharlotte EcksteinDavid GutensohnMia JanzenAnne JeschkeJulian StahnkeJulius Tröger;;false
b9e566788db332b15ece7f949630b62474ea55272c4a221dcc03ec56e46352b4;Wie viel man in der Landtechnik verdient;https://www.zeit.de/arbeit/gehaltsvergleich-2026/gehaelter-vergleich-berufe-landtechnik;Neue Daten zeigen, wie sich die Gehälter seit 2013 entwickelt haben. Und in welchen ähnlichen Berufen man mehr oder weniger verdient.;"Z+ (abopflichtiger Inhalt);
        
    Gehälter im Vergleich";Arbeit, Gehälter im Vergleich, Gehaltsunterschied, Gehalt, Arbeitsmarkt, Landtechnik;2026-07-24T08:00:00+02:00;2026-07-24T08:00:00+02:00;Jakob BauerCharlotte EcksteinDavid GutensohnMia JanzenAnne JeschkeJulian StahnkeJulius Tröger;;false
5bad043844758a4315f84d93ea7d6f817bac528b611ae05c384c01408f83c273;Wie viel landwirtschaftliche Sachverständige verdienen;https://www.zeit.de/arbeit/gehaltsvergleich-2026/gehaelter-vergleich-berufe-landwirtschaftliche-sachverstaendige;Neue Daten zeigen, wie sich die Gehälter seit 2013 entwickelt haben. Und in welchen ähnlichen Berufen man mehr oder weniger verdient.;"Z+ (abopflichtiger Inhalt);
        
    Gehälter im Vergleich";Arbeit, Gehälter im Vergleich, Gehaltsunterschied, Gehalt, Arbeitsmarkt, Landwirtschaftliche Sachverständige;2026-07-24T08:00:00+02:00;2026-07-24T08:00:00+02:00;Jakob BauerCharlotte EcksteinDavid GutensohnMia JanzenAnne JeschkeJulian StahnkeJulius Tröger;;false
aa0c1f3928e9648dd556704181fb88921c850fffc45b6508fdf0cbc393937ba5;Wie viel man in der Landwirtschaft (mit Spezialisierung) verdient;https://www.zeit.de/arbeit/gehaltsvergleich-2026/gehaelter-vergleich-berufe-landwirtschaft-spezialisierung;Neue Daten zeigen, wie sich die Gehälter seit 2013 entwickelt haben. Und in welchen ähnlichen Berufen man mehr oder weniger verdient.;"Z+ (abopflichtiger Inhalt);
        
    Gehälter im Vergleich";Arbeit, Gehälter im Vergleich, Gehaltsunterschied, Gehalt, Arbeitsmarkt, Landwirtschaft (mit Spezialisierung);2026-07-24T08:00:00+02:00;2026-07-24T08:00:00+02:00;Jakob BauerCharlotte EcksteinDavid GutensohnMia JanzenAnne JeschkeJulian StahnkeJulius Tröger;;false
54b5eb5ab50fb5ec32d314780690e8c09ac14b066959cca81f8e8061e0568870;Wie viel man in der Lebensmittelherstellung verdient;https://www.zeit.de/arbeit/gehaltsvergleich-2026/gehaelter-vergleich-berufe-lebensmittelherstellung;Neue Daten zeigen, wie sich die Gehälter seit 2013 entwickelt haben. Und in welchen ähnlichen Berufen man mehr oder weniger verdient.;"Z+ (abopflichtiger Inhalt);
        
    Gehälter im Vergleich";Arbeit, Gehälter im Vergleich, Gehaltsunterschied, Gehalt, Arbeitsmarkt, Lebensmittelherstellung;2026-07-24T08:00:00+02:00;2026-07-24T08:00:00+02:00;Jakob BauerCharlotte EcksteinDavid GutensohnMia JanzenAnne JeschkeJulian StahnkeJulius Tröger;;false
ec4f16cd2abf68d27a65e810457594b6603a72ba3a78bf921019912bb74a8fec;Wie viel man in der Lebensmittelherstellung (mit Spezialisierung) verdient;https://www.zeit.de/arbeit/gehaltsvergleich-2026/gehaelter-vergleich-berufe-lebensmittelherstellung-spezialisierung;Neue Daten zeigen, wie sich die Gehälter seit 2013 entwickelt haben. Und in welchen ähnlichen Berufen man mehr oder weniger verdient.;"Z+ (abopflichtiger Inhalt);
        
    Gehälter im Vergleich";Arbeit, Gehälter im Vergleich, Gehaltsunterschied, Gehalt, Arbeitsmarkt, Lebensmittelherstellung (mit Spezialisierung);2026-07-24T08:00:00+02:00;2026-07-24T08:00:00+02:00;Jakob BauerCharlotte EcksteinDavid GutensohnMia JanzenAnne JeschkeJulian StahnkeJulius Tröger;;false
b4db891a111baa5913045836a96cb8c72704c2cd41c9b7fcbde609d528d91cd7;Wie viel man in der Lebensmittelkontrolle verdient;https://www.zeit.de/arbeit/gehaltsvergleich-2026/gehaelter-vergleich-berufe-lebensmittelkontrolle;Neue Daten zeigen, wie sich die Gehälter seit 2013 entwickelt haben. Und in welchen ähnlichen Berufen man mehr oder weniger verdient.;"Z+ (abopflichtiger Inhalt);
        
    Gehälter im Vergleich";Arbeit, Gehälter im Vergleich, Gehaltsunterschied, Gehalt, Arbeitsmarkt, Lebensmittelkontrolle;2026-07-24T08:00:00+02:00;2026-07-24T08:00:00+02:00;Jakob BauerCharlotte EcksteinDavid GutensohnMia JanzenAnne JeschkeJulian StahnkeJulius Tröger;;false
ce04d42f43e9a9617531393a4115f8ee28fe1a1f98e90ed05643a9abe14263eb;Wie viel man in der Lederherstellung verdient;https://www.zeit.de/arbeit/gehaltsvergleich-2026/gehaelter-vergleich-berufe-lederherstellung;Neue Daten zeigen, wie sich die Gehälter seit 2013 entwickelt haben. Und in welchen ähnlichen Berufen man mehr oder weniger verdient.;"Z+ (abopflichtiger Inhalt);
        
    Gehälter im Vergleich";Arbeit, Gehälter im Vergleich, Gehaltsunterschied, Gehalt, Arbeitsmarkt, Lederherstellung;2026-07-24T08:00:00+02:00;2026-07-24T08:00:00+02:00;Jakob BauerCharlotte EcksteinDavid GutensohnMia JanzenAnne JeschkeJulian StahnkeJulius Tröger;;false
d906e9aaa39ccda965084513009c2be8322cc8b64e3c474a77311f8ad42f5130;Wie viel man in der Leder- und Pelzherstellung und -verarbeitung verdient;https://www.zeit.de/arbeit/gehaltsvergleich-2026/gehaelter-vergleich-berufe-lederherstellung-pelzherstellung-lederverarbeitung-pelzverarbeitung;Neue Daten zeigen, wie sich die Gehälter seit 2013 entwickelt haben. Und in welchen ähnlichen Berufen man mehr oder weniger verdient.;"Z+ (abopflichtiger Inhalt);
        
    Gehälter im Vergleich";Arbeit, Gehälter im Vergleich, Gehaltsunterschied, Gehalt, Arbeitsmarkt, Leder-, Pelzherstellung und -verarbeitung;2026-07-24T08:00:00+02:00;2026-07-24T08:00:00+02:00;Jakob BauerCharlotte EcksteinDavid GutensohnMia JanzenAnne JeschkeJulian StahnkeJulius Tröger;;false
f58488a64d19d343aadae647b88849465154649d42f1db5739eb88e85641d336;Wie viel man als Lehrerin oder Lehrer für berufsbildende Fächer verdient;https://www.zeit.de/arbeit/gehaltsvergleich-2026/gehaelter-vergleich-berufe-lehrkraft-fuer-berufsbildende-faecher;Neue Daten zeigen, wie sich die Gehälter seit 2013 entwickelt haben. Und in welchen ähnlichen Berufen man mehr oder weniger verdient.;"Z+ (abopflichtiger Inhalt);
        
    Gehälter im Vergleich";Arbeit, Gehälter im Vergleich, Gehaltsunterschied, Gehalt, Arbeitsmarkt, Lehrerin oder Lehrer für berufsbildende Fächer;2026-07-24T08:00:00+02:00;2026-07-24T08:00:00+02:00;Jakob BauerCharlotte EcksteinDavid GutensohnMia JanzenAnne JeschkeJulian StahnkeJulius Tröger;;false
84327d4d938932227ac780d323ecc50ac4fa1eaa2bdd3f6eb3225244fa6cc837;Wie viel man als Lehrerin oder Lehrer in allgemeinbildenden Schulen (mit Spezialisierung) verdient;https://www.zeit.de/arbeit/gehaltsvergleich-2026/gehaelter-vergleich-berufe-lehrkraft-allgemeinbildene-schulen-spezialisierung;Neue Daten zeigen, wie sich die Gehälter seit 2013 entwickelt haben. Und in welchen ähnlichen Berufen man mehr oder weniger verdient.;"Z+ (abopflichtiger Inhalt);
        
    Gehälter im Vergleich";Arbeit, Gehälter im Vergleich, Gehaltsunterschied, Gehalt, Arbeitsmarkt, Lehrerin oder Lehrer in allgemeinbildenden Schulen (mit Spezialisierung);2026-07-24T08:00:00+02:00;2026-07-24T08:00:00+02:00;Jakob BauerCharlotte EcksteinDavid GutensohnMia JanzenAnne JeschkeJulian StahnkeJulius Tröger;;false
aa6e1b292176ec269dc2704b8866618fff8f95fc70064f46acab929faa5c04ef;Wie viel leitende Bedienstete von Interessenorganisationen verdienen;https://www.zeit.de/arbeit/gehaltsvergleich-2026/gehaelter-vergleich-berufe-leitende-bedienstete-von-interessenorganisationen;Neue Daten zeigen, wie sich die Gehälter seit 2013 entwickelt haben. Und in welchen ähnlichen Berufen man mehr oder weniger verdient.;"Z+ (abopflichtiger Inhalt);
        
    Gehälter im Vergleich";Arbeit, Gehälter im Vergleich, Gehaltsunterschied, Gehalt, Arbeitsmarkt, Leitende Bedienstete von Interessenorganisationen;2026-07-24T08:00:00+02:00;2026-07-24T08:00:00+02:00;Jakob BauerCharlotte EcksteinDavid GutensohnMia JanzenAnne JeschkeJulian StahnkeJulius Tröger;;false
f4a5a45a30cfca31d7869e070acf2365a60ec1fb10c373f3194c57c016fe2057;Wie viel man als Lehrerin oder Lehrer an Förderschulen verdient;https://www.zeit.de/arbeit/gehaltsvergleich-2026/gehaelter-vergleich-berufe-lehrkraft-foerderschule;Neue Daten zeigen, wie sich die Gehälter seit 2013 entwickelt haben. Und in welchen ähnlichen Berufen man mehr oder weniger verdient.;"Z+ (abopflichtiger Inhalt);
        
    Gehälter im Vergleich";Arbeit, Gehälter im Vergleich, Gehaltsunterschied, Gehalt, Arbeitsmarkt, Lehrerin oder Lehrer an Förderschulen;2026-07-24T08:00:00+02:00;2026-07-24T08:00:00+02:00;Jakob BauerCharlotte EcksteinDavid GutensohnMia JanzenAnne JeschkeJulian StahnkeJulius Tröger;;false
f3ee0ef362af1cb8ce85d18c1a792a3c03820c8d90561b30a66006a3583572f3;Wie viel man als Lehrerin oder Lehrer in außerschulischen Bildungseinrichtungen (mit Spezialisierung) verdient;https://www.zeit.de/arbeit/gehaltsvergleich-2026/gehaelter-vergleich-berufe-lehrkraft-ausserschulische-bildungseinrichtungen-spezialisierung;Neue Daten zeigen, wie sich die Gehälter seit 2013 entwickelt haben. Und in welchen ähnlichen Berufen man mehr oder weniger verdient.;"Z+ (abopflichtiger Inhalt);
        
    Gehälter im Vergleich";Arbeit, Gehälter im Vergleich, Gehaltsunterschied, Gehalt, Arbeitsmarkt, Lehrerin oder Lehrer an außerschulischen Bildungseinrichtungen (mit Spezialisierung);2026-07-24T08:00:00+02:00;2026-07-24T08:00:00+02:00;Jakob BauerCharlotte EcksteinDavid GutensohnMia JanzenAnne JeschkeJulian StahnkeJulius Tröger;;false
cf63b02d3a0eb45fe1fa5398b93ecf1f72e925e1df75dfafc3ae6c9ebf3b6003;Wie viel man in der Lehrerausbildung verdient;https://www.zeit.de/arbeit/gehaltsvergleich-2026/gehaelter-vergleich-berufe-lehrerausbildung;Neue Daten zeigen, wie sich die Gehälter seit 2013 entwickelt haben. Und in welchen ähnlichen Berufen man mehr oder weniger verdient.;"Z+ (abopflichtiger Inhalt);
        
    Gehälter im Vergleich";Arbeit, Gehälter im Vergleich, Gehaltsunterschied, Gehalt, Arbeitsmarkt, Lehrerausbildung;2026-07-24T08:00:00+02:00;2026-07-24T08:00:00+02:00;Jakob BauerCharlotte EcksteinDavid GutensohnMia JanzenAnne JeschkeJulian StahnkeJulius Tröger;;false
16d822c1bbf2f1908b00cfe4fa89391fbdf2ce8b90802e0ba154e6aa5eafb1a1;Wie viel man als Lehrerin oder Lehrer in der Sekundarstufe verdient;https://www.zeit.de/arbeit/gehaltsvergleich-2026/gehaelter-vergleich-berufe-lehrkraft-sekundarstufe;Neue Daten zeigen, wie sich die Gehälter seit 2013 entwickelt haben. Und in welchen ähnlichen Berufen man mehr oder weniger verdient.;"Z+ (abopflichtiger Inhalt);
        
    Gehälter im Vergleich";Arbeit, Gehälter im Vergleich, Gehaltsunterschied, Gehalt, Arbeitsmarkt, Lehrerin oder Lehrer in der Sekundarstufe;2026-07-24T08:00:00+02:00;2026-07-24T08:00:00+02:00;Jakob BauerCharlotte EcksteinDavid GutensohnMia JanzenAnne JeschkeJulian StahnkeJulius Tröger;;false
333b87c5a22712a4fafaa898bc872d208f9d1d899a6556b03145d66a7960e9bd;Wie viel man als Lektorin oder Lektor verdient;https://www.zeit.de/arbeit/gehaltsvergleich-2026/gehaelter-vergleich-berufe-lektorin-lektor;Neue Daten zeigen, wie sich die Gehälter seit 2013 entwickelt haben. Und in welchen ähnlichen Berufen man mehr oder weniger verdient.;"Z+ (abopflichtiger Inhalt);
        
    Gehälter im Vergleich";Arbeit, Gehälter im Vergleich, Gehaltsunterschied, Gehalt, Arbeitsmarkt, Lektorin oder Lektor;2026-07-24T08:00:00+02:00;2026-07-24T08:00:00+02:00;Jakob BauerCharlotte EcksteinDavid GutensohnMia JanzenAnne JeschkeJulian StahnkeJulius Tröger;;false
323c3ba2f3ba7b478de1e4cf34fd37f14cb9e1cec8a44b26c9744e0904a14341;Wie viel man in der Luft- und Raumfahrttechnik verdient;https://www.zeit.de/arbeit/gehaltsvergleich-2026/gehaelter-vergleich-berufe-luftfahrttechnik-raumfahrttechnik;Neue Daten zeigen, wie sich die Gehälter seit 2013 entwickelt haben. Und in welchen ähnlichen Berufen man mehr oder weniger verdient.;"Z+ (abopflichtiger Inhalt);
        
    Gehälter im Vergleich";Arbeit, Gehälter im Vergleich, Gehaltsunterschied, Gehalt, Arbeitsmarkt, Luft- und Raumfahrttechnik;2026-07-24T08:00:00+02:00;2026-07-24T08:00:00+02:00;Jakob BauerCharlotte EcksteinDavid GutensohnMia JanzenAnne JeschkeJulian StahnkeJulius Tröger;;false
0f168a520769e4692c47b2123c50012d1083b91e97141ef184cb4fdafda4bb00;Wie viel man in der Luftverkehrs-, Schiff- und Fahrzeugelektronik verdient;https://www.zeit.de/arbeit/gehaltsvergleich-2026/gehaelter-vergleich-berufe-luftverkehrselektronik-schiffelektronik-fahrzeugelektronik;Neue Daten zeigen, wie sich die Gehälter seit 2013 entwickelt haben. Und in welchen ähnlichen Berufen man mehr oder weniger verdient.;"Z+ (abopflichtiger Inhalt);
        
    Gehälter im Vergleich";Arbeit, Gehälter im Vergleich, Gehaltsunterschied, Gehalt, Arbeitsmarkt, Luftverkehrs-, Schiff- und Fahrzeugelektronik;2026-07-24T08:00:00+02:00;2026-07-24T08:00:00+02:00;Jakob BauerCharlotte EcksteinDavid GutensohnMia JanzenAnne JeschkeJulian StahnkeJulius Tröger;;false
2486203f703f9435a84af953a1cb8d5ee04112e2d1dcd18174d5d0be0b717f98;Wie viel man in der Leitungsinstallation und -wartung verdient;https://www.zeit.de/arbeit/gehaltsvergleich-2026/gehaelter-vergleich-berufe-leitungsinstallation-leitungswartung;Neue Daten zeigen, wie sich die Gehälter seit 2013 entwickelt haben. Und in welchen ähnlichen Berufen man mehr oder weniger verdient.;"Z+ (abopflichtiger Inhalt);
        
    Gehälter im Vergleich";Arbeit, Gehälter im Vergleich, Gehaltsunterschied, Gehalt, Arbeitsmarkt, Leitungsinstallation und -wartung;2026-07-24T08:00:00+02:00;2026-07-24T08:00:00+02:00;Jakob BauerCharlotte EcksteinDavid GutensohnMia JanzenAnne JeschkeJulian StahnkeJulius Tröger;;false
d2ed459135350c61b43ba27dd643e8faca38090f3b24a9ee6d4a3e0dff98c4c0;Wie viel man als Luftverkehrskauffrau oder -kaufmann verdient;https://www.zeit.de/arbeit/gehaltsvergleich-2026/gehaelter-vergleich-berufe-luftverkehrskauffrau-luftverkehrskaufmann;Neue Daten zeigen, wie sich die Gehälter seit 2013 entwickelt haben. Und in welchen ähnlichen Berufen man mehr oder weniger verdient.;"Z+ (abopflichtiger Inhalt);
        
    Gehälter im Vergleich";Arbeit, Gehälter im Vergleich, Gehaltsunterschied, Gehalt, Arbeitsmarkt, Luftverkehrskauffrau oder -mann;2026-07-24T08:00:00+02:00;2026-07-24T08:00:00+02:00;Jakob BauerCharlotte EcksteinDavid GutensohnMia JanzenAnne JeschkeJulian StahnkeJulius Tröger;;false
34ac46d87e8eedd08794b67e9d199764187fda389b49bb9f99b8384c71b22a55;Wie viel man in der Markt- und Meinungsforschung verdient;https://www.zeit.de/arbeit/gehaltsvergleich-2026/gehaelter-vergleich-berufe-marktforschung-meinungsforschung;Neue Daten zeigen, wie sich die Gehälter seit 2013 entwickelt haben. Und in welchen ähnlichen Berufen man mehr oder weniger verdient.;"Z+ (abopflichtiger Inhalt);
        
    Gehälter im Vergleich";Arbeit, Gehälter im Vergleich, Gehaltsunterschied, Gehalt, Arbeitsmarkt, Markt- und Meinungsforschung;2026-07-24T08:00:00+02:00;2026-07-24T08:00:00+02:00;Jakob BauerCharlotte EcksteinDavid GutensohnMia JanzenAnne JeschkeJulian StahnkeJulius Tröger;;false
49bbbe2e19808a445c37a0a0d279215328968aa8af92c054101947e1a267c900;Wie viel man als Führungskraft für Malerei- und Stuckarbeiten, Bauwerksabdichtungen und Bautenschutz verdient;https://www.zeit.de/arbeit/gehaltsvergleich-2026/gehaelter-vergleich-berufe-malerei-stuckarbeiten-bauwerksabdichtungen-bautenschutz-fuehrungskraft;Neue Daten zeigen, wie sich die Gehälter seit 2013 entwickelt haben. Und in welchen ähnlichen Berufen man mehr oder weniger verdient.;"Z+ (abopflichtiger Inhalt);
        
    Gehälter im Vergleich";Arbeit, Gehälter im Vergleich, Gehaltsunterschied, Gehalt, Arbeitsmarkt, Malerei- und Stuckarbeiten, Bauwerksabdichtungen und Bautenschutz (Führungskraft);2026-07-24T08:00:00+02:00;2026-07-24T08:00:00+02:00;Jakob BauerCharlotte EcksteinDavid GutensohnMia JanzenAnne JeschkeJulian StahnkeJulius Tröger;;false
1f02194d6854155fc89b953043395babaf8fda9b3568ac4a3ba05ca9c092c410;Wie viel man als Malerin oder Maler und Lackiererin oder Lackierer verdient;https://www.zeit.de/arbeit/gehaltsvergleich-2026/gehaelter-vergleich-berufe-malerin-maler-lackierer-lackiererin;Neue Daten zeigen, wie sich die Gehälter seit 2013 entwickelt haben. Und in welchen ähnlichen Berufen man mehr oder weniger verdient.;"Z+ (abopflichtiger Inhalt);
        
    Gehälter im Vergleich";Arbeit, Gehälter im Vergleich, Gehaltsunterschied, Gehalt, Arbeitsmarkt, Malerin oder Maler und Lackiererin oder Lackierer ;2026-07-24T08:00:00+02:00;2026-07-24T08:00:00+02:00;Jakob BauerCharlotte EcksteinDavid GutensohnMia JanzenAnne JeschkeJulian StahnkeJulius Tröger;;false
da980d26c5084000ae931e21394cc2b341dd15a15677477274f05f80814899f7;Wie viel man in der Maschinenbau- und Betriebstechnik verdient;https://www.zeit.de/arbeit/gehaltsvergleich-2026/gehaelter-vergleich-berufe-maschinenbautechnik-betriebstechnik;Neue Daten zeigen, wie sich die Gehälter seit 2013 entwickelt haben. Und in welchen ähnlichen Berufen man mehr oder weniger verdient.;"Z+ (abopflichtiger Inhalt);
        
    Gehälter im Vergleich";Arbeit, Gehälter im Vergleich, Gehaltsunterschied, Gehalt, Arbeitsmarkt, Maschinenbau- und Betriebstechnik;2026-07-24T08:00:00+02:00;2026-07-24T08:00:00+02:00;Jakob BauerCharlotte EcksteinDavid GutensohnMia JanzenAnne JeschkeJulian StahnkeJulius Tröger;;false
d27261f492fd01a66d4f61535817a6a2e3e1082edb00301ae37542e5e7fb7fc4;Wie viel man als Führungskraft in der Maschinenbau- und Betriebstechnik verdient;https://www.zeit.de/arbeit/gehaltsvergleich-2026/gehaelter-vergleich-berufe-maschinenbautechnik-betriebstechnik-fuehrungskraft;Neue Daten zeigen, wie sich die Gehälter seit 2013 entwickelt haben. Und in welchen ähnlichen Berufen man mehr oder weniger verdient.;"Z+ (abopflichtiger Inhalt);
        
    Gehälter im Vergleich";Arbeit, Gehälter im Vergleich, Gehaltsunterschied, Gehalt, Arbeitsmarkt, Maschinenbau- und Betriebstechnik (Führungskraft);2026-07-24T08:00:00+02:00;2026-07-24T08:00:00+02:00;Jakob BauerCharlotte EcksteinDavid GutensohnMia JanzenAnne JeschkeJulian StahnkeJulius Tröger;;false
47382b561b0f59a657a1a82d89f8da8077d27ea553ffc8941e4c1f93df94a203;Wie viel man in der Maschinenbau- und Betriebstechnik (mit Spezialisierung) verdient;https://www.zeit.de/arbeit/gehaltsvergleich-2026/gehaelter-vergleich-berufe-maschinenbautechnik-betriebstechnik-spezialisierung;Neue Daten zeigen, wie sich die Gehälter seit 2013 entwickelt haben. Und in welchen ähnlichen Berufen man mehr oder weniger verdient.;"Z+ (abopflichtiger Inhalt);
        
    Gehälter im Vergleich";Arbeit, Gehälter im Vergleich, Gehaltsunterschied, Gehalt, Arbeitsmarkt, Maschinenbau- und Betriebstechnik (mit Spezialisierung);2026-07-24T08:00:00+02:00;2026-07-24T08:00:00+02:00;Jakob BauerCharlotte EcksteinDavid GutensohnMia JanzenAnne JeschkeJulian StahnkeJulius Tröger;;false
b71f487a969bf5d69d5f89328cfe0fd7ab1d5f2cf1135198a5019b05ea9872e9;Wie viel man als Maschinen- und Anlagenführerin oder -führer verdient;https://www.zeit.de/arbeit/gehaltsvergleich-2026/gehaelter-vergleich-berufe-maschinenfuehrerin-maschinenfuehrer-anlagenfuehrerin-anlagenfuehrer;Neue Daten zeigen, wie sich die Gehälter seit 2013 entwickelt haben. Und in welchen ähnlichen Berufen man mehr oder weniger verdient.;"Z+ (abopflichtiger Inhalt);
        
    Gehälter im Vergleich";Arbeit, Gehälter im Vergleich, Gehaltsunterschied, Gehalt, Arbeitsmarkt, Maschinen- und Anlagenführerin oder -führer;2026-07-24T08:00:00+02:00;2026-07-24T08:00:00+02:00;Jakob BauerCharlotte EcksteinDavid GutensohnMia JanzenAnne JeschkeJulian StahnkeJulius Tröger;;false
b63af9d61a9616d7d10c9b885b89abb1f280ff7f80ce4153f568a00e49dfcf0f;Wie viel man in der Maschinen- und Anlagenreinigung verdient;https://www.zeit.de/arbeit/gehaltsvergleich-2026/gehaelter-vergleich-berufe-maschinenreinigung-anlagenreinigung;Neue Daten zeigen, wie sich die Gehälter seit 2013 entwickelt haben. Und in welchen ähnlichen Berufen man mehr oder weniger verdient.;"Z+ (abopflichtiger Inhalt);
        
    Gehälter im Vergleich";Arbeit, Gehälter im Vergleich, Gehaltsunterschied, Gehalt, Arbeitsmarkt, Maschinen- und Anlagenreinigung;2026-07-24T08:00:00+02:00;2026-07-24T08:00:00+02:00;Jakob BauerCharlotte EcksteinDavid GutensohnMia JanzenAnne JeschkeJulian StahnkeJulius Tröger;;false
c6f6a4c04feab6229f4da8f4f47e1c71fd6aac172be7d90ef52e39f7b62822ab;Wie viel man in der Mathematik verdient;https://www.zeit.de/arbeit/gehaltsvergleich-2026/gehaelter-vergleich-berufe-mathematik;Neue Daten zeigen, wie sich die Gehälter seit 2013 entwickelt haben. Und in welchen ähnlichen Berufen man mehr oder weniger verdient.;"Z+ (abopflichtiger Inhalt);
        
    Gehälter im Vergleich";Arbeit, Gehälter im Vergleich, Gehaltsunterschied, Gehalt, Arbeitsmarkt, Mathematik;2026-07-24T08:00:00+02:00;2026-07-24T08:00:00+02:00;Jakob BauerCharlotte EcksteinDavid GutensohnMia JanzenAnne JeschkeJulian StahnkeJulius Tröger;;false
9606261f7088ac2f3f7364767a4062f37bffb78c5d3050aea15a06da399e71e2;Wie viel man als Maschinen- und Gerätezusammensetzerin oder -setzer verdient;https://www.zeit.de/arbeit/gehaltsvergleich-2026/gehaelter-vergleich-berufe-maschinenzusammensetzerin-maschinenzusammensetzer-geraetezusammensetzerin-geraetezusammensetzer;Neue Daten zeigen, wie sich die Gehälter seit 2013 entwickelt haben. Und in welchen ähnlichen Berufen man mehr oder weniger verdient.;"Z+ (abopflichtiger Inhalt);
        
    Gehälter im Vergleich";Arbeit, Gehälter im Vergleich, Gehaltsunterschied, Gehalt, Arbeitsmarkt, Maschinen- und Gerätezusammensetzerin oder -setzer;2026-07-24T08:00:00+02:00;2026-07-24T08:00:00+02:00;Jakob BauerCharlotte EcksteinDavid GutensohnMia JanzenAnne JeschkeJulian StahnkeJulius Tröger;;false
3b66016f5e38933755d795175a23670a68fb62c88f3f550b3bda7a870bc5d2e6;Wie viel man in der Maskenbildnerei verdient;https://www.zeit.de/arbeit/gehaltsvergleich-2026/gehaelter-vergleich-berufe-maskenbildnerei;Neue Daten zeigen, wie sich die Gehälter seit 2013 entwickelt haben. Und in welchen ähnlichen Berufen man mehr oder weniger verdient.;"Z+ (abopflichtiger Inhalt);
        
    Gehälter im Vergleich";Arbeit, Gehälter im Vergleich, Gehaltsunterschied, Gehalt, Arbeitsmarkt, Maskenbildnerei;2026-07-24T08:00:00+02:00;2026-07-24T08:00:00+02:00;Jakob BauerCharlotte EcksteinDavid GutensohnMia JanzenAnne JeschkeJulian StahnkeJulius Tröger;;false
5d7a1b1c3c0d8a9edf88d060caaca99608ffa0d2acfef4bcffc760a1a3d4fd08;Wie viel man in der Mathematik (mit Spezialisierung) verdient;https://www.zeit.de/arbeit/gehaltsvergleich-2026/gehaelter-vergleich-berufe-mathematik-spezialisierung;Neue Daten zeigen, wie sich die Gehälter seit 2013 entwickelt haben. Und in welchen ähnlichen Berufen man mehr oder weniger verdient.;"Z+ (abopflichtiger Inhalt);
        
    Gehälter im Vergleich";Arbeit, Gehälter im Vergleich, Gehaltsunterschied, Gehalt, Arbeitsmarkt, Mathematik (mit Spezialisierung);2026-07-24T08:00:00+02:00;2026-07-24T08:00:00+02:00;Jakob BauerCharlotte EcksteinDavid GutensohnMia JanzenAnne JeschkeJulian StahnkeJulius Tröger;;false
6a8caf438f689f4d0458fdebc26e5d86dff8c8d9fc9c281ad60a0872bbb3e68e;Wie viel man im Maurerhandwerk verdient;https://www.zeit.de/arbeit/gehaltsvergleich-2026/gehaelter-vergleich-berufe-maurerhandwerk;Neue Daten zeigen, wie sich die Gehälter seit 2013 entwickelt haben. Und in welchen ähnlichen Berufen man mehr oder weniger verdient.;"Z+ (abopflichtiger Inhalt);
        
    Gehälter im Vergleich";Arbeit, Gehälter im Vergleich, Gehaltsunterschied, Gehalt, Arbeitsmarkt, Maurerhandwerk;2026-07-24T08:00:00+02:00;2026-07-24T08:00:00+02:00;Jakob BauerCharlotte EcksteinDavid GutensohnMia JanzenAnne JeschkeJulian StahnkeJulius Tröger;;false
63e99f8185b73800fe2928103d9e9355f40d96e01e6751b17858a9fcaadc9485;Wie viel man als Führungskraft in der Mechatronik und Automatisierungstechnik verdient;https://www.zeit.de/arbeit/gehaltsvergleich-2026/gehaelter-vergleich-berufe-mechatronik-automatisierungstechnik-fuehrungskraft;Neue Daten zeigen, wie sich die Gehälter seit 2013 entwickelt haben. Und in welchen ähnlichen Berufen man mehr oder weniger verdient.;"Z+ (abopflichtiger Inhalt);
        
    Gehälter im Vergleich";Arbeit, Gehälter im Vergleich, Gehaltsunterschied, Gehalt, Arbeitsmarkt, Mechatronik und Automatisierungstechnik (Führungskraft);2026-07-24T08:00:00+02:00;2026-07-24T08:00:00+02:00;Jakob BauerCharlotte EcksteinDavid GutensohnMia JanzenAnne JeschkeJulian StahnkeJulius Tröger;;false
3ad9f13224e6b161f4c146ba15d1f3390d461255043ba628f0c8be7da7af0db5;Wie viel man in der medizinischen Dokumentation verdient;https://www.zeit.de/arbeit/gehaltsvergleich-2026/gehaelter-vergleich-berufe-medizinische-dokumentation;Neue Daten zeigen, wie sich die Gehälter seit 2013 entwickelt haben. Und in welchen ähnlichen Berufen man mehr oder weniger verdient.;"Z+ (abopflichtiger Inhalt);
        
    Gehälter im Vergleich";Arbeit, Gehälter im Vergleich, Gehaltsunterschied, Gehalt, Arbeitsmarkt, Medizinische Dokumentation;2026-07-24T08:00:00+02:00;2026-07-24T08:00:00+02:00;Jakob BauerCharlotte EcksteinDavid GutensohnMia JanzenAnne JeschkeJulian StahnkeJulius Tröger;;false
aea1ab88be84c47ac27474b9bdc9952f4de5b74ccd8e7cd8acda01f5626f72d8;Wie viel man in der Mechatronik verdient;https://www.zeit.de/arbeit/gehaltsvergleich-2026/gehaelter-vergleich-berufe-mechatronik;Neue Daten zeigen, wie sich die Gehälter seit 2013 entwickelt haben. Und in welchen ähnlichen Berufen man mehr oder weniger verdient.;"Z+ (abopflichtiger Inhalt);
        
    Gehälter im Vergleich";Arbeit, Gehälter im Vergleich, Gehaltsunterschied, Gehalt, Arbeitsmarkt, Mechatronik;2026-07-24T08:00:00+02:00;2026-07-24T08:00:00+02:00;Jakob BauerCharlotte EcksteinDavid GutensohnMia JanzenAnne JeschkeJulian StahnkeJulius Tröger;;false
aa21bc0b546287aea687706488eb02bb1d58190b2fe9cce0a8679c48f730bc3f;Wie viel man als Führungskraft im Medien-, Dokumentations- und Informationsdienst verdient;https://www.zeit.de/arbeit/gehaltsvergleich-2026/gehaelter-vergleich-berufe-mediendienst-dokumentationsdienst-informationsdienst-fuehrungskraft;Neue Daten zeigen, wie sich die Gehälter seit 2013 entwickelt haben. Und in welchen ähnlichen Berufen man mehr oder weniger verdient.;"Z+ (abopflichtiger Inhalt);
        
    Gehälter im Vergleich";Arbeit, Gehälter im Vergleich, Gehaltsunterschied, Gehalt, Arbeitsmarkt, Medien-, Dokumentations- und Informationsdienst (Führungskraft);2026-07-24T08:00:00+02:00;2026-07-24T08:00:00+02:00;Jakob BauerCharlotte EcksteinDavid GutensohnMia JanzenAnne JeschkeJulian StahnkeJulius Tröger;;false
cdfbb16a91345487104d90405dfb92af0dd24fe7076c0253b609ffe9ef040229;Wie viel man in der Medieninformatik verdient;https://www.zeit.de/arbeit/gehaltsvergleich-2026/gehaelter-vergleich-berufe-medieninformatik;Neue Daten zeigen, wie sich die Gehälter seit 2013 entwickelt haben. Und in welchen ähnlichen Berufen man mehr oder weniger verdient.;"Z+ (abopflichtiger Inhalt);
        
    Gehälter im Vergleich";Arbeit, Gehälter im Vergleich, Gehaltsunterschied, Gehalt, Arbeitsmarkt, Medieninformatik;2026-07-24T08:00:00+02:00;2026-07-24T08:00:00+02:00;Jakob BauerCharlotte EcksteinDavid GutensohnMia JanzenAnne JeschkeJulian StahnkeJulius Tröger;;false
0336868d52c74a1f6699ab9288f11f041d66c2a1dcaaa4b282b255e0bf51a894;Wie viel man in der medizin-technischen Funktionsdiagnostik verdient;https://www.zeit.de/arbeit/gehaltsvergleich-2026/gehaelter-vergleich-berufe-medizin-technische-funktionsdiagnostik;Neue Daten zeigen, wie sich die Gehälter seit 2013 entwickelt haben. Und in welchen ähnlichen Berufen man mehr oder weniger verdient.;"Z+ (abopflichtiger Inhalt);
        
    Gehälter im Vergleich";Arbeit, Gehälter im Vergleich, Gehaltsunterschied, Gehalt, Arbeitsmarkt, Medizin-technische Funktionsdiagnostik;2026-07-24T08:00:00+02:00;2026-07-24T08:00:00+02:00;Jakob BauerCharlotte EcksteinDavid GutensohnMia JanzenAnne JeschkeJulian StahnkeJulius Tröger;;false
ccbf2b87ee9b22506b2f27aa27012be6512e1113f27f8800419884bdde06bb86;Wie viel man in der Medien- und Theaterwissenschaft verdient;https://www.zeit.de/arbeit/gehaltsvergleich-2026/gehaelter-vergleich-berufe-medienwissenschaft-theaterwissenschaft;Neue Daten zeigen, wie sich die Gehälter seit 2013 entwickelt haben. Und in welchen ähnlichen Berufen man mehr oder weniger verdient.;"Z+ (abopflichtiger Inhalt);
        
    Gehälter im Vergleich";Arbeit, Gehälter im Vergleich, Gehaltsunterschied, Gehalt, Arbeitsmarkt, Medien- und Theaterwissenschaft;2026-07-24T08:00:00+02:00;2026-07-24T08:00:00+02:00;Jakob BauerCharlotte EcksteinDavid GutensohnMia JanzenAnne JeschkeJulian StahnkeJulius Tröger;;false
3d2b1e0c44c9702378d427a2ab3182a3edf98b02fb6de73414ec52359088d4ad;Wie viel man in der medizinisch-technischen Radiologie verdient;https://www.zeit.de/arbeit/gehaltsvergleich-2026/gehaelter-vergleich-berufe-medizinisch-technische-radiologie;Neue Daten zeigen, wie sich die Gehälter seit 2013 entwickelt haben. Und in welchen ähnlichen Berufen man mehr oder weniger verdient.;"Z+ (abopflichtiger Inhalt);
        
    Gehälter im Vergleich";Arbeit, Gehälter im Vergleich, Gehaltsunterschied, Gehalt, Arbeitsmarkt, Medizinisch-technische Radiologie;2026-07-24T08:00:00+02:00;2026-07-24T08:00:00+02:00;Jakob BauerCharlotte EcksteinDavid GutensohnMia JanzenAnne JeschkeJulian StahnkeJulius Tröger;;false
cf2d3fbb13e8fa59fdbb32178883197473a3b6b68fb9d6d333d3de933701cf1a;Wie viel medizinische Fachangestellte verdienen;https://www.zeit.de/arbeit/gehaltsvergleich-2026/gehaelter-vergleich-berufe-medizinische-fachangestellte;Neue Daten zeigen, wie sich die Gehälter seit 2013 entwickelt haben. Und in welchen ähnlichen Berufen man mehr oder weniger verdient.;"Z+ (abopflichtiger Inhalt);
        
    Gehälter im Vergleich";Arbeit, Gehälter im Vergleich, Gehaltsunterschied, Gehalt, Arbeitsmarkt, Medizinische Fachangestellte;2026-07-24T08:00:00+02:00;2026-07-24T08:00:00+02:00;Jakob BauerCharlotte EcksteinDavid GutensohnMia JanzenAnne JeschkeJulian StahnkeJulius Tröger;;false
ac8a391bc9dbc5ebfef03b1ba6bfc79c581534389e70bfec30e63e92aeafd534;Wie viel man in Berufen im medizinisch-technischen Laboratorium verdient;https://www.zeit.de/arbeit/gehaltsvergleich-2026/gehaelter-vergleich-berufe-medizinisch-technisches-laboratorium;Neue Daten zeigen, wie sich die Gehälter seit 2013 entwickelt haben. Und in welchen ähnlichen Berufen man mehr oder weniger verdient.;"Z+ (abopflichtiger Inhalt);
        
    Gehälter im Vergleich";Arbeit, Gehälter im Vergleich, Gehaltsunterschied, Gehalt, Arbeitsmarkt, Berufe im medizinisch-technischen Laboratorium;2026-07-24T08:00:00+02:00;2026-07-24T08:00:00+02:00;Jakob BauerCharlotte EcksteinDavid GutensohnMia JanzenAnne JeschkeJulian StahnkeJulius Tröger;;false
5bb993636e04a10ffe21b1fa7cbbf08ef4f3039e470694f95b4c7b77c3527767;Wie viel medizinische Fachangestellte (mit Spezialisierung) verdienen;https://www.zeit.de/arbeit/gehaltsvergleich-2026/gehaelter-vergleich-berufe-medizinische-fachangestellte-spezialisierung;Neue Daten zeigen, wie sich die Gehälter seit 2013 entwickelt haben. Und in welchen ähnlichen Berufen man mehr oder weniger verdient.;"Z+ (abopflichtiger Inhalt);
        
    Gehälter im Vergleich";Arbeit, Gehälter im Vergleich, Gehaltsunterschied, Gehalt, Arbeitsmarkt, Medizinische Fachangestellte (mit Spezialisierung);2026-07-24T08:00:00+02:00;2026-07-24T08:00:00+02:00;Jakob BauerCharlotte EcksteinDavid GutensohnMia JanzenAnne JeschkeJulian StahnkeJulius Tröger;;false
36fab0a7126c06eafb0f1ce2f7a2cf8655f67a7f71a2f7eb1bce94860b22f36c;Wie viel man im Metallbau verdient;https://www.zeit.de/arbeit/gehaltsvergleich-2026/gehaelter-vergleich-berufe-metallbau;Neue Daten zeigen, wie sich die Gehälter seit 2013 entwickelt haben. Und in welchen ähnlichen Berufen man mehr oder weniger verdient.;"Z+ (abopflichtiger Inhalt);
        
    Gehälter im Vergleich";Arbeit, Gehälter im Vergleich, Gehaltsunterschied, Gehalt, Arbeitsmarkt, Metallbau;2026-07-24T08:00:00+02:00;2026-07-24T08:00:00+02:00;Jakob BauerCharlotte EcksteinDavid GutensohnMia JanzenAnne JeschkeJulian StahnkeJulius Tröger;;false
b84719d09db8243fe051cb02d2617fb632f8ba9114946a28147054095bebbe43;Wie viel man als Führungskraft in der Medizin-, Orthopädie- und Rehatechnik verdient;https://www.zeit.de/arbeit/gehaltsvergleich-2026/gehaelter-vergleich-berufe-medizintechni-orthopaedietechnik-rehatechnik-fuehrungskraft;Neue Daten zeigen, wie sich die Gehälter seit 2013 entwickelt haben. Und in welchen ähnlichen Berufen man mehr oder weniger verdient.;"Z+ (abopflichtiger Inhalt);
        
    Gehälter im Vergleich";Arbeit, Gehälter im Vergleich, Gehaltsunterschied, Gehalt, Arbeitsmarkt, Medizin-, Orthopädie- und Rehatechnik (Führungskraft);2026-07-24T08:00:00+02:00;2026-07-24T08:00:00+02:00;Jakob BauerCharlotte EcksteinDavid GutensohnMia JanzenAnne JeschkeJulian StahnkeJulius Tröger;;false
63739c8e6efeb3e72eec13974a5f43768a701bbd1db714bc6220c0d40a41f707;Wie viel man in der Medizintechnik verdient;https://www.zeit.de/arbeit/gehaltsvergleich-2026/gehaelter-vergleich-berufe-medizintechnik;Neue Daten zeigen, wie sich die Gehälter seit 2013 entwickelt haben. Und in welchen ähnlichen Berufen man mehr oder weniger verdient.;"Z+ (abopflichtiger Inhalt);
        
    Gehälter im Vergleich";Arbeit, Gehälter im Vergleich, Gehaltsunterschied, Gehalt, Arbeitsmarkt, Medizintechnik;2026-07-24T08:00:00+02:00;2026-07-24T08:00:00+02:00;Jakob BauerCharlotte EcksteinDavid GutensohnMia JanzenAnne JeschkeJulian StahnkeJulius Tröger;;false
63eb31c11d362ff4fc7711e1166432f84d1ca570d425ad8100739fce2ce8ff31;Wie viel man als Führungskraft in Metallbau und Schweißtechnik verdient;https://www.zeit.de/arbeit/gehaltsvergleich-2026/gehaelter-vergleich-berufe-metallbau-schweisstechnik-fuehrungskraft;Neue Daten zeigen, wie sich die Gehälter seit 2013 entwickelt haben. Und in welchen ähnlichen Berufen man mehr oder weniger verdient.;"Z+ (abopflichtiger Inhalt);
        
    Gehälter im Vergleich";Arbeit, Gehälter im Vergleich, Gehaltsunterschied, Gehalt, Arbeitsmarkt, Metallbau und Schweißtechnik (Führungskraft);2026-07-24T08:00:00+02:00;2026-07-24T08:00:00+02:00;Jakob BauerCharlotte EcksteinDavid GutensohnMia JanzenAnne JeschkeJulian StahnkeJulius Tröger;;false
3dd10903b044da57d62ce10f32c8d06de6b07a57aeeec2bbcdb0fbf0cdaefd46;Wie viel man im Modellbau verdient;https://www.zeit.de/arbeit/gehaltsvergleich-2026/gehaelter-vergleich-berufe-modellbau;Neue Daten zeigen, wie sich die Gehälter seit 2013 entwickelt haben. Und in welchen ähnlichen Berufen man mehr oder weniger verdient.;"Z+ (abopflichtiger Inhalt);
        
    Gehälter im Vergleich";Arbeit, Gehälter im Vergleich, Gehaltsunterschied, Gehalt, Arbeitsmarkt, Modellbau;2026-07-24T08:00:00+02:00;2026-07-24T08:00:00+02:00;Jakob BauerCharlotte EcksteinDavid GutensohnMia JanzenAnne JeschkeJulian StahnkeJulius Tröger;;false
1d8bb1f26e1212a78fba4e5f8300e4832eaeb6f723af541051431ad4ed463005;Wie viel man in der Metallbearbeitung durch Laserstrahl verdient;https://www.zeit.de/arbeit/gehaltsvergleich-2026/gehaelter-vergleich-berufe-metallbearbeitung-laserstrahl;Neue Daten zeigen, wie sich die Gehälter seit 2013 entwickelt haben. Und in welchen ähnlichen Berufen man mehr oder weniger verdient.;"Z+ (abopflichtiger Inhalt);
        
    Gehälter im Vergleich";Arbeit, Gehälter im Vergleich, Gehaltsunterschied, Gehalt, Arbeitsmarkt, Metallbearbeitung durch Laserstrahl;2026-07-24T08:00:00+02:00;2026-07-24T08:00:00+02:00;Jakob BauerCharlotte EcksteinDavid GutensohnMia JanzenAnne JeschkeJulian StahnkeJulius Tröger;;false
bdb3049a87f82b09fbe209b6dc8089eb80c4d0a2770036d0182c338cc8636087;Wie viel man in der Metallbearbeitung verdient;https://www.zeit.de/arbeit/gehaltsvergleich-2026/gehaelter-vergleich-berufe-metallbearbeitung;Neue Daten zeigen, wie sich die Gehälter seit 2013 entwickelt haben. Und in welchen ähnlichen Berufen man mehr oder weniger verdient.;"Z+ (abopflichtiger Inhalt);
        
    Gehälter im Vergleich";Arbeit, Gehälter im Vergleich, Gehaltsunterschied, Gehalt, Arbeitsmarkt, Metallbearbeitung;2026-07-24T08:00:00+02:00;2026-07-24T08:00:00+02:00;Jakob BauerCharlotte EcksteinDavid GutensohnMia JanzenAnne JeschkeJulian StahnkeJulius Tröger;;false
008b7809f3a869c57cf8cf4654c851141cf4db5e46d9ce5dbb636bf8eb5edb41;Wie viel man als Führungskraft in der Metallbearbeitung verdient;https://www.zeit.de/arbeit/gehaltsvergleich-2026/gehaelter-vergleich-berufe-metallbearbeitung-fuehrungskraft;Neue Daten zeigen, wie sich die Gehälter seit 2013 entwickelt haben. Und in welchen ähnlichen Berufen man mehr oder weniger verdient.;"Z+ (abopflichtiger Inhalt);
        
    Gehälter im Vergleich";Arbeit, Gehälter im Vergleich, Gehaltsunterschied, Gehalt, Arbeitsmarkt, Metallbearbeitung (Führungskraft);2026-07-24T08:00:00+02:00;2026-07-24T08:00:00+02:00;Jakob BauerCharlotte EcksteinDavid GutensohnMia JanzenAnne JeschkeJulian StahnkeJulius Tröger;;false
ddb7ef38fc688e73b6312c7391f7b520bc352c9ca1ebc558e620b6c41bcf6d4b;Wie viel man in der Metallerzeugung verdient;https://www.zeit.de/arbeit/gehaltsvergleich-2026/gehaelter-vergleich-berufe-metallerzeugung;Neue Daten zeigen, wie sich die Gehälter seit 2013 entwickelt haben. Und in welchen ähnlichen Berufen man mehr oder weniger verdient.;"Z+ (abopflichtiger Inhalt);
        
    Gehälter im Vergleich";Arbeit, Gehälter im Vergleich, Gehaltsunterschied, Gehalt, Arbeitsmarkt, Metallerzeugung;2026-07-24T08:00:00+02:00;2026-07-24T08:00:00+02:00;Jakob BauerCharlotte EcksteinDavid GutensohnMia JanzenAnne JeschkeJulian StahnkeJulius Tröger;;false
e4190d7b311cdeececede6a17f663288298e081818237deeb21ec9c64c88d577;Wie viel man als Führungskraft in der Metalloberflächenbehandlung verdient;https://www.zeit.de/arbeit/gehaltsvergleich-2026/gehaelter-vergleich-berufe-metalloberflaechenbehandlung-fuehrungskraft;Neue Daten zeigen, wie sich die Gehälter seit 2013 entwickelt haben. Und in welchen ähnlichen Berufen man mehr oder weniger verdient.;"Z+ (abopflichtiger Inhalt);
        
    Gehälter im Vergleich";Arbeit, Gehälter im Vergleich, Gehaltsunterschied, Gehalt, Arbeitsmarkt, Metalloberflächenbehandlung (Führungskraft);2026-07-24T08:00:00+02:00;2026-07-24T08:00:00+02:00;Jakob BauerCharlotte EcksteinDavid GutensohnMia JanzenAnne JeschkeJulian StahnkeJulius Tröger;;false
5e9cb093a555d3e8294f76cc468b39022eba8fb3f2d25bd75b0375081bb57534;Wie viel man als Führungskraft in der Metallerzeugung verdient;https://www.zeit.de/arbeit/gehaltsvergleich-2026/gehaelter-vergleich-berufe-metallerzeugung-fuehrungskraft;Neue Daten zeigen, wie sich die Gehälter seit 2013 entwickelt haben. Und in welchen ähnlichen Berufen man mehr oder weniger verdient.;"Z+ (abopflichtiger Inhalt);
        
    Gehälter im Vergleich";Arbeit, Gehälter im Vergleich, Gehaltsunterschied, Gehalt, Arbeitsmarkt, Metallerzeugung (Führungskraft);2026-07-24T08:00:00+02:00;2026-07-24T08:00:00+02:00;Jakob BauerCharlotte EcksteinDavid GutensohnMia JanzenAnne JeschkeJulian StahnkeJulius Tröger;;false
72f505bc25851e644d9405f5ad3624772e89a9e3f977087246e9bbb8a255d086;Wie viel man in der Metalloberflächenbehandlung verdient;https://www.zeit.de/arbeit/gehaltsvergleich-2026/gehaelter-vergleich-berufe-metalloberflaechenbehandlung;Neue Daten zeigen, wie sich die Gehälter seit 2013 entwickelt haben. Und in welchen ähnlichen Berufen man mehr oder weniger verdient.;"Z+ (abopflichtiger Inhalt);
        
    Gehälter im Vergleich";Arbeit, Gehälter im Vergleich, Gehaltsunterschied, Gehalt, Arbeitsmarkt, Metalloberflächenbehandlung;2026-07-24T08:00:00+02:00;2026-07-24T08:00:00+02:00;Jakob BauerCharlotte EcksteinDavid GutensohnMia JanzenAnne JeschkeJulian StahnkeJulius Tröger;;false
acfaf99e02e99f779eb3c011590c8482207120a25eaa9aa99e539e7760c1fa9a;Wie viel man in der Metalloberflächenbehandlung (mit Spezialisierung) verdient;https://www.zeit.de/arbeit/gehaltsvergleich-2026/gehaelter-vergleich-berufe-metalloberflaechenbehandlung-spezialisierung;Neue Daten zeigen, wie sich die Gehälter seit 2013 entwickelt haben. Und in welchen ähnlichen Berufen man mehr oder weniger verdient.;"Z+ (abopflichtiger Inhalt);
        
    Gehälter im Vergleich";Arbeit, Gehälter im Vergleich, Gehaltsunterschied, Gehalt, Arbeitsmarkt, Metalloberflächenbehandlung (mit Spezialisierung);2026-07-24T08:00:00+02:00;2026-07-24T08:00:00+02:00;Jakob BauerCharlotte EcksteinDavid GutensohnMia JanzenAnne JeschkeJulian StahnkeJulius Tröger;;false
972ab20f83c5de82de22ad7420fc276ee7b9cebca0da76a8ef8f10bd9e31e7ad;Wie viel man in der Mikrosystemtechnik verdient;https://www.zeit.de/arbeit/gehaltsvergleich-2026/gehaelter-vergleich-berufe-mikrosystemtechnik;Neue Daten zeigen, wie sich die Gehälter seit 2013 entwickelt haben. Und in welchen ähnlichen Berufen man mehr oder weniger verdient.;"Z+ (abopflichtiger Inhalt);
        
    Gehälter im Vergleich";Arbeit, Gehälter im Vergleich, Gehaltsunterschied, Gehalt, Arbeitsmarkt, Mikrosystemtechnik;2026-07-24T08:00:00+02:00;2026-07-24T08:00:00+02:00;Jakob BauerCharlotte EcksteinDavid GutensohnMia JanzenAnne JeschkeJulian StahnkeJulius Tröger;;false
996896a84db55ad0d07729f6f13c85330cc4a87e397857afab4b7ca6c2527b60;Wie viel man in der Metallumformung verdient;https://www.zeit.de/arbeit/gehaltsvergleich-2026/gehaelter-vergleich-berufe-metallumformung;Neue Daten zeigen, wie sich die Gehälter seit 2013 entwickelt haben. Und in welchen ähnlichen Berufen man mehr oder weniger verdient.;"Z+ (abopflichtiger Inhalt);
        
    Gehälter im Vergleich";Arbeit, Gehälter im Vergleich, Gehaltsunterschied, Gehalt, Arbeitsmarkt, Metallumformung;2026-07-24T08:00:00+02:00;2026-07-24T08:00:00+02:00;Jakob BauerCharlotte EcksteinDavid GutensohnMia JanzenAnne JeschkeJulian StahnkeJulius Tröger;;false
bbf33136202193adb2f1e302fa97efbda0e2e98bd4a1ce7db45a1780bf40ad47;Wie viel man im Modedesign verdient;https://www.zeit.de/arbeit/gehaltsvergleich-2026/gehaelter-vergleich-berufe-modedesign;Neue Daten zeigen, wie sich die Gehälter seit 2013 entwickelt haben. Und in welchen ähnlichen Berufen man mehr oder weniger verdient.;"Z+ (abopflichtiger Inhalt);
        
    Gehälter im Vergleich";Arbeit, Gehälter im Vergleich, Gehaltsunterschied, Gehalt, Arbeitsmarkt, Modedesign;2026-07-24T08:00:00+02:00;2026-07-24T08:00:00+02:00;Jakob BauerCharlotte EcksteinDavid GutensohnMia JanzenAnne JeschkeJulian StahnkeJulius Tröger;;false
c5db5e1a275c7f460f46e3fbd3f9ef72d7cd0d8b42e6eb3af51badb75631817e;Wie viel man in der Modelltechnik in der Industriekeramik verdient;https://www.zeit.de/arbeit/gehaltsvergleich-2026/gehaelter-vergleich-berufe-modelltechnik-inder-industriekeramik;Neue Daten zeigen, wie sich die Gehälter seit 2013 entwickelt haben. Und in welchen ähnlichen Berufen man mehr oder weniger verdient.;"Z+ (abopflichtiger Inhalt);
        
    Gehälter im Vergleich";Arbeit, Gehälter im Vergleich, Gehaltsunterschied, Gehalt, Arbeitsmarkt, Modelltechnik in der Industriekeramik;2026-07-24T08:00:00+02:00;2026-07-24T08:00:00+02:00;Jakob BauerCharlotte EcksteinDavid GutensohnMia JanzenAnne JeschkeJulian StahnkeJulius Tröger;;false
1f32687fa52cc33d2ddab7698177276ce2f8d5ce9ec11fbdde19f3b307ea8cc7;Wie viel man in der Mühlenproduktion und Futtermittelherstellung verdient;https://www.zeit.de/arbeit/gehaltsvergleich-2026/gehaelter-vergleich-berufe-muehlenproduktion-futtermittelherstellung;Neue Daten zeigen, wie sich die Gehälter seit 2013 entwickelt haben. Und in welchen ähnlichen Berufen man mehr oder weniger verdient.;"Z+ (abopflichtiger Inhalt);
        
    Gehälter im Vergleich";Arbeit, Gehälter im Vergleich, Gehaltsunterschied, Gehalt, Arbeitsmarkt, Mühlenproduktion und Futtermittelherstellung;2026-07-24T08:00:00+02:00;2026-07-24T08:00:00+02:00;Jakob BauerCharlotte EcksteinDavid GutensohnMia JanzenAnne JeschkeJulian StahnkeJulius Tröger;;false
d06fdbed4f31addf775571e22dc7d90b2c1ae9fbc3c7356b3547e7e94b738ab0;Wie viel man als Führungskraft im Museum verdient;https://www.zeit.de/arbeit/gehaltsvergleich-2026/gehaelter-vergleich-berufe-museum-fuehrungskraft;Neue Daten zeigen, wie sich die Gehälter seit 2013 entwickelt haben. Und in welchen ähnlichen Berufen man mehr oder weniger verdient.;"Z+ (abopflichtiger Inhalt);
        
    Gehälter im Vergleich";Arbeit, Gehälter im Vergleich, Gehaltsunterschied, Gehalt, Arbeitsmarkt, Museum (Führungskraft);2026-07-24T08:00:00+02:00;2026-07-24T08:00:00+02:00;Jakob BauerCharlotte EcksteinDavid GutensohnMia JanzenAnne JeschkeJulian StahnkeJulius Tröger;;false
725208eb66375fbfc3f77264ac17c621d8bdc99ff4768b9848d3db1d29f50797;Wie viel man in der Museums- und Ausstellungstechnik verdient;https://www.zeit.de/arbeit/gehaltsvergleich-2026/gehaelter-vergleich-berufe-museums-ausstellungstechnik;Neue Daten zeigen, wie sich die Gehälter seit 2013 entwickelt haben. Und in welchen ähnlichen Berufen man mehr oder weniger verdient.;"Z+ (abopflichtiger Inhalt);
        
    Gehälter im Vergleich";Arbeit, Gehälter im Vergleich, Gehaltsunterschied, Gehalt, Arbeitsmarkt, Museums- und Ausstellungstechnik;2026-07-24T08:00:00+02:00;2026-07-24T08:00:00+02:00;Jakob BauerCharlotte EcksteinDavid GutensohnMia JanzenAnne JeschkeJulian StahnkeJulius Tröger;;false
9d659ae324d43a81a2fe883cbc834c3c0e0d4357f7f087efd8b413257f153c81;Wie viel man in Museumsberufen verdient;https://www.zeit.de/arbeit/gehaltsvergleich-2026/gehaelter-vergleich-berufe-museumsberufe;Neue Daten zeigen, wie sich die Gehälter seit 2013 entwickelt haben. Und in welchen ähnlichen Berufen man mehr oder weniger verdient.;"Z+ (abopflichtiger Inhalt);
        
    Gehälter im Vergleich";Arbeit, Gehälter im Vergleich, Gehaltsunterschied, Gehalt, Arbeitsmarkt, Museumsberufe;2026-07-24T08:00:00+02:00;2026-07-24T08:00:00+02:00;Jakob BauerCharlotte EcksteinDavid GutensohnMia JanzenAnne JeschkeJulian StahnkeJulius Tröger;;false
c5ec0f1c2451995fde782097df428066733d30e0fad8d2e923c3f5b0ebcae23f;Wie viel man in der Musik- und Kunsttherapie verdient;https://www.zeit.de/arbeit/gehaltsvergleich-2026/gehaelter-vergleich-berufe-musik-kunsttherapie;Neue Daten zeigen, wie sich die Gehälter seit 2013 entwickelt haben. Und in welchen ähnlichen Berufen man mehr oder weniger verdient.;"Z+ (abopflichtiger Inhalt);
        
    Gehälter im Vergleich";Arbeit, Gehälter im Vergleich, Gehaltsunterschied, Gehalt, Arbeitsmarkt, Musik- und Kunsttherapie;2026-07-24T08:00:00+02:00;2026-07-24T08:00:00+02:00;Jakob BauerCharlotte EcksteinDavid GutensohnMia JanzenAnne JeschkeJulian StahnkeJulius Tröger;;false
da700b217f502cd712d8c1303ea8ba486b2d374056ea98de5c2aeead38016deb;Wie viel man als Musikerin oder Musiker verdient;https://www.zeit.de/arbeit/gehaltsvergleich-2026/gehaelter-vergleich-berufe-musikerin-musiker;Neue Daten zeigen, wie sich die Gehälter seit 2013 entwickelt haben. Und in welchen ähnlichen Berufen man mehr oder weniger verdient.;"Z+ (abopflichtiger Inhalt);
        
    Gehälter im Vergleich";Arbeit, Gehälter im Vergleich, Gehaltsunterschied, Gehalt, Arbeitsmarkt, Musikerin oder Musiker;2026-07-24T08:00:00+02:00;2026-07-24T08:00:00+02:00;Jakob BauerCharlotte EcksteinDavid GutensohnMia JanzenAnne JeschkeJulian StahnkeJulius Tröger;;false
e2c9043f2e7186fd4c21eeccf284cd1012b86e7eadb4ca29972c3a153eca18c7;Wie viel man in der Musikpädagogik verdient;https://www.zeit.de/arbeit/gehaltsvergleich-2026/gehaelter-vergleich-berufe-musikpaedagogik;Neue Daten zeigen, wie sich die Gehälter seit 2013 entwickelt haben. Und in welchen ähnlichen Berufen man mehr oder weniger verdient.;"Z+ (abopflichtiger Inhalt);
        
    Gehälter im Vergleich";Arbeit, Gehälter im Vergleich, Gehaltsunterschied, Gehalt, Arbeitsmarkt, Musikpädagogik;2026-07-24T08:00:00+02:00;2026-07-24T08:00:00+02:00;Jakob BauerCharlotte EcksteinDavid GutensohnMia JanzenAnne JeschkeJulian StahnkeJulius Tröger;;false
61966362cbf4de52a5195141fc3890ec4974d3429d0e74546ccf450f1cb6a2a8;Wie viel man in der Natur- und Landschaftspflege verdient;https://www.zeit.de/arbeit/gehaltsvergleich-2026/gehaelter-vergleich-berufe-naturpflege-landschaftspflege;Neue Daten zeigen, wie sich die Gehälter seit 2013 entwickelt haben. Und in welchen ähnlichen Berufen man mehr oder weniger verdient.;"Z+ (abopflichtiger Inhalt);
        
    Gehälter im Vergleich";Arbeit, Gehälter im Vergleich, Gehaltsunterschied, Gehalt, Arbeitsmarkt, Natur- und Landschaftspflege;2026-07-24T08:00:00+02:00;2026-07-24T08:00:00+02:00;Jakob BauerCharlotte EcksteinDavid GutensohnMia JanzenAnne JeschkeJulian StahnkeJulius Tröger;;false
6e774825ab0058a6ba9b0127596db6f81d840492da429690af39fba7d493b68a;Wie viel man in der Naturstein- und Mineralaufbereitung verdient;https://www.zeit.de/arbeit/gehaltsvergleich-2026/gehaelter-vergleich-berufe-natursteinaufbereitung-mineralaufbereitung;Neue Daten zeigen, wie sich die Gehälter seit 2013 entwickelt haben. Und in welchen ähnlichen Berufen man mehr oder weniger verdient.;"Z+ (abopflichtiger Inhalt);
        
    Gehälter im Vergleich";Arbeit, Gehälter im Vergleich, Gehaltsunterschied, Gehalt, Arbeitsmarkt, Naturstein- und Mineralaufbereitung;2026-07-24T08:00:00+02:00;2026-07-24T08:00:00+02:00;Jakob BauerCharlotte EcksteinDavid GutensohnMia JanzenAnne JeschkeJulian StahnkeJulius Tröger;;false
b441402a88c83bda2a46d99b47124f4c49f017662993199104fff172cdb48121;Wie viel man in der Naturstein-, Mineralverarbeitung und Baustoffherstellung verdient;https://www.zeit.de/arbeit/gehaltsvergleich-2026/gehaelter-vergleich-berufe-natursteinverarbeitung-mineralverarbeitung-baustoffherstellung;Neue Daten zeigen, wie sich die Gehälter seit 2013 entwickelt haben. Und in welchen ähnlichen Berufen man mehr oder weniger verdient.;"Z+ (abopflichtiger Inhalt);
        
    Gehälter im Vergleich";Arbeit, Gehälter im Vergleich, Gehaltsunterschied, Gehalt, Arbeitsmarkt, Naturstein-, Mineralverarbeitung und Baustoffherstellung;2026-07-24T08:00:00+02:00;2026-07-24T08:00:00+02:00;Jakob BauerCharlotte EcksteinDavid GutensohnMia JanzenAnne JeschkeJulian StahnkeJulius Tröger;;false
85bb1f0674dad3ed4207bc5b9ab7d7a4015683cf198a625f1ebbaf5c87e70f3f;Wie viel man als nautische Schiffsoffizierin oder Schiffsoffizier und Kapitänin oder Kapitän verdient;https://www.zeit.de/arbeit/gehaltsvergleich-2026/gehaelter-vergleich-berufe-nautische-schiffsoffizierin-schiffsoffizier-kapitaenin-kapitaen;Neue Daten zeigen, wie sich die Gehälter seit 2013 entwickelt haben. Und in welchen ähnlichen Berufen man mehr oder weniger verdient.;"Z+ (abopflichtiger Inhalt);
        
    Gehälter im Vergleich";Arbeit, Gehälter im Vergleich, Gehaltsunterschied, Gehalt, Arbeitsmarkt, Nautische Schiffsoffizierin oder Schiffsoffizier und Kapitänin oder Kapitän;2026-07-24T08:00:00+02:00;2026-07-24T08:00:00+02:00;Jakob BauerCharlotte EcksteinDavid GutensohnMia JanzenAnne JeschkeJulian StahnkeJulius Tröger;;false
659626e8cd1426f6f1e6f5f047628f0457e3b581953157b04c78da95731abb25;Wie viel man als Führungskraft in der Naturstein-, Mineralverarbeitung und Baustoffherstellung verdient;https://www.zeit.de/arbeit/gehaltsvergleich-2026/gehaelter-vergleich-berufe-natursteinverarbeitung-mineralverarbeitung-baustoffherstellung-fuehrungskraft;Neue Daten zeigen, wie sich die Gehälter seit 2013 entwickelt haben. Und in welchen ähnlichen Berufen man mehr oder weniger verdient.;"Z+ (abopflichtiger Inhalt);
        
    Gehälter im Vergleich";Arbeit, Gehälter im Vergleich, Gehaltsunterschied, Gehalt, Arbeitsmarkt, Naturstein-, Mineralverarbeitung und Baustoffherstellung (Führungskraft);2026-07-24T08:00:00+02:00;2026-07-24T08:00:00+02:00;Jakob BauerCharlotte EcksteinDavid GutensohnMia JanzenAnne JeschkeJulian StahnkeJulius Tröger;;false
9e556cf1ec67c89e2c98fff031c2128e6749a5dab5fd3603bc84e0acc400678b;Wie viel man in der nicht ärztlichen Psychotherapie verdient;https://www.zeit.de/arbeit/gehaltsvergleich-2026/gehaelter-vergleich-berufe-nicht-aerztliche-psychotherapie;Neue Daten zeigen, wie sich die Gehälter seit 2013 entwickelt haben. Und in welchen ähnlichen Berufen man mehr oder weniger verdient.;"Z+ (abopflichtiger Inhalt);
        
    Gehälter im Vergleich";Arbeit, Gehälter im Vergleich, Gehaltsunterschied, Gehalt, Arbeitsmarkt, Nicht ärztliche Psychotherapie;2026-07-24T08:00:00+02:00;2026-07-24T08:00:00+02:00;Jakob BauerCharlotte EcksteinDavid GutensohnMia JanzenAnne JeschkeJulian StahnkeJulius Tröger;;false
a7bdcafeef3caf4e2e4c346629f3ac75698af3ea0bac2f281d205cf57fcc3bd9;Wie viel man in der nicht klinischen Psychologie verdient;https://www.zeit.de/arbeit/gehaltsvergleich-2026/gehaelter-vergleich-berufe-nicht-klinische-psychologie;Neue Daten zeigen, wie sich die Gehälter seit 2013 entwickelt haben. Und in welchen ähnlichen Berufen man mehr oder weniger verdient.;"Z+ (abopflichtiger Inhalt);
        
    Gehälter im Vergleich";Arbeit, Gehälter im Vergleich, Gehaltsunterschied, Gehalt, Arbeitsmarkt, Nicht klinische Psychologie;2026-07-24T08:00:00+02:00;2026-07-24T08:00:00+02:00;Jakob BauerCharlotte EcksteinDavid GutensohnMia JanzenAnne JeschkeJulian StahnkeJulius Tröger;;false
0c6b057e3f70326c6a6b0e1817517f76534403e5aff06d890c60a43bca5f0e63;Wie viel man als Notarin oder Notar verdient;https://www.zeit.de/arbeit/gehaltsvergleich-2026/gehaelter-vergleich-berufe-notarin-notar;Neue Daten zeigen, wie sich die Gehälter seit 2013 entwickelt haben. Und in welchen ähnlichen Berufen man mehr oder weniger verdient.;"Z+ (abopflichtiger Inhalt);
        
    Gehälter im Vergleich";Arbeit, Gehälter im Vergleich, Gehaltsunterschied, Gehalt, Arbeitsmarkt, Notarin oder Notar;2026-07-24T08:00:00+02:00;2026-07-24T08:00:00+02:00;Jakob BauerCharlotte EcksteinDavid GutensohnMia JanzenAnne JeschkeJulian StahnkeJulius Tröger;;false
735f76297d9389ca50a51acce1d94f2e397c95b0c3b51adb88e4c9d9cfcf7652;Wie viel man in der nicht ärztlichen Therapie und Heilkunde (mit Spezialisierung) verdient;https://www.zeit.de/arbeit/gehaltsvergleich-2026/gehaelter-vergleich-berufe-nichtaerztliche-therapie-heilkunde-spezialisierung;Neue Daten zeigen, wie sich die Gehälter seit 2013 entwickelt haben. Und in welchen ähnlichen Berufen man mehr oder weniger verdient.;"Z+ (abopflichtiger Inhalt);
        
    Gehälter im Vergleich";Arbeit, Gehälter im Vergleich, Gehaltsunterschied, Gehalt, Arbeitsmarkt, Nicht ärztliche Therapie und Heilkunde (mit Spezialisierung);2026-07-24T08:00:00+02:00;2026-07-24T08:00:00+02:00;Jakob BauerCharlotte EcksteinDavid GutensohnMia JanzenAnne JeschkeJulian StahnkeJulius Tröger;;false
29fcdc667b226fbe3e21516426463a11648330b7daa1be71a6ca98214982ec57;Wie viel man in der Nutztierhaltung verdient;https://www.zeit.de/arbeit/gehaltsvergleich-2026/gehaelter-vergleich-berufe-nutztierhaltung;Neue Daten zeigen, wie sich die Gehälter seit 2013 entwickelt haben. Und in welchen ähnlichen Berufen man mehr oder weniger verdient.;"Z+ (abopflichtiger Inhalt);
        
    Gehälter im Vergleich";Arbeit, Gehälter im Vergleich, Gehaltsunterschied, Gehalt, Arbeitsmarkt, Nutztierhaltung;2026-07-24T08:00:00+02:00;2026-07-24T08:00:00+02:00;Jakob BauerCharlotte EcksteinDavid GutensohnMia JanzenAnne JeschkeJulian StahnkeJulius Tröger;;false
b6063ed69b955a3cd7a93b1c5151e1b2ec7d04956e1ac3703a4231c2640ce973;Wie viel man in der Nutztierpflege verdient;https://www.zeit.de/arbeit/gehaltsvergleich-2026/gehaelter-vergleich-berufe-nutztierpflege;Neue Daten zeigen, wie sich die Gehälter seit 2013 entwickelt haben. Und in welchen ähnlichen Berufen man mehr oder weniger verdient.;"Z+ (abopflichtiger Inhalt);
        
    Gehälter im Vergleich";Arbeit, Gehälter im Vergleich, Gehaltsunterschied, Gehalt, Arbeitsmarkt, Nutztierpflege;2026-07-24T08:00:00+02:00;2026-07-24T08:00:00+02:00;Jakob BauerCharlotte EcksteinDavid GutensohnMia JanzenAnne JeschkeJulian StahnkeJulius Tröger;;false
cb07b656354452de5c238559f51771001ac1e0e646d0eff05ff6abce919fdade;Wie viel man im Objekt-, Werte- und Personenschutz verdient;https://www.zeit.de/arbeit/gehaltsvergleich-2026/gehaelter-vergleich-berufe-objektschutz-werteschutz-personenschutz;Neue Daten zeigen, wie sich die Gehälter seit 2013 entwickelt haben. Und in welchen ähnlichen Berufen man mehr oder weniger verdient.;"Z+ (abopflichtiger Inhalt);
        
    Gehälter im Vergleich";Arbeit, Gehälter im Vergleich, Gehaltsunterschied, Gehalt, Arbeitsmarkt, Objekt-, Werte- und Personenschutz;2026-07-24T08:00:00+02:00;2026-07-24T08:00:00+02:00;Jakob BauerCharlotte EcksteinDavid GutensohnMia JanzenAnne JeschkeJulian StahnkeJulius Tröger;;false
aaa67b7d578ec586f2a5b61f102d5b6ee6fc24330a5fdcb03af01d143373bcf4;Wie viel man als Führungskraft im Objekt- und Brandschutz verdient;https://www.zeit.de/arbeit/gehaltsvergleich-2026/gehaelter-vergleich-berufe-objektschutz-brandschutz-fuehrungskraft;Neue Daten zeigen, wie sich die Gehälter seit 2013 entwickelt haben. Und in welchen ähnlichen Berufen man mehr oder weniger verdient.;"Z+ (abopflichtiger Inhalt);
        
    Gehälter im Vergleich";Arbeit, Gehälter im Vergleich, Gehaltsunterschied, Gehalt, Arbeitsmarkt, Objekt- und Brandschutz (Führungskraft);2026-07-24T08:00:00+02:00;2026-07-24T08:00:00+02:00;Jakob BauerCharlotte EcksteinDavid GutensohnMia JanzenAnne JeschkeJulian StahnkeJulius Tröger;;false
cbaf08ba1cebfbbf640fea601637fd84f81fb3d7132d371a01d5081988e6d153;Wie viel man als Straßen- und Schienenverkehrskauffrau oder -kaufmann verdient;https://www.zeit.de/arbeit/gehaltsvergleich-2026/gehaelter-vergleich-berufe-strassenkauffrau-schienenverkehrskauffrau-strassenkaufmann-schienenverkehrskaufmann;Neue Daten zeigen, wie sich die Gehälter seit 2013 entwickelt haben. Und in welchen ähnlichen Berufen man mehr oder weniger verdient.;"Z+ (abopflichtiger Inhalt);
        
    Gehälter im Vergleich";Arbeit, Gehälter im Vergleich, Gehaltsunterschied, Gehalt, Arbeitsmarkt, Straßen- und Schienenverkehrskauffrau oder -mann;2026-07-24T08:00:00+02:00;2026-07-24T08:00:00+02:00;Jakob BauerCharlotte EcksteinDavid GutensohnMia JanzenAnne JeschkeJulian StahnkeJulius Tröger;;false
f5b4d5c2b79a447a306894bef159665006d83adf8217cf8f2a5ebab5a1f0baad;Wie viel man im Objekt-, Personen-, Brandschutz und in der Arbeitssicherheit (mit Spezialisierung) verdient;https://www.zeit.de/arbeit/gehaltsvergleich-2026/gehaelter-vergleich-berufe-objektsicherheit-personsicherheit-brandschutzsicherheit-arbeitssicherheit-spezialisierung;Neue Daten zeigen, wie sich die Gehälter seit 2013 entwickelt haben. Und in welchen ähnlichen Berufen man mehr oder weniger verdient.;"Z+ (abopflichtiger Inhalt);
        
    Gehälter im Vergleich";Arbeit, Gehälter im Vergleich, Gehaltsunterschied, Gehalt, Arbeitsmarkt, Objekt-, Personen-, Brandschutz und Arbeitssicherheit (mit Spezialisierung);2026-07-24T08:00:00+02:00;2026-07-24T08:00:00+02:00;Jakob BauerCharlotte EcksteinDavid GutensohnMia JanzenAnne JeschkeJulian StahnkeJulius Tröger;;false
5053c54b54ac037593bdaeec97adaeff04a5e23ab43cebd3cdfbef1172a6a8ea;Wie viel man in der öffentlichen Verwaltung verdient;https://www.zeit.de/arbeit/gehaltsvergleich-2026/gehaelter-vergleich-berufe-oeffentliche-verwaltung;Neue Daten zeigen, wie sich die Gehälter seit 2013 entwickelt haben. Und in welchen ähnlichen Berufen man mehr oder weniger verdient.;"Z+ (abopflichtiger Inhalt);
        
    Gehälter im Vergleich";Arbeit, Gehälter im Vergleich, Gehaltsunterschied, Gehalt, Arbeitsmarkt, Öffentliche Verwaltung;2026-07-24T08:00:00+02:00;2026-07-24T08:00:00+02:00;Jakob BauerCharlotte EcksteinDavid GutensohnMia JanzenAnne JeschkeJulian StahnkeJulius Tröger;;false
3bf0ccbeee1feda7a817f8b1965fca6e2077dcba1a22893db69046f6d9940413;Wie viel man im Obst- und Gemüsebau verdient;https://www.zeit.de/arbeit/gehaltsvergleich-2026/gehaelter-vergleich-berufe-obstbau-gemuesebau;Neue Daten zeigen, wie sich die Gehälter seit 2013 entwickelt haben. Und in welchen ähnlichen Berufen man mehr oder weniger verdient.;"Z+ (abopflichtiger Inhalt);
        
    Gehälter im Vergleich";Arbeit, Gehälter im Vergleich, Gehaltsunterschied, Gehalt, Arbeitsmarkt, Obst- und Gemüsebau;2026-07-24T08:00:00+02:00;2026-07-24T08:00:00+02:00;Jakob BauerCharlotte EcksteinDavid GutensohnMia JanzenAnne JeschkeJulian StahnkeJulius Tröger;;false
3e41099e283dc2aef7aded567fabff465f2fcfa64bb67eaf4931c056b9c9e753;Wie viel man in der Öffentlichkeitsarbeit verdient;https://www.zeit.de/arbeit/gehaltsvergleich-2026/gehaelter-vergleich-berufe-oeffentlichkeitsarbeit;Neue Daten zeigen, wie sich die Gehälter seit 2013 entwickelt haben. Und in welchen ähnlichen Berufen man mehr oder weniger verdient.;"Z+ (abopflichtiger Inhalt);
        
    Gehälter im Vergleich";Arbeit, Gehälter im Vergleich, Gehaltsunterschied, Gehalt, Arbeitsmarkt, Öffentlichkeitsarbeit;2026-07-24T08:00:00+02:00;2026-07-24T08:00:00+02:00;Jakob BauerCharlotte EcksteinDavid GutensohnMia JanzenAnne JeschkeJulian StahnkeJulius Tröger;;false
fd58af3e7bf33fb46df70c803dd344b76c2e19353e4e340ff45b630b3f6d67fe;Wie viel man in der öffentlichen Verwaltung (mit Spezialisierung) verdient;https://www.zeit.de/arbeit/gehaltsvergleich-2026/gehaelter-vergleich-berufe-oeffentliche-verwaltung-spezialisierung;Neue Daten zeigen, wie sich die Gehälter seit 2013 entwickelt haben. Und in welchen ähnlichen Berufen man mehr oder weniger verdient.;"Z+ (abopflichtiger Inhalt);
        
    Gehälter im Vergleich";Arbeit, Gehälter im Vergleich, Gehaltsunterschied, Gehalt, Arbeitsmarkt, Öffentliche Verwaltung (mit Spezialisierung);2026-07-24T08:00:00+02:00;2026-07-24T08:00:00+02:00;Jakob BauerCharlotte EcksteinDavid GutensohnMia JanzenAnne JeschkeJulian StahnkeJulius Tröger;;false
ac43088ce1ace335a93179188415888c322105eac0fb3c8c4bce711490280e7d;Wie viel man als Führungskraft in der Öffentlichkeitsarbeit verdient;https://www.zeit.de/arbeit/gehaltsvergleich-2026/gehaelter-vergleich-berufe-oeffentlichkeitsarbeit-fuehrungskraft;Neue Daten zeigen, wie sich die Gehälter seit 2013 entwickelt haben. Und in welchen ähnlichen Berufen man mehr oder weniger verdient.;"Z+ (abopflichtiger Inhalt);
        
    Gehälter im Vergleich";Arbeit, Gehälter im Vergleich, Gehaltsunterschied, Gehalt, Arbeitsmarkt, Öffentlichkeitsarbeit (Führungskraft);2026-07-24T08:00:00+02:00;2026-07-24T08:00:00+02:00;Jakob BauerCharlotte EcksteinDavid GutensohnMia JanzenAnne JeschkeJulian StahnkeJulius Tröger;;false
5d11a37d6b8009e796ecdadce49e439b6abfdf5e6a86fdf0231eeba04272dc6c;Wie viel man im Ofen- und Luftheizungsbau verdient;https://www.zeit.de/arbeit/gehaltsvergleich-2026/gehaelter-vergleich-berufe-ofenbau-luftheizungsbau;Neue Daten zeigen, wie sich die Gehälter seit 2013 entwickelt haben. Und in welchen ähnlichen Berufen man mehr oder weniger verdient.;"Z+ (abopflichtiger Inhalt);
        
    Gehälter im Vergleich";Arbeit, Gehälter im Vergleich, Gehaltsunterschied, Gehalt, Arbeitsmarkt, Ofen- und Luftheizungsbau;2026-07-24T08:00:00+02:00;2026-07-24T08:00:00+02:00;Jakob BauerCharlotte EcksteinDavid GutensohnMia JanzenAnne JeschkeJulian StahnkeJulius Tröger;;false
cb81b6946fa53728ae5e5c0c171b61b4c99871b900083986b89b665f23f61641;Wie viel man in der Operations- und medizinisch-technischen Assistenz verdient;https://www.zeit.de/arbeit/gehaltsvergleich-2026/gehaelter-vergleich-berufe-operationsassistenz-medizinisch-technische-assistenz;Neue Daten zeigen, wie sich die Gehälter seit 2013 entwickelt haben. Und in welchen ähnlichen Berufen man mehr oder weniger verdient.;"Z+ (abopflichtiger Inhalt);
        
    Gehälter im Vergleich";Arbeit, Gehälter im Vergleich, Gehaltsunterschied, Gehalt, Arbeitsmarkt, Operations- und medizinisch-technische Assistenz;2026-07-24T08:00:00+02:00;2026-07-24T08:00:00+02:00;Jakob BauerCharlotte EcksteinDavid GutensohnMia JanzenAnne JeschkeJulian StahnkeJulius Tröger;;false
383fcc3c7c22f8c910545ba87c22e0a01410a05714ad914a9eb9d2e7e76c4033;Wie viel man in der Orthopädie- und Rehatechnik verdient;https://www.zeit.de/arbeit/gehaltsvergleich-2026/gehaelter-vergleich-berufe-orthopaedie-rehatechnik;Neue Daten zeigen, wie sich die Gehälter seit 2013 entwickelt haben. Und in welchen ähnlichen Berufen man mehr oder weniger verdient.;"Z+ (abopflichtiger Inhalt);
        
    Gehälter im Vergleich";Arbeit, Gehälter im Vergleich, Gehaltsunterschied, Gehalt, Arbeitsmarkt, Orthopädie- und Rehatechnik;2026-07-24T08:00:00+02:00;2026-07-24T08:00:00+02:00;Jakob BauerCharlotte EcksteinDavid GutensohnMia JanzenAnne JeschkeJulian StahnkeJulius Tröger;;false
53a33fb07325b82345bda077d06d9f84ceac4d2737d6717072e8e714dfeda8c5;Wie viel man in der Papierherstellung verdient;https://www.zeit.de/arbeit/gehaltsvergleich-2026/gehaelter-vergleich-berufe-papierherstellung;Neue Daten zeigen, wie sich die Gehälter seit 2013 entwickelt haben. Und in welchen ähnlichen Berufen man mehr oder weniger verdient.;"Z+ (abopflichtiger Inhalt);
        
    Gehälter im Vergleich";Arbeit, Gehälter im Vergleich, Gehaltsunterschied, Gehalt, Arbeitsmarkt, Papierherstellung;2026-07-24T08:00:00+02:00;2026-07-24T08:00:00+02:00;Jakob BauerCharlotte EcksteinDavid GutensohnMia JanzenAnne JeschkeJulian StahnkeJulius Tröger;;false
f9983b048b7b978dffbaba89d69c404da90b8f12a5cbf8bac35a44b6308acb97;Wie viel man als Orthoptistin oder Orthoptist verdient;https://www.zeit.de/arbeit/gehaltsvergleich-2026/gehaelter-vergleich-berufe-orthoptistin-orthoptist;Neue Daten zeigen, wie sich die Gehälter seit 2013 entwickelt haben. Und in welchen ähnlichen Berufen man mehr oder weniger verdient.;"Z+ (abopflichtiger Inhalt);
        
    Gehälter im Vergleich";Arbeit, Gehälter im Vergleich, Gehaltsunterschied, Gehalt, Arbeitsmarkt, Orthoptistin oder Orthoptist;2026-07-24T08:00:00+02:00;2026-07-24T08:00:00+02:00;Jakob BauerCharlotte EcksteinDavid GutensohnMia JanzenAnne JeschkeJulian StahnkeJulius Tröger;;false
b0fd602980a8dc577de65b6c71712e280f0ddf4e5a8dbd8e188b107016281b88;Wie viel man in der Personaldienstleistung verdient;https://www.zeit.de/arbeit/gehaltsvergleich-2026/gehaelter-vergleich-berufe-personaldienstleistung;Neue Daten zeigen, wie sich die Gehälter seit 2013 entwickelt haben. Und in welchen ähnlichen Berufen man mehr oder weniger verdient.;"Z+ (abopflichtiger Inhalt);
        
    Gehälter im Vergleich";Arbeit, Gehälter im Vergleich, Gehaltsunterschied, Gehalt, Arbeitsmarkt, Personaldienstleistung;2026-07-24T08:00:00+02:00;2026-07-24T08:00:00+02:00;Jakob BauerCharlotte EcksteinDavid GutensohnMia JanzenAnne JeschkeJulian StahnkeJulius Tröger;;false
e8904c25bbe26c3002fdf40125c798d44f36f701f85071dc3338b0dae04bde0c;Wie viel man in der Papier- und Verpackungstechnik verdient;https://www.zeit.de/arbeit/gehaltsvergleich-2026/gehaelter-vergleich-berufe-papiertechnik-verpackungstechnik;Neue Daten zeigen, wie sich die Gehälter seit 2013 entwickelt haben. Und in welchen ähnlichen Berufen man mehr oder weniger verdient.;"Z+ (abopflichtiger Inhalt);
        
    Gehälter im Vergleich";Arbeit, Gehälter im Vergleich, Gehaltsunterschied, Gehalt, Arbeitsmarkt, Papier- und Verpackungstechnik;2026-07-24T08:00:00+02:00;2026-07-24T08:00:00+02:00;Jakob BauerCharlotte EcksteinDavid GutensohnMia JanzenAnne JeschkeJulian StahnkeJulius Tröger;;false
3432498f800018c79e02afbcb5156e91fa4069cc2e7c58405bd72f3d37b8f173;Wie viel man in der Papierverarbeitung und Verpackungstechnik verdient;https://www.zeit.de/arbeit/gehaltsvergleich-2026/gehaelter-vergleich-berufe-papierverarbeitung-verpackungstechnik;Neue Daten zeigen, wie sich die Gehälter seit 2013 entwickelt haben. Und in welchen ähnlichen Berufen man mehr oder weniger verdient.;"Z+ (abopflichtiger Inhalt);
        
    Gehälter im Vergleich";Arbeit, Gehälter im Vergleich, Gehaltsunterschied, Gehalt, Arbeitsmarkt, Papierverarbeitung und Verpackungstechnik;2026-07-24T08:00:00+02:00;2026-07-24T08:00:00+02:00;Jakob BauerCharlotte EcksteinDavid GutensohnMia JanzenAnne JeschkeJulian StahnkeJulius Tröger;;false
1287039303d74f3c04340c72c52b68b25334443edb9fd4c6fce593d480046fa1;Wie viel man in der Parkettverlegung verdient;https://www.zeit.de/arbeit/gehaltsvergleich-2026/gehaelter-vergleich-berufe-parkettverlegung;Neue Daten zeigen, wie sich die Gehälter seit 2013 entwickelt haben. Und in welchen ähnlichen Berufen man mehr oder weniger verdient.;"Z+ (abopflichtiger Inhalt);
        
    Gehälter im Vergleich";Arbeit, Gehälter im Vergleich, Gehaltsunterschied, Gehalt, Arbeitsmarkt, Parkettverlegung;2026-07-24T08:00:00+02:00;2026-07-24T08:00:00+02:00;Jakob BauerCharlotte EcksteinDavid GutensohnMia JanzenAnne JeschkeJulian StahnkeJulius Tröger;;false
d0e801c977743a79f3e30632312156967f879324e89cb2bf67fdd8c88e7fd156;Wie viel man als Führungskraft in der Papierverarbeitung und Verpackungstechnik verdient;https://www.zeit.de/arbeit/gehaltsvergleich-2026/gehaelter-vergleich-berufe-papierverarbeitung-verpackungstechnik-fuehrungskraft;Neue Daten zeigen, wie sich die Gehälter seit 2013 entwickelt haben. Und in welchen ähnlichen Berufen man mehr oder weniger verdient.;"Z+ (abopflichtiger Inhalt);
        
    Gehälter im Vergleich";Arbeit, Gehälter im Vergleich, Gehaltsunterschied, Gehalt, Arbeitsmarkt, Papierverarbeitung und Verpackungstechnik (Führungskraft);2026-07-24T08:00:00+02:00;2026-07-24T08:00:00+02:00;Jakob BauerCharlotte EcksteinDavid GutensohnMia JanzenAnne JeschkeJulian StahnkeJulius Tröger;;false
d129367566fcf8cac81aef22e27bfe031a5dfb527990e0fa9172a47c76afba57;Wie viel man als Führungskraft in der Pelzverarbeitung verdient;https://www.zeit.de/arbeit/gehaltsvergleich-2026/gehaelter-vergleich-berufe-pelzverarbeitung-fuehrungskraft;Neue Daten zeigen, wie sich die Gehälter seit 2013 entwickelt haben. Und in welchen ähnlichen Berufen man mehr oder weniger verdient.;"Z+ (abopflichtiger Inhalt);
        
    Gehälter im Vergleich";Arbeit, Gehälter im Vergleich, Gehaltsunterschied, Gehalt, Arbeitsmarkt, Pelzverarbeitung (Führungskraft);2026-07-24T08:00:00+02:00;2026-07-24T08:00:00+02:00;Jakob BauerCharlotte EcksteinDavid GutensohnMia JanzenAnne JeschkeJulian StahnkeJulius Tröger;;false
6a2914773255bd537839f5cddd53f0e38bdb4874914d17d2ac200ea993e6cf7a;Wie viel man als Führungskraft im Personalwesen und in der Personaldienstleistung verdient;https://www.zeit.de/arbeit/gehaltsvergleich-2026/gehaelter-vergleich-berufe-personalwesen-dienstleistung-fuehrungskraft;Neue Daten zeigen, wie sich die Gehälter seit 2013 entwickelt haben. Und in welchen ähnlichen Berufen man mehr oder weniger verdient.;"Z+ (abopflichtiger Inhalt);
        
    Gehälter im Vergleich";Arbeit, Gehälter im Vergleich, Gehaltsunterschied, Gehalt, Arbeitsmarkt, Personalwesen und -dienstleistung (Führungskraft);2026-07-24T08:00:00+02:00;2026-07-24T08:00:00+02:00;Jakob BauerCharlotte EcksteinDavid GutensohnMia JanzenAnne JeschkeJulian StahnkeJulius Tröger;;false
5ff29f7eb95a348e2e31969df7eef9743abe17994fabb34b1b6815ac70e05bf8;Wie viel man als Pflastererin oder Pflaster und Steinsetzerin oder Steinsetzer verdient;https://www.zeit.de/arbeit/gehaltsvergleich-2026/gehaelter-vergleich-berufe-pflastererin-pflasterer-steinsetzerin-steinsetzer;Neue Daten zeigen, wie sich die Gehälter seit 2013 entwickelt haben. Und in welchen ähnlichen Berufen man mehr oder weniger verdient.;"Z+ (abopflichtiger Inhalt);
        
    Gehälter im Vergleich";Arbeit, Gehälter im Vergleich, Gehaltsunterschied, Gehalt, Arbeitsmarkt, Pflastererin oder Pflasterer und Steinsetzerin oder Steinsetzer;2026-07-24T08:00:00+02:00;2026-07-24T08:00:00+02:00;Jakob BauerCharlotte EcksteinDavid GutensohnMia JanzenAnne JeschkeJulian StahnkeJulius Tröger;;false
fdd4e689c5977d8cbf9e8721ee36542371cca4d095e7c2d116561cacb07cb2f1;Wie viel Strahlenschutzbeauftragte verdienen;https://www.zeit.de/arbeit/gehaltsvergleich-2026/gehaelter-vergleich-berufe-strahlenschutzbeauftragte;Neue Daten zeigen, wie sich die Gehälter seit 2013 entwickelt haben. Und in welchen ähnlichen Berufen man mehr oder weniger verdient.;"Z+ (abopflichtiger Inhalt);
        
    Gehälter im Vergleich";Arbeit, Gehälter im Vergleich, Gehaltsunterschied, Gehalt, Arbeitsmarkt, Strahlenschutzbeauftragte;2026-07-24T08:00:00+02:00;2026-07-24T08:00:00+02:00;Jakob BauerCharlotte EcksteinDavid GutensohnMia JanzenAnne JeschkeJulian StahnkeJulius Tröger;;false
7fb8c7deb2deedb5eeab11dee0a36d820039dc9828585d332ccf87be7992aa07;Wie viel man in der Personalentwicklung und -sachbearbeitung verdient;https://www.zeit.de/arbeit/gehaltsvergleich-2026/gehaelter-vergleich-berufe-personalentwicklung-personalsachbearbeitung;Neue Daten zeigen, wie sich die Gehälter seit 2013 entwickelt haben. Und in welchen ähnlichen Berufen man mehr oder weniger verdient.;"Z+ (abopflichtiger Inhalt);
        
    Gehälter im Vergleich";Arbeit, Gehälter im Vergleich, Gehaltsunterschied, Gehalt, Arbeitsmarkt, Personalentwicklung und -sachbearbeitung;2026-07-24T08:00:00+02:00;2026-07-24T08:00:00+02:00;Jakob BauerCharlotte EcksteinDavid GutensohnMia JanzenAnne JeschkeJulian StahnkeJulius Tröger;;false
54660d5b02d231eb32e138ee473f25827bda155236191220b8f819ddbd84cb8b;Wie viel man in der Pferdewirtschaft verdient;https://www.zeit.de/arbeit/gehaltsvergleich-2026/gehaelter-vergleich-berufe-pferdewirtschaft;Neue Daten zeigen, wie sich die Gehälter seit 2013 entwickelt haben. Und in welchen ähnlichen Berufen man mehr oder weniger verdient.;"Z+ (abopflichtiger Inhalt);
        
    Gehälter im Vergleich";Arbeit, Gehälter im Vergleich, Gehaltsunterschied, Gehalt, Arbeitsmarkt, Pferdewirtschaft;2026-07-24T08:00:00+02:00;2026-07-24T08:00:00+02:00;Jakob BauerCharlotte EcksteinDavid GutensohnMia JanzenAnne JeschkeJulian StahnkeJulius Tröger;;false
1b1ad05e89fd0bae615852d060c661fa7169e70d60915fb46a284c2713912f88;Wie viel man in der pharmazeutisch-technischen Assistenz verdient;https://www.zeit.de/arbeit/gehaltsvergleich-2026/gehaelter-vergleich-berufe-pharmazeutisch-technische-assistenz;Neue Daten zeigen, wie sich die Gehälter seit 2013 entwickelt haben. Und in welchen ähnlichen Berufen man mehr oder weniger verdient.;"Z+ (abopflichtiger Inhalt);
        
    Gehälter im Vergleich";Arbeit, Gehälter im Vergleich, Gehaltsunterschied, Gehalt, Arbeitsmarkt, Pharmazeutisch-technische Assistenz;2026-07-24T08:00:00+02:00;2026-07-24T08:00:00+02:00;Jakob BauerCharlotte EcksteinDavid GutensohnMia JanzenAnne JeschkeJulian StahnkeJulius Tröger;;false
7bc5a9aa4d4e9e08bf5941ef5d308ed22e8e7fcf5df2085469e77115384b7369;Wie viel man in der Pharmazie (mit Spezialisierung) verdient;https://www.zeit.de/arbeit/gehaltsvergleich-2026/gehaelter-vergleich-berufe-pharmazie-spezialisierung;Neue Daten zeigen, wie sich die Gehälter seit 2013 entwickelt haben. Und in welchen ähnlichen Berufen man mehr oder weniger verdient.;"Z+ (abopflichtiger Inhalt);
        
    Gehälter im Vergleich";Arbeit, Gehälter im Vergleich, Gehaltsunterschied, Gehalt, Arbeitsmarkt, Pharmazie (mit Spezialisierung);2026-07-24T08:00:00+02:00;2026-07-24T08:00:00+02:00;Jakob BauerCharlotte EcksteinDavid GutensohnMia JanzenAnne JeschkeJulian StahnkeJulius Tröger;;false
0359d0f6243bfd7858d449f8a7289628e38a8782c6e9dda9205ddfcc4bf7c2c9;Wie viel man als Führungskraft in der Pharmazie verdient;https://www.zeit.de/arbeit/gehaltsvergleich-2026/gehaelter-vergleich-berufe-pharmazie-fuehrungskraft;Neue Daten zeigen, wie sich die Gehälter seit 2013 entwickelt haben. Und in welchen ähnlichen Berufen man mehr oder weniger verdient.;"Z+ (abopflichtiger Inhalt);
        
    Gehälter im Vergleich";Arbeit, Gehälter im Vergleich, Gehaltsunterschied, Gehalt, Arbeitsmarkt, Pharmazie (Führungskraft);2026-07-24T08:00:00+02:00;2026-07-24T08:00:00+02:00;Jakob BauerCharlotte EcksteinDavid GutensohnMia JanzenAnne JeschkeJulian StahnkeJulius Tröger;;false
025f86043aa6c3d09fc4e67b84c5e26907f814e0991e3a57fb34d11f97489ef7;Wie viel man in der Physik verdient;https://www.zeit.de/arbeit/gehaltsvergleich-2026/gehaelter-vergleich-berufe-physik;Neue Daten zeigen, wie sich die Gehälter seit 2013 entwickelt haben. Und in welchen ähnlichen Berufen man mehr oder weniger verdient.;"Z+ (abopflichtiger Inhalt);
        
    Gehälter im Vergleich";Arbeit, Gehälter im Vergleich, Gehaltsunterschied, Gehalt, Arbeitsmarkt, Physik;2026-07-24T08:00:00+02:00;2026-07-24T08:00:00+02:00;Jakob BauerCharlotte EcksteinDavid GutensohnMia JanzenAnne JeschkeJulian StahnkeJulius Tröger;;false
5c67119adb716bbaf9e63bb687bff4065b2ced2f98140edbfa714f01c213fc92;Wie viel man als Führungskraft in der Physik verdient;https://www.zeit.de/arbeit/gehaltsvergleich-2026/gehaelter-vergleich-berufe-physik-fuehrungskraft;Neue Daten zeigen, wie sich die Gehälter seit 2013 entwickelt haben. Und in welchen ähnlichen Berufen man mehr oder weniger verdient.;"Z+ (abopflichtiger Inhalt);
        
    Gehälter im Vergleich";Arbeit, Gehälter im Vergleich, Gehaltsunterschied, Gehalt, Arbeitsmarkt, Physik (Führungskraft);2026-07-24T08:00:00+02:00;2026-07-24T08:00:00+02:00;Jakob BauerCharlotte EcksteinDavid GutensohnMia JanzenAnne JeschkeJulian StahnkeJulius Tröger;;false
b9a460fa5e6ec0043b3a6ab3cb1b7f1a74e7b59feee37ed8493dca751299b479;Wie viel man in der Physiotherapie verdient;https://www.zeit.de/arbeit/gehaltsvergleich-2026/gehaelter-vergleich-berufe-physiotherapie;Neue Daten zeigen, wie sich die Gehälter seit 2013 entwickelt haben. Und in welchen ähnlichen Berufen man mehr oder weniger verdient.;"Z+ (abopflichtiger Inhalt);
        
    Gehälter im Vergleich";Arbeit, Gehälter im Vergleich, Gehaltsunterschied, Gehalt, Arbeitsmarkt, Physiotherapie;2026-07-24T08:00:00+02:00;2026-07-24T08:00:00+02:00;Jakob BauerCharlotte EcksteinDavid GutensohnMia JanzenAnne JeschkeJulian StahnkeJulius Tröger;;false
7f3d90140200b15e43a92683ebceb377d11888c32eb83fca9caed0efe6a905a5;Wie viel man in der Physik (mit Spezialisierung) verdient;https://www.zeit.de/arbeit/gehaltsvergleich-2026/gehaelter-vergleich-berufe-physik-spezialisierung;Neue Daten zeigen, wie sich die Gehälter seit 2013 entwickelt haben. Und in welchen ähnlichen Berufen man mehr oder weniger verdient.;"Z+ (abopflichtiger Inhalt);
        
    Gehälter im Vergleich";Arbeit, Gehälter im Vergleich, Gehaltsunterschied, Gehalt, Arbeitsmarkt, Physik (mit Spezialisierung);2026-07-24T08:00:00+02:00;2026-07-24T08:00:00+02:00;Jakob BauerCharlotte EcksteinDavid GutensohnMia JanzenAnne JeschkeJulian StahnkeJulius Tröger;;false
f1f4f229dccdaa1dd9ace96c9b901e8cd58c00f33fb1ac1ba1b604b13c647d0d;Wie viel man in Berufen im physikalisch-technischen Laboratorium verdient;https://www.zeit.de/arbeit/gehaltsvergleich-2026/gehaelter-vergleich-berufe-physikalisch-technisches-laboratorium;Neue Daten zeigen, wie sich die Gehälter seit 2013 entwickelt haben. Und in welchen ähnlichen Berufen man mehr oder weniger verdient.;"Z+ (abopflichtiger Inhalt);
        
    Gehälter im Vergleich";Arbeit, Gehälter im Vergleich, Gehaltsunterschied, Gehalt, Arbeitsmarkt, Berufe im physikalisch-technischen Laboratorium;2026-07-24T08:00:00+02:00;2026-07-24T08:00:00+02:00;Jakob BauerCharlotte EcksteinDavid GutensohnMia JanzenAnne JeschkeJulian StahnkeJulius Tröger;;false
e91700d2b40b5c1a3a66c237c36395b16fdb1fb352e73f786c64b28e8415a04b;Wie viel man als Pilotin oder Pilot verdient;https://www.zeit.de/arbeit/gehaltsvergleich-2026/gehaelter-vergleich-berufe-pilotin-pilot-verkehrsflugzeugfuehrerin-verkehrsflugzeugfuehrer;Neue Daten zeigen, wie sich die Gehälter seit 2013 entwickelt haben. Und in welchen ähnlichen Berufen man mehr oder weniger verdient.;"Z+ (abopflichtiger Inhalt);
        
    Gehälter im Vergleich";Arbeit, Gehälter im Vergleich, Gehaltsunterschied, Gehalt, Arbeitsmarkt, Pilotin oder Pilot und Verkehrsflugzeugführerin oder -führer;2026-07-24T08:00:00+02:00;2026-07-24T08:00:00+02:00;Jakob BauerCharlotte EcksteinDavid GutensohnMia JanzenAnne JeschkeJulian StahnkeJulius Tröger;;false
9f50fad15a74475382482fb0a1807e245b1428e5bdeef7bae4bf58fce0daa3cb;Wie viel man als Platz- und Gerätewartin oder -wart verdient;https://www.zeit.de/arbeit/gehaltsvergleich-2026/gehaelter-vergleich-berufe-platzwartin-geraetewartin-geraetewart-platzwart;Neue Daten zeigen, wie sich die Gehälter seit 2013 entwickelt haben. Und in welchen ähnlichen Berufen man mehr oder weniger verdient.;"Z+ (abopflichtiger Inhalt);
        
    Gehälter im Vergleich";Arbeit, Gehälter im Vergleich, Gehaltsunterschied, Gehalt, Arbeitsmarkt, Platz- und Gerätewartin oder -wart;2026-07-24T08:00:00+02:00;2026-07-24T08:00:00+02:00;Jakob BauerCharlotte EcksteinDavid GutensohnMia JanzenAnne JeschkeJulian StahnkeJulius Tröger;;false
21a282feb06d6cf4d643ec2da4cb838888bbf06a4266780ef214e9b259e6a742;Wie viel man in der Politologie verdient;https://www.zeit.de/arbeit/gehaltsvergleich-2026/gehaelter-vergleich-berufe-politologie;Neue Daten zeigen, wie sich die Gehälter seit 2013 entwickelt haben. Und in welchen ähnlichen Berufen man mehr oder weniger verdient.;"Z+ (abopflichtiger Inhalt);
        
    Gehälter im Vergleich";Arbeit, Gehälter im Vergleich, Gehaltsunterschied, Gehalt, Arbeitsmarkt, Politologie;2026-07-24T08:00:00+02:00;2026-07-24T08:00:00+02:00;Jakob BauerCharlotte EcksteinDavid GutensohnMia JanzenAnne JeschkeJulian StahnkeJulius Tröger;;false
1cc4405f5128811fdd94000b17ad6ee6dc657cd8e4009e2fce3cd8fe328090e1;Wie viel man im Polizeivollzugsdienst verdient;https://www.zeit.de/arbeit/gehaltsvergleich-2026/gehaelter-vergleich-berufe-polizeivollzugsdienst;Neue Daten zeigen, wie sich die Gehälter seit 2013 entwickelt haben. Und in welchen ähnlichen Berufen man mehr oder weniger verdient.;"Z+ (abopflichtiger Inhalt);
        
    Gehälter im Vergleich";Arbeit, Gehälter im Vergleich, Gehaltsunterschied, Gehalt, Arbeitsmarkt, Polizeivollzugsdienst;2026-07-24T08:00:00+02:00;2026-07-24T08:00:00+02:00;Jakob BauerCharlotte EcksteinDavid GutensohnMia JanzenAnne JeschkeJulian StahnkeJulius Tröger;;false
53c48661238c6f9242efa508b870f957e8787975a637bb4045d4fcc8e466a75d;Wie viel man in der Polsterei verdient;https://www.zeit.de/arbeit/gehaltsvergleich-2026/gehaelter-vergleich-berufe-polsterei;Neue Daten zeigen, wie sich die Gehälter seit 2013 entwickelt haben. Und in welchen ähnlichen Berufen man mehr oder weniger verdient.;"Z+ (abopflichtiger Inhalt);
        
    Gehälter im Vergleich";Arbeit, Gehälter im Vergleich, Gehaltsunterschied, Gehalt, Arbeitsmarkt, Polsterei;2026-07-24T08:00:00+02:00;2026-07-24T08:00:00+02:00;Jakob BauerCharlotte EcksteinDavid GutensohnMia JanzenAnne JeschkeJulian StahnkeJulius Tröger;;false
d49369454bed37ee14e52417f71f9e030cc243269c881fb752decfc209539542;Wie viel man im Produkt- und Industriedesign verdient;https://www.zeit.de/arbeit/gehaltsvergleich-2026/gehaelter-vergleich-berufe-produkt-industriedesign;Neue Daten zeigen, wie sich die Gehälter seit 2013 entwickelt haben. Und in welchen ähnlichen Berufen man mehr oder weniger verdient.;"Z+ (abopflichtiger Inhalt);
        
    Gehälter im Vergleich";Arbeit, Gehälter im Vergleich, Gehaltsunterschied, Gehalt, Arbeitsmarkt, Produkt- und Industriedesign;2026-07-24T08:00:00+02:00;2026-07-24T08:00:00+02:00;Jakob BauerCharlotte EcksteinDavid GutensohnMia JanzenAnne JeschkeJulian StahnkeJulius Tröger;;false
8b65f3ff3d28a3360e4744faf1f4846d4c3d7903f2ada751429e64df3a358c0d;Wie viel man im Post- und Zustelldienst verdient;https://www.zeit.de/arbeit/gehaltsvergleich-2026/gehaelter-vergleich-berufe-postdienst-zustelldienste;Neue Daten zeigen, wie sich die Gehälter seit 2013 entwickelt haben. Und in welchen ähnlichen Berufen man mehr oder weniger verdient.;"Z+ (abopflichtiger Inhalt);
        
    Gehälter im Vergleich";Arbeit, Gehälter im Vergleich, Gehaltsunterschied, Gehalt, Arbeitsmarkt, Post- und Zustelldienste;2026-07-24T08:00:00+02:00;2026-07-24T08:00:00+02:00;Jakob BauerCharlotte EcksteinDavid GutensohnMia JanzenAnne JeschkeJulian StahnkeJulius Tröger;;false
4bc08612f7bae83f033fffed41a8040bf7395470a7c8e60d040b7a403da86301;Wie viel man in der Produktion von Fertigprodukten aus Holz verdient;https://www.zeit.de/arbeit/gehaltsvergleich-2026/gehaelter-vergleich-berufe-produktion-fertigprodukte-holz;Neue Daten zeigen, wie sich die Gehälter seit 2013 entwickelt haben. Und in welchen ähnlichen Berufen man mehr oder weniger verdient.;"Z+ (abopflichtiger Inhalt);
        
    Gehälter im Vergleich";Arbeit, Gehälter im Vergleich, Gehaltsunterschied, Gehalt, Arbeitsmarkt, Produktion von Fertigprodukten aus Holz;2026-07-24T08:00:00+02:00;2026-07-24T08:00:00+02:00;Jakob BauerCharlotte EcksteinDavid GutensohnMia JanzenAnne JeschkeJulian StahnkeJulius Tröger;;false
8182a0994a0f7816377d24ac23c97f66c1672820f23460867ea214b54a193769;Wie viel man in der Produktion von Holzwerkstoffen und -bauteilen verdient;https://www.zeit.de/arbeit/gehaltsvergleich-2026/gehaelter-vergleich-berufe-produktion-holzwerkstoffe-holzbauteile;Neue Daten zeigen, wie sich die Gehälter seit 2013 entwickelt haben. Und in welchen ähnlichen Berufen man mehr oder weniger verdient.;"Z+ (abopflichtiger Inhalt);
        
    Gehälter im Vergleich";Arbeit, Gehälter im Vergleich, Gehaltsunterschied, Gehalt, Arbeitsmarkt, Produktion von Holzwerkstoffen und -bauteilen;2026-07-24T08:00:00+02:00;2026-07-24T08:00:00+02:00;Jakob BauerCharlotte EcksteinDavid GutensohnMia JanzenAnne JeschkeJulian StahnkeJulius Tröger;;false
7a09f6eb078fe98091180846519e886130655f5547defee07801fb098fcc9be3;Wie viel Qualitätsbeauftragte im Gesundheitswesen verdienen;https://www.zeit.de/arbeit/gehaltsvergleich-2026/gehaelter-vergleich-berufe-qualitaetsbeauftragte-gesundheitswesen;Neue Daten zeigen, wie sich die Gehälter seit 2013 entwickelt haben. Und in welchen ähnlichen Berufen man mehr oder weniger verdient.;"Z+ (abopflichtiger Inhalt);
        
    Gehälter im Vergleich";Arbeit, Gehälter im Vergleich, Gehaltsunterschied, Gehalt, Arbeitsmarkt, Qualitätsbeauftragte im Gesundheitswesen;2026-07-24T08:00:00+02:00;2026-07-24T08:00:00+02:00;Jakob BauerCharlotte EcksteinDavid GutensohnMia JanzenAnne JeschkeJulian StahnkeJulius Tröger;;false
fd9695bc4797e1d4061aa7a3cae92d2ada3049750fe3262d1ab13b3649994494;Wie viel man in der Programmierung verdient;https://www.zeit.de/arbeit/gehaltsvergleich-2026/gehaelter-vergleich-berufe-programmierung;Neue Daten zeigen, wie sich die Gehälter seit 2013 entwickelt haben. Und in welchen ähnlichen Berufen man mehr oder weniger verdient.;"Z+ (abopflichtiger Inhalt);
        
    Gehälter im Vergleich";Arbeit, Gehälter im Vergleich, Gehaltsunterschied, Gehalt, Arbeitsmarkt, Programmierung;2026-07-24T08:00:00+02:00;2026-07-24T08:00:00+02:00;Jakob BauerCharlotte EcksteinDavid GutensohnMia JanzenAnne JeschkeJulian StahnkeJulius Tröger;;false
c8c8a25bfb4116aef89cb9e358b880b2974356bfbddb9166f25d84c375b54565;Wie viel man in der Raumausstattung verdient;https://www.zeit.de/arbeit/gehaltsvergleich-2026/gehaelter-vergleich-berufe-raumausstattung;Neue Daten zeigen, wie sich die Gehälter seit 2013 entwickelt haben. Und in welchen ähnlichen Berufen man mehr oder weniger verdient.;"Z+ (abopflichtiger Inhalt);
        
    Gehälter im Vergleich";Arbeit, Gehälter im Vergleich, Gehaltsunterschied, Gehalt, Arbeitsmarkt, Raumausstattung;2026-07-24T08:00:00+02:00;2026-07-24T08:00:00+02:00;Jakob BauerCharlotte EcksteinDavid GutensohnMia JanzenAnne JeschkeJulian StahnkeJulius Tröger;;false
594ca29d10e16c697304dd4ab5bdba40182b8acea76156901337127a860b5d12;Wie viel man als Führungskraft im Rechnungswesen, im Controlling und in der Revision verdient;https://www.zeit.de/arbeit/gehaltsvergleich-2026/gehaelter-vergleich-berufe-rechnungswesen-controlling-revision-fuehrungskraft;Neue Daten zeigen, wie sich die Gehälter seit 2013 entwickelt haben. Und in welchen ähnlichen Berufen man mehr oder weniger verdient.;"Z+ (abopflichtiger Inhalt);
        
    Gehälter im Vergleich";Arbeit, Gehälter im Vergleich, Gehaltsunterschied, Gehalt, Arbeitsmarkt, Rechnungswesen, Controlling und Revision (Führungskraft);2026-07-24T08:00:00+02:00;2026-07-24T08:00:00+02:00;Jakob BauerCharlotte EcksteinDavid GutensohnMia JanzenAnne JeschkeJulian StahnkeJulius Tröger;;false
5475f225af628988cefef2fcdfda9212a7e6920cd8de1f34d628ceab061859bd;Wie viel man in der Rechtsberatung, Rechtsprechung und Rechtsordnung verdient;https://www.zeit.de/arbeit/gehaltsvergleich-2026/gehaelter-vergleich-berufe-rechtsberatung-rechtsprechung-rechtsordnung;Neue Daten zeigen, wie sich die Gehälter seit 2013 entwickelt haben. Und in welchen ähnlichen Berufen man mehr oder weniger verdient.;"Z+ (abopflichtiger Inhalt);
        
    Gehälter im Vergleich";Arbeit, Gehälter im Vergleich, Gehaltsunterschied, Gehalt, Arbeitsmarkt, Rechtsberatung, Rechtsprechung und Rechtsordnung;2026-07-24T08:00:00+02:00;2026-07-24T08:00:00+02:00;Jakob BauerCharlotte EcksteinDavid GutensohnMia JanzenAnne JeschkeJulian StahnkeJulius Tröger;;false
c73878f82bb6a5b00d37b459e563c522a9f3ac1980bd6091d9dc7db7637b7dee;Wie viel man als Rechtsanwältin oder Rechtsanwalt verdient;https://www.zeit.de/arbeit/gehaltsvergleich-2026/gehaelter-vergleich-berufe-rechtsanwaeltin-rechtsanwalt;Neue Daten zeigen, wie sich die Gehälter seit 2013 entwickelt haben. Und in welchen ähnlichen Berufen man mehr oder weniger verdient.;"Z+ (abopflichtiger Inhalt);
        
    Gehälter im Vergleich";Arbeit, Gehälter im Vergleich, Gehaltsunterschied, Gehalt, Arbeitsmarkt, Rechtsanwältin oder Rechtsanwalt;2026-07-24T08:00:00+02:00;2026-07-24T08:00:00+02:00;Jakob BauerCharlotte EcksteinDavid GutensohnMia JanzenAnne JeschkeJulian StahnkeJulius Tröger;;false
661ccc60f280d88d97dc2b1100475fa12d46fd8503a7b3e3091da6680287f818;Wie viel man als Führungskraft in der Rechtsberatung, Rechtsprechung und Rechtsordnung verdient;https://www.zeit.de/arbeit/gehaltsvergleich-2026/gehaelter-vergleich-berufe-rechtsberatung-rechtsprechung-rechtsordnung-fuehrungskraft;Neue Daten zeigen, wie sich die Gehälter seit 2013 entwickelt haben. Und in welchen ähnlichen Berufen man mehr oder weniger verdient.;"Z+ (abopflichtiger Inhalt);
        
    Gehälter im Vergleich";Arbeit, Gehälter im Vergleich, Gehaltsunterschied, Gehalt, Arbeitsmarkt, Rechtsberatung, Rechtsprechung, und Rechtsordnung (Führungskraft);2026-07-24T08:00:00+02:00;2026-07-24T08:00:00+02:00;Jakob BauerCharlotte EcksteinDavid GutensohnMia JanzenAnne JeschkeJulian StahnkeJulius Tröger;;false
cde2903faddb510d5c0d4d9678a04cd1c0e438c20fe4dbbd53d8d8939023889b;Wie viel man in der Rechtsberatung, Rechtsprechung und Rechtsordnung (mit Spezialisierung) verdient;https://www.zeit.de/arbeit/gehaltsvergleich-2026/gehaelter-vergleich-berufe-rechtsberatung-rechtsprechung-rechtsordnung-spezialisierung;Neue Daten zeigen, wie sich die Gehälter seit 2013 entwickelt haben. Und in welchen ähnlichen Berufen man mehr oder weniger verdient.;"Z+ (abopflichtiger Inhalt);
        
    Gehälter im Vergleich";Arbeit, Gehälter im Vergleich, Gehaltsunterschied, Gehalt, Arbeitsmarkt, Rechtsberatung, Rechtsprechung und Rechtsordnung (mit Spezialisierung);2026-07-24T08:00:00+02:00;2026-07-24T08:00:00+02:00;Jakob BauerCharlotte EcksteinDavid GutensohnMia JanzenAnne JeschkeJulian StahnkeJulius Tröger;;false
ca275a4b393352ad159e5758405110c2dc4268fc53d850caed0224887f8dfd21;Wie viel man als Führungskraft im Journalismus verdient;https://www.zeit.de/arbeit/gehaltsvergleich-2026/gehaelter-vergleich-berufe-redaktion-journalismus-fuehrungskraft;Neue Daten zeigen, wie sich die Gehälter seit 2013 entwickelt haben. Und in welchen ähnlichen Berufen man mehr oder weniger verdient.;"Z+ (abopflichtiger Inhalt);
        
    Gehälter im Vergleich";Arbeit, Gehälter im Vergleich, Gehaltsunterschied, Gehalt, Arbeitsmarkt, Redaktion und Journalismus (Führungskraft);2026-07-24T08:00:00+02:00;2026-07-24T08:00:00+02:00;Jakob BauerCharlotte EcksteinDavid GutensohnMia JanzenAnne JeschkeJulian StahnkeJulius Tröger;;false
47a2b71fdc23480dee6d36af21664b903ad0a006f583115065b331ed9d7110fe;Wie viel man als Redakteurin oder Redakteur und Journalistin oder Journalist verdient;https://www.zeit.de/arbeit/gehaltsvergleich-2026/gehaelter-vergleich-berufe-redakteurin-redakteur-journalistin-journalist;Neue Daten zeigen, wie sich die Gehälter seit 2013 entwickelt haben. Und in welchen ähnlichen Berufen man mehr oder weniger verdient.;"Z+ (abopflichtiger Inhalt);
        
    Gehälter im Vergleich";Arbeit, Gehälter im Vergleich, Gehaltsunterschied, Gehalt, Arbeitsmarkt, Redakteurin oder Redakteur und  Journalistin oder Journalist;2026-07-24T08:00:00+02:00;2026-07-24T08:00:00+02:00;Jakob BauerCharlotte EcksteinDavid GutensohnMia JanzenAnne JeschkeJulian StahnkeJulius Tröger;;false
c64971c8e6504feb666d01c9425d6024e297f705092ff40a61a1fa8b83acbed5;Wie viel man in der regenerativen Energietechnik verdient;https://www.zeit.de/arbeit/gehaltsvergleich-2026/gehaelter-vergleich-berufe-regenerative-energietechnik;Neue Daten zeigen, wie sich die Gehälter seit 2013 entwickelt haben. Und in welchen ähnlichen Berufen man mehr oder weniger verdient.;"Z+ (abopflichtiger Inhalt);
        
    Gehälter im Vergleich";Arbeit, Gehälter im Vergleich, Gehaltsunterschied, Gehalt, Arbeitsmarkt, Regenerative Energietechnik;2026-07-24T08:00:00+02:00;2026-07-24T08:00:00+02:00;Jakob BauerCharlotte EcksteinDavid GutensohnMia JanzenAnne JeschkeJulian StahnkeJulius Tröger;;false
79989e0858d502df48ad75ddc3121f5813d231273287608b42ea674635209f87;Wie viel man in der Regie verdient;https://www.zeit.de/arbeit/gehaltsvergleich-2026/gehaelter-vergleich-berufe-regie;Neue Daten zeigen, wie sich die Gehälter seit 2013 entwickelt haben. Und in welchen ähnlichen Berufen man mehr oder weniger verdient.;"Z+ (abopflichtiger Inhalt);
        
    Gehälter im Vergleich";Arbeit, Gehälter im Vergleich, Gehaltsunterschied, Gehalt, Arbeitsmarkt, Regie;2026-07-24T08:00:00+02:00;2026-07-24T08:00:00+02:00;Jakob BauerCharlotte EcksteinDavid GutensohnMia JanzenAnne JeschkeJulian StahnkeJulius Tröger;;false
28a03ef2f7f1cb466f314c26cd7366efaec7208d17b17d5820f97ad559d08684;Wie viel man in der Reifen- und Vulkanisationstechnik verdient;https://www.zeit.de/arbeit/gehaltsvergleich-2026/gehaelter-vergleich-berufe-reifentechnik-vulkanisationstechnik;Neue Daten zeigen, wie sich die Gehälter seit 2013 entwickelt haben. Und in welchen ähnlichen Berufen man mehr oder weniger verdient.;"Z+ (abopflichtiger Inhalt);
        
    Gehälter im Vergleich";Arbeit, Gehälter im Vergleich, Gehaltsunterschied, Gehalt, Arbeitsmarkt, Reifen- und Vulkanisationstechnik;2026-07-24T08:00:00+02:00;2026-07-24T08:00:00+02:00;Jakob BauerCharlotte EcksteinDavid GutensohnMia JanzenAnne JeschkeJulian StahnkeJulius Tröger;;false
0a308056f933f1b4f49a94b4575733daeb575a8f7c947eab494eaf9d0baa4ec7;Wie viel man als Führungskraft in der Reinigung verdient;https://www.zeit.de/arbeit/gehaltsvergleich-2026/gehaelter-vergleich-berufe-reinigung-fuehrungskraft;Neue Daten zeigen, wie sich die Gehälter seit 2013 entwickelt haben. Und in welchen ähnlichen Berufen man mehr oder weniger verdient.;"Z+ (abopflichtiger Inhalt);
        
    Gehälter im Vergleich";Arbeit, Gehälter im Vergleich, Gehaltsunterschied, Gehalt, Arbeitsmarkt, Reinigung (Führungskraft);2026-07-24T08:00:00+02:00;2026-07-24T08:00:00+02:00;Jakob BauerCharlotte EcksteinDavid GutensohnMia JanzenAnne JeschkeJulian StahnkeJulius Tröger;;false
dcfe62d80904e8eec926b5d565e0250a14536f86e51e4faa84f225d1e35b5ba4;Wie viel man in der Reinigung verdient;https://www.zeit.de/arbeit/gehaltsvergleich-2026/gehaelter-vergleich-berufe-reinigung;Neue Daten zeigen, wie sich die Gehälter seit 2013 entwickelt haben. Und in welchen ähnlichen Berufen man mehr oder weniger verdient.;"Z+ (abopflichtiger Inhalt);
        
    Gehälter im Vergleich";Arbeit, Gehälter im Vergleich, Gehaltsunterschied, Gehalt, Arbeitsmarkt, Reinigung;2026-07-24T08:00:00+02:00;2026-07-24T08:00:00+02:00;Jakob BauerCharlotte EcksteinDavid GutensohnMia JanzenAnne JeschkeJulian StahnkeJulius Tröger;;false
38b66b98d0b1df071b078a0e12f72e0d5263583e4e16e764b09b94cf96d0fdca;Wie viel man als Reiterin oder Reiter verdient;https://www.zeit.de/arbeit/gehaltsvergleich-2026/gehaelter-vergleich-berufe-reiterin-reiter;Neue Daten zeigen, wie sich die Gehälter seit 2013 entwickelt haben. Und in welchen ähnlichen Berufen man mehr oder weniger verdient.;"Z+ (abopflichtiger Inhalt);
        
    Gehälter im Vergleich";Arbeit, Gehälter im Vergleich, Gehaltsunterschied, Gehalt, Arbeitsmarkt, Reiterin oder Reiter;2026-07-24T08:00:00+02:00;2026-07-24T08:00:00+02:00;Jakob BauerCharlotte EcksteinDavid GutensohnMia JanzenAnne JeschkeJulian StahnkeJulius Tröger;;false
cdf699178405305112e90d915bf955117f44614a2896b8f5331e85b6eead05f5;Wie viel man in der Religionspädagogik verdient;https://www.zeit.de/arbeit/gehaltsvergleich-2026/gehaelter-vergleich-berufe-religionspaedagogik;Neue Daten zeigen, wie sich die Gehälter seit 2013 entwickelt haben. Und in welchen ähnlichen Berufen man mehr oder weniger verdient.;"Z+ (abopflichtiger Inhalt);
        
    Gehälter im Vergleich";Arbeit, Gehälter im Vergleich, Gehaltsunterschied, Gehalt, Arbeitsmarkt, Religionspädagogik;2026-07-24T08:00:00+02:00;2026-07-24T08:00:00+02:00;Jakob BauerCharlotte EcksteinDavid GutensohnMia JanzenAnne JeschkeJulian StahnkeJulius Tröger;;false
2fcec02d7e92ffcf2b2a748a62f7b9e636f41c18acaff2617926045fb7a6ccd3;Wie viel man im Rettungsdienst verdient;https://www.zeit.de/arbeit/gehaltsvergleich-2026/gehaelter-vergleich-berufe-rettungsdienst;Neue Daten zeigen, wie sich die Gehälter seit 2013 entwickelt haben. Und in welchen ähnlichen Berufen man mehr oder weniger verdient.;"Z+ (abopflichtiger Inhalt);
        
    Gehälter im Vergleich";Arbeit, Gehälter im Vergleich, Gehaltsunterschied, Gehalt, Arbeitsmarkt, Rettungsdienst;2026-07-24T08:00:00+02:00;2026-07-24T08:00:00+02:00;Jakob BauerCharlotte EcksteinDavid GutensohnMia JanzenAnne JeschkeJulian StahnkeJulius Tröger;;false
9b5b58b2f59b3294971f31f4a3f3b8a6cfa2354291b3d8eac90fd4d4906d45da;Wie viel man in der Requisite verdient;https://www.zeit.de/arbeit/gehaltsvergleich-2026/gehaelter-vergleich-berufe-requisite;Neue Daten zeigen, wie sich die Gehälter seit 2013 entwickelt haben. Und in welchen ähnlichen Berufen man mehr oder weniger verdient.;"Z+ (abopflichtiger Inhalt);
        
    Gehälter im Vergleich";Arbeit, Gehälter im Vergleich, Gehaltsunterschied, Gehalt, Arbeitsmarkt, Requisite;2026-07-24T08:00:00+02:00;2026-07-24T08:00:00+02:00;Jakob BauerCharlotte EcksteinDavid GutensohnMia JanzenAnne JeschkeJulian StahnkeJulius Tröger;;false
94ca01634ac4622193253f78ad825570ed8d49d78b24c41bcc71a2300bbd8ee4;Wie viel man im Rohrleitungsbau verdient;https://www.zeit.de/arbeit/gehaltsvergleich-2026/gehaelter-vergleich-berufe-rohrleitungsbau;Neue Daten zeigen, wie sich die Gehälter seit 2013 entwickelt haben. Und in welchen ähnlichen Berufen man mehr oder weniger verdient.;"Z+ (abopflichtiger Inhalt);
        
    Gehälter im Vergleich";Arbeit, Gehälter im Vergleich, Gehaltsunterschied, Gehalt, Arbeitsmarkt, Rohrleitungsbau;2026-07-24T08:00:00+02:00;2026-07-24T08:00:00+02:00;Jakob BauerCharlotte EcksteinDavid GutensohnMia JanzenAnne JeschkeJulian StahnkeJulius Tröger;;false
297cd061e38923c182dfda1ad1821f54cc93d70027ee307d878680884016d482;Wie viel man im Rollladen- und Jalousiebau verdient;https://www.zeit.de/arbeit/gehaltsvergleich-2026/gehaelter-vergleich-berufe-rollladenbau-jalousiebau;Neue Daten zeigen, wie sich die Gehälter seit 2013 entwickelt haben. Und in welchen ähnlichen Berufen man mehr oder weniger verdient.;"Z+ (abopflichtiger Inhalt);
        
    Gehälter im Vergleich";Arbeit, Gehälter im Vergleich, Gehaltsunterschied, Gehalt, Arbeitsmarkt, Rollladen- und Jalousiebau;2026-07-24T08:00:00+02:00;2026-07-24T08:00:00+02:00;Jakob BauerCharlotte EcksteinDavid GutensohnMia JanzenAnne JeschkeJulian StahnkeJulius Tröger;;false
231f995452349d8664c072942d2100fe0934ae10dd3226983606a346e718fc38;Wie viel man in der Sanitär-, Heizungs- und Klimatechnik verdient;https://www.zeit.de/arbeit/gehaltsvergleich-2026/gehaelter-vergleich-berufe-sanitaertechnik-heizungstechnik-klimatechnik;Neue Daten zeigen, wie sich die Gehälter seit 2013 entwickelt haben. Und in welchen ähnlichen Berufen man mehr oder weniger verdient.;"Z+ (abopflichtiger Inhalt);
        
    Gehälter im Vergleich";Arbeit, Gehälter im Vergleich, Gehaltsunterschied, Gehalt, Arbeitsmarkt, Sanitär-, Heizungs- und Klimatechnik;2026-07-24T08:00:00+02:00;2026-07-24T08:00:00+02:00;Jakob BauerCharlotte EcksteinDavid GutensohnMia JanzenAnne JeschkeJulian StahnkeJulius Tröger;;false
9396f908dcd98febe6873cc68bc538a2b59beb3dbe529179ef764fab98e2c4eb;Wie viel man als Sängerin oder Sänger verdient;https://www.zeit.de/arbeit/gehaltsvergleich-2026/gehaelter-vergleich-berufe-saengerin-saenger;Neue Daten zeigen, wie sich die Gehälter seit 2013 entwickelt haben. Und in welchen ähnlichen Berufen man mehr oder weniger verdient.;"Z+ (abopflichtiger Inhalt);
        
    Gehälter im Vergleich";Arbeit, Gehälter im Vergleich, Gehaltsunterschied, Gehalt, Arbeitsmarkt, Sängerin oder Sänger;2026-07-24T08:00:00+02:00;2026-07-24T08:00:00+02:00;Jakob BauerCharlotte EcksteinDavid GutensohnMia JanzenAnne JeschkeJulian StahnkeJulius Tröger;;false
ac193eb526af9222cad7aa4f27569eb53e82908b0654d3a18d73fcb01dc7a04d;Wie viel man in der Sattlerei und Herstellung von Lederutensilien verdient;https://www.zeit.de/arbeit/gehaltsvergleich-2026/gehaelter-vergleich-berufe-sattlerei-herstellung-lederutensilien;Neue Daten zeigen, wie sich die Gehälter seit 2013 entwickelt haben. Und in welchen ähnlichen Berufen man mehr oder weniger verdient.;"Z+ (abopflichtiger Inhalt);
        
    Gehälter im Vergleich";Arbeit, Gehälter im Vergleich, Gehaltsunterschied, Gehalt, Arbeitsmarkt, Sattlerei und Herstellung von Lederutensilien;2026-07-24T08:00:00+02:00;2026-07-24T08:00:00+02:00;Jakob BauerCharlotte EcksteinDavid GutensohnMia JanzenAnne JeschkeJulian StahnkeJulius Tröger;;false
55c098e2774f799c0e7bedebdea6a12cbe41a9eddcd2ed31deb2f3892e8aa72c;Wie viel man als Schauspielerin oder Schauspieler verdient;https://www.zeit.de/arbeit/gehaltsvergleich-2026/gehaelter-vergleich-berufe-schauspielerin-schauspieler;Neue Daten zeigen, wie sich die Gehälter seit 2013 entwickelt haben. Und in welchen ähnlichen Berufen man mehr oder weniger verdient.;"Z+ (abopflichtiger Inhalt);
        
    Gehälter im Vergleich";Arbeit, Gehälter im Vergleich, Gehaltsunterschied, Gehalt, Arbeitsmarkt, Schauspielerin oder Schauspieler;2026-07-24T08:00:00+02:00;2026-07-24T08:00:00+02:00;Jakob BauerCharlotte EcksteinDavid GutensohnMia JanzenAnne JeschkeJulian StahnkeJulius Tröger;;false
13c8bea2ceff0cbffdcd9e26a554d03126bc7e4a3e37dd51cf44ed6d27f729b7;Wie viel man in der Schiffbautechnik verdient;https://www.zeit.de/arbeit/gehaltsvergleich-2026/gehaelter-vergleich-berufe-schiffbautechnik;Neue Daten zeigen, wie sich die Gehälter seit 2013 entwickelt haben. Und in welchen ähnlichen Berufen man mehr oder weniger verdient.;"Z+ (abopflichtiger Inhalt);
        
    Gehälter im Vergleich";Arbeit, Gehälter im Vergleich, Gehaltsunterschied, Gehalt, Arbeitsmarkt, Schiffbautechnik;2026-07-24T08:00:00+02:00;2026-07-24T08:00:00+02:00;Jakob BauerCharlotte EcksteinDavid GutensohnMia JanzenAnne JeschkeJulian StahnkeJulius Tröger;;false
c1efa29146891c8a8cdd758a592bace94dfb1bcb666bbc9a6fe09d7870a33b88;Wie viel man als Schifffahrtskauffrau oder -kaufmann verdient;https://www.zeit.de/arbeit/gehaltsvergleich-2026/gehaelter-vergleich-berufe-schifffahrtskauffrau-schifffahrtskaufmann;Neue Daten zeigen, wie sich die Gehälter seit 2013 entwickelt haben. Und in welchen ähnlichen Berufen man mehr oder weniger verdient.;"Z+ (abopflichtiger Inhalt);
        
    Gehälter im Vergleich";Arbeit, Gehälter im Vergleich, Gehaltsunterschied, Gehalt, Arbeitsmarkt, Schifffahrtskauffrau oder -mann;2026-07-24T08:00:00+02:00;2026-07-24T08:00:00+02:00;Jakob BauerCharlotte EcksteinDavid GutensohnMia JanzenAnne JeschkeJulian StahnkeJulius Tröger;;false
1dcd88101c7b18eece9c49be98fe63ad20ed622bb9679602f2a8cf7b84e1606d;Wie viel man als Schiffsführerin oder -führer im Binnen- und Hafenverkehr verdient;https://www.zeit.de/arbeit/gehaltsvergleich-2026/gehaelter-vergleich-berufe-schiffsfuehrerin-schiffsfuehrer-binnen-hafenverkehr;Neue Daten zeigen, wie sich die Gehälter seit 2013 entwickelt haben. Und in welchen ähnlichen Berufen man mehr oder weniger verdient.;"Z+ (abopflichtiger Inhalt);
        
    Gehälter im Vergleich";Arbeit, Gehälter im Vergleich, Gehaltsunterschied, Gehalt, Arbeitsmarkt, Schiffsführerin oder-führer im Binnen- und Hafenverkehr;2026-07-24T08:00:00+02:00;2026-07-24T08:00:00+02:00;Jakob BauerCharlotte EcksteinDavid GutensohnMia JanzenAnne JeschkeJulian StahnkeJulius Tröger;;false
dda9cb736d6c45361116cf9ec559745f18c74fa07111042c971ec367fe63ac2b;Wie viel man in der Schilder- und Lichtreklameherstellung verdient;https://www.zeit.de/arbeit/gehaltsvergleich-2026/gehaelter-vergleich-berufe-schilderherstellung-lichtreklameherstellung;Neue Daten zeigen, wie sich die Gehälter seit 2013 entwickelt haben. Und in welchen ähnlichen Berufen man mehr oder weniger verdient.;"Z+ (abopflichtiger Inhalt);
        
    Gehälter im Vergleich";Arbeit, Gehälter im Vergleich, Gehaltsunterschied, Gehalt, Arbeitsmarkt, Schilder- und Lichtreklameherstellung;2026-07-24T08:00:00+02:00;2026-07-24T08:00:00+02:00;Jakob BauerCharlotte EcksteinDavid GutensohnMia JanzenAnne JeschkeJulian StahnkeJulius Tröger;;false
2a31bb0d253bdf77749136db09b44a35749e2d4822c5efe3f6fa1d47aeb2d354;Wie viel man in der schleifenden Metallbearbeitung verdient;https://www.zeit.de/arbeit/gehaltsvergleich-2026/gehaelter-vergleich-berufe-schleifende-metallbearbeitung;Neue Daten zeigen, wie sich die Gehälter seit 2013 entwickelt haben. Und in welchen ähnlichen Berufen man mehr oder weniger verdient.;"Z+ (abopflichtiger Inhalt);
        
    Gehälter im Vergleich";Arbeit, Gehälter im Vergleich, Gehaltsunterschied, Gehalt, Arbeitsmarkt, Schleifende Metallbearbeitung;2026-07-24T08:00:00+02:00;2026-07-24T08:00:00+02:00;Jakob BauerCharlotte EcksteinDavid GutensohnMia JanzenAnne JeschkeJulian StahnkeJulius Tröger;;false
ecc491aec675f2767df1ca46318912aa0d02730152df6d2046bf2e3b71861038;Wie viel man im Schmuck- und Uhrenverkauf verdient;https://www.zeit.de/arbeit/gehaltsvergleich-2026/gehaelter-vergleich-berufe-schmuckverkauf-uhrenverkauf;Neue Daten zeigen, wie sich die Gehälter seit 2013 entwickelt haben. Und in welchen ähnlichen Berufen man mehr oder weniger verdient.;"Z+ (abopflichtiger Inhalt);
        
    Gehälter im Vergleich";Arbeit, Gehälter im Vergleich, Gehaltsunterschied, Gehalt, Arbeitsmarkt, Schmuck- und Uhrenverkauf;2026-07-24T08:00:00+02:00;2026-07-24T08:00:00+02:00;Jakob BauerCharlotte EcksteinDavid GutensohnMia JanzenAnne JeschkeJulian StahnkeJulius Tröger;;false
627da61a685402f521d96351daed7488a1c3944e8deea7e96dbe9420ccadc126;Wie viel man im Schornsteinbau verdient;https://www.zeit.de/arbeit/gehaltsvergleich-2026/gehaelter-vergleich-berufe-schornsteinbau;Neue Daten zeigen, wie sich die Gehälter seit 2013 entwickelt haben. Und in welchen ähnlichen Berufen man mehr oder weniger verdient.;"Z+ (abopflichtiger Inhalt);
        
    Gehälter im Vergleich";Arbeit, Gehälter im Vergleich, Gehaltsunterschied, Gehalt, Arbeitsmarkt, Schornsteinbau;2026-07-24T08:00:00+02:00;2026-07-24T08:00:00+02:00;Jakob BauerCharlotte EcksteinDavid GutensohnMia JanzenAnne JeschkeJulian StahnkeJulius Tröger;;false
cd36f4db5507fe9d6dfc2eb4315da2752d3b74046f5a2ec81630c927a94d1a44;Wie viel man als Schornsteinfegerin oder Schornsteinfeger verdient;https://www.zeit.de/arbeit/gehaltsvergleich-2026/gehaelter-vergleich-berufe-schornsteinfegerin-schornsteinfeger;Neue Daten zeigen, wie sich die Gehälter seit 2013 entwickelt haben. Und in welchen ähnlichen Berufen man mehr oder weniger verdient.;"Z+ (abopflichtiger Inhalt);
        
    Gehälter im Vergleich";Arbeit, Gehälter im Vergleich, Gehaltsunterschied, Gehalt, Arbeitsmarkt, Schornsteinfegerin oder Schornsteinfeger;2026-07-24T08:00:00+02:00;2026-07-24T08:00:00+02:00;Jakob BauerCharlotte EcksteinDavid GutensohnMia JanzenAnne JeschkeJulian StahnkeJulius Tröger;;false
65eb9a19dc84d40bbf1a6330aa5a7cf338392467a939a4ea0c609c7a3f936081;Wie viel man als Führungskraft im Servicebereich des Personenverkehrs verdient;https://www.zeit.de/arbeit/gehaltsvergleich-2026/gehaelter-vergleich-berufe-servicebereich-des-personenverkehr-fuehrungskraft;Neue Daten zeigen, wie sich die Gehälter seit 2013 entwickelt haben. Und in welchen ähnlichen Berufen man mehr oder weniger verdient.;"Z+ (abopflichtiger Inhalt);
        
    Gehälter im Vergleich";Arbeit, Gehälter im Vergleich, Gehaltsunterschied, Gehalt, Arbeitsmarkt, Servicebereich des Personenverkehrs (Führungskraft);2026-07-24T08:00:00+02:00;2026-07-24T08:00:00+02:00;Jakob BauerCharlotte EcksteinDavid GutensohnMia JanzenAnne JeschkeJulian StahnkeJulius Tröger;;false
13e8231b319651c3c00c8e44093370d4cdfa84210eda19df5011f7d75f3b41a9;Wie viel man in der Schweiß- und Verbindungstechnik verdient;https://www.zeit.de/arbeit/gehaltsvergleich-2026/gehaelter-vergleich-berufe-schweisstechnik-verbindungstechnik;Neue Daten zeigen, wie sich die Gehälter seit 2013 entwickelt haben. Und in welchen ähnlichen Berufen man mehr oder weniger verdient.;"Z+ (abopflichtiger Inhalt);
        
    Gehälter im Vergleich";Arbeit, Gehälter im Vergleich, Gehaltsunterschied, Gehalt, Arbeitsmarkt, Schweiß- und Verbindungstechnik;2026-07-24T08:00:00+02:00;2026-07-24T08:00:00+02:00;Jakob BauerCharlotte EcksteinDavid GutensohnMia JanzenAnne JeschkeJulian StahnkeJulius Tröger;;false
4ac0842d9330dc4a560be8de2e5353c0d98d9d07db7995b310cd2d9076d5121f;Wie viel man in der Schuhherstellung verdient;https://www.zeit.de/arbeit/gehaltsvergleich-2026/gehaelter-vergleich-berufe-schuhherstellung;Neue Daten zeigen, wie sich die Gehälter seit 2013 entwickelt haben. Und in welchen ähnlichen Berufen man mehr oder weniger verdient.;"Z+ (abopflichtiger Inhalt);
        
    Gehälter im Vergleich";Arbeit, Gehälter im Vergleich, Gehaltsunterschied, Gehalt, Arbeitsmarkt, Schuhherstellung;2026-07-24T08:00:00+02:00;2026-07-24T08:00:00+02:00;Jakob BauerCharlotte EcksteinDavid GutensohnMia JanzenAnne JeschkeJulian StahnkeJulius Tröger;;false
c1815205c5ac4a5744edb735246e95d955c7ef11ab6be4119d14ca094b782531;Wie viel man als Servicekraft im Luftverkehr verdient;https://www.zeit.de/arbeit/gehaltsvergleich-2026/gehaelter-vergleich-berufe-servicefachkraefte-luftverkehr;Neue Daten zeigen, wie sich die Gehälter seit 2013 entwickelt haben. Und in welchen ähnlichen Berufen man mehr oder weniger verdient.;"Z+ (abopflichtiger Inhalt);
        
    Gehälter im Vergleich";Arbeit, Gehälter im Vergleich, Gehaltsunterschied, Gehalt, Arbeitsmarkt, Servicefachkräfte im Luftverkehr;2026-07-24T08:00:00+02:00;2026-07-24T08:00:00+02:00;Jakob BauerCharlotte EcksteinDavid GutensohnMia JanzenAnne JeschkeJulian StahnkeJulius Tröger;;false
92e7e2d2f6e3e26031ca349162b86e5c5704d60125fa62e2dbf1af744e0e1ebf;Wie viel man in der Softwareentwicklung verdient;https://www.zeit.de/arbeit/gehaltsvergleich-2026/gehaelter-vergleich-berufe-softwareentwicklung;Neue Daten zeigen, wie sich die Gehälter seit 2013 entwickelt haben. Und in welchen ähnlichen Berufen man mehr oder weniger verdient.;"Z+ (abopflichtiger Inhalt);
        
    Gehälter im Vergleich";Arbeit, Gehälter im Vergleich, Gehaltsunterschied, Gehalt, Arbeitsmarkt, Softwareentwicklung;2026-07-24T08:00:00+02:00;2026-07-24T08:00:00+02:00;Jakob BauerCharlotte EcksteinDavid GutensohnMia JanzenAnne JeschkeJulian StahnkeJulius Tröger;;false
815c3f94ff8fe8b084d48fdde228795f2ae452f7ebd66dcbf417ed25532c00d6;Wie viel man in der Soziologie verdient;https://www.zeit.de/arbeit/gehaltsvergleich-2026/gehaelter-vergleich-berufe-soziologie;Neue Daten zeigen, wie sich die Gehälter seit 2013 entwickelt haben. Und in welchen ähnlichen Berufen man mehr oder weniger verdient.;"Z+ (abopflichtiger Inhalt);
        
    Gehälter im Vergleich";Arbeit, Gehälter im Vergleich, Gehaltsunterschied, Gehalt, Arbeitsmarkt, Soziologie;2026-07-24T08:00:00+02:00;2026-07-24T08:00:00+02:00;Jakob BauerCharlotte EcksteinDavid GutensohnMia JanzenAnne JeschkeJulian StahnkeJulius Tröger;;false
4316fea0362097936778b5c62a3eaee198261a6d6ccfa87644f594b7a83bf929;Wie viel man als Führungskraft in der Softwareentwicklung und Programmierung verdient;https://www.zeit.de/arbeit/gehaltsvergleich-2026/gehaelter-vergleich-berufe-softwareentwicklung-programmierung-fuehrungskraft;Neue Daten zeigen, wie sich die Gehälter seit 2013 entwickelt haben. Und in welchen ähnlichen Berufen man mehr oder weniger verdient.;"Z+ (abopflichtiger Inhalt);
        
    Gehälter im Vergleich";Arbeit, Gehälter im Vergleich, Gehaltsunterschied, Gehalt, Arbeitsmarkt, Softwareentwicklung und Programmierung (Führungskraft);2026-07-24T08:00:00+02:00;2026-07-24T08:00:00+02:00;Jakob BauerCharlotte EcksteinDavid GutensohnMia JanzenAnne JeschkeJulian StahnkeJulius Tröger;;false
933aceaa635725a66b8d32a517fde14c26c28210430287872b0132d9521346ab;Wie viel man als Servicekraft im Straßen- und Schienenverkehr verdient;https://www.zeit.de/arbeit/gehaltsvergleich-2026/gehaelter-vergleich-berufe-servicefachkraefte-strassenverkehr-schienenverkehr;Neue Daten zeigen, wie sich die Gehälter seit 2013 entwickelt haben. Und in welchen ähnlichen Berufen man mehr oder weniger verdient.;"Z+ (abopflichtiger Inhalt);
        
    Gehälter im Vergleich";Arbeit, Gehälter im Vergleich, Gehaltsunterschied, Gehalt, Arbeitsmarkt, Servicefachkräfte im Straßen- und Schienenverkehr;2026-07-24T08:00:00+02:00;2026-07-24T08:00:00+02:00;Jakob BauerCharlotte EcksteinDavid GutensohnMia JanzenAnne JeschkeJulian StahnkeJulius Tröger;;false
03ec2ad4b044b797e4d4e37cc3fb5e4b1d4a691236ccce06ed343fee62e8cd5e;Wie viel man in der Sozialverwaltung und -versicherung verdient;https://www.zeit.de/arbeit/gehaltsvergleich-2026/gehaelter-vergleich-berufe-sozialverwaltung-sozialversicherung;Neue Daten zeigen, wie sich die Gehälter seit 2013 entwickelt haben. Und in welchen ähnlichen Berufen man mehr oder weniger verdient.;"Z+ (abopflichtiger Inhalt);
        
    Gehälter im Vergleich";Arbeit, Gehälter im Vergleich, Gehaltsunterschied, Gehalt, Arbeitsmarkt, Sozialverwaltung und -versicherung;2026-07-24T08:00:00+02:00;2026-07-24T08:00:00+02:00;Jakob BauerCharlotte EcksteinDavid GutensohnMia JanzenAnne JeschkeJulian StahnkeJulius Tröger;;false
e67ed50727c3fe5022c32c22706244ee45041f4bd6cce9e3c1e8b74fb26ae4b3;Wie viel man in der Sozialarbeit und Sozialpädagogik verdient;https://www.zeit.de/arbeit/gehaltsvergleich-2026/gehaelter-vergleich-berufe-sozialarbeit-sozialpaedagogik;Neue Daten zeigen, wie sich die Gehälter seit 2013 entwickelt haben. Und in welchen ähnlichen Berufen man mehr oder weniger verdient.;"Z+ (abopflichtiger Inhalt);
        
    Gehälter im Vergleich";Arbeit, Gehälter im Vergleich, Gehaltsunterschied, Gehalt, Arbeitsmarkt, Sozialarbeit und Sozialpädagogik;2026-07-24T08:00:00+02:00;2026-07-24T08:00:00+02:00;Jakob BauerCharlotte EcksteinDavid GutensohnMia JanzenAnne JeschkeJulian StahnkeJulius Tröger;;false
994ddf45ce22197e2293cb818634ce7c3aa73fea5443cdb2098a566d23b9f47c;Wie viel man in der Sozial-, Erziehungs- und Suchtberatung verdient;https://www.zeit.de/arbeit/gehaltsvergleich-2026/gehaelter-vergleich-berufe-sozialberatung-erziehungsberatung-suchtberatung;Neue Daten zeigen, wie sich die Gehälter seit 2013 entwickelt haben. Und in welchen ähnlichen Berufen man mehr oder weniger verdient.;"Z+ (abopflichtiger Inhalt);
        
    Gehälter im Vergleich";Arbeit, Gehälter im Vergleich, Gehaltsunterschied, Gehalt, Arbeitsmarkt, Sozial-, Erziehungs- und Suchtberatung;2026-07-24T08:00:00+02:00;2026-07-24T08:00:00+02:00;Jakob BauerCharlotte EcksteinDavid GutensohnMia JanzenAnne JeschkeJulian StahnkeJulius Tröger;;false
5a9a8c1d81783dd6b33cddda0312ce1706dc4a9e85ea7f1582e413f2c6b26718;Wie viel man als Speditions- und Logistikkauffrau oder -kaufmann verdient;https://www.zeit.de/arbeit/gehaltsvergleich-2026/gehaelter-vergleich-berufe-speditionskauffrau-logistikkauffrau-speditionskaufmann-logistikkaufmann;Neue Daten zeigen, wie sich die Gehälter seit 2013 entwickelt haben. Und in welchen ähnlichen Berufen man mehr oder weniger verdient.;"Z+ (abopflichtiger Inhalt);
        
    Gehälter im Vergleich";Arbeit, Gehälter im Vergleich, Gehaltsunterschied, Gehalt, Arbeitsmarkt, Speditions- und Logistikkauffrau oder -mann;2026-07-24T08:00:00+02:00;2026-07-24T08:00:00+02:00;Jakob BauerCharlotte EcksteinDavid GutensohnMia JanzenAnne JeschkeJulian StahnkeJulius Tröger;;false
3f993a5ac51d62153c1013bf22fc2adcaaaccbc885e920d008183414b00d2ea9;Wie viel man in der spanlosen Metallbearbeitung verdient;https://www.zeit.de/arbeit/gehaltsvergleich-2026/gehaelter-vergleich-berufe-spanlose-metallbearbeitung;Neue Daten zeigen, wie sich die Gehälter seit 2013 entwickelt haben. Und in welchen ähnlichen Berufen man mehr oder weniger verdient.;"Z+ (abopflichtiger Inhalt);
        
    Gehälter im Vergleich";Arbeit, Gehälter im Vergleich, Gehaltsunterschied, Gehalt, Arbeitsmarkt, Spanlose Metallbearbeitung;2026-07-24T08:00:00+02:00;2026-07-24T08:00:00+02:00;Jakob BauerCharlotte EcksteinDavid GutensohnMia JanzenAnne JeschkeJulian StahnkeJulius Tröger;;false
204f8714c5138c95ad9c26625d08eeb9d85c90e283cec800b0477f17e55f5381;Wie viel man in der spanenden Metallbearbeitung verdient;https://www.zeit.de/arbeit/gehaltsvergleich-2026/gehaelter-vergleich-berufe-spanende-metallbearbeitung;Neue Daten zeigen, wie sich die Gehälter seit 2013 entwickelt haben. Und in welchen ähnlichen Berufen man mehr oder weniger verdient.;"Z+ (abopflichtiger Inhalt);
        
    Gehälter im Vergleich";Arbeit, Gehälter im Vergleich, Gehaltsunterschied, Gehalt, Arbeitsmarkt, Spanende Metallbearbeitung;2026-07-24T08:00:00+02:00;2026-07-24T08:00:00+02:00;Jakob BauerCharlotte EcksteinDavid GutensohnMia JanzenAnne JeschkeJulian StahnkeJulius Tröger;;false
4559fb7d09de4e0b2b70bfb52c3632d7fa248001b9f9e008c636ea48f0fe38b2;Wie viel man als Führungskraft in der Speisenzubereitung verdient;https://www.zeit.de/arbeit/gehaltsvergleich-2026/gehaelter-vergleich-berufe-speisenzubereitung-fuehrungskraft;Neue Daten zeigen, wie sich die Gehälter seit 2013 entwickelt haben. Und in welchen ähnlichen Berufen man mehr oder weniger verdient.;"Z+ (abopflichtiger Inhalt);
        
    Gehälter im Vergleich";Arbeit, Gehälter im Vergleich, Gehaltsunterschied, Gehalt, Arbeitsmarkt, Speisenzubereitung (Führungskraft);2026-07-24T08:00:00+02:00;2026-07-24T08:00:00+02:00;Jakob BauerCharlotte EcksteinDavid GutensohnMia JanzenAnne JeschkeJulian StahnkeJulius Tröger;;false
e7f9d9f479c0f73a8a24ef1c09c52ab250a8be98bfcf437ad97f51405f8b3e04;Wie viel man als Sportlehrerin oder Sportlehrer verdient;https://www.zeit.de/arbeit/gehaltsvergleich-2026/gehaelter-vergleich-berufe-sportlehrerin-sportlehrer;Neue Daten zeigen, wie sich die Gehälter seit 2013 entwickelt haben. Und in welchen ähnlichen Berufen man mehr oder weniger verdient.;"Z+ (abopflichtiger Inhalt);
        
    Gehälter im Vergleich";Arbeit, Gehälter im Vergleich, Gehaltsunterschied, Gehalt, Arbeitsmarkt, Sportlehrerin oder Sportlehrer;2026-07-24T08:00:00+02:00;2026-07-24T08:00:00+02:00;Jakob BauerCharlotte EcksteinDavid GutensohnMia JanzenAnne JeschkeJulian StahnkeJulius Tröger;;false
ac6c1c3eb8024bf09c3bf84b95f01ccc9b7e5f4d432539fef827f26c40331789;Wie viel man als Sportlehrerin oder Sportlehrer (mit Spezialisierung) verdient;https://www.zeit.de/arbeit/gehaltsvergleich-2026/gehaelter-vergleich-berufe-sportlehrerin-sportlehrer-spezialisierung;Neue Daten zeigen, wie sich die Gehälter seit 2013 entwickelt haben. Und in welchen ähnlichen Berufen man mehr oder weniger verdient.;"Z+ (abopflichtiger Inhalt);
        
    Gehälter im Vergleich";Arbeit, Gehälter im Vergleich, Gehaltsunterschied, Gehalt, Arbeitsmarkt, Sportlehrerin oder Sportlehrer (mit Spezialisierung);2026-07-24T08:00:00+02:00;2026-07-24T08:00:00+02:00;Jakob BauerCharlotte EcksteinDavid GutensohnMia JanzenAnne JeschkeJulian StahnkeJulius Tröger;;false
cd76867e14236c1f4474b0b5ff409faf6b34d1f9ebaad2a71e95ad55d8785118;Wie viel man als Straßen- und Tunnelwärterin oder -wärter verdient;https://www.zeit.de/arbeit/gehaltsvergleich-2026/gehaelter-vergleich-berufe-strassenwaerterin-tunnelwaerterin-strassenwaerter-tunnelwaerter;Neue Daten zeigen, wie sich die Gehälter seit 2013 entwickelt haben. Und in welchen ähnlichen Berufen man mehr oder weniger verdient.;"Z+ (abopflichtiger Inhalt);
        
    Gehälter im Vergleich";Arbeit, Gehälter im Vergleich, Gehaltsunterschied, Gehalt, Arbeitsmarkt, Straßen- und Tunnelwärterin und -wärter;2026-07-24T08:00:00+02:00;2026-07-24T08:00:00+02:00;Jakob BauerCharlotte EcksteinDavid GutensohnMia JanzenAnne JeschkeJulian StahnkeJulius Tröger;;false
07c620688ff2072d31516e6e63fc1c871d26a251cfbffdc749e7b78390d022ae;Wie viel man in der Süßwarenherstellung verdient;https://www.zeit.de/arbeit/gehaltsvergleich-2026/gehaelter-vergleich-berufe-suesswarenherstellung;Neue Daten zeigen, wie sich die Gehälter seit 2013 entwickelt haben. Und in welchen ähnlichen Berufen man mehr oder weniger verdient.;"Z+ (abopflichtiger Inhalt);
        
    Gehälter im Vergleich";Arbeit, Gehälter im Vergleich, Gehaltsunterschied, Gehalt, Arbeitsmarkt, Süßwarenherstellung;2026-07-24T08:00:00+02:00;2026-07-24T08:00:00+02:00;Jakob BauerCharlotte EcksteinDavid GutensohnMia JanzenAnne JeschkeJulian StahnkeJulius Tröger;;false
cc5444b848c8b2719e28b91404fe2bde3bcb035e03396201f581556f9a9b93b9;Wie viel man im Straßen- und Asphaltbau verdient;https://www.zeit.de/arbeit/gehaltsvergleich-2026/gehaelter-vergleich-berufe-strassen-asphaltbau;Neue Daten zeigen, wie sich die Gehälter seit 2013 entwickelt haben. Und in welchen ähnlichen Berufen man mehr oder weniger verdient.;"Z+ (abopflichtiger Inhalt);
        
    Gehälter im Vergleich";Arbeit, Gehälter im Vergleich, Gehaltsunterschied, Gehalt, Arbeitsmarkt, Straßen- und Asphaltbau;2026-07-24T08:00:00+02:00;2026-07-24T08:00:00+02:00;Jakob BauerCharlotte EcksteinDavid GutensohnMia JanzenAnne JeschkeJulian StahnkeJulius Tröger;;false
8b456e0841920d8fbcc317065325c2edf425eaa77139e9d201d27900e25187a2;Wie viel man als Stuckateurin oder Stuckateur verdient;https://www.zeit.de/arbeit/gehaltsvergleich-2026/gehaelter-vergleich-berufe-stuckateurin-stuckateur;Neue Daten zeigen, wie sich die Gehälter seit 2013 entwickelt haben. Und in welchen ähnlichen Berufen man mehr oder weniger verdient.;"Z+ (abopflichtiger Inhalt);
        
    Gehälter im Vergleich";Arbeit, Gehälter im Vergleich, Gehaltsunterschied, Gehalt, Arbeitsmarkt, Stuckateurin oder Stuckateur;2026-07-24T08:00:00+02:00;2026-07-24T08:00:00+02:00;Jakob BauerCharlotte EcksteinDavid GutensohnMia JanzenAnne JeschkeJulian StahnkeJulius Tröger;;false
4e6c7937fd9a8d0f3484fc2cb4e4ffdc94c17f273be675d3c63285e176b9304b;Wie viel man in der Systemgastronomie verdient;https://www.zeit.de/arbeit/gehaltsvergleich-2026/gehaelter-vergleich-berufe-systemgastronomie;Neue Daten zeigen, wie sich die Gehälter seit 2013 entwickelt haben. Und in welchen ähnlichen Berufen man mehr oder weniger verdient.;"Z+ (abopflichtiger Inhalt);
        
    Gehälter im Vergleich";Arbeit, Gehälter im Vergleich, Gehaltsunterschied, Gehalt, Arbeitsmarkt, Systemgastronomie;2026-07-24T08:00:00+02:00;2026-07-24T08:00:00+02:00;Jakob BauerCharlotte EcksteinDavid GutensohnMia JanzenAnne JeschkeJulian StahnkeJulius Tröger;;false
0483d2ac54023d000ae2c39e3bbfd8f869838c101942f46d528a7df6f468e7b0;Wie viel man als Tanzlehrerin oder Tanzlehrer verdient;https://www.zeit.de/arbeit/gehaltsvergleich-2026/gehaelter-vergleich-berufe-tanzlehrerin-tanzlehrer;Neue Daten zeigen, wie sich die Gehälter seit 2013 entwickelt haben. Und in welchen ähnlichen Berufen man mehr oder weniger verdient.;"Z+ (abopflichtiger Inhalt);
        
    Gehälter im Vergleich";Arbeit, Gehälter im Vergleich, Gehaltsunterschied, Gehalt, Arbeitsmarkt, Tanzlehrerin oder Tanzlehrer;2026-07-24T08:00:00+02:00;2026-07-24T08:00:00+02:00;Jakob BauerCharlotte EcksteinDavid GutensohnMia JanzenAnne JeschkeJulian StahnkeJulius Tröger;;false
3f52141f522af0b1bedbd81fa75595a4d5291ce71a5dc5378979de24a8beb05b;Wie viel man in der Tabakwarenherstellung verdient;https://www.zeit.de/arbeit/gehaltsvergleich-2026/gehaelter-vergleich-berufe-tabakwarenherstellung;Neue Daten zeigen, wie sich die Gehälter seit 2013 entwickelt haben. Und in welchen ähnlichen Berufen man mehr oder weniger verdient.;"Z+ (abopflichtiger Inhalt);
        
    Gehälter im Vergleich";Arbeit, Gehälter im Vergleich, Gehaltsunterschied, Gehalt, Arbeitsmarkt, Tabakwarenherstellung;2026-07-24T08:00:00+02:00;2026-07-24T08:00:00+02:00;Jakob BauerCharlotte EcksteinDavid GutensohnMia JanzenAnne JeschkeJulian StahnkeJulius Tröger;;false
a8fb7c91e2c07fe0d172327fa5631c151ad0229e201ee57a703a7cb721183002;Wie viel man in der technischen Forschung und Entwicklung verdient;https://www.zeit.de/arbeit/gehaltsvergleich-2026/gehaelter-vergleich-berufe-technische-forschung-entwicklung;Neue Daten zeigen, wie sich die Gehälter seit 2013 entwickelt haben. Und in welchen ähnlichen Berufen man mehr oder weniger verdient.;"Z+ (abopflichtiger Inhalt);
        
    Gehälter im Vergleich";Arbeit, Gehälter im Vergleich, Gehaltsunterschied, Gehalt, Arbeitsmarkt, Technische Forschung und Entwicklung;2026-07-24T08:00:00+02:00;2026-07-24T08:00:00+02:00;Jakob BauerCharlotte EcksteinDavid GutensohnMia JanzenAnne JeschkeJulian StahnkeJulius Tröger;;false
f2885ac67981013ceddcdfdc85407b8a995aab525e4e9411e1ca6e0f82edfeef;Wie viel man als technische Zeichnerin oder technischer Zeichner verdient;https://www.zeit.de/arbeit/gehaltsvergleich-2026/gehaelter-vergleich-berufe-technische-zeichnerin-zeichner;Neue Daten zeigen, wie sich die Gehälter seit 2013 entwickelt haben. Und in welchen ähnlichen Berufen man mehr oder weniger verdient.;"Z+ (abopflichtiger Inhalt);
        
    Gehälter im Vergleich";Arbeit, Gehälter im Vergleich, Gehaltsunterschied, Gehalt, Arbeitsmarkt, Technische Zeichnerin oder Zeichner;2026-07-24T08:00:00+02:00;2026-07-24T08:00:00+02:00;Jakob BauerCharlotte EcksteinDavid GutensohnMia JanzenAnne JeschkeJulian StahnkeJulius Tröger;;false
cf3b1e19fdb293cbeddd864368e87f025fcc98b67e7c9520e123b8b3bcbbe79d;Wie viel man als Sport- und Fitnesskauffrau oder -mann und Sportmanagerin oder -manager verdient;https://www.zeit.de/arbeit/gehaltsvergleich-2026/gehaelter-vergleich-berufe-sportkauffrau-fitnesskauffrau-fitnesskaufmann-sportkaufmann-sportmanagerin-sportmanager;Neue Daten zeigen, wie sich die Gehälter seit 2013 entwickelt haben. Und in welchen ähnlichen Berufen man mehr oder weniger verdient.;"Z+ (abopflichtiger Inhalt);
        
    Gehälter im Vergleich";Arbeit, Gehälter im Vergleich, Gehaltsunterschied, Gehalt, Arbeitsmarkt, Sport- und Fitnesskauffrau oder -mann und Sportmanagerin oder -manager;2026-07-24T08:00:00+02:00;2026-07-24T08:00:00+02:00;Jakob BauerCharlotte EcksteinDavid GutensohnMia JanzenAnne JeschkeJulian StahnkeJulius Tröger;;false
03b656b033ebd6db3a1b50a4ae71d147ae032f81003c0faa3f0ab659a400a321;Wie viel man in der Sprachtherapie verdient;https://www.zeit.de/arbeit/gehaltsvergleich-2026/gehaelter-vergleich-berufe-sprachtherapie;Neue Daten zeigen, wie sich die Gehälter seit 2013 entwickelt haben. Und in welchen ähnlichen Berufen man mehr oder weniger verdient.;"Z+ (abopflichtiger Inhalt);
        
    Gehälter im Vergleich";Arbeit, Gehälter im Vergleich, Gehaltsunterschied, Gehalt, Arbeitsmarkt, Sprachtherapie;2026-07-24T08:00:00+02:00;2026-07-24T08:00:00+02:00;Jakob BauerCharlotte EcksteinDavid GutensohnMia JanzenAnne JeschkeJulian StahnkeJulius Tröger;;false
69199dba73fcfbed3e3004042b10d56a636f250c8795be7959e4a289a68953b6;Wie viel man in der Stadt- und Raumplanung verdient;https://www.zeit.de/arbeit/gehaltsvergleich-2026/gehaelter-vergleich-berufe-stadtplanung-raumplanung;Neue Daten zeigen, wie sich die Gehälter seit 2013 entwickelt haben. Und in welchen ähnlichen Berufen man mehr oder weniger verdient.;"Z+ (abopflichtiger Inhalt);
        
    Gehälter im Vergleich";Arbeit, Gehälter im Vergleich, Gehaltsunterschied, Gehalt, Arbeitsmarkt, Stadt- und Raumplanung;2026-07-24T08:00:00+02:00;2026-07-24T08:00:00+02:00;Jakob BauerCharlotte EcksteinDavid GutensohnMia JanzenAnne JeschkeJulian StahnkeJulius Tröger;;false
1f2d12a4075168502a83805638733cdb41a06c26cf92f09cfc4bf2186cf19532;Wie viel man in der Sprengtechnik verdient;https://www.zeit.de/arbeit/gehaltsvergleich-2026/gehaelter-vergleich-berufe-sprengtechnik;Neue Daten zeigen, wie sich die Gehälter seit 2013 entwickelt haben. Und in welchen ähnlichen Berufen man mehr oder weniger verdient.;"Z+ (abopflichtiger Inhalt);
        
    Gehälter im Vergleich";Arbeit, Gehälter im Vergleich, Gehaltsunterschied, Gehalt, Arbeitsmarkt, Sprengtechnik;2026-07-24T08:00:00+02:00;2026-07-24T08:00:00+02:00;Jakob BauerCharlotte EcksteinDavid GutensohnMia JanzenAnne JeschkeJulian StahnkeJulius Tröger;;false
8c21ec42987ccb8e28d5d0537e8c568cffef1158d522f76e368e27b78b4dc96d;Wie viel man in den Sprach- und Literaturwissenschaften verdient;https://www.zeit.de/arbeit/gehaltsvergleich-2026/gehaelter-vergleich-berufe-sprachwissenschaften-literaturwissenschaften;Neue Daten zeigen, wie sich die Gehälter seit 2013 entwickelt haben. Und in welchen ähnlichen Berufen man mehr oder weniger verdient.;"Z+ (abopflichtiger Inhalt);
        
    Gehälter im Vergleich";Arbeit, Gehälter im Vergleich, Gehaltsunterschied, Gehalt, Arbeitsmarkt, Sprach- und Literaturwissenschaften;2026-07-24T08:00:00+02:00;2026-07-24T08:00:00+02:00;Jakob BauerCharlotte EcksteinDavid GutensohnMia JanzenAnne JeschkeJulian StahnkeJulius Tröger;;false
acb0f08eb0c1cab8200d49331831da0e9b72e4a74bda9d669ed1b769807d6692;Wie viel man in der Steinmetztechnik verdient;https://www.zeit.de/arbeit/gehaltsvergleich-2026/gehaelter-vergleich-berufe-steinmetztechnik;Neue Daten zeigen, wie sich die Gehälter seit 2013 entwickelt haben. Und in welchen ähnlichen Berufen man mehr oder weniger verdient.;"Z+ (abopflichtiger Inhalt);
        
    Gehälter im Vergleich";Arbeit, Gehälter im Vergleich, Gehaltsunterschied, Gehalt, Arbeitsmarkt, Steinmetztechnik;2026-07-24T08:00:00+02:00;2026-07-24T08:00:00+02:00;Jakob BauerCharlotte EcksteinDavid GutensohnMia JanzenAnne JeschkeJulian StahnkeJulius Tröger;;false
5e8405592d41a573cee2ec79287b99ede5f8925b266fd343dcdf549fd792a404;Wie viel man in der Steuerberatung verdient;https://www.zeit.de/arbeit/gehaltsvergleich-2026/gehaelter-vergleich-berufe-steuerberatung;Neue Daten zeigen, wie sich die Gehälter seit 2013 entwickelt haben. Und in welchen ähnlichen Berufen man mehr oder weniger verdient.;"Z+ (abopflichtiger Inhalt);
        
    Gehälter im Vergleich";Arbeit, Gehälter im Vergleich, Gehaltsunterschied, Gehalt, Arbeitsmarkt, Steuerberatung;2026-07-24T08:00:00+02:00;2026-07-24T08:00:00+02:00;Jakob BauerCharlotte EcksteinDavid GutensohnMia JanzenAnne JeschkeJulian StahnkeJulius Tröger;;false
0d1fd15de5c606c86da8f3790ff78f21b212d0e0d92aa938140605372cac8ba2;Wie viel man in der Statistik verdient;https://www.zeit.de/arbeit/gehaltsvergleich-2026/gehaelter-vergleich-berufe-statistik;Neue Daten zeigen, wie sich die Gehälter seit 2013 entwickelt haben. Und in welchen ähnlichen Berufen man mehr oder weniger verdient.;"Z+ (abopflichtiger Inhalt);
        
    Gehälter im Vergleich";Arbeit, Gehälter im Vergleich, Gehaltsunterschied, Gehalt, Arbeitsmarkt, Statistik;2026-07-24T08:00:00+02:00;2026-07-24T08:00:00+02:00;Jakob BauerCharlotte EcksteinDavid GutensohnMia JanzenAnne JeschkeJulian StahnkeJulius Tröger;;false
08207261ccbcd365c8b7ff9d5f564eeaae3ca8c3a760439655cdba730a0cf9c7;Wie viel man als Steno-, Phonotypistin oder -typist verdient;https://www.zeit.de/arbeit/gehaltsvergleich-2026/gehaelter-vergleich-berufe-stenotypistin-phonotypistin-stenotypist-phonotypist;Neue Daten zeigen, wie sich die Gehälter seit 2013 entwickelt haben. Und in welchen ähnlichen Berufen man mehr oder weniger verdient.;"Z+ (abopflichtiger Inhalt);
        
    Gehälter im Vergleich";Arbeit, Gehälter im Vergleich, Gehaltsunterschied, Gehalt, Arbeitsmarkt, Steno-, Phonotypistin oder -typist;2026-07-24T08:00:00+02:00;2026-07-24T08:00:00+02:00;Jakob BauerCharlotte EcksteinDavid GutensohnMia JanzenAnne JeschkeJulian StahnkeJulius Tröger;;false
2e2eea93a687934487753052efef4ca681b7ad3ee89943e60191fdc24b51a2c7;Wie viel man als Tänzerin oder Tänzer und Choreografin oder Choreograf verdient;https://www.zeit.de/arbeit/gehaltsvergleich-2026/gehaelter-vergleich-berufe-taenzerin-taenzer-choreografin-choreograf;Neue Daten zeigen, wie sich die Gehälter seit 2013 entwickelt haben. Und in welchen ähnlichen Berufen man mehr oder weniger verdient.;"Z+ (abopflichtiger Inhalt);
        
    Gehälter im Vergleich";Arbeit, Gehälter im Vergleich, Gehaltsunterschied, Gehalt, Arbeitsmarkt, Tänzerin oder Tänzer und Choreografin oder Choreograf;2026-07-24T08:00:00+02:00;2026-07-24T08:00:00+02:00;Jakob BauerCharlotte EcksteinDavid GutensohnMia JanzenAnne JeschkeJulian StahnkeJulius Tröger;;false
a5eef29bd9462b0841ef4e9d2dd7f4e3dde1aa0dfcd23070e456d374e12dd798;Wie viel man als Führungskraft in allgemeinbildenden Schulen verdient;https://www.zeit.de/arbeit/gehaltsvergleich-2026/gehaelter-vergleich-berufe-allgemeinbildende-schulen-fuehrungskraft;Neue Daten zeigen, wie sich die Gehälter seit 2013 entwickelt haben. Und in welchen ähnlichen Berufen man mehr oder weniger verdient.;"Z+ (abopflichtiger Inhalt);
        
    Gehälter im Vergleich";Arbeit, Gehälter im Vergleich, Gehaltsunterschied, Gehalt, Arbeitsmarkt, Allgemeinbildende Schulen (Führungskraft);2026-07-24T08:00:00+02:00;2026-07-24T08:00:00+02:00;Jakob BauerCharlotte EcksteinDavid GutensohnMia JanzenAnne JeschkeJulian StahnkeJulius Tröger;;false
c2c5ecb733fbf2d7539c249ffda58d5a756bed7206878db4b0f8db3efa32efd6;Wie viel man in der Altenpflege (mit Spezialisierung) verdient;https://www.zeit.de/arbeit/gehaltsvergleich-2026/gehaelter-vergleich-berufe-altenpflege-spezialisierung;Neue Daten zeigen, wie sich die Gehälter seit 2013 entwickelt haben. Und in welchen ähnlichen Berufen man mehr oder weniger verdient.;"Z+ (abopflichtiger Inhalt);
        
    Gehälter im Vergleich";Arbeit, Gehälter im Vergleich, Gehaltsunterschied, Gehalt, Arbeitsmarkt, Altenpflege (mit Spezialisierung);2026-07-24T08:00:00+02:00;2026-07-24T08:00:00+02:00;Jakob BauerCharlotte EcksteinDavid GutensohnMia JanzenAnne JeschkeJulian StahnkeJulius Tröger;;false
51cbc5e894875b42b6a3d96622ca4905fba63fe215b9365bcdb05a41a8d22e41;Wie viel man als Ärztin oder Arzt mit Spezialisierung verdient;https://www.zeit.de/arbeit/gehaltsvergleich-2026/gehaelter-vergleich-berufe-aerztin-arzt-spezialisierung;Neue Daten zeigen, wie sich die Gehälter seit 2013 entwickelt haben. Und in welchen ähnlichen Berufen man mehr oder weniger verdient.;"Z+ (abopflichtiger Inhalt);
        
    Gehälter im Vergleich";Arbeit, Gehälter im Vergleich, Gehaltsunterschied, Gehalt, Arbeitsmarkt, Ärztin oder Arzt mit Spezialisierung;2026-07-24T08:00:00+02:00;2026-07-24T08:00:00+02:00;Jakob BauerCharlotte EcksteinDavid GutensohnMia JanzenAnne JeschkeJulian StahnkeJulius Tröger;;false
f639c1dbe0da741cf60adef1e77006c351105fb1ed7789cdb8edeb5636dfa678;Wie viel man als Ärztin oder Arzt verdient;https://www.zeit.de/arbeit/gehaltsvergleich-2026/gehaelter-vergleich-berufe-aerztin-arzt;Neue Daten zeigen, wie sich die Gehälter seit 2013 entwickelt haben. Und in welchen ähnlichen Berufen man mehr oder weniger verdient.;"Z+ (abopflichtiger Inhalt);
        
    Gehälter im Vergleich";Arbeit, Gehälter im Vergleich, Gehaltsunterschied, Gehalt, Arbeitsmarkt, Ärztin oder Arzt;2026-07-24T08:00:00+02:00;2026-07-24T08:00:00+02:00;Jakob BauerCharlotte EcksteinDavid GutensohnMia JanzenAnne JeschkeJulian StahnkeJulius Tröger;;false
e481ff1acc28126fcd700d20ed7df1c07c4b11c0e98798480cd19cd2478d988c;Wie viel Angehörige gesetzgebender Körperschaften verdienen;https://www.zeit.de/arbeit/gehaltsvergleich-2026/gehaelter-vergleich-berufe-angehoerige-gesetzgebender-koerperschaften;Neue Daten zeigen, wie sich die Gehälter seit 2013 entwickelt haben. Und in welchen ähnlichen Berufen man mehr oder weniger verdient.;"Z+ (abopflichtiger Inhalt);
        
    Gehälter im Vergleich";Arbeit, Gehälter im Vergleich, Gehaltsunterschied, Gehalt, Arbeitsmarkt, Angehörige gesetzgebender Körperschaften;2026-07-24T08:00:00+02:00;2026-07-24T08:00:00+02:00;Jakob BauerCharlotte EcksteinDavid GutensohnMia JanzenAnne JeschkeJulian StahnkeJulius Tröger;;false
aa13562b5fd8c424b7724e36cba6e13210c96c060a7a178c76417ef1bc3579a3;Wie viel man in der Arbeitssicherheit und Sicherheitstechnik verdient;https://www.zeit.de/arbeit/gehaltsvergleich-2026/gehaelter-vergleich-berufe-arbeitssicherheit-sicherheitstechnik;Neue Daten zeigen, wie sich die Gehälter seit 2013 entwickelt haben. Und in welchen ähnlichen Berufen man mehr oder weniger verdient.;"Z+ (abopflichtiger Inhalt);
        
    Gehälter im Vergleich";Arbeit, Gehälter im Vergleich, Gehaltsunterschied, Gehalt, Arbeitsmarkt, Arbeitssicherheit und Sicherheitstechnik;2026-07-24T08:00:00+02:00;2026-07-24T08:00:00+02:00;Jakob BauerCharlotte EcksteinDavid GutensohnMia JanzenAnne JeschkeJulian StahnkeJulius Tröger;;false
7be3ce3fcee06f71308038055aa0e0672ee27d5a8a69aa89809b6cf5783c3658;Wie viel man in der Abfallwirtschaft verdient;https://www.zeit.de/arbeit/gehaltsvergleich-2026/gehaelter-vergleich-berufe-abfallwirtschaft;Neue Daten zeigen, wie sich die Gehälter seit 2013 entwickelt haben. Und in welchen ähnlichen Berufen man mehr oder weniger verdient.;"Z+ (abopflichtiger Inhalt);
        
    Gehälter im Vergleich";Arbeit, Gehälter im Vergleich, Gehaltsunterschied, Gehalt, Arbeitsmarkt, Abfallwirtschaft;2026-07-24T08:00:00+02:00;2026-07-24T08:00:00+02:00;Jakob BauerCharlotte EcksteinDavid GutensohnMia JanzenAnne JeschkeJulian StahnkeJulius Tröger;;false
f441478d5988ef1ae8bb80e6be1783e17dcf69cf646068142f6ea729bf9b143b;Wie viel man als Apothekerin oder Apotheker und Pharmazeutin oder Pharmazeut verdient;https://www.zeit.de/arbeit/gehaltsvergleich-2026/gehaelter-vergleich-berufe-apothekerin-apotheker-pharmazeutin-pharmazeut;Neue Daten zeigen, wie sich die Gehälter seit 2013 entwickelt haben. Und in welchen ähnlichen Berufen man mehr oder weniger verdient.;"Z+ (abopflichtiger Inhalt);
        
    Gehälter im Vergleich";Arbeit, Gehälter im Vergleich, Gehaltsunterschied, Gehalt, Arbeitsmarkt, Apothekerin oder Apotheker und Pharmazeutin oder Pharmazeut;2026-07-24T08:00:00+02:00;2026-07-24T08:00:00+02:00;Jakob BauerCharlotte EcksteinDavid GutensohnMia JanzenAnne JeschkeJulian StahnkeJulius Tröger;;false
e432225ca48252709d22dde1c3b06b137e43ccbe7cc370c11a24af4d7d9aaddc;Wie viel man als Führungskraft in der Altenpflege verdient;https://www.zeit.de/arbeit/gehaltsvergleich-2026/gehaelter-vergleich-berufe-altenpflege-fuehrungskraft;Neue Daten zeigen, wie sich die Gehälter seit 2013 entwickelt haben. Und in welchen ähnlichen Berufen man mehr oder weniger verdient.;"Z+ (abopflichtiger Inhalt);
        
    Gehälter im Vergleich";Arbeit, Gehälter im Vergleich, Gehaltsunterschied, Gehalt, Arbeitsmarkt, Altenpflege (Führungskraft);2026-07-24T08:00:00+02:00;2026-07-24T08:00:00+02:00;Jakob BauerCharlotte EcksteinDavid GutensohnMia JanzenAnne JeschkeJulian StahnkeJulius Tröger;;false
a081592e79e55270ff6a7b192e3b407f2b46b695c7c3a775f4426341822473b7;Wie viel man als Führungskraft in der Bauplanung und -überwachung oder Architektur verdient;https://www.zeit.de/arbeit/gehaltsvergleich-2026/gehaelter-vergleich-berufe-bauplanung-bauueberwachung-architektur-fuehrungskraft;Neue Daten zeigen, wie sich die Gehälter seit 2013 entwickelt haben. Und in welchen ähnlichen Berufen man mehr oder weniger verdient.;"Z+ (abopflichtiger Inhalt);
        
    Gehälter im Vergleich";Arbeit, Gehälter im Vergleich, Gehaltsunterschied, Gehalt, Arbeitsmarkt, Bauplanung und -überwachung oder Architektur (Führungskraft);2026-07-24T08:00:00+02:00;2026-07-24T08:00:00+02:00;Jakob BauerCharlotte EcksteinDavid GutensohnMia JanzenAnne JeschkeJulian StahnkeJulius Tröger;;false
d42ca7f17bb055942aa5929ecac9209c9f05f6f93dc0f0c4b4d4c35c4bd34cae;Wie viel man im Anlagen-, Behälter- und Apparatebau verdient;https://www.zeit.de/arbeit/gehaltsvergleich-2026/gehaelter-vergleich-berufe-anlagenbau-behaelterbau-apparatebau;Neue Daten zeigen, wie sich die Gehälter seit 2013 entwickelt haben. Und in welchen ähnlichen Berufen man mehr oder weniger verdient.;"Z+ (abopflichtiger Inhalt);
        
    Gehälter im Vergleich";Arbeit, Gehälter im Vergleich, Gehaltsunterschied, Gehalt, Arbeitsmarkt, Anlagen-, Behälter- und Apparatebau;2026-07-24T08:00:00+02:00;2026-07-24T08:00:00+02:00;Jakob BauerCharlotte EcksteinDavid GutensohnMia JanzenAnne JeschkeJulian StahnkeJulius Tröger;;false
2673b706c2014f6c37d964870862dbdaaee759fa9902f4647fe69b3f6443a925;Wie viel man im Archivwesen verdient;https://www.zeit.de/arbeit/gehaltsvergleich-2026/gehaelter-vergleich-berufe-archivwesen;Neue Daten zeigen, wie sich die Gehälter seit 2013 entwickelt haben. Und in welchen ähnlichen Berufen man mehr oder weniger verdient.;"Z+ (abopflichtiger Inhalt);
        
    Gehälter im Vergleich";Arbeit, Gehälter im Vergleich, Gehaltsunterschied, Gehalt, Arbeitsmarkt, Archivwesen;2026-07-24T08:00:00+02:00;2026-07-24T08:00:00+02:00;Jakob BauerCharlotte EcksteinDavid GutensohnMia JanzenAnne JeschkeJulian StahnkeJulius Tröger;;false
1b68f3e320e48735882edbda6e66697585fdd081ed0c95162217a53be19402e1;Wie viel man in der Altenpflege verdient;https://www.zeit.de/arbeit/gehaltsvergleich-2026/gehaelter-vergleich-berufe-altenpflege;Neue Daten zeigen, wie sich die Gehälter seit 2013 entwickelt haben. Und in welchen ähnlichen Berufen man mehr oder weniger verdient.;"Z+ (abopflichtiger Inhalt);
        
    Gehälter im Vergleich";Arbeit, Gehälter im Vergleich, Gehaltsunterschied, Gehalt, Arbeitsmarkt, Altenpflege;2026-07-24T08:00:00+02:00;2026-07-24T08:00:00+02:00;Jakob BauerCharlotte EcksteinDavid GutensohnMia JanzenAnne JeschkeJulian StahnkeJulius Tröger;;false
b7eb66b4badd67827a4a0ab72e6db411fecef7270f424a7fbb56b19b74e14381;Wie viel man als Anlageberaterin oder Anlageberater verdient;https://www.zeit.de/arbeit/gehaltsvergleich-2026/gehaelter-vergleich-berufe-anlageberaterin-anlageberater;Neue Daten zeigen, wie sich die Gehälter seit 2013 entwickelt haben. Und in welchen ähnlichen Berufen man mehr oder weniger verdient.;"Z+ (abopflichtiger Inhalt);
        
    Gehälter im Vergleich";Arbeit, Gehälter im Vergleich, Gehaltsunterschied, Gehalt, Arbeitsmarkt, Anlageberaterin oder Anlageberater;2026-07-24T08:00:00+02:00;2026-07-24T08:00:00+02:00;Jakob BauerCharlotte EcksteinDavid GutensohnMia JanzenAnne JeschkeJulian StahnkeJulius Tröger;;false
532a22e07344c48c121ebad38550c31078e6513e4f3c2350764f955574aa02bf;Wie viel man in der Architektur verdient;https://www.zeit.de/arbeit/gehaltsvergleich-2026/gehaelter-vergleich-berufe-architektur;Neue Daten zeigen, wie sich die Gehälter seit 2013 entwickelt haben. Und in welchen ähnlichen Berufen man mehr oder weniger verdient.;"Z+ (abopflichtiger Inhalt);
        
    Gehälter im Vergleich";Arbeit, Gehälter im Vergleich, Gehaltsunterschied, Gehalt, Arbeitsmarkt, Architektur;2026-07-24T08:00:00+02:00;2026-07-24T08:00:00+02:00;Jakob BauerCharlotte EcksteinDavid GutensohnMia JanzenAnne JeschkeJulian StahnkeJulius Tröger;;false
f5834b30bf6584b349e095d98d5287e2fc8cb1615b14aff967b9f525e2a84ad1;Wie viel man in der Assistenz in der Rechtsanwaltskanzlei und im Notariat verdient;https://www.zeit.de/arbeit/gehaltsvergleich-2026/gehaelter-vergleich-berufe-assistenz-rechtsanwaltskanzlei-notariat;Neue Daten zeigen, wie sich die Gehälter seit 2013 entwickelt haben. Und in welchen ähnlichen Berufen man mehr oder weniger verdient.;"Z+ (abopflichtiger Inhalt);
        
    Gehälter im Vergleich";Arbeit, Gehälter im Vergleich, Gehaltsunterschied, Gehalt, Arbeitsmarkt, Assistenz in der Rechtsanwaltskanzlei und Notariat;2026-07-24T08:00:00+02:00;2026-07-24T08:00:00+02:00;Jakob BauerCharlotte EcksteinDavid GutensohnMia JanzenAnne JeschkeJulian StahnkeJulius Tröger;;false
786e35a056d8d69177f5cd61d837206c842781b4512eec2c1250f64510d75e2f;Wie viel man als Animateurin oder Animateur und Gästebetreuerin oder -betreuer verdient;https://www.zeit.de/arbeit/gehaltsvergleich-2026/gehaelter-vergleich-berufe-animateurin-animateur-gaestebetreuerin-gaestebetreuer;Neue Daten zeigen, wie sich die Gehälter seit 2013 entwickelt haben. Und in welchen ähnlichen Berufen man mehr oder weniger verdient.;"Z+ (abopflichtiger Inhalt);
        
    Gehälter im Vergleich";Arbeit, Gehälter im Vergleich, Gehaltsunterschied, Gehalt, Arbeitsmarkt, Animateurin oder Animateur und Gästebetreuerin oder -betreuer;2026-07-24T08:00:00+02:00;2026-07-24T08:00:00+02:00;Jakob BauerCharlotte EcksteinDavid GutensohnMia JanzenAnne JeschkeJulian StahnkeJulius Tröger;;false
fd9325fdb021ad13de277053b3392f175a45533d11afdbfdaf868ddaa7978fec;Wie viel man als Führungskraft im Aus- und Trockenbau oder in der Zimmerei und Glaserei verdient;https://www.zeit.de/arbeit/gehaltsvergleich-2026/gehaelter-vergleich-berufe-ausbau-trockenbau-zimmerei-glaserei-fuehrungskraft;Neue Daten zeigen, wie sich die Gehälter seit 2013 entwickelt haben. Und in welchen ähnlichen Berufen man mehr oder weniger verdient.;"Z+ (abopflichtiger Inhalt);
        
    Gehälter im Vergleich";Arbeit, Gehälter im Vergleich, Gehaltsunterschied, Gehalt, Arbeitsmarkt, Aus- und Trockenbau oder Zimmerei und Glaserei  (Führungskraft);2026-07-24T08:00:00+02:00;2026-07-24T08:00:00+02:00;Jakob BauerCharlotte EcksteinDavid GutensohnMia JanzenAnne JeschkeJulian StahnkeJulius Tröger;;false
